chr	start	end	frame	filler	strand	chr	first_exon_start	last_exon_end	gene	transcript	exon_strand	exon_frame	exon_count	upstream_len_in_scfr	downstream_len_in_scfr	first_exon_number	last_exon_number	gene_tx_count	first_exon_tx_count	last_exon_tx_count	first_exon_order	last_exon_order	first_exon_sharing	last_exon_sharing	first_exon_splicing	last_exon_splicing	first_exon_overlap	last_exon_overlap	merged_txs
NC_073249.2	103242122	103242722	-2	1	-	NC_073249.2	103242249	103242603	PIAS3	XM_003806201.7	-	2	2	119	127	12	13	1	1	1	middle	middle	1.000	1.000	constitutive	constitutive	133	37	1
NC_073249.2	113385288	113386134	-1	1	-	NC_073249.2	113385324	113385811	LOC134730803	XM_063606285.1	-	1	2	323	36	36	37	1	1	1	middle	middle	1.000	1.000	constitutive	constitutive	176	172	1
NC_073249.2	113390318	113391164	-2	1	-	NC_073249.2	113390354	113390841	LOC134730803	XM_063606285.1	-	2	2	323	36	29	30	1	1	1	middle	middle	1.000	1.000	constitutive	constitutive	176	172	1
NC_073249.2	113853442	113854288	-3	1	-	NC_073249.2	113853478	113853965	LOC129394614	XM_063606287.1	-	3	2	323	36	28	29	1	1	1	middle	middle	1.000	1.000	constitutive	constitutive	176	172	1
NC_073249.2	113858472	113859318	-1	1	-	NC_073249.2	113858508	113858995	LOC129394614	XM_063606287.1	-	1	2	323	36	21	22	1	1	1	middle	middle	1.000	1.000	constitutive	constitutive	176	172	1
NC_073249.2	114325482	114325914	1	1	+	NC_073249.2	114325522	114325913	PPM1J	XM_008963061.5	+	1	2	40	1	8	9	1	1	1	middle	middle	1.000	1.000	constitutive	constitutive	107	151	1
NC_073249.2	116918790	116920014	-1	1	-	NC_073249.2	116918960	116919995	LOC129397624	XM_063605312.1	-	1	3	19	170	4	6	1	1	1	middle	middle	1.000	1.000	constitutive	constitutive	294	117	1
NC_073249.2	117374324	117374816	-2	1	-	NC_073249.2	117374379	117374675	LOC129398196	XM_055114800.2	-	2	2	141	55	6	7	1	1	1	middle	middle	1.000	1.000	constitutive	constitutive	95	110	1
NC_073249.2	117578767	117579613	2	1	+	NC_073249.2	117579091	117579578	LOC117974945	XM_063606467.1	+	2	2	324	35	25	26	3	1	1	middle	middle	0.333	0.333	unique	unique	176	172	1
NC_073249.2	117583797	117584637	1	1	+	NC_073249.2	117584115	117584602	LOC117974945	XM_063606467.1	+	1	2	318	35	32	33	3	1	1	middle	middle	0.333	0.333	unique	unique	176	172	1
NC_073249.2	117588821	117589661	3	1	+	NC_073249.2	117589139	117589626	LOC117974945	XM_063606467.1	+	3	2	318	35	39	40	3	1	1	middle	middle	0.333	0.333	unique	unique	176	172	1
NC_073249.2	117636069	117636621	-1	1	-	NC_073249.2	117636204	117636588	LOC129398196	XM_055114800.2	-	1	2	33	135	1	2	1	1	1	first	middle	1.000	1.000	constitutive	constitutive	35	75	1
NC_073249.2	117645383	117645971	-2	1	-	NC_073249.2	117645546	117645842	GSTM4	NM_001367587.1	-	2	2	129	163	6	7	2	2	2	middle	middle	1.000	1.000	constitutive	constitutive	95	110	2
NC_073249.2	118030357	118031215	-3	1	-	NC_073249.2	118030359	118031196	CELSR2	XM_034932778.3	-	3	3	19	2	31	33	4	4	2	middle	middle	1.000	0.500	constitutive	alternative	194	252	2
NC_073249.2	118030357	118031215	-3	1	-	NC_073249.2	118030359	118031196	CELSR2	XM_034932786.4	-	3	3	19	2	31	33	4	4	2	middle	middle	1.000	0.500	constitutive	alternative	194	234	2
NC_073249.2	118032276	118032747	-1	1	-	NC_073249.2	118032307	118032643	CELSR2	XM_034932778.3	-	1	2	104	31	27	28	4	4	4	middle	middle	1.000	1.000	constitutive	constitutive	126	122	4
NC_073249.2	155806923	155807196	1	1	+	NC_073249.2	155806935	155807186	ZRANB2	XM_003830602.5	+	1	2	12	10	2	3	1	1	1	middle	middle	1.000	1.000	constitutive	constitutive	52	108	1
NC_073249.2	172026353	172027229	-2	1	-	NC_073249.2	172026546	172027031	CIMAP2	XM_003814987.4	-	2	2	198	193	3	4	2	2	2	middle	middle	1.000	1.000	constitutive	constitutive	164	122	2
NC_073249.2	172605142	172605829	2	1	+	NC_073249.2	172605344	172605721	SSBP3	XM_034965692.3	+	2	2	202	108	15	16	9	9	9	middle	middle	1.000	1.000	constitutive	constitutive	78	28	9
NC_073249.2	174497340	174497970	1	1	+	NC_073249.2	174497401	174497657	CC2D1B	XM_008967916.4	+	1	2	61	313	16	17	11	11	11	middle	middle	1.000	1.000	constitutive	constitutive	58	116	11
NC_073249.2	178595660	178596137	-2	1	-	NC_073249.2	178595742	178596098	SLC5A9	XM_063601241.1	-	2	2	39	82	4	5	1	1	1	middle	middle	1.000	1.000	constitutive	constitutive	74	164	1
NC_073249.2	180402254	180402845	-2	1	-	NC_073249.2	180402276	180402606	FAAH	XM_008965209.4	-	2	2	239	22	6	7	1	1	1	middle	middle	1.000	1.000	constitutive	constitutive	40	124	1
NC_073249.2	180612658	180613009	2	1	+	NC_073249.2	180612709	180612991	POMGNT1	XM_034964100.3	+	2	2	51	18	14	15	5	5	5	middle	middle	1.000	1.000	constitutive	constitutive	72	128	5
NC_073249.2	181187889	181188555	1	1	+	NC_073249.2	181188197	181188554	CCDC17	XM_003812760.7	+	1	2	308	1	8	9	3	3	3	middle	middle	1.000	1.000	constitutive	constitutive	118	97	3
NC_073249.2	181189028	181189547	3	1	+	NC_073249.2	181189079	181189469	CCDC17	XM_003812760.7	+	3	2	51	78	11	12	3	3	3	middle	middle	1.000	1.000	constitutive	constitutive	210	110	3
NC_073249.2	181467242	181467521	-2	1	-	NC_073249.2	181467244	181467514	TOE1	XM_003812776.7	-	2	2	7	2	2	3	2	2	2	middle	middle	1.000	1.000	constitutive	constitutive	142	40	2
NC_073249.2	181980302	181981328	3	1	+	NC_073249.2	181980391	181980798	PTCH2	XM_008965267.4	+	3	2	89	530	16	17	2	2	2	middle	middle	1.000	1.000	constitutive	constitutive	142	180	2
NC_073249.2	181993538	181994189	-2	1	-	NC_073249.2	181993539	181993934	BTBD19	XM_003812800.7	-	2	2	255	1	7	8	7	6	7	middle	last	0.857	1.000	alternative	constitutive	125	131	6
NC_073249.2	181993538	181994189	-2	1	-	NC_073249.2	181993539	181994170	BTBD19	XM_063608061.1	-	2	2	19	1	4	5	7	1	7	middle	last	0.143	1.000	unique	constitutive	361	131	1
NC_073249.2	182021257	182022001	2	1	+	NC_073249.2	182021322	182021944	BEST4	XM_014344791.4	+	2	2	65	57	3	4	2	2	2	middle	middle	1.000	1.000	constitutive	constitutive	233	154	2
NC_073249.2	182023032	182023809	1	1	+	NC_073249.2	182023033	182023809	BEST4	XM_014344791.4	+	1	2	1	0	7	9	2	2	2	middle	last	1.000	1.000	constitutive	constitutive	80	270	2
NC_073249.2	182045583	182046210	-1	1	-	NC_073249.2	182045689	182046001	KIF2C	XM_003812801.7	-	1	2	209	106	18	19	5	5	5	middle	middle	1.000	1.000	constitutive	constitutive	105	113	5
NC_073249.2	182047282	182048104	-3	1	-	NC_073249.2	182047649	182048072	KIF2C	XM_003812801.7	-	3	2	32	367	15	16	5	5	5	middle	middle	1.000	1.000	constitutive	constitutive	204	110	5
NC_073249.2	182842588	182842981	-3	1	-	NC_073249.2	182842664	182842959	IPO13	XM_003812825.5	-	3	2	22	76	17	18	1	1	1	middle	middle	1.000	1.000	constitutive	constitutive	58	89	1
NC_073249.2	183358031	183358361	3	1	+	NC_073249.2	183358032	183358247	HYI	XM_034962958.3	+	3	2	1	114	5	6	4	4	4	middle	middle	1.000	1.000	constitutive	constitutive	78	49	4
NC_073249.2	183359567	183360026	-2	1	-	NC_073249.2	183359568	183359942	SZT2	XM_003812838.5	-	2	2	84	1	71	72	3	3	3	middle	last	1.000	1.000	constitutive	constitutive	68	140	3
NC_073249.2	183370530	183371418	-1	1	-	NC_073249.2	183370596	183371339	SZT2	XM_003812838.5	-	1	3	79	66	47	49	3	3	3	middle	middle	1.000	1.000	constitutive	constitutive	118	84	3
NC_073249.2	186502311	186502533	1	1	+	NC_073249.2	186502342	186502524	COL9A2	XM_003815424.5	+	1	2	31	9	3	4	2	2	2	middle	middle	1.000	1.000	constitutive	constitutive	35	62	2
NC_073249.2	186504965	186505358	3	1	+	NC_073249.2	186505020	186505232	COL9A2	XM_003815424.5	+	3	2	55	126	9	10	2	2	2	middle	middle	1.000	1.000	constitutive	constitutive	53	47	2
NC_073249.2	186512177	186512573	3	1	+	NC_073249.2	186512205	186512414	COL9A2	XM_003815424.5	+	3	2	28	159	23	24	2	2	2	middle	middle	1.000	1.000	constitutive	constitutive	53	71	2
NC_073249.2	189115440	189115887	1	1	+	NC_073249.2	189115467	189115798	EPHA10	XM_034961557.3	+	1	2	27	89	9	10	7	4	4	middle	middle	0.571	0.571	alternative	alternative	61	125	4
NC_073249.2	190523726	190525151	-2	1	-	NC_073249.2	190523728	190525135	SH3D21	XM_008965049.6	-	2	2	16	2	13	14	2	2	1	middle	middle	1.000	0.500	constitutive	unique	94	1174	1
NC_073249.2	190523726	190525151	-2	1	-	NC_073249.2	190523739	190525135	SH3D21	XM_034961329.3	-	2	2	16	13	13	14	2	2	1	middle	middle	1.000	0.500	constitutive	unique	94	1163	1
NC_073249.2	190665863	190666754	-2	1	-	NC_073249.2	190665864	190666607	MAP7D1	XM_034961309.4	-	2	4	147	1	14	17	14	7	14	middle	last	0.500	1.000	alternative	constitutive	45	7	7
NC_073249.2	190665863	190666754	-2	1	-	NC_073249.2	190665864	190666604	MAP7D1	XM_034961316.4	-	2	4	150	1	14	17	14	7	14	middle	last	0.500	1.000	alternative	constitutive	42	7	7
NC_073249.2	193928474	193929167	-2	1	-	NC_073249.2	193928475	193928810	HPCA	XM_003812536.4	-	2	2	357	1	2	3	3	3	3	middle	last	1.000	1.000	constitutive	constitutive	105	94	3
NC_073249.2	194047381	194050213	-3	1	-	NC_073249.2	194047417	194050185	NHSL3	XM_003812964.6	-	3	2	28	36	5	6	4	4	4	middle	middle	1.000	1.000	constitutive	constitutive	113	2561	4
NC_073249.2	194598197	194598542	-2	1	-	NC_073249.2	194598225	194598542	EIF3I	XM_003828143.6	-	2	2	0	28	7	8	1	1	1	middle	middle	1.000	1.000	constitutive	constitutive	110	89	1
NC_073249.2	194614222	194614861	-3	1	-	NC_073249.2	194614274	194614577	DCDC2B	XM_003828144.4	-	3	2	284	52	5	6	1	1	1	middle	middle	1.000	1.000	constitutive	constitutive	146	39	1
NC_073249.2	195088042	195088654	2	1	+	NC_073249.2	195088131	195088483	ADGRB2	XM_008953476.4	+	2	2	89	171	7	8	16	16	16	middle	middle	1.000	1.000	constitutive	constitutive	101	106	16
NC_073249.2	195089284	195089995	2	1	+	NC_073249.2	195089309	195089924	ADGRB2	XM_008953476.4	+	2	3	25	71	9	11	16	16	16	middle	middle	1.000	1.000	constitutive	constitutive	194	108	16
NC_073249.2	195167012	195167381	3	1	+	NC_073249.2	195167049	195167375	COL16A1	XM_003828130.5	+	3	2	37	6	56	57	15	15	15	middle	middle	1.000	1.000	constitutive	constitutive	71	53	15
NC_073249.2	195247013	195247544	-2	1	-	NC_073249.2	195247056	195247510	TINAGL1	XM_003828126.5	-	2	2	34	43	6	7	3	3	3	middle	middle	1.000	1.000	constitutive	constitutive	150	189	3
NC_073249.2	198618166	198618487	-3	1	-	NC_073249.2	198618168	198618436	ATP5IF1	XM_003828089.4	-	3	2	51	2	1	2	1	1	1	first	middle	1.000	1.000	constitutive	constitutive	86	91	1
NC_073249.2	198897261	198897774	-1	1	-	NC_073249.2	198897376	198897774	SMPDL3B	XM_003828081.6	-	1	2	0	115	6	7	2	2	2	middle	middle	1.000	1.000	constitutive	constitutive	180	133	2
NC_073249.2	199521909	199522371	1	1	+	NC_073249.2	199521940	199522370	MAP3K6	XM_003809416.6	+	1	2	31	1	20	21	2	2	2	middle	middle	1.000	1.000	constitutive	constitutive	192	138	2
NC_073249.2	199530528	199531122	-1	1	-	NC_073249.2	199530709	199531076	SYTL1	XM_034959161.3	-	1	2	46	181	6	7	2	2	2	middle	middle	1.000	1.000	constitutive	constitutive	100	113	2
NC_073249.2	200535363	200535705	1	1	+	NC_073249.2	200535430	200535704	CRYBG2	XM_034958924.3	+	1	2	67	1	13	14	2	2	2	middle	middle	1.000	1.000	constitutive	constitutive	32	112	2
NC_073249.2	200682642	200683233	-1	1	-	NC_073249.2	200682676	200683187	CNKSR1	XM_034958822.3	-	1	2	46	34	18	20	4	4	4	middle	middle	1.000	1.000	constitutive	constitutive	61	181	4
NC_073249.2	200705432	200705885	3	1	+	NC_073249.2	200705505	200705797	C1H1orf232	XM_034942407.2	+	3	2	73	88	2	3	1	1	1	middle	middle	1.000	1.000	constitutive	constitutive	83	97	1
NC_073249.2	203506936	203507383	2	1	+	NC_073249.2	203506953	203507221	ASAP3	XM_003810751.5	+	2	2	17	162	20	21	8	8	5	middle	middle	1.000	0.625	constitutive	alternative	67	107	5
NC_073249.2	203506936	203507383	2	1	+	NC_073249.2	203506953	203507284	ASAP3	XM_008963114.4	+	2	2	17	99	20	21	8	8	3	middle	middle	1.000	0.375	constitutive	alternative	67	170	3
NC_073249.2	204346433	204346961	-2	1	-	NC_073249.2	204346459	204346886	EPHA8	XM_034957801.4	-	2	2	75	26	14	15	1	1	1	middle	middle	1.000	1.000	constitutive	constitutive	149	190	1
NC_073249.2	205054730	205055381	3	1	+	NC_073249.2	205054804	205055242	HSPG2	XM_034957737.3	+	3	2	74	139	10	11	7	7	7	middle	middle	1.000	1.000	constitutive	constitutive	131	144	7
NC_073249.2	205079956	205080466	2	1	+	NC_073249.2	205079992	205080392	HSPG2	XM_034957737.3	+	2	2	36	74	40	41	7	7	7	middle	middle	1.000	1.000	constitutive	constitutive	58	167	7
NC_073249.2	205084508	205085624	3	1	+	NC_073249.2	205084777	205085612	HSPG2	XM_034957737.3	+	3	2	269	12	47	49	7	7	7	middle	middle	1.000	1.000	constitutive	constitutive	142	154	7
NC_073249.2	205092009	205092615	1	1	+	NC_073249.2	205092121	205092525	HSPG2	XM_034957737.3	+	1	2	112	90	60	61	7	7	7	middle	middle	1.000	1.000	constitutive	constitutive	135	151	7
NC_073249.2	205106217	205106748	1	1	+	NC_073249.2	205106246	205106704	HSPG2	XM_034957737.3	+	1	2	29	44	78	79	7	7	7	middle	middle	1.000	1.000	constitutive	constitutive	109	147	7
NC_073249.2	205108487	205109093	3	1	+	NC_073249.2	205108605	205108952	HSPG2	XM_034957737.3	+	3	2	118	141	83	84	7	7	7	middle	middle	1.000	1.000	constitutive	constitutive	99	109	7
NC_073249.2	205115346	205116063	1	1	+	NC_073249.2	205115568	205116062	HSPG2	XM_034957737.3	+	1	2	222	1	93	95	7	7	7	middle	middle	1.000	1.000	constitutive	constitutive	78	83	7
NC_073249.2	205532440	205532860	2	1	+	NC_073249.2	205532515	205532853	LOC117979789	XM_063601657.1	+	2	2	75	7	5	6	1	1	1	middle	middle	1.000	1.000	constitutive	constitutive	136	120	1
NC_073249.2	205534029	205534365	1	1	+	NC_073249.2	205534069	205534331	LOC117979789	XM_063601657.1	+	1	2	40	34	11	13	1	1	1	middle	middle	1.000	1.000	constitutive	constitutive	45	36	1
NC_073249.2	205535143	205535533	2	1	+	NC_073249.2	205535146	205535488	LOC117979789	XM_063601657.1	+	2	2	3	45	17	18	1	1	1	middle	middle	1.000	1.000	constitutive	constitutive	106	139	1
NC_073249.2	205654707	205655097	-1	1	-	NC_073249.2	205654753	205655095	LOC100971481	XM_063601664.1	-	1	2	2	46	17	18	1	1	1	middle	middle	1.000	1.000	constitutive	constitutive	106	139	1
NC_073249.2	205657380	205657800	-1	1	-	NC_073249.2	205657388	205657726	LOC100971481	XM_063601664.1	-	1	2	74	8	5	6	1	1	1	middle	middle	1.000	1.000	constitutive	constitutive	136	120	1
NC_073249.2	206468248	206468698	2	1	+	NC_073249.2	206468358	206468697	DDOST	XM_008967066.5	+	2	2	110	1	4	5	1	1	1	middle	middle	1.000	1.000	constitutive	constitutive	103	94	1
NC_073249.2	206471136	206471679	1	1	+	NC_073249.2	206471155	206471505	DDOST	XM_008967066.5	+	1	2	19	174	9	10	1	1	1	middle	middle	1.000	1.000	constitutive	constitutive	120	106	1
NC_073249.2	207806671	207807271	2	1	+	NC_073249.2	207806718	207807202	LOC100981962	XM_034956910.4	+	2	2	47	69	2	3	1	1	1	middle	middle	1.000	1.000	constitutive	constitutive	187	104	1
NC_073249.2	207844287	207844929	1	1	+	NC_073249.2	207844376	207844860	LOC100981286	XM_003814427.8	+	1	2	89	69	2	3	1	1	1	middle	middle	1.000	1.000	constitutive	constitutive	187	104	1
NC_073249.2	207916385	207916850	3	1	+	NC_073249.2	207916416	207916802	UBR4	XM_003814430.6	+	3	2	31	48	4	5	20	20	20	middle	middle	1.000	1.000	constitutive	constitutive	129	139	20
NC_073249.2	210129908	210130298	3	1	+	NC_073249.2	210129933	210130221	ATP13A2	XM_034956516.3	+	3	2	25	77	9	10	11	9	11	middle	middle	0.818	1.000	alternative	constitutive	134	66	9
NC_073249.2	210129908	210130298	3	1	+	NC_073249.2	210129960	210130221	ATP13A2	XM_034956541.3	+	3	2	52	77	9	10	11	2	11	middle	middle	0.182	1.000	alternative	constitutive	107	66	2
NC_073249.2	210133850	210134609	3	1	+	NC_073249.2	210133972	210134495	ATP13A2	XM_034956516.3	+	3	3	122	114	13	15	11	11	11	middle	middle	1.000	1.000	constitutive	constitutive	110	188	11
NC_073249.2	210429500	210429959	3	1	+	NC_073249.2	210429525	210429833	LOC117979657	XM_055097708.2	+	3	2	25	126	2	3	1	1	1	middle	middle	1.000	1.000	constitutive	constitutive	61	165	1
NC_073249.2	210444021	210444885	1	1	+	NC_073249.2	210444199	210444885	LOC117979657	XM_055097708.2	+	1	2	178	0	13	14	1	1	1	middle	last	1.000	1.000	constitutive	constitutive	146	203	1
NC_073249.2	210974520	210975498	1	1	+	NC_073249.2	210974614	210975153	ZBTB17	XM_003806244.4	+	1	2	94	345	6	7	6	6	6	middle	middle	1.000	1.000	constitutive	constitutive	142	300	6
NC_073249.2	210976983	210977481	1	1	+	NC_073249.2	210977033	210977481	ZBTB17	XM_003806244.4	+	1	2	50	0	13	14	6	3	6	middle	last	0.500	1.000	alternative	constitutive	89	280	3
NC_073249.2	210976983	210977481	1	1	+	NC_073249.2	210977012	210977481	ZBTB17	XM_003806245.5	+	1	2	29	0	13	14	6	3	6	middle	last	0.500	1.000	alternative	constitutive	110	280	3
NC_073249.2	21228727	21229303	-3	1	-	NC_073249.2	21228729	21229227	OBSCN	XM_055104619.2	-	3	2	76	2	110	111	1	1	1	middle	middle	1.000	1.000	constitutive	constitutive	81	239	1
NC_073249.2	21229797	21230451	-1	1	-	NC_073249.2	21229842	21230318	OBSCN	XM_055104619.2	-	1	2	133	45	108	109	1	1	1	middle	middle	1.000	1.000	constitutive	constitutive	122	170	1
NC_073249.2	21239232	21240141	-1	1	-	NC_073249.2	21239469	21239963	OBSCN	XM_055104619.2	-	1	2	178	237	93	94	1	1	1	middle	middle	1.000	1.000	constitutive	constitutive	112	168	1
NC_073249.2	21268620	21269313	-1	1	-	NC_073249.2	21268774	21269153	OBSCN	XM_055104619.2	-	1	2	160	154	75	76	1	1	1	middle	middle	1.000	1.000	constitutive	constitutive	122	139	1
NC_073249.2	21325234	21326221	-3	1	-	NC_073249.2	21325399	21326016	OBSCN	XM_055104619.2	-	3	2	205	165	33	34	1	1	1	middle	middle	1.000	1.000	constitutive	constitutive	266	266	1
NC_073249.2	21327690	21328881	-1	1	-	NC_073249.2	21328341	21328694	OBSCN	XM_055104619.2	-	1	2	187	651	28	29	1	1	1	middle	middle	1.000	1.000	constitutive	constitutive	161	104	1
NC_073249.2	21331750	21332467	-3	1	-	NC_073249.2	21331756	21332430	OBSCN	XM_055104619.2	-	3	2	37	6	21	22	1	1	1	middle	middle	1.000	1.000	constitutive	constitutive	278	266	1
NC_073249.2	21388864	21390133	-3	1	-	NC_073249.2	21388915	21390054	OBSCN	XM_055104619.2	-	3	2	79	51	5	6	1	1	1	middle	middle	1.000	1.000	constitutive	constitutive	266	281	1
NC_073249.2	21503742	21504162	1	1	+	NC_073249.2	21503766	21504144	C1H1orf35	XM_034948298.3	+	1	2	24	18	3	5	2	2	2	middle	middle	1.000	1.000	constitutive	constitutive	45	72	2
NC_073249.2	216543952	216544444	2	1	+	NC_073249.2	216544154	216544399	MAD2L2	XM_003822073.5	+	2	2	202	45	1	2	4	4	4	first	middle	1.000	1.000	constitutive	constitutive	39	118	4
NC_073249.2	217163762	217165133	3	1	+	NC_073249.2	217164255	217164971	SRM	XM_034955292.4	+	3	2	493	162	1	2	2	2	2	first	middle	1.000	1.000	constitutive	constitutive	166	120	2
NC_073249.2	21789234	21789801	-1	1	-	NC_073249.2	21789236	21789771	PRSS38	XM_003814940.4	-	1	2	30	2	1	2	1	1	1	first	middle	1.000	1.000	constitutive	constitutive	147	162	1
NC_073249.2	218499652	218500072	-3	1	-	NC_073249.2	218499654	218500046	PIK3CD	XM_034954879.3	-	3	2	26	2	14	15	8	8	8	middle	middle	1.000	1.000	constitutive	constitutive	99	178	8
NC_073249.2	218504650	218505364	-3	1	-	NC_073249.2	218504678	218505346	PIK3CD	XM_034954879.3	-	3	2	18	28	4	5	8	8	5	middle	middle	1.000	0.625	constitutive	alternative	179	149	5
NC_073249.2	218504650	218505364	-3	1	-	NC_073249.2	218504678	218505346	PIK3CD	XM_034954915.3	-	3	2	18	28	4	5	8	8	3	middle	middle	1.000	0.375	constitutive	alternative	179	62	3
NC_073249.2	221639601	221640171	-1	1	-	NC_073249.2	221639685	221640067	ZBTB48	XM_003822142.4	-	1	2	104	84	7	8	6	6	6	middle	middle	1.000	1.000	constitutive	constitutive	136	164	6
NC_073249.2	221755854	221756505	1	1	+	NC_073249.2	221756065	221756385	PLEKHG5	XM_008975694.4	+	1	2	211	120	11	12	7	7	7	middle	middle	1.000	1.000	constitutive	constitutive	50	149	7
NC_073249.2	221775490	221776342	-3	1	-	NC_073249.2	221775791	221776284	ESPN	XM_034954221.3	-	3	2	58	301	11	12	9	9	9	middle	middle	1.000	1.000	constitutive	constitutive	145	263	9
NC_073249.2	221786954	221787689	-2	1	-	NC_073249.2	221787096	221787651	ESPN	XM_034954221.3	-	2	2	38	142	3	4	9	4	5	middle	middle	0.444	0.556	alternative	alternative	186	182	4
NC_073249.2	221786954	221787689	-2	1	-	NC_073249.2	221787096	221787521	ESPN	XM_034954231.3	-	2	2	168	142	1	2	9	1	5	first	middle	0.111	0.556	unique	alternative	56	182	1
NC_073249.2	222094841	222095753	3	1	+	NC_073249.2	222094902	222095472	CHD5	XM_008975719.5	+	3	2	61	281	18	19	5	5	5	middle	middle	1.000	1.000	constitutive	constitutive	231	110	5
NC_073249.2	224545014	224545992	-1	1	-	NC_073249.2	224545114	224545842	CCDC27	XM_034953825.3	-	1	2	150	100	7	8	1	1	1	middle	middle	1.000	1.000	constitutive	constitutive	366	130	1
NC_073249.2	225660102	225660897	-1	1	-	NC_073249.2	225660210	225660708	PRXL2B	XM_034953610.3	-	1	2	189	108	1	2	8	8	8	first	middle	1.000	1.000	constitutive	constitutive	152	204	8
NC_073249.2	225751092	225752136	-1	1	-	NC_073249.2	225751182	225751889	PLCH2	XM_034953537.3	-	1	3	247	90	17	19	1	1	1	middle	middle	1.000	1.000	constitutive	constitutive	124	146	1
NC_073249.2	225958585	225959011	-3	1	-	NC_073249.2	225958587	225959005	SKI	XM_003807318.6	-	3	2	6	2	2	3	2	2	2	middle	middle	1.000	1.000	constitutive	constitutive	125	115	2
NC_073249.2	226071327	226071771	1	1	+	NC_073249.2	226071459	226071766	FAAP20	XM_063602406.1	+	1	2	132	5	2	3	9	3	3	middle	middle	0.333	0.333	alternative	alternative	148	122	3
NC_073249.2	226356870	226357653	1	1	+	NC_073249.2	226357107	226357653	TMEM52	XM_003807296.6	+	1	2	237	0	4	5	5	4	4	middle	last	0.800	0.800	alternative	alternative	178	277	4
NC_073249.2	226588241	226589717	-2	1	-	NC_073249.2	226588395	226589703	MIB2	XM_034953198.3	-	2	2	14	154	14	17	33	11	33	middle	middle	0.333	1.000	alternative	constitutive	201	233	11
NC_073249.2	226588241	226589717	-2	1	-	NC_073249.2	226588395	226589658	MIB2	XM_034953211.3	-	2	2	59	154	14	17	33	22	33	middle	middle	0.667	1.000	alternative	constitutive	156	233	22
NC_073249.2	226592005	226592803	-3	1	-	NC_073249.2	226592050	226592441	MIB2	XM_034953198.3	-	3	2	362	45	5	6	33	27	9	middle	middle	0.818	0.273	alternative	alternative	106	221	9
NC_073249.2	226592005	226592803	-3	1	-	NC_073249.2	226592050	226592441	MIB2	XM_034953210.3	-	3	2	362	45	5	6	33	27	24	middle	middle	0.818	0.727	alternative	alternative	106	194	18
NC_073249.2	226592005	226592803	-3	1	-	NC_073249.2	226592050	226592618	MIB2	XM_063595056.1	-	3	2	185	45	5	6	33	6	24	middle	middle	0.182	0.727	alternative	alternative	283	194	6
NC_073249.2	226680336	226681485	1	1	+	NC_073249.2	226680898	226681484	TMEM240	XM_034953177.4	+	1	2	562	1	1	2	1	1	1	first	middle	1.000	1.000	constitutive	constitutive	56	106	1
NC_073249.2	226685379	226685880	1	1	+	NC_073249.2	226685445	226685880	TMEM240	XM_034953177.4	+	1	2	66	0	3	4	1	1	1	middle	last	1.000	1.000	constitutive	constitutive	208	145	1
NC_073249.2	226818191	226819097	3	1	+	NC_073249.2	226818273	226818581	MRPL20	XM_003809499.6	+	3	2	82	516	1	2	4	4	3	first	middle	1.000	0.750	constitutive	alternative	86	110	3
NC_073249.2	226818191	226819097	3	1	+	NC_073249.2	226818273	226819097	MRPL20	XM_063595160.1	+	3	2	82	0	1	2	4	4	1	first	last	1.000	0.250	constitutive	unique	86	626	1
NC_073249.2	226869703	226870309	2	1	+	NC_073249.2	226869744	226870238	MXRA8	XM_034953007.3	+	2	2	41	71	3	4	5	2	5	middle	middle	0.400	1.000	alternative	constitutive	302	101	2
NC_073249.2	226869703	226870309	2	1	+	NC_073249.2	226869845	226870238	MXRA8	XM_063595175.1	+	2	2	142	71	1	2	5	3	5	first	middle	0.600	1.000	alternative	constitutive	201	101	3
NC_073249.2	226883923	226884550	2	1	+	NC_073249.2	226883938	226884403	DVL1	XM_034952966.4	+	2	3	15	147	6	8	3	3	3	middle	middle	1.000	1.000	constitutive	constitutive	93	139	3
NC_073249.2	226890213	226891557	-1	1	-	NC_073249.2	226890214	226891416	TAS1R3	XM_003809488.6	-	1	2	141	1	5	6	1	1	1	middle	last	1.000	1.000	constitutive	constitutive	120	955	1
NC_073249.2	226914817	226915273	2	1	+	NC_073249.2	226914836	226915183	INTS11	XM_003809485.6	+	2	2	19	90	15	16	1	1	1	middle	middle	1.000	1.000	constitutive	constitutive	142	129	1
NC_073249.2	226930429	226931230	2	1	+	NC_073249.2	226930685	226931158	ACAP3	XM_063595179.1	+	2	2	256	72	15	16	3	3	3	middle	middle	1.000	1.000	constitutive	constitutive	208	69	3
NC_073249.2	226936012	226936591	-3	1	-	NC_073249.2	226936244	226936489	SCNN1D	XM_034952927.3	-	3	2	102	232	13	14	3	3	3	middle	middle	1.000	1.000	constitutive	constitutive	58	75	3
NC_073249.2	226936470	226938522	-1	1	-	NC_073249.2	226936995	226938507	SCNN1D	XM_034952927.3	-	1	2	15	525	9	10	3	3	3	middle	middle	1.000	1.000	constitutive	constitutive	98	117	3
NC_073249.2	226982036	226982792	3	1	+	NC_073249.2	226982178	226982484	C1QTNF12	XM_055099671.2	+	3	2	142	308	2	3	8	8	5	middle	middle	1.000	0.625	constitutive	alternative	116	84	5
NC_073249.2	226982036	226982792	3	1	+	NC_073249.2	226982178	226982718	C1QTNF12	XM_055099676.2	+	3	2	142	74	2	3	8	8	3	middle	middle	1.000	0.375	constitutive	alternative	116	318	3
NC_073249.2	227012806	227013568	2	1	+	NC_073249.2	227013111	227013567	TNFRSF4	XM_034951753.3	+	2	2	305	1	3	4	2	2	2	middle	middle	1.000	1.000	constitutive	constitutive	101	66	2
NC_073249.2	227201930	227202530	-2	1	-	NC_073249.2	227201932	227202293	AGRN	XM_034951765.3	-	2	2	237	2	32	33	11	11	11	middle	middle	1.000	1.000	constitutive	constitutive	192	87	11
NC_073249.2	227206797	227207592	-1	1	-	NC_073249.2	227206947	227207507	AGRN	XM_034951765.3	-	1	2	85	150	17	18	11	11	11	middle	middle	1.000	1.000	constitutive	constitutive	338	137	11
NC_073249.2	227208375	227208771	-1	1	-	NC_073249.2	227208381	227208743	AGRN	XM_034951765.3	-	1	2	28	6	12	13	11	11	11	middle	middle	1.000	1.000	constitutive	constitutive	116	164	11
NC_073249.2	227209586	227210684	-2	1	-	NC_073249.2	227209647	227210665	AGRN	XM_034951765.3	-	2	2	19	61	7	10	11	11	11	middle	middle	1.000	1.000	constitutive	constitutive	218	148	11
NC_073249.2	227270659	227271241	2	1	+	NC_073249.2	227270690	227271241	HES4	XM_034951763.3	+	2	2	31	0	3	4	2	2	2	middle	last	1.000	1.000	constitutive	constitutive	87	370	2
NC_073249.2	227282327	227284832	3	1	+	NC_073249.2	227282334	227284599	PERM1	XM_055099883.2	+	3	2	7	233	1	2	3	2	3	first	middle	0.667	1.000	alternative	constitutive	1019	1173	2
NC_073249.2	227282327	227284832	3	1	+	NC_073249.2	227282706	227284599	PERM1	XM_055099888.2	+	3	2	379	233	2	3	3	1	3	middle	middle	0.333	1.000	unique	constitutive	647	1173	1
NC_073249.2	227292081	227292864	-1	1	-	NC_073249.2	227292223	227292708	PLEKHN1	XM_008961383.6	-	1	3	156	142	4	6	6	6	3	middle	middle	1.000	0.500	constitutive	alternative	80	127	3
NC_073249.2	227292081	227292864	-1	1	-	NC_073249.2	227292223	227292708	PLEKHN1	XM_063595239.1	-	1	2	156	142	4	5	6	6	3	middle	middle	1.000	0.500	constitutive	alternative	80	320	3
NC_073249.2	227309830	227310382	2	1	+	NC_073249.2	227309959	227310259	NOC2L	XM_034951759.3	+	2	2	129	123	7	8	5	5	5	middle	middle	1.000	1.000	constitutive	constitutive	78	110	5
NC_073249.2	227609090	227609618	3	1	+	NC_073249.2	227609130	227609427	LOC117978671	XM_055114379.2	+	3	2	40	191	2	3	1	1	1	middle	middle	1.000	1.000	constitutive	constitutive	108	110	1
NC_073249.2	39625272	39626073	-1	1	-	NC_073249.2	39625669	39626055	TRAF3IP3	XM_003831214.6	-	1	2	18	397	8	9	4	3	4	middle	middle	0.750	1.000	alternative	constitutive	140	137	3
NC_073249.2	39625272	39626073	-1	1	-	NC_073249.2	39625669	39626037	TRAF3IP3	XM_057301396.2	-	1	2	36	397	1	2	4	1	4	first	middle	0.250	1.000	unique	constitutive	122	137	1
NC_073249.2	39777145	39777742	2	1	+	NC_073249.2	39777169	39777661	LAMB3	XM_055108585.2	+	2	2	24	81	14	15	1	1	1	middle	middle	1.000	1.000	constitutive	constitutive	157	220	1
NC_073249.2	4180698	4181814	1	1	+	NC_073249.2	4181248	4181814	LOC134731258	XM_063608821.1	+	1	2	550	0	1	3	1	1	1	first	last	1.000	1.000	constitutive	constitutive	211	221	1
NC_073249.2	41910519	41910948	-1	1	-	NC_073249.2	41910521	41910893	CR2	XM_055108668.2	-	1	2	55	2	3	4	2	2	2	middle	middle	1.000	1.000	constitutive	constitutive	188	99	2
NC_073249.2	4290614	4291070	3	1	+	NC_073249.2	4290796	4291065	HNRNPU	XM_003807987.6	+	3	2	182	5	2	3	2	2	2	middle	middle	1.000	1.000	constitutive	constitutive	111	73	2
NC_073249.2	44311876	44312431	-3	1	-	NC_073249.2	44311966	44312394	CNTN2	XM_003822961.7	-	3	2	37	90	10	11	1	1	1	middle	middle	1.000	1.000	constitutive	constitutive	150	127	1
NC_073249.2	47193600	47194215	-1	1	-	NC_073249.2	47193809	47194194	LOC100974692	XM_063602986.1	-	1	2	21	209	34	35	1	1	1	middle	middle	1.000	1.000	constitutive	constitutive	116	163	1
NC_073249.2	47198504	47198936	-2	1	-	NC_073249.2	47198652	47198927	LOC100974692	XM_063602986.1	-	2	2	9	148	22	23	1	1	1	middle	middle	1.000	1.000	constitutive	constitutive	90	76	1
NC_073249.2	48166839	48174561	-1	1	-	NC_073249.2	48166875	48174548	IGFN1	XM_063603424.1	-	1	3	13	36	12	14	1	1	1	middle	middle	1.000	1.000	constitutive	constitutive	3455	2576	1
NC_073249.2	48374853	48375339	1	1	+	NC_073249.2	48374890	48375276	KIF21B	XM_003823048.5	+	1	2	37	63	4	5	5	5	5	middle	middle	1.000	1.000	constitutive	constitutive	149	134	5
NC_073249.2	77927278	77927725	2	1	+	NC_073249.2	77927378	77927725	LOC103787134	XM_008978423.4	+	2	2	100	0	1	2	1	1	1	first	last	1.000	1.000	constitutive	constitutive	65	200	1
NC_073249.2	81941269	81941722	2	1	+	NC_073249.2	81941333	81941712	ADCY10	XM_003824603.5	+	2	2	64	10	26	27	10	10	10	middle	middle	1.000	1.000	constitutive	constitutive	204	96	10
NC_073249.2	89099962	89100655	-3	1	-	NC_073249.2	89100016	89100618	SLAMF7	XM_003811869.6	-	3	2	37	54	3	4	2	2	2	middle	middle	1.000	1.000	constitutive	constitutive	272	119	2
NC_073249.2	89553911	89554349	3	1	+	NC_073249.2	89553912	89554314	COPA	XM_003811879.5	+	3	2	1	35	20	21	3	3	3	middle	middle	1.000	1.000	constitutive	constitutive	189	95	3
NC_073249.2	89723095	89723719	-3	1	-	NC_073249.2	89723177	89723614	ATP1A2	XM_003811890.5	-	3	2	105	82	9	10	1	1	1	middle	middle	1.000	1.000	constitutive	constitutive	198	109	1
NC_073249.2	91121829	91122825	1	1	+	NC_073249.2	91121833	91122825	LOC100980547	XM_003820989.1	+	1	2	4	0	1	2	1	1	1	first	last	1.000	1.000	constitutive	constitutive	47	887	1
NC_073249.2	92911990	92912560	-3	1	-	NC_073249.2	92911991	92912532	LRRC71	XM_008974498.5	-	3	2	28	1	14	15	2	2	2	middle	last	1.000	1.000	constitutive	constitutive	121	113	2
NC_073249.2	92920081	92920699	-3	1	-	NC_073249.2	92920083	92920377	LRRC71	XM_008974498.5	-	3	2	322	2	3	4	2	2	2	middle	middle	1.000	1.000	constitutive	constitutive	128	75	2
NC_073249.2	93283165	93283486	2	1	+	NC_073249.2	93283207	93283478	IQGAP3	XM_003821051.4	+	2	2	42	8	6	7	3	3	3	middle	middle	1.000	1.000	constitutive	constitutive	67	113	3
NC_073249.2	93295978	93296485	2	1	+	NC_073249.2	93296049	93296449	IQGAP3	XM_003821051.4	+	2	2	71	36	17	18	3	3	2	middle	middle	1.000	0.667	constitutive	alternative	167	139	2
NC_073249.2	93295978	93296485	2	1	+	NC_073249.2	93296049	93296449	IQGAP3	XM_063604517.1	+	2	2	71	36	17	18	3	3	1	middle	middle	1.000	0.333	constitutive	unique	167	136	1
NC_073249.2	93887369	93887906	3	1	+	NC_073249.2	93887465	93887889	ARHGEF2	XM_003821083.7	+	3	2	96	17	6	7	22	22	8	middle	middle	1.000	0.364	constitutive	alternative	109	140	8
NC_073249.2	93887369	93887906	3	1	+	NC_073249.2	93887465	93887889	ARHGEF2	XM_008974574.6	+	3	2	96	17	6	7	22	22	14	middle	middle	1.000	0.636	constitutive	alternative	109	143	14
NC_073249.2	94106612	94107038	-2	1	-	NC_073249.2	94106664	94106997	LOC100988711	XM_063604685.1	-	2	2	41	52	7	8	1	1	1	middle	middle	1.000	1.000	constitutive	constitutive	117	134	1
NC_073249.2	94229616	94230012	-1	1	-	NC_073249.2	94229639	94229981	LOC112439315	XM_034937207.3	-	1	2	31	23	12	13	15	2	2	middle	middle	0.133	0.133	alternative	alternative	142	109	2
NC_073249.2	94231076	94231463	-2	1	-	NC_073249.2	94231089	94231422	LOC112439315	XM_034937154.3	-	2	2	41	13	7	8	15	15	14	middle	middle	1.000	0.933	constitutive	alternative	117	134	14
NC_073249.2	94231076	94231463	-2	1	-	NC_073249.2	94231182	94231422	LOC112439315	XM_063604888.1	-	2	2	41	106	7	8	15	15	1	middle	middle	1.000	0.067	constitutive	unique	117	41	1
NC_073249.2	94524276	94524885	-1	1	-	NC_073249.2	94524568	94524885	FDPS	XM_003817051.5	-	1	2	0	292	7	8	10	10	10	middle	middle	1.000	1.000	constitutive	constitutive	77	134	10
NC_073249.2	94548636	94549182	1	1	+	NC_073249.2	94548704	94549023	PKLR	XM_003817047.6	+	1	2	68	159	3	4	3	3	3	middle	middle	1.000	1.000	constitutive	constitutive	91	131	3
NC_073249.2	94631494	94632283	-3	1	-	NC_073249.2	94631522	94631962	LOC100987557	XM_034936865.3	-	3	2	321	28	4	5	1	1	1	middle	middle	1.000	1.000	constitutive	constitutive	92	182	1
NC_073249.2	94788164	94788413	-2	1	-	NC_073249.2	94788166	94788412	ADAM15	XM_008970261.4	-	2	2	1	2	2	3	15	1	1	middle	middle	0.067	0.067	unique	unique	28	106	1
NC_073249.2	94794691	94795114	-3	1	-	NC_073249.2	94794737	94795064	DCST1	XM_055101024.2	-	3	2	50	46	10	11	2	2	2	middle	middle	1.000	1.000	constitutive	constitutive	99	95	2
NC_073249.2	94873865	94874627	3	1	+	NC_073249.2	94873958	94874529	SHC1	XM_003817086.5	+	3	3	93	98	8	10	11	11	6	middle	middle	1.000	0.545	constitutive	alternative	198	131	6
NC_073249.2	94873865	94874627	3	1	+	NC_073249.2	94873958	94874529	SHC1	XM_008970280.4	+	3	3	93	98	8	10	11	11	5	middle	middle	1.000	0.455	constitutive	alternative	198	134	5
NC_073249.2	94892554	94893217	2	1	+	NC_073249.2	94892754	94893049	PBXIP1	XM_034936527.3	+	2	2	200	168	7	8	2	2	2	middle	middle	1.000	1.000	constitutive	constitutive	70	131	2
NC_073249.2	95891441	95892089	3	1	+	NC_073249.2	95891471	95892088	DENND4B	XM_003817123.7	+	3	2	30	1	9	10	6	6	6	middle	middle	1.000	1.000	constitutive	constitutive	144	175	6
NC_073249.2	96059230	96059683	-3	1	-	NC_073249.2	96059231	96059573	INTS3	XM_003817144.7	-	3	2	110	1	29	30	3	3	3	middle	last	1.000	1.000	constitutive	constitutive	156	74	3
NC_073249.2	96143000	96143408	-2	1	-	NC_073249.2	96143067	96143400	NPR1	XM_003817147.7	-	2	2	8	67	17	18	2	2	2	middle	middle	1.000	1.000	constitutive	constitutive	123	68	2
NC_073249.2	98118332	98118977	3	1	+	NC_073249.2	98118388	98118924	CELF3	XM_003817239.6	+	3	2	56	53	10	11	10	8	10	middle	middle	0.800	1.000	alternative	constitutive	134	143	8
NC_073249.2	98118332	98118977	3	1	+	NC_073249.2	98118391	98118924	CELF3	XM_008970385.5	+	3	2	59	53	10	11	10	2	10	middle	middle	0.200	1.000	alternative	constitutive	131	143	2
NC_073249.2	98288523	98288823	-1	1	-	NC_073249.2	98288525	98288823	CGN	XM_003817247.5	-	1	2	0	2	16	17	1	1	1	middle	middle	1.000	1.000	constitutive	constitutive	83	118	1
NC_073249.2	98395430	98396099	3	1	+	NC_073249.2	98395498	98396088	POGZ	XM_003817249.6	+	3	2	68	11	5	6	9	9	2	middle	middle	1.000	0.222	constitutive	alternative	290	191	2
NC_073249.2	98395430	98396099	3	1	+	NC_073249.2	98395498	98396088	POGZ	XM_008970389.5	+	3	2	68	11	5	6	9	9	7	middle	middle	1.000	0.778	constitutive	alternative	290	218	7
NC_073249.2	99122759	99122990	3	1	+	NC_073249.2	99122760	99122987	HORMAD1	XM_034934796.3	+	3	2	1	3	10	11	2	2	2	middle	middle	1.000	1.000	constitutive	constitutive	66	76	2
NC_073249.2	99281768	99282611	-2	1	-	NC_073249.2	99281888	99282604	ADAMTSL4	XM_008970469.5	-	2	3	7	120	8	10	5	5	5	middle	middle	1.000	1.000	constitutive	constitutive	172	185	5
NC_073249.2	99328002	99328506	-1	1	-	NC_073249.2	99328119	99328379	ECM1	XM_003817305.5	-	1	2	127	117	4	5	1	1	1	middle	middle	1.000	1.000	constitutive	constitutive	80	80	1
NC_073249.2	99903787	99904171	2	1	+	NC_073249.2	99903788	99904159	MTMR11	XM_003817320.6	+	2	2	1	12	4	5	4	4	4	middle	middle	1.000	1.000	constitutive	constitutive	60	142	4
NC_073249.2	99915028	99915595	2	1	+	NC_073249.2	99915126	99915595	SF3B4	XM_055114000.2	+	2	2	98	0	5	6	1	1	1	middle	last	1.000	1.000	constitutive	constitutive	173	184	1
NC_073252.2	101241324	101242044	-2	1	-	NC_073252.2	101241334	101242044	CENPE	XM_003829965.5	-	2	2	0	10	22	23	6	6	6	middle	middle	1.000	1.000	constitutive	constitutive	314	272	6
NC_073252.2	1165391	1165880	-3	1	-	NC_073252.2	1165392	1165784	GAK	XM_003811302.6	-	3	2	96	1	27	28	21	19	19	middle	last	0.905	0.905	alternative	alternative	176	98	19
NC_073252.2	1289823	1290489	-2	1	-	NC_073252.2	1289824	1290402	DGKQ	XM_034958117.4	-	2	2	87	1	22	23	1	1	1	middle	last	1.000	1.000	constitutive	constitutive	152	98	1
NC_073252.2	1331174	1332251	3	1	+	NC_073252.2	1331197	1332003	IDUA	XM_034958124.3	+	3	2	23	248	6	8	7	7	7	middle	middle	1.000	1.000	constitutive	constitutive	202	216	7
NC_073252.2	1332538	1333180	2	1	+	NC_073252.2	1332555	1333143	IDUA	XM_034958124.3	+	2	3	17	37	10	12	7	2	7	middle	middle	0.286	1.000	alternative	constitutive	121	76	2
NC_073252.2	1332538	1333180	2	1	+	NC_073252.2	1332546	1333143	IDUA	XM_063603635.1	+	2	3	8	37	11	13	7	5	7	middle	middle	0.714	1.000	alternative	constitutive	130	76	5
NC_073252.2	1333497	1333908	1	1	+	NC_073252.2	1333530	1333908	IDUA	XM_034958124.3	+	1	2	33	0	13	14	7	7	7	middle	last	1.000	1.000	constitutive	constitutive	100	130	7
NC_073252.2	1353186	1354410	1	1	+	NC_073252.2	1353377	1354410	FGFRL1	XM_034958127.4	+	1	2	191	0	6	7	6	6	6	middle	last	1.000	1.000	constitutive	constitutive	353	439	6
NC_073252.2	143031093	143031489	-2	1	-	NC_073252.2	143031095	143031487	OTUD4	XM_034959193.3	-	2	2	2	2	12	13	12	12	12	middle	middle	1.000	1.000	constitutive	constitutive	103	186	12
NC_073252.2	1501176	1502121	-2	1	-	NC_073252.2	1501600	1502087	SPON2	XM_034958137.3	-	2	2	34	424	2	3	2	2	1	middle	middle	1.000	0.500	constitutive	unique	223	191	1
NC_073252.2	1501176	1502121	-2	1	-	NC_073252.2	1501177	1502087	SPON2	XM_063603644.1	-	2	2	34	1	2	3	2	2	1	middle	last	1.000	0.500	constitutive	unique	223	614	1
NC_073252.2	150538852	150539392	-1	1	-	NC_073252.2	150538960	150539349	TMEM154	XM_003815894.5	-	1	2	43	108	2	3	1	1	1	middle	middle	1.000	1.000	constitutive	constitutive	260	38	1
NC_073252.2	165941415	165941703	1	1	+	NC_073252.2	165941452	165941695	ANXA10	XM_003821800.5	+	1	2	37	8	8	9	2	2	2	middle	middle	1.000	1.000	constitutive	constitutive	53	93	2
NC_073252.2	187690434	187691259	-2	1	-	NC_073252.2	187690510	187690830	LOC117978453	XM_055112094.2	-	2	2	429	76	2	3	1	1	1	middle	middle	1.000	1.000	constitutive	constitutive	108	133	1
NC_073252.2	188529416	188529944	3	1	+	NC_073252.2	188529456	188529753	LOC129393698	XM_063604050.1	+	3	2	40	191	2	3	1	1	1	middle	middle	1.000	1.000	constitutive	constitutive	108	110	1
NC_073252.2	2312570	2313851	-3	1	-	NC_073252.2	2313404	2313691	NELFA	XM_008965479.4	-	3	2	160	834	5	6	11	11	11	middle	middle	1.000	1.000	constitutive	constitutive	130	69	11
NC_073252.2	2799070	2799775	2	1	+	NC_073252.2	2799295	2799775	CFAP99	XM_008965519.4	+	2	2	225	0	15	16	1	1	1	middle	last	1.000	1.000	constitutive	constitutive	162	113	1
NC_073252.2	3233816	3234248	3	1	+	NC_073252.2	3233817	3234164	ADD1	XM_008965500.5	+	3	2	1	84	6	7	18	18	18	middle	middle	1.000	1.000	constitutive	constitutive	143	98	18
NC_073252.2	3267412	3267847	-1	1	-	NC_073252.2	3267453	3267781	MFSD10	XM_003812959.6	-	1	2	66	41	7	8	5	5	5	middle	middle	1.000	1.000	constitutive	constitutive	108	111	5
NC_073252.2	3268668	3269292	-2	1	-	NC_073252.2	3268735	3269292	MFSD10	XM_003812959.6	-	2	2	0	67	3	4	5	5	5	middle	middle	1.000	1.000	constitutive	constitutive	96	103	5
NC_073252.2	3846575	3847541	3	1	+	NC_073252.2	3846970	3847541	DOK7	XM_034958281.3	+	3	2	395	0	9	10	6	3	3	middle	last	0.500	0.500	alternative	alternative	152	130	3
NC_073252.2	41439793	41440399	2	1	+	NC_073252.2	41440163	41440312	UCHL1	XM_034958500.3	+	2	2	370	87	1	2	1	1	1	first	middle	1.000	1.000	constitutive	constitutive	32	11	1
NC_073252.2	4582351	4582732	2	1	+	NC_073252.2	4582372	4582706	ZBTB49	XM_003816482.3	+	2	2	21	26	5	6	1	1	1	middle	middle	1.000	1.000	constitutive	constitutive	82	161	1
NC_073252.2	56227241	56227691	-3	1	-	NC_073252.2	56227243	56227592	CXCL6	XM_003832334.4	-	3	2	99	2	1	2	1	1	1	first	middle	1.000	1.000	constitutive	constitutive	108	132	1
NC_073253.2	1256126	1256741	3	1	+	NC_073253.2	1256226	1256394	NKD2	XM_063604360.1	+	3	2	100	347	1	2	2	2	2	first	middle	1.000	1.000	constitutive	constitutive	24	35	2
NC_073253.2	127803753	127804467	-2	1	-	NC_073253.2	127803855	127804448	IRF1	XM_003829304.7	-	2	3	19	102	4	6	1	1	1	middle	middle	1.000	1.000	constitutive	constitutive	49	122	1
NC_073253.2	128200407	128200773	-2	1	-	NC_073253.2	128200409	128200723	AFF4	XM_003829291.7	-	2	2	50	2	14	15	8	8	8	middle	middle	1.000	1.000	constitutive	constitutive	63	136	8
NC_073253.2	134913097	134913487	-1	1	-	NC_073253.2	134913103	134913355	LOC134730481	XM_063604745.1	-	1	2	132	6	1	2	1	1	1	first	middle	1.000	1.000	constitutive	constitutive	6	122	1
NC_073253.2	135605670	135606324	-2	1	-	NC_073253.2	135605721	135606138	HBEGF	XM_003829193.4	-	2	2	186	51	1	2	1	1	1	first	middle	1.000	1.000	constitutive	constitutive	45	173	1
NC_073253.2	136775408	136775894	-3	1	-	NC_073253.2	136775417	136775839	DIAPH1	XM_034960649.3	-	3	2	55	9	25	26	1	1	1	middle	middle	1.000	1.000	constitutive	constitutive	163	135	1
NC_073253.2	136920294	136920930	-2	1	-	NC_073253.2	136920397	136920793	ARAP3	XM_034960670.3	-	2	2	137	103	9	10	5	5	5	middle	middle	1.000	1.000	constitutive	constitutive	199	85	5
NC_073253.2	145299998	145300427	-3	1	-	NC_073253.2	145300000	145300389	CSF1R	XM_057302361.2	-	3	2	38	2	7	8	1	1	1	middle	middle	1.000	1.000	constitutive	constitutive	115	120	1
NC_073253.2	145362083	145362806	-3	1	-	NC_073253.2	145362365	145362787	PDGFRB	XM_008954451.4	-	3	2	19	282	4	5	7	7	7	middle	middle	1.000	1.000	constitutive	constitutive	127	174	7
NC_073253.2	145433097	145433640	1	1	+	NC_073253.2	145433098	145433493	SLC6A7	XM_003829024.6	+	1	2	1	147	11	12	1	1	1	middle	middle	1.000	1.000	constitutive	constitutive	99	100	1
NC_073253.2	145921542	145922016	-2	1	-	NC_073253.2	145921563	145921975	RBM22	XM_003829012.5	-	2	2	41	21	9	10	2	2	2	middle	middle	1.000	1.000	constitutive	constitutive	88	131	2
NC_073253.2	150006825	150007389	1	1	+	NC_073253.2	150006835	150007290	LARP1	XM_008954411.4	+	1	2	10	99	9	10	11	11	11	middle	middle	1.000	1.000	constitutive	constitutive	123	205	11
NC_073253.2	150144383	150144659	3	1	+	NC_073253.2	150144504	150144658	MRPL22	XM_003828960.6	+	3	2	121	1	1	2	2	1	1	first	middle	0.500	0.500	unique	unique	27	48	1
NC_073253.2	1585848	1586253	-2	1	-	NC_073253.2	1586017	1586201	CLPTM1L	XM_063604162.1	-	2	2	52	169	14	15	2	2	2	middle	middle	1.000	1.000	constitutive	constitutive	55	44	2
NC_073253.2	171609841	171610360	-1	1	-	NC_073253.2	171609843	171610312	RNF44	XM_034961020.3	-	1	2	48	2	5	6	9	9	9	middle	middle	1.000	1.000	constitutive	constitutive	161	124	9
NC_073253.2	171663731	171664604	3	1	+	NC_073253.2	171663738	171664563	CDHR2	XM_034961030.2	+	3	2	7	41	18	19	1	1	1	middle	middle	1.000	1.000	constitutive	constitutive	69	605	1
NC_073253.2	171732118	171732562	2	1	+	NC_073253.2	171732176	171732460	TSPAN17	XM_003806846.5	+	2	2	58	102	2	3	7	7	7	middle	middle	1.000	1.000	constitutive	constitutive	50	146	7
NC_073253.2	171960254	171961043	3	1	+	NC_073253.2	171960490	171961001	UNC5A	XM_034961039.3	+	3	2	236	42	10	11	4	4	4	middle	middle	1.000	1.000	constitutive	constitutive	87	168	4
NC_073253.2	171961522	171962575	2	1	+	NC_073253.2	171961541	171962575	UNC5A	XM_034961039.3	+	2	2	19	0	13	14	4	4	2	middle	last	1.000	0.500	constitutive	alternative	149	803	2
NC_073253.2	171961522	171962575	2	1	+	NC_073253.2	171961541	171961936	UNC5A	XM_034961041.3	+	2	2	19	639	13	14	4	4	2	middle	middle	1.000	0.500	constitutive	alternative	149	164	2
NC_073253.2	171964598	171965456	-3	1	-	NC_073253.2	171964600	171965145	HK3	XM_003806847.7	-	3	2	311	2	16	17	1	1	1	middle	middle	1.000	1.000	constitutive	constitutive	155	233	1
NC_073253.2	172451360	172452074	3	1	+	NC_073253.2	172451499	172451910	RGS14	XM_008958292.3	+	3	2	139	164	6	7	1	1	1	middle	middle	1.000	1.000	constitutive	constitutive	143	111	1
NC_073253.2	172455256	172455847	2	1	+	NC_073253.2	172455402	172455641	RGS14	XM_008958292.3	+	2	2	146	206	13	14	1	1	1	middle	middle	1.000	1.000	constitutive	constitutive	46	114	1
NC_073253.2	172469927	172470452	3	1	+	NC_073253.2	172470004	172470366	SLC34A1	XM_014345158.4	+	3	2	77	86	2	3	3	3	3	middle	middle	1.000	1.000	constitutive	constitutive	149	128	3
NC_073253.2	172487585	172488428	-3	1	-	NC_073253.2	172487666	172488274	F12	XM_034961069.3	-	3	2	154	81	10	11	4	4	4	middle	middle	1.000	1.000	constitutive	constitutive	231	136	4
NC_073253.2	172520646	172521177	1	1	+	NC_073253.2	172520699	172521156	GRK6	XM_034961072.4	+	1	2	53	21	12	13	4	4	4	middle	middle	1.000	1.000	constitutive	constitutive	208	137	4
NC_073253.2	172525297	172526167	2	1	+	NC_073253.2	172525319	172525672	GRK6	XM_034961072.4	+	2	2	22	495	14	15	4	4	2	middle	middle	1.000	0.500	constitutive	alternative	137	137	2
NC_073253.2	172525297	172526167	2	1	+	NC_073253.2	172525319	172525672	GRK6	XM_034961073.3	+	2	2	22	495	14	15	4	4	2	middle	middle	1.000	0.500	constitutive	alternative	137	134	2
NC_073253.2	172567477	172568092	-1	1	-	NC_073253.2	172567739	172568062	PDLIM7	XM_003806866.3	-	1	2	30	262	10	11	6	5	5	middle	middle	0.833	0.833	alternative	alternative	120	115	5
NC_073253.2	172576105	172576624	-1	1	-	NC_073253.2	172576232	172576504	PDLIM7	XM_003806866.3	-	1	2	120	127	2	3	6	6	6	middle	middle	1.000	1.000	constitutive	constitutive	151	30	6
NC_073253.2	173083918	173084506	2	1	+	NC_073253.2	173083995	173084404	RMND5B	XM_003805369.6	+	2	2	77	102	2	3	9	8	9	middle	middle	0.889	1.000	alternative	constitutive	145	140	8
NC_073253.2	173083918	173084506	2	1	+	NC_073253.2	173084036	173084404	RMND5B	XM_034961116.3	+	2	2	118	102	1	2	9	1	9	first	middle	0.111	1.000	unique	constitutive	104	140	1
NC_073253.2	173088917	173089289	3	1	+	NC_073253.2	173088938	173089288	RMND5B	XM_003805369.6	+	3	2	21	1	7	8	9	9	9	middle	middle	1.000	1.000	constitutive	constitutive	102	154	9
NC_073253.2	173189512	173189944	-1	1	-	NC_073253.2	173189534	173189899	COL23A1	XM_034961132.3	-	1	2	45	22	24	25	2	2	2	middle	middle	1.000	1.000	constitutive	constitutive	53	26	2
NC_073253.2	173930419	173931298	-1	1	-	NC_073253.2	173930429	173931282	GRM6	XM_034961158.3	-	1	2	16	10	7	8	1	1	1	middle	middle	1.000	1.000	constitutive	constitutive	145	623	1
NC_073253.2	174738593	174738929	3	1	+	NC_073253.2	174738692	174738928	LTC4S	XM_034961211.1	+	3	2	99	1	4	5	1	1	1	middle	middle	1.000	1.000	constitutive	constitutive	70	81	1
NC_073253.2	174742881	174743340	-2	1	-	NC_073253.2	174742965	174743320	MGAT4B	XM_034961200.3	-	2	2	20	84	6	7	3	3	3	middle	middle	1.000	1.000	constitutive	constitutive	75	114	3
NC_073253.2	175160466	175161264	-2	1	-	NC_073253.2	175160554	175161012	RASGEF1C	XM_055112916.3	-	2	2	252	88	1	2	3	3	3	first	middle	1.000	1.000	constitutive	constitutive	176	122	3
NC_073253.2	176043716	176044676	3	1	+	NC_073253.2	176044312	176044617	BTNL9	XM_024928892.3	+	3	2	596	59	4	5	5	5	5	middle	middle	1.000	1.000	constitutive	constitutive	119	32	5
NC_073253.2	19646994	19647744	-2	1	-	NC_073253.2	19647115	19647516	RHOBTB3	XM_003822756.5	-	2	2	228	121	1	2	1	1	1	first	middle	1.000	1.000	constitutive	constitutive	1	225	1
NC_073253.2	382589	383156	3	1	+	NC_073253.2	382662	383063	PLEKHG4B	XM_063604077.1	+	3	2	73	93	15	16	1	1	1	middle	middle	1.000	1.000	constitutive	constitutive	89	230	1
NC_073253.2	5560341	5560956	1	1	+	NC_073253.2	5560428	5560926	ADAMTS16	XM_034959711.3	+	1	2	87	30	19	20	4	2	2	middle	middle	0.500	0.500	alternative	alternative	201	194	2
NC_073253.2	68831	69359	-3	1	-	NC_073253.2	69023	69320	LOC129398493	XM_063604079.1	-	3	2	39	192	2	3	1	1	1	middle	middle	1.000	1.000	constitutive	constitutive	108	110	1
NC_073253.2	8152529	8152985	3	1	+	NC_073253.2	8152601	8152984	MTRR	XM_003809224.5	+	3	2	72	1	12	13	5	5	5	middle	middle	1.000	1.000	constitutive	constitutive	92	182	5
NC_073253.2	92146129	92146699	2	1	+	NC_073253.2	92146130	92146624	ERAP2	XM_003817930.6	+	2	2	1	75	7	8	2	2	2	middle	middle	1.000	1.000	constitutive	constitutive	131	131	2
NC_073254.2	105724909	105725407	-1	1	-	NC_073254.2	105724955	105725344	SYNCRIP	XM_003822840.6	-	1	2	63	46	4	5	8	8	8	middle	middle	1.000	1.000	constitutive	constitutive	113	176	8
NC_073254.2	129451118	129451592	3	1	+	NC_073254.2	129451179	129451520	SMPD2	XM_003805514.5	+	3	2	61	72	6	7	1	1	1	middle	middle	1.000	1.000	constitutive	constitutive	82	132	1
NC_073254.2	129462392	129463244	-3	1	-	NC_073254.2	129462425	129462983	MICAL1	XM_003805510.4	-	3	2	261	33	1	2	7	5	7	first	middle	0.714	1.000	alternative	constitutive	257	207	5
NC_073254.2	129462392	129463244	-3	1	-	NC_073254.2	129462425	129463026	MICAL1	XM_034962683.3	-	3	2	218	33	2	3	7	2	7	middle	middle	0.286	1.000	alternative	constitutive	300	207	2
NC_073254.2	151938092	151938695	-3	1	-	NC_073254.2	151938116	151938518	CCN2	XM_034962865.3	-	3	2	177	24	1	2	1	1	1	first	middle	1.000	1.000	constitutive	constitutive	65	222	1
NC_073254.2	152717642	152718092	-3	1	-	NC_073254.2	152717644	152718083	VNN3P	XM_063605081.1	-	3	2	9	2	1	2	1	1	1	first	middle	1.000	1.000	constitutive	constitutive	212	130	1
NC_073254.2	170827451	170827814	3	1	+	NC_073254.2	170827452	170827805	PLEKHG1	XM_003811506.6	+	3	2	1	9	8	9	5	5	5	middle	middle	1.000	1.000	constitutive	constitutive	95	86	5
NC_073254.2	178178887	178179412	2	1	+	NC_073254.2	178178912	178179302	SYNJ2	XM_014345522.4	+	2	2	25	110	10	11	9	9	9	middle	middle	1.000	1.000	constitutive	constitutive	149	165	9
NC_073254.2	188170604	188171549	-3	1	-	NC_073254.2	188170892	188171404	LOC134730642	XM_063605551.1	-	3	2	145	288	2	3	1	1	1	middle	middle	1.000	1.000	constitutive	constitutive	207	85	1
NC_073254.2	191070628	191071156	2	1	+	NC_073254.2	191070668	191070965	LOC134730644	XM_063605563.1	+	2	2	40	191	2	3	1	1	1	middle	middle	1.000	1.000	constitutive	constitutive	108	110	1
NC_073254.2	34476564	34477632	1	1	+	NC_073254.2	34476769	34477632	ID4	XM_034961525.3	+	1	2	205	0	1	2	1	1	1	first	last	1.000	1.000	constitutive	constitutive	440	41	1
NC_073254.2	40422479	40422941	3	1	+	NC_073254.2	40422576	40422940	SLC17A4	XM_055113244.3	+	3	2	97	1	8	9	1	1	1	middle	middle	1.000	1.000	constitutive	constitutive	132	147	1
NC_073254.2	44432232	44432754	1	1	+	NC_073254.2	44432278	44432749	LOC100978774	XM_063604769.1	+	1	2	46	5	1	2	1	1	1	first	middle	1.000	1.000	constitutive	constitutive	72	269	1
NC_073254.2	45136217	45136607	3	1	+	NC_073254.2	45136218	45136602	ABCF1	XM_008959477.5	+	3	2	1	5	3	4	3	3	2	middle	middle	1.000	0.667	constitutive	alternative	95	129	2
NC_073254.2	45136217	45136607	3	1	+	NC_073254.2	45136218	45136602	ABCF1	XM_034961694.3	+	3	2	1	5	3	4	3	3	1	middle	middle	1.000	0.333	constitutive	unique	95	126	1
NC_073254.2	45219468	45220014	-2	1	-	NC_073254.2	45219610	45219972	DHX16	XM_003807345.5	-	2	2	42	142	11	12	2	2	2	middle	middle	1.000	1.000	constitutive	constitutive	98	152	2
NC_073254.2	45222752	45223400	-3	1	-	NC_073254.2	45222760	45223154	DHX16	XM_003807345.5	-	3	2	246	8	8	9	2	1	1	middle	middle	0.500	0.500	unique	unique	110	115	1
NC_073254.2	45449368	45449746	2	1	+	NC_073254.2	45449441	45449721	DDR1	XM_003807341.5	+	2	2	73	25	1	2	13	11	13	first	middle	0.846	1.000	alternative	constitutive	84	102	11
NC_073254.2	45449368	45449746	2	1	+	NC_073254.2	45449399	45449721	DDR1	XM_003807344.7	+	2	2	31	25	2	3	13	2	13	middle	middle	0.154	1.000	alternative	constitutive	126	102	2
NC_073254.2	45453684	45454236	1	1	+	NC_073254.2	45453791	45454146	DDR1	XM_003807341.5	+	1	2	107	90	8	9	13	13	13	middle	middle	1.000	1.000	constitutive	constitutive	95	151	13
NC_073254.2	45483700	45484018	2	1	+	NC_073254.2	45483722	45483992	VARS2	XM_008959448.6	+	2	2	22	26	21	22	7	7	7	middle	middle	1.000	1.000	constitutive	constitutive	68	78	7
NC_073254.2	45706549	45706996	-1	1	-	NC_073254.2	45706570	45706956	CCHCR1	XM_008959435.4	-	1	2	40	21	14	15	7	7	7	middle	middle	1.000	1.000	constitutive	constitutive	188	101	7
NC_073254.2	45712042	45712771	-1	1	-	NC_073254.2	45712337	45712742	CCHCR1	XM_008959435.4	-	1	2	29	295	6	7	7	7	7	middle	middle	1.000	1.000	constitutive	constitutive	135	110	7
NC_073254.2	45718645	45719044	-1	1	-	NC_073254.2	45718647	45719005	CCHCR1	XM_008959435.4	-	1	2	39	2	2	3	7	2	7	middle	middle	0.286	1.000	alternative	constitutive	66	213	2
NC_073254.2	45718645	45719044	-1	1	-	NC_073254.2	45718647	45718954	CCHCR1	XM_008959438.5	-	1	2	90	2	1	2	7	5	7	first	middle	0.714	1.000	alternative	constitutive	15	213	5
NC_073254.2	46244159	46244621	-3	1	-	NC_073254.2	46244174	46244530	VWA7	XM_003831552.6	-	3	2	91	15	11	12	1	1	1	middle	middle	1.000	1.000	constitutive	constitutive	152	92	1
NC_073254.2	46255893	46256652	-2	1	-	NC_073254.2	46255978	46256547	VARS1	XM_003831551.4	-	2	2	105	85	27	28	2	2	2	middle	middle	1.000	1.000	constitutive	constitutive	111	325	2
NC_073254.2	46258332	46258938	-2	1	-	NC_073254.2	46258492	46258772	VARS1	XM_003831551.4	-	2	2	166	160	19	20	2	2	2	middle	middle	1.000	1.000	constitutive	constitutive	70	125	2
NC_073254.2	46343690	46344221	-3	1	-	NC_073254.2	46343856	46344120	SLC44A4	XM_003831545.5	-	3	2	101	166	15	16	2	2	2	middle	middle	1.000	1.000	constitutive	constitutive	70	94	2
NC_073254.2	46359713	46360328	-3	1	-	NC_073254.2	46359715	46360134	EHMT2	XM_008956881.6	-	3	2	194	2	24	25	10	10	10	middle	middle	1.000	1.000	constitutive	constitutive	78	175	10
NC_073254.2	46421066	46421588	3	1	+	NC_073254.2	46421277	46421579	C2	XM_008956876.4	+	3	2	211	9	16	17	3	3	3	middle	middle	1.000	1.000	constitutive	constitutive	126	49	3
NC_073254.2	46427830	46428250	2	1	+	NC_073254.2	46427894	46428157	CFB	XM_008956880.4	+	2	2	64	93	16	17	1	1	1	middle	middle	1.000	1.000	constitutive	constitutive	132	49	1
NC_073254.2	46465004	46465406	3	1	+	NC_073254.2	46465005	46465398	C4A	XM_034961790.3	+	3	2	1	8	27	28	1	1	1	middle	middle	1.000	1.000	constitutive	constitutive	116	171	1
NC_073254.2	46467666	46468224	1	1	+	NC_073254.2	46467791	46468182	C4A	XM_034961790.3	+	1	2	125	42	33	34	1	1	1	middle	middle	1.000	1.000	constitutive	constitutive	186	90	1
NC_073254.2	46470023	46470557	3	1	+	NC_073254.2	46470106	46470378	C4A	XM_034961790.3	+	3	2	83	179	37	38	1	1	1	middle	middle	1.000	1.000	constitutive	constitutive	89	98	1
NC_073254.2	46478226	46478910	-2	1	-	NC_073254.2	46478322	46478663	LOC112440090	XM_055113449.2	-	2	2	247	96	9	10	1	1	1	middle	middle	1.000	1.000	constitutive	constitutive	151	96	1
NC_073254.2	46478991	46479525	-2	1	-	NC_073254.2	46479007	46479374	LOC112440090	XM_055113449.2	-	2	2	151	16	6	7	1	1	1	middle	middle	1.000	1.000	constitutive	constitutive	143	130	1
NC_073254.2	46479724	46480237	-1	1	-	NC_073254.2	46479805	46480185	LOC112440090	XM_055113449.2	-	1	2	52	81	3	4	1	1	1	middle	middle	1.000	1.000	constitutive	constitutive	122	143	1
NC_073254.2	46491465	46491867	1	1	+	NC_073254.2	46491466	46491859	LOC100988452	XM_003831534.5	+	1	2	1	8	27	28	1	1	1	middle	middle	1.000	1.000	constitutive	constitutive	116	171	1
NC_073254.2	46494127	46494685	2	1	+	NC_073254.2	46494252	46494643	LOC100988452	XM_003831534.5	+	2	2	125	42	33	34	1	1	1	middle	middle	1.000	1.000	constitutive	constitutive	186	90	1
NC_073254.2	46496484	46497018	1	1	+	NC_073254.2	46496567	46496839	LOC100988452	XM_003831534.5	+	1	2	83	179	37	38	1	1	1	middle	middle	1.000	1.000	constitutive	constitutive	89	98	1
NC_073254.2	46504681	46505365	-1	1	-	NC_073254.2	46504777	46505118	LOC100992963	XM_063605246.1	-	1	2	247	96	39	40	5	5	5	middle	middle	1.000	1.000	constitutive	constitutive	151	96	5
NC_073254.2	46505446	46505980	-1	1	-	NC_073254.2	46505462	46505829	LOC100992963	XM_063605246.1	-	1	2	151	16	36	37	5	5	5	middle	middle	1.000	1.000	constitutive	constitutive	143	130	5
NC_073254.2	46506179	46506692	-3	1	-	NC_073254.2	46506260	46506640	LOC100992963	XM_063605246.1	-	3	2	52	81	33	34	5	5	5	middle	middle	1.000	1.000	constitutive	constitutive	122	143	5
NC_073254.2	46530834	46531986	-2	1	-	NC_073254.2	46530897	46531643	LOC100992963	XM_063605246.1	-	2	2	343	63	15	16	5	5	5	middle	middle	1.000	1.000	constitutive	constitutive	314	317	5
NC_073254.2	46618242	46618578	1	1	+	NC_073254.2	46618274	46618564	PPT2	XM_003829767.5	+	1	2	32	14	4	5	3	3	3	middle	middle	1.000	1.000	constitutive	constitutive	95	107	3
NC_073254.2	46643085	46643400	1	1	+	NC_073254.2	46643086	46643400	RNF5	XM_003829773.5	+	1	2	1	0	5	6	2	2	2	middle	last	1.000	1.000	constitutive	constitutive	117	94	2
NC_073254.2	46683124	46683694	-1	1	-	NC_073254.2	46683154	46683666	NOTCH4	XM_003829762.4	-	1	2	28	30	6	7	2	2	2	middle	middle	1.000	1.000	constitutive	constitutive	236	155	2
NC_073254.2	47455337	47455874	3	1	+	NC_073254.2	47455501	47455874	BRD2	XM_024929272.3	+	3	2	164	0	11	12	5	5	5	middle	last	1.000	1.000	constitutive	constitutive	122	133	5
NC_073254.2	47643414	47643897	-2	1	-	NC_073254.2	47643423	47643858	COL11A2	XM_003808587.5	-	2	2	39	9	62	63	6	6	6	middle	middle	1.000	1.000	constitutive	constitutive	53	267	6
NC_073254.2	47645112	47645523	-2	1	-	NC_073254.2	47645137	47645406	COL11A2	XM_003808587.5	-	2	2	117	25	56	57	6	6	6	middle	middle	1.000	1.000	constitutive	constitutive	107	53	6
NC_073254.2	47648126	47648600	-3	1	-	NC_073254.2	47648202	47648489	COL11A2	XM_003808587.5	-	3	2	111	76	47	48	6	6	6	middle	middle	1.000	1.000	constitutive	constitutive	53	53	6
NC_073254.2	47672776	47673310	-1	1	-	NC_073254.2	47672778	47673287	RXRB	XM_003808590.6	-	1	2	23	2	8	9	2	1	2	middle	middle	0.500	1.000	unique	constitutive	91	105	1
NC_073254.2	47672776	47673310	-1	1	-	NC_073254.2	47672778	47673299	RXRB	XM_008960655.5	-	1	2	11	2	8	9	2	1	2	middle	middle	0.500	1.000	unique	constitutive	103	105	1
NC_073254.2	47767892	47768357	3	1	+	NC_073254.2	47768080	47768356	PFDN6	XM_008960652.5	+	3	2	188	1	2	3	3	3	3	middle	middle	1.000	1.000	constitutive	constitutive	70	124	3
NC_073254.2	47771698	47772070	-1	1	-	NC_073254.2	47771700	47771971	RGL2	XM_003808574.5	-	1	2	99	2	11	12	4	4	4	middle	middle	1.000	1.000	constitutive	constitutive	32	121	4
NC_073254.2	47772873	47773161	-2	1	-	NC_073254.2	47772883	47773117	RGL2	XM_003808574.5	-	2	2	44	10	8	9	4	4	4	middle	middle	1.000	1.000	constitutive	constitutive	84	68	4
NC_073254.2	48163087	48163900	2	1	+	NC_073254.2	48163201	48163532	ITPR3	XM_003808557.4	+	2	2	114	368	37	38	7	7	7	middle	middle	1.000	1.000	constitutive	constitutive	108	90	7
NC_073254.2	48164425	48165184	2	1	+	NC_073254.2	48164487	48165097	ITPR3	XM_003808557.4	+	2	2	62	87	41	42	7	7	7	middle	middle	1.000	1.000	constitutive	constitutive	184	200	7
NC_073254.2	49760858	49761665	3	1	+	NC_073254.2	49761103	49761593	ZNF76	XM_003808530.5	+	3	2	245	72	9	10	7	7	7	middle	middle	1.000	1.000	constitutive	constitutive	233	163	7
NC_073254.2	50215771	50216254	2	1	+	NC_073254.2	50215844	50216230	ARMC12	XM_055113512.2	+	2	2	73	24	5	6	1	1	1	middle	middle	1.000	1.000	constitutive	constitutive	173	71	1
NC_073254.2	56084763	56085384	1	1	+	NC_073254.2	56084929	56085328	FOXP4	XM_034962056.3	+	1	2	166	56	9	10	17	17	10	middle	middle	1.000	0.588	constitutive	alternative	83	207	10
NC_073254.2	56084763	56085384	1	1	+	NC_073254.2	56084929	56085328	FOXP4	XM_034962059.3	+	1	2	166	56	9	10	17	17	7	middle	middle	1.000	0.412	constitutive	alternative	83	171	7
NC_073254.2	57510636	57511149	1	1	+	NC_073254.2	57510783	57511116	PPP2R5D	XM_003833272.5	+	1	2	147	33	14	15	1	1	1	middle	middle	1.000	1.000	constitutive	constitutive	72	116	1
NC_073254.2	57704574	57705345	1	1	+	NC_073254.2	57704669	57705344	CUL9	XM_003833264.7	+	1	3	95	1	21	23	6	6	6	middle	middle	1.000	1.000	constitutive	constitutive	109	160	6
NC_073254.2	57758789	57759917	3	1	+	NC_073254.2	57759029	57759697	TTBK1	XM_034962125.4	+	3	2	240	220	11	12	4	4	4	middle	middle	1.000	1.000	constitutive	constitutive	231	175	4
NC_073254.2	58659361	58659928	2	1	+	NC_073254.2	58659413	58659928	TMEM63B	XM_003833230.4	+	2	2	52	0	22	23	7	7	7	middle	last	1.000	1.000	constitutive	constitutive	80	188	7
NC_073254.2	58686981	58687629	1	1	+	NC_073254.2	58687222	58687516	CAPN11	XM_003833229.5	+	1	2	241	113	20	21	1	1	1	middle	middle	1.000	1.000	constitutive	constitutive	78	116	1
NC_073254.2	58760699	58761944	-3	1	-	NC_073254.2	58760705	58761440	SLC35B2	XM_003833227.6	-	3	2	504	6	1	2	3	1	1	first	middle	0.333	0.333	unique	unique	10	193	1
NC_073254.2	58764027	58764645	-2	1	-	NC_073254.2	58764070	58764566	NFKBIE	XM_003833228.6	-	2	2	79	43	4	5	1	1	1	middle	middle	1.000	1.000	constitutive	constitutive	88	239	1
NC_073254.2	58806768	58807464	-2	1	-	NC_073254.2	58806802	58807425	AARS2	XM_003833218.5	-	2	2	39	34	15	17	2	2	2	middle	middle	1.000	1.000	constitutive	constitutive	137	108	2
NC_073254.2	71119284	71119602	-2	1	-	NC_073254.2	71119286	71119602	DST	XM_008954352.4	-	2	2	0	2	13	14	15	14	14	middle	middle	0.933	0.933	alternative	alternative	95	127	14
NC_073254.2	85679377	85679839	2	1	+	NC_073254.2	85679474	85679838	LOC129398007	XM_055113846.2	+	2	2	97	1	8	9	1	1	1	middle	middle	1.000	1.000	constitutive	constitutive	132	147	1
NC_073254.2	93496592	93497210	-3	1	-	NC_073254.2	93496617	93497201	EEF1A1	XM_003809528.5	-	3	2	9	25	2	3	3	3	3	middle	middle	1.000	1.000	constitutive	constitutive	179	296	3
NC_073254.2	99132724	99133408	-1	1	-	NC_073254.2	99132779	99133399	PHIP	XM_034962408.3	-	1	3	9	55	1	4	4	4	4	first	middle	1.000	1.000	constitutive	constitutive	39	59	4
NC_073255.2	11169147	11169876	1	1	+	NC_073255.2	11169172	11169549	GRID2IP	XM_034963655.3	+	1	2	25	327	16	17	7	7	7	middle	middle	1.000	1.000	constitutive	constitutive	155	86	7
NC_073255.2	112251436	112251835	2	1	+	NC_073255.2	112251533	112251790	COL1A2	XM_063606253.1	+	2	2	97	45	26	27	1	1	1	middle	middle	1.000	1.000	constitutive	constitutive	53	53	1
NC_073255.2	116077285	116077774	-3	1	-	NC_073255.2	116077287	116077699	TECPR1	XM_003815697.6	-	3	2	75	2	12	13	2	2	2	middle	middle	1.000	1.000	constitutive	constitutive	149	157	2
NC_073255.2	118486557	118487469	-1	1	-	NC_073255.2	118486558	118487214	LRCH4	XM_008965431.6	-	1	2	255	1	17	18	3	3	3	middle	last	1.000	1.000	constitutive	constitutive	77	194	3
NC_073255.2	118526142	118526568	1	1	+	NC_073255.2	118526255	118526568	MOSPD3	XM_003812914.4	+	1	2	113	0	4	5	4	4	4	middle	last	1.000	1.000	constitutive	constitutive	164	28	4
NC_073255.2	118539290	118539686	-2	1	-	NC_073255.2	118539425	118539658	TFR2	XM_055115237.2	-	2	2	28	135	12	13	3	3	3	middle	middle	1.000	1.000	constitutive	constitutive	82	63	3
NC_073255.2	118544285	118544756	-2	1	-	NC_073255.2	118544346	118544685	TFR2	XM_055115237.2	-	2	2	71	61	5	6	3	3	3	middle	middle	1.000	1.000	constitutive	constitutive	111	122	3
NC_073255.2	118558600	118559044	-3	1	-	NC_073255.2	118558602	118558912	ACTL6B	XM_008965420.4	-	3	2	132	2	8	9	2	2	2	middle	middle	1.000	1.000	constitutive	constitutive	89	61	2
NC_073255.2	118559903	118560368	-2	1	-	NC_073255.2	118559934	118560201	ACTL6B	XM_008965420.4	-	2	2	167	31	6	7	2	2	2	middle	middle	1.000	1.000	constitutive	constitutive	94	106	2
NC_073255.2	118567099	118567792	-3	1	-	NC_073255.2	118567199	118567750	ACTL6B	XM_008965420.4	-	3	2	42	100	1	2	2	2	2	first	middle	1.000	1.000	constitutive	constitutive	24	76	2
NC_073255.2	118594837	118595830	-3	1	-	NC_073255.2	118595243	118595577	GIGYF1	XM_034964604.3	-	3	2	253	406	17	18	14	14	14	middle	middle	1.000	1.000	constitutive	constitutive	82	140	14
NC_073255.2	118595630	118596254	-2	1	-	NC_073255.2	118595762	118596099	GIGYF1	XM_034964604.3	-	2	2	155	132	15	16	14	14	14	middle	middle	1.000	1.000	constitutive	constitutive	134	100	14
NC_073255.2	118771573	118772461	2	1	+	NC_073255.2	118771607	118772365	SLC12A9	XM_055115247.3	+	2	2	34	96	16	17	12	3	3	middle	middle	0.250	0.250	alternative	alternative	125	371	3
NC_073255.2	118788329	118788647	3	1	+	NC_073255.2	118788330	118788627	SRRT	XM_003812897.5	+	3	2	1	20	7	8	6	6	6	middle	middle	1.000	1.000	constitutive	constitutive	95	117	6
NC_073255.2	118855474	118866310	2	1	+	NC_073255.2	118855533	118866197	MUC3A	XM_055114732.1	+	2	4	59	113	2	5	1	1	1	middle	middle	1.000	1.000	constitutive	constitutive	5783	2063	1
NC_073255.2	118947901	118948492	2	1	+	NC_073255.2	118948186	118948483	LOC117981257	XM_055115311.1	+	2	2	285	9	9	10	1	1	1	middle	middle	1.000	1.000	constitutive	constitutive	91	52	1
NC_073255.2	119223495	119224056	-1	1	-	NC_073255.2	119223544	119223886	PLOD3	XM_003807195.5	-	1	2	170	49	13	14	2	2	2	middle	middle	1.000	1.000	constitutive	constitutive	141	113	2
NC_073255.2	119224802	119225261	-2	1	-	NC_073255.2	119224804	119225163	PLOD3	XM_003807195.5	-	2	2	98	2	11	12	2	2	2	middle	middle	1.000	1.000	constitutive	constitutive	104	125	2
NC_073255.2	120497197	120497641	-3	1	-	NC_073255.2	120497198	120497492	LOC100972043	XM_055114751.2	-	3	2	149	1	20	21	7	5	5	middle	last	0.714	0.714	alternative	alternative	64	118	5
NC_073255.2	120591548	120591992	-2	1	-	NC_073255.2	120591549	120591843	LOC129398188	XM_055114771.2	-	2	2	149	1	10	11	1	1	1	middle	last	1.000	1.000	constitutive	constitutive	64	118	1
NC_073255.2	141979233	141979638	-1	1	-	NC_073255.2	141979300	141979613	SRPK2	XM_034964709.2	-	1	2	25	67	14	15	9	9	9	middle	middle	1.000	1.000	constitutive	constitutive	100	107	9
NC_073255.2	142415988	142416378	1	1	+	NC_073255.2	142416006	142416377	RINT1	XM_003811188.6	+	1	2	18	1	14	15	1	1	1	middle	middle	1.000	1.000	constitutive	constitutive	180	118	1
NC_073255.2	165645666	165646326	1	1	+	NC_073255.2	165645752	165646149	FLNC	XM_003813502.5	+	1	2	86	177	12	13	5	5	5	middle	middle	1.000	1.000	constitutive	constitutive	193	113	5
NC_073255.2	165648331	165648856	2	1	+	NC_073255.2	165648377	165648847	FLNC	XM_003813502.5	+	2	2	46	9	19	20	5	5	5	middle	middle	1.000	1.000	constitutive	constitutive	117	262	5
NC_073255.2	165655271	165656081	3	1	+	NC_073255.2	165655381	165655938	FLNC	XM_003813502.5	+	3	2	110	143	33	34	5	5	5	middle	middle	1.000	1.000	constitutive	constitutive	140	128	5
NC_073255.2	165691207	165691540	-3	1	-	NC_073255.2	165691211	165691522	KCP	XM_055114852.2	-	3	2	18	4	24	25	1	1	1	middle	middle	1.000	1.000	constitutive	constitutive	90	82	1
NC_073255.2	178448259	178448868	-1	1	-	NC_073255.2	178448261	178448675	DENND11	XM_034965115.3	-	1	2	193	2	6	7	1	1	1	middle	middle	1.000	1.000	constitutive	constitutive	131	150	1
NC_073255.2	179179043	179179613	3	1	+	NC_073255.2	179179152	179179613	LOC112440465	unassigned_transcript_377	+	3	2	109	0	1	2	1	1	1	first	last	1.000	1.000	constitutive	constitutive	48	304	1
NC_073255.2	179286860	179287661	3	1	+	NC_073255.2	179286861	179287485	LOC100995080	unassigned_transcript_389	+	3	2	1	176	2	3	1	1	1	middle	middle	1.000	1.000	constitutive	constitutive	198	293	1
NC_073255.2	179294728	179295352	2	1	+	NC_073255.2	179294813	179295352	LOC129398291	unassigned_transcript_390	+	2	2	85	0	1	2	1	1	1	first	last	1.000	1.000	constitutive	constitutive	75	340	1
NC_073255.2	179763048	179763546	-1	1	-	NC_073255.2	179763087	179763493	LOC100989368	XM_063606397.1	-	1	2	53	39	29	30	1	1	1	middle	middle	1.000	1.000	constitutive	constitutive	165	66	1
NC_073255.2	180873392	180874016	3	1	+	NC_073255.2	180873396	180874016	LOC106635009	XM_055115267.1	+	3	2	4	0	1	2	1	1	1	first	last	1.000	1.000	constitutive	constitutive	251	323	1
NC_073255.2	187364987	187365680	-2	1	-	NC_073255.2	187364989	187365535	KCNH2	XM_014345869.5	-	2	2	145	2	12	13	6	4	4	middle	middle	0.667	0.667	alternative	alternative	272	186	4
NC_073255.2	187430099	187430489	3	1	+	NC_073255.2	187430151	187430488	NOS3	XM_008967939.5	+	3	2	52	1	17	18	5	1	1	middle	middle	0.200	0.200	unique	unique	132	78	1
NC_073255.2	187444623	187444965	-1	1	-	NC_073255.2	187444625	187444910	ATG9B	XM_055115530.2	-	1	2	55	2	3	4	4	2	2	middle	middle	0.500	0.500	alternative	alternative	43	64	2
NC_073255.2	187473389	187474208	3	1	+	NC_073255.2	187473725	187473977	ASIC3	XM_034965256.3	+	3	2	336	231	9	10	10	10	10	middle	middle	1.000	1.000	constitutive	constitutive	91	79	10
NC_073255.2	187478771	187479317	-2	1	-	NC_073255.2	187478827	187479079	CDK5	XM_055115536.1	-	2	2	238	56	2	3	2	2	2	middle	middle	1.000	1.000	constitutive	constitutive	88	67	2
NC_073255.2	187497427	187498240	2	1	+	NC_073255.2	187497552	187498132	SLC4A2	XM_055115532.3	+	2	2	125	108	20	21	1	1	1	middle	middle	1.000	1.000	constitutive	constitutive	169	173	1
NC_073255.2	187538459	187539203	3	1	+	NC_073255.2	187538692	187539081	AGAP3	XM_008967950.6	+	3	2	233	122	2	3	8	5	5	middle	middle	0.625	0.625	alternative	alternative	58	87	5
NC_073255.2	187661139	187662003	-1	1	-	NC_073255.2	187661374	187661724	SMARCD3	XM_008967959.4	-	1	2	279	235	9	10	3	3	3	middle	middle	1.000	1.000	constitutive	constitutive	122	101	3
NC_073255.2	194255459	194258498	3	1	+	NC_073255.2	194256813	194258498	LOC134730747	XM_063606150.1	+	3	2	1354	0	4	6	1	1	1	middle	last	1.000	1.000	constitutive	constitutive	128	1300	1
NC_073255.2	31026277	31026583	-3	1	-	NC_073255.2	31026301	31026558	HNRNPA2B1	XM_003807916.5	-	3	2	25	24	5	6	5	5	5	middle	middle	1.000	1.000	constitutive	constitutive	101	80	5
NC_073255.2	35779996	35780698	2	1	+	NC_073255.2	35780126	35780462	GHRHR	XM_008958907.5	+	2	2	130	236	2	3	1	1	1	middle	middle	1.000	1.000	constitutive	constitutive	102	107	1
NC_073255.2	41355273	41355699	-1	1	-	NC_073255.2	41355277	41355473	AOAH	XM_003814969.5	-	1	2	226	4	17	18	4	4	4	middle	middle	1.000	1.000	constitutive	constitutive	58	59	4
NC_073255.2	43189441	43190179	-3	1	-	NC_073255.2	43189442	43190119	LOC117980923	unassigned_transcript_359	-	3	2	60	1	1	2	1	1	1	first	last	1.000	1.000	constitutive	constitutive	42	523	1
NC_073255.2	4828886	4829357	3	1	+	NC_073255.2	4828904	4829282	LOC117981174	XM_063606152.1	+	3	2	18	75	17	18	1	1	1	middle	middle	1.000	1.000	constitutive	constitutive	90	146	1
NC_073255.2	49022257	49022776	2	1	+	NC_073255.2	49022387	49022713	AEBP1	XM_003805233.5	+	2	2	130	63	13	14	1	1	1	middle	middle	1.000	1.000	constitutive	constitutive	144	85	1
NC_073255.2	49146491	49147268	-2	1	-	NC_073255.2	49146573	49146859	CAMK2B	XM_034964021.4	-	2	2	409	82	14	15	8	8	8	middle	middle	1.000	1.000	constitutive	constitutive	37	71	8
NC_073255.2	52711213	52711585	-3	1	-	NC_073255.2	52711276	52711552	PKD1L1	XM_055115919.2	-	3	2	33	63	38	39	1	1	1	middle	middle	1.000	1.000	constitutive	constitutive	110	72	1
NC_073255.2	5929878	5930412	1	1	+	NC_073255.2	5929967	5930340	CYP2W1	XM_034965417.1	+	1	2	89	72	3	4	1	1	1	middle	middle	1.000	1.000	constitutive	constitutive	149	157	1
NC_073255.2	60087407	60088496	-2	1	-	NC_073255.2	60087409	60088331	LOC117980962	XM_034964129.3	-	2	2	165	2	1	2	4	2	4	first	middle	0.500	1.000	alternative	constitutive	553	125	2
NC_073255.2	60087407	60088496	-2	1	-	NC_073255.2	60087409	60088331	LOC117980962	XM_055115962.2	-	2	3	165	2	1	3	4	2	4	first	middle	0.500	1.000	alternative	constitutive	44	125	2
NC_073255.2	60933409	60934186	-3	1	-	NC_073255.2	60933746	60934160	PHKG1	XM_008963810.4	-	3	2	26	337	7	8	5	4	4	middle	middle	0.800	0.800	alternative	alternative	153	125	4
NC_073255.2	6428044	6428944	-3	1	-	NC_073255.2	6428401	6428920	INTS1	XM_055115655.1	-	3	2	24	357	31	32	2	2	2	middle	middle	1.000	1.000	constitutive	constitutive	159	140	2
NC_073255.2	6434822	6435578	-2	1	-	NC_073255.2	6435006	6435377	INTS1	XM_055115655.1	-	2	2	201	184	22	23	2	2	2	middle	middle	1.000	1.000	constitutive	constitutive	179	104	2
NC_073255.2	6436476	6437181	-1	1	-	NC_073255.2	6436516	6436989	INTS1	XM_055115655.1	-	1	2	192	40	20	21	2	2	2	middle	middle	1.000	1.000	constitutive	constitutive	179	149	2
NC_073255.2	6448424	6449387	-2	1	-	NC_073255.2	6448563	6449298	INTS1	XM_055115655.1	-	2	3	89	139	7	9	2	2	2	middle	middle	1.000	1.000	constitutive	constitutive	186	141	2
NC_073255.2	6449390	6449993	-2	1	-	NC_073255.2	6449392	6449768	INTS1	XM_055115655.1	-	2	2	225	2	5	6	2	1	2	middle	middle	0.500	1.000	unique	constitutive	159	105	1
NC_073255.2	6449390	6449993	-2	1	-	NC_073255.2	6449392	6449768	INTS1	XM_055115656.1	-	2	2	225	2	5	6	2	1	2	middle	middle	0.500	1.000	unique	constitutive	153	105	1
NC_073255.2	7533489	7534917	1	1	+	NC_073255.2	7534543	7534824	IQCE	XM_034963539.4	+	1	2	1054	93	7	8	9	7	9	middle	middle	0.778	1.000	alternative	constitutive	113	50	7
NC_073255.2	7533489	7534917	1	1	+	NC_073255.2	7534576	7534824	IQCE	XM_034963549.2	+	1	2	1087	93	1	2	9	2	9	first	middle	0.222	1.000	alternative	constitutive	80	50	2
NC_073255.2	76816169	76817822	-2	1	-	NC_073255.2	76816170	76817731	LOC117980981	XM_034964189.2	-	2	2	91	1	4	5	2	1	1	middle	last	0.500	0.500	unique	unique	824	406	1
NC_073255.2	76816169	76817822	-2	1	-	NC_073255.2	76816170	76817731	LOC117980981	XM_063606260.1	-	2	3	91	1	4	6	2	1	1	middle	last	0.500	0.500	unique	unique	573	399	1
NC_073255.2	82603505	82603955	-2	1	-	NC_073255.2	82603532	82603931	LOC117978413	XM_063605819.1	-	2	2	24	27	1	2	1	1	1	first	middle	1.000	1.000	constitutive	constitutive	84	149	1
NC_073255.2	88696436	88696922	3	1	+	NC_073255.2	88696496	88696842	LOC100987922	XM_063605826.1	+	3	2	60	80	5	6	1	1	1	middle	middle	1.000	1.000	constitutive	constitutive	91	170	1
NC_073255.2	89977435	89977762	2	1	+	NC_073255.2	89977506	89977762	CASTOR2	XM_034951416.3	+	2	2	71	0	8	9	1	1	1	middle	last	1.000	1.000	constitutive	constitutive	94	62	1
NC_073255.2	90122248	90122590	-3	1	-	NC_073255.2	90122250	90122590	NCF1	XM_003810304.6	-	3	2	0	2	3	4	1	1	1	middle	middle	1.000	1.000	constitutive	constitutive	75	165	1
NC_073255.2	90152187	90152649	-1	1	-	NC_073255.2	90152189	90152615	GTF2I	XM_034951428.2	-	1	2	34	2	24	25	17	17	17	middle	middle	1.000	1.000	constitutive	constitutive	65	183	17
NC_073255.2	90856058	90857150	-2	1	-	NC_073255.2	90856511	90857065	ELN	XM_034951382.3	-	2	2	85	453	6	8	50	50	19	middle	middle	1.000	0.380	constitutive	alternative	92	65	19
NC_073255.2	90856058	90857150	-2	1	-	NC_073255.2	90856511	90857065	ELN	XM_034951384.3	-	2	2	85	453	6	8	50	50	31	middle	middle	1.000	0.620	constitutive	alternative	92	50	31
NC_073255.2	91213065	91213377	-1	1	-	NC_073255.2	91213067	91213345	BUD23	XM_003815568.7	-	1	2	32	2	4	5	3	3	3	middle	middle	1.000	1.000	constitutive	constitutive	82	96	3
NC_073255.2	91304390	91305014	3	1	+	NC_073255.2	91304635	91304928	MLXIPL	XM_003815573.4	+	3	2	245	86	10	11	6	6	4	middle	middle	1.000	0.667	constitutive	alternative	67	150	4
NC_073255.2	91304390	91305014	3	1	+	NC_073255.2	91304635	91304928	MLXIPL	XM_008968529.4	+	3	2	245	86	10	11	6	6	2	middle	middle	1.000	0.333	constitutive	alternative	67	147	2
NC_073255.2	93319955	93320312	3	1	+	NC_073255.2	93320021	93320311	POMZP3	XM_034965394.3	+	3	2	66	1	3	5	1	1	1	middle	middle	1.000	1.000	constitutive	constitutive	130	107	1
NC_073255.2	9751361	9751673	3	1	+	NC_073255.2	9751381	9751650	AP5Z1	XM_003819750.6	+	3	2	20	23	8	9	4	4	4	middle	middle	1.000	1.000	constitutive	constitutive	37	162	4
NC_073256.2	108759832	108760090	2	1	+	NC_073256.2	108759842	108760084	SLC26A7	XM_003821136.5	+	2	2	10	6	16	17	3	3	3	middle	middle	1.000	1.000	constitutive	constitutive	54	103	3
NC_073256.2	111506790	111507276	-3	1	-	NC_073256.2	111506809	111507272	CDH17	XM_034966347.2	-	3	2	4	19	5	6	2	1	1	middle	middle	0.500	0.500	unique	unique	158	199	1
NC_073256.2	117310230	117310536	-3	1	-	NC_073256.2	117310245	117310536	RGS22	XM_003821702.5	-	3	2	0	15	25	26	8	8	8	middle	middle	1.000	1.000	constitutive	constitutive	93	80	8
NC_073256.2	15842354	15843647	-1	1	-	NC_073256.2	15842355	15843551	LOC134730857	XM_063606538.1	-	1	2	96	1	1	2	1	1	1	first	last	1.000	1.000	constitutive	constitutive	543	304	1
NC_073256.2	158833055	158833694	-1	1	-	NC_073256.2	158833220	158833595	LOC100987797	XM_055117013.2	-	1	2	99	165	29	30	1	1	1	middle	middle	1.000	1.000	constitutive	constitutive	102	74	1
NC_073256.2	159908435	159908957	3	1	+	NC_073256.2	159908485	159908952	ADGRB1	XM_034966742.3	+	3	2	50	5	4	5	14	13	2	middle	middle	0.929	0.143	alternative	alternative	164	164	2
NC_073256.2	159908435	159908957	3	1	+	NC_073256.2	159908485	159908951	ADGRB1	XM_055117033.2	+	3	2	50	6	4	5	14	13	11	middle	middle	0.929	0.786	alternative	alternative	164	163	11
NC_073256.2	159919921	159920629	2	1	+	NC_073256.2	159920004	159920407	ADGRB1	XM_034966742.3	+	2	2	83	222	14	15	14	13	13	middle	middle	0.929	0.929	alternative	alternative	75	102	13
NC_073256.2	159976209	159976701	1	1	+	NC_073256.2	159976276	159976581	ADGRB1	XM_034966742.3	+	1	2	67	120	28	29	14	14	4	middle	middle	1.000	0.286	constitutive	alternative	35	134	4
NC_073256.2	159976209	159976701	1	1	+	NC_073256.2	159976276	159976560	ADGRB1	XM_055117036.2	+	1	2	67	141	28	29	14	14	2	middle	middle	1.000	0.143	constitutive	alternative	35	113	2
NC_073256.2	159976209	159976701	1	1	+	NC_073256.2	159976276	159976581	ADGRB1	XM_055117038.2	+	1	2	67	120	28	29	14	14	6	middle	middle	1.000	0.429	constitutive	alternative	35	107	6
NC_073256.2	159976209	159976701	1	1	+	NC_073256.2	159976276	159976560	ADGRB1	XM_055117041.2	+	1	2	67	141	28	29	14	14	2	middle	middle	1.000	0.143	constitutive	alternative	35	86	2
NC_073256.2	160554657	160555152	1	1	+	NC_073256.2	160554709	160554982	LY6L	XM_034966759.3	+	1	2	52	170	1	2	1	1	1	first	middle	1.000	1.000	constitutive	constitutive	72	116	1
NC_073256.2	160691888	160692467	3	1	+	NC_073256.2	160691965	160692467	GPIHBP1	XM_034966765.3	+	3	2	77	0	3	4	1	1	1	middle	last	1.000	1.000	constitutive	constitutive	113	256	1
NC_073256.2	161189391	161190876	-3	1	-	NC_073256.2	161189392	161190804	CCDC166	XM_034966818.3	-	3	2	72	1	1	2	3	2	1	first	last	0.667	0.333	alternative	unique	443	872	1
NC_073256.2	161189391	161190876	-3	1	-	NC_073256.2	161189392	161190804	CCDC166	XM_034966821.3	-	3	3	72	1	1	3	3	2	2	first	last	0.667	0.667	alternative	alternative	443	137	1
NC_073256.2	161189391	161190876	-3	1	-	NC_073256.2	161189392	161190804	CCDC166	XM_055116046.2	-	3	3	72	1	1	3	3	1	2	first	last	0.333	0.667	unique	alternative	419	137	1
NC_073256.2	161200426	161200954	2	1	+	NC_073256.2	161200694	161200949	MAPK15	XM_003819448.5	+	2	2	268	5	3	4	2	2	2	middle	middle	1.000	1.000	constitutive	constitutive	29	90	2
NC_073256.2	161201213	161201780	3	1	+	NC_073256.2	161201398	161201779	MAPK15	XM_003819448.5	+	3	2	185	1	5	6	2	2	2	middle	middle	1.000	1.000	constitutive	constitutive	130	163	2
NC_073256.2	161202840	161203923	1	1	+	NC_073256.2	161203419	161203821	MAPK15	XM_003819448.5	+	1	2	579	102	9	10	2	2	2	middle	middle	1.000	1.000	constitutive	constitutive	137	105	2
NC_073256.2	161208604	161212093	-2	1	-	NC_073256.2	161208605	161212003	FAM83H	XM_034966830.3	-	2	2	90	1	3	5	5	5	5	middle	last	1.000	1.000	constitutive	constitutive	164	2799	5
NC_073256.2	161277193	161277856	-2	1	-	NC_073256.2	161277195	161277793	SCRIB	XM_034966823.4	-	2	3	63	2	29	31	7	6	6	middle	middle	0.857	0.857	alternative	alternative	107	150	6
NC_073256.2	161289193	161289817	-2	1	-	NC_073256.2	161289257	161289814	SCRIB	XM_034966823.4	-	2	2	3	64	23	24	7	7	7	middle	middle	1.000	1.000	constitutive	constitutive	293	188	7
NC_073256.2	161290303	161290996	-2	1	-	NC_073256.2	161290442	161290903	SCRIB	XM_034966823.4	-	2	2	93	139	20	21	7	6	7	middle	middle	0.857	1.000	alternative	constitutive	80	272	6
NC_073256.2	161290303	161290996	-2	1	-	NC_073256.2	161290442	161290903	SCRIB	XM_034966824.2	-	2	2	93	139	20	21	7	1	7	middle	middle	0.143	1.000	unique	constitutive	59	272	1
NC_073256.2	161303716	161304271	-2	1	-	NC_073256.2	161303848	161304271	PUF60	XM_003819445.7	-	2	2	0	132	7	8	11	11	11	middle	middle	1.000	1.000	constitutive	constitutive	92	213	11
NC_073256.2	161320577	161321342	-1	1	-	NC_073256.2	161321024	161321237	NRBP2	XM_003819444.6	-	1	2	105	447	15	16	3	3	2	middle	middle	1.000	0.667	constitutive	alternative	53	63	2
NC_073256.2	161320577	161321342	-1	1	-	NC_073256.2	161320578	161321237	NRBP2	XM_063606974.1	-	1	2	105	1	15	16	3	3	1	middle	last	1.000	0.333	constitutive	unique	53	509	1
NC_073256.2	161321921	161322881	-1	1	-	NC_073256.2	161322087	161322803	NRBP2	XM_003819444.6	-	1	2	78	166	11	14	3	3	3	middle	middle	1.000	1.000	constitutive	constitutive	132	135	3
NC_073256.2	161323780	161324212	-2	1	-	NC_073256.2	161323928	161324145	NRBP2	XM_003819444.6	-	2	2	67	148	8	9	3	3	3	middle	middle	1.000	1.000	constitutive	constitutive	83	55	3
NC_073256.2	161324552	161325110	-1	1	-	NC_073256.2	161324554	161325071	NRBP2	XM_003819444.6	-	1	2	39	2	3	5	3	3	3	middle	middle	1.000	1.000	constitutive	constitutive	101	40	3
NC_073256.2	161423094	161423769	-3	1	-	NC_073256.2	161423135	161423547	PLEC	XM_034966854.3	-	3	2	222	41	12	13	35	35	35	middle	middle	1.000	1.000	constitutive	constitutive	95	127	35
NC_073256.2	161423521	161424016	-2	1	-	NC_073256.2	161423627	161423934	PLEC	XM_034966854.3	-	2	2	82	106	10	11	35	27	35	middle	middle	0.771	1.000	alternative	constitutive	106	119	27
NC_073256.2	161423521	161424016	-2	1	-	NC_073256.2	161423627	161423934	PLEC	XM_034966855.3	-	2	2	82	106	10	11	35	8	35	middle	middle	0.229	1.000	alternative	constitutive	94	119	8
NC_073256.2	161472818	161473394	-1	1	-	NC_073256.2	161472863	161473286	PARP10	XM_055116062.2	-	1	2	108	45	5	6	9	9	7	middle	middle	1.000	0.778	constitutive	alternative	221	96	7
NC_073256.2	161472818	161473394	-1	1	-	NC_073256.2	161472890	161473286	PARP10	XM_055116063.2	-	1	2	108	72	5	6	9	9	2	middle	middle	1.000	0.222	constitutive	alternative	221	69	2
NC_073256.2	161546717	161547536	-1	1	-	NC_073256.2	161546811	161547511	OPLAH	XM_055116058.2	-	1	2	25	94	8	10	4	4	4	middle	middle	1.000	1.000	constitutive	constitutive	138	265	4
NC_073256.2	161573611	161574259	2	1	+	NC_073256.2	161573631	161574022	GPAA1	XM_055116074.2	+	2	2	20	237	5	6	10	10	10	middle	middle	1.000	1.000	constitutive	constitutive	101	196	10
NC_073256.2	161605525	161605894	2	1	+	NC_073256.2	161605546	161605894	WDR97	XM_034966888.4	+	2	2	21	0	23	24	5	5	5	middle	last	1.000	1.000	constitutive	constitutive	70	199	5
NC_073256.2	161800532	161801159	3	1	+	NC_073256.2	161800733	161801015	HSF1	XM_034966906.3	+	3	2	201	144	10	11	6	6	6	middle	middle	1.000	1.000	constitutive	constitutive	105	65	6
NC_073256.2	161804830	161805274	-2	1	-	NC_073256.2	161804873	161805219	DGAT1	XM_003819429.5	-	2	2	55	43	9	11	1	1	1	middle	middle	1.000	1.000	constitutive	constitutive	103	41	1
NC_073256.2	161840921	161841413	-1	1	-	NC_073256.2	161840961	161841332	TMEM249	XM_003819427.5	-	1	2	81	40	3	4	1	1	1	middle	middle	1.000	1.000	constitutive	constitutive	195	85	1
NC_073256.2	161846598	161848050	1	1	+	NC_073256.2	161846599	161847921	SLC52A2	XM_003819423.5	+	1	3	1	129	1	3	5	5	4	first	middle	1.000	0.800	constitutive	alternative	129	123	4
NC_073256.2	161846598	161848050	1	1	+	NC_073256.2	161846599	161848050	SLC52A2	XM_063607005.1	+	1	2	1	0	1	2	5	5	1	first	last	1.000	0.200	constitutive	unique	129	1219	1
NC_073256.2	161882892	161883432	-3	1	-	NC_073256.2	161882893	161883360	CPSF1	XM_034966915.3	-	3	2	72	1	36	37	6	3	3	middle	last	0.500	0.500	alternative	alternative	138	253	3
NC_073256.2	161883101	161883482	-1	1	-	NC_073256.2	161883102	161883360	CPSF1	XM_003819416.5	-	1	2	122	1	36	37	6	3	3	middle	last	0.500	0.500	alternative	alternative	138	44	3
NC_073256.2	161883927	161884464	-3	1	-	NC_073256.2	161884005	161884326	CPSF1	XM_003819416.5	-	3	2	138	78	31	32	6	6	6	middle	middle	1.000	1.000	constitutive	constitutive	176	66	6
NC_073256.2	161886495	161887827	-3	1	-	NC_073256.2	161887306	161887698	CPSF1	XM_003819416.5	-	3	2	129	811	20	21	6	6	6	middle	middle	1.000	1.000	constitutive	constitutive	136	174	6
NC_073256.2	161887721	161888402	-1	1	-	NC_073256.2	161887773	161888267	CPSF1	XM_003819416.5	-	1	2	135	52	18	19	6	6	6	middle	middle	1.000	1.000	constitutive	constitutive	141	178	6
NC_073256.2	161889528	161889927	-3	1	-	NC_073256.2	161889603	161889861	CPSF1	XM_003819416.5	-	3	2	66	75	11	12	6	6	6	middle	middle	1.000	1.000	constitutive	constitutive	122	51	6
NC_073256.2	161890141	161890534	-2	1	-	NC_073256.2	161890143	161890422	CPSF1	XM_003819416.5	-	2	2	112	2	8	9	6	6	6	middle	middle	1.000	1.000	constitutive	constitutive	110	93	6
NC_073256.2	161904196	161905285	-2	1	-	NC_073256.2	161904277	161904646	SLC39A4	XM_003819418.4	-	2	2	639	81	8	9	3	3	3	middle	middle	1.000	1.000	constitutive	constitutive	131	54	3
NC_073256.2	161935796	161936648	-1	1	-	NC_073256.2	161935949	161936183	TONSL	XM_003819417.5	-	1	2	465	153	1	2	3	2	2	first	middle	0.667	0.667	alternative	alternative	24	95	2
NC_073256.2	161990051	161990396	3	1	+	NC_073256.2	161990104	161990395	PPP1R16A	XM_024929834.5	+	3	2	53	1	2	3	34	34	34	middle	middle	1.000	1.000	constitutive	constitutive	70	145	34
NC_073256.2	161991232	161992105	2	1	+	NC_073256.2	161991439	161991955	PPP1R16A	XM_024929834.5	+	2	2	207	150	4	6	34	34	34	middle	middle	1.000	1.000	constitutive	constitutive	103	125	34
NC_073256.2	162001652	162002012	3	1	+	NC_073256.2	162001657	162002011	MFSD3	XM_055116157.2	+	3	2	5	1	2	3	4	1	2	middle	middle	0.250	0.500	unique	alternative	139	124	1
NC_073256.2	162001652	162002012	3	1	+	NC_073256.2	162001714	162002011	MFSD3	XM_063607033.1	+	3	2	62	1	2	3	4	1	2	middle	middle	0.250	0.500	unique	alternative	82	124	1
NC_073256.2	162004443	162005079	-3	1	-	NC_073256.2	162004504	162004998	RECQL4	XM_055116106.2	-	3	2	81	61	14	15	17	17	17	middle	middle	1.000	1.000	constitutive	constitutive	141	262	17
NC_073256.2	162009187	162010186	-2	1	-	NC_073256.2	162009218	162009820	RECQL4	XM_055116106.2	-	2	2	366	31	3	5	17	13	13	middle	middle	0.765	0.765	alternative	alternative	33	140	13
NC_073256.2	162016573	162017179	-2	1	-	NC_073256.2	162016628	162017161	LRRC24	XM_055116125.2	-	2	2	18	55	1	2	3	3	3	first	middle	1.000	1.000	constitutive	constitutive	158	278	3
NC_073256.2	162716218	162716746	2	1	+	NC_073256.2	162716258	162716555	LOC129397839	XM_063606516.1	+	2	2	40	191	2	3	1	1	1	middle	middle	1.000	1.000	constitutive	constitutive	108	110	1
NC_073256.2	29703319	29703934	2	1	+	NC_073256.2	29703344	29703863	LOC129395883	XM_063607063.1	+	2	2	25	71	5	6	1	1	1	middle	middle	1.000	1.000	constitutive	constitutive	274	160	1
NC_073256.2	30695784	30696399	-3	1	-	NC_073256.2	30695856	30696375	LOC129398586	XM_055116278.2	-	3	2	24	72	5	6	1	1	1	middle	middle	1.000	1.000	constitutive	constitutive	274	160	1
NC_073256.2	40526680	40527556	2	1	+	NC_073256.2	40526903	40527208	NPM2	XM_008977271.4	+	2	2	223	348	2	3	18	16	18	middle	middle	0.889	1.000	alternative	constitutive	90	85	16
NC_073256.2	40526680	40527556	2	1	+	NC_073256.2	40526936	40527208	NPM2	XM_034965775.3	+	2	2	256	348	1	2	18	2	18	first	middle	0.111	1.000	alternative	constitutive	57	85	2
NC_073256.2	40599317	40600202	3	1	+	NC_073256.2	40599342	40600136	FHIP2B	XM_034965788.3	+	3	3	25	66	4	6	7	7	7	middle	middle	1.000	1.000	constitutive	constitutive	104	242	7
NC_073256.2	40621708	40622521	-2	1	-	NC_073256.2	40621917	40622317	HR	XM_003823608.5	-	2	2	204	209	11	12	4	4	4	middle	middle	1.000	1.000	constitutive	constitutive	165	69	4
NC_073256.2	45981146	45981617	3	1	+	NC_073256.2	45981228	45981557	PTK2B	XM_008956236.7	+	3	2	82	60	24	25	8	8	8	middle	middle	1.000	1.000	constitutive	constitutive	146	35	8
NC_073256.2	62835887	62836349	-1	1	-	NC_073256.2	62835888	62836289	LOC100978840	unassigned_transcript_423	-	1	2	60	1	1	2	1	1	1	first	last	1.000	1.000	constitutive	constitutive	45	253	1
NC_073256.2	63482818	63483454	-2	1	-	NC_073256.2	63482820	63483169	PRKDC	XM_055116533.2	-	2	2	285	2	53	54	4	4	4	middle	middle	1.000	1.000	constitutive	constitutive	124	149	4
NC_073256.2	70316512	70316800	2	1	+	NC_073256.2	70316536	70316743	RP1	XM_057303012.2	+	2	2	24	57	9	10	2	1	1	middle	middle	0.500	0.500	unique	unique	76	31	1
NC_073257.2	105638303	105639026	-2	1	-	NC_073257.2	105638539	105638891	RBP4	XM_008950694.5	-	2	2	135	236	1	2	2	2	2	first	middle	1.000	1.000	constitutive	constitutive	110	136	2
NC_073257.2	107244629	107245283	-2	1	-	NC_073257.2	107244876	107245269	SORBS1	XM_034931140.3	-	2	2	14	247	26	27	50	50	50	middle	middle	1.000	1.000	constitutive	constitutive	114	125	50
NC_073257.2	107517444	107517948	-1	1	-	NC_073257.2	107517457	107517876	ALDH18A1	XM_003825394.6	-	1	2	72	13	13	14	5	5	5	middle	middle	1.000	1.000	constitutive	constitutive	195	121	5
NC_073257.2	109286622	109287075	-1	1	-	NC_073257.2	109286664	109287057	RRP12	XM_008950736.5	-	1	2	18	42	23	24	2	2	2	middle	middle	1.000	1.000	constitutive	constitutive	105	107	2
NC_073257.2	109366052	109366574	3	1	+	NC_073257.2	109366071	109366483	ZDHHC16	XM_003825424.4	+	3	2	19	91	2	3	9	9	9	middle	middle	1.000	1.000	constitutive	constitutive	194	88	9
NC_073257.2	112373526	112374228	-1	1	-	NC_073257.2	112373581	112374200	SEC31B	XM_063607856.1	-	1	2	28	55	21	22	1	1	1	middle	middle	1.000	1.000	constitutive	constitutive	314	58	1
NC_073257.2	112871784	112872516	-1	1	-	NC_073257.2	112871785	112872244	MRPL43	XM_008950812.4	-	1	2	272	1	2	3	1	1	1	middle	last	1.000	1.000	constitutive	constitutive	106	238	1
NC_073257.2	112896987	112897374	-1	1	-	NC_073257.2	112897019	112897352	PDZD7	XM_034931311.3	-	1	2	22	32	9	10	13	3	3	middle	middle	0.231	0.231	alternative	alternative	91	91	3
NC_073257.2	114288118	114288661	2	1	+	NC_073257.2	114288156	114288551	NFKB2	XM_003825515.5	+	2	2	38	110	16	17	7	7	7	middle	middle	1.000	1.000	constitutive	constitutive	169	102	7
NC_073257.2	114308529	114309150	1	1	+	NC_073257.2	114308626	114309003	FBXL15	XM_003825518.5	+	1	2	97	147	1	2	3	2	3	first	middle	0.667	1.000	alternative	constitutive	52	153	2
NC_073257.2	114308529	114309150	1	1	+	NC_073257.2	114308548	114309003	FBXL15	XM_008950846.6	+	1	2	19	147	2	3	3	1	3	middle	middle	0.333	1.000	unique	constitutive	130	153	1
NC_073257.2	131016499	131016808	-3	1	-	NC_073257.2	131016614	131016805	SFXN4	XM_003825644.4	-	3	2	3	115	7	8	5	5	5	middle	middle	1.000	1.000	constitutive	constitutive	53	56	5
NC_073257.2	131434220	131434550	-2	1	-	NC_073257.2	131434222	131434507	TIAL1	XM_003825651.6	-	2	2	43	2	8	9	7	7	7	middle	middle	1.000	1.000	constitutive	constitutive	95	84	7
NC_073257.2	13153097	13155137	3	1	+	NC_073257.2	13153314	13155137	LOC134731077	XM_063607220.1	+	3	2	217	0	1	2	1	1	1	first	last	1.000	1.000	constitutive	constitutive	1280	494	1
NC_073257.2	141858003	141858744	-1	1	-	NC_073257.2	141858040	141858441	EBF3	XM_034931715.3	-	1	2	303	37	1	2	8	8	8	first	middle	1.000	1.000	constitutive	constitutive	133	156	8
NC_073257.2	144103274	144103847	3	1	+	NC_073257.2	144103299	144103772	JAKMIP3	XM_055093493.2	+	3	2	25	75	11	12	22	22	22	middle	middle	1.000	1.000	constitutive	constitutive	83	62	22
NC_073257.2	144872329	144873442	-3	1	-	NC_073257.2	144872480	144872896	CFAP46	XM_055093516.1	-	3	2	546	151	43	44	1	1	1	middle	middle	1.000	1.000	constitutive	constitutive	134	179	1
NC_073257.2	144940784	144941417	-2	1	-	NC_073257.2	144940797	144941400	CFAP46	XM_055093516.1	-	2	2	17	13	19	20	1	1	1	middle	middle	1.000	1.000	constitutive	constitutive	212	165	1
NC_073257.2	145396623	145397979	-1	1	-	NC_073257.2	145396807	145397847	ADAM8	XM_024930247.3	-	1	4	132	184	5	8	1	1	1	middle	middle	1.000	1.000	constitutive	constitutive	76	68	1
NC_073257.2	145593076	145594771	-3	1	-	NC_073257.2	145593077	145594486	LOC134731153	XM_063607923.1	-	3	2	285	1	1	2	1	1	1	first	last	1.000	1.000	constitutive	constitutive	1109	266	1
NC_073257.2	146474319	146475468	1	1	+	NC_073257.2	146474534	146475328	LOC117979216	XM_034953527.2	+	1	3	215	140	5	7	2	2	2	middle	middle	1.000	1.000	constitutive	constitutive	95	159	2
NC_073257.2	146484282	146485026	1	1	+	NC_073257.2	146484332	146484769	LOC117976139	XM_055093545.1	+	1	2	50	257	14	15	1	1	1	middle	middle	1.000	1.000	constitutive	constitutive	104	179	1
NC_073257.2	146492729	146493356	-2	1	-	NC_073257.2	146492742	146493263	LOC117978083	XM_063607207.1	-	2	2	93	13	35	36	1	1	1	middle	middle	1.000	1.000	constitutive	constitutive	196	204	1
NC_073257.2	146493675	146494149	-1	1	-	NC_073257.2	146493904	146494077	LOC117978083	XM_063607207.1	-	1	2	72	229	32	34	1	1	1	middle	middle	1.000	1.000	constitutive	constitutive	42	51	1
NC_073257.2	146496030	146496501	-1	1	-	NC_073257.2	146496106	146496484	LOC117978083	XM_063607207.1	-	1	2	17	76	27	28	1	1	1	middle	middle	1.000	1.000	constitutive	constitutive	90	146	1
NC_073257.2	146932900	146933428	2	1	+	NC_073257.2	146932940	146933237	LOC129393262	XM_055093546.2	+	2	2	40	191	2	3	1	1	1	middle	middle	1.000	1.000	constitutive	constitutive	108	110	1
NC_073257.2	55470236	55471052	-2	1	-	NC_073257.2	55470237	55470747	LOC129393150	XM_055092326.1	-	2	2	305	1	4	6	1	1	1	middle	last	1.000	1.000	constitutive	constitutive	89	322	1
NC_073257.2	56329232	56330315	3	1	+	NC_073257.2	56329269	56330159	ZNF485	XM_003816735.5	+	3	2	37	156	1	2	1	1	1	first	middle	1.000	1.000	constitutive	constitutive	362	77	1
NC_073257.2	58269158	58269947	3	1	+	NC_073257.2	58269164	58269587	ALOX5	XM_003816753.4	+	3	2	6	360	11	12	1	1	1	middle	middle	1.000	1.000	constitutive	constitutive	121	100	1
NC_073257.2	58597116	58597680	1	1	+	NC_073257.2	58597327	58597548	WASHC2C	XM_055092708.2	+	1	2	211	132	1	2	14	11	11	first	middle	0.786	0.786	alternative	alternative	2	122	11
NC_073257.2	62019418	62020153	-3	1	-	NC_073257.2	62019428	62019886	OGDHL	XM_014343700.5	-	3	2	267	10	7	8	6	6	6	middle	middle	1.000	1.000	constitutive	constitutive	179	128	6
NC_073257.2	62387588	62388152	-2	1	-	NC_073257.2	62387721	62387942	LOC100967802	XM_055092794.2	-	2	2	210	133	1	2	21	17	17	first	middle	0.810	0.810	alternative	alternative	2	122	17
NC_073257.2	68657203	68657542	-3	1	-	NC_073257.2	68657204	68657507	ZWINT	XM_003821167.7	-	3	2	35	1	7	8	3	1	3	middle	last	0.333	1.000	unique	constitutive	168	38	1
NC_073257.2	68657203	68657542	-3	1	-	NC_073257.2	68657204	68657470	ZWINT	XM_003821168.5	-	3	2	72	1	7	8	3	1	3	middle	last	0.333	1.000	unique	constitutive	131	38	1
NC_073257.2	68657203	68657542	-3	1	-	NC_073257.2	68657204	68657488	ZWINT	XM_008974640.6	-	3	2	54	1	7	8	3	1	3	middle	last	0.333	1.000	unique	constitutive	149	38	1
NC_073257.2	80595204	80595609	-1	1	-	NC_073257.2	80595231	80595535	SLC25A16	XM_055092914.1	-	1	2	74	27	18	19	10	8	8	middle	middle	0.800	0.800	alternative	alternative	116	109	8
NC_073257.2	80634832	80635177	-3	1	-	NC_073257.2	80634834	80635165	SLC25A16	XM_055092915.2	-	3	2	12	2	1	2	10	1	1	first	middle	0.100	0.100	unique	unique	68	94	1
NC_073257.2	81395984	81396593	3	1	+	NC_073257.2	81396223	81396587	HKDC1	XM_003815922.6	+	3	2	239	6	11	12	1	1	1	middle	middle	1.000	1.000	constitutive	constitutive	145	119	1
NC_073257.2	83661218	83661662	3	1	+	NC_073257.2	83661315	83661593	LOC129392945	XM_055092951.2	+	3	2	97	69	4	5	1	1	1	middle	middle	1.000	1.000	constitutive	constitutive	47	92	1
NC_073257.2	83957733	83958420	1	1	+	NC_073257.2	83957900	83958391	LOC100983880	XM_008968975.5	+	1	2	167	29	11	12	6	4	4	middle	middle	0.667	0.667	alternative	alternative	251	161	4
NC_073257.2	85331316	85331727	-1	1	-	NC_073257.2	85331318	85331698	ECD	XM_003815981.7	-	1	2	29	2	3	4	6	6	6	middle	middle	1.000	1.000	constitutive	constitutive	87	178	6
NC_073257.2	85940237	85940741	3	1	+	NC_073257.2	85940260	85940711	ZSWIM8	XM_014346485.5	+	3	2	23	30	4	5	17	17	17	middle	middle	1.000	1.000	constitutive	constitutive	172	107	17
NC_073257.2	98918222	98918621	3	1	+	NC_073257.2	98918281	98918621	BMPR1A	XM_034931037.3	+	3	2	59	0	10	11	8	8	8	middle	last	1.000	1.000	constitutive	constitutive	130	122	8
NC_073258.2	117534174	117535008	1	1	+	NC_073258.2	117534211	117534578	APOC3	XM_003820084.4	+	1	2	37	430	1	2	2	1	2	first	middle	0.500	1.000	unique	constitutive	108	123	1
NC_073258.2	117534174	117535008	1	1	+	NC_073258.2	117534265	117534578	APOC3	XM_057299041.1	+	1	2	91	430	1	2	2	1	2	first	middle	0.500	1.000	unique	constitutive	54	123	1
NC_073258.2	117882114	117882477	1	1	+	NC_073258.2	117882148	117882435	SIDT2	XM_024930697.4	+	1	2	34	42	5	6	6	6	6	middle	middle	1.000	1.000	constitutive	constitutive	101	83	6
NC_073258.2	118868148	118869075	-3	1	-	NC_073258.2	118868403	118869068	SCN2B	XM_003820059.6	-	3	2	7	255	2	3	1	1	1	middle	middle	1.000	1.000	constitutive	constitutive	166	210	1
NC_073258.2	119365892	119366411	-1	1	-	NC_073258.2	119365997	119366373	TREH	XM_003820034.5	-	1	2	38	105	9	10	1	1	1	middle	middle	1.000	1.000	constitutive	constitutive	49	194	1
NC_073258.2	119752903	119753536	-2	1	-	NC_073258.2	119753075	119753390	HYOU1	XM_003820019.5	-	2	2	146	172	18	19	19	19	19	middle	middle	1.000	1.000	constitutive	constitutive	87	122	19
NC_073258.2	119797690	119798059	2	1	+	NC_073258.2	119797712	119798059	HMBS	XM_003820013.5	+	2	2	22	0	13	14	4	4	4	middle	last	1.000	1.000	constitutive	constitutive	86	170	4
NC_073258.2	119837703	119838102	1	1	+	NC_073258.2	119837816	119838101	HINFP	XM_003820007.5	+	1	2	113	1	5	6	15	7	15	middle	middle	0.467	1.000	alternative	constitutive	77	120	7
NC_073258.2	119837703	119838102	1	1	+	NC_073258.2	119837786	119838101	HINFP	XM_008973429.4	+	1	2	83	1	5	6	15	7	15	middle	middle	0.467	1.000	alternative	constitutive	107	120	7
NC_073258.2	119837703	119838102	1	1	+	NC_073258.2	119837881	119838101	HINFP	XM_024930832.4	+	1	2	178	1	1	2	15	1	15	first	middle	0.067	1.000	unique	constitutive	12	120	1
NC_073258.2	120019421	120020003	-1	1	-	NC_073258.2	120019538	120019900	MCAM	XM_034933884.3	-	1	2	103	117	9	10	4	4	4	middle	middle	1.000	1.000	constitutive	constitutive	118	141	4
NC_073258.2	120049301	120049772	-1	1	-	NC_073258.2	120049302	120049735	MFRP	XM_003819993.6	-	1	2	37	1	12	13	1	1	1	middle	last	1.000	1.000	constitutive	constitutive	127	221	1
NC_073258.2	125574376	125574895	2	1	+	NC_073258.2	125574463	125574848	ROBO3	XM_003819932.5	+	2	2	87	47	24	25	7	7	7	middle	middle	1.000	1.000	constitutive	constitutive	151	110	7
NC_073258.2	125591015	125591567	-1	1	-	NC_073258.2	125591031	125591564	ROBO4	XM_003819930.6	-	1	2	3	16	4	5	2	2	2	middle	middle	1.000	1.000	constitutive	constitutive	120	127	2
NC_073258.2	125772782	125773181	3	1	+	NC_073258.2	125772882	125773180	SLC37A2	XM_003819926.5	+	3	2	100	1	3	4	1	1	1	middle	middle	1.000	1.000	constitutive	constitutive	93	78	1
NC_073258.2	125780442	125781123	1	1	+	NC_073258.2	125780470	125781118	SLC37A2	XM_003819926.5	+	1	3	28	5	13	15	1	1	1	middle	middle	1.000	1.000	constitutive	constitutive	48	78	1
NC_073258.2	130559861	130560251	-1	1	-	NC_073258.2	130559863	130560097	NFRKB	XM_034934055.3	-	1	2	154	2	12	13	17	17	17	middle	middle	1.000	1.000	constitutive	constitutive	79	46	17
NC_073258.2	134969622	134970324	1	1	+	NC_073258.2	134969675	134970324	VPS26B	XM_008973259.4	+	1	2	53	0	5	6	1	1	1	middle	last	1.000	1.000	constitutive	constitutive	142	143	1
NC_073258.2	2662221	2662860	1	1	+	NC_073258.2	2662344	2662860	PGGHG	XM_034931786.3	+	1	2	123	0	12	13	4	4	4	middle	last	1.000	1.000	constitutive	constitutive	211	190	4
NC_073258.2	2744292	2744838	1	1	+	NC_073258.2	2744503	2744767	B4GALNT4	XM_034931797.4	+	1	2	211	71	4	5	4	4	4	middle	middle	1.000	1.000	constitutive	constitutive	95	90	4
NC_073258.2	2746778	2747402	3	1	+	NC_073258.2	2746807	2747347	B4GALNT4	XM_034931797.4	+	3	2	29	55	10	12	4	4	4	middle	middle	1.000	1.000	constitutive	constitutive	134	100	4
NC_073258.2	2772386	2773046	3	1	+	NC_073258.2	2772528	2773045	PKP3	XM_034931803.4	+	3	2	142	1	10	11	2	2	2	middle	middle	1.000	1.000	constitutive	constitutive	153	192	2
NC_073258.2	2796866	2797670	-1	1	-	NC_073258.2	2797004	2797472	ANO9	XM_034931811.3	-	1	2	198	138	12	14	1	1	1	middle	middle	1.000	1.000	constitutive	constitutive	104	36	1
NC_073258.2	2798220	2798958	-3	1	-	NC_073258.2	2798245	2798854	ANO9	XM_034931811.3	-	3	3	104	25	9	11	1	1	1	middle	middle	1.000	1.000	constitutive	constitutive	96	82	1
NC_073258.2	2932158	2932929	-3	1	-	NC_073258.2	2932159	2932879	LMNTD2	XM_055093891.1	-	3	2	50	1	13	14	1	1	1	middle	last	1.000	1.000	constitutive	constitutive	198	128	1
NC_073258.2	2932856	2933852	-1	1	-	NC_073258.2	2933110	2933751	LMNTD2	XM_055093891.1	-	1	2	101	254	10	12	1	1	1	middle	middle	1.000	1.000	constitutive	constitutive	183	196	1
NC_073258.2	2934941	2935532	-1	1	-	NC_073258.2	2934948	2935415	LMNTD2	XM_055093891.1	-	1	2	117	7	5	6	1	1	1	middle	middle	1.000	1.000	constitutive	constitutive	155	68	1
NC_073258.2	2989471	2990242	2	1	+	NC_073258.2	2989542	2990123	PHRF1	XM_055093909.2	+	2	2	71	119	14	15	16	7	7	middle	middle	0.438	0.438	alternative	alternative	260	128	7
NC_073258.2	2992223	2992919	-1	1	-	NC_073258.2	2992229	2992828	IRF7	XM_055093923.2	-	1	2	91	6	6	7	3	3	3	middle	middle	1.000	1.000	constitutive	constitutive	80	389	3
NC_073258.2	2998233	2998977	-3	1	-	NC_073258.2	2998275	2998911	CDHR5	XM_055093865.2	-	3	2	66	42	10	12	1	1	1	middle	middle	1.000	1.000	constitutive	constitutive	200	84	1
NC_073258.2	3114084	3114828	1	1	+	NC_073258.2	3114357	3114648	EPS8L2	XM_003805080.6	+	1	2	273	180	7	8	4	4	4	middle	middle	1.000	1.000	constitutive	constitutive	142	70	4
NC_073258.2	3114854	3115814	3	1	+	NC_073258.2	3114861	3115813	EPS8L2	XM_003805080.6	+	3	3	7	1	9	12	4	4	4	middle	middle	1.000	1.000	constitutive	constitutive	126	148	4
NC_073258.2	3177809	3178274	3	1	+	NC_073258.2	3177846	3178274	LOC100970461	XM_063608024.1	+	3	2	37	0	3	5	1	1	1	middle	last	1.000	1.000	constitutive	constitutive	169	82	1
NC_073258.2	3190111	3190801	-2	1	-	NC_073258.2	3190113	3190547	SLC25A22	XM_003805065.4	-	2	2	254	2	5	6	12	12	12	middle	middle	1.000	1.000	constitutive	constitutive	118	174	12
NC_073258.2	3198240	3199074	-3	1	-	NC_073258.2	3198661	3199019	PIDD1	XM_055093933.2	-	3	2	55	421	9	10	8	8	8	middle	middle	1.000	1.000	constitutive	constitutive	135	150	8
NC_073258.2	3200431	3201025	-2	1	-	NC_073258.2	3200445	3200793	PIDD1	XM_055093933.2	-	2	2	232	14	3	4	8	8	8	middle	middle	1.000	1.000	constitutive	constitutive	209	54	8
NC_073258.2	3210123	3210588	1	1	+	NC_073258.2	3210290	3210588	RPLP2	XM_003805074.7	+	1	2	167	0	3	4	1	1	1	middle	last	1.000	1.000	constitutive	constitutive	98	73	1
NC_073258.2	3220516	3221344	2	1	+	NC_073258.2	3220536	3220930	PNPLA2	XM_034931870.3	+	2	2	20	414	2	3	1	1	1	middle	middle	1.000	1.000	constitutive	constitutive	232	65	1
NC_073258.2	3235806	3236715	1	1	+	NC_073258.2	3236209	3236577	CD151	XM_034931879.4	+	1	2	403	138	4	5	3	3	3	middle	middle	1.000	1.000	constitutive	constitutive	104	158	3
NC_073258.2	3418513	3432796	-2	1	-	NC_073258.2	3418750	3432720	MUC6	XM_063608025.1	-	2	4	76	237	30	33	1	1	1	middle	middle	1.000	1.000	constitutive	constitutive	413	1871	1
NC_073258.2	3439616	3440657	-1	1	-	NC_073258.2	3440124	3440460	MUC6	XM_063608025.1	-	1	2	197	508	21	22	1	1	1	middle	middle	1.000	1.000	constitutive	constitutive	141	110	1
NC_073258.2	3441859	3442558	-2	1	-	NC_073258.2	3442006	3442380	MUC6	XM_063608025.1	-	2	2	178	147	15	16	1	1	1	middle	middle	1.000	1.000	constitutive	constitutive	94	132	1
NC_073258.2	3445123	3445651	-2	1	-	NC_073258.2	3445268	3445594	MUC6	XM_063608025.1	-	2	2	57	145	5	6	1	1	1	middle	middle	1.000	1.000	constitutive	constitutive	90	109	1
NC_073258.2	3493445	3494171	3	1	+	NC_073258.2	3493666	3494058	MUC2	XM_063607947.1	+	3	2	221	113	12	13	1	1	1	middle	middle	1.000	1.000	constitutive	constitutive	137	164	1
NC_073258.2	3504790	3513619	2	1	+	NC_073258.2	3504978	3513371	MUC2	XM_063607947.1	+	2	3	188	248	30	32	1	1	1	middle	middle	1.000	1.000	constitutive	constitutive	1224	6470	1
NC_073258.2	3593554	3605986	2	1	+	NC_073258.2	3593691	3605981	MUC5AC	XM_063608031.1	+	2	4	137	5	31	34	1	1	1	middle	middle	1.000	1.000	constitutive	constitutive	1568	664	1
NC_073258.2	3608856	3610260	1	1	+	NC_073258.2	3609369	3610213	MUC5AC	XM_063608031.1	+	1	2	513	47	40	42	1	1	1	middle	middle	1.000	1.000	constitutive	constitutive	178	103	1
NC_073258.2	3612682	3613321	2	1	+	NC_073258.2	3612860	3613253	MUC5AC	XM_063608031.1	+	2	2	178	68	49	50	1	1	1	middle	middle	1.000	1.000	constitutive	constitutive	119	69	1
NC_073258.2	3640277	3640940	3	1	+	NC_073258.2	3640526	3640893	MUC5B	XM_055093955.2	+	3	2	249	47	5	6	1	1	1	middle	middle	1.000	1.000	constitutive	constitutive	114	90	1
NC_073258.2	3644429	3645521	3	1	+	NC_073258.2	3644454	3645078	MUC5B	XM_055093955.2	+	3	2	25	443	13	14	1	1	1	middle	middle	1.000	1.000	constitutive	constitutive	69	137	1
NC_073258.2	3654547	3669328	2	1	+	NC_073258.2	3654600	3668336	MUC5B	XM_055093955.2	+	2	7	53	992	31	37	1	1	1	middle	middle	1.000	1.000	constitutive	constitutive	2987	386	1
NC_073258.2	3676128	3676785	1	1	+	NC_073258.2	3676156	3676485	MUC5B	XM_055093955.2	+	1	2	28	300	51	52	1	1	1	middle	middle	1.000	1.000	constitutive	constitutive	86	122	1
NC_073258.2	3858865	3859378	2	1	+	NC_073258.2	3858949	3859246	BRSK2	XM_034931902.3	+	2	2	84	132	6	7	13	13	13	middle	middle	1.000	1.000	constitutive	constitutive	33	68	13
NC_073258.2	3871955	3872615	3	1	+	NC_073258.2	3872166	3872505	BRSK2	XM_034931902.3	+	3	2	211	110	18	19	13	13	13	middle	middle	1.000	1.000	constitutive	constitutive	180	89	13
NC_073258.2	4256206	4256995	2	1	+	NC_073258.2	4256522	4256875	SYT8	XM_055093839.2	+	2	2	316	120	1	2	1	1	1	first	middle	1.000	1.000	constitutive	constitutive	93	163	1
NC_073258.2	4311138	4311576	1	1	+	NC_073258.2	4311253	4311576	LSP1	XM_003816073.5	+	1	2	115	0	9	10	12	12	12	middle	last	1.000	1.000	constitutive	constitutive	77	86	12
NC_073258.2	4422763	4423750	-2	1	-	NC_073258.2	4422764	4423750	LOC100978470	XM_008969116.3	-	2	2	0	1	3	4	1	1	1	middle	last	1.000	1.000	constitutive	constitutive	822	67	1
NC_073258.2	4427020	4427785	-2	1	-	NC_073258.2	4427423	4427647	LOC100978470	XM_008969116.3	-	2	2	138	403	1	2	1	1	1	first	middle	1.000	1.000	constitutive	constitutive	20	119	1
NC_073258.2	48110805	48111891	1	1	+	NC_073258.2	48110822	48111890	MAPK8IP1	XM_034932452.3	+	1	2	17	1	5	6	3	3	3	middle	middle	1.000	1.000	constitutive	constitutive	812	75	3
NC_073258.2	4823450	4824572	-1	1	-	NC_073258.2	4823517	4824503	TRPM5	XM_055093969.1	-	1	2	69	67	11	13	1	1	1	middle	middle	1.000	1.000	constitutive	constitutive	140	145	1
NC_073258.2	4829477	4830311	-1	1	-	NC_073258.2	4829684	4830137	TRPM5	XM_055093969.1	-	1	2	174	207	4	5	1	1	1	middle	middle	1.000	1.000	constitutive	constitutive	2	180	1
NC_073258.2	48584348	48584879	3	1	+	NC_073258.2	48584484	48584774	DGKZ	XM_003815217.7	+	3	2	136	105	7	8	9	9	9	middle	middle	1.000	1.000	constitutive	constitutive	71	116	9
NC_073258.2	48587573	48587975	3	1	+	NC_073258.2	48587739	48587974	DGKZ	XM_003815217.7	+	3	2	166	1	17	18	9	9	9	middle	middle	1.000	1.000	constitutive	constitutive	62	73	9
NC_073258.2	48932006	48932549	3	1	+	NC_073258.2	48932062	48932401	F2	XM_003815200.5	+	3	2	56	148	8	9	1	1	1	middle	middle	1.000	1.000	constitutive	constitutive	128	126	1
NC_073258.2	48957248	48957680	-1	1	-	NC_073258.2	48957264	48957680	CKAP5	XM_008968128.5	-	1	2	0	16	38	39	6	6	6	middle	middle	1.000	1.000	constitutive	constitutive	188	137	6
NC_073258.2	49485009	49485648	1	1	+	NC_073258.2	49485153	49485540	MADD	XM_034932508.3	+	1	2	144	108	10	11	50	50	50	middle	middle	1.000	1.000	constitutive	constitutive	103	190	50
NC_073258.2	49533659	49534331	-1	1	-	NC_073258.2	49533708	49534115	MYBPC3	XM_055093683.1	-	1	2	216	49	30	31	2	2	2	middle	middle	1.000	1.000	constitutive	constitutive	159	136	2
NC_073258.2	51246099	51246666	-3	1	-	NC_073258.2	51246100	51246473	LOC100994551	XM_008959563.4	-	3	2	193	1	12	14	1	1	1	middle	last	1.000	1.000	constitutive	constitutive	107	173	1
NC_073258.2	5294869	5295361	-2	1	-	NC_073258.2	5294870	5295226	CDKN1C	XM_034931956.1	-	2	2	135	1	2	3	5	2	2	middle	last	0.400	0.400	alternative	alternative	135	133	2
NC_073258.2	5333174	5333861	3	1	+	NC_073258.2	5333175	5333628	SLC22A18	XM_003816047.6	+	3	2	1	233	8	9	4	2	2	middle	middle	0.500	0.500	alternative	alternative	101	120	2
NC_073258.2	58489765	58490695	-2	1	-	NC_073258.2	58489973	58490554	SSRP1	XM_003826437.5	-	2	2	141	208	3	4	1	1	1	middle	middle	1.000	1.000	constitutive	constitutive	105	190	1
NC_073258.2	58657211	58657658	-1	1	-	NC_073258.2	58657290	58657554	SLC43A1	XM_003826432.6	-	1	2	104	79	3	4	11	11	11	middle	middle	1.000	1.000	constitutive	constitutive	55	76	11
NC_073258.2	62040085	62040592	2	1	+	NC_073258.2	62040234	62040591	ZP1	XM_003826328.4	+	2	2	149	1	5	6	1	1	1	middle	middle	1.000	1.000	constitutive	constitutive	187	97	1
NC_073258.2	62043721	62044654	2	1	+	NC_073258.2	62044253	62044568	ZP1	XM_003826328.4	+	2	2	532	86	10	11	1	1	1	middle	middle	1.000	1.000	constitutive	constitutive	81	119	1
NC_073258.2	62069713	62070259	-2	1	-	NC_073258.2	62069885	62070232	PRPF19	XM_003826325.5	-	2	2	27	172	9	10	3	3	3	middle	middle	1.000	1.000	constitutive	constitutive	75	109	3
NC_073258.2	62071675	62072200	-2	1	-	NC_073258.2	62071706	62071959	PRPF19	XM_003826325.5	-	2	2	241	31	5	6	3	3	3	middle	middle	1.000	1.000	constitutive	constitutive	73	62	3
NC_073258.2	62377537	62377942	2	1	+	NC_073258.2	62377573	62377918	LOC117974284	XM_055094389.2	+	2	2	36	24	7	8	1	1	1	middle	middle	1.000	1.000	constitutive	constitutive	144	98	1
NC_073258.2	62396704	62397109	2	1	+	NC_073258.2	62396740	62397085	LOC117974931	XM_055094390.2	+	2	2	36	24	7	8	1	1	1	middle	middle	1.000	1.000	constitutive	constitutive	144	98	1
NC_073258.2	62416522	62416927	2	1	+	NC_073258.2	62416558	62416903	LOC100973723	XM_034932728.3	+	2	2	36	24	7	8	1	1	1	middle	middle	1.000	1.000	constitutive	constitutive	144	98	1
NC_073258.2	62512917	62513544	1	1	+	NC_073258.2	62513244	62513478	TKFC	XM_003828444.7	+	1	2	327	66	15	16	4	4	4	middle	middle	1.000	1.000	constitutive	constitutive	33	89	4
NC_073258.2	62654785	62655220	2	1	+	NC_073258.2	62654927	62655219	SAXO4	XM_008953858.4	+	2	2	142	1	9	10	6	6	6	middle	middle	1.000	1.000	constitutive	constitutive	113	94	6
NC_073258.2	62939712	62940345	1	1	+	NC_073258.2	62939892	62940344	MYRF	XM_003828456.5	+	1	2	180	1	6	7	6	6	6	middle	middle	1.000	1.000	constitutive	constitutive	250	123	6
NC_073258.2	63109983	63110364	-3	1	-	NC_073258.2	63109985	63110329	FADS3	XM_003828460.6	-	3	2	35	2	9	10	5	4	4	middle	middle	0.800	0.800	alternative	alternative	96	79	4
NC_073258.2	63372330	63372702	1	1	+	NC_073258.2	63372399	63372691	INCENP	XM_003828472.6	+	1	2	69	11	5	6	8	8	8	middle	middle	1.000	1.000	constitutive	constitutive	57	117	8
NC_073258.2	63896123	63896579	-1	1	-	NC_073258.2	63896156	63896546	LBHD1	XM_063608519.1	-	1	2	33	33	1	2	1	1	1	first	middle	1.000	1.000	constitutive	constitutive	149	162	1
NC_073258.2	63898004	63898622	3	1	+	NC_073258.2	63898143	63898622	LOC134731237	XM_063608520.1	+	3	2	139	0	1	2	1	1	1	first	last	1.000	1.000	constitutive	constitutive	233	158	1
NC_073258.2	64002718	64003351	2	1	+	NC_073258.2	64002986	64003343	TAF6L	XM_034932803.3	+	2	2	268	8	3	4	4	4	4	middle	middle	1.000	1.000	constitutive	constitutive	150	50	4
NC_073258.2	64026371	64026695	-1	1	-	NC_073258.2	64026393	64026695	NXF1	XM_003828500.6	-	1	2	0	22	7	8	2	2	2	middle	middle	1.000	1.000	constitutive	constitutive	69	88	2
NC_073258.2	64202524	64203001	-2	1	-	NC_073258.2	64202526	64202924	SLC22A6	XM_003828515.4	-	2	2	77	2	5	6	1	1	1	middle	middle	1.000	1.000	constitutive	constitutive	123	115	1
NC_073258.2	65223343	65224498	2	1	+	NC_073258.2	65223472	65223859	OTUB1	XM_008953944.3	+	2	2	129	639	5	6	2	2	2	middle	middle	1.000	1.000	constitutive	constitutive	84	194	2
NC_073258.2	65426239	65426857	2	1	+	NC_073258.2	65426240	65426593	STIP1	XM_003828553.5	+	2	2	1	264	9	10	1	1	1	middle	middle	1.000	1.000	constitutive	constitutive	96	124	1
NC_073258.2	65450108	65450702	3	1	+	NC_073258.2	65450261	65450702	FERMT3	XM_003828552.5	+	3	2	153	0	13	14	2	2	2	middle	last	1.000	1.000	constitutive	constitutive	141	176	2
NC_073258.2	65451392	65452205	-1	1	-	NC_073258.2	65451500	65452186	TRPT1	XM_003828555.6	-	1	3	19	108	3	5	4	4	3	middle	middle	1.000	0.750	constitutive	alternative	169	56	3
NC_073258.2	65451392	65452205	-1	1	-	NC_073258.2	65451393	65452186	TRPT1	XM_063608539.1	-	1	2	19	1	3	4	4	4	1	middle	last	1.000	0.250	constitutive	unique	169	539	1
NC_073258.2	65481867	65482311	1	1	+	NC_073258.2	65481937	65482227	PLCB3	XM_003828562.5	+	1	2	70	84	3	4	2	2	2	middle	middle	1.000	1.000	constitutive	constitutive	68	140	2
NC_073258.2	65486047	65486446	2	1	+	NC_073258.2	65486062	65486420	PLCB3	XM_003828562.5	+	2	2	15	26	12	13	2	2	2	middle	middle	1.000	1.000	constitutive	constitutive	84	186	2
NC_073258.2	65490626	65491100	3	1	+	NC_073258.2	65490678	65490975	PLCB3	XM_003828562.5	+	3	2	52	125	20	21	2	2	2	middle	middle	1.000	1.000	constitutive	constitutive	99	104	2
NC_073258.2	65494365	65494734	1	1	+	NC_073258.2	65494366	65494734	PLCB3	XM_003828562.5	+	1	2	1	0	30	31	2	2	2	middle	last	1.000	1.000	constitutive	constitutive	86	200	2
NC_073258.2	65523945	65524377	1	1	+	NC_073258.2	65523975	65524376	KCNK4	XM_055094453.3	+	1	2	30	1	2	3	8	1	1	middle	middle	0.125	0.125	unique	unique	123	160	1
NC_073258.2	65567725	65568322	2	1	+	NC_073258.2	65567875	65568146	CCDC88B	XM_034932890.3	+	2	2	150	176	3	4	5	5	5	middle	middle	1.000	1.000	constitutive	constitutive	111	69	5
NC_073258.2	65595565	65596087	2	1	+	NC_073258.2	65595653	65595982	RPS6KA4	XM_003828572.4	+	2	2	88	105	11	12	3	2	3	middle	middle	0.667	1.000	alternative	constitutive	133	93	2
NC_073258.2	65595565	65596087	2	1	+	NC_073258.2	65595674	65595982	RPS6KA4	XM_008953980.4	+	2	2	109	105	11	12	3	1	3	middle	middle	0.333	1.000	unique	constitutive	112	93	1
NC_073258.2	65817692	65818697	3	1	+	NC_073258.2	65817917	65818315	SLC22A12	XM_008953983.5	+	3	2	225	382	3	4	3	1	2	middle	middle	0.333	0.667	unique	alternative	154	168	1
NC_073258.2	65817692	65818697	3	1	+	NC_073258.2	65817917	65818315	SLC22A12	XM_034932937.3	+	3	2	225	382	3	4	3	1	2	middle	middle	0.333	0.667	unique	alternative	52	168	1
NC_073258.2	65822640	65823075	1	1	+	NC_073258.2	65822667	65823074	SLC22A12	XM_008953983.5	+	1	2	27	1	5	6	3	3	3	middle	middle	1.000	1.000	constitutive	constitutive	123	115	3
NC_073258.2	66021983	66022586	-1	1	-	NC_073258.2	66022210	66022490	MAP4K2	XM_034932954.4	-	1	2	96	227	23	24	4	4	4	middle	middle	1.000	1.000	constitutive	constitutive	60	117	4
NC_073258.2	66023044	66023629	-2	1	-	NC_073258.2	66023212	66023471	MAP4K2	XM_034932954.4	-	2	2	158	168	17	18	4	4	4	middle	middle	1.000	1.000	constitutive	constitutive	33	105	4
NC_073258.2	66060076	66060388	-2	1	-	NC_073258.2	66060125	66060361	CDC42BPG	XM_003828587.6	-	2	2	27	49	22	23	2	2	2	middle	middle	1.000	1.000	constitutive	constitutive	98	59	2
NC_073258.2	66063225	66063573	-3	1	-	NC_073258.2	66063255	66063535	CDC42BPG	XM_003828587.6	-	3	2	38	30	10	11	2	2	2	middle	middle	1.000	1.000	constitutive	constitutive	97	80	2
NC_073258.2	66124909	66125302	-2	1	-	NC_073258.2	66124911	66125242	ATG2A	XM_003828593.5	-	2	2	60	2	34	35	5	5	5	middle	middle	1.000	1.000	constitutive	constitutive	84	135	5
NC_073258.2	66129251	66130022	-1	1	-	NC_073258.2	66129332	66129752	ATG2A	XM_003828593.5	-	1	2	270	81	27	28	5	2	5	middle	middle	0.400	1.000	alternative	constitutive	164	126	2
NC_073258.2	66129251	66130022	-1	1	-	NC_073258.2	66129332	66129752	ATG2A	XM_008954021.4	-	1	2	270	81	27	28	5	3	5	middle	middle	0.600	1.000	alternative	constitutive	170	126	3
NC_073258.2	66138818	66139418	-1	1	-	NC_073258.2	66138938	66139345	ATG2A	XM_003828593.5	-	1	2	73	120	8	9	5	5	5	middle	middle	1.000	1.000	constitutive	constitutive	164	140	5
NC_073258.2	66161847	66162411	-3	1	-	NC_073258.2	66161914	66162387	GPHA2	XM_003828597.5	-	3	2	24	67	2	3	1	1	1	middle	middle	1.000	1.000	constitutive	constitutive	102	184	1
NC_073258.2	66279712	66280498	-2	1	-	NC_073258.2	66280033	66280391	NAALADL1	XM_003828601.6	-	2	2	107	321	7	8	1	1	1	middle	middle	1.000	1.000	constitutive	constitutive	85	119	1
NC_073258.2	66305937	66306663	-3	1	-	NC_073258.2	66305938	66306615	LOC100971082	XM_003828602.3	-	3	2	48	1	6	7	1	1	1	middle	last	1.000	1.000	constitutive	constitutive	434	77	1
NC_073258.2	66310300	66310606	-2	1	-	NC_073258.2	66310331	66310569	LOC100971082	XM_003828602.3	-	2	2	37	31	3	4	1	1	1	middle	middle	1.000	1.000	constitutive	constitutive	94	65	1
NC_073258.2	66340367	66341924	3	1	+	NC_073258.2	66340426	66341759	VPS51	XM_003828606.7	+	3	3	59	165	3	5	1	1	1	middle	middle	1.000	1.000	constitutive	constitutive	146	717	1
NC_073258.2	66343290	66343641	1	1	+	NC_073258.2	66343327	66343626	VPS51	XM_003828606.7	+	1	2	37	15	8	9	1	1	1	middle	middle	1.000	1.000	constitutive	constitutive	121	87	1
NC_073258.2	66345325	66345715	2	1	+	NC_073258.2	66345360	66345710	TM7SF2	XM_008954040.5	+	2	2	35	5	2	3	9	9	9	middle	middle	1.000	1.000	constitutive	constitutive	196	54	9
NC_073258.2	66407438	66408239	3	1	+	NC_073258.2	66407459	66408239	SPDYC	XM_055094508.3	+	3	3	21	0	5	7	1	1	1	middle	last	1.000	1.000	constitutive	constitutive	171	31	1
NC_073258.2	66443084	66443483	3	1	+	NC_073258.2	66443175	66443382	CAPN1	XM_055094499.2	+	3	2	91	101	13	14	4	4	4	middle	middle	1.000	1.000	constitutive	constitutive	65	57	4
NC_073258.2	66782878	66783256	-2	1	-	NC_073258.2	66782890	66783256	LTBP3	XM_008954065.5	-	2	2	0	12	4	5	5	5	5	middle	middle	1.000	1.000	constitutive	constitutive	105	92	5
NC_073258.2	66810693	66811086	1	1	+	NC_073258.2	66810770	66811085	EHBP1L1	XM_034933004.3	+	1	2	77	1	7	8	4	4	4	middle	middle	1.000	1.000	constitutive	constitutive	68	162	4
NC_073258.2	66837041	66837908	-1	1	-	NC_073258.2	66837414	66837843	MAP3K11	XM_034933018.3	-	1	2	65	373	3	4	2	2	2	middle	middle	1.000	1.000	constitutive	constitutive	148	175	2
NC_073258.2	66879355	66879736	2	1	+	NC_073258.2	66879376	66879680	SIPA1	XM_003828634.5	+	2	2	21	56	10	11	2	2	2	middle	middle	1.000	1.000	constitutive	constitutive	111	108	2
NC_073258.2	67090409	67090997	3	1	+	NC_073258.2	67090500	67090832	MUS81	XM_003828642.5	+	3	2	91	165	4	5	4	4	4	middle	middle	1.000	1.000	constitutive	constitutive	98	68	4
NC_073258.2	67199967	67200627	1	1	+	NC_073258.2	67200064	67200391	SART1	XM_003828650.5	+	1	2	97	236	10	11	1	1	1	middle	middle	1.000	1.000	constitutive	constitutive	124	115	1
NC_073258.2	67232615	67233005	-1	1	-	NC_073258.2	67232648	67232984	EIF1AD	XM_003828653.5	-	1	2	21	33	1	2	5	5	5	first	middle	1.000	1.000	constitutive	constitutive	86	108	5
NC_073258.2	67253207	67253603	-1	1	-	NC_073258.2	67253209	67253599	CATSPER1	XM_003828657.4	-	1	2	4	2	6	7	2	2	2	middle	middle	1.000	1.000	constitutive	constitutive	143	63	2
NC_073258.2	67464220	67464658	2	1	+	NC_073258.2	67464221	67464613	LOC100990116	XM_034933063.3	+	2	2	1	45	12	13	11	4	4	middle	middle	0.364	0.364	alternative	alternative	115	135	4
NC_073258.2	67497574	67498180	2	1	+	NC_073258.2	67497674	67498042	LOC100990116	XM_003828659.5	+	2	2	100	138	6	7	11	10	10	middle	middle	0.909	0.909	alternative	alternative	101	173	10
NC_073258.2	67499460	67499931	1	1	+	NC_073258.2	67499478	67499835	LOC100990116	XM_003828659.5	+	1	2	18	96	11	12	11	10	10	middle	middle	0.909	0.909	alternative	alternative	108	158	10
NC_073258.2	67567117	67567852	-2	1	-	NC_073258.2	67567298	67567698	RIN1	XM_003828667.5	-	2	2	154	181	8	9	4	4	4	middle	middle	1.000	1.000	constitutive	constitutive	131	151	4
NC_073258.2	67574962	67575409	-2	1	-	NC_073258.2	67575008	67575374	BRMS1	XM_003828669.5	-	2	2	35	46	3	4	2	2	2	middle	middle	1.000	1.000	constitutive	constitutive	127	79	2
NC_073258.2	67648020	67648623	1	1	+	NC_073258.2	67648132	67648622	NPAS4	XM_003828672.4	+	1	2	112	1	3	4	3	2	2	middle	middle	0.667	0.667	alternative	alternative	102	267	2
NC_073258.2	67720984	67721491	2	1	+	NC_073258.2	67721207	67721490	DPP3	XM_003828675.7	+	2	2	223	1	13	14	6	6	6	middle	middle	1.000	1.000	constitutive	constitutive	62	124	6
NC_073258.2	67788555	67789104	1	1	+	NC_073258.2	67788571	67788981	ACTN3	XM_003828673.6	+	1	2	16	123	16	17	2	2	2	middle	middle	1.000	1.000	constitutive	constitutive	134	179	2
NC_073258.2	67793296	67793887	-2	1	-	NC_073258.2	67793363	67793745	CTSF	XM_063608590.1	-	2	2	142	67	6	7	1	1	1	middle	middle	1.000	1.000	constitutive	constitutive	113	145	1
NC_073258.2	68068553	68068961	3	1	+	NC_073258.2	68068579	68068961	TOP6BL	XM_055094565.3	+	3	2	26	0	15	16	14	12	12	middle	last	0.857	0.857	alternative	alternative	220	62	12
NC_073258.2	68076342	68077638	-3	1	-	NC_073258.2	68076405	68077009	PC	XM_003828701.7	-	3	2	629	63	14	15	6	6	6	middle	middle	1.000	1.000	constitutive	constitutive	240	249	6
NC_073258.2	68096642	68097278	-1	1	-	NC_073258.2	68096754	68097182	PC	XM_003828701.7	-	1	2	96	112	3	4	6	6	6	middle	middle	1.000	1.000	constitutive	constitutive	165	145	6
NC_073258.2	68518292	68518664	3	1	+	NC_073258.2	68518293	68518563	ANKRD13D	XM_034933126.3	+	3	2	1	101	4	5	3	3	3	middle	middle	1.000	1.000	constitutive	constitutive	45	143	3
NC_073258.2	68635736	68636528	3	1	+	NC_073258.2	68635970	68636528	TBC1D10C	XM_034933142.3	+	3	2	234	0	7	8	4	1	1	middle	last	0.250	0.250	unique	unique	154	130	1
NC_073258.2	68659610	68659985	3	1	+	NC_073258.2	68659679	68659984	RPS6KB2	XM_003828721.4	+	3	2	69	1	7	8	2	2	2	middle	middle	1.000	1.000	constitutive	constitutive	100	90	2
NC_073258.2	68725664	68726126	-1	1	-	NC_073258.2	68725669	68726074	PITPNM1	XM_034933156.3	-	1	2	52	5	8	9	6	6	6	middle	middle	1.000	1.000	constitutive	constitutive	61	250	6
NC_073258.2	68839456	68839849	-2	1	-	NC_073258.2	68839457	68839756	LOC100993195	XM_034933170.3	-	2	2	93	1	5	6	2	2	2	middle	last	1.000	1.000	constitutive	constitutive	96	127	2
NC_073258.2	70038167	70038728	3	1	+	NC_073258.2	70038189	70038500	TPCN2	XM_003828761.6	+	3	2	22	228	14	15	7	7	7	middle	middle	1.000	1.000	constitutive	constitutive	119	59	7
NC_073258.2	72452053	72452812	2	1	+	NC_073258.2	72452156	72452812	LOC130540634	XM_057299329.2	+	2	2	103	0	1	2	1	1	1	first	last	1.000	1.000	constitutive	constitutive	297	328	1
NC_073258.2	73167789	73168263	1	1	+	NC_073258.2	73167811	73168252	FOLR2	XM_003815679.6	+	1	2	22	11	3	4	3	3	3	middle	middle	1.000	1.000	constitutive	constitutive	188	135	3
NC_073258.2	73180519	73180885	2	1	+	NC_073258.2	73180544	73180847	INPPL1	XM_014346921.4	+	2	2	25	38	18	19	6	6	6	middle	middle	1.000	1.000	constitutive	constitutive	81	89	6
NC_073258.2	73185131	73185440	3	1	+	NC_073258.2	73185132	73185440	INPPL1	XM_014346921.4	+	3	2	1	0	27	28	6	5	5	middle	last	0.833	0.833	alternative	alternative	133	87	5
NC_073258.2	73529688	73530438	-3	1	-	NC_073258.2	73529767	73530294	PDE2A	XM_003815670.5	-	3	2	144	79	18	19	4	4	4	middle	middle	1.000	1.000	constitutive	constitutive	177	112	4
NC_073258.2	73644884	73645466	-1	1	-	NC_073258.2	73644886	73645394	ARAP1	XM_003815668.5	-	1	2	72	2	17	18	8	8	8	middle	middle	1.000	1.000	constitutive	constitutive	195	51	8
NC_073258.2	74335909	74336281	2	1	+	NC_073258.2	74335910	74336280	RELT	XM_003815656.7	+	2	2	1	1	2	3	2	2	2	middle	middle	1.000	1.000	constitutive	constitutive	74	166	2
NC_073258.2	7445701	7446010	2	1	+	NC_073258.2	7445733	7446010	MMP26	XM_003819020.6	+	2	2	32	0	5	6	1	1	1	middle	last	1.000	1.000	constitutive	constitutive	161	25	1
NC_073258.2	8970756	8971401	1	1	+	NC_073258.2	8970766	8971258	DNHD1	XM_055095168.2	+	1	2	10	143	13	14	1	1	1	middle	middle	1.000	1.000	constitutive	constitutive	125	276	1
NC_073258.2	9045712	9046177	2	1	+	NC_073258.2	9045875	9046148	ILK	XM_003819082.5	+	2	2	163	29	4	5	2	1	1	middle	middle	0.500	0.500	unique	unique	96	83	1
NC_073258.2	9063720	9064947	-3	1	-	NC_073258.2	9063729	9064844	DCHS1	XM_034932050.3	-	3	2	103	9	13	14	1	1	1	middle	middle	1.000	1.000	constitutive	constitutive	878	113	1
NC_073259.2	104064486	104064714	-1	1	-	NC_073259.2	104064488	104064714	HAL	XM_008960326.4	-	1	2	0	2	5	6	2	2	2	middle	middle	1.000	1.000	constitutive	constitutive	72	66	2
NC_073259.2	109355710	109356025	2	1	+	NC_073259.2	109355714	109356024	UTP20	XM_003832597.4	+	2	2	4	1	3	4	1	1	1	middle	middle	1.000	1.000	constitutive	constitutive	66	132	1
NC_073259.2	11170662	11171343	-1	1	-	NC_073259.2	11170886	11171188	ANO2	XM_008973750.3	-	1	2	155	224	18	19	1	1	1	middle	middle	1.000	1.000	constitutive	constitutive	57	100	1
NC_073259.2	116596572	116596926	-1	1	-	NC_073259.2	116596630	116596901	SART3	XM_003832528.6	-	1	2	25	58	10	11	3	3	3	middle	middle	1.000	1.000	constitutive	constitutive	77	58	3
NC_073259.2	11892766	11893285	-3	1	-	NC_073259.2	11892768	11893215	TNFRSF1A	XM_008973744.5	-	3	2	70	2	4	5	1	1	1	middle	middle	1.000	1.000	constitutive	constitutive	149	78	1
NC_073259.2	119513136	119513418	1	1	+	NC_073259.2	119513137	119513417	SH2B3	XM_008957884.4	+	1	2	1	1	2	3	4	4	4	middle	middle	1.000	1.000	constitutive	constitutive	101	91	4
NC_073259.2	119817429	119817960	1	1	+	NC_073259.2	119817526	119817862	ACAD10	XM_034934517.3	+	1	2	97	98	15	16	8	8	8	middle	middle	1.000	1.000	constitutive	constitutive	137	90	8
NC_073259.2	12112532	12112895	-2	1	-	NC_073259.2	12112560	12112866	IFFO1	XM_008973726.4	-	2	2	29	28	2	3	17	17	17	middle	middle	1.000	1.000	constitutive	constitutive	60	95	17
NC_073259.2	121365134	121365662	3	1	+	NC_073259.2	121365216	121365661	TPCN1	XM_008957831.4	+	3	2	82	1	9	10	11	11	11	middle	middle	1.000	1.000	constitutive	constitutive	116	124	11
NC_073259.2	12144707	12145280	-2	1	-	NC_073259.2	12144726	12145256	CHD4	XM_008973712.5	-	2	3	24	19	25	27	28	16	28	middle	middle	0.571	1.000	alternative	constitutive	180	88	16
NC_073259.2	12144707	12145280	-2	1	-	NC_073259.2	12144726	12145253	CHD4	XM_014347052.4	-	2	3	27	19	25	27	28	10	28	middle	middle	0.357	1.000	alternative	constitutive	177	88	10
NC_073259.2	12144707	12145280	-2	1	-	NC_073259.2	12144726	12145256	CHD4	XM_063593300.1	-	2	2	24	19	25	26	28	2	28	middle	middle	0.071	1.000	alternative	constitutive	351	88	2
NC_073259.2	12393479	12393953	3	1	+	NC_073259.2	12393507	12393924	P3H3	XM_008973674.5	+	3	2	28	29	3	4	1	1	1	middle	middle	1.000	1.000	constitutive	constitutive	201	131	1
NC_073259.2	12400627	12401227	2	1	+	NC_073259.2	12400899	12401200	P3H3	XM_008973674.5	+	2	2	272	27	12	13	1	1	1	middle	middle	1.000	1.000	constitutive	constitutive	117	75	1
NC_073259.2	12526062	12526428	1	1	+	NC_073259.2	12526085	12526427	PTPN6	XM_003820256.6	+	1	2	23	1	13	14	2	2	2	middle	middle	1.000	1.000	constitutive	constitutive	151	91	2
NC_073259.2	128260675	128261092	-3	1	-	NC_073259.2	128260727	128261078	RPLP0	XM_008957784.4	-	3	2	14	52	3	4	3	3	3	middle	middle	1.000	1.000	constitutive	constitutive	87	146	3
NC_073259.2	128429976	128430759	-1	1	-	NC_073259.2	128430072	128430330	MSI1	XM_034934642.3	-	1	2	429	96	1	2	4	4	4	first	middle	1.000	1.000	constitutive	constitutive	58	40	4
NC_073259.2	129528949	129529963	-3	1	-	NC_073259.2	129529076	129529600	KDM2B	XM_055096262.2	-	3	2	363	127	15	16	19	6	6	middle	middle	0.316	0.316	alternative	alternative	86	260	6
NC_073259.2	129528949	129529963	-3	1	-	NC_073259.2	129529076	129529600	KDM2B	XM_063593722.1	-	3	2	363	127	15	16	19	13	13	middle	middle	0.684	0.684	alternative	alternative	87	268	13
NC_073259.2	129906996	129907869	1	1	+	NC_073259.2	129907117	129907773	SETD1B	XM_034934685.3	+	1	2	121	96	7	8	1	1	1	middle	middle	1.000	1.000	constitutive	constitutive	261	319	1
NC_073259.2	129917468	129918344	3	1	+	NC_073259.2	129917592	129918143	SETD1B	XM_034934685.3	+	3	3	124	201	13	15	1	1	1	middle	middle	1.000	1.000	constitutive	constitutive	131	137	1
NC_073259.2	130030681	130031281	2	1	+	NC_073259.2	130030759	130031200	CFAP251	XM_003832350.6	+	2	2	78	81	5	6	6	6	6	middle	middle	1.000	1.000	constitutive	constitutive	111	80	6
NC_073259.2	130261657	130262176	-3	1	-	NC_073259.2	130261742	130262071	IL31	XM_003832349.4	-	3	2	105	85	1	2	1	1	1	first	middle	1.000	1.000	constitutive	constitutive	15	148	1
NC_073259.2	130951969	130952575	2	1	+	NC_073259.2	130952078	130952411	HIP1R	XM_003812127.6	+	2	2	109	164	19	20	4	3	3	middle	middle	0.750	0.750	alternative	alternative	147	86	3
NC_073259.2	131074289	131074928	3	1	+	NC_073259.2	131074351	131074919	OGFOD2	XM_003812126.6	+	3	2	62	9	5	6	6	3	6	middle	middle	0.500	1.000	alternative	constitutive	127	257	3
NC_073259.2	131074289	131074928	3	1	+	NC_073259.2	131074440	131074919	OGFOD2	XM_014347356.4	+	3	2	151	9	1	2	6	3	6	first	middle	0.500	1.000	alternative	constitutive	38	257	3
NC_073259.2	131081901	131082870	-1	1	-	NC_073259.2	131082346	131082739	PITPNM2	XM_034934744.4	-	1	2	131	445	22	23	17	13	13	middle	middle	0.765	0.765	alternative	alternative	183	128	13
NC_073259.2	133039057	133039552	-3	1	-	NC_073259.2	133039114	133039445	DHX37	XM_003817856.4	-	3	2	107	57	19	20	2	2	2	middle	middle	1.000	1.000	constitutive	constitutive	124	116	2
NC_073259.2	140243896	140244316	2	1	+	NC_073259.2	140243897	140244251	NOC4L	XM_008967355.4	+	2	2	1	65	5	6	1	1	1	middle	middle	1.000	1.000	constitutive	constitutive	149	99	1
NC_073259.2	140245962	140246646	1	1	+	NC_073259.2	140246001	140246403	NOC4L	XM_008967355.4	+	1	2	39	243	12	13	1	1	1	middle	middle	1.000	1.000	constitutive	constitutive	160	82	1
NC_073259.2	140246492	140246981	3	1	+	NC_073259.2	140246667	140246981	NOC4L	XM_008967355.4	+	3	2	175	0	14	15	1	1	1	middle	last	1.000	1.000	constitutive	constitutive	113	116	1
NC_073259.2	140579503	140579992	-3	1	-	NC_073259.2	140579512	140579796	MUC8	XM_055096505.1	-	3	2	196	9	4	6	1	1	1	middle	middle	1.000	1.000	constitutive	constitutive	38	42	1
NC_073259.2	140679525	140680758	1	1	+	NC_073259.2	140679620	140680234	FBRSL1	XM_034934894.4	+	1	2	95	524	7	8	17	15	15	middle	middle	0.882	0.882	alternative	alternative	315	205	14
NC_073259.2	140679525	140680758	1	1	+	NC_073259.2	140679620	140680234	FBRSL1	XM_034934896.4	+	1	2	95	524	7	8	17	15	1	middle	middle	0.882	0.059	alternative	unique	315	202	1
NC_073259.2	140679525	140680758	1	1	+	NC_073259.2	140679620	140680234	FBRSL1	XM_034934900.4	+	1	2	95	524	7	8	17	1	15	middle	middle	0.059	0.882	unique	alternative	303	205	1
NC_073259.2	140731337	140731757	3	1	+	NC_073259.2	140731365	140731709	P2RX2	XM_034934918.4	+	3	2	28	48	6	7	11	11	11	middle	middle	1.000	1.000	constitutive	constitutive	130	90	11
NC_073259.2	140767430	140767871	-2	1	-	NC_073259.2	140767515	140767808	POLE	XM_003814590.6	-	2	2	63	85	28	29	4	4	4	middle	middle	1.000	1.000	constitutive	constitutive	80	122	4
NC_073259.2	140824724	140825531	3	1	+	NC_073259.2	140824849	140825530	PGAM5	XM_055096419.2	+	3	2	125	1	3	5	2	2	1	middle	middle	1.000	0.500	constitutive	unique	125	133	1
NC_073259.2	140824724	140825531	3	1	+	NC_073259.2	140824849	140825530	PGAM5	XM_055096420.2	+	3	2	125	1	3	5	2	2	1	middle	middle	1.000	0.500	constitutive	unique	125	130	1
NC_073259.2	140856720	140857359	-1	1	-	NC_073259.2	140856814	140857313	ANKLE2	XM_055096424.2	-	1	2	46	94	4	5	1	1	1	middle	middle	1.000	1.000	constitutive	constitutive	193	188	1
NC_073259.2	141467097	141467880	1	1	+	NC_073259.2	141467179	141467848	LOC117979510	XM_063593806.1	+	1	2	82	32	2	3	6	1	6	middle	middle	0.167	1.000	unique	constitutive	206	255	1
NC_073259.2	141467097	141467880	1	1	+	NC_073259.2	141467182	141467848	LOC117979510	XM_063593807.1	+	1	2	85	32	2	3	6	1	6	middle	middle	0.167	1.000	unique	constitutive	203	255	1
NC_073259.2	141467097	141467880	1	1	+	NC_073259.2	141467185	141467848	LOC117979510	XM_063593808.1	+	1	2	88	32	1	2	6	4	6	first	middle	0.667	1.000	alternative	constitutive	200	255	4
NC_073259.2	141729238	141729766	2	1	+	NC_073259.2	141729278	141729575	LOC129393564	XM_055096477.2	+	2	2	40	191	2	3	1	1	1	middle	middle	1.000	1.000	constitutive	constitutive	108	110	1
NC_073259.2	15000317	15000953	-2	1	-	NC_073259.2	15000318	15000771	LOC100990059	XM_063592997.1	-	2	2	182	1	28	29	1	1	1	middle	last	1.000	1.000	constitutive	constitutive	154	223	1
NC_073259.2	16773970	16774702	-3	1	-	NC_073259.2	16773971	16774674	PRB4	XM_057299379.2	-	3	2	28	1	3	4	1	1	1	middle	last	1.000	1.000	constitutive	constitutive	233	199	1
NC_073259.2	16819197	16821099	-1	1	-	NC_073259.2	16819198	16820852	LOC100974080	XM_055095405.2	-	1	3	247	1	3	5	1	1	1	middle	last	1.000	1.000	constitutive	constitutive	341	751	1
NC_073259.2	18668682	18669240	1	1	+	NC_073259.2	18668731	18669073	EMP1	XM_003816503.7	+	1	2	49	167	2	3	2	2	1	middle	middle	1.000	0.500	constitutive	unique	96	140	1
NC_073259.2	18668682	18669240	1	1	+	NC_073259.2	18668731	18669240	EMP1	XM_063593369.1	+	1	2	49	0	2	3	2	2	1	middle	last	1.000	0.500	constitutive	unique	96	307	1
NC_073259.2	28110304	28110673	-3	1	-	NC_073259.2	28110359	28110673	IRAK3	XM_003824788.5	-	3	2	0	55	10	11	2	2	2	middle	middle	1.000	1.000	constitutive	constitutive	62	164	2
NC_073259.2	36624230	36624698	-2	1	-	NC_073259.2	36624236	36624568	OS9	XM_003824833.4	-	2	2	130	6	8	9	4	4	4	middle	middle	1.000	1.000	constitutive	constitutive	100	51	4
NC_073259.2	36711727	36712267	2	1	+	NC_073259.2	36711825	36712258	B4GALNT1	XM_008978487.6	+	2	2	98	9	6	7	5	5	5	middle	middle	1.000	1.000	constitutive	constitutive	98	190	5
NC_073259.2	36726864	36727404	-1	1	-	NC_073259.2	36726866	36727291	ARHGEF25	XM_008978483.5	-	1	2	113	2	5	6	4	4	4	middle	middle	1.000	1.000	constitutive	constitutive	66	103	4
NC_073259.2	36768288	36769062	-1	1	-	NC_073259.2	36768346	36769011	KIF5A	XM_003824849.5	-	1	2	51	58	14	15	1	1	1	middle	middle	1.000	1.000	constitutive	constitutive	206	146	1
NC_073259.2	36777264	36777666	-1	1	-	NC_073259.2	36777391	36777645	KIF5A	XM_003824849.5	-	1	2	21	127	2	3	1	1	1	middle	middle	1.000	1.000	constitutive	constitutive	87	73	1
NC_073259.2	36812385	36813018	-1	1	-	NC_073259.2	36812387	36812961	MBD6	XM_034935569.3	-	1	2	57	2	8	9	2	1	2	middle	middle	0.500	1.000	unique	constitutive	416	52	1
NC_073259.2	36812385	36813018	-1	1	-	NC_073259.2	36812387	36812958	MBD6	XM_034935570.3	-	1	2	60	2	8	9	2	1	2	middle	middle	0.500	1.000	unique	constitutive	413	52	1
NC_073259.2	36864663	36865041	1	1	+	NC_073259.2	36864664	36864988	ARHGAP9	XM_008978507.4	+	1	2	1	53	8	9	5	5	5	middle	middle	1.000	1.000	constitutive	constitutive	132	107	5
NC_073259.2	37147931	37148852	-2	1	-	NC_073259.2	37147937	37148446	LRP1	XM_003824883.6	-	2	2	406	6	46	47	1	1	1	middle	middle	1.000	1.000	constitutive	constitutive	128	119	1
NC_073259.2	37293447	37293837	1	1	+	NC_073259.2	37293502	37293836	MYO1A	XM_034934999.3	+	1	2	55	1	1	2	1	1	1	first	middle	1.000	1.000	constitutive	constitutive	113	115	1
NC_073259.2	37983144	37983672	1	1	+	NC_073259.2	37983163	37983499	STAT2	XM_003824916.4	+	1	2	19	173	15	16	11	11	6	middle	middle	1.000	0.545	constitutive	alternative	98	135	6
NC_073259.2	37983144	37983672	1	1	+	NC_073259.2	37983163	37983499	STAT2	XM_008978589.4	+	1	2	19	173	15	16	11	11	5	middle	middle	1.000	0.455	constitutive	alternative	98	159	5
NC_073259.2	38007254	38007860	3	1	+	NC_073259.2	38007390	38007805	PAN2	XM_008978599.3	+	3	2	136	55	10	11	15	15	15	middle	middle	1.000	1.000	constitutive	constitutive	128	199	15
NC_073259.2	38094749	38095286	-2	1	-	NC_073259.2	38094765	38095174	SLC39A5	XM_003824919.5	-	2	2	112	16	8	9	2	2	2	middle	middle	1.000	1.000	constitutive	constitutive	80	190	2
NC_073259.2	38389848	38390844	-1	1	-	NC_073259.2	38390017	38390495	DGKA	XM_024931103.4	-	1	2	349	169	6	7	14	14	14	middle	middle	1.000	1.000	constitutive	constitutive	49	74	14
NC_073259.2	38630719	38631208	2	1	+	NC_073259.2	38630773	38631151	ITGA7	XM_003807538.7	+	2	2	54	57	11	12	6	6	6	middle	middle	1.000	1.000	constitutive	constitutive	61	169	6
NC_073259.2	39763143	39763632	1	1	+	NC_073259.2	39763169	39763534	ITGA5	XM_003807568.4	+	1	2	26	98	3	4	1	1	1	middle	middle	1.000	1.000	constitutive	constitutive	112	120	1
NC_073259.2	39768273	39768615	1	1	+	NC_073259.2	39768284	39768614	ITGA5	XM_003807568.4	+	1	2	11	1	14	15	1	1	1	middle	middle	1.000	1.000	constitutive	constitutive	45	101	1
NC_073259.2	40701132	40702137	1	1	+	NC_073259.2	40701153	40702074	MAP3K12	XM_003831010.7	+	1	2	21	63	9	10	4	4	4	middle	middle	1.000	1.000	constitutive	constitutive	137	624	4
NC_073259.2	41087880	41088444	-1	1	-	NC_073259.2	41087962	41088410	IGFBP6	XM_003831038.5	-	1	2	34	82	2	3	1	1	1	middle	middle	1.000	1.000	constitutive	constitutive	145	119	1
NC_073259.2	41122357	41122864	2	1	+	NC_073259.2	41122425	41122804	SPRYD3	XM_003831042.5	+	2	2	68	60	9	10	1	1	1	middle	middle	1.000	1.000	constitutive	constitutive	119	172	1
NC_073259.2	41130340	41130820	-3	1	-	NC_073259.2	41130466	41130787	TNS2	XM_003831040.5	-	3	2	33	126	15	16	7	7	7	middle	middle	1.000	1.000	constitutive	constitutive	129	65	7
NC_073259.2	41133256	41133664	-3	1	-	NC_073259.2	41133258	41133535	TNS2	XM_003831040.5	-	3	2	129	2	9	10	7	7	7	middle	middle	1.000	1.000	constitutive	constitutive	122	64	7
NC_073259.2	41768235	41768748	1	1	+	NC_073259.2	41768260	41768747	KRT75	XM_003831048.4	+	1	2	25	1	6	7	1	1	1	middle	middle	1.000	1.000	constitutive	constitutive	125	220	1
NC_073259.2	44053440	44053779	1	1	+	NC_073259.2	44053441	44053778	CERS5	XM_003825859.5	+	1	2	1	1	7	8	14	14	14	middle	middle	1.000	1.000	constitutive	constitutive	128	106	14
NC_073259.2	44098793	44099180	-2	1	-	NC_073259.2	44098795	44099144	SMARCD1	XM_003825857.6	-	2	2	36	2	8	9	5	5	5	middle	middle	1.000	1.000	constitutive	constitutive	161	97	5
NC_073259.2	44624805	44625291	1	1	+	NC_073259.2	44624897	44625264	MCRS1	XM_008951170.4	+	1	2	92	27	10	11	6	6	6	middle	middle	1.000	1.000	constitutive	constitutive	92	82	6
NC_073259.2	44856040	44856571	-3	1	-	NC_073259.2	44856071	44856388	TROAP	XM_008951162.4	-	3	2	183	31	8	9	5	3	3	middle	middle	0.600	0.600	alternative	alternative	128	83	3
NC_073259.2	45082782	45083193	1	1	+	NC_073259.2	45082841	45083097	LMBR1L	XM_003825829.4	+	1	2	59	96	10	11	6	6	6	middle	middle	1.000	1.000	constitutive	constitutive	83	76	6
NC_073259.2	45155906	45156407	3	1	+	NC_073259.2	45155963	45156371	KMT2D	XM_034935936.3	+	3	2	57	36	38	39	12	12	12	middle	middle	1.000	1.000	constitutive	constitutive	175	130	12
NC_073259.2	45156936	45157512	1	1	+	NC_073259.2	45157060	45157398	KMT2D	XM_034935936.3	+	1	2	124	114	40	41	12	12	12	middle	middle	1.000	1.000	constitutive	constitutive	132	127	12
NC_073259.2	45354109	45354577	-3	1	-	NC_073259.2	45354143	45354508	CACNB3	XM_003825809.5	-	3	2	69	34	11	12	4	4	4	middle	middle	1.000	1.000	constitutive	constitutive	95	149	4
NC_073259.2	45405055	45405586	2	1	+	NC_073259.2	45405175	45405562	ADCY6	XM_034935951.3	+	2	2	120	24	7	8	7	7	7	middle	middle	1.000	1.000	constitutive	constitutive	141	128	7
NC_073259.2	46368530	46369115	3	1	+	NC_073259.2	46368651	46369014	HDAC7	XM_008951105.6	+	3	2	121	101	1	2	5	1	5	first	middle	0.200	1.000	unique	constitutive	140	90	1
NC_073259.2	46368530	46369115	3	1	+	NC_073259.2	46368604	46369014	HDAC7	XM_034935969.3	+	3	2	74	101	3	4	5	4	5	middle	middle	0.800	1.000	alternative	constitutive	187	90	4
NC_073259.2	53606641	53606959	-3	1	-	NC_073259.2	53606650	53606916	MUC19	XM_034935026.2	-	3	2	43	9	149	150	1	1	1	middle	middle	1.000	1.000	constitutive	constitutive	53	53	1
NC_073259.2	53665422	53676795	-1	1	-	NC_073259.2	53665548	53676725	MUC19	XM_034935026.2	-	1	2	70	126	56	57	1	1	1	middle	middle	1.000	1.000	constitutive	constitutive	6095	5021	1
NC_073259.2	5432072	5432723	3	1	+	NC_073259.2	5432090	5432392	LOC117978433	XM_063592956.1	+	3	2	18	331	28	29	1	1	1	middle	middle	1.000	1.000	constitutive	constitutive	90	70	1
NC_073259.2	67330936	67331323	2	1	+	NC_073259.2	67330943	67331314	OVCH1	XM_063593132.1	+	2	2	7	9	11	12	1	1	1	middle	middle	1.000	1.000	constitutive	constitutive	132	130	1
NC_073259.2	69497597	69498104	-2	1	-	NC_073259.2	69497769	69498104	STK38L	XM_008954293.4	-	2	2	0	172	8	9	3	3	3	middle	middle	1.000	1.000	constitutive	constitutive	102	61	3
NC_073259.2	7424676	7425171	-1	1	-	NC_073259.2	7424860	7425168	CACNA2D4	XM_055095248.1	-	1	2	3	184	10	11	2	2	2	middle	middle	1.000	1.000	constitutive	constitutive	89	113	2
NC_073259.2	88756424	88757009	3	1	+	NC_073259.2	88756575	88757009	MYF6	XM_003811661.4	+	3	2	151	0	2	3	1	1	1	middle	last	1.000	1.000	constitutive	constitutive	90	115	1
NC_073260.2	10347481	10348021	-1	1	-	NC_073260.2	10347548	10348021	NUP188	XM_003822348.5	-	1	2	0	67	40	41	4	4	4	middle	middle	1.000	1.000	constitutive	constitutive	227	131	4
NC_073260.2	10599767	10600418	3	1	+	NC_073260.2	10599863	10600268	ZER1	XM_003822337.3	+	3	2	96	150	5	6	5	5	5	middle	middle	1.000	1.000	constitutive	constitutive	114	146	5
NC_073260.2	10630594	10631059	-1	1	-	NC_073260.2	10630688	10631019	PKN3	XM_034929211.3	-	1	2	40	94	19	20	3	3	3	middle	middle	1.000	1.000	constitutive	constitutive	142	107	3
NC_073260.2	10637039	10637609	-3	1	-	NC_073260.2	10637061	10637425	PKN3	XM_034929211.3	-	3	2	184	22	8	9	3	3	3	middle	middle	1.000	1.000	constitutive	constitutive	109	143	3
NC_073260.2	10742988	10743408	-2	1	-	NC_073260.2	10742995	10743405	SPTAN1	XM_008975884.6	-	2	2	3	7	34	35	16	16	16	middle	middle	1.000	1.000	constitutive	constitutive	103	162	16
NC_073260.2	10818141	10818621	-2	1	-	NC_073260.2	10818143	10818581	GLE1	XM_008975883.5	-	2	2	40	2	10	11	1	1	1	middle	middle	1.000	1.000	constitutive	constitutive	142	190	1
NC_073260.2	10922405	10922732	-3	1	-	NC_073260.2	10922407	10922686	CERCAM	XM_034929191.4	-	3	2	46	2	6	7	6	6	6	middle	middle	1.000	1.000	constitutive	constitutive	76	106	6
NC_073260.2	10996186	10996720	-1	1	-	NC_073260.2	10996267	10996665	SLC27A4	XM_034929184.3	-	1	2	55	81	10	11	1	1	1	middle	middle	1.000	1.000	constitutive	constitutive	164	146	1
NC_073260.2	11094127	11094844	2	1	+	NC_073260.2	11094374	11094782	GOLGA2	XM_003822320.6	+	2	2	247	62	22	23	4	4	4	middle	middle	1.000	1.000	constitutive	constitutive	218	102	4
NC_073260.2	11637730	11638651	-1	1	-	NC_073260.2	11638010	11638448	TTC16	XM_034929108.2	-	1	2	203	280	3	4	5	5	5	middle	middle	1.000	1.000	constitutive	constitutive	90	143	5
NC_073260.2	11641355	11641679	3	1	+	NC_073260.2	11641358	11641679	PTRH1	XM_008975810.6	+	3	2	3	0	4	5	8	2	2	middle	last	0.250	0.250	alternative	alternative	45	179	2
NC_073260.2	121758057	121758465	1	1	+	NC_073260.2	121758082	121758464	PUM3	XM_008976992.4	+	1	2	25	1	5	6	2	2	2	middle	middle	1.000	1.000	constitutive	constitutive	93	66	2
NC_073260.2	1739840	1740476	-3	1	-	NC_073260.2	1739931	1740425	ARRDC1	XM_024930017.4	-	3	2	51	91	4	5	9	3	9	middle	middle	0.333	1.000	alternative	constitutive	233	176	3
NC_073260.2	1739840	1740476	-3	1	-	NC_073260.2	1739931	1740374	ARRDC1	XM_034929667.3	-	3	2	102	91	5	6	9	3	9	middle	middle	0.333	1.000	alternative	constitutive	182	176	3
NC_073260.2	1739840	1740476	-3	1	-	NC_073260.2	1739931	1740266	ARRDC1	XM_034929669.3	-	3	2	210	91	5	6	9	3	9	middle	middle	0.333	1.000	alternative	constitutive	74	176	3
NC_073260.2	1879022	1879676	3	1	+	NC_073260.2	1879042	1879511	PNPLA7	XM_003817011.5	+	3	2	20	165	13	14	1	1	1	middle	middle	1.000	1.000	constitutive	constitutive	100	146	1
NC_073260.2	1935353	1935968	3	1	+	NC_073260.2	1935384	1935605	NSMF	XM_008970143.4	+	3	2	31	363	10	11	4	4	4	middle	middle	1.000	1.000	constitutive	constitutive	33	70	4
NC_073260.2	2126995	2127517	-1	1	-	NC_073260.2	2126996	2127381	NELFB	XM_063594086.1	-	1	2	136	1	13	14	6	1	3	middle	last	0.167	0.500	unique	alternative	192	12	1
NC_073260.2	2126995	2127517	-1	1	-	NC_073260.2	2126996	2127297	NELFB	XM_063594087.1	-	1	2	220	1	13	14	6	1	3	middle	last	0.167	0.500	unique	alternative	108	12	1
NC_073260.2	2126995	2127517	-1	1	-	NC_073260.2	2126996	2127317	NELFB	XM_063594089.1	-	1	2	200	1	12	13	6	1	3	middle	last	0.167	0.500	unique	alternative	128	12	1
NC_073260.2	2153684	2154422	3	1	+	NC_073260.2	2153768	2154314	CIMIP2A	XM_034929635.3	+	3	2	84	108	2	3	8	6	6	middle	middle	0.750	0.750	alternative	alternative	214	250	4
NC_073260.2	2153684	2154422	3	1	+	NC_073260.2	2153768	2154314	CIMIP2A	XM_055117438.2	+	3	2	84	108	2	3	8	6	2	middle	middle	0.750	0.250	alternative	alternative	214	136	2
NC_073260.2	2153684	2154422	3	1	+	NC_073260.2	2153886	2154314	CIMIP2A	XM_063594099.1	+	3	2	202	108	1	2	8	2	6	first	middle	0.250	0.750	alternative	alternative	96	250	2
NC_073260.2	2183386	2183986	-1	1	-	NC_073260.2	2183597	2183955	NDOR1	XM_003816999.6	-	1	2	31	211	11	12	13	13	13	middle	middle	1.000	1.000	constitutive	constitutive	146	118	13
NC_073260.2	2184692	2185541	-3	1	-	NC_073260.2	2184923	2185410	NDOR1	XM_003816999.6	-	3	2	131	231	6	7	13	13	13	middle	middle	1.000	1.000	constitutive	constitutive	209	121	13
NC_073260.2	2207185	2207506	2	1	+	NC_073260.2	2207256	2207506	TPRN	XM_003817001.6	+	2	2	71	0	3	4	1	1	1	middle	last	1.000	1.000	constitutive	constitutive	106	59	1
NC_073260.2	2214518	2215523	3	1	+	NC_073260.2	2214522	2215422	ANAPC2	XM_008970110.5	+	3	2	4	101	4	5	2	2	2	middle	middle	1.000	1.000	constitutive	constitutive	174	119	2
NC_073260.2	2223559	2224150	2	1	+	NC_073260.2	2223624	2224150	ANAPC2	XM_008970110.5	+	2	2	65	0	12	13	2	1	1	middle	last	0.500	0.500	unique	unique	235	209	1
NC_073260.2	2241593	2242562	-3	1	-	NC_073260.2	2241979	2242347	GRIN1	XM_034929614.3	-	3	2	215	386	6	7	10	10	10	middle	middle	1.000	1.000	constitutive	constitutive	121	174	10
NC_073260.2	2288302	2288608	2	1	+	NC_073260.2	2288309	2288608	DPP7	XM_055117419.1	+	2	2	7	0	12	13	10	10	10	middle	last	1.000	1.000	constitutive	constitutive	70	132	10
NC_073260.2	2319503	2320535	-3	1	-	NC_073260.2	2319760	2320481	UAP1L1	XM_003816989.5	-	3	2	54	257	1	2	2	2	2	first	middle	1.000	1.000	constitutive	constitutive	288	204	2
NC_073260.2	2347168	2347996	2	1	+	NC_073260.2	2347270	2347738	ENTPD2	XM_003816987.5	+	2	2	102	258	4	5	2	2	2	middle	middle	1.000	1.000	constitutive	constitutive	159	227	2
NC_073260.2	2349063	2349855	1	1	+	NC_073260.2	2349421	2349855	ENTPD2	XM_003816987.5	+	1	2	358	0	8	9	2	2	2	middle	last	1.000	1.000	constitutive	constitutive	134	200	2
NC_073260.2	2356919	2357849	3	1	+	NC_073260.2	2357332	2357848	NPDC1	XM_034929597.3	+	3	2	413	1	3	5	4	4	2	middle	middle	1.000	0.500	constitutive	alternative	125	66	2
NC_073260.2	2356919	2357849	3	1	+	NC_073260.2	2357332	2357848	NPDC1	XM_034929598.3	+	3	2	413	1	3	5	4	4	2	middle	middle	1.000	0.500	constitutive	alternative	125	42	2
NC_073260.2	2380677	2381451	1	1	+	NC_073260.2	2380695	2381400	ABCA2	XM_034929595.4	+	1	2	18	51	15	17	2	2	2	middle	middle	1.000	1.000	constitutive	constitutive	114	150	2
NC_073260.2	2381826	2382306	1	1	+	NC_073260.2	2381858	2382305	ABCA2	XM_034929595.4	+	1	2	32	1	19	20	2	2	2	middle	middle	1.000	1.000	constitutive	constitutive	164	180	2
NC_073260.2	2382692	2383190	3	1	+	NC_073260.2	2382725	2383182	ABCA2	XM_034929595.4	+	3	2	33	8	22	23	2	2	2	middle	middle	1.000	1.000	constitutive	constitutive	196	182	2
NC_073260.2	2383689	2384841	1	1	+	NC_073260.2	2383786	2384764	ABCA2	XM_034929595.4	+	1	3	97	77	25	27	2	2	2	middle	middle	1.000	1.000	constitutive	constitutive	120	206	2
NC_073260.2	2386560	2387472	1	1	+	NC_073260.2	2386578	2387410	ABCA2	XM_034929595.4	+	1	2	18	62	34	37	2	2	2	middle	middle	1.000	1.000	constitutive	constitutive	174	123	2
NC_073260.2	2389987	2390626	2	1	+	NC_073260.2	2390003	2390455	ABCA2	XM_034929595.4	+	2	2	16	171	46	47	2	2	2	middle	middle	1.000	1.000	constitutive	constitutive	137	206	2
NC_073260.2	2405315	2405867	-3	1	-	NC_073260.2	2405435	2405793	PAXX	XM_003816983.6	-	3	2	74	120	4	5	2	2	2	middle	middle	1.000	1.000	constitutive	constitutive	190	68	2
NC_073260.2	2454156	2454615	-2	1	-	NC_073260.2	2454157	2454470	C8G	XM_008970101.5	-	2	3	145	1	6	8	3	3	3	middle	last	1.000	1.000	constitutive	constitutive	101	10	3
NC_073260.2	2458045	2459008	2	1	+	NC_073260.2	2458085	2458973	FBXW5	XM_034929583.3	+	2	2	40	35	3	5	2	2	2	middle	middle	1.000	1.000	constitutive	constitutive	174	417	2
NC_073260.2	25284840	25285305	1	1	+	NC_073260.2	25284910	25285219	KIF12	XM_003833073.5	+	1	2	70	86	15	16	1	1	1	middle	middle	1.000	1.000	constitutive	constitutive	100	118	1
NC_073260.2	2543616	2544243	-2	1	-	NC_073260.2	2543805	2544165	MAMDC4	XM_003816975.6	-	2	2	78	189	21	22	15	9	9	middle	middle	0.600	0.600	alternative	alternative	90	146	9
NC_073260.2	2544731	2545514	-3	1	-	NC_073260.2	2545047	2545438	MAMDC4	XM_003816975.6	-	3	2	76	316	16	17	15	15	15	middle	middle	1.000	1.000	constitutive	constitutive	134	133	15
NC_073260.2	2547126	2548149	-2	1	-	NC_073260.2	2547235	2547806	MAMDC4	XM_003816975.6	-	2	2	343	109	8	10	15	15	15	middle	middle	1.000	1.000	constitutive	constitutive	137	173	15
NC_073260.2	25963367	25963622	3	1	+	NC_073260.2	25963383	25963621	POLE3	XM_003833068.7	+	3	2	16	1	1	2	1	1	1	first	middle	1.000	1.000	constitutive	constitutive	65	85	1
NC_073260.2	2706477	2707191	1	1	+	NC_073260.2	2706584	2707092	AGPAT2	XM_003816964.5	+	1	2	107	99	3	4	1	1	1	middle	middle	1.000	1.000	constitutive	constitutive	175	95	1
NC_073260.2	2711879	2712863	-3	1	-	NC_073260.2	2711933	2712766	EGFL7	XM_003816966.5	-	3	2	97	54	6	7	7	7	7	middle	middle	1.000	1.000	constitutive	constitutive	64	162	7
NC_073260.2	2713011	2713830	-2	1	-	NC_073260.2	2713386	2713802	EGFL7	XM_003816966.5	-	2	2	28	375	4	5	7	7	7	middle	middle	1.000	1.000	constitutive	constitutive	95	161	7
NC_073260.2	2897105	2897873	-3	1	-	NC_073260.2	2897106	2897729	LOC100976912	XM_003846194.6	-	3	2	144	1	1	3	1	1	1	first	last	1.000	1.000	constitutive	constitutive	36	512	1
NC_073260.2	2922386	2922818	3	1	+	NC_073260.2	2922387	2922817	SEC16A	XM_034929528.3	+	3	2	1	1	13	14	16	16	16	middle	middle	1.000	1.000	constitutive	constitutive	117	111	16
NC_073260.2	2998631	2999060	3	1	+	NC_073260.2	2998696	2999059	SNAPC4	XM_014346344.5	+	3	2	65	1	11	12	6	6	6	middle	middle	1.000	1.000	constitutive	constitutive	106	94	6
NC_073260.2	3015525	3016458	1	1	+	NC_073260.2	3015844	3016251	CARD9	XM_003816957.5	+	1	2	319	207	4	5	4	4	4	middle	middle	1.000	1.000	constitutive	constitutive	179	143	4
NC_073260.2	3021905	3022274	3	1	+	NC_073260.2	3022027	3022274	CARD9	XM_063593859.1	+	3	2	122	0	10	11	4	1	1	middle	last	0.250	0.250	unique	unique	76	86	1
NC_073260.2	3125790	3126474	1	1	+	NC_073260.2	3125813	3126277	CCDC187	XM_008970066.4	+	1	2	23	197	21	22	1	1	1	middle	middle	1.000	1.000	constitutive	constitutive	85	69	1
NC_073260.2	3128790	3129603	1	1	+	NC_073260.2	3128890	3129556	CCDC187	XM_008970066.4	+	1	2	100	47	24	25	1	1	1	middle	middle	1.000	1.000	constitutive	constitutive	112	76	1
NC_073260.2	3185007	3185775	1	1	+	NC_073260.2	3185252	3185659	LHX3	XM_034929786.3	+	1	2	245	116	4	5	4	4	4	middle	middle	1.000	1.000	constitutive	constitutive	151	168	4
NC_073260.2	34398543	34399440	1	1	+	NC_073260.2	34398589	34399440	LOC130541784	XM_057303112.1	+	1	2	46	0	2	3	1	1	1	middle	last	1.000	1.000	constitutive	constitutive	618	130	1
NC_073260.2	3440869	3441466	2	1	+	NC_073260.2	3440891	3441366	UBAC1	XM_003816948.6	+	2	2	22	100	5	6	1	1	1	middle	middle	1.000	1.000	constitutive	constitutive	102	108	1
NC_073260.2	3721711	3722272	-1	1	-	NC_073260.2	3721712	3722196	LCN9	XM_057303179.1	-	1	2	76	1	4	5	1	1	1	middle	last	1.000	1.000	constitutive	constitutive	101	274	1
NC_073260.2	3778667	3779219	-3	1	-	NC_073260.2	3778668	3779056	PAEP	XM_003816942.5	-	3	2	163	1	5	6	3	3	3	middle	last	1.000	1.000	constitutive	constitutive	104	13	3
NC_073260.2	42094714	42095041	-1	1	-	NC_073260.2	42094716	42094961	CCDC180	XM_034967842.3	-	1	2	80	2	28	29	7	7	7	middle	middle	1.000	1.000	constitutive	constitutive	55	78	7
NC_073260.2	42126364	42127012	-1	1	-	NC_073260.2	42126395	42127012	CCDC180	XM_034967842.3	-	1	2	0	31	20	21	7	7	7	middle	middle	1.000	1.000	constitutive	constitutive	39	448	7
NC_073260.2	44000034	44000379	1	1	+	NC_073260.2	44000085	44000379	PTCH1	XM_034967795.3	+	1	2	51	0	21	22	6	1	1	middle	last	0.167	0.167	unique	unique	15	95	1
NC_073260.2	50079250	50079571	2	1	+	NC_073260.2	50079275	50079566	SEMA4D	XM_008952350.5	+	2	2	25	5	12	13	18	18	18	middle	middle	1.000	1.000	constitutive	constitutive	172	43	18
NC_073260.2	502748	503396	3	1	+	NC_073260.2	502766	503068	LOC117977589	XM_063594246.1	+	3	2	18	328	27	28	1	1	1	middle	middle	1.000	1.000	constitutive	constitutive	90	70	1
NC_073260.2	506000	506627	3	1	+	NC_073260.2	506094	506615	LOC117977589	XM_063594246.1	+	3	2	94	12	34	35	1	1	1	middle	middle	1.000	1.000	constitutive	constitutive	196	204	1
NC_073260.2	514359	515103	-2	1	-	NC_073260.2	514617	515054	LOC117977805	XM_063593836.1	-	2	2	49	258	16	17	3	3	3	middle	middle	1.000	1.000	constitutive	constitutive	104	179	3
NC_073260.2	523910	525059	-3	1	-	NC_073260.2	524051	524845	LOC117977851	XM_034950830.2	-	3	3	214	141	5	7	2	2	2	middle	middle	1.000	1.000	constitutive	constitutive	95	159	2
NC_073260.2	6696364	6696889	2	1	+	NC_073260.2	6696389	6696823	DDX31	XM_003822407.6	+	2	2	25	66	2	3	8	8	8	middle	middle	1.000	1.000	constitutive	constitutive	256	75	8
NC_073260.2	67445	67973	-3	1	-	NC_073260.2	67637	67934	LOC129398710	XM_055117344.1	-	3	2	39	192	2	3	1	1	1	middle	middle	1.000	1.000	constitutive	constitutive	108	110	1
NC_073260.2	76531499	76531871	3	1	+	NC_073260.2	76531611	76531870	VPS13A	XM_003811456.7	+	3	2	112	1	66	67	3	3	3	middle	middle	1.000	1.000	constitutive	constitutive	45	123	3
NC_073260.2	7769833	7770589	2	1	+	NC_073260.2	7770238	7770523	RAPGEF1	XM_003822399.6	+	2	2	405	66	20	21	13	13	13	middle	middle	1.000	1.000	constitutive	constitutive	78	101	13
NC_073260.2	8254579	8255422	-1	1	-	NC_073260.2	8255102	8255335	AIF1L	XM_034929306.2	-	1	2	87	523	1	2	1	1	1	first	middle	1.000	1.000	constitutive	constitutive	30	61	1
NC_073260.2	8312627	8313095	-3	1	-	NC_073260.2	8312629	8313013	LAMC3	XM_003822380.5	-	3	2	82	2	5	6	2	2	2	middle	middle	1.000	1.000	constitutive	constitutive	188	117	2
NC_073260.2	88776774	88777965	1	1	+	NC_073260.2	88776846	88777945	SPAG8	XM_003829845.5	+	1	2	72	20	2	3	4	3	4	middle	middle	0.750	1.000	alternative	constitutive	801	174	3
NC_073260.2	88776774	88777965	1	1	+	NC_073260.2	88776846	88777945	SPAG8	XM_034967404.3	+	1	3	72	20	2	4	4	1	4	middle	middle	0.250	1.000	unique	constitutive	87	174	1
NC_073260.2	88779386	88779869	-3	1	-	NC_073260.2	88779387	88779673	NPR2	XM_003829844.6	-	3	2	196	1	21	22	5	5	5	middle	last	1.000	1.000	constitutive	constitutive	91	62	5
NC_073260.2	88782712	88783588	-1	1	-	NC_073260.2	88782844	88783318	NPR2	XM_003829844.6	-	1	2	270	132	13	14	5	5	5	middle	middle	1.000	1.000	constitutive	constitutive	159	155	5
NC_073260.2	88848180	88849140	1	1	+	NC_073260.2	88848219	88848997	GBA2	XM_003829839.6	+	1	2	39	143	8	10	5	5	5	middle	middle	1.000	1.000	constitutive	constitutive	125	104	5
NC_073260.2	88852937	88853243	-3	1	-	NC_073260.2	88852939	88853204	CREB3	XM_003829841.6	-	3	2	39	2	5	6	1	1	1	middle	middle	1.000	1.000	constitutive	constitutive	106	68	1
NC_073260.2	88877178	88877538	1	1	+	NC_073260.2	88877217	88877502	TLN1	XM_034967401.2	+	1	2	39	36	30	31	2	2	2	middle	middle	1.000	1.000	constitutive	constitutive	93	89	2
NC_073260.2	88881588	88882122	1	1	+	NC_073260.2	88881607	88882011	TLN1	XM_034967401.2	+	1	2	19	111	39	40	2	2	2	middle	middle	1.000	1.000	constitutive	constitutive	170	149	2
NC_073260.2	88907042	88907498	-3	1	-	NC_073260.2	88907213	88907498	CA9	XM_003829832.4	-	3	2	0	171	8	9	1	1	1	middle	middle	1.000	1.000	constitutive	constitutive	144	26	1
NC_073260.2	88910834	88911596	-3	1	-	NC_073260.2	88910928	88911556	CA9	XM_003829832.4	-	3	3	40	94	3	5	1	1	1	middle	middle	1.000	1.000	constitutive	constitutive	170	92	1
NC_073260.2	88936830	88937448	1	1	+	NC_073260.2	88936884	88937448	SIT1	XM_003829831.6	+	1	3	54	0	3	5	1	1	1	middle	last	1.000	1.000	constitutive	constitutive	58	230	1
NC_073260.2	89030706	89031258	-2	1	-	NC_073260.2	89030708	89031078	RUSC2	XM_034967389.4	-	2	2	180	2	6	7	2	2	2	middle	middle	1.000	1.000	constitutive	constitutive	174	105	2
NC_073260.2	89488566	89489022	1	1	+	NC_073260.2	89488609	89488956	STOML2	XM_003829819.3	+	1	2	43	66	7	8	1	1	1	middle	middle	1.000	1.000	constitutive	constitutive	144	79	1
NC_073260.2	8956371	8956818	-2	1	-	NC_073260.2	8956429	8956749	HMCN2	XM_008975935.4	-	2	2	69	58	70	71	1	1	1	middle	middle	1.000	1.000	constitutive	constitutive	81	136	1
NC_073260.2	90679662	90680034	1	1	+	NC_073260.2	90679663	90680034	UBAP2	XM_008955167.4	+	1	2	1	0	9	10	27	27	27	middle	last	1.000	1.000	constitutive	constitutive	191	92	27
NC_073261.2	100043133	100044480	1	1	+	NC_073261.2	100043155	100044130	OTOF	XM_008952428.4	+	1	3	22	350	27	29	5	5	5	middle	middle	1.000	1.000	constitutive	constitutive	119	162	5
NC_073261.2	102500175	102500679	-1	1	-	NC_073261.2	102500359	102500661	MFSD2B	XM_063595044.1	-	1	2	18	184	5	6	2	1	1	middle	middle	0.500	0.500	unique	unique	78	130	1
NC_073261.2	102817966	102818731	-3	1	-	NC_073261.2	102818194	102818704	KLHL29	XM_034952689.3	-	3	2	27	228	7	8	2	2	2	middle	middle	1.000	1.000	constitutive	constitutive	198	182	2
NC_073261.2	106325217	106325730	1	1	+	NC_073261.2	106325278	106325730	SDC1	XM_034952657.3	+	1	2	61	0	4	5	1	1	1	middle	last	1.000	1.000	constitutive	constitutive	135	166	1
NC_073261.2	110892677	110892953	-2	1	-	NC_073261.2	110892738	110892937	DDX1	XM_003826983.5	-	2	2	16	61	22	23	1	1	1	middle	middle	1.000	1.000	constitutive	constitutive	72	42	1
NC_073261.2	14652322	14652793	2	1	+	NC_073261.2	14652340	14652718	LOC117979020	XM_063595063.1	+	2	2	18	75	26	27	1	1	1	middle	middle	1.000	1.000	constitutive	constitutive	90	146	1
NC_073261.2	14687065	14687749	-3	1	-	NC_073261.2	14687215	14687672	LOC117975333	XM_063594687.1	-	3	2	77	150	6	7	1	1	1	middle	middle	1.000	1.000	constitutive	constitutive	145	197	1
NC_073261.2	15401339	15402050	-2	1	-	NC_073261.2	15401341	15401632	NT5DC4	XM_055107405.2	-	2	2	418	2	3	4	1	1	1	middle	middle	1.000	1.000	constitutive	constitutive	117	95	1
NC_073261.2	21039863	21040409	-2	1	-	NC_073261.2	21039869	21040165	EDAR	XM_034952415.4	-	2	2	244	6	6	7	1	1	1	middle	middle	1.000	1.000	constitutive	constitutive	125	74	1
NC_073261.2	27197170	27197695	2	1	+	NC_073261.2	27197188	27197572	TBC1D8	XM_034952037.3	+	2	2	18	123	13	14	3	3	3	middle	middle	1.000	1.000	constitutive	constitutive	129	98	3
NC_073261.2	30641091	30641745	1	1	+	NC_073261.2	30641301	30641718	TMEM131	XM_034953707.3	+	1	2	210	27	15	16	4	4	4	middle	middle	1.000	1.000	constitutive	constitutive	153	170	4
NC_073261.2	30722335	30722791	-3	1	-	NC_073261.2	30722474	30722692	LOC100971372	XM_055107630.1	-	3	2	99	139	7	8	1	1	1	middle	middle	1.000	1.000	constitutive	constitutive	87	46	1
NC_073261.2	31442713	31443340	2	1	+	NC_073261.2	31442735	31442998	SEMA4C	XM_024927708.4	+	2	2	22	342	3	4	8	8	8	middle	middle	1.000	1.000	constitutive	constitutive	62	98	8
NC_073261.2	31446917	31448021	3	1	+	NC_073261.2	31447001	31448021	SEMA4C	XM_024927708.4	+	3	2	84	0	13	14	8	8	8	middle	last	1.000	1.000	constitutive	constitutive	70	826	8
NC_073261.2	31694753	31695128	3	1	+	NC_073261.2	31694814	31695095	KANSL3	XM_003805740.5	+	3	2	61	33	7	8	21	21	21	middle	middle	1.000	1.000	constitutive	constitutive	101	71	21
NC_073261.2	32040824	32041244	-2	1	-	NC_073261.2	32040909	32041208	CIAO1	XM_003805728.6	-	2	2	36	85	3	4	1	1	1	middle	middle	1.000	1.000	constitutive	constitutive	111	88	1
NC_073261.2	32162955	32163801	1	1	+	NC_073261.2	32163148	32163741	DUSP2	XM_024927786.3	+	1	2	193	60	1	2	1	1	1	first	middle	1.000	1.000	constitutive	constitutive	387	121	1
NC_073261.2	32283225	32283729	1	1	+	NC_073261.2	32283305	32283721	GPAT2	XM_034953769.3	+	1	2	80	8	13	14	15	15	15	middle	middle	1.000	1.000	constitutive	constitutive	70	258	15
NC_073261.2	32501082	32501541	-1	1	-	NC_073261.2	32501098	32501462	LOC100977471	XM_034952417.3	-	1	2	79	16	13	14	1	1	1	middle	middle	1.000	1.000	constitutive	constitutive	70	203	1
NC_073261.2	39596960	39597713	3	1	+	NC_073261.2	39596976	39597603	CD8A	XM_034953505.3	+	3	2	16	110	1	2	2	2	2	first	middle	1.000	1.000	constitutive	constitutive	171	353	2
NC_073261.2	40984590	40985448	1	1	+	NC_073261.2	40984651	40985413	CAPG	XM_003816585.6	+	1	2	61	35	6	7	8	8	8	middle	middle	1.000	1.000	constitutive	constitutive	92	132	8
NC_073261.2	41055269	41056889	3	1	+	NC_073261.2	41055360	41056799	TGOLN2	XM_008969643.6	+	3	2	91	90	1	2	5	5	3	first	middle	1.000	0.600	constitutive	alternative	45	1162	3
NC_073261.2	41055269	41056889	3	1	+	NC_073261.2	41055360	41056799	TGOLN2	XM_034953460.3	+	3	3	91	90	1	3	5	5	2	first	middle	1.000	0.400	constitutive	alternative	45	296	2
NC_073261.2	41247887	41248769	-2	1	-	NC_073261.2	41248257	41248691	TCF7L1	XM_014343871.4	-	2	2	78	370	2	3	2	2	2	middle	middle	1.000	1.000	constitutive	constitutive	63	127	2
NC_073261.2	51857514	51858045	-1	1	-	NC_073261.2	51857547	51857910	HTRA2	XM_003810328.7	-	1	2	135	33	4	5	2	2	2	middle	middle	1.000	1.000	constitutive	constitutive	32	105	2
NC_073261.2	51897433	51897925	-3	1	-	NC_073261.2	51897509	51897892	TTC31	XM_003810338.4	-	3	2	33	76	7	8	11	11	8	middle	middle	1.000	0.727	constitutive	alternative	80	191	8
NC_073261.2	51897433	51897925	-3	1	-	NC_073261.2	51897515	51897892	TTC31	XM_008962690.4	-	3	2	33	82	7	8	11	11	3	middle	middle	1.000	0.273	constitutive	alternative	80	185	3
NC_073261.2	65423143	65423485	2	1	+	NC_073261.2	65423259	65423484	PUS10	XM_008956285.4	+	2	2	116	1	12	13	10	10	10	middle	middle	1.000	1.000	constitutive	constitutive	76	55	10
NC_073261.2	70672250	70672679	3	1	+	NC_073261.2	70672308	70672548	PNPT1	XM_034953185.3	+	3	2	58	131	16	17	2	2	2	middle	middle	1.000	1.000	constitutive	constitutive	66	89	2
NC_073261.2	77906129	77906411	-2	1	-	NC_073261.2	77906131	77906411	PPP1R21	XM_003822685.4	-	2	2	0	2	10	11	3	3	3	middle	middle	1.000	1.000	constitutive	constitutive	101	88	3
NC_073261.2	78578538	78579042	-1	1	-	NC_073261.2	78578540	78578987	MSH6	XM_034953080.2	-	1	2	55	2	8	9	2	2	2	middle	middle	1.000	1.000	constitutive	constitutive	154	199	2
NC_073261.2	83192120	83194418	3	1	+	NC_073261.2	83192433	83194418	ZFP36L2	XM_034953030.4	+	3	2	313	0	1	2	1	1	1	first	last	1.000	1.000	constitutive	constitutive	50	1421	1
NC_073261.2	95296718	95297228	3	1	+	NC_073261.2	95296837	95297227	CAPN14	XM_055108094.2	+	3	2	119	1	3	4	2	1	1	middle	middle	0.500	0.500	unique	unique	118	136	1
NC_073261.2	97286297	97286594	3	1	+	NC_073261.2	97286330	97286593	ALK	XM_003827145.4	+	3	2	33	1	21	22	1	1	1	middle	middle	1.000	1.000	constitutive	constitutive	90	64	1
NC_073261.2	98933633	98949680	-2	1	-	NC_073261.2	98933634	98949549	SPATA31H1	XM_055108122.2	-	2	2	131	1	5	6	1	1	1	middle	last	1.000	1.000	constitutive	constitutive	14857	976	1
NC_073261.2	99067155	99067719	-1	1	-	NC_073261.2	99067204	99067662	KRTCAP3	XM_003827111.4	-	1	2	57	49	4	5	3	3	3	middle	middle	1.000	1.000	constitutive	constitutive	206	134	3
NC_073261.2	99067813	99068230	-3	1	-	NC_073261.2	99067838	99068160	KRTCAP3	XM_003827111.4	-	3	2	70	25	2	3	3	3	3	middle	middle	1.000	1.000	constitutive	constitutive	184	59	3
NC_073261.2	99270117	99270525	-1	1	-	NC_073261.2	99270172	99270525	CAD	XM_003827090.5	-	1	2	0	55	41	42	2	2	2	middle	middle	1.000	1.000	constitutive	constitutive	155	101	2
NC_073261.2	99277397	99277895	-2	1	-	NC_073261.2	99277500	99277895	CAD	XM_003827090.5	-	2	2	0	103	24	25	2	2	2	middle	middle	1.000	1.000	constitutive	constitutive	182	104	2
NC_073261.2	99311768	99312710	3	1	+	NC_073261.2	99312001	99312710	SLC5A6	XM_034952822.2	+	3	2	233	0	14	15	5	5	5	middle	last	1.000	1.000	constitutive	constitutive	115	143	5
NC_073262.2	120897846	120898365	-1	1	-	NC_073262.2	120898009	120898325	AAMP	XM_003818605.5	-	1	2	40	163	6	7	2	2	2	middle	middle	1.000	1.000	constitutive	constitutive	83	115	2
NC_073262.2	121448955	121449438	1	1	+	NC_073262.2	121448956	121449438	CYP27A1	XM_003818630.5	+	1	2	1	0	8	9	1	1	1	middle	last	1.000	1.000	constitutive	constitutive	212	116	1
NC_073262.2	121644231	121645017	-1	1	-	NC_073262.2	121644382	121644907	CFAP65	XM_034955179.2	-	1	2	110	151	20	21	4	2	2	middle	middle	0.500	0.500	alternative	alternative	176	66	2
NC_073262.2	121798414	121798933	-3	1	-	NC_073262.2	121798528	121798916	SLC23A3	XM_003818634.6	-	3	2	17	114	6	7	4	3	3	middle	middle	0.750	0.750	alternative	alternative	123	114	3
NC_073262.2	121805324	121805717	-2	1	-	NC_073262.2	121805370	121805700	CNPPD1	XM_008971986.4	-	2	2	17	46	5	6	2	2	2	middle	middle	1.000	1.000	constitutive	constitutive	120	128	2
NC_073262.2	121877500	121878052	2	1	+	NC_073262.2	121877552	121877974	STK16	XM_003818650.4	+	2	2	52	78	3	4	4	4	4	middle	middle	1.000	1.000	constitutive	constitutive	133	120	4
NC_073262.2	121920636	121921047	-1	1	-	NC_073262.2	121920637	121921019	PTPRN	XM_034955204.3	-	1	2	28	1	22	23	6	6	6	middle	last	1.000	1.000	constitutive	constitutive	73	68	6
NC_073262.2	122091971	122092601	3	1	+	NC_073262.2	122092096	122092600	SPEG	XM_024927835.4	+	3	2	125	1	7	8	11	11	11	middle	middle	1.000	1.000	constitutive	constitutive	175	88	11
NC_073262.2	122119167	122120244	1	1	+	NC_073262.2	122119229	122120114	SPEG	XM_024927835.4	+	1	2	62	130	35	36	11	9	9	middle	middle	0.818	0.818	alternative	alternative	167	603	9
NC_073262.2	122135606	122136086	3	1	+	NC_073262.2	122135633	122135936	GMPPA	XM_003818663.7	+	3	2	27	150	8	9	4	4	4	middle	middle	1.000	1.000	constitutive	constitutive	97	46	4
NC_073262.2	122167149	122167641	1	1	+	NC_073262.2	122167242	122167497	ASIC4	XM_003818661.6	+	1	2	93	144	7	8	1	1	1	middle	middle	1.000	1.000	constitutive	constitutive	91	79	1
NC_073262.2	122187368	122188463	-2	1	-	NC_073262.2	122187554	122188303	OBSL1	XM_034955235.3	-	2	2	160	186	12	13	7	6	6	middle	middle	0.857	0.857	alternative	alternative	287	275	6
NC_073262.2	127420272	127420596	-1	1	-	NC_073262.2	127420274	127420536	DOCK10	XM_034955276.3	-	1	2	60	2	36	37	12	12	12	middle	middle	1.000	1.000	constitutive	constitutive	114	66	12
NC_073262.2	132416118	132416514	-1	1	-	NC_073262.2	132416126	132416486	TRIP12	XM_003821842.6	-	1	2	28	8	27	28	50	50	50	middle	middle	1.000	1.000	constitutive	constitutive	73	199	50
NC_073262.2	133627050	133628970	1	1	+	NC_073262.2	133627210	133628491	LOC129397312	XM_055109202.1	+	1	2	160	479	1	2	1	1	1	first	middle	1.000	1.000	constitutive	constitutive	66	962	1
NC_073262.2	134524920	134525913	-1	1	-	NC_073262.2	134524921	134525742	NPPC	XM_003821872.7	-	1	2	171	1	1	2	1	1	1	first	last	1.000	1.000	constitutive	constitutive	89	287	1
NC_073262.2	134971259	134971826	3	1	+	NC_073262.2	134971383	134971689	LOC100991867	XM_003821874.5	+	3	2	124	137	6	7	1	1	1	middle	middle	1.000	1.000	constitutive	constitutive	134	72	1
NC_073262.2	135001305	135001872	1	1	+	NC_073262.2	135001429	135001735	LOC117979480	XM_055109214.3	+	1	2	124	137	7	8	1	1	1	middle	middle	1.000	1.000	constitutive	constitutive	134	72	1
NC_073262.2	135018244	135018811	2	1	+	NC_073262.2	135018368	135018674	LOC117979481	XM_034955365.2	+	2	2	124	137	6	7	1	1	1	middle	middle	1.000	1.000	constitutive	constitutive	134	72	1
NC_073262.2	135050247	135050982	1	1	+	NC_073262.2	135050260	135050982	LOC117979322	XM_034953888.3	+	1	2	13	0	3	5	1	1	1	middle	last	1.000	1.000	constitutive	constitutive	93	292	1
NC_073262.2	135063247	135063853	2	1	+	NC_073262.2	135063390	135063800	ALPI	XM_003813146.6	+	2	2	143	53	8	9	1	1	1	middle	middle	1.000	1.000	constitutive	constitutive	134	191	1
NC_073262.2	135089817	135090588	-1	1	-	NC_073262.2	135090187	135090477	LOC100993088	XM_034955366.1	-	1	2	111	370	3	4	1	1	1	middle	middle	1.000	1.000	constitutive	constitutive	110	92	1
NC_073262.2	135127621	135128332	2	1	+	NC_073262.2	135127972	135128318	PRSS56	XM_003813143.4	+	2	2	351	14	5	6	2	2	2	middle	middle	1.000	1.000	constitutive	constitutive	99	159	2
NC_073262.2	135129039	135129828	1	1	+	NC_073262.2	135129230	135129661	PRSS56	XM_003813143.4	+	1	2	191	167	9	10	2	1	2	middle	middle	0.500	1.000	unique	constitutive	173	164	1
NC_073262.2	135129039	135129828	1	1	+	NC_073262.2	135129227	135129661	PRSS56	XM_057301543.2	+	1	2	188	167	9	10	2	1	2	middle	middle	0.500	1.000	unique	constitutive	176	164	1
NC_073262.2	135133576	135134176	2	1	+	NC_073262.2	135133718	135134112	CHRND	XM_057301544.1	+	2	2	142	64	4	5	2	1	1	middle	middle	0.500	0.500	unique	unique	109	155	1
NC_073262.2	136459238	136459754	3	1	+	NC_073262.2	136459266	136459694	MROH2A	XM_055108404.2	+	3	2	28	60	19	20	1	1	1	middle	middle	1.000	1.000	constitutive	constitutive	119	122	1
NC_073262.2	136691642	136691993	3	1	+	NC_073262.2	136691673	136691981	SPP2	XM_003813123.4	+	3	2	31	12	1	2	1	1	1	first	middle	1.000	1.000	constitutive	constitutive	84	124	1
NC_073262.2	140453782	140454133	2	1	+	NC_073262.2	140453836	140454132	RBM44	XM_055109265.1	+	2	2	54	1	5	6	1	1	1	middle	middle	1.000	1.000	constitutive	constitutive	183	22	1
NC_073262.2	140795434	140797027	2	1	+	NC_073262.2	140796291	140796737	ERFE	XM_034955472.3	+	2	2	857	290	4	5	8	8	5	middle	middle	1.000	0.625	constitutive	alternative	262	108	5
NC_073262.2	140795434	140797027	2	1	+	NC_073262.2	140796291	140796914	ERFE	XM_034955478.3	+	2	3	857	113	4	6	8	8	3	middle	middle	1.000	0.375	constitutive	alternative	262	90	3
NC_073262.2	140871934	140872699	-3	1	-	NC_073262.2	140872327	140872591	HES6	XM_034955484.3	-	3	2	108	393	2	3	2	2	1	middle	middle	1.000	0.500	constitutive	unique	86	81	1
NC_073262.2	140871934	140872699	-3	1	-	NC_073262.2	140872367	140872591	HES6	XM_034955485.2	-	3	2	108	433	2	3	2	2	1	middle	middle	1.000	0.500	constitutive	unique	86	41	1
NC_073262.2	140891035	140891434	-3	1	-	NC_073262.2	140891041	140891409	PER2	XM_003813090.5	-	3	2	25	6	14	15	3	3	3	middle	middle	1.000	1.000	constitutive	constitutive	147	124	3
NC_073262.2	143651926	143652739	2	1	+	NC_073262.2	143652038	143652650	CROCC2	XM_024928027.4	+	2	2	112	89	23	24	1	1	1	middle	middle	1.000	1.000	constitutive	constitutive	137	357	1
NC_073262.2	143726413	143727253	2	1	+	NC_073262.2	143726736	143727074	SNED1	XM_034955554.3	+	2	2	323	179	7	8	17	14	16	middle	middle	0.824	0.941	alternative	alternative	113	113	14
NC_073262.2	143726413	143727253	2	1	+	NC_073262.2	143726760	143727074	SNED1	XM_063595632.1	+	2	2	347	179	7	8	17	2	16	middle	middle	0.118	0.941	alternative	alternative	89	113	2
NC_073262.2	143925735	143926569	1	1	+	NC_073262.2	143926081	143926569	ANO7	XM_055109315.3	+	1	3	346	0	23	25	2	1	1	middle	last	0.500	0.500	unique	unique	119	53	1
NC_073262.2	15284277	15284748	1	1	+	NC_073262.2	15284295	15284673	LOC117978423	XM_063595093.1	+	1	2	18	75	30	31	1	1	1	middle	middle	1.000	1.000	constitutive	constitutive	90	146	1
NC_073262.2	15289773	15290430	1	1	+	NC_073262.2	15289800	15290409	LOC117978423	XM_063595093.1	+	1	2	27	21	42	44	1	1	1	middle	middle	1.000	1.000	constitutive	constitutive	146	176	1
NC_073262.2	15306530	15307244	-2	1	-	NC_073262.2	15306627	15307030	LOC117979218	XM_055108415.2	-	2	2	214	97	5	6	2	2	2	middle	middle	1.000	1.000	constitutive	constitutive	95	76	2
NC_073262.2	15383838	15384366	-1	1	-	NC_073262.2	15384030	15384328	LOC129397244	XM_055108417.3	-	1	2	38	192	2	3	1	1	1	middle	middle	1.000	1.000	constitutive	constitutive	109	110	1
NC_073262.2	15522947	15523475	-2	1	-	NC_073262.2	15523139	15523437	LOC129393007	XM_055108420.2	-	2	2	38	192	2	3	1	1	1	middle	middle	1.000	1.000	constitutive	constitutive	109	110	1
NC_073262.2	43892754	43893282	1	1	+	NC_073262.2	43893018	43893282	IMP4	XM_003804154.6	+	1	2	264	0	8	9	3	3	3	middle	last	1.000	1.000	constitutive	constitutive	73	109	3
NC_073262.2	43905819	43906557	1	1	+	NC_073262.2	43906073	43906332	PTPN18	XM_034954133.3	+	1	2	254	225	3	4	4	4	4	middle	middle	1.000	1.000	constitutive	constitutive	76	95	4
NC_073262.2	43917582	43918113	1	1	+	NC_073262.2	43917655	43918067	PTPN18	XM_034954133.3	+	1	2	73	46	11	12	4	4	4	middle	middle	1.000	1.000	constitutive	constitutive	89	88	4
NC_073262.2	48744194	48744866	-2	1	-	NC_073262.2	48744365	48744788	TEX51	XM_024927991.4	-	2	2	78	171	1	2	8	8	8	first	middle	1.000	1.000	constitutive	constitutive	249	74	8
NC_073262.2	54377123	54377627	-2	1	-	NC_073262.2	54377298	54377612	NEB	XM_034954281.3	-	2	2	15	175	24	25	1	1	1	middle	middle	1.000	1.000	constitutive	constitutive	107	113	1
NC_073262.2	64959339	64959729	-1	1	-	NC_073262.2	64959340	64959706	IFIH1	XM_003820935.6	-	1	2	23	1	15	16	1	1	1	middle	last	1.000	1.000	constitutive	constitutive	90	176	1
NC_073262.2	71495858	71496251	3	1	+	NC_073262.2	71495886	71496206	NOSTRIN	XM_034954436.2	+	3	2	28	45	9	10	20	20	20	middle	middle	1.000	1.000	constitutive	constitutive	98	125	20
NC_073262.2	81227161	81227989	-3	1	-	NC_073262.2	81227233	81227901	TTN	XM_063595464.1	-	3	2	88	72	312	313	2	1	1	middle	middle	0.500	0.500	unique	unique	290	287	1
NC_073262.2	81261158	81261911	-2	1	-	NC_073262.2	81261265	81261862	TTN	XM_063595464.1	-	2	2	49	107	256	257	2	1	1	middle	middle	0.500	0.500	unique	unique	296	186	1
NC_073262.2	81278318	81278885	-2	1	-	NC_073262.2	81278361	81278857	TTN	XM_063595464.1	-	2	2	28	43	231	232	2	1	1	middle	middle	0.500	0.500	unique	unique	266	139	1
NC_073262.2	81299551	81299929	-3	1	-	NC_073262.2	81299599	81299850	TTN	XM_063595464.1	-	3	2	79	48	197	198	2	1	1	middle	middle	0.500	0.500	unique	unique	83	83	1
NC_073262.2	81302211	81302637	-1	1	-	NC_073262.2	81302247	81302495	TTN	XM_063595464.1	-	1	2	142	36	185	186	2	1	1	middle	middle	0.500	0.500	unique	unique	83	83	1
NC_073262.2	81310725	81311088	-1	1	-	NC_073262.2	81310761	81311009	TTN	XM_063595464.1	-	1	2	79	36	167	168	2	1	1	middle	middle	0.500	0.500	unique	unique	83	83	1
NC_073262.2	81366917	81367730	-2	1	-	NC_073262.2	81366920	81367600	TTN	XM_063595464.1	-	2	2	130	3	77	78	2	1	1	middle	middle	0.500	0.500	unique	unique	278	281	1
NC_073262.2	81369930	81370668	-1	1	-	NC_073262.2	81369978	81370628	TTN	XM_063595464.1	-	1	2	40	48	71	72	2	1	1	middle	middle	0.500	0.500	unique	unique	278	278	1
NC_073262.2	81446711	81447185	-2	1	-	NC_073262.2	81446713	81447136	TTN	XM_034954590.3	-	2	2	49	2	4	5	2	2	2	middle	middle	1.000	1.000	constitutive	constitutive	85	244	2
NC_073263.2	111707531	111707792	-2	1	-	NC_073263.2	111707559	111707792	COL4A1	XM_003832082.6	-	2	2	0	28	3	4	3	2	3	middle	middle	0.667	1.000	alternative	constitutive	89	44	2
NC_073263.2	111707531	111707792	-2	1	-	NC_073263.2	111707559	111707744	COL4A1	XM_034936976.3	-	2	2	48	28	1	2	3	1	3	first	middle	0.333	1.000	unique	constitutive	41	44	1
NC_073263.2	116024116	116024551	2	1	+	NC_073263.2	116024123	116024401	LOC129398497	XM_063596018.1	+	2	2	7	150	1	2	1	1	1	first	middle	1.000	1.000	constitutive	constitutive	89	110	1
NC_073263.2	17840481	17841918	-1	1	-	NC_073263.2	17840745	17841368	LOC129394638	XM_063596033.1	-	1	2	550	264	6	8	1	1	1	middle	middle	1.000	1.000	constitutive	constitutive	112	207	1
NC_073263.2	17843115	17844342	-1	1	-	NC_073263.2	17843131	17844009	LOC129394638	XM_063596033.1	-	1	2	333	16	1	3	1	1	1	first	middle	1.000	1.000	constitutive	constitutive	276	319	1
NC_073263.2	17877666	17878320	-1	1	-	NC_073263.2	17877681	17878283	LOC134728878	XM_063596034.1	-	1	2	37	15	8	9	1	1	1	middle	middle	1.000	1.000	constitutive	constitutive	94	309	1
NC_073263.2	20771349	20771988	1	1	+	NC_073263.2	20771545	20771987	SAP18	XM_003833024.5	+	1	2	196	1	1	2	4	4	4	first	middle	1.000	1.000	constitutive	constitutive	128	109	4
NC_073263.2	27620926	27621283	-3	1	-	NC_073263.2	27620935	27621262	FLT3	XM_034936495.3	-	3	2	21	9	14	15	1	1	1	middle	middle	1.000	1.000	constitutive	constitutive	132	104	1
NC_073263.2	36551767	36552193	-3	1	-	NC_073263.2	36551879	36552185	SUPT20H	XM_063595709.1	-	3	2	8	112	10	11	50	50	50	middle	middle	1.000	1.000	constitutive	constitutive	156	56	50
NC_073263.2	49954077	49954605	-1	1	-	NC_073263.2	49954168	49954572	RCBTB2	XM_008963828.4	-	1	2	33	91	4	5	6	5	5	middle	middle	0.833	0.833	alternative	alternative	158	107	5
NC_073263.2	53585736	53586024	-1	1	-	NC_073263.2	53585746	53586024	NEK3	XM_003809787.4	-	1	2	0	10	2	3	4	3	4	middle	middle	0.750	1.000	alternative	constitutive	93	97	3
NC_073263.2	53585736	53586024	-1	1	-	NC_073263.2	53585746	53585973	NEK3	XM_063595776.1	-	1	2	51	10	1	2	4	1	4	first	middle	0.250	1.000	unique	constitutive	42	97	1
NC_073263.2	97173568	97174294	-3	1	-	NC_073263.2	97173584	97174285	DZIP1	XM_003832025.5	-	3	2	9	16	1	2	2	2	2	first	middle	1.000	1.000	constitutive	constitutive	2	560	2
NC_073263.2	99533456	99533738	3	1	+	NC_073263.2	99533457	99533708	IPO5	XM_034936872.3	+	3	2	1	30	21	22	7	7	7	middle	middle	1.000	1.000	constitutive	constitutive	111	55	7
NC_073264.2	100881321	100882134	1	1	+	NC_073264.2	100881600	100882134	CYP46A1	XM_003832850.5	+	1	2	279	0	14	15	2	2	2	middle	last	1.000	1.000	constitutive	constitutive	66	167	2
NC_073264.2	104082433	104082844	2	1	+	NC_073264.2	104082453	104082781	AMN	XM_034938207.2	+	2	2	20	63	8	9	2	2	2	middle	middle	1.000	1.000	constitutive	constitutive	162	87	2
NC_073264.2	104258888	104259446	3	1	+	NC_073264.2	104258963	104259425	EXOC3L4	XM_034938212.3	+	3	2	75	21	3	4	1	1	1	middle	middle	1.000	1.000	constitutive	constitutive	111	122	1
NC_073264.2	104284798	104285302	2	1	+	NC_073264.2	104284829	104285241	TNFAIP2	XM_034938213.3	+	2	2	31	61	4	5	4	4	4	middle	middle	1.000	1.000	constitutive	constitutive	122	100	4
NC_073264.2	105332315	105333359	3	1	+	NC_073264.2	105332467	105333358	KIF26A	XM_034938254.3	+	3	3	152	1	8	10	2	2	2	middle	middle	1.000	1.000	constitutive	constitutive	262	162	2
NC_073264.2	105957364	105957697	-1	1	-	NC_073264.2	105957428	105957697	AKT1	XM_034938270.4	-	1	2	0	64	5	6	3	3	3	middle	middle	1.000	1.000	constitutive	constitutive	131	65	3
NC_073264.2	106070487	106073142	1	1	+	NC_073264.2	106071067	106073005	CEP170B	XM_034938272.3	+	1	2	580	137	10	11	4	4	4	middle	middle	1.000	1.000	constitutive	constitutive	90	1703	4
NC_073264.2	106116686	106117187	3	1	+	NC_073264.2	106116773	106117116	PLD4	XM_003806996.5	+	3	2	87	71	9	10	1	1	1	middle	middle	1.000	1.000	constitutive	constitutive	165	96	1
NC_073264.2	106328778	106329366	-2	1	-	NC_073264.2	106328997	106329341	JAG2	XM_034938287.2	-	2	2	25	219	14	15	3	3	3	middle	middle	1.000	1.000	constitutive	constitutive	152	113	3
NC_073264.2	106330758	106331388	-2	1	-	NC_073264.2	106330945	106331252	JAG2	XM_034938287.2	-	2	2	136	187	11	12	3	3	3	middle	middle	1.000	1.000	constitutive	constitutive	46	173	3
NC_073264.2	106335873	106336455	-2	1	-	NC_073264.2	106335875	106336301	JAG2	XM_034938287.2	-	2	2	154	2	4	5	3	3	3	middle	middle	1.000	1.000	constitutive	constitutive	251	60	3
NC_073264.2	21938172	21940071	-2	1	-	NC_073264.2	21938173	21940040	KLHL33	XM_008964112.4	-	2	2	31	1	2	4	1	1	1	middle	last	1.000	1.000	constitutive	constitutive	924	549	1
NC_073264.2	22469560	22470310	-1	1	-	NC_073264.2	22469780	22470079	NDRG2	XM_003804723.4	-	1	2	231	220	11	12	14	14	14	middle	middle	1.000	1.000	constitutive	constitutive	47	35	14
NC_073264.2	22472043	22472445	-2	1	-	NC_073264.2	22472071	22472419	NDRG2	XM_003804723.4	-	2	2	26	28	5	6	14	14	14	middle	middle	1.000	1.000	constitutive	constitutive	60	86	14
NC_073264.2	22931968	22932418	-1	1	-	NC_073264.2	22931998	22932343	RAB2B	XM_003804752.4	-	1	2	75	30	1	2	1	1	1	first	middle	1.000	1.000	constitutive	constitutive	45	71	1
NC_073264.2	24331694	24332033	-3	1	-	NC_073264.2	24331696	24331990	RBM23	XM_003808111.6	-	3	2	43	2	11	12	5	5	3	middle	middle	1.000	0.600	constitutive	alternative	128	69	3
NC_073264.2	24331694	24332033	-3	1	-	NC_073264.2	24331695	24331990	RBM23	XM_055097328.2	-	3	2	43	1	12	13	5	5	2	middle	last	1.000	0.400	constitutive	alternative	128	70	2
NC_073264.2	24334728	24335124	-2	1	-	NC_073264.2	24334753	24335124	RBM23	XM_003808111.6	-	2	2	0	25	7	8	5	5	5	middle	middle	1.000	1.000	constitutive	constitutive	152	137	5
NC_073264.2	24481534	24482332	-1	1	-	NC_073264.2	24481558	24482230	CDH24	XM_034937290.4	-	1	2	102	24	9	10	1	1	1	middle	middle	1.000	1.000	constitutive	constitutive	111	248	1
NC_073264.2	24820831	24821785	-1	1	-	NC_073264.2	24820843	24821692	MYH6	XM_034937302.4	-	1	2	93	12	24	25	1	1	1	middle	middle	1.000	1.000	constitutive	constitutive	389	126	1
NC_073264.2	24828204	24828528	-2	1	-	NC_073264.2	24828212	24828504	MYH6	XM_034937302.4	-	2	2	24	8	15	16	1	1	1	middle	middle	1.000	1.000	constitutive	constitutive	87	117	1
NC_073264.2	24863680	24864115	-1	1	-	NC_073264.2	24863682	24863998	LOC100978529	XM_003808086.6	-	1	2	117	2	3	4	1	1	1	middle	middle	1.000	1.000	constitutive	constitutive	156	27	1
NC_073264.2	25416017	25416449	3	1	+	NC_073264.2	25416110	25416395	CARMIL3	XM_003809065.5	+	3	2	93	54	23	24	13	13	13	middle	middle	1.000	1.000	constitutive	constitutive	93	98	13
NC_073264.2	25422429	25422921	1	1	+	NC_073264.2	25422529	25422787	CARMIL3	XM_003809065.5	+	1	2	100	134	35	36	13	13	13	middle	middle	1.000	1.000	constitutive	constitutive	66	89	13
NC_073264.2	25430313	25430892	1	1	+	NC_073264.2	25430410	25430733	CPNE6	XM_034937317.3	+	1	2	97	159	6	7	3	3	3	middle	middle	1.000	1.000	constitutive	constitutive	74	83	3
NC_073264.2	25432921	25433614	2	1	+	NC_073264.2	25432983	25433494	CPNE6	XM_034937317.3	+	2	2	62	120	15	16	3	3	3	middle	middle	1.000	1.000	constitutive	constitutive	133	236	3
NC_073264.2	25509751	25510105	2	1	+	NC_073264.2	25509794	25510072	RNF31	XM_003809067.6	+	2	2	43	33	13	14	2	2	2	middle	middle	1.000	1.000	constitutive	constitutive	98	89	2
NC_073264.2	25517365	25517941	2	1	+	NC_073264.2	25517366	25517911	IRF9	XM_003809073.7	+	2	2	1	30	2	3	7	7	7	middle	middle	1.000	1.000	constitutive	constitutive	183	130	7
NC_073264.2	25520097	25520655	1	1	+	NC_073264.2	25520250	25520655	IRF9	XM_008961228.6	+	1	2	153	0	8	9	7	3	3	middle	last	0.429	0.429	alternative	alternative	115	130	3
NC_073264.2	25527150	25527525	1	1	+	NC_073264.2	25527225	25527524	REC8	XM_003809069.6	+	1	2	75	1	3	4	2	2	2	middle	middle	1.000	1.000	constitutive	constitutive	142	72	2
NC_073264.2	25541563	25542103	-1	1	-	NC_073264.2	25541681	25542077	IPO4	XM_008961233.4	-	1	2	26	118	5	6	6	6	6	middle	middle	1.000	1.000	constitutive	constitutive	129	179	6
NC_073264.2	25592152	25592584	2	1	+	NC_073264.2	25592241	25592558	GMPR2	XM_003809075.5	+	2	2	89	26	6	7	10	10	10	middle	middle	1.000	1.000	constitutive	constitutive	106	42	10
NC_073264.2	25622315	25623284	-3	1	-	NC_073264.2	25622586	25622884	RABGGTA	XM_003809089.6	-	3	2	400	271	12	13	1	1	1	middle	middle	1.000	1.000	constitutive	constitutive	88	116	1
NC_073264.2	25623290	25623773	-3	1	-	NC_073264.2	25623295	25623752	RABGGTA	XM_003809089.6	-	3	3	21	5	8	10	1	1	1	middle	middle	1.000	1.000	constitutive	constitutive	101	51	1
NC_073264.2	25654999	25655977	2	1	+	NC_073264.2	25655036	25655933	LOC100979193	XM_003809090.6	+	2	2	37	44	1	2	7	4	4	first	middle	0.571	0.571	alternative	alternative	246	443	4
NC_073264.2	25685817	25686528	-2	1	-	NC_073264.2	25686124	25686462	ADCY4	XM_008961276.4	-	2	2	66	307	5	6	7	5	5	middle	middle	0.714	0.714	alternative	alternative	148	111	5
NC_073264.2	25766066	25766702	3	1	+	NC_073264.2	25766114	25766488	NYNRIN	XM_003809109.5	+	3	2	48	214	4	5	1	1	1	middle	middle	1.000	1.000	constitutive	constitutive	130	96	1
NC_073264.2	53776799	53777186	-3	1	-	NC_073264.2	53776807	53777114	ERO1A	XM_003831710.6	-	3	2	72	8	14	15	1	1	1	middle	middle	1.000	1.000	constitutive	constitutive	86	133	1
NC_073264.2	59347228	59347525	2	1	+	NC_073264.2	59347251	59347485	ACTR10	XM_003831665.5	+	2	2	23	40	9	10	1	1	1	middle	middle	1.000	1.000	constitutive	constitutive	79	73	1
NC_073264.2	66390175	66391069	2	1	+	NC_073264.2	66390366	66390981	LOC100994872	XM_003824051.5	+	2	2	191	88	3	6	1	1	1	middle	middle	1.000	1.000	constitutive	constitutive	368	141	1
NC_073264.2	74354961	74355930	1	1	+	NC_073264.2	74355315	74355853	PAPLN	XM_034937777.3	+	1	2	354	77	3	4	3	3	3	middle	middle	1.000	1.000	constitutive	constitutive	60	102	3
NC_073264.2	75048891	75049392	1	1	+	NC_073264.2	75049012	75049371	COQ6	XM_034937798.3	+	1	2	121	21	6	7	3	1	3	middle	middle	0.333	1.000	unique	constitutive	164	107	1
NC_073264.2	75048891	75049392	1	1	+	NC_073264.2	75049012	75049371	COQ6	XM_034937799.3	+	1	2	121	21	6	7	3	2	3	middle	middle	0.667	1.000	alternative	constitutive	62	107	2
NC_073264.2	75370646	75371012	-3	1	-	NC_073264.2	75370648	75370966	ABCD4	XM_003824162.5	-	3	2	46	2	9	10	13	13	13	middle	middle	1.000	1.000	constitutive	constitutive	121	91	13
NC_073265.2	11661697	11663677	2	1	+	NC_073265.2	11661881	11663677	GOLGA6L2	XM_063596998.1	+	2	4	184	0	12	15	1	1	1	middle	last	1.000	1.000	constitutive	constitutive	75	250	1
NC_073265.2	29276262	29276826	-2	1	-	NC_073265.2	29276523	29276763	SRP14	XM_003826559.4	-	2	2	63	261	1	2	1	1	1	first	middle	1.000	1.000	constitutive	constitutive	23	72	1
NC_073265.2	29506095	29507016	1	1	+	NC_073265.2	29506216	29506991	PAK6	XM_034938514.4	+	1	2	121	25	3	4	8	8	8	middle	middle	1.000	1.000	constitutive	constitutive	497	133	8
NC_073265.2	29507299	29507911	2	1	+	NC_073265.2	29507338	29507668	PAK6	XM_034938514.4	+	2	2	39	243	5	6	8	8	8	middle	middle	1.000	1.000	constitutive	constitutive	126	125	8
NC_073265.2	29530441	29530873	-1	1	-	NC_073265.2	29530487	29530873	PLCB2	XM_003826565.6	-	1	2	0	46	14	15	18	15	17	middle	middle	0.833	0.944	alternative	alternative	162	112	15
NC_073265.2	29530441	29530873	-1	1	-	NC_073265.2	29530487	29530873	PLCB2	XM_008951966.5	-	1	2	0	46	14	15	18	2	17	middle	middle	0.111	0.944	alternative	alternative	150	112	2
NC_073265.2	29616820	29617468	2	1	+	NC_073265.2	29616839	29617325	KNSTRN	XM_003826572.5	+	2	2	19	143	1	2	3	3	3	first	middle	1.000	1.000	constitutive	constitutive	208	94	3
NC_073265.2	30017198	30017867	-3	1	-	NC_073265.2	30017345	30017776	DNAJC17	XM_008951984.4	-	3	2	91	147	5	6	1	1	1	middle	middle	1.000	1.000	constitutive	constitutive	85	96	1
NC_073265.2	30095834	30096452	3	1	+	NC_073265.2	30095869	30096372	SPINT1	XM_003826598.5	+	3	2	35	80	2	3	6	6	6	middle	middle	1.000	1.000	constitutive	constitutive	127	138	6
NC_073265.2	30116067	30116997	-2	1	-	NC_073265.2	30116422	30116877	RHOV	XM_003826601.6	-	2	2	120	355	1	2	1	1	1	first	middle	1.000	1.000	constitutive	constitutive	207	58	1
NC_073265.2	30337575	30337962	-2	1	-	NC_073265.2	30337609	30337936	INO80	XM_003826605.6	-	2	2	26	34	2	3	1	1	1	middle	middle	1.000	1.000	constitutive	constitutive	169	67	1
NC_073265.2	30718321	30718696	2	1	+	NC_073265.2	30718322	30718672	RTF1	XM_003826612.5	+	2	2	1	24	13	14	1	1	1	middle	middle	1.000	1.000	constitutive	constitutive	121	57	1
NC_073265.2	30742860	30743301	1	1	+	NC_073265.2	30742876	30743264	ITPKA	XM_034938562.3	+	1	2	16	37	2	3	1	1	1	middle	middle	1.000	1.000	constitutive	constitutive	96	216	1
NC_073265.2	31058998	31059493	2	1	+	NC_073265.2	31059104	31059492	MAPKBP1	XM_034938565.3	+	2	2	106	1	18	19	3	3	3	middle	middle	1.000	1.000	constitutive	constitutive	111	63	3
NC_073265.2	31076837	31077551	3	1	+	NC_073265.2	31077052	31077455	LOC129393987	XM_055098664.2	+	3	2	215	96	5	6	9	9	9	middle	middle	1.000	1.000	constitutive	constitutive	95	76	9
NC_073265.2	31096006	31096633	-1	1	-	NC_073265.2	31096019	31096540	SPTBN5	XM_055098674.2	-	1	2	93	13	53	54	1	1	1	middle	middle	1.000	1.000	constitutive	constitutive	196	204	1
NC_073265.2	31099335	31099806	-2	1	-	NC_073265.2	31099411	31099789	SPTBN5	XM_055098674.2	-	2	2	17	76	47	48	1	1	1	middle	middle	1.000	1.000	constitutive	constitutive	90	146	1
NC_073265.2	31123446	31124148	-2	1	-	NC_073265.2	31123615	31124148	SPTBN5	XM_055098674.2	-	2	2	0	169	10	11	1	1	1	middle	middle	1.000	1.000	constitutive	constitutive	200	209	1
NC_073265.2	32773966	32782735	2	1	+	NC_073265.2	32773967	32782513	MAP1A	XM_003805579.5	+	2	2	1	222	5	6	3	2	1	middle	middle	0.667	0.333	alternative	unique	8184	220	1
NC_073265.2	32773966	32782735	2	1	+	NC_073265.2	32773967	32782735	MAP1A	XM_063596593.1	+	2	2	1	0	5	6	3	2	2	middle	last	0.667	0.667	alternative	alternative	8184	442	1
NC_073265.2	32773966	32782735	2	1	+	NC_073265.2	32774117	32782735	MAP1A	XM_063596594.1	+	2	2	151	0	1	2	3	1	2	first	last	0.333	0.667	unique	alternative	8034	442	1
NC_073265.2	33027840	33028533	-2	1	-	NC_073265.2	33027842	33028347	ELL3	XM_008967828.5	-	2	2	186	2	2	3	2	2	2	middle	middle	1.000	1.000	constitutive	constitutive	35	112	2
NC_073265.2	37571365	37572094	2	1	+	NC_073265.2	37571744	37572023	DUT	XM_003831483.7	+	2	2	379	71	1	3	1	1	1	first	middle	1.000	1.000	constitutive	constitutive	83	139	1
NC_073265.2	54064350	54065145	-2	1	-	NC_073265.2	54064696	54065094	PIF1	XM_034938921.4	-	2	2	51	346	9	10	6	6	6	middle	middle	1.000	1.000	constitutive	constitutive	87	145	6
NC_073265.2	61553064	61553910	-2	1	-	NC_073265.2	61553205	61553574	HEXA	XM_003818557.5	-	2	2	336	141	7	8	18	17	12	middle	middle	0.944	0.667	alternative	alternative	132	149	12
NC_073265.2	61553064	61553910	-2	1	-	NC_073265.2	61553205	61553574	HEXA	XM_008971894.4	-	2	2	336	141	7	8	18	17	5	middle	middle	0.944	0.278	alternative	alternative	132	146	5
NC_073265.2	62554410	62555202	-2	1	-	NC_073265.2	62554554	62555043	HCN4	XM_034939102.3	-	2	2	159	144	5	6	1	1	1	middle	middle	1.000	1.000	constitutive	constitutive	146	240	1
NC_073265.2	63820119	63821157	1	1	+	NC_073265.2	63820344	63821002	ARID3B	XM_014341544.4	+	1	2	225	155	5	6	2	2	2	middle	middle	1.000	1.000	constitutive	constitutive	277	254	2
NC_073265.2	64557613	64558048	-1	1	-	NC_073265.2	64557615	64557954	MAN2C1	XM_003818956.7	-	1	2	94	2	24	25	7	7	7	middle	middle	1.000	1.000	constitutive	constitutive	148	109	7
NC_073265.2	67109454	67110267	1	1	+	NC_073265.2	67109504	67110249	LOC100989774	XM_063596499.1	+	1	2	50	18	6	8	1	1	1	middle	middle	1.000	1.000	constitutive	constitutive	146	495	1
NC_073265.2	67493761	67494193	2	1	+	NC_073265.2	67493781	67494193	DNAJA4	XM_024925663.2	+	2	2	20	0	6	7	6	6	6	middle	last	1.000	1.000	constitutive	constitutive	100	212	6
NC_073265.2	68046902	68047757	-3	1	-	NC_073265.2	68047084	68047637	ADAMTS7	XM_055098540.3	-	3	2	120	182	5	6	2	2	2	middle	middle	1.000	1.000	constitutive	constitutive	83	124	2
NC_073265.2	7105878	7106352	1	1	+	NC_073265.2	7105879	7106219	LOC100976978	XM_034938387.3	+	1	2	1	133	61	62	3	3	3	middle	middle	1.000	1.000	constitutive	constitutive	81	171	3
NC_073265.2	73205436	73206258	1	1	+	NC_073265.2	73205494	73206041	AP3B2	XM_034939314.4	+	1	2	58	217	7	8	2	2	2	middle	middle	1.000	1.000	constitutive	constitutive	182	283	2
NC_073265.2	73891093	73891762	2	1	+	NC_073265.2	73891165	73891657	LOC134729055	XM_063596502.1	+	2	2	72	105	3	4	1	1	1	middle	middle	1.000	1.000	constitutive	constitutive	168	197	1
NC_073265.2	73900892	73901291	3	1	+	NC_073265.2	73900990	73901291	LOC134729055	XM_063596502.1	+	3	2	98	0	6	7	1	1	1	middle	last	1.000	1.000	constitutive	constitutive	98	112	1
NC_073265.2	80429557	80429998	2	1	+	NC_073265.2	80429639	80429941	FURIN	XM_034939430.3	+	2	2	82	57	2	3	3	3	3	middle	middle	1.000	1.000	constitutive	constitutive	98	95	3
NC_073265.2	80440348	80440759	2	1	+	NC_073265.2	80440349	80440758	FES	XM_003807716.6	+	2	2	1	1	3	4	4	4	4	middle	middle	1.000	1.000	constitutive	constitutive	96	183	4
NC_073265.2	80488697	80489243	3	1	+	NC_073265.2	80488809	80489189	UNC45A	XM_008959849.6	+	3	2	112	54	1	2	2	1	2	first	middle	0.500	1.000	unique	constitutive	5	161	1
NC_073265.2	80488697	80489243	3	1	+	NC_073265.2	80488809	80489189	UNC45A	XM_034939440.2	+	3	2	112	54	1	2	2	1	2	first	middle	0.500	1.000	unique	constitutive	50	161	1
NC_073265.2	80506713	80507211	1	1	+	NC_073265.2	80506773	80507154	UNC45A	XM_008959849.6	+	1	2	60	57	18	19	2	2	2	middle	middle	1.000	1.000	constitutive	constitutive	117	155	2
NC_073266.2	23258983	23260420	-3	1	-	NC_073266.2	23258984	23259870	LOC129393739	XM_063597393.1	-	3	2	550	1	4	6	1	1	1	middle	last	1.000	1.000	constitutive	constitutive	112	470	1
NC_073266.2	23261147	23261879	-2	1	-	NC_073266.2	23261246	23261489	LOC129393739	XM_063597393.1	-	2	2	390	99	2	3	1	1	1	middle	middle	1.000	1.000	constitutive	constitutive	122	36	1
NC_073266.2	23297176	23297830	-3	1	-	NC_073266.2	23297191	23297793	LOC100971897	XM_055102790.1	-	3	2	37	15	8	9	1	1	1	middle	middle	1.000	1.000	constitutive	constitutive	28	375	1
NC_073266.2	66553815	66554631	-1	1	-	NC_073266.2	66553829	66554064	LOC106634041	XM_055102446.1	-	1	2	567	14	1	2	1	1	1	first	middle	1.000	1.000	constitutive	constitutive	45	108	1
NC_073266.2	67810609	67811368	-3	1	-	NC_073266.2	67810748	67811255	CXXC1	XM_003827216.5	-	3	2	113	139	13	14	5	5	5	middle	middle	1.000	1.000	constitutive	constitutive	96	152	5
NC_073266.2	67811585	67812227	-2	1	-	NC_073266.2	67811601	67811997	CXXC1	XM_003827216.5	-	2	2	230	16	10	11	5	5	5	middle	middle	1.000	1.000	constitutive	constitutive	207	110	5
NC_073266.2	97985808	97986276	1	1	+	NC_073266.2	97985848	97986145	LOC129394588	XM_055102441.2	+	1	2	40	131	2	3	1	1	1	middle	middle	1.000	1.000	constitutive	constitutive	108	110	1
NC_073267.2	100005521	100006478	-1	1	-	NC_073267.2	100005750	100006404	LOC117976173	XM_063598101.1	-	1	2	74	229	32	33	1	1	1	middle	middle	1.000	1.000	constitutive	constitutive	186	212	1
NC_073267.2	100007717	100008368	-1	1	-	NC_073267.2	100007973	100008351	LOC117976173	XM_063598101.1	-	1	2	17	256	28	29	1	1	1	middle	middle	1.000	1.000	constitutive	constitutive	90	146	1
NC_073267.2	1039072	1039666	2	1	+	NC_073267.2	1039234	1039609	CHTF18	XM_003808822.5	+	2	2	162	57	19	20	5	5	5	middle	middle	1.000	1.000	constitutive	constitutive	144	131	5
NC_073267.2	11290095	11290596	1	1	+	NC_073267.2	11290099	11290503	NUBP1	XM_063598368.1	+	1	2	4	93	1	2	7	2	2	first	middle	0.286	0.286	alternative	alternative	221	104	2
NC_073267.2	1461000	1461576	1	1	+	NC_073267.2	1461111	1461540	CACNA1H	XM_008960949.5	+	1	2	111	36	8	9	9	9	9	middle	middle	1.000	1.000	constitutive	constitutive	117	155	9
NC_073267.2	1464580	1465120	2	1	+	NC_073267.2	1464683	1465071	CACNA1H	XM_008960949.5	+	2	2	103	49	15	16	9	9	9	middle	middle	1.000	1.000	constitutive	constitutive	68	184	9
NC_073267.2	1465235	1465793	3	1	+	NC_073267.2	1465268	1465706	CACNA1H	XM_008960949.5	+	3	2	33	87	17	18	9	9	9	middle	middle	1.000	1.000	constitutive	constitutive	126	125	9
NC_073267.2	1485364	1485790	-2	1	-	NC_073267.2	1485366	1485751	LOC100978423	XM_008960952.4	-	2	2	39	2	1	2	2	1	2	first	middle	0.500	1.000	unique	constitutive	60	171	1
NC_073267.2	1485364	1485790	-2	1	-	NC_073267.2	1485366	1485772	LOC100978423	XM_014341614.4	-	2	2	18	2	1	2	2	1	2	first	middle	0.500	1.000	unique	constitutive	81	171	1
NC_073267.2	1496555	1496981	3	1	+	NC_073267.2	1496574	1496980	LOC117978660	XM_034951543.3	+	3	2	19	1	1	2	1	1	1	first	middle	1.000	1.000	constitutive	constitutive	81	171	1
NC_073267.2	1511287	1511713	2	1	+	NC_073267.2	1511306	1511712	LOC100983474	XM_034950938.3	+	2	2	19	1	1	2	1	1	1	first	middle	1.000	1.000	constitutive	constitutive	81	171	1
NC_073267.2	15798041	15798899	-1	1	-	NC_073267.2	15798210	15798638	MYH11	XM_034951175.3	-	1	2	261	169	20	21	6	6	6	middle	middle	1.000	1.000	constitutive	constitutive	131	206	6
NC_073267.2	1602128	1602578	3	1	+	NC_073267.2	1602146	1602488	BAIAP3	XM_034951567.3	+	3	2	18	90	3	4	4	4	2	middle	middle	1.000	0.500	constitutive	alternative	87	131	2
NC_073267.2	1602128	1602578	3	1	+	NC_073267.2	1602146	1602488	BAIAP3	XM_034951568.4	+	3	2	18	90	3	4	4	4	2	middle	middle	1.000	0.500	constitutive	alternative	87	80	2
NC_073267.2	1603663	1604098	2	1	+	NC_073267.2	1603748	1604021	BAIAP3	XM_034951567.3	+	2	2	85	77	6	7	4	4	4	middle	middle	1.000	1.000	constitutive	constitutive	59	66	4
NC_073267.2	1605334	1605682	2	1	+	NC_073267.2	1605353	1605640	BAIAP3	XM_034951567.3	+	2	2	19	42	12	13	4	4	4	middle	middle	1.000	1.000	constitutive	constitutive	107	95	4
NC_073267.2	16055976	16056894	-3	1	-	NC_073267.2	16055987	16056575	LOC134729405	XM_063598408.1	-	3	2	319	11	6	8	1	1	1	middle	middle	1.000	1.000	constitutive	constitutive	53	210	1
NC_073267.2	1606931	1607456	3	1	+	NC_073267.2	1607099	1607396	BAIAP3	XM_034951567.3	+	3	2	168	60	17	18	4	4	4	middle	middle	1.000	1.000	constitutive	constitutive	90	56	4
NC_073267.2	1607459	1607783	3	1	+	NC_073267.2	1607472	1607720	BAIAP3	XM_034951567.3	+	3	2	13	63	19	20	4	4	4	middle	middle	1.000	1.000	constitutive	constitutive	97	51	4
NC_073267.2	1610597	1611116	3	1	+	NC_073267.2	1610643	1611115	BAIAP3	XM_034951567.3	+	3	3	46	1	30	32	4	4	4	middle	middle	1.000	1.000	constitutive	constitutive	80	123	4
NC_073267.2	16132116	16132899	-3	1	-	NC_073267.2	16132127	16132832	LOC134729410	XM_063598432.1	-	3	2	67	11	21	23	1	1	1	middle	middle	1.000	1.000	constitutive	constitutive	170	210	1
NC_073267.2	16135692	16136976	-3	1	-	NC_073267.2	16135699	16136913	LOC134729410	XM_063598432.1	-	3	2	63	7	15	16	1	1	1	middle	middle	1.000	1.000	constitutive	constitutive	144	451	1
NC_073267.2	1615032	1615251	1	1	+	NC_073267.2	1615057	1615250	GNPTG	XM_003807623.5	+	1	2	25	1	1	2	1	1	1	first	middle	1.000	1.000	constitutive	constitutive	51	57	1
NC_073267.2	16206269	16207052	-1	1	-	NC_073267.2	16206280	16206985	LOC117978226	XM_063598431.1	-	1	2	67	11	21	23	1	1	1	middle	middle	1.000	1.000	constitutive	constitutive	170	210	1
NC_073267.2	16209845	16211129	-1	1	-	NC_073267.2	16209852	16211066	LOC117978226	XM_063598431.1	-	1	2	63	7	15	16	1	1	1	middle	middle	1.000	1.000	constitutive	constitutive	144	451	1
NC_073267.2	1626444	1626708	1	1	+	NC_073267.2	1626445	1626708	GNPTG	XM_003807623.5	+	1	2	1	0	10	11	1	1	1	middle	last	1.000	1.000	constitutive	constitutive	81	91	1
NC_073267.2	16785150	16785546	1	1	+	NC_073267.2	16785172	16785545	LOC134729411	XM_063598434.1	+	1	2	22	1	1	2	1	1	1	first	middle	1.000	1.000	constitutive	constitutive	65	166	1
NC_073267.2	1700572	1701154	-2	1	-	NC_073267.2	1700702	1701013	CCDC154	XM_055100610.2	-	2	2	141	130	7	8	2	2	2	middle	middle	1.000	1.000	constitutive	constitutive	101	128	2
NC_073267.2	17020867	17021785	2	1	+	NC_073267.2	17021187	17021775	LOC129394308	XM_055100286.2	+	2	2	320	10	8	10	1	1	1	middle	middle	1.000	1.000	constitutive	constitutive	53	210	1
NC_073267.2	1708478	1708988	-1	1	-	NC_073267.2	1708479	1708931	CLCN7	XM_034939584.3	-	1	2	57	1	24	25	2	2	2	middle	last	1.000	1.000	constitutive	constitutive	80	83	2
NC_073267.2	1709196	1709682	-3	1	-	NC_073267.2	1709236	1709559	CLCN7	XM_034939584.3	-	3	2	123	40	22	23	2	2	2	middle	middle	1.000	1.000	constitutive	constitutive	59	176	2
NC_073267.2	17179763	17180159	3	1	+	NC_073267.2	17179785	17180158	LOC129394167	XM_063598433.1	+	3	2	22	1	1	2	1	1	1	first	middle	1.000	1.000	constitutive	constitutive	65	166	1
NC_073267.2	1719226	1719622	-2	1	-	NC_073267.2	1719233	1719535	CLCN7	XM_034939584.3	-	2	2	87	7	8	9	2	2	2	middle	middle	1.000	1.000	constitutive	constitutive	62	83	2
NC_073267.2	17292553	17294809	2	1	+	NC_073267.2	17292728	17294599	LOC129393053	XM_055100259.3	+	2	2	175	210	1	2	1	1	1	first	middle	1.000	1.000	constitutive	constitutive	1574	77	1
NC_073267.2	17515554	17515875	1	1	+	NC_073267.2	17515555	17515875	LOC129394135	XM_063598410.1	+	1	2	1	0	7	8	2	1	1	middle	last	0.500	0.500	unique	unique	210	19	1
NC_073267.2	1763745	1764471	1	1	+	NC_073267.2	1764015	1764372	TELO2	XM_003807616.6	+	1	2	270	99	11	12	2	2	2	middle	middle	1.000	1.000	constitutive	constitutive	88	91	2
NC_073267.2	17672006	17672402	3	1	+	NC_073267.2	17672028	17672401	LOC117976211	XM_063598435.1	+	3	2	22	1	1	2	1	1	1	first	middle	1.000	1.000	constitutive	constitutive	65	166	1
NC_073267.2	19709708	19711964	-1	1	-	NC_073267.2	19709913	19711884	LOC129393062	XM_055100479.2	-	1	2	80	205	11	12	1	1	1	middle	middle	1.000	1.000	constitutive	constitutive	1668	83	1
NC_073267.2	19855159	19856077	-2	1	-	NC_073267.2	19855170	19855758	LOC129394140	XM_063598471.1	-	2	2	319	11	8	10	1	1	1	middle	middle	1.000	1.000	constitutive	constitutive	53	210	1
NC_073267.2	19858899	19860282	-3	1	-	NC_073267.2	19859097	19860053	LOC129394140	XM_063598471.1	-	3	2	229	198	2	3	1	1	1	middle	middle	1.000	1.000	constitutive	constitutive	144	100	1
NC_073267.2	20101650	20102307	-3	1	-	NC_073267.2	20101975	20102307	SMG1	XM_055100222.2	-	3	2	0	325	43	44	4	4	4	middle	middle	1.000	1.000	constitutive	constitutive	138	109	4
NC_073267.2	2033468	2034209	3	1	+	NC_073267.2	2033561	2033954	MAPK8IP3	XM_063598204.1	+	3	2	93	255	25	26	8	8	8	middle	middle	1.000	1.000	constitutive	constitutive	67	148	8
NC_073267.2	2034445	2034859	2	1	+	NC_073267.2	2034462	2034764	MAPK8IP3	XM_063598204.1	+	2	2	17	95	28	29	8	8	8	middle	middle	1.000	1.000	constitutive	constitutive	113	38	8
NC_073267.2	2234118	2238501	1	1	+	NC_073267.2	2234438	2238426	PKD1	XM_055100622.3	+	1	2	320	75	15	16	5	5	5	middle	middle	1.000	1.000	constitutive	constitutive	3619	149	5
NC_073267.2	2246944	2248072	2	1	+	NC_073267.2	2247012	2247934	PKD1	XM_055100622.3	+	2	3	68	138	27	30	5	5	5	middle	middle	1.000	1.000	constitutive	constitutive	170	126	5
NC_073267.2	2253253	2253979	2	1	+	NC_073267.2	2253288	2253757	PKD1	XM_055100622.3	+	2	2	35	222	36	37	5	5	5	middle	middle	1.000	1.000	constitutive	constitutive	202	194	5
NC_073267.2	2256193	2257162	2	1	+	NC_073267.2	2256209	2256709	PKD1	XM_055100622.3	+	2	2	16	453	43	44	5	5	5	middle	middle	1.000	1.000	constitutive	constitutive	290	134	5
NC_073267.2	2258768	2259488	-1	1	-	NC_073267.2	2258769	2259328	TSC2	XM_003807693.6	-	1	3	160	1	37	39	16	16	8	middle	last	1.000	0.500	constitutive	alternative	91	161	8
NC_073267.2	2258768	2259488	-1	1	-	NC_073267.2	2258769	2259328	TSC2	XM_063598193.1	-	1	2	160	1	39	40	16	16	8	middle	last	1.000	0.500	constitutive	alternative	91	380	8
NC_073267.2	2369137	2369536	-2	1	-	NC_073267.2	2369209	2369471	TBL3	XM_003807681.7	-	2	2	65	72	19	20	1	1	1	middle	middle	1.000	1.000	constitutive	constitutive	103	71	1
NC_073267.2	2372581	2373046	-2	1	-	NC_073267.2	2372583	2373046	TBL3	XM_003807681.7	-	2	3	0	2	4	6	1	1	1	middle	middle	1.000	1.000	constitutive	constitutive	47	84	1
NC_073267.2	24941453	24942143	-1	1	-	NC_073267.2	24941455	24941850	EARS2	XM_003813707.7	-	1	2	293	2	6	7	3	3	3	middle	middle	1.000	1.000	constitutive	constitutive	153	130	3
NC_073267.2	2623022	2623790	-1	1	-	NC_073267.2	2623033	2623723	LOC129392988	XM_063598223.1	-	1	2	67	11	4	6	16	16	16	middle	middle	1.000	1.000	constitutive	constitutive	170	195	16
NC_073267.2	2679058	2679478	2	1	+	NC_073267.2	2679083	2679418	TRAF7	XM_008951359.4	+	2	2	25	60	18	19	3	3	3	middle	middle	1.000	1.000	constitutive	constitutive	131	119	3
NC_073267.2	2682541	2684932	-2	1	-	NC_073267.2	2682571	2684932	CASKIN1	XM_034940938.4	-	2	2	0	30	17	18	2	2	2	middle	middle	1.000	1.000	constitutive	constitutive	138	2006	2
NC_073267.2	2687740	2688313	-2	1	-	NC_073267.2	2687962	2688210	CASKIN1	XM_034940938.4	-	2	2	103	222	12	13	2	2	2	middle	middle	1.000	1.000	constitutive	constitutive	88	84	2
NC_073267.2	2689412	2690321	-1	1	-	NC_073267.2	2689718	2690285	CASKIN1	XM_034940938.4	-	1	3	36	306	8	10	2	2	2	middle	middle	1.000	1.000	constitutive	constitutive	108	117	2
NC_073267.2	2692424	2693273	-1	1	-	NC_073267.2	2692437	2693187	CASKIN1	XM_034940938.4	-	1	2	86	13	3	4	2	2	2	middle	middle	1.000	1.000	constitutive	constitutive	97	145	2
NC_073267.2	2709718	2710426	2	1	+	NC_073267.2	2709964	2710273	MLST8	XM_003806216.6	+	2	2	246	153	4	5	4	4	4	middle	middle	1.000	1.000	constitutive	constitutive	75	152	4
NC_073267.2	2734610	2735519	3	1	+	NC_073267.2	2734624	2735051	E4F1	XM_003806213.5	+	3	2	14	468	6	7	7	7	7	middle	middle	1.000	1.000	constitutive	constitutive	152	172	7
NC_073267.2	277900	278554	-2	1	-	NC_073267.2	277994	278401	RHBDF1	XM_034951556.3	-	2	2	153	94	4	5	6	6	6	middle	middle	1.000	1.000	constitutive	constitutive	209	122	6
NC_073267.2	2782676	2783288	-1	1	-	NC_073267.2	2782707	2783189	ABCA3	XM_034940937.3	-	1	2	99	31	24	25	2	2	2	middle	middle	1.000	1.000	constitutive	constitutive	128	194	2
NC_073267.2	2827477	2827996	-2	1	-	NC_073267.2	2827510	2827966	ABCA3	XM_034940937.3	-	2	2	30	33	1	2	2	2	2	first	middle	1.000	1.000	constitutive	constitutive	53	264	2
NC_073267.2	29784947	29785325	-1	1	-	NC_073267.2	29784948	29785286	EIF3CL	XM_055099554.2	-	1	2	39	1	17	18	1	1	1	middle	last	1.000	1.000	constitutive	constitutive	162	79	1
NC_073267.2	3029565	3030117	1	1	+	NC_073267.2	3029636	3029956	AMDHD2	XM_034940983.4	+	1	2	71	161	6	7	3	3	3	middle	middle	1.000	1.000	constitutive	constitutive	88	144	3
NC_073267.2	30555783	30557631	1	1	+	NC_073267.2	30556306	30557432	MAZ	XM_034952180.4	+	1	2	523	199	1	2	5	3	5	first	middle	0.600	1.000	alternative	constitutive	191	850	3
NC_073267.2	30555783	30557631	1	1	+	NC_073267.2	30556411	30557432	MAZ	XM_055099782.2	+	1	2	628	199	2	3	5	2	5	middle	middle	0.400	1.000	alternative	constitutive	86	850	2
NC_073267.2	30583425	30583779	1	1	+	NC_073267.2	30583426	30583759	MVP	XM_003809367.5	+	1	2	1	20	3	4	3	3	3	middle	middle	1.000	1.000	constitutive	constitutive	123	131	3
NC_073267.2	30758964	30759555	-3	1	-	NC_073267.2	30759001	30759356	DOC2A	XM_008961587.5	-	3	2	199	37	2	3	11	11	11	middle	middle	1.000	1.000	constitutive	constitutive	79	74	11
NC_073267.2	30930558	30931071	1	1	+	NC_073267.2	30930648	30931032	CORO1A	XM_034952188.3	+	1	2	90	39	8	9	1	1	1	middle	middle	1.000	1.000	constitutive	constitutive	57	215	1
NC_073267.2	31042588	31042966	-2	1	-	NC_073267.2	31042589	31042927	LOC117978822	XM_063597406.1	-	2	2	39	1	19	20	2	1	1	middle	last	0.500	0.500	unique	unique	162	79	1
NC_073267.2	31099953	31103310	1	1	+	NC_073267.2	31099954	31103309	LOC117978821	XM_063597437.1	+	1	3	1	1	2	4	1	1	1	middle	middle	1.000	1.000	constitutive	constitutive	923	268	1
NC_073267.2	31108614	31109145	-3	1	-	NC_073267.2	31108651	31109006	IL27	XM_034952211.3	-	3	2	139	37	2	3	1	1	1	middle	middle	1.000	1.000	constitutive	constitutive	172	98	1
NC_073267.2	31709097	31709475	1	1	+	NC_073267.2	31709137	31709475	LOC134728365	XM_063597466.1	+	1	2	40	0	19	20	3	3	3	middle	last	1.000	1.000	constitutive	constitutive	162	79	3
NC_073267.2	31858087	31858708	-2	1	-	NC_073267.2	31858311	31858641	ATP2A1	XM_034951863.3	-	2	2	67	224	18	19	2	2	2	middle	middle	1.000	1.000	constitutive	constitutive	85	133	2
NC_073267.2	31926733	31927564	-2	1	-	NC_073267.2	31926941	31927291	ATXN2L	XM_008978765.7	-	2	2	273	208	17	18	45	45	45	middle	middle	1.000	1.000	constitutive	constitutive	72	187	45
NC_073267.2	32061997	32062375	-2	1	-	NC_073267.2	32061998	32062336	LOC129394188	XM_055099653.2	-	2	2	39	1	19	20	3	3	3	middle	last	1.000	1.000	constitutive	constitutive	162	79	3
NC_073267.2	32132044	32132497	2	1	+	NC_073267.2	32132045	32132428	NFATC2IP	XM_003804597.7	+	2	2	1	69	6	7	1	1	1	middle	middle	1.000	1.000	constitutive	constitutive	144	109	1
NC_073267.2	32163075	32163324	1	1	+	NC_073267.2	32163089	32163324	LAT	XM_008961649.4	+	1	2	14	0	10	11	4	4	4	middle	last	1.000	1.000	constitutive	constitutive	65	76	4
NC_073267.2	32309872	32310250	2	1	+	NC_073267.2	32309912	32310250	LOC117977830	XM_055099659.2	+	2	2	40	0	19	20	3	3	3	middle	last	1.000	1.000	constitutive	constitutive	162	79	3
NC_073267.2	32785430	32785808	-1	1	-	NC_073267.2	32785431	32785769	LOC117978768	XM_034951900.3	-	1	2	39	1	19	20	2	2	2	middle	last	1.000	1.000	constitutive	constitutive	162	79	2
NC_073267.2	3324203	3325256	3	1	+	NC_073267.2	3324406	3325017	PRSS41	XM_055100697.3	+	3	2	203	239	2	3	2	2	1	middle	middle	1.000	0.500	constitutive	unique	165	283	1
NC_073267.2	3324203	3325256	3	1	+	NC_073267.2	3324406	3325256	PRSS41	XM_057300161.2	+	3	2	203	0	3	4	2	2	1	middle	last	1.000	0.500	constitutive	unique	165	522	1
NC_073267.2	33558493	33559342	-2	1	-	NC_073267.2	33558571	33559260	CD2BP2	XM_003807465.6	-	2	2	82	78	3	4	1	1	1	middle	middle	1.000	1.000	constitutive	constitutive	157	432	1
NC_073267.2	33564617	33565127	-1	1	-	NC_073267.2	33564741	33565044	TBC1D10B	XM_008959656.5	-	1	2	83	124	5	6	1	1	1	middle	middle	1.000	1.000	constitutive	constitutive	114	65	1
NC_073267.2	33582781	33583090	2	1	+	NC_073267.2	33582847	33583090	MYL11	XM_057300016.2	+	2	2	66	0	6	7	2	2	2	middle	last	1.000	1.000	constitutive	constitutive	48	101	2
NC_073267.2	3363197	3363881	-1	1	-	NC_073267.2	3363198	3363847	LOC100988258	XM_055100699.2	-	1	2	34	1	5	6	3	3	3	middle	last	1.000	1.000	constitutive	constitutive	160	272	3
NC_073267.2	33816752	33817559	-1	1	-	NC_073267.2	33816761	33817277	ZNF689	XM_003807471.6	-	1	2	282	9	1	2	2	1	1	first	middle	0.500	0.500	unique	unique	204	113	1
NC_073267.2	33916777	33917479	2	1	+	NC_073267.2	33916857	33917443	SRCAP	XM_034940047.3	+	2	2	80	36	9	10	7	7	7	middle	middle	1.000	1.000	constitutive	constitutive	173	322	7
NC_073267.2	34186480	34186966	2	1	+	NC_073267.2	34186491	34186855	SETD1A	XM_034940022.3	+	2	2	11	111	14	15	4	4	4	middle	middle	1.000	1.000	constitutive	constitutive	172	110	4
NC_073267.2	34326188	34326638	3	1	+	NC_073267.2	34326205	34326533	KAT8	XM_003807488.7	+	3	2	17	105	2	3	2	2	2	middle	middle	1.000	1.000	constitutive	constitutive	74	175	2
NC_073267.2	34336123	34337002	2	1	+	NC_073267.2	34336280	34336913	KAT8	XM_003807488.7	+	2	2	157	89	8	10	2	2	1	middle	middle	1.000	0.500	constitutive	unique	93	154	1
NC_073267.2	34336123	34337002	2	1	+	NC_073267.2	34336280	34337002	KAT8	XM_008959641.6	+	2	2	157	0	8	10	2	2	1	middle	last	1.000	0.500	constitutive	unique	93	243	1
NC_073267.2	34579383	34579737	1	1	+	NC_073267.2	34579444	34579736	ITGAX	XM_008959647.4	+	1	2	61	1	18	19	2	2	2	middle	middle	1.000	1.000	constitutive	constitutive	131	73	2
NC_073267.2	34583837	34584119	3	1	+	NC_073267.2	34583838	34584118	ITGAX	XM_008959647.4	+	3	2	1	1	21	22	2	2	2	middle	middle	1.000	1.000	constitutive	constitutive	116	79	2
NC_073267.2	34589093	34589579	3	1	+	NC_073267.2	34589241	34589549	ITGAX	XM_008959647.4	+	3	2	148	30	25	26	2	1	1	middle	middle	0.500	0.500	unique	unique	107	83	1
NC_073267.2	34632119	34632716	3	1	+	NC_073267.2	34632189	34632485	ITGAD	XM_057299982.2	+	3	2	70	231	27	28	1	1	1	middle	middle	1.000	1.000	constitutive	constitutive	107	77	1
NC_073267.2	34699377	34699917	1	1	+	NC_073267.2	34699489	34699917	SLC5A2	XM_063597961.1	+	1	2	112	0	12	13	1	1	1	middle	last	1.000	1.000	constitutive	constitutive	126	223	1
NC_073267.2	3518731	3519526	-2	1	-	NC_073267.2	3518760	3519416	PKMYT1	XM_003804680.7	-	2	3	110	29	4	6	7	7	7	middle	middle	1.000	1.000	constitutive	constitutive	106	157	7
NC_073267.2	3534574	3535177	2	1	+	NC_073267.2	3534720	3534866	GREP1	XM_055100737.2	+	2	2	146	311	4	5	1	1	1	middle	middle	1.000	1.000	constitutive	constitutive	32	35	1
NC_073267.2	3535538	3536288	3	1	+	NC_073267.2	3535792	3536181	GREP1	XM_055100737.2	+	3	2	254	107	7	8	1	1	1	middle	middle	1.000	1.000	constitutive	constitutive	68	59	1
NC_073267.2	3536897	3537788	3	1	+	NC_073267.2	3537517	3537675	GREP1	XM_055100737.2	+	3	2	620	113	10	11	1	1	1	middle	middle	1.000	1.000	constitutive	constitutive	29	32	1
NC_073267.2	3539397	3539598	1	1	+	NC_073267.2	3539417	3539557	GREP1	XM_055100737.2	+	1	2	20	41	12	13	1	1	1	middle	middle	1.000	1.000	constitutive	constitutive	29	32	1
NC_073267.2	3540245	3541019	3	1	+	NC_073267.2	3540337	3540489	GREP1	XM_055100737.2	+	3	2	92	530	16	17	1	1	1	middle	middle	1.000	1.000	constitutive	constitutive	35	32	1
NC_073267.2	3542973	3543435	1	1	+	NC_073267.2	3543071	3543238	GREP1	XM_055100737.2	+	1	2	98	197	22	23	1	1	1	middle	middle	1.000	1.000	constitutive	constitutive	32	29	1
NC_073267.2	3571720	3572140	2	1	+	NC_073267.2	3571811	3572080	THOC6	XM_003804690.6	+	2	2	91	60	10	11	2	2	2	middle	middle	1.000	1.000	constitutive	constitutive	62	110	2
NC_073267.2	35868500	35869418	-1	1	-	NC_073267.2	35868511	35869099	LOC129394277	XM_055100205.2	-	1	2	319	11	6	8	1	1	1	middle	middle	1.000	1.000	constitutive	constitutive	53	210	1
NC_073267.2	35872271	35873456	-1	1	-	NC_073267.2	35872272	35873393	LOC129394275	XM_055100190.2	-	1	2	63	1	16	17	1	1	1	middle	last	1.000	1.000	constitutive	constitutive	144	265	1
NC_073267.2	3617941	3618949	-2	1	-	NC_073267.2	3617942	3618595	LOC106633879	XM_055100738.2	-	2	2	354	1	2	4	1	1	1	middle	last	1.000	1.000	constitutive	constitutive	156	245	1
NC_073267.2	3618020	3618941	-1	1	-	NC_073267.2	3618189	3618857	LOC106633879	XM_055100738.2	-	1	2	84	169	1	3	1	1	1	first	middle	1.000	1.000	constitutive	constitutive	260	247	1
NC_073267.2	36731429	36732347	-1	1	-	NC_073267.2	36731440	36732028	LOC129394267	XM_055100182.2	-	1	2	319	11	6	8	1	1	1	middle	middle	1.000	1.000	constitutive	constitutive	53	210	1
NC_073267.2	36735200	36736385	-1	1	-	NC_073267.2	36735201	36736322	LOC117978030	XM_055100181.1	-	1	2	63	1	16	17	1	1	1	middle	last	1.000	1.000	constitutive	constitutive	144	265	1
NC_073267.2	37554042	37554960	-3	1	-	NC_073267.2	37554053	37554641	LOC117976213	XM_055100208.1	-	3	2	319	11	6	8	1	1	1	middle	middle	1.000	1.000	constitutive	constitutive	53	210	1
NC_073267.2	3780460	3781222	-2	1	-	NC_073267.2	3780461	3781209	MEFV	XM_003815139.6	-	2	2	13	1	9	10	1	1	1	middle	last	1.000	1.000	constitutive	constitutive	32	550	1
NC_073267.2	379025	380168	3	1	+	NC_073267.2	379586	380168	LOC117978663	XM_034951553.3	+	3	2	561	0	2	3	1	1	1	middle	last	1.000	1.000	constitutive	constitutive	204	125	1
NC_073267.2	38442014	38442332	3	1	+	NC_073267.2	38442042	38442299	LOC117978369	unassigned_transcript_706	+	3	2	28	33	1	2	1	1	1	first	middle	1.000	1.000	constitutive	constitutive	45	127	1
NC_073267.2	39133294	39134350	-2	1	-	NC_073267.2	39133516	39134328	LOC100967780	XM_063598080.1	-	2	2	22	222	4	5	1	1	1	middle	middle	1.000	1.000	constitutive	constitutive	545	233	1
NC_073267.2	41479733	41480789	-1	1	-	NC_073267.2	41479904	41480761	LOC129394125	XM_063598081.1	-	1	2	28	171	4	5	1	1	1	middle	middle	1.000	1.000	constitutive	constitutive	539	284	1
NC_073267.2	488279	489155	-1	1	-	NC_073267.2	488481	489057	RGS11	XM_014341608.4	-	1	2	98	202	10	12	5	5	5	middle	middle	1.000	1.000	constitutive	constitutive	115	138	5
NC_073267.2	50036401	50037088	2	1	+	NC_073267.2	50036660	50037067	LOC134729356	XM_063597979.1	+	2	2	259	21	19	21	1	1	1	middle	middle	1.000	1.000	constitutive	constitutive	42	196	1
NC_073267.2	500654	501011	3	1	+	NC_073267.2	500670	501011	ARHGDIG	XM_034951629.3	+	3	2	16	0	5	6	2	2	2	middle	last	1.000	1.000	constitutive	constitutive	63	196	2
NC_073267.2	503647	504115	2	1	+	NC_073267.2	503648	504079	PDIA2	XM_034951627.3	+	2	2	1	36	5	6	3	2	3	middle	middle	0.667	1.000	alternative	constitutive	125	197	2
NC_073267.2	503647	504115	2	1	+	NC_073267.2	503708	504079	PDIA2	XM_055099237.2	+	2	2	61	36	5	6	3	1	3	middle	middle	0.333	1.000	unique	constitutive	65	197	1
NC_073267.2	50822	51350	-1	1	-	NC_073267.2	51014	51311	LOC129393701	XM_063598104.1	-	1	2	39	192	2	3	1	1	1	middle	middle	1.000	1.000	constitutive	constitutive	108	110	1
NC_073267.2	5139220	5140306	-2	1	-	NC_073267.2	5139221	5140141	UBALD1	XM_034939719.3	-	2	2	165	1	2	3	2	1	1	middle	last	0.500	0.500	unique	unique	62	347	1
NC_073267.2	5427016	5427703	-2	1	-	NC_073267.2	5427248	5427619	PPL	XM_003815101.5	-	2	2	84	232	7	8	1	1	1	middle	middle	1.000	1.000	constitutive	constitutive	161	107	1
NC_073267.2	5527934	5528330	3	1	+	NC_073267.2	5528029	5528299	SEC14L5	XM_034939748.3	+	3	2	95	31	9	10	4	4	4	middle	middle	1.000	1.000	constitutive	constitutive	88	70	4
NC_073267.2	601407	602016	-3	1	-	NC_073267.2	601561	601955	PGAP6	XM_034951488.4	-	3	2	61	154	10	11	1	1	1	middle	middle	1.000	1.000	constitutive	constitutive	178	146	1
NC_073267.2	640332	640848	1	1	+	NC_073267.2	640372	640756	DECR2	XM_034951545.3	+	1	2	40	92	6	7	4	4	4	middle	middle	1.000	1.000	constitutive	constitutive	93	104	4
NC_073267.2	66455423	66455885	3	1	+	NC_073267.2	66455548	66455885	CETP	XM_034940233.3	+	3	2	125	0	15	16	1	1	1	middle	last	1.000	1.000	constitutive	constitutive	85	71	1
NC_073267.2	66945058	66945883	-2	1	-	NC_073267.2	66945060	66945486	DOK4	XM_034940251.4	-	2	2	397	2	4	5	6	6	6	middle	middle	1.000	1.000	constitutive	constitutive	119	189	6
NC_073267.2	67982681	67983494	3	1	+	NC_073267.2	67982685	67983493	SETD6	XM_034940330.4	+	3	2	4	1	1	3	3	3	3	first	middle	1.000	1.000	constitutive	constitutive	26	141	3
NC_073267.2	759982	760546	2	1	+	NC_073267.2	760169	760546	RAB11FIP3	XM_063598168.1	+	2	2	187	0	14	15	2	2	2	middle	last	1.000	1.000	constitutive	constitutive	140	110	2
NC_073267.2	76662183	76662765	1	1	+	NC_073267.2	76662204	76662669	PHAF1	XM_003812215.6	+	1	2	21	96	5	6	3	3	3	middle	middle	1.000	1.000	constitutive	constitutive	79	94	3
NC_073267.2	76695294	76696020	1	1	+	NC_073267.2	76695470	76695821	HSF4	XM_003812207.5	+	1	2	176	199	3	4	4	4	4	middle	middle	1.000	1.000	constitutive	constitutive	127	124	4
NC_073267.2	76714848	76715265	-3	1	-	NC_073267.2	76714888	76715242	EXOC3L1	XM_003812206.6	-	3	2	23	40	9	10	4	4	4	middle	middle	1.000	1.000	constitutive	constitutive	129	122	4
NC_073267.2	76732705	76733605	2	1	+	NC_073267.2	76733058	76733605	ELMO3	XM_003812205.5	+	2	3	353	0	18	20	2	2	2	middle	last	1.000	1.000	constitutive	constitutive	82	209	2
NC_073267.2	76759411	76759945	-2	1	-	NC_073267.2	76759417	76759852	FHOD1	XM_003812201.7	-	2	2	93	6	20	21	2	2	2	middle	middle	1.000	1.000	constitutive	constitutive	162	197	2
NC_073267.2	76766954	76767413	-1	1	-	NC_073267.2	76767087	76767380	FHOD1	XM_003812201.7	-	1	2	33	133	7	8	2	2	2	middle	middle	1.000	1.000	constitutive	constitutive	111	94	2
NC_073267.2	76811007	76811634	1	1	+	NC_073267.2	76811008	76811633	PLEKHG4	XM_055100321.2	+	1	3	1	1	7	9	3	3	3	middle	middle	1.000	1.000	constitutive	constitutive	113	148	3
NC_073267.2	76815554	76816031	3	1	+	NC_073267.2	76815555	76815947	PLEKHG4	XM_055100321.2	+	3	2	1	84	15	16	3	3	3	middle	middle	1.000	1.000	constitutive	constitutive	89	221	3
NC_073267.2	76816014	76816512	1	1	+	NC_073267.2	76816030	76816459	PLEKHG4	XM_055100321.2	+	1	2	16	53	17	18	3	3	3	middle	middle	1.000	1.000	constitutive	constitutive	170	177	3
NC_073267.2	76924268	76924796	-1	1	-	NC_073267.2	76924269	76924718	ZDHHC1	XM_034940433.3	-	1	2	78	1	10	11	7	2	3	middle	last	0.286	0.429	alternative	alternative	60	280	2
NC_073267.2	76924268	76924796	-1	1	-	NC_073267.2	76924269	76924738	ZDHHC1	XM_063598038.1	-	1	2	58	1	10	11	7	1	3	middle	last	0.143	0.429	unique	alternative	80	280	1
NC_073267.2	76965484	76966051	2	1	+	NC_073267.2	76965519	76965950	HSD11B2	XM_034940444.3	+	2	2	35	101	3	4	1	1	1	middle	middle	1.000	1.000	constitutive	constitutive	185	137	1
NC_073267.2	76968366	76968930	-3	1	-	NC_073267.2	76968496	76968876	ATP6V0D1	XM_003812192.5	-	3	2	54	130	5	6	1	1	1	middle	middle	1.000	1.000	constitutive	constitutive	77	176	1
NC_073267.2	77068447	77068684	2	1	+	NC_073267.2	77068478	77068681	RIPOR1	XM_003812218.7	+	2	2	31	3	8	9	7	7	7	middle	middle	1.000	1.000	constitutive	constitutive	63	43	7
NC_073267.2	77069716	77071525	2	1	+	NC_073267.2	77069830	77071504	RIPOR1	XM_003812218.7	+	2	2	114	21	12	13	7	7	7	middle	middle	1.000	1.000	constitutive	constitutive	129	1460	7
NC_073267.2	77172672	77174220	1	1	+	NC_073267.2	77173453	77173983	CARMIL2	XM_034940449.3	+	1	2	781	237	1	3	2	2	2	first	middle	1.000	1.000	constitutive	constitutive	39	53	2
NC_073267.2	77175941	77176499	3	1	+	NC_073267.2	77176030	77176498	CARMIL2	XM_034940449.3	+	3	2	89	1	13	14	2	2	1	middle	middle	1.000	0.500	constitutive	unique	112	262	1
NC_073267.2	77175941	77176499	3	1	+	NC_073267.2	77176030	77176498	CARMIL2	XM_034940451.3	+	3	3	89	1	13	15	2	2	1	middle	middle	1.000	0.500	constitutive	unique	112	76	1
NC_073267.2	77176401	77177277	1	1	+	NC_073267.2	77176869	77177158	CARMIL2	XM_034940449.3	+	1	2	468	119	16	17	2	2	2	middle	middle	1.000	1.000	constitutive	constitutive	69	81	2
NC_073267.2	77180194	77180761	2	1	+	NC_073267.2	77180381	77180720	CARMIL2	XM_034940449.3	+	2	2	187	41	27	28	2	2	2	middle	middle	1.000	1.000	constitutive	constitutive	140	66	2
NC_073267.2	77404060	77404783	2	1	+	NC_073267.2	77404158	77404597	EDC4	XM_003812171.5	+	2	2	98	186	5	6	3	3	3	middle	middle	1.000	1.000	constitutive	constitutive	189	147	3
NC_073267.2	77405875	77406265	2	1	+	NC_073267.2	77405912	77406264	EDC4	XM_003812171.5	+	2	2	37	1	12	13	3	3	3	middle	middle	1.000	1.000	constitutive	constitutive	180	72	3
NC_073267.2	77406510	77406927	1	1	+	NC_073267.2	77406542	77406926	EDC4	XM_003812171.5	+	1	2	32	1	15	16	3	3	3	middle	middle	1.000	1.000	constitutive	constitutive	187	121	3
NC_073267.2	77408618	77409287	3	1	+	NC_073267.2	77408622	77409281	EDC4	XM_003812171.5	+	3	3	4	6	22	24	3	1	3	middle	middle	0.333	1.000	unique	constitutive	177	115	1
NC_073267.2	77408618	77409287	3	1	+	NC_073267.2	77408622	77409281	EDC4	XM_008964574.4	+	3	2	4	6	22	23	3	2	3	middle	middle	0.667	1.000	alternative	constitutive	441	115	2
NC_073267.2	77471589	77472168	-3	1	-	NC_073267.2	77471591	77472093	SLC12A4	XM_034940476.4	-	3	2	75	2	21	22	6	6	6	middle	middle	1.000	1.000	constitutive	constitutive	107	184	6
NC_073267.2	79220262	79220679	1	1	+	NC_073267.2	79220306	79220619	NFAT5	XM_003814541.6	+	1	2	44	60	7	8	9	9	9	middle	middle	1.000	1.000	constitutive	constitutive	134	52	9
NC_073267.2	82025608	82026292	-2	1	-	NC_073267.2	82025720	82026179	DHX38	XM_008954865.5	-	2	2	113	112	19	20	1	1	1	middle	middle	1.000	1.000	constitutive	constitutive	208	154	1
NC_073267.2	821508	822063	1	1	+	NC_073267.2	821624	822033	PIGQ	XM_008960907.6	+	1	2	116	30	5	6	4	4	4	middle	middle	1.000	1.000	constitutive	constitutive	153	111	4
NC_073267.2	82726200	82726677	1	1	+	NC_073267.2	82726210	82726663	TLE7	XM_034940647.2	+	1	2	10	14	1	2	1	1	1	first	middle	1.000	1.000	constitutive	constitutive	310	22	1
NC_073267.2	83501245	83501974	2	1	+	NC_073267.2	83501267	83501765	MTSS2	XM_055099281.2	+	2	2	22	209	12	13	6	6	6	middle	middle	1.000	1.000	constitutive	constitutive	176	165	6
NC_073267.2	84830017	84830392	-2	1	-	NC_073267.2	84830019	84830341	LDHD	XM_003829529.4	-	2	2	51	2	9	10	1	1	1	middle	middle	1.000	1.000	constitutive	constitutive	90	111	1
NC_073267.2	84924401	84925502	-1	1	-	NC_073267.2	84924488	84925348	LOC100979112	XM_003829531.6	-	1	3	154	87	2	5	4	2	2	middle	middle	0.500	0.500	alternative	alternative	103	180	1
NC_073267.2	84924401	84925502	-1	1	-	NC_073267.2	84924488	84925472	LOC100979112	XM_034940715.3	-	1	3	30	87	1	4	4	2	2	first	middle	0.500	0.500	alternative	alternative	227	180	1
NC_073267.2	84924401	84925502	-1	1	-	NC_073267.2	84924488	84925472	LOC100979112	XM_063598040.1	-	1	2	30	87	1	3	4	2	2	first	middle	0.500	0.500	alternative	alternative	227	487	1
NC_073267.2	84924401	84925502	-1	1	-	NC_073267.2	84924488	84925348	LOC100979112	XM_063598041.1	-	1	2	154	87	2	4	4	2	2	middle	middle	0.500	0.500	alternative	alternative	103	487	1
NC_073267.2	84941734	84942727	2	1	+	NC_073267.2	84941781	84942641	LOC100979449	XM_034940717.3	+	2	2	47	86	2	4	1	1	1	middle	middle	1.000	1.000	constitutive	constitutive	103	487	1
NC_073267.2	86930502	86931057	1	1	+	NC_073267.2	86930703	86931057	SYCE1L	XM_003829554.5	+	1	2	201	0	10	11	2	2	2	middle	last	1.000	1.000	constitutive	constitutive	72	71	2
NC_073267.2	912989	913349	3	1	+	NC_073267.2	913043	913348	RHOT2	XM_003808813.5	+	3	2	54	1	12	13	21	21	21	middle	middle	1.000	1.000	constitutive	constitutive	84	142	21
NC_073267.2	913583	914057	3	1	+	NC_073267.2	913603	913916	RHOT2	XM_003808813.5	+	3	2	20	141	15	16	21	21	21	middle	middle	1.000	1.000	constitutive	constitutive	130	77	21
NC_073267.2	914034	914736	1	1	+	NC_073267.2	914053	914480	RHOT2	XM_003808813.5	+	1	2	19	256	17	18	21	21	11	middle	middle	1.000	0.524	constitutive	alternative	122	202	11
NC_073267.2	914034	914736	1	1	+	NC_073267.2	914053	914736	RHOT2	XM_063597916.1	+	1	2	19	0	17	18	21	21	10	middle	last	1.000	0.476	constitutive	alternative	122	458	10
NC_073267.2	923274	923694	1	1	+	NC_073267.2	923374	923694	STUB1	XM_003808814.6	+	1	2	100	0	6	7	2	1	1	middle	last	0.500	0.500	unique	unique	116	122	1
NC_073267.2	924342	924726	-3	1	-	NC_073267.2	924379	924653	JMJD8	XM_034951513.3	-	3	2	73	37	6	7	5	5	5	middle	middle	1.000	1.000	constitutive	constitutive	119	67	5
NC_073267.2	924505	925261	-2	1	-	NC_073267.2	924742	925121	JMJD8	XM_034951513.3	-	2	2	140	237	3	5	5	5	5	middle	middle	1.000	1.000	constitutive	constitutive	48	68	5
NC_073267.2	926096	927077	-1	1	-	NC_073267.2	926227	927019	WDR24	XM_003808812.6	-	1	3	58	131	6	8	2	2	1	middle	middle	1.000	0.500	constitutive	unique	104	184	1
NC_073267.2	926096	927077	-1	1	-	NC_073267.2	926097	927019	WDR24	XM_063597915.1	-	1	2	58	1	6	7	2	2	1	middle	last	1.000	0.500	constitutive	unique	104	736	1
NC_073267.2	93930364	93930841	-2	1	-	NC_073267.2	93930395	93930763	TAF1C	XM_003820870.5	-	2	2	78	31	2	3	11	7	8	middle	middle	0.636	0.727	alternative	alternative	81	97	7
NC_073267.2	93930364	93930841	-2	1	-	NC_073267.2	93930395	93930700	TAF1C	XM_034940824.3	-	2	2	141	31	1	2	11	1	8	first	middle	0.091	0.727	unique	alternative	18	97	1
NC_073267.2	94186923	94187409	1	1	+	NC_073267.2	94187022	94187382	ATP2C2	XM_014341886.4	+	1	2	99	27	8	9	8	8	8	middle	middle	1.000	1.000	constitutive	constitutive	124	97	8
NC_073267.2	98488147	98488465	2	1	+	NC_073267.2	98488265	98488465	CTU2	XM_034940909.3	+	2	2	118	0	14	15	2	2	2	middle	last	1.000	1.000	constitutive	constitutive	58	66	2
NC_073267.2	98489143	98489884	-2	1	-	NC_073267.2	98489145	98489489	PIEZO1	XM_034940908.4	-	2	2	395	2	49	50	2	2	2	middle	middle	1.000	1.000	constitutive	constitutive	79	186	2
NC_073267.2	98489571	98490027	-3	1	-	NC_073267.2	98489573	98489943	PIEZO1	XM_034940908.4	-	3	2	84	2	47	48	2	2	2	middle	middle	1.000	1.000	constitutive	constitutive	172	122	2
NC_073267.2	98493010	98493514	-2	1	-	NC_073267.2	98493012	98493493	PIEZO1	XM_034940908.4	-	2	2	21	2	42	43	2	2	2	middle	middle	1.000	1.000	constitutive	constitutive	214	158	2
NC_073267.2	98496010	98496583	-2	1	-	NC_073267.2	98496050	98496541	PIEZO1	XM_034940908.4	-	2	2	42	40	32	34	2	2	2	middle	middle	1.000	1.000	constitutive	constitutive	102	172	2
NC_073267.2	98499309	98500293	-3	1	-	NC_073267.2	98499425	98500114	PIEZO1	XM_034940908.4	-	3	2	179	116	25	27	2	2	2	middle	middle	1.000	1.000	constitutive	constitutive	243	171	2
NC_073267.2	98504521	98506639	-2	1	-	NC_073267.2	98504801	98506344	PIEZO1	XM_034940908.4	-	2	3	295	280	18	21	2	2	2	middle	middle	1.000	1.000	constitutive	constitutive	157	200	2
NC_073267.2	98510357	98511071	-1	1	-	NC_073267.2	98510507	98510762	PIEZO1	XM_034940908.4	-	1	2	309	150	9	10	2	2	2	middle	middle	1.000	1.000	constitutive	constitutive	86	87	2
NC_073267.2	98514961	98515453	-2	1	-	NC_073267.2	98514963	98515332	PIEZO1	XM_034940908.4	-	2	2	121	2	3	4	2	2	2	middle	middle	1.000	1.000	constitutive	constitutive	122	42	2
NC_073267.2	98976439	98977255	2	1	+	NC_073267.2	98976462	98977250	CDH15	XM_055099152.2	+	2	2	23	5	10	11	1	1	1	middle	middle	1.000	1.000	constitutive	constitutive	239	239	1
NC_073267.2	99563002	99563413	-2	1	-	NC_073267.2	99563004	99563364	VPS9D1	XM_034941105.3	-	2	2	49	2	3	4	17	10	17	middle	middle	0.588	1.000	alternative	constitutive	92	162	10
NC_073267.2	99563002	99563413	-2	1	-	NC_073267.2	99563004	99563361	VPS9D1	XM_034941107.3	-	2	2	52	2	3	4	17	5	17	middle	middle	0.294	1.000	alternative	constitutive	89	162	5
NC_073267.2	99563002	99563413	-2	1	-	NC_073267.2	99563004	99563329	VPS9D1	XM_055100563.2	-	2	2	84	2	1	2	17	2	17	first	middle	0.118	1.000	alternative	constitutive	57	162	2
NC_073267.2	99971208	99971892	1	1	+	NC_073267.2	99971286	99971743	LOC117976329	XM_055099339.2	+	1	2	78	149	6	7	1	1	1	middle	middle	1.000	1.000	constitutive	constitutive	145	197	1
NC_073268.2	10272770	10273079	-1	1	-	NC_073268.2	10272772	10273058	CLUH	XM_034941263.3	-	1	2	21	2	24	25	2	2	2	middle	middle	1.000	1.000	constitutive	constitutive	134	73	2
NC_073268.2	10276417	10276936	-2	1	-	NC_073268.2	10276496	10276804	CLUH	XM_034941263.3	-	2	2	132	79	14	15	2	2	2	middle	middle	1.000	1.000	constitutive	constitutive	152	62	2
NC_073268.2	10277727	10278477	-3	1	-	NC_073268.2	10277736	10278244	CLUH	XM_034941263.3	-	3	2	233	9	11	12	2	2	1	middle	middle	1.000	0.500	constitutive	unique	223	104	1
NC_073268.2	10277727	10278477	-3	1	-	NC_073268.2	10277736	10278244	CLUH	XM_034941264.3	-	3	2	233	9	11	12	2	2	1	middle	middle	1.000	0.500	constitutive	unique	223	101	1
NC_073268.2	11338467	11338896	-3	1	-	NC_073268.2	11338540	11338789	ITGAE	XM_055101598.2	-	3	2	107	73	25	26	1	1	1	middle	middle	1.000	1.000	constitutive	constitutive	63	107	1
NC_073268.2	11507271	11507571	-3	1	-	NC_073268.2	11507272	11507565	P2RX1	XM_003810222.6	-	3	2	6	1	11	12	1	1	1	middle	last	1.000	1.000	constitutive	constitutive	101	62	1
NC_073268.2	11551768	11552785	-2	1	-	NC_073268.2	11551823	11552716	ATP2A3	XM_055101087.2	-	2	2	69	55	13	14	4	4	4	middle	middle	1.000	1.000	constitutive	constitutive	218	335	4
NC_073268.2	11562087	11562921	-3	1	-	NC_073268.2	11562282	11562714	ATP2A3	XM_055101087.2	-	3	2	207	195	4	5	4	4	4	middle	middle	1.000	1.000	constitutive	constitutive	104	138	4
NC_073268.2	12149542	12150307	2	1	+	NC_073268.2	12149644	12150085	SPNS2	XM_008962620.5	+	2	2	102	222	7	8	4	4	4	middle	middle	1.000	1.000	constitutive	constitutive	152	189	4
NC_073268.2	12162032	12162596	-1	1	-	NC_073268.2	12162189	12162545	MYBBP1A	XM_003810217.5	-	1	2	51	157	14	15	2	2	2	middle	middle	1.000	1.000	constitutive	constitutive	96	151	2
NC_073268.2	12337763	12338042	3	1	+	NC_073268.2	12337785	12338041	ARRB2	XM_008962573.4	+	3	2	22	1	12	13	7	1	1	middle	middle	0.143	0.143	unique	unique	83	79	1
NC_073268.2	12361603	12362116	2	1	+	NC_073268.2	12361725	12362002	ZMYND15	XM_034941328.3	+	2	2	122	114	9	10	4	4	4	middle	middle	1.000	1.000	constitutive	constitutive	88	98	4
NC_073268.2	12415723	12416911	2	1	+	NC_073268.2	12416414	12416755	PLD2	XM_034941340.3	+	2	2	691	156	1	2	2	1	1	first	middle	0.500	0.500	unique	unique	108	130	1
NC_073268.2	12418320	12418671	1	1	+	NC_073268.2	12418332	12418670	PLD2	XM_034941340.3	+	1	2	12	1	7	8	2	2	2	middle	middle	1.000	1.000	constitutive	constitutive	92	152	2
NC_073268.2	12502338	12502824	1	1	+	NC_073268.2	12502339	12502798	MINK1	XM_024926122.5	+	1	2	1	26	25	26	39	39	39	middle	middle	1.000	1.000	constitutive	constitutive	137	108	39
NC_073268.2	12503411	12504047	3	1	+	NC_073268.2	12503515	12504006	MINK1	XM_024926122.5	+	3	2	104	41	28	29	39	39	39	middle	middle	1.000	1.000	constitutive	constitutive	143	134	39
NC_073268.2	12504341	12505034	3	1	+	NC_073268.2	12504369	12504989	MINK1	XM_024926122.5	+	3	2	28	45	31	33	39	39	39	middle	middle	1.000	1.000	constitutive	constitutive	149	139	39
NC_073268.2	12507033	12507573	-3	1	-	NC_073268.2	12507178	12507555	CHRNE	XM_034941344.3	-	3	2	18	145	11	12	1	1	1	middle	middle	1.000	1.000	constitutive	constitutive	186	106	1
NC_073268.2	12563091	12563421	1	1	+	NC_073268.2	12563126	12563416	ENO3	XM_003810178.7	+	1	2	35	5	3	4	6	6	6	middle	middle	1.000	1.000	constitutive	constitutive	58	69	6
NC_073268.2	12578699	12578948	-1	1	-	NC_073268.2	12578700	12578922	CAMTA2	XM_034941362.3	-	1	2	26	1	21	22	8	8	8	middle	last	1.000	1.000	constitutive	constitutive	74	60	8
NC_073268.2	12614169	12614508	1	1	+	NC_073268.2	12614254	12614476	KIF1C	XM_003810177.6	+	1	2	85	32	8	9	2	2	2	middle	middle	1.000	1.000	constitutive	constitutive	65	75	2
NC_073268.2	12740328	12740664	1	1	+	NC_073268.2	12740347	12740663	USP6	XM_055101784.2	+	1	2	19	1	1	2	1	1	1	first	middle	1.000	1.000	constitutive	constitutive	71	82	1
NC_073268.2	14492266	14492812	2	1	+	NC_073268.2	14492380	14492749	LOC100993999	XM_055101414.2	+	2	2	114	63	11	12	1	1	1	middle	middle	1.000	1.000	constitutive	constitutive	99	167	1
NC_073268.2	14608435	14608846	2	1	+	NC_073268.2	14608475	14608773	C19H17orf49	XM_003810127.5	+	2	2	40	73	1	2	8	7	7	first	middle	0.875	0.875	alternative	alternative	20	94	7
NC_073268.2	14766257	14767346	-1	1	-	NC_073268.2	14766837	14767159	ASGR1	XM_003810110.8	-	1	2	187	580	5	6	3	3	3	middle	middle	1.000	1.000	constitutive	constitutive	86	151	3
NC_073268.2	14795958	14796492	-3	1	-	NC_073268.2	14796010	14796418	DLG4	XM_034941404.3	-	3	2	74	52	3	4	5	5	5	middle	middle	1.000	1.000	constitutive	constitutive	169	136	5
NC_073268.2	14876912	14877674	3	1	+	NC_073268.2	14876943	14877343	SLC2A4	XM_003810103.5	+	3	2	31	331	2	3	1	1	1	middle	middle	1.000	1.000	constitutive	constitutive	116	172	1
NC_073268.2	14908081	14908531	2	1	+	NC_073268.2	14908244	14908531	EIF5A	XM_003810099.5	+	2	2	163	0	4	5	9	3	3	middle	last	0.333	0.333	alternative	alternative	131	59	3
NC_073268.2	14914095	14914959	-3	1	-	NC_073268.2	14914097	14914465	NEURL4	XM_014341925.4	-	3	2	494	2	27	28	2	2	2	middle	middle	1.000	1.000	constitutive	constitutive	112	165	2
NC_073268.2	14923038	14923536	-3	1	-	NC_073268.2	14923129	14923422	NEURL4	XM_014341925.4	-	3	2	114	91	5	6	2	2	2	middle	middle	1.000	1.000	constitutive	constitutive	111	88	2
NC_073268.2	14980469	14981228	3	1	+	NC_073268.2	14980683	14981227	TNK1	XM_034941421.3	+	3	2	214	1	4	5	2	2	2	middle	middle	1.000	1.000	constitutive	constitutive	155	283	2
NC_073268.2	14985686	14985971	3	1	+	NC_073268.2	14985766	14985971	TNK1	XM_055102299.2	+	3	2	80	0	10	11	2	1	1	middle	last	0.500	0.500	unique	unique	95	22	1
NC_073268.2	14985744	14986059	1	1	+	NC_073268.2	14985766	14986059	TNK1	XM_034941421.3	+	1	2	22	0	11	12	2	1	1	middle	last	0.500	0.500	unique	unique	95	110	1
NC_073268.2	15091445	15092426	3	1	+	NC_073268.2	15091536	15092141	POLR2A	XM_008962447.5	+	3	2	91	285	4	5	1	1	1	middle	middle	1.000	1.000	constitutive	constitutive	173	281	1
NC_073268.2	15107234	15107774	3	1	+	NC_073268.2	15107337	15107769	POLR2A	XM_008962447.5	+	3	2	103	5	26	27	1	1	1	middle	middle	1.000	1.000	constitutive	constitutive	186	113	1
NC_073268.2	15160297	15160804	2	1	+	NC_073268.2	15160465	15160789	SENP3	XM_008962443.4	+	2	2	168	15	4	5	1	1	1	middle	middle	1.000	1.000	constitutive	constitutive	147	47	1
NC_073268.2	15172232	15172616	3	1	+	NC_073268.2	15172254	15172601	EIF4A1	XM_008962442.4	+	3	2	22	15	8	9	1	1	1	middle	middle	1.000	1.000	constitutive	constitutive	137	89	1
NC_073268.2	15364606	15364975	2	1	+	NC_073268.2	15364607	15364974	DNAH2	XM_055101998.2	+	2	2	1	1	24	25	2	2	2	middle	middle	1.000	1.000	constitutive	constitutive	161	103	2
NC_073268.2	15403821	15404634	1	1	+	NC_073268.2	15403898	15404334	DNAH2	XM_055101998.2	+	1	2	77	300	63	64	2	2	2	middle	middle	1.000	1.000	constitutive	constitutive	169	116	2
NC_073268.2	15420614	15421295	3	1	+	NC_073268.2	15420631	15421101	DNAH2	XM_055101998.2	+	3	2	17	194	76	77	2	2	2	middle	middle	1.000	1.000	constitutive	constitutive	148	183	2
NC_073268.2	15427878	15428343	1	1	+	NC_073268.2	15427887	15428342	DNAH2	XM_055101998.2	+	1	2	9	1	81	82	2	2	2	middle	middle	1.000	1.000	constitutive	constitutive	228	151	2
NC_073268.2	15443938	15444622	2	1	+	NC_073268.2	15444082	15444496	KDM6B	XM_055102001.2	+	2	2	144	126	3	4	9	9	9	middle	middle	1.000	1.000	constitutive	constitutive	219	92	9
NC_073268.2	15449315	15449609	3	1	+	NC_073268.2	15449346	15449566	KDM6B	XM_055102001.2	+	3	2	31	43	12	13	9	9	9	middle	middle	1.000	1.000	constitutive	constitutive	64	71	9
NC_073268.2	15505023	15505626	1	1	+	NC_073268.2	15505232	15505594	CHD3	XM_008962425.6	+	1	2	209	32	31	32	14	14	14	middle	middle	1.000	1.000	constitutive	constitutive	121	135	14
NC_073268.2	15506406	15506964	1	1	+	NC_073268.2	15506507	15506934	CHD3	XM_008962425.6	+	1	2	101	30	35	36	14	14	14	middle	middle	1.000	1.000	constitutive	constitutive	108	132	14
NC_073268.2	15608776	15609511	2	1	+	NC_073268.2	15608882	15609344	GUCY2D	XM_055102017.2	+	2	2	106	167	8	9	1	1	1	middle	middle	1.000	1.000	constitutive	constitutive	206	156	1
NC_073268.2	17122465	17122831	-2	1	-	NC_073268.2	17122466	17122802	CDK5RAP3	XM_003827484.6	-	2	2	29	1	13	14	3	3	3	middle	last	1.000	1.000	constitutive	constitutive	171	62	3
NC_073268.2	17294431	17294884	2	1	+	NC_073268.2	17294518	17294884	OSBPL7	XM_003827477.5	+	2	2	87	0	21	22	1	1	1	middle	last	1.000	1.000	constitutive	constitutive	122	105	1
NC_073268.2	18505163	18507830	-1	1	-	NC_073268.2	18505165	18507776	LRRC37A	XM_063598978.1	-	1	2	54	2	1	3	1	1	1	first	middle	1.000	1.000	constitutive	constitutive	50	2503	1
NC_073268.2	19432941	19433367	1	1	+	NC_073268.2	19432960	19433196	ARHGAP27	XM_008954878.4	+	1	2	19	171	4	5	10	10	10	middle	middle	1.000	1.000	constitutive	constitutive	80	83	10
NC_073268.2	19918640	19919318	3	1	+	NC_073268.2	19918832	19919192	GFAP	XM_003806514.5	+	3	2	192	126	2	3	3	3	3	middle	middle	1.000	1.000	constitutive	constitutive	60	95	3
NC_073268.2	20061564	20062635	-3	1	-	NC_073268.2	20061681	20062258	ADAM11	XM_034941677.3	-	3	2	377	117	6	7	4	3	3	middle	middle	0.750	0.750	alternative	alternative	75	66	3
NC_073268.2	20086477	20086975	-2	1	-	NC_073268.2	20086479	20086910	DBF4B	XM_008954550.4	-	2	2	65	2	11	12	7	7	7	middle	middle	1.000	1.000	constitutive	constitutive	108	124	7
NC_073268.2	20524417	20525131	2	1	+	NC_073268.2	20524490	20525042	ITGA2B	XM_003805878.5	+	2	2	73	89	4	6	1	1	1	middle	middle	1.000	1.000	constitutive	constitutive	165	45	1
NC_073268.2	20524659	20525547	1	1	+	NC_073268.2	20524871	20525263	ITGA2B	XM_003805878.5	+	1	2	212	284	5	7	1	1	1	middle	middle	1.000	1.000	constitutive	constitutive	49	128	1
NC_073268.2	20534932	20535697	2	1	+	NC_073268.2	20535107	20535559	ITGA2B	XM_003805878.5	+	2	2	175	138	27	28	1	1	1	middle	middle	1.000	1.000	constitutive	constitutive	113	101	1
NC_073268.2	20560354	20561065	-2	1	-	NC_073268.2	20560640	20561026	GRN	XM_003805876.5	-	2	2	39	286	1	2	2	2	2	first	middle	1.000	1.000	constitutive	constitutive	137	125	2
NC_073268.2	20597259	20598000	-3	1	-	NC_073268.2	20597324	20597723	RUNDC3A	XM_034941713.3	-	3	2	277	65	3	4	5	2	5	middle	middle	0.400	1.000	alternative	constitutive	148	85	2
NC_073268.2	20597259	20598000	-3	1	-	NC_073268.2	20597324	20597711	RUNDC3A	XM_034941714.3	-	3	2	289	65	3	4	5	1	5	middle	middle	0.200	1.000	unique	constitutive	136	85	1
NC_073268.2	20597259	20598000	-3	1	-	NC_073268.2	20597324	20597708	RUNDC3A	XM_034941715.3	-	3	2	292	65	3	4	5	2	5	middle	middle	0.400	1.000	alternative	constitutive	133	85	2
NC_073268.2	20700611	20701028	3	1	+	NC_073268.2	20700702	20700914	UBTF	XM_034941719.3	+	3	2	91	114	17	18	13	13	13	middle	middle	1.000	1.000	constitutive	constitutive	47	71	13
NC_073268.2	20700918	20701377	1	1	+	NC_073268.2	20701015	20701377	UBTF	XM_034941719.3	+	1	2	97	0	19	20	13	13	13	middle	last	1.000	1.000	constitutive	constitutive	143	122	13
NC_073268.2	20814736	20815234	2	1	+	NC_073268.2	20814759	20815114	HDAC5	XM_034941746.3	+	2	2	23	120	7	8	25	17	25	middle	middle	0.680	1.000	alternative	constitutive	146	112	17
NC_073268.2	20814736	20815234	2	1	+	NC_073268.2	20814759	20815114	HDAC5	XM_034941751.3	+	2	2	23	120	7	8	25	8	25	middle	middle	0.320	1.000	alternative	constitutive	131	112	8
NC_073268.2	20831515	20832070	-2	1	-	NC_073268.2	20831516	20831912	G6PC3	XM_024926066.4	-	2	2	158	1	4	5	4	1	1	middle	last	0.250	0.250	unique	unique	141	26	1
NC_073268.2	21024376	21025027	2	1	+	NC_073268.2	21024413	21024758	MPP2	XM_003828177.6	+	2	2	37	269	6	7	9	9	9	middle	middle	1.000	1.000	constitutive	constitutive	131	105	9
NC_073268.2	21093720	21094257	1	1	+	NC_073268.2	21093845	21094195	MPP3	XM_003828172.5	+	1	2	125	62	13	14	2	2	2	middle	middle	1.000	1.000	constitutive	constitutive	164	80	2
NC_073268.2	21973588	21974068	2	1	+	NC_073268.2	21973650	21974015	VAT1	XM_008966518.6	+	2	2	62	53	3	4	1	1	1	middle	middle	1.000	1.000	constitutive	constitutive	170	89	1
NC_073268.2	21979070	21979448	-1	1	-	NC_073268.2	21979074	21979406	IFI35	XM_003813925.4	-	1	2	42	4	3	4	2	2	1	middle	middle	1.000	0.500	constitutive	unique	147	112	1
NC_073268.2	21979070	21979448	-1	1	-	NC_073268.2	21979080	21979406	IFI35	XM_008966517.4	-	1	2	42	10	3	4	2	2	1	middle	middle	1.000	0.500	constitutive	unique	147	106	1
NC_073268.2	22299609	22300134	-3	1	-	NC_073268.2	22299648	22300077	CNTNAP1	XM_003813902.5	-	3	2	57	39	4	5	2	2	2	middle	middle	1.000	1.000	constitutive	constitutive	147	203	2
NC_073268.2	22310964	22311474	1	1	+	NC_073268.2	22311006	22311376	PLEKHH3	XM_003813901.5	+	1	2	42	98	3	4	6	6	6	middle	middle	1.000	1.000	constitutive	constitutive	79	191	6
NC_073268.2	22318727	22319510	-1	1	-	NC_073268.2	22318770	22319333	TUBG2	XM_003813893.5	-	1	2	177	43	9	10	2	2	2	middle	middle	1.000	1.000	constitutive	constitutive	149	152	2
NC_073268.2	22370449	22371136	-2	1	-	NC_073268.2	22370492	22371055	TUBG1	XM_003813891.6	-	2	2	81	43	8	9	1	1	1	middle	middle	1.000	1.000	constitutive	constitutive	149	152	1
NC_073268.2	22419403	22420081	-2	1	-	NC_073268.2	22419545	22419883	COASY	XM_008966496.4	-	2	2	198	142	5	6	2	2	2	middle	middle	1.000	1.000	constitutive	constitutive	189	64	2
NC_073268.2	22419960	22420761	-3	1	-	NC_073268.2	22420015	22420631	COASY	XM_008966496.4	-	3	2	130	55	3	4	2	2	2	middle	middle	1.000	1.000	constitutive	constitutive	214	131	2
NC_073268.2	22655373	22655658	1	1	+	NC_073268.2	22655379	22655616	STAT3	XM_003813876.7	+	1	2	6	42	12	13	8	8	8	middle	middle	1.000	1.000	constitutive	constitutive	93	47	8
NC_073268.2	22819817	22820522	3	1	+	NC_073268.2	22819959	22820521	KCNH4	XM_034941840.3	+	3	2	142	1	12	13	2	2	2	middle	middle	1.000	1.000	constitutive	constitutive	38	352	2
NC_073268.2	22875698	22876571	3	1	+	NC_073268.2	22875915	22876419	DHX58	XM_008966476.6	+	3	2	217	152	5	6	6	6	6	middle	middle	1.000	1.000	constitutive	constitutive	126	191	6
NC_073268.2	23249421	23249892	1	1	+	NC_073268.2	23249440	23249891	HAP1	XM_003813839.4	+	1	2	19	1	3	4	11	8	11	middle	middle	0.727	1.000	alternative	constitutive	167	172	8
NC_073268.2	23249421	23249892	1	1	+	NC_073268.2	23249491	23249891	HAP1	XM_034941887.3	+	1	2	70	1	3	4	11	3	11	middle	middle	0.273	1.000	alternative	constitutive	116	172	3
NC_073268.2	23546150	23546702	3	1	+	NC_073268.2	23546172	23546695	KRT38	XM_003813830.5	+	3	2	22	7	5	6	1	1	1	middle	middle	1.000	1.000	constitutive	constitutive	125	220	1
NC_073268.2	23767144	23767723	2	1	+	NC_073268.2	23767229	23767723	LOC100980510	XM_063598623.1	+	2	2	85	0	1	2	2	2	1	first	last	1.000	0.500	constitutive	unique	238	207	1
NC_073268.2	23767144	23767723	2	1	+	NC_073268.2	23767229	23767723	LOC100980510	XM_063598624.1	+	2	2	85	0	1	2	2	2	1	first	last	1.000	0.500	constitutive	unique	238	150	1
NC_073268.2	24088690	24089275	2	1	+	NC_073268.2	24088787	24089274	KRT12	XM_003831407.5	+	2	2	97	1	5	6	1	1	1	middle	middle	1.000	1.000	constitutive	constitutive	125	220	1
NC_073268.2	24172720	24173170	2	1	+	NC_073268.2	24172736	24173095	KRT27	XM_003831409.5	+	2	2	16	75	4	5	2	2	2	middle	middle	1.000	1.000	constitutive	constitutive	161	125	2
NC_073268.2	24182464	24182851	2	1	+	NC_073268.2	24182465	24182833	KRT26	XM_003831412.5	+	2	2	1	18	4	5	2	2	2	middle	middle	1.000	1.000	constitutive	constitutive	161	125	2
NC_073268.2	24472477	24472921	2	1	+	NC_073268.2	24472539	24472826	TNS4	XM_003831419.6	+	2	2	62	95	6	7	1	1	1	middle	middle	1.000	1.000	constitutive	constitutive	92	77	1
NC_073268.2	24764408	24764765	-1	1	-	NC_073268.2	24764418	24764746	RAPGEFL1	XM_008956769.5	-	1	2	19	10	7	8	2	2	2	middle	middle	1.000	1.000	constitutive	constitutive	97	122	2
NC_073268.2	24933773	24935006	3	1	+	NC_073268.2	24934384	24934952	MED24	XM_003831426.6	+	3	2	611	54	23	24	15	8	15	middle	middle	0.533	1.000	alternative	constitutive	80	148	8
NC_073268.2	24933773	24935006	3	1	+	NC_073268.2	24934387	24934952	MED24	XM_055101068.2	+	3	2	614	54	24	25	15	7	15	middle	middle	0.467	1.000	alternative	constitutive	77	148	7
NC_073268.2	25210173	25210821	-3	1	-	NC_073268.2	25210243	25210680	GRB7	XM_003831448.5	-	3	2	141	70	8	9	4	4	4	middle	middle	1.000	1.000	constitutive	constitutive	98	80	4
NC_073268.2	25245060	25246611	-3	1	-	NC_073268.2	25245117	25246280	ERBB2	XM_003831452.5	-	3	4	331	57	4	7	7	6	7	middle	middle	0.857	1.000	alternative	constitutive	134	141	6
NC_073268.2	25245060	25246611	-3	1	-	NC_073268.2	25245117	25245768	ERBB2	XM_063598666.1	-	3	3	843	57	1	3	7	1	7	first	middle	0.143	1.000	unique	constitutive	51	141	1
NC_073268.2	26210898	26211600	1	1	+	NC_073268.2	26210927	26211541	PCGF2	XM_008962138.4	+	1	2	29	59	2	4	3	3	3	middle	middle	1.000	1.000	constitutive	constitutive	96	50	3
NC_073268.2	26211680	26212289	3	1	+	NC_073268.2	26211748	26212256	PCGF2	XM_008962138.4	+	3	2	68	33	5	7	3	3	3	middle	middle	1.000	1.000	constitutive	constitutive	108	95	3
NC_073268.2	26229758	26230337	-1	1	-	NC_073268.2	26229864	26230240	MLLT6	XM_034941981.4	-	1	2	97	106	15	16	2	2	2	middle	middle	1.000	1.000	constitutive	constitutive	197	88	2
NC_073268.2	26803505	26803844	3	1	+	NC_073268.2	26803524	26803843	LOC117976500	XM_055100891.2	+	3	2	19	1	1	2	4	4	4	first	middle	1.000	1.000	constitutive	constitutive	71	85	4
NC_073268.2	27657392	27663848	3	1	+	NC_073268.2	27661827	27663599	LOC134729475	XM_063598830.1	+	3	2	4435	249	1	2	1	1	1	first	middle	1.000	1.000	constitutive	constitutive	649	471	1
NC_073268.2	27816189	27817095	-3	1	-	NC_073268.2	27816460	27817057	LHX1	XM_003817955.7	-	3	2	38	271	2	3	1	1	1	middle	middle	1.000	1.000	constitutive	constitutive	226	277	1
NC_073268.2	28247164	28247617	2	1	+	NC_073268.2	28247264	28247560	MYO19	XM_003817958.6	+	2	2	100	57	8	9	8	8	8	middle	middle	1.000	1.000	constitutive	constitutive	96	76	8
NC_073268.2	32378939	32380709	3	1	+	NC_073268.2	32379030	32380708	LRRC37B	XM_034943239.3	+	3	2	91	1	1	3	1	1	1	first	middle	1.000	1.000	constitutive	constitutive	14	1606	1
NC_073268.2	33597859	33599089	-2	1	-	NC_073268.2	33597950	33599005	ADAP2	XM_003811973.6	-	2	2	84	91	1	2	6	5	5	first	middle	0.833	0.833	alternative	alternative	93	130	5
NC_073268.2	33898724	33900494	-1	1	-	NC_073268.2	33898726	33900440	LOC117974342	XM_034942132.4	-	1	2	54	2	1	3	1	1	1	first	middle	1.000	1.000	constitutive	constitutive	50	1606	1
NC_073268.2	34839064	34839706	2	1	+	NC_073268.2	34839284	34839624	CORO6	XM_003812710.5	+	2	2	220	82	6	7	11	11	11	middle	middle	1.000	1.000	constitutive	constitutive	104	145	11
NC_073268.2	34839972	34840590	1	1	+	NC_073268.2	34839990	34840590	CORO6	XM_003812710.5	+	1	3	18	0	8	10	11	11	4	middle	last	1.000	0.364	constitutive	alternative	57	122	4
NC_073268.2	34839972	34840590	1	1	+	NC_073268.2	34839990	34840590	CORO6	XM_008965153.5	+	1	3	18	0	8	10	11	11	7	middle	last	1.000	0.636	constitutive	alternative	57	119	7
NC_073268.2	34880431	34880779	2	1	+	NC_073268.2	34880510	34880778	GIT1	XM_034942155.4	+	2	2	79	1	17	18	2	2	2	middle	middle	1.000	1.000	constitutive	constitutive	86	73	2
NC_073268.2	35335592	35336210	3	1	+	NC_073268.2	35335639	35336045	MYO18A	XM_014342108.4	+	3	2	47	165	3	4	20	20	20	middle	middle	1.000	1.000	constitutive	constitutive	106	176	20
NC_073268.2	35574961	35575657	2	1	+	NC_073268.2	35574989	35575321	FLOT2	XM_003812696.6	+	2	2	28	336	6	7	3	3	3	middle	middle	1.000	1.000	constitutive	constitutive	113	119	3
NC_073268.2	35733709	35734078	2	1	+	NC_073268.2	35733760	35734012	TLCD1	XM_003812688.4	+	2	2	51	66	2	3	2	2	2	middle	middle	1.000	1.000	constitutive	constitutive	82	82	2
NC_073268.2	35744034	35744472	1	1	+	NC_073268.2	35744124	35744368	RAB34	XM_003812684.7	+	1	2	90	104	8	9	12	9	11	middle	middle	0.750	0.917	alternative	alternative	81	90	8
NC_073268.2	35744034	35744472	1	1	+	NC_073268.2	35744124	35744368	RAB34	XM_003812687.7	+	1	2	90	104	8	9	12	3	11	middle	middle	0.250	0.917	alternative	alternative	57	90	3
NC_073268.2	35744034	35744472	1	1	+	NC_073268.2	35744124	35744337	RAB34	XM_008965117.6	+	1	2	90	135	8	9	12	9	1	middle	middle	0.750	0.083	alternative	unique	81	59	1
NC_073268.2	35827768	35828353	2	1	+	NC_073268.2	35827874	35828314	BLTP2	XM_008965099.6	+	2	2	106	39	18	19	3	3	2	middle	middle	1.000	0.667	constitutive	alternative	99	202	2
NC_073268.2	35827768	35828353	2	1	+	NC_073268.2	35827874	35828314	BLTP2	XM_063598701.1	+	2	2	106	39	22	23	3	3	1	middle	middle	1.000	0.333	constitutive	unique	99	199	1
NC_073268.2	35886032	35886701	3	1	+	NC_073268.2	35886081	35886587	ALDOC	XM_003812674.5	+	3	2	49	114	6	7	2	2	2	middle	middle	1.000	1.000	constitutive	constitutive	174	199	2
NC_073268.2	36088615	36089434	2	1	+	NC_073268.2	36088632	36089389	VTN	XM_003812661.6	+	2	3	17	45	2	4	1	1	1	middle	middle	1.000	1.000	constitutive	constitutive	119	139	1
NC_073268.2	36678153	36678597	1	1	+	NC_073268.2	36678186	36678596	NOS2	XM_034942227.4	+	1	2	33	1	7	8	2	2	2	middle	middle	1.000	1.000	constitutive	constitutive	141	139	2
NC_073268.2	52331465	52333274	-1	1	-	NC_073268.2	52331720	52333120	SREBF1	XM_003808781.5	-	1	2	154	255	9	12	7	7	7	middle	middle	1.000	1.000	constitutive	constitutive	178	168	7
NC_073268.2	53018976	53019708	1	1	+	NC_073268.2	53019136	53019597	FLII	XM_034942285.3	+	1	2	160	111	22	23	4	4	4	middle	middle	1.000	1.000	constitutive	constitutive	139	237	4
NC_073268.2	53020662	53021058	1	1	+	NC_073268.2	53020780	53021058	FLII	XM_034942285.3	+	1	2	118	0	29	30	4	4	4	middle	last	1.000	1.000	constitutive	constitutive	65	131	4
NC_073268.2	53108034	53108460	-3	1	-	NC_073268.2	53108036	53108447	LOC100971960	XM_034942284.3	-	3	2	13	2	53	54	2	2	2	middle	middle	1.000	1.000	constitutive	constitutive	73	82	2
NC_073268.2	53110781	53111156	-1	1	-	NC_073268.2	53110823	53111099	LOC100971960	XM_034942284.3	-	1	2	57	42	47	48	2	2	2	middle	middle	1.000	1.000	constitutive	constitutive	111	74	2
NC_073268.2	53239308	53239587	1	1	+	NC_073268.2	53239327	53239586	LOC129394456	XM_055101810.2	+	1	2	19	1	1	2	1	1	1	first	middle	1.000	1.000	constitutive	constitutive	14	82	1
NC_073268.2	54567406	54568024	2	1	+	NC_073268.2	54567691	54568007	SLC47A1	XM_003807275.6	+	2	2	285	17	8	9	4	4	4	middle	middle	1.000	1.000	constitutive	constitutive	97	113	4
NC_073268.2	54728763	54729138	-3	1	-	NC_073268.2	54728764	54728993	ALDH3A1	XM_003807282.6	-	3	2	145	1	9	10	6	6	6	middle	last	1.000	1.000	constitutive	constitutive	130	11	6
NC_073268.2	60746519	60746873	3	1	+	NC_073268.2	60746555	60746860	ELAC2	XM_003829381.5	+	3	2	36	13	13	14	5	5	3	middle	middle	1.000	0.600	constitutive	alternative	138	85	3
NC_073268.2	60746519	60746873	3	1	+	NC_073268.2	60746555	60746860	ELAC2	XM_008954748.5	+	3	2	36	13	13	14	5	5	2	middle	middle	1.000	0.400	constitutive	alternative	138	82	2
NC_073268.2	60754003	60754369	2	1	+	NC_073268.2	60754066	60754364	ELAC2	XM_003829381.5	+	2	2	63	5	20	21	5	5	5	middle	middle	1.000	1.000	constitutive	constitutive	99	120	5
NC_073268.2	63107491	63108121	2	1	+	NC_073268.2	63107492	63108071	MYH3	XM_063598738.1	+	2	2	1	50	13	14	1	1	1	middle	middle	1.000	1.000	constitutive	constitutive	170	306	1
NC_073268.2	63342390	63342756	1	1	+	NC_073268.2	63342399	63342755	LOC103782669	XM_008971340.5	+	1	2	9	1	18	19	4	4	4	middle	middle	1.000	1.000	constitutive	constitutive	123	136	4
NC_073268.2	64911430	64912048	2	1	+	NC_073268.2	64911671	64912047	PIK3R6	XM_055100894.1	+	2	2	241	1	6	7	1	1	1	middle	middle	1.000	1.000	constitutive	constitutive	132	69	1
NC_073268.2	65435517	65435859	-3	1	-	NC_073268.2	65435519	65435859	ARHGEF15	XM_003818067.5	-	3	2	0	2	10	11	4	4	4	middle	middle	1.000	1.000	constitutive	constitutive	92	160	4
NC_073268.2	65438528	65439023	-1	1	-	NC_073268.2	65438530	65439023	ARHGEF15	XM_003818067.5	-	1	2	0	2	6	7	4	4	4	middle	middle	1.000	1.000	constitutive	constitutive	160	152	4
NC_073268.2	65440888	65441599	-2	1	-	NC_073268.2	65440893	65441526	ARHGEF15	XM_003818067.5	-	2	2	73	5	2	3	4	4	4	middle	middle	1.000	1.000	constitutive	constitutive	332	54	4
NC_073268.2	65488851	65489727	-3	1	-	NC_073268.2	65488965	65489709	PFAS	XM_003818063.7	-	3	3	18	114	17	19	2	2	2	middle	middle	1.000	1.000	constitutive	constitutive	230	83	2
NC_073268.2	65489869	65490412	-2	1	-	NC_073268.2	65490023	65490412	PFAS	XM_003818063.7	-	2	2	0	154	15	16	2	2	2	middle	middle	1.000	1.000	constitutive	constitutive	125	131	2
NC_073268.2	65520924	65521707	1	1	+	NC_073268.2	65521092	65521593	CTC1	XM_008971319.6	+	1	2	168	114	13	14	4	4	4	middle	middle	1.000	1.000	constitutive	constitutive	324	89	4
NC_073268.2	65713549	65714074	-2	1	-	NC_073268.2	65713657	65714065	LOC100971127	XM_003818047.5	-	2	2	9	108	1	2	1	1	1	first	middle	1.000	1.000	constitutive	constitutive	146	177	1
NC_073268.2	66263978	66264614	3	1	+	NC_073268.2	66264099	66264451	ITGA3	XM_003817468.7	+	3	2	121	163	13	14	3	3	3	middle	middle	1.000	1.000	constitutive	constitutive	149	97	3
NC_073268.2	66387607	66388180	-2	1	-	NC_073268.2	66387893	66388120	COL1A1	XM_003817459.5	-	2	2	60	286	4	5	2	2	2	middle	middle	1.000	1.000	constitutive	constitutive	35	101	2
NC_073268.2	66467432	66468149	3	1	+	NC_073268.2	66467645	66468149	TMEM92	XM_003817457.5	+	3	2	213	0	4	5	6	6	6	middle	last	1.000	1.000	constitutive	constitutive	195	110	6
NC_073268.2	66547530	66548088	1	1	+	NC_073268.2	66547578	66548058	XYLT2	XM_034942438.3	+	1	2	48	30	6	7	1	1	1	middle	middle	1.000	1.000	constitutive	constitutive	216	176	1
NC_073268.2	66653985	66654561	1	1	+	NC_073268.2	66654052	66654453	ACSF2	XM_003817448.7	+	1	2	67	108	5	6	1	1	1	middle	middle	1.000	1.000	constitutive	constitutive	118	165	1
NC_073268.2	66712766	66713111	3	1	+	NC_073268.2	66712789	66713110	MYCBPAP	XM_003817444.5	+	3	2	23	1	8	9	18	18	18	middle	middle	1.000	1.000	constitutive	constitutive	115	115	18
NC_073268.2	66739932	66740745	1	1	+	NC_073268.2	66740027	66740704	SPATA20	XM_003817440.3	+	1	3	95	41	3	5	4	4	4	middle	middle	1.000	1.000	constitutive	constitutive	154	201	4
NC_073268.2	74481457	74482489	-2	1	-	NC_073268.2	74481686	74482387	TSPOAP1	XM_003817380.5	-	2	2	102	229	19	20	13	13	13	middle	middle	1.000	1.000	constitutive	constitutive	377	239	13
NC_073268.2	76175086	76175425	-2	1	-	NC_073268.2	76175088	76175407	LOC117976570	XM_034942622.3	-	2	2	18	2	1	2	2	2	2	first	middle	1.000	1.000	constitutive	constitutive	71	85	2
NC_073268.2	76286392	76286731	2	1	+	NC_073268.2	76286411	76286730	LOC117976571	XM_055101670.2	+	2	2	19	1	1	2	3	3	3	first	middle	1.000	1.000	constitutive	constitutive	71	85	3
NC_073268.2	78440124	78440463	-3	1	-	NC_073268.2	78440126	78440445	LOC117976578	XM_034942644.4	-	3	2	18	2	1	2	3	3	3	first	middle	1.000	1.000	constitutive	constitutive	71	85	3
NC_073268.2	78836192	78836810	3	1	+	NC_073268.2	78836195	78836703	MRC2	XM_003811320.6	+	3	2	3	107	14	15	1	1	1	middle	middle	1.000	1.000	constitutive	constitutive	102	138	1
NC_073268.2	79648185	79649550	1	1	+	NC_073268.2	79648765	79649537	ACE	XM_055102202.2	+	1	2	580	13	1	2	6	1	1	first	middle	0.167	0.167	unique	unique	13	167	1
NC_073268.2	79657782	79658517	1	1	+	NC_073268.2	79657987	79658497	ACE	XM_008963751.5	+	1	2	205	20	3	4	6	6	6	middle	middle	1.000	1.000	constitutive	constitutive	158	87	6
NC_073268.2	79996817	79997267	-1	1	-	NC_073268.2	79996874	79997267	FTSJ3	XM_003811336.6	-	1	2	0	57	5	6	1	1	1	middle	middle	1.000	1.000	constitutive	constitutive	99	194	1
NC_073268.2	80001752	80002280	3	1	+	NC_073268.2	80001753	80002121	PSMC5	XM_003811342.6	+	3	2	1	159	4	5	2	2	2	middle	middle	1.000	1.000	constitutive	constitutive	56	230	2
NC_073268.2	80005532	80005976	-1	1	-	NC_073268.2	80005534	80005955	SMARCD2	XM_003811339.8	-	1	2	21	2	8	9	3	3	3	middle	middle	1.000	1.000	constitutive	constitutive	161	97	3
NC_073268.2	80006037	80006484	-3	1	-	NC_073268.2	80006101	80006427	SMARCD2	XM_003811339.8	-	3	2	57	64	6	7	3	3	3	middle	middle	1.000	1.000	constitutive	constitutive	95	101	3
NC_073268.2	80127737	80128484	-1	1	-	NC_073268.2	80127753	80128385	SCN4A	XM_055102143.2	-	1	2	99	16	19	20	1	1	1	middle	middle	1.000	1.000	constitutive	constitutive	278	53	1
NC_073268.2	80692641	80693013	-3	1	-	NC_073268.2	80692666	80693001	DDX5	XM_003811368.6	-	3	2	12	25	3	4	2	2	2	middle	middle	1.000	1.000	constitutive	constitutive	96	133	2
NC_073268.2	83384167	83384452	-2	1	-	NC_073268.2	83384177	83384452	PSMD12	XM_003812357.6	-	2	2	0	10	2	3	1	1	1	middle	middle	1.000	1.000	constitutive	constitutive	59	128	1
NC_073268.2	89418535	89419351	-2	1	-	NC_073268.2	89418697	89419180	SDK2	XM_003813355.5	-	2	2	171	162	19	20	2	2	2	middle	middle	1.000	1.000	constitutive	constitutive	195	98	2
NC_073268.2	90234650	90234983	3	1	+	NC_073268.2	90234711	90234945	RPL38	XM_008965922.5	+	3	2	61	38	1	2	3	3	3	first	middle	1.000	1.000	constitutive	constitutive	2	60	3
NC_073268.2	9037431	9037917	-3	1	-	NC_073268.2	9037433	9037883	MYO1C	XM_003816837.6	-	3	2	34	2	29	30	4	4	4	middle	middle	1.000	1.000	constitutive	constitutive	70	97	4
NC_073268.2	90382162	90382927	2	1	+	NC_073268.2	90382289	90382762	KIF19	XM_034942817.3	+	2	2	127	165	13	14	5	5	5	middle	middle	1.000	1.000	constitutive	constitutive	270	121	5
NC_073268.2	9040143	9041253	-3	1	-	NC_073268.2	9040168	9040682	MYO1C	XM_003816837.6	-	3	2	571	25	22	24	4	4	4	middle	middle	1.000	1.000	constitutive	constitutive	68	159	4
NC_073268.2	9040552	9041548	-2	1	-	NC_073268.2	9041110	9041375	MYO1C	XM_003816837.6	-	2	2	173	558	20	21	4	4	4	middle	middle	1.000	1.000	constitutive	constitutive	113	76	4
NC_073268.2	9047858	9048566	-1	1	-	NC_073268.2	9047964	9048566	MYO1C	XM_003816837.6	-	1	2	0	106	11	13	4	4	4	middle	middle	1.000	1.000	constitutive	constitutive	82	80	4
NC_073268.2	90782453	90782669	3	1	+	NC_073268.2	90782457	90782668	RAB37	XM_003813331.4	+	3	2	4	1	7	8	4	4	4	middle	middle	1.000	1.000	constitutive	constitutive	56	76	4
NC_073268.2	90903309	90904080	-3	1	-	NC_073268.2	90903421	90903858	FDXR	XM_003813322.4	-	3	2	222	112	4	5	17	17	17	middle	middle	1.000	1.000	constitutive	constitutive	122	113	17
NC_073268.2	91532092	91532791	2	1	+	NC_073268.2	91532134	91532530	TMEM94	XM_003813288.5	+	2	2	42	261	7	8	49	48	48	middle	middle	0.980	0.980	alternative	alternative	102	86	48
NC_073268.2	91536323	91537073	3	1	+	NC_073268.2	91536355	91536780	TMEM94	XM_003813288.5	+	3	2	32	293	16	17	49	49	49	middle	middle	1.000	1.000	constitutive	constitutive	102	217	49
NC_073268.2	91537459	91538296	2	1	+	NC_073268.2	91537491	91538263	TMEM94	XM_003813288.5	+	2	3	32	33	18	20	49	40	49	middle	middle	0.816	1.000	alternative	constitutive	181	115	40
NC_073268.2	91537459	91538296	2	1	+	NC_073268.2	91537494	91538263	TMEM94	XM_008965859.4	+	2	3	35	33	18	20	49	9	49	middle	middle	0.184	1.000	alternative	constitutive	178	115	9
NC_073268.2	91540979	91541585	3	1	+	NC_073268.2	91541037	91541584	TMEM94	XM_003813288.5	+	3	3	58	1	27	29	49	49	27	middle	middle	1.000	0.551	constitutive	alternative	148	93	27
NC_073268.2	91540979	91541585	3	1	+	NC_073268.2	91541037	91541584	TMEM94	XM_008965858.4	+	3	2	58	1	27	28	49	49	22	middle	middle	1.000	0.449	constitutive	alternative	148	278	22
NC_073268.2	91546150	91546918	-2	1	-	NC_073268.2	91546255	91546828	CASKIN2	XM_034942880.4	-	2	2	90	105	14	16	4	4	4	middle	middle	1.000	1.000	constitutive	constitutive	110	138	4
NC_073268.2	91614326	91615019	3	1	+	NC_073268.2	91614487	91614884	LLGL2	XM_003813285.6	+	3	2	161	135	17	18	8	8	8	middle	middle	1.000	1.000	constitutive	constitutive	116	166	8
NC_073268.2	91771246	91771816	2	1	+	NC_073268.2	91771350	91771660	ITGB4	XM_024926018.4	+	2	2	104	156	3	4	6	6	6	middle	middle	1.000	1.000	constitutive	constitutive	82	101	6
NC_073268.2	91781443	91782112	2	1	+	NC_073268.2	91781460	91781782	ITGB4	XM_024926018.4	+	2	2	17	330	17	18	6	6	6	middle	middle	1.000	1.000	constitutive	constitutive	122	106	6
NC_073268.2	91879889	91880231	-1	1	-	NC_073268.2	91879891	91880135	UNC13D	XM_034942903.3	-	1	2	96	2	16	17	2	2	2	middle	middle	1.000	1.000	constitutive	constitutive	56	97	2
NC_073268.2	91883871	91884270	-3	1	-	NC_073268.2	91883920	91884231	UNC13D	XM_034942903.3	-	3	2	39	49	10	11	2	2	2	middle	middle	1.000	1.000	constitutive	constitutive	104	92	2
NC_073268.2	91886652	91887057	-3	1	-	NC_073268.2	91886760	91886976	UNC13D	XM_034942903.3	-	3	2	81	108	4	5	2	1	1	middle	middle	0.500	0.500	unique	unique	59	66	1
NC_073268.2	91918677	91919805	-3	1	-	NC_073268.2	91918678	91919666	TRIM47	XM_024926022.4	-	3	2	139	1	5	6	1	1	1	middle	last	1.000	1.000	constitutive	constitutive	74	637	1
NC_073268.2	91920064	91920826	-2	1	-	NC_073268.2	91920091	91920682	TRIM47	XM_024926022.4	-	2	2	144	27	3	4	1	1	1	middle	middle	1.000	1.000	constitutive	constitutive	230	198	1
NC_073268.2	91958831	91959569	-1	1	-	NC_073268.2	91958955	91959347	FBF1	XM_008965817.5	-	1	2	222	124	23	24	18	18	18	middle	middle	1.000	1.000	constitutive	constitutive	122	185	18
NC_073268.2	92043193	92043622	2	1	+	NC_073268.2	92043220	92043616	CDK3	XM_008965813.4	+	2	2	27	6	3	4	2	2	2	middle	middle	1.000	1.000	constitutive	constitutive	120	170	2
NC_073268.2	92052939	92053311	-3	1	-	NC_073268.2	92052973	92053290	EVPL	XM_063599415.1	-	3	2	21	34	19	20	1	1	1	middle	middle	1.000	1.000	constitutive	constitutive	83	110	1
NC_073268.2	92056114	92056645	-2	1	-	NC_073268.2	92056116	92056565	EVPL	XM_063599415.1	-	2	2	80	2	16	17	1	1	1	middle	middle	1.000	1.000	constitutive	constitutive	138	193	1
NC_073268.2	9221852	9222524	-1	1	-	NC_073268.2	9222033	9222338	RILP	XM_034941232.3	-	1	2	186	181	2	3	2	2	2	middle	middle	1.000	1.000	constitutive	constitutive	93	106	2
NC_073268.2	92322867	92323419	-3	1	-	NC_073268.2	92322869	92323287	QRICH2	XM_014342202.4	-	3	2	132	2	11	12	2	2	2	middle	middle	1.000	1.000	constitutive	constitutive	164	121	2
NC_073268.2	92428942	92429536	2	1	+	NC_073268.2	92429013	92429535	SPHK1	XM_003813239.5	+	2	2	71	1	3	5	2	2	2	middle	middle	1.000	1.000	constitutive	constitutive	152	115	2
NC_073268.2	92434698	92435109	-3	1	-	NC_073268.2	92434752	92435109	UBE2O	XM_003813233.4	-	3	2	0	54	16	17	4	4	4	middle	middle	1.000	1.000	constitutive	constitutive	203	57	4
NC_073268.2	92516229	92516751	-3	1	-	NC_073268.2	92516231	92516485	RHBDF2	XM_024926212.4	-	3	2	266	2	12	13	5	5	5	middle	middle	1.000	1.000	constitutive	constitutive	63	94	5
NC_073268.2	92521189	92522065	-2	1	-	NC_073268.2	92521397	92521868	RHBDF2	XM_024926212.4	-	2	2	197	208	3	4	5	5	5	middle	middle	1.000	1.000	constitutive	constitutive	195	203	5
NC_073268.2	92993284	92993776	2	1	+	NC_073268.2	92993309	92993755	MGAT5B	XM_055101149.2	+	2	2	25	21	12	13	3	3	3	middle	middle	1.000	1.000	constitutive	constitutive	146	116	3
NC_073268.2	9316051	9317368	2	1	+	NC_073268.2	9316442	9317177	SERPINF2	XM_003816851.6	+	2	3	391	191	3	5	4	3	4	middle	middle	0.750	1.000	alternative	constitutive	38	201	3
NC_073268.2	9316051	9317368	2	1	+	NC_073268.2	9316460	9317177	SERPINF2	XM_034941239.3	+	2	3	409	191	1	3	4	1	4	first	middle	0.250	1.000	unique	constitutive	20	201	1
NC_073268.2	94171294	94172182	-2	1	-	NC_073268.2	94171335	94172032	TMC6	XM_008971553.5	-	2	2	150	41	10	11	3	3	3	middle	middle	1.000	1.000	constitutive	constitutive	155	151	3
NC_073268.2	94532397	94533177	-3	1	-	NC_073268.2	94532521	94533067	DNAH17	XM_008971540.4	-	3	2	110	124	44	45	2	2	2	middle	middle	1.000	1.000	constitutive	constitutive	282	173	2
NC_073268.2	95850526	95850928	-2	1	-	NC_073268.2	95850569	95850827	CBX8	XM_003818257.5	-	2	2	101	43	3	4	1	1	1	middle	middle	1.000	1.000	constitutive	constitutive	65	66	1
NC_073268.2	96169872	96170811	1	1	+	NC_073268.2	96170021	96170559	GAA	XM_034943045.3	+	1	2	149	252	5	7	6	6	6	middle	middle	1.000	1.000	constitutive	constitutive	119	131	6
NC_073268.2	96794125	96795133	-2	1	-	NC_073268.2	96794316	96794839	SGSH	XM_024926065.4	-	2	2	294	191	3	4	2	2	2	middle	middle	1.000	1.000	constitutive	constitutive	105	150	2
NC_073268.2	97458542	97459703	3	1	+	NC_073268.2	97458651	97459205	RPTOR	XM_003831138.7	+	3	2	109	498	15	16	3	3	3	middle	middle	1.000	1.000	constitutive	constitutive	65	191	3
NC_073268.2	97682463	97683579	1	1	+	NC_073268.2	97682716	97683319	BAIAP2	XM_034943079.2	+	1	2	253	260	8	9	5	5	5	middle	middle	1.000	1.000	constitutive	constitutive	221	201	5
NC_073268.2	97703936	97704284	-1	1	-	NC_073268.2	97703938	97704225	AATK	XM_003831132.5	-	1	2	59	2	8	9	8	8	8	middle	middle	1.000	1.000	constitutive	constitutive	84	121	8
NC_073268.2	97819476	97819893	1	1	+	NC_073268.2	97819483	97819797	NDUFAF8	XM_034943098.2	+	1	2	7	96	1	2	2	2	1	first	middle	1.000	0.500	constitutive	unique	83	110	1
NC_073268.2	97819476	97819893	1	1	+	NC_073268.2	97819483	97819801	NDUFAF8	XM_055101970.2	+	1	2	7	92	1	2	2	2	1	first	middle	1.000	0.500	constitutive	unique	83	114	1
NC_073268.2	98043122	98043584	3	1	+	NC_073268.2	98043171	98043519	BAHCC1	XM_055101972.2	+	3	2	49	65	19	20	7	6	7	middle	middle	0.857	1.000	alternative	constitutive	104	156	6
NC_073268.2	98043122	98043584	3	1	+	NC_073268.2	98043171	98043519	BAHCC1	XM_063598810.1	+	3	2	49	65	19	20	7	1	7	middle	middle	0.143	1.000	unique	constitutive	80	156	1
NC_073268.2	98045057	98046809	3	1	+	NC_073268.2	98045083	98046599	BAHCC1	XM_055101972.2	+	3	2	26	210	25	26	7	7	6	middle	middle	1.000	0.857	constitutive	alternative	176	1180	6
NC_073268.2	98045057	98046809	3	1	+	NC_073268.2	98045083	98046599	BAHCC1	XM_063598809.1	+	3	2	26	210	25	26	7	7	1	middle	middle	1.000	0.143	constitutive	unique	176	1156	1
NC_073268.2	98283388	98284075	2	1	+	NC_073268.2	98283571	98284033	HGS	XM_003831112.5	+	2	3	183	42	9	11	2	2	2	middle	middle	1.000	1.000	constitutive	constitutive	78	95	2
NC_073268.2	98284973	98285375	3	1	+	NC_073268.2	98284992	98285291	HGS	XM_003831112.5	+	3	2	19	84	13	14	2	2	2	middle	middle	1.000	1.000	constitutive	constitutive	143	59	2
NC_073268.2	98286233	98287130	3	1	+	NC_073268.2	98286415	98287056	HGS	XM_003831112.5	+	3	2	182	74	16	18	2	2	2	middle	middle	1.000	1.000	constitutive	constitutive	172	174	2
NC_073268.2	98347108	98347453	2	1	+	NC_073268.2	98347134	98347452	GCGR	XM_057300253.2	+	2	2	26	1	4	5	4	4	4	middle	middle	1.000	1.000	constitutive	constitutive	121	106	4
NC_073268.2	98359725	98360475	-3	1	-	NC_073268.2	98359848	98360067	MCRIP1	XM_034943125.2	-	3	2	408	123	1	2	7	4	7	first	middle	0.571	1.000	alternative	constitutive	7	118	4
NC_073268.2	98359725	98360475	-3	1	-	NC_073268.2	98359848	98360115	MCRIP1	XM_055101080.2	-	3	2	360	123	2	3	7	3	7	middle	middle	0.429	1.000	alternative	constitutive	55	118	3
NC_073268.2	98441455	98442070	-2	1	-	NC_073268.2	98441513	98441866	PCYT2	XM_034943133.3	-	2	2	204	58	10	11	2	2	2	middle	middle	1.000	1.000	constitutive	constitutive	65	65	2
NC_073268.2	98470198	98471320	-2	1	-	NC_073268.2	98470772	98471266	PYCR1	XM_008956485.4	-	2	2	54	574	4	5	9	9	6	middle	middle	1.000	0.667	constitutive	alternative	221	92	6
NC_073268.2	98470198	98471320	-2	1	-	NC_073268.2	98470199	98471266	PYCR1	XM_063599492.1	-	2	2	54	1	5	6	9	9	3	middle	last	1.000	0.333	constitutive	alternative	221	665	3
NC_073268.2	98490469	98491174	-2	1	-	NC_073268.2	98490685	98491109	NOTUM	XM_034943130.4	-	2	2	65	216	7	8	1	1	1	middle	middle	1.000	1.000	constitutive	constitutive	191	100	1
NC_073268.2	98563053	98563560	1	1	+	NC_073268.2	98563095	98563395	LRRC45	XM_003831095.5	+	1	2	42	165	9	10	2	2	2	middle	middle	1.000	1.000	constitutive	constitutive	135	77	2
NC_073268.2	98584221	98585067	-3	1	-	NC_073268.2	98584223	98585035	RFNG	XM_034943190.3	-	3	2	32	2	7	8	3	3	3	middle	middle	1.000	1.000	constitutive	constitutive	165	85	3
NC_073268.2	98585843	98587022	-1	1	-	NC_073268.2	98586488	98586953	RFNG	XM_034943190.3	-	1	2	69	645	1	2	3	3	3	first	middle	1.000	1.000	constitutive	constitutive	260	48	3
NC_073268.2	98616851	98617694	-1	1	-	NC_073268.2	98616866	98617679	FASN	XM_034943193.3	-	1	3	15	15	34	36	2	2	2	middle	middle	1.000	1.000	constitutive	constitutive	91	242	2
NC_073268.2	98619719	98620295	-1	1	-	NC_073268.2	98619779	98620218	FASN	XM_034943193.3	-	1	2	77	60	25	26	2	2	2	middle	middle	1.000	1.000	constitutive	constitutive	154	203	2
NC_073268.2	98622757	98623615	-2	1	-	NC_073268.2	98623243	98623596	FASN	XM_034943193.3	-	2	2	19	486	16	17	2	2	2	middle	middle	1.000	1.000	constitutive	constitutive	191	80	2
NC_073268.2	99483140	99483788	3	1	+	NC_073268.2	99483269	99483656	TBCD	XM_034943211.3	+	3	2	129	132	31	32	2	2	2	middle	middle	1.000	1.000	constitutive	constitutive	158	138	2
NC_073269.2	10781906	10782443	-3	1	-	NC_073269.2	10782110	10782366	GTF2F1	XM_003819334.7	-	3	2	77	204	8	9	3	2	3	middle	middle	0.667	1.000	alternative	constitutive	61	119	2
NC_073269.2	10781906	10782443	-3	1	-	NC_073269.2	10782110	10782363	GTF2F1	XM_063599805.1	-	3	2	80	204	8	9	3	1	3	middle	middle	0.333	1.000	unique	constitutive	58	119	1
NC_073269.2	10815733	10816516	-1	1	-	NC_073269.2	10815734	10816164	KHSRP	XM_034945546.3	-	1	2	352	1	18	19	2	2	2	middle	last	1.000	1.000	constitutive	constitutive	77	274	2
NC_073269.2	10816950	10817799	-2	1	-	NC_073269.2	10817206	10817598	KHSRP	XM_034945546.3	-	2	2	201	256	13	14	2	2	2	middle	middle	1.000	1.000	constitutive	constitutive	144	160	2
NC_073269.2	10835183	10835843	-3	1	-	NC_073269.2	10835208	10835645	SLC25A41	XM_055103885.2	-	3	2	198	25	3	4	2	2	2	middle	middle	1.000	1.000	constitutive	constitutive	152	107	2
NC_073269.2	10908832	10909219	-1	1	-	NC_073269.2	10908883	10909219	TUBB4A	XM_008972676.5	-	1	2	0	51	3	4	1	1	1	middle	middle	1.000	1.000	constitutive	constitutive	108	110	1
NC_073269.2	11089572	11089911	-2	1	-	NC_073269.2	11089574	11089877	C3	XM_034946877.3	-	2	2	34	2	39	40	1	1	1	middle	middle	1.000	1.000	constitutive	constitutive	83	135	1
NC_073269.2	11095814	11096198	-3	1	-	NC_073269.2	11095816	11096078	C3	XM_034946877.3	-	3	2	120	2	32	33	1	1	1	middle	middle	1.000	1.000	constitutive	constitutive	90	51	1
NC_073269.2	11096109	11096574	-2	1	-	NC_073269.2	11096203	11096574	C3	XM_034946877.3	-	2	2	0	94	30	31	1	1	1	middle	middle	1.000	1.000	constitutive	constitutive	158	59	1
NC_073269.2	11122187	11123675	-3	1	-	NC_073269.2	11122998	11123555	C3	XM_034946877.3	-	3	2	120	811	12	13	1	1	1	middle	middle	1.000	1.000	constitutive	constitutive	209	206	1
NC_073269.2	11127330	11127759	-2	1	-	NC_073269.2	11127435	11127717	C3	XM_034946877.3	-	2	2	42	105	5	6	1	1	1	middle	middle	1.000	1.000	constitutive	constitutive	94	82	1
NC_073269.2	11144206	11144605	-1	1	-	NC_073269.2	11144252	11144547	GPR108	XM_055104160.2	-	1	2	58	46	15	16	5	1	1	middle	middle	0.200	0.200	unique	unique	83	124	1
NC_073269.2	11144250	11144733	-2	1	-	NC_073269.2	11144252	11144547	GPR108	XM_003819346.5	-	2	2	186	2	16	17	5	3	4	middle	middle	0.600	0.800	alternative	alternative	83	124	3
NC_073269.2	11144250	11144733	-2	1	-	NC_073269.2	11144252	11144499	GPR108	XM_034945218.3	-	2	2	234	2	16	17	5	1	4	middle	middle	0.200	0.800	unique	alternative	35	124	1
NC_073269.2	11163182	11163770	3	1	+	NC_073269.2	11163272	11163769	TRIP10	XM_003819347.6	+	3	2	90	1	11	12	3	3	3	middle	middle	1.000	1.000	constitutive	constitutive	132	139	3
NC_073269.2	11167686	11168298	-2	1	-	NC_073269.2	11167954	11168270	SH2D3A	XM_055104164.2	-	2	2	28	268	4	5	5	1	1	middle	middle	0.200	0.200	unique	unique	101	115	1
NC_073269.2	11308530	11309043	1	1	+	NC_073269.2	11308607	11309005	ADGRE1	XM_003819352.4	+	1	2	77	38	4	5	1	1	1	middle	middle	1.000	1.000	constitutive	constitutive	155	119	1
NC_073269.2	11347607	11348222	3	1	+	NC_073269.2	11347649	11348054	ADGRE1	XM_003819352.4	+	3	2	42	168	19	20	1	1	1	middle	middle	1.000	1.000	constitutive	constitutive	168	104	1
NC_073269.2	12141178	12141775	2	1	+	NC_073269.2	12141384	12141775	ARHGEF18	XM_034946294.3	+	2	2	206	0	18	19	6	6	6	middle	last	1.000	1.000	constitutive	constitutive	125	169	6
NC_073269.2	12200932	12201619	2	1	+	NC_073269.2	12200951	12201562	MCOLN1	XM_003810017.5	+	2	2	19	57	10	11	1	1	1	middle	middle	1.000	1.000	constitutive	constitutive	101	122	1
NC_073269.2	12213127	12213619	2	1	+	NC_073269.2	12213197	12213527	PNPLA6	XM_008962378.6	+	2	2	70	92	9	10	8	8	8	middle	middle	1.000	1.000	constitutive	constitutive	80	162	8
NC_073269.2	12214284	12214962	1	1	+	NC_073269.2	12214406	12214929	PNPLA6	XM_008962378.6	+	1	3	122	33	12	14	8	8	8	middle	middle	1.000	1.000	constitutive	constitutive	109	77	8
NC_073269.2	12232764	12233259	1	1	+	NC_073269.2	12232846	12233148	PNPLA6	XM_008962378.6	+	1	2	82	111	31	32	8	8	8	middle	middle	1.000	1.000	constitutive	constitutive	96	109	8
NC_073269.2	12281473	12282187	2	1	+	NC_073269.2	12281588	12282056	CAMSAP3	XM_034944770.4	+	2	2	115	131	9	11	4	4	4	middle	middle	1.000	1.000	constitutive	constitutive	93	73	4
NC_073269.2	12290843	12291725	-3	1	-	NC_073269.2	12290845	12291548	XAB2	XM_003810006.5	-	3	2	177	2	15	17	1	1	1	middle	middle	1.000	1.000	constitutive	constitutive	122	129	1
NC_073269.2	12313289	12314021	3	1	+	NC_073269.2	12313604	12313886	STXBP2	XM_003810007.4	+	3	2	315	135	11	12	2	2	2	middle	middle	1.000	1.000	constitutive	constitutive	57	65	2
NC_073269.2	12349257	12349779	1	1	+	NC_073269.2	12349595	12349779	MCEMP1	XM_003810013.6	+	1	2	338	0	6	7	2	1	1	middle	last	0.500	0.500	unique	unique	59	10	1
NC_073269.2	12398036	12398870	-3	1	-	NC_073269.2	12398379	12398800	CLEC4G	XM_034945722.3	-	3	2	70	343	6	7	4	4	4	middle	middle	1.000	1.000	constitutive	constitutive	89	148	4
NC_073269.2	12399087	12399501	-2	1	-	NC_073269.2	12399114	12399449	CLEC4G	XM_034945722.3	-	2	2	52	27	4	5	4	4	4	middle	middle	1.000	1.000	constitutive	constitutive	62	104	4
NC_073269.2	12545991	12547044	1	1	+	NC_073269.2	12546031	12546891	EVI5L	XM_034946839.2	+	1	3	40	153	16	18	4	4	4	middle	middle	1.000	1.000	constitutive	constitutive	146	95	4
NC_073269.2	12593678	12594188	3	1	+	NC_073269.2	12593802	12594152	MAP2K7	XM_034945276.3	+	3	2	124	36	8	9	4	4	4	middle	middle	1.000	1.000	constitutive	constitutive	179	80	4
NC_073269.2	12799726	12800275	-1	1	-	NC_073269.2	12799768	12800190	FBN3	XM_055102809.2	-	1	2	85	42	26	27	6	6	6	middle	middle	1.000	1.000	constitutive	constitutive	125	122	6
NC_073269.2	12818481	12819033	-2	1	-	NC_073269.2	12818556	12818897	FBN3	XM_055102809.2	-	2	2	136	75	10	11	6	6	6	middle	middle	1.000	1.000	constitutive	constitutive	143	119	6
NC_073269.2	12969996	12970530	-2	1	-	NC_073269.2	12969997	12970511	CD320	XM_003809979.6	-	2	2	19	1	4	5	1	1	1	middle	last	1.000	1.000	constitutive	constitutive	203	139	1
NC_073269.2	13158239	13158506	-3	1	-	NC_073269.2	13158240	13158420	PRAM1	XM_024926492.5	-	3	2	86	1	9	10	2	1	1	middle	last	0.500	0.500	unique	unique	34	34	1
NC_073269.2	13158522	13158819	-2	1	-	NC_073269.2	13158524	13158804	PRAM1	XM_024926492.5	-	2	2	15	2	7	8	2	1	1	middle	middle	0.500	0.500	unique	unique	162	33	1
NC_073269.2	13197928	13198396	-1	1	-	NC_073269.2	13197938	13198315	MYO1F	XM_034944612.3	-	1	2	81	10	20	21	2	2	2	middle	middle	1.000	1.000	constitutive	constitutive	114	169	2
NC_073269.2	13215350	13215731	-3	1	-	NC_073269.2	13215411	13215692	MYO1F	XM_034944612.3	-	3	2	39	61	11	12	2	2	2	middle	middle	1.000	1.000	constitutive	constitutive	80	86	2
NC_073269.2	13217347	13218193	-1	1	-	NC_073269.2	13217531	13218061	MYO1F	XM_034944612.3	-	1	2	132	184	9	10	2	2	2	middle	middle	1.000	1.000	constitutive	constitutive	132	196	2
NC_073269.2	13846510	13847029	-1	1	-	NC_073269.2	13846549	13846905	MUC16	XM_055102885.2	-	1	2	124	39	72	73	3	2	2	middle	middle	0.667	0.667	alternative	alternative	35	65	2
NC_073269.2	13874401	13874887	-1	1	-	NC_073269.2	13874403	13874823	MUC16	XM_014342466.5	-	1	2	64	2	20	21	3	3	3	middle	middle	1.000	1.000	constitutive	constitutive	130	67	3
NC_073269.2	13913131	13935868	-1	1	-	NC_073269.2	13913215	13935792	MUC16	XM_014342466.5	-	1	2	76	84	3	4	3	3	3	middle	middle	1.000	1.000	constitutive	constitutive	6767	14936	3
NC_073269.2	14879300	14879915	-3	1	-	NC_073269.2	14879301	14879777	COL5A3	XM_034944392.3	-	3	2	138	1	66	67	2	2	2	middle	last	1.000	1.000	constitutive	constitutive	239	143	2
NC_073269.2	14909018	14909315	-3	1	-	NC_073269.2	14909049	14909291	COL5A3	XM_034944392.3	-	3	2	24	31	26	27	2	2	2	middle	middle	1.000	1.000	constitutive	constitutive	44	53	2
NC_073269.2	15001990	15002548	2	1	+	NC_073269.2	15002054	15002425	SHFL	XM_003809599.5	+	2	2	64	123	2	3	2	2	2	middle	middle	1.000	1.000	constitutive	constitutive	123	49	2
NC_073269.2	15025572	15026187	1	1	+	NC_073269.2	15025722	15026187	PPAN	XM_034944453.3	+	1	2	150	0	11	12	1	1	1	middle	last	1.000	1.000	constitutive	constitutive	169	217	1
NC_073269.2	15207996	15208833	1	1	+	NC_073269.2	15208046	15208783	ICAM5	XM_034946172.3	+	1	2	50	50	2	3	1	1	1	middle	middle	1.000	1.000	constitutive	constitutive	269	320	1
NC_073269.2	15237617	15238286	-3	1	-	NC_073269.2	15237648	15238252	RAVER1	XM_003809590.6	-	3	2	34	31	8	9	3	3	2	middle	middle	1.000	0.667	constitutive	alternative	211	296	2
NC_073269.2	15237617	15238286	-3	1	-	NC_073269.2	15237648	15238252	RAVER1	XM_008961860.5	-	3	3	34	31	8	10	3	3	1	middle	middle	1.000	0.333	constitutive	unique	211	127	1
NC_073269.2	15275304	15275958	-2	1	-	NC_073269.2	15275407	15275781	TYK2	XM_008961851.5	-	2	2	177	103	14	15	10	10	10	middle	middle	1.000	1.000	constitutive	constitutive	135	154	10
NC_073269.2	15463156	15463666	2	1	+	NC_073269.2	15463257	15463604	ATG4D	XM_003809584.6	+	2	2	101	62	2	3	2	1	2	middle	middle	0.500	1.000	unique	constitutive	83	173	1
NC_073269.2	15463156	15463666	2	1	+	NC_073269.2	15463211	15463604	ATG4D	XM_003809585.5	+	2	2	55	62	1	2	2	1	2	first	middle	0.500	1.000	unique	constitutive	129	173	1
NC_073269.2	15470164	15470752	2	1	+	NC_073269.2	15470333	15470557	ATG4D	XM_003809584.6	+	2	2	169	195	7	8	2	2	2	middle	middle	1.000	1.000	constitutive	constitutive	78	76	2
NC_073269.2	15843618	15844533	-2	1	-	NC_073269.2	15843619	15844514	YIPF2	XM_034946467.3	-	2	3	19	1	5	8	8	8	8	middle	last	1.000	1.000	constitutive	constitutive	116	113	8
NC_073269.2	15980269	15980929	2	1	+	NC_073269.2	15980378	15980812	SMARCA4	XM_034945780.3	+	2	2	109	117	35	36	19	19	19	middle	middle	1.000	1.000	constitutive	constitutive	132	142	19
NC_073269.2	16085854	16086382	-1	1	-	NC_073269.2	16085876	16086247	KANK2	XM_003830483.7	-	1	2	135	22	9	10	14	14	14	middle	middle	1.000	1.000	constitutive	constitutive	200	89	14
NC_073269.2	16123837	16124467	-1	1	-	NC_073269.2	16123928	16124345	DOCK6	XM_034946034.3	-	1	2	122	91	40	41	5	5	5	middle	middle	1.000	1.000	constitutive	constitutive	192	143	5
NC_073269.2	16137376	16138120	-1	1	-	NC_073269.2	16137485	16137856	DOCK6	XM_034946034.3	-	1	2	264	109	27	28	5	5	5	middle	middle	1.000	1.000	constitutive	constitutive	113	170	5
NC_073269.2	16320256	16321039	-1	1	-	NC_073269.2	16320590	16321035	RGL3	XM_034944833.3	-	1	2	4	334	6	7	3	2	3	middle	middle	0.667	1.000	alternative	constitutive	142	215	2
NC_073269.2	16320256	16321039	-1	1	-	NC_073269.2	16320590	16321002	RGL3	XM_034944835.3	-	1	2	37	334	6	7	3	1	3	middle	middle	0.333	1.000	unique	constitutive	109	215	1
NC_073269.2	16348717	16349245	2	1	+	NC_073269.2	16348790	16349177	PRKCSH	XM_034945379.3	+	2	2	73	68	1	2	4	4	4	first	middle	1.000	1.000	constitutive	constitutive	78	116	4
NC_073269.2	16361641	16362058	2	1	+	NC_073269.2	16361725	16362058	PRKCSH	XM_034945379.3	+	2	2	84	0	15	16	4	4	4	middle	last	1.000	1.000	constitutive	constitutive	99	143	4
NC_073269.2	16370695	16371292	-1	1	-	NC_073269.2	16370697	16371247	ELAVL3	XM_003830499.7	-	1	2	45	2	4	5	3	3	3	middle	middle	1.000	1.000	constitutive	constitutive	153	225	3
NC_073269.2	17601656	17602061	3	1	+	NC_073269.2	17601791	17602060	WDR83	XM_003814812.4	+	3	2	135	1	6	7	1	1	1	middle	middle	1.000	1.000	constitutive	constitutive	67	108	1
NC_073269.2	17618174	17618393	-3	1	-	NC_073269.2	17618175	17618393	FBXW9	XM_003814814.5	-	3	2	0	1	9	10	2	2	2	middle	last	1.000	1.000	constitutive	constitutive	65	71	2
NC_073269.2	17702356	17702710	-1	1	-	NC_073269.2	17702446	17702710	HOOK2	XM_008967666.4	-	1	2	0	90	4	5	9	5	9	middle	middle	0.556	1.000	alternative	constitutive	50	132	5
NC_073269.2	17702356	17702710	-1	1	-	NC_073269.2	17702446	17702695	HOOK2	XM_055104194.2	-	1	2	15	90	1	2	9	4	9	first	middle	0.444	1.000	alternative	constitutive	35	132	4
NC_073269.2	17807129	17807699	-3	1	-	NC_073269.2	17807144	17807596	DNASE2	XM_003814825.6	-	3	2	103	15	4	5	1	1	1	middle	middle	1.000	1.000	constitutive	constitutive	164	197	1
NC_073269.2	17820540	17821284	1	1	+	NC_073269.2	17820578	17820925	GCDH	XM_008967678.5	+	1	2	38	359	3	4	2	2	2	middle	middle	1.000	1.000	constitutive	constitutive	143	62	2
NC_073269.2	17853309	17854002	-2	1	-	NC_073269.2	17853311	17853686	FARSA	XM_003814830.5	-	2	2	316	2	11	12	2	2	2	middle	middle	1.000	1.000	constitutive	constitutive	77	114	2
NC_073269.2	17859662	17860019	-3	1	-	NC_073269.2	17859664	17859968	FARSA	XM_003814830.5	-	3	2	51	2	3	4	2	2	2	middle	middle	1.000	1.000	constitutive	constitutive	98	118	2
NC_073269.2	18038074	18038839	-1	1	-	NC_073269.2	18038090	18038378	TRMT1	XM_034946200.3	-	1	2	461	16	9	10	5	5	5	middle	middle	1.000	1.000	constitutive	constitutive	69	134	5
NC_073269.2	18044139	18044937	-2	1	-	NC_073269.2	18044141	18044914	TRMT1	XM_034946200.3	-	2	3	23	2	2	4	5	1	1	middle	middle	0.200	0.200	unique	unique	55	187	1
NC_073269.2	18065471	18066803	3	1	+	NC_073269.2	18065529	18066726	NACC1	XM_034946204.4	+	3	2	58	77	1	2	2	2	2	first	middle	1.000	1.000	constitutive	constitutive	945	173	2
NC_073269.2	18694561	18695197	2	1	+	NC_073269.2	18694598	18695142	MRI1	XM_034944813.3	+	2	2	37	55	1	2	2	2	2	first	middle	1.000	1.000	constitutive	constitutive	131	238	2
NC_073269.2	18849916	18850474	2	1	+	NC_073269.2	18850034	18850399	CC2D1A	XM_034945816.3	+	2	2	118	75	13	14	13	8	13	middle	middle	0.615	1.000	alternative	constitutive	111	172	8
NC_073269.2	18849916	18850474	2	1	+	NC_073269.2	18850037	18850399	CC2D1A	XM_034945817.3	+	2	2	121	75	13	14	13	5	13	middle	middle	0.385	1.000	alternative	constitutive	108	172	5
NC_073269.2	18857254	18857596	2	1	+	NC_073269.2	18857300	18857595	CC2D1A	XM_034945816.3	+	2	2	46	1	23	24	13	13	9	middle	middle	1.000	0.692	constitutive	alternative	137	64	9
NC_073269.2	18857254	18857596	2	1	+	NC_073269.2	18857300	18857595	CC2D1A	XM_034945818.4	+	2	2	46	1	23	24	13	13	4	middle	middle	1.000	0.308	constitutive	alternative	137	61	4
NC_073269.2	18858949	18859717	2	1	+	NC_073269.2	18858950	18859672	CC2D1A	XM_034945816.3	+	2	3	1	45	26	28	13	13	13	middle	middle	1.000	1.000	constitutive	constitutive	126	47	13
NC_073269.2	18888188	18889244	3	1	+	NC_073269.2	18888238	18889088	DCAF15	XM_003814854.5	+	3	3	50	156	7	9	1	1	1	middle	middle	1.000	1.000	constitutive	constitutive	434	128	1
NC_073269.2	18891893	18892358	-3	1	-	NC_073269.2	18891894	18892235	RFX1	XM_034945815.3	-	3	2	123	1	20	21	4	4	4	middle	last	1.000	1.000	constitutive	constitutive	45	166	4
NC_073269.2	18895626	18896040	-2	1	-	NC_073269.2	18895628	18895958	RFX1	XM_034945815.3	-	2	2	82	2	13	14	4	4	4	middle	middle	1.000	1.000	constitutive	constitutive	118	109	4
NC_073269.2	19088916	19089588	-2	1	-	NC_073269.2	19088918	19089453	ADGRL1	XM_034945010.3	-	2	2	135	2	14	15	8	8	8	middle	middle	1.000	1.000	constitutive	constitutive	209	220	8
NC_073269.2	19091191	19091767	-1	1	-	NC_073269.2	19091395	19091767	ADGRL1	XM_034945010.3	-	1	2	0	204	9	10	8	8	8	middle	middle	1.000	1.000	constitutive	constitutive	38	183	8
NC_073269.2	19318494	19318971	1	1	+	NC_073269.2	19318592	19318960	ADGRE5	XM_034945334.3	+	1	2	98	11	2	3	3	3	3	middle	middle	1.000	1.000	constitutive	constitutive	50	116	3
NC_073269.2	19327805	19328183	3	1	+	NC_073269.2	19327888	19328138	ADGRE5	XM_034945334.3	+	3	2	83	45	8	9	3	3	3	middle	middle	1.000	1.000	constitutive	constitutive	46	77	3
NC_073269.2	19336259	19336739	3	1	+	NC_073269.2	19336478	19336738	ADGRE5	XM_034945334.3	+	3	2	219	1	16	17	3	3	3	middle	middle	1.000	1.000	constitutive	constitutive	66	91	3
NC_073269.2	19339231	19339606	-1	1	-	NC_073269.2	19339233	19339570	DDX39A	XM_003807080.5	-	1	2	36	2	6	7	2	2	2	middle	middle	1.000	1.000	constitutive	constitutive	131	109	2
NC_073269.2	19493230	19493551	2	1	+	NC_073269.2	19493253	19493550	TECR	XM_003807074.5	+	2	2	23	1	5	6	4	3	3	middle	middle	0.750	0.750	alternative	alternative	103	115	3
NC_073269.2	19494172	19494493	2	1	+	NC_073269.2	19494239	19494445	TECR	XM_003807074.5	+	2	2	67	48	8	9	4	4	4	middle	middle	1.000	1.000	constitutive	constitutive	72	43	4
NC_073269.2	19494515	19494965	3	1	+	NC_073269.2	19494519	19494743	TECR	XM_003807074.5	+	3	2	4	222	10	11	4	4	4	middle	middle	1.000	1.000	constitutive	constitutive	57	88	4
NC_073269.2	19695062	19695539	-3	1	-	NC_073269.2	19695074	19695442	LOC100974936	XM_055104361.2	-	3	2	97	12	3	4	3	1	1	middle	middle	0.333	0.333	unique	unique	50	116	1
NC_073269.2	19932951	19933908	1	1	+	NC_073269.2	19933184	19933542	TEKTL1	XM_003813593.5	+	1	2	233	366	4	5	1	1	1	middle	middle	1.000	1.000	constitutive	constitutive	166	95	1
NC_073269.2	20036548	20036929	-1	1	-	NC_073269.2	20036550	20036887	ILVBL	XM_003813587.5	-	1	2	42	2	4	5	3	3	3	middle	middle	1.000	1.000	constitutive	constitutive	138	111	3
NC_073269.2	20092463	20093138	-3	1	-	NC_073269.2	20092640	20093111	NOTCH3	XM_034944587.4	-	3	2	27	177	21	22	2	2	2	middle	middle	1.000	1.000	constitutive	constitutive	132	257	2
NC_073269.2	20098420	20099047	-1	1	-	NC_073269.2	20098528	20099030	NOTCH3	XM_034944587.4	-	1	2	17	108	14	15	2	2	2	middle	middle	1.000	1.000	constitutive	constitutive	151	113	2
NC_073269.2	20104979	20105489	-3	1	-	NC_073269.2	20105021	20105464	NOTCH3	XM_034944587.4	-	3	2	25	42	5	6	2	2	2	middle	middle	1.000	1.000	constitutive	constitutive	122	233	2
NC_073269.2	20152254	20153034	-2	1	-	NC_073269.2	20152294	20152815	BRD4	XM_008966111.5	-	2	2	219	40	17	18	3	1	1	middle	middle	0.333	0.333	unique	unique	205	237	1
NC_073269.2	20152861	20153446	-1	1	-	NC_073269.2	20152943	20153362	BRD4	XM_008966111.5	-	1	2	84	82	15	16	3	1	1	middle	middle	0.333	0.333	unique	unique	162	130	1
NC_073269.2	20367268	20367688	-1	1	-	NC_073269.2	20367270	20367683	RASAL3	XM_034945121.4	-	1	2	5	2	12	13	4	4	4	middle	middle	1.000	1.000	constitutive	constitutive	201	118	4
NC_073269.2	20371060	20371978	-1	1	-	NC_073269.2	20371448	20371775	RASAL3	XM_034945121.4	-	1	2	203	388	6	7	4	4	4	middle	middle	1.000	1.000	constitutive	constitutive	126	98	4
NC_073269.2	20529876	20530419	1	1	+	NC_073269.2	20530106	20530418	CYP4F8	XM_003813576.5	+	1	2	230	1	10	11	2	2	2	middle	middle	1.000	1.000	constitutive	constitutive	64	82	2
NC_073269.2	20562334	20562694	2	1	+	NC_073269.2	20562361	20562652	CYP4F3	XM_003813573.6	+	2	2	27	42	9	10	2	2	2	middle	middle	1.000	1.000	constitutive	constitutive	133	64	2
NC_073269.2	20786186	20786801	-3	1	-	NC_073269.2	20786188	20786778	CYP4F11	XM_003813569.5	-	3	2	23	2	9	11	2	2	2	middle	middle	1.000	1.000	constitutive	constitutive	133	82	2
NC_073269.2	20861290	20861731	-1	1	-	NC_073269.2	20861309	20861651	LOC100982619	XM_063599979.1	-	1	2	80	19	5	6	1	1	1	middle	middle	1.000	1.000	constitutive	constitutive	45	248	1
NC_073269.2	21699783	21700542	1	1	+	NC_073269.2	21700006	21700487	SIN3B	XM_024926547.4	+	1	2	223	55	1	2	2	2	2	first	middle	1.000	1.000	constitutive	constitutive	110	106	2
NC_073269.2	21772923	21773613	-2	1	-	NC_073269.2	21773092	21773388	CPAMD8	XM_003813600.7	-	2	2	225	169	33	34	6	6	6	middle	middle	1.000	1.000	constitutive	constitutive	155	62	6
NC_073269.2	21881021	21881552	-3	1	-	NC_073269.2	21881181	21881474	CPAMD8	XM_003813600.7	-	3	2	78	160	4	5	6	1	1	middle	middle	0.167	0.167	unique	unique	165	52	1
NC_073269.2	22198317	22198860	-2	1	-	NC_073269.2	22198435	22198770	ANO8	XM_034946029.3	-	2	2	90	118	15	16	2	2	2	middle	middle	1.000	1.000	constitutive	constitutive	131	110	2
NC_073269.2	22204404	22205097	-2	1	-	NC_073269.2	22204628	22205006	ANO8	XM_034946029.3	-	2	2	91	224	2	3	2	2	2	middle	middle	1.000	1.000	constitutive	constitutive	110	132	2
NC_073269.2	22209483	22210011	1	1	+	NC_073269.2	22209524	22209900	GTPBP3	XM_003817806.8	+	1	2	41	111	3	4	4	4	4	middle	middle	1.000	1.000	constitutive	constitutive	86	202	4
NC_073269.2	22413647	22413983	3	1	+	NC_073269.2	22413663	22413977	NIBAN3	XM_034945319.3	+	3	2	16	6	11	12	4	4	4	middle	middle	1.000	1.000	constitutive	constitutive	116	107	4
NC_073269.2	22447410	22447818	1	1	+	NC_073269.2	22447544	22447817	COLGALT1	XM_003817790.7	+	1	2	134	1	7	8	2	2	2	middle	middle	1.000	1.000	constitutive	constitutive	76	106	2
NC_073269.2	22646501	22647419	3	1	+	NC_073269.2	22646734	22647042	FCHO1	XM_034944484.3	+	3	2	233	377	18	19	12	12	12	middle	middle	1.000	1.000	constitutive	constitutive	112	87	12
NC_073269.2	22697328	22697793	-2	1	-	NC_073269.2	22697346	22697756	JAK3	XM_034944865.3	-	2	2	37	18	18	19	5	5	5	middle	middle	1.000	1.000	constitutive	constitutive	139	189	5
NC_073269.2	22706482	22706938	-1	1	-	NC_073269.2	22706484	22706857	JAK3	XM_034944865.3	-	1	2	81	2	7	8	5	2	2	middle	middle	0.400	0.400	alternative	alternative	122	157	2
NC_073269.2	22869211	22869820	2	1	+	NC_073269.2	22869272	22869805	ARRDC2	XM_003817784.6	+	2	2	61	15	6	7	2	2	2	middle	middle	1.000	1.000	constitutive	constitutive	162	157	2
NC_073269.2	22993932	22994490	1	1	+	NC_073269.2	22993944	22994347	MAST3	XM_034946355.3	+	1	2	12	143	15	16	30	30	30	middle	middle	1.000	1.000	constitutive	constitutive	132	165	30
NC_073269.2	23021528	23021840	3	1	+	NC_073269.2	23021560	23021826	PIK3R2	XM_034946868.2	+	3	2	32	14	3	4	1	1	1	middle	middle	1.000	1.000	constitutive	constitutive	50	131	1
NC_073269.2	23038189	23038549	2	1	+	NC_073269.2	23038352	23038549	IFI30	XM_003817782.5	+	2	2	163	0	7	8	1	1	1	middle	last	1.000	1.000	constitutive	constitutive	53	59	1
NC_073269.2	23287899	23288460	1	1	+	NC_073269.2	23288229	23288459	SSBP4	XM_063600020.1	+	1	2	330	1	2	3	13	2	2	middle	middle	0.154	0.154	alternative	alternative	61	84	2
NC_073269.2	23296734	23297643	-2	1	-	NC_073269.2	23296795	23297571	ISYNA1	XM_003817771.6	-	2	3	72	61	4	6	2	2	2	middle	middle	1.000	1.000	constitutive	constitutive	132	149	2
NC_073269.2	23433739	23434069	2	1	+	NC_073269.2	23433792	23434069	UBA52	XM_003817760.5	+	2	2	53	0	3	4	7	7	7	middle	last	1.000	1.000	constitutive	constitutive	102	90	7
NC_073269.2	23472558	23473065	1	1	+	NC_073269.2	23472583	23472906	TMEM59L	XM_034944110.3	+	1	2	25	159	2	3	4	4	4	middle	middle	1.000	1.000	constitutive	constitutive	144	91	4
NC_073269.2	23648601	23649471	-2	1	-	NC_073269.2	23648770	23649471	COMP	XM_034945518.3	-	2	3	0	169	6	9	1	1	1	middle	middle	1.000	1.000	constitutive	constitutive	74	107	1
NC_073269.2	24397640	24398195	3	1	+	NC_073269.2	24397725	24398067	YJEFN3	XM_008970977.4	+	3	2	85	128	5	6	3	2	2	middle	middle	0.667	0.667	alternative	alternative	113	150	2
NC_073269.2	24500908	24501835	-1	1	-	NC_073269.2	24501251	24501525	GMIP	XM_003817720.5	-	1	2	310	343	6	7	4	4	4	middle	middle	1.000	1.000	constitutive	constitutive	64	107	4
NC_073269.2	24506576	24507101	-3	1	-	NC_073269.2	24506577	24506942	ATP13A1	XM_003817717.5	-	3	2	159	1	25	26	4	2	2	middle	last	0.500	0.500	alternative	alternative	143	107	2
NC_073269.2	35796601	35797123	2	1	+	NC_073269.2	35796656	35797060	CCNE1	XM_034945373.3	+	2	2	55	63	4	5	3	3	3	middle	middle	1.000	1.000	constitutive	constitutive	145	135	3
NC_073269.2	38615386	38615635	-1	1	-	NC_073269.2	38615438	38615635	ANKRD27	XM_003816207.6	-	1	2	0	52	6	7	7	5	7	middle	middle	0.714	1.000	alternative	constitutive	53	65	5
NC_073269.2	38615386	38615635	-1	1	-	NC_073269.2	38615438	38615632	ANKRD27	XM_034946771.3	-	1	2	3	52	1	2	7	2	7	first	middle	0.286	1.000	alternative	constitutive	50	65	2
NC_073269.2	38799555	38799933	1	1	+	NC_073269.2	38799588	38799892	TDRD12	XM_008969262.6	+	1	2	33	41	30	31	2	2	2	middle	middle	1.000	1.000	constitutive	constitutive	153	66	2
NC_073269.2	38834625	38835174	-2	1	-	NC_073269.2	38834627	38835095	SLC7A9	XM_003816204.3	-	2	2	79	2	4	5	2	1	1	middle	middle	0.500	0.500	unique	unique	125	99	1
NC_073269.2	41030270	41030759	3	1	+	NC_073269.2	41030416	41030758	GRAMD1A	XM_003816092.4	+	3	2	146	1	12	13	7	7	7	middle	middle	1.000	1.000	constitutive	constitutive	118	142	7
NC_073269.2	41072551	41073064	2	1	+	NC_073269.2	41072680	41073063	HPN	XM_008969213.7	+	2	2	129	1	6	7	3	3	3	middle	middle	1.000	1.000	constitutive	constitutive	40	165	3
NC_073269.2	41135473	41135731	2	1	+	NC_073269.2	41135542	41135731	FXYD3	XM_008969219.5	+	2	2	69	0	5	6	4	4	4	middle	last	1.000	1.000	constitutive	constitutive	37	13	4
NC_073269.2	41163349	41163805	2	1	+	NC_073269.2	41163528	41163756	FXYD7	XM_003816157.4	+	2	2	179	49	3	4	3	3	2	middle	middle	1.000	0.667	constitutive	alternative	74	42	2
NC_073269.2	41163349	41163805	2	1	+	NC_073269.2	41163528	41163747	FXYD7	XM_008969211.6	+	2	2	179	58	3	4	3	3	1	middle	middle	1.000	0.333	constitutive	unique	74	33	1
NC_073269.2	41278734	41279541	1	1	+	NC_073269.2	41278889	41279497	LSR	XM_003816100.5	+	1	2	155	44	5	7	6	6	3	middle	middle	1.000	0.500	constitutive	alternative	173	131	3
NC_073269.2	41278734	41279541	1	1	+	NC_073269.2	41278889	41279497	LSR	XM_008969204.4	+	1	2	155	44	6	8	6	6	3	middle	middle	1.000	0.500	constitutive	alternative	173	128	3
NC_073269.2	41291196	41291715	1	1	+	NC_073269.2	41291237	41291715	USF2	XM_034945743.3	+	1	2	41	0	8	9	4	4	2	middle	last	1.000	0.500	constitutive	alternative	94	230	2
NC_073269.2	41291196	41291715	1	1	+	NC_073269.2	41291237	41291613	USF2	XM_034945744.4	+	1	2	41	102	8	9	4	4	2	middle	middle	1.000	0.500	constitutive	alternative	94	128	2
NC_073269.2	41721669	41722128	1	1	+	NC_073269.2	41721704	41722053	KMT2B	XM_034945750.4	+	1	2	35	75	16	17	4	4	4	middle	middle	1.000	1.000	constitutive	constitutive	184	89	4
NC_073269.2	41774461	41774935	2	1	+	NC_073269.2	41774507	41774794	ARHGAP33	XM_055103016.3	+	2	2	46	141	7	8	7	7	7	middle	middle	1.000	1.000	constitutive	constitutive	122	77	7
NC_073269.2	41774628	41775369	1	1	+	NC_073269.2	41774878	41775112	ARHGAP33	XM_055103016.3	+	1	2	250	257	9	10	7	7	3	middle	middle	1.000	0.429	constitutive	alternative	66	62	3
NC_073269.2	41774628	41775369	1	1	+	NC_073269.2	41774878	41775112	ARHGAP33	XM_055103017.3	+	1	2	250	257	9	10	7	7	4	middle	middle	1.000	0.571	constitutive	alternative	66	59	4
NC_073269.2	41776654	41777167	2	1	+	NC_073269.2	41776669	41777166	ARHGAP33	XM_055103016.3	+	2	2	15	1	13	15	7	7	7	middle	middle	1.000	1.000	constitutive	constitutive	144	107	7
NC_073269.2	41842264	41842798	-1	1	-	NC_073269.2	41842357	41842713	NPHS1	XM_034944173.3	-	1	2	85	93	15	16	1	1	1	middle	middle	1.000	1.000	constitutive	constitutive	140	140	1
NC_073269.2	41873910	41874756	1	1	+	NC_073269.2	41873965	41874330	APLP1	XM_003816097.7	+	1	2	55	426	9	10	2	2	2	middle	middle	1.000	1.000	constitutive	constitutive	158	128	2
NC_073269.2	42092554	42093331	2	1	+	NC_073269.2	42092999	42093264	WDR62	XM_003816089.6	+	2	2	445	67	17	18	12	9	9	middle	middle	0.750	0.750	alternative	alternative	111	63	9
NC_073269.2	42104938	42105829	2	1	+	NC_073269.2	42104972	42105797	WDR62	XM_003816089.6	+	2	2	34	32	29	30	12	12	12	middle	middle	1.000	1.000	constitutive	constitutive	51	638	12
NC_073269.2	42153027	42153537	-2	1	-	NC_073269.2	42153156	42153453	LOC100973061	XM_003816162.6	-	2	2	84	129	2	3	1	1	1	middle	middle	1.000	1.000	constitutive	constitutive	86	84	1
NC_073269.2	44593253	44593604	3	1	+	NC_073269.2	44593287	44593604	C20H19orf33	XM_003812295.7	+	3	2	34	0	3	4	2	1	1	middle	last	0.500	0.500	unique	unique	62	98	1
NC_073269.2	44661075	44661807	1	1	+	NC_073269.2	44661177	44661807	CATSPERG	XM_034944887.2	+	1	2	102	0	27	28	10	10	10	middle	last	1.000	1.000	constitutive	constitutive	99	263	10
NC_073269.2	44754497	44754926	3	1	+	NC_073269.2	44754498	44754925	RYR1	XM_034945507.3	+	3	2	1	1	21	22	2	2	2	middle	middle	1.000	1.000	constitutive	constitutive	104	103	2
NC_073269.2	44900665	44901034	-1	1	-	NC_073269.2	44900667	44900973	MAP4K1	XM_034945509.3	-	1	3	61	2	15	17	2	2	2	middle	middle	1.000	1.000	constitutive	constitutive	58	47	2
NC_073269.2	45022599	45023187	-2	1	-	NC_073269.2	45022825	45023084	CAPN12	XM_003812264.5	-	2	2	103	226	19	20	1	1	1	middle	middle	1.000	1.000	constitutive	constitutive	116	58	1
NC_073269.2	45092635	45093100	-1	1	-	NC_073269.2	45092636	45093026	LGALS4	XM_034945631.3	-	1	2	74	1	9	10	1	1	1	middle	last	1.000	1.000	constitutive	constitutive	165	143	1
NC_073269.2	45107798	45108338	-3	1	-	NC_073269.2	45107910	45108209	LOC100980944	XM_003812260.5	-	3	2	129	112	5	6	1	1	1	middle	middle	1.000	1.000	constitutive	constitutive	48	64	1
NC_073269.2	45192327	45192735	-2	1	-	NC_073269.2	45192421	45192695	SIRT2	XM_003812256.4	-	2	2	40	94	4	5	5	5	5	middle	middle	1.000	1.000	constitutive	constitutive	106	56	5
NC_073269.2	45219704	45220337	-3	1	-	NC_073269.2	45219714	45220188	SARS2	XM_003812251.5	-	3	2	149	10	13	15	4	3	3	middle	middle	0.750	0.750	alternative	alternative	93	65	3
NC_073269.2	45221964	45222429	-2	1	-	NC_073269.2	45221966	45222402	SARS2	XM_003812251.5	-	2	2	27	2	9	10	4	3	3	middle	middle	0.750	0.750	alternative	alternative	108	45	3
NC_073269.2	45396637	45396964	2	1	+	NC_073269.2	45396690	45396963	ACP7	XM_034944753.3	+	2	2	53	1	4	5	10	2	2	middle	middle	0.200	0.200	alternative	alternative	62	114	2
NC_073269.2	45397032	45397374	1	1	+	NC_073269.2	45397060	45397318	ACP7	XM_034944746.3	+	1	2	28	56	7	8	10	8	8	middle	middle	0.800	0.800	alternative	alternative	107	57	8
NC_073269.2	45542986	45543436	-1	1	-	NC_073269.2	45543131	45543418	LOC100990235	XM_034945398.4	-	1	2	18	145	2	3	1	1	1	middle	middle	1.000	1.000	constitutive	constitutive	71	143	1
NC_073269.2	45564616	45565141	2	1	+	NC_073269.2	45564617	45565102	LOC100976754	XM_008964649.5	+	2	2	1	39	3	4	1	1	1	middle	middle	1.000	1.000	constitutive	constitutive	77	149	1
NC_073269.2	45754394	45754769	3	1	+	NC_073269.2	45754513	45754768	SUPT5H	XM_008964641.4	+	3	2	119	1	4	5	1	1	1	middle	middle	1.000	1.000	constitutive	constitutive	69	68	1
NC_073269.2	45781832	45782330	3	1	+	NC_073269.2	45781878	45782186	TIMM50	XM_003812235.7	+	3	2	46	144	7	8	1	1	1	middle	middle	1.000	1.000	constitutive	constitutive	104	98	1
NC_073269.2	45814447	45814795	2	1	+	NC_073269.2	45814553	45814795	SELENOV	XM_003812231.5	+	2	2	106	0	4	5	5	3	2	middle	last	0.600	0.400	alternative	alternative	74	74	2
NC_073269.2	45814447	45814795	2	1	+	NC_073269.2	45814553	45814794	SELENOV	XM_055103607.2	+	2	2	106	1	4	5	5	3	1	middle	middle	0.600	0.200	alternative	unique	74	73	1
NC_073269.2	46055996	46056638	-3	1	-	NC_073269.2	46056249	46056620	DYRK1B	XM_055103610.2	-	3	2	18	253	7	8	3	3	3	middle	middle	1.000	1.000	constitutive	constitutive	146	140	3
NC_073269.2	4607340	4608330	-2	1	-	NC_073269.2	4607394	4607742	MIER2	XM_034951024.3	-	2	2	588	54	8	9	8	6	8	middle	middle	0.750	1.000	alternative	constitutive	124	88	6
NC_073269.2	4607340	4608330	-2	1	-	NC_073269.2	4607394	4607742	MIER2	XM_055102925.2	-	2	2	588	54	11	12	8	2	8	middle	middle	0.250	1.000	alternative	constitutive	103	88	2
NC_073269.2	46482305	46482935	-3	1	-	NC_073269.2	46482403	46482797	CCNP	XM_008964933.5	-	3	2	138	98	4	5	2	2	2	middle	middle	1.000	1.000	constitutive	constitutive	158	151	2
NC_073269.2	46629019	46629439	2	1	+	NC_073269.2	46629026	46629438	PLD3	XM_008964918.6	+	2	3	7	1	1	3	30	30	30	first	middle	1.000	1.000	constitutive	constitutive	26	142	30
NC_073269.2	46813114	46814191	2	1	+	NC_073269.2	46813511	46814010	SPTBN4	XM_034945099.4	+	2	2	397	181	22	23	5	5	5	middle	middle	1.000	1.000	constitutive	constitutive	278	130	5
NC_073269.2	46824728	46825220	3	1	+	NC_073269.2	46824773	46825095	SPTBN4	XM_034945099.4	+	3	2	45	125	27	28	5	4	4	middle	middle	0.800	0.800	alternative	alternative	138	84	4
NC_073269.2	46865438	46865939	3	1	+	NC_073269.2	46865524	46865817	LTBP4	XM_003812479.7	+	3	2	86	122	8	9	27	27	27	middle	middle	1.000	1.000	constitutive	constitutive	74	122	27
NC_073269.2	46867226	46867979	3	1	+	NC_073269.2	46867522	46867905	LTBP4	XM_003812479.7	+	3	2	296	74	11	12	27	27	27	middle	middle	1.000	1.000	constitutive	constitutive	149	119	27
NC_073269.2	46972464	46972962	-2	1	-	NC_073269.2	46972503	46972833	COQ8B	XM_003812472.5	-	2	2	129	39	2	3	10	10	10	middle	middle	1.000	1.000	constitutive	constitutive	119	66	10
NC_073269.2	47440921	47441386	2	1	+	NC_073269.2	47440953	47441284	AXL	XM_003812463.5	+	2	2	32	102	5	6	2	2	2	middle	middle	1.000	1.000	constitutive	constitutive	80	115	2
NC_073269.2	47447845	47448724	2	1	+	NC_073269.2	47447900	47448565	AXL	XM_003812463.5	+	2	2	55	159	7	8	2	2	2	middle	middle	1.000	1.000	constitutive	constitutive	210	139	2
NC_073269.2	47999165	47999567	3	1	+	NC_073269.2	47999247	47999457	ARHGEF1	XM_008964832.4	+	3	2	82	110	10	11	18	18	18	middle	middle	1.000	1.000	constitutive	constitutive	96	35	18
NC_073269.2	48007393	48008050	2	1	+	NC_073269.2	48007464	48007933	ARHGEF1	XM_008964832.4	+	2	2	71	117	15	16	18	18	18	middle	middle	1.000	1.000	constitutive	constitutive	146	82	18
NC_073269.2	48009456	48010128	1	1	+	NC_073269.2	48009613	48009961	ARHGEF1	XM_008964832.4	+	1	2	157	167	21	22	18	18	18	middle	middle	1.000	1.000	constitutive	constitutive	75	167	18
NC_073269.2	48083044	48083497	-1	1	-	NC_073269.2	48083046	48083436	ATP1A3	XM_034946078.3	-	1	2	61	2	13	14	2	2	2	middle	middle	1.000	1.000	constitutive	constitutive	175	136	2
NC_073269.2	48108240	48108825	-2	1	-	NC_073269.2	48108382	48108749	GRIK5	XM_024926407.4	-	2	2	76	142	17	18	3	3	3	middle	middle	1.000	1.000	constitutive	constitutive	128	121	3
NC_073269.2	48226785	48227343	-2	1	-	NC_073269.2	48227005	48227237	POU2F2	XM_003811775.6	-	2	2	106	220	2	3	16	12	16	middle	middle	0.750	1.000	alternative	constitutive	65	34	12
NC_073269.2	48226785	48227343	-2	1	-	NC_073269.2	48227005	48227229	POU2F2	XM_034946084.3	-	2	2	114	220	1	2	16	4	16	first	middle	0.250	1.000	alternative	constitutive	57	34	4
NC_073269.2	48341586	48342360	-2	1	-	NC_073269.2	48342004	48342339	GSK3A	XM_003811765.6	-	2	2	21	418	3	4	1	1	1	middle	middle	1.000	1.000	constitutive	constitutive	83	110	1
NC_073269.2	48393742	48394432	2	1	+	NC_073269.2	48393831	48394349	CIC	XM_014342693.4	+	2	2	89	83	7	8	19	19	19	middle	middle	1.000	1.000	constitutive	constitutive	202	225	19
NC_073269.2	48396489	48397146	1	1	+	NC_073269.2	48396497	48397145	CIC	XM_014342693.4	+	1	2	8	1	11	12	19	19	19	middle	middle	1.000	1.000	constitutive	constitutive	187	121	19
NC_073269.2	48397469	48398273	3	1	+	NC_073269.2	48397504	48398219	CIC	XM_014342693.4	+	3	2	35	54	14	15	19	12	12	middle	middle	0.632	0.632	alternative	alternative	293	325	8
NC_073269.2	48397469	48398273	3	1	+	NC_073269.2	48397504	48398219	CIC	XM_034946061.3	+	3	2	35	54	14	15	19	12	7	middle	middle	0.632	0.368	alternative	alternative	293	322	4
NC_073269.2	48397469	48398273	3	1	+	NC_073269.2	48397507	48398219	CIC	XM_034946063.3	+	3	2	38	54	14	15	19	7	12	middle	middle	0.368	0.632	alternative	alternative	290	325	4
NC_073269.2	48397469	48398273	3	1	+	NC_073269.2	48397507	48398219	CIC	XM_055103684.2	+	3	2	38	54	14	15	19	7	7	middle	middle	0.368	0.368	alternative	alternative	290	322	3
NC_073269.2	48419764	48420067	2	1	+	NC_073269.2	48419765	48420050	TMEM145	XM_034946093.3	+	2	2	1	17	5	6	7	7	7	middle	middle	1.000	1.000	constitutive	constitutive	101	84	7
NC_073269.2	48439783	48440449	2	1	+	NC_073269.2	48439991	48440341	MEGF8	XM_003811761.6	+	2	2	208	108	4	5	6	6	6	middle	middle	1.000	1.000	constitutive	constitutive	180	88	6
NC_073269.2	48664993	48668590	-1	1	-	NC_073269.2	48664994	48667000	LOC129394738	XM_055103701.2	-	1	2	1590	1	1	2	1	1	1	first	last	1.000	1.000	constitutive	constitutive	1349	344	1
NC_073269.2	4945499	4947626	-3	1	-	NC_073269.2	4945554	4947413	POLRMT	XM_034944198.3	-	3	2	213	55	10	12	2	2	2	middle	middle	1.000	1.000	constitutive	constitutive	788	122	2
NC_073269.2	49644266	49644698	-3	1	-	NC_073269.2	49644268	49644611	PHLDB3	XM_008970842.4	-	3	2	87	2	9	10	3	2	2	middle	middle	0.667	0.667	alternative	alternative	99	90	2
NC_073269.2	49910009	49910606	-3	1	-	NC_073269.2	49910151	49910606	SMG9	XM_003817577.5	-	3	2	0	142	3	4	4	4	4	middle	middle	1.000	1.000	constitutive	constitutive	264	97	4
NC_073269.2	50916883	50917501	2	1	+	NC_073269.2	50917091	50917489	BCL3	XM_034945162.3	+	2	2	208	12	4	5	3	3	3	middle	middle	1.000	1.000	constitutive	constitutive	204	88	3
NC_073269.2	50979707	50980256	3	1	+	NC_073269.2	50980043	50980256	BCAM	XM_003817547.6	+	3	2	336	0	14	15	1	1	1	middle	last	1.000	1.000	constitutive	constitutive	117	2	1
NC_073269.2	51045278	51045818	3	1	+	NC_073269.2	51045452	51045734	NECTIN2	XM_034944393.3	+	3	2	174	84	7	8	3	1	1	middle	middle	0.333	0.333	unique	unique	63	86	1
NC_073269.2	51301290	51301953	1	1	+	NC_073269.2	51301402	51301798	PPP1R37	XM_003817535.7	+	1	2	112	155	6	7	3	3	3	middle	middle	1.000	1.000	constitutive	constitutive	150	155	3
NC_073269.2	5135031	5135916	1	1	+	NC_073269.2	5135107	5135754	PTBP1	XM_034946333.3	+	1	3	76	162	5	7	2	2	2	middle	middle	1.000	1.000	constitutive	constitutive	146	110	2
NC_073269.2	5139064	5139583	2	1	+	NC_073269.2	5139180	5139582	PTBP1	XM_034946333.3	+	2	2	116	1	12	13	2	2	2	middle	middle	1.000	1.000	constitutive	constitutive	92	216	2
NC_073269.2	51425637	51425949	1	1	+	NC_073269.2	51425666	51425892	MARK4	XM_003817533.6	+	1	2	29	57	5	6	5	4	5	middle	middle	0.800	1.000	alternative	constitutive	65	70	4
NC_073269.2	51425637	51425949	1	1	+	NC_073269.2	51425713	51425892	MARK4	XM_063600397.1	+	1	2	76	57	1	2	5	1	5	first	middle	0.200	1.000	unique	constitutive	18	70	1
NC_073269.2	51518399	51518747	-3	1	-	NC_073269.2	51518415	51518688	ERCC2	XM_003817527.7	-	3	2	59	16	14	15	5	5	5	middle	middle	1.000	1.000	constitutive	constitutive	69	101	5
NC_073269.2	51546461	51547382	-3	1	-	NC_073269.2	51546743	51547361	PPP1R13L	XM_034945614.3	-	3	2	21	282	9	11	2	2	2	middle	middle	1.000	1.000	constitutive	constitutive	131	166	2
NC_073269.2	51556867	51557710	-1	1	-	NC_073269.2	51557366	51557634	PPP1R13L	XM_034945614.3	-	1	2	76	499	5	6	2	2	2	middle	middle	1.000	1.000	constitutive	constitutive	98	91	2
NC_073269.2	51656022	51656907	-2	1	-	NC_073269.2	51656037	51656876	RTN2	XM_003817518.5	-	2	2	31	15	3	4	2	2	2	middle	middle	1.000	1.000	constitutive	constitutive	479	254	2
NC_073269.2	51687748	51687982	2	1	+	NC_073269.2	51687749	51687982	VASP	XM_003817515.6	+	2	2	1	0	12	13	4	4	4	middle	last	1.000	1.000	constitutive	constitutive	57	34	4
NC_073269.2	51839307	51839613	1	1	+	NC_073269.2	51839328	51839612	GIPR	XM_034944671.3	+	1	2	21	1	9	10	1	1	1	middle	middle	1.000	1.000	constitutive	constitutive	69	88	1
NC_073269.2	51937035	51937533	-2	1	-	NC_073269.2	51937107	51937461	DMPK	XM_008970711.4	-	2	2	72	72	11	12	23	23	23	middle	middle	1.000	1.000	constitutive	constitutive	157	97	23
NC_073269.2	5220718	5221375	-1	1	-	NC_073269.2	5220737	5221356	MED16	XM_055104309.2	-	1	2	19	19	2	3	3	3	3	middle	middle	1.000	1.000	constitutive	constitutive	107	169	3
NC_073269.2	52303424	52303943	-3	1	-	NC_073269.2	52303426	52303861	IGFL3	XM_008970706.5	-	3	2	82	2	2	3	1	1	1	middle	middle	1.000	1.000	constitutive	constitutive	53	270	1
NC_073269.2	52451664	52452192	1	1	+	NC_073269.2	52451700	52452191	HIF3A	XM_003817493.6	+	1	2	36	1	7	8	12	12	12	middle	middle	1.000	1.000	constitutive	constitutive	106	147	12
NC_073269.2	5250340	5251354	2	1	+	NC_073269.2	5250480	5251354	KISS1R	XM_034945670.3	+	2	2	140	0	4	5	1	1	1	middle	last	1.000	1.000	constitutive	constitutive	232	455	1
NC_073269.2	52528013	52528433	3	1	+	NC_073269.2	52528036	52528357	PPP5C	XM_003817491.5	+	3	2	23	76	10	11	2	2	2	middle	middle	1.000	1.000	constitutive	constitutive	40	178	2
NC_073269.2	5321087	5322005	3	1	+	NC_073269.2	5321169	5321676	WDR18	XM_034945007.3	+	3	2	82	329	5	7	1	1	1	middle	middle	1.000	1.000	constitutive	constitutive	143	124	1
NC_073269.2	53411976	53412804	1	1	+	NC_073269.2	53411996	53412630	CCDC9	XM_003814129.7	+	1	2	20	174	9	10	7	7	7	middle	middle	1.000	1.000	constitutive	constitutive	135	105	7
NC_073269.2	5341654	5342518	-1	1	-	NC_073269.2	5341756	5342211	TMEM259	XM_055102893.2	-	1	3	307	102	5	7	4	4	4	middle	middle	1.000	1.000	constitutive	constitutive	122	57	4
NC_073269.2	5386059	5386581	1	1	+	NC_073269.2	5386077	5386453	ABCA7	XM_055103162.2	+	1	2	18	128	18	19	4	4	4	middle	middle	1.000	1.000	constitutive	constitutive	131	139	4
NC_073269.2	5399076	5399811	1	1	+	NC_073269.2	5399479	5399798	ABCA7	XM_055103162.2	+	1	2	403	13	42	43	4	4	4	middle	middle	1.000	1.000	constitutive	constitutive	134	103	4
NC_073269.2	5409549	5409972	1	1	+	NC_073269.2	5409567	5409907	ARHGAP45	XM_034946337.3	+	1	2	18	65	5	6	7	7	7	middle	middle	1.000	1.000	constitutive	constitutive	72	66	7
NC_073269.2	5415605	5416187	3	1	+	NC_073269.2	5415639	5416054	ARHGAP45	XM_034946337.3	+	3	2	34	133	12	13	7	7	7	middle	middle	1.000	1.000	constitutive	constitutive	137	190	7
NC_073269.2	5417442	5417910	1	1	+	NC_073269.2	5417488	5417898	ARHGAP45	XM_034946337.3	+	1	2	46	12	17	18	7	7	7	middle	middle	1.000	1.000	constitutive	constitutive	188	137	7
NC_073269.2	54237088	54237658	-1	1	-	NC_073269.2	54237090	54237536	LIG1	XM_003814100.5	-	1	2	122	2	14	15	8	8	8	middle	middle	1.000	1.000	constitutive	constitutive	91	99	8
NC_073269.2	54408138	54408822	-2	1	-	NC_073269.2	54408189	54408679	ODAD1	XM_008966717.5	-	2	2	143	51	7	8	13	13	13	middle	middle	1.000	1.000	constitutive	constitutive	187	134	13
NC_073269.2	5445766	5446444	-1	1	-	NC_073269.2	5445899	5446383	SBNO2	XM_055104018.2	-	1	3	61	133	26	28	3	3	3	middle	middle	1.000	1.000	constitutive	constitutive	94	131	3
NC_073269.2	5459778	5460465	-2	1	-	NC_073269.2	5459780	5460167	SBNO2	XM_055104018.2	-	2	2	298	2	7	8	3	3	3	middle	middle	1.000	1.000	constitutive	constitutive	151	133	3
NC_073269.2	54898706	54899267	-3	1	-	NC_073269.2	54898782	54899072	BCAT2	XM_003814304.7	-	3	2	195	76	9	10	4	4	4	middle	middle	1.000	1.000	constitutive	constitutive	140	74	4
NC_073269.2	54902021	54902780	-3	1	-	NC_073269.2	54902023	54902645	BCAT2	XM_003814304.7	-	3	2	135	2	4	6	4	4	4	middle	middle	1.000	1.000	constitutive	constitutive	110	163	4
NC_073269.2	55254546	55255152	1	1	+	NC_073269.2	55254580	55255000	PPFIA3	XM_003814310.6	+	1	2	34	152	16	17	2	2	2	middle	middle	1.000	1.000	constitutive	constitutive	163	127	2
NC_073269.2	55268026	55270552	-1	1	-	NC_073269.2	55268183	55270291	HRC	XM_008966929.4	-	1	2	261	157	1	2	2	2	2	first	middle	1.000	1.000	constitutive	constitutive	1962	70	2
NC_073269.2	55327203	55327866	1	1	+	NC_073269.2	55327323	55327588	TRPM4	XM_034944376.3	+	1	2	120	278	23	24	10	8	8	middle	middle	0.800	0.800	alternative	alternative	72	105	8
NC_073269.2	55547707	55548292	-1	1	-	NC_073269.2	55547759	55548192	SLC17A7	XM_003814324.6	-	1	2	100	52	10	11	1	1	1	middle	middle	1.000	1.000	constitutive	constitutive	110	127	1
NC_073269.2	55606981	55607494	2	1	+	NC_073269.2	55607114	55607494	RPL13A	XM_003814327.7	+	2	2	133	0	7	8	3	3	3	middle	last	1.000	1.000	constitutive	constitutive	122	83	3
NC_073269.2	55674823	55675585	-1	1	-	NC_073269.2	55674825	55675525	NOSIP	XM_003814335.5	-	1	3	60	2	4	6	4	2	4	middle	middle	0.500	1.000	alternative	constitutive	159	187	2
NC_073269.2	55674823	55675585	-1	1	-	NC_073269.2	55674825	55675525	NOSIP	XM_008966950.5	-	1	3	60	2	4	6	4	2	4	middle	middle	0.500	1.000	alternative	constitutive	168	187	2
NC_073269.2	55711919	55715558	3	1	+	NC_073269.2	55711972	55715531	PRR12	XM_034946289.4	+	3	2	53	27	3	4	1	1	1	middle	middle	1.000	1.000	constitutive	constitutive	161	3316	1
NC_073269.2	55779217	55779916	-1	1	-	NC_073269.2	55779223	55779892	IRF3	XM_008966956.4	-	1	2	24	6	4	5	9	9	9	middle	middle	1.000	1.000	constitutive	constitutive	192	380	9
NC_073269.2	55780426	55780849	-1	1	-	NC_073269.2	55780463	55780789	IRF3	XM_008966956.4	-	1	2	60	37	2	3	9	9	9	middle	middle	1.000	1.000	constitutive	constitutive	171	70	9
NC_073269.2	55821708	55822146	1	1	+	NC_073269.2	55821832	55822123	CPT1C	XM_034946317.3	+	1	2	124	23	7	8	14	14	14	middle	middle	1.000	1.000	constitutive	constitutive	107	84	14
NC_073269.2	5586499	5586889	2	1	+	NC_073269.2	5586552	5586889	ATP5F1D	XM_034951817.2	+	2	2	53	0	3	4	1	1	1	middle	last	1.000	1.000	constitutive	constitutive	88	119	1
NC_073269.2	55947620	55948061	3	1	+	NC_073269.2	55947692	55948007	MED25	XM_008966986.4	+	3	2	72	54	12	13	7	7	7	middle	middle	1.000	1.000	constitutive	constitutive	57	107	7
NC_073269.2	55969698	55970334	1	1	+	NC_073269.2	55970005	55970333	PTOV1	XM_008966984.6	+	1	2	307	1	2	3	10	10	10	middle	middle	1.000	1.000	constitutive	constitutive	137	82	10
NC_073269.2	55978122	55978374	-2	1	-	NC_073269.2	55978174	55978374	PNKP	XM_003814346.6	-	2	2	0	52	9	10	3	3	3	middle	middle	1.000	1.000	constitutive	constitutive	48	70	3
NC_073269.2	56000011	56000389	2	1	+	NC_073269.2	56000028	56000327	TBC1D17	XM_034946790.3	+	2	2	17	62	12	13	2	2	2	middle	middle	1.000	1.000	constitutive	constitutive	100	99	2
NC_073269.2	56002971	56004279	1	1	+	NC_073269.2	56003033	56003886	TBC1D17	XM_034946790.3	+	1	3	62	393	15	17	2	2	2	middle	middle	1.000	1.000	constitutive	constitutive	97	86	2
NC_073269.2	5613690	5614647	1	1	+	NC_073269.2	5613754	5614647	CIRBP	XM_034951819.3	+	1	2	64	0	4	6	8	8	2	middle	last	1.000	0.250	constitutive	alternative	138	243	2
NC_073269.2	5613690	5614647	1	1	+	NC_073269.2	5613754	5614474	CIRBP	XM_034951820.3	+	1	2	64	173	4	6	8	8	6	middle	middle	1.000	0.750	constitutive	alternative	138	70	6
NC_073269.2	56402367	56402892	-2	1	-	NC_073269.2	56402380	56402811	LOC100989682	XM_003813624.4	-	2	2	81	13	3	4	1	1	1	middle	middle	1.000	1.000	constitutive	constitutive	123	118	1
NC_073269.2	56482063	56482537	2	1	+	NC_073269.2	56482145	56482472	POLD1	XM_003813619.5	+	2	2	82	65	22	23	4	4	4	middle	middle	1.000	1.000	constitutive	constitutive	132	113	4
NC_073269.2	56528269	56528827	2	1	+	NC_073269.2	56528270	56528767	MYBPC2	XM_034946532.3	+	2	2	1	60	25	26	1	1	1	middle	middle	1.000	1.000	constitutive	constitutive	159	136	1
NC_073269.2	56783406	56784108	-2	1	-	NC_073269.2	56783431	56784075	SHANK1	XM_034944348.3	-	2	2	33	25	1	2	4	4	4	first	middle	1.000	1.000	constitutive	constitutive	254	203	4
NC_073269.2	5714676	5715099	1	1	+	NC_073269.2	5714677	5715058	PWWP3A	XM_034951823.4	+	1	2	1	41	9	10	7	7	7	middle	middle	1.000	1.000	constitutive	constitutive	75	50	7
NC_073269.2	57745838	57746231	3	1	+	NC_073269.2	57745861	57746177	SPACA6	XM_008966220.6	+	3	2	23	54	5	6	2	2	2	middle	middle	1.000	1.000	constitutive	constitutive	77	109	2
NC_073269.2	5799046	5799595	2	1	+	NC_073269.2	5799230	5799594	APC2	XM_055103243.2	+	2	2	184	1	3	4	5	5	5	middle	middle	1.000	1.000	constitutive	constitutive	90	180	5
NC_073269.2	5801106	5801784	1	1	+	NC_073269.2	5801157	5801508	APC2	XM_055103243.2	+	1	2	51	276	5	6	5	5	4	middle	middle	1.000	0.800	constitutive	alternative	108	116	4
NC_073269.2	5801106	5801784	1	1	+	NC_073269.2	5801157	5801508	APC2	XM_055103244.2	+	1	2	51	276	5	6	5	5	1	middle	middle	1.000	0.200	constitutive	unique	108	113	1
NC_073269.2	58503826	58504330	2	1	+	NC_073269.2	58503926	58504325	LOC103784269	XM_055103827.3	+	2	2	100	5	1	3	1	1	1	first	middle	1.000	1.000	constitutive	constitutive	83	259	1
NC_073269.2	5855646	5856591	-2	1	-	NC_073269.2	5855725	5856185	PCSK4	XM_055103250.2	-	2	2	406	79	7	8	8	8	8	middle	middle	1.000	1.000	constitutive	constitutive	172	212	8
NC_073269.2	5856655	5857171	-1	1	-	NC_073269.2	5856657	5856964	PCSK4	XM_055103250.2	-	1	2	207	2	4	5	8	8	8	middle	middle	1.000	1.000	constitutive	constitutive	128	76	8
NC_073269.2	59087456	59088380	-3	1	-	NC_073269.2	59087457	59088272	LOC134729645	XM_063600620.1	-	3	2	108	1	1	2	1	1	1	first	last	1.000	1.000	constitutive	constitutive	267	421	1
NC_073269.2	5984036	5984654	-3	1	-	NC_073269.2	5984231	5984594	TCF3	XM_034951776.3	-	3	2	60	195	12	13	24	19	24	middle	middle	0.792	1.000	alternative	constitutive	158	123	19
NC_073269.2	5984036	5984654	-3	1	-	NC_073269.2	5984231	5984591	TCF3	XM_055103286.2	-	3	2	63	195	14	15	24	5	24	middle	middle	0.208	1.000	alternative	constitutive	155	123	5
NC_073269.2	5986211	5987702	-3	1	-	NC_073269.2	5986251	5987533	TCF3	XM_034951776.3	-	3	3	169	40	7	9	24	24	24	middle	middle	1.000	1.000	constitutive	constitutive	169	58	24
NC_073269.2	60112124	60112628	-3	1	-	NC_073269.2	60112185	60112554	TFPT	XM_003830160.6	-	3	2	74	61	4	5	4	3	3	middle	middle	0.750	0.750	alternative	alternative	69	218	3
NC_073269.2	60153592	60154213	2	1	+	NC_073269.2	60153617	60154212	CNOT3	XM_003830153.5	+	2	2	25	1	10	11	17	17	17	middle	middle	1.000	1.000	constitutive	constitutive	387	123	17
NC_073269.2	60247549	60248392	-1	1	-	NC_073269.2	60247618	60248352	LILRA6	XM_034946462.3	-	1	2	40	69	3	4	1	1	1	middle	middle	1.000	1.000	constitutive	constitutive	284	302	1
NC_073269.2	60479430	60480327	1	1	+	NC_073269.2	60479527	60480327	LENG8	XM_034946375.3	+	1	2	97	0	13	14	14	14	8	middle	last	1.000	0.571	constitutive	alternative	129	589	8
NC_073269.2	60479430	60480327	1	1	+	NC_073269.2	60479527	60479945	LENG8	XM_034946379.3	+	1	2	97	382	13	14	14	14	6	middle	middle	1.000	0.429	constitutive	alternative	129	207	6
NC_073269.2	60542545	60543019	2	1	+	NC_073269.2	60542568	60542873	LOC100992623	XM_063599707.1	+	2	2	23	146	2	3	1	1	1	middle	middle	1.000	1.000	constitutive	constitutive	146	83	1
NC_073269.2	60566535	60566922	1	1	+	NC_073269.2	60566573	60566922	LOC100992623	XM_063599707.1	+	1	2	38	0	10	11	1	1	1	middle	last	1.000	1.000	constitutive	constitutive	52	188	1
NC_073269.2	60652773	60653475	1	1	+	NC_073269.2	60653095	60653475	LOC103783591	XM_034946392.3	+	1	2	322	0	15	16	9	3	7	middle	last	0.333	0.778	alternative	alternative	158	143	3
NC_073269.2	60652773	60653475	1	1	+	NC_073269.2	60653098	60653475	LOC103783591	XM_034946393.3	+	1	2	325	0	15	16	9	4	7	middle	last	0.444	0.778	alternative	alternative	155	143	4
NC_073269.2	60718043	60718886	3	1	+	NC_073269.2	60718066	60718818	LOC103783592	XM_024926600.4	+	3	2	23	68	3	4	1	1	1	middle	middle	1.000	1.000	constitutive	constitutive	302	302	1
NC_073269.2	60718915	60719992	2	1	+	NC_073269.2	60718938	60719801	LOC103783592	XM_024926600.4	+	2	2	23	191	5	7	1	1	1	middle	middle	1.000	1.000	constitutive	constitutive	311	257	1
NC_073269.2	60979915	60980293	2	1	+	NC_073269.2	60979935	60980293	LOC100986982	XM_063599676.1	+	2	2	20	0	8	9	8	8	7	middle	last	1.000	0.875	constitutive	alternative	52	206	7
NC_073269.2	60979915	60980293	2	1	+	NC_073269.2	60979935	60980293	LOC100986982	XM_063599681.1	+	2	2	20	0	7	8	8	8	1	middle	last	1.000	0.125	constitutive	unique	52	140	1
NC_073269.2	61214364	61215000	1	1	+	NC_073269.2	61214365	61214772	EPS8L1	XM_003809897.5	+	1	2	1	228	4	5	6	6	6	middle	middle	1.000	1.000	constitutive	constitutive	126	88	6
NC_073269.2	61218929	61219469	3	1	+	NC_073269.2	61218972	61219468	EPS8L1	XM_003809897.5	+	3	2	43	1	12	13	6	6	6	middle	middle	1.000	1.000	constitutive	constitutive	126	174	6
NC_073269.2	61225262	61225601	-3	1	-	NC_073269.2	61225264	61225510	PPP1R12C	XM_034944330.3	-	3	2	91	2	16	17	2	1	2	middle	middle	0.500	1.000	unique	constitutive	85	40	1
NC_073269.2	61225262	61225601	-3	1	-	NC_073269.2	61225264	61225507	PPP1R12C	XM_034944331.3	-	3	2	94	2	16	17	2	1	2	middle	middle	0.500	1.000	unique	constitutive	82	40	1
NC_073269.2	61297575	61298193	-2	1	-	NC_073269.2	61297810	61298163	DNAAF3	XM_003807109.5	-	2	2	30	235	7	8	4	4	4	middle	middle	1.000	1.000	constitutive	constitutive	125	122	4
NC_073269.2	61431712	61432084	2	1	+	NC_073269.2	61431871	61432054	BRSK1	XM_034946835.4	+	2	2	159	30	6	7	2	2	2	middle	middle	1.000	1.000	constitutive	constitutive	33	68	2
NC_073269.2	6154894	6155611	-1	1	-	NC_073269.2	6154945	6155494	ATP8B3	XM_034945327.3	-	1	2	117	51	25	26	9	9	9	middle	middle	1.000	1.000	constitutive	constitutive	239	138	9
NC_073269.2	6159087	6160266	-2	1	-	NC_073269.2	6159138	6159766	ATP8B3	XM_034945327.3	-	2	2	500	51	21	22	9	9	9	middle	middle	1.000	1.000	constitutive	constitutive	99	366	9
NC_073269.2	61629712	61630966	2	1	+	NC_073269.2	61629762	61630760	SSC5D	XM_034946545.3	+	2	3	50	206	3	5	5	5	5	middle	middle	1.000	1.000	constitutive	constitutive	308	110	5
NC_073269.2	6186644	6187016	-3	1	-	NC_073269.2	6186645	6186929	REXO1	XM_034944187.3	-	3	2	87	1	15	16	1	1	1	middle	last	1.000	1.000	constitutive	constitutive	120	85	1
NC_073269.2	6187187	6188006	-3	1	-	NC_073269.2	6187282	6187913	REXO1	XM_034944187.3	-	3	2	93	95	12	13	1	1	1	middle	middle	1.000	1.000	constitutive	constitutive	110	115	1
NC_073269.2	62861329	62861764	2	1	+	NC_073269.2	62861330	62861669	ZNF470	XM_008962213.5	+	2	2	1	95	2	3	5	2	5	middle	middle	0.400	1.000	alternative	constitutive	126	95	2
NC_073269.2	62861329	62861764	2	1	+	NC_073269.2	62861423	62861669	ZNF470	XM_014342906.4	+	2	2	94	95	1	2	5	3	5	first	middle	0.600	1.000	alternative	constitutive	33	95	3
NC_073269.2	6288470	6289151	3	1	+	NC_073269.2	6288562	6289150	SCAMP4	XM_055103304.3	+	3	2	92	1	2	3	1	1	1	middle	middle	1.000	1.000	constitutive	constitutive	128	156	1
NC_073269.2	6354748	6355495	2	1	+	NC_073269.2	6354792	6355237	CSNK1G2	XM_055103307.2	+	2	2	44	258	2	3	4	4	1	middle	middle	1.000	0.250	constitutive	unique	40	308	1
NC_073269.2	6354748	6355495	2	1	+	NC_073269.2	6354792	6355237	CSNK1G2	XM_055103308.3	+	2	3	44	258	2	4	4	4	3	middle	middle	1.000	0.750	constitutive	alternative	40	148	3
NC_073269.2	6363985	6365248	-1	1	-	NC_073269.2	6364691	6365114	BTBD2	XM_055103305.2	-	1	2	134	706	7	8	2	2	2	middle	middle	1.000	1.000	constitutive	constitutive	87	146	2
NC_073269.2	6422522	6423065	-3	1	-	NC_073269.2	6422634	6422869	MKNK2	XM_003819227.7	-	3	2	196	112	8	9	5	5	5	middle	middle	1.000	1.000	constitutive	constitutive	55	95	5
NC_073269.2	64253207	64253681	-3	1	-	NC_073269.2	64253327	64253660	C20H19orf18	XM_003816662.4	-	3	2	21	120	1	2	1	1	1	first	middle	1.000	1.000	constitutive	constitutive	120	104	1
NC_073269.2	64775415	64775829	-2	1	-	NC_073269.2	64775416	64775813	SLC27A5	XM_003816626.4	-	2	2	16	1	9	10	1	1	1	middle	last	1.000	1.000	constitutive	constitutive	130	173	1
NC_073269.2	64830970	64831474	2	1	+	NC_073269.2	64830999	64831469	TRIM28	XM_034944768.3	+	2	2	29	5	2	3	1	1	1	middle	middle	1.000	1.000	constitutive	constitutive	112	132	1
NC_073269.2	64833976	64834438	2	1	+	NC_073269.2	64834062	64834349	TRIM28	XM_034944768.3	+	2	2	86	89	9	10	1	1	1	middle	middle	1.000	1.000	constitutive	constitutive	106	36	1
NC_073269.2	64835522	64835912	3	1	+	NC_073269.2	64835523	64835858	TRIM28	XM_034944768.3	+	3	2	1	54	15	16	1	1	1	middle	middle	1.000	1.000	constitutive	constitutive	86	137	1
NC_073269.2	64837382	64837850	-3	1	-	NC_073269.2	64837490	64837769	CHMP2A	XM_003816640.7	-	3	2	81	108	3	4	2	2	2	middle	middle	1.000	1.000	constitutive	constitutive	130	61	2
NC_073269.2	6511106	6511457	-3	1	-	NC_073269.2	6511108	6511402	AP3D1	XM_034946369.3	-	3	2	55	2	7	8	2	2	2	middle	middle	1.000	1.000	constitutive	constitutive	139	73	2
NC_073269.2	6635601	6636816	1	1	+	NC_073269.2	6635711	6636816	AMH	XM_034946257.4	+	1	2	110	0	4	5	1	1	1	middle	last	1.000	1.000	constitutive	constitutive	159	855	1
NC_073269.2	6818356	6819115	-1	1	-	NC_073269.2	6818384	6819073	LMNB2	XM_034945928.3	-	1	2	42	28	7	8	2	2	2	middle	middle	1.000	1.000	constitutive	constitutive	220	279	2
NC_073269.2	7603339	7603783	2	1	+	NC_073269.2	7603489	7603783	NCLN	XM_003819248.5	+	2	2	150	0	14	15	4	4	4	middle	last	1.000	1.000	constitutive	constitutive	78	56	4
NC_073269.2	7931960	7932632	3	1	+	NC_073269.2	7932219	7932632	FZR1	XM_034945770.3	+	3	2	259	0	12	13	4	2	4	middle	last	0.500	1.000	alternative	constitutive	101	38	2
NC_073269.2	7931960	7932632	3	1	+	NC_073269.2	7932219	7932632	FZR1	XM_034945771.3	+	3	2	259	0	12	13	4	2	4	middle	last	0.500	1.000	alternative	constitutive	92	38	2
NC_073269.2	7944894	7945320	-2	1	-	NC_073269.2	7945012	7945287	MFSD12	XM_034945772.3	-	2	2	33	118	5	6	2	2	2	middle	middle	1.000	1.000	constitutive	constitutive	92	92	2
NC_073269.2	8334704	8335790	3	1	+	NC_073269.2	8334777	8335789	NMRK2	XM_034945597.3	+	3	2	73	1	3	4	4	4	4	middle	middle	1.000	1.000	constitutive	constitutive	48	156	4
NC_073269.2	8423594	8424764	3	1	+	NC_073269.2	8423873	8424575	PIAS4	XM_003819270.7	+	3	2	279	189	4	6	2	2	2	middle	middle	1.000	1.000	constitutive	constitutive	41	128	2
NC_073269.2	8432156	8434136	3	1	+	NC_073269.2	8432223	8434136	LOC134729588	XM_063599781.1	+	3	2	67	0	1	2	1	1	1	first	last	1.000	1.000	constitutive	constitutive	965	908	1
NC_073269.2	8434448	8435066	3	1	+	NC_073269.2	8434568	8435066	PIAS4	XM_003819270.7	+	3	2	120	0	10	11	2	2	2	middle	last	1.000	1.000	constitutive	constitutive	130	256	2
NC_073269.2	8721601	8721961	2	1	+	NC_073269.2	8721669	8721961	FSD1	XM_003819276.5	+	2	2	68	0	12	13	4	3	3	middle	last	0.750	0.750	alternative	alternative	88	107	3
NC_073269.2	8723484	8724090	-2	1	-	NC_073269.2	8723544	8723885	STAP2	XM_003819277.7	-	2	2	205	60	10	11	5	5	5	middle	middle	1.000	1.000	constitutive	constitutive	161	92	5
NC_073269.2	8752991	8753414	3	1	+	NC_073269.2	8753082	8753306	MPND	XM_034945477.3	+	3	2	91	108	7	8	3	3	3	middle	middle	1.000	1.000	constitutive	constitutive	72	76	3
NC_073269.2	8883729	8884035	1	1	+	NC_073269.2	8883754	8884023	HDGFL2	XM_034946518.3	+	1	2	25	12	5	6	4	4	4	middle	middle	1.000	1.000	constitutive	constitutive	116	71	4
NC_073269.2	8887904	8888573	3	1	+	NC_073269.2	8888020	8888513	HDGFL2	XM_034946518.3	+	3	2	116	60	8	9	4	4	4	middle	middle	1.000	1.000	constitutive	constitutive	75	309	4
NC_073269.2	8904472	8908177	-1	1	-	NC_073269.2	8904502	8908153	PLIN4	XM_063599789.1	-	1	2	24	30	4	5	1	1	1	middle	middle	1.000	1.000	constitutive	constitutive	2066	1485	1
NC_073269.2	9337331	9337784	3	1	+	NC_073269.2	9337349	9337667	UHRF1	XM_034944741.3	+	3	2	18	117	8	9	2	2	2	middle	middle	1.000	1.000	constitutive	constitutive	123	107	2
NC_073270.2	18510089	18510665	-2	1	-	NC_073270.2	18510291	18510548	RRBP1	XM_063601142.1	-	2	2	117	202	12	13	3	3	3	middle	middle	1.000	1.000	constitutive	constitutive	92	83	3
NC_073270.2	22222789	22223209	2	1	+	NC_073270.2	22222790	22223080	XRN2	XM_003810626.6	+	2	2	1	129	11	12	2	2	2	middle	middle	1.000	1.000	constitutive	constitutive	133	57	2
NC_073270.2	3652840	3653455	-3	1	-	NC_073270.2	3653072	3653335	IDH3B	XM_034946995.2	-	3	2	120	232	1	2	2	2	2	first	middle	1.000	1.000	constitutive	constitutive	35	80	2
NC_073270.2	3738163	3738979	2	1	+	NC_073270.2	3738597	3738950	EBF4	XM_034946986.3	+	2	2	434	29	10	11	4	4	4	middle	middle	1.000	1.000	constitutive	constitutive	133	126	4
NC_073270.2	37527189	37527702	1	1	+	NC_073270.2	37527379	37527701	MYLK2	XM_003814759.4	+	1	2	190	1	11	12	1	1	1	middle	middle	1.000	1.000	constitutive	constitutive	70	128	1
NC_073270.2	3773068	3774046	-3	1	-	NC_073270.2	3773070	3773805	CPXM1	XM_014342954.4	-	3	2	241	2	2	4	2	2	2	middle	middle	1.000	1.000	constitutive	constitutive	161	139	2
NC_073270.2	3830709	3831183	1	1	+	NC_073270.2	3830813	3831126	VPS16	XM_008974758.5	+	1	2	104	57	3	4	1	1	1	middle	middle	1.000	1.000	constitutive	constitutive	97	128	1
NC_073270.2	3833289	3833817	1	1	+	NC_073270.2	3833350	3833705	VPS16	XM_008974758.5	+	1	2	61	112	12	13	1	1	1	middle	middle	1.000	1.000	constitutive	constitutive	131	127	1
NC_073270.2	38772267	38773248	1	1	+	NC_073270.2	38772287	38773247	BPIFB4	XM_034947355.3	+	1	2	20	1	2	3	1	1	1	middle	middle	1.000	1.000	constitutive	constitutive	62	507	1
NC_073270.2	4039412	4039940	3	1	+	NC_073270.2	4039602	4039940	OXT	XM_055104764.2	+	3	2	190	0	2	3	1	1	1	middle	last	1.000	1.000	constitutive	constitutive	201	52	1
NC_073270.2	4050201	4050909	-1	1	-	NC_073270.2	4050202	4050744	AVP	XM_034947667.4	-	1	2	165	1	2	3	1	1	1	middle	last	1.000	1.000	constitutive	constitutive	201	169	1
NC_073270.2	40587412	40587940	-3	1	-	NC_073270.2	40587513	40587903	GGT7	XM_034947568.3	-	3	2	37	101	9	10	3	3	3	middle	middle	1.000	1.000	constitutive	constitutive	127	88	3
NC_073270.2	40729208	40729709	3	1	+	NC_073270.2	40729296	40729708	MYH7B	XM_008957218.5	+	3	2	88	1	27	28	3	3	3	middle	middle	1.000	1.000	constitutive	constitutive	176	145	3
NC_073270.2	40734139	40734592	2	1	+	NC_073270.2	40734182	40734463	MYH7B	XM_008957218.5	+	2	2	43	129	40	41	3	3	3	middle	middle	1.000	1.000	constitutive	constitutive	104	95	3
NC_073270.2	41333076	41333349	-1	1	-	NC_073270.2	41333097	41333325	LOC103783902	XM_034947140.3	-	1	2	24	21	8	9	1	1	1	middle	middle	1.000	1.000	constitutive	constitutive	62	84	1
NC_073270.2	41333502	41334024	-1	1	-	NC_073270.2	41333584	41333893	LOC103783902	XM_034947140.3	-	1	2	131	82	6	7	1	1	1	middle	middle	1.000	1.000	constitutive	constitutive	60	131	1
NC_073270.2	4197312	4197897	-1	1	-	NC_073270.2	4197345	4197873	SLC4A11	XM_008974774.5	-	1	3	24	33	9	11	26	26	26	middle	middle	1.000	1.000	constitutive	constitutive	93	113	26
NC_073270.2	4624008	4624665	-1	1	-	NC_073270.2	4624077	4624613	GFRA4	XM_034947160.2	-	1	2	52	69	2	3	1	1	1	middle	middle	1.000	1.000	constitutive	constitutive	345	109	1
NC_073270.2	50940537	50942433	1	1	+	NC_073270.2	50940587	50942433	SEMG1	XM_034947443.2	+	1	2	50	0	2	3	1	1	1	middle	last	1.000	1.000	constitutive	constitutive	1013	301	1
NC_073270.2	51034658	51035084	-2	1	-	NC_073270.2	51034721	51035062	MATN4	XM_008951337.4	-	2	2	22	63	3	4	3	3	3	middle	middle	1.000	1.000	constitutive	constitutive	122	122	3
NC_073270.2	51154176	51155079	1	1	+	NC_073270.2	51154251	51154794	PIGT	XM_008951354.5	+	1	2	75	285	3	4	3	2	2	middle	middle	0.667	0.667	alternative	alternative	127	100	2
NC_073270.2	51557330	51557927	3	1	+	NC_073270.2	51557376	51557748	UBE2C	XM_003825980.5	+	3	2	46	179	4	5	1	1	1	middle	middle	1.000	1.000	constitutive	constitutive	204	59	1
NC_073270.2	51643589	51644075	-2	1	-	NC_073270.2	51643591	51643928	PLTP	XM_008951377.6	-	2	2	147	2	10	11	3	3	3	middle	middle	1.000	1.000	constitutive	constitutive	164	67	3
NC_073270.2	51687384	51687792	1	1	+	NC_073270.2	51687436	51687791	PCIF1	XM_003825996.6	+	1	2	52	1	11	12	2	2	2	middle	middle	1.000	1.000	constitutive	constitutive	86	184	2
NC_073270.2	51690523	51690829	-3	1	-	NC_073270.2	51690574	51690802	ZNF335	XM_003825994.6	-	3	2	27	51	25	26	7	3	3	middle	middle	0.429	0.429	alternative	alternative	65	81	3
NC_073270.2	51702086	51702437	-2	1	-	NC_073270.2	51702154	51702437	ZNF335	XM_003825994.6	-	2	2	0	68	11	12	7	7	7	middle	middle	1.000	1.000	constitutive	constitutive	116	76	7
NC_073270.2	51783485	51783806	3	1	+	NC_073270.2	51783505	51783805	SLC12A5	XM_003825997.7	+	3	2	20	1	10	11	2	2	2	middle	middle	1.000	1.000	constitutive	constitutive	98	57	2
NC_073270.2	51796922	51797465	3	1	+	NC_073270.2	51797033	51797465	SLC12A5	XM_003825997.7	+	3	2	111	0	25	26	2	2	2	middle	last	1.000	1.000	constitutive	constitutive	133	88	2
NC_073270.2	51868159	51868420	2	1	+	NC_073270.2	51868191	51868408	CD40	XM_003826000.8	+	2	2	32	12	7	8	7	2	4	middle	middle	0.286	0.571	alternative	alternative	86	28	2
NC_073270.2	51868159	51868420	2	1	+	NC_073270.2	51868191	51868408	CD40	XM_034947136.4	+	2	2	32	12	7	8	7	2	4	middle	middle	0.286	0.571	alternative	alternative	98	28	2
NC_073270.2	51926338	51926980	-3	1	-	NC_073270.2	51926587	51926946	CDH22	XM_034947215.3	-	3	2	34	249	8	9	3	2	2	middle	middle	0.667	0.667	alternative	alternative	121	117	2
NC_073270.2	56357337	56357715	-1	1	-	NC_073270.2	56357339	56357688	RIPOR3	XM_008968198.4	-	1	2	27	2	10	11	9	9	9	middle	middle	1.000	1.000	constitutive	constitutive	125	145	9
NC_073270.2	62381731	62382433	2	1	+	NC_073270.2	62381777	62382428	TFAP2C	XM_003806157.6	+	2	2	46	5	2	3	2	2	2	middle	middle	1.000	1.000	constitutive	constitutive	485	51	2
NC_073270.2	63314000	63314738	3	1	+	NC_073270.2	63314188	63314708	PCK1	XM_003806166.5	+	3	2	188	30	3	4	1	1	1	middle	middle	1.000	1.000	constitutive	constitutive	203	187	1
NC_073270.2	68091717	68092224	-1	1	-	NC_073270.2	68091719	68092093	LAMA5	XM_055104919.2	-	1	2	131	2	72	73	3	1	3	middle	middle	0.333	1.000	unique	constitutive	135	145	1
NC_073270.2	68091717	68092224	-1	1	-	NC_073270.2	68091719	68092093	LAMA5	XM_063601132.1	-	1	2	131	2	72	73	3	2	3	middle	middle	0.667	1.000	alternative	constitutive	150	145	2
NC_073270.2	68093340	68094093	-1	1	-	NC_073270.2	68093446	68094018	LAMA5	XM_055104919.2	-	1	2	75	106	64	66	3	3	3	middle	middle	1.000	1.000	constitutive	constitutive	133	122	3
NC_073270.2	68096659	68097478	-3	1	-	NC_073270.2	68096965	68097317	LAMA5	XM_055104919.2	-	3	2	161	306	56	57	3	3	3	middle	middle	1.000	1.000	constitutive	constitutive	141	102	3
NC_073270.2	68097544	68098414	-3	1	-	NC_073270.2	68097639	68098075	LAMA5	XM_055104919.2	-	3	2	339	95	54	55	3	3	3	middle	middle	1.000	1.000	constitutive	constitutive	116	154	3
NC_073270.2	68102629	68103181	-3	1	-	NC_073270.2	68102756	68103087	LAMA5	XM_055104919.2	-	3	2	94	127	49	50	3	3	3	middle	middle	1.000	1.000	constitutive	constitutive	151	110	3
NC_073270.2	68117082	68117520	-1	1	-	NC_073270.2	68117193	68117441	LAMA5	XM_055104919.2	-	1	2	79	111	19	20	3	3	3	middle	middle	1.000	1.000	constitutive	constitutive	52	105	3
NC_073270.2	69363814	69364393	-3	1	-	NC_073270.2	69363904	69364303	HELZ2	XM_024926824.4	-	3	2	90	90	16	17	4	2	2	middle	middle	0.500	0.500	alternative	alternative	156	167	2
NC_073270.2	69365713	69366499	-3	1	-	NC_073270.2	69365800	69366359	HELZ2	XM_024926824.4	-	3	2	140	87	9	10	4	1	4	middle	middle	0.250	1.000	unique	constitutive	310	161	1
NC_073270.2	69365713	69366499	-3	1	-	NC_073270.2	69365800	69366359	HELZ2	XM_034952091.3	-	3	3	140	87	9	11	4	3	4	middle	middle	0.750	1.000	alternative	constitutive	94	161	3
NC_073270.2	69465454	69466417	2	1	+	NC_073270.2	69465808	69466151	RTEL1	XM_034952096.3	+	2	2	354	266	4	5	9	9	9	middle	middle	1.000	1.000	constitutive	constitutive	81	60	9
NC_073270.2	69483974	69484211	3	1	+	NC_073270.2	69484009	69484210	RTEL1	XM_034952096.3	+	3	2	35	1	10	11	9	9	9	middle	middle	1.000	1.000	constitutive	constitutive	38	78	9
NC_073270.2	69495873	69496770	1	1	+	NC_073270.2	69496015	69496671	RTEL1	XM_034952096.3	+	1	2	142	99	25	26	9	9	9	middle	middle	1.000	1.000	constitutive	constitutive	150	142	9
NC_073270.2	69506802	69507378	-1	1	-	NC_073270.2	69506803	69507350	ARFRP1	XM_034952111.3	-	1	2	28	1	5	6	12	4	5	middle	last	0.333	0.417	alternative	alternative	68	304	4
NC_073270.2	69506802	69507378	-1	1	-	NC_073270.2	69506803	69507347	ARFRP1	XM_034952114.3	-	1	2	31	1	5	6	12	1	5	middle	last	0.083	0.417	unique	alternative	65	304	1
NC_073270.2	69541055	69542009	3	1	+	NC_073270.2	69541195	69541933	ZGPAT	XM_003809919.4	+	3	2	140	76	4	5	11	6	11	middle	middle	0.545	1.000	alternative	constitutive	119	405	6
NC_073270.2	69541055	69542009	3	1	+	NC_073270.2	69541135	69541933	ZGPAT	XM_008962287.3	+	3	2	80	76	4	5	11	5	11	middle	middle	0.455	1.000	alternative	constitutive	179	405	5
NC_073270.2	69544261	69545212	2	1	+	NC_073270.2	69544328	69544852	LIME1	XM_003809923.6	+	2	2	67	360	3	4	3	2	2	middle	middle	0.667	0.667	alternative	alternative	87	316	2
NC_073270.2	69548443	69549019	2	1	+	NC_073270.2	69548465	69548929	SLC2A4RG	XM_034952106.3	+	2	2	22	90	5	6	1	1	1	middle	middle	1.000	1.000	constitutive	constitutive	100	279	1
NC_073270.2	69549012	69549300	1	1	+	NC_073270.2	69549013	69549300	SLC2A4RG	XM_034952106.3	+	1	2	1	0	7	8	1	1	1	middle	last	1.000	1.000	constitutive	constitutive	91	108	1
NC_073270.2	69752022	69752346	-1	1	-	NC_073270.2	69752023	69752346	UCKL1	XM_003809929.4	-	1	2	0	1	14	15	17	11	11	middle	last	0.647	0.647	alternative	alternative	156	76	11
NC_073270.2	69752369	69752981	-2	1	-	NC_073270.2	69752418	69752756	UCKL1	XM_003809929.4	-	2	2	225	49	12	13	17	11	11	middle	middle	0.647	0.647	alternative	alternative	122	107	11
NC_073270.2	69752775	69753189	-1	1	-	NC_073270.2	69752857	69753083	UCKL1	XM_034952138.3	-	1	2	106	82	9	10	17	2	2	middle	middle	0.118	0.118	alternative	alternative	93	39	2
NC_073270.2	69756669	69757431	-1	1	-	NC_073270.2	69756796	69757134	UCKL1	XM_003809929.4	-	1	2	297	127	6	7	17	17	16	middle	middle	1.000	0.941	constitutive	alternative	189	61	16
NC_073270.2	69756669	69757431	-1	1	-	NC_073270.2	69756787	69757134	UCKL1	XM_063601167.1	-	1	2	297	118	6	7	17	17	1	middle	middle	1.000	0.059	constitutive	unique	189	70	1
NC_073270.2	69781495	69782293	-3	1	-	NC_073270.2	69781532	69782227	ZNF512B	XM_034952134.3	-	3	2	66	37	14	15	4	4	4	middle	middle	1.000	1.000	constitutive	constitutive	62	98	4
NC_073270.2	69783762	69784218	-1	1	-	NC_073270.2	69783841	69784136	ZNF512B	XM_034952134.3	-	1	2	82	79	8	9	4	4	4	middle	middle	1.000	1.000	constitutive	constitutive	124	92	4
NC_073270.2	69784129	69784708	-3	1	-	NC_073270.2	69784294	69784614	ZNF512B	XM_034952134.3	-	3	2	94	165	6	7	4	4	4	middle	middle	1.000	1.000	constitutive	constitutive	71	146	4
NC_073270.2	69813869	69814682	3	1	+	NC_073270.2	69813915	69814481	PRPF6	XM_055104965.1	+	3	2	46	201	5	6	1	1	1	middle	middle	1.000	1.000	constitutive	constitutive	176	155	1
NC_073270.2	69855394	69856138	2	1	+	NC_073270.2	69855536	69856057	C21H20orf204	XM_034952155.3	+	2	2	142	81	2	3	1	1	1	middle	middle	1.000	1.000	constitutive	constitutive	275	152	1
NC_073270.2	69865769	69867350	-2	1	-	NC_073270.2	69865770	69867116	SOX18	XM_034952159.3	-	2	2	234	1	1	2	1	1	1	first	last	1.000	1.000	constitutive	constitutive	357	793	1
NC_073270.2	70168176	70168647	-1	1	-	NC_073270.2	70168252	70168630	LOC117975282	XM_063600913.1	-	1	2	17	76	28	29	1	1	1	middle	middle	1.000	1.000	constitutive	constitutive	90	146	1
NC_073271.2	29622335	29622743	-2	1	-	NC_073271.2	29622336	29622736	GART	XM_003823976.6	-	2	2	7	1	20	21	9	8	8	middle	last	0.889	0.889	alternative	alternative	115	188	8
NC_073271.2	38548624	38549044	-3	1	-	NC_073271.2	38548687	38549008	RSPH1	XM_003823879.5	-	3	2	36	63	2	3	1	1	1	middle	middle	1.000	1.000	constitutive	constitutive	113	105	1
NC_073271.2	39430682	39434030	-2	1	-	NC_073271.2	39430848	39434030	SIK1	XM_034947872.3	-	2	3	0	166	3	5	2	2	2	middle	middle	1.000	1.000	constitutive	constitutive	63	124	2
NC_073271.2	40619867	40620965	3	1	+	NC_073271.2	40620090	40620965	LOC100989520	XM_008977543.4	+	3	2	223	0	1	2	2	1	2	first	last	0.500	1.000	unique	constitutive	365	428	1
NC_073271.2	40619867	40620965	3	1	+	NC_073271.2	40620090	40620965	LOC100989520	XM_034948291.2	+	3	2	223	0	1	2	2	1	2	first	last	0.500	1.000	unique	constitutive	320	428	1
NC_073271.2	40625680	40627045	-3	1	-	NC_073271.2	40625681	40626511	LOC100987601	XM_034948293.3	-	3	2	534	1	1	2	3	1	1	first	last	0.333	0.333	unique	unique	305	428	1
NC_073271.2	40625680	40627045	-3	1	-	NC_073271.2	40625681	40626439	LOC100987601	XM_055105141.2	-	3	2	606	1	2	3	3	1	1	middle	last	0.333	0.333	unique	unique	173	473	1
NC_073271.2	40625680	40627045	-3	1	-	NC_073271.2	40625681	40626511	LOC100987601	XM_063601405.1	-	3	3	534	1	1	3	3	1	1	first	last	0.333	0.333	unique	unique	245	302	1
NC_073271.2	41360830	41361484	-3	1	-	NC_073271.2	41361197	41361475	LOC134729729	XM_063601331.1	-	3	2	9	367	1	2	1	1	1	first	middle	1.000	1.000	constitutive	constitutive	111	85	1
NC_073271.2	41565099	41566437	1	1	+	NC_073271.2	41565124	41565603	COL18A1	XM_034947942.3	+	1	2	25	834	20	21	10	10	10	middle	middle	1.000	1.000	constitutive	constitutive	35	89	10
NC_073271.2	41578890	41580597	1	1	+	NC_073271.2	41579248	41580369	COL18A1	XM_034947942.3	+	1	2	358	228	33	35	10	10	10	middle	middle	1.000	1.000	constitutive	constitutive	131	82	10
NC_073271.2	42082941	42083715	1	1	+	NC_073271.2	42083082	42083628	COL6A1	XM_034947880.3	+	1	2	141	87	4	5	1	1	1	middle	middle	1.000	1.000	constitutive	constitutive	159	128	1
NC_073271.2	42095574	42096129	1	1	+	NC_073271.2	42095575	42096114	COL6A1	XM_034947880.3	+	1	2	1	15	26	27	1	1	1	middle	middle	1.000	1.000	constitutive	constitutive	65	35	1
NC_073271.2	42226046	42227159	3	1	+	NC_073271.2	42226074	42226812	COL6A2	XM_034948259.4	+	3	3	28	347	22	24	2	2	2	middle	middle	1.000	1.000	constitutive	constitutive	62	45	2
NC_073271.2	42226924	42227776	2	1	+	NC_073271.2	42226947	42227720	COL6A2	XM_034948259.4	+	2	2	23	56	25	26	2	2	2	middle	middle	1.000	1.000	constitutive	constitutive	152	452	2
NC_073271.2	42246416	42247211	-2	1	-	NC_073271.2	42246483	42247053	FTCD	XM_063601350.1	-	2	2	158	67	8	9	2	2	2	middle	middle	1.000	1.000	constitutive	constitutive	129	161	2
NC_073271.2	42496920	42497964	1	1	+	NC_073271.2	42497030	42497895	PCNT	XM_055105153.2	+	1	2	110	69	22	23	7	7	7	middle	middle	1.000	1.000	constitutive	constitutive	229	116	7
NC_073272.2	101085240	101092656	1	1	+	NC_073272.2	101085293	101092656	ARMCX4	XM_034950273.3	+	1	2	53	0	3	4	1	1	1	middle	last	1.000	1.000	constitutive	constitutive	5563	1439	1
NC_073272.2	101435164	101435866	-2	1	-	NC_073272.2	101435174	101435710	LOC129395341	XM_055106578.1	-	2	3	156	10	5	7	1	1	1	middle	middle	1.000	1.000	constitutive	constitutive	80	88	1
NC_073272.2	101922621	101923368	1	1	+	NC_073272.2	101922778	101923359	LOC100978865	XM_055106295.2	+	1	3	157	9	6	8	4	4	4	middle	middle	1.000	1.000	constitutive	constitutive	80	88	4
NC_073272.2	101978714	101979461	-1	1	-	NC_073272.2	101978724	101979305	LOC129395270	XM_055106313.2	-	1	3	156	10	6	8	4	4	4	middle	middle	1.000	1.000	constitutive	constitutive	80	88	4
NC_073272.2	103240745	103241324	3	1	+	NC_073272.2	103240755	103241299	TCEAL1	XM_063601987.1	+	3	2	10	25	1	2	9	1	1	first	middle	0.111	0.111	unique	unique	56	313	1
NC_073272.2	108060681	108060906	1	1	+	NC_073272.2	108060682	108060849	COL4A5	XM_034949958.2	+	1	2	1	57	11	12	1	1	1	middle	middle	1.000	1.000	constitutive	constitutive	35	41	1
NC_073272.2	110048489	110049425	3	1	+	NC_073272.2	110048636	110048977	LOC129395233	XM_055106210.1	+	3	2	147	448	2	3	1	1	1	middle	middle	1.000	1.000	constitutive	constitutive	91	162	1
NC_073272.2	110048602	110049664	2	1	+	NC_073272.2	110049097	110049664	LOC129395233	XM_055106210.1	+	2	2	495	0	4	5	1	1	1	middle	last	1.000	1.000	constitutive	constitutive	57	314	1
NC_073272.2	118128999	118129671	1	1	+	NC_073272.2	118129066	118129671	LOC103785125	XM_014343537.5	+	1	2	67	0	3	5	1	1	1	middle	last	1.000	1.000	constitutive	constitutive	104	32	1
NC_073272.2	122585492	122585783	-1	1	-	NC_073272.2	122585493	122585694	LOC100967471	XM_024927288.3	-	1	2	89	1	2	3	3	1	1	middle	last	0.333	0.333	unique	unique	2	138	1
NC_073272.2	132730950	132731568	-3	1	-	NC_073272.2	132731146	132731528	GPC4	XM_003814499.6	-	3	2	40	196	5	6	1	1	1	middle	middle	1.000	1.000	constitutive	constitutive	130	146	1
NC_073272.2	15098953	15100072	-2	1	-	NC_073272.2	15098954	15100033	ATXN3L	XM_008973934.2	-	2	2	39	1	1	2	1	1	1	first	last	1.000	1.000	constitutive	constitutive	248	566	1
NC_073272.2	152978402	152978771	3	1	+	NC_073272.2	152978427	152978770	ZNF185	XM_008965811.4	+	3	2	25	1	1	2	7	6	6	first	middle	0.857	0.857	alternative	alternative	33	123	6
NC_073272.2	153596417	153596888	3	1	+	NC_073272.2	153596418	153596787	ATP2B3	XM_034950377.3	+	3	2	1	101	12	13	12	12	12	middle	middle	1.000	1.000	constitutive	constitutive	179	87	12
NC_073272.2	153811355	153811739	3	1	+	NC_073272.2	153811374	153811697	PLXNB3	XM_003804837.5	+	3	2	19	42	10	11	13	13	13	middle	middle	1.000	1.000	constitutive	constitutive	125	116	13
NC_073272.2	153814461	153815232	1	1	+	NC_073272.2	153814519	153815231	PLXNB3	XM_003804837.5	+	1	3	58	1	19	21	13	13	13	middle	middle	1.000	1.000	constitutive	constitutive	239	151	13
NC_073272.2	153817884	153818430	1	1	+	NC_073272.2	153817907	153818387	PLXNB3	XM_003804837.5	+	1	2	23	43	29	30	13	10	10	middle	middle	0.769	0.769	alternative	alternative	172	160	10
NC_073272.2	153818332	153819073	2	1	+	NC_073272.2	153818647	153819024	PLXNB3	XM_003804837.5	+	2	2	315	49	31	32	13	10	10	middle	middle	0.769	0.769	alternative	alternative	147	64	10
NC_073272.2	153819080	153819725	3	1	+	NC_073272.2	153819095	153819374	PLXNB3	XM_003804837.5	+	3	2	15	351	33	34	13	10	8	middle	middle	0.769	0.615	alternative	alternative	75	74	4
NC_073272.2	153819080	153819725	3	1	+	NC_073272.2	153819095	153819725	PLXNB3	XM_034949582.3	+	3	3	15	0	33	35	13	10	4	middle	last	0.769	0.308	alternative	alternative	75	212	4
NC_073272.2	153819080	153819725	3	1	+	NC_073272.2	153819095	153819725	PLXNB3	XM_034949583.3	+	3	3	15	0	33	35	13	10	2	middle	last	0.769	0.154	alternative	alternative	75	90	2
NC_073272.2	153821790	153822315	1	1	+	NC_073272.2	153821916	153822314	SRPK3	XM_003804841.6	+	1	2	126	1	2	3	2	2	2	middle	middle	1.000	1.000	constitutive	constitutive	130	108	2
NC_073272.2	153823430	153824111	3	1	+	NC_073272.2	153823644	153823940	SRPK3	XM_003804841.6	+	3	2	214	171	7	8	2	2	2	middle	middle	1.000	1.000	constitutive	constitutive	165	25	2
NC_073272.2	153825682	153826192	2	1	+	NC_073272.2	153825756	153826192	SRPK3	XM_003804841.6	+	2	2	74	0	14	15	2	2	2	middle	last	1.000	1.000	constitutive	constitutive	92	181	2
NC_073272.2	153904654	153905362	-2	1	-	NC_073272.2	153904663	153905265	L1CAM	XM_063601745.1	-	2	2	97	9	24	25	1	1	1	middle	middle	1.000	1.000	constitutive	constitutive	155	134	1
NC_073272.2	153905594	153906284	-1	1	-	NC_073272.2	153905609	153905998	L1CAM	XM_063601745.1	-	1	2	286	15	21	22	1	1	1	middle	middle	1.000	1.000	constitutive	constitutive	122	173	1
NC_073272.2	153908058	153908754	-3	1	-	NC_073272.2	153908124	153908678	L1CAM	XM_063601745.1	-	3	2	76	66	15	16	1	1	1	middle	middle	1.000	1.000	constitutive	constitutive	110	197	1
NC_073272.2	153909068	153909581	-1	1	-	NC_073272.2	153909070	153909495	L1CAM	XM_063601745.1	-	1	2	86	2	12	13	1	1	1	middle	middle	1.000	1.000	constitutive	constitutive	166	156	1
NC_073272.2	153911485	153912088	-2	1	-	NC_073272.2	153911563	153911952	L1CAM	XM_063601745.1	-	2	2	136	78	5	6	1	1	1	middle	middle	1.000	1.000	constitutive	constitutive	122	170	1
NC_073272.2	153926640	153927318	1	1	+	NC_073272.2	153926668	153926831	LOC100971706	XM_034949411.3	+	1	2	28	487	5	7	1	1	1	middle	middle	1.000	1.000	constitutive	constitutive	14	90	1
NC_073272.2	153954509	153955001	-1	1	-	NC_073272.2	153954511	153954855	ARHGAP4	XM_003804827.3	-	1	2	146	2	18	19	5	5	5	middle	middle	1.000	1.000	constitutive	constitutive	73	183	5
NC_073272.2	153955456	153956011	-2	1	-	NC_073272.2	153955471	153955960	ARHGAP4	XM_003804827.3	-	2	3	51	15	13	15	5	5	5	middle	middle	1.000	1.000	constitutive	constitutive	60	134	5
NC_073272.2	153980102	153980426	-1	1	-	NC_073272.2	153980103	153980402	RENBP	XM_003804823.5	-	1	2	24	1	10	11	4	4	4	middle	last	1.000	1.000	constitutive	constitutive	87	127	4
NC_073272.2	154059408	154060110	-3	1	-	NC_073272.2	154059459	154060074	IRAK1	XM_034949721.4	-	3	3	36	51	1	3	4	3	4	first	middle	0.750	1.000	alternative	constitutive	135	131	3
NC_073272.2	154059408	154060110	-3	1	-	NC_073272.2	154059459	154060074	IRAK1	XM_034949722.3	-	3	2	36	51	1	2	4	1	4	first	middle	0.250	1.000	unique	constitutive	381	131	1
NC_073272.2	154326229	154326652	-2	1	-	NC_073272.2	154326304	154326633	EMD	XM_003804719.5	-	2	2	19	75	2	3	1	1	1	middle	middle	1.000	1.000	constitutive	constitutive	104	77	1
NC_073272.2	154344069	154344663	1	1	+	NC_073272.2	154344112	154344465	FLNA	XM_003804718.5	+	1	2	43	198	17	18	2	2	2	middle	middle	1.000	1.000	constitutive	constitutive	90	169	2
NC_073272.2	154353716	154354580	3	1	+	NC_073272.2	154353751	154354542	FLNA	XM_003804718.5	+	3	3	35	38	39	41	2	2	2	middle	middle	1.000	1.000	constitutive	constitutive	122	137	2
NC_073272.2	154394332	154394677	2	1	+	NC_073272.2	154394430	154394662	TAFAZZIN	XM_003806338.6	+	2	2	98	15	6	7	9	9	9	middle	middle	1.000	1.000	constitutive	constitutive	62	52	9
NC_073272.2	154423519	154424692	2	1	+	NC_073272.2	154423622	154424503	FAM50A	XM_003806351.5	+	2	2	103	189	8	11	2	2	2	middle	middle	1.000	1.000	constitutive	constitutive	76	70	2
NC_073272.2	154440524	154441277	3	1	+	NC_073272.2	154440542	154440904	PLXNA3	XM_034949491.3	+	3	2	18	373	14	15	6	6	6	middle	middle	1.000	1.000	constitutive	constitutive	120	136	6
NC_073272.2	154441428	154441914	1	1	+	NC_073272.2	154441449	154441863	PLXNA3	XM_034949491.3	+	1	2	21	51	17	18	6	6	6	middle	middle	1.000	1.000	constitutive	constitutive	93	239	6
NC_073272.2	154441861	154442398	2	1	+	NC_073272.2	154441937	154442393	PLXNA3	XM_034949491.3	+	2	2	76	5	19	20	6	6	6	middle	middle	1.000	1.000	constitutive	constitutive	143	234	6
NC_073272.2	154441917	154443051	1	1	+	NC_073272.2	154442474	154442951	PLXNA3	XM_034949491.3	+	1	2	557	100	21	22	6	6	6	middle	middle	1.000	1.000	constitutive	constitutive	142	256	6
NC_073272.2	154442620	154443496	2	1	+	NC_073272.2	154443055	154443361	PLXNA3	XM_034949491.3	+	2	2	435	135	23	24	6	6	6	middle	middle	1.000	1.000	constitutive	constitutive	66	146	6
NC_073272.2	154501	156277	-2	1	-	NC_073272.2	154730	156110	LOC117977740	XM_055106400.2	-	2	2	167	229	4	5	4	2	2	middle	middle	0.500	0.500	alternative	alternative	102	74	2
NC_073272.2	154508055	154508502	-3	1	-	NC_073272.2	154508057	154508446	G6PD	XM_003806356.5	-	3	2	56	2	6	7	4	2	4	middle	middle	0.500	1.000	alternative	constitutive	158	125	2
NC_073272.2	154508055	154508502	-3	1	-	NC_073272.2	154508057	154508449	G6PD	XM_008952855.4	-	3	2	53	2	6	7	4	2	4	middle	middle	0.500	1.000	alternative	constitutive	161	125	2
NC_073272.2	156085157	156085685	3	1	+	NC_073272.2	156085197	156085494	LOC106634364	XM_055106109.2	+	3	2	40	191	2	3	1	1	1	middle	middle	1.000	1.000	constitutive	constitutive	108	110	1
NC_073272.2	156119414	156120323	3	1	+	NC_073272.2	156119520	156120223	LOC130541155	XM_057301052.2	+	3	2	106	100	1	2	1	1	1	first	middle	1.000	1.000	constitutive	constitutive	44	328	1
NC_073272.2	156476127	156476655	1	1	+	NC_073272.2	156476167	156476464	LOC117977588	XM_055106589.1	+	1	2	40	191	4	5	2	1	1	middle	middle	0.500	0.500	unique	unique	108	110	1
NC_073272.2	156622596	156623067	-3	1	-	NC_073272.2	156622672	156623050	LOC117976172	XM_063601595.1	-	3	2	17	76	27	28	1	1	1	middle	middle	1.000	1.000	constitutive	constitutive	90	146	1
NC_073272.2	19547992	19548625	2	1	+	NC_073272.2	19547999	19548512	SCML1	XM_008972927.3	+	2	2	7	113	5	6	3	3	3	middle	middle	1.000	1.000	constitutive	constitutive	258	113	3
NC_073272.2	20702951	20703737	-1	1	-	NC_073272.2	20703038	20703357	PHKA2	XM_003819542.6	-	1	2	380	87	24	25	4	4	4	middle	middle	1.000	1.000	constitutive	constitutive	78	129	4
NC_073272.2	25584909	25585401	1	1	+	NC_073272.2	25584973	25585198	SAT1	XM_003819574.6	+	1	2	64	203	2	3	2	1	1	middle	middle	0.500	0.500	unique	unique	51	83	1
NC_073272.2	39190454	39192239	-1	1	-	NC_073272.2	39190485	39192184	FAM47C	XM_034950763.1	-	1	2	55	31	3	4	1	1	1	middle	middle	1.000	1.000	constitutive	constitutive	991	617	1
NC_073272.2	48807289	48807871	2	1	+	NC_073272.2	48807348	48807777	RBM10	XM_003809667.5	+	2	2	59	94	10	11	4	2	4	middle	middle	0.500	1.000	alternative	constitutive	160	97	2
NC_073272.2	48807289	48807871	2	1	+	NC_073272.2	48807348	48807777	RBM10	XM_008961945.3	+	2	2	59	94	10	11	4	2	4	middle	middle	0.500	1.000	alternative	constitutive	157	97	2
NC_073272.2	48808381	48809335	2	1	+	NC_073272.2	48808679	48809330	RBM10	XM_003809667.5	+	2	3	298	5	13	15	4	4	4	middle	middle	1.000	1.000	constitutive	constitutive	186	117	4
NC_073272.2	48826640	48827132	3	1	+	NC_073272.2	48826649	48827054	UBA1	XM_003809664.5	+	3	2	9	78	3	4	4	4	4	middle	middle	1.000	1.000	constitutive	constitutive	168	134	4
NC_073272.2	48828509	48829115	3	1	+	NC_073272.2	48828713	48829047	UBA1	XM_003809664.5	+	3	2	204	68	6	7	4	4	4	middle	middle	1.000	1.000	constitutive	constitutive	90	132	4
NC_073272.2	48852032	48852317	3	1	+	NC_073272.2	48852033	48852305	CDK16	XM_003809668.4	+	3	2	1	12	4	5	8	8	8	middle	middle	1.000	1.000	constitutive	constitutive	125	56	8
NC_073272.2	49970921	49971368	3	1	+	NC_073272.2	49970923	49971368	FTSJ1	XM_034949461.3	+	3	2	2	0	9	10	5	3	3	middle	last	0.600	0.600	alternative	alternative	103	251	2
NC_073272.2	49970921	49971368	3	1	+	NC_073272.2	49970929	49971368	FTSJ1	XM_063601615.1	+	3	2	8	0	9	10	5	2	3	middle	last	0.400	0.600	alternative	alternative	97	251	1
NC_073272.2	49970921	49971368	3	1	+	NC_073272.2	49970923	49971314	FTSJ1	XM_063601616.1	+	3	2	2	54	9	10	5	3	2	middle	middle	0.600	0.400	alternative	alternative	103	197	1
NC_073272.2	49970921	49971368	3	1	+	NC_073272.2	49970929	49971314	FTSJ1	XM_063601617.1	+	3	2	8	54	9	10	5	2	2	middle	middle	0.400	0.400	alternative	alternative	97	197	1
NC_073272.2	50004463	50004841	2	1	+	NC_073272.2	50004528	50004764	PORCN	XM_014343442.4	+	2	2	65	77	10	11	9	9	9	middle	middle	1.000	1.000	constitutive	constitutive	76	63	9
NC_073272.2	50048037	50049852	1	1	+	NC_073272.2	50048038	50049852	TBC1D25	XM_003807213.5	+	1	2	1	0	5	6	2	2	2	middle	last	1.000	1.000	constitutive	constitutive	188	1358	2
NC_073272.2	50305257	50305857	1	1	+	NC_073272.2	50305287	50305779	HDAC6	XM_003807223.5	+	1	2	30	78	17	18	10	10	10	middle	middle	1.000	1.000	constitutive	constitutive	128	168	10
NC_073272.2	50456050	50456623	-2	1	-	NC_073272.2	50456069	50456597	KCND1	XM_014343431.4	-	2	3	26	19	2	4	4	3	3	middle	middle	0.750	0.750	alternative	alternative	162	98	3
NC_073272.2	50471031	50471580	-3	1	-	NC_073272.2	50471242	50471517	GRIPAP1	XM_003807239.4	-	3	2	63	211	19	20	4	4	4	middle	middle	1.000	1.000	constitutive	constitutive	95	56	4
NC_073272.2	50477367	50478042	-3	1	-	NC_073272.2	50477629	50478018	GRIPAP1	XM_003807239.4	-	3	2	24	262	12	13	4	4	4	middle	middle	1.000	1.000	constitutive	constitutive	77	92	4
NC_073272.2	50714100	50714844	-3	1	-	NC_073272.2	50714102	50714716	CACNA1F	XM_055106798.1	-	3	3	128	2	15	17	3	3	3	middle	middle	1.000	1.000	constitutive	constitutive	207	81	3
NC_073272.2	50719570	50720026	-2	1	-	NC_073272.2	50719572	50719983	CACNA1F	XM_055106798.1	-	2	2	43	2	7	8	3	3	3	middle	middle	1.000	1.000	constitutive	constitutive	196	103	3
NC_073272.2	50734834	50735452	2	1	+	NC_073272.2	50735063	50735407	CCDC22	XM_003807258.5	+	2	2	229	45	5	6	2	2	2	middle	middle	1.000	1.000	constitutive	constitutive	66	178	2
NC_073272.2	50740885	50741755	2	1	+	NC_073272.2	50741078	50741479	CCDC22	XM_003807258.5	+	2	2	193	276	14	15	2	2	2	middle	middle	1.000	1.000	constitutive	constitutive	95	59	2
NC_073272.2	50743246	50743723	-2	1	-	NC_073272.2	50743247	50743675	FOXP3	XM_003807260.6	-	2	2	48	1	10	11	1	1	1	middle	last	1.000	1.000	constitutive	constitutive	101	146	1
NC_073272.2	50748622	50749081	-2	1	-	NC_073272.2	50748624	50748885	FOXP3	XM_003807260.6	-	2	2	196	2	4	5	1	1	1	middle	middle	1.000	1.000	constitutive	constitutive	87	104	1
NC_073272.2	54480864	54481287	1	1	+	NC_073272.2	54480898	54481219	TSPYL2	XM_003805904.4	+	1	2	34	68	2	3	2	2	2	middle	middle	1.000	1.000	constitutive	constitutive	77	111	2
NC_073272.2	55832672	55833212	3	1	+	NC_073272.2	55832673	55833212	TSR2	XM_003807158.6	+	3	2	1	0	4	5	2	1	2	middle	last	0.500	1.000	unique	constitutive	176	131	1
NC_073272.2	55832672	55833212	3	1	+	NC_073272.2	55832694	55833212	TSR2	XM_034950416.3	+	3	2	22	0	1	2	2	1	2	first	last	0.500	1.000	unique	constitutive	155	131	1
NC_073272.2	56198673	56199216	1	1	+	NC_073272.2	56198695	56199187	MAGED2	XM_008959216.4	+	1	2	22	29	3	4	6	6	6	middle	middle	1.000	1.000	constitutive	constitutive	308	63	6
NC_073272.2	56200791	56201148	1	1	+	NC_073272.2	56200818	56201033	MAGED2	XM_008959216.4	+	1	2	27	115	7	8	6	6	6	middle	middle	1.000	1.000	constitutive	constitutive	79	42	6
NC_073272.2	56320516	56320972	2	1	+	NC_073272.2	56320622	56320904	TRO	XM_014343462.4	+	2	2	106	68	3	4	6	6	6	middle	middle	1.000	1.000	constitutive	constitutive	104	63	6
NC_073272.2	56322551	56322911	3	1	+	NC_073272.2	56322581	56322796	TRO	XM_014343462.4	+	3	2	30	115	7	8	6	6	6	middle	middle	1.000	1.000	constitutive	constitutive	79	42	6
NC_073272.2	68375086	68375593	2	1	+	NC_073272.2	68375119	68375593	STARD8	XM_008970005.5	+	2	2	33	0	14	15	3	3	3	middle	last	1.000	1.000	constitutive	constitutive	176	114	3
NC_073272.2	69916833	69917550	1	1	+	NC_073272.2	69916998	69917550	AWAT1	XM_003820166.5	+	1	2	165	0	6	7	1	1	1	middle	last	1.000	1.000	constitutive	constitutive	199	151	1
NC_073272.2	70103282	70103912	3	1	+	NC_073272.2	70103340	70103911	GDPD2	XM_003820156.4	+	3	2	58	1	6	8	4	4	4	middle	middle	1.000	1.000	constitutive	constitutive	93	82	4
NC_073272.2	70109520	70109781	1	1	+	NC_073272.2	70109610	70109781	GDPD2	XM_003820156.4	+	1	2	90	0	14	15	4	4	4	middle	last	1.000	1.000	constitutive	constitutive	28	49	4
NC_073272.2	70783918	70784338	-2	1	-	NC_073272.2	70784107	70784323	CXHXorf65	XM_034949774.3	-	2	2	15	189	1	2	1	1	1	first	middle	1.000	1.000	constitutive	constitutive	24	86	1
NC_073272.2	70814970	70815366	1	1	+	NC_073272.2	70814971	70815356	MED12	XM_003820143.8	+	1	2	1	10	40	41	11	10	8	middle	middle	0.909	0.727	alternative	alternative	77	217	7
NC_073272.2	70814970	70815366	1	1	+	NC_073272.2	70814971	70815356	MED12	XM_008973561.5	+	1	3	1	10	40	42	11	10	3	middle	middle	0.909	0.273	alternative	alternative	77	87	3
NC_073272.2	70814970	70815366	1	1	+	NC_073272.2	70814974	70815356	MED12	XM_034950177.4	+	1	2	4	10	40	41	11	1	8	middle	middle	0.091	0.727	unique	alternative	74	217	1
NC_073273.2	36552236	36553073	3	1	+	NC_073273.2	36552364	36553073	LOC129395510	XM_055106941.1	+	3	2	128	0	3	4	1	1	1	middle	last	1.000	1.000	constitutive	constitutive	11	385	1
NC_073273.2	38075161	38075701	-1	1	-	NC_073273.2	38075163	38075676	LOC129395506	XM_055106938.2	-	1	2	25	2	4	5	1	1	1	middle	middle	1.000	1.000	constitutive	constitutive	116	141	1
NC_073273.2	46829856	46831671	1	1	+	NC_073273.2	46830024	46831443	LOC117977740	XM_055107040.2	+	1	2	168	228	4	5	4	2	2	middle	middle	0.500	0.500	alternative	alternative	102	74	2
NC_073273.2	48664	49192	-1	1	-	NC_073273.2	48856	49153	LOC117977588	XM_063602020.1	-	1	2	39	192	2	3	2	1	1	middle	middle	0.500	0.500	unique	unique	108	110	1
NC_085926.1	117791337	117792072	1	1	+	NC_085926.1	117791598	117792058	NR1I2	XM_055110334.1	+	1	2	261	14	5	6	2	2	2	middle	middle	1.000	1.000	constitutive	constitutive	142	116	2
NC_085926.1	120668095	120669151	2	1	+	NC_085926.1	120668178	120669065	PARP14	XM_003825201.4	+	2	2	83	86	13	14	1	1	1	middle	middle	1.000	1.000	constitutive	constitutive	206	599	1
NC_085926.1	120856119	120856869	-1	1	-	NC_085926.1	120856188	120856610	SEMA5B	XM_003825203.5	-	1	2	259	69	18	19	9	9	7	middle	middle	1.000	0.778	constitutive	alternative	170	149	7
NC_085926.1	120856119	120856869	-1	1	-	NC_085926.1	120856188	120856610	SEMA5B	XM_008950502.4	-	1	2	259	69	18	19	9	9	2	middle	middle	1.000	0.222	constitutive	alternative	170	146	2
NC_085926.1	124928187	124928844	1	1	+	NC_085926.1	124928415	124928773	PLXNA1	XM_034957294.4	+	1	2	228	71	5	6	2	2	2	middle	middle	1.000	1.000	constitutive	constitutive	123	153	2
NC_085926.1	124937646	124938156	1	1	+	NC_085926.1	124937708	124938155	PLXNA1	XM_034957294.4	+	1	2	62	1	11	12	2	2	2	middle	middle	1.000	1.000	constitutive	constitutive	193	151	2
NC_085926.1	124940251	124941208	2	1	+	NC_085926.1	124940470	124941190	PLXNA1	XM_034957294.4	+	2	2	219	18	16	17	2	2	2	middle	middle	1.000	1.000	constitutive	constitutive	93	239	2
NC_085926.1	125500475	125500823	-2	1	-	NC_085926.1	125500541	125500796	TPRA1	XM_003815244.6	-	2	2	27	66	3	4	6	6	6	middle	middle	1.000	1.000	constitutive	constitutive	86	72	6
NC_085926.1	12721237	12721735	-3	1	-	NC_085926.1	12721456	12721713	TMEM40	XM_034955845.3	-	3	2	22	219	8	9	1	1	1	middle	middle	1.000	1.000	constitutive	constitutive	71	74	1
NC_085926.1	127500180	127500540	-1	1	-	NC_085926.1	127500205	127500518	PLXND1	XM_034957330.4	-	1	2	22	25	21	22	5	5	5	middle	middle	1.000	1.000	constitutive	constitutive	107	112	5
NC_085926.1	12797629	12798274	2	1	+	NC_085926.1	12797775	12798173	CAND2	XM_003826247.5	+	2	2	146	101	6	7	3	3	3	middle	middle	1.000	1.000	constitutive	constitutive	105	142	3
NC_085926.1	128361982	128362720	2	1	+	NC_085926.1	128362065	128362592	COL6A5	XM_024928310.4	+	2	2	83	128	8	9	3	3	3	middle	middle	1.000	1.000	constitutive	constitutive	340	81	3
NC_085926.1	128390964	128391393	1	1	+	NC_085926.1	128390965	128391154	COL6A5	XM_024928310.4	+	1	2	1	239	29	30	3	3	3	middle	middle	1.000	1.000	constitutive	constitutive	35	36	3
NC_085926.1	13330944	13331358	-1	1	-	NC_085926.1	13331011	13331316	NUP210	XM_034955863.3	-	1	2	42	67	19	20	1	1	1	middle	middle	1.000	1.000	constitutive	constitutive	104	101	1
NC_085926.1	1370849	1371527	3	1	+	NC_085926.1	1370979	1371446	LOC100990608	XM_003831234.6	+	3	2	130	81	17	18	6	6	6	middle	middle	1.000	1.000	constitutive	constitutive	234	115	6
NC_085926.1	140594918	140595383	3	1	+	NC_085926.1	140594985	140595374	PLS1	XM_003826515.4	+	3	2	67	9	6	7	9	9	9	middle	middle	1.000	1.000	constitutive	constitutive	165	142	9
NC_085926.1	147642905	147643250	-2	1	-	NC_085926.1	147642998	147643232	COMMD2	XM_003826477.6	-	2	2	18	93	1	2	1	1	1	first	middle	1.000	1.000	constitutive	constitutive	66	77	1
NC_085926.1	155071045	155071840	-3	1	-	NC_085926.1	155071100	155071789	CCNL1	XM_003830644.6	-	3	2	51	55	1	2	4	4	4	first	middle	1.000	1.000	constitutive	constitutive	302	74	4
NC_085926.1	157933242	157933581	1	1	+	NC_085926.1	157933243	157933518	IL12A	XM_003830628.5	+	1	2	1	63	5	6	1	1	1	middle	middle	1.000	1.000	constitutive	constitutive	41	143	1
NC_085926.1	158461532	158461919	-2	1	-	NC_085926.1	158461596	158461903	KPNA4	XM_008956062.7	-	2	2	16	64	9	10	2	2	2	middle	middle	1.000	1.000	constitutive	constitutive	169	44	2
NC_085926.1	182052994	182053465	2	1	+	NC_085926.1	182053045	182053396	AP2M1	XM_003806591.5	+	2	2	51	69	6	7	1	1	1	middle	middle	1.000	1.000	constitutive	constitutive	119	135	1
NC_085926.1	182060038	182060329	2	1	+	NC_085926.1	182060101	182060328	ABCF3	XM_003806576.4	+	2	2	63	1	8	9	2	2	2	middle	middle	1.000	1.000	constitutive	constitutive	80	59	2
NC_085926.1	182231077	182231893	-3	1	-	NC_085926.1	182231117	182231433	CLCN2	XM_003806572.6	-	3	2	460	40	5	6	7	7	7	middle	middle	1.000	1.000	constitutive	constitutive	133	77	7
NC_085926.1	182253021	182254092	1	1	+	NC_085926.1	182253280	182253756	CHRD	XM_034957834.4	+	1	2	259	336	1	2	3	3	3	first	middle	1.000	1.000	constitutive	constitutive	147	103	3
NC_085926.1	182254112	182254748	3	1	+	NC_085926.1	182254197	182254587	CHRD	XM_034957834.4	+	3	2	85	161	3	4	3	3	3	middle	middle	1.000	1.000	constitutive	constitutive	129	128	3
NC_085926.1	182255569	182256010	2	1	+	NC_085926.1	182255598	182255902	CHRD	XM_034957834.4	+	2	2	29	108	8	9	3	3	3	middle	middle	1.000	1.000	constitutive	constitutive	140	82	3
NC_085926.1	182458492	182459548	2	1	+	NC_085926.1	182458751	182459514	EPHB3	XM_034957842.3	+	2	3	259	34	12	14	2	1	2	middle	middle	0.500	1.000	unique	constitutive	215	193	1
NC_085926.1	182458492	182459548	2	1	+	NC_085926.1	182458751	182459514	EPHB3	XM_063603013.1	+	2	2	259	34	12	13	2	1	2	middle	middle	0.500	1.000	unique	constitutive	476	193	1
NC_085926.1	183976634	183977234	-2	1	-	NC_085926.1	183976802	183977045	ETV5	XM_003806618.5	-	2	2	189	168	1	2	1	1	1	first	middle	1.000	1.000	constitutive	constitutive	44	87	1
NC_085926.1	185595725	185596670	-2	1	-	NC_085926.1	185595957	185596594	BCL6	XM_003824955.6	-	2	2	76	232	6	7	7	7	7	middle	middle	1.000	1.000	constitutive	constitutive	130	137	7
NC_085926.1	192352727	192353069	-2	1	-	NC_085926.1	192352729	192353012	ATP13A3	XM_034957917.3	-	2	2	57	2	21	22	8	8	8	middle	middle	1.000	1.000	constitutive	constitutive	122	79	8
NC_085926.1	192574175	192574652	-2	1	-	NC_085926.1	192574317	192574652	LSG1	XM_003807643.4	-	2	2	0	142	9	10	1	1	1	middle	middle	1.000	1.000	constitutive	constitutive	101	143	1
NC_085926.1	193694170	193705456	-3	1	-	NC_085926.1	193694230	193705099	MUC4	XM_055111009.2	-	3	2	357	60	1	2	1	1	1	first	middle	1.000	1.000	constitutive	constitutive	997	58	1
NC_085926.1	194878222	194878660	-3	1	-	NC_085926.1	194878252	194878560	MELTF	XM_034957983.3	-	3	2	100	30	12	13	6	4	5	middle	middle	0.667	0.833	alternative	alternative	156	67	4
NC_085926.1	194878222	194878660	-3	1	-	NC_085926.1	194878252	194878557	MELTF	XM_063602680.1	-	3	2	103	30	12	13	6	1	5	middle	middle	0.167	0.833	unique	alternative	153	67	1
NC_085926.1	196051023	196051506	1	1	+	NC_085926.1	196051063	196051360	LOC100975928	XM_063603030.1	+	1	2	40	146	2	3	1	1	1	middle	middle	1.000	1.000	constitutive	constitutive	108	110	1
NC_085926.1	20141300	20141924	-2	1	-	NC_085926.1	20141334	20141753	SGO1	XM_034955957.4	-	2	2	171	34	1	2	8	8	8	first	middle	1.000	1.000	constitutive	constitutive	141	196	8
NC_085926.1	20352892	20356465	-3	1	-	NC_085926.1	20352893	20356252	LOC129397367	XM_055109457.1	-	3	2	213	1	1	2	1	1	1	first	last	1.000	1.000	constitutive	constitutive	2726	332	1
NC_085926.1	36493400	36493838	3	1	+	NC_085926.1	36493457	36493754	STAC	XM_003826118.5	+	3	2	57	84	9	10	3	3	3	middle	middle	1.000	1.000	constitutive	constitutive	51	137	3
NC_085926.1	38229073	38229394	2	1	+	NC_085926.1	38229091	38229393	LOC100994888	XM_063602266.1	+	2	2	18	1	5	6	8	1	1	middle	middle	0.125	0.125	unique	unique	120	94	1
NC_085926.1	39089390	39090248	3	1	+	NC_085926.1	39089838	39090194	TTC21A	XM_008951537.5	+	3	2	448	54	27	28	18	17	17	middle	middle	0.944	0.944	alternative	alternative	120	67	17
NC_085926.1	41643723	41644020	-1	1	-	NC_085926.1	41643725	41644020	ULK4	XM_034956180.3	-	1	2	0	2	27	28	9	9	9	middle	middle	1.000	1.000	constitutive	constitutive	51	144	9
NC_085926.1	42663325	42663844	-3	1	-	NC_085926.1	42663329	42663766	HHATL	XM_003809289.5	-	3	2	78	4	3	4	3	3	3	middle	middle	1.000	1.000	constitutive	constitutive	113	194	3
NC_085926.1	46532752	46533376	2	1	+	NC_085926.1	46532754	46533375	CRIPTO	XM_003818454.5	+	2	2	2	1	3	4	1	1	1	middle	middle	1.000	1.000	constitutive	constitutive	134	114	1
NC_085926.1	46814720	46814957	-2	1	-	NC_085926.1	46814721	46814935	MYL3	XM_034956296.3	-	2	2	22	1	5	6	8	8	8	middle	last	1.000	1.000	constitutive	constitutive	77	25	8
NC_085926.1	46854661	46855471	2	1	+	NC_085926.1	46854851	46855330	PTH1R	XM_034956286.4	+	2	2	190	141	5	6	10	10	10	middle	middle	1.000	1.000	constitutive	constitutive	94	195	10
NC_085926.1	46858957	46859395	2	1	+	NC_085926.1	46859002	46859266	PTH1R	XM_034956286.4	+	2	2	45	129	11	12	10	7	7	middle	middle	0.700	0.700	alternative	alternative	141	41	7
NC_085926.1	46858979	46859267	3	1	+	NC_085926.1	46859006	46859266	PTH1R	XM_063602286.1	+	3	2	27	1	11	12	10	1	1	middle	middle	0.100	0.100	unique	unique	137	41	1
NC_085926.1	46879861	46880452	-3	1	-	NC_085926.1	46879863	46880202	CCDC12	XM_008971794.4	-	3	2	250	2	4	5	6	6	6	middle	middle	1.000	1.000	constitutive	constitutive	61	34	6
NC_085926.1	46945105	46945726	2	1	+	NC_085926.1	46945186	46945725	NBEAL2	XM_034956298.4	+	2	3	81	1	3	5	3	3	3	middle	middle	1.000	1.000	constitutive	constitutive	128	121	3
NC_085926.1	46964611	46965013	2	1	+	NC_085926.1	46964627	46965012	NBEAL2	XM_034956298.4	+	2	2	16	1	51	52	3	3	3	middle	middle	1.000	1.000	constitutive	constitutive	158	148	3
NC_085926.1	46968926	46969349	3	1	+	NC_085926.1	46968967	46969349	LOC129397538	XM_055111036.2	+	3	2	41	0	3	4	1	1	1	middle	last	1.000	1.000	constitutive	constitutive	142	122	1
NC_085926.1	47363254	47363974	2	1	+	NC_085926.1	47363408	47363833	PTPN23	XM_034956319.3	+	2	3	154	141	7	9	3	3	3	middle	middle	1.000	1.000	constitutive	constitutive	80	47	3
NC_085926.1	47366232	47366793	1	1	+	NC_085926.1	47366249	47366654	PTPN23	XM_034956319.3	+	1	2	17	139	17	18	3	3	3	middle	middle	1.000	1.000	constitutive	constitutive	154	151	3
NC_085926.1	47366534	47369087	3	1	+	NC_085926.1	47366741	47369053	PTPN23	XM_034956319.3	+	3	3	207	34	19	21	3	3	3	middle	middle	1.000	1.000	constitutive	constitutive	179	184	3
NC_085926.1	48415055	48415400	3	1	+	NC_085926.1	48415152	48415313	TMA7	XM_057301752.2	+	3	2	97	87	1	2	1	1	1	first	middle	1.000	1.000	constitutive	constitutive	15	55	1
NC_085926.1	48547509	48547818	-1	1	-	NC_085926.1	48547534	48547728	COL7A1	XM_008971712.4	-	1	2	90	25	85	86	4	4	4	middle	middle	1.000	1.000	constitutive	constitutive	35	80	4
NC_085926.1	48549744	48550380	-1	1	-	NC_085926.1	48549889	48550221	COL7A1	XM_008971712.4	-	1	2	159	145	73	74	4	4	4	middle	middle	1.000	1.000	constitutive	constitutive	200	35	4
NC_085926.1	48552921	48553596	-1	1	-	NC_085926.1	48553003	48553197	COL7A1	XM_008971712.4	-	1	2	399	82	63	64	4	4	4	middle	middle	1.000	1.000	constitutive	constitutive	62	44	4
NC_085926.1	48554104	48554755	-3	1	-	NC_085926.1	48554162	48554350	COL7A1	XM_008971712.4	-	3	2	405	58	58	59	4	4	4	middle	middle	1.000	1.000	constitutive	constitutive	80	35	4
NC_085926.1	48558043	48558373	-3	1	-	NC_085926.1	48558071	48558292	COL7A1	XM_008971712.4	-	3	2	81	28	40	41	4	4	4	middle	middle	1.000	1.000	constitutive	constitutive	59	35	4
NC_085926.1	48559560	48559953	-1	1	-	NC_085926.1	48559588	48559794	COL7A1	XM_008971712.4	-	1	2	159	28	32	33	4	4	4	middle	middle	1.000	1.000	constitutive	constitutive	80	35	4
NC_085926.1	48561001	48561466	-3	1	-	NC_085926.1	48561010	48561367	COL7A1	XM_008971712.4	-	3	2	99	9	25	26	4	4	4	middle	middle	1.000	1.000	constitutive	constitutive	126	146	4
NC_085926.1	48564680	48565268	-2	1	-	NC_085926.1	48564890	48565261	COL7A1	XM_008971712.4	-	2	2	7	210	14	15	4	4	4	middle	middle	1.000	1.000	constitutive	constitutive	125	143	4
NC_085926.1	48566518	48566974	-3	1	-	NC_085926.1	48566575	48566925	COL7A1	XM_008971712.4	-	3	2	49	57	9	10	4	4	4	middle	middle	1.000	1.000	constitutive	constitutive	146	116	4
NC_085926.1	48996836	48997415	-2	1	-	NC_085926.1	48996838	48997379	DALRD3	XM_034956392.4	-	2	2	36	2	1	2	7	6	6	first	middle	0.857	0.857	alternative	alternative	164	295	6
NC_085926.1	49005120	49005420	-1	1	-	NC_085926.1	49005135	49005420	IMPDH2	XM_008971680.4	-	1	2	0	15	8	9	4	4	4	middle	middle	1.000	1.000	constitutive	constitutive	90	95	4
NC_085926.1	49093871	49094465	-2	1	-	NC_085926.1	49093964	49094464	USP19	XM_034956407.3	-	2	2	1	93	11	12	50	27	50	middle	middle	0.540	1.000	alternative	constitutive	220	195	27
NC_085926.1	49093871	49094465	-2	1	-	NC_085926.1	49093964	49094458	USP19	XM_034956410.3	-	2	2	7	93	11	12	50	23	50	middle	middle	0.460	1.000	alternative	constitutive	214	195	23
NC_085926.1	49094468	49094954	-2	1	-	NC_085926.1	49094567	49094871	USP19	XM_034956407.3	-	2	2	83	99	9	10	50	50	50	middle	middle	1.000	1.000	constitutive	constitutive	71	115	50
NC_085926.1	49102580	49103174	-2	1	-	NC_085926.1	49102694	49103116	LAMB2	XM_034956406.3	-	2	2	58	114	22	23	2	2	2	middle	middle	1.000	1.000	constitutive	constitutive	217	96	2
NC_085926.1	49401128	49401626	-2	1	-	NC_085926.1	49401146	49401580	AMT	XM_003818858.5	-	2	2	46	18	6	7	3	3	3	middle	middle	1.000	1.000	constitutive	constitutive	145	180	3
NC_085926.1	49660545	49661268	1	1	+	NC_085926.1	49660546	49661267	APEH	XM_063602365.1	+	1	2	1	1	1	2	5	1	1	first	middle	0.200	0.200	unique	unique	417	201	1
NC_085926.1	49661120	49661576	3	1	+	NC_085926.1	49661256	49661475	APEH	XM_003818852.5	+	3	2	136	101	1	2	5	3	3	first	middle	0.600	0.600	alternative	alternative	11	132	3
NC_085926.1	49668533	49668818	3	1	+	NC_085926.1	49668568	49668813	APEH	XM_003818852.5	+	3	2	35	5	16	17	5	5	5	middle	middle	1.000	1.000	constitutive	constitutive	83	80	5
NC_085926.1	49671075	49671495	-1	1	-	NC_085926.1	49671151	49671493	MST1	XM_034956472.2	-	1	2	2	76	16	17	3	3	3	middle	middle	1.000	1.000	constitutive	constitutive	106	139	3
NC_085926.1	49673773	49674193	-3	1	-	NC_085926.1	49673781	49674119	MST1	XM_034956472.2	-	3	2	74	8	5	6	3	3	1	middle	middle	1.000	0.333	constitutive	unique	136	120	1
NC_085926.1	49673773	49674193	-3	1	-	NC_085926.1	49673785	49674119	MST1	XM_034956473.3	-	3	2	74	12	5	6	3	3	2	middle	middle	1.000	0.667	constitutive	alternative	136	116	2
NC_085926.1	49778722	49779382	-3	1	-	NC_085926.1	49778724	49779330	CDHR4	XM_063602366.1	-	3	2	52	2	15	16	1	1	1	middle	middle	1.000	1.000	constitutive	constitutive	220	142	1
NC_085926.1	49826021	49826675	-2	1	-	NC_085926.1	49826074	49826675	TRAIP	XM_003818847.6	-	2	2	0	53	9	10	3	3	3	middle	middle	1.000	1.000	constitutive	constitutive	89	88	3
NC_085926.1	49847298	49847892	-1	1	-	NC_085926.1	49847457	49847854	CAMKV	XM_008972247.4	-	1	2	38	159	4	5	2	2	2	middle	middle	1.000	1.000	constitutive	constitutive	138	120	2
NC_085926.1	50253931	50254237	2	1	+	NC_085926.1	50253932	50254223	SEMA3B	XM_003818814.6	+	2	2	1	14	4	5	2	2	2	middle	middle	1.000	1.000	constitutive	constitutive	119	93	2
NC_085926.1	50271400	50271844	-3	1	-	NC_085926.1	50271464	50271766	IFRD2	XM_008972228.3	-	3	2	78	64	10	11	3	3	3	middle	middle	1.000	1.000	constitutive	constitutive	128	95	3
NC_085926.1	50345278	50346007	-3	1	-	NC_085926.1	50345279	50345580	CACNA2D2	XM_034956525.2	-	3	2	427	1	38	39	9	4	8	middle	last	0.444	0.889	alternative	alternative	82	137	4
NC_085926.1	50345278	50346007	-3	1	-	NC_085926.1	50345279	50345585	CACNA2D2	XM_055109983.1	-	3	2	422	1	38	39	9	4	8	middle	last	0.444	0.889	alternative	alternative	87	137	4
NC_085926.1	50358556	50359108	-3	1	-	NC_085926.1	50358650	50358975	CACNA2D2	XM_034956523.3	-	3	2	133	94	14	15	9	9	9	middle	middle	1.000	1.000	constitutive	constitutive	49	89	9
NC_085926.1	51927869	51928223	-2	1	-	NC_085926.1	51927870	51928142	RRP9	XM_003818774.6	-	2	2	81	1	14	15	2	2	2	middle	last	1.000	1.000	constitutive	constitutive	73	90	2
NC_085926.1	51983012	51983477	3	1	+	NC_085926.1	51983171	51983477	ACY1	XM_008972148.4	+	3	2	159	0	13	14	3	3	3	middle	last	1.000	1.000	constitutive	constitutive	60	161	3
NC_085926.1	52347978	52348992	1	1	+	NC_085926.1	52348327	52348857	DNAH1	XM_055110010.1	+	1	2	349	135	18	19	1	1	1	middle	middle	1.000	1.000	constitutive	constitutive	198	253	1
NC_085926.1	52404767	52405052	-2	1	-	NC_085926.1	52404769	52404958	BAP1	XM_003818761.6	-	2	2	94	2	2	3	5	4	4	middle	middle	0.800	0.800	alternative	alternative	29	54	4
NC_085926.1	52446378	52446735	-1	1	-	NC_085926.1	52446379	52446628	TNNC1	XM_003818758.5	-	1	2	107	1	5	6	1	1	1	middle	last	1.000	1.000	constitutive	constitutive	136	28	1
NC_085926.1	52475004	52475772	1	1	+	NC_085926.1	52475005	52475551	NISCH	XM_034956607.2	+	1	2	1	221	12	13	3	3	1	middle	middle	1.000	0.333	constitutive	unique	113	135	1
NC_085926.1	52475004	52475772	1	1	+	NC_085926.1	52475005	52475551	NISCH	XM_034956608.2	+	1	2	1	221	12	13	3	3	2	middle	middle	1.000	0.667	constitutive	alternative	113	111	2
NC_085926.1	52499584	52500160	2	1	+	NC_085926.1	52499633	52500037	STAB1	XM_003818746.7	+	2	2	49	123	12	13	5	5	5	middle	middle	1.000	1.000	constitutive	constitutive	137	140	5
NC_085926.1	52500540	52500948	1	1	+	NC_085926.1	52500562	52500828	STAB1	XM_003818746.7	+	1	2	22	120	15	16	5	5	5	middle	middle	1.000	1.000	constitutive	constitutive	113	53	5
NC_085926.1	52510801	52511320	2	1	+	NC_085926.1	52510850	52511258	STAB1	XM_003818746.7	+	2	2	49	62	38	39	5	5	5	middle	middle	1.000	1.000	constitutive	constitutive	195	95	5
NC_085926.1	52512077	52512578	3	1	+	NC_085926.1	52512127	52512431	STAB1	XM_003818746.7	+	3	2	50	147	43	44	5	5	5	middle	middle	1.000	1.000	constitutive	constitutive	73	74	5
NC_085926.1	52517803	52518334	2	1	+	NC_085926.1	52517820	52518136	STAB1	XM_003818746.7	+	2	2	17	198	63	64	5	5	5	middle	middle	1.000	1.000	constitutive	constitutive	109	119	5
NC_085926.1	52522615	52522966	-3	1	-	NC_085926.1	52522617	52522861	NT5DC2	XM_008972126.4	-	3	2	105	2	7	8	6	6	6	middle	middle	1.000	1.000	constitutive	constitutive	60	102	6
NC_085926.1	52686948	52687443	1	1	+	NC_085926.1	52687023	52687422	GNL3	XM_003818752.6	+	1	2	75	21	12	13	2	2	2	middle	middle	1.000	1.000	constitutive	constitutive	136	175	2
NC_085926.1	52818558	52819134	-1	1	-	NC_085926.1	52818675	52819050	ITIH4	XM_014344242.5	-	1	2	84	117	8	9	13	13	13	middle	middle	1.000	1.000	constitutive	constitutive	168	125	13
NC_085926.1	53224180	53224879	-3	1	-	NC_085926.1	53224327	53224630	TKT	XM_003818734.5	-	3	2	249	147	11	12	2	2	2	middle	middle	1.000	1.000	constitutive	constitutive	83	93	2
NC_085926.1	58120235	58120913	3	1	+	NC_085926.1	58120276	58120653	FLNB	XM_003811629.5	+	3	2	41	260	37	38	6	6	6	middle	middle	1.000	1.000	constitutive	constitutive	152	122	6
NC_085926.1	62314854	62315472	-1	1	-	NC_085926.1	62315022	62315472	FEZF2	XM_003811606.5	-	1	2	0	168	2	3	2	2	2	middle	middle	1.000	1.000	constitutive	constitutive	134	132	2
NC_085926.1	74256967	74257423	-3	1	-	NC_085926.1	74256970	74257377	CNTN3	XM_055110140.2	-	3	2	46	3	14	15	3	3	3	middle	middle	1.000	1.000	constitutive	constitutive	158	149	3
NC_085926.1	75867415	75868522	-3	1	-	NC_085926.1	75867416	75868488	ZNF717	XM_063602827.1	-	3	2	34	1	7	9	1	1	1	middle	last	1.000	1.000	constitutive	constitutive	337	524	1
NC_085926.1	88215457	88216573	-3	1	-	NC_085926.1	88215458	88216363	LOC100974639	XM_003831517.8	-	3	2	210	1	1	2	2	2	2	first	last	1.000	1.000	constitutive	constitutive	232	81	2
NC_085926.1	88356593	88357709	-2	1	-	NC_085926.1	88356594	88357697	LOC134730014	XM_063602865.1	-	2	2	12	1	1	2	1	1	1	first	last	1.000	1.000	constitutive	constitutive	570	463	1
NC_085926.1	90421529	90422030	-2	1	-	NC_085926.1	90421637	90421949	LOC100987890	XM_055110858.2	-	2	2	81	108	1	2	1	1	1	first	middle	1.000	1.000	constitutive	constitutive	75	131	1
NC_085926.1	91814463	91814958	-1	1	-	NC_085926.1	91814559	91814918	PROS1	XM_034956970.3	-	1	2	40	96	5	6	2	2	2	middle	middle	1.000	1.000	constitutive	constitutive	122	131	2
NC_085926.1	9947110	9947674	2	1	+	NC_085926.1	9947139	9947498	CRELD1	XM_034955747.2	+	2	2	29	176	8	9	2	2	2	middle	middle	1.000	1.000	constitutive	constitutive	83	95	2
NC_085927.1	28044689	28045544	3	1	+	NC_085927.1	28044690	28045544	BCL2L13	XM_055105569.2	+	3	2	1	0	6	8	1	1	1	middle	last	1.000	1.000	constitutive	constitutive	395	422	1
NC_085927.1	28108392	28108863	-3	1	-	NC_085927.1	28108393	28108729	MICAL3	XM_034949077.3	-	3	2	134	1	32	33	12	11	11	middle	last	0.917	0.917	alternative	alternative	73	181	11
NC_085927.1	28539923	28540490	-1	1	-	NC_085927.1	28539924	28540272	PRODH	XM_034949294.3	-	1	2	218	1	13	14	3	2	2	middle	last	0.667	0.667	alternative	alternative	88	184	2
NC_085927.1	28762430	28762883	-1	1	-	NC_085927.1	28762436	28762793	ESS2	XM_003814039.5	-	1	2	90	6	2	3	2	2	2	middle	middle	1.000	1.000	constitutive	constitutive	168	95	2
NC_085927.1	28769385	28770303	-3	1	-	NC_085927.1	28769560	28770180	GSC2	XM_034948645.4	-	3	2	123	175	1	2	1	1	1	first	middle	1.000	1.000	constitutive	constitutive	258	253	1
NC_085927.1	30051982	30052846	-2	1	-	NC_085927.1	30051984	30052812	SCARF2	XM_034952248.4	-	2	2	34	2	3	4	4	4	4	middle	middle	1.000	1.000	constitutive	constitutive	101	519	4
NC_085927.1	30322218	30322773	-3	1	-	NC_085927.1	30322324	30322637	LOC117978842	XM_055105824.2	-	3	2	136	106	4	5	1	1	1	middle	middle	1.000	1.000	constitutive	constitutive	118	113	1
NC_085927.1	30435988	30436627	-2	1	-	NC_085927.1	30436175	30436554	PI4KA	XM_034948740.3	-	2	2	73	187	37	38	6	6	6	middle	middle	1.000	1.000	constitutive	constitutive	119	79	6
NC_085927.1	30683669	30684158	3	1	+	NC_085927.1	30683673	30683901	AIFM3	XM_034948751.3	+	3	2	4	257	14	15	9	9	9	middle	middle	1.000	1.000	constitutive	constitutive	71	63	9
NC_085927.1	30684357	30684891	1	1	+	NC_085927.1	30684506	30684811	AIFM3	XM_034948751.3	+	1	2	149	80	16	17	9	8	9	middle	middle	0.889	1.000	alternative	constitutive	76	117	8
NC_085927.1	30684357	30684891	1	1	+	NC_085927.1	30684512	30684811	AIFM3	XM_063603232.1	+	1	2	155	80	15	16	9	1	9	middle	middle	0.111	1.000	unique	constitutive	70	117	1
NC_085927.1	30702483	30703170	1	1	+	NC_085927.1	30702539	30702905	LZTR1	XM_003806884.7	+	1	2	56	265	17	18	2	2	2	middle	middle	1.000	1.000	constitutive	constitutive	126	149	2
NC_085927.1	30735805	30736255	-2	1	-	NC_085927.1	30735806	30736192	SLC7A4	XM_008958638.4	-	2	2	63	1	3	4	2	2	2	middle	last	1.000	1.000	constitutive	constitutive	108	172	2
NC_085927.1	31017117	31017504	-3	1	-	NC_085927.1	31017119	31017379	LOC100976362	XM_034948781.3	-	3	2	125	2	9	10	2	2	2	middle	middle	1.000	1.000	constitutive	constitutive	72	40	2
NC_085927.1	31505587	31506103	-2	1	-	NC_085927.1	31505647	31506039	TOP3B	XM_003807737.4	-	2	2	64	60	9	10	11	11	11	middle	middle	1.000	1.000	constitutive	constitutive	154	105	11
NC_085927.1	31825794	31826379	1	1	+	NC_085927.1	31825918	31826379	LOC117977499	XM_034949136.3	+	1	2	124	0	2	3	1	1	1	middle	last	1.000	1.000	constitutive	constitutive	188	188	1
NC_085927.1	31906525	31907908	-2	1	-	NC_085927.1	31906526	31907236	LOC117978545	XM_055106036.2	-	2	2	672	1	1	2	1	1	1	first	last	1.000	1.000	constitutive	constitutive	336	244	1
NC_085927.1	32328216	32328807	1	1	+	NC_085927.1	32328395	32328702	LOC117978697	XM_055106014.2	+	1	2	179	105	3	4	3	3	3	middle	middle	1.000	1.000	constitutive	constitutive	112	113	3
NC_085927.1	32364524	32365115	3	1	+	NC_085927.1	32364703	32365010	LOC117978698	XM_055106011.2	+	3	2	179	105	3	4	2	2	2	middle	middle	1.000	1.000	constitutive	constitutive	112	113	2
NC_085927.1	32701251	32701770	1	1	+	NC_085927.1	32701279	32701770	LOC129395165	unassigned_transcript_809	+	1	2	28	0	1	2	1	1	1	first	last	1.000	1.000	constitutive	constitutive	45	319	1
NC_085927.1	32990056	32990731	2	1	+	NC_085927.1	32990086	32990441	RAB36	XM_003806388.6	+	2	2	30	290	8	9	5	5	5	middle	middle	1.000	1.000	constitutive	constitutive	81	90	5
NC_085927.1	33498966	33499518	-3	1	-	NC_085927.1	33498991	33499491	CHCHD10	XM_008962229.3	-	3	2	27	25	1	2	2	2	2	first	middle	1.000	1.000	constitutive	constitutive	40	219	2
NC_085927.1	33972467	33973226	3	1	+	NC_085927.1	33972580	33973158	SUSD2	XM_003811070.5	+	3	2	113	68	12	13	1	1	1	middle	middle	1.000	1.000	constitutive	constitutive	272	176	1
NC_085927.1	39214931	39215402	3	1	+	NC_085927.1	39215107	39215331	EMID1	XM_014343278.4	+	3	2	176	71	7	8	8	8	8	middle	middle	1.000	1.000	constitutive	constitutive	50	89	8
NC_085927.1	39293948	39294542	3	1	+	NC_085927.1	39293982	39294541	GAS2L1	XM_003811989.7	+	3	2	34	1	2	4	2	2	2	middle	middle	1.000	1.000	constitutive	constitutive	107	171	2
NC_085927.1	39313718	39314297	-1	1	-	NC_085927.1	39313719	39314233	AP1B1	XM_008964383.4	-	1	2	64	1	17	18	5	5	3	middle	last	1.000	0.600	constitutive	alternative	86	337	3
NC_085927.1	39313718	39314297	-1	1	-	NC_085927.1	39313902	39314233	AP1B1	XM_034949025.3	-	1	2	64	184	19	20	5	5	2	middle	middle	1.000	0.400	constitutive	alternative	86	154	2
NC_085927.1	40451506	40451863	-2	1	-	NC_085927.1	40451508	40451829	SEC14L4	XM_003812025.6	-	2	2	34	2	9	10	4	4	4	middle	middle	1.000	1.000	constitutive	constitutive	106	139	4
NC_085927.1	40484479	40485178	-2	1	-	NC_085927.1	40484480	40484999	LOC100976417	XM_034948545.3	-	2	2	179	1	11	12	3	2	2	middle	last	0.667	0.667	alternative	alternative	169	109	2
NC_085927.1	40485089	40485446	-1	1	-	NC_085927.1	40485091	40485412	LOC100976417	XM_034948545.3	-	1	2	34	2	9	10	3	3	3	middle	middle	1.000	1.000	constitutive	constitutive	106	139	3
NC_085927.1	40538205	40539096	-3	1	-	NC_085927.1	40538323	40538789	PES1	XM_034949322.3	-	3	2	307	118	13	14	2	2	1	middle	middle	1.000	0.500	constitutive	unique	166	161	1
NC_085927.1	40538205	40539096	-3	1	-	NC_085927.1	40538323	40538789	PES1	XM_063603076.1	-	3	2	307	118	13	14	2	2	1	middle	middle	1.000	0.500	constitutive	unique	166	158	1
NC_085927.1	40847138	40847831	3	1	+	NC_085927.1	40847252	40847708	OSBP2	XM_008964432.4	+	3	2	114	123	6	7	8	8	8	middle	middle	1.000	1.000	constitutive	constitutive	54	146	8
NC_085927.1	41567476	41568268	2	1	+	NC_085927.1	41567968	41568268	SFI1	XM_003821472.5	+	2	2	492	0	31	32	20	20	20	middle	last	1.000	1.000	constitutive	constitutive	111	101	20
NC_085927.1	41858235	41858769	1	1	+	NC_085927.1	41858259	41858769	DEPDC5	XM_003821482.7	+	1	2	24	0	41	42	18	13	13	middle	last	0.722	0.722	alternative	alternative	82	289	13
NC_085927.1	47284794	47286114	1	1	+	NC_085927.1	47285039	47286001	LOC117977482	XM_055105640.2	+	1	2	245	113	2	3	1	1	1	middle	middle	1.000	1.000	constitutive	constitutive	203	512	1
NC_085927.1	47352072	47352879	-3	1	-	NC_085927.1	47352298	47352665	CARD10	XM_034948447.3	-	3	2	214	226	17	18	2	2	2	middle	middle	1.000	1.000	constitutive	constitutive	158	115	2
NC_085927.1	47483771	47484314	3	1	+	NC_085927.1	47483931	47484237	GGA1	XM_008975042.5	+	3	2	160	77	8	9	9	9	9	middle	middle	1.000	1.000	constitutive	constitutive	140	81	9
NC_085927.1	47843038	47843539	2	1	+	NC_085927.1	47843099	47843417	LOC100972053	XM_014343300.4	+	2	2	61	122	1	3	1	1	1	first	middle	1.000	1.000	constitutive	constitutive	237	34	1
NC_085927.1	47843310	47843982	1	1	+	NC_085927.1	47843339	47843982	LOC100972053	XM_014343300.4	+	1	2	29	0	2	4	1	1	1	middle	last	1.000	1.000	constitutive	constitutive	42	562	1
NC_085927.1	47937922	47939395	-2	1	-	NC_085927.1	47938354	47939341	SLC16A8	XM_034948678.2	-	2	2	54	432	1	2	2	2	2	first	middle	1.000	1.000	constitutive	constitutive	213	143	2
NC_085927.1	48606326	48607409	-1	1	-	NC_085927.1	48606818	48607293	SUN2	XM_034949051.3	-	1	2	116	492	3	4	5	5	5	middle	middle	1.000	1.000	constitutive	constitutive	163	137	5
NC_085927.1	48875886	48876702	1	1	+	NC_085927.1	48876100	48876701	APOBEC3D	XM_034949103.3	+	1	2	214	1	3	4	3	2	3	middle	middle	0.667	1.000	alternative	constitutive	279	114	2
NC_085927.1	48875886	48876702	1	1	+	NC_085927.1	48876177	48876701	APOBEC3D	XM_063603311.1	+	1	2	291	1	2	3	3	1	3	middle	middle	0.333	1.000	unique	constitutive	202	114	1
NC_085927.1	48895710	48896451	1	1	+	NC_085927.1	48895849	48896450	LOC100990514	XM_034949105.3	+	1	2	139	1	3	4	3	2	2	middle	middle	0.667	0.667	alternative	alternative	279	114	2
NC_085927.1	50146311	50146845	1	1	+	NC_085927.1	50146312	50146735	TNRC6B	XM_008975121.6	+	1	2	1	110	13	14	12	12	12	middle	middle	1.000	1.000	constitutive	constitutive	95	183	12
NC_085927.1	50244074	50244866	3	1	+	NC_085927.1	50244201	50244752	SGSM3	XM_003814608.8	+	3	3	127	114	10	12	13	13	13	middle	middle	1.000	1.000	constitutive	constitutive	54	155	13
NC_085927.1	50245160	50245634	3	1	+	NC_085927.1	50245255	50245613	SGSM3	XM_003814608.8	+	3	2	95	21	14	15	13	13	13	middle	middle	1.000	1.000	constitutive	constitutive	49	152	13
NC_085927.1	51624466	51625000	2	1	+	NC_085927.1	51624545	51624981	MEI1	XM_003814635.5	+	2	2	79	19	29	30	1	1	1	middle	middle	1.000	1.000	constitutive	constitutive	131	112	1
NC_085927.1	51973705	51974230	-2	1	-	NC_085927.1	51973706	51974122	LOC100969627	XM_034949304.3	-	2	2	108	1	8	9	2	2	2	middle	last	1.000	1.000	constitutive	constitutive	141	175	2
NC_085927.1	54719111	54719831	-1	1	-	NC_085927.1	54719205	54719717	PHF21B	XM_034948445.4	-	1	2	114	94	11	12	2	2	2	middle	middle	1.000	1.000	constitutive	constitutive	75	103	2
NC_085927.1	56195493	56196102	-3	1	-	NC_085927.1	56195580	56196040	CELSR1	XM_034951716.4	-	3	2	62	87	31	32	2	2	2	middle	middle	1.000	1.000	constitutive	constitutive	103	149	2
NC_085927.1	56222529	56223480	-3	1	-	NC_085927.1	56222820	56223450	CELSR1	XM_034951716.4	-	3	2	30	291	15	16	2	2	2	middle	middle	1.000	1.000	constitutive	constitutive	183	101	2
NC_085927.1	59904095	59905586	-1	1	-	NC_085927.1	59904116	59904871	IL17REL	XM_034948555.3	-	1	2	715	21	3	5	1	1	1	middle	middle	1.000	1.000	constitutive	constitutive	149	114	1
NC_085927.1	60123347	60124223	-1	1	-	NC_085927.1	60123416	60124118	TUBGCP6	XM_003811029.7	-	1	2	105	69	22	24	2	2	2	middle	middle	1.000	1.000	constitutive	constitutive	132	199	2
NC_085927.1	60124784	60125240	-1	1	-	NC_085927.1	60124786	60125240	TUBGCP6	XM_003811029.7	-	1	2	0	2	18	19	2	2	2	middle	middle	1.000	1.000	constitutive	constitutive	153	168	2
NC_085927.1	60155672	60156521	-1	1	-	NC_085927.1	60155674	60156003	HDAC10	XM_003811027.5	-	1	2	518	2	5	6	11	11	11	middle	middle	1.000	1.000	constitutive	constitutive	104	68	11
NC_085927.1	60172839	60173511	-3	1	-	NC_085927.1	60173193	60173433	MAPK11	XM_034949193.3	-	3	2	78	354	6	7	2	2	2	middle	middle	1.000	1.000	constitutive	constitutive	47	114	2
NC_085927.1	60173497	60173752	-2	1	-	NC_085927.1	60173516	60173741	MAPK11	XM_034949193.3	-	2	2	11	19	4	5	2	2	2	middle	middle	1.000	1.000	constitutive	constitutive	111	29	2
NC_085927.1	60186392	60187322	-1	1	-	NC_085927.1	60186588	60187253	PLXNB2	XM_034949307.3	-	1	2	69	196	23	24	15	15	15	middle	middle	1.000	1.000	constitutive	constitutive	181	66	15
NC_085927.1	60188389	60189586	-2	1	-	NC_085927.1	60188438	60188897	PLXNB2	XM_034949307.3	-	2	2	689	49	17	18	15	15	15	middle	middle	1.000	1.000	constitutive	constitutive	129	227	15
NC_085927.1	60189654	60190275	-3	1	-	NC_085927.1	60189728	60190123	PLXNB2	XM_034949307.3	-	3	2	152	74	14	15	15	15	15	middle	middle	1.000	1.000	constitutive	constitutive	108	136	15
NC_085927.1	60218840	60219620	-1	1	-	NC_085927.1	60218901	60219183	DENND6B	XM_034948524.3	-	1	2	437	61	19	20	4	4	4	middle	middle	1.000	1.000	constitutive	constitutive	102	74	4
NC_085927.1	60219623	60220217	-1	1	-	NC_085927.1	60219753	60220031	DENND6B	XM_034948524.3	-	1	2	186	130	16	17	4	4	4	middle	middle	1.000	1.000	constitutive	constitutive	89	53	4
NC_085927.1	60225063	60225720	-3	1	-	NC_085927.1	60225096	60225252	DENND6B	XM_034948524.3	-	3	2	468	33	2	3	4	4	4	middle	middle	1.000	1.000	constitutive	constitutive	38	42	4
NC_085927.1	60354844	60356068	2	1	+	NC_085927.1	60354868	60355323	PPP6R2	XM_055105586.2	+	2	2	24	745	16	17	27	27	27	middle	middle	1.000	1.000	constitutive	constitutive	57	124	27
NC_085927.1	60365561	60366179	-1	1	-	NC_085927.1	60365752	60366167	SBF1	XM_034948397.4	-	1	2	12	191	37	38	6	6	6	middle	middle	1.000	1.000	constitutive	constitutive	107	211	6
NC_085927.1	60378031	60378769	-2	1	-	NC_085927.1	60378125	60378582	SBF1	XM_034948397.4	-	2	2	187	94	30	31	6	6	6	middle	middle	1.000	1.000	constitutive	constitutive	181	179	6
NC_085927.1	60382147	60382651	-2	1	-	NC_085927.1	60382189	60382630	SBF1	XM_034948397.4	-	2	2	21	42	24	25	6	6	6	middle	middle	1.000	1.000	constitutive	constitutive	178	136	6
NC_085927.1	60387882	60388476	-3	1	-	NC_085927.1	60387955	60388252	SBF1	XM_034948397.4	-	3	2	224	73	8	9	6	6	6	middle	middle	1.000	1.000	constitutive	constitutive	108	113	6
NC_085927.1	60450538	60451201	-2	1	-	NC_085927.1	60450590	60451173	CIMAP1B	XM_003804583.8	-	2	3	28	52	3	5	5	5	5	middle	middle	1.000	1.000	constitutive	constitutive	104	140	5
NC_085927.1	60490695	60491346	-3	1	-	NC_085927.1	60490867	60491268	CPT1B	XM_008961501.4	-	3	2	78	172	14	15	9	9	9	middle	middle	1.000	1.000	constitutive	constitutive	134	152	9
NC_085927.1	60542732	60543266	-1	1	-	NC_085927.1	60542733	60543266	ARSA	XM_008961542.4	-	1	2	0	1	7	8	5	5	5	middle	last	1.000	1.000	constitutive	constitutive	102	316	5
NC_085927.1	60594560	60594953	3	1	+	NC_085927.1	60594576	60594911	SHANK3	XM_055105967.3	+	3	2	16	42	4	5	5	5	5	middle	middle	1.000	1.000	constitutive	constitutive	108	151	5
