chr	start	end	frame	filler	strand	chr	first_exon_start	last_exon_end	gene	transcript	exon_strand	exon_frame	exon_count	upstream_len_in_scfr	downstream_len_in_scfr	first_exon_number	last_exon_number	gene_tx_count	first_exon_tx_count	last_exon_tx_count	first_exon_order	last_exon_order	first_exon_sharing	last_exon_sharing	first_exon_splicing	last_exon_splicing	first_exon_overlap	last_exon_overlap	merged_txs
NC_073249.2	117130146	117130506	-1	1	-	NC_073249.2	117130246	117130368	CSF1	XM_034933157.3	-	1	1	138	100	2	2	5	5	5	middle	middle	1.000	1.000	constitutive	constitutive	122	122	4
NC_073249.2	117130146	117130506	-1	1	-	NC_073249.2	117130246	117130503	CSF1	XM_063599449.1	-	1	2	3	100	1	2	5	1	5	first	middle	0.200	1.000	unique	constitutive	14	122	1
NC_073249.2	174499139	174499505	3	1	+	NC_073249.2	174499148	174499481	CC2D1B	XM_008967916.4	+	3	2	9	24	22	23	11	11	5	middle	middle	1.000	0.455	constitutive	alternative	90	89	5
NC_073249.2	174499139	174499505	3	1	+	NC_073249.2	174499148	174499238	CC2D1B	XM_008967919.5	+	3	1	9	267	22	22	11	11	11	middle	middle	1.000	1.000	constitutive	constitutive	90	90	6
NC_073249.2	182083788	182084256	-1	1	-	NC_073249.2	182083843	182083920	ARMH1	XM_003812809.4	-	1	1	336	55	9	9	10	6	6	middle	middle	0.600	0.600	alternative	alternative	77	77	6
NC_073249.2	182083788	182084256	-1	1	-	NC_073249.2	182084007	182084136	ARMH1	XM_008965273.5	-	1	1	120	219	8	8	10	1	1	middle	middle	0.100	0.100	unique	unique	129	129	1
NC_073249.2	182083788	182084256	-1	1	-	NC_073249.2	182084007	182084154	ARMH1	XM_034963384.3	-	1	1	102	219	8	8	10	3	3	middle	middle	0.300	0.300	alternative	alternative	147	147	3
NC_073249.2	182453268	182454033	1	1	+	NC_073249.2	182453284	182453425	ERI3	XM_003812817.4	+	1	1	16	608	1	1	14	1	1	first	first	0.071	0.071	unique	unique	141	141	1
NC_073249.2	182453268	182454033	1	1	+	NC_073249.2	182453659	182453793	ERI3	XM_008965282.5	+	1	1	391	240	1	1	14	5	5	first	first	0.357	0.357	alternative	alternative	134	134	5
NC_073249.2	182817010	182817556	-3	1	-	NC_073249.2	182817012	182817439	CCDC24	XM_003812823.4	-	3	2	117	2	2	3	25	5	24	middle	middle	0.200	0.960	alternative	alternative	175	116	5
NC_073249.2	182817010	182817556	-3	1	-	NC_073249.2	182817012	182817331	CCDC24	XM_008965309.3	-	3	2	225	2	2	3	25	3	24	middle	middle	0.120	0.960	alternative	alternative	106	116	3
NC_073249.2	182817010	182817556	-3	1	-	NC_073249.2	182817012	182817331	CCDC24	XM_008965310.3	-	3	2	225	2	2	3	25	4	24	middle	middle	0.160	0.960	alternative	alternative	67	116	4
NC_073249.2	182817010	182817556	-3	1	-	NC_073249.2	182817012	182817439	CCDC24	XM_024930987.3	-	3	2	117	2	2	3	25	4	24	middle	middle	0.160	0.960	alternative	alternative	214	116	4
NC_073249.2	182817010	182817556	-3	1	-	NC_073249.2	182817012	182817498	CCDC24	XM_034963351.3	-	3	2	58	2	2	3	25	5	24	middle	middle	0.200	0.960	alternative	alternative	273	116	5
NC_073249.2	182817010	182817556	-3	1	-	NC_073249.2	182817012	182817498	CCDC24	XM_055094128.2	-	3	2	58	2	2	3	25	4	24	middle	middle	0.160	0.960	alternative	alternative	234	116	3
NC_073249.2	182817010	182817556	-3	1	-	NC_073249.2	182817264	182817498	CCDC24	XM_055094166.2	-	3	1	58	254	2	2	25	4	4	middle	middle	0.160	0.160	alternative	alternative	234	234	1
NC_073249.2	195029453	195030101	3	1	+	NC_073249.2	195029679	195030009	SPOCD1	XM_008953483.5	+	3	2	226	92	4	5	9	6	8	middle	middle	0.667	0.889	alternative	alternative	125	54	6
NC_073249.2	195029453	195030101	3	1	+	NC_073249.2	195029955	195030009	SPOCD1	XM_063601527.1	+	3	1	502	92	2	2	9	8	8	middle	middle	0.889	0.889	alternative	alternative	54	54	2
NC_073249.2	203144510	203144984	3	1	+	NC_073249.2	203144532	203144958	GALE	XM_008963121.3	+	3	2	22	26	8	9	5	3	5	middle	middle	0.600	1.000	alternative	constitutive	77	114	3
NC_073249.2	203144510	203144984	3	1	+	NC_073249.2	203144844	203144958	GALE	XM_008963125.3	+	3	1	334	26	8	8	5	5	5	middle	middle	1.000	1.000	constitutive	constitutive	114	114	2
NC_073249.2	207828866	207829463	3	1	+	NC_073249.2	207828910	207829097	AKR7A3	XM_008967092.5	+	3	1	44	366	2	2	2	2	2	middle	middle	1.000	1.000	constitutive	constitutive	187	187	1
NC_073249.2	207828866	207829463	3	1	+	NC_073249.2	207828910	207829394	AKR7A3	XM_034956936.3	+	3	2	44	69	2	3	2	2	1	middle	middle	1.000	0.500	constitutive	unique	187	104	1
NC_073249.2	210140178	210141027	1	1	+	NC_073249.2	210140186	210140586	ATP13A2	XM_034956516.3	+	1	2	8	441	21	22	11	11	8	middle	middle	1.000	0.727	constitutive	alternative	160	116	8
NC_073249.2	210140178	210141027	1	1	+	NC_073249.2	210140186	210140346	ATP13A2	XM_034956555.3	+	1	1	8	681	21	21	11	11	11	middle	middle	1.000	1.000	constitutive	constitutive	160	160	3
NC_073249.2	221809397	221810258	3	1	+	NC_073249.2	221809413	221810072	HES2	XM_003822152.4	+	3	2	16	186	1	3	2	1	2	first	middle	0.500	1.000	unique	constitutive	255	95	1
NC_073249.2	221809397	221810258	3	1	+	NC_073249.2	221809977	221810072	HES2	XM_063602015.1	+	3	1	580	186	2	2	2	2	2	middle	middle	1.000	1.000	constitutive	constitutive	95	95	1
NC_073249.2	222074513	222075140	3	1	+	NC_073249.2	222074915	222075113	CHD5	XM_008975719.5	+	3	1	402	27	4	4	5	1	1	middle	middle	0.200	0.200	unique	unique	198	198	1
NC_073249.2	222074513	222075140	3	1	+	NC_073249.2	222074578	222074744	CHD5	XM_034953986.3	+	3	1	65	396	8	8	5	4	4	middle	middle	0.800	0.800	alternative	alternative	166	166	4
NC_073249.2	225640964	225641990	3	1	+	NC_073249.2	225641056	225641864	MMEL1	XM_034953648.3	+	3	2	92	126	8	9	11	6	11	middle	middle	0.545	1.000	alternative	constitutive	118	65	6
NC_073249.2	225640964	225641990	3	1	+	NC_073249.2	225641799	225641864	MMEL1	XM_055099042.2	+	3	1	835	126	10	10	11	11	11	middle	middle	1.000	1.000	constitutive	constitutive	65	65	5
NC_073249.2	226352769	226353201	1	1	+	NC_073249.2	226352830	226352964	CFAP74	XM_014343963.4	+	1	1	61	237	37	37	7	7	7	middle	middle	1.000	1.000	constitutive	constitutive	134	134	5
NC_073249.2	226352769	226353201	1	1	+	NC_073249.2	226352830	226353201	CFAP74	XM_063602440.1	+	1	2	61	0	36	37	7	7	2	middle	last	1.000	0.286	constitutive	alternative	134	32	2
NC_073249.2	226355803	226356646	2	1	+	NC_073249.2	226356604	226356645	TMEM52	XM_003807296.6	+	2	1	801	1	3	3	5	2	2	middle	middle	0.400	0.400	alternative	alternative	41	41	2
NC_073249.2	226355803	226356646	2	1	+	NC_073249.2	226355897	226356645	TMEM52	XM_034953402.3	+	2	2	94	1	1	2	5	2	1	first	middle	0.400	0.200	alternative	unique	459	195	1
NC_073249.2	226355803	226356646	2	1	+	NC_073249.2	226355897	226356493	TMEM52	XM_034953408.3	+	2	2	94	153	1	2	5	2	1	first	middle	0.400	0.200	alternative	unique	459	43	1
NC_073249.2	226983614	226984121	3	1	+	NC_073249.2	226983637	226983837	C1QTNF12	XM_055099671.2	+	3	1	23	284	6	6	8	1	1	middle	middle	0.125	0.125	unique	unique	200	200	1
NC_073249.2	226983614	226984121	3	1	+	NC_073249.2	226984026	226984121	C1QTNF12	XM_055099676.2	+	3	1	412	0	7	7	8	4	4	last	last	0.500	0.500	alternative	alternative	95	95	4
NC_073249.2	227021685	227022453	1	1	+	NC_073249.2	227022332	227022453	TNFRSF18	XM_003809497.6	+	1	1	647	0	5	5	4	2	2	last	last	0.500	0.500	alternative	alternative	121	121	2
NC_073249.2	227021685	227022453	1	1	+	NC_073249.2	227021714	227022266	TNFRSF18	XM_063602518.1	+	1	2	29	187	3	4	4	1	1	middle	middle	0.250	0.250	unique	unique	187	202	1
NC_073249.2	43357270	43357738	2	1	+	NC_073249.2	43357396	43357537	CTSE	XM_003822932.6	+	2	1	126	201	7	7	2	1	1	middle	middle	0.500	0.500	unique	unique	141	141	1
NC_073249.2	43357270	43357738	2	1	+	NC_073249.2	43357639	43357737	CTSE	XM_008976536.5	+	2	1	369	1	7	7	2	1	1	middle	middle	0.500	0.500	unique	unique	98	98	1
NC_073249.2	92329291	92329690	2	1	+	NC_073249.2	92329422	92329453	FCRL5	XM_003821014.6	+	2	1	131	237	16	16	2	1	1	middle	middle	0.500	0.500	unique	unique	31	31	1
NC_073249.2	92329291	92329690	2	1	+	NC_073249.2	92329531	92329690	FCRL5	XM_008974494.5	+	2	1	240	0	17	17	2	1	1	last	last	0.500	0.500	unique	unique	159	159	1
NC_073249.2	93710690	93711473	-2	1	-	NC_073249.2	93710931	93711056	LMNA	XM_034937332.4	-	2	1	417	241	5	5	7	6	6	middle	middle	0.857	0.857	alternative	alternative	125	125	6
NC_073249.2	93710690	93711473	-2	1	-	NC_073249.2	93711268	93711413	LMNA	XM_055113222.2	-	2	1	60	578	1	1	7	1	1	first	first	0.143	0.143	unique	unique	145	145	1
NC_073249.2	94705347	94705737	-1	1	-	NC_073249.2	94705349	94705428	SLC50A1	XM_003817069.5	-	1	1	309	2	1	1	10	2	2	first	first	0.200	0.200	alternative	alternative	79	79	2
NC_073249.2	94705347	94705737	-1	1	-	NC_073249.2	94705660	94705668	SLC50A1	XM_034936775.3	-	1	1	69	313	1	1	10	3	3	first	first	0.300	0.300	alternative	alternative	8	8	3
NC_073249.2	94754386	94754845	-3	1	-	NC_073249.2	94754387	94754805	EFNA3	XM_003817092.6	-	3	2	40	1	4	5	2	1	2	middle	last	0.500	1.000	unique	constitutive	77	127	1
NC_073249.2	94754386	94754845	-3	1	-	NC_073249.2	94754387	94754514	EFNA3	XM_003817093.5	-	3	1	331	1	4	4	2	2	2	last	last	1.000	1.000	constitutive	constitutive	127	127	1
NC_073249.2	95901429	95901795	1	1	+	NC_073249.2	95901457	95901574	DENND4B	XM_003817123.7	+	1	1	28	221	25	25	6	5	5	middle	middle	0.833	0.833	alternative	alternative	117	117	5
NC_073249.2	95901429	95901795	1	1	+	NC_073249.2	95901457	95901795	DENND4B	XM_063605157.1	+	1	2	28	0	25	26	6	1	1	middle	last	0.167	0.167	unique	unique	41	131	1
NC_073252.2	125691169	125691424	-1	1	-	NC_073252.2	125691268	125691371	MFSD8	XM_008976693.5	-	1	1	53	99	10	10	8	7	7	middle	middle	0.875	0.875	alternative	alternative	103	103	7
NC_073252.2	125691169	125691424	-1	1	-	NC_073252.2	125691170	125691179	MFSD8	XM_057302154.1	-	1	1	245	1	9	9	8	1	1	last	last	0.125	0.125	unique	unique	9	9	1
NC_073252.2	2136842	2137490	3	1	+	NC_073252.2	2137034	2137139	FGFR3	XM_034958180.3	+	3	1	192	351	16	16	12	11	11	middle	middle	0.917	0.917	alternative	alternative	105	105	11
NC_073252.2	2136842	2137490	3	1	+	NC_073252.2	2137321	2137490	FGFR3	XM_034958187.3	+	3	1	479	0	16	16	12	1	1	last	last	0.083	0.083	unique	unique	169	169	1
NC_073252.2	59244500	59245748	3	1	+	NC_073252.2	59245032	59245634	GRSF1	XM_008961142.4	+	3	1	532	114	1	1	4	1	1	first	first	0.250	0.250	unique	unique	602	602	1
NC_073252.2	59244500	59245748	3	1	+	NC_073252.2	59245683	59245685	GRSF1	XM_008961144.4	+	3	1	1183	63	1	1	4	1	1	first	first	0.250	0.250	unique	unique	2	2	1
NC_073252.2	59244500	59245748	3	1	+	NC_073252.2	59245032	59245391	GRSF1	XM_034958683.3	+	3	1	532	357	1	1	4	1	1	first	first	0.250	0.250	unique	unique	359	359	1
NC_073253.2	129413116	129413989	2	1	+	NC_073253.2	129413321	129413801	TCF7	XM_034960507.3	+	2	2	205	188	1	2	12	9	12	first	middle	0.750	1.000	alternative	constitutive	248	66	9
NC_073253.2	129413116	129413989	2	1	+	NC_073253.2	129413735	129413801	TCF7	XM_055112685.2	+	2	1	619	188	2	2	12	12	12	middle	middle	1.000	1.000	constitutive	constitutive	66	66	3
NC_073253.2	145607495	145608116	3	1	+	NC_073253.2	145607559	145608062	TCOF1	XM_034960786.3	+	3	2	64	54	16	17	11	7	11	middle	middle	0.636	1.000	alternative	constitutive	179	200	7
NC_073253.2	145607495	145608116	3	1	+	NC_073253.2	145607862	145608062	TCOF1	XM_034960791.3	+	3	1	367	54	16	16	11	11	11	middle	middle	1.000	1.000	constitutive	constitutive	200	200	4
NC_073253.2	145630809	145631733	-2	1	-	NC_073253.2	145630893	145630955	CD74	XM_003829019.4	-	2	1	778	84	7	7	2	2	2	middle	middle	1.000	1.000	constitutive	constitutive	62	62	1
NC_073253.2	145630809	145631733	-2	1	-	NC_073253.2	145630893	145631639	CD74	XM_003829020.5	-	2	2	94	84	7	8	2	1	2	middle	middle	0.500	1.000	unique	constitutive	191	62	1
NC_073253.2	174815769	174816264	-2	1	-	NC_073253.2	174815808	174816212	TBC1D9B	XM_034961213.3	-	2	2	52	39	18	19	4	4	2	middle	middle	1.000	0.500	constitutive	alternative	71	50	2
NC_073253.2	174815769	174816264	-2	1	-	NC_073253.2	174816141	174816212	TBC1D9B	XM_034961214.3	-	2	1	52	372	18	18	4	4	4	middle	middle	1.000	1.000	constitutive	constitutive	71	71	2
NC_073254.2	163036289	163037273	3	1	+	NC_073254.2	163036917	163037057	AIG1	XM_034962980.2	+	3	1	628	216	1	1	9	6	6	first	first	0.667	0.667	alternative	alternative	140	140	6
NC_073254.2	163036289	163037273	3	1	+	NC_073254.2	163036635	163037057	AIG1	XM_034962981.3	+	3	2	346	216	1	2	9	2	2	first	middle	0.222	0.222	alternative	alternative	8	119	2
NC_073254.2	163036289	163037273	3	1	+	NC_073254.2	163036947	163037057	AIG1	XM_057302603.2	+	3	1	658	216	1	1	9	1	1	first	first	0.111	0.111	unique	unique	110	110	1
NC_073254.2	46189802	46190279	-3	1	-	NC_073254.2	46189925	46190050	LOC106634867	XM_024929304.5	-	3	1	229	123	2	2	2	2	2	middle	middle	1.000	1.000	constitutive	constitutive	125	125	1
NC_073254.2	46189802	46190279	-3	1	-	NC_073254.2	46189803	46190050	LOC106634867	XM_057302476.2	-	3	2	229	1	2	3	2	2	1	middle	last	1.000	0.500	constitutive	unique	125	19	1
NC_073254.2	49554101	49554809	3	1	+	NC_073254.2	49554117	49554287	ANKS1A	XM_034961898.3	+	3	1	16	522	23	23	13	13	13	middle	middle	1.000	1.000	constitutive	constitutive	170	170	7
NC_073254.2	49554101	49554809	3	1	+	NC_073254.2	49554117	49554809	ANKS1A	XM_063604838.1	+	3	2	16	0	23	24	13	13	6	middle	last	1.000	0.462	constitutive	alternative	170	188	6
NC_073254.2	49758718	49759309	2	1	+	NC_073254.2	49758815	49759265	ZNF76	XM_003808530.5	+	2	2	97	44	5	6	7	4	7	middle	middle	0.571	1.000	alternative	constitutive	116	75	4
NC_073254.2	49758718	49759309	2	1	+	NC_073254.2	49759190	49759265	ZNF76	XM_034961908.3	+	2	1	472	44	5	5	7	7	7	middle	middle	1.000	1.000	constitutive	constitutive	75	75	3
NC_073254.2	52128188	52128497	-3	1	-	NC_073254.2	52128230	52128362	MDGA1	XM_024929192.4	-	3	1	135	42	5	5	9	8	8	middle	middle	0.889	0.889	alternative	alternative	132	132	7
NC_073254.2	52128188	52128497	-3	1	-	NC_073254.2	52128230	52128497	MDGA1	XM_063604886.1	-	3	2	0	42	1	2	9	1	8	first	middle	0.111	0.889	unique	alternative	2	132	1
NC_073254.2	58173369	58173786	-2	1	-	NC_073254.2	58173371	58173786	MRPS18A	XM_003833240.6	-	2	2	0	2	4	5	2	2	1	middle	middle	1.000	0.500	constitutive	unique	123	69	1
NC_073254.2	58173369	58173786	-2	1	-	NC_073254.2	58173663	58173786	MRPS18A	XM_008958742.4	-	2	1	0	294	4	4	2	2	2	middle	middle	1.000	1.000	constitutive	constitutive	123	123	1
NC_073255.2	118090182	118090932	-1	1	-	NC_073255.2	118090765	118090911	GPC2	XM_034964563.3	-	1	1	21	583	7	7	2	1	1	middle	middle	0.500	0.500	unique	unique	146	146	1
NC_073255.2	118090182	118090932	-1	1	-	NC_073255.2	118090184	118090359	GPC2	XM_063606008.1	-	1	1	573	2	9	9	2	1	1	middle	middle	0.500	0.500	unique	unique	175	175	1
NC_073255.2	118266080	118266488	3	1	+	NC_073255.2	118266101	118266161	LOC103782679	XM_034964576.3	+	3	1	21	327	4	4	21	15	15	middle	middle	0.714	0.714	alternative	alternative	60	60	15
NC_073255.2	118266080	118266488	3	1	+	NC_073255.2	118266303	118266373	LOC103782679	XM_063606024.1	+	3	1	223	115	1	1	21	2	2	first	first	0.095	0.095	alternative	alternative	70	70	2
NC_073255.2	118286354	118287467	3	1	+	NC_073255.2	118286971	118287360	LOC103782679	XM_034964576.3	+	3	1	617	107	11	11	21	15	15	middle	middle	0.714	0.714	alternative	alternative	389	389	15
NC_073255.2	118286354	118287467	3	1	+	NC_073255.2	118286512	118286651	LOC103782679	XM_063606022.1	+	3	1	158	816	10	10	21	2	2	middle	middle	0.095	0.095	alternative	alternative	139	139	2
NC_073255.2	118799141	118800368	-2	1	-	NC_073255.2	118799702	118799919	ACHE	XM_034964625.3	-	2	1	449	561	2	2	6	1	1	middle	middle	0.167	0.167	unique	unique	217	217	1
NC_073255.2	118799141	118800368	-2	1	-	NC_073255.2	118800191	118800368	ACHE	XM_034964626.4	-	2	1	0	1050	1	1	6	2	2	first	first	0.333	0.333	alternative	alternative	177	177	2
NC_073255.2	118884714	118942548	1	1	+	NC_073255.2	118940821	118942447	LOC117981257	XM_055115311.1	+	1	1	56107	101	1	1	1	1	1	first	first	1.000	1.000	constitutive	constitutive	1626	1626	1
NC_073255.2	118884714	118942548	1	1	+	NC_073255.2	118884794	118904928	LOC103785161	XM_063606256.1	+	1	7	80	37620	3	21	1	1	1	middle	middle	1.000	1.000	constitutive	constitutive	452	9436	1
NC_073255.2	118884714	118942548	1	1	+	NC_073255.2	118932727	118933852	LOC134730785	XM_063606257.1	+	1	1	48013	8696	1	1	1	1	1	first	first	1.000	1.000	constitutive	constitutive	1125	1125	1
NC_073255.2	119022050	119046509	3	1	+	NC_073255.2	119025717	119027384	LOC117981258	XM_055115312.1	+	3	1	3667	19125	1	1	1	1	1	first	first	1.000	1.000	constitutive	constitutive	1667	1667	1
NC_073255.2	119022050	119046509	3	1	+	NC_073255.2	119028384	119030057	LOC106634424	XM_055115313.1	+	3	1	6334	16452	1	1	1	1	1	first	first	1.000	1.000	constitutive	constitutive	1673	1673	1
NC_073255.2	119022050	119046509	3	1	+	NC_073255.2	119030685	119031855	LOC129398341	XM_055115314.1	+	3	1	8635	14654	1	1	1	1	1	first	first	1.000	1.000	constitutive	constitutive	1170	1170	1
NC_073255.2	119022050	119046509	3	1	+	NC_073255.2	119032794	119039283	LOC117981260	XM_055115315.1	+	3	1	10744	7226	1	1	1	1	1	first	first	1.000	1.000	constitutive	constitutive	6489	6489	1
NC_073255.2	119022050	119046509	3	1	+	NC_073255.2	119043954	119045832	LOC129398342	XM_055115316.1	+	3	1	21904	677	1	1	1	1	1	first	first	1.000	1.000	constitutive	constitutive	1878	1878	1
NC_073255.2	119046512	119055332	3	1	+	NC_073255.2	119047140	119049195	LOC129398343	XM_055115317.1	+	3	2	628	6137	1	2	1	1	1	first	middle	1.000	1.000	constitutive	constitutive	575	1326	1
NC_073255.2	119046512	119055332	3	1	+	NC_073255.2	119050857	119052735	LOC100971047	XM_055115318.2	+	3	1	4345	2597	1	1	1	1	1	first	first	1.000	1.000	constitutive	constitutive	1878	1878	1
NC_073255.2	26292109	26292694	2	1	+	NC_073255.2	26292116	26292655	SP4	XM_003825036.7	+	2	2	7	39	1	2	2	1	1	first	middle	0.500	0.500	unique	unique	6	115	1
NC_073255.2	26292109	26292694	2	1	+	NC_073255.2	26292584	26292655	SP4	XM_055115751.2	+	2	1	475	39	1	1	2	1	1	first	first	0.500	0.500	unique	unique	71	71	1
NC_073255.2	48984879	48985482	-1	1	-	NC_073255.2	48984931	48985381	POLM	XM_003805243.5	-	1	2	101	52	8	9	17	10	17	middle	middle	0.588	1.000	alternative	constitutive	102	242	10
NC_073255.2	48984879	48985482	-1	1	-	NC_073255.2	48984931	48985173	POLM	XM_003805244.5	-	1	1	309	52	8	8	17	17	17	middle	middle	1.000	1.000	constitutive	constitutive	242	242	7
NC_073255.2	81402173	81402785	3	1	+	NC_073255.2	81402380	81402623	ASL	XM_055115020.2	+	3	2	207	162	11	12	8	7	5	middle	middle	0.875	0.625	alternative	alternative	84	59	4
NC_073255.2	81402173	81402785	3	1	+	NC_073255.2	81402380	81402464	ASL	XM_055115021.2	+	3	1	207	321	11	11	8	7	7	middle	middle	0.875	0.875	alternative	alternative	84	84	3
NC_073255.2	81402173	81402785	3	1	+	NC_073255.2	81402312	81402623	ASL	XM_057302699.2	+	3	2	139	162	7	8	8	1	5	middle	middle	0.125	0.625	unique	alternative	152	59	1
NC_073255.2	83281135	83281843	-3	1	-	NC_073255.2	83281312	83281462	LOC117978414	XM_055115074.2	-	3	1	381	177	4	4	5	4	4	middle	middle	0.800	0.800	alternative	alternative	150	150	4
NC_073255.2	83281135	83281843	-3	1	-	NC_073255.2	83281690	83281785	LOC117978414	XM_063605793.1	-	3	1	58	555	2	2	5	1	1	middle	middle	0.200	0.200	unique	unique	95	95	1
NC_073255.2	83590987	83591695	-3	1	-	NC_073255.2	83591164	83591314	LOC129398228	XM_055115065.1	-	3	1	381	177	4	4	8	6	6	middle	middle	0.750	0.750	alternative	alternative	150	150	6
NC_073255.2	83590987	83591695	-3	1	-	NC_073255.2	83591542	83591637	LOC129398228	XM_055115071.1	-	3	1	58	555	2	2	8	1	1	middle	middle	0.125	0.125	unique	unique	95	95	1
NC_073255.2	91162453	91162948	2	1	+	NC_073255.2	91162484	91162947	ABHD11	XM_008968523.4	+	2	2	31	1	4	5	4	1	2	middle	middle	0.250	0.500	unique	alternative	170	181	1
NC_073255.2	91162453	91162948	2	1	+	NC_073255.2	91162655	91162947	ABHD11	XM_034951413.3	+	2	1	202	1	4	4	4	1	1	middle	middle	0.250	0.250	unique	unique	292	292	1
NC_073255.2	91162453	91162948	2	1	+	NC_073255.2	91162766	91162947	ABHD11	XM_034951414.3	+	2	1	313	1	4	4	4	2	2	middle	middle	0.500	0.500	alternative	alternative	181	181	1
NC_073255.2	91597323	91597761	1	1	+	NC_073255.2	91597620	91597760	NSUN5	XM_034952068.3	+	1	1	297	1	9	9	5	4	4	middle	middle	0.800	0.800	alternative	alternative	140	140	4
NC_073255.2	91597323	91597761	1	1	+	NC_073255.2	91597324	91597534	NSUN5	XM_034952070.3	+	1	1	1	227	8	8	5	1	1	middle	middle	0.200	0.200	unique	unique	210	210	1
NC_073255.2	93965788	93967867	2	1	+	NC_073255.2	93967426	93967844	TMEM120A	XM_008961064.5	+	2	2	1638	23	6	8	5	3	3	middle	middle	0.600	0.600	alternative	alternative	89	61	3
NC_073255.2	93965788	93967867	2	1	+	NC_073255.2	93967426	93967684	TMEM120A	XM_014345706.4	+	2	1	1638	183	6	6	5	2	2	middle	middle	0.400	0.400	alternative	alternative	258	258	2
NC_073255.2	93968329	93968608	2	1	+	NC_073255.2	93968354	93968608	TMEM120A	XM_008961064.5	+	2	2	25	0	11	12	5	3	1	middle	last	0.600	0.200	alternative	unique	68	110	1
NC_073255.2	93968329	93968608	2	1	+	NC_073255.2	93968354	93968422	TMEM120A	XM_024929601.3	+	2	1	25	186	11	11	5	3	3	middle	middle	0.600	0.600	alternative	alternative	68	68	2
NC_073256.2	161042315	161042666	3	1	+	NC_073256.2	161042445	161042661	GSDMD	XM_003819458.5	+	3	1	130	5	1	1	7	3	3	first	first	0.429	0.429	alternative	alternative	216	216	3
NC_073256.2	161042315	161042666	3	1	+	NC_073256.2	161042441	161042661	GSDMD	XM_008972816.7	+	3	1	126	5	3	3	7	1	1	middle	middle	0.143	0.143	unique	unique	220	220	1
NC_073256.2	161042315	161042666	3	1	+	NC_073256.2	161042355	161042661	GSDMD	XM_063606484.1	+	3	2	40	5	1	2	7	1	1	first	middle	0.143	0.143	unique	unique	14	30	1
NC_073256.2	161058730	161059498	-2	1	-	NC_073256.2	161058835	161059114	NAPRT	XM_003819451.7	-	2	2	384	105	9	10	9	5	9	middle	middle	0.556	1.000	alternative	constitutive	80	102	5
NC_073256.2	161058730	161059498	-2	1	-	NC_073256.2	161058835	161058937	NAPRT	XM_034966807.3	-	2	1	561	105	8	8	9	9	9	middle	middle	1.000	1.000	constitutive	constitutive	102	102	4
NC_073256.2	161880465	161881056	1	1	+	NC_073256.2	161880643	161880843	ADCK5	XM_008972734.4	+	1	1	178	213	3	3	7	3	3	middle	middle	0.429	0.429	alternative	alternative	200	200	3
NC_073256.2	161880465	161881056	1	1	+	NC_073256.2	161880508	161880843	ADCK5	XM_034966920.3	+	1	2	43	213	1	2	7	3	3	first	middle	0.429	0.429	alternative	alternative	25	195	3
NC_073256.2	161880465	161881056	1	1	+	NC_073256.2	161880667	161880843	ADCK5	XM_055116099.2	+	1	1	202	213	1	1	7	1	1	first	first	0.143	0.143	unique	unique	176	176	1
NC_073256.2	161883435	161883831	-3	1	-	NC_073256.2	161883437	161883809	CPSF1	XM_003819416.5	-	3	2	22	2	34	35	6	6	3	middle	middle	1.000	0.500	constitutive	alternative	155	129	3
NC_073256.2	161883435	161883831	-3	1	-	NC_073256.2	161883654	161883809	CPSF1	XM_034966915.3	-	3	1	22	219	34	34	6	6	6	middle	middle	1.000	1.000	constitutive	constitutive	155	155	3
NC_073256.2	162007930	162008965	-2	1	-	NC_073256.2	162008156	162008932	RECQL4	XM_055116106.2	-	2	1	33	226	6	6	17	12	12	middle	middle	0.706	0.706	alternative	alternative	776	776	12
NC_073256.2	162007930	162008965	-2	1	-	NC_073256.2	162008156	162008581	RECQL4	XM_055116117.2	-	2	1	384	226	5	5	17	1	1	middle	middle	0.059	0.059	unique	unique	425	425	1
NC_073256.2	162007930	162008965	-2	1	-	NC_073256.2	162007932	162008056	RECQL4	XM_055116121.2	-	2	1	909	2	1	1	17	2	2	first	first	0.118	0.118	alternative	alternative	124	124	2
NC_073256.2	162007930	162008965	-2	1	-	NC_073256.2	162008156	162008215	RECQL4	XM_063607018.1	-	2	1	750	226	1	1	17	2	2	first	first	0.118	0.118	alternative	alternative	59	59	2
NC_073256.2	162327197	162328472	3	1	+	NC_073256.2	162327246	162327368	LOC100983651	XM_014346067.4	+	3	1	49	1104	1	1	20	1	1	first	first	0.050	0.050	unique	unique	122	122	1
NC_073256.2	162327197	162328472	3	1	+	NC_073256.2	162327753	162327815	LOC100983651	XM_034966950.4	+	3	1	556	657	1	1	20	5	5	first	first	0.250	0.250	alternative	alternative	62	62	5
NC_073256.2	162327197	162328472	3	1	+	NC_073256.2	162327753	162328091	LOC100983651	XM_055116160.3	+	3	1	556	381	1	1	20	2	2	first	first	0.100	0.100	alternative	alternative	338	338	2
NC_073256.2	40538129	40538354	3	1	+	NC_073256.2	40538168	40538354	NPM2	XM_008977271.4	+	3	2	39	0	8	9	18	2	3	middle	last	0.111	0.167	alternative	alternative	33	41	2
NC_073256.2	40538129	40538354	3	1	+	NC_073256.2	40538313	40538354	NPM2	XM_034965778.3	+	3	1	184	0	7	7	18	3	3	last	last	0.167	0.167	alternative	alternative	41	41	1
NC_073256.2	40640439	40640937	-3	1	-	NC_073256.2	40640455	40640877	REEP4	XM_008977248.4	-	3	2	60	16	6	7	5	4	3	middle	middle	0.800	0.600	alternative	alternative	135	154	3
NC_073256.2	40640439	40640937	-3	1	-	NC_073256.2	40640742	40640877	REEP4	XM_024929980.4	-	3	1	60	303	6	6	5	4	4	middle	middle	0.800	0.800	alternative	alternative	135	135	1
NC_073256.2	56394574	56395243	2	1	+	NC_073256.2	56394689	56395129	ADGRA2	XM_034965941.4	+	2	2	115	114	10	11	4	3	4	middle	middle	0.750	1.000	alternative	constitutive	149	161	3
NC_073256.2	56394574	56395243	2	1	+	NC_073256.2	56394968	56395129	ADGRA2	XM_055116458.3	+	2	1	394	114	10	10	4	4	4	middle	middle	1.000	1.000	constitutive	constitutive	161	161	1
NC_073257.2	106841040	106841262	1	1	+	NC_073257.2	106841059	106841226	CYP2C9	XM_003825387.7	+	1	1	19	36	1	1	3	2	2	first	first	0.667	0.667	alternative	alternative	167	167	2
NC_073257.2	106841040	106841262	1	1	+	NC_073257.2	106841233	106841257	CYP2C9	XM_055093167.1	+	1	1	193	5	1	1	3	1	1	first	first	0.333	0.333	unique	unique	24	24	1
NC_073257.2	106844230	106844719	2	1	+	NC_073257.2	106844231	106844714	CYP2C9	XM_003825387.7	+	2	2	1	5	2	3	3	2	3	middle	middle	0.667	1.000	alternative	constitutive	162	149	2
NC_073257.2	106844230	106844719	2	1	+	NC_073257.2	106844565	106844714	CYP2C9	XM_055093167.1	+	2	1	335	5	2	2	3	3	3	middle	middle	1.000	1.000	constitutive	constitutive	149	149	1
NC_073257.2	12544881	12545370	-1	1	-	NC_073257.2	12545073	12545133	TUBB8	XM_055092340.2	-	1	1	237	192	1	1	4	2	2	first	first	0.500	0.500	alternative	alternative	60	60	2
NC_073257.2	12544881	12545370	-1	1	-	NC_073257.2	12545262	12545370	TUBB8	XM_063607221.1	-	1	1	0	381	2	2	4	2	2	middle	middle	0.500	0.500	alternative	alternative	108	108	2
NC_073257.2	15557886	15559104	1	1	+	NC_073257.2	15558127	15558238	PFKP	XM_003827769.5	+	1	1	241	866	1	1	4	3	3	first	first	0.750	0.750	alternative	alternative	111	111	3
NC_073257.2	15557886	15559104	1	1	+	NC_073257.2	15558304	15559104	LOC129393170	XM_055092359.3	+	1	1	418	0	1	1	1	1	1	first	first	1.000	1.000	constitutive	constitutive	800	800	1
NC_073257.2	83962399	83963077	2	1	+	NC_073257.2	83962867	83962996	LOC100983880	XM_008968975.5	+	2	1	468	81	19	19	6	6	6	middle	middle	1.000	1.000	constitutive	constitutive	129	129	4
NC_073257.2	83962399	83963077	2	1	+	NC_073257.2	83962679	83962996	LOC100983880	XM_055092950.2	+	2	2	280	81	1	2	6	2	6	first	middle	0.333	1.000	alternative	constitutive	70	129	2
NC_073257.2	86023910	86024282	-2	1	-	NC_073257.2	86023928	86024022	CAMK2G	XM_034930824.3	-	2	1	260	18	2	2	44	34	34	middle	middle	0.773	0.773	alternative	alternative	94	94	32
NC_073257.2	86023910	86024282	-2	1	-	NC_073257.2	86023928	86023998	CAMK2G	XM_034930825.3	-	2	1	284	18	2	2	44	10	10	middle	middle	0.227	0.227	alternative	alternative	70	70	10
NC_073257.2	86023910	86024282	-2	1	-	NC_073257.2	86023928	86024141	CAMK2G	XM_034930827.3	-	2	2	141	18	1	2	44	2	34	first	middle	0.045	0.773	alternative	alternative	1	94	2
NC_073257.2	87395542	87396337	-3	1	-	NC_073257.2	87396112	87396205	COMTD1	XM_003813013.5	-	3	1	132	570	1	1	2	2	2	first	first	1.000	1.000	constitutive	constitutive	93	93	1
NC_073257.2	87395542	87396337	-3	1	-	NC_073257.2	87395544	87396205	COMTD1	XM_063607776.1	-	3	2	132	2	1	2	2	2	1	first	middle	1.000	0.500	constitutive	unique	93	105	1
NC_073257.2	96203980	96204934	-3	1	-	NC_073257.2	96203981	96204738	LRIT2	XM_003828211.6	-	3	1	196	1	3	3	2	2	2	last	last	1.000	1.000	constitutive	constitutive	757	757	1
NC_073257.2	96203980	96204934	-3	1	-	NC_073257.2	96203981	96204912	LRIT2	XM_003828212.6	-	3	2	22	1	3	4	2	1	2	middle	last	0.500	1.000	unique	constitutive	29	757	1
NC_073257.2	98953024	98953534	2	1	+	NC_073257.2	98953025	98953490	SNCG	XM_024930361.4	+	2	2	1	44	1	2	2	1	1	first	middle	0.500	0.500	unique	unique	126	230	1
NC_073257.2	98953024	98953534	2	1	+	NC_073257.2	98953370	98953490	SNCG	XM_034931047.3	+	2	1	346	44	1	1	2	1	1	first	first	0.500	0.500	unique	unique	120	120	1
NC_073258.2	119751289	119751700	-2	1	-	NC_073258.2	119751391	119751631	HYOU1	XM_003820019.5	-	2	1	69	102	22	22	19	19	19	middle	middle	1.000	1.000	constitutive	constitutive	240	240	18
NC_073258.2	119751289	119751700	-2	1	-	NC_073258.2	119751290	119751631	HYOU1	XM_055094975.2	-	2	2	69	1	22	23	19	19	1	middle	last	1.000	0.053	constitutive	unique	240	1	1
NC_073258.2	124318143	124318833	1	1	+	NC_073258.2	124318725	124318832	GRAMD1B	XM_008973380.5	+	1	1	582	1	18	18	21	20	20	middle	middle	0.952	0.952	alternative	alternative	107	107	16
NC_073258.2	124318143	124318833	1	1	+	NC_073258.2	124318377	124318832	GRAMD1B	XM_034933924.3	+	1	2	234	1	18	19	21	4	20	middle	middle	0.190	0.952	alternative	alternative	11	107	4
NC_073258.2	2751190	2752024	2	1	+	NC_073258.2	2751614	2751767	B4GALNT4	XM_034931797.4	+	2	1	424	257	18	18	4	4	4	middle	middle	1.000	1.000	constitutive	constitutive	153	153	3
NC_073258.2	2751190	2752024	2	1	+	NC_073258.2	2751614	2752024	B4GALNT4	XM_034931801.3	+	2	2	424	0	18	19	4	4	1	middle	last	1.000	0.250	constitutive	unique	153	4	1
NC_073258.2	3229689	3230511	1	1	+	NC_073258.2	3230507	3230511	CRACR2B	XM_008967086.4	+	1	1	818	0	8	8	6	3	3	last	last	0.500	0.500	alternative	alternative	4	4	3
NC_073258.2	3229689	3230511	1	1	+	NC_073258.2	3230196	3230267	CRACR2B	XM_008967091.4	+	1	1	507	244	8	8	6	1	1	middle	middle	0.167	0.167	unique	unique	71	71	1
NC_073258.2	3229689	3230511	1	1	+	NC_073258.2	3229838	3230267	CRACR2B	XM_055093942.2	+	1	1	149	244	4	4	6	1	1	middle	middle	0.167	0.167	unique	unique	429	429	1
NC_073258.2	47149532	47149964	-1	1	-	NC_073258.2	47149922	47149961	TP53I11	XM_024930649.4	-	1	1	3	390	1	1	8	1	1	first	first	0.125	0.125	unique	unique	39	39	1
NC_073258.2	47149532	47149964	-1	1	-	NC_073258.2	47149674	47149722	TP53I11	XM_034932438.3	-	1	1	242	142	3	3	8	7	7	middle	middle	0.875	0.875	alternative	alternative	48	48	7
NC_073258.2	48135423	48136395	1	1	+	NC_073258.2	48135441	48135719	LARGE2	XM_008960314.2	+	1	1	18	676	11	11	4	3	3	middle	middle	0.750	0.750	alternative	alternative	278	278	3
NC_073258.2	48135423	48136395	1	1	+	NC_073258.2	48136046	48136195	LARGE2	XM_034932460.1	+	1	1	623	200	11	11	4	1	1	middle	middle	0.250	0.250	unique	unique	149	149	1
NC_073258.2	65523899	65524445	3	1	+	NC_073258.2	65523975	65524376	KCNK4	XM_034932894.3	+	3	2	76	69	3	4	8	7	6	middle	middle	0.875	0.750	alternative	alternative	123	160	6
NC_073258.2	65523899	65524445	3	1	+	NC_073258.2	65523975	65524098	KCNK4	XM_055094452.2	+	3	1	76	347	3	3	8	7	7	middle	middle	0.875	0.875	alternative	alternative	123	123	1
NC_073258.2	65582213	65582891	3	1	+	NC_073258.2	65582368	65582802	CCDC88B	XM_034932891.4	+	3	2	155	89	25	26	5	2	1	middle	middle	0.400	0.200	alternative	unique	206	68	1
NC_073258.2	65582213	65582891	3	1	+	NC_073258.2	65582368	65582574	CCDC88B	XM_063608198.1	+	3	1	155	317	25	25	5	2	2	middle	middle	0.400	0.400	alternative	alternative	206	206	1
NC_073258.2	65582298	65582826	1	1	+	NC_073258.2	65582368	65582802	CCDC88B	XM_034932890.3	+	1	2	70	24	25	26	5	2	1	middle	middle	0.400	0.200	alternative	unique	206	68	1
NC_073258.2	65582298	65582826	1	1	+	NC_073258.2	65582368	65582574	CCDC88B	XM_063608197.1	+	1	1	70	252	25	25	5	2	2	middle	middle	0.400	0.400	alternative	alternative	206	206	1
NC_073258.2	65992794	65993172	-3	1	-	NC_073258.2	65992796	65992975	SF1	XM_024930564.4	-	3	1	197	2	12	12	17	4	4	middle	middle	0.235	0.235	alternative	alternative	179	179	4
NC_073258.2	65992794	65993172	-3	1	-	NC_073258.2	65993088	65993147	SF1	XM_034932942.3	-	3	1	25	294	11	11	17	13	13	middle	middle	0.765	0.765	alternative	alternative	59	59	13
NC_073258.2	66053505	66053988	-3	1	-	NC_073258.2	66053578	66053695	CDC42BPG	XM_003828587.6	-	3	1	293	73	34	34	2	1	1	middle	middle	0.500	0.500	unique	unique	117	117	1
NC_073258.2	66053505	66053988	-3	1	-	NC_073258.2	66053806	66053926	CDC42BPG	XM_055094485.2	-	3	1	62	301	32	32	2	1	1	middle	middle	0.500	0.500	unique	unique	120	120	1
NC_073258.2	66579196	66580429	2	1	+	NC_073258.2	66579272	66579350	DPF2	XM_003828623.7	+	2	1	76	1079	6	6	3	3	3	middle	middle	1.000	1.000	constitutive	constitutive	78	78	1
NC_073258.2	66579196	66580429	2	1	+	NC_073258.2	66579272	66579902	DPF2	XM_003828624.7	+	2	2	76	527	6	7	3	3	2	middle	middle	1.000	0.667	constitutive	alternative	78	41	2
NC_073258.2	66755288	66756092	3	1	+	NC_073258.2	66755799	66756025	SCYL1	XM_034933020.3	+	3	1	511	67	4	4	14	14	14	middle	middle	1.000	1.000	constitutive	constitutive	226	226	13
NC_073258.2	66755288	66756092	3	1	+	NC_073258.2	66755604	66756025	SCYL1	XM_063608571.1	+	3	2	316	67	1	2	14	1	14	first	middle	0.071	1.000	unique	constitutive	119	226	1
NC_073258.2	66782493	66783726	-3	1	-	NC_073258.2	66783427	66783629	LTBP3	XM_008954065.5	-	3	1	97	934	3	3	5	5	5	middle	middle	1.000	1.000	constitutive	constitutive	202	202	1
NC_073258.2	66782493	66783726	-3	1	-	NC_073258.2	66782586	66783629	LTBP3	XM_008954066.5	-	3	2	97	93	3	6	5	5	4	middle	middle	1.000	0.800	constitutive	alternative	202	122	4
NC_073258.2	67085874	67086759	-3	1	-	NC_073258.2	67086652	67086654	CFL1	XM_008954080.4	-	3	1	105	778	1	1	3	1	1	first	first	0.333	0.333	unique	unique	2	2	1
NC_073258.2	67085874	67086759	-3	1	-	NC_073258.2	67086187	67086504	CFL1	XM_008954081.4	-	3	1	255	313	1	1	3	1	1	first	first	0.333	0.333	unique	unique	317	317	1
NC_073258.2	67179825	67180956	1	1	+	NC_073258.2	67179915	67180955	TSGA10IP	XM_003828651.6	+	1	2	90	1	3	4	9	5	9	middle	middle	0.556	1.000	alternative	constitutive	718	147	5
NC_073258.2	67179825	67180956	1	1	+	NC_073258.2	67180039	67180955	TSGA10IP	XM_055094538.2	+	1	2	214	1	1	2	9	3	9	first	middle	0.333	1.000	alternative	constitutive	594	147	3
NC_073258.2	67179825	67180956	1	1	+	NC_073258.2	67180808	67180955	TSGA10IP	XM_057299178.2	+	1	1	983	1	2	2	9	9	9	middle	middle	1.000	1.000	constitutive	constitutive	147	147	1
NC_073258.2	68632035	68632551	1	1	+	NC_073258.2	68632391	68632498	TBC1D10C	XM_034933139.3	+	1	1	356	53	2	2	4	1	1	middle	middle	0.250	0.250	unique	unique	107	107	1
NC_073258.2	68632035	68632551	1	1	+	NC_073258.2	68632077	68632176	TBC1D10C	XM_034933141.3	+	1	1	42	375	2	2	4	3	3	middle	middle	0.750	0.750	alternative	alternative	99	99	3
NC_073258.2	68632366	68632705	2	1	+	NC_073258.2	68632587	68632693	TBC1D10C	XM_034933139.3	+	2	1	221	12	3	3	4	1	1	middle	middle	0.250	0.250	unique	unique	106	106	1
NC_073258.2	68632366	68632705	2	1	+	NC_073258.2	68632391	68632498	TBC1D10C	XM_034933141.3	+	2	1	25	207	3	3	4	3	3	middle	middle	0.750	0.750	alternative	alternative	107	107	3
NC_073258.2	68994407	68995070	3	1	+	NC_073258.2	68994754	68994966	TCIRG1	XM_063608617.1	+	3	1	347	104	8	8	4	2	2	middle	middle	0.500	0.500	alternative	alternative	212	212	1
NC_073258.2	68994407	68995070	3	1	+	NC_073258.2	68994461	68994966	TCIRG1	XM_063608618.1	+	3	2	54	104	7	8	4	1	2	middle	middle	0.250	0.500	unique	alternative	109	212	1
NC_073258.2	68997952	68998417	2	1	+	NC_073258.2	68998259	68998416	TCIRG1	XM_003828746.5	+	2	1	307	1	11	11	4	2	2	middle	middle	0.500	0.500	alternative	alternative	157	157	2
NC_073258.2	68997952	68998417	2	1	+	NC_073258.2	68998045	68998184	TCIRG1	XM_063608617.1	+	2	1	93	233	10	10	4	2	2	middle	middle	0.500	0.500	alternative	alternative	139	139	2
NC_073259.2	12412345	12412621	-3	1	-	NC_073259.2	12412472	12412578	CDCA3	XM_003820280.5	-	3	1	43	127	4	4	4	2	2	middle	middle	0.500	0.500	alternative	alternative	106	106	2
NC_073259.2	12412345	12412621	-3	1	-	NC_073259.2	12412346	12412347	CDCA3	XM_008973677.4	-	3	1	274	1	4	4	4	1	1	last	last	0.250	0.250	unique	unique	1	1	1
NC_073259.2	125107552	125107867	-3	1	-	NC_073259.2	125107736	125107797	TESC	XM_003832418.4	-	3	1	70	184	5	5	4	3	3	middle	middle	0.750	0.750	alternative	alternative	61	61	3
NC_073259.2	125107552	125107867	-3	1	-	NC_073259.2	125107553	125107797	TESC	XM_055096233.2	-	3	2	70	1	5	6	4	1	1	middle	last	0.250	0.250	unique	unique	66	72	1
NC_073259.2	12754460	12755177	3	1	+	NC_073259.2	12754914	12755060	PEX5	XM_003820250.5	+	3	1	454	117	1	1	11	3	3	first	first	0.273	0.273	alternative	alternative	146	146	3
NC_073259.2	12754460	12755177	3	1	+	NC_073259.2	12754470	12755060	PEX5	XM_003820252.6	+	3	2	10	117	1	2	11	4	2	first	middle	0.364	0.182	alternative	alternative	46	162	2
NC_073259.2	12754460	12755177	3	1	+	NC_073259.2	12754470	12755105	PEX5	XM_055095335.2	+	3	2	10	72	1	2	11	4	2	first	middle	0.364	0.182	alternative	alternative	46	207	2
NC_073259.2	12754460	12755177	3	1	+	NC_073259.2	12754914	12755105	PEX5	XM_055095336.1	+	3	1	454	72	1	1	11	4	4	first	first	0.364	0.364	alternative	alternative	191	191	4
NC_073259.2	130065931	130066366	2	1	+	NC_073259.2	130065932	130066075	CFAP251	XM_003832350.6	+	2	1	1	291	18	18	6	4	4	middle	middle	0.667	0.667	alternative	alternative	143	143	3
NC_073259.2	130065931	130066366	2	1	+	NC_073259.2	130065932	130066366	CFAP251	XM_055096268.2	+	2	2	1	0	18	19	6	4	1	middle	last	0.667	0.167	alternative	unique	143	182	1
NC_073259.2	131476023	131477244	1	1	+	NC_073259.2	131476955	131477076	KMT5A	XM_034934759.3	+	1	1	932	168	2	2	3	1	1	middle	middle	0.333	0.333	unique	unique	121	121	1
NC_073259.2	131476023	131477244	1	1	+	NC_073259.2	131476963	131477076	KMT5A	XM_034934760.3	+	1	1	940	168	1	1	3	1	1	first	first	0.333	0.333	unique	unique	113	113	1
NC_073259.2	131476023	131477244	1	1	+	NC_073259.2	131476531	131476704	KMT5A	XM_034934761.3	+	1	1	508	540	1	1	3	1	1	first	first	0.333	0.333	unique	unique	173	173	1
NC_073259.2	13787255	13787825	-2	1	-	NC_073259.2	13787307	13787415	FAM90A1	XM_034935296.3	-	2	1	410	52	3	3	2	2	2	middle	middle	1.000	1.000	constitutive	constitutive	108	108	1
NC_073259.2	13787255	13787825	-2	1	-	NC_073259.2	13787307	13787576	FAM90A1	XM_055095346.2	-	2	2	249	52	1	2	2	1	2	first	middle	0.500	1.000	unique	constitutive	61	108	1
NC_073259.2	140728245	140729901	1	1	+	NC_073259.2	140728582	140729109	P2RX2	XM_034934918.4	+	1	1	337	792	1	1	11	4	4	first	first	0.364	0.364	alternative	alternative	527	527	4
NC_073259.2	140728245	140729901	1	1	+	NC_073259.2	140728582	140729041	P2RX2	XM_034934921.3	+	1	1	337	860	1	1	11	1	1	first	first	0.091	0.091	unique	unique	459	459	1
NC_073259.2	140728245	140729901	1	1	+	NC_073259.2	140728582	140729032	P2RX2	XM_034934922.3	+	1	1	337	869	1	1	11	1	1	first	first	0.091	0.091	unique	unique	450	450	1
NC_073259.2	140728245	140729901	1	1	+	NC_073259.2	140729722	140729857	P2RX2	XM_034934930.4	+	1	1	1477	44	2	2	11	1	1	middle	middle	0.091	0.091	unique	unique	135	135	1
NC_073259.2	140728258	140730034	2	1	+	NC_073259.2	140728937	140729857	P2RX2	XM_034934923.4	+	2	2	679	177	1	2	11	3	3	first	middle	0.273	0.273	alternative	alternative	172	135	3
NC_073259.2	140728258	140730034	2	1	+	NC_073259.2	140728937	140729041	P2RX2	XM_034934929.3	+	2	1	679	993	1	1	11	2	2	first	first	0.182	0.182	alternative	alternative	104	104	2
NC_073259.2	39529434	39530022	1	1	+	NC_073259.2	39529478	39530022	DCD	XM_003807560.5	+	1	2	44	0	4	5	2	2	1	middle	last	1.000	0.500	constitutive	unique	89	40	1
NC_073259.2	39529434	39530022	1	1	+	NC_073259.2	39529478	39529567	DCD	XM_014347145.3	+	1	1	44	455	4	4	2	2	2	middle	middle	1.000	1.000	constitutive	constitutive	89	89	1
NC_073259.2	41344695	41345094	1	1	+	NC_073259.2	41344879	41345093	KRT78	XM_055095636.2	+	1	1	184	1	2	2	2	2	2	middle	middle	1.000	1.000	constitutive	constitutive	214	214	1
NC_073259.2	41344695	41345094	1	1	+	NC_073259.2	41344729	41345093	KRT78	XM_057299454.1	+	1	2	34	1	1	2	2	1	2	first	middle	0.500	1.000	unique	constitutive	53	214	1
NC_073259.2	42023544	42023919	1	1	+	NC_073259.2	42023607	42023919	KRT80	XM_003831068.6	+	1	2	63	0	8	9	2	2	1	middle	last	1.000	0.500	constitutive	unique	55	121	1
NC_073259.2	42023544	42023919	1	1	+	NC_073259.2	42023607	42023662	KRT80	XM_055096536.3	+	1	1	63	257	8	8	2	2	2	middle	middle	1.000	1.000	constitutive	constitutive	55	55	1
NC_073259.2	44540881	44541214	-3	1	-	NC_073259.2	44541005	44541148	PRPF40B	XM_003825840.5	-	3	1	66	124	25	25	16	15	15	middle	middle	0.938	0.938	alternative	alternative	143	143	15
NC_073259.2	44540881	44541214	-3	1	-	NC_073259.2	44540882	44540909	PRPF40B	XM_063593522.1	-	3	1	305	1	25	25	16	1	1	last	last	0.062	0.062	unique	unique	27	27	1
NC_073259.2	49296746	49297160	3	1	+	NC_073259.2	49296955	49297083	NELL2	XM_003825749.6	+	3	1	209	77	2	2	5	5	5	middle	middle	1.000	1.000	constitutive	constitutive	128	128	4
NC_073259.2	49296746	49297160	3	1	+	NC_073259.2	49296750	49297083	NELL2	XM_003825750.6	+	3	2	4	77	1	2	5	1	5	first	middle	0.200	1.000	unique	constitutive	51	128	1
NC_073259.2	5498321	5498993	-2	1	-	NC_073259.2	5498775	5498886	LOC117975334	XM_034935047.3	-	2	1	107	454	3	3	9	7	7	middle	middle	0.778	0.778	alternative	alternative	111	111	7
NC_073259.2	5498321	5498993	-2	1	-	NC_073259.2	5498422	5498568	LOC117975334	XM_055095207.2	-	2	1	425	101	3	3	9	1	1	middle	middle	0.111	0.111	unique	unique	146	146	1
NC_073259.2	5651855	5652149	3	1	+	NC_073259.2	5651956	5652005	IQSEC3	XM_034935056.3	+	3	1	101	144	13	13	6	4	4	middle	middle	0.667	0.667	alternative	alternative	49	49	4
NC_073259.2	5651855	5652149	3	1	+	NC_073259.2	5652091	5652149	IQSEC3	XM_034935062.3	+	3	1	236	0	13	13	6	2	2	last	last	0.333	0.333	alternative	alternative	58	58	2
NC_073259.2	77839466	77839727	3	1	+	NC_073259.2	77839487	77839586	RAB3IP	XM_003808731.4	+	3	1	21	141	9	9	5	4	4	middle	middle	0.800	0.800	alternative	alternative	99	99	4
NC_073259.2	77839466	77839727	3	1	+	NC_073259.2	77839673	77839727	RAB3IP	XM_055095899.1	+	3	1	207	0	9	9	5	1	1	last	last	0.200	0.200	unique	unique	54	54	1
NC_073259.2	8141743	8142391	2	1	+	NC_073259.2	8142215	8142274	CACNA1C	XM_034935160.3	+	2	1	472	117	21	21	12	11	11	middle	middle	0.917	0.917	alternative	alternative	59	59	10
NC_073259.2	8141743	8142391	2	1	+	NC_073259.2	8142008	8142067	CACNA1C	XM_063593289.1	+	2	1	265	324	21	21	12	2	2	middle	middle	0.167	0.167	alternative	alternative	59	59	1
NC_073259.2	8141743	8142391	2	1	+	NC_073259.2	8142008	8142274	CACNA1C	XM_063593291.1	+	2	2	265	117	21	22	12	2	11	middle	middle	0.167	0.917	alternative	alternative	59	59	1
NC_073260.2	10411569	10412118	-2	1	-	NC_073260.2	10411962	10412090	PHYHD1	XM_003822349.5	-	2	1	28	393	8	8	19	5	5	middle	middle	0.263	0.263	alternative	alternative	128	128	5
NC_073260.2	10411569	10412118	-2	1	-	NC_073260.2	10411744	10411860	PHYHD1	XM_008975898.5	-	2	1	258	175	8	8	19	10	10	middle	middle	0.526	0.526	alternative	alternative	116	116	10
NC_073260.2	109242603	109243374	1	1	+	NC_073260.2	109243102	109243341	TTC39B	XM_003822619.4	+	1	1	499	33	1	1	11	2	2	first	first	0.182	0.182	alternative	alternative	239	239	2
NC_073260.2	109242603	109243374	1	1	+	NC_073260.2	109242662	109242936	TTC39B	XM_055092104.1	+	1	1	59	438	2	2	11	3	3	middle	middle	0.273	0.273	alternative	alternative	274	274	3
NC_073260.2	11085861	11086221	1	1	+	NC_073260.2	11085862	11086185	GOLGA2	XM_003822320.6	+	1	2	1	36	6	7	4	4	2	middle	middle	1.000	0.500	constitutive	alternative	59	80	2
NC_073260.2	11085861	11086221	1	1	+	NC_073260.2	11085862	11085921	GOLGA2	XM_008975840.4	+	1	1	1	300	7	7	4	4	4	middle	middle	1.000	1.000	constitutive	constitutive	59	59	2
NC_073260.2	11161417	11161894	2	1	+	NC_073260.2	11161451	11161893	CIZ1	XM_014346290.4	+	2	2	34	1	1	2	48	13	27	first	middle	0.271	0.562	alternative	alternative	87	174	13
NC_073260.2	11161417	11161894	2	1	+	NC_073260.2	11161724	11161893	CIZ1	XM_034929171.3	+	2	1	307	1	1	1	48	21	21	first	first	0.438	0.438	alternative	alternative	169	169	21
NC_073260.2	11161417	11161894	2	1	+	NC_073260.2	11161719	11161893	CIZ1	XM_034929178.3	+	2	1	302	1	2	2	48	27	27	middle	middle	0.562	0.562	alternative	alternative	174	174	14
NC_073260.2	11639950	11640808	2	1	+	NC_073260.2	11640104	11640238	PTRH1	XM_008975810.6	+	2	1	154	570	1	1	8	5	5	first	first	0.625	0.625	alternative	alternative	134	134	5
NC_073260.2	11639950	11640808	2	1	+	NC_073260.2	11640104	11640807	PTRH1	XM_063594189.1	+	2	2	154	1	1	2	8	3	3	first	middle	0.375	0.375	alternative	alternative	243	219	3
NC_073260.2	2126995	2127517	-1	1	-	NC_073260.2	2126996	2127008	NELFB	XM_063594086.1	-	1	1	509	1	14	14	6	3	3	last	last	0.500	0.500	alternative	alternative	12	12	2
NC_073260.2	2126995	2127517	-1	1	-	NC_073260.2	2126996	2127317	NELFB	XM_063594089.1	-	1	2	200	1	12	13	6	1	3	middle	last	0.167	0.500	unique	alternative	128	12	1
NC_073260.2	2284500	2285247	1	1	+	NC_073260.2	2284770	2285166	DPP7	XM_055117422.2	+	1	2	270	81	3	4	10	2	4	middle	middle	0.200	0.400	alternative	alternative	139	163	2
NC_073260.2	2284500	2285247	1	1	+	NC_073260.2	2284570	2285166	DPP7	XM_055117425.2	+	1	3	70	81	2	4	10	2	4	middle	middle	0.200	0.400	alternative	alternative	113	163	1
NC_073260.2	2284500	2285247	1	1	+	NC_073260.2	2284570	2284683	DPP7	XM_063594102.1	+	1	1	70	564	2	2	10	2	2	middle	middle	0.200	0.200	alternative	alternative	113	113	1
NC_073260.2	2284500	2285247	1	1	+	NC_073260.2	2285003	2285166	DPP7	XM_063594103.1	+	1	1	503	81	3	3	10	4	4	middle	middle	0.400	0.400	alternative	alternative	163	163	1
NC_073260.2	2284687	2285749	2	1	+	NC_073260.2	2284770	2285671	DPP7	XM_055117419.1	+	2	3	83	78	3	5	10	1	4	middle	middle	0.100	0.400	unique	alternative	139	135	1
NC_073260.2	2284687	2285749	2	1	+	NC_073260.2	2284774	2285671	DPP7	XM_055117420.2	+	2	3	87	78	3	5	10	2	4	middle	middle	0.200	0.400	alternative	alternative	135	135	2
NC_073260.2	2284687	2285749	2	1	+	NC_073260.2	2285546	2285671	DPP7	XM_055117426.2	+	2	1	859	78	1	1	10	2	2	first	first	0.200	0.200	alternative	alternative	125	125	2
NC_073260.2	2284687	2285749	2	1	+	NC_073260.2	2285003	2285671	DPP7	XM_063594102.1	+	2	2	316	78	3	4	10	4	4	middle	middle	0.400	0.400	alternative	alternative	163	135	1
NC_073260.2	2332485	2333742	1	1	+	NC_073260.2	2333425	2333742	SAPCD2	XM_003817035.6	+	1	2	940	0	5	6	3	2	3	middle	last	0.667	1.000	alternative	constitutive	116	125	2
NC_073260.2	2332485	2333742	1	1	+	NC_073260.2	2333617	2333742	SAPCD2	XM_034929602.3	+	1	1	1132	0	5	5	3	3	3	last	last	1.000	1.000	constitutive	constitutive	125	125	1
NC_073260.2	2975610	2976165	1	1	+	NC_073260.2	2975798	2975947	ENTR1	XM_034929514.4	+	1	1	188	218	2	2	11	6	6	middle	middle	0.545	0.545	alternative	alternative	149	149	6
NC_073260.2	2975610	2976165	1	1	+	NC_073260.2	2975902	2975947	ENTR1	XM_034929521.3	+	1	1	292	218	1	1	11	2	2	first	first	0.182	0.182	alternative	alternative	45	45	2
NC_073260.2	2975610	2976165	1	1	+	NC_073260.2	2976043	2976163	ENTR1	XM_057298595.2	+	1	1	433	2	1	1	11	1	1	first	first	0.091	0.091	unique	unique	120	120	1
NC_073260.2	29949901	29950135	2	1	+	NC_073260.2	29950088	29950128	PTPN3	XM_008963274.4	+	2	1	187	7	1	1	4	1	1	first	first	0.250	0.250	unique	unique	40	40	1
NC_073260.2	29949901	29950135	2	1	+	NC_073260.2	29949902	29950009	PTPN3	XM_034967947.3	+	2	1	1	126	2	2	4	2	2	middle	middle	0.500	0.500	alternative	alternative	107	107	2
NC_073260.2	88741646	88742417	-3	1	-	NC_073260.2	88742192	88742334	TMEM8B	XM_008955243.6	-	3	1	83	546	9	9	7	5	5	middle	middle	0.714	0.714	alternative	alternative	142	142	5
NC_073260.2	88741646	88742417	-3	1	-	NC_073260.2	88741647	88742334	TMEM8B	XM_034967407.3	-	3	2	83	1	9	10	7	1	2	middle	last	0.143	0.286	unique	alternative	116	339	1
NC_073260.2	88741646	88742417	-3	1	-	NC_073260.2	88741647	88741986	TMEM8B	XM_034967409.4	-	3	1	431	1	5	5	7	2	2	last	last	0.286	0.286	alternative	alternative	339	339	1
NC_073260.2	89026300	89027083	2	1	+	NC_073260.2	89026577	89026897	CIMIP2B	XM_055092055.2	+	2	2	277	186	4	5	5	5	4	middle	middle	1.000	0.800	constitutive	alternative	51	148	4
NC_073260.2	89026300	89027083	2	1	+	NC_073260.2	89026577	89026628	CIMIP2B	XM_063594413.1	+	2	1	277	455	4	4	5	5	5	middle	middle	1.000	1.000	constitutive	constitutive	51	51	1
NC_073260.2	89966399	89966726	3	1	+	NC_073260.2	89966629	89966721	SIGMAR1	XM_034967354.3	+	3	1	230	5	3	3	2	2	2	middle	middle	1.000	1.000	constitutive	constitutive	92	92	1
NC_073260.2	89966399	89966726	3	1	+	NC_073260.2	89966400	89966721	SIGMAR1	XM_034967355.3	+	3	2	1	5	1	2	2	1	2	first	middle	0.500	1.000	unique	constitutive	51	92	1
NC_073261.2	54245329	54246709	2	1	+	NC_073261.2	54245762	54245986	CYP26B1	XM_003808188.6	+	2	1	433	723	2	2	5	2	2	middle	middle	0.400	0.400	alternative	alternative	224	224	1
NC_073261.2	54245329	54246709	2	1	+	NC_073261.2	54245609	54245986	CYP26B1	XM_034953364.3	+	2	2	280	723	1	2	5	1	2	first	middle	0.200	0.400	unique	alternative	29	224	1
NC_073261.2	54245329	54246709	2	1	+	NC_073261.2	54245876	54245986	CYP26B1	XM_034953365.2	+	2	1	547	723	1	1	5	3	3	first	first	0.600	0.600	alternative	alternative	110	110	3
NC_073261.2	55553840	55554164	3	1	+	NC_073261.2	55553850	55554135	CD207	XM_003830951.4	+	3	2	10	29	1	2	2	1	2	first	middle	0.500	1.000	unique	constitutive	72	116	1
NC_073261.2	55553840	55554164	3	1	+	NC_073261.2	55554019	55554135	CD207	XM_055107810.1	+	3	1	179	29	3	3	2	2	2	middle	middle	1.000	1.000	constitutive	constitutive	116	116	1
NC_073261.2	99019180	99019597	2	1	+	NC_073261.2	99019206	99019330	FNDC4	XM_034952848.3	+	2	1	26	267	5	5	2	1	1	middle	middle	0.500	0.500	unique	unique	124	124	1
NC_073261.2	99019180	99019597	2	1	+	NC_073261.2	99019518	99019597	FNDC4	XM_034952849.3	+	2	1	338	0	5	5	2	1	1	last	last	0.500	0.500	unique	unique	79	79	1
NC_073261.2	99383138	99383594	3	1	+	NC_073261.2	99383162	99383555	PREB	XM_003827082.5	+	3	2	24	39	6	7	4	2	4	middle	middle	0.500	1.000	alternative	constitutive	173	72	2
NC_073261.2	99383138	99383594	3	1	+	NC_073261.2	99383483	99383555	PREB	XM_034952820.3	+	3	1	345	39	6	6	4	4	4	middle	middle	1.000	1.000	constitutive	constitutive	72	72	2
NC_073262.2	121298850	121299174	-1	1	-	NC_073262.2	121299061	121299163	RNF25	XM_003818626.5	-	1	1	11	211	3	3	4	2	2	middle	middle	0.500	0.500	alternative	alternative	102	102	2
NC_073262.2	121298850	121299174	-1	1	-	NC_073262.2	121298901	121298968	RNF25	XM_034955153.3	-	1	1	206	51	3	3	4	2	2	middle	middle	0.500	0.500	alternative	alternative	67	67	2
NC_073262.2	121865853	121866201	1	1	+	NC_073262.2	121865955	121866066	ANKZF1	XM_003818646.6	+	1	1	102	135	10	10	5	4	4	middle	middle	0.800	0.800	alternative	alternative	111	111	4
NC_073262.2	121865853	121866201	1	1	+	NC_073262.2	121866189	121866201	ANKZF1	XM_034955190.2	+	1	1	336	0	11	11	5	1	1	last	last	0.200	0.200	unique	unique	12	12	1
NC_073262.2	121876058	121876544	3	1	+	NC_073262.2	121876068	121876524	STK16	XM_008971997.5	+	3	2	10	20	1	2	4	1	1	first	middle	0.250	0.250	unique	unique	167	189	1
NC_073262.2	121876058	121876544	3	1	+	NC_073262.2	121876425	121876524	STK16	XM_034955195.3	+	3	1	367	20	1	1	4	1	1	first	first	0.250	0.250	unique	unique	99	99	1
NC_073262.2	122235959	122236550	3	1	+	NC_073262.2	122236096	122236430	STK11IP	XM_034955249.3	+	3	2	137	120	8	9	2	2	1	middle	middle	1.000	0.500	constitutive	unique	103	95	1
NC_073262.2	122235959	122236550	3	1	+	NC_073262.2	122236096	122236199	STK11IP	XM_034955250.3	+	3	1	137	351	8	8	2	2	2	middle	middle	1.000	1.000	constitutive	constitutive	103	103	1
NC_073262.2	135133916	135134717	3	1	+	NC_073262.2	135133957	135134112	CHRND	XM_014344120.3	+	3	1	41	605	2	2	2	1	1	middle	middle	0.500	0.500	unique	unique	155	155	1
NC_073262.2	135133916	135134717	3	1	+	NC_073262.2	135134318	135134427	CHRND	XM_057301544.1	+	3	1	402	290	6	6	2	1	1	middle	middle	0.500	0.500	unique	unique	109	109	1
NC_073262.2	144523511	144524294	3	1	+	NC_073262.2	144523593	144524262	NEU4	XM_003804455.5	+	3	2	82	32	2	3	8	1	7	middle	middle	0.125	0.875	unique	alternative	206	255	1
NC_073262.2	144523511	144524294	3	1	+	NC_073262.2	144523596	144524262	NEU4	XM_008960072.4	+	3	2	85	32	2	3	8	1	7	middle	middle	0.125	0.875	unique	alternative	203	255	1
NC_073262.2	144523511	144524294	3	1	+	NC_073262.2	144523599	144524262	NEU4	XM_008960076.4	+	3	2	88	32	1	2	8	5	7	first	middle	0.625	0.875	alternative	alternative	200	255	5
NC_073262.2	144523511	144524294	3	1	+	NC_073262.2	144524058	144524262	NEU4	XM_034934972.3	+	3	1	547	32	1	1	8	1	1	first	first	0.125	0.125	unique	unique	204	204	1
NC_073262.2	21559903	21560260	2	1	+	NC_073262.2	21559925	21560011	CFAP221	XM_014343928.4	+	2	1	22	249	3	3	19	17	17	middle	middle	0.895	0.895	alternative	alternative	86	86	17
NC_073262.2	21559903	21560260	2	1	+	NC_073262.2	21560216	21560259	CFAP221	XM_034953954.2	+	2	1	313	1	1	1	19	1	1	first	first	0.053	0.053	unique	unique	43	43	1
NC_073262.2	93182130	93182577	1	1	+	NC_073262.2	93182377	93182577	MFSD6	XM_063595495.1	+	1	1	247	0	6	6	2	1	1	last	last	0.500	0.500	unique	unique	200	200	1
NC_073262.2	93182130	93182577	1	1	+	NC_073262.2	93182194	93182218	MFSD6	XM_063595496.1	+	1	1	64	359	6	6	2	1	1	middle	middle	0.500	0.500	unique	unique	24	24	1
NC_073263.2	101511455	101512343	3	1	+	NC_073263.2	101511610	101512343	ZIC2	XM_024925317.5	+	3	2	155	0	2	3	2	2	1	middle	last	1.000	0.500	constitutive	unique	163	356	1
NC_073263.2	101511455	101512343	3	1	+	NC_073263.2	101511610	101511773	ZIC2	XM_063595849.1	+	3	1	155	570	2	2	2	2	2	middle	middle	1.000	1.000	constitutive	constitutive	163	163	1
NC_073263.2	112816393	112817107	2	1	+	NC_073263.2	112816514	112816607	TEX29	XM_034937015.3	+	2	1	121	500	1	1	5	1	1	first	first	0.200	0.200	unique	unique	93	93	1
NC_073263.2	112816393	112817107	2	1	+	NC_073263.2	112816703	112816754	TEX29	XM_034937018.3	+	2	1	310	353	1	1	5	1	1	first	first	0.200	0.200	unique	unique	51	51	1
NC_073263.2	112816393	112817107	2	1	+	NC_073263.2	112816514	112816643	TEX29	XM_055097030.2	+	2	1	121	464	1	1	5	1	1	first	first	0.200	0.200	unique	unique	129	129	1
NC_073263.2	114548226	114548559	1	1	+	NC_073263.2	114548418	114548508	MCF2L	XM_003832100.7	+	1	1	192	51	4	4	21	21	21	middle	middle	1.000	1.000	constitutive	constitutive	90	90	20
NC_073263.2	114548226	114548559	1	1	+	NC_073263.2	114548227	114548508	MCF2L	XM_034937037.3	+	1	2	1	51	1	2	21	1	21	first	middle	0.048	1.000	unique	constitutive	67	90	1
NC_073263.2	115787876	115788047	3	1	+	NC_073263.2	115787905	115787960	UPF3A	XM_024925275.4	+	3	1	29	87	6	6	12	6	6	middle	middle	0.500	0.500	alternative	alternative	55	55	6
NC_073263.2	115787876	115788047	3	1	+	NC_073263.2	115788022	115788047	UPF3A	XM_055097079.2	+	3	1	146	0	6	6	12	1	1	last	last	0.083	0.083	unique	unique	25	25	1
NC_073263.2	31969892	31970159	-2	1	-	NC_073263.2	31970026	31970102	N4BP2L1	XM_003826867.5	-	2	1	57	134	4	4	16	9	9	middle	middle	0.562	0.562	alternative	alternative	76	76	9
NC_073263.2	31969892	31970159	-2	1	-	NC_073263.2	31969908	31969976	N4BP2L1	XM_008952216.3	-	2	1	183	16	4	4	16	5	5	middle	middle	0.312	0.312	alternative	alternative	68	68	5
NC_073264.2	101449838	101450594	-3	1	-	NC_073264.2	101450226	101450557	SLC25A29	XM_008958304.5	-	3	2	37	388	2	3	9	1	2	middle	middle	0.111	0.222	unique	alternative	158	43	1
NC_073264.2	101449838	101450594	-3	1	-	NC_073264.2	101450226	101450269	SLC25A29	XM_034938131.3	-	3	1	325	388	2	2	9	2	2	middle	middle	0.222	0.222	alternative	alternative	43	43	1
NC_073264.2	106587664	106588291	2	1	+	NC_073264.2	106588121	106588291	TEX22	XM_003806982.5	+	2	1	457	0	3	3	7	4	4	last	last	0.571	0.571	alternative	alternative	170	170	4
NC_073264.2	106587664	106588291	2	1	+	NC_073264.2	106588133	106588291	TEX22	XM_063596432.1	+	2	1	469	0	4	4	7	1	1	last	last	0.143	0.143	unique	unique	158	158	1
NC_073264.2	106587664	106588291	2	1	+	NC_073264.2	106587780	106587908	TEX22	XM_063596433.1	+	2	1	116	383	3	3	7	2	2	middle	middle	0.286	0.286	alternative	alternative	128	128	2
NC_073264.2	25797128	25797518	-3	1	-	NC_073264.2	25797311	25797512	SDR39U1	XM_008961281.2	-	3	1	6	183	1	1	6	1	1	first	first	0.167	0.167	unique	unique	201	201	1
NC_073264.2	25797128	25797518	-3	1	-	NC_073264.2	25797143	25797224	SDR39U1	XM_008961283.4	-	3	1	294	15	1	1	6	2	2	first	first	0.333	0.333	alternative	alternative	81	81	2
NC_073264.2	53909738	53910026	-3	1	-	NC_073264.2	53909739	53909787	GNPNAT1	XM_034937562.2	-	3	1	239	1	5	5	3	1	1	last	last	0.333	0.333	unique	unique	48	48	1
NC_073264.2	53909738	53910026	-3	1	-	NC_073264.2	53909870	53909946	GNPNAT1	XM_063596210.1	-	3	1	80	132	5	5	3	1	1	middle	middle	0.333	0.333	unique	unique	76	76	1
NC_073264.2	74702436	74703189	1	1	+	NC_073264.2	74702539	74703184	ACOT6	XM_055097822.2	+	1	2	103	5	1	2	2	1	1	first	middle	0.500	0.500	unique	unique	524	45	1
NC_073264.2	74702436	74703189	1	1	+	NC_073264.2	74702539	74703096	ACOT6	XM_063596315.1	+	1	1	103	93	1	1	2	1	1	first	first	0.500	0.500	unique	unique	557	557	1
NC_073264.2	77267067	77267373	1	1	+	NC_073264.2	77267220	77267274	GPATCH2L	XM_003824197.7	+	1	1	153	99	6	6	4	3	3	middle	middle	0.750	0.750	alternative	alternative	54	54	3
NC_073264.2	77267067	77267373	1	1	+	NC_073264.2	77267124	77267163	GPATCH2L	XM_003824198.7	+	1	1	57	210	6	6	4	1	1	middle	middle	0.250	0.250	unique	unique	39	39	1
NC_073264.2	94274003	94275272	-3	1	-	NC_073264.2	94274703	94275128	ITPK1	XM_034938037.3	-	3	1	144	700	1	1	4	1	1	first	first	0.250	0.250	unique	unique	425	425	1
NC_073264.2	94274003	94275272	-3	1	-	NC_073264.2	94274005	94274099	ITPK1	XM_034938038.4	-	3	1	1173	2	1	1	4	2	2	first	first	0.500	0.500	alternative	alternative	94	94	2
NC_073265.2	29644125	29644500	1	1	+	NC_073265.2	29644126	29644480	IVD	XM_003826575.6	+	1	2	1	20	2	3	17	15	17	middle	middle	0.882	1.000	alternative	constitutive	89	51	15
NC_073265.2	29644125	29644500	1	1	+	NC_073265.2	29644429	29644480	IVD	XM_034938534.3	+	1	1	304	20	2	2	17	17	17	middle	middle	1.000	1.000	constitutive	constitutive	51	51	2
NC_073265.2	30752541	30753756	-2	1	-	NC_073265.2	30752568	30752982	LTK	XM_063596558.1	-	2	2	774	27	6	7	3	3	1	middle	middle	1.000	0.333	constitutive	unique	156	182	1
NC_073265.2	30752541	30753756	-2	1	-	NC_073265.2	30752826	30752982	LTK	XM_063596559.1	-	2	1	774	285	6	6	3	3	3	middle	middle	1.000	1.000	constitutive	constitutive	156	156	2
NC_073265.2	31088006	31088600	3	1	+	NC_073265.2	31088250	31088436	LOC129393987	XM_055098664.2	+	3	1	244	164	24	24	9	5	5	middle	middle	0.556	0.556	alternative	alternative	186	186	5
NC_073265.2	31088006	31088600	3	1	+	NC_073265.2	31088250	31088600	LOC129393987	XM_055098669.2	+	3	2	244	0	24	25	9	1	2	middle	last	0.111	0.222	unique	alternative	152	38	1
NC_073265.2	31088006	31088600	3	1	+	NC_073265.2	31088562	31088600	LOC129393987	XM_055098671.2	+	3	1	556	0	24	24	9	2	2	last	last	0.222	0.222	alternative	alternative	38	38	1
NC_073265.2	32398115	32398628	3	1	+	NC_073265.2	32398505	32398627	TMEM62	XM_003805591.5	+	3	1	390	1	7	7	11	10	10	middle	middle	0.909	0.909	alternative	alternative	122	122	10
NC_073265.2	32398115	32398628	3	1	+	NC_073265.2	32398231	32398627	TMEM62	XM_024925608.4	+	3	2	116	1	4	5	11	1	1	middle	middle	0.091	0.091	unique	unique	124	43	1
NC_073265.2	53167643	53167934	-3	1	-	NC_073265.2	53167806	53167895	DAPK2	XM_034938910.2	-	3	1	39	163	9	9	5	1	1	middle	middle	0.200	0.200	unique	unique	89	89	1
NC_073265.2	53167643	53167934	-3	1	-	NC_073265.2	53167644	53167689	DAPK2	XM_063596705.1	-	3	1	245	1	11	11	5	2	2	last	last	0.400	0.400	alternative	alternative	45	45	2
NC_073265.2	53409100	53409559	2	1	+	NC_073265.2	53409208	53409240	SNX22	XM_003827950.7	+	2	1	108	319	5	5	3	2	2	middle	middle	0.667	0.667	alternative	alternative	32	32	2
NC_073265.2	53409100	53409559	2	1	+	NC_073265.2	53409491	53409558	SNX22	XM_055098781.2	+	2	1	391	1	6	6	3	1	1	middle	middle	0.333	0.333	unique	unique	67	67	1
NC_073265.2	63111271	63112039	2	1	+	NC_073265.2	63111473	63111556	TBC1D21	XM_003818573.4	+	2	1	202	483	10	10	4	4	4	middle	middle	1.000	1.000	constitutive	constitutive	83	83	3
NC_073265.2	63111271	63112039	2	1	+	NC_073265.2	63111473	63112039	TBC1D21	XM_034939113.3	+	2	2	202	0	10	11	4	4	1	middle	last	1.000	0.250	constitutive	unique	83	218	1
NC_073265.2	63644993	63645758	-3	1	-	NC_073265.2	63645218	63645596	SEMA7A	XM_003811109.7	-	3	2	162	225	4	5	2	1	1	middle	middle	0.500	0.500	unique	unique	92	84	1
NC_073265.2	63644993	63645758	-3	1	-	NC_073265.2	63645218	63645272	SEMA7A	XM_034939131.4	-	3	1	486	225	1	1	2	1	1	first	first	0.500	0.500	unique	unique	54	54	1
NC_073265.2	69149545	69150067	-1	1	-	NC_073265.2	69149852	69150055	MTHFS	XM_034939258.4	-	1	1	12	307	1	1	5	2	2	first	first	0.400	0.400	alternative	alternative	203	203	2
NC_073265.2	69149545	69150067	-1	1	-	NC_073265.2	69149561	69149677	MTHFS	XM_034939259.4	-	1	1	390	16	1	1	5	1	1	first	first	0.200	0.200	unique	unique	116	116	1
NC_073265.2	78855070	78855430	2	1	+	NC_073265.2	78855290	78855349	FANCI	XM_008973876.4	+	2	1	220	81	33	33	19	12	12	middle	middle	0.632	0.632	alternative	alternative	59	59	12
NC_073265.2	78855070	78855430	2	1	+	NC_073265.2	78855350	78855430	FANCI	XM_008973883.5	+	2	1	280	0	33	33	19	3	3	last	last	0.158	0.158	alternative	alternative	80	80	3
NC_073265.2	79765655	79766114	3	1	+	NC_073265.2	79765723	79765886	SEMA4B	XM_003807724.6	+	3	1	68	228	2	2	2	1	1	middle	middle	0.500	0.500	unique	unique	163	163	1
NC_073265.2	79765655	79766114	3	1	+	NC_073265.2	79766051	79766113	SEMA4B	XM_055098515.2	+	3	1	396	1	2	2	2	1	1	middle	middle	0.500	0.500	unique	unique	62	62	1
NC_073267.2	1029046	1029736	-2	1	-	NC_073267.2	1029262	1029662	RPUSD1	XM_034951539.3	-	2	2	74	216	2	3	3	1	1	middle	middle	0.333	0.333	unique	unique	123	102	1
NC_073267.2	1029046	1029736	-2	1	-	NC_073267.2	1029262	1029283	RPUSD1	XM_034951540.3	-	2	1	453	216	1	1	3	2	2	first	first	0.667	0.667	alternative	alternative	21	21	2
NC_073267.2	11445737	11446433	3	1	+	NC_073267.2	11445757	11446239	CIITA	XM_008960373.5	+	3	2	20	194	2	3	12	12	11	middle	middle	1.000	0.917	constitutive	alternative	146	95	11
NC_073267.2	11445737	11446433	3	1	+	NC_073267.2	11445757	11445903	CIITA	XM_063598370.1	+	3	1	20	530	2	2	12	12	12	middle	middle	1.000	1.000	constitutive	constitutive	146	146	1
NC_073267.2	2037282	2037837	-3	1	-	NC_073267.2	2037697	2037798	NME3	XM_003807609.6	-	3	1	39	415	3	3	4	2	2	middle	middle	0.500	0.500	alternative	alternative	101	101	1
NC_073267.2	2037282	2037837	-3	1	-	NC_073267.2	2037283	2037798	NME3	XM_008959748.6	-	3	2	39	1	3	5	4	2	1	middle	last	0.500	0.250	alternative	unique	101	110	1
NC_073267.2	2037388	2037754	-2	1	-	NC_073267.2	2037516	2037620	NME3	XM_008959749.6	-	2	1	134	128	4	4	4	1	1	middle	middle	0.250	0.250	unique	unique	104	104	1
NC_073267.2	2037388	2037754	-2	1	-	NC_073267.2	2037389	2037620	NME3	XM_055100717.2	-	2	2	134	1	4	5	4	1	1	middle	last	0.250	0.250	unique	unique	112	4	1
NC_073267.2	20982218	20983076	-1	1	-	NC_073267.2	20982353	20982530	KNOP1	XM_034939934.4	-	1	1	546	135	1	1	5	1	1	first	first	0.200	0.200	unique	unique	177	177	1
NC_073267.2	20982218	20983076	-1	1	-	NC_073267.2	20982608	20982788	KNOP1	XM_034939935.3	-	1	1	288	390	1	1	5	2	2	first	first	0.400	0.400	alternative	alternative	180	180	2
NC_073267.2	2405834	2406617	3	1	+	NC_073267.2	2405995	2406143	MSRB1	XM_003846051.5	+	3	1	161	474	2	2	3	2	2	middle	middle	0.667	0.667	alternative	alternative	148	148	2
NC_073267.2	2405834	2406617	3	1	+	NC_073267.2	2405995	2406617	MSRB1	XM_034941049.3	+	3	2	161	0	2	3	3	1	1	middle	last	0.333	0.333	unique	unique	116	109	1
NC_073267.2	274350	274788	-3	1	-	NC_073267.2	274633	274708	RHBDF1	XM_034951556.3	-	3	1	80	283	14	14	6	6	6	middle	middle	1.000	1.000	constitutive	constitutive	75	75	2
NC_073267.2	274350	274788	-3	1	-	NC_073267.2	274463	274708	RHBDF1	XM_034951557.3	-	3	2	80	113	14	15	6	6	4	middle	middle	1.000	0.667	constitutive	alternative	75	100	4
NC_073267.2	2963313	2963976	1	1	+	NC_073267.2	2963361	2963944	TEDC2	XM_003806211.4	+	1	2	48	32	6	8	4	3	4	middle	middle	0.750	1.000	alternative	constitutive	90	101	3
NC_073267.2	2963313	2963976	1	1	+	NC_073267.2	2963843	2963944	TEDC2	XM_008951199.4	+	1	1	530	32	7	7	4	4	4	middle	middle	1.000	1.000	constitutive	constitutive	101	101	1
NC_073267.2	30743287	30743593	-2	1	-	NC_073267.2	30743425	30743593	HIRIP3	XM_003809352.5	-	2	1	0	138	5	5	2	1	1	middle	middle	0.500	0.500	unique	unique	168	168	1
NC_073267.2	30743287	30743593	-2	1	-	NC_073267.2	30743288	30743342	HIRIP3	XM_008961583.4	-	2	1	251	1	5	5	2	1	1	last	last	0.500	0.500	unique	unique	54	54	1
NC_073267.2	33156882	33157413	-3	1	-	NC_073267.2	33157242	33157383	LOC106634374	XM_055099824.2	-	3	1	30	360	3	3	11	7	7	middle	middle	0.636	0.636	alternative	alternative	141	141	6
NC_073267.2	33156882	33157413	-3	1	-	NC_073267.2	33156883	33157383	LOC106634374	XM_055099829.2	-	3	2	30	1	3	4	11	7	1	middle	last	0.636	0.091	alternative	unique	141	16	1
NC_073267.2	34192449	34193157	1	1	+	NC_073267.2	34192617	34193014	HSD3B7	XM_003807485.4	+	1	2	168	143	4	5	8	8	6	middle	middle	1.000	0.750	constitutive	alternative	99	162	6
NC_073267.2	34192449	34193157	1	1	+	NC_073267.2	34192617	34192716	HSD3B7	XM_008959621.5	+	1	1	168	441	5	5	8	8	8	middle	middle	1.000	1.000	constitutive	constitutive	99	99	2
NC_073267.2	34241657	34241990	3	1	+	NC_073267.2	34241673	34241985	STX4	XM_003807483.6	+	3	2	16	5	2	3	7	3	3	middle	middle	0.429	0.429	alternative	alternative	101	99	3
NC_073267.2	34241657	34241990	3	1	+	NC_073267.2	34241864	34241985	STX4	XM_034940033.4	+	3	1	207	5	3	3	7	3	3	middle	middle	0.429	0.429	alternative	alternative	121	121	3
NC_073267.2	34589019	34589301	1	1	+	NC_073267.2	34589052	34589130	ITGAX	XM_008959647.4	+	1	1	33	171	24	24	2	1	1	middle	middle	0.500	0.500	unique	unique	78	78	1
NC_073267.2	34589019	34589301	1	1	+	NC_073267.2	34589241	34589301	ITGAX	XM_055099186.2	+	1	1	222	0	25	25	2	1	1	last	last	0.500	0.500	unique	unique	60	60	1
NC_073267.2	492621	493371	-3	1	-	NC_073267.2	492766	493023	RGS11	XM_014341608.4	-	3	1	348	145	1	1	5	1	1	first	first	0.200	0.200	unique	unique	257	257	1
NC_073267.2	492621	493371	-3	1	-	NC_073267.2	493257	493307	RGS11	XM_034951623.4	-	3	1	64	636	3	3	5	3	3	middle	middle	0.600	0.600	alternative	alternative	50	50	3
NC_073267.2	505952	506495	3	1	+	NC_073267.2	506029	506210	PDIA2	XM_034951627.3	+	3	1	77	285	8	8	3	3	3	middle	middle	1.000	1.000	constitutive	constitutive	181	181	1
NC_073267.2	505952	506495	3	1	+	NC_073267.2	506029	506417	PDIA2	XM_055099236.2	+	3	2	77	78	8	9	3	3	2	middle	middle	1.000	0.667	constitutive	alternative	181	110	2
NC_073267.2	67964844	67965972	1	1	+	NC_073267.2	67964971	67965834	NDRG4	XM_003823704.5	+	1	2	127	138	4	7	26	13	26	middle	middle	0.500	1.000	alternative	constitutive	105	60	13
NC_073267.2	67964844	67965972	1	1	+	NC_073267.2	67964917	67965834	NDRG4	XM_008977357.5	+	1	2	73	138	4	7	26	12	26	middle	middle	0.462	1.000	alternative	constitutive	159	60	12
NC_073267.2	67964844	67965972	1	1	+	NC_073267.2	67965774	67965834	NDRG4	XM_057299965.2	+	1	1	930	138	3	3	26	26	26	middle	middle	1.000	1.000	constitutive	constitutive	60	60	1
NC_073267.2	76809929	76810343	3	1	+	NC_073267.2	76809982	76810276	PLEKHG4	XM_055100321.2	+	3	2	53	67	3	4	3	1	3	middle	middle	0.333	1.000	unique	constitutive	95	123	1
NC_073267.2	76809929	76810343	3	1	+	NC_073267.2	76810153	76810276	PLEKHG4	XM_055100323.2	+	3	1	224	67	2	2	3	3	3	middle	middle	1.000	1.000	constitutive	constitutive	123	123	2
NC_073267.2	77409376	77409928	2	1	+	NC_073267.2	77409383	77409819	EDC4	XM_003812171.5	+	2	2	7	109	25	26	3	3	2	middle	middle	1.000	0.667	constitutive	alternative	165	186	2
NC_073267.2	77409376	77409928	2	1	+	NC_073267.2	77409383	77409548	EDC4	XM_063597664.1	+	2	1	7	380	24	24	3	3	3	middle	middle	1.000	1.000	constitutive	constitutive	165	165	1
NC_073267.2	794359	795976	2	1	+	NC_073267.2	794618	795976	CAPN15	XM_055100124.2	+	2	2	259	0	11	12	3	3	2	middle	last	1.000	0.667	constitutive	alternative	178	174	2
NC_073267.2	794359	795976	2	1	+	NC_073267.2	794618	794796	CAPN15	XM_055100125.2	+	2	1	259	1180	11	11	3	3	3	middle	middle	1.000	1.000	constitutive	constitutive	178	178	1
NC_073267.2	84924401	84925502	-1	1	-	NC_073267.2	84924488	84924975	LOC100979112	XM_003829531.6	-	1	2	527	87	4	5	4	2	2	middle	middle	0.500	0.500	alternative	alternative	78	180	1
NC_073267.2	84924401	84925502	-1	1	-	NC_073267.2	84924488	84925472	LOC100979112	XM_034940715.3	-	1	3	30	87	1	4	4	2	2	first	middle	0.500	0.500	alternative	alternative	227	180	1
NC_073267.2	84924401	84925502	-1	1	-	NC_073267.2	84924488	84925472	LOC100979112	XM_063598040.1	-	1	2	30	87	1	3	4	2	2	first	middle	0.500	0.500	alternative	alternative	227	487	1
NC_073267.2	84924401	84925502	-1	1	-	NC_073267.2	84924488	84924975	LOC100979112	XM_063598041.1	-	1	1	527	87	4	4	4	2	2	middle	middle	0.500	0.500	alternative	alternative	487	487	1
NC_073267.2	874930	875467	-2	1	-	NC_073267.2	875142	875316	METTL26	XM_034951526.3	-	2	1	151	212	4	4	17	4	4	middle	middle	0.235	0.235	alternative	alternative	174	174	4
NC_073267.2	874930	875467	-2	1	-	NC_073267.2	874972	875050	METTL26	XM_034951530.3	-	2	1	417	42	4	4	17	2	2	middle	middle	0.118	0.118	alternative	alternative	78	78	2
NC_073267.2	874930	875467	-2	1	-	NC_073267.2	875142	875209	METTL26	XM_034951531.3	-	2	1	258	212	4	4	17	2	2	middle	middle	0.118	0.118	alternative	alternative	67	67	2
NC_073267.2	911780	912224	3	1	+	NC_073267.2	911871	912188	RHOT2	XM_003808813.5	+	3	2	91	36	8	9	21	21	17	middle	middle	1.000	0.810	constitutive	alternative	101	98	17
NC_073267.2	911780	912224	3	1	+	NC_073267.2	911871	911972	RHOT2	XM_008960914.4	+	3	1	91	252	8	8	21	21	21	middle	middle	1.000	1.000	constitutive	constitutive	101	101	4
NC_073267.2	917182	918319	2	1	+	NC_073267.2	917615	918175	RHBDL1	XM_034951503.3	+	2	2	433	144	2	3	8	3	6	middle	middle	0.375	0.750	alternative	alternative	161	224	2
NC_073267.2	917182	918319	2	1	+	NC_073267.2	917618	918175	RHBDL1	XM_034951504.3	+	2	2	436	144	2	3	8	2	6	middle	middle	0.250	0.750	alternative	alternative	158	224	2
NC_073267.2	917182	918319	2	1	+	NC_073267.2	917381	918175	RHBDL1	XM_034951505.3	+	2	2	199	144	1	2	8	3	6	first	middle	0.375	0.750	alternative	alternative	395	224	2
NC_073267.2	917182	918319	2	1	+	NC_073267.2	917615	917776	RHBDL1	XM_034951510.3	+	2	1	433	543	2	2	8	3	3	middle	middle	0.375	0.375	alternative	alternative	161	161	1
NC_073267.2	917182	918319	2	1	+	NC_073267.2	917381	917776	RHBDL1	XM_063597927.1	+	2	1	199	543	1	1	8	3	3	first	first	0.375	0.375	alternative	alternative	395	395	1
NC_073267.2	918610	918994	2	1	+	NC_073267.2	918933	918993	RHBDL1	XM_034951503.3	+	2	1	323	1	6	6	8	4	4	middle	middle	0.500	0.500	alternative	alternative	60	60	4
NC_073267.2	918610	918994	2	1	+	NC_073267.2	918753	918853	RHBDL1	XM_034951505.3	+	2	1	143	141	5	5	8	4	4	middle	middle	0.500	0.500	alternative	alternative	100	100	4
NC_073267.2	95667342	95667867	1	1	+	NC_073267.2	95667368	95667415	IRF8	XM_003820844.5	+	1	1	26	452	5	5	1	1	1	middle	middle	1.000	1.000	constitutive	constitutive	47	47	1
NC_073267.2	95667342	95667867	1	1	+	NC_073267.2	95667472	95667867	LOC130540877	XM_057299989.2	+	1	1	130	0	1	1	1	1	1	first	first	1.000	1.000	constitutive	constitutive	395	395	1
NC_073267.2	963479	964034	-1	1	-	NC_073267.2	963529	963768	CCDC78	XM_008960929.4	-	1	2	266	50	10	11	17	16	12	middle	middle	0.941	0.706	alternative	alternative	66	100	12
NC_073267.2	963479	964034	-1	1	-	NC_073267.2	963553	963768	CCDC78	XM_034951579.3	-	1	2	266	74	10	11	17	16	1	middle	middle	0.941	0.059	alternative	unique	66	76	1
NC_073267.2	963479	964034	-1	1	-	NC_073267.2	963702	963768	CCDC78	XM_034951580.3	-	1	1	266	223	10	10	17	16	16	middle	middle	0.941	0.941	alternative	alternative	66	66	3
NC_073267.2	98400774	98402049	1	1	+	NC_073267.2	98400971	98401170	ZC3H18	XM_034940896.3	+	1	1	197	879	15	15	14	11	11	middle	middle	0.786	0.786	alternative	alternative	199	199	11
NC_073267.2	98400774	98402049	1	1	+	NC_073267.2	98401809	98401905	ZC3H18	XM_055100800.2	+	1	1	1035	144	14	14	14	3	3	middle	middle	0.214	0.214	alternative	alternative	96	96	3
NC_073267.2	98641478	98642336	-1	1	-	NC_073267.2	98641816	98641922	PABPN1L	XM_003805771.5	-	1	1	414	338	4	4	3	2	2	middle	middle	0.667	0.667	alternative	alternative	106	106	2
NC_073267.2	98641478	98642336	-1	1	-	NC_073267.2	98641637	98641724	PABPN1L	XM_055099905.3	-	1	1	612	159	4	4	3	1	1	middle	middle	0.333	0.333	unique	unique	87	87	1
NC_073267.2	98983260	98983719	-3	1	-	NC_073267.2	98983262	98983370	SLC22A31	XM_055099154.3	-	3	1	349	2	6	6	5	3	3	middle	middle	0.600	0.600	alternative	alternative	108	108	3
NC_073267.2	98983260	98983719	-3	1	-	NC_073267.2	98983472	98983528	SLC22A31	XM_055099155.2	-	3	1	191	212	5	5	5	1	1	middle	middle	0.200	0.200	unique	unique	56	56	1
NC_073267.2	98983260	98983719	-3	1	-	NC_073267.2	98983262	98983362	SLC22A31	XM_055099158.2	-	3	1	357	2	1	1	5	1	1	first	first	0.200	0.200	unique	unique	100	100	1
NC_073267.2	99425438	99426017	3	1	+	NC_073267.2	99425529	99425877	DPEP1	XM_003805778.4	+	3	2	91	140	6	7	6	5	6	middle	middle	0.833	1.000	alternative	constitutive	176	84	5
NC_073267.2	99425438	99426017	3	1	+	NC_073267.2	99425793	99425877	DPEP1	XM_055099490.2	+	3	1	355	140	6	6	6	6	6	middle	middle	1.000	1.000	constitutive	constitutive	84	84	1
NC_073267.2	99555001	99555664	-2	1	-	NC_073267.2	99555003	99555107	VPS9D1	XM_034941105.3	-	2	1	557	2	14	14	17	7	7	middle	middle	0.412	0.412	alternative	alternative	104	104	7
NC_073267.2	99555001	99555664	-2	1	-	NC_073267.2	99555433	99555532	VPS9D1	XM_034941112.3	-	2	1	132	432	13	13	17	3	3	middle	middle	0.176	0.176	alternative	alternative	99	99	3
NC_073267.2	99555001	99555664	-2	1	-	NC_073267.2	99555003	99555344	VPS9D1	XM_055100555.2	-	2	1	320	2	14	14	17	3	3	middle	middle	0.176	0.176	alternative	alternative	341	341	3
NC_073268.2	12406597	12407065	2	1	+	NC_073268.2	12406655	12407065	PSMB6	XM_003810195.5	+	2	2	58	0	5	6	2	2	1	middle	last	1.000	0.500	constitutive	unique	144	139	1
NC_073268.2	12406597	12407065	2	1	+	NC_073268.2	12406655	12406799	PSMB6	XM_003810198.5	+	2	1	58	266	5	5	2	2	2	middle	middle	1.000	1.000	constitutive	constitutive	144	144	1
NC_073268.2	12548801	12549290	-1	1	-	NC_073268.2	12548803	12549246	SLC25A11	XM_003810181.5	-	1	2	44	2	2	3	2	1	2	middle	middle	0.500	1.000	unique	constitutive	152	206	1
NC_073268.2	12548801	12549290	-1	1	-	NC_073268.2	12548803	12549009	SLC25A11	XM_063598903.1	-	1	1	281	2	2	2	2	2	2	middle	middle	1.000	1.000	constitutive	constitutive	206	206	1
NC_073268.2	12554228	12554870	3	1	+	NC_073268.2	12554623	12554703	RNF167	XM_008962541.6	+	3	1	395	167	8	8	13	13	13	middle	middle	1.000	1.000	constitutive	constitutive	80	80	5
NC_073268.2	12554228	12554870	3	1	+	NC_073268.2	12554461	12554703	RNF167	XM_034941346.3	+	3	2	233	167	8	9	13	8	13	middle	middle	0.615	1.000	alternative	constitutive	71	80	8
NC_073268.2	14355195	14355549	1	1	+	NC_073268.2	14355452	14355537	LOC100995017	XM_008962492.6	+	1	1	257	12	3	3	3	3	3	middle	middle	1.000	1.000	constitutive	constitutive	85	85	2
NC_073268.2	14355195	14355549	1	1	+	NC_073268.2	14355205	14355537	LOC100995017	XM_024926247.4	+	1	2	10	12	1	2	3	1	3	first	middle	0.333	1.000	unique	constitutive	129	85	1
NC_073268.2	14631490	14632489	2	1	+	NC_073268.2	14631726	14632463	SLC16A13	XM_003810124.5	+	2	1	236	26	3	3	2	2	2	middle	middle	1.000	1.000	constitutive	constitutive	737	737	1
NC_073268.2	14631490	14632489	2	1	+	NC_073268.2	14631531	14632463	SLC16A13	XM_063598635.1	+	2	2	41	26	3	4	2	1	2	middle	middle	0.500	1.000	unique	constitutive	83	737	1
NC_073268.2	14769727	14770216	-2	1	-	NC_073268.2	14769787	14770137	ASGR1	XM_003810110.8	-	2	2	79	60	2	3	3	2	3	middle	middle	0.667	1.000	alternative	constitutive	116	95	2
NC_073268.2	14769727	14770216	-2	1	-	NC_073268.2	14769787	14769882	ASGR1	XM_003810111.8	-	2	1	334	60	2	2	3	3	3	middle	middle	1.000	1.000	constitutive	constitutive	95	95	1
NC_073268.2	14816910	14817228	1	1	+	NC_073268.2	14817151	14817223	ACADVL	XM_003810106.7	+	1	1	241	5	17	17	6	4	4	middle	middle	0.667	0.667	alternative	alternative	72	72	4
NC_073268.2	14816910	14817228	1	1	+	NC_073268.2	14816992	14817064	ACADVL	XM_034941407.3	+	1	1	82	164	15	15	6	2	2	middle	middle	0.333	0.333	alternative	alternative	72	72	2
NC_073268.2	14953363	14953669	2	1	+	NC_073268.2	14953440	14953519	TMEM95	XM_034941419.3	+	2	1	77	150	6	6	2	1	1	middle	middle	0.500	0.500	unique	unique	79	79	1
NC_073268.2	14953363	14953669	2	1	+	NC_073268.2	14953639	14953669	TMEM95	XM_055102298.2	+	2	1	276	0	6	6	2	1	1	last	last	0.500	0.500	unique	unique	30	30	1
NC_073268.2	20587964	20588528	3	1	+	NC_073268.2	20587990	20588423	SLC25A39	XM_003805873.6	+	3	2	26	105	3	4	6	2	2	middle	middle	0.333	0.333	alternative	alternative	44	109	1
NC_073268.2	20587964	20588528	3	1	+	NC_073268.2	20587990	20588423	SLC25A39	XM_003805874.5	+	3	2	26	105	3	4	6	2	1	middle	middle	0.333	0.167	alternative	unique	44	133	1
NC_073268.2	20587964	20588528	3	1	+	NC_073268.2	20588314	20588423	SLC25A39	XM_063598658.1	+	3	1	350	105	3	3	6	2	2	middle	middle	0.333	0.333	alternative	alternative	109	109	1
NC_073268.2	20751900	20752326	-3	1	-	NC_073268.2	20752053	20752161	HROB	XM_003805861.5	-	3	1	165	153	6	6	10	7	7	middle	middle	0.700	0.700	alternative	alternative	108	108	6
NC_073268.2	20751900	20752326	-3	1	-	NC_073268.2	20752053	20752164	HROB	XM_008975999.4	-	3	1	162	153	6	6	10	3	3	middle	middle	0.300	0.300	alternative	alternative	111	111	3
NC_073268.2	20751900	20752326	-3	1	-	NC_073268.2	20751901	20752161	HROB	XM_063599001.1	-	3	2	165	1	6	7	10	7	1	middle	last	0.700	0.100	alternative	unique	108	67	1
NC_073268.2	25297344	25297752	-3	1	-	NC_073268.2	25297387	25297638	STARD3	XM_003831453.6	-	3	2	114	43	3	4	17	17	15	middle	middle	1.000	0.882	constitutive	alternative	77	53	15
NC_073268.2	25297344	25297752	-3	1	-	NC_073268.2	25297561	25297638	STARD3	XM_034941961.3	-	3	1	114	217	3	3	17	17	17	middle	middle	1.000	1.000	constitutive	constitutive	77	77	2
NC_073268.2	34848132	34848708	-3	1	-	NC_073268.2	34848174	34848672	ANKRD13B	XM_034942158.4	-	3	3	36	42	2	4	4	3	3	middle	middle	0.750	0.750	alternative	alternative	135	45	3
NC_073268.2	34848132	34848708	-3	1	-	NC_073268.2	34848174	34848198	ANKRD13B	XM_055101932.2	-	3	1	510	42	1	1	4	1	1	first	first	0.250	0.250	unique	unique	24	24	1
NC_073268.2	54395968	54396526	-2	1	-	NC_073268.2	54396133	54396211	MFAP4	XM_003807272.6	-	2	1	315	165	2	2	2	2	2	middle	middle	1.000	1.000	constitutive	constitutive	78	78	1
NC_073268.2	54395968	54396526	-2	1	-	NC_073268.2	54396133	54396493	MFAP4	XM_063599229.1	-	2	2	33	165	1	2	2	1	2	first	middle	0.500	1.000	unique	constitutive	77	78	1
NC_073268.2	90900019	90900718	-2	1	-	NC_073268.2	90900370	90900540	FDXR	XM_003813322.4	-	2	1	178	351	11	11	17	9	9	middle	middle	0.529	0.529	alternative	alternative	170	170	9
NC_073268.2	90900019	90900718	-2	1	-	NC_073268.2	90900020	90900540	FDXR	XM_008965896.3	-	2	2	178	1	11	12	17	8	8	middle	last	0.471	0.471	alternative	alternative	205	221	8
NC_073268.2	90909244	90909676	-2	1	-	NC_073268.2	90909320	90909417	FDXR	XM_003813322.4	-	2	1	259	76	2	2	17	16	16	middle	middle	0.941	0.941	alternative	alternative	97	97	16
NC_073268.2	90909244	90909676	-2	1	-	NC_073268.2	90909320	90909600	FDXR	XM_057300267.1	-	2	2	76	76	2	3	17	1	1	middle	middle	0.059	0.059	unique	unique	118	71	1
NC_073268.2	94255531	94256020	2	1	+	NC_073268.2	94255611	94255973	AFMID	XM_034942998.3	+	2	2	80	47	6	7	7	5	4	middle	middle	0.714	0.571	alternative	alternative	72	97	4
NC_073268.2	94255531	94256020	2	1	+	NC_073268.2	94255611	94255683	AFMID	XM_055102227.2	+	2	1	80	337	6	6	7	5	5	middle	middle	0.714	0.714	alternative	alternative	72	72	1
NC_073268.2	96825775	96826285	2	1	+	NC_073268.2	96825802	96825857	SLC26A11	XM_034943051.4	+	2	1	27	428	11	11	8	8	8	middle	middle	1.000	1.000	constitutive	constitutive	55	55	7
NC_073268.2	96825775	96826285	2	1	+	NC_073268.2	96825802	96826285	SLC26A11	XM_063599448.1	+	2	2	27	0	11	12	8	8	1	middle	last	1.000	0.125	constitutive	unique	55	214	1
NC_073268.2	97811961	97812864	-3	1	-	NC_073268.2	97811963	97812635	TEPSIN	XM_014342266.5	-	3	2	229	2	8	9	7	4	7	middle	middle	0.571	1.000	alternative	constitutive	203	174	4
NC_073268.2	97811961	97812864	-3	1	-	NC_073268.2	97811963	97812137	TEPSIN	XM_034943097.3	-	3	1	727	2	8	8	7	7	7	middle	middle	1.000	1.000	constitutive	constitutive	174	174	3
NC_073268.2	98551962	98552406	1	1	+	NC_073268.2	98552028	98552406	ASPSCR1	XM_055100908.2	+	1	2	66	0	15	16	8	2	2	middle	last	0.250	0.250	alternative	alternative	172	10	2
NC_073268.2	98551962	98552406	1	1	+	NC_073268.2	98552028	98552220	ASPSCR1	XM_063599497.1	+	1	1	66	186	15	15	8	6	6	middle	middle	0.750	0.750	alternative	alternative	192	192	6
NC_073268.2	98554283	98554499	-1	1	-	NC_073268.2	98554284	98554295	CENPX	XM_003831092.4	-	1	1	204	1	5	5	9	6	6	last	last	0.667	0.667	alternative	alternative	11	11	6
NC_073268.2	98554283	98554499	-1	1	-	NC_073268.2	98554369	98554457	CENPX	XM_003831093.6	-	1	1	42	86	4	4	9	2	2	middle	middle	0.222	0.222	alternative	alternative	88	88	2
NC_073269.2	10883343	10883724	-2	1	-	NC_073269.2	10883389	10883700	DENND1C	XM_008972673.5	-	2	2	24	46	12	13	6	6	5	middle	middle	1.000	0.833	constitutive	alternative	101	125	5
NC_073269.2	10883343	10883724	-2	1	-	NC_073269.2	10883599	10883700	DENND1C	XM_008972674.4	-	2	1	24	256	12	12	6	6	6	middle	middle	1.000	1.000	constitutive	constitutive	101	101	1
NC_073269.2	12309519	12310005	1	1	+	NC_073269.2	12309611	12309985	STXBP2	XM_003810007.4	+	1	2	92	20	2	3	2	1	1	middle	middle	0.500	0.500	unique	unique	49	81	1
NC_073269.2	12309519	12310005	1	1	+	NC_073269.2	12309913	12309985	STXBP2	XM_055104367.2	+	1	1	394	20	1	1	2	1	1	first	first	0.500	0.500	unique	unique	72	72	1
NC_073269.2	12598613	12599999	3	1	+	NC_073269.2	12599097	12599762	TGFBR3L	XM_034945281.3	+	3	2	484	237	1	2	8	8	6	first	middle	1.000	0.750	constitutive	alternative	275	311	6
NC_073269.2	12598613	12599999	3	1	+	NC_073269.2	12599097	12599854	TGFBR3L	XM_034945285.3	+	3	2	484	145	1	2	8	8	1	first	middle	1.000	0.125	constitutive	unique	275	403	1
NC_073269.2	12598613	12599999	3	1	+	NC_073269.2	12599097	12599372	TGFBR3L	XM_063599818.1	+	3	1	484	627	1	1	8	8	8	first	first	1.000	1.000	constitutive	constitutive	275	275	1
NC_073269.2	13247727	13248507	-2	1	-	NC_073269.2	13247785	13248313	ADAMTS10	XM_008962339.6	-	2	2	194	58	10	11	7	6	5	middle	middle	0.857	0.714	alternative	alternative	204	176	5
NC_073269.2	13247727	13248507	-2	1	-	NC_073269.2	13248109	13248313	ADAMTS10	XM_034944291.3	-	2	1	194	382	21	21	7	6	6	middle	middle	0.857	0.857	alternative	alternative	204	204	1
NC_073269.2	13248683	13249169	-3	1	-	NC_073269.2	13248998	13249124	ADAMTS10	XM_008962339.6	-	3	1	45	315	8	8	7	7	7	middle	middle	1.000	1.000	constitutive	constitutive	126	126	6
NC_073269.2	13248683	13249169	-3	1	-	NC_073269.2	13248776	13249124	ADAMTS10	XM_034944292.3	-	3	2	45	93	19	20	7	7	1	middle	middle	1.000	0.143	constitutive	unique	126	125	1
NC_073269.2	13254252	13254894	-2	1	-	NC_073269.2	13254588	13254792	ADAMTS10	XM_008962339.6	-	2	1	102	336	1	1	7	1	1	first	first	0.143	0.143	unique	unique	204	204	1
NC_073269.2	13254252	13254894	-2	1	-	NC_073269.2	13254430	13254493	ADAMTS10	XM_034944288.3	-	2	1	401	178	13	13	7	6	6	middle	middle	0.857	0.857	alternative	alternative	63	63	6
NC_073269.2	16160390	16160873	-3	1	-	NC_073269.2	16160436	16160751	DOCK6	XM_034946034.3	-	3	2	122	46	8	9	5	4	4	middle	middle	0.800	0.800	alternative	alternative	66	149	4
NC_073269.2	16160390	16160873	-3	1	-	NC_073269.2	16160436	16160546	DOCK6	XM_063599881.1	-	3	1	327	46	1	1	5	1	1	first	first	0.200	0.200	unique	unique	110	110	1
NC_073269.2	17604732	17605245	-2	1	-	NC_073269.2	17604955	17605080	DHPS	XM_003814809.6	-	2	1	165	223	8	8	3	2	2	middle	middle	0.667	0.667	alternative	alternative	125	125	2
NC_073269.2	17604732	17605245	-2	1	-	NC_073269.2	17604733	17604871	DHPS	XM_034944473.3	-	2	1	374	1	9	9	3	1	1	last	last	0.333	0.333	unique	unique	138	138	1
NC_073269.2	18041428	18042007	-1	1	-	NC_073269.2	18041755	18041870	TRMT1	XM_034946200.3	-	1	1	137	327	5	5	5	1	1	middle	middle	0.200	0.200	unique	unique	115	115	1
NC_073269.2	18041428	18042007	-1	1	-	NC_073269.2	18041755	18041869	TRMT1	XM_034946202.3	-	1	1	138	327	1	1	5	3	3	first	first	0.600	0.600	alternative	alternative	114	114	3
NC_073269.2	18041428	18042007	-1	1	-	NC_073269.2	18041564	18041650	TRMT1	XM_034946203.3	-	1	1	357	136	1	1	5	1	1	first	first	0.200	0.200	unique	unique	86	86	1
NC_073269.2	18861240	18861510	-2	1	-	NC_073269.2	18861350	18861498	PODNL1	XM_008967704.5	-	2	1	12	110	9	9	10	6	6	middle	middle	0.600	0.600	alternative	alternative	148	148	6
NC_073269.2	18861240	18861510	-2	1	-	NC_073269.2	18861241	18861273	PODNL1	XM_063599951.1	-	2	1	237	1	9	9	10	1	1	last	last	0.100	0.100	unique	unique	32	32	1
NC_073269.2	20025198	20025699	1	1	+	NC_073269.2	20025199	20025678	SYDE1	XM_008966113.5	+	1	2	1	21	5	6	3	3	1	middle	middle	1.000	0.333	constitutive	unique	126	160	1
NC_073269.2	20025198	20025699	1	1	+	NC_073269.2	20025199	20025678	SYDE1	XM_055104184.2	+	1	2	1	21	5	6	3	3	1	middle	middle	1.000	0.333	constitutive	unique	126	223	1
NC_073269.2	20025198	20025699	1	1	+	NC_073269.2	20025199	20025325	SYDE1	XM_063599975.1	+	1	1	1	374	5	5	3	3	3	middle	middle	1.000	1.000	constitutive	constitutive	126	126	1
NC_073269.2	21765720	21766311	-2	1	-	NC_073269.2	21765722	21766211	CPAMD8	XM_003813600.7	-	2	2	100	2	40	41	6	4	6	middle	middle	0.667	1.000	alternative	constitutive	209	150	4
NC_073269.2	21765720	21766311	-2	1	-	NC_073269.2	21765722	21765872	CPAMD8	XM_063599996.1	-	2	1	439	2	33	33	6	6	6	middle	middle	1.000	1.000	constitutive	constitutive	150	150	2
NC_073269.2	22867324	22867894	2	1	+	NC_073269.2	22867427	22867893	ARRDC2	XM_003817784.6	+	2	2	103	1	1	2	2	1	2	first	middle	0.500	1.000	unique	constitutive	273	66	1
NC_073269.2	22867324	22867894	2	1	+	NC_073269.2	22867827	22867893	ARRDC2	XM_034944795.4	+	2	1	503	1	2	2	2	2	2	middle	middle	1.000	1.000	constitutive	constitutive	66	66	1
NC_073269.2	23291107	23291563	2	1	+	NC_073269.2	23291312	23291401	SSBP4	XM_034946643.2	+	2	1	205	162	5	5	13	11	11	middle	middle	0.846	0.846	alternative	alternative	89	89	11
NC_073269.2	23291107	23291563	2	1	+	NC_073269.2	23291143	23291255	SSBP4	XM_063600020.1	+	2	1	36	308	4	4	13	2	2	middle	middle	0.154	0.154	alternative	alternative	112	112	2
NC_073269.2	23291781	23292186	1	1	+	NC_073269.2	23292115	23292174	SSBP4	XM_034946643.2	+	1	1	334	12	7	7	13	11	11	middle	middle	0.846	0.846	alternative	alternative	59	59	11
NC_073269.2	23291781	23292186	1	1	+	NC_073269.2	23291822	23291887	SSBP4	XM_063600020.1	+	1	1	41	299	5	5	13	2	2	middle	middle	0.154	0.154	alternative	alternative	65	65	2
NC_073269.2	23292047	23292335	3	1	+	NC_073269.2	23292261	23292330	SSBP4	XM_034946643.2	+	3	1	214	5	8	8	13	11	11	middle	middle	0.846	0.846	alternative	alternative	69	69	11
NC_073269.2	23292047	23292335	3	1	+	NC_073269.2	23292115	23292174	SSBP4	XM_063600020.1	+	3	1	68	161	6	6	13	2	2	middle	middle	0.154	0.154	alternative	alternative	59	59	2
NC_073269.2	23297929	23298607	-1	1	-	NC_073269.2	23298101	23298490	ISYNA1	XM_003817771.6	-	1	2	117	172	2	3	2	1	1	middle	middle	0.500	0.500	unique	unique	128	161	1
NC_073269.2	23297929	23298607	-1	1	-	NC_073269.2	23298362	23298481	ISYNA1	XM_003817772.6	-	1	1	126	433	1	1	2	1	1	first	first	0.500	0.500	unique	unique	119	119	1
NC_073269.2	41281706	41282765	3	1	+	NC_073269.2	41282128	41282546	USF2	XM_034945743.3	+	3	2	422	219	3	4	4	4	2	middle	middle	1.000	0.500	constitutive	alternative	118	200	2
NC_073269.2	41281706	41282765	3	1	+	NC_073269.2	41282128	41282246	USF2	XM_034945745.4	+	3	1	422	519	3	3	4	4	4	middle	middle	1.000	1.000	constitutive	constitutive	118	118	2
NC_073269.2	41523275	41523548	-3	1	-	NC_073269.2	41523297	41523353	DMKN	XM_008969188.3	-	3	1	195	22	1	1	50	3	3	first	first	0.060	0.060	alternative	alternative	56	56	3
NC_073269.2	41523275	41523548	-3	1	-	NC_073269.2	41523504	41523548	DMKN	XM_063600136.1	-	3	1	0	229	6	6	50	20	20	middle	middle	0.400	0.400	alternative	alternative	44	44	20
NC_073269.2	41629493	41629916	3	1	+	NC_073269.2	41629522	41629838	RBM42	XM_003816106.5	+	3	2	29	78	5	6	3	2	1	middle	middle	0.667	0.333	alternative	unique	65	175	1
NC_073269.2	41629493	41629916	3	1	+	NC_073269.2	41629684	41629838	RBM42	XM_003816107.8	+	3	1	191	78	5	5	3	2	2	middle	middle	0.667	0.667	alternative	alternative	154	154	1
NC_073269.2	41629493	41629916	3	1	+	NC_073269.2	41629522	41629838	RBM42	XM_008969179.5	+	3	2	29	78	5	6	3	2	2	middle	middle	0.667	0.667	alternative	alternative	65	154	1
NC_073269.2	41737995	41738424	-2	1	-	NC_073269.2	41738076	41738412	U2AF1L4	XM_003816146.5	-	2	2	12	81	4	5	24	5	5	middle	middle	0.208	0.208	alternative	alternative	75	95	5
NC_073269.2	41737995	41738424	-2	1	-	NC_073269.2	41738279	41738412	U2AF1L4	XM_003816147.5	-	2	1	12	284	4	4	24	7	7	middle	middle	0.292	0.292	alternative	alternative	133	133	7
NC_073269.2	42007117	42007906	-1	1	-	NC_073269.2	42007331	42007852	SYNE4	XM_003816121.5	-	1	2	54	214	4	5	3	2	3	middle	middle	0.667	1.000	alternative	constitutive	194	248	2
NC_073269.2	42007117	42007906	-1	1	-	NC_073269.2	42007331	42007579	SYNE4	XM_008969138.4	-	1	1	327	214	3	3	3	3	3	middle	middle	1.000	1.000	constitutive	constitutive	248	248	1
NC_073269.2	45715942	45716428	2	1	+	NC_073269.2	45716130	45716375	PLEKHG2	XM_008964642.6	+	2	2	188	53	12	13	8	8	7	middle	middle	1.000	0.875	constitutive	alternative	101	47	7
NC_073269.2	45715942	45716428	2	1	+	NC_073269.2	45716130	45716231	PLEKHG2	XM_008964644.6	+	2	1	188	197	12	12	8	8	8	middle	middle	1.000	1.000	constitutive	constitutive	101	101	1
NC_073269.2	46868794	46869295	2	1	+	NC_073269.2	46868808	46869149	LTBP4	XM_003812479.7	+	2	2	14	146	13	14	27	27	26	middle	middle	1.000	0.963	constitutive	alternative	131	125	26
NC_073269.2	46868794	46869295	2	1	+	NC_073269.2	46868808	46868939	LTBP4	XM_008964902.5	+	2	1	14	356	13	13	27	27	27	middle	middle	1.000	1.000	constitutive	constitutive	131	131	1
NC_073269.2	53259604	53260063	-1	1	-	NC_073269.2	53259606	53259619	ZC3H4	XM_034946233.3	-	1	1	444	2	1	1	4	1	1	first	first	0.250	0.250	unique	unique	13	13	1
NC_073269.2	53259604	53260063	-1	1	-	NC_073269.2	53259879	53260039	ZC3H4	XM_034946234.3	-	1	1	24	275	1	1	4	2	2	first	first	0.500	0.500	alternative	alternative	160	160	2
NC_073269.2	53401771	53402935	2	1	+	NC_073269.2	53401772	53402290	CCDC9	XM_003814129.7	+	2	2	1	645	3	4	7	6	6	middle	middle	0.857	0.857	alternative	alternative	101	251	6
NC_073269.2	53401771	53402935	2	1	+	NC_073269.2	53402141	53402290	CCDC9	XM_034944285.3	+	2	1	370	645	1	1	7	1	1	first	first	0.143	0.143	unique	unique	149	149	1
NC_073269.2	5442706	5443114	2	1	+	NC_073269.2	5442850	5442874	GPX4	XM_014342393.4	+	2	1	144	240	5	5	3	3	3	middle	middle	1.000	1.000	constitutive	constitutive	24	24	2
NC_073269.2	5442706	5443114	2	1	+	NC_073269.2	5442850	5443067	GPX4	XM_057300686.2	+	2	2	144	47	5	6	3	3	1	middle	middle	1.000	0.333	constitutive	unique	24	81	1
NC_073269.2	5445260	5445602	-3	1	-	NC_073269.2	5445386	5445576	SBNO2	XM_055104018.2	-	3	1	26	126	30	30	3	2	2	middle	middle	0.667	0.667	alternative	alternative	190	190	2
NC_073269.2	5445260	5445602	-3	1	-	NC_073269.2	5445261	5445576	SBNO2	XM_055104021.2	-	3	2	26	1	30	31	3	1	1	middle	last	0.333	0.333	unique	unique	186	50	1
NC_073269.2	54816632	54817298	-3	1	-	NC_073269.2	54817113	54817298	MAMSTR	XM_034946825.2	-	3	1	0	481	4	4	3	3	3	middle	middle	1.000	1.000	constitutive	constitutive	185	185	2
NC_073269.2	54816632	54817298	-3	1	-	NC_073269.2	54816633	54817298	MAMSTR	XM_063600477.1	-	3	2	0	1	4	5	3	3	1	middle	last	1.000	0.333	constitutive	unique	185	170	1
NC_073269.2	54817537	54818314	-1	1	-	NC_073269.2	54817619	54818141	MAMSTR	XM_034946825.2	-	1	2	173	82	2	3	3	3	2	middle	middle	1.000	0.667	constitutive	alternative	102	194	2
NC_073269.2	54817537	54818314	-1	1	-	NC_073269.2	54818039	54818141	MAMSTR	XM_063600478.1	-	1	1	173	502	2	2	3	3	3	middle	middle	1.000	1.000	constitutive	constitutive	102	102	1
NC_073269.2	55280202	55282854	1	1	+	NC_073269.2	55280469	55282851	TRPM4	XM_034944376.3	+	1	3	267	3	3	5	10	1	5	middle	middle	0.100	0.500	unique	alternative	174	163	1
NC_073269.2	55280202	55282854	1	1	+	NC_073269.2	55282762	55282851	TRPM4	XM_034944379.3	+	1	1	2560	3	1	1	10	2	2	first	first	0.200	0.200	alternative	alternative	89	89	2
NC_073269.2	55280202	55282854	1	1	+	NC_073269.2	55280469	55282851	TRPM4	XM_063600486.1	+	1	2	267	3	3	4	10	4	5	middle	middle	0.400	0.500	alternative	alternative	2056	163	4
NC_073269.2	55299313	55299940	2	1	+	NC_073269.2	55299344	55299688	TRPM4	XM_034944376.3	+	2	1	31	252	11	11	10	4	4	middle	middle	0.400	0.400	alternative	alternative	344	344	4
NC_073269.2	55299313	55299940	2	1	+	NC_073269.2	55299368	55299688	TRPM4	XM_034944382.3	+	2	1	55	252	1	1	10	1	1	first	first	0.100	0.100	unique	unique	320	320	1
NC_073269.2	55299313	55299940	2	1	+	NC_073269.2	55299344	55299940	TRPM4	XM_063600488.1	+	2	2	31	0	10	11	10	1	1	middle	last	0.100	0.100	unique	unique	289	96	1
NC_073269.2	55473109	55473424	-1	1	-	NC_073269.2	55473111	55473382	TEAD2	XM_008966938.4	-	1	2	42	2	5	6	20	11	20	middle	middle	0.550	1.000	alternative	constitutive	116	58	11
NC_073269.2	55473109	55473424	-1	1	-	NC_073269.2	55473111	55473382	TEAD2	XM_055103553.2	-	1	2	42	2	5	6	20	8	20	middle	middle	0.400	1.000	alternative	constitutive	107	58	8
NC_073269.2	55473109	55473424	-1	1	-	NC_073269.2	55473111	55473169	TEAD2	XM_055103556.2	-	1	1	255	2	4	4	20	20	20	middle	middle	1.000	1.000	constitutive	constitutive	58	58	1
NC_073269.2	55595829	55596300	1	1	+	NC_073269.2	55596002	55596300	FLT3LG	XM_034944878.3	+	1	2	173	0	6	7	17	6	4	middle	last	0.353	0.235	alternative	alternative	178	44	4
NC_073269.2	55595829	55596300	1	1	+	NC_073269.2	55596002	55596180	FLT3LG	XM_055103166.2	+	1	1	173	120	6	6	17	6	6	middle	middle	0.353	0.353	alternative	alternative	178	178	2
NC_073269.2	5577873	5578590	-2	1	-	NC_073269.2	5577951	5578368	CBARP	XM_003813749.7	-	2	2	222	78	2	3	4	3	3	middle	middle	0.750	0.750	alternative	alternative	139	64	3
NC_073269.2	5577873	5578590	-2	1	-	NC_073269.2	5577951	5578011	CBARP	XM_063600729.1	-	2	1	579	78	1	1	4	1	1	first	first	0.250	0.250	unique	unique	60	60	1
NC_073269.2	5596260	5596998	1	1	+	NC_073269.2	5596387	5596911	MIDN	XM_034951788.3	+	1	2	127	87	4	5	7	2	5	middle	middle	0.286	0.714	alternative	alternative	128	311	2
NC_073269.2	5596260	5596998	1	1	+	NC_073269.2	5596600	5596911	MIDN	XM_034951790.3	+	1	1	340	87	4	4	7	5	5	middle	middle	0.714	0.714	alternative	alternative	311	311	3
NC_073269.2	56298309	56299302	1	1	+	NC_073269.2	56298332	56298430	MYH14	XM_034946507.2	+	1	1	23	872	8	8	8	7	7	middle	middle	0.875	0.875	alternative	alternative	98	98	7
NC_073269.2	56298309	56299302	1	1	+	NC_073269.2	56298559	56298811	MYH14	XM_034946513.3	+	1	1	250	491	1	1	8	1	1	first	first	0.125	0.125	unique	unique	252	252	1
NC_073269.2	5878148	5878634	-3	1	-	NC_073269.2	5878368	5878428	ADAMTSL5	XM_008966521.5	-	3	1	206	220	4	4	12	2	2	middle	middle	0.167	0.167	alternative	alternative	60	60	2
NC_073269.2	5878148	5878634	-3	1	-	NC_073269.2	5878150	5878258	ADAMTSL5	XM_063600737.1	-	3	1	376	2	2	2	12	8	8	middle	middle	0.667	0.667	alternative	alternative	108	108	8
NC_073269.2	5897807	5898248	3	1	+	NC_073269.2	5898137	5898247	PLK5	XM_034951795.3	+	3	1	330	1	11	11	4	1	1	middle	middle	0.250	0.250	unique	unique	110	110	1
NC_073269.2	5897807	5898248	3	1	+	NC_073269.2	5897924	5898053	PLK5	XM_063600748.1	+	3	1	117	195	11	11	4	3	3	middle	middle	0.750	0.750	alternative	alternative	129	129	3
NC_073269.2	60222320	60222998	-3	1	-	NC_073269.2	60222594	60222915	LOC100991256	XM_034946400.3	-	3	2	83	274	10	11	4	2	4	middle	middle	0.500	1.000	alternative	constitutive	37	52	2
NC_073269.2	60222320	60222998	-3	1	-	NC_073269.2	60222594	60222646	LOC100991256	XM_034946402.3	-	3	1	352	274	9	9	4	4	4	middle	middle	1.000	1.000	constitutive	constitutive	52	52	2
NC_073269.2	60649516	60650425	2	1	+	NC_073269.2	60649596	60650267	LOC103783591	XM_034946392.3	+	2	2	80	158	7	8	9	9	7	middle	middle	1.000	0.778	constitutive	alternative	302	50	7
NC_073269.2	60649516	60650425	2	1	+	NC_073269.2	60649596	60649898	LOC103783591	XM_034946398.3	+	2	1	80	527	7	7	9	9	9	middle	middle	1.000	1.000	constitutive	constitutive	302	302	2
NC_073269.2	60687228	60687906	1	1	+	NC_073269.2	60687550	60687708	LILRB4	XM_055103195.2	+	1	1	322	198	11	11	8	4	4	middle	middle	0.500	0.500	alternative	alternative	158	158	3
NC_073269.2	60687228	60687906	1	1	+	NC_073269.2	60687553	60687708	LILRB4	XM_055103198.2	+	1	1	325	198	11	11	8	3	3	middle	middle	0.375	0.375	alternative	alternative	155	155	3
NC_073269.2	60687228	60687906	1	1	+	NC_073269.2	60687550	60687906	LILRB4	XM_055103203.2	+	1	2	322	0	11	12	8	4	1	middle	last	0.500	0.125	alternative	unique	158	119	1
NC_073269.2	60687841	60688276	2	1	+	NC_073269.2	60688133	60688276	LILRB4	XM_055103195.2	+	2	1	292	0	12	12	8	7	7	last	last	0.875	0.875	alternative	alternative	143	143	6
NC_073269.2	60687841	60688276	2	1	+	NC_073269.2	60687896	60688276	LILRB4	XM_055103196.2	+	2	2	55	0	11	12	8	1	7	middle	last	0.125	0.875	unique	alternative	158	143	1
NC_073269.2	64553454	64553751	1	1	+	NC_073269.2	64553483	64553589	ZNF544	XM_055103955.2	+	1	1	29	162	6	6	21	3	3	middle	middle	0.143	0.143	alternative	alternative	106	106	3
NC_073269.2	64553454	64553751	1	1	+	NC_073269.2	64553649	64553751	ZNF544	XM_055103958.2	+	1	1	195	0	6	6	21	1	1	last	last	0.048	0.048	unique	unique	102	102	1
NC_073269.2	8148159	8148762	-2	1	-	NC_073269.2	8148208	8148690	APBA3	XM_003819249.6	-	2	2	72	49	6	7	3	3	1	middle	middle	1.000	0.333	constitutive	unique	170	212	1
NC_073269.2	8148159	8148762	-2	1	-	NC_073269.2	8148520	8148690	APBA3	XM_008972620.5	-	2	1	72	361	6	6	3	3	3	middle	middle	1.000	1.000	constitutive	constitutive	170	170	2
NC_073270.2	1147162	1147834	-3	1	-	NC_073270.2	1147616	1147727	LOC117978042	XM_034950962.3	-	3	1	107	454	2	2	6	5	5	middle	middle	0.833	0.833	alternative	alternative	111	111	5
NC_073270.2	1147162	1147834	-3	1	-	NC_073270.2	1147263	1147409	LOC117978042	XM_055104760.2	-	3	1	425	101	3	3	6	1	1	middle	middle	0.167	0.167	unique	unique	146	146	1
NC_073270.2	1507451	1507979	3	1	+	NC_073270.2	1507465	1507586	RBCK1	XM_003821245.6	+	3	1	14	393	5	5	5	2	2	middle	middle	0.400	0.400	alternative	alternative	121	121	2
NC_073270.2	1507451	1507979	3	1	+	NC_073270.2	1507676	1507849	RBCK1	XM_055105027.2	+	3	1	225	130	3	3	5	2	2	middle	middle	0.400	0.400	alternative	alternative	173	173	2
NC_073270.2	26098868	26099291	3	1	+	NC_073270.2	26098984	26099096	ENTPD6	XM_008970337.6	+	3	1	116	195	13	13	27	24	24	middle	middle	0.889	0.889	alternative	alternative	112	112	24
NC_073270.2	26098868	26099291	3	1	+	NC_073270.2	26099278	26099291	ENTPD6	XM_063600927.1	+	3	1	410	0	15	15	27	2	2	last	last	0.074	0.074	alternative	alternative	13	13	2
NC_073270.2	68088444	68089005	1	1	+	NC_073270.2	68088467	68088916	ADRM1	XM_003810820.6	+	1	2	23	89	7	8	3	3	2	middle	middle	1.000	0.667	constitutive	alternative	157	102	2
NC_073270.2	68088444	68089005	1	1	+	NC_073270.2	68088467	68088624	ADRM1	XM_063601134.1	+	1	1	23	381	7	7	3	3	3	middle	middle	1.000	1.000	constitutive	constitutive	157	157	1
NC_073270.2	69500013	69500673	1	1	+	NC_073270.2	69500192	69500425	RTEL1	XM_034952096.3	+	1	1	179	248	31	31	9	3	3	middle	middle	0.333	0.333	alternative	alternative	233	233	3
NC_073270.2	69500013	69500673	1	1	+	NC_073270.2	69500192	69500672	RTEL1	XM_055104575.2	+	1	2	179	1	31	32	9	6	6	middle	middle	0.667	0.667	alternative	alternative	237	155	6
NC_073270.2	69500500	69500833	2	1	+	NC_073270.2	69500517	69500672	RTEL1	XM_034952096.3	+	2	1	17	161	32	32	9	3	3	middle	middle	0.333	0.333	alternative	alternative	155	155	3
NC_073270.2	69500500	69500833	2	1	+	NC_073270.2	69500779	69500833	RTEL1	XM_055104575.2	+	2	1	279	0	33	33	9	6	6	last	last	0.667	0.667	alternative	alternative	54	54	6
NC_073270.2	69500732	69501233	3	1	+	NC_073270.2	69500779	69501101	RTEL1	XM_034952096.3	+	3	1	47	132	33	33	9	2	2	middle	middle	0.222	0.222	alternative	alternative	322	322	2
NC_073270.2	69500732	69501233	3	1	+	NC_073270.2	69500779	69501233	RTEL1	XM_034952098.3	+	3	2	47	0	33	34	9	1	1	middle	last	0.111	0.111	unique	unique	152	4	1
NC_073270.2	69543687	69544416	1	1	+	NC_073270.2	69544176	69544257	LIME1	XM_003809923.6	+	1	1	489	159	2	2	3	3	3	middle	middle	1.000	1.000	constitutive	constitutive	81	81	2
NC_073270.2	69543687	69544416	1	1	+	NC_073270.2	69544176	69544415	LIME1	XM_014343122.4	+	1	2	489	1	3	4	3	3	1	middle	middle	1.000	0.333	constitutive	unique	81	52	1
NC_073270.2	70046486	70046882	3	1	+	NC_073270.2	70046618	70046866	MYT1	XM_034952122.3	+	3	2	132	16	13	14	4	4	3	middle	middle	1.000	0.750	constitutive	alternative	62	68	3
NC_073270.2	70046486	70046882	3	1	+	NC_073270.2	70046618	70046680	MYT1	XM_055104540.2	+	3	1	132	202	13	13	4	4	4	middle	middle	1.000	1.000	constitutive	constitutive	62	62	1
NC_073271.2	38792981	38793410	3	1	+	NC_073271.2	38793043	38793397	PDE9A	XM_003823868.5	+	3	2	62	13	5	6	7	3	6	middle	middle	0.429	0.857	alternative	alternative	179	54	3
NC_073271.2	38792981	38793410	3	1	+	NC_073271.2	38793343	38793397	PDE9A	XM_003823869.5	+	3	1	362	13	5	5	7	6	6	middle	middle	0.857	0.857	alternative	alternative	54	54	3
NC_073272.2	148849888	148850533	2	1	+	NC_073272.2	148850013	148850145	LOC100969417	XM_003804251.7	+	2	1	125	388	3	3	9	6	6	middle	middle	0.667	0.667	alternative	alternative	132	132	2
NC_073272.2	148849888	148850533	2	1	+	NC_073272.2	148850013	148850528	LOC100969417	XM_008974292.6	+	2	2	125	5	3	4	9	6	4	middle	middle	0.667	0.444	alternative	alternative	132	115	4
NC_073272.2	148849888	148850533	2	1	+	NC_073272.2	148850276	148850528	LOC100969417	XM_008974569.5	+	2	1	388	5	1	1	9	3	3	first	first	0.333	0.333	alternative	alternative	252	252	3
NC_073272.2	149060078	149060723	3	1	+	NC_073272.2	149060203	149060718	LOC117974216	XM_034951032.3	+	3	2	125	5	3	4	8	5	4	middle	middle	0.625	0.500	alternative	alternative	132	115	4
NC_073272.2	149060078	149060723	3	1	+	NC_073272.2	149060203	149060335	LOC117974216	XM_034951036.3	+	3	1	125	388	3	3	8	5	5	middle	middle	0.625	0.625	alternative	alternative	132	132	1
NC_073272.2	149060078	149060723	3	1	+	NC_073272.2	149060466	149060718	LOC117974216	XM_034951038.3	+	3	1	388	5	1	1	8	3	3	first	first	0.375	0.375	alternative	alternative	252	252	3
NC_073272.2	149271107	149271752	3	1	+	NC_073272.2	149271232	149271747	LOC129392977	XM_055106153.2	+	3	2	125	5	3	4	8	5	4	middle	middle	0.625	0.500	alternative	alternative	132	115	4
NC_073272.2	149271107	149271752	3	1	+	NC_073272.2	149271232	149271364	LOC129392977	XM_055106157.2	+	3	1	125	388	3	3	8	5	5	middle	middle	0.625	0.625	alternative	alternative	132	132	1
NC_073272.2	149271107	149271752	3	1	+	NC_073272.2	149271495	149271747	LOC129392977	XM_055106158.1	+	3	1	388	5	1	1	8	3	3	first	first	0.375	0.375	alternative	alternative	252	252	3
NC_073272.2	153713163	153713571	-3	1	-	NC_073272.2	153713165	153713424	PNCK	XM_003804843.3	-	3	2	147	2	1	2	8	1	2	first	middle	0.125	0.250	unique	alternative	48	69	1
NC_073272.2	153713163	153713571	-3	1	-	NC_073272.2	153713165	153713232	PNCK	XM_008964208.4	-	3	1	339	2	1	1	8	6	6	first	first	0.750	0.750	alternative	alternative	67	67	6
NC_073272.2	153713163	153713571	-3	1	-	NC_073272.2	153713165	153713234	PNCK	XM_034949950.3	-	3	1	337	2	2	2	8	2	2	middle	middle	0.250	0.250	alternative	alternative	69	69	1
NC_073272.2	153957932	153958670	-1	1	-	NC_073272.2	153958176	153958646	ARHGAP4	XM_003804827.3	-	1	2	24	244	8	9	5	4	5	middle	middle	0.800	1.000	alternative	constitutive	101	191	4
NC_073272.2	153957932	153958670	-1	1	-	NC_073272.2	153958176	153958367	ARHGAP4	XM_008964051.2	-	1	1	303	244	8	8	5	5	5	middle	middle	1.000	1.000	constitutive	constitutive	191	191	1
NC_073272.2	49083566	49084124	-1	1	-	NC_073272.2	49083923	49084049	ZNF41	XM_003812136.7	-	1	1	75	357	2	2	24	5	5	middle	middle	0.208	0.208	alternative	alternative	126	126	5
NC_073272.2	49083566	49084124	-1	1	-	NC_073272.2	49083923	49084089	ZNF41	XM_008964535.6	-	1	1	35	357	2	2	24	8	8	middle	middle	0.333	0.333	alternative	alternative	166	166	8
NC_073272.2	49083566	49084124	-1	1	-	NC_073272.2	49083572	49083608	ZNF41	XM_008964543.6	-	1	1	516	6	1	1	24	5	5	first	first	0.208	0.208	alternative	alternative	36	36	5
NC_073272.2	49083566	49084124	-1	1	-	NC_073272.2	49083923	49084065	ZNF41	XM_024927304.4	-	1	1	59	357	2	2	24	6	6	middle	middle	0.250	0.250	alternative	alternative	142	142	6
NC_073272.2	50002933	50003467	2	1	+	NC_073272.2	50003047	50003432	PORCN	XM_014343442.4	+	2	2	114	35	8	9	9	8	9	middle	middle	0.889	1.000	alternative	constitutive	125	100	8
NC_073272.2	50002933	50003467	2	1	+	NC_073272.2	50003332	50003432	PORCN	XM_063601621.1	+	2	1	399	35	7	7	9	9	9	middle	middle	1.000	1.000	constitutive	constitutive	100	100	1
NC_073272.2	50656342	50657140	2	1	+	NC_073272.2	50656469	50656967	MAGIX	XM_055106869.3	+	2	2	127	173	3	4	5	2	5	middle	middle	0.400	1.000	alternative	constitutive	227	171	2
NC_073272.2	50656342	50657140	2	1	+	NC_073272.2	50656367	50656967	MAGIX	XM_055106871.2	+	2	2	25	173	1	2	5	1	5	first	middle	0.200	1.000	unique	constitutive	329	171	1
NC_073272.2	50656342	50657140	2	1	+	NC_073272.2	50656796	50656967	MAGIX	XM_055106872.3	+	2	1	454	173	3	3	5	5	5	middle	middle	1.000	1.000	constitutive	constitutive	171	171	2
NC_085926.1	192556905	192557667	-1	1	-	NC_085926.1	192557372	192557535	TMEM44	XM_034957923.3	-	1	1	132	467	1	1	9	4	4	first	first	0.444	0.444	alternative	alternative	163	163	4
NC_085926.1	192556905	192557667	-1	1	-	NC_085926.1	192556907	192557043	TMEM44	XM_034957926.3	-	1	1	624	2	1	1	9	4	4	first	first	0.444	0.444	alternative	alternative	136	136	4
NC_085926.1	40442315	40442912	3	1	+	NC_085926.1	40442364	40442850	ZNF619	XM_055109699.3	+	3	2	49	62	2	3	4	2	1	middle	middle	0.500	0.250	alternative	unique	153	119	1
NC_085926.1	40442315	40442912	3	1	+	NC_085926.1	40442364	40442517	ZNF619	XM_063602746.1	+	3	1	49	395	2	2	4	2	2	middle	middle	0.500	0.500	alternative	alternative	153	153	1
NC_085926.1	48380277	48380649	-1	1	-	NC_085926.1	48380575	48380649	PLXNB1	XM_003818407.7	-	1	1	0	298	35	35	7	6	6	middle	middle	0.857	0.857	alternative	alternative	74	74	5
NC_085926.1	48380277	48380649	-1	1	-	NC_085926.1	48380278	48380649	PLXNB1	XM_063602307.1	-	1	2	0	1	35	36	7	6	1	middle	last	0.857	0.143	alternative	unique	74	83	1
NC_085926.1	48546988	48547222	-3	1	-	NC_085926.1	48547052	48547210	COL7A1	XM_008971712.4	-	3	2	12	64	88	89	4	3	4	middle	middle	0.750	1.000	alternative	constitutive	35	41	3
NC_085926.1	48546988	48547222	-3	1	-	NC_085926.1	48547052	48547093	COL7A1	XM_034956378.3	-	3	1	129	64	88	88	4	4	4	middle	middle	1.000	1.000	constitutive	constitutive	41	41	1
NC_085926.1	49672097	49672418	-2	1	-	NC_085926.1	49672099	49672219	MST1	XM_034956472.2	-	2	1	199	2	13	13	3	2	2	middle	middle	0.667	0.667	alternative	alternative	120	120	2
NC_085926.1	49672097	49672418	-2	1	-	NC_085926.1	49672308	49672343	MST1	XM_055109962.2	-	2	1	75	211	12	12	3	1	1	middle	middle	0.333	0.333	unique	unique	35	35	1
NC_085926.1	9921848	9922295	3	1	+	NC_085926.1	9922171	9922245	IL17RC	XM_003808909.4	+	3	1	323	50	4	4	50	45	45	middle	middle	0.900	0.900	alternative	alternative	74	74	45
NC_085926.1	9921848	9922295	3	1	+	NC_085926.1	9921909	9921911	IL17RC	XM_034955744.3	+	3	1	61	384	1	1	50	1	1	first	first	0.020	0.020	unique	unique	2	2	1
NC_085926.1	9932128	9932563	2	1	+	NC_085926.1	9932148	9932473	IL17RC	XM_003808909.4	+	2	2	20	90	11	12	50	50	33	middle	middle	1.000	0.660	constitutive	alternative	181	50	33
NC_085926.1	9932128	9932563	2	1	+	NC_085926.1	9932148	9932329	IL17RC	XM_003808910.4	+	2	1	20	234	11	11	50	50	50	middle	middle	1.000	1.000	constitutive	constitutive	181	181	17
NC_085927.1	28799211	28800117	-3	1	-	NC_085927.1	28799461	28799975	SLC25A1	XM_003814041.6	-	3	2	142	250	2	4	3	1	2	middle	middle	0.333	0.667	unique	alternative	107	138	1
NC_085927.1	28799211	28800117	-3	1	-	NC_085927.1	28799461	28799592	SLC25A1	XM_003814042.6	-	3	1	525	250	1	1	3	1	1	first	first	0.333	0.333	unique	unique	131	131	1
NC_085927.1	28799211	28800117	-3	1	-	NC_085927.1	28799461	28800090	SLC25A1	XM_008966638.4	-	3	2	27	250	1	3	3	1	2	first	middle	0.333	0.667	unique	alternative	222	138	1
NC_085927.1	30729762	30730662	1	1	+	NC_085927.1	30730044	30730185	P2RX6	XM_003806890.5	+	1	1	282	477	7	7	9	8	8	middle	middle	0.889	0.889	alternative	alternative	141	141	8
NC_085927.1	30729762	30730662	1	1	+	NC_085927.1	30730044	30730387	P2RX6	XM_055105830.2	+	1	2	282	275	7	8	9	1	1	middle	middle	0.111	0.111	unique	unique	152	109	1
NC_085927.1	33496086	33496548	1	1	+	NC_085927.1	33496258	33496332	C23H22orf15	XM_008962141.5	+	1	1	172	216	4	4	20	8	8	middle	middle	0.400	0.400	alternative	alternative	74	74	8
NC_085927.1	33496086	33496548	1	1	+	NC_085927.1	33496412	33496521	C23H22orf15	XM_008962151.5	+	1	1	326	27	5	5	20	10	10	middle	middle	0.500	0.500	alternative	alternative	109	109	10
NC_085927.1	33496086	33496548	1	1	+	NC_085927.1	33496412	33496548	C23H22orf15	XM_063603097.1	+	1	1	326	0	5	5	20	2	2	last	last	0.100	0.100	alternative	alternative	136	136	2
NC_085927.1	39217671	39218061	1	1	+	NC_085927.1	39217786	39217998	EMID1	XM_014343278.4	+	1	2	115	63	12	13	8	6	8	middle	middle	0.750	1.000	alternative	constitutive	62	44	6
NC_085927.1	39217671	39218061	1	1	+	NC_085927.1	39217954	39217998	EMID1	XM_034948879.3	+	1	1	283	63	12	12	8	8	8	middle	middle	1.000	1.000	constitutive	constitutive	44	44	2
NC_085927.1	41088942	41089320	1	1	+	NC_085927.1	41088979	41089287	INPP5J	XM_034949090.3	+	1	2	37	33	11	12	2	1	2	middle	middle	0.500	1.000	unique	constitutive	77	104	1
NC_085927.1	41088942	41089320	1	1	+	NC_085927.1	41089183	41089287	INPP5J	XM_055105768.2	+	1	1	241	33	11	11	2	2	2	middle	middle	1.000	1.000	constitutive	constitutive	104	104	1
NC_085927.1	47469256	47469904	2	1	+	NC_085927.1	47469398	47469440	GGA1	XM_008975042.5	+	2	1	142	464	1	1	9	2	2	first	first	0.222	0.222	alternative	alternative	42	42	2
NC_085927.1	47469256	47469904	2	1	+	NC_085927.1	47469608	47469899	GGA1	XM_055105657.2	+	2	1	352	5	1	1	9	1	1	first	first	0.111	0.111	unique	unique	291	291	1
NC_085927.1	48127657	48128485	-2	1	-	NC_085927.1	48127770	48127810	TMEM184B	XM_034948887.3	-	2	1	675	113	1	1	11	1	1	first	first	0.091	0.091	unique	unique	40	40	1
NC_085927.1	48127657	48128485	-2	1	-	NC_085927.1	48128126	48128269	TMEM184B	XM_055105702.2	-	2	1	216	469	1	1	11	3	3	first	first	0.273	0.273	alternative	alternative	143	143	3
NC_085927.1	48149389	48149884	-2	1	-	NC_085927.1	48149665	48149857	CSNK1E	XM_034948832.3	-	2	1	27	276	7	7	15	5	5	middle	middle	0.333	0.333	alternative	alternative	192	192	5
NC_085927.1	48149389	48149884	-2	1	-	NC_085927.1	48149434	48149573	CSNK1E	XM_063603292.1	-	2	1	311	45	9	9	15	4	4	middle	middle	0.267	0.267	alternative	alternative	139	139	4
NC_085927.1	60411768	60412005	1	1	+	NC_085927.1	60411798	60411865	MIOX	XM_003811021.6	+	1	1	30	140	7	7	3	2	2	middle	middle	0.667	0.667	alternative	alternative	67	67	2
NC_085927.1	60411768	60412005	1	1	+	NC_085927.1	60411991	60412005	MIOX	XM_063603201.1	+	1	1	223	0	7	7	3	1	1	last	last	0.333	0.333	unique	unique	14	14	1
NC_085927.1	60412101	60412416	1	1	+	NC_085927.1	60412126	60412238	MIOX	XM_003811021.6	+	1	1	25	178	9	9	3	1	1	middle	middle	0.333	0.333	unique	unique	112	112	1
NC_085927.1	60412101	60412416	1	1	+	NC_085927.1	60412342	60412416	MIOX	XM_063603200.1	+	1	1	241	0	9	9	3	1	1	last	last	0.333	0.333	unique	unique	74	74	1
