chr	start	end	frame	filler	strand	chr	first_exon_start	last_exon_end	gene	transcript	exon_strand	exon_frame	exon_count	upstream_len_in_scfr	downstream_len_in_scfr	first_exon_number	last_exon_number	gene_tx_count	first_exon_tx_count	last_exon_tx_count	first_exon_order	last_exon_order	first_exon_sharing	last_exon_sharing	first_exon_splicing	last_exon_splicing	first_exon_overlap	last_exon_overlap	merged_txs
NC_072373.2	108846070	108847207	-3	1	-	NC_072373.2	108846200	108847018	NUDT17	XM_054453047.2	-	3	2	189	130	1	2	3	2	3	first	middle	0.667	1.000	alternative	constitutive	555	25	2
NC_072373.2	108846070	108847207	-3	1	-	NC_072373.2	108846200	108847018	NUDT17	XM_054453057.1	-	3	3	189	130	1	3	3	1	3	first	middle	0.333	1.000	unique	constitutive	191	25	1
NC_072373.2	117015814	117016465	2	1	+	NC_072373.2	117015841	117016464	PPM1J	XM_054465830.1	+	2	3	27	1	7	9	1	1	1	middle	middle	1.000	1.000	constitutive	constitutive	63	151	1
NC_072373.2	120047955	120048258	-1	1	-	NC_072373.2	120048010	120048250	GSTM2	XM_054471504.2	-	1	2	8	55	7	8	1	1	1	middle	middle	1.000	1.000	constitutive	constitutive	39	110	1
NC_072373.2	120060440	120061028	-2	1	-	NC_072373.2	120060603	120060899	GSTM4	XM_054471644.2	-	2	2	129	163	6	7	1	1	1	middle	middle	1.000	1.000	constitutive	constitutive	95	110	1
NC_072373.2	120449249	120449882	-2	1	-	NC_072373.2	120449360	120449863	CELSR2	XM_054494619.1	-	2	2	19	111	31	32	4	4	4	middle	middle	1.000	1.000	constitutive	constitutive	194	170	4
NC_072373.2	120450944	120451415	-2	1	-	NC_072373.2	120450975	120451311	CELSR2	XM_054494619.1	-	2	2	104	31	27	28	4	4	4	middle	middle	1.000	1.000	constitutive	constitutive	126	122	4
NC_072373.2	130135845	130136289	-1	1	-	NC_072373.2	130135857	130136256	AGL	XM_054475086.1	-	1	2	33	12	15	16	3	3	3	middle	middle	1.000	1.000	constitutive	constitutive	155	150	3
NC_072373.2	159193541	159193835	3	1	+	NC_072373.2	159193574	159193825	ZRANB2	XM_054482772.2	+	3	2	33	10	2	3	2	2	2	middle	middle	1.000	1.000	constitutive	constitutive	52	108	2
NC_072373.2	175607995	175608802	-3	1	-	NC_072373.2	175608188	175608673	CIMAP2	XM_054486118.2	-	3	2	129	193	3	4	7	7	7	middle	middle	1.000	1.000	constitutive	constitutive	164	122	7
NC_072373.2	175629862	175630627	2	1	+	NC_072373.2	175629863	175630253	TTC22	XM_054486067.1	+	2	2	1	374	2	3	2	2	2	middle	middle	1.000	1.000	constitutive	constitutive	55	115	2
NC_072373.2	176164762	176165224	2	1	+	NC_072373.2	176164871	176165116	SSBP3	XM_054486850.2	+	2	2	109	108	8	9	4	4	4	middle	middle	1.000	1.000	constitutive	constitutive	66	76	4
NC_072373.2	176186093	176186972	3	1	+	NC_072373.2	176186163	176186732	SSBP3	XM_054486850.2	+	3	2	70	240	15	17	4	4	4	middle	middle	1.000	1.000	constitutive	constitutive	78	101	4
NC_072373.2	184090265	184090928	-2	1	-	NC_072373.2	184090356	184090710	LOC129037329	XM_054489320.2	-	2	2	218	91	6	7	5	3	5	middle	middle	0.600	1.000	alternative	constitutive	61	124	3
NC_072373.2	184090265	184090928	-2	1	-	NC_072373.2	184090356	184090689	LOC129037329	XM_054489327.2	-	2	2	239	91	6	7	5	2	5	middle	middle	0.400	1.000	alternative	constitutive	40	124	2
NC_072373.2	184298110	184298416	2	1	+	NC_072373.2	184298111	184298380	POMGNT1	XM_054489550.1	+	2	2	1	36	4	5	2	2	2	middle	middle	1.000	1.000	constitutive	constitutive	65	113	2
NC_072373.2	184299211	184299823	2	1	+	NC_072373.2	184299233	184299641	POMGNT1	XM_054489550.1	+	2	2	22	182	6	7	2	2	2	middle	middle	1.000	1.000	constitutive	constitutive	117	98	2
NC_072373.2	184308898	184309327	-3	1	-	NC_072373.2	184308908	184309255	TSPAN1	XM_054489775.2	-	3	2	72	10	8	9	3	3	3	middle	middle	1.000	1.000	constitutive	constitutive	155	83	3
NC_072373.2	185150200	185150479	-3	1	-	NC_072373.2	185150202	185150472	TOE1	XM_054490264.2	-	3	2	7	2	2	3	3	2	3	middle	middle	0.667	1.000	alternative	constitutive	142	40	2
NC_072373.2	185150200	185150479	-3	1	-	NC_072373.2	185150202	185150386	TOE1	XM_063665376.1	-	3	2	93	2	1	2	3	1	3	first	middle	0.333	1.000	unique	constitutive	56	40	1
NC_072373.2	185702548	185703355	2	1	+	NC_072373.2	185702676	185703298	BEST4	XM_054490554.2	+	2	2	128	57	3	4	1	1	1	middle	middle	1.000	1.000	constitutive	constitutive	233	154	1
NC_072373.2	185704386	185705163	1	1	+	NC_072373.2	185704387	185705163	BEST4	XM_054490554.2	+	1	2	1	0	7	9	1	1	1	middle	last	1.000	1.000	constitutive	constitutive	80	270	1
NC_072373.2	185726247	185726634	-1	1	-	NC_072373.2	185726275	185726587	KIF2C	XM_054490567.2	-	1	2	47	28	18	19	8	8	8	middle	middle	1.000	1.000	constitutive	constitutive	105	113	8
NC_072373.2	186509850	186510396	-1	1	-	NC_072373.2	186509852	186510279	CCDC24	XM_054490993.2	-	1	2	117	2	2	3	14	6	14	middle	middle	0.429	1.000	alternative	constitutive	175	116	6
NC_072373.2	186509850	186510396	-1	1	-	NC_072373.2	186509852	186510338	CCDC24	XM_054491029.2	-	1	2	58	2	2	3	14	1	14	middle	middle	0.071	1.000	unique	constitutive	234	116	1
NC_072373.2	186509850	186510396	-1	1	-	NC_072373.2	186509852	186510171	CCDC24	XM_054491038.2	-	1	2	225	2	2	3	14	5	14	middle	middle	0.357	1.000	alternative	constitutive	67	116	5
NC_072373.2	186509850	186510396	-1	1	-	NC_072373.2	186509852	186510273	CCDC24	XM_054491061.2	-	1	2	123	2	1	2	14	2	14	first	middle	0.143	1.000	alternative	constitutive	169	116	2
NC_072373.2	186535437	186535803	-1	1	-	NC_072373.2	186535486	186535781	IPO13	XM_054436934.2	-	1	2	22	49	18	19	2	2	2	middle	middle	1.000	1.000	constitutive	constitutive	58	89	2
NC_072373.2	187058615	187059050	-2	1	-	NC_072373.2	187058664	187058953	SZT2	XM_054491540.2	-	2	2	97	49	60	61	9	9	9	middle	middle	1.000	1.000	constitutive	constitutive	79	125	9
NC_072373.2	187060473	187060989	-1	1	-	NC_072373.2	187060539	187060926	SZT2	XM_054491540.2	-	1	2	63	66	53	54	9	9	9	middle	middle	1.000	1.000	constitutive	constitutive	166	97	9
NC_072373.2	187062631	187063516	-3	1	-	NC_072373.2	187062697	187063437	SZT2	XM_054491540.2	-	3	3	79	66	47	49	9	9	9	middle	middle	1.000	1.000	constitutive	constitutive	118	84	9
NC_072373.2	187155287	187155911	-2	1	-	NC_072373.2	187155393	187155882	MPL	XM_054491672.2	-	2	2	29	106	7	8	1	1	1	middle	middle	1.000	1.000	constitutive	constitutive	184	142	1
NC_072373.2	187164059	187164467	-2	1	-	NC_072373.2	187164061	187164443	MPL	XM_054491672.2	-	2	2	24	2	1	2	1	1	1	first	middle	1.000	1.000	constitutive	constitutive	78	132	1
NC_072373.2	190383619	190383841	2	1	+	NC_072373.2	190383650	190383832	COL9A2	XM_054493171.2	+	2	2	31	9	3	4	3	2	2	middle	middle	0.667	0.667	alternative	alternative	35	62	2
NC_072373.2	190386286	190386661	2	1	+	NC_072373.2	190386341	190386556	COL9A2	XM_054493171.2	+	2	2	55	105	9	10	3	3	3	middle	middle	1.000	1.000	constitutive	constitutive	53	47	3
NC_072373.2	190393513	190393909	2	1	+	NC_072373.2	190393541	190393750	COL9A2	XM_054493171.2	+	2	2	28	159	23	24	3	3	3	middle	middle	1.000	1.000	constitutive	constitutive	53	71	3
NC_072373.2	192990474	192990921	1	1	+	NC_072373.2	192990501	192990832	EPHA10	XM_054453990.1	+	1	2	27	89	9	10	1	1	1	middle	middle	1.000	1.000	constitutive	constitutive	61	125	1
NC_072373.2	194411597	194412968	-2	1	-	NC_072373.2	194411610	194412952	SH3D21	XM_054495806.2	-	2	2	16	13	13	14	5	5	3	middle	middle	1.000	0.600	constitutive	alternative	94	1109	3
NC_072373.2	194411597	194412968	-2	1	-	NC_072373.2	194411599	194412952	SH3D21	XM_054495817.2	-	2	2	16	2	13	14	5	5	2	middle	middle	1.000	0.400	constitutive	alternative	94	1120	2
NC_072373.2	194551898	194552843	-2	1	-	NC_072373.2	194551899	194552488	MAP7D1	XM_054495870.2	-	2	3	355	1	15	17	12	12	12	middle	last	1.000	1.000	constitutive	constitutive	90	7	12
NC_072373.2	197864968	197865589	-3	1	-	NC_072373.2	197864969	197865304	HPCA	XM_054464225.2	-	3	2	285	1	2	3	2	2	2	middle	last	1.000	1.000	constitutive	constitutive	105	94	2
NC_072373.2	197984766	197987598	-1	1	-	NC_072373.2	197984802	197987570	NHSL3	XM_054464247.2	-	1	2	28	36	5	6	3	3	3	middle	middle	1.000	1.000	constitutive	constitutive	113	2561	3
NC_072373.2	198547178	198547814	-2	1	-	NC_072373.2	198547230	198547533	DCDC2B	XM_054464877.2	-	2	2	281	52	5	6	1	1	1	middle	middle	1.000	1.000	constitutive	constitutive	146	39	1
NC_072373.2	198967668	198968259	1	1	+	NC_072373.2	198967834	198968167	SPOCD1	XM_054465107.2	+	1	2	166	92	4	5	7	6	6	middle	middle	0.857	0.857	alternative	alternative	125	54	6
NC_072373.2	199026207	199026819	1	1	+	NC_072373.2	199026296	199026648	ADGRB2	XM_054465151.2	+	1	2	89	171	7	8	13	13	13	middle	middle	1.000	1.000	constitutive	constitutive	101	106	13
NC_072373.2	199027459	199028170	2	1	+	NC_072373.2	199027484	199028099	ADGRB2	XM_054465151.2	+	2	3	25	71	9	11	13	13	13	middle	middle	1.000	1.000	constitutive	constitutive	194	108	13
NC_072373.2	199183084	199183606	-3	1	-	NC_072373.2	199183127	199183581	TINAGL1	XM_054465366.1	-	3	2	25	43	6	7	4	4	4	middle	middle	1.000	1.000	constitutive	constitutive	150	189	4
NC_072373.2	202586225	202586783	-2	1	-	NC_072373.2	202586247	202586756	SESN2	XM_054498201.2	-	2	2	27	22	4	5	1	1	1	middle	middle	1.000	1.000	constitutive	constitutive	182	212	1
NC_072373.2	202620629	202620932	-2	1	-	NC_072373.2	202620631	202620899	ATP5IF1	XM_054498226.2	-	2	2	33	2	1	2	1	1	1	first	middle	1.000	1.000	constitutive	constitutive	86	91	1
NC_072373.2	202900546	202901059	-3	1	-	NC_072373.2	202900661	202901059	SMPDL3B	XM_054498326.1	-	3	2	0	115	6	7	1	1	1	middle	middle	1.000	1.000	constitutive	constitutive	180	133	1
NC_072373.2	203500672	203501134	2	1	+	NC_072373.2	203500703	203501133	MAP3K6	XM_054498751.2	+	2	2	31	1	20	21	4	4	4	middle	middle	1.000	1.000	constitutive	constitutive	192	138	4
NC_072373.2	203509296	203509890	-1	1	-	NC_072373.2	203509477	203509844	SYTL1	XM_054498798.1	-	1	2	46	181	6	7	2	2	2	middle	middle	1.000	1.000	constitutive	constitutive	100	113	2
NC_072373.2	204507965	204511214	3	1	+	NC_072373.2	204507992	204511100	CRYBG2	XM_054499293.1	+	3	2	27	114	2	3	1	1	1	middle	middle	1.000	1.000	constitutive	constitutive	99	2939	1
NC_072373.2	204667827	204668253	-1	1	-	NC_072373.2	204667908	204668162	CNKSR1	XM_054447983.2	-	1	2	91	81	18	19	4	4	4	middle	middle	1.000	1.000	constitutive	constitutive	61	99	4
NC_072373.2	204672444	204672966	-1	1	-	NC_072373.2	204672446	204672852	CNKSR1	XM_054447983.2	-	1	2	114	2	9	10	4	4	4	middle	middle	1.000	1.000	constitutive	constitutive	101	70	4
NC_072373.2	204690373	204690826	2	1	+	NC_072373.2	204690446	204690738	C1H1orf232	XM_054463037.1	+	2	2	73	88	2	3	1	1	1	middle	middle	1.000	1.000	constitutive	constitutive	83	97	1
NC_072373.2	205049425	205049881	-3	1	-	NC_072373.2	205049579	205049877	SELENON	XM_054499764.2	-	3	2	4	154	10	11	2	2	2	middle	middle	1.000	1.000	constitutive	constitutive	112	101	2
NC_072373.2	207347481	207348198	1	1	+	NC_072373.2	207347498	207348106	ASAP3	XM_054500830.2	+	1	3	17	92	20	22	5	5	5	middle	middle	1.000	1.000	constitutive	constitutive	67	195	5
NC_072373.2	208199597	208200125	-2	1	-	NC_072373.2	208199623	208200050	EPHA8	XM_054456392.2	-	2	2	75	26	12	13	2	2	2	middle	middle	1.000	1.000	constitutive	constitutive	149	190	2
NC_072373.2	209008015	209008633	2	1	+	NC_072373.2	209008139	209008543	HSPG2	XM_054502323.2	+	2	2	124	90	60	61	4	4	4	middle	middle	1.000	1.000	constitutive	constitutive	135	151	4
NC_072373.2	209024725	209025331	2	1	+	NC_072373.2	209024843	209025190	HSPG2	XM_054502323.2	+	2	2	118	141	83	84	4	4	4	middle	middle	1.000	1.000	constitutive	constitutive	99	109	4
NC_072373.2	209027795	209028482	3	1	+	NC_072373.2	209027979	209028375	HSPG2	XM_054502323.2	+	3	2	184	107	89	90	4	4	4	middle	middle	1.000	1.000	constitutive	constitutive	171	122	4
NC_072373.2	209031551	209032082	3	1	+	NC_072373.2	209031773	209032081	HSPG2	XM_054502323.2	+	3	2	222	1	93	94	4	4	2	middle	middle	1.000	0.500	constitutive	alternative	78	70	2
NC_072373.2	209031551	209032082	3	1	+	NC_072373.2	209031773	209032081	HSPG2	XM_063658800.1	+	3	2	222	1	93	94	4	4	2	middle	middle	1.000	0.500	constitutive	alternative	78	106	2
NC_072373.2	210127639	210128182	2	1	+	NC_072373.2	210127842	210128181	DDOST	XM_054503002.2	+	2	2	203	1	4	5	2	2	2	middle	middle	1.000	1.000	constitutive	constitutive	103	94	2
NC_072373.2	210130629	210131235	1	1	+	NC_072373.2	210130648	210131235	DDOST	XM_054503002.2	+	1	3	19	0	9	11	2	2	2	middle	last	1.000	1.000	constitutive	constitutive	120	146	2
NC_072373.2	211509226	211509826	2	1	+	NC_072373.2	211509273	211509757	LOC129045240	XM_054503704.2	+	2	2	47	69	2	3	1	1	1	middle	middle	1.000	1.000	constitutive	constitutive	187	104	1
NC_072373.2	211530503	211531100	3	1	+	NC_072373.2	211530547	211531031	LOC129045242	XM_054503719.2	+	3	2	44	69	2	3	1	1	1	middle	middle	1.000	1.000	constitutive	constitutive	187	104	1
NC_072373.2	211545898	211546540	2	1	+	NC_072373.2	211545987	211546471	LOC129045249	XM_054503732.2	+	2	2	89	69	2	3	3	3	3	middle	middle	1.000	1.000	constitutive	constitutive	187	104	3
NC_072373.2	21154987	21155593	-3	1	-	NC_072373.2	21155032	21155508	OBSCN	XM_054467038.2	-	3	2	85	45	108	109	2	2	2	middle	middle	1.000	1.000	constitutive	constitutive	122	170	2
NC_072373.2	211617714	211618179	1	1	+	NC_072373.2	211617745	211618131	UBR4	XM_054503754.2	+	1	2	31	48	4	5	13	13	13	middle	middle	1.000	1.000	constitutive	constitutive	129	139	13
NC_072373.2	21162252	21162891	-1	1	-	NC_072373.2	21162254	21162813	OBSCN	XM_054467038.2	-	1	2	78	2	98	99	2	2	2	middle	middle	1.000	1.000	constitutive	constitutive	77	172	2
NC_072373.2	21163963	21165208	-3	1	-	NC_072373.2	21163983	21165084	OBSCN	XM_054467038.2	-	3	3	124	20	93	96	2	2	2	middle	middle	1.000	1.000	constitutive	constitutive	112	200	2
NC_072373.2	21194482	21195130	-3	1	-	NC_072373.2	21194591	21194970	OBSCN	XM_054467038.2	-	3	2	160	109	75	76	2	2	2	middle	middle	1.000	1.000	constitutive	constitutive	122	139	2
NC_072373.2	21254193	21254826	-1	1	-	NC_072373.2	21254286	21254639	OBSCN	XM_054467038.2	-	1	2	187	93	28	29	2	2	2	middle	middle	1.000	1.000	constitutive	constitutive	161	104	2
NC_072373.2	21257790	21258537	-1	1	-	NC_072373.2	21257796	21258461	OBSCN	XM_054467038.2	-	1	2	76	6	21	22	2	2	2	middle	middle	1.000	1.000	constitutive	constitutive	278	266	2
NC_072373.2	213841216	213841606	2	1	+	NC_072373.2	213841241	213841529	ATP13A2	XM_054436093.2	+	2	2	25	77	9	10	7	6	7	middle	middle	0.857	1.000	alternative	constitutive	134	66	6
NC_072373.2	213841216	213841606	2	1	+	NC_072373.2	213841268	213841529	ATP13A2	XM_054436122.2	+	2	2	52	77	9	10	7	1	7	middle	middle	0.143	1.000	unique	constitutive	107	66	1
NC_072373.2	213845125	213845881	2	1	+	NC_072373.2	213845247	213845767	ATP13A2	XM_054436093.2	+	2	2	122	114	13	15	7	7	7	middle	middle	1.000	1.000	constitutive	constitutive	110	188	7
NC_072373.2	213851417	213852266	3	1	+	NC_072373.2	213851425	213851825	ATP13A2	XM_054436093.2	+	3	2	8	441	21	22	7	7	7	middle	middle	1.000	1.000	constitutive	constitutive	160	116	7
NC_072373.2	21434626	21435046	2	1	+	NC_072373.2	21434650	21435028	C1H1orf35	XM_054467284.2	+	2	2	24	18	3	5	1	1	1	middle	middle	1.000	1.000	constitutive	constitutive	45	72	1
NC_072373.2	215085991	215086972	2	1	+	NC_072373.2	215086085	215086624	ZBTB17	XM_054436860.2	+	2	2	94	348	6	7	2	2	2	middle	middle	1.000	1.000	constitutive	constitutive	142	300	2
NC_072373.2	215088465	215088963	1	1	+	NC_072373.2	215088494	215088963	ZBTB17	XM_054436860.2	+	1	2	29	0	13	14	2	1	2	middle	last	0.500	1.000	unique	constitutive	110	280	1
NC_072373.2	215088465	215088963	1	1	+	NC_072373.2	215088515	215088963	ZBTB17	XM_063659255.1	+	1	2	50	0	13	14	2	1	2	middle	last	0.500	1.000	unique	constitutive	89	280	1
NC_072373.2	215298415	215299429	-3	1	-	NC_072373.2	215298560	215299226	PLEKHM2	XM_054437210.2	-	3	2	203	145	17	18	3	3	3	middle	middle	1.000	1.000	constitutive	constitutive	159	179	3
NC_072373.2	219539507	219540038	3	1	+	NC_072373.2	219539709	219539957	MAD2L2	XM_054439222.2	+	3	2	202	81	1	2	2	2	2	first	middle	1.000	1.000	constitutive	constitutive	39	118	2
NC_072373.2	220165105	220166506	2	1	+	NC_072373.2	220165631	220166344	SRM	XM_054439715.2	+	2	2	526	162	1	2	1	1	1	first	middle	1.000	1.000	constitutive	constitutive	166	120	1
NC_072373.2	220169323	220170040	2	1	+	NC_072373.2	220169499	220169827	SRM	XM_054439715.2	+	2	2	176	213	5	6	1	1	1	middle	middle	1.000	1.000	constitutive	constitutive	83	145	1
NC_072373.2	220777854	220778181	-1	1	-	NC_072373.2	220777924	220778157	CORT	XM_054440033.2	-	1	2	24	70	1	3	1	1	1	first	middle	1.000	1.000	constitutive	constitutive	11	133	1
NC_072373.2	222202627	222203197	2	1	+	NC_072373.2	222202628	222203126	SLC2A5	XM_054440615.2	+	2	2	1	71	9	10	7	7	7	middle	middle	1.000	1.000	constitutive	constitutive	101	75	7
NC_072373.2	224627926	224628421	-3	1	-	NC_072373.2	224627932	224628317	ZBTB48	XM_054441342.2	-	3	2	104	6	7	8	8	8	8	middle	middle	1.000	1.000	constitutive	constitutive	136	164	8
NC_072373.2	224628482	224629367	-2	1	-	NC_072373.2	224628742	224629202	ZBTB48	XM_054441342.2	-	2	2	165	260	5	6	8	8	8	middle	middle	1.000	1.000	constitutive	constitutive	86	154	8
NC_072373.2	224743362	224744004	1	1	+	NC_072373.2	224743573	224743893	PLEKHG5	XM_054441524.2	+	1	2	211	111	12	13	10	10	10	middle	middle	1.000	1.000	constitutive	constitutive	50	149	10
NC_072373.2	224744124	224744961	1	1	+	NC_072373.2	224744284	224744649	PLEKHG5	XM_054441524.2	+	1	2	160	312	14	15	10	10	10	middle	middle	1.000	1.000	constitutive	constitutive	110	149	10
NC_072373.2	224752375	224752744	2	1	+	NC_072373.2	224752432	224752694	TNFRSF25	XM_054441598.2	+	2	2	57	50	6	7	1	1	1	middle	middle	1.000	1.000	constitutive	constitutive	55	107	1
NC_072373.2	224763345	224764314	-1	1	-	NC_072373.2	224763553	224764046	ESPN	XM_054441444.2	-	1	2	268	208	11	12	8	8	8	middle	middle	1.000	1.000	constitutive	constitutive	145	263	8
NC_072373.2	224774683	224775397	-3	1	-	NC_072373.2	224774825	224775359	ESPN	XM_054441444.2	-	3	2	38	142	3	4	8	6	5	middle	middle	0.750	0.625	alternative	alternative	186	182	5
NC_072373.2	224774683	224775397	-3	1	-	NC_072373.2	224774825	224775359	ESPN	XM_054441462.1	-	3	2	38	142	3	4	8	6	1	middle	middle	0.750	0.125	alternative	unique	186	149	1
NC_072373.2	225088675	225089587	2	1	+	NC_072373.2	225088736	225089306	CHD5	XM_054441784.1	+	2	2	61	281	23	24	4	4	4	middle	middle	1.000	1.000	constitutive	constitutive	231	110	4
NC_072373.2	225096045	225096750	1	1	+	NC_072373.2	225096143	225096610	CHD5	XM_054441784.1	+	1	2	98	140	32	33	4	2	2	middle	middle	0.500	0.500	alternative	alternative	79	132	2
NC_072373.2	227475544	227476447	-3	1	-	NC_072373.2	227475578	227476297	CCDC27	XM_054442913.1	-	3	2	150	34	7	8	8	8	8	middle	middle	1.000	1.000	constitutive	constitutive	357	130	8
NC_072373.2	228534198	228535020	-1	1	-	NC_072373.2	228534306	228534978	PRXL2B	XM_054441047.2	-	1	2	42	108	2	4	1	1	1	middle	middle	1.000	1.000	constitutive	constitutive	212	204	1
NC_072373.2	228623180	228624029	-2	1	-	NC_072373.2	228623537	228623842	PLCH2	XM_054443784.2	-	2	2	187	357	17	18	1	1	1	middle	middle	1.000	1.000	constitutive	constitutive	124	84	1
NC_072373.2	229085501	229086251	-2	1	-	NC_072373.2	229085502	229086229	GABRD	XM_054444296.2	-	2	2	22	1	8	9	1	1	1	middle	last	1.000	1.000	constitutive	constitutive	211	296	1
NC_072373.2	229188223	229188727	2	1	+	NC_072373.2	229188235	229188611	CFAP74	XM_054444305.2	+	2	2	12	116	28	29	9	9	9	middle	middle	1.000	1.000	constitutive	constitutive	134	109	9
NC_072373.2	229188623	229189196	3	1	+	NC_072373.2	229188751	229189034	CFAP74	XM_054444305.2	+	3	2	128	162	30	31	9	9	9	middle	middle	1.000	1.000	constitutive	constitutive	55	119	9
NC_072373.2	229197523	229198306	2	1	+	NC_072373.2	229197760	229198306	TMEM52	XM_054444367.1	+	2	2	237	0	3	4	2	2	2	middle	last	1.000	1.000	constitutive	constitutive	178	277	2
NC_072373.2	229493733	229494204	-1	1	-	NC_072373.2	229493802	229494187	LOC129010582	XM_054445035.2	-	1	2	17	69	3	4	2	2	2	middle	middle	1.000	1.000	constitutive	constitutive	139	167	2
NC_072373.2	229501331	229501880	-2	1	-	NC_072373.2	229501419	229501786	MIB2	XM_054444959.2	-	2	2	94	88	7	8	13	13	9	middle	middle	1.000	0.692	constitutive	alternative	142	107	9
NC_072373.2	229501331	229501880	-2	1	-	NC_072373.2	229501419	229501786	MIB2	XM_054444966.2	-	2	2	94	88	7	8	13	13	4	middle	middle	1.000	0.308	constitutive	alternative	142	95	4
NC_072373.2	229591983	229592484	1	1	+	NC_072373.2	229592049	229592484	TMEM240	XM_054445081.2	+	1	2	66	0	3	4	1	1	1	middle	last	1.000	1.000	constitutive	constitutive	208	145	1
NC_072373.2	229715557	229716043	2	1	+	NC_072373.2	229715639	229715947	MRPL20	XM_054445266.2	+	2	2	82	96	1	2	2	2	2	first	middle	1.000	1.000	constitutive	constitutive	86	110	2
NC_072373.2	229747659	229748814	1	1	+	NC_072373.2	229748023	229748775	AURKAIP1	XM_054445248.2	+	1	2	364	39	1	2	4	4	4	first	middle	1.000	1.000	constitutive	constitutive	51	445	4
NC_072373.2	229780308	229781001	1	1	+	NC_072373.2	229780399	229780677	DVL1	XM_054445301.1	+	1	2	91	324	7	8	3	3	3	middle	middle	1.000	1.000	constitutive	constitutive	69	139	3
NC_072373.2	229781057	229781831	3	1	+	NC_072373.2	229781183	229781469	DVL1	XM_054445301.1	+	3	2	126	362	10	11	3	3	1	middle	middle	1.000	0.333	constitutive	unique	67	77	1
NC_072373.2	229781057	229781831	3	1	+	NC_072373.2	229781183	229781544	DVL1	XM_054445308.2	+	3	2	126	287	10	11	3	3	2	middle	middle	1.000	0.667	constitutive	alternative	67	152	2
NC_072373.2	229808567	229809302	3	1	+	NC_072373.2	229808731	229809212	INTS11	XM_054445333.2	+	3	2	164	90	14	16	1	1	1	middle	middle	1.000	1.000	constitutive	constitutive	61	129	1
NC_072373.2	229817729	229818224	3	1	+	NC_072373.2	229817799	229818158	ACAP3	XM_054445282.2	+	3	2	70	66	3	4	3	3	3	middle	middle	1.000	1.000	constitutive	constitutive	119	53	3
NC_072373.2	230069781	230070504	-1	1	-	NC_072373.2	230069783	230070423	AGRN	XM_054445805.2	-	1	3	81	2	32	34	9	9	9	middle	middle	1.000	1.000	constitutive	constitutive	116	87	9
NC_072373.2	230073733	230074387	-3	1	-	NC_072373.2	230073901	230074260	AGRN	XM_054445805.2	-	3	2	127	168	20	21	9	9	9	middle	middle	1.000	1.000	constitutive	constitutive	127	114	9
NC_072373.2	230074481	230075276	-2	1	-	NC_072373.2	230074631	230075191	AGRN	XM_054445805.2	-	2	2	85	150	18	19	9	9	9	middle	middle	1.000	1.000	constitutive	constitutive	338	137	9
NC_072373.2	230076058	230076454	-3	1	-	NC_072373.2	230076064	230076426	AGRN	XM_054445805.2	-	3	2	28	6	13	14	9	9	9	middle	middle	1.000	1.000	constitutive	constitutive	116	164	9
NC_072373.2	230077867	230078386	-3	1	-	NC_072373.2	230077873	230078367	AGRN	XM_054445805.2	-	3	2	19	6	8	9	9	9	9	middle	middle	1.000	1.000	constitutive	constitutive	218	194	9
NC_072373.2	230123707	230124289	2	1	+	NC_072373.2	230123738	230124289	HES4	XM_054445922.2	+	2	2	31	0	3	4	2	2	2	middle	last	1.000	1.000	constitutive	constitutive	87	370	2
NC_072373.2	230146322	230146754	3	1	+	NC_072373.2	230146336	230146754	PERM1	XM_054446231.2	+	3	2	14	0	2	3	1	1	1	middle	last	1.000	1.000	constitutive	constitutive	125	88	1
NC_072373.2	230148584	230149175	-2	1	-	NC_072373.2	230148590	230149121	PLEKHN1	XM_054446253.2	-	2	2	54	6	14	15	1	1	1	middle	middle	1.000	1.000	constitutive	constitutive	218	48	1
NC_072373.2	230151893	230152589	-2	1	-	NC_072373.2	230152196	230152433	PLEKHN1	XM_054446253.2	-	2	2	156	303	4	5	1	1	1	middle	middle	1.000	1.000	constitutive	constitutive	80	72	1
NC_072373.2	230169188	230169749	3	1	+	NC_072373.2	230169326	230169626	NOC2L	XM_054446319.2	+	3	2	138	123	7	8	2	2	2	middle	middle	1.000	1.000	constitutive	constitutive	78	110	2
NC_072373.2	230180099	230181368	-2	1	-	NC_072373.2	230180315	230181249	SAMD11	XM_054446268.2	-	2	2	119	216	9	11	8	8	8	middle	middle	1.000	1.000	constitutive	constitutive	115	511	8
NC_072373.2	39663548	39664349	-2	1	-	NC_072373.2	39663945	39664331	TRAF3IP3	XM_054474384.2	-	2	2	18	397	9	10	8	8	8	middle	middle	1.000	1.000	constitutive	constitutive	140	137	8
NC_072373.2	39815023	39815623	2	1	+	NC_072373.2	39815047	39815542	LAMB3	XM_054474781.2	+	2	2	24	81	14	15	2	2	2	middle	middle	1.000	1.000	constitutive	constitutive	160	220	2
NC_072373.2	41960279	41960684	-2	1	-	NC_072373.2	41960281	41960653	CR1	XM_054485890.1	-	2	2	31	2	2	3	1	1	1	middle	middle	1.000	1.000	constitutive	constitutive	188	99	1
NC_072373.2	43925876	43926605	-2	1	-	NC_072373.2	43925878	43926309	CDK18	XM_054491783.2	-	2	2	296	2	10	11	5	5	4	middle	middle	1.000	0.800	constitutive	alternative	97	105	4
NC_072373.2	43925876	43926605	-2	1	-	NC_072373.2	43925877	43926309	CDK18	XM_054491792.2	-	2	2	296	1	10	11	5	5	1	middle	last	1.000	0.200	constitutive	unique	97	106	1
NC_072373.2	44392715	44393279	-2	1	-	NC_072373.2	44392805	44393233	CNTN2	XM_054466818.2	-	2	2	46	90	10	11	2	2	2	middle	middle	1.000	1.000	constitutive	constitutive	150	127	2
NC_072373.2	44481873	44483022	-1	1	-	NC_072373.2	44481899	44482660	NFASC	XM_054466840.1	-	1	2	362	26	14	15	16	16	16	middle	middle	1.000	1.000	constitutive	constitutive	166	147	16
NC_072373.2	47314687	47315119	-3	1	-	NC_072373.2	47314754	47315110	LOC129035765	XM_063649382.1	-	3	2	9	67	21	22	1	1	1	middle	middle	1.000	1.000	constitutive	constitutive	90	157	1
NC_072373.2	48428615	48429179	3	1	+	NC_072373.2	48428672	48429137	CACNA1S	XM_054462763.1	+	3	2	57	42	18	19	1	1	1	middle	middle	1.000	1.000	constitutive	constitutive	129	59	1
NC_072373.2	48491981	48492467	3	1	+	NC_072373.2	48492018	48492404	KIF21B	XM_054462791.1	+	3	2	37	63	4	5	6	6	6	middle	middle	1.000	1.000	constitutive	constitutive	149	134	6
NC_072373.2	66555899	66556460	-2	1	-	NC_072373.2	66555905	66556256	LAMC2	XM_054443470.2	-	2	2	204	6	21	22	2	2	2	middle	middle	1.000	1.000	constitutive	constitutive	158	99	2
NC_072373.2	66840250	66840970	2	1	+	NC_072373.2	66840296	66840823	SHCBP1L	XM_054455511.1	+	2	2	46	147	2	4	1	1	1	middle	middle	1.000	1.000	constitutive	constitutive	41	394	1
NC_072373.2	88987672	88988104	-3	1	-	NC_072373.2	88987700	88988073	USP21	XM_054503972.2	-	3	2	31	28	7	8	3	3	3	middle	middle	1.000	1.000	constitutive	constitutive	103	86	3
NC_072373.2	89099557	89099902	2	1	+	NC_072373.2	89099602	89099858	ARHGAP30	XM_054435480.2	+	2	2	45	44	8	9	4	4	4	middle	middle	1.000	1.000	constitutive	constitutive	103	77	4
NC_072373.2	90055855	90056470	-3	1	-	NC_072373.2	90055937	90056374	ATP1A2	XM_054438131.1	-	3	2	96	82	9	10	1	1	1	middle	middle	1.000	1.000	constitutive	constitutive	198	109	1
NC_072373.2	91567245	91568241	1	1	+	NC_072373.2	91567249	91568241	LOC129016044	XM_054454902.1	+	1	2	4	0	1	2	1	1	1	first	last	1.000	1.000	constitutive	constitutive	47	887	1
NC_072373.2	93272674	93273343	2	1	+	NC_072373.2	93272960	93273342	ETV3L	XM_054439042.1	+	2	2	286	1	1	2	1	1	1	first	middle	1.000	1.000	constitutive	constitutive	57	237	1
NC_072373.2	93529286	93529787	3	1	+	NC_072373.2	93529387	93529786	INSRR	XM_054435609.1	+	3	2	101	1	20	21	3	3	3	middle	middle	1.000	1.000	constitutive	constitutive	129	134	3
NC_072373.2	93811272	93811593	1	1	+	NC_072373.2	93811314	93811585	IQGAP3	XM_054450468.2	+	1	2	42	8	6	7	4	4	4	middle	middle	1.000	1.000	constitutive	constitutive	67	113	4
NC_072373.2	93824077	93824584	2	1	+	NC_072373.2	93824148	93824548	IQGAP3	XM_054450468.2	+	2	2	71	36	17	18	4	4	3	middle	middle	1.000	0.750	constitutive	alternative	167	139	3
NC_072373.2	93824077	93824584	2	1	+	NC_072373.2	93824148	93824548	IQGAP3	XM_063650330.1	+	2	2	71	36	17	18	4	4	1	middle	middle	1.000	0.250	constitutive	unique	167	136	1
NC_072373.2	93996657	93997098	-1	1	-	NC_072373.2	93996684	93997063	RHBG	XM_054479112.1	-	1	2	35	27	3	4	1	1	1	middle	middle	1.000	1.000	constitutive	constitutive	150	111	1
NC_072373.2	94760386	94760776	-3	1	-	NC_072373.2	94760409	94760751	LOC129017807	XM_054458761.2	-	3	2	25	23	12	13	28	2	2	middle	middle	0.071	0.071	alternative	alternative	142	109	2
NC_072373.2	95077730	95078276	3	1	+	NC_072373.2	95077798	95078117	PKLR	XM_054459070.2	+	3	2	68	159	3	4	3	3	3	middle	middle	1.000	1.000	constitutive	constitutive	91	131	3
NC_072373.2	95124410	95125040	3	1	+	NC_072373.2	95124556	95124977	ENTREP3	XM_054459177.2	+	3	2	146	63	10	11	4	4	4	middle	middle	1.000	1.000	constitutive	constitutive	68	253	4
NC_072373.2	95140054	95140840	-3	1	-	NC_072373.2	95140082	95140519	LOC129018110	XM_063664516.1	-	3	2	321	28	2	3	1	1	1	middle	middle	1.000	1.000	constitutive	constitutive	89	182	1
NC_072373.2	95161085	95161874	-2	1	-	NC_072373.2	95161113	95161553	LOC129018092	XM_054459313.2	-	2	2	321	28	4	5	1	1	1	middle	middle	1.000	1.000	constitutive	constitutive	92	182	1
NC_072373.2	95318418	95318652	-1	1	-	NC_072373.2	95318420	95318651	ADAM15	XM_054459906.2	-	1	2	1	2	2	3	17	1	1	middle	middle	0.059	0.059	unique	unique	28	91	1
NC_072373.2	95324928	95325351	-1	1	-	NC_072373.2	95324974	95325301	DCST1	XM_054459937.2	-	1	2	50	46	10	11	2	2	2	middle	middle	1.000	1.000	constitutive	constitutive	99	95	2
NC_072373.2	95403025	95403787	2	1	+	NC_072373.2	95403118	95403689	SHC1	XM_054460223.2	+	2	3	93	98	8	10	21	21	11	middle	middle	1.000	0.524	constitutive	alternative	198	131	11
NC_072373.2	95403025	95403787	2	1	+	NC_072373.2	95403118	95403689	SHC1	XM_054460224.2	+	2	3	93	98	8	10	21	21	10	middle	middle	1.000	0.476	constitutive	alternative	198	134	10
NC_072373.2	95421230	95421893	3	1	+	NC_072373.2	95421430	95421725	PBXIP1	XM_054460237.2	+	3	2	200	168	8	9	3	3	3	middle	middle	1.000	1.000	constitutive	constitutive	70	131	3
NC_072373.2	96408749	96409127	3	1	+	NC_072373.2	96408874	96409126	CRTC2	XM_054461492.2	+	3	2	125	1	8	9	4	3	4	middle	middle	0.750	1.000	alternative	constitutive	79	49	3
NC_072373.2	96408749	96409127	3	1	+	NC_072373.2	96408889	96409126	CRTC2	XM_054461494.2	+	3	2	140	1	8	9	4	1	4	middle	middle	0.250	1.000	unique	constitutive	64	49	1
NC_072373.2	98175287	98187518	3	1	+	NC_072373.2	98175312	98187518	HRNR	XM_054479425.1	+	3	8	25	0	2	10	1	1	1	middle	last	1.000	1.000	constitutive	constitutive	4675	503	1
NC_072373.2	98748371	98749043	3	1	+	NC_072373.2	98748451	98748990	CELF3	XM_054473964.2	+	3	2	80	53	8	9	10	8	10	middle	middle	0.800	1.000	alternative	constitutive	137	143	8
NC_072373.2	98748371	98749043	3	1	+	NC_072373.2	98748454	98748990	CELF3	XM_054474045.2	+	3	2	83	53	10	11	10	2	10	middle	middle	0.200	1.000	alternative	constitutive	134	143	2
NC_072373.2	98918574	98918874	-1	1	-	NC_072373.2	98918576	98918874	CGN	XM_054473994.1	-	1	2	0	2	16	17	4	4	4	middle	middle	1.000	1.000	constitutive	constitutive	83	118	4
NC_072373.2	99020447	99021116	3	1	+	NC_072373.2	99020515	99021105	POGZ	XM_063663422.1	+	3	2	68	11	5	6	8	8	6	middle	middle	1.000	0.750	constitutive	alternative	290	218	6
NC_072373.2	99020447	99021116	3	1	+	NC_072373.2	99020515	99021105	POGZ	XM_063663431.1	+	3	2	68	11	5	6	8	8	2	middle	middle	1.000	0.250	constitutive	alternative	290	191	2
NC_072373.2	99906959	99907772	-2	1	-	NC_072373.2	99907049	99907765	ADAMTSL4	XM_054474473.2	-	2	3	7	90	8	10	9	9	9	middle	middle	1.000	1.000	constitutive	constitutive	172	185	9
NC_072373.2	99953407	99953905	-3	1	-	NC_072373.2	99953518	99953778	ECM1	XM_054474618.2	-	3	2	127	111	4	5	1	1	1	middle	middle	1.000	1.000	constitutive	constitutive	80	80	1
NC_072376.2	1011820	1012219	2	1	+	NC_072376.2	1011841	1012219	IDUA	XM_054485920.2	+	2	2	21	0	11	12	5	5	5	middle	last	1.000	1.000	constitutive	constitutive	100	130	5
NC_072376.2	1031464	1032778	2	1	+	NC_072376.2	1031745	1032778	FGFRL1	XM_054485884.2	+	2	2	281	0	5	6	3	3	3	middle	last	1.000	1.000	constitutive	constitutive	353	439	3
NC_072376.2	110991892	110992375	-1	1	-	NC_072376.2	110991929	110992219	TSPAN5	XM_054484300.2	-	1	2	156	37	6	7	5	5	5	middle	middle	1.000	1.000	constitutive	constitutive	47	116	5
NC_072376.2	115757843	115758563	-3	1	-	NC_072376.2	115757853	115758563	CENPE	XM_054485226.2	-	3	2	0	10	22	23	11	11	11	middle	middle	1.000	1.000	constitutive	constitutive	314	272	11
NC_072376.2	1175028	1175772	-2	1	-	NC_072376.2	1175251	1175738	SPON2	XM_054485579.2	-	2	2	34	223	2	3	1	1	1	middle	middle	1.000	1.000	constitutive	constitutive	223	191	1
NC_072376.2	158014388	158014820	-3	1	-	NC_072376.2	158014390	158014782	OTUD4	XM_054486723.1	-	3	2	38	2	12	13	6	6	6	middle	middle	1.000	1.000	constitutive	constitutive	103	186	6
NC_072376.2	165599245	165599785	-1	1	-	NC_072376.2	165599353	165599742	TMEM154	XM_054485752.2	-	1	2	43	108	2	3	1	1	1	middle	middle	1.000	1.000	constitutive	constitutive	260	38	1
NC_072376.2	181364645	181364969	3	1	+	NC_072376.2	181364682	181364925	ANXA10	XM_054485747.1	+	3	2	37	44	7	8	1	1	1	middle	middle	1.000	1.000	constitutive	constitutive	53	93	1
NC_072376.2	1840552	1841062	2	1	+	NC_072376.2	1840634	1841061	FGFR3	XM_054485457.2	+	2	2	82	1	14	15	20	20	20	middle	middle	1.000	1.000	constitutive	constitutive	70	137	20
NC_072376.2	2967776	2968211	-3	1	-	NC_072376.2	2967817	2968145	MFSD10	XM_054486609.2	-	3	2	66	41	6	7	14	14	14	middle	middle	1.000	1.000	constitutive	constitutive	108	111	14
NC_072376.2	38851358	38851814	-3	1	-	NC_072376.2	38851554	38851799	RPL9	XM_054484651.2	-	3	2	15	196	1	2	2	2	2	first	middle	1.000	1.000	constitutive	constitutive	45	115	2
NC_072376.2	681824	682604	-3	1	-	NC_072376.2	681891	682376	SLC49A3	XM_063663440.1	-	3	2	228	67	3	4	1	1	1	middle	middle	1.000	1.000	constitutive	constitutive	213	76	1
NC_072376.2	82532034	82532691	1	1	+	NC_072376.2	82532266	82532691	SMR3A	XM_063663233.1	+	1	2	232	0	2	3	1	1	1	middle	last	1.000	1.000	constitutive	constitutive	106	240	1
NC_072376.2	846119	846608	-3	1	-	NC_072376.2	846120	846512	GAK	XM_054485913.2	-	3	2	96	1	27	28	15	12	12	middle	last	0.800	0.800	alternative	alternative	176	98	12
NC_072376.2	8632470	8632785	1	1	+	NC_072376.2	8632471	8632773	LYAR	XM_054485131.2	+	1	2	1	12	3	4	3	3	3	middle	middle	1.000	1.000	constitutive	constitutive	107	83	3
NC_072376.2	9093130	9093967	-1	1	-	NC_072376.2	9093347	9093904	WDR1	XM_054484809.1	-	1	2	63	217	1	2	2	2	2	first	middle	1.000	1.000	constitutive	constitutive	15	121	2
NC_072377.2	1290116	1290521	-3	1	-	NC_072377.2	1290285	1290469	CLPTM1L	XM_054488592.2	-	3	2	52	169	14	15	3	3	3	middle	middle	1.000	1.000	constitutive	constitutive	55	44	3
NC_072377.2	135324	135957	1	1	+	NC_072377.2	135386	135842	PLEKHG4B	XM_054489160.2	+	1	2	62	115	4	5	2	2	2	middle	middle	1.000	1.000	constitutive	constitutive	209	123	2
NC_072377.2	136450772	136451228	-3	1	-	NC_072377.2	136450867	136451216	MEIKIN	XM_054488162.1	-	3	2	12	95	1	2	1	1	1	first	middle	1.000	1.000	constitutive	constitutive	105	93	1
NC_072377.2	137013369	137014038	-2	1	-	NC_072377.2	137013471	137013918	IRF1	XM_054487371.2	-	2	2	120	102	5	6	1	1	1	middle	middle	1.000	1.000	constitutive	constitutive	129	122	1
NC_072377.2	138626355	138627243	1	1	+	NC_072377.2	138626560	138627055	TCF7	XM_054488561.2	+	1	2	205	188	1	2	11	11	11	first	middle	1.000	1.000	constitutive	constitutive	263	66	11
NC_072377.2	144865403	144866102	-3	1	-	NC_072377.2	144865496	144865913	HBEGF	XM_054489214.2	-	3	2	189	93	1	2	1	1	1	first	middle	1.000	1.000	constitutive	constitutive	45	173	1
NC_072377.2	146040856	146041342	-1	1	-	NC_072377.2	146040865	146041287	DIAPH1	XM_054489331.2	-	1	2	55	9	24	25	3	3	3	middle	middle	1.000	1.000	constitutive	constitutive	163	135	3
NC_072377.2	146186967	146187603	-2	1	-	NC_072377.2	146187070	146187466	ARAP3	XM_054489346.2	-	2	2	137	103	9	10	8	8	8	middle	middle	1.000	1.000	constitutive	constitutive	199	85	8
NC_072377.2	151682412	151682811	-2	1	-	NC_072377.2	151682586	151682793	PPP2R2B	XM_054489452.2	-	2	2	18	174	1	2	9	1	1	first	middle	0.111	0.111	unique	unique	9	77	1
NC_072377.2	152849900	152851349	3	1	+	NC_072377.2	152849995	152851277	MARCOL	XM_054487149.2	+	3	2	95	72	2	3	1	1	1	middle	middle	1.000	1.000	constitutive	constitutive	661	539	1
NC_072377.2	154849633	154850062	-1	1	-	NC_072377.2	154849635	154850024	CSF1R	XM_054487736.1	-	1	2	38	2	7	8	1	1	1	middle	middle	1.000	1.000	constitutive	constitutive	115	120	1
NC_072377.2	154911716	154912253	-3	1	-	NC_072377.2	154911812	154912234	PDGFRB	XM_054488417.2	-	3	2	19	96	4	5	3	3	3	middle	middle	1.000	1.000	constitutive	constitutive	127	174	3
NC_072377.2	154982738	154983281	3	1	+	NC_072377.2	154982739	154983134	SLC6A7	XM_054489190.1	+	3	2	1	147	11	12	1	1	1	middle	middle	1.000	1.000	constitutive	constitutive	99	100	1
NC_072377.2	155030570	155031134	-3	1	-	NC_072377.2	155030622	155030935	CAMK2A	XM_054488261.2	-	3	2	199	52	8	9	2	2	2	middle	middle	1.000	1.000	constitutive	constitutive	83	94	2
NC_072377.2	155161143	155161842	1	1	+	NC_072377.2	155161285	155161788	TCOF1	XM_054487876.2	+	1	2	142	54	16	17	15	15	15	middle	middle	1.000	1.000	constitutive	constitutive	179	200	15
NC_072377.2	155484335	155484809	-3	1	-	NC_072377.2	155484356	155484768	RBM22	XM_054489028.2	-	3	2	41	21	9	10	1	1	1	middle	middle	1.000	1.000	constitutive	constitutive	88	131	1
NC_072377.2	159639795	159640359	1	1	+	NC_072377.2	159639805	159640260	LARP1	XM_054487193.1	+	1	2	10	99	12	13	5	5	5	middle	middle	1.000	1.000	constitutive	constitutive	123	205	5
NC_072377.2	159776331	159776607	1	1	+	NC_072377.2	159776452	159776606	MRPL22	XM_054488772.2	+	1	2	121	1	1	2	2	2	2	first	middle	1.000	1.000	constitutive	constitutive	27	48	2
NC_072377.2	162317078	162317531	-3	1	-	NC_072377.2	162317210	162317507	ADAM19	XM_054489084.2	-	3	2	24	132	17	18	2	2	2	middle	middle	1.000	1.000	constitutive	constitutive	77	108	2
NC_072377.2	168268	168835	2	1	+	NC_072377.2	168341	168742	PLEKHG4B	XM_054489160.2	+	2	2	73	93	15	16	2	2	2	middle	middle	1.000	1.000	constitutive	constitutive	89	230	2
NC_072377.2	181277819	181278467	3	1	+	NC_072377.2	181277867	181278452	DDX41	XM_054487227.2	+	3	2	48	15	10	11	1	1	1	middle	middle	1.000	1.000	constitutive	constitutive	162	131	1
NC_072377.2	181307366	181307981	3	1	+	NC_072377.2	181307397	181307720	PDLIM7	XM_054487234.2	+	3	2	31	261	10	11	18	15	6	middle	middle	0.833	0.333	alternative	alternative	120	115	6
NC_072377.2	181307366	181307981	3	1	+	NC_072377.2	181307397	181307981	PDLIM7	XM_063665622.1	+	3	2	31	0	10	11	18	15	9	middle	last	0.833	0.500	alternative	alternative	120	376	9
NC_072377.2	181334695	181335769	-1	1	-	NC_072377.2	181334696	181335745	PRR7	XM_054487267.2	-	1	2	24	1	1	2	4	4	4	first	last	1.000	1.000	constitutive	constitutive	426	394	4
NC_072377.2	181405343	181405925	-3	1	-	NC_072377.2	181405430	181405792	SLC34A1	XM_054487272.2	-	3	2	133	87	2	3	1	1	1	middle	middle	1.000	1.000	constitutive	constitutive	149	128	1
NC_072377.2	181420011	181420500	-2	1	-	NC_072377.2	181420185	181420424	RGS14	XM_054487275.2	-	2	2	76	174	13	14	1	1	1	middle	middle	1.000	1.000	constitutive	constitutive	46	114	1
NC_072377.2	181423813	181424527	-1	1	-	NC_072377.2	181423978	181424389	RGS14	XM_054487275.2	-	1	2	138	165	6	7	1	1	1	middle	middle	1.000	1.000	constitutive	constitutive	143	111	1
NC_072377.2	181424582	181425389	-3	1	-	NC_072377.2	181424769	181425095	RGS14	XM_054487275.2	-	3	2	294	187	4	5	1	1	1	middle	middle	1.000	1.000	constitutive	constitutive	92	143	1
NC_072377.2	181485548	181485938	-3	1	-	NC_072377.2	181485638	181485938	PRELID1	XM_054487278.2	-	3	2	0	90	3	4	1	1	1	middle	middle	1.000	1.000	constitutive	constitutive	113	78	1
NC_072377.2	181488974	181489469	3	1	+	NC_072377.2	181488975	181489226	RAB24	XM_054487284.2	+	3	2	1	243	3	4	1	1	1	middle	middle	1.000	1.000	constitutive	constitutive	78	67	1
NC_072377.2	181705317	181706049	-2	1	-	NC_072377.2	181705413	181705868	FGFR4	XM_054489586.2	-	2	2	181	96	7	8	1	1	1	middle	middle	1.000	1.000	constitutive	constitutive	190	138	1
NC_072377.2	181914282	181915143	1	1	+	NC_072377.2	181914597	181915142	HK3	XM_054489582.2	+	1	2	315	1	17	18	3	3	3	middle	middle	1.000	1.000	constitutive	constitutive	155	233	3
NC_072377.2	181917165	181918188	-2	1	-	NC_072377.2	181917166	181918170	UNC5A	XM_054489575.2	-	2	2	18	1	12	13	6	6	3	middle	last	1.000	0.500	constitutive	alternative	149	773	3
NC_072377.2	181917165	181918188	-2	1	-	NC_072377.2	181917775	181918170	UNC5A	XM_054489578.2	-	2	2	18	610	12	13	6	6	3	middle	middle	1.000	0.500	constitutive	alternative	149	164	3
NC_072377.2	182145653	182146097	-3	1	-	NC_072377.2	182145756	182146040	TSPAN17	XM_054488932.2	-	3	2	57	103	2	3	2	2	2	middle	middle	1.000	1.000	constitutive	constitutive	50	146	2
NC_072377.2	182213119	182214025	-1	1	-	NC_072377.2	182213161	182213986	CDHR2	XM_054487167.1	-	1	2	39	42	18	19	3	3	3	middle	middle	1.000	1.000	constitutive	constitutive	69	605	3
NC_072377.2	182267521	182268328	2	1	+	NC_072377.2	182267570	182268327	RNF44	XM_054487171.2	+	2	2	49	1	5	6	15	15	15	middle	middle	1.000	1.000	constitutive	constitutive	161	124	15
NC_072377.2	182408311	182408755	2	1	+	NC_072377.2	182408312	182408754	CLTB	XM_054488004.2	+	2	2	1	1	3	4	2	2	2	middle	middle	1.000	1.000	constitutive	constitutive	117	111	2
NC_072377.2	182881603	182882236	2	1	+	NC_072377.2	182881689	182882098	RMND5B	XM_054487599.2	+	2	2	86	138	2	3	4	3	4	middle	middle	0.750	1.000	alternative	constitutive	145	140	3
NC_072377.2	182881603	182882236	2	1	+	NC_072377.2	182881730	182882098	RMND5B	XM_054487600.2	+	2	2	127	138	1	2	4	1	4	first	middle	0.250	1.000	unique	constitutive	104	140	1
NC_072377.2	182985111	182985687	-2	1	-	NC_072377.2	182985322	182985675	COL23A1	XM_054487618.2	-	2	2	12	211	26	27	1	1	1	middle	middle	1.000	1.000	constitutive	constitutive	53	86	1
NC_072377.2	182988929	182989352	-3	1	-	NC_072377.2	182988951	182989316	COL23A1	XM_054487618.2	-	3	2	36	22	24	25	1	1	1	middle	middle	1.000	1.000	constitutive	constitutive	53	26	1
NC_072377.2	184532186	184532738	-3	1	-	NC_072377.2	184532408	184532718	MGAT4B	XM_054489715.2	-	3	2	20	222	6	7	5	5	5	middle	middle	1.000	1.000	constitutive	constitutive	75	114	5
NC_072377.2	184533703	184534198	-1	1	-	NC_072377.2	184533797	184534158	MGAT4B	XM_054489715.2	-	1	2	40	94	2	3	5	5	5	middle	middle	1.000	1.000	constitutive	constitutive	140	133	5
NC_072377.2	185337821	185338658	-3	1	-	NC_072377.2	185337823	185338394	FLT4	XM_054486948.1	-	3	2	264	2	7	8	3	3	3	middle	middle	1.000	1.000	constitutive	constitutive	168	117	3
NC_072377.2	185338883	185339525	-3	1	-	NC_072377.2	185338910	185339305	FLT4	XM_054486948.1	-	3	2	220	27	4	5	3	3	3	middle	middle	1.000	1.000	constitutive	constitutive	112	162	3
NC_072377.2	185774541	185774946	1	1	+	NC_072377.2	185774573	185774911	BTNL9	XM_054489618.1	+	1	2	32	35	4	5	3	3	3	middle	middle	1.000	1.000	constitutive	constitutive	128	32	3
NC_072377.2	185907273	185908173	1	1	+	NC_072377.2	185907297	185908083	LOC129036284	XM_063664588.1	+	1	2	24	90	7	9	1	1	1	middle	middle	1.000	1.000	constitutive	constitutive	107	613	1
NC_072377.2	186251575	186251968	-1	1	-	NC_072377.2	186251576	186251963	LOC129036290	XM_063664589.1	-	1	2	5	1	3	5	1	1	1	middle	last	1.000	1.000	constitutive	constitutive	67	245	1
NC_072377.2	5308472	5309153	3	1	+	NC_072377.2	5308625	5309123	ADAMTS16	XM_054489493.2	+	3	2	153	30	19	20	5	2	2	middle	middle	0.400	0.400	alternative	alternative	201	194	2
NC_072377.2	7917992	7918439	3	1	+	NC_072377.2	7918055	7918438	MTRR	XM_054487694.2	+	3	2	63	1	12	13	10	10	10	middle	middle	1.000	1.000	constitutive	constitutive	92	182	10
NC_072377.2	99653039	99653753	3	1	+	NC_072377.2	99653268	99653669	RHOBTB3	XM_054487892.2	+	3	2	229	84	1	2	10	10	10	first	middle	1.000	1.000	constitutive	constitutive	1	225	10
NC_072378.2	105759510	105762033	-1	1	-	NC_072378.2	105759568	105761088	LOC129039096	XM_063666932.1	-	1	2	945	58	1	4	1	1	1	first	middle	1.000	1.000	constitutive	constitutive	253	287	1
NC_072378.2	109396786	109397260	2	1	+	NC_072378.2	109396847	109397188	SMPD2	XM_054490037.2	+	2	2	61	72	6	7	1	1	1	middle	middle	1.000	1.000	constitutive	constitutive	82	132	1
NC_072378.2	109408070	109408667	-2	1	-	NC_072378.2	109408103	109408661	MICAL1	XM_054490030.2	-	2	2	6	33	1	2	7	7	7	first	middle	1.000	1.000	constitutive	constitutive	257	207	7
NC_072378.2	132268398	132269001	-1	1	-	NC_072378.2	132268422	132268824	CCN2	XM_054492937.2	-	1	2	177	24	1	2	1	1	1	first	middle	1.000	1.000	constitutive	constitutive	65	222	1
NC_072378.2	133055388	133055862	-1	1	-	NC_072378.2	133055390	133055829	LOC129038981	XM_054492555.2	-	1	2	33	2	1	2	1	1	1	first	middle	1.000	1.000	constitutive	constitutive	212	130	1
NC_072378.2	151280142	151280505	1	1	+	NC_072378.2	151280143	151280496	PLEKHG1	XM_054490716.2	+	1	2	1	9	9	10	7	7	7	middle	middle	1.000	1.000	constitutive	constitutive	95	86	7
NC_072378.2	158631425	158631950	3	1	+	NC_072378.2	158631450	158631840	SYNJ2	XM_054492131.2	+	3	2	25	110	10	11	10	10	10	middle	middle	1.000	1.000	constitutive	constitutive	149	165	10
NC_072378.2	167871546	167872812	1	1	+	NC_072378.2	167871595	167872812	CCR6	XM_054493118.2	+	1	2	49	0	1	2	3	3	3	first	last	1.000	1.000	constitutive	constitutive	8	1112	3
NC_072378.2	171006274	171007423	-3	1	-	NC_072378.2	171006605	171007234	DLL1	XM_054490280.2	-	3	2	189	331	1	2	1	1	1	first	middle	1.000	1.000	constitutive	constitutive	53	296	1
NC_072378.2	25879967	25880552	3	1	+	NC_072378.2	25880187	25880551	SLC17A4	XM_054491739.2	+	3	2	220	1	8	9	1	1	1	middle	middle	1.000	1.000	constitutive	constitutive	132	147	1
NC_072378.2	29967750	29968626	1	1	+	NC_072378.2	29967925	29968621	LOC129039297	XM_063665957.1	+	1	2	175	5	1	3	1	1	1	first	middle	1.000	1.000	constitutive	constitutive	153	269	1
NC_072378.2	30033644	30034211	-2	1	-	NC_072378.2	30033705	30034202	LOC129039306	XM_063665958.1	-	2	2	9	61	1	2	8	5	5	first	middle	0.625	0.625	alternative	alternative	244	75	5
NC_072378.2	30587595	30587985	1	1	+	NC_072378.2	30587596	30587980	ABCF1	XM_054491333.2	+	1	2	1	5	3	4	2	2	1	middle	middle	1.000	0.500	constitutive	unique	95	129	1
NC_072378.2	30587595	30587985	1	1	+	NC_072378.2	30587596	30587980	ABCF1	XM_054491334.2	+	1	2	1	5	3	4	2	2	1	middle	middle	1.000	0.500	constitutive	unique	95	126	1
NC_072378.2	30671169	30671715	-1	1	-	NC_072378.2	30671311	30671673	DHX16	XM_054489963.2	-	1	2	42	142	11	12	2	2	2	middle	middle	1.000	1.000	constitutive	constitutive	98	152	2
NC_072378.2	30674276	30674927	-2	1	-	NC_072378.2	30674284	30674681	DHX16	XM_054489963.2	-	2	2	246	8	8	9	2	1	1	middle	middle	0.500	0.500	unique	unique	110	115	1
NC_072378.2	30899160	30899538	1	1	+	NC_072378.2	30899233	30899513	DDR1	XM_054492179.2	+	1	2	73	25	1	2	12	12	12	first	middle	1.000	1.000	constitutive	constitutive	84	102	12
NC_072378.2	30903473	30904019	3	1	+	NC_072378.2	30903574	30903929	DDR1	XM_054492179.2	+	3	2	101	90	8	9	12	12	12	middle	middle	1.000	1.000	constitutive	constitutive	95	151	12
NC_072378.2	30933194	30933512	3	1	+	NC_072378.2	30933216	30933486	VARS2	XM_054491586.2	+	3	2	22	26	21	22	3	3	3	middle	middle	1.000	1.000	constitutive	constitutive	68	78	3
NC_072378.2	30958977	30964380	1	1	+	NC_072378.2	30959141	30964332	MUCL3	XM_063665681.1	+	1	5	164	48	2	6	1	1	1	middle	middle	1.000	1.000	constitutive	constitutive	893	1201	1
NC_072378.2	30997844	30999068	3	1	+	NC_072378.2	30997930	30999059	MUC21	XM_063665682.1	+	3	2	86	9	2	3	1	1	1	middle	middle	1.000	1.000	constitutive	constitutive	241	752	1
NC_072378.2	31032611	31036823	3	1	+	NC_072378.2	31032667	31036641	MUC22	XM_054493095.2	+	3	2	56	182	2	3	1	1	1	middle	middle	1.000	1.000	constitutive	constitutive	1199	2654	1
NC_072378.2	31152460	31152907	-3	1	-	NC_072378.2	31152481	31152867	CCHCR1	XM_054490310.2	-	3	2	40	21	14	15	45	45	44	middle	middle	1.000	0.978	constitutive	alternative	188	101	44
NC_072378.2	31152460	31152907	-3	1	-	NC_072378.2	31152461	31152867	CCHCR1	XM_054490331.2	-	3	2	40	1	14	15	45	45	1	middle	last	1.000	0.022	constitutive	unique	188	121	1
NC_072378.2	31173141	31173993	-1	1	-	NC_072378.2	31173340	31173822	POU5F1	XM_054490346.2	-	1	2	171	199	2	3	1	1	1	middle	middle	1.000	1.000	constitutive	constitutive	120	130	1
NC_072378.2	31880928	31881936	1	1	+	NC_072378.2	31880957	31881936	NFKBIL1	XM_054490970.2	+	1	2	29	0	3	4	3	2	3	middle	last	0.667	1.000	alternative	constitutive	221	586	2
NC_072378.2	31880928	31881936	1	1	+	NC_072378.2	31880957	31881936	NFKBIL1	XM_054490971.2	+	1	2	29	0	3	4	3	1	3	middle	last	0.333	1.000	unique	constitutive	176	586	1
NC_072378.2	32035895	32036570	-2	1	-	NC_072378.2	32035896	32036341	LOC129038492	XM_054491574.1	-	2	2	229	1	2	3	1	1	1	middle	last	1.000	1.000	constitutive	constitutive	125	217	1
NC_072378.2	32091760	32092333	-3	1	-	NC_072378.2	32091775	32092131	VWA7	XM_054491318.2	-	3	2	202	15	11	12	3	3	3	middle	middle	1.000	1.000	constitutive	constitutive	152	92	3
NC_072378.2	32103393	32104107	-1	1	-	NC_072378.2	32103478	32104047	VARS1	XM_054492496.2	-	1	2	60	85	27	28	2	2	2	middle	middle	1.000	1.000	constitutive	constitutive	111	325	2
NC_072378.2	32105858	32106437	-2	1	-	NC_072378.2	32105991	32106271	VARS1	XM_054492496.2	-	2	2	166	133	19	20	2	2	2	middle	middle	1.000	1.000	constitutive	constitutive	70	125	2
NC_072378.2	32188590	32189100	-1	1	-	NC_072378.2	32188756	32189020	SLC44A4	XM_063666050.1	-	1	2	80	166	18	19	1	1	1	middle	middle	1.000	1.000	constitutive	constitutive	70	94	1
NC_072378.2	32204625	32205264	-1	1	-	NC_072378.2	32204627	32205040	EHMT2	XM_054493166.2	-	1	2	224	2	25	26	8	8	8	middle	middle	1.000	1.000	constitutive	constitutive	78	175	8
NC_072378.2	32271113	32271725	3	1	+	NC_072378.2	32271205	32271720	CFB	XM_054493178.2	+	3	2	92	5	8	9	1	1	1	middle	middle	1.000	1.000	constitutive	constitutive	131	101	1
NC_072378.2	32317273	32317675	2	1	+	NC_072378.2	32317274	32317667	LOC129039433	XM_054493191.2	+	2	2	1	8	27	28	2	2	2	middle	middle	1.000	1.000	constitutive	constitutive	116	171	2
NC_072378.2	32319931	32320489	2	1	+	NC_072378.2	32320056	32320447	LOC129039433	XM_054493191.2	+	2	2	125	42	33	34	2	2	2	middle	middle	1.000	1.000	constitutive	constitutive	186	90	2
NC_072378.2	32331228	32331810	-1	1	-	NC_072378.2	32331244	32331611	TNXB	XM_063666061.1	-	1	2	199	16	37	38	4	1	1	middle	middle	0.250	0.250	unique	unique	143	130	1
NC_072378.2	32332030	32332474	-3	1	-	NC_072378.2	32332042	32332422	TNXB	XM_063666061.1	-	3	2	52	12	34	35	4	1	1	middle	middle	0.250	0.250	unique	unique	122	143	1
NC_072378.2	32343730	32344132	2	1	+	NC_072378.2	32343731	32344124	LOC129039436	XM_054493197.2	+	2	2	1	8	27	28	1	1	1	middle	middle	1.000	1.000	constitutive	constitutive	116	171	1
NC_072378.2	32346389	32346947	3	1	+	NC_072378.2	32346514	32346905	LOC129039436	XM_054493197.2	+	3	2	125	42	33	34	1	1	1	middle	middle	1.000	1.000	constitutive	constitutive	186	90	1
NC_072378.2	32357674	32358256	-3	1	-	NC_072378.2	32357690	32358057	TNXB	XM_054493196.2	-	3	2	199	16	37	38	4	3	3	middle	middle	0.750	0.750	alternative	alternative	143	130	3
NC_072378.2	32358422	32358920	-2	1	-	NC_072378.2	32358488	32358868	TNXB	XM_054493196.2	-	2	2	52	66	34	35	4	3	3	middle	middle	0.750	0.750	alternative	alternative	122	143	3
NC_072378.2	32382515	32383601	-2	1	-	NC_072378.2	32382575	32383321	TNXB	XM_054493196.2	-	2	2	280	60	16	17	4	4	4	middle	middle	1.000	1.000	constitutive	constitutive	314	317	4
NC_072378.2	32470117	32470453	2	1	+	NC_072378.2	32470149	32470439	PPT2	XM_054493205.2	+	2	2	32	14	4	5	3	3	3	middle	middle	1.000	1.000	constitutive	constitutive	95	107	3
NC_072378.2	32481900	32482263	1	1	+	NC_072378.2	32481905	32482248	EGFL8	XM_054493214.2	+	1	2	5	15	5	6	1	1	1	middle	middle	1.000	1.000	constitutive	constitutive	170	79	1
NC_072378.2	32494848	32495163	1	1	+	NC_072378.2	32494849	32495163	RNF5	XM_054493234.2	+	1	2	1	0	5	6	3	2	2	middle	last	0.667	0.667	alternative	alternative	117	94	2
NC_072378.2	32534671	32535241	-3	1	-	NC_072378.2	32534701	32535213	NOTCH4	XM_054493221.2	-	3	2	28	30	6	7	2	2	2	middle	middle	1.000	1.000	constitutive	constitutive	236	155	2
NC_072378.2	32609018	32610239	-2	1	-	NC_072378.2	32609019	32610115	TSBP1	XM_063666080.1	-	2	2	124	1	26	27	3	3	3	middle	last	1.000	1.000	constitutive	constitutive	463	587	3
NC_072378.2	33321676	33322138	2	1	+	NC_072378.2	33321765	33322138	BRD2	XM_054493569.2	+	2	2	89	0	11	12	7	7	7	middle	last	1.000	1.000	constitutive	constitutive	122	133	7
NC_072378.2	33518289	33518814	-1	1	-	NC_072378.2	33518340	33518775	COL11A2	XM_054490820.2	-	1	2	39	51	53	54	9	9	9	middle	middle	1.000	1.000	constitutive	constitutive	53	267	9
NC_072378.2	33531583	33532120	-3	1	-	NC_072378.2	33531668	33531874	COL11A2	XM_054490820.2	-	3	2	246	85	7	8	9	9	9	middle	middle	1.000	1.000	constitutive	constitutive	53	53	9
NC_072378.2	33547666	33548200	-3	1	-	NC_072378.2	33547668	33548189	RXRB	XM_054490823.2	-	3	2	11	2	8	9	4	2	4	middle	middle	0.500	1.000	alternative	constitutive	103	105	2
NC_072378.2	33547666	33548200	-3	1	-	NC_072378.2	33547668	33548177	RXRB	XM_054490824.2	-	3	2	23	2	8	9	4	2	4	middle	middle	0.500	1.000	alternative	constitutive	91	105	2
NC_072378.2	33642252	33642549	1	1	+	NC_072378.2	33642272	33642548	PFDN6	XM_054493300.2	+	1	2	20	1	2	3	1	1	1	middle	middle	1.000	1.000	constitutive	constitutive	70	124	1
NC_072378.2	33645871	33646243	-3	1	-	NC_072378.2	33645873	33646144	RGL2	XM_054493283.2	-	3	2	99	2	11	12	5	5	5	middle	middle	1.000	1.000	constitutive	constitutive	32	121	5
NC_072378.2	33647047	33647332	-3	1	-	NC_072378.2	33647057	33647288	RGL2	XM_054493283.2	-	3	2	44	10	8	9	5	5	5	middle	middle	1.000	1.000	constitutive	constitutive	84	68	5
NC_072378.2	33672407	33673664	-2	1	-	NC_072378.2	33672477	33673664	DAXX	XM_054491582.2	-	2	2	0	70	2	3	2	2	2	middle	middle	1.000	1.000	constitutive	constitutive	831	211	2
NC_072378.2	34038246	34039011	1	1	+	NC_072378.2	34038424	34038843	ITPR3	XM_054490242.2	+	1	2	178	168	30	31	7	7	7	middle	middle	1.000	1.000	constitutive	constitutive	122	200	7
NC_072378.2	34044226	34045039	2	1	+	NC_072378.2	34044340	34044671	ITPR3	XM_054490242.2	+	2	2	114	368	38	39	7	7	7	middle	middle	1.000	1.000	constitutive	constitutive	108	90	7
NC_072378.2	34045550	34046309	3	1	+	NC_072378.2	34045612	34046222	ITPR3	XM_054490242.2	+	3	2	62	87	42	43	7	7	7	middle	middle	1.000	1.000	constitutive	constitutive	184	200	7
NC_072378.2	34137772	34138183	-3	1	-	NC_072378.2	34137774	34138059	LEMD2	XM_054490247.2	-	3	2	124	2	7	8	1	1	1	middle	middle	1.000	1.000	constitutive	constitutive	101	102	1
NC_072378.2	34904956	34905556	-3	1	-	NC_072378.2	34905058	34905369	SPDEF	XM_054491725.2	-	3	2	187	102	3	4	2	2	2	middle	middle	1.000	1.000	constitutive	constitutive	47	146	2
NC_072378.2	35665643	35666234	3	1	+	NC_072378.2	35665740	35666190	ZNF76	XM_054490639.2	+	3	2	97	44	5	6	5	4	5	middle	middle	0.800	1.000	alternative	constitutive	116	75	4
NC_072378.2	35665643	35666234	3	1	+	NC_072378.2	35665727	35666190	ZNF76	XM_054490641.2	+	3	2	84	44	3	4	5	1	5	middle	middle	0.200	1.000	unique	constitutive	129	75	1
NC_072378.2	35667583	35668579	2	1	+	NC_072378.2	35668017	35668507	ZNF76	XM_054490639.2	+	2	2	434	72	9	10	5	5	5	middle	middle	1.000	1.000	constitutive	constitutive	233	163	5
NC_072378.2	36117401	36117884	3	1	+	NC_072378.2	36117474	36117860	ARMC12	XM_054490679.2	+	3	2	73	24	4	5	3	3	3	middle	middle	1.000	1.000	constitutive	constitutive	173	71	3
NC_072378.2	36510929	36511460	3	1	+	NC_072378.2	36510948	36511302	MAPK13	XM_054491682.2	+	3	2	19	158	10	11	2	2	2	middle	middle	1.000	1.000	constitutive	constitutive	78	176	2
NC_072378.2	39243564	39244077	1	1	+	NC_072378.2	39243575	39244041	DNAH8	XM_054492591.2	+	1	2	11	36	50	51	1	1	1	middle	middle	1.000	1.000	constitutive	constitutive	241	140	1
NC_072378.2	41949874	41950495	2	1	+	NC_072378.2	41950040	41950439	FOXP4	XM_054491859.2	+	2	2	166	56	9	10	11	11	7	middle	middle	1.000	0.636	constitutive	alternative	83	207	7
NC_072378.2	41949874	41950495	2	1	+	NC_072378.2	41950040	41950439	FOXP4	XM_054491861.2	+	2	2	166	56	9	10	11	11	4	middle	middle	1.000	0.364	constitutive	alternative	83	171	4
NC_072378.2	43368326	43368923	3	1	+	NC_072378.2	43368367	43368761	PPP2R5D	XM_054493418.2	+	3	2	41	162	5	6	3	2	3	middle	middle	0.667	1.000	alternative	constitutive	199	110	2
NC_072378.2	43368326	43368923	3	1	+	NC_072378.2	43368388	43368761	PPP2R5D	XM_063667018.1	+	3	2	62	162	5	6	3	1	3	middle	middle	0.333	1.000	unique	constitutive	178	110	1
NC_072378.2	43371980	43372493	3	1	+	NC_072378.2	43372127	43372460	PPP2R5D	XM_054493418.2	+	3	2	147	33	15	16	3	3	3	middle	middle	1.000	1.000	constitutive	constitutive	72	116	3
NC_072378.2	43571221	43572076	2	1	+	NC_072378.2	43571400	43572075	CUL9	XM_054491214.2	+	2	3	179	1	21	23	11	11	4	middle	middle	1.000	0.364	constitutive	alternative	109	160	4
NC_072378.2	43571221	43572076	2	1	+	NC_072378.2	43571400	43572075	CUL9	XM_063667029.1	+	2	2	179	1	21	22	11	11	7	middle	middle	1.000	0.636	constitutive	alternative	109	490	7
NC_072378.2	43625221	43626487	2	1	+	NC_072378.2	43625461	43626129	TTBK1	XM_054492291.2	+	2	2	240	358	10	11	2	2	2	middle	middle	1.000	1.000	constitutive	constitutive	231	175	2
NC_072378.2	43997877	43998570	-1	1	-	NC_072378.2	43997929	43998430	GTPBP2	XM_054493256.2	-	1	2	140	52	4	5	2	2	2	middle	middle	1.000	1.000	constitutive	constitutive	108	197	2
NC_072378.2	44531935	44532502	2	1	+	NC_072378.2	44531987	44532502	TMEM63B	XM_054491411.2	+	2	2	52	0	22	23	10	10	10	middle	last	1.000	1.000	constitutive	constitutive	80	188	10
NC_072378.2	44627689	44628262	2	1	+	NC_072378.2	44627715	44628179	HSP90AB1	XM_054490192.2	+	2	2	26	83	7	8	1	1	1	middle	middle	1.000	1.000	constitutive	constitutive	190	147	1
NC_072378.2	44632994	44634020	-2	1	-	NC_072378.2	44633000	44633717	SLC35B2	XM_054490193.2	-	2	2	303	6	1	2	2	1	1	first	middle	0.500	0.500	unique	unique	10	193	1
NC_072378.2	44636281	44636863	-3	1	-	NC_072378.2	44636324	44636820	NFKBIE	XM_054490195.2	-	3	2	43	43	5	6	1	1	1	middle	middle	1.000	1.000	constitutive	constitutive	88	239	1
NC_072378.2	44679271	44679967	-3	1	-	NC_072378.2	44679305	44679928	AARS2	XM_054491219.2	-	3	2	39	34	15	17	1	1	1	middle	middle	1.000	1.000	constitutive	constitutive	137	108	1
NC_072378.2	7785363	7785720	1	1	+	NC_072378.2	7785370	7785720	BMP6	XM_054490858.2	+	1	2	7	0	6	7	1	1	1	middle	last	1.000	1.000	constitutive	constitutive	110	146	1
NC_072378.2	78567039	78567723	-1	1	-	NC_072378.2	78567094	78567714	PHIP	XM_054490176.2	-	1	3	9	55	1	4	2	2	2	first	middle	1.000	1.000	constitutive	constitutive	39	59	2
NC_072378.2	85188828	85189326	-1	1	-	NC_072378.2	85188874	85189263	SYNCRIP	XM_054492881.2	-	1	2	63	46	4	5	8	8	8	middle	middle	1.000	1.000	constitutive	constitutive	113	176	8
NC_072379.2	10006360	10007197	2	1	+	NC_072379.2	10006394	10007149	TRIP6	XM_054496426.2	+	2	2	34	48	3	4	1	1	1	middle	middle	1.000	1.000	constitutive	constitutive	125	371	1
NC_072379.2	10022869	10023190	2	1	+	NC_072379.2	10022870	10023170	SRRT	XM_054496421.1	+	2	2	1	20	7	8	7	7	7	middle	middle	1.000	1.000	constitutive	constitutive	98	117	7
NC_072379.2	1007415	1008498	1	1	+	NC_072379.2	1007885	1008258	LOC129040201	XM_054494352.1	+	1	2	470	240	3	4	1	1	1	middle	middle	1.000	1.000	constitutive	constitutive	149	157	1
NC_072379.2	10084011	10095126	1	1	+	NC_072379.2	10084070	10095124	MUC3A	XM_054496432.1	+	1	4	59	2	2	5	2	1	1	middle	middle	0.500	0.500	unique	unique	5723	1577	1
NC_072379.2	1009469	1010591	3	1	+	NC_072379.2	1009557	1010178	LOC129040201	XM_054494352.1	+	3	2	88	413	5	6	1	1	1	middle	middle	1.000	1.000	constitutive	constitutive	173	138	1
NC_072379.2	10114819	10129846	2	1	+	NC_072379.2	10114878	10117272	LOC129040851	XM_054495694.1	+	2	3	59	12574	2	4	1	1	1	middle	middle	1.000	1.000	constitutive	constitutive	782	587	1
NC_072379.2	10114819	10129846	2	1	+	NC_072379.2	10121357	10126990	LOC129040852	XM_054495695.1	+	2	2	6538	2856	1	2	1	1	1	first	middle	1.000	1.000	constitutive	constitutive	412	4119	1
NC_072379.2	10129849	10170319	2	1	+	NC_072379.2	10137911	10148579	LOC129040855	XM_054495698.2	+	2	8	8062	21740	1	9	1	1	1	first	middle	1.000	1.000	constitutive	constitutive	2023	228	1
NC_072379.2	10129849	10170319	2	1	+	NC_072379.2	10150202	10151648	LOC129040858	XM_054495699.1	+	2	2	20353	18671	1	2	1	1	1	first	middle	1.000	1.000	constitutive	constitutive	729	563	1
NC_072379.2	10129849	10170319	2	1	+	NC_072379.2	10155209	10156850	LOC129040859	XM_054495700.1	+	2	3	25360	13469	1	3	1	1	1	first	middle	1.000	1.000	constitutive	constitutive	70	879	1
NC_072379.2	10129849	10170319	2	1	+	NC_072379.2	10167071	10170317	LOC129040861	XM_054495703.2	+	2	2	37222	2	1	2	1	1	1	first	middle	1.000	1.000	constitutive	constitutive	576	2363	1
NC_072379.2	10129849	10170319	2	1	+	NC_072379.2	10131233	10133345	LOC129040853	XM_063668071.1	+	2	3	1384	36974	1	3	1	1	1	first	middle	1.000	1.000	constitutive	constitutive	184	371	1
NC_072379.2	10129849	10170319	2	1	+	NC_072379.2	10134521	10137221	LOC129040854	XM_063668072.1	+	2	3	4672	33098	1	3	1	1	1	first	middle	1.000	1.000	constitutive	constitutive	517	371	1
NC_072379.2	10200553	10224523	2	1	+	NC_072379.2	10205913	10224218	MUC12	XM_054496433.1	+	2	5	5360	305	6	10	1	1	1	middle	middle	1.000	1.000	constitutive	constitutive	578	1291	1
NC_072379.2	10250285	10260395	3	1	+	NC_072379.2	10255719	10260390	MUC17	XM_054495704.1	+	3	2	5434	5	1	2	1	1	1	first	middle	1.000	1.000	constitutive	constitutive	1982	2157	1
NC_072379.2	103425019	103425424	-2	1	-	NC_072379.2	103425086	103425399	SRPK2	XM_054495293.1	-	2	2	25	67	12	13	14	14	14	middle	middle	1.000	1.000	constitutive	constitutive	100	107	14
NC_072379.2	103863953	103864343	3	1	+	NC_072379.2	103863971	103864342	RINT1	XM_054494817.2	+	3	2	18	1	13	14	4	4	4	middle	middle	1.000	1.000	constitutive	constitutive	180	118	4
NC_072379.2	10417556	10418267	-1	1	-	NC_072379.2	10417557	10418073	LOC129041138	XM_063668073.1	-	1	2	194	1	6	7	1	1	1	middle	last	1.000	1.000	constitutive	constitutive	154	151	1
NC_072379.2	10429344	10429905	-3	1	-	NC_072379.2	10429393	10429735	PLOD3	XM_054496435.2	-	3	2	170	49	13	14	2	2	2	middle	middle	1.000	1.000	constitutive	constitutive	141	113	2
NC_072379.2	11645354	11645882	3	1	+	NC_072379.2	11645420	11645873	LRWD1	XM_054496522.2	+	3	2	66	9	2	3	1	1	1	middle	middle	1.000	1.000	constitutive	constitutive	234	116	1
NC_072379.2	11651691	11652288	1	1	+	NC_072379.2	11651828	11652180	LRWD1	XM_054496522.2	+	1	2	137	108	13	14	1	1	1	middle	middle	1.000	1.000	constitutive	constitutive	155	112	1
NC_072379.2	11668348	11668792	-2	1	-	NC_072379.2	11668349	11668643	LOC129041178	XM_054496519.2	-	2	2	149	1	20	21	2	1	1	middle	last	0.500	0.500	unique	unique	64	118	1
NC_072379.2	11681438	11682221	-1	1	-	NC_072379.2	11681615	11682111	LOC129041178	XM_054496519.2	-	1	2	110	177	9	10	2	2	2	middle	middle	1.000	1.000	constitutive	constitutive	117	150	2
NC_072379.2	11685874	11686441	-2	1	-	NC_072379.2	11685876	11686405	LOC129041178	XM_054496519.2	-	2	2	36	2	7	8	2	2	2	middle	middle	1.000	1.000	constitutive	constitutive	131	94	2
NC_072379.2	12302851	12303622	2	1	+	NC_072379.2	12303181	12303599	TMEM120A	XM_054496558.2	+	2	2	330	23	6	8	3	3	3	middle	middle	1.000	1.000	constitutive	constitutive	89	61	3
NC_072379.2	126283314	126287091	1	1	+	NC_072379.2	126283696	126286693	LOC129040965	XM_054495926.1	+	1	3	382	398	1	3	1	1	1	first	middle	1.000	1.000	constitutive	constitutive	240	272	1
NC_072379.2	126459695	126462032	3	1	+	NC_072379.2	126459940	126461900	LOC129041588	XM_054497076.1	+	3	2	245	132	4	5	1	1	1	middle	last	1.000	1.000	constitutive	constitutive	655	761	1
NC_072379.2	127441506	127442361	-3	1	-	NC_072379.2	127441542	127441986	IMPDH1	XM_054495126.2	-	3	2	375	36	7	8	3	3	3	middle	middle	1.000	1.000	constitutive	constitutive	206	87	3
NC_072379.2	127716830	127717484	3	1	+	NC_072379.2	127716910	127717307	FLNC	XM_054494783.2	+	3	2	80	177	12	13	4	4	4	middle	middle	1.000	1.000	constitutive	constitutive	193	113	4
NC_072379.2	127719503	127720028	3	1	+	NC_072379.2	127719549	127720019	FLNC	XM_054494783.2	+	3	2	46	9	19	20	4	4	4	middle	middle	1.000	1.000	constitutive	constitutive	117	262	4
NC_072379.2	127767595	127768543	-2	1	-	NC_072379.2	127767610	127768218	KCP	XM_054494787.2	-	2	2	325	15	12	14	4	4	4	middle	middle	1.000	1.000	constitutive	constitutive	85	152	4
NC_072379.2	12836948	12837416	-1	1	-	NC_072379.2	12836950	12837385	LOC129041212	XM_063668239.1	-	1	2	31	2	14	15	1	1	1	middle	middle	1.000	1.000	constitutive	constitutive	210	140	1
NC_072379.2	130422894	130423497	-3	1	-	NC_072379.2	130423027	130423497	PODXL	XM_054495781.2	-	3	2	0	133	5	6	1	1	1	middle	middle	1.000	1.000	constitutive	constitutive	147	61	1
NC_072379.2	13114448	13114778	3	1	+	NC_072379.2	13114519	13114778	CASTOR2	XM_054496598.2	+	3	2	71	0	8	9	1	1	1	middle	last	1.000	1.000	constitutive	constitutive	94	62	1
NC_072379.2	13285317	13285767	-3	1	-	NC_072379.2	13285319	13285745	GTF2I	XM_054496613.2	-	3	2	22	2	25	26	14	14	14	middle	middle	1.000	1.000	constitutive	constitutive	65	183	14
NC_072379.2	13981986	13982919	-3	1	-	NC_072379.2	13982325	13982888	ELN	XM_054495927.2	-	3	2	31	339	5	7	48	48	23	middle	middle	1.000	0.479	constitutive	alternative	92	65	23
NC_072379.2	13981986	13982919	-3	1	-	NC_072379.2	13982325	13982888	ELN	XM_054495928.2	-	3	2	31	339	5	7	48	48	25	middle	middle	1.000	0.521	constitutive	alternative	92	50	25
NC_072379.2	140604115	140604616	-2	1	-	NC_072379.2	140604117	140604531	DENND11	XM_054493757.2	-	2	2	85	2	6	7	1	1	1	middle	middle	1.000	1.000	constitutive	constitutive	131	150	1
NC_072379.2	141503202	141503778	1	1	+	NC_072379.2	141503311	141503778	LOC129040083	unassigned_transcript_306	+	1	2	109	0	1	2	1	1	1	first	last	1.000	1.000	constitutive	constitutive	48	304	1
NC_072379.2	141634439	141635213	3	1	+	NC_072379.2	141634674	141635194	LOC129041622	unassigned_transcript_319	+	3	2	235	19	1	2	1	1	1	first	middle	1.000	1.000	constitutive	constitutive	75	321	1
NC_072379.2	142083694	142083958	-2	1	-	NC_072379.2	142083696	142083958	TRPV6	XM_054493665.1	-	2	2	0	2	8	9	2	2	2	middle	middle	1.000	1.000	constitutive	constitutive	86	76	2
NC_072379.2	142122876	142123494	-3	1	-	NC_072379.2	142123035	142123441	TRPV5	XM_054493667.1	-	3	2	53	159	11	12	1	1	1	middle	middle	1.000	1.000	constitutive	constitutive	165	66	1
NC_072379.2	14331646	14331979	-2	1	-	NC_072379.2	14331648	14331926	BUD23	XM_054493788.2	-	2	2	53	2	4	5	5	5	5	middle	middle	1.000	1.000	constitutive	constitutive	82	96	5
NC_072379.2	14420193	14421462	1	1	+	NC_072379.2	14420218	14421298	MLXIPL	XM_054493794.2	+	1	2	25	164	9	10	3	3	1	middle	middle	1.000	0.333	constitutive	unique	531	293	1
NC_072379.2	14420193	14421462	1	1	+	NC_072379.2	14420218	14421298	MLXIPL	XM_054493797.2	+	1	3	25	164	9	11	3	3	1	middle	middle	1.000	0.333	constitutive	unique	531	150	1
NC_072379.2	14420193	14421462	1	1	+	NC_072379.2	14420218	14421298	MLXIPL	XM_054493799.2	+	1	3	25	164	9	11	3	3	1	middle	middle	1.000	0.333	constitutive	unique	531	147	1
NC_072379.2	14713063	14713531	2	1	+	NC_072379.2	14713095	14713530	NSUN5	XM_054493817.2	+	2	2	32	1	8	9	1	1	1	middle	middle	1.000	1.000	constitutive	constitutive	210	140	1
NC_072379.2	149102740	149103559	2	1	+	NC_072379.2	149102802	149103460	LOC129041660	XM_054497092.1	+	2	2	62	99	4	5	1	1	1	middle	middle	1.000	1.000	constitutive	constitutive	179	244	1
NC_072379.2	149116873	149117614	2	1	+	NC_072379.2	149117037	149117441	LOC129041660	XM_054497092.1	+	2	2	164	173	32	33	1	1	1	middle	middle	1.000	1.000	constitutive	constitutive	91	231	1
NC_072379.2	149117496	149118030	1	1	+	NC_072379.2	149117552	149117941	LOC129041660	XM_054497092.1	+	1	2	56	89	34	35	1	1	1	middle	middle	1.000	1.000	constitutive	constitutive	152	140	1
NC_072379.2	149134667	149135480	3	1	+	NC_072379.2	149134765	149135255	LOC129041660	XM_054497092.1	+	3	2	98	225	62	63	1	1	1	middle	middle	1.000	1.000	constitutive	constitutive	131	145	1
NC_072379.2	149140035	149140536	1	1	+	NC_072379.2	149140149	149140471	LOC129041660	XM_054497092.1	+	1	2	114	65	71	73	1	1	1	middle	middle	1.000	1.000	constitutive	constitutive	46	146	1
NC_072379.2	149229160	149229712	-2	1	-	NC_072379.2	149229259	149229660	LOC129040111	XM_063667975.1	-	2	2	52	99	50	52	1	1	1	middle	middle	1.000	1.000	constitutive	constitutive	86	122	1
NC_072379.2	149238682	149239216	-2	1	-	NC_072379.2	149238772	149239164	LOC129040111	XM_063667975.1	-	2	2	52	90	34	35	1	1	1	middle	middle	1.000	1.000	constitutive	constitutive	155	140	1
NC_072379.2	149239098	149239839	-3	1	-	NC_072379.2	149239275	149239676	LOC129040111	XM_063667975.1	-	3	2	163	177	32	33	1	1	1	middle	middle	1.000	1.000	constitutive	constitutive	91	228	1
NC_072379.2	149253175	149253994	-2	1	-	NC_072379.2	149253275	149253933	LOC129040111	XM_063667975.1	-	2	2	61	100	4	5	1	1	1	middle	middle	1.000	1.000	constitutive	constitutive	179	244	1
NC_072379.2	149363289	149363835	-3	1	-	NC_072379.2	149363290	149363748	RARRES2	XM_054494035.2	-	3	2	87	1	3	4	1	1	1	middle	last	1.000	1.000	constitutive	constitutive	95	113	1
NC_072379.2	1496024	1496918	-1	1	-	NC_072379.2	1496375	1496894	INTS1	XM_054494080.2	-	1	2	24	351	31	32	4	4	4	middle	middle	1.000	1.000	constitutive	constitutive	159	140	4
NC_072379.2	149998362	149999034	-3	1	-	NC_072379.2	149998364	149998910	KCNH2	XM_054495685.2	-	3	2	124	2	12	13	6	4	4	middle	middle	0.667	0.667	alternative	alternative	272	186	4
NC_072379.2	150059578	150059968	2	1	+	NC_072379.2	150059630	150059967	NOS3	XM_054494469.1	+	2	2	52	1	17	18	4	1	1	middle	middle	0.250	0.250	unique	unique	132	78	1
NC_072379.2	150064426	150065020	2	1	+	NC_072379.2	150064559	150065020	NOS3	XM_054494469.1	+	2	2	133	0	25	26	4	1	1	middle	last	0.250	0.250	unique	unique	194	158	1
NC_072379.2	150128039	150128852	3	1	+	NC_072379.2	150128164	150128744	SLC4A2	XM_054494500.2	+	3	2	125	108	20	21	2	2	2	middle	middle	1.000	1.000	constitutive	constitutive	169	173	2
NC_072379.2	150169842	150170598	1	1	+	NC_072379.2	150170089	150170442	AGAP3	XM_054495003.2	+	1	2	247	156	3	4	12	10	10	middle	middle	0.833	0.833	alternative	alternative	87	85	10
NC_072379.2	1503177	1504224	-3	1	-	NC_072379.2	1503637	1504008	INTS1	XM_054494080.2	-	3	2	216	460	22	23	4	4	4	middle	middle	1.000	1.000	constitutive	constitutive	179	104	4
NC_072379.2	1504997	1505747	-1	1	-	NC_072379.2	1505154	1505630	INTS1	XM_054494080.2	-	1	2	117	157	20	21	4	4	4	middle	middle	1.000	1.000	constitutive	constitutive	179	149	4
NC_072379.2	1518376	1518979	-2	1	-	NC_072379.2	1518378	1518754	INTS1	XM_054494080.2	-	2	2	225	2	5	6	4	4	4	middle	middle	1.000	1.000	constitutive	constitutive	159	105	4
NC_072379.2	1566474	1567488	-3	1	-	NC_072379.2	1566475	1567469	TMEM184A	XM_054495475.2	-	3	2	19	1	8	9	3	1	1	middle	last	0.333	0.333	unique	unique	197	226	1
NC_072379.2	20735670	20736507	1	1	+	NC_072379.2	20735904	20736226	LOC129040489	XM_054495094.2	+	1	2	234	281	3	4	2	1	1	middle	middle	0.500	0.500	unique	unique	49	101	1
NC_072379.2	24760425	24761994	1	1	+	NC_072379.2	24760517	24761994	LOC129041396	XM_054496911.1	+	1	2	92	0	5	6	1	1	1	middle	last	1.000	1.000	constitutive	constitutive	661	395	1
NC_072379.2	25235186	25236335	3	1	+	NC_072379.2	25235278	25236335	LOC129041472	XM_054497042.1	+	3	2	92	0	6	7	1	1	1	middle	last	1.000	1.000	constitutive	constitutive	744	231	1
NC_072379.2	2689541	2690102	-1	1	-	NC_072379.2	2689635	2689916	IQCE	XM_054494554.2	-	1	2	186	94	4	5	22	22	22	middle	middle	1.000	1.000	constitutive	constitutive	113	50	22
NC_072379.2	41493308	41494010	3	1	+	NC_072379.2	41493312	41493920	TBRG4	XM_054495318.2	+	3	2	4	90	3	4	5	5	5	middle	middle	1.000	1.000	constitutive	constitutive	171	157	5
NC_072379.2	42459495	42460227	1	1	+	NC_072379.2	42459697	42460171	MYL7	XM_054494754.2	+	1	2	202	56	3	4	1	1	1	middle	middle	1.000	1.000	constitutive	constitutive	75	104	1
NC_072379.2	42478784	42479612	3	1	+	NC_072379.2	42478898	42479483	POLD2	XM_054494756.1	+	3	2	114	129	6	7	5	5	5	middle	middle	1.000	1.000	constitutive	constitutive	198	80	5
NC_072379.2	42484434	42485124	-3	1	-	NC_072379.2	42484669	42484995	AEBP1	XM_054494755.2	-	3	2	129	235	13	14	2	2	2	middle	middle	1.000	1.000	constitutive	constitutive	144	85	2
NC_072379.2	4886586	4887957	-3	1	-	NC_072379.2	4886631	4887767	RADIL	XM_054496050.2	-	3	2	190	45	6	7	2	2	2	middle	middle	1.000	1.000	constitutive	constitutive	112	237	2
NC_072379.2	55615042	55615741	-2	1	-	NC_072379.2	55615276	55615612	GHRHR	XM_054495503.1	-	2	2	129	234	2	3	1	1	1	middle	middle	1.000	1.000	constitutive	constitutive	102	107	1
NC_072379.2	5580134	5580770	-1	1	-	NC_072379.2	5580228	5580719	ACTB	XM_054496084.2	-	1	2	51	94	1	2	1	1	1	first	middle	1.000	1.000	constitutive	constitutive	122	239	1
NC_072379.2	56075919	56076420	1	1	+	NC_072379.2	56076064	56076415	LOC129040294	XM_063667414.1	+	1	2	145	5	20	22	1	1	1	middle	middle	1.000	1.000	constitutive	constitutive	99	27	1
NC_072379.2	6018446	6019094	3	1	+	NC_072379.2	6018555	6019094	LOC129041024	XM_063668082.1	+	3	2	109	0	1	2	1	1	1	first	last	1.000	1.000	constitutive	constitutive	193	249	1
NC_072379.2	60546713	60547019	3	1	+	NC_072379.2	60546739	60546996	HNRNPA2B1	XM_054496930.2	+	3	2	26	23	6	7	8	8	8	middle	middle	1.000	1.000	constitutive	constitutive	101	80	8
NC_072379.2	64793293	64793677	-2	1	-	NC_072379.2	64793295	64793671	DNAH11	XM_063667481.1	-	2	2	6	2	78	79	1	1	1	middle	middle	1.000	1.000	constitutive	constitutive	182	115	1
NC_072379.2	6597838	6598414	2	1	+	NC_072379.2	6597839	6598414	RAC1	XM_054496170.2	+	2	2	1	0	5	6	2	2	2	middle	last	1.000	1.000	constitutive	constitutive	159	127	2
NC_072379.2	6697759	6698185	-2	1	-	NC_072379.2	6697784	6698161	GRID2IP	XM_054496173.2	-	2	2	24	25	17	18	1	1	1	middle	middle	1.000	1.000	constitutive	constitutive	155	86	1
NC_072379.2	7423070	7423658	-1	1	-	NC_072379.2	7423072	7423484	TECPR1	XM_054495348.2	-	1	2	174	2	12	13	7	7	7	middle	middle	1.000	1.000	constitutive	constitutive	149	157	7
NC_072379.2	74448385	74449030	2	1	+	NC_072379.2	74448411	74448980	VWDE	XM_063667148.1	+	2	2	26	50	21	22	1	1	1	middle	middle	1.000	1.000	constitutive	constitutive	221	140	1
NC_072379.2	79050945	79051224	-3	1	-	NC_072379.2	79050946	79051200	UMAD1	XM_063667538.1	-	3	2	24	1	3	4	2	1	1	middle	last	0.500	0.500	unique	unique	99	46	1
NC_072379.2	85463676	85464120	1	1	+	NC_072379.2	85463709	85464045	PEX1	XM_054493856.2	+	1	2	33	75	18	19	5	5	5	middle	middle	1.000	1.000	constitutive	constitutive	142	103	5
NC_072379.2	9351578	9352313	3	1	+	NC_072379.2	9351609	9352299	COPS6	XM_054496270.2	+	3	2	31	14	2	3	2	1	1	middle	middle	0.500	0.500	unique	unique	342	125	1
NC_072379.2	9351578	9352313	3	1	+	NC_072379.2	9351873	9352299	COPS6	XM_054496271.2	+	3	2	295	14	1	2	2	1	1	first	middle	0.500	0.500	unique	unique	78	122	1
NC_072379.2	9354215	9354677	3	1	+	NC_072379.2	9354301	9354677	COPS6	XM_054496270.2	+	3	2	86	0	10	11	2	2	2	middle	last	1.000	1.000	constitutive	constitutive	100	137	2
NC_072379.2	9360152	9360848	-1	1	-	NC_072379.2	9360209	9360539	MCM7	XM_054496236.1	-	1	2	309	57	8	9	1	1	1	middle	middle	1.000	1.000	constitutive	constitutive	114	131	1
NC_072379.2	9432308	9432719	-1	1	-	NC_072379.2	9432310	9432698	GPC2	XM_054496288.2	-	1	2	21	2	7	8	1	1	1	middle	middle	1.000	1.000	constitutive	constitutive	146	139	1
NC_072379.2	9485963	9486467	3	1	+	NC_072379.2	9485984	9486467	PVRIG	XM_054496300.1	+	3	2	21	0	4	5	2	2	2	middle	last	1.000	1.000	constitutive	constitutive	60	320	2
NC_072379.2	9706694	9707165	-1	1	-	NC_072379.2	9706695	9707149	SAP25	XM_054496371.1	-	1	2	16	1	5	6	2	2	2	middle	last	1.000	1.000	constitutive	constitutive	97	281	2
NC_072379.2	9712225	9712984	-2	1	-	NC_072379.2	9712231	9712667	LRCH4	XM_054496361.2	-	2	2	317	6	7	8	4	4	4	middle	middle	1.000	1.000	constitutive	constitutive	99	90	4
NC_072379.2	9749227	9749629	2	1	+	NC_072379.2	9749316	9749629	MOSPD3	XM_054496374.2	+	2	2	89	0	4	5	6	6	6	middle	last	1.000	1.000	constitutive	constitutive	164	28	6
NC_072379.2	9764950	9765346	-2	1	-	NC_072379.2	9765085	9765318	TFR2	XM_054496380.2	-	2	2	28	135	11	12	3	3	3	middle	middle	1.000	1.000	constitutive	constitutive	82	63	3
NC_072379.2	9769990	9770605	-2	1	-	NC_072379.2	9770051	9770390	TFR2	XM_054496380.2	-	2	2	215	61	5	6	3	3	3	middle	middle	1.000	1.000	constitutive	constitutive	111	122	3
NC_072379.2	9784564	9785026	-2	1	-	NC_072379.2	9784595	9784862	ACTL6B	XM_054496384.2	-	2	2	164	31	5	6	2	2	2	middle	middle	1.000	1.000	constitutive	constitutive	94	106	2
NC_072379.2	9815572	9816082	2	1	+	NC_072379.2	9815681	9816082	GNB2	XM_054496386.2	+	2	2	109	0	8	9	1	1	1	middle	last	1.000	1.000	constitutive	constitutive	216	103	1
NC_072379.2	9819981	9820938	-3	1	-	NC_072379.2	9820555	9820883	GIGYF1	XM_054496388.2	-	3	2	55	574	17	18	13	13	13	middle	middle	1.000	1.000	constitutive	constitutive	82	140	13
NC_072379.2	9823010	9823772	-1	1	-	NC_072379.2	9823244	9823702	GIGYF1	XM_054496388.2	-	1	2	70	234	8	9	13	13	13	middle	middle	1.000	1.000	constitutive	constitutive	253	105	13
NC_072380.2	10198453	10206115	2	1	+	NC_072380.2	10198560	10206115	RP1L1	XM_054499076.1	+	2	2	107	0	3	4	1	1	1	middle	last	1.000	1.000	constitutive	constitutive	3256	3140	1
NC_072380.2	103750335	103750593	1	1	+	NC_072380.2	103750345	103750587	SLC26A7	XM_054499127.2	+	1	2	10	6	16	17	2	2	2	middle	middle	1.000	1.000	constitutive	constitutive	54	103	2
NC_072380.2	106523135	106523621	-1	1	-	NC_072380.2	106523154	106523617	CDH17	XM_054498673.2	-	1	2	4	19	5	6	4	3	3	middle	middle	0.750	0.750	alternative	alternative	158	199	3
NC_072380.2	112408940	112409246	-1	1	-	NC_072380.2	112408955	112409246	RGS22	XM_054497617.2	-	1	2	0	15	26	27	28	27	27	middle	middle	0.964	0.964	alternative	alternative	93	80	27
NC_072380.2	135570774	135571557	1	1	+	NC_072380.2	135571003	135571557	LOC134740039	XM_063669049.1	+	1	2	229	0	1	2	1	1	1	first	last	1.000	1.000	constitutive	constitutive	136	180	1
NC_072380.2	135903943	135904423	2	1	+	NC_072380.2	135903944	135904242	TBC1D31	XM_054497461.2	+	2	2	1	181	9	10	20	18	14	middle	middle	0.900	0.700	alternative	alternative	79	146	14
NC_072380.2	135903943	135904423	2	1	+	NC_072380.2	135903944	135904242	TBC1D31	XM_054497463.2	+	2	2	1	181	9	10	20	18	4	middle	middle	0.900	0.200	alternative	alternative	79	92	4
NC_072380.2	154343840	154345235	-1	1	-	NC_072380.2	154344167	154344866	LOC129042357	XM_054498242.2	-	1	3	369	327	27	29	9	9	7	middle	middle	1.000	0.778	constitutive	alternative	122	74	7
NC_072380.2	154343840	154345235	-1	1	-	NC_072380.2	154344440	154344866	LOC129042357	XM_054498245.2	-	1	2	369	600	27	28	9	9	9	middle	middle	1.000	1.000	constitutive	constitutive	122	102	2
NC_072380.2	155497787	155498357	3	1	+	NC_072380.2	155497878	155498183	ADGRB1	XM_054498572.2	+	3	2	91	174	28	29	5	5	5	middle	middle	1.000	1.000	constitutive	constitutive	35	107	5
NC_072380.2	156073268	156073766	3	1	+	NC_072380.2	156073320	156073593	LY6L	XM_054497695.2	+	3	2	52	173	1	2	1	1	1	first	middle	1.000	1.000	constitutive	constitutive	72	116	1
NC_072380.2	156303607	156304114	-2	1	-	NC_072380.2	156303609	156304008	TOP1MT	XM_054497912.2	-	2	2	106	2	11	12	6	6	6	middle	middle	1.000	1.000	constitutive	constitutive	127	94	6
NC_072380.2	156557316	156558201	-3	1	-	NC_072380.2	156557605	156558183	MROH6	XM_054498301.2	-	3	2	18	289	10	11	1	1	1	middle	middle	1.000	1.000	constitutive	constitutive	167	119	1
NC_072380.2	156558653	156559247	-1	1	-	NC_072380.2	156558837	156559247	MROH6	XM_054498301.2	-	1	2	0	184	8	9	1	1	1	middle	middle	1.000	1.000	constitutive	constitutive	143	173	1
NC_072380.2	156559683	156560643	-3	1	-	NC_072380.2	156559685	156560437	MROH6	XM_054498301.2	-	3	2	206	2	4	6	1	1	1	middle	middle	1.000	1.000	constitutive	constitutive	117	137	1
NC_072380.2	156565431	156566016	-3	1	-	NC_072380.2	156565536	156565815	NAPRT	XM_054497420.2	-	3	2	201	105	9	10	1	1	1	middle	middle	1.000	1.000	constitutive	constitutive	80	102	1
NC_072380.2	156569227	156569878	-2	1	-	NC_072380.2	156569229	156569760	NAPRT	XM_054497420.2	-	2	2	118	2	5	6	1	1	1	middle	middle	1.000	1.000	constitutive	constitutive	115	196	1
NC_072380.2	156607030	156607711	-2	1	-	NC_072380.2	156607093	156607687	GFUS	XM_054497974.2	-	2	2	24	63	4	6	3	3	3	middle	middle	1.000	1.000	constitutive	constitutive	128	133	3
NC_072380.2	156717409	156717937	2	1	+	NC_072380.2	156717677	156717932	MAPK15	XM_054497882.2	+	2	2	268	5	3	4	3	3	3	middle	middle	1.000	1.000	constitutive	constitutive	29	90	3
NC_072380.2	156718200	156718944	1	1	+	NC_072380.2	156718562	156718943	MAPK15	XM_054497882.2	+	1	2	362	1	5	6	3	3	3	middle	middle	1.000	1.000	constitutive	constitutive	130	163	3
NC_072380.2	156725657	156729179	-1	1	-	NC_072380.2	156725658	156729089	FAM83H	XM_054497878.2	-	1	2	90	1	2	4	3	3	3	middle	last	1.000	1.000	constitutive	constitutive	164	2832	3
NC_072380.2	156786404	156787055	3	1	+	NC_072380.2	156786405	156787031	IQANK1	XM_054497880.2	+	3	3	1	24	5	7	8	7	8	middle	middle	0.875	1.000	alternative	constitutive	139	92	7
NC_072380.2	156786404	156787055	3	1	+	NC_072380.2	156786405	156787031	IQANK1	XM_063669206.1	+	3	3	1	24	7	9	8	1	8	middle	middle	0.125	1.000	unique	constitutive	148	92	1
NC_072380.2	156790084	156790981	-2	1	-	NC_072380.2	156790086	156790684	SCRIB	XM_054497867.2	-	2	3	297	2	30	32	14	11	13	middle	middle	0.786	0.929	alternative	alternative	107	150	11
NC_072380.2	156790084	156790981	-2	1	-	NC_072380.2	156790086	156790468	SCRIB	XM_063669196.1	-	2	2	513	2	29	30	14	13	13	middle	middle	0.929	0.929	alternative	alternative	159	150	2
NC_072380.2	156792809	156793217	-1	1	-	NC_072380.2	156792882	156793130	SCRIB	XM_054497867.2	-	1	2	87	73	25	26	14	14	14	middle	middle	1.000	1.000	constitutive	constitutive	110	56	14
NC_072380.2	156802502	156803198	-1	1	-	NC_072380.2	156802641	156803105	SCRIB	XM_054497867.2	-	1	2	93	139	20	21	14	12	14	middle	middle	0.857	1.000	alternative	constitutive	80	275	12
NC_072380.2	156802502	156803198	-1	1	-	NC_072380.2	156802641	156803105	SCRIB	XM_054497875.2	-	1	2	93	139	20	21	14	2	14	middle	middle	0.143	1.000	alternative	constitutive	59	275	2
NC_072380.2	156815790	156816297	-3	1	-	NC_072380.2	156815874	156816297	PUF60	XM_054497810.2	-	3	2	0	84	7	8	17	17	17	middle	middle	1.000	1.000	constitutive	constitutive	92	213	17
NC_072380.2	156832550	156833315	-1	1	-	NC_072380.2	156832551	156833210	NRBP2	XM_054497818.2	-	1	3	105	1	15	17	3	3	1	middle	last	1.000	0.333	constitutive	unique	53	208	1
NC_072380.2	156832550	156833315	-1	1	-	NC_072380.2	156832997	156833210	NRBP2	XM_054497820.2	-	1	2	105	447	15	16	3	3	2	middle	middle	1.000	0.667	constitutive	alternative	53	63	1
NC_072380.2	156832550	156833315	-1	1	-	NC_072380.2	156832551	156833210	NRBP2	XM_063669208.1	-	1	2	105	1	15	16	3	3	1	middle	last	1.000	0.333	constitutive	unique	53	509	1
NC_072380.2	156835791	156836316	-3	1	-	NC_072380.2	156835975	156836288	NRBP2	XM_054497818.2	-	3	3	28	184	7	9	3	3	3	middle	middle	1.000	1.000	constitutive	constitutive	23	55	3
NC_072380.2	156836600	156837158	-1	1	-	NC_072380.2	156836602	156837119	NRBP2	XM_054497818.2	-	1	2	39	2	3	5	3	3	3	middle	middle	1.000	1.000	constitutive	constitutive	101	40	3
NC_072380.2	156937473	156938082	-3	1	-	NC_072380.2	156937579	156937886	PLEC	XM_054497754.2	-	3	2	196	106	8	9	18	10	18	middle	middle	0.556	1.000	alternative	constitutive	106	119	10
NC_072380.2	156937473	156938082	-3	1	-	NC_072380.2	156937579	156937886	PLEC	XM_063669278.1	-	3	2	196	106	8	9	18	8	18	middle	middle	0.444	1.000	alternative	constitutive	94	119	8
NC_072380.2	156986336	156986906	-1	1	-	NC_072380.2	156986381	156986804	PARP10	XM_054499063.2	-	1	2	102	45	5	6	4	4	4	middle	middle	1.000	1.000	constitutive	constitutive	221	96	4
NC_072380.2	157050756	157051425	-3	1	-	NC_072380.2	157050805	157051167	OPLAH	XM_054499060.2	-	3	2	258	49	21	22	4	4	4	middle	middle	1.000	1.000	constitutive	constitutive	146	134	4
NC_072380.2	157055423	157056248	-1	1	-	NC_072380.2	157055517	157056211	OPLAH	XM_054499060.2	-	1	2	37	94	8	10	4	4	4	middle	middle	1.000	1.000	constitutive	constitutive	138	265	4
NC_072380.2	157082030	157082678	3	1	+	NC_072380.2	157082050	157082441	GPAA1	XM_054499066.2	+	3	2	20	237	5	6	1	1	1	middle	middle	1.000	1.000	constitutive	constitutive	101	196	1
NC_072380.2	157112199	157112667	1	1	+	NC_072380.2	157112269	157112666	WDR97	XM_054497801.2	+	1	2	70	1	19	20	1	1	1	middle	middle	1.000	1.000	constitutive	constitutive	197	121	1
NC_072380.2	157239247	157239793	2	1	+	NC_072380.2	157239306	157239737	MROH1	XM_054499266.2	+	2	2	59	56	15	16	22	22	22	middle	middle	1.000	1.000	constitutive	constitutive	40	141	22
NC_072380.2	157261146	157261590	1	1	+	NC_072380.2	157261147	157261456	MROH1	XM_054499266.2	+	1	2	1	134	39	40	22	22	14	middle	middle	1.000	0.636	constitutive	alternative	134	102	14
NC_072380.2	157261146	157261590	1	1	+	NC_072380.2	157261147	157261589	MROH1	XM_054499271.2	+	1	2	1	1	39	40	22	22	8	middle	middle	1.000	0.364	constitutive	alternative	134	235	8
NC_072380.2	157264524	157265262	-3	1	-	NC_072380.2	157264645	157265248	BOP1	XM_054499281.2	-	3	2	14	121	5	7	5	5	5	middle	middle	1.000	1.000	constitutive	constitutive	117	212	5
NC_072380.2	157313043	157313595	1	1	+	NC_072380.2	157313050	157313594	HSF1	XM_054499284.2	+	1	2	7	1	8	9	3	3	3	middle	middle	1.000	1.000	constitutive	constitutive	136	281	3
NC_072380.2	157318948	157319392	-2	1	-	NC_072380.2	157318991	157319337	DGAT1	XM_054499286.2	-	2	2	55	43	9	11	1	1	1	middle	middle	1.000	1.000	constitutive	constitutive	103	41	1
NC_072380.2	157354815	157355307	-3	1	-	NC_072380.2	157354855	157355226	TMEM249	XM_054499302.2	-	3	2	81	40	2	3	2	2	2	middle	middle	1.000	1.000	constitutive	constitutive	195	85	2
NC_072380.2	157360633	157362034	2	1	+	NC_072380.2	157360653	157361743	SLC52A2	XM_054499294.2	+	2	2	20	291	2	3	16	11	9	middle	middle	0.688	0.562	alternative	alternative	870	123	6
NC_072380.2	157360633	157362034	2	1	+	NC_072380.2	157360634	157361743	SLC52A2	XM_054499300.2	+	2	2	1	291	2	3	16	5	9	middle	middle	0.312	0.562	alternative	alternative	889	123	3
NC_072380.2	157360633	157362034	2	1	+	NC_072380.2	157360653	157362034	SLC52A2	XM_063669317.1	+	2	2	20	0	2	3	16	11	7	middle	last	0.688	0.438	alternative	alternative	870	414	5
NC_072380.2	157360633	157362034	2	1	+	NC_072380.2	157360634	157362034	SLC52A2	XM_063669322.1	+	2	2	1	0	2	3	16	5	7	middle	last	0.312	0.438	alternative	alternative	889	414	2
NC_072380.2	157393408	157394005	2	1	+	NC_072380.2	157393490	157393909	ADCK5	XM_054499312.2	+	2	2	82	96	5	6	6	3	6	middle	middle	0.500	1.000	alternative	constitutive	200	140	3
NC_072380.2	157393408	157394005	2	1	+	NC_072380.2	157393495	157393909	ADCK5	XM_054499314.2	+	2	2	87	96	2	3	6	3	6	middle	middle	0.500	1.000	alternative	constitutive	195	140	3
NC_072380.2	157394257	157394728	2	1	+	NC_072380.2	157394417	157394660	ADCK5	XM_054499312.2	+	2	2	160	68	9	10	6	6	6	middle	middle	1.000	1.000	constitutive	constitutive	83	81	6
NC_072380.2	157394582	157395518	3	1	+	NC_072380.2	157394894	157395517	ADCK5	XM_054499312.2	+	3	3	312	1	12	14	6	6	6	middle	middle	1.000	1.000	constitutive	constitutive	91	116	6
NC_072380.2	157402012	157402402	-2	1	-	NC_072380.2	157402078	157402336	CPSF1	XM_054499304.2	-	2	2	66	66	11	12	6	6	6	middle	middle	1.000	1.000	constitutive	constitutive	122	51	6
NC_072380.2	157402616	157403009	-1	1	-	NC_072380.2	157402618	157402897	CPSF1	XM_054499304.2	-	1	2	112	2	8	9	6	6	6	middle	middle	1.000	1.000	constitutive	constitutive	110	93	6
NC_072380.2	157440652	157441330	-2	1	-	NC_072380.2	157440865	157441224	TONSL	XM_054499316.2	-	2	2	106	213	15	16	5	5	5	middle	middle	1.000	1.000	constitutive	constitutive	163	123	5
NC_072380.2	157473622	157474144	2	1	+	NC_072380.2	157473656	157474033	KIFC2	XM_054499348.2	+	2	2	34	111	11	12	1	1	1	middle	middle	1.000	1.000	constitutive	constitutive	108	157	1
NC_072380.2	157476626	157477100	3	1	+	NC_072380.2	157476737	157477083	KIFC2	XM_054499348.2	+	3	2	111	17	15	16	1	1	1	middle	middle	1.000	1.000	constitutive	constitutive	123	129	1
NC_072380.2	157502729	157503074	3	1	+	NC_072380.2	157502782	157503073	PPP1R16A	XM_054499357.2	+	3	2	53	1	3	4	2	2	2	middle	middle	1.000	1.000	constitutive	constitutive	70	145	2
NC_072380.2	157509198	157510305	1	1	+	NC_072380.2	157509280	157510272	GPT	XM_054499349.2	+	1	2	82	33	3	6	3	3	3	middle	middle	1.000	1.000	constitutive	constitutive	243	174	3
NC_072380.2	157514267	157514627	3	1	+	NC_072380.2	157514272	157514626	MFSD3	XM_063669253.1	+	3	2	5	1	2	3	4	2	2	middle	middle	0.500	0.500	alternative	alternative	139	124	2
NC_072380.2	157837674	157838697	-3	1	-	NC_072380.2	157837675	157838625	LOC134740056	XM_063669270.1	-	3	2	72	1	1	2	1	1	1	first	last	1.000	1.000	constitutive	constitutive	548	329	1
NC_072380.2	1846280	1846658	3	1	+	NC_072380.2	1846370	1846590	MYOM2	XM_054498927.2	+	3	2	90	68	6	7	1	1	1	middle	middle	1.000	1.000	constitutive	constitutive	88	50	1
NC_072380.2	22178307	22178790	1	1	+	NC_072380.2	22178332	22178655	FHIP2B	XM_054498662.2	+	1	2	25	135	4	5	2	2	2	middle	middle	1.000	1.000	constitutive	constitutive	104	122	2
NC_072380.2	22200691	22201456	-2	1	-	NC_072380.2	22200849	22201252	HR	XM_054498930.2	-	2	2	204	158	11	12	4	4	4	middle	middle	1.000	1.000	constitutive	constitutive	165	69	4
NC_072380.2	38090549	38091131	3	1	+	NC_072380.2	38090577	38091017	ADGRA2	XM_054498928.2	+	3	2	28	114	10	11	2	2	2	middle	middle	1.000	1.000	constitutive	constitutive	149	161	2
NC_072380.2	44344899	44346231	-3	1	-	NC_072380.2	44345044	44345617	LOC129042065	XM_054497665.2	-	3	2	614	145	3	4	1	1	1	middle	middle	1.000	1.000	constitutive	constitutive	204	179	1
NC_072380.2	58314673	58315024	2	1	+	NC_072380.2	58314697	58315021	LOC134739968	XM_063668482.1	+	2	2	24	3	6	7	1	1	1	middle	middle	1.000	1.000	constitutive	constitutive	81	155	1
NC_072380.2	59491304	59491832	-1	1	-	NC_072380.2	59491306	59491655	PRKDC	XM_054498113.2	-	1	2	177	2	53	54	4	4	4	middle	middle	1.000	1.000	constitutive	constitutive	124	149	4
NC_072380.2	8084495	8086187	3	1	+	NC_072380.2	8084601	8085966	LOC129043213	XM_063669421.1	+	3	2	106	221	1	2	1	1	1	first	middle	1.000	1.000	constitutive	constitutive	542	120	1
NC_072380.2	8107807	8109499	2	1	+	NC_072380.2	8107913	8109278	LOC134740065	XM_063669423.1	+	2	2	106	221	1	2	1	1	1	first	middle	1.000	1.000	constitutive	constitutive	542	120	1
NC_072380.2	8112469	8114161	2	1	+	NC_072380.2	8112575	8113940	LOC134740066	XM_063669424.1	+	2	2	106	221	1	2	1	1	1	first	middle	1.000	1.000	constitutive	constitutive	542	120	1
NC_072380.2	8117125	8118817	2	1	+	NC_072380.2	8117231	8118596	LOC129043217	XM_063669425.1	+	2	2	106	221	1	2	1	1	1	first	middle	1.000	1.000	constitutive	constitutive	542	120	1
NC_072380.2	8121787	8123479	2	1	+	NC_072380.2	8121893	8123258	LOC129043197	XM_063669426.1	+	2	2	106	221	1	2	1	1	1	first	middle	1.000	1.000	constitutive	constitutive	542	120	1
NC_072380.2	8126445	8128137	1	1	+	NC_072380.2	8126551	8127916	LOC129043218	XM_063669427.1	+	1	2	106	221	1	2	1	1	1	first	middle	1.000	1.000	constitutive	constitutive	599	120	1
NC_072381.2	100624638	100625337	-1	1	-	NC_072381.2	100624930	100625323	SORBS1	XM_054503034.2	-	1	2	14	292	22	23	39	39	39	middle	middle	1.000	1.000	constitutive	constitutive	114	125	39
NC_072381.2	100898288	100898798	-2	1	-	NC_072381.2	100898307	100898726	ALDH18A1	XM_054435804.2	-	2	2	72	19	13	14	11	11	11	middle	middle	1.000	1.000	constitutive	constitutive	195	121	11
NC_072381.2	102678294	102678747	-1	1	-	NC_072381.2	102678336	102678729	RRP12	XM_054435430.2	-	1	2	18	42	23	24	2	2	2	middle	middle	1.000	1.000	constitutive	constitutive	105	107	2
NC_072381.2	102681401	102682223	-2	1	-	NC_072381.2	102681851	102682168	RRP12	XM_054435430.2	-	2	2	55	450	16	17	2	2	2	middle	middle	1.000	1.000	constitutive	constitutive	64	162	2
NC_072381.2	105756471	105757173	-1	1	-	NC_072381.2	105756526	105757145	SEC31B	XM_054436079.2	-	1	2	28	55	22	23	1	1	1	middle	middle	1.000	1.000	constitutive	constitutive	314	58	1
NC_072381.2	108163769	108164051	3	1	+	NC_072381.2	108163839	108164050	BORCS7	XM_054436845.2	+	3	2	70	1	2	3	1	1	1	middle	middle	1.000	1.000	constitutive	constitutive	62	43	1
NC_072381.2	118330749	118331538	1	1	+	NC_072381.2	118330816	118331332	TCF7L2	XM_054503879.2	+	1	2	67	206	1	2	50	49	49	first	middle	0.980	0.980	alternative	alternative	188	66	49
NC_072381.2	124976246	124976576	-2	1	-	NC_072381.2	124976248	124976533	TIAL1	XM_054435339.2	-	2	2	43	2	8	9	5	5	5	middle	middle	1.000	1.000	constitutive	constitutive	95	84	5
NC_072381.2	13335659	13335986	3	1	+	NC_072381.2	13335670	13335985	MCM10	XM_054436304.2	+	3	2	11	1	11	12	4	4	4	middle	middle	1.000	1.000	constitutive	constitutive	110	117	4
NC_072381.2	134974871	134978786	3	1	+	NC_072381.2	134975552	134978063	LOC134740200	XM_063670431.1	+	3	6	681	723	4	10	1	1	1	middle	last	1.000	1.000	constitutive	constitutive	229	295	1
NC_072381.2	134974989	134978712	1	1	+	NC_072381.2	134975158	134977624	LOC134740200	XM_063670431.1	+	1	2	169	1088	3	9	1	1	1	middle	middle	1.000	1.000	constitutive	constitutive	139	62	1
NC_072381.2	135423595	135424336	-3	1	-	NC_072381.2	135423632	135424033	EBF3	XM_054436322.2	-	3	2	303	37	1	2	14	14	14	first	middle	1.000	1.000	constitutive	constitutive	133	156	14
NC_072381.2	137501130	137503029	-1	1	-	NC_072381.2	137501131	137502672	LOC134740192	XM_063670410.1	-	1	2	357	1	1	2	1	1	1	first	last	1.000	1.000	constitutive	constitutive	1289	161	1
NC_072381.2	138396779	138397367	-2	1	-	NC_072381.2	138396930	138397319	CFAP46	XM_054473811.2	-	2	2	48	151	42	43	1	1	1	middle	middle	1.000	1.000	constitutive	constitutive	134	179	1
NC_072381.2	138747598	138748402	2	1	+	NC_072381.2	138747927	138748144	KNDC1	XM_054504007.2	+	2	2	329	258	8	9	5	2	2	middle	middle	0.400	0.400	alternative	alternative	71	61	2
NC_072381.2	138789128	138790454	3	1	+	NC_072381.2	138789225	138790454	UTF1	XM_054504016.2	+	3	2	97	0	1	2	1	1	1	first	last	1.000	1.000	constitutive	constitutive	627	472	1
NC_072381.2	138833626	138834931	-3	1	-	NC_072381.2	138833891	138834931	ADAM8	XM_054435116.2	-	3	4	0	265	5	8	5	3	3	middle	middle	0.600	0.600	alternative	alternative	76	68	3
NC_072381.2	46887726	46888041	-1	1	-	NC_072381.2	46887749	46888040	LOC129006320	XM_054435870.2	-	1	2	1	23	8	10	1	1	1	middle	middle	1.000	1.000	constitutive	constitutive	50	164	1
NC_072381.2	47641589	47641736	3	1	+	NC_072381.2	47641607	47641736	FXYD4	XM_054503940.2	+	3	2	18	0	6	7	6	6	6	middle	last	1.000	1.000	constitutive	constitutive	37	16	6
NC_072381.2	55533829	55534228	-3	1	-	NC_072381.2	55533830	55534170	BMPR1A	XM_054503872.2	-	3	2	58	1	10	11	8	8	8	middle	last	1.000	1.000	constitutive	constitutive	130	122	8
NC_072381.2	68578858	68579563	-3	1	-	NC_072381.2	68578860	68579384	ZSWIM8	XM_054437296.2	-	3	2	179	2	8	9	14	14	14	middle	middle	1.000	1.000	constitutive	constitutive	201	175	14
NC_072381.2	68580511	68581021	-3	1	-	NC_072381.2	68580542	68580999	ZSWIM8	XM_054437296.2	-	3	2	22	31	4	5	14	14	14	middle	middle	1.000	1.000	constitutive	constitutive	172	107	14
NC_072381.2	69123105	69123516	1	1	+	NC_072381.2	69123135	69123515	ECD	XM_054503780.2	+	1	2	30	1	3	4	6	6	6	middle	middle	1.000	1.000	constitutive	constitutive	87	178	6
NC_072381.2	70509565	70510960	-3	1	-	NC_072381.2	70510303	70510794	LOC129006861	XM_054437079.1	-	3	2	166	738	11	12	2	2	2	middle	middle	1.000	1.000	constitutive	constitutive	251	161	2
NC_072381.2	71794747	71795218	-3	1	-	NC_072381.2	71794787	71795204	PALD1	XM_054435289.2	-	3	2	14	40	8	9	14	14	14	middle	middle	1.000	1.000	constitutive	constitutive	99	104	14
NC_072381.2	71796435	71797002	-1	1	-	NC_072381.2	71796553	71797002	PALD1	XM_054435289.2	-	1	2	0	118	5	6	14	14	14	middle	middle	1.000	1.000	constitutive	constitutive	160	75	14
NC_072381.2	74156004	74156409	1	1	+	NC_072381.2	74156079	74156383	DNA2	XM_054436654.2	+	1	2	75	26	12	13	3	3	3	middle	middle	1.000	1.000	constitutive	constitutive	116	109	3
NC_072381.2	86299357	86299696	2	1	+	NC_072381.2	86299393	86299696	ZWINT	XM_054435984.2	+	2	2	36	0	7	8	6	2	6	middle	last	0.333	1.000	alternative	constitutive	168	38	2
NC_072381.2	86299357	86299696	2	1	+	NC_072381.2	86299412	86299696	ZWINT	XM_054435986.2	+	2	2	55	0	7	8	6	2	6	middle	last	0.333	1.000	alternative	constitutive	149	38	2
NC_072381.2	86299357	86299696	2	1	+	NC_072381.2	86299430	86299696	ZWINT	XM_054435988.2	+	2	2	73	0	7	8	6	2	6	middle	last	0.333	1.000	alternative	constitutive	131	38	2
NC_072381.2	878560	881941	-3	1	-	NC_072381.2	878561	881869	LOC134740132	XM_063669473.1	-	3	2	72	1	1	2	1	1	1	first	last	1.000	1.000	constitutive	constitutive	1569	817	1
NC_072381.2	98483112	98483529	-1	1	-	NC_072381.2	98483155	98483529	MYOF	XM_054435782.2	-	1	2	0	43	34	35	2	2	2	middle	middle	1.000	1.000	constitutive	constitutive	158	98	2
NC_072381.2	99720802	99721180	2	1	+	NC_072381.2	99720803	99721168	HELLS	XM_054435486.2	+	2	2	1	12	14	15	4	4	4	middle	middle	1.000	1.000	constitutive	constitutive	139	138	4
NC_072382.2	1011855	1012668	1	1	+	NC_072382.2	1012076	1012468	MUC2	XM_063672213.1	+	1	2	221	200	12	13	1	1	1	middle	middle	1.000	1.000	constitutive	constitutive	137	164	1
NC_072382.2	1022942	1033265	3	1	+	NC_072382.2	1023130	1033122	MUC2	XM_063672213.1	+	3	8	188	143	30	37	1	1	1	middle	middle	1.000	1.000	constitutive	constitutive	1114	310	1
NC_072382.2	10360833	10361421	-1	1	-	NC_072382.2	10360917	10361351	CCDC88B	XM_054441176.2	-	1	2	70	84	25	26	2	2	1	middle	middle	1.000	0.500	constitutive	unique	206	89	1
NC_072382.2	10360833	10361421	-1	1	-	NC_072382.2	10360917	10361351	CCDC88B	XM_054441178.2	-	1	2	70	84	25	26	2	2	1	middle	middle	1.000	0.500	constitutive	unique	206	68	1
NC_072382.2	10375160	10376132	-2	1	-	NC_072382.2	10375337	10375608	CCDC88B	XM_054441176.2	-	2	2	524	177	3	4	2	2	2	middle	middle	1.000	1.000	constitutive	constitutive	111	69	2
NC_072382.2	103941971	103942418	3	1	+	NC_072382.2	103942000	103942404	BIRC2	XM_054438698.2	+	3	2	29	14	6	7	3	3	3	middle	middle	1.000	1.000	constitutive	constitutive	254	41	3
NC_072382.2	1042485	1043193	1	1	+	NC_072382.2	1042678	1043083	MUC2	XM_063672213.1	+	1	2	193	110	53	54	1	1	1	middle	middle	1.000	1.000	constitutive	constitutive	128	39	1
NC_072382.2	10446627	10446996	-1	1	-	NC_072382.2	10446628	10446996	PLCB3	XM_054441193.2	-	1	2	0	1	30	31	1	1	1	middle	last	1.000	1.000	constitutive	constitutive	86	200	1
NC_072382.2	10450006	10450720	-3	1	-	NC_072382.2	10450067	10450669	PLCB3	XM_054441193.2	-	3	3	51	61	20	22	1	1	1	middle	middle	1.000	1.000	constitutive	constitutive	99	91	1
NC_072382.2	10451233	10451836	-3	1	-	NC_072382.2	10451360	10451766	PLCB3	XM_054441193.2	-	3	2	70	127	18	19	1	1	1	middle	middle	1.000	1.000	constitutive	constitutive	154	161	1
NC_072382.2	10489288	10490101	2	1	+	NC_072382.2	10489308	10489994	TRPT1	XM_054441212.2	+	2	3	20	107	3	5	5	3	5	middle	middle	0.600	1.000	alternative	constitutive	175	56	3
NC_072382.2	10489288	10490101	2	1	+	NC_072382.2	10489308	10489994	TRPT1	XM_054441215.2	+	2	3	20	107	3	5	5	2	5	middle	middle	0.400	1.000	alternative	constitutive	169	56	2
NC_072382.2	10490790	10491384	-1	1	-	NC_072382.2	10490791	10491232	FERMT3	XM_054441205.2	-	1	2	152	1	13	14	2	2	2	middle	last	1.000	1.000	constitutive	constitutive	141	176	2
NC_072382.2	10899187	10899874	-3	1	-	NC_072382.2	10899199	10899672	SPINDOC	XM_054441262.2	-	3	2	202	12	4	5	3	3	3	middle	middle	1.000	1.000	constitutive	constitutive	125	200	3
NC_072382.2	1107036	1107693	1	1	+	NC_072382.2	1107052	1107692	MUC5AC	XM_063672214.1	+	1	2	16	1	17	18	1	1	1	middle	middle	1.000	1.000	constitutive	constitutive	126	255	1
NC_072382.2	1114086	1128324	1	1	+	NC_072382.2	1114163	1128319	MUC5AC	XM_063672214.1	+	1	10	77	5	31	40	1	1	1	middle	middle	1.000	1.000	constitutive	constitutive	3220	1358	1
NC_072382.2	1131338	1132541	3	1	+	NC_072382.2	1131668	1132494	MUC5AC	XM_063672214.1	+	3	2	330	47	46	48	1	1	1	middle	middle	1.000	1.000	constitutive	constitutive	178	103	1
NC_072382.2	11776633	11777257	2	1	+	NC_072382.2	11776870	11777257	SLC22A8	XM_054439163.2	+	2	2	237	0	9	10	2	2	2	middle	last	1.000	1.000	constitutive	constitutive	203	96	2
NC_072382.2	118604686	118605151	2	1	+	NC_072382.2	118604729	118605042	APOC3	XM_054441456.1	+	2	2	43	109	1	2	1	1	1	first	middle	1.000	1.000	constitutive	constitutive	54	123	1
NC_072382.2	118948877	118949240	3	1	+	NC_072382.2	118948911	118949198	SIDT2	XM_054439929.2	+	3	2	34	42	5	6	4	4	4	middle	middle	1.000	1.000	constitutive	constitutive	101	83	4
NC_072382.2	119162730	119163495	1	1	+	NC_072382.2	119162776	119163045	CEP164	XM_054439946.2	+	1	2	46	450	21	22	14	14	14	middle	middle	1.000	1.000	constitutive	constitutive	83	68	14
NC_072382.2	11938614	11939127	1	1	+	NC_072382.2	11938667	11938986	WDR74	XM_054440402.2	+	1	2	53	141	9	10	2	2	2	middle	middle	1.000	1.000	constitutive	constitutive	145	56	2
NC_072382.2	11970772	11971096	2	1	+	NC_072382.2	11970773	11971075	NXF1	XM_054440400.2	+	2	2	1	21	7	8	3	3	3	middle	middle	1.000	1.000	constitutive	constitutive	69	88	3
NC_072382.2	11994117	11994753	-1	1	-	NC_072382.2	11994126	11994483	TAF6L	XM_054440408.2	-	1	2	270	9	3	4	4	4	4	middle	middle	1.000	1.000	constitutive	constitutive	150	50	4
NC_072382.2	120429293	120429812	-2	1	-	NC_072382.2	120429398	120429774	TREH	XM_054441063.2	-	2	2	38	105	9	10	1	1	1	middle	middle	1.000	1.000	constitutive	constitutive	49	194	1
NC_072382.2	120804899	120805556	-2	1	-	NC_072382.2	120805071	120805386	HYOU1	XM_054441688.2	-	2	2	170	172	18	19	11	11	11	middle	middle	1.000	1.000	constitutive	constitutive	87	122	11
NC_072382.2	120809118	120809760	-1	1	-	NC_072382.2	120809128	120809662	HYOU1	XM_054441688.2	-	1	2	98	10	8	9	11	11	11	middle	middle	1.000	1.000	constitutive	constitutive	192	134	11
NC_072382.2	120826231	120826720	2	1	+	NC_072382.2	120826302	120826682	VPS11	XM_054441696.2	+	2	2	71	38	2	3	3	2	3	middle	middle	0.667	1.000	alternative	constitutive	148	135	2
NC_072382.2	120826231	120826720	2	1	+	NC_072382.2	120826279	120826682	VPS11	XM_054441697.2	+	2	2	48	38	2	3	3	1	3	middle	middle	0.333	1.000	unique	constitutive	171	135	1
NC_072382.2	120849847	120850216	2	1	+	NC_072382.2	120849869	120850216	HMBS	XM_054438473.2	+	2	2	22	0	13	14	2	2	2	middle	last	1.000	1.000	constitutive	constitutive	86	170	2
NC_072382.2	120890254	120890662	2	1	+	NC_072382.2	120890376	120890661	HINFP	XM_054438476.2	+	2	2	122	1	5	6	11	7	11	middle	middle	0.636	1.000	alternative	constitutive	77	120	7
NC_072382.2	120890254	120890662	2	1	+	NC_072382.2	120890441	120890661	HINFP	XM_054438482.2	+	2	2	187	1	1	2	11	1	11	first	middle	0.091	1.000	unique	constitutive	12	120	1
NC_072382.2	120890254	120890662	2	1	+	NC_072382.2	120890346	120890661	HINFP	XM_063672195.1	+	2	2	92	1	5	6	11	3	11	middle	middle	0.273	1.000	alternative	constitutive	107	120	3
NC_072382.2	12097432	12097975	-3	1	-	NC_072382.2	12097433	12097912	LOC129008140	XM_054439989.2	-	3	2	63	1	1	2	1	1	1	first	last	1.000	1.000	constitutive	constitutive	233	158	1
NC_072382.2	12099464	12099920	3	1	+	NC_072382.2	12099498	12099888	LBHD1	XM_054439986.2	+	3	2	34	32	1	2	1	1	1	first	middle	1.000	1.000	constitutive	constitutive	149	162	1
NC_072382.2	12105859	12106171	2	1	+	NC_072382.2	12105892	12106171	C9H11orf98	XM_054439987.2	+	2	2	33	0	3	4	1	1	1	middle	last	1.000	1.000	constitutive	constitutive	97	106	1
NC_072382.2	121070850	121071420	-1	1	-	NC_072382.2	121070967	121071329	MCAM	XM_054438510.2	-	1	2	91	117	9	10	3	3	3	middle	middle	1.000	1.000	constitutive	constitutive	118	141	3
NC_072382.2	12145923	12146274	1	1	+	NC_072382.2	12145924	12146273	GANAB	XM_054440182.2	+	1	2	1	1	22	23	4	4	4	middle	middle	1.000	1.000	constitutive	constitutive	113	112	4
NC_072382.2	125848356	125848965	1	1	+	NC_072382.2	125848368	125848852	LOC129008759	XM_063671666.1	+	1	2	12	113	3	4	1	1	1	middle	middle	1.000	1.000	constitutive	constitutive	137	145	1
NC_072382.2	126627531	126628254	1	1	+	NC_072382.2	126627532	126628024	ROBO3	XM_054440522.2	+	1	2	1	230	16	17	9	3	3	middle	middle	0.333	0.333	alternative	alternative	171	185	3
NC_072382.2	126630682	126631249	2	1	+	NC_072382.2	126630769	126631154	ROBO3	XM_054440517.2	+	2	2	87	95	5	6	9	9	9	middle	middle	1.000	1.000	constitutive	constitutive	151	110	9
NC_072382.2	126842812	126843211	2	1	+	NC_072382.2	126842912	126843210	SLC37A2	XM_054438857.2	+	2	2	100	1	3	4	3	3	3	middle	middle	1.000	1.000	constitutive	constitutive	93	78	3
NC_072382.2	132237337	132237925	-3	1	-	NC_072382.2	132237339	132237816	ADAMTS8	XM_054441094.2	-	3	2	109	2	7	8	2	2	2	middle	middle	1.000	1.000	constitutive	constitutive	172	175	2
NC_072382.2	13345014	13345590	-1	1	-	NC_072382.2	13345056	13345426	MYRF	XM_054439100.2	-	1	2	164	42	20	21	3	2	3	middle	middle	0.667	1.000	alternative	constitutive	85	191	2
NC_072382.2	13345014	13345590	-1	1	-	NC_072382.2	13345056	13345429	MYRF	XM_054439102.2	-	1	2	161	42	19	20	3	1	3	middle	middle	0.333	1.000	unique	constitutive	88	191	1
NC_072382.2	135761492	135762422	-2	1	-	NC_072382.2	135761733	135762286	IGSF9B	XM_054439186.2	-	2	2	136	241	8	9	4	4	4	middle	middle	1.000	1.000	constitutive	constitutive	142	140	4
NC_072382.2	13772097	13772727	-1	1	-	NC_072382.2	13772164	13772398	TKFC	XM_054441421.2	-	1	2	329	67	15	16	1	1	1	middle	middle	1.000	1.000	constitutive	constitutive	33	89	1
NC_072382.2	1378808	1379300	3	1	+	NC_072382.2	1378871	1379168	BRSK2	XM_054437776.2	+	3	2	63	132	6	7	16	16	16	middle	middle	1.000	1.000	constitutive	constitutive	33	68	16
NC_072382.2	1392681	1393344	1	1	+	NC_072382.2	1392895	1393234	BRSK2	XM_054437776.2	+	1	2	214	110	18	19	16	16	16	middle	middle	1.000	1.000	constitutive	constitutive	180	89	16
NC_072382.2	14248893	14249418	1	1	+	NC_072382.2	14249135	14249388	PRPF19	XM_054438052.2	+	1	2	242	30	5	6	1	1	1	middle	middle	1.000	1.000	constitutive	constitutive	73	62	1
NC_072382.2	14279792	14280236	-2	1	-	NC_072382.2	14279794	14280154	ZP1	XM_054439128.2	-	2	2	82	2	5	6	2	2	2	middle	middle	1.000	1.000	constitutive	constitutive	187	97	2
NC_072382.2	1560834	1561524	1	1	+	NC_072382.2	1560835	1561524	LOC129007605	XM_054438686.2	+	1	2	1	0	3	4	1	1	1	middle	last	1.000	1.000	constitutive	constitutive	199	342	1
NC_072382.2	17908150	17908561	2	1	+	NC_072382.2	17908255	17908519	SLC43A1	XM_054438321.2	+	2	2	105	42	4	5	8	8	8	middle	middle	1.000	1.000	constitutive	constitutive	55	76	8
NC_072382.2	18080506	18081391	2	1	+	NC_072382.2	18080603	18081184	SSRP1	XM_054438340.2	+	2	2	97	207	3	4	1	1	1	middle	middle	1.000	1.000	constitutive	constitutive	105	190	1
NC_072382.2	1841793	1842351	1	1	+	NC_072382.2	1841826	1842192	SYT8	XM_054441082.2	+	1	2	33	159	2	3	4	3	4	middle	middle	0.750	1.000	alternative	constitutive	106	163	3
NC_072382.2	1841793	1842351	1	1	+	NC_072382.2	1841839	1842192	SYT8	XM_054441086.2	+	1	2	46	159	1	2	4	1	4	first	middle	0.250	1.000	unique	constitutive	93	163	1
NC_072382.2	1889541	1890087	1	1	+	NC_072382.2	1889542	1889933	LSP1	XM_054439498.2	+	1	2	1	154	5	6	8	8	8	middle	middle	1.000	1.000	constitutive	constitutive	92	43	8
NC_072382.2	1892717	1893155	3	1	+	NC_072382.2	1892832	1893155	LSP1	XM_054439498.2	+	3	2	115	0	9	10	8	8	8	middle	last	1.000	1.000	constitutive	constitutive	77	86	8
NC_072382.2	19861102	19861666	2	1	+	NC_072382.2	19861211	19861618	MYBPC3	XM_054439604.2	+	2	2	109	48	30	31	1	1	1	middle	middle	1.000	1.000	constitutive	constitutive	159	136	1
NC_072382.2	19932485	19932965	-2	1	-	NC_072382.2	19932494	19932965	NR1H3	XM_054439661.1	-	2	2	0	9	5	6	15	15	15	middle	middle	1.000	1.000	constitutive	constitutive	179	99	15
NC_072382.2	19959951	19960404	-1	1	-	NC_072382.2	19959996	19960357	DDB2	XM_054439673.2	-	1	2	47	45	5	6	2	1	1	middle	middle	0.500	0.500	unique	unique	99	177	1
NC_072382.2	2001137	2002511	-2	1	-	NC_072382.2	2001458	2002511	LOC129007617	XM_063670611.1	-	2	2	0	321	3	4	1	1	1	middle	middle	1.000	1.000	constitutive	constitutive	822	134	1
NC_072382.2	20449558	20449990	2	1	+	NC_072382.2	20449559	20449975	CKAP5	XM_054439682.2	+	2	2	1	15	38	39	6	6	6	middle	middle	1.000	1.000	constitutive	constitutive	188	137	6
NC_072382.2	20821655	20822879	-2	1	-	NC_072382.2	20821736	20822185	MDK	XM_054439766.2	-	2	2	694	81	3	4	5	5	5	middle	middle	1.000	1.000	constitutive	constitutive	167	161	5
NC_072382.2	20829625	20830027	-3	1	-	NC_072382.2	20829627	20829862	DGKZ	XM_054439751.2	-	3	2	165	2	17	18	11	11	11	middle	middle	1.000	1.000	constitutive	constitutive	62	73	11
NC_072382.2	20832645	20833239	-1	1	-	NC_072382.2	20832814	20833104	DGKZ	XM_054439751.2	-	1	2	135	169	7	8	11	11	11	middle	middle	1.000	1.000	constitutive	constitutive	71	116	11
NC_072382.2	21291225	21292119	1	1	+	NC_072382.2	21291359	21291727	PEX16	XM_054440459.2	+	1	2	134	392	6	7	1	1	1	middle	middle	1.000	1.000	constitutive	constitutive	80	152	1
NC_072382.2	2438945	2439617	-2	1	-	NC_072382.2	2439003	2439468	TRPM5	XM_054438917.1	-	2	2	149	58	14	15	2	2	2	middle	middle	1.000	1.000	constitutive	constitutive	92	258	2
NC_072382.2	2440615	2442403	-3	1	-	NC_072382.2	2441201	2442318	TRPM5	XM_054438917.1	-	3	3	85	586	8	10	2	2	2	middle	middle	1.000	1.000	constitutive	constitutive	118	140	2
NC_072382.2	265960	266383	2	1	+	NC_072382.2	266048	266312	B4GALNT4	XM_054437640.2	+	2	2	88	71	4	5	2	2	2	middle	middle	1.000	1.000	constitutive	constitutive	95	90	2
NC_072382.2	266373	266706	1	1	+	NC_072382.2	266387	266705	B4GALNT4	XM_054437640.2	+	1	2	14	1	6	7	2	2	2	middle	middle	1.000	1.000	constitutive	constitutive	100	67	2
NC_072382.2	268297	269101	2	1	+	NC_072382.2	268326	269051	B4GALNT4	XM_054437640.2	+	2	2	29	50	10	13	2	2	2	middle	middle	1.000	1.000	constitutive	constitutive	134	100	2
NC_072382.2	2912275	2912767	-3	1	-	NC_072382.2	2912276	2912632	CDKN1C	XM_054440003.2	-	3	2	135	1	2	3	5	2	2	middle	last	0.400	0.400	alternative	alternative	135	133	2
NC_072382.2	294115	294769	2	1	+	NC_072382.2	294257	294768	PKP3	XM_054437642.2	+	2	2	142	1	11	12	1	1	1	middle	middle	1.000	1.000	constitutive	constitutive	153	192	1
NC_072382.2	316515	317196	-1	1	-	NC_072382.2	316653	317121	ANO9	XM_054437649.2	-	1	2	75	138	12	14	3	3	3	middle	middle	1.000	1.000	constitutive	constitutive	104	36	3
NC_072382.2	3381931	3382372	-3	1	-	NC_072382.2	3381953	3382372	LOC129007621	XM_063670612.1	-	3	2	0	22	2	3	1	1	1	middle	middle	1.000	1.000	constitutive	constitutive	96	190	1
NC_072382.2	3418825	3419629	-3	1	-	NC_072382.2	3418826	3419434	LOC134740321	XM_063672217.1	-	3	2	195	1	1	2	1	1	1	first	last	1.000	1.000	constitutive	constitutive	315	91	1
NC_072382.2	446377	447148	2	1	+	NC_072382.2	446647	447022	LRRC56	XM_063670619.1	+	2	2	270	126	4	5	15	15	15	middle	middle	1.000	1.000	constitutive	constitutive	96	200	15
NC_072382.2	516914	517670	-2	1	-	NC_072382.2	516968	517604	CDHR5	XM_054437689.2	-	2	2	66	54	10	12	5	5	5	middle	middle	1.000	1.000	constitutive	constitutive	200	84	5
NC_072382.2	5835734	5836295	-2	1	-	NC_072382.2	5835963	5836274	TPCN2	XM_054438814.2	-	2	2	21	229	14	15	8	8	8	middle	middle	1.000	1.000	constitutive	constitutive	119	59	8
NC_072382.2	58661284	58661950	2	1	+	NC_072382.2	58661297	58661879	ABCC8	XM_054438740.2	+	2	2	13	71	9	10	7	7	7	middle	middle	1.000	1.000	constitutive	constitutive	134	162	7
NC_072382.2	61862582	61863101	-2	1	-	NC_072382.2	61862588	61863013	SPON1	XM_054440180.1	-	2	2	88	6	12	13	1	1	1	middle	middle	1.000	1.000	constitutive	constitutive	170	167	1
NC_072382.2	65388653	65389385	3	1	+	NC_072382.2	65388675	65389233	EIF4G2	XM_054440102.2	+	3	2	22	152	18	19	1	1	1	middle	middle	1.000	1.000	constitutive	constitutive	215	258	1
NC_072382.2	6891262	6892195	-3	1	-	NC_072382.2	6891485	6892023	TCIRG1	XM_054437743.2	-	3	2	172	223	10	12	1	1	1	middle	middle	1.000	1.000	constitutive	constitutive	139	90	1
NC_072382.2	69682465	69683626	2	1	+	NC_072382.2	69682503	69683618	DCHS1	XM_054439198.2	+	2	2	38	8	13	14	1	1	1	middle	middle	1.000	1.000	constitutive	constitutive	878	113	1
NC_072382.2	69701163	69701625	-1	1	-	NC_072382.2	69701184	69701457	ILK	XM_063671197.1	-	1	2	168	21	4	5	3	2	2	middle	middle	0.667	0.667	alternative	alternative	96	83	2
NC_072382.2	69774575	69775220	-2	1	-	NC_072382.2	69774576	69775211	DNHD1	XM_054439194.2	-	2	2	9	1	13	14	2	2	1	middle	last	1.000	0.500	constitutive	unique	125	419	1
NC_072382.2	69774575	69775220	-2	1	-	NC_072382.2	69774719	69775211	DNHD1	XM_063671199.1	-	2	2	9	144	15	16	2	2	1	middle	middle	1.000	0.500	constitutive	unique	125	276	1
NC_072382.2	719131	719725	-3	1	-	NC_072382.2	719145	719493	PIDD1	XM_054438987.2	-	3	2	232	14	3	4	14	14	14	middle	middle	1.000	1.000	constitutive	constitutive	209	54	14
NC_072382.2	7233845	7234352	-2	1	-	NC_072382.2	7233847	7234152	RPS6KB2	XM_054438455.2	-	2	2	200	2	7	8	2	2	2	middle	middle	1.000	1.000	constitutive	constitutive	100	90	2
NC_072382.2	730853	731318	3	1	+	NC_072382.2	731020	731318	RPLP2	XM_054439006.1	+	3	2	167	0	3	4	2	2	2	middle	last	1.000	1.000	constitutive	constitutive	98	73	2
NC_072382.2	73147532	73148006	3	1	+	NC_072382.2	73147554	73147995	FOLR2	XM_054441379.1	+	3	2	22	11	3	4	2	2	2	middle	middle	1.000	1.000	constitutive	constitutive	188	135	2
NC_072382.2	73160136	73160502	1	1	+	NC_072382.2	73160161	73160464	INPPL1	XM_054439177.2	+	1	2	25	38	19	20	10	10	10	middle	middle	1.000	1.000	constitutive	constitutive	81	89	10
NC_072382.2	73164762	73165071	1	1	+	NC_072382.2	73164763	73165071	INPPL1	XM_054439177.2	+	1	2	1	0	28	29	10	7	7	middle	last	0.700	0.700	alternative	alternative	133	87	7
NC_072382.2	73534178	73534529	-2	1	-	NC_072382.2	73534233	73534484	PDE2A	XM_054438931.2	-	2	2	45	55	10	11	4	4	4	middle	middle	1.000	1.000	constitutive	constitutive	74	41	4
NC_072382.2	7359049	7359373	-3	1	-	NC_072382.2	7359051	7359334	SSH3	XM_054438071.2	-	3	2	39	2	9	10	1	1	1	middle	middle	1.000	1.000	constitutive	constitutive	128	46	1
NC_072382.2	7367374	7367707	-3	1	-	NC_072382.2	7367376	7367673	ANKRD13D	XM_054438073.2	-	3	2	34	2	9	10	2	2	2	middle	middle	1.000	1.000	constitutive	constitutive	61	130	2
NC_072382.2	7375685	7376057	-2	1	-	NC_072382.2	7375787	7376057	ANKRD13D	XM_054438073.2	-	2	2	0	102	4	5	2	2	2	middle	middle	1.000	1.000	constitutive	constitutive	45	143	2
NC_072382.2	7384591	7385737	-3	1	-	NC_072382.2	7384715	7385709	GRK2	XM_054438075.2	-	3	2	28	124	11	14	1	1	1	middle	middle	1.000	1.000	constitutive	constitutive	130	66	1
NC_072382.2	741256	741934	2	1	+	NC_072382.2	741276	741670	PNPLA2	XM_054439008.2	+	2	2	20	264	2	3	2	2	2	middle	middle	1.000	1.000	constitutive	constitutive	232	65	2
NC_072382.2	750520	751510	2	1	+	NC_072382.2	751027	751510	CRACR2B	XM_054439020.2	+	2	2	507	0	8	9	4	3	3	middle	last	0.750	0.750	alternative	alternative	71	171	3
NC_072382.2	756643	757417	2	1	+	NC_072382.2	757016	757384	CD151	XM_054439037.2	+	2	2	373	33	4	5	1	1	1	middle	middle	1.000	1.000	constitutive	constitutive	104	158	1
NC_072382.2	7837891	7838464	-3	1	-	NC_072382.2	7837892	7838274	TOP6BL	XM_054441754.2	-	3	2	190	1	16	17	10	10	10	middle	last	1.000	1.000	constitutive	constitutive	220	62	10
NC_072382.2	785177	785606	3	1	+	NC_072382.2	785253	785555	TSPAN4	XM_054439025.2	+	3	2	76	51	5	6	7	7	7	middle	middle	1.000	1.000	constitutive	constitutive	131	83	7
NC_072382.2	8110510	8111059	-3	1	-	NC_072382.2	8110634	8111044	ACTN3	XM_054440555.2	-	3	2	15	124	16	17	3	3	3	middle	middle	1.000	1.000	constitutive	constitutive	134	179	3
NC_072382.2	8175577	8175946	-3	1	-	NC_072382.2	8175579	8175862	DPP3	XM_054440558.2	-	3	2	84	2	13	14	6	6	6	middle	middle	1.000	1.000	constitutive	constitutive	62	124	6
NC_072382.2	8249321	8249924	-2	1	-	NC_072382.2	8249323	8249813	NPAS4	XM_054440573.2	-	2	2	111	2	3	4	2	1	1	middle	middle	0.500	0.500	unique	unique	102	267	1
NC_072382.2	8332943	8334110	3	1	+	NC_072382.2	8333289	8334109	BRMS1	XM_054440579.2	+	3	2	346	1	1	2	6	6	6	first	middle	1.000	1.000	constitutive	constitutive	138	90	6
NC_072382.2	8334273	8334720	1	1	+	NC_072382.2	8334309	8334675	BRMS1	XM_054440579.2	+	1	2	36	45	3	4	6	6	6	middle	middle	1.000	1.000	constitutive	constitutive	127	79	6
NC_072382.2	8409519	8409948	-1	1	-	NC_072382.2	8409574	8409931	KLC2	XM_054440597.2	-	1	2	17	55	11	12	8	8	8	middle	middle	1.000	1.000	constitutive	constitutive	108	158	8
NC_072382.2	8411234	8411840	-2	1	-	NC_072382.2	8411373	8411741	KLC2	XM_054440597.2	-	2	2	99	139	6	7	8	8	8	middle	middle	1.000	1.000	constitutive	constitutive	101	173	8
NC_072382.2	8441481	8442144	-1	1	-	NC_072382.2	8441496	8441953	PACS1	XM_054440604.2	-	1	2	191	15	16	17	1	1	1	middle	middle	1.000	1.000	constitutive	constitutive	154	110	1
NC_072382.2	8652352	8652778	2	1	+	NC_072382.2	8652387	8652777	CATSPER1	XM_054440612.2	+	2	2	35	1	6	7	1	1	1	middle	middle	1.000	1.000	constitutive	constitutive	143	63	1
NC_072382.2	8672320	8672710	2	1	+	NC_072382.2	8672342	8672678	EIF1AD	XM_054440614.2	+	2	2	22	32	1	2	3	3	3	first	middle	1.000	1.000	constitutive	constitutive	86	108	3
NC_072382.2	8706222	8706708	-1	1	-	NC_072382.2	8706285	8706612	SART1	XM_054440620.2	-	1	2	96	63	10	11	2	2	2	middle	middle	1.000	1.000	constitutive	constitutive	124	115	2
NC_072382.2	8707239	8707881	-1	1	-	NC_072382.2	8707315	8707796	SART1	XM_054440620.2	-	1	2	85	76	8	9	2	2	2	middle	middle	1.000	1.000	constitutive	constitutive	142	206	2
NC_072382.2	8726106	8727237	-1	1	-	NC_072382.2	8726108	8727148	TSGA10IP	XM_054440621.2	-	1	2	89	2	4	5	2	2	2	middle	middle	1.000	1.000	constitutive	constitutive	721	147	2
NC_072382.2	8795600	8796275	-2	1	-	NC_072382.2	8795616	8796142	CTSW	XM_054440630.1	-	2	2	133	16	6	8	2	2	2	middle	middle	1.000	1.000	constitutive	constitutive	80	64	2
NC_072382.2	8796060	8796798	-1	1	-	NC_072382.2	8796225	8796575	CTSW	XM_054440630.1	-	1	2	223	165	4	5	2	2	2	middle	middle	1.000	1.000	constitutive	constitutive	154	96	2
NC_072382.2	8816027	8816552	-2	1	-	NC_072382.2	8816130	8816462	MUS81	XM_054440635.2	-	2	2	90	103	5	6	3	3	3	middle	middle	1.000	1.000	constitutive	constitutive	98	68	3
NC_072382.2	9038162	9038696	-2	1	-	NC_072382.2	9038186	9038676	SIPA1	XM_054440662.2	-	2	3	20	24	10	12	2	2	2	middle	middle	1.000	1.000	constitutive	constitutive	111	101	2
NC_072382.2	9052411	9053026	-3	1	-	NC_072382.2	9052413	9052999	PCNX3	XM_054440665.2	-	3	2	27	2	31	32	9	9	9	middle	middle	1.000	1.000	constitutive	constitutive	230	274	9
NC_072382.2	9080140	9081007	2	1	+	NC_072382.2	9080206	9080635	MAP3K11	XM_054440679.2	+	2	2	66	372	3	4	1	1	1	middle	middle	1.000	1.000	constitutive	constitutive	148	175	1
NC_072382.2	9106979	9107699	-2	1	-	NC_072382.2	9106981	9107296	EHBP1L1	XM_054440672.2	-	2	2	403	2	7	8	6	6	4	middle	middle	1.000	0.667	constitutive	alternative	68	162	4
NC_072382.2	9106979	9107699	-2	1	-	NC_072382.2	9107028	9107296	EHBP1L1	XM_054440675.2	-	2	2	403	49	7	8	6	6	2	middle	middle	1.000	0.333	constitutive	alternative	68	115	2
NC_072382.2	9134358	9135591	1	1	+	NC_072382.2	9134456	9135499	LTBP3	XM_054440677.2	+	1	2	98	92	3	6	2	2	2	middle	middle	1.000	1.000	constitutive	constitutive	202	122	2
NC_072382.2	9134828	9135206	3	1	+	NC_072382.2	9134829	9135195	LTBP3	XM_054440677.2	+	3	2	1	11	4	5	2	2	2	middle	middle	1.000	1.000	constitutive	constitutive	105	92	2
NC_072382.2	9148840	9149455	2	1	+	NC_072382.2	9149079	9149455	LTBP3	XM_054440677.2	+	2	2	239	0	27	28	2	2	2	middle	last	1.000	1.000	constitutive	constitutive	131	148	2
NC_072382.2	935318	949838	-2	1	-	NC_072382.2	935555	949522	MUC6	XM_063670671.1	-	2	4	316	237	31	34	1	1	1	middle	middle	1.000	1.000	constitutive	constitutive	227	2432	1
NC_072382.2	9480839	9481544	-2	1	-	NC_072382.2	9480841	9481391	LOC129008483	XM_054440787.2	-	2	2	153	2	1	2	1	1	1	first	middle	1.000	1.000	constitutive	constitutive	374	103	1
NC_072382.2	9487030	9487510	-3	1	-	NC_072382.2	9487213	9487420	CAPN1	XM_054439779.2	-	3	2	90	183	14	15	3	3	3	middle	middle	1.000	1.000	constitutive	constitutive	65	57	3
NC_072382.2	95177018	95177381	3	1	+	NC_072382.2	95177019	95177367	CEP295	XM_054439316.2	+	3	2	1	14	26	27	17	16	12	middle	middle	0.941	0.706	alternative	alternative	96	170	12
NC_072382.2	95177018	95177381	3	1	+	NC_072382.2	95177019	95177367	CEP295	XM_054439317.2	+	3	2	1	14	26	27	17	16	4	middle	middle	0.941	0.235	alternative	alternative	96	167	4
NC_072382.2	9522340	9523141	-3	1	-	NC_072382.2	9522341	9523121	SPDYC	XM_054437521.2	-	3	3	20	1	5	7	2	2	2	middle	last	1.000	1.000	constitutive	constitutive	171	31	2
NC_072382.2	956234	957017	-2	1	-	NC_072382.2	956484	956820	MUC6	XM_063670671.1	-	2	2	197	250	21	22	1	1	1	middle	middle	1.000	1.000	constitutive	constitutive	141	110	1
NC_072382.2	958180	958849	-3	1	-	NC_072382.2	958363	958737	MUC6	XM_063670671.1	-	3	2	112	183	15	16	1	1	1	middle	middle	1.000	1.000	constitutive	constitutive	94	132	1
NC_072382.2	9584929	9585319	-3	1	-	NC_072382.2	9584935	9585285	TM7SF2	XM_054437515.2	-	3	2	34	6	2	3	2	2	2	middle	middle	1.000	1.000	constitutive	constitutive	196	54	2
NC_072382.2	9587002	9587353	-3	1	-	NC_072382.2	9587018	9587317	VPS51	XM_054437501.2	-	3	2	36	16	8	9	4	4	4	middle	middle	1.000	1.000	constitutive	constitutive	121	87	4
NC_072382.2	9588708	9590265	-1	1	-	NC_072382.2	9588874	9590207	VPS51	XM_054437501.2	-	1	3	58	166	3	5	4	4	4	middle	middle	1.000	1.000	constitutive	constitutive	146	717	4
NC_072382.2	9771812	9772322	3	1	+	NC_072382.2	9771837	9772310	GPHA2	XM_054437550.2	+	3	2	25	12	2	3	1	1	1	middle	middle	1.000	1.000	constitutive	constitutive	102	184	1
NC_072382.2	9794705	9795305	3	1	+	NC_072382.2	9794779	9795186	ATG2A	XM_054437552.2	+	3	2	74	119	8	9	2	2	2	middle	middle	1.000	1.000	constitutive	constitutive	164	140	2
NC_072382.2	9804276	9805464	1	1	+	NC_072382.2	9804301	9805032	ATG2A	XM_054437552.2	+	1	2	25	432	27	29	2	2	2	middle	middle	1.000	1.000	constitutive	constitutive	170	214	2
NC_072382.2	9808747	9809140	2	1	+	NC_072382.2	9808808	9809139	ATG2A	XM_054437552.2	+	2	2	61	1	34	35	2	2	2	middle	middle	1.000	1.000	constitutive	constitutive	84	135	2
NC_072382.2	9870348	9870864	1	1	+	NC_072382.2	9870511	9870863	CDC42BPG	XM_054437556.2	+	1	2	163	1	14	15	2	2	2	middle	middle	1.000	1.000	constitutive	constitutive	89	121	2
NC_072382.2	9872504	9872966	3	1	+	NC_072382.2	9872532	9872768	CDC42BPG	XM_054437556.2	+	3	2	28	198	22	23	2	2	2	middle	middle	1.000	1.000	constitutive	constitutive	98	59	2
NC_072382.2	9902067	9902964	1	1	+	NC_072382.2	9902104	9902964	MEN1	XM_054440324.2	+	1	2	37	0	8	9	9	9	9	middle	last	1.000	1.000	constitutive	constitutive	164	479	9
NC_072382.2	9905490	9905856	1	1	+	NC_072382.2	9905557	9905734	MAP4K2	XM_054441097.2	+	1	2	67	122	6	7	7	7	7	middle	middle	1.000	1.000	constitutive	constitutive	47	42	7
NC_072382.2	9909908	9910268	3	1	+	NC_072382.2	9909990	9910203	MAP4K2	XM_054441097.2	+	3	2	82	65	19	20	7	7	7	middle	middle	1.000	1.000	constitutive	constitutive	41	84	7
NC_072382.2	9910382	9910961	3	1	+	NC_072382.2	9910458	9910738	MAP4K2	XM_054441097.2	+	3	2	76	223	22	23	7	7	7	middle	middle	1.000	1.000	constitutive	constitutive	60	117	7
NC_072382.2	9939702	9940086	1	1	+	NC_072382.2	9939728	9940081	SF1	XM_054441101.2	+	1	2	26	5	11	12	20	8	8	middle	middle	0.400	0.400	alternative	alternative	59	179	8
NC_072383.2	107119191	107119545	-3	1	-	NC_072383.2	107119249	107119520	SART3	XM_054442462.2	-	3	2	25	58	10	11	2	2	2	middle	middle	1.000	1.000	constitutive	constitutive	77	58	2
NC_072383.2	107665372	107666173	2	1	+	NC_072383.2	107665685	107666084	USP30	XM_054443690.2	+	2	2	313	89	10	11	5	5	5	middle	middle	1.000	1.000	constitutive	constitutive	80	219	5
NC_072383.2	108259010	108261542	3	1	+	NC_072383.2	108259194	108261044	LOC129009654	XM_054442990.1	+	3	3	184	498	1	3	1	1	1	first	last	1.000	1.000	constitutive	constitutive	435	975	1
NC_072383.2	109097272	109098184	-2	1	-	NC_072383.2	109097432	109098094	GPN3	XM_054444967.2	-	2	2	90	160	1	2	2	1	1	first	middle	0.500	0.500	unique	unique	346	219	1
NC_072383.2	110376735	110377266	1	1	+	NC_072383.2	110376832	110377168	ACAD10	XM_054442153.2	+	1	2	97	98	15	16	1	1	1	middle	middle	1.000	1.000	constitutive	constitutive	137	90	1
NC_072383.2	110823815	110824565	-1	1	-	NC_072383.2	110823876	110824477	HECTD4	XM_054442178.2	-	1	2	88	61	71	72	7	7	7	middle	middle	1.000	1.000	constitutive	constitutive	103	221	7
NC_072383.2	111775052	111775742	3	1	+	NC_072383.2	111775101	111775727	DTX1	XM_054443759.2	+	3	2	49	15	6	8	1	1	1	middle	middle	1.000	1.000	constitutive	constitutive	158	89	1
NC_072383.2	111845343	111845910	-3	1	-	NC_072383.2	111845500	111845888	DDX54	XM_054443760.2	-	3	2	22	157	13	14	4	4	4	middle	middle	1.000	1.000	constitutive	constitutive	230	73	4
NC_072383.2	111956113	111956641	2	1	+	NC_072383.2	111956195	111956640	TPCN1	XM_054443769.2	+	2	2	82	1	11	12	1	1	1	middle	middle	1.000	1.000	constitutive	constitutive	116	124	1
NC_072383.2	112078355	112078820	-1	1	-	NC_072383.2	112078426	112078756	SDS	XM_054443785.1	-	1	2	64	71	3	4	2	2	2	middle	middle	1.000	1.000	constitutive	constitutive	139	91	2
NC_072383.2	118924712	118925147	-1	1	-	NC_072383.2	118924764	118925115	RPLP0	XM_054442731.1	-	1	2	32	52	3	4	1	1	1	middle	middle	1.000	1.000	constitutive	constitutive	87	146	1
NC_072383.2	119102946	119104416	-3	1	-	NC_072383.2	119103730	119104098	MSI1	XM_063646773.1	-	3	2	318	784	1	2	9	3	3	first	middle	0.333	0.333	alternative	alternative	168	40	3
NC_072383.2	119103634	119104462	-2	1	-	NC_072383.2	119103730	119103988	MSI1	XM_063646769.1	-	2	2	474	96	1	2	9	5	5	first	middle	0.556	0.556	alternative	alternative	58	40	5
NC_072383.2	120547775	120548549	3	1	+	NC_072383.2	120547840	120548309	TMEM120B	XM_054443929.2	+	3	2	65	240	10	11	2	2	2	middle	middle	1.000	1.000	constitutive	constitutive	64	68	2
NC_072383.2	120553981	120554479	-2	1	-	NC_072383.2	120554063	120554385	RHOF	XM_054443931.2	-	2	2	94	82	3	4	2	2	2	middle	middle	1.000	1.000	constitutive	constitutive	109	134	2
NC_072383.2	120590411	120591293	3	1	+	NC_072383.2	120590529	120591197	SETD1B	XM_054443933.2	+	3	2	118	96	7	8	3	3	3	middle	middle	1.000	1.000	constitutive	constitutive	261	331	3
NC_072383.2	120600458	120601094	3	1	+	NC_072383.2	120600495	120600830	SETD1B	XM_054443933.2	+	3	2	37	264	14	15	3	3	3	middle	middle	1.000	1.000	constitutive	constitutive	119	137	3
NC_072383.2	120619030	120619525	-2	1	-	NC_072383.2	120619118	120619469	HPD	XM_054441807.2	-	2	2	56	88	10	11	1	1	1	middle	middle	1.000	1.000	constitutive	constitutive	162	71	1
NC_072383.2	121606186	121606678	2	1	+	NC_072383.2	121606213	121606564	HIP1R	XM_054441885.2	+	2	2	27	114	10	11	2	2	2	middle	middle	1.000	1.000	constitutive	constitutive	75	140	2
NC_072383.2	121609241	121609772	3	1	+	NC_072383.2	121609269	121609602	HIP1R	XM_054441885.2	+	3	2	28	170	19	20	2	2	2	middle	middle	1.000	1.000	constitutive	constitutive	147	86	2
NC_072383.2	121732703	121733342	3	1	+	NC_072383.2	121732765	121733333	OGFOD2	XM_054441908.2	+	3	2	62	9	5	6	7	3	7	middle	middle	0.429	1.000	alternative	constitutive	127	257	3
NC_072383.2	121732703	121733342	3	1	+	NC_072383.2	121732854	121733333	OGFOD2	XM_054441910.2	+	3	2	151	9	1	2	7	4	7	first	middle	0.571	1.000	alternative	constitutive	38	257	4
NC_072383.2	122407041	122407512	1	1	+	NC_072383.2	122407225	122407511	GTF2H3	XM_054444117.2	+	1	2	184	1	12	13	6	6	6	middle	middle	1.000	1.000	constitutive	constitutive	135	36	6
NC_072383.2	122562336	122562738	1	1	+	NC_072383.2	122562337	122562637	DNAH10	XM_054443987.2	+	1	2	1	101	22	23	1	1	1	middle	middle	1.000	1.000	constitutive	constitutive	116	102	1
NC_072383.2	123709087	123709852	-2	1	-	NC_072383.2	123709137	123709392	DHX37	XM_054443825.2	-	2	2	460	50	24	25	3	3	3	middle	middle	1.000	1.000	constitutive	constitutive	94	73	3
NC_072383.2	123712950	123713445	-3	1	-	NC_072383.2	123713007	123713338	DHX37	XM_054443825.2	-	3	2	107	57	19	20	3	3	3	middle	middle	1.000	1.000	constitutive	constitutive	124	116	3
NC_072383.2	123728078	123728960	-1	1	-	NC_072383.2	123728120	123728552	DHX37	XM_054443825.2	-	1	2	408	42	9	10	3	3	3	middle	middle	1.000	1.000	constitutive	constitutive	101	114	3
NC_072383.2	123857620	123858046	2	1	+	NC_072383.2	123857651	123858045	AACS	XM_054443496.2	+	2	2	31	1	6	7	5	5	5	middle	middle	1.000	1.000	constitutive	constitutive	114	81	5
NC_072383.2	130732184	130732892	3	1	+	NC_072383.2	130732334	130732665	MMP17	XM_054444807.1	+	3	2	150	227	7	8	4	4	4	middle	middle	1.000	1.000	constitutive	constitutive	82	152	4
NC_072383.2	130808872	130809421	2	1	+	NC_072383.2	130809037	130809404	ULK1	XM_054444809.2	+	2	2	165	17	21	22	6	6	6	middle	middle	1.000	1.000	constitutive	constitutive	109	143	6
NC_072383.2	131037202	131037970	2	1	+	NC_072383.2	131037263	131037772	NOC4L	XM_054444821.2	+	2	2	61	198	4	5	1	1	1	middle	middle	1.000	1.000	constitutive	constitutive	107	149	1
NC_072383.2	131461279	131462113	2	1	+	NC_072383.2	131461374	131461988	FBRSL1	XM_054444834.2	+	2	2	95	125	7	8	18	17	16	middle	middle	0.944	0.889	alternative	alternative	315	205	16
NC_072383.2	131461279	131462113	2	1	+	NC_072383.2	131461374	131461988	FBRSL1	XM_054444835.2	+	2	2	95	125	7	8	18	17	1	middle	middle	0.944	0.056	alternative	unique	315	202	1
NC_072383.2	131549315	131549969	-1	1	-	NC_072383.2	131549484	131549777	POLE	XM_054444862.2	-	1	2	192	169	28	29	2	2	2	middle	middle	1.000	1.000	constitutive	constitutive	80	122	2
NC_072383.2	131560565	131561114	-1	1	-	NC_072383.2	131560706	131561093	POLE	XM_054444862.2	-	1	2	21	141	18	19	2	2	2	middle	middle	1.000	1.000	constitutive	constitutive	102	146	2
NC_072383.2	131606007	131606928	1	1	+	NC_072383.2	131606243	131606927	PGAM5	XM_054444866.2	+	1	2	236	1	3	5	2	2	1	middle	middle	1.000	0.500	constitutive	unique	125	133	1
NC_072383.2	131606007	131606928	1	1	+	NC_072383.2	131606243	131606927	PGAM5	XM_054444867.2	+	1	2	236	1	3	5	2	2	1	middle	middle	1.000	0.500	constitutive	unique	125	130	1
NC_072383.2	13625513	13626071	3	1	+	NC_072383.2	13625562	13625904	EMP1	XM_054445009.2	+	3	2	49	167	2	3	1	1	1	middle	middle	1.000	1.000	constitutive	constitutive	96	140	1
NC_072383.2	28383289	28383796	2	1	+	NC_072383.2	28383290	28383625	STK38L	XM_054442897.2	+	2	2	1	171	8	9	5	5	5	middle	middle	1.000	1.000	constitutive	constitutive	102	61	5
NC_072383.2	30566493	30566880	-3	1	-	NC_072383.2	30566503	30566879	OVCH1	XM_054442366.2	-	3	2	1	10	11	12	1	1	1	middle	middle	1.000	1.000	constitutive	constitutive	137	130	1
NC_072383.2	37950661	37962124	2	1	+	NC_072383.2	37950732	37961999	MUC19	XM_054445211.1	+	2	3	71	125	55	57	1	1	1	middle	middle	1.000	1.000	constitutive	constitutive	4561	5795	1
NC_072383.2	37980111	37980396	1	1	+	NC_072383.2	37980134	37980361	MUC19	XM_054445211.1	+	1	2	23	35	77	78	1	1	1	middle	middle	1.000	1.000	constitutive	constitutive	53	53	1
NC_072383.2	3854820	3855108	-3	1	-	NC_072383.2	3854822	3855106	PARP11	XM_054445473.2	-	3	2	2	2	5	6	11	11	11	middle	middle	1.000	1.000	constitutive	constitutive	72	130	11
NC_072383.2	43115099	43116107	3	1	+	NC_072383.2	43115371	43116053	LOC129010696	XM_063647230.1	+	3	2	272	54	2	4	1	1	1	middle	middle	1.000	1.000	constitutive	constitutive	142	147	1
NC_072383.2	45369709	45370327	-2	1	-	NC_072383.2	45369787	45370197	HDAC7	XM_054443060.2	-	2	2	130	78	3	4	4	2	4	middle	middle	0.500	1.000	alternative	constitutive	187	90	2
NC_072383.2	45369709	45370327	-2	1	-	NC_072383.2	45369787	45370150	HDAC7	XM_063672692.1	-	2	2	177	78	1	2	4	2	4	first	middle	0.500	1.000	alternative	constitutive	140	90	2
NC_072383.2	45717337	45717646	2	1	+	NC_072383.2	45717359	45717645	PFKM	XM_054443079.1	+	2	2	22	1	23	24	7	7	7	middle	middle	1.000	1.000	constitutive	constitutive	99	105	7
NC_072383.2	46397666	46398197	-1	1	-	NC_072383.2	46397691	46398078	ADCY6	XM_054442202.2	-	1	2	119	25	7	8	4	4	4	middle	middle	1.000	1.000	constitutive	constitutive	141	128	4
NC_072383.2	46647839	46648400	-1	1	-	NC_072383.2	46647939	46648277	KMT2D	XM_054442225.2	-	1	2	123	100	46	47	10	10	10	middle	middle	1.000	1.000	constitutive	constitutive	132	127	10
NC_072383.2	46648927	46649428	-2	1	-	NC_072383.2	46648964	46649372	KMT2D	XM_054442225.2	-	2	2	56	37	44	45	10	10	10	middle	middle	1.000	1.000	constitutive	constitutive	175	130	10
NC_072383.2	46722096	46722555	-3	1	-	NC_072383.2	46722193	46722449	LMBR1L	XM_054442236.2	-	3	2	106	97	10	11	3	3	3	middle	middle	1.000	1.000	constitutive	constitutive	83	76	3
NC_072383.2	46807320	46807866	-3	1	-	NC_072383.2	46807345	46807842	TUBA1A	XM_054442245.2	-	3	2	24	25	2	3	1	1	1	middle	middle	1.000	1.000	constitutive	constitutive	222	148	1
NC_072383.2	46955503	46955980	2	1	+	NC_072383.2	46955633	46955950	TROAP	XM_054444251.2	+	2	2	130	30	8	9	5	3	3	middle	middle	0.600	0.600	alternative	alternative	128	83	3
NC_072383.2	47715866	47716253	3	1	+	NC_072383.2	47715903	47716252	SMARCD1	XM_054445567.2	+	3	2	37	1	8	9	4	4	4	middle	middle	1.000	1.000	constitutive	constitutive	161	97	4
NC_072383.2	47759344	47759683	-2	1	-	NC_072383.2	47759346	47759683	CERS5	XM_054445573.2	-	2	2	0	2	7	8	6	6	6	middle	middle	1.000	1.000	constitutive	constitutive	128	106	6
NC_072383.2	47979022	47985670	-2	1	-	NC_072383.2	47979024	47985615	FAM186A	XM_054445584.1	-	2	5	55	2	4	8	1	1	1	middle	middle	1.000	1.000	constitutive	constitutive	2935	2005	1
NC_072383.2	49872194	49872833	3	1	+	NC_072383.2	49872254	49872833	KRT7	XM_054443305.2	+	3	2	60	0	8	9	1	1	1	middle	last	1.000	1.000	constitutive	constitutive	34	166	1
NC_072383.2	50722021	50722429	2	1	+	NC_072383.2	50722151	50722428	TNS2	XM_054442182.2	+	2	2	130	1	9	10	3	3	3	middle	middle	1.000	1.000	constitutive	constitutive	122	64	3
NC_072383.2	50953784	50954186	3	1	+	NC_072383.2	50953806	50954185	ESPL1	XM_054444372.2	+	3	2	22	1	27	28	5	5	5	middle	middle	1.000	1.000	constitutive	constitutive	115	83	5
NC_072383.2	51081078	51081924	1	1	+	NC_072383.2	51081266	51081877	AMHR2	XM_054443711.1	+	1	2	188	47	2	3	3	2	2	middle	middle	0.667	0.667	alternative	alternative	182	191	2
NC_072383.2	52063278	52063620	-3	1	-	NC_072383.2	52063280	52063610	ITGA5	XM_054445190.2	-	3	2	10	2	14	15	2	2	2	middle	middle	1.000	1.000	constitutive	constitutive	45	101	2
NC_072383.2	52068275	52068857	-1	1	-	NC_072383.2	52068374	52068739	ITGA5	XM_054445190.2	-	1	2	118	99	3	4	2	2	2	middle	middle	1.000	1.000	constitutive	constitutive	112	120	2
NC_072383.2	52167363	52167690	1	1	+	NC_072383.2	52167388	52167689	NCKAP1L	XM_054445206.2	+	1	2	25	1	8	9	1	1	1	middle	middle	1.000	1.000	constitutive	constitutive	48	156	1
NC_072383.2	53469646	53470486	-2	1	-	NC_072383.2	53469704	53470082	ITGA7	XM_054441968.2	-	2	2	404	58	12	13	9	9	9	middle	middle	1.000	1.000	constitutive	constitutive	61	169	9
NC_072383.2	54136652	54137180	-1	1	-	NC_072383.2	54136826	54137162	STAT2	XM_054445291.2	-	1	2	18	174	15	16	8	8	4	middle	middle	1.000	0.500	constitutive	alternative	98	135	4
NC_072383.2	54136652	54137180	-1	1	-	NC_072383.2	54136826	54137162	STAT2	XM_063647000.1	-	1	2	18	174	15	16	8	8	4	middle	middle	1.000	0.500	constitutive	alternative	98	159	4
NC_072383.2	54504376	54509710	-2	1	-	NC_072383.2	54504377	54509641	LOC129010007	XM_063647022.1	-	2	2	69	1	1	2	1	1	1	first	last	1.000	1.000	constitutive	constitutive	1719	3415	1
NC_072383.2	55004369	55004990	3	1	+	NC_072383.2	55004410	55004868	LRP1	XM_054442952.2	+	3	2	41	122	45	46	1	1	1	middle	middle	1.000	1.000	constitutive	constitutive	125	128	1
NC_072383.2	55289637	55290432	-3	1	-	NC_072383.2	55289724	55290372	ARHGAP9	XM_054445719.2	-	3	3	60	87	9	11	4	4	4	middle	middle	1.000	1.000	constitutive	constitutive	98	107	4
NC_072383.2	55338614	55339247	3	1	+	NC_072383.2	55338672	55339246	MBD6	XM_054445708.2	+	3	2	58	1	8	9	8	4	8	middle	middle	0.500	1.000	alternative	constitutive	416	52	4
NC_072383.2	55338614	55339247	3	1	+	NC_072383.2	55338675	55339246	MBD6	XM_054445712.2	+	3	2	61	1	8	9	8	4	8	middle	middle	0.500	1.000	alternative	constitutive	413	52	4
NC_072383.2	55383364	55384207	2	1	+	NC_072383.2	55383485	55384150	KIF5A	XM_054445730.1	+	2	2	121	57	14	15	1	1	1	middle	middle	1.000	1.000	constitutive	constitutive	206	146	1
NC_072383.2	55425349	55425889	2	1	+	NC_072383.2	55425463	55425888	ARHGEF25	XM_054443456.1	+	2	2	114	1	6	7	8	8	8	middle	middle	1.000	1.000	constitutive	constitutive	66	103	8
NC_072383.2	55531701	55532181	1	1	+	NC_072383.2	55531844	55532176	OS9	XM_054442330.2	+	1	2	143	5	8	9	8	8	8	middle	middle	1.000	1.000	constitutive	constitutive	100	51	8
NC_072383.2	55618799	55619360	-1	1	-	NC_072383.2	55618863	55619285	AVIL	XM_054442693.2	-	1	2	75	64	14	15	1	1	1	middle	middle	1.000	1.000	constitutive	constitutive	145	144	1
NC_072383.2	5675799	5676480	-3	1	-	NC_072383.2	5676023	5676325	ANO2	XM_054444248.1	-	3	2	155	224	18	19	2	2	2	middle	middle	1.000	1.000	constitutive	constitutive	57	100	2
NC_072383.2	6406637	6407540	-1	1	-	NC_072383.2	6406638	6407399	TNFRSF1A	XM_054443293.2	-	1	2	141	1	9	10	1	1	1	middle	last	1.000	1.000	constitutive	constitutive	288	307	1
NC_072383.2	64099438	64099807	2	1	+	NC_072383.2	64099439	64099753	IRAK3	XM_054442357.2	+	2	2	1	54	11	12	10	10	10	middle	middle	1.000	1.000	constitutive	constitutive	62	164	10
NC_072383.2	6410404	6410923	-2	1	-	NC_072383.2	6410406	6410853	TNFRSF1A	XM_054443293.2	-	2	2	70	2	4	5	1	1	1	middle	middle	1.000	1.000	constitutive	constitutive	149	78	1
NC_072383.2	6607604	6608141	3	1	+	NC_072383.2	6607651	6608141	NCAPD2	XM_054444380.2	+	3	2	47	0	30	31	1	1	1	middle	last	1.000	1.000	constitutive	constitutive	158	82	1
NC_072383.2	6614325	6614952	1	1	+	NC_072383.2	6614368	6614952	GAPDH	XM_054444391.1	+	1	2	43	0	7	8	1	1	1	middle	last	1.000	1.000	constitutive	constitutive	412	66	1
NC_072383.2	6627336	6627909	-3	1	-	NC_072383.2	6627574	6627880	IFFO1	XM_054444381.2	-	3	2	29	238	2	3	11	11	11	middle	middle	1.000	1.000	constitutive	constitutive	60	95	11
NC_072383.2	6729811	6730237	-2	1	-	NC_072383.2	6729813	6730201	ING4	XM_054444419.2	-	2	2	36	2	4	5	6	4	4	middle	middle	0.667	0.667	alternative	alternative	114	108	3
NC_072383.2	6729811	6730237	-2	1	-	NC_072383.2	6729813	6730201	ING4	XM_054444420.2	-	2	2	36	2	4	5	6	4	2	middle	middle	0.667	0.333	alternative	alternative	114	105	1
NC_072383.2	6729811	6730237	-2	1	-	NC_072383.2	6729813	6730201	ING4	XM_054444421.2	-	2	2	36	2	4	5	6	2	4	middle	middle	0.333	0.667	alternative	alternative	105	108	1
NC_072383.2	6729811	6730237	-2	1	-	NC_072383.2	6729813	6730201	ING4	XM_054444422.2	-	2	2	36	2	4	5	6	2	2	middle	middle	0.333	0.333	alternative	alternative	105	105	1
NC_072383.2	6914735	6915320	3	1	+	NC_072383.2	6914874	6915291	P3H3	XM_054444480.2	+	3	2	139	29	3	4	2	2	2	middle	middle	1.000	1.000	constitutive	constitutive	201	131	2
NC_072383.2	6921970	6922570	2	1	+	NC_072383.2	6922242	6922543	P3H3	XM_054444480.2	+	2	2	272	27	12	13	2	2	2	middle	middle	1.000	1.000	constitutive	constitutive	117	75	2
NC_072383.2	7025784	7026294	1	1	+	NC_072383.2	7025891	7026294	ATN1	XM_054444502.2	+	1	2	107	0	8	9	2	2	2	middle	last	1.000	1.000	constitutive	constitutive	180	30	2
NC_072383.2	7046861	7047227	3	1	+	NC_072383.2	7046884	7047226	PTPN6	XM_054444508.2	+	3	2	23	1	13	14	2	2	2	middle	middle	1.000	1.000	constitutive	constitutive	151	91	2
NC_072383.2	7064073	7064682	-3	1	-	NC_072383.2	7064155	7064533	LPCAT3	XM_054444511.2	-	3	2	149	82	10	11	1	1	1	middle	middle	1.000	1.000	constitutive	constitutive	147	158	1
NC_072383.2	86416988	86417381	-1	1	-	NC_072383.2	86417033	86417293	CEP290	XM_054442054.2	-	1	2	88	45	16	17	10	10	10	middle	middle	1.000	1.000	constitutive	constitutive	100	87	10
NC_072383.2	9467511	9468411	1	1	+	NC_072383.2	9467791	9468136	DDX11	XM_054444081.2	+	1	2	280	275	15	16	9	9	9	middle	middle	1.000	1.000	constitutive	constitutive	108	131	9
NC_072384.2	118279579	118280089	-1	1	-	NC_072384.2	118279581	118280076	TNS1	XM_054477278.2	-	1	2	13	2	31	32	15	15	15	middle	middle	1.000	1.000	constitutive	constitutive	71	168	15
NC_072384.2	118743080	118743635	-3	1	-	NC_072384.2	118743082	118743522	AAMP	XM_054478500.1	-	3	2	113	2	9	10	2	2	2	middle	middle	1.000	1.000	constitutive	constitutive	90	154	2
NC_072384.2	118743729	118744248	-2	1	-	NC_072384.2	118743892	118744208	AAMP	XM_054478500.1	-	2	2	40	163	6	7	2	2	2	middle	middle	1.000	1.000	constitutive	constitutive	83	115	2
NC_072384.2	119282214	119282697	1	1	+	NC_072384.2	119282215	119282697	LOC129031813	XM_054478574.2	+	1	2	1	0	8	9	1	1	1	middle	last	1.000	1.000	constitutive	constitutive	212	116	1
NC_072384.2	119483350	119484136	-1	1	-	NC_072384.2	119483501	119484026	CFAP65	XM_054478585.2	-	1	2	110	151	20	21	2	1	1	middle	middle	0.500	0.500	unique	unique	176	66	1
NC_072384.2	119501183	119502125	-3	1	-	NC_072384.2	119501286	119502092	CFAP65	XM_054478585.2	-	3	2	33	103	8	9	2	2	2	middle	middle	1.000	1.000	constitutive	constitutive	222	265	2
NC_072384.2	119502454	119503276	-1	1	-	NC_072384.2	119502572	119503190	CFAP65	XM_054478585.2	-	1	2	86	118	6	7	2	2	2	middle	middle	1.000	1.000	constitutive	constitutive	199	145	2
NC_072384.2	119717256	119717808	1	1	+	NC_072384.2	119717308	119717730	STK16	XM_054478626.2	+	1	2	52	78	3	4	6	6	6	middle	middle	1.000	1.000	constitutive	constitutive	133	120	6
NC_072384.2	119758702	119759113	-1	1	-	NC_072384.2	119758703	119759085	PTPRN	XM_054478642.2	-	1	2	28	1	22	23	3	3	3	middle	last	1.000	1.000	constitutive	constitutive	73	68	3
NC_072384.2	119939505	119940612	1	1	+	NC_072384.2	119939585	119940454	SPEG	XM_054478652.2	+	1	2	80	158	15	16	8	6	6	middle	middle	0.750	0.750	alternative	alternative	104	206	6
NC_072384.2	120004453	120004945	2	1	+	NC_072384.2	120004546	120004801	ASIC4	XM_054478673.2	+	2	2	93	144	7	8	2	2	2	middle	middle	1.000	1.000	constitutive	constitutive	91	79	2
NC_072384.2	120024831	120025926	-2	1	-	NC_072384.2	120025017	120025766	OBSL1	XM_054478668.2	-	2	2	160	186	11	12	3	2	2	middle	middle	0.667	0.667	alternative	alternative	287	275	2
NC_072384.2	125343115	125343421	-1	1	-	NC_072384.2	125343117	125343385	DOCK10	XM_054477377.2	-	1	2	36	2	36	37	6	6	6	middle	middle	1.000	1.000	constitutive	constitutive	114	66	6
NC_072384.2	131490066	131490891	1	1	+	NC_072384.2	131490088	131490781	ITM2C	XM_054478424.2	+	1	2	22	110	4	5	4	4	2	middle	middle	1.000	0.500	constitutive	alternative	110	150	2
NC_072384.2	131490066	131490891	1	1	+	NC_072384.2	131490088	131490891	ITM2C	XM_063648032.1	+	1	2	22	0	4	5	4	4	2	middle	last	1.000	0.500	constitutive	alternative	110	260	2
NC_072384.2	132521157	132522150	-2	1	-	NC_072384.2	132521158	132521979	NPPC	XM_054477504.1	-	2	2	171	1	1	2	1	1	1	first	last	1.000	1.000	constitutive	constitutive	89	287	1
NC_072384.2	132967802	132968360	3	1	+	NC_072384.2	132967917	132968223	ALPP	XM_054477509.1	+	3	2	115	137	6	7	1	1	1	middle	middle	1.000	1.000	constitutive	constitutive	134	72	1
NC_072384.2	132997909	132998476	2	1	+	NC_072384.2	132998033	132998339	LOC129031341	XM_054477510.1	+	2	2	124	137	6	7	1	1	1	middle	middle	1.000	1.000	constitutive	constitutive	134	72	1
NC_072384.2	133075421	133076192	-3	1	-	NC_072384.2	133075791	133076081	LOC129031343	XM_054477514.2	-	3	2	111	370	3	4	3	3	3	middle	middle	1.000	1.000	constitutive	constitutive	110	92	3
NC_072384.2	133113162	133113873	1	1	+	NC_072384.2	133113513	133113859	PRSS56	XM_054477516.1	+	1	2	351	14	5	6	2	2	2	middle	middle	1.000	1.000	constitutive	constitutive	99	159	2
NC_072384.2	133114716	133115361	1	1	+	NC_072384.2	133114760	133115194	PRSS56	XM_054477516.1	+	1	2	44	167	9	10	2	1	2	middle	middle	0.500	1.000	unique	constitutive	176	164	1
NC_072384.2	133114716	133115361	1	1	+	NC_072384.2	133114763	133115194	PRSS56	XM_054477517.1	+	1	2	47	167	9	10	2	1	2	middle	middle	0.500	1.000	unique	constitutive	173	164	1
NC_072384.2	133119185	133119785	3	1	+	NC_072384.2	133119327	133119721	CHRND	XM_054477518.2	+	3	2	142	64	4	5	1	1	1	middle	middle	1.000	1.000	constitutive	constitutive	109	155	1
NC_072384.2	134388980	134389508	3	1	+	NC_072384.2	134389008	134389448	MROH2A	XM_054479036.1	+	3	2	28	60	20	21	1	1	1	middle	middle	1.000	1.000	constitutive	constitutive	119	122	1
NC_072384.2	138432876	138433227	1	1	+	NC_072384.2	138432928	138433226	RBM44	XM_054477337.2	+	1	2	52	1	5	6	3	2	3	middle	middle	0.667	1.000	alternative	constitutive	185	22	2
NC_072384.2	138432876	138433227	1	1	+	NC_072384.2	138432930	138433226	RBM44	XM_054477339.2	+	1	2	54	1	2	3	3	1	3	middle	middle	0.333	1.000	unique	constitutive	183	22	1
NC_072384.2	138777968	138779483	3	1	+	NC_072384.2	138778747	138779193	ERFE	XM_054479414.2	+	3	2	779	290	4	5	2	2	2	middle	middle	1.000	1.000	constitutive	constitutive	262	108	2
NC_072384.2	138854029	138855004	-1	1	-	NC_072384.2	138854422	138854836	HES6	XM_054478064.2	-	1	2	168	393	1	3	3	3	2	first	middle	1.000	0.667	constitutive	alternative	80	81	2
NC_072384.2	138854029	138855004	-1	1	-	NC_072384.2	138854462	138854836	HES6	XM_054478066.2	-	1	2	168	433	1	3	3	3	1	first	middle	1.000	0.333	constitutive	unique	80	41	1
NC_072384.2	141657032	141658160	3	1	+	NC_072384.2	141657138	141657750	CROCC2	XM_063648415.1	+	3	2	106	410	32	33	1	1	1	middle	middle	1.000	1.000	constitutive	constitutive	137	357	1
NC_072384.2	141918793	141919603	2	1	+	NC_072384.2	141918822	141919602	ANO7	XM_054477256.2	+	2	2	29	1	19	20	2	1	1	middle	middle	0.500	0.500	unique	unique	205	142	1
NC_072384.2	141925074	141925443	1	1	+	NC_072384.2	141925198	141925443	ANO7	XM_054477256.2	+	1	2	124	0	23	24	2	1	1	middle	last	0.500	0.500	unique	unique	50	53	1
NC_072384.2	18043012	18043684	-1	1	-	NC_072384.2	18043183	18043555	TEX51	XM_054477181.1	-	1	2	129	171	1	2	2	2	2	first	middle	1.000	1.000	constitutive	constitutive	198	74	2
NC_072384.2	25087402	25087780	-1	1	-	NC_072384.2	25087418	25087758	EPB41L5	XM_054477342.2	-	1	2	22	16	7	8	7	6	7	middle	middle	0.857	1.000	alternative	constitutive	120	87	6
NC_072384.2	25087402	25087780	-1	1	-	NC_072384.2	25087418	25087675	EPB41L5	XM_063647369.1	-	1	2	105	16	1	2	7	1	7	first	middle	0.143	1.000	unique	constitutive	37	87	1
NC_072384.2	347416	349966	-1	1	-	NC_072384.2	347417	349884	LOC129026140	XM_054473647.2	-	1	2	82	1	4	6	1	1	1	middle	last	1.000	1.000	constitutive	constitutive	1732	524	1
NC_072384.2	51137092	51137545	-1	1	-	NC_072384.2	51137216	51137530	NEB	XM_054478960.2	-	1	2	15	124	24	25	4	4	4	middle	middle	1.000	1.000	constitutive	constitutive	107	113	4
NC_072384.2	51144054	51144492	-2	1	-	NC_072384.2	51144115	51144429	NEB	XM_054478960.2	-	2	2	63	61	17	18	4	4	4	middle	middle	1.000	1.000	constitutive	constitutive	107	113	4
NC_072384.2	52085020	52085293	2	1	+	NC_072384.2	52085021	52085272	FMNL2	XM_054479308.2	+	2	2	1	21	20	21	8	8	8	middle	middle	1.000	1.000	constitutive	constitutive	68	80	8
NC_072384.2	61762725	61763115	-2	1	-	NC_072384.2	61762726	61763092	IFIH1	XM_054477430.1	-	2	2	23	1	15	16	1	1	1	middle	last	1.000	1.000	constitutive	constitutive	90	176	1
NC_072384.2	68436995	68437388	3	1	+	NC_072384.2	68437023	68437343	NOSTRIN	XM_054476913.2	+	3	2	28	45	9	10	6	6	6	middle	middle	1.000	1.000	constitutive	constitutive	98	125	6
NC_072384.2	76872657	76872945	1	1	+	NC_072384.2	76872686	76872945	HNRNPA3	XM_054478097.2	+	1	2	29	0	9	10	4	4	4	middle	last	1.000	1.000	constitutive	constitutive	122	49	4
NC_072384.2	77090003	77090342	3	1	+	NC_072384.2	77090004	77090292	AGPS	XM_054478101.2	+	3	2	1	50	4	5	2	2	2	middle	middle	1.000	1.000	constitutive	constitutive	120	74	2
NC_072384.2	78255346	78256258	-1	1	-	NC_072384.2	78255406	78256185	TTN	XM_054479293.2	-	1	2	73	60	317	318	2	1	1	middle	middle	0.500	0.500	unique	unique	587	104	1
NC_072384.2	78256281	78257076	-2	1	-	NC_072384.2	78256353	78257021	TTN	XM_054479293.2	-	2	2	55	72	315	316	2	1	1	middle	middle	0.500	0.500	unique	unique	290	287	1
NC_072384.2	78281900	78282704	-3	1	-	NC_072384.2	78281906	78282631	TTN	XM_054479293.2	-	3	2	73	6	276	277	2	1	1	middle	middle	0.500	0.500	unique	unique	299	308	1
NC_072384.2	78290549	78291365	-3	1	-	NC_072384.2	78290656	78291253	TTN	XM_054479293.2	-	3	2	112	107	259	260	2	1	1	middle	middle	0.500	0.500	unique	unique	296	186	1
NC_072384.2	78297626	78298355	-3	1	-	NC_072384.2	78297632	78298285	TTN	XM_054479293.2	-	3	2	70	6	243	244	2	1	1	middle	middle	0.500	0.500	unique	unique	266	278	1
NC_072384.2	78298341	78298926	-2	1	-	NC_072384.2	78298392	78298926	TTN	XM_054479293.2	-	2	2	0	51	241	242	2	1	1	middle	middle	0.500	0.500	unique	unique	168	266	1
NC_072384.2	78307353	78307920	-2	1	-	NC_072384.2	78307396	78307892	TTN	XM_054479293.2	-	2	2	28	43	234	235	2	1	1	middle	middle	0.500	0.500	unique	unique	266	139	1
NC_072384.2	78395944	78396757	-1	1	-	NC_072384.2	78395947	78396627	TTN	XM_054479293.2	-	1	2	130	3	77	78	2	1	1	middle	middle	0.500	0.500	unique	unique	278	281	1
NC_072384.2	78398900	78399638	-3	1	-	NC_072384.2	78398948	78399598	TTN	XM_054479293.2	-	3	2	40	48	71	72	2	1	1	middle	middle	0.500	0.500	unique	unique	278	278	1
NC_072385.2	102748777	102749287	2	1	+	NC_072385.2	102748896	102749286	CAPN14	XM_054475455.2	+	2	2	119	1	4	5	1	1	1	middle	middle	1.000	1.000	constitutive	constitutive	118	136	1
NC_072385.2	104725111	104725411	2	1	+	NC_072385.2	104725144	104725410	ALK	XM_054476638.1	+	2	2	33	1	21	22	1	1	1	middle	middle	1.000	1.000	constitutive	constitutive	90	64	1
NC_072385.2	106497449	106498013	-1	1	-	NC_072385.2	106497498	106497956	KRTCAP3	XM_054476090.2	-	1	2	57	49	4	5	2	2	2	middle	middle	1.000	1.000	constitutive	constitutive	206	134	2
NC_072385.2	106640142	106640580	-3	1	-	NC_072385.2	106640143	106640470	TRIM54	XM_054476146.2	-	3	2	110	1	8	9	4	4	4	middle	last	1.000	1.000	constitutive	constitutive	124	82	4
NC_072385.2	106689180	106689873	1	1	+	NC_072385.2	106689224	106689626	SLC30A3	XM_054476141.1	+	1	2	44	247	4	5	3	3	3	middle	middle	1.000	1.000	constitutive	constitutive	146	153	3
NC_072385.2	106704464	106704872	-1	1	-	NC_072385.2	106704519	106704872	CAD	XM_054476092.2	-	1	2	0	55	42	43	3	2	2	middle	middle	0.667	0.667	alternative	alternative	155	101	2
NC_072385.2	106818499	106818925	-2	1	-	NC_072385.2	106818501	106818812	ABHD1	XM_054476175.1	-	2	2	113	2	4	5	1	1	1	middle	middle	1.000	1.000	constitutive	constitutive	45	112	1
NC_072385.2	107473000	107474662	2	1	+	NC_072385.2	107473022	107474611	OTOF	XM_054474896.1	+	2	4	22	51	27	30	6	6	4	middle	middle	1.000	0.667	constitutive	alternative	119	130	4
NC_072385.2	107473000	107474662	2	1	+	NC_072385.2	107473022	107474611	OTOF	XM_054474898.1	+	2	4	22	51	28	31	6	6	2	middle	middle	1.000	0.333	constitutive	alternative	119	70	2
NC_072385.2	107475672	107476659	1	1	+	NC_072385.2	107476081	107476641	OTOF	XM_054474896.1	+	1	2	409	18	31	32	6	6	6	middle	middle	1.000	1.000	constitutive	constitutive	29	131	6
NC_072385.2	109938810	109939290	-3	1	-	NC_072385.2	109938970	109939272	MFSD2B	XM_054476525.2	-	3	2	18	160	5	6	3	3	3	middle	middle	1.000	1.000	constitutive	constitutive	78	130	3
NC_072385.2	110255472	110256237	-3	1	-	NC_072385.2	110255700	110256210	KLHL29	XM_054476535.2	-	3	2	27	228	7	8	2	2	2	middle	middle	1.000	1.000	constitutive	constitutive	198	182	2
NC_072385.2	112913427	112913874	1	1	+	NC_072385.2	112913469	112913835	APOB	XM_054475522.1	+	1	2	42	39	11	12	1	1	1	middle	middle	1.000	1.000	constitutive	constitutive	117	146	1
NC_072385.2	113790155	113790593	3	1	+	NC_072385.2	113790159	113790593	LOC129030464	XM_054475792.2	+	3	2	4	0	1	2	1	1	1	first	last	1.000	1.000	constitutive	constitutive	111	271	1
NC_072385.2	118357321	118357597	-2	1	-	NC_072385.2	118357382	118357581	DDX1	XM_063648940.1	-	2	2	16	61	22	23	3	3	3	middle	middle	1.000	1.000	constitutive	constitutive	72	42	3
NC_072385.2	124645929	124646655	-3	1	-	NC_072385.2	124645966	124646615	ASAP2	XM_054474424.1	-	3	2	40	37	26	27	9	9	9	middle	middle	1.000	1.000	constitutive	constitutive	88	122	9
NC_072385.2	25094750	25095119	3	1	+	NC_072385.2	25094794	25095119	LOC129030773	XM_054476428.2	+	3	2	44	0	20	21	27	1	1	middle	last	0.037	0.037	unique	unique	27	81	1
NC_072385.2	25951004	25951385	3	1	+	NC_072385.2	25951050	25951349	CIAO1	XM_054475814.2	+	3	2	46	36	3	4	1	1	1	middle	middle	1.000	1.000	constitutive	constitutive	111	88	1
NC_072385.2	26854782	26855220	-3	1	-	NC_072385.2	26854879	26855160	KANSL3	XM_054475868.2	-	3	2	60	97	7	8	14	14	14	middle	middle	1.000	1.000	constitutive	constitutive	101	71	14
NC_072385.2	27103978	27105082	-2	1	-	NC_072385.2	27103979	27104999	SEMA4C	XM_054475910.2	-	2	2	83	1	13	14	5	5	5	middle	last	1.000	1.000	constitutive	constitutive	70	826	5
NC_072385.2	27108948	27109311	-3	1	-	NC_072385.2	27109027	27109290	SEMA4C	XM_054475910.2	-	3	2	21	79	3	4	5	5	5	middle	middle	1.000	1.000	constitutive	constitutive	62	98	5
NC_072385.2	27424137	27424632	-3	1	-	NC_072385.2	27424165	27424582	TMEM131	XM_054474140.2	-	3	2	50	28	15	16	5	5	5	middle	middle	1.000	1.000	constitutive	constitutive	153	170	5
NC_072385.2	30341889	30342825	-3	1	-	NC_072385.2	30341926	30342753	AFF3	XM_054476743.2	-	3	2	72	37	4	5	11	11	11	middle	middle	1.000	1.000	constitutive	constitutive	312	385	11
NC_072385.2	31390003	31390486	-2	1	-	NC_072385.2	31390085	31390469	TBC1D8	XM_054474291.2	-	2	2	17	82	13	14	5	5	5	middle	middle	1.000	1.000	constitutive	constitutive	129	98	5
NC_072385.2	40531938	40532346	-3	1	-	NC_072385.2	40531944	40532240	EDAR	XM_054475332.2	-	3	2	106	6	6	7	1	1	1	middle	middle	1.000	1.000	constitutive	constitutive	125	74	1
NC_072385.2	43873665	43874376	1	1	+	NC_072385.2	43874084	43874375	NT5DC4	XM_054475575.2	+	1	2	419	1	3	4	1	1	1	middle	middle	1.000	1.000	constitutive	constitutive	117	95	1
NC_072385.2	43877252	43878005	3	1	+	NC_072385.2	43877304	43877682	NT5DC4	XM_054475575.2	+	3	2	52	323	13	14	1	1	1	middle	middle	1.000	1.000	constitutive	constitutive	66	170	1
NC_072385.2	44685534	44686071	-3	1	-	NC_072385.2	44685535	44686026	LOC129029984	unassigned_transcript_391	-	3	2	45	1	1	2	1	1	1	first	last	1.000	1.000	constitutive	constitutive	54	322	1
NC_072385.2	44871192	44871759	1	1	+	NC_072385.2	44871238	44871759	LOC129026615	unassigned_transcript_396	+	1	2	46	0	1	2	1	1	1	first	last	1.000	1.000	constitutive	constitutive	54	343	1
NC_072385.2	46745777	46746236	-1	1	-	NC_072385.2	46745841	46746236	KDM3A	XM_054475770.2	-	1	2	0	64	23	24	1	1	1	middle	middle	1.000	1.000	constitutive	constitutive	176	134	1
NC_072385.2	47866078	47866936	2	1	+	NC_072385.2	47866139	47866901	CAPG	XM_054475423.2	+	2	2	61	35	6	7	7	7	7	middle	middle	1.000	1.000	constitutive	constitutive	92	132	7
NC_072385.2	47893422	47893968	-3	1	-	NC_072385.2	47893437	47893917	ELMOD3	XM_054475415.2	-	3	2	51	15	6	7	10	10	10	middle	middle	1.000	1.000	constitutive	constitutive	123	122	10
NC_072385.2	47937450	47939247	1	1	+	NC_072385.2	47937706	47939160	TGOLN2	XM_054475406.2	+	1	2	256	87	1	2	7	7	4	first	middle	1.000	0.571	constitutive	alternative	45	1177	4
NC_072385.2	47937450	47939247	1	1	+	NC_072385.2	47937706	47939160	TGOLN2	XM_054475410.2	+	1	3	256	87	1	3	7	7	3	first	middle	1.000	0.429	constitutive	alternative	45	296	3
NC_072385.2	48130854	48132228	-3	1	-	NC_072385.2	48131224	48131982	TCF7L1	XM_054475404.2	-	3	2	246	370	1	3	2	2	2	first	middle	1.000	1.000	constitutive	constitutive	245	127	2
NC_072385.2	58995194	58995680	-1	1	-	NC_072385.2	58995270	58995647	TTC31	XM_054475268.2	-	1	2	33	76	7	8	3	3	3	middle	middle	1.000	1.000	constitutive	constitutive	80	191	3
NC_072385.2	59061578	59061950	-1	1	-	NC_072385.2	59061579	59061860	WDR54	XM_054476262.2	-	1	2	90	1	9	10	5	5	5	middle	last	1.000	1.000	constitutive	constitutive	74	128	5
NC_072385.2	62710572	62711202	1	1	+	NC_072385.2	62710661	62711197	CLEC4F	XM_054475642.1	+	1	2	89	5	2	3	3	3	3	middle	middle	1.000	1.000	constitutive	constitutive	116	89	3
NC_072385.2	72078361	72078856	2	1	+	NC_072385.2	72078362	72078844	XPO1	XM_054474137.2	+	2	2	1	12	12	13	3	3	3	middle	middle	1.000	1.000	constitutive	constitutive	138	181	3
NC_072385.2	72631943	72632285	3	1	+	NC_072385.2	72632059	72632284	PUS10	XM_054475063.2	+	3	2	116	1	12	13	17	17	17	middle	middle	1.000	1.000	constitutive	constitutive	76	55	17
NC_072385.2	85212220	85212502	-2	1	-	NC_072385.2	85212222	85212502	PPP1R21	XM_054474742.2	-	2	2	0	2	10	11	4	4	4	middle	middle	1.000	1.000	constitutive	constitutive	101	88	4
NC_072385.2	85900201	85900723	-2	1	-	NC_072385.2	85900203	85900650	MSH6	XM_054472021.2	-	2	2	73	2	8	9	2	2	2	middle	middle	1.000	1.000	constitutive	constitutive	154	199	2
NC_072385.2	97007331	97007697	1	1	+	NC_072385.2	97007357	97007697	STRN	XM_054474891.2	+	1	2	26	0	17	18	3	3	3	middle	last	1.000	1.000	constitutive	constitutive	86	166	3
NC_072386.2	102948064	102949264	-3	1	-	NC_072386.2	102948125	102949263	LOC129043684	XM_063650137.1	-	3	2	1	61	2	3	1	1	1	middle	middle	1.000	1.000	constitutive	constitutive	548	151	1
NC_072386.2	104518275	104519244	1	1	+	NC_072386.2	104518553	104519215	ZNF618	XM_054502095.2	+	1	2	278	29	5	6	36	36	36	middle	middle	1.000	1.000	constitutive	constitutive	77	38	36
NC_072386.2	104609828	104610248	-2	1	-	NC_072386.2	104609915	104610224	KIF12	XM_054502117.2	-	2	2	24	87	17	18	1	1	1	middle	middle	1.000	1.000	constitutive	constitutive	100	118	1
NC_072386.2	115520916	115521201	1	1	+	NC_072386.2	115520938	115521201	WDR38	XM_054500066.2	+	1	2	22	0	8	9	3	3	3	middle	last	1.000	1.000	constitutive	constitutive	47	125	3
NC_072386.2	119039643	119040177	1	1	+	NC_072386.2	119039699	119040097	SLC27A4	XM_054501061.2	+	1	2	56	80	10	11	2	1	2	middle	middle	0.500	1.000	unique	constitutive	164	146	1
NC_072386.2	119039643	119040177	1	1	+	NC_072386.2	119039699	119040097	SLC27A4	XM_063650369.1	+	1	2	56	80	10	11	2	1	2	middle	middle	0.500	1.000	unique	constitutive	74	146	1
NC_072386.2	119217173	119217653	3	1	+	NC_072386.2	119217214	119217652	GLE1	XM_054501090.2	+	3	2	41	1	10	11	1	1	1	middle	middle	1.000	1.000	constitutive	constitutive	142	190	1
NC_072386.2	119389313	119389883	3	1	+	NC_072386.2	119389498	119389862	PKN3	XM_054501099.2	+	3	2	185	21	6	7	9	9	9	middle	middle	1.000	1.000	constitutive	constitutive	109	143	9
NC_072386.2	119395857	119396304	1	1	+	NC_072386.2	119395880	119396211	PKN3	XM_054501099.2	+	1	2	23	93	17	18	9	9	9	middle	middle	1.000	1.000	constitutive	constitutive	142	107	9
NC_072386.2	119426082	119426733	-1	1	-	NC_072386.2	119426233	119426638	ZER1	XM_054501115.1	-	1	2	95	151	5	6	11	11	11	middle	middle	1.000	1.000	constitutive	constitutive	114	146	11
NC_072386.2	119680613	119681180	3	1	+	NC_072386.2	119680614	119681087	NUP188	XM_054501160.2	+	3	2	1	93	40	41	3	3	3	middle	middle	1.000	1.000	constitutive	constitutive	227	131	3
NC_072386.2	121732335	121732803	1	1	+	NC_072386.2	121732418	121732802	LAMC3	XM_054501494.2	+	1	2	83	1	5	6	1	1	1	middle	middle	1.000	1.000	constitutive	constitutive	188	117	1
NC_072386.2	121789920	121791141	1	1	+	NC_072386.2	121790380	121790613	AIF1L	XM_054500208.2	+	1	2	460	528	1	2	1	1	1	first	middle	1.000	1.000	constitutive	constitutive	30	61	1
NC_072386.2	122282417	122283470	-2	1	-	NC_072386.2	122282781	122283066	RAPGEF1	XM_054500110.2	-	2	2	404	364	23	24	4	4	4	middle	middle	1.000	1.000	constitutive	constitutive	78	101	4
NC_072386.2	123776660	123777218	3	1	+	NC_072386.2	123776725	123777125	GTF3C5	XM_054501859.2	+	3	2	65	93	7	8	2	2	2	middle	middle	1.000	1.000	constitutive	constitutive	80	97	2
NC_072386.2	123803736	123804225	-1	1	-	NC_072386.2	123803737	123803952	LOC134737943	XM_063650140.1	-	1	2	273	1	4	5	1	1	1	middle	last	1.000	1.000	constitutive	constitutive	28	114	1
NC_072386.2	126298134	126298716	1	1	+	NC_072386.2	126298328	126298716	PAEP	XM_054501735.2	+	1	2	194	0	5	6	3	3	3	middle	last	1.000	1.000	constitutive	constitutive	104	13	3
NC_072386.2	126420349	126420655	2	1	+	NC_072386.2	126420426	126420655	LCN9	XM_054502143.2	+	2	2	77	0	5	6	1	1	1	middle	last	1.000	1.000	constitutive	constitutive	101	19	1
NC_072386.2	126505691	126506255	3	1	+	NC_072386.2	126505842	126506207	KCNT1	XM_054500564.2	+	3	2	151	48	7	8	3	3	3	middle	middle	1.000	1.000	constitutive	constitutive	59	74	3
NC_072386.2	126948612	126949371	-1	1	-	NC_072386.2	126948720	126949127	LHX3	XM_054501890.2	-	1	2	244	108	4	5	2	2	2	middle	middle	1.000	1.000	constitutive	constitutive	151	168	2
NC_072386.2	127119464	127120397	-2	1	-	NC_072386.2	127119672	127120079	CARD9	XM_054502457.2	-	2	2	318	208	4	5	6	6	6	middle	middle	1.000	1.000	constitutive	constitutive	179	143	6
NC_072386.2	127136797	127137226	-3	1	-	NC_072386.2	127136799	127137162	SNAPC4	XM_054501491.2	-	3	2	64	2	11	12	5	5	5	middle	middle	1.000	1.000	constitutive	constitutive	106	94	5
NC_072386.2	127438118	127438985	-2	1	-	NC_072386.2	127438203	127438809	AGPAT2	XM_054500561.2	-	2	2	176	85	2	3	2	2	2	middle	middle	1.000	1.000	constitutive	constitutive	133	175	2
NC_072386.2	127520246	127520828	-2	1	-	NC_072386.2	127520483	127520755	LCN8	XM_054501755.1	-	2	2	73	237	5	6	1	1	1	middle	middle	1.000	1.000	constitutive	constitutive	104	89	1
NC_072386.2	127569365	127569863	3	1	+	NC_072386.2	127569405	127569708	CCDC183	XM_054502366.2	+	3	2	40	155	7	8	1	1	1	middle	middle	1.000	1.000	constitutive	constitutive	125	54	1
NC_072386.2	127617976	127618564	2	1	+	NC_072386.2	127618001	127618346	MAMDC4	XM_063650143.1	+	2	2	25	218	6	7	1	1	1	middle	middle	1.000	1.000	constitutive	constitutive	84	125	1
NC_072386.2	127618554	127619403	1	1	+	NC_072386.2	127618766	127619106	MAMDC4	XM_063650143.1	+	1	2	212	297	9	10	1	1	1	middle	middle	1.000	1.000	constitutive	constitutive	88	173	1
NC_072386.2	127620418	127621669	2	1	+	NC_072386.2	127620963	127621354	MAMDC4	XM_063650143.1	+	2	2	545	315	16	17	1	1	1	middle	middle	1.000	1.000	constitutive	constitutive	134	133	1
NC_072386.2	127621422	127621923	1	1	+	NC_072386.2	127621423	127621852	MAMDC4	XM_063650143.1	+	1	2	1	71	18	19	1	1	1	middle	middle	1.000	1.000	constitutive	constitutive	219	137	1
NC_072386.2	127622157	127622640	1	1	+	NC_072386.2	127622236	127622596	MAMDC4	XM_063650143.1	+	1	2	79	44	21	22	1	1	1	middle	middle	1.000	1.000	constitutive	constitutive	90	146	1
NC_072386.2	127709474	127709933	3	1	+	NC_072386.2	127709620	127709933	C8G	XM_054502959.2	+	3	3	146	0	5	7	2	2	1	middle	last	1.000	0.500	constitutive	unique	101	10	1
NC_072386.2	127709474	127709933	3	1	+	NC_072386.2	127709620	127709933	C8G	XM_054502960.2	+	3	3	146	0	5	7	2	2	1	middle	last	1.000	0.500	constitutive	unique	101	7	1
NC_072386.2	127772803	127773691	-3	1	-	NC_072386.2	127772866	127773674	ABCA2	XM_054501743.2	-	3	2	17	63	34	37	2	2	2	middle	middle	1.000	1.000	constitutive	constitutive	174	123	2
NC_072386.2	127775415	127776720	-1	1	-	NC_072386.2	127775493	127776471	ABCA2	XM_054501743.2	-	1	3	249	78	25	27	2	2	2	middle	middle	1.000	1.000	constitutive	constitutive	120	206	2
NC_072386.2	127777083	127777581	-1	1	-	NC_072386.2	127777092	127777549	ABCA2	XM_054501743.2	-	1	2	32	9	22	23	2	2	2	middle	middle	1.000	1.000	constitutive	constitutive	196	182	2
NC_072386.2	127777969	127778449	-3	1	-	NC_072386.2	127777971	127778418	ABCA2	XM_054501743.2	-	3	2	31	2	19	20	2	2	2	middle	middle	1.000	1.000	constitutive	constitutive	164	180	2
NC_072386.2	127779750	127780536	-1	1	-	NC_072386.2	127779852	127780536	ABCA2	XM_054501743.2	-	1	2	0	102	12	13	2	2	2	middle	middle	1.000	1.000	constitutive	constitutive	96	173	2
NC_072386.2	127810308	127811151	-1	1	-	NC_072386.2	127810309	127810743	ENTPD2	XM_054502455.2	-	1	2	408	1	8	9	1	1	1	middle	last	1.000	1.000	constitutive	constitutive	134	200	1
NC_072386.2	127812414	127813242	-1	1	-	NC_072386.2	127812673	127813141	ENTPD2	XM_054502455.2	-	1	2	101	259	4	5	1	1	1	middle	middle	1.000	1.000	constitutive	constitutive	159	227	1
NC_072386.2	127839532	127840396	2	1	+	NC_072386.2	127839756	127840382	UAP1L1	XM_054502976.2	+	2	2	224	14	2	3	4	4	4	middle	middle	1.000	1.000	constitutive	constitutive	204	175	4
NC_072386.2	127920716	127921436	3	1	+	NC_072386.2	127920932	127921300	GRIN1	XM_054501592.1	+	3	2	216	136	6	7	9	9	9	middle	middle	1.000	1.000	constitutive	constitutive	121	174	9
NC_072386.2	127925884	127926370	2	1	+	NC_072386.2	127926008	127926369	GRIN1	XM_054501592.1	+	2	2	124	1	12	13	9	9	9	middle	middle	1.000	1.000	constitutive	constitutive	164	118	9
NC_072386.2	127979399	127979999	3	1	+	NC_072386.2	127979431	127979789	NDOR1	XM_054500720.2	+	3	2	32	210	11	12	3	3	3	middle	middle	1.000	1.000	constitutive	constitutive	146	118	3
NC_072386.2	128010664	128011636	-3	1	-	NC_072386.2	128010736	128011496	CIMIP2A	XM_054502445.2	-	3	2	140	72	2	3	4	2	4	middle	middle	0.500	1.000	alternative	constitutive	546	126	2
NC_072386.2	128010664	128011636	-3	1	-	NC_072386.2	128010736	128011496	CIMIP2A	XM_054502447.2	-	3	3	140	72	2	4	4	2	4	middle	middle	0.500	1.000	alternative	constitutive	214	126	2
NC_072386.2	128017825	128018491	2	1	+	NC_072386.2	128017959	128018465	STPG3	XM_054502449.2	+	2	2	134	26	4	5	3	3	3	middle	middle	1.000	1.000	constitutive	constitutive	88	303	3
NC_072386.2	128204796	128205273	-1	1	-	NC_072386.2	128204799	128205264	ENTPD8	XM_054500314.2	-	1	2	9	3	1	2	7	5	7	first	middle	0.714	1.000	alternative	constitutive	272	117	5
NC_072386.2	128204796	128205273	-1	1	-	NC_072386.2	128204799	128205117	ENTPD8	XM_054500317.2	-	1	2	156	3	1	2	7	2	7	first	middle	0.286	1.000	alternative	constitutive	125	117	2
NC_072386.2	128215905	128216340	-1	1	-	NC_072386.2	128216089	128216310	NSMF	XM_054499976.2	-	1	2	30	184	10	11	4	4	4	middle	middle	1.000	1.000	constitutive	constitutive	33	70	4
NC_072386.2	128224219	128224627	-3	1	-	NC_072386.2	128224220	128224560	PNPLA7	XM_054499979.2	-	3	2	67	1	36	37	1	1	1	middle	last	1.000	1.000	constitutive	constitutive	103	80	1
NC_072386.2	128274053	128274707	-2	1	-	NC_072386.2	128274219	128274688	PNPLA7	XM_054499979.2	-	2	2	19	166	13	14	1	1	1	middle	middle	1.000	1.000	constitutive	constitutive	100	146	1
NC_072386.2	21384769	21385645	-3	1	-	NC_072386.2	21384901	21385375	NPR2	XM_054501995.2	-	3	2	270	132	13	14	2	2	2	middle	middle	1.000	1.000	constitutive	constitutive	159	155	2
NC_072386.2	21454524	21454830	-1	1	-	NC_072386.2	21454526	21454791	CREB3	XM_054502006.2	-	1	2	39	2	5	6	1	1	1	middle	middle	1.000	1.000	constitutive	constitutive	106	68	1
NC_072386.2	21478779	21479139	1	1	+	NC_072386.2	21478818	21479103	TLN1	XM_054501994.2	+	1	2	39	36	30	31	2	2	2	middle	middle	1.000	1.000	constitutive	constitutive	93	89	2
NC_072386.2	21483159	21483660	1	1	+	NC_072386.2	21483178	21483582	TLN1	XM_054501994.2	+	1	2	19	78	39	40	2	2	2	middle	middle	1.000	1.000	constitutive	constitutive	170	149	2
NC_072386.2	21503936	21504365	3	1	+	NC_072386.2	21503958	21504302	TPM2	XM_054501901.2	+	3	2	22	63	3	4	5	5	5	middle	middle	1.000	1.000	constitutive	constitutive	133	117	5
NC_072386.2	21509424	21509880	-1	1	-	NC_072386.2	21509595	21509880	CA9	XM_054501843.1	-	1	2	0	171	8	9	1	1	1	middle	middle	1.000	1.000	constitutive	constitutive	144	26	1
NC_072386.2	21513273	21514149	-1	1	-	NC_072386.2	21513481	21514109	CA9	XM_054501843.1	-	1	3	40	208	3	5	1	1	1	middle	middle	1.000	1.000	constitutive	constitutive	170	92	1
NC_072386.2	21539187	21540084	1	1	+	NC_072386.2	21539300	21540084	SIT1	XM_054501851.2	+	1	3	113	0	2	4	3	1	3	middle	last	0.333	1.000	unique	constitutive	278	230	1
NC_072386.2	21539187	21540084	1	1	+	NC_072386.2	21539300	21540084	SIT1	XM_054501852.2	+	1	4	113	0	2	5	3	2	3	middle	last	0.667	1.000	alternative	constitutive	135	230	2
NC_072386.2	21626761	21627658	2	1	+	NC_072386.2	21626790	21627203	CIMIP2B	XM_063650471.1	+	2	2	29	455	4	5	2	2	2	middle	middle	1.000	1.000	constitutive	constitutive	187	51	1
NC_072386.2	21626761	21627658	2	1	+	NC_072386.2	21626790	21627472	CIMIP2B	XM_063650472.1	+	2	3	29	186	3	5	2	2	1	middle	middle	1.000	0.500	constitutive	unique	187	148	1
NC_072386.2	22102791	22103247	1	1	+	NC_072386.2	22102834	22103181	STOML2	XM_054501878.2	+	1	2	43	66	6	7	2	2	2	middle	middle	1.000	1.000	constitutive	constitutive	144	79	2
NC_072386.2	22208162	22209224	-2	1	-	NC_072386.2	22208163	22209154	DNAJB5	XM_054502708.2	-	2	2	70	1	3	4	4	4	4	middle	last	1.000	1.000	constitutive	constitutive	601	230	4
NC_072386.2	22697561	22698089	-2	1	-	NC_072386.2	22697615	22697915	DNAI1	XM_054502758.1	-	2	2	174	54	14	15	2	2	2	middle	middle	1.000	1.000	constitutive	constitutive	89	87	2
NC_072386.2	23287854	23288226	1	1	+	NC_072386.2	23287855	23288226	UBAP2	XM_054502799.2	+	1	2	1	0	27	28	16	16	16	middle	last	1.000	1.000	constitutive	constitutive	191	92	16
NC_072386.2	23829688	23830234	2	1	+	NC_072386.2	23829822	23830204	NOL6	XM_054502828.2	+	2	2	134	30	7	8	12	12	12	middle	middle	1.000	1.000	constitutive	constitutive	134	163	12
NC_072386.2	55102647	55103094	1	1	+	NC_072386.2	55102672	55103093	PUM3	XM_054500148.2	+	1	2	25	1	6	7	2	2	2	middle	middle	1.000	1.000	constitutive	constitutive	93	66	2
NC_072386.2	67028106	67028367	1	1	+	NC_072386.2	67028107	67028366	VPS13A	XM_054500058.2	+	1	2	1	1	66	67	4	3	3	middle	middle	0.750	0.750	alternative	alternative	45	123	3
NC_072386.2	78508683	78509115	-1	1	-	NC_072386.2	78508732	78509106	LOC129043506	XM_063650132.1	-	1	2	9	49	27	28	1	1	1	middle	middle	1.000	1.000	constitutive	constitutive	90	175	1
NC_072386.2	81420549	81420870	1	1	+	NC_072386.2	81420574	81420865	SEMA4D	XM_054502191.2	+	1	2	25	5	12	13	20	20	20	middle	middle	1.000	1.000	constitutive	constitutive	172	43	20
NC_072386.2	87573772	87575098	-3	1	-	NC_072386.2	87573773	87575071	LOC134737941	XM_063650135.1	-	3	2	27	1	1	5	1	1	1	first	last	1.000	1.000	constitutive	constitutive	405	354	1
NC_072386.2	89381080	89381536	2	1	+	NC_072386.2	89381120	89381524	COL15A1	XM_054501944.2	+	2	2	40	12	18	19	2	2	2	middle	middle	1.000	1.000	constitutive	constitutive	140	68	2
NC_072386.2	95388124	95388673	-3	1	-	NC_072386.2	95388125	95388667	LOC129044300	XM_054502136.1	-	3	2	6	1	1	2	1	1	1	first	last	1.000	1.000	constitutive	constitutive	309	130	1
NC_072386.2	99071933	99072419	3	1	+	NC_072386.2	99072045	99072419	LOC129044333	XM_054502184.2	+	3	2	112	0	1	2	1	1	1	first	last	1.000	1.000	constitutive	constitutive	79	240	1
NC_072387.2	107926559	107926841	3	1	+	NC_072387.2	107926560	107926811	IPO5	XM_054446396.2	+	3	2	1	30	21	22	2	2	2	middle	middle	1.000	1.000	constitutive	constitutive	111	55	2
NC_072387.2	111041365	111041860	-1	1	-	NC_072387.2	111041390	111041738	NALCN	XM_054446842.2	-	1	2	122	25	25	26	1	1	1	middle	middle	1.000	1.000	constitutive	constitutive	120	131	1
NC_072387.2	120207094	120207355	-1	1	-	NC_072387.2	120207122	120207355	COL4A1	XM_054447361.2	-	1	2	0	28	3	4	1	1	1	middle	middle	1.000	1.000	constitutive	constitutive	89	44	1
NC_072387.2	120496632	120497121	1	1	+	NC_072387.2	120496697	120497116	COL4A2	XM_054447359.2	+	1	2	65	5	43	44	1	1	1	middle	middle	1.000	1.000	constitutive	constitutive	146	116	1
NC_072387.2	123105403	123106789	2	1	+	NC_072387.2	123105443	123106789	F7	XM_054447051.2	+	2	2	40	0	9	10	1	1	1	middle	last	1.000	1.000	constitutive	constitutive	123	592	1
NC_072387.2	27168032	27168512	3	1	+	NC_072387.2	27168069	27168511	SAP18	XM_054446122.2	+	3	2	37	1	1	2	4	4	4	first	middle	1.000	1.000	constitutive	constitutive	128	109	4
NC_072387.2	27361027	27361306	-1	1	-	NC_072387.2	27361029	27361201	LOC129011868	XM_054447208.2	-	1	2	105	2	6	7	1	1	1	middle	middle	1.000	1.000	constitutive	constitutive	35	61	1
NC_072387.2	30871016	30871295	-3	1	-	NC_072387.2	30871018	30871190	LOC129011388	XM_054446228.2	-	3	2	105	2	6	7	12	12	12	middle	middle	1.000	1.000	constitutive	constitutive	35	61	12
NC_072387.2	33387898	33388177	2	1	+	NC_072387.2	33388004	33388176	LOC129011430	XM_054446356.2	+	2	2	106	1	6	7	5	5	5	middle	middle	1.000	1.000	constitutive	constitutive	35	61	5
NC_072387.2	36528152	36528509	-3	1	-	NC_072387.2	36528161	36528488	FLT3	XM_054446513.2	-	3	2	21	9	14	15	2	2	2	middle	middle	1.000	1.000	constitutive	constitutive	132	104	2
NC_072387.2	45582219	45582639	-2	1	-	NC_072387.2	45582325	45582631	SUPT20H	XM_054446440.2	-	2	2	8	106	10	11	50	50	50	middle	middle	1.000	1.000	constitutive	constitutive	156	56	50
NC_072387.2	57035036	57035564	-3	1	-	NC_072387.2	57035127	57035531	RCBTB2	XM_054446760.2	-	3	2	33	91	5	6	8	7	7	middle	middle	0.875	0.875	alternative	alternative	158	107	7
NC_072388.2	102024736	102025417	-3	1	-	NC_072388.2	102024991	102025269	CDC42BPB	XM_054449340.2	-	3	2	148	255	31	32	4	4	4	middle	middle	1.000	1.000	constitutive	constitutive	97	84	4
NC_072388.2	102183740	102184271	3	1	+	NC_072388.2	102183815	102184250	EXOC3L4	XM_054449348.2	+	3	2	75	21	5	6	15	15	15	middle	middle	1.000	1.000	constitutive	constitutive	111	122	15
NC_072388.2	102212015	102212624	3	1	+	NC_072388.2	102212178	102212623	TNFAIP2	XM_054449364.2	+	3	2	163	1	9	10	1	1	1	middle	middle	1.000	1.000	constitutive	constitutive	155	121	1
NC_072388.2	103275852	103276836	1	1	+	NC_072388.2	103275902	103276438	KIF26A	XM_054449457.2	+	1	2	50	398	8	9	4	4	4	middle	middle	1.000	1.000	constitutive	constitutive	262	183	4
NC_072388.2	103858200	103859559	1	1	+	NC_072388.2	103858318	103859404	INF2	XM_054448738.2	+	1	2	118	155	6	7	4	4	4	middle	middle	1.000	1.000	constitutive	constitutive	141	743	4
NC_072388.2	103927866	103928319	-1	1	-	NC_072388.2	103927930	103928199	AKT1	XM_054447960.2	-	1	2	120	64	5	6	5	5	5	middle	middle	1.000	1.000	constitutive	constitutive	131	65	5
NC_072388.2	104112658	104113042	-3	1	-	NC_072388.2	104112683	104112945	AHNAK2	XM_054447793.2	-	3	2	97	25	2	3	4	2	2	middle	middle	0.500	0.500	alternative	alternative	58	98	2
NC_072388.2	104305755	104306418	-1	1	-	NC_072388.2	104305993	104306300	JAG2	XM_054448663.2	-	1	2	118	238	11	12	3	3	3	middle	middle	1.000	1.000	constitutive	constitutive	46	173	3
NC_072388.2	104306487	104307195	-1	1	-	NC_072388.2	104306646	104307101	JAG2	XM_054448663.2	-	1	2	94	159	8	9	3	3	3	middle	middle	1.000	1.000	constitutive	constitutive	113	113	3
NC_072388.2	104625373	104626261	2	1	+	NC_072388.2	104625420	104626172	CRIP2	XM_054449205.2	+	2	3	47	89	4	7	1	1	1	middle	middle	1.000	1.000	constitutive	constitutive	140	57	1
NC_072388.2	104752627	104753584	-3	1	-	NC_072388.2	104752732	104753449	LOC129013108	unassigned_transcript_486	-	3	2	135	105	1	2	1	1	1	first	middle	1.000	1.000	constitutive	constitutive	192	320	1
NC_072388.2	105030394	105031504	-3	1	-	NC_072388.2	105030445	105031486	LOC129013243	unassigned_transcript_495	-	3	2	18	51	1	2	1	1	1	first	middle	1.000	1.000	constitutive	constitutive	507	323	1
NC_072388.2	105449040	105449760	-1	1	-	NC_072388.2	105449042	105449724	LOC134738096	XM_063651289.1	-	1	2	36	2	1	2	1	1	1	first	middle	1.000	1.000	constitutive	constitutive	436	62	1
NC_072388.2	16684605	16685130	1	1	+	NC_072388.2	16684664	16685100	LOC129013193	XM_063651310.1	+	1	2	59	30	8	9	15	15	15	middle	middle	1.000	1.000	constitutive	constitutive	145	206	15
NC_072388.2	16782257	16782494	-2	1	-	NC_072388.2	16782258	16782478	LOC129012665	XM_054448586.2	-	2	2	16	1	3	4	1	1	1	middle	last	1.000	1.000	constitutive	constitutive	61	77	1
NC_072388.2	17190268	17191255	-3	1	-	NC_072388.2	17190431	17191217	LOC129013201	XM_063652120.1	-	3	3	38	163	3	5	1	1	1	middle	middle	1.000	1.000	constitutive	constitutive	186	131	1
NC_072388.2	17589759	17590746	-1	1	-	NC_072388.2	17589922	17590708	LOC129013197	XM_063652123.1	-	1	2	38	163	4	5	1	1	1	middle	middle	1.000	1.000	constitutive	constitutive	186	437	1
NC_072388.2	19160660	19161113	3	1	+	NC_072388.2	19160712	19161086	TMEM253	XM_054449774.1	+	3	2	52	27	4	5	1	1	1	middle	middle	1.000	1.000	constitutive	constitutive	110	146	1
NC_072388.2	21065151	21065547	-1	1	-	NC_072388.2	21065176	21065547	RBM23	XM_054448855.2	-	1	2	0	25	7	8	18	18	18	middle	middle	1.000	1.000	constitutive	constitutive	152	137	18
NC_072388.2	21210561	21211299	-1	1	-	NC_072388.2	21210585	21211197	CDH24	XM_054448827.2	-	1	2	102	24	9	10	5	5	5	middle	middle	1.000	1.000	constitutive	constitutive	111	248	5
NC_072388.2	21568790	21569624	-2	1	-	NC_072388.2	21568853	21569426	MYH6	XM_054448901.2	-	2	2	198	63	2	3	1	1	1	middle	middle	1.000	1.000	constitutive	constitutive	143	156	1
NC_072388.2	22234420	22234858	2	1	+	NC_072388.2	22234513	22234798	CARMIL3	XM_054448925.2	+	2	2	93	60	23	24	3	3	3	middle	middle	1.000	1.000	constitutive	constitutive	93	98	3
NC_072388.2	22248802	22249381	2	1	+	NC_072388.2	22248899	22249222	CPNE6	XM_054448928.2	+	2	2	97	159	4	5	2	2	2	middle	middle	1.000	1.000	constitutive	constitutive	74	83	2
NC_072388.2	22251412	22252105	2	1	+	NC_072388.2	22251474	22251985	CPNE6	XM_054448928.2	+	2	2	62	120	13	14	2	2	2	middle	middle	1.000	1.000	constitutive	constitutive	133	236	2
NC_072388.2	22322500	22322779	-3	1	-	NC_072388.2	22322564	22322779	PSME2	XM_054449000.1	-	3	2	0	64	5	6	2	2	2	middle	middle	1.000	1.000	constitutive	constitutive	30	97	2
NC_072388.2	22332943	22333255	2	1	+	NC_072388.2	22332944	22333222	RNF31	XM_054448955.2	+	2	2	1	33	13	14	4	4	4	middle	middle	1.000	1.000	constitutive	constitutive	98	89	4
NC_072388.2	22340473	22341049	2	1	+	NC_072388.2	22340474	22341019	IRF9	XM_054448973.2	+	2	2	1	30	2	3	4	4	4	middle	middle	1.000	1.000	constitutive	constitutive	183	130	4
NC_072388.2	22343200	22343758	2	1	+	NC_072388.2	22343353	22343758	IRF9	XM_054448973.2	+	2	2	153	0	8	9	4	2	2	middle	last	0.500	0.500	alternative	alternative	115	130	2
NC_072388.2	22350724	22351099	2	1	+	NC_072388.2	22350799	22351098	REC8	XM_054448970.2	+	2	2	75	1	3	4	2	2	2	middle	middle	1.000	1.000	constitutive	constitutive	142	72	2
NC_072388.2	22365248	22365695	-2	1	-	NC_072388.2	22365273	22365669	IPO4	XM_054448952.2	-	2	2	26	25	5	6	6	6	6	middle	middle	1.000	1.000	constitutive	constitutive	129	179	6
NC_072388.2	22387201	22387711	-3	1	-	NC_072388.2	22387234	22387652	CHMP4A	XM_054449001.2	-	3	2	59	33	4	5	1	1	1	middle	middle	1.000	1.000	constitutive	constitutive	114	135	1
NC_072388.2	22431261	22432026	-1	1	-	NC_072388.2	22431316	22431905	TGM1	XM_054449010.2	-	1	2	121	55	11	12	1	1	1	middle	middle	1.000	1.000	constitutive	constitutive	281	160	1
NC_072388.2	22444009	22444975	-3	1	-	NC_072388.2	22444277	22444575	RABGGTA	XM_054447936.2	-	3	2	400	268	12	13	2	2	2	middle	middle	1.000	1.000	constitutive	constitutive	88	116	2
NC_072388.2	22444981	22445527	-3	1	-	NC_072388.2	22444986	22445443	RABGGTA	XM_054447936.2	-	3	3	84	5	8	10	2	2	2	middle	middle	1.000	1.000	constitutive	constitutive	101	51	2
NC_072388.2	22476532	22477564	2	1	+	NC_072388.2	22476569	22477466	NOP9	XM_054447940.2	+	2	2	37	98	1	2	2	2	2	first	middle	1.000	1.000	constitutive	constitutive	246	443	2
NC_072388.2	22506251	22506962	-2	1	-	NC_072388.2	22506558	22506896	ADCY4	XM_054448490.2	-	2	2	66	307	5	6	5	5	5	middle	middle	1.000	1.000	constitutive	constitutive	148	111	5
NC_072388.2	22585862	22586456	3	1	+	NC_072388.2	22585910	22586284	NYNRIN	XM_054449177.2	+	3	2	48	172	4	5	3	3	3	middle	middle	1.000	1.000	constitutive	constitutive	130	96	3
NC_072388.2	50703928	50704759	-3	1	-	NC_072388.2	50703967	50704709	NID2	XM_054447696.2	-	3	2	50	39	4	5	1	1	1	middle	middle	1.000	1.000	constitutive	constitutive	301	359	1
NC_072388.2	72165058	72165850	2	1	+	NC_072388.2	72165256	72165773	PAPLN	XM_054449518.2	+	2	2	198	77	3	4	2	2	2	middle	middle	1.000	1.000	constitutive	constitutive	60	102	2
NC_072388.2	73217602	73218229	-3	1	-	NC_072388.2	73217604	73217922	ABCD4	XM_054447879.2	-	3	2	307	2	9	10	10	10	10	middle	middle	1.000	1.000	constitutive	constitutive	121	91	10
NC_072388.2	75897956	75898358	3	1	+	NC_072388.2	75898020	75898358	LOC129012470	XM_054448092.2	+	3	2	64	0	1	2	1	1	1	first	last	1.000	1.000	constitutive	constitutive	62	194	1
NC_072388.2	95597162	95597504	3	1	+	NC_072388.2	95597167	95597485	PAPOLA	XM_054447403.2	+	3	2	5	19	8	9	6	6	6	middle	middle	1.000	1.000	constitutive	constitutive	89	138	6
NC_072388.2	96010311	96010629	1	1	+	NC_072388.2	96010318	96010629	LOC129012227	XM_054447716.1	+	1	2	7	0	2	3	1	1	1	middle	last	1.000	1.000	constitutive	constitutive	101	122	1
NC_072388.2	98808226	98808832	2	1	+	NC_072388.2	98808301	98808832	LOC129012883	XM_054449047.2	+	2	2	75	0	14	15	3	1	1	middle	last	0.333	0.333	unique	unique	66	167	1
NC_072389.2	106930463	106932293	-1	1	-	NC_072389.2	106930464	106932248	LOC134738343	XM_063653058.1	-	1	6	45	1	1	6	23	8	6	first	last	0.348	0.261	alternative	alternative	163	345	3
NC_072389.2	106930463	106932293	-1	1	-	NC_072389.2	106930464	106932248	LOC134738343	XM_063653062.1	-	1	7	45	1	1	7	23	8	1	first	last	0.348	0.043	alternative	unique	163	67	1
NC_072389.2	106930463	106932293	-1	1	-	NC_072389.2	106930464	106932248	LOC134738343	XM_063653063.1	-	1	7	45	1	1	7	23	8	1	first	last	0.348	0.043	alternative	unique	163	183	1
NC_072389.2	106930463	106932293	-1	1	-	NC_072389.2	106930464	106931923	LOC134738343	XM_063653065.1	-	1	5	370	1	2	6	23	1	6	middle	last	0.043	0.261	unique	alternative	93	345	1
NC_072389.2	106930463	106932293	-1	1	-	NC_072389.2	106930464	106931760	LOC134738343	XM_063653066.1	-	1	4	533	1	2	5	23	11	6	middle	last	0.478	0.261	alternative	alternative	278	345	2
NC_072389.2	106930463	106932293	-1	1	-	NC_072389.2	106930881	106932248	LOC134738343	XM_063653068.1	-	1	5	45	418	1	5	23	8	1	first	middle	0.348	0.043	alternative	unique	163	183	1
NC_072389.2	106930463	106932293	-1	1	-	NC_072389.2	106930971	106932248	LOC134738343	XM_063653069.1	-	1	5	45	508	1	5	23	8	2	first	middle	0.348	0.087	alternative	alternative	163	93	2
NC_072389.2	19763471	19764110	3	1	+	NC_072389.2	19763478	19764109	LOC134738233	XM_063652452.1	+	3	2	7	1	1	2	2	1	1	first	middle	0.500	0.500	unique	unique	190	344	1
NC_072389.2	19763471	19764110	3	1	+	NC_072389.2	19763478	19764109	LOC134738233	XM_063652453.1	+	3	2	7	1	1	2	2	1	1	first	middle	0.500	0.500	unique	unique	125	289	1
NC_072389.2	20370315	20370660	-3	1	-	NC_072389.2	20370317	20370540	LOC129014698	XM_063653120.1	-	3	2	120	2	1	2	4	1	1	first	middle	0.250	0.250	unique	unique	20	106	1
NC_072389.2	20567127	20567385	1	1	+	NC_072389.2	20567128	20567344	LOC134738352	XM_063653135.1	+	1	2	1	41	5	6	2	2	2	middle	middle	1.000	1.000	constitutive	constitutive	47	84	2
NC_072389.2	21114017	21114275	3	1	+	NC_072389.2	21114018	21114234	LOC134738355	XM_063653137.1	+	3	2	1	41	5	6	1	1	1	middle	middle	1.000	1.000	constitutive	constitutive	47	84	1
NC_072389.2	22402811	22403069	3	1	+	NC_072389.2	22402812	22403028	LOC134738375	XM_063653154.1	+	3	2	1	41	6	7	3	3	3	middle	middle	1.000	1.000	constitutive	constitutive	47	84	3
NC_072389.2	22484493	22485087	1	1	+	NC_072389.2	22484494	22484817	LOC134738376	XM_063653157.1	+	1	2	1	270	3	4	3	2	2	middle	middle	0.667	0.667	alternative	alternative	59	80	2
NC_072389.2	23301351	23301981	-3	1	-	NC_072389.2	23301352	23301964	LOC129026596	XM_054473744.2	-	3	2	17	1	17	19	2	2	2	middle	last	1.000	1.000	constitutive	constitutive	100	181	2
NC_072389.2	23951428	23951785	-2	1	-	NC_072389.2	23951429	23951764	LOC129014568	XM_063653291.1	-	2	2	21	1	3	4	3	3	3	middle	last	1.000	1.000	constitutive	constitutive	228	19	3
NC_072389.2	26093744	26094374	3	1	+	NC_072389.2	26093762	26094374	LOC129014717	XM_054452385.2	+	3	2	18	0	18	20	3	3	3	middle	last	1.000	1.000	constitutive	constitutive	100	181	3
NC_072389.2	26687958	26688552	-3	1	-	NC_072389.2	26688229	26688552	LOC129014666	XM_054452260.2	-	3	2	0	271	3	4	4	4	4	middle	middle	1.000	1.000	constitutive	constitutive	59	80	4
NC_072389.2	26770513	26770771	-2	1	-	NC_072389.2	26770555	26770771	LOC129014665	XM_054452256.2	-	2	2	0	42	5	6	3	3	3	middle	middle	1.000	1.000	constitutive	constitutive	47	84	3
NC_072389.2	32684495	32684954	3	1	+	NC_072389.2	32684496	32684819	LOC129014343	XM_063652492.1	+	3	2	1	135	3	4	2	2	2	middle	middle	1.000	1.000	constitutive	constitutive	59	80	2
NC_072389.2	32691558	32692182	1	1	+	NC_072389.2	32691576	32692182	LOC129014343	XM_063652492.1	+	1	2	18	0	17	19	2	2	2	middle	last	1.000	1.000	constitutive	constitutive	100	169	2
NC_072389.2	34743889	34744516	2	1	+	NC_072389.2	34743907	34744516	LOC129014524	XM_054451994.2	+	2	2	18	0	18	20	1	1	1	middle	last	1.000	1.000	constitutive	constitutive	100	172	1
NC_072389.2	36393673	36394300	-2	1	-	NC_072389.2	36393674	36394283	LOC129014721	XM_054452393.2	-	2	2	17	1	18	20	5	5	5	middle	last	1.000	1.000	constitutive	constitutive	100	172	5
NC_072389.2	36483494	36483752	-1	1	-	NC_072389.2	36483536	36483752	LOC129014720	XM_054452389.2	-	1	2	0	42	6	7	4	4	4	middle	middle	1.000	1.000	constitutive	constitutive	47	84	4
NC_072389.2	36619832	36620459	-1	1	-	NC_072389.2	36619833	36620442	LOC129014722	XM_054452399.2	-	1	2	17	1	17	19	1	1	1	middle	last	1.000	1.000	constitutive	constitutive	100	172	1
NC_072389.2	36626948	36627542	-1	1	-	NC_072389.2	36627219	36627542	LOC129014722	XM_054452399.2	-	1	2	0	271	3	4	1	1	1	middle	middle	1.000	1.000	constitutive	constitutive	59	80	1
NC_072389.2	36901466	36901724	3	1	+	NC_072389.2	36901467	36901683	LOC129014227	XM_054451397.2	+	3	2	1	41	6	7	6	6	6	middle	middle	1.000	1.000	constitutive	constitutive	47	84	6
NC_072389.2	36990888	36991515	1	1	+	NC_072389.2	36990906	36991515	LOC129014231	XM_054451409.2	+	1	2	18	0	18	20	5	5	5	middle	last	1.000	1.000	constitutive	constitutive	100	172	5
NC_072389.2	37134761	37135019	3	1	+	NC_072389.2	37134762	37134978	LOC129014228	XM_054451401.2	+	3	2	1	41	6	7	3	3	3	middle	middle	1.000	1.000	constitutive	constitutive	47	84	3
NC_072389.2	37220295	37220922	1	1	+	NC_072389.2	37220313	37220922	LOC129014232	XM_054451414.2	+	1	2	18	0	17	19	3	3	3	middle	last	1.000	1.000	constitutive	constitutive	100	172	3
NC_072389.2	37347315	37347681	1	1	+	NC_072389.2	37347316	37347639	LOC129014230	XM_054451407.2	+	1	2	1	42	3	4	1	1	1	middle	middle	1.000	1.000	constitutive	constitutive	59	80	1
NC_072389.2	37348793	37349051	3	1	+	NC_072389.2	37348794	37349010	LOC129014230	XM_054451407.2	+	3	2	1	41	6	7	1	1	1	middle	middle	1.000	1.000	constitutive	constitutive	47	84	1
NC_072389.2	37427453	37428047	3	1	+	NC_072389.2	37427454	37427777	LOC134737556	XM_063652538.1	+	3	2	1	270	3	4	2	2	2	middle	middle	1.000	1.000	constitutive	constitutive	59	80	2
NC_072389.2	37434537	37435164	1	1	+	NC_072389.2	37434555	37435164	LOC134737556	XM_063652538.1	+	1	2	18	0	17	19	2	2	2	middle	last	1.000	1.000	constitutive	constitutive	100	172	2
NC_072389.2	37578479	37578737	3	1	+	NC_072389.2	37578480	37578696	LOC129014226	XM_054451391.2	+	3	2	1	41	4	5	5	5	5	middle	middle	1.000	1.000	constitutive	constitutive	47	84	5
NC_072389.2	39438152	39438410	-1	1	-	NC_072389.2	39438194	39438410	LOC129013812	XM_054450522.2	-	1	2	0	42	5	6	5	3	3	middle	middle	0.600	0.600	alternative	alternative	47	84	3
NC_072389.2	39549680	39550307	-1	1	-	NC_072389.2	39549681	39550290	LOC129013811	XM_054450521.2	-	1	2	17	1	17	19	1	1	1	middle	last	1.000	1.000	constitutive	constitutive	100	172	1
NC_072389.2	39556798	39557392	-2	1	-	NC_072389.2	39557069	39557392	LOC129013811	XM_054450521.2	-	2	2	0	271	3	4	1	1	1	middle	middle	1.000	1.000	constitutive	constitutive	59	80	1
NC_072389.2	39636618	39637239	-3	1	-	NC_072389.2	39636619	39637222	LOC129013810	XM_054450520.2	-	3	2	17	1	16	18	1	1	1	middle	last	1.000	1.000	constitutive	constitutive	100	172	1
NC_072389.2	39642539	39642800	-1	1	-	NC_072389.2	39642581	39642800	LOC129013810	XM_054450520.2	-	1	2	0	42	5	6	1	1	1	middle	middle	1.000	1.000	constitutive	constitutive	47	84	1
NC_072389.2	45229603	45230167	-2	1	-	NC_072389.2	45229864	45230104	SRP14	XM_054450908.1	-	2	2	63	261	1	2	1	1	1	first	middle	1.000	1.000	constitutive	constitutive	23	72	1
NC_072389.2	45458947	45459868	2	1	+	NC_072389.2	45459068	45459843	PAK6	XM_054450699.1	+	2	2	121	25	3	4	6	6	6	middle	middle	1.000	1.000	constitutive	constitutive	497	133	6
NC_072389.2	45460149	45460635	1	1	+	NC_072389.2	45460188	45460518	PAK6	XM_054450699.1	+	1	2	39	117	5	6	6	6	6	middle	middle	1.000	1.000	constitutive	constitutive	126	125	6
NC_072389.2	45476869	45478039	-2	1	-	NC_072389.2	45477525	45477962	PLCB2	XM_054451774.1	-	2	2	77	656	26	27	7	6	6	middle	middle	0.857	0.857	alternative	alternative	165	76	6
NC_072389.2	45483258	45483690	-3	1	-	NC_072389.2	45483304	45483690	PLCB2	XM_054451774.1	-	3	2	0	46	14	15	7	2	6	middle	middle	0.286	0.857	alternative	alternative	150	112	2
NC_072389.2	45483258	45483690	-3	1	-	NC_072389.2	45483304	45483690	PLCB2	XM_054451775.1	-	3	2	0	46	14	15	7	4	6	middle	middle	0.571	0.857	alternative	alternative	162	112	4
NC_072389.2	45552140	45552944	3	1	+	NC_072389.2	45552326	45552905	DISP2	XM_054450243.2	+	3	2	186	39	6	7	1	1	1	middle	middle	1.000	1.000	constitutive	constitutive	127	97	1
NC_072389.2	45965758	45966583	-2	1	-	NC_072389.2	45966061	45966492	DNAJC17	XM_054450283.2	-	2	2	91	303	5	6	1	1	1	middle	middle	1.000	1.000	constitutive	constitutive	85	96	1
NC_072389.2	46070760	46071477	-3	1	-	NC_072389.2	46070761	46071443	RHOV	XM_054450295.2	-	3	2	34	1	2	3	1	1	1	middle	last	1.000	1.000	constitutive	constitutive	58	440	1
NC_072389.2	46291556	46291943	-1	1	-	NC_072389.2	46291590	46291917	INO80	XM_054450302.2	-	1	2	26	34	2	3	3	3	3	middle	middle	1.000	1.000	constitutive	constitutive	169	67	3
NC_072389.2	46702936	46703404	2	1	+	NC_072389.2	46702952	46703340	ITPKA	XM_054451827.2	+	2	2	16	64	2	3	1	1	1	middle	middle	1.000	1.000	constitutive	constitutive	96	216	1
NC_072389.2	46712585	46713068	-1	1	-	NC_072389.2	46712612	46713026	LTK	XM_054451124.2	-	1	2	42	27	6	7	1	1	1	middle	middle	1.000	1.000	constitutive	constitutive	156	182	1
NC_072389.2	46724617	46725517	-2	1	-	NC_072389.2	46724739	46725464	RPAP1	XM_054451783.2	-	2	2	53	122	16	17	5	5	5	middle	middle	1.000	1.000	constitutive	constitutive	201	109	5
NC_072389.2	47046183	47046864	1	1	+	NC_072389.2	47046261	47046715	MAPKBP1	XM_054451816.2	+	1	2	78	149	25	26	2	2	2	middle	middle	1.000	1.000	constitutive	constitutive	145	194	2
NC_072389.2	47079661	47080432	-2	1	-	NC_072389.2	47079674	47080195	SPTBN5	XM_054450467.1	-	2	2	237	13	53	54	1	1	1	middle	middle	1.000	1.000	constitutive	constitutive	196	204	1
NC_072389.2	47083147	47083666	-2	1	-	NC_072389.2	47083223	47083601	SPTBN5	XM_054450467.1	-	2	2	65	76	47	48	1	1	1	middle	middle	1.000	1.000	constitutive	constitutive	90	146	1
NC_072389.2	47106488	47107196	-1	1	-	NC_072389.2	47106654	47107196	SPTBN5	XM_054450467.1	-	1	2	0	166	10	11	1	1	1	middle	middle	1.000	1.000	constitutive	constitutive	200	209	1
NC_072389.2	47299641	47300274	-3	1	-	NC_072389.2	47299809	47300237	PLA2G4D	XM_054452069.1	-	3	2	37	168	16	17	1	1	1	middle	middle	1.000	1.000	constitutive	constitutive	107	194	1
NC_072389.2	47382599	47383187	-1	1	-	NC_072389.2	47382750	47383120	PLA2G4F	XM_054452070.1	-	1	2	67	151	3	4	1	1	1	middle	middle	1.000	1.000	constitutive	constitutive	136	128	1
NC_072389.2	47973614	47974214	-1	1	-	NC_072389.2	47973620	47974191	CDAN1	XM_054452114.2	-	1	2	23	6	3	4	5	3	5	middle	middle	0.600	1.000	alternative	constitutive	206	169	3
NC_072389.2	47973614	47974214	-1	1	-	NC_072389.2	47973620	47974188	CDAN1	XM_054452116.2	-	1	2	26	6	3	4	5	2	5	middle	middle	0.400	1.000	alternative	constitutive	203	169	2
NC_072389.2	48406240	48406828	2	1	+	NC_072389.2	48406331	48406688	CCNDBP1	XM_054452151.2	+	2	2	91	140	1	2	2	1	1	first	middle	0.500	0.500	unique	unique	108	59	1
NC_072389.2	48738259	48746929	2	1	+	NC_072389.2	48738260	48746803	MAP1A	XM_054452188.2	+	2	2	1	126	5	6	2	1	2	middle	middle	0.500	1.000	unique	constitutive	8181	220	1
NC_072389.2	48738259	48746929	2	1	+	NC_072389.2	48738410	48746803	MAP1A	XM_054452189.2	+	2	2	151	126	1	2	2	1	2	first	middle	0.500	1.000	unique	constitutive	8031	220	1
NC_072389.2	50304443	50305019	-1	1	-	NC_072389.2	50304550	50304956	DUOX2	XM_054451091.1	-	1	2	63	107	18	19	2	2	2	middle	middle	1.000	1.000	constitutive	constitutive	225	93	2
NC_072389.2	50311406	50312687	-1	1	-	NC_072389.2	50311695	50312168	DUOX2	XM_054451091.1	-	1	2	519	289	5	6	2	2	2	middle	middle	1.000	1.000	constitutive	constitutive	201	166	2
NC_072389.2	50335603	50336788	2	1	+	NC_072389.2	50336027	50336500	DUOX1	XM_054451057.1	+	2	2	424	288	5	6	4	4	4	middle	middle	1.000	1.000	constitutive	constitutive	201	166	4
NC_072389.2	53345006	53345345	3	1	+	NC_072389.2	53345029	53345309	SLC24A5	XM_063652347.1	+	3	2	23	36	2	3	1	1	1	middle	middle	1.000	1.000	constitutive	constitutive	83	103	1
NC_072389.2	77866195	77866966	-2	1	-	NC_072389.2	77866261	77866630	CELF6	XM_054451520.2	-	2	2	336	66	8	9	17	17	13	middle	middle	1.000	0.765	constitutive	alternative	132	149	13
NC_072389.2	77866195	77866966	-2	1	-	NC_072389.2	77866261	77866630	CELF6	XM_054451521.2	-	2	2	336	66	8	9	17	17	4	middle	middle	1.000	0.235	constitutive	alternative	132	146	4
NC_072389.2	78903146	78905024	-1	1	-	NC_072389.2	78903147	78904915	HCN4	XM_054451569.2	-	1	2	109	1	7	8	1	1	1	middle	last	1.000	1.000	constitutive	constitutive	164	1465	1
NC_072389.2	80015580	80016342	-3	1	-	NC_072389.2	80015805	80016180	SEMA7A	XM_054452041.2	-	3	2	162	225	4	5	1	1	1	middle	middle	1.000	1.000	constitutive	constitutive	92	84	1
NC_072389.2	80183876	80184902	3	1	+	NC_072389.2	80184083	80184747	ARID3B	XM_054452046.2	+	3	2	207	155	5	6	2	2	2	middle	middle	1.000	1.000	constitutive	constitutive	283	254	2
NC_072389.2	80932603	80933278	-2	1	-	NC_072389.2	80932605	80933180	MAN2C1	XM_054450031.2	-	2	3	98	2	24	26	9	9	9	middle	middle	1.000	1.000	constitutive	constitutive	79	109	9
NC_072389.2	81346133	81346403	3	1	+	NC_072389.2	81346134	81346362	LOC129013611	XM_054450039.2	+	3	2	1	41	5	6	3	3	3	middle	middle	1.000	1.000	constitutive	constitutive	50	81	3
NC_072389.2	83630611	83631127	2	1	+	NC_072389.2	83630634	83630800	LOC129013871	XM_054450592.1	+	2	2	23	327	11	13	1	1	1	middle	middle	1.000	1.000	constitutive	constitutive	58	52	1
NC_072389.2	83785857	83786487	-3	1	-	NC_072389.2	83785972	83786259	LOC129013982	XM_054450828.2	-	3	2	228	115	16	17	2	2	2	middle	middle	1.000	1.000	constitutive	constitutive	102	103	2
NC_072389.2	83932546	83933455	2	1	+	NC_072389.2	83932613	83933398	LOC129013878	XM_063652804.1	+	2	2	67	57	11	13	1	1	1	middle	middle	1.000	1.000	constitutive	constitutive	69	173	1
NC_072389.2	84221314	84221746	2	1	+	NC_072389.2	84221334	84221746	DNAJA4	XM_054450859.2	+	2	2	20	0	7	8	4	4	4	middle	last	1.000	1.000	constitutive	constitutive	100	212	4
NC_072389.2	84723462	84724308	-3	1	-	NC_072389.2	84723644	84724188	ADAMTS7	XM_054449976.2	-	3	2	120	182	5	6	4	4	4	middle	middle	1.000	1.000	constitutive	constitutive	83	124	4
NC_072389.2	89948565	89949438	1	1	+	NC_072389.2	89948623	89949170	AP3B2	XM_054451307.2	+	1	2	58	268	7	8	5	5	4	middle	middle	1.000	0.800	constitutive	alternative	182	283	4
NC_072389.2	89948565	89949438	1	1	+	NC_072389.2	89948623	89949123	AP3B2	XM_054451308.2	+	1	2	58	315	7	8	5	5	1	middle	middle	1.000	0.200	constitutive	unique	182	236	1
NC_072389.2	89965701	89966154	1	1	+	NC_072389.2	89965725	89966140	AP3B2	XM_054451307.2	+	1	2	24	14	19	20	5	5	5	middle	middle	1.000	1.000	constitutive	constitutive	174	60	5
NC_072389.2	90405424	90405823	-2	1	-	NC_072389.2	90405426	90405726	SLC28A1	XM_054450984.1	-	2	2	97	2	15	16	7	5	5	middle	middle	0.714	0.714	alternative	alternative	98	111	5
NC_072389.2	90414358	90415114	-2	1	-	NC_072389.2	90414551	90415043	SLC28A1	XM_054450984.1	-	2	2	71	193	12	13	7	6	6	middle	middle	0.857	0.857	alternative	alternative	168	197	6
NC_072389.2	94963174	94963927	-2	1	-	NC_072389.2	94963274	94963688	POLG	XM_054450364.2	-	2	2	239	100	10	11	3	3	3	middle	middle	1.000	1.000	constitutive	constitutive	120	86	3
NC_072389.2	95276306	95277143	-1	1	-	NC_072389.2	95276459	95277098	KIF7	XM_054450373.2	-	1	2	45	153	16	17	10	10	10	middle	middle	1.000	1.000	constitutive	constitutive	198	146	10
NC_072389.2	95877408	95878005	1	1	+	NC_072389.2	95877445	95877873	SEMA4B	XM_054450402.2	+	1	2	37	132	10	11	3	3	3	middle	middle	1.000	1.000	constitutive	constitutive	210	115	3
NC_072389.2	96600772	96601315	2	1	+	NC_072389.2	96600884	96601261	UNC45A	XM_054451369.2	+	2	2	112	54	1	2	2	1	2	first	middle	0.500	1.000	unique	constitutive	50	161	1
NC_072389.2	96600772	96601315	2	1	+	NC_072389.2	96600884	96601261	UNC45A	XM_054451370.2	+	2	2	112	54	1	2	2	1	2	first	middle	0.500	1.000	unique	constitutive	5	161	1
NC_072389.2	96623134	96623641	2	1	+	NC_072389.2	96623203	96623584	UNC45A	XM_054451369.2	+	2	2	69	57	18	19	2	2	2	middle	middle	1.000	1.000	constitutive	constitutive	117	155	2
NC_072390.2	60754200	60754626	-1	1	-	NC_072390.2	60754201	60754571	ATP5F1A	XM_054460397.1	-	1	2	55	1	11	12	1	1	1	middle	last	1.000	1.000	constitutive	constitutive	150	78	1
NC_072390.2	61656960	61659153	-1	1	-	NC_072390.2	61656961	61658673	LOC129018897	XM_054460937.2	-	1	2	480	1	1	2	1	1	1	first	last	1.000	1.000	constitutive	constitutive	1519	117	1
NC_072390.2	65102613	65103165	-1	1	-	NC_072390.2	65102755	65103121	MBD1	XM_054460700.2	-	1	2	44	142	5	6	50	50	50	middle	middle	1.000	1.000	constitutive	constitutive	82	40	50
NC_072390.2	65109043	65109802	-3	1	-	NC_072390.2	65109182	65109689	CXXC1	XM_054460757.2	-	3	2	113	139	13	14	10	10	10	middle	middle	1.000	1.000	constitutive	constitutive	96	152	10
NC_072390.2	72611720	72612005	-2	1	-	NC_072390.2	72611722	72611970	ATP8B1	XM_054461198.2	-	2	2	35	2	6	7	5	5	5	middle	middle	1.000	1.000	constitutive	constitutive	72	70	5
NC_072391.2	10643592	10643994	1	1	+	NC_072391.2	10643657	10643994	LOC129014986	XM_054452492.1	+	1	2	65	0	2	3	2	2	2	middle	last	1.000	1.000	constitutive	constitutive	80	181	2
NC_072391.2	1086935	1088270	-1	1	-	NC_072391.2	1087218	1088269	LOC129016036	XM_054454885.2	-	1	2	1	283	2	3	1	1	1	middle	middle	1.000	1.000	constitutive	constitutive	419	28	1
NC_072391.2	12645092	12645788	3	1	+	NC_072391.2	12645112	12645594	CIITA	XM_054452997.2	+	3	2	20	194	2	3	16	16	16	middle	middle	1.000	1.000	constitutive	constitutive	146	95	16
NC_072391.2	13102080	13102353	-3	1	-	NC_072391.2	13102081	13102292	MPV17L	XM_054453633.2	-	3	2	61	1	2	3	2	1	1	middle	last	0.500	0.500	unique	unique	29	100	1
NC_072391.2	1314921	1316499	1	1	+	NC_072391.2	1315122	1315551	CACNA1H	XM_063655186.1	+	1	2	201	948	12	13	3	3	3	middle	middle	1.000	1.000	constitutive	constitutive	117	155	3
NC_072391.2	13181602	13181941	2	1	+	NC_072391.2	13181663	13181930	PDXDC1	XM_054453641.2	+	2	2	61	11	20	21	9	9	9	middle	middle	1.000	1.000	constitutive	constitutive	92	96	9
NC_072391.2	1318628	1319174	3	1	+	NC_072391.2	1318731	1319119	CACNA1H	XM_063655186.1	+	3	2	103	55	19	20	3	3	3	middle	middle	1.000	1.000	constitutive	constitutive	68	184	3
NC_072391.2	1319289	1319754	1	1	+	NC_072391.2	1319322	1319748	CACNA1H	XM_063655186.1	+	1	2	33	6	21	22	3	3	3	middle	middle	1.000	1.000	constitutive	constitutive	126	125	3
NC_072391.2	1322925	1323561	1	1	+	NC_072391.2	1323091	1323493	CACNA1H	XM_063655186.1	+	1	2	166	68	27	28	3	3	3	middle	middle	1.000	1.000	constitutive	constitutive	109	133	3
NC_072391.2	1338206	1338632	-1	1	-	NC_072391.2	1338208	1338593	LOC129016007	XM_054454874.2	-	1	2	39	2	1	2	1	1	1	first	middle	1.000	1.000	constitutive	constitutive	60	171	1
NC_072391.2	13428831	13429545	1	1	+	NC_072391.2	13429131	13429509	LOC129016230	XM_054455393.2	+	1	2	300	36	5	6	1	1	1	middle	middle	1.000	1.000	constitutive	constitutive	165	134	1
NC_072391.2	1355848	1356274	2	1	+	NC_072391.2	1355867	1356273	LOC129016008	XM_054454875.2	+	2	2	19	1	1	2	1	1	1	first	middle	1.000	1.000	constitutive	constitutive	81	171	1
NC_072391.2	1398564	1399098	-3	1	-	NC_072391.2	1398565	1398995	LOC129016141	XM_054455151.1	-	3	2	103	1	4	5	1	1	1	middle	last	1.000	1.000	constitutive	constitutive	160	167	1
NC_072391.2	1399967	1400525	-1	1	-	NC_072391.2	1399969	1400384	LOC129016141	XM_054455151.1	-	1	2	141	2	1	2	1	1	1	first	middle	1.000	1.000	constitutive	constitutive	60	180	1
NC_072391.2	1467458	1467893	3	1	+	NC_072391.2	1467543	1467816	BAIAP3	XM_054454634.2	+	3	2	85	77	5	6	4	4	4	middle	middle	1.000	1.000	constitutive	constitutive	59	66	4
NC_072391.2	1469019	1469487	1	1	+	NC_072391.2	1469158	1469445	BAIAP3	XM_054454634.2	+	1	2	139	42	11	12	4	4	4	middle	middle	1.000	1.000	constitutive	constitutive	107	95	4
NC_072391.2	1471292	1471616	3	1	+	NC_072391.2	1471305	1471553	BAIAP3	XM_054454634.2	+	3	2	13	63	18	19	4	4	4	middle	middle	1.000	1.000	constitutive	constitutive	97	51	4
NC_072391.2	1478860	1479079	2	1	+	NC_072391.2	1478885	1479078	GNPTG	XM_054454651.2	+	2	2	25	1	1	2	4	4	4	first	middle	1.000	1.000	constitutive	constitutive	51	57	4
NC_072391.2	1488524	1488959	3	1	+	NC_072391.2	1488656	1488939	GNPTG	XM_054454651.2	+	3	2	132	20	6	7	4	4	4	middle	middle	1.000	1.000	constitutive	constitutive	93	114	4
NC_072391.2	1562666	1563635	-1	1	-	NC_072391.2	1562902	1563266	CCDC154	XM_054454657.2	-	1	2	369	236	12	13	2	2	2	middle	middle	1.000	1.000	constitutive	constitutive	119	76	2
NC_072391.2	1565138	1565720	-1	1	-	NC_072391.2	1565268	1565579	CCDC154	XM_054454657.2	-	1	2	141	130	7	8	2	2	2	middle	middle	1.000	1.000	constitutive	constitutive	101	128	2
NC_072391.2	1573836	1574505	-3	1	-	NC_072391.2	1573870	1574193	CLCN7	XM_054454655.2	-	3	2	312	34	22	23	1	1	1	middle	middle	1.000	1.000	constitutive	constitutive	59	176	1
NC_072391.2	162786	163464	-3	1	-	NC_072391.2	162862	163384	RHBDF1	XM_054453726.2	-	3	3	80	76	14	16	2	2	2	middle	middle	1.000	1.000	constitutive	constitutive	75	153	2
NC_072391.2	1628410	1628998	2	1	+	NC_072391.2	1628513	1628863	TELO2	XM_054454673.2	+	2	2	103	135	7	8	10	6	10	middle	middle	0.600	1.000	alternative	constitutive	141	136	6
NC_072391.2	1628410	1628998	2	1	+	NC_072391.2	1628507	1628863	TELO2	XM_063654856.1	+	2	2	97	135	7	8	10	4	10	middle	middle	0.400	1.000	alternative	constitutive	147	136	4
NC_072391.2	1630107	1630680	1	1	+	NC_072391.2	1630224	1630581	TELO2	XM_054454673.2	+	1	2	117	99	11	12	10	10	10	middle	middle	1.000	1.000	constitutive	constitutive	88	91	10
NC_072391.2	1653857	1654610	-1	1	-	NC_072391.2	1654062	1654499	IFT140	XM_054454663.2	-	1	2	111	205	23	24	8	8	8	middle	middle	1.000	1.000	constitutive	constitutive	128	182	8
NC_072391.2	166632	167250	-3	1	-	NC_072391.2	166690	167097	RHBDF1	XM_054453726.2	-	3	2	153	58	4	5	2	2	2	middle	middle	1.000	1.000	constitutive	constitutive	209	122	2
NC_072391.2	168536	168965	-1	1	-	NC_072391.2	168604	168920	RHBDF1	XM_054453726.2	-	1	2	45	68	1	2	2	1	2	first	middle	0.500	1.000	unique	constitutive	116	130	1
NC_072391.2	168536	168965	-1	1	-	NC_072391.2	168604	168944	RHBDF1	XM_063654691.1	-	1	2	21	68	2	3	2	1	2	middle	middle	0.500	1.000	unique	constitutive	140	130	1
NC_072391.2	17300856	17301570	1	1	+	NC_072391.2	17301156	17301534	LOC129016092	XM_054454967.2	+	1	2	300	36	5	6	2	2	2	middle	middle	1.000	1.000	constitutive	constitutive	165	134	2
NC_072391.2	1897351	1898470	2	1	+	NC_072391.2	1897782	1898469	MAPK8IP3	XM_054454694.2	+	2	2	431	1	20	22	8	8	8	middle	middle	1.000	1.000	constitutive	constitutive	182	119	8
NC_072391.2	1899595	1900012	2	1	+	NC_072391.2	1899612	1899917	MAPK8IP3	XM_054454694.2	+	2	2	17	95	27	28	8	8	8	middle	middle	1.000	1.000	constitutive	constitutive	113	38	8
NC_072391.2	20787434	20787953	-1	1	-	NC_072391.2	20787621	20787953	SMG1	XM_054452961.2	-	1	2	0	187	43	44	5	5	5	middle	middle	1.000	1.000	constitutive	constitutive	138	109	5
NC_072391.2	2173029	2173479	-3	1	-	NC_072391.2	2173030	2173343	NTHL1	XM_054454786.2	-	3	2	136	1	5	6	9	9	4	middle	last	1.000	0.444	constitutive	alternative	105	147	4
NC_072391.2	2173029	2173479	-3	1	-	NC_072391.2	2173030	2173343	NTHL1	XM_054454787.2	-	3	2	136	1	5	6	9	9	5	middle	last	1.000	0.556	constitutive	alternative	105	120	5
NC_072391.2	2223937	2225398	-2	1	-	NC_072391.2	2223938	2225383	PKD1	XM_054454765.2	-	2	4	15	1	43	46	6	6	2	middle	last	1.000	0.333	constitutive	alternative	290	464	2
NC_072391.2	2223937	2225398	-2	1	-	NC_072391.2	2223938	2225383	PKD1	XM_063654890.1	-	2	3	15	1	43	45	6	6	4	middle	last	1.000	0.667	constitutive	alternative	290	860	4
NC_072391.2	2227877	2228423	-1	1	-	NC_072391.2	2227920	2228389	PKD1	XM_054454765.2	-	1	2	34	43	36	37	6	6	6	middle	middle	1.000	1.000	constitutive	constitutive	202	194	6
NC_072391.2	2235061	2235811	-2	1	-	NC_072391.2	2235072	2235777	PKD1	XM_054454765.2	-	2	2	34	11	27	29	6	6	6	middle	middle	1.000	1.000	constitutive	constitutive	170	210	6
NC_072391.2	2237129	2238011	-1	1	-	NC_072391.2	2237264	2237835	PKD1	XM_054454765.2	-	1	2	176	135	25	26	6	6	6	middle	middle	1.000	1.000	constitutive	constitutive	252	195	6
NC_072391.2	2246662	2250841	-2	1	-	NC_072391.2	2246738	2250726	PKD1	XM_054454765.2	-	2	2	115	76	15	16	6	6	6	middle	middle	1.000	1.000	constitutive	constitutive	3619	149	6
NC_072391.2	2254870	2255674	-2	1	-	NC_072391.2	2254918	2255568	PKD1	XM_054454765.2	-	2	2	106	48	8	9	6	5	5	middle	middle	0.833	0.833	alternative	alternative	115	126	5
NC_072391.2	2307424	2308408	2	1	+	NC_072391.2	2307536	2307878	TRAF7	XM_054454799.2	+	2	2	112	530	5	6	5	5	5	middle	middle	1.000	1.000	constitutive	constitutive	92	33	5
NC_072391.2	2312328	2312748	1	1	+	NC_072391.2	2312353	2312688	TRAF7	XM_054454799.2	+	1	2	25	60	18	19	5	5	5	middle	middle	1.000	1.000	constitutive	constitutive	131	119	5
NC_072391.2	2321098	2321671	-2	1	-	NC_072391.2	2321320	2321568	CASKIN1	XM_054454797.2	-	2	2	103	222	12	13	2	2	2	middle	middle	1.000	1.000	constitutive	constitutive	88	84	2
NC_072391.2	2323266	2323692	-3	1	-	NC_072391.2	2323360	2323656	CASKIN1	XM_054454797.2	-	3	2	36	94	8	9	2	2	2	middle	middle	1.000	1.000	constitutive	constitutive	108	94	2
NC_072391.2	2325727	2326726	-2	1	-	NC_072391.2	2325803	2326595	CASKIN1	XM_054454797.2	-	2	2	131	76	3	4	2	2	2	middle	middle	1.000	1.000	constitutive	constitutive	97	145	2
NC_072391.2	2370798	2372022	1	1	+	NC_072391.2	2371198	2371647	DNASE1L2	XM_054454817.2	+	1	2	400	375	2	4	1	1	1	middle	middle	1.000	1.000	constitutive	constitutive	88	111	1
NC_072391.2	23740038	23740752	-3	1	-	NC_072391.2	23740075	23740453	LOC129016364	XM_063654026.1	-	3	2	299	37	5	6	1	1	1	middle	middle	1.000	1.000	constitutive	constitutive	165	134	1
NC_072391.2	2415239	2415851	-1	1	-	NC_072391.2	2415270	2415752	ABCA3	XM_054454825.2	-	1	2	99	31	24	25	5	5	5	middle	middle	1.000	1.000	constitutive	constitutive	128	194	5
NC_072391.2	2431426	2432320	-2	1	-	NC_072391.2	2431574	2432103	ABCA3	XM_054454825.2	-	2	2	217	148	12	13	5	5	5	middle	middle	1.000	1.000	constitutive	constitutive	154	155	5
NC_072391.2	2460420	2460939	-3	1	-	NC_072391.2	2460453	2460909	ABCA3	XM_054454825.2	-	3	2	30	33	1	2	5	3	3	first	middle	0.600	0.600	alternative	alternative	53	264	3
NC_072391.2	26162895	26163462	-3	1	-	NC_072391.2	26162897	26163292	EARS2	XM_054452575.2	-	3	2	170	2	6	7	3	3	3	middle	middle	1.000	1.000	constitutive	constitutive	153	130	3
NC_072391.2	2627665	2628544	2	1	+	NC_072391.2	2627833	2628278	TEDC2	XM_054454829.2	+	2	2	168	266	6	7	8	3	8	middle	middle	0.375	1.000	alternative	constitutive	159	111	3
NC_072391.2	2627665	2628544	2	1	+	NC_072391.2	2627902	2628278	TEDC2	XM_054454830.2	+	2	2	237	266	6	7	8	5	8	middle	middle	0.625	1.000	alternative	constitutive	90	111	5
NC_072391.2	2686122	2686878	1	1	+	NC_072391.2	2686351	2686837	AMDHD2	XM_054454846.2	+	1	2	229	41	1	2	5	5	5	first	middle	1.000	1.000	constitutive	constitutive	82	136	5
NC_072391.2	2693883	2694453	1	1	+	NC_072391.2	2693954	2694274	AMDHD2	XM_054454846.2	+	1	2	71	179	6	7	5	5	5	middle	middle	1.000	1.000	constitutive	constitutive	88	144	5
NC_072391.2	27198724	27199057	2	1	+	NC_072391.2	27198751	27199052	RBBP6	XM_063654692.1	+	2	2	27	5	11	12	2	2	2	middle	middle	1.000	1.000	constitutive	constitutive	96	78	2
NC_072391.2	273529	274096	2	1	+	NC_072391.2	273664	274096	HBM	XM_054454230.1	+	2	2	135	0	2	3	1	1	1	middle	last	1.000	1.000	constitutive	constitutive	204	125	1
NC_072391.2	2937649	2938333	2	1	+	NC_072391.2	2937684	2938333	LOC129015875	XM_054454554.2	+	2	2	35	0	5	6	9	9	9	middle	last	1.000	1.000	constitutive	constitutive	160	272	9
NC_072391.2	2963262	2963928	-3	1	-	NC_072391.2	2963400	2963586	PRSS21	XM_054455149.2	-	3	2	342	138	1	2	4	2	2	first	middle	0.500	0.500	alternative	alternative	63	26	2
NC_072391.2	2980320	2981073	-3	1	-	NC_072391.2	2980326	2980611	PRSS41	XM_054454969.2	-	3	2	462	6	1	3	1	1	1	first	middle	1.000	1.000	constitutive	constitutive	63	23	1
NC_072391.2	31076626	31076848	-2	1	-	NC_072391.2	31076628	31076802	LAT	XM_054454392.2	-	2	2	46	2	8	9	1	1	1	middle	middle	1.000	1.000	constitutive	constitutive	29	57	1
NC_072391.2	31101687	31102140	-3	1	-	NC_072391.2	31101757	31102140	NFATC2IP	XM_054454396.2	-	3	2	0	70	6	7	2	2	2	middle	middle	1.000	1.000	constitutive	constitutive	144	109	2
NC_072391.2	31224905	31225553	-1	1	-	NC_072391.2	31225104	31225454	ATXN2L	XM_054454417.2	-	1	2	99	199	17	18	39	39	39	middle	middle	1.000	1.000	constitutive	constitutive	72	187	39
NC_072391.2	31344117	31347429	1	1	+	NC_072391.2	31344118	31347428	APOBR	XM_054454455.2	+	1	2	1	1	2	3	1	1	1	middle	middle	1.000	1.000	constitutive	constitutive	2957	268	1
NC_072391.2	31352720	31353251	-1	1	-	NC_072391.2	31352757	31353112	IL27	XM_054452739.1	-	1	2	139	37	2	3	1	1	1	middle	middle	1.000	1.000	constitutive	constitutive	172	98	1
NC_072391.2	31455680	31456142	-1	1	-	NC_072391.2	31455732	31456042	LOC129015837	XM_054454468.2	-	1	2	100	52	2	3	2	2	2	middle	middle	1.000	1.000	constitutive	constitutive	125	97	2
NC_072391.2	31504491	31504887	-3	1	-	NC_072391.2	31504539	31504887	CORO1A	XM_054454474.2	-	3	2	0	48	2	3	2	2	2	middle	middle	1.000	1.000	constitutive	constitutive	122	129	2
NC_072391.2	31577767	31578235	2	1	+	NC_072391.2	31577862	31578154	GDPD3	XM_054454486.2	+	2	2	95	81	5	6	1	1	1	middle	middle	1.000	1.000	constitutive	constitutive	118	89	1
NC_072391.2	3161464	3162514	-2	1	-	NC_072391.2	3161748	3162404	PKMYT1	XM_054452944.2	-	2	3	110	284	4	6	3	3	3	middle	middle	1.000	1.000	constitutive	constitutive	106	157	3
NC_072391.2	31680497	31681088	3	1	+	NC_072391.2	31680697	31681052	DOC2A	XM_054454515.2	+	3	2	200	36	3	4	12	12	12	middle	middle	1.000	1.000	constitutive	constitutive	79	74	12
NC_072391.2	31682865	31683759	1	1	+	NC_072391.2	31682955	31683657	DOC2A	XM_054454515.2	+	1	2	90	102	6	9	12	12	12	middle	middle	1.000	1.000	constitutive	constitutive	126	81	12
NC_072391.2	31698713	31699544	-1	1	-	NC_072391.2	31698714	31699496	TAOK2	XM_054454507.2	-	1	2	48	1	17	18	4	1	1	middle	last	0.250	0.250	unique	unique	182	518	1
NC_072391.2	31857764	31858115	-1	1	-	NC_072391.2	31857782	31858115	MVP	XM_054454579.2	-	1	2	0	18	3	4	7	7	7	middle	middle	1.000	1.000	constitutive	constitutive	123	131	7
NC_072391.2	3187126	3187876	2	1	+	NC_072391.2	3187275	3187760	GREP1	XM_054454221.2	+	2	2	149	116	5	6	1	1	1	middle	middle	1.000	1.000	constitutive	constitutive	29	131	1
NC_072391.2	32090877	32091390	-3	1	-	NC_072391.2	32091001	32091304	TBC1D10B	XM_054453160.2	-	3	2	86	124	5	6	2	2	2	middle	middle	1.000	1.000	constitutive	constitutive	114	65	2
NC_072391.2	3210284	3210572	3	1	+	NC_072391.2	3210304	3210572	TNFRSF12A	XM_054453611.2	+	3	2	20	0	3	4	1	1	1	middle	last	1.000	1.000	constitutive	constitutive	134	52	1
NC_072391.2	32109074	32109383	3	1	+	NC_072391.2	32109140	32109383	MYL11	XM_054453163.1	+	3	2	66	0	6	7	2	2	2	middle	last	1.000	1.000	constitutive	constitutive	48	101	2
NC_072391.2	32339286	32340093	-3	1	-	NC_072391.2	32339295	32339811	ZNF689	XM_054454220.2	-	3	2	282	9	1	2	1	1	1	first	middle	1.000	1.000	constitutive	constitutive	204	113	1
NC_072391.2	32440198	32440900	2	1	+	NC_072391.2	32440278	32440864	SRCAP	XM_054453449.2	+	2	2	80	36	9	10	7	7	7	middle	middle	1.000	1.000	constitutive	constitutive	173	322	7
NC_072391.2	3272521	3272854	2	1	+	NC_072391.2	3272543	3272779	IL32	XM_054453659.2	+	2	2	22	75	2	3	6	6	6	middle	middle	1.000	1.000	constitutive	constitutive	38	59	6
NC_072391.2	3278668	3279364	-2	1	-	NC_072391.2	3278694	3279348	LOC129016053	XM_054454905.2	-	2	2	16	26	2	4	1	1	1	middle	middle	1.000	1.000	constitutive	constitutive	239	139	1
NC_072391.2	32870654	32871596	3	1	+	NC_072391.2	32870655	32871537	KAT8	XM_054454339.2	+	3	3	1	59	7	10	2	2	2	middle	middle	1.000	1.000	constitutive	constitutive	140	154	2
NC_072391.2	33135558	33135840	1	1	+	NC_072391.2	33135559	33135839	ITGAX	XM_054454357.2	+	1	2	1	1	21	22	4	4	4	middle	middle	1.000	1.000	constitutive	constitutive	116	79	4
NC_072391.2	33140742	33141228	1	1	+	NC_072391.2	33140890	33141198	ITGAX	XM_054454357.2	+	1	2	148	30	25	26	4	4	4	middle	middle	1.000	1.000	constitutive	constitutive	107	83	4
NC_072391.2	33178758	33179241	1	1	+	NC_072391.2	33178918	33179180	ITGAD	XM_054453601.1	+	1	2	160	61	22	23	2	2	2	middle	middle	1.000	1.000	constitutive	constitutive	79	83	2
NC_072391.2	33183932	33184364	3	1	+	NC_072391.2	33184002	33184298	ITGAD	XM_054453601.1	+	3	2	70	66	25	26	2	2	2	middle	middle	1.000	1.000	constitutive	constitutive	107	77	2
NC_072391.2	33647324	33647603	3	1	+	NC_072391.2	33647430	33647602	LOC129015203	XM_054452800.2	+	3	2	106	1	7	8	7	7	7	middle	middle	1.000	1.000	constitutive	constitutive	35	61	7
NC_072391.2	3459206	3459968	-1	1	-	NC_072391.2	3459207	3459955	MEFV	XM_054455703.2	-	1	2	13	1	9	10	1	1	1	middle	last	1.000	1.000	constitutive	constitutive	32	550	1
NC_072391.2	388047	388665	-3	1	-	NC_072391.2	388249	388601	RGS11	XM_054455555.2	-	3	2	64	202	3	4	2	2	2	middle	middle	1.000	1.000	constitutive	constitutive	50	106	2
NC_072391.2	491247	491883	-3	1	-	NC_072391.2	491428	491822	PGAP6	XM_054455231.2	-	3	2	61	181	10	11	1	1	1	middle	middle	1.000	1.000	constitutive	constitutive	178	146	1
NC_072391.2	5010037	5010889	-2	1	-	NC_072391.2	5010146	5010449	SEPTIN12	XM_054454292.2	-	2	2	440	109	5	6	7	7	7	middle	middle	1.000	1.000	constitutive	constitutive	117	95	7
NC_072391.2	5019660	5020200	1	1	+	NC_072391.2	5019706	5020200	SMIM22	XM_054454301.2	+	1	2	46	0	1	2	3	3	1	first	last	1.000	0.333	constitutive	unique	123	280	1
NC_072391.2	5019660	5020200	1	1	+	NC_072391.2	5019706	5020200	SMIM22	XM_054454303.2	+	1	3	46	0	1	3	3	3	2	first	last	1.000	0.667	constitutive	alternative	123	38	2
NC_072391.2	5123366	5123834	-1	1	-	NC_072391.2	5123379	5123750	PPL	XM_054454305.2	-	1	2	84	13	7	8	2	2	2	middle	middle	1.000	1.000	constitutive	constitutive	161	107	2
NC_072391.2	5223821	5224217	3	1	+	NC_072391.2	5223916	5224186	SEC14L5	XM_054454887.2	+	3	2	95	31	8	9	3	3	3	middle	middle	1.000	1.000	constitutive	constitutive	88	70	3
NC_072391.2	53735715	53736429	1	1	+	NC_072391.2	53735734	53736429	LOC129016089	XM_054454962.2	+	1	2	19	0	1	3	1	1	1	first	last	1.000	1.000	constitutive	constitutive	27	88	1
NC_072391.2	54128051	54128522	3	1	+	NC_072391.2	54128185	54128522	CETP	XM_054452933.2	+	3	2	134	0	15	16	2	2	2	middle	last	1.000	1.000	constitutive	constitutive	85	71	2
NC_072391.2	54616274	54617303	-1	1	-	NC_072391.2	54616276	54617096	DOK4	XM_054455009.2	-	1	3	207	2	3	5	12	12	12	middle	middle	1.000	1.000	constitutive	constitutive	114	189	12
NC_072391.2	54891940	54892522	2	1	+	NC_072391.2	54891979	54892378	KATNB1	XM_054455066.2	+	2	2	39	144	8	9	11	11	11	middle	middle	1.000	1.000	constitutive	constitutive	71	150	11
NC_072391.2	54892371	54893004	1	1	+	NC_072391.2	54892522	54892963	KATNB1	XM_054455066.2	+	1	2	151	41	10	11	11	11	11	middle	middle	1.000	1.000	constitutive	constitutive	190	130	11
NC_072391.2	54910804	54911548	-2	1	-	NC_072391.2	54910892	54911380	KIFC3	XM_054455072.2	-	2	2	168	88	6	7	9	9	9	middle	middle	1.000	1.000	constitutive	constitutive	143	239	9
NC_072391.2	637352	638405	3	1	+	NC_072391.2	637512	637991	RAB11FIP3	XM_054455251.2	+	3	2	160	414	13	14	3	3	3	middle	middle	1.000	1.000	constitutive	constitutive	155	140	3
NC_072391.2	64352660	64353323	3	1	+	NC_072391.2	64352810	64353163	CES4A	XM_054453846.2	+	3	2	150	160	3	5	1	1	1	middle	middle	1.000	1.000	constitutive	constitutive	39	133	1
NC_072391.2	64488955	64489519	2	1	+	NC_072391.2	64488976	64489441	PHAF1	XM_054453867.2	+	2	2	21	78	5	6	7	5	5	middle	middle	0.714	0.714	alternative	alternative	79	94	5
NC_072391.2	64522186	64522849	2	1	+	NC_072391.2	64522362	64522713	HSF4	XM_054453860.1	+	2	2	176	136	3	4	4	4	4	middle	middle	1.000	1.000	constitutive	constitutive	127	124	4
NC_072391.2	64525409	64525763	3	1	+	NC_072391.2	64525454	64525724	HSF4	XM_054453860.1	+	3	2	45	39	10	11	4	4	4	middle	middle	1.000	1.000	constitutive	constitutive	105	65	4
NC_072391.2	64541158	64541659	-2	1	-	NC_072391.2	64541159	64541572	EXOC3L1	XM_054453849.2	-	2	2	87	1	12	13	3	2	2	middle	last	0.667	0.667	alternative	alternative	124	207	2
NC_072391.2	64541858	64542275	-1	1	-	NC_072391.2	64541898	64542252	EXOC3L1	XM_054453849.2	-	1	2	23	40	9	10	3	3	3	middle	middle	1.000	1.000	constitutive	constitutive	129	122	3
NC_072391.2	64558070	64558514	3	1	+	NC_072391.2	64558167	64558424	ELMO3	XM_054453883.2	+	3	2	97	90	9	10	3	3	3	middle	middle	1.000	1.000	constitutive	constitutive	50	122	3
NC_072391.2	64558734	64559181	1	1	+	NC_072391.2	64558759	64559065	ELMO3	XM_054453883.2	+	1	2	25	116	12	13	3	3	3	middle	middle	1.000	1.000	constitutive	constitutive	101	108	3
NC_072391.2	64559744	64560644	3	1	+	NC_072391.2	64560097	64560644	ELMO3	XM_054453883.2	+	3	3	353	0	18	20	3	2	2	middle	last	0.667	0.667	alternative	alternative	82	209	2
NC_072391.2	64586322	64586856	-3	1	-	NC_072391.2	64586328	64586763	FHOD1	XM_054453890.2	-	3	2	93	6	20	21	3	3	3	middle	middle	1.000	1.000	constitutive	constitutive	162	197	3
NC_072391.2	64637457	64638084	1	1	+	NC_072391.2	64637458	64638083	PLEKHG4	XM_054453905.2	+	1	3	1	1	5	7	11	11	11	middle	middle	1.000	1.000	constitutive	constitutive	113	148	11
NC_072391.2	64642008	64642656	1	1	+	NC_072391.2	64642009	64642401	PLEKHG4	XM_054453905.2	+	1	2	1	255	13	14	11	11	11	middle	middle	1.000	1.000	constitutive	constitutive	89	221	11
NC_072391.2	64642400	64642967	3	1	+	NC_072391.2	64642485	64642914	PLEKHG4	XM_054453905.2	+	3	2	85	53	15	16	11	11	11	middle	middle	1.000	1.000	constitutive	constitutive	170	177	11
NC_072391.2	64791169	64791766	2	1	+	NC_072391.2	64791204	64791632	HSD11B2	XM_054453941.1	+	2	2	35	134	3	4	1	1	1	middle	middle	1.000	1.000	constitutive	constitutive	185	137	1
NC_072391.2	64794088	64794652	-2	1	-	NC_072391.2	64794218	64794598	ATP6V0D1	XM_054453942.2	-	2	2	54	130	5	6	1	1	1	middle	middle	1.000	1.000	constitutive	constitutive	77	176	1
NC_072391.2	64897147	64897384	2	1	+	NC_072391.2	64897178	64897381	RIPOR1	XM_054453946.2	+	2	2	31	3	8	9	6	6	6	middle	middle	1.000	1.000	constitutive	constitutive	63	43	6
NC_072391.2	64898438	64900205	3	1	+	NC_072391.2	64898552	64900184	RIPOR1	XM_054453946.2	+	3	2	114	21	12	13	6	6	6	middle	middle	1.000	1.000	constitutive	constitutive	129	1418	6
NC_072391.2	65006298	65006787	1	1	+	NC_072391.2	65006404	65006746	CARMIL2	XM_054453957.2	+	1	2	106	41	28	29	1	1	1	middle	middle	1.000	1.000	constitutive	constitutive	143	66	1
NC_072391.2	65245007	65245703	3	1	+	NC_072391.2	65245249	65245688	EDC4	XM_054453974.2	+	3	2	242	15	5	6	4	4	4	middle	middle	1.000	1.000	constitutive	constitutive	189	147	4
NC_072391.2	65246949	65247339	1	1	+	NC_072391.2	65246986	65247338	EDC4	XM_054453974.2	+	1	2	37	1	12	13	4	4	4	middle	middle	1.000	1.000	constitutive	constitutive	180	72	4
NC_072391.2	65247584	65248001	3	1	+	NC_072391.2	65247616	65248000	EDC4	XM_054453974.2	+	3	2	32	1	15	16	4	4	4	middle	middle	1.000	1.000	constitutive	constitutive	187	121	4
NC_072391.2	65248994	65249447	3	1	+	NC_072391.2	65249105	65249446	EDC4	XM_054453974.2	+	3	2	111	1	19	20	4	4	4	middle	middle	1.000	1.000	constitutive	constitutive	104	152	4
NC_072391.2	65249693	65250362	3	1	+	NC_072391.2	65249697	65250356	EDC4	XM_054453974.2	+	3	2	4	6	22	23	4	2	4	middle	middle	0.500	1.000	alternative	constitutive	441	115	2
NC_072391.2	65249693	65250362	3	1	+	NC_072391.2	65249697	65250356	EDC4	XM_054453976.2	+	3	3	4	6	22	24	4	2	4	middle	middle	0.500	1.000	alternative	constitutive	177	115	2
NC_072391.2	65250451	65251003	2	1	+	NC_072391.2	65250458	65250894	EDC4	XM_054453974.2	+	2	2	7	109	24	25	4	4	4	middle	middle	1.000	1.000	constitutive	constitutive	165	186	4
NC_072391.2	66517622	66518264	3	1	+	NC_072391.2	66517797	66518165	UTP4	XM_054454118.2	+	3	2	175	99	6	7	3	3	3	middle	middle	1.000	1.000	constitutive	constitutive	171	91	3
NC_072391.2	66685356	66685866	1	1	+	NC_072391.2	66685501	66685865	VPS4A	XM_054454134.2	+	1	2	145	1	2	3	1	1	1	middle	middle	1.000	1.000	constitutive	constitutive	111	147	1
NC_072391.2	66688105	66688420	2	1	+	NC_072391.2	66688126	66688412	VPS4A	XM_054454134.2	+	2	2	21	8	4	5	1	1	1	middle	middle	1.000	1.000	constitutive	constitutive	61	119	1
NC_072391.2	67044562	67044979	2	1	+	NC_072391.2	67044606	67044919	NFAT5	XM_054454142.2	+	2	2	44	60	8	9	8	8	8	middle	middle	1.000	1.000	constitutive	constitutive	134	52	8
NC_072391.2	67301962	67302703	2	1	+	NC_072391.2	67302049	67302478	WWP2	XM_054452729.2	+	2	2	87	225	13	14	3	3	3	middle	middle	1.000	1.000	constitutive	constitutive	75	71	3
NC_072391.2	69548915	69549569	-1	1	-	NC_072391.2	69548997	69549456	DHX38	XM_054453207.2	-	1	2	113	82	19	20	6	6	3	middle	middle	1.000	0.500	constitutive	alternative	208	172	3
NC_072391.2	69548915	69549569	-1	1	-	NC_072391.2	69548997	69549456	DHX38	XM_054453209.2	-	1	2	113	82	19	20	6	6	3	middle	middle	1.000	0.500	constitutive	alternative	208	154	3
NC_072391.2	697803	698370	1	1	+	NC_072391.2	697919	698340	PIGQ	XM_054455268.2	+	1	2	116	30	5	6	20	20	20	middle	middle	1.000	1.000	constitutive	constitutive	153	111	20
NC_072391.2	72369593	72370385	-1	1	-	NC_072391.2	72369852	72370303	LOC129015739	XM_054454235.1	-	1	2	82	259	2	4	1	1	1	middle	middle	1.000	1.000	constitutive	constitutive	103	78	1
NC_072391.2	759033	760041	-3	1	-	NC_072391.2	759034	760041	LOC129016034	XM_063655122.1	-	3	2	0	1	1	3	1	1	1	first	last	1.000	1.000	constitutive	constitutive	284	28	1
NC_072391.2	768275	769388	3	1	+	NC_072391.2	768297	769014	WDR90	XM_054455306.2	+	3	2	22	374	2	4	21	21	21	middle	middle	1.000	1.000	constitutive	constitutive	176	170	21
NC_072391.2	777173	777671	3	1	+	NC_072391.2	777174	777654	WDR90	XM_054455306.2	+	3	2	1	17	23	25	21	21	21	middle	middle	1.000	1.000	constitutive	constitutive	115	131	21
NC_072391.2	783997	784633	2	1	+	NC_072391.2	784022	784423	WDR90	XM_054455306.2	+	2	2	25	210	35	36	21	21	21	middle	middle	1.000	1.000	constitutive	constitutive	174	130	21
NC_072391.2	789683	790061	3	1	+	NC_072391.2	789755	790060	RHOT2	XM_054455310.2	+	3	2	72	1	12	13	10	10	10	middle	middle	1.000	1.000	constitutive	constitutive	84	142	10
NC_072391.2	794289	795057	1	1	+	NC_072391.2	794359	794913	RHBDL1	XM_054455316.2	+	1	2	70	144	2	3	6	4	6	middle	middle	0.667	1.000	alternative	constitutive	161	224	4
NC_072391.2	794289	795057	1	1	+	NC_072391.2	794362	794913	RHBDL1	XM_054455317.2	+	1	2	73	144	2	3	6	2	6	middle	middle	0.333	1.000	alternative	constitutive	158	224	2
NC_072391.2	801224	801608	-1	1	-	NC_072391.2	801261	801535	JMJD8	XM_054455324.2	-	1	2	73	37	6	7	4	4	4	middle	middle	1.000	1.000	constitutive	constitutive	119	67	4
NC_072391.2	803198	803960	-1	1	-	NC_072391.2	803376	803902	WDR24	XM_054455323.2	-	1	2	58	178	6	7	1	1	1	middle	middle	1.000	1.000	constitutive	constitutive	104	340	1
NC_072391.2	81450371	81450785	-1	1	-	NC_072391.2	81450402	81450770	TAF1C	XM_054452636.2	-	1	2	15	31	3	4	12	8	12	middle	middle	0.667	1.000	alternative	constitutive	81	97	8
NC_072391.2	81450371	81450785	-1	1	-	NC_072391.2	81450402	81450707	TAF1C	XM_054452640.2	-	1	2	78	31	1	2	12	4	12	first	middle	0.333	1.000	alternative	constitutive	18	97	4
NC_072391.2	833032	834304	2	1	+	NC_072391.2	833339	834038	METRN	XM_054455334.2	+	2	2	307	266	1	2	1	1	1	first	middle	1.000	1.000	constitutive	constitutive	103	400	1
NC_072391.2	838672	839923	2	1	+	NC_072391.2	838688	839776	ANTKMT	XM_054455342.2	+	2	2	16	147	1	2	2	2	2	first	middle	1.000	1.000	constitutive	constitutive	824	104	2
NC_072391.2	840754	841348	-2	1	-	NC_072391.2	840755	841235	CCDC78	XM_054455344.2	-	2	3	113	1	12	14	1	1	1	middle	last	1.000	1.000	constitutive	constitutive	66	108	1
NC_072391.2	843424	844039	-2	1	-	NC_072391.2	843515	843982	CCDC78	XM_054455344.2	-	2	2	57	91	3	4	1	1	1	middle	middle	1.000	1.000	constitutive	constitutive	86	167	1
NC_072391.2	86021715	86022090	1	1	+	NC_072391.2	86021733	86022015	CTU2	XM_063654190.1	+	1	2	18	75	3	4	4	1	1	middle	middle	0.250	0.250	unique	unique	59	66	1
NC_072391.2	86027160	86027871	-3	1	-	NC_072391.2	86027162	86027506	PIEZO1	XM_054453026.2	-	3	2	365	2	49	50	2	2	2	middle	middle	1.000	1.000	constitutive	constitutive	79	186	2
NC_072391.2	86027753	86028245	-1	1	-	NC_072391.2	86027788	86028125	PIEZO1	XM_054453026.2	-	1	2	120	35	46	47	2	2	2	middle	middle	1.000	1.000	constitutive	constitutive	92	172	2
NC_072391.2	86031865	86032849	-2	1	-	NC_072391.2	86031867	86032678	PIEZO1	XM_054453026.2	-	2	2	171	2	39	40	2	2	2	middle	middle	1.000	1.000	constitutive	constitutive	264	132	2
NC_072391.2	86044010	86044838	-1	1	-	NC_072391.2	86044151	86044764	PIEZO1	XM_054453026.2	-	1	2	74	141	16	17	2	2	2	middle	middle	1.000	1.000	constitutive	constitutive	182	133	2
NC_072391.2	86046450	86047011	-3	1	-	NC_072391.2	86046499	86046992	PIEZO1	XM_054453026.2	-	3	2	19	49	11	12	2	2	2	middle	middle	1.000	1.000	constitutive	constitutive	100	260	2
NC_072391.2	86047598	86048381	-1	1	-	NC_072391.2	86047817	86048072	PIEZO1	XM_054453026.2	-	1	2	309	219	9	10	2	2	2	middle	middle	1.000	1.000	constitutive	constitutive	86	87	2
NC_072391.2	86048161	86049007	-2	1	-	NC_072391.2	86048192	86048998	PIEZO1	XM_054453026.2	-	2	2	9	31	6	8	2	2	2	middle	middle	1.000	1.000	constitutive	constitutive	168	171	2
NC_072391.2	86115459	86115855	1	1	+	NC_072391.2	86115487	86115854	CDT1	XM_054452786.2	+	1	2	28	1	2	3	1	1	1	middle	middle	1.000	1.000	constitutive	constitutive	140	136	1
NC_072391.2	86889956	86890676	3	1	+	NC_072391.2	86890035	86890472	CPNE7	XM_054455442.2	+	3	2	79	204	8	9	12	12	12	middle	middle	1.000	1.000	constitutive	constitutive	86	59	12
NC_072391.2	86935990	86936806	2	1	+	NC_072391.2	86936315	86936666	DPEP1	XM_054455447.2	+	2	2	325	140	6	7	5	5	5	middle	middle	1.000	1.000	constitutive	constitutive	176	84	5
NC_072391.2	87016796	87017207	-1	1	-	NC_072391.2	87016798	87017158	VPS9D1	XM_054455472.2	-	1	2	49	2	3	4	10	6	8	middle	middle	0.600	0.800	alternative	alternative	92	162	6
NC_072391.2	87016796	87017207	-1	1	-	NC_072391.2	87016798	87017123	VPS9D1	XM_063654616.1	-	1	2	84	2	1	2	10	2	8	first	middle	0.200	0.800	alternative	alternative	57	162	2
NC_072391.2	87016803	87017424	-3	1	-	NC_072391.2	87016805	87017158	VPS9D1	XM_054455479.2	-	3	2	266	2	2	3	10	2	2	middle	middle	0.200	0.200	alternative	alternative	92	155	2
NC_072391.2	87299527	87300040	2	1	+	NC_072391.2	87299549	87300022	LOC129016271	XM_063654623.1	+	2	2	22	18	12	13	1	1	1	middle	middle	1.000	1.000	constitutive	constitutive	200	194	1
NC_072391.2	913350	913644	1	1	+	NC_072391.2	913372	913644	CHTF18	XM_054455361.2	+	1	2	22	0	20	21	4	3	3	middle	last	0.750	0.750	alternative	alternative	57	133	3
NC_072392.2	100005164	100005842	3	1	+	NC_072392.2	100005338	100005800	HGS	XM_054458542.2	+	3	3	174	42	9	11	4	4	4	middle	middle	1.000	1.000	constitutive	constitutive	78	95	4
NC_072392.2	100007828	100008872	3	1	+	NC_072392.2	100008157	100008798	HGS	XM_054458542.2	+	3	2	329	74	16	18	4	4	4	middle	middle	1.000	1.000	constitutive	constitutive	172	174	4
NC_072392.2	100026941	100027424	3	1	+	NC_072392.2	100026990	100027243	SLC25A10	XM_054457457.2	+	3	2	49	181	3	4	3	3	3	middle	middle	1.000	1.000	constitutive	constitutive	114	48	3
NC_072392.2	100028127	100028631	1	1	+	NC_072392.2	100028319	100028586	SLC25A10	XM_054457457.2	+	1	2	192	45	6	7	3	3	3	middle	middle	1.000	1.000	constitutive	constitutive	43	70	3
NC_072392.2	100067241	100068279	1	1	+	NC_072392.2	100067254	100068229	GCGR	XM_054458775.2	+	1	2	13	50	1	2	7	7	6	first	middle	1.000	0.857	constitutive	alternative	62	102	6
NC_072392.2	100067241	100068279	1	1	+	NC_072392.2	100067254	100068229	GCGR	XM_054458780.2	+	1	2	13	50	1	2	7	7	1	first	middle	1.000	0.143	constitutive	unique	62	81	1
NC_072392.2	100069078	100069657	2	1	+	NC_072392.2	100069227	100069534	GCGR	XM_054458775.2	+	2	2	149	123	3	4	7	7	7	middle	middle	1.000	1.000	constitutive	constitutive	107	121	7
NC_072392.2	100085242	100085539	-2	1	-	NC_072392.2	100085281	100085522	MCRIP1	XM_063656057.1	-	2	2	17	39	3	4	1	1	1	middle	middle	1.000	1.000	constitutive	constitutive	29	118	1
NC_072392.2	100169201	100169651	-1	1	-	NC_072392.2	100169251	100169633	PCYT2	XM_054459658.2	-	1	2	18	50	12	13	5	5	5	middle	middle	1.000	1.000	constitutive	constitutive	65	88	5
NC_072392.2	100171468	100172062	-2	1	-	NC_072392.2	100171733	100172036	PCYT2	XM_054459658.2	-	2	2	26	265	5	6	5	5	5	middle	middle	1.000	1.000	constitutive	constitutive	84	44	5
NC_072392.2	100178122	100178698	-2	1	-	NC_072392.2	100178255	100178698	SIRT7	XM_054459673.2	-	2	2	0	133	7	8	2	2	2	middle	middle	1.000	1.000	constitutive	constitutive	236	80	2
NC_072392.2	100219415	100220120	-1	1	-	NC_072392.2	100219631	100220055	NOTUM	XM_054459682.2	-	1	2	65	216	7	8	2	2	2	middle	middle	1.000	1.000	constitutive	constitutive	191	100	2
NC_072392.2	100288586	100289111	3	1	+	NC_072392.2	100288587	100289073	LRRC45	XM_054457414.2	+	3	2	1	38	3	4	1	1	1	middle	middle	1.000	1.000	constitutive	constitutive	70	178	1
NC_072392.2	100291844	100292225	3	1	+	NC_072392.2	100291886	100292186	LRRC45	XM_054457414.2	+	3	2	42	39	9	10	1	1	1	middle	middle	1.000	1.000	constitutive	constitutive	135	77	1
NC_072392.2	100313505	100314351	-3	1	-	NC_072392.2	100313507	100314319	RFNG	XM_054456574.2	-	3	2	32	2	6	7	1	1	1	middle	middle	1.000	1.000	constitutive	constitutive	165	85	1
NC_072392.2	100321088	100321766	3	1	+	NC_072392.2	100321107	100321451	GPS1	XM_054456559.1	+	3	2	19	315	12	13	14	14	14	middle	middle	1.000	1.000	constitutive	constitutive	137	134	14
NC_072392.2	100325205	100325484	-3	1	-	NC_072392.2	100325207	100325467	DUS1L	XM_054456571.2	-	3	2	17	2	8	9	3	3	3	middle	middle	1.000	1.000	constitutive	constitutive	96	82	3
NC_072392.2	100350458	100351121	-1	1	-	NC_072392.2	100350701	100351106	FASN	XM_054457218.2	-	1	2	15	243	34	35	2	2	2	middle	middle	1.000	1.000	constitutive	constitutive	91	151	2
NC_072392.2	100351150	100352347	-2	1	-	NC_072392.2	100351603	100352322	FASN	XM_054457218.2	-	2	2	25	453	30	32	2	2	2	middle	middle	1.000	1.000	constitutive	constitutive	122	201	2
NC_072392.2	100355695	100356379	-2	1	-	NC_072392.2	100355743	100356210	FASN	XM_054457218.2	-	2	2	169	48	19	20	2	2	2	middle	middle	1.000	1.000	constitutive	constitutive	179	203	2
NC_072392.2	100356174	100357032	-3	1	-	NC_072392.2	100356660	100357013	FASN	XM_054457218.2	-	3	2	19	486	16	17	2	2	2	middle	middle	1.000	1.000	constitutive	constitutive	191	80	2
NC_072392.2	100361587	100362232	-2	1	-	NC_072392.2	100361626	100362210	FASN	XM_054457218.2	-	2	2	22	39	4	5	2	2	2	middle	middle	1.000	1.000	constitutive	constitutive	200	122	2
NC_072392.2	10366039	10366405	-2	1	-	NC_072392.2	10366041	10366397	MYH8	XM_054459133.2	-	2	2	8	2	18	19	1	1	1	middle	middle	1.000	1.000	constitutive	constitutive	123	136	1
NC_072392.2	10375091	10375400	-1	1	-	NC_072392.2	10375097	10375379	MYH8	XM_054459133.2	-	1	2	21	6	6	7	1	1	1	middle	middle	1.000	1.000	constitutive	constitutive	92	63	1
NC_072392.2	10408047	10408560	-3	1	-	NC_072392.2	10408135	10408521	LOC129018023	XM_054459134.2	-	3	2	39	88	35	36	4	4	4	middle	middle	1.000	1.000	constitutive	constitutive	125	170	4
NC_072392.2	10611240	10611870	-3	1	-	NC_072392.2	10611291	10611870	MYH3	XM_054457207.2	-	3	2	0	51	13	14	1	1	1	middle	middle	1.000	1.000	constitutive	constitutive	170	306	1
NC_072392.2	11642748	11643579	1	1	+	NC_072392.2	11642816	11643545	DNAH9	XM_054456248.2	+	1	2	68	34	16	17	1	1	1	middle	middle	1.000	1.000	constitutive	constitutive	196	424	1
NC_072392.2	1258516	1259095	-2	1	-	NC_072392.2	1258678	1258943	MYO1C	XM_054459723.2	-	2	2	152	162	20	21	5	5	5	middle	middle	1.000	1.000	constitutive	constitutive	113	76	5
NC_072392.2	12976472	12976823	-1	1	-	NC_072392.2	12976486	12976788	ELAC2	XM_054456367.2	-	1	2	35	14	13	14	2	2	2	middle	middle	1.000	1.000	constitutive	constitutive	138	82	2
NC_072392.2	1441550	1442294	-1	1	-	NC_072392.2	1441563	1442228	RILP	XM_054459740.2	-	1	3	66	13	2	4	3	3	3	middle	middle	1.000	1.000	constitutive	constitutive	93	245	3
NC_072392.2	1534273	1535302	2	1	+	NC_072392.2	1534358	1535057	SERPINF2	XM_054459748.1	+	2	3	85	245	3	5	8	7	8	middle	middle	0.875	1.000	alternative	constitutive	38	201	7
NC_072392.2	1534273	1535302	2	1	+	NC_072392.2	1534376	1535057	SERPINF2	XM_054459754.2	+	2	3	103	245	1	3	8	1	8	first	middle	0.125	1.000	unique	constitutive	20	201	1
NC_072392.2	16003038	16003374	-3	1	-	NC_072392.2	16003040	16003356	LOC129029899	XM_054474701.2	-	3	2	18	2	1	2	6	6	6	first	middle	1.000	1.000	constitutive	constitutive	71	82	6
NC_072392.2	16195759	16196095	2	1	+	NC_072392.2	16195778	16196094	LOC129016870	XM_054456631.2	+	2	2	19	1	1	2	3	3	3	first	middle	1.000	1.000	constitutive	constitutive	71	82	3
NC_072392.2	16272831	16273422	1	1	+	NC_072392.2	16273006	16273326	LOC129016871	XM_063656585.1	+	1	2	175	96	10	11	1	1	1	middle	middle	1.000	1.000	constitutive	constitutive	107	95	1
NC_072392.2	17469663	17470254	-3	1	-	NC_072392.2	17469760	17470080	LOC129029849	XM_054474671.1	-	3	2	174	97	10	11	1	1	1	middle	middle	1.000	1.000	constitutive	constitutive	107	95	1
NC_072392.2	17547008	17547344	-1	1	-	NC_072392.2	17547010	17547326	LOC129017143	XM_054457328.2	-	1	2	18	2	1	2	4	4	4	first	middle	1.000	1.000	constitutive	constitutive	71	82	4
NC_072392.2	17743898	17744234	3	1	+	NC_072392.2	17743917	17744233	LOC129018030	XM_054459153.2	+	3	2	19	1	1	2	4	4	4	first	middle	1.000	1.000	constitutive	constitutive	71	82	4
NC_072392.2	17944061	17944610	3	1	+	NC_072392.2	17944231	17944609	TOP3A	XM_054459158.2	+	3	2	170	1	14	15	7	7	7	middle	middle	1.000	1.000	constitutive	constitutive	113	165	7
NC_072392.2	17982400	17983018	2	1	+	NC_072392.2	17982446	17982907	FLII	XM_054459170.2	+	2	2	46	111	22	23	2	2	2	middle	middle	1.000	1.000	constitutive	constitutive	139	237	2
NC_072392.2	17983918	17984356	2	1	+	NC_072392.2	17984078	17984356	FLII	XM_054459170.2	+	2	2	160	0	29	30	2	2	2	middle	last	1.000	1.000	constitutive	constitutive	65	131	2
NC_072392.2	18056803	18057793	-2	1	-	NC_072392.2	18056921	18057572	MYO15A	XM_054459178.2	-	2	2	221	118	62	63	2	2	2	middle	middle	1.000	1.000	constitutive	constitutive	133	133	2
NC_072392.2	18069214	18069640	-2	1	-	NC_072392.2	18069216	18069627	MYO15A	XM_054459178.2	-	2	2	13	2	54	55	2	2	2	middle	middle	1.000	1.000	constitutive	constitutive	73	82	2
NC_072392.2	18071947	18072322	-2	1	-	NC_072392.2	18071989	18072265	MYO15A	XM_054459178.2	-	2	2	57	42	48	49	2	2	2	middle	middle	1.000	1.000	constitutive	constitutive	111	74	2
NC_072392.2	19453573	19454473	2	1	+	NC_072392.2	19453640	19454403	LOC129017504	XM_054458130.1	+	2	2	67	70	24	26	1	1	1	middle	middle	1.000	1.000	constitutive	constitutive	90	83	1
NC_072392.2	19534707	19535292	-3	1	-	NC_072392.2	19534795	19535118	LOC129017718	XM_054458397.2	-	3	2	174	88	8	9	1	1	1	middle	middle	1.000	1.000	constitutive	constitutive	107	95	1
NC_072392.2	19611002	19611338	-1	1	-	NC_072392.2	19611004	19611320	LOC129017725	XM_054458402.2	-	1	2	18	2	1	2	2	2	2	first	middle	1.000	1.000	constitutive	constitutive	71	82	2
NC_072392.2	19816536	19816872	1	1	+	NC_072392.2	19816555	19816871	LOC129017730	XM_054458408.2	+	1	2	19	1	1	2	3	3	3	first	middle	1.000	1.000	constitutive	constitutive	71	82	3
NC_072392.2	20769218	20769836	3	1	+	NC_072392.2	20769503	20769819	SLC47A1	XM_054458462.2	+	3	2	285	17	8	9	5	5	5	middle	middle	1.000	1.000	constitutive	constitutive	97	113	5
NC_072392.2	2493230	2493764	-1	1	-	NC_072392.2	2493321	2493608	CLUH	XM_054457467.2	-	1	2	156	91	20	21	2	2	2	middle	middle	1.000	1.000	constitutive	constitutive	80	125	2
NC_072392.2	2496125	2496617	-1	1	-	NC_072392.2	2496204	2496512	CLUH	XM_054457467.2	-	1	2	105	79	14	15	2	2	2	middle	middle	1.000	1.000	constitutive	constitutive	152	62	2
NC_072392.2	30126026	30126971	3	1	+	NC_072392.2	30126104	30126655	LOC129017541	XM_054458150.2	+	3	2	78	316	2	4	1	1	1	middle	middle	1.000	1.000	constitutive	constitutive	293	171	1
NC_072392.2	3521305	3521707	-2	1	-	NC_072392.2	3521351	3521600	ITGAE	XM_054459282.2	-	2	2	107	46	25	26	3	3	3	middle	middle	1.000	1.000	constitutive	constitutive	63	107	3
NC_072392.2	3728181	3729039	-3	1	-	NC_072392.2	3728287	3728970	ATP2A3	XM_054459307.2	-	3	2	69	106	13	14	3	3	3	middle	middle	1.000	1.000	constitutive	constitutive	218	335	3
NC_072392.2	3737920	3739159	-2	1	-	NC_072392.2	3737962	3738952	ATP2A3	XM_054459307.2	-	2	3	207	42	4	6	3	3	3	middle	middle	1.000	1.000	constitutive	constitutive	104	80	3
NC_072392.2	43504184	43504655	3	1	+	NC_072392.2	43504253	43504654	KSR1	XM_063656308.1	+	3	2	69	1	5	6	10	6	6	middle	middle	0.600	0.600	alternative	alternative	60	79	6
NC_072392.2	44328040	44328985	-2	1	-	NC_072392.2	44328086	44328843	VTN	XM_054458641.2	-	2	3	142	46	2	4	1	1	1	middle	middle	1.000	1.000	constitutive	constitutive	119	139	1
NC_072392.2	44670300	44670861	-3	1	-	NC_072392.2	44670370	44670813	BLTP2	XM_054458681.2	-	3	2	48	70	22	23	2	2	2	middle	middle	1.000	1.000	constitutive	constitutive	99	202	2
NC_072392.2	44751712	44752150	-2	1	-	NC_072392.2	44751817	44752061	RAB34	XM_054458737.2	-	2	2	89	105	7	8	10	5	10	middle	middle	0.500	1.000	alternative	constitutive	81	90	5
NC_072392.2	44751712	44752150	-2	1	-	NC_072392.2	44751817	44752061	RAB34	XM_054458739.2	-	2	2	89	105	7	8	10	5	10	middle	middle	0.500	1.000	alternative	constitutive	57	90	5
NC_072392.2	44918639	44919335	-1	1	-	NC_072392.2	44918976	44919308	FLOT2	XM_054458755.2	-	1	2	27	337	6	7	6	6	6	middle	middle	1.000	1.000	constitutive	constitutive	113	119	6
NC_072392.2	45134432	45135071	-1	1	-	NC_072392.2	45134574	45134982	MYO18A	XM_063656093.1	-	1	2	89	142	29	30	10	10	10	middle	middle	1.000	1.000	constitutive	constitutive	123	200	10
NC_072392.2	45160966	45161869	-2	1	-	NC_072392.2	45161017	45161737	MYO18A	XM_063656093.1	-	2	2	132	51	6	7	10	10	10	middle	middle	1.000	1.000	constitutive	constitutive	176	213	10
NC_072392.2	4520603	4520882	3	1	+	NC_072392.2	4520625	4520881	ARRB2	XM_054459340.2	+	3	2	22	1	12	13	4	1	1	middle	middle	0.250	0.250	unique	unique	83	79	1
NC_072392.2	4541809	4542400	2	1	+	NC_072392.2	4541916	4542399	ZMYND15	XM_054459341.2	+	2	2	107	1	2	3	3	3	3	middle	middle	1.000	1.000	constitutive	constitutive	234	155	3
NC_072392.2	4544392	4544905	2	1	+	NC_072392.2	4544514	4544791	ZMYND15	XM_054459341.2	+	2	2	122	114	8	9	3	3	3	middle	middle	1.000	1.000	constitutive	constitutive	88	98	3
NC_072392.2	45615260	45615608	-1	1	-	NC_072392.2	45615262	45615530	GIT1	XM_054458166.2	-	1	2	78	2	17	18	5	5	5	middle	middle	1.000	1.000	constitutive	constitutive	86	73	5
NC_072392.2	45647258	45647879	3	1	+	NC_072392.2	45647298	45647796	ANKRD13B	XM_054458170.2	+	3	3	40	83	2	4	5	5	5	middle	middle	1.000	1.000	constitutive	constitutive	135	45	5
NC_072392.2	45655268	45655808	-1	1	-	NC_072392.2	45655269	45655709	CORO6	XM_054458173.2	-	1	2	99	1	9	10	8	8	3	middle	last	1.000	0.375	constitutive	alternative	230	122	3
NC_072392.2	45655268	45655808	-1	1	-	NC_072392.2	45655269	45655709	CORO6	XM_054458175.2	-	1	2	99	1	9	10	8	8	5	middle	last	1.000	0.625	constitutive	alternative	230	119	5
NC_072392.2	45656154	45656649	-3	1	-	NC_072392.2	45656237	45656577	CORO6	XM_054458173.2	-	3	2	72	83	6	7	8	8	8	middle	middle	1.000	1.000	constitutive	constitutive	104	145	8
NC_072392.2	4613842	4614526	2	1	+	NC_072392.2	4614029	4614370	PLD2	XM_054459358.2	+	2	2	187	156	1	2	2	2	2	first	middle	1.000	1.000	constitutive	constitutive	108	130	2
NC_072392.2	4615234	4615639	2	1	+	NC_072392.2	4615357	4615618	PLD2	XM_054459358.2	+	2	2	123	21	4	5	2	2	2	middle	middle	1.000	1.000	constitutive	constitutive	105	65	2
NC_072392.2	4703043	4703529	1	1	+	NC_072392.2	4703044	4703503	MINK1	XM_054459365.2	+	1	2	1	26	25	26	33	33	33	middle	middle	1.000	1.000	constitutive	constitutive	137	108	33
NC_072392.2	4707754	4708294	-2	1	-	NC_072392.2	4707899	4708276	CHRNE	XM_054456612.1	-	2	2	18	145	10	11	1	1	1	middle	middle	1.000	1.000	constitutive	constitutive	186	106	1
NC_072392.2	4751824	4752313	-2	1	-	NC_072392.2	4751826	4752269	SLC25A11	XM_054459402.2	-	2	2	44	2	2	3	1	1	1	middle	middle	1.000	1.000	constitutive	constitutive	152	206	1
NC_072392.2	4766110	4766440	2	1	+	NC_072392.2	4766145	4766435	ENO3	XM_054459389.2	+	2	2	35	5	4	5	3	3	3	middle	middle	1.000	1.000	constitutive	constitutive	58	69	3
NC_072392.2	4816929	4817235	1	1	+	NC_072392.2	4817014	4817233	KIF1C	XM_054459417.2	+	1	2	85	2	8	9	2	2	2	middle	middle	1.000	1.000	constitutive	constitutive	65	75	2
NC_072392.2	4949307	4949643	1	1	+	NC_072392.2	4949326	4949642	USP6	XM_054459433.2	+	1	2	19	1	1	2	3	3	3	first	middle	1.000	1.000	constitutive	constitutive	71	82	3
NC_072392.2	4957066	4957936	2	1	+	NC_072392.2	4957113	4957687	USP6	XM_054459433.2	+	2	2	47	249	12	13	3	3	3	middle	middle	1.000	1.000	constitutive	constitutive	152	139	3
NC_072392.2	51082339	51082891	-2	1	-	NC_072392.2	51082349	51082852	RAD51D	XM_054458380.2	-	2	2	39	10	1	2	4	4	4	first	middle	1.000	1.000	constitutive	constitutive	81	61	4
NC_072392.2	52665150	52665873	1	1	+	NC_072392.2	52665238	52665873	LOC129016553	XM_063655462.1	+	1	2	88	0	1	2	1	1	1	first	last	1.000	1.000	constitutive	constitutive	32	353	1
NC_072392.2	54354830	54355763	-1	1	-	NC_072392.2	54354927	54355527	LHX1	XM_054456911.2	-	1	2	236	97	2	3	2	2	2	middle	middle	1.000	1.000	constitutive	constitutive	226	277	2
NC_072392.2	55024613	55024949	-1	1	-	NC_072392.2	55024615	55024932	LOC129017027	XM_063655547.1	-	1	2	17	2	3	4	7	3	5	middle	middle	0.429	0.714	alternative	alternative	72	82	3
NC_072392.2	55024613	55024949	-1	1	-	NC_072392.2	55024615	55024931	LOC129017027	XM_063655550.1	-	1	2	18	2	1	2	7	2	5	first	middle	0.286	0.714	alternative	alternative	71	82	2
NC_072392.2	55360834	55361170	2	1	+	NC_072392.2	55360853	55361169	LOC129017018	XM_054457001.2	+	2	2	19	1	1	2	5	5	5	first	middle	1.000	1.000	constitutive	constitutive	71	82	5
NC_072392.2	55506098	55506434	3	1	+	NC_072392.2	55506117	55506433	LOC129017017	XM_054456999.2	+	3	2	19	1	1	2	9	8	8	first	middle	0.889	0.889	alternative	alternative	71	82	8
NC_072392.2	55684594	55684930	-2	1	-	NC_072392.2	55684596	55684913	LOC129017005	XM_054456966.2	-	2	2	17	2	2	3	1	1	1	middle	middle	1.000	1.000	constitutive	constitutive	72	82	1
NC_072392.2	56020267	56020603	2	1	+	NC_072392.2	56020285	56020602	LOC129017003	XM_054456951.2	+	2	2	18	1	3	4	12	8	10	middle	middle	0.667	0.833	alternative	alternative	72	82	8
NC_072392.2	56020267	56020603	2	1	+	NC_072392.2	56020286	56020602	LOC129017003	XM_054456964.2	+	2	2	19	1	1	2	12	2	10	first	middle	0.167	0.833	alternative	alternative	71	82	2
NC_072392.2	56198647	56198983	-2	1	-	NC_072392.2	56198649	56198966	LOC129017037	XM_054457053.2	-	2	2	17	2	2	3	2	2	2	middle	middle	1.000	1.000	constitutive	constitutive	72	82	2
NC_072392.2	56409087	56409423	1	1	+	NC_072392.2	56409105	56409422	LOC129017041	XM_054457072.2	+	1	2	18	1	2	3	9	6	9	middle	middle	0.667	1.000	alternative	constitutive	72	82	6
NC_072392.2	56409087	56409423	1	1	+	NC_072392.2	56409106	56409422	LOC129017041	XM_054457077.2	+	1	2	19	1	1	2	9	3	9	first	middle	0.333	1.000	alternative	constitutive	71	82	3
NC_072392.2	56549985	56550321	-3	1	-	NC_072392.2	56549987	56550304	LOC129017052	XM_054457087.2	-	3	2	17	2	2	3	3	2	3	middle	middle	0.667	1.000	alternative	constitutive	72	82	2
NC_072392.2	56549985	56550321	-3	1	-	NC_072392.2	56549987	56550303	LOC129017052	XM_063655608.1	-	3	2	18	2	1	2	3	1	3	first	middle	0.333	1.000	unique	constitutive	71	82	1
NC_072392.2	60451002	60452115	-3	1	-	NC_072392.2	60451441	60452072	LPO	XM_054457957.2	-	3	2	43	439	4	5	2	2	2	middle	middle	1.000	1.000	constitutive	constitutive	117	129	2
NC_072392.2	61448716	61449700	-2	1	-	NC_072392.2	61448718	61449167	MSI2	XM_054460172.2	-	2	2	533	2	2	3	6	6	6	middle	middle	1.000	1.000	constitutive	constitutive	40	81	6
NC_072392.2	68314244	68315057	-1	1	-	NC_072392.2	68314286	68314963	SPATA20	XM_054460110.2	-	1	3	94	42	4	6	8	7	8	middle	middle	0.875	1.000	alternative	constitutive	154	201	7
NC_072392.2	68314244	68315057	-1	1	-	NC_072392.2	68314286	68314934	SPATA20	XM_063656995.1	-	1	3	123	42	1	3	8	1	8	first	middle	0.125	1.000	unique	constitutive	125	201	1
NC_072392.2	68342540	68342885	-1	1	-	NC_072392.2	68342542	68342863	MYCBPAP	XM_054460141.2	-	1	2	22	2	8	9	22	22	22	middle	middle	1.000	1.000	constitutive	constitutive	115	115	22
NC_072392.2	68389314	68389992	-3	1	-	NC_072392.2	68389315	68389665	ACSF2	XM_054460157.2	-	3	2	327	1	15	16	1	1	1	middle	last	1.000	1.000	constitutive	constitutive	68	47	1
NC_072392.2	68389835	68390306	-1	1	-	NC_072392.2	68389860	68390199	ACSF2	XM_054460157.2	-	1	2	107	25	13	14	1	1	1	middle	middle	1.000	1.000	constitutive	constitutive	141	110	1
NC_072392.2	68509425	68509983	-3	1	-	NC_072392.2	68509456	68509936	XYLT2	XM_054456108.2	-	3	2	47	31	6	7	1	1	1	middle	middle	1.000	1.000	constitutive	constitutive	216	176	1
NC_072392.2	68586236	68586959	-1	1	-	NC_072392.2	68586237	68586747	TMEM92	XM_054457979.2	-	1	2	212	1	4	5	22	22	22	middle	last	1.000	1.000	constitutive	constitutive	195	110	22
NC_072392.2	68681096	68681660	3	1	+	NC_072392.2	68681145	68681660	COL1A1	XM_054457473.2	+	3	2	49	0	50	51	1	1	1	middle	last	1.000	1.000	constitutive	constitutive	242	143	1
NC_072392.2	68789635	68790478	-2	1	-	NC_072392.2	68789964	68790316	ITGA3	XM_063657169.1	-	2	2	162	329	13	14	1	1	1	middle	middle	1.000	1.000	constitutive	constitutive	149	97	1
NC_072392.2	6879114	6879525	1	1	+	NC_072392.2	6879154	6879452	C19H17orf49	XM_054456090.2	+	1	2	40	73	1	2	5	5	5	first	middle	1.000	1.000	constitutive	constitutive	20	94	5
NC_072392.2	7040742	7041705	-3	1	-	NC_072392.2	7041322	7041644	ASGR1	XM_054458082.2	-	3	2	61	580	5	6	4	4	4	middle	middle	1.000	1.000	constitutive	constitutive	86	151	4
NC_072392.2	7070249	7070867	-1	1	-	NC_072392.2	7070385	7070793	DLG4	XM_054458084.2	-	1	2	74	136	6	7	10	10	10	middle	middle	1.000	1.000	constitutive	constitutive	169	136	10
NC_072392.2	70908107	70908500	-1	1	-	NC_072392.2	70908108	70908444	CDK5RAP3	XM_054456022.2	-	1	2	56	1	13	14	1	1	1	middle	last	1.000	1.000	constitutive	constitutive	171	62	1
NC_072392.2	71080313	71080766	3	1	+	NC_072392.2	71080400	71080766	OSBPL7	XM_054456044.2	+	3	2	87	0	21	22	5	5	5	middle	last	1.000	1.000	constitutive	constitutive	122	105	5
NC_072392.2	7119436	7119817	2	1	+	NC_072392.2	7119497	7119816	ELP5	XM_054458102.2	+	2	2	61	1	1	2	1	1	1	first	middle	1.000	1.000	constitutive	constitutive	93	60	1
NC_072392.2	7151920	7152520	2	1	+	NC_072392.2	7151951	7152351	SLC2A4	XM_054458523.2	+	2	2	31	169	2	3	1	1	1	middle	middle	1.000	1.000	constitutive	constitutive	116	172	1
NC_072392.2	7184393	7185053	3	1	+	NC_072392.2	7184766	7185053	EIF5A	XM_054458530.1	+	3	2	373	0	4	5	3	3	3	middle	last	1.000	1.000	constitutive	constitutive	131	59	3
NC_072392.2	7186568	7186928	-1	1	-	NC_072392.2	7186638	7186894	GPS2	XM_054458527.2	-	1	2	34	70	7	8	2	2	2	middle	middle	1.000	1.000	constitutive	constitutive	89	79	2
NC_072392.2	7190632	7191496	-2	1	-	NC_072392.2	7190634	7191002	NEURL4	XM_054458514.2	-	2	2	494	2	27	28	4	4	4	middle	middle	1.000	1.000	constitutive	constitutive	112	165	4
NC_072392.2	7196720	7197170	-1	1	-	NC_072392.2	7196902	7197141	NEURL4	XM_054458514.2	-	1	2	29	182	13	14	4	4	4	middle	middle	1.000	1.000	constitutive	constitutive	76	78	4
NC_072392.2	7199560	7200064	-2	1	-	NC_072392.2	7199657	7199950	NEURL4	XM_054458514.2	-	2	2	114	97	5	6	4	4	4	middle	middle	1.000	1.000	constitutive	constitutive	111	88	4
NC_072392.2	7229336	7229762	3	1	+	NC_072392.2	7229455	7229761	TMEM95	XM_054458533.2	+	3	2	119	1	5	6	4	3	4	middle	middle	0.750	1.000	alternative	constitutive	104	87	3
NC_072392.2	7229336	7229762	3	1	+	NC_072392.2	7229479	7229761	TMEM95	XM_054458535.2	+	3	2	143	1	5	6	4	1	4	middle	middle	0.250	1.000	unique	constitutive	80	87	1
NC_072392.2	72504662	72505097	-1	1	-	NC_072392.2	72504664	72504976	MED1	XM_054457221.2	-	1	2	121	2	15	16	2	2	2	middle	middle	1.000	1.000	constitutive	constitutive	95	105	2
NC_072392.2	7261877	7262192	3	1	+	NC_072392.2	7261899	7262192	TNK1	XM_054457389.1	+	3	2	22	0	11	12	2	2	2	middle	last	1.000	1.000	constitutive	constitutive	95	110	2
NC_072392.2	72747437	72747845	3	1	+	NC_072392.2	72747552	72747803	STARD3	XM_054457270.2	+	3	2	115	42	3	4	14	14	14	middle	middle	1.000	1.000	constitutive	constitutive	77	53	14
NC_072392.2	72836162	72837092	3	1	+	NC_072392.2	72836382	72837032	GRB7	XM_054457292.2	+	3	2	220	60	8	10	5	5	5	middle	middle	1.000	1.000	constitutive	constitutive	98	116	5
NC_072392.2	7318321	7318636	2	1	+	NC_072392.2	7318337	7318618	CHRNB1	XM_054458071.2	+	2	2	16	18	1	2	1	1	1	first	middle	1.000	1.000	constitutive	constitutive	57	139	1
NC_072392.2	73279934	73280411	3	1	+	NC_072392.2	73279954	73280282	RAPGEFL1	XM_054458120.2	+	3	2	20	129	7	8	1	1	1	middle	middle	1.000	1.000	constitutive	constitutive	97	122	1
NC_072392.2	7368269	7369478	3	1	+	NC_072392.2	7368310	7369145	POLR2A	XM_054458073.2	+	3	3	41	333	3	5	1	1	1	middle	middle	1.000	1.000	constitutive	constitutive	136	281	1
NC_072392.2	73857847	73858234	-2	1	-	NC_072392.2	73857866	73858234	KRT26	XM_054457823.2	-	2	2	0	19	4	5	1	1	1	middle	middle	1.000	1.000	constitutive	constitutive	161	125	1
NC_072392.2	73951150	73951840	-2	1	-	NC_072392.2	73951373	73951753	KRT12	XM_054457877.2	-	2	2	87	223	4	5	1	1	1	middle	middle	1.000	1.000	constitutive	constitutive	161	125	1
NC_072392.2	7432963	7433470	2	1	+	NC_072392.2	7433131	7433455	SENP3	XM_054459531.2	+	2	2	168	15	4	5	1	1	1	middle	middle	1.000	1.000	constitutive	constitutive	147	47	1
NC_072392.2	74533546	74534077	-2	1	-	NC_072392.2	74533554	74534077	LOC129017648	XM_054458256.2	-	2	2	0	8	5	6	1	1	1	middle	middle	1.000	1.000	constitutive	constitutive	125	220	1
NC_072392.2	74868622	74869495	-2	1	-	NC_072392.2	74868645	74869353	JUP	XM_054457517.2	-	2	2	142	23	2	3	6	6	6	middle	middle	1.000	1.000	constitutive	constitutive	259	238	6
NC_072392.2	75212714	75213602	-1	1	-	NC_072392.2	75212867	75213431	DHX58	XM_054457568.2	-	1	2	171	153	5	6	3	3	3	middle	middle	1.000	1.000	constitutive	constitutive	126	191	3
NC_072392.2	75219523	75220309	-2	1	-	NC_072392.2	75219578	75219967	KAT2A	XM_054457573.2	-	2	2	342	55	14	16	2	2	2	middle	middle	1.000	1.000	constitutive	constitutive	114	63	2
NC_072392.2	75268357	75269062	-2	1	-	NC_072392.2	75268359	75268921	KCNH4	XM_054457579.2	-	2	2	141	2	12	13	1	1	1	middle	middle	1.000	1.000	constitutive	constitutive	38	352	1
NC_072392.2	75396399	75397017	1	1	+	NC_072392.2	75396500	75397016	LOC129017271	XM_054457584.2	+	1	2	101	1	5	6	4	4	4	middle	middle	1.000	1.000	constitutive	constitutive	130	151	4
NC_072392.2	75659813	75660491	3	1	+	NC_072392.2	75660012	75660350	COASY	XM_054457617.2	+	3	2	199	141	4	5	4	4	4	middle	middle	1.000	1.000	constitutive	constitutive	189	64	4
NC_072392.2	75662271	75662976	1	1	+	NC_072392.2	75662437	75662971	MLX	XM_054457627.2	+	1	2	166	5	1	2	2	1	2	first	middle	0.500	1.000	unique	constitutive	203	36	1
NC_072392.2	75662271	75662976	1	1	+	NC_072392.2	75662437	75662971	MLX	XM_054457629.2	+	1	2	166	5	1	2	2	1	2	first	middle	0.500	1.000	unique	constitutive	41	36	1
NC_072392.2	75709499	75710186	3	1	+	NC_072392.2	75709581	75710144	TUBG1	XM_054457626.1	+	3	2	82	42	8	9	1	1	1	middle	middle	1.000	1.000	constitutive	constitutive	149	152	1
NC_072392.2	75769449	75769959	-3	1	-	NC_072392.2	75769548	75769918	PLEKHH3	XM_054457634.2	-	3	2	41	99	3	4	10	10	10	middle	middle	1.000	1.000	constitutive	constitutive	79	191	10
NC_072392.2	75780742	75781417	2	1	+	NC_072392.2	75780950	75781379	CNTNAP1	XM_054457645.2	+	2	2	208	38	4	5	3	3	3	middle	middle	1.000	1.000	constitutive	constitutive	147	203	3
NC_072392.2	76117432	76117900	2	1	+	NC_072392.2	76117475	76117801	IFI35	XM_054457693.2	+	2	2	43	99	3	4	1	1	1	middle	middle	1.000	1.000	constitutive	constitutive	147	106	1
NC_072392.2	76122801	76123281	-3	1	-	NC_072392.2	76122855	76123220	VAT1	XM_054457692.1	-	3	2	61	54	3	4	1	1	1	middle	middle	1.000	1.000	constitutive	constitutive	170	89	1
NC_072392.2	76639052	76639778	-1	1	-	NC_072392.2	76639182	76639630	ETV4	XM_054457772.2	-	1	2	148	130	9	10	12	12	12	middle	middle	1.000	1.000	constitutive	constitutive	68	172	12
NC_072392.2	7665401	7665953	3	1	+	NC_072392.2	7665488	7665886	DNAH2	XM_054455790.2	+	3	2	87	67	56	57	1	1	1	middle	middle	1.000	1.000	constitutive	constitutive	132	139	1
NC_072392.2	7681740	7682268	1	1	+	NC_072392.2	7681741	7682256	DNAH2	XM_054455790.2	+	1	2	1	12	67	68	1	1	1	middle	middle	1.000	1.000	constitutive	constitutive	150	148	1
NC_072392.2	7687603	7688266	2	1	+	NC_072392.2	7687620	7688090	DNAH2	XM_054455790.2	+	2	2	17	176	74	75	1	1	1	middle	middle	1.000	1.000	constitutive	constitutive	148	183	1
NC_072392.2	76930893	76931430	-3	1	-	NC_072392.2	76930956	76931306	MPP3	XM_054457780.2	-	3	2	124	63	13	14	1	1	1	middle	middle	1.000	1.000	constitutive	constitutive	164	80	1
NC_072392.2	7696341	7696836	1	1	+	NC_072392.2	7696369	7696716	DNAH2	XM_054455790.2	+	1	2	28	120	82	83	1	1	1	middle	middle	1.000	1.000	constitutive	constitutive	176	74	1
NC_072392.2	77000911	77001562	-2	1	-	NC_072392.2	77001181	77001526	MPP2	XM_054457794.2	-	2	2	36	270	6	7	5	5	5	middle	middle	1.000	1.000	constitutive	constitutive	131	105	5
NC_072392.2	77002800	77003412	-3	1	-	NC_072392.2	77002834	77003286	MPP2	XM_054457794.2	-	3	2	126	34	3	4	5	5	5	middle	middle	1.000	1.000	constitutive	constitutive	152	149	5
NC_072392.2	7710987	7711782	1	1	+	NC_072392.2	7711131	7711545	KDM6B	XM_054455791.2	+	1	2	144	237	3	4	18	18	18	middle	middle	1.000	1.000	constitutive	constitutive	219	92	18
NC_072392.2	77191384	77191939	2	1	+	NC_072392.2	77191543	77191939	G6PC3	XM_054456547.2	+	2	2	159	0	4	5	4	1	1	middle	last	0.250	0.250	unique	unique	141	26	1
NC_072392.2	77208644	77209142	-1	1	-	NC_072392.2	77208765	77209120	HDAC5	XM_054456549.2	-	1	2	22	121	7	8	15	9	15	middle	middle	0.600	1.000	alternative	constitutive	146	112	9
NC_072392.2	77208644	77209142	-1	1	-	NC_072392.2	77208765	77209120	HDAC5	XM_054456553.2	-	1	2	22	121	7	8	15	6	15	middle	middle	0.400	1.000	alternative	constitutive	131	112	6
NC_072392.2	77426434	77427175	2	1	+	NC_072392.2	77426712	77427111	RUNDC3A	XM_054458590.2	+	2	2	278	64	3	4	7	3	7	middle	middle	0.429	1.000	alternative	constitutive	148	85	3
NC_072392.2	77426434	77427175	2	1	+	NC_072392.2	77426727	77427111	RUNDC3A	XM_054458591.2	+	2	2	293	64	3	4	7	3	7	middle	middle	0.429	1.000	alternative	constitutive	133	85	3
NC_072392.2	77426434	77427175	2	1	+	NC_072392.2	77426724	77427111	RUNDC3A	XM_054458592.2	+	2	2	290	64	3	4	7	1	7	middle	middle	0.143	1.000	unique	constitutive	136	85	1
NC_072392.2	77465092	77465530	2	1	+	NC_072392.2	77465132	77465518	GRN	XM_054457490.2	+	2	2	40	12	1	2	2	2	2	first	middle	1.000	1.000	constitutive	constitutive	137	125	2
NC_072392.2	77498953	77499775	-2	1	-	NC_072392.2	77499208	77499600	ITGA2B	XM_063656038.1	-	2	2	175	255	5	7	1	1	1	middle	middle	1.000	1.000	constitutive	constitutive	49	128	1
NC_072392.2	77499339	77500185	-3	1	-	NC_072392.2	77499429	77499987	ITGA2B	XM_063656038.1	-	3	2	198	90	4	6	1	1	1	middle	middle	1.000	1.000	constitutive	constitutive	165	45	1
NC_072392.2	7771950	7772553	1	1	+	NC_072392.2	7772159	7772521	CHD3	XM_054455801.2	+	1	2	209	32	31	32	21	21	21	middle	middle	1.000	1.000	constitutive	constitutive	121	135	21
NC_072392.2	78031192	78031870	-2	1	-	NC_072392.2	78031319	78031679	GFAP	XM_054456529.2	-	2	2	191	127	2	3	2	2	2	middle	middle	1.000	1.000	constitutive	constitutive	60	95	2
NC_072392.2	78229955	78230543	-1	1	-	NC_072392.2	78230003	78230488	PLCD3	XM_054459085.2	-	1	2	55	48	12	13	3	3	3	middle	middle	1.000	1.000	constitutive	constitutive	166	135	3
NC_072392.2	78384219	78385227	-3	1	-	NC_072392.2	78384289	78384956	MAP3K14	XM_054460216.2	-	3	2	271	70	11	12	1	1	1	middle	middle	1.000	1.000	constitutive	constitutive	353	106	1
NC_072392.2	78513849	78514329	-3	1	-	NC_072392.2	78513939	78514316	ARHGAP27	XM_054457986.2	-	3	2	13	90	12	13	10	10	10	middle	middle	1.000	1.000	constitutive	constitutive	98	77	10
NC_072392.2	7905782	7906289	3	1	+	NC_072392.2	7905792	7906242	ALOX15B	XM_054456733.2	+	3	2	10	47	1	2	1	1	1	first	middle	1.000	1.000	constitutive	constitutive	146	219	1
NC_072392.2	7913406	7913904	1	1	+	NC_072392.2	7913494	7913903	ALOX15B	XM_054456733.2	+	1	2	88	1	9	10	1	1	1	middle	middle	1.000	1.000	constitutive	constitutive	86	169	1
NC_072392.2	8012924	8013452	-1	1	-	NC_072392.2	8012948	8013431	PER1	XM_054456740.2	-	1	2	21	24	12	13	5	5	5	middle	middle	1.000	1.000	constitutive	constitutive	131	105	5
NC_072392.2	80900201	80900990	3	1	+	NC_072392.2	80900284	80900814	MRC2	XM_063655880.1	+	3	2	83	176	3	4	1	1	1	middle	middle	1.000	1.000	constitutive	constitutive	173	164	1
NC_072392.2	8096899	8097682	-2	1	-	NC_072392.2	8097014	8097515	CTC1	XM_054456769.2	-	2	2	167	115	13	14	1	1	1	middle	middle	1.000	1.000	constitutive	constitutive	324	89	1
NC_072392.2	8129545	8130073	2	1	+	NC_072392.2	8129615	8130004	PFAS	XM_054456767.2	+	2	2	70	69	15	16	1	1	1	middle	middle	1.000	1.000	constitutive	constitutive	125	131	1
NC_072392.2	8130279	8131155	1	1	+	NC_072392.2	8130298	8131042	PFAS	XM_054456767.2	+	1	3	19	113	17	19	1	1	1	middle	middle	1.000	1.000	constitutive	constitutive	230	83	1
NC_072392.2	81764568	81765078	1	1	+	NC_072392.2	81764584	81764974	LOC129017614	XM_054458225.2	+	1	2	16	104	4	5	1	1	1	middle	middle	1.000	1.000	constitutive	constitutive	87	143	1
NC_072392.2	81793941	81795369	1	1	+	NC_072392.2	81794684	81795280	KCNH6	XM_054458947.2	+	1	2	743	89	7	8	4	4	4	middle	middle	1.000	1.000	constitutive	constitutive	199	252	4
NC_072392.2	8184011	8184353	3	1	+	NC_072392.2	8184012	8184352	ARHGEF15	XM_054456774.2	+	3	2	1	1	9	10	8	8	8	middle	middle	1.000	1.000	constitutive	constitutive	92	160	8
NC_072392.2	82085496	82085946	-3	1	-	NC_072392.2	82085553	82085946	FTSJ3	XM_054458978.2	-	3	2	0	57	5	6	4	4	4	middle	middle	1.000	1.000	constitutive	constitutive	99	194	4
NC_072392.2	82090433	82090961	3	1	+	NC_072392.2	82090434	82090802	PSMC5	XM_054458987.1	+	3	2	1	159	5	6	2	2	2	middle	middle	1.000	1.000	constitutive	constitutive	56	230	2
NC_072392.2	82091734	82092181	2	1	+	NC_072392.2	82091807	82092109	PSMC5	XM_054458987.1	+	2	2	73	72	10	11	2	2	2	middle	middle	1.000	1.000	constitutive	constitutive	110	86	2
NC_072392.2	82094712	82095159	-3	1	-	NC_072392.2	82094776	82095102	SMARCD2	XM_054458984.2	-	3	2	57	64	6	7	1	1	1	middle	middle	1.000	1.000	constitutive	constitutive	95	101	1
NC_072392.2	82265473	82266187	2	1	+	NC_072392.2	82265492	82265860	PRR29	XM_054459011.1	+	2	2	19	327	2	3	2	2	2	middle	middle	1.000	1.000	constitutive	constitutive	75	106	2
NC_072392.2	85548718	85549003	-2	1	-	NC_072392.2	85548728	85549003	PSMD12	XM_054459615.2	-	2	2	0	10	2	3	1	1	1	middle	middle	1.000	1.000	constitutive	constitutive	59	128	1
NC_072392.2	8790605	8791145	-1	1	-	NC_072392.2	8790607	8790983	PIK3R6	XM_054459145.2	-	1	2	162	2	5	6	3	3	3	middle	middle	1.000	1.000	constitutive	constitutive	132	69	3
NC_072392.2	92427747	92428047	1	1	+	NC_072392.2	92427808	92428042	RPL38	XM_054457381.2	+	1	2	61	5	1	2	6	6	6	first	middle	1.000	1.000	constitutive	constitutive	2	60	6
NC_072392.2	92575054	92575819	2	1	+	NC_072392.2	92575181	92575654	KIF19	XM_054458338.2	+	2	2	127	165	13	14	1	1	1	middle	middle	1.000	1.000	constitutive	constitutive	270	121	1
NC_072392.2	92986504	92986720	2	1	+	NC_072392.2	92986508	92986719	RAB37	XM_054456286.2	+	2	2	4	1	7	8	3	3	3	middle	middle	1.000	1.000	constitutive	constitutive	56	76	3
NC_072392.2	93103802	93104408	-1	1	-	NC_072392.2	93103803	93104230	FDXR	XM_054456307.2	-	1	2	178	1	11	12	11	11	11	middle	last	1.000	1.000	constitutive	constitutive	170	127	11
NC_072392.2	93104868	93105414	-3	1	-	NC_072392.2	93104880	93105332	FDXR	XM_054456307.2	-	3	2	82	12	9	10	11	11	11	middle	middle	1.000	1.000	constitutive	constitutive	199	171	11
NC_072392.2	93507468	93508029	-3	1	-	NC_072392.2	93507562	93508004	MIF4GD	XM_054456361.2	-	3	2	25	94	2	3	4	4	4	middle	middle	1.000	1.000	constitutive	constitutive	109	155	4
NC_072392.2	93731046	93731985	1	1	+	NC_072392.2	93731267	93731692	TMEM94	XM_054457344.2	+	1	2	221	293	16	17	12	12	12	middle	middle	1.000	1.000	constitutive	constitutive	102	217	12
NC_072392.2	93732466	93733225	2	1	+	NC_072392.2	93732689	93733192	TMEM94	XM_054457344.2	+	2	2	223	33	19	20	12	12	12	middle	middle	1.000	1.000	constitutive	constitutive	138	115	12
NC_072392.2	93735906	93736512	1	1	+	NC_072392.2	93735964	93736511	TMEM94	XM_054457344.2	+	1	2	58	1	27	28	12	12	7	middle	middle	1.000	0.583	constitutive	alternative	148	278	7
NC_072392.2	93735906	93736512	1	1	+	NC_072392.2	93735964	93736511	TMEM94	XM_054457349.2	+	1	3	58	1	27	29	12	12	5	middle	middle	1.000	0.417	constitutive	alternative	148	93	5
NC_072392.2	93741074	93741842	-1	1	-	NC_072392.2	93741179	93741752	CASKIN2	XM_054457353.2	-	1	2	90	105	14	16	3	3	3	middle	middle	1.000	1.000	constitutive	constitutive	110	138	3
NC_072392.2	93840799	93841522	2	1	+	NC_072392.2	93840890	93841450	MYO15B	XM_054455830.2	+	2	2	91	72	16	18	1	1	1	middle	middle	1.000	1.000	constitutive	constitutive	77	45	1
NC_072392.2	93858579	93859602	1	1	+	NC_072392.2	93858676	93859601	MYO15B	XM_054455830.2	+	1	2	97	1	48	50	1	1	1	middle	middle	1.000	1.000	constitutive	constitutive	111	139	1
NC_072392.2	93863183	93863666	3	1	+	NC_072392.2	93863197	93863665	MYO15B	XM_054455830.2	+	3	2	14	1	59	60	1	1	1	middle	middle	1.000	1.000	constitutive	constitutive	145	115	1
NC_072392.2	93965804	93966374	3	1	+	NC_072392.2	93965908	93966218	ITGB4	XM_054458786.2	+	3	2	104	156	2	3	12	12	12	middle	middle	1.000	1.000	constitutive	constitutive	82	101	12
NC_072392.2	94076178	94076520	-3	1	-	NC_072392.2	94076180	94076424	UNC13D	XM_054456486.2	-	3	2	96	2	17	18	4	4	4	middle	middle	1.000	1.000	constitutive	constitutive	56	97	4
NC_072392.2	94076413	94077109	-2	1	-	NC_072392.2	94076507	94077089	UNC13D	XM_054456486.2	-	2	3	20	94	14	16	4	4	4	middle	middle	1.000	1.000	constitutive	constitutive	117	90	4
NC_072392.2	94080142	94080541	-2	1	-	NC_072392.2	94080191	94080502	UNC13D	XM_054456486.2	-	2	2	39	49	11	12	4	4	4	middle	middle	1.000	1.000	constitutive	constitutive	104	92	4
NC_072392.2	94082953	94083358	-2	1	-	NC_072392.2	94083061	94083277	UNC13D	XM_054456486.2	-	2	2	81	108	5	6	4	4	4	middle	middle	1.000	1.000	constitutive	constitutive	59	66	4
NC_072392.2	94114111	94115188	-2	1	-	NC_072392.2	94114112	94115112	TRIM47	XM_054459044.2	-	2	2	76	1	5	6	1	1	1	middle	last	1.000	1.000	constitutive	constitutive	74	637	1
NC_072392.2	94115501	94116485	-1	1	-	NC_072392.2	94115528	94116119	TRIM47	XM_054459044.2	-	1	2	366	27	3	4	1	1	1	middle	middle	1.000	1.000	constitutive	constitutive	230	198	1
NC_072392.2	94131584	94132253	-1	1	-	NC_072392.2	94131674	94132163	TRIM65	XM_054456208.2	-	1	2	90	90	3	4	2	2	2	middle	middle	1.000	1.000	constitutive	constitutive	233	174	2
NC_072392.2	94139831	94140434	-1	1	-	NC_072392.2	94139934	94140370	MRPL38	XM_054456212.2	-	1	2	64	103	3	4	1	1	1	middle	middle	1.000	1.000	constitutive	constitutive	134	208	1
NC_072392.2	94151704	94152247	-2	1	-	NC_072392.2	94151863	94152211	FBF1	XM_054456193.2	-	2	2	36	159	26	27	33	32	32	middle	middle	0.970	0.970	alternative	alternative	137	117	32
NC_072392.2	94152783	94153521	-3	1	-	NC_072392.2	94152907	94153299	FBF1	XM_054456193.2	-	3	2	222	124	23	24	33	33	32	middle	middle	1.000	0.970	constitutive	alternative	122	185	32
NC_072392.2	94152783	94153521	-3	1	-	NC_072392.2	94152990	94153299	FBF1	XM_063655831.1	-	3	2	222	207	23	24	33	33	1	middle	middle	1.000	0.030	constitutive	unique	122	102	1
NC_072392.2	94240339	94240768	2	1	+	NC_072392.2	94240366	94240762	CDK3	XM_054456849.2	+	2	2	27	6	3	4	2	2	2	middle	middle	1.000	1.000	constitutive	constitutive	120	170	2
NC_072392.2	94250077	94250482	-2	1	-	NC_072392.2	94250144	94250461	EVPL	XM_054458289.2	-	2	2	21	67	19	20	1	1	1	middle	middle	1.000	1.000	constitutive	constitutive	83	110	1
NC_072392.2	94253282	94253813	-1	1	-	NC_072392.2	94253284	94253733	EVPL	XM_054458289.2	-	1	2	80	2	16	17	1	1	1	middle	middle	1.000	1.000	constitutive	constitutive	138	193	1
NC_072392.2	94259639	94260323	-1	1	-	NC_072392.2	94259745	94260317	EVPL	XM_054458289.2	-	1	2	6	106	7	9	1	1	1	middle	middle	1.000	1.000	constitutive	constitutive	161	95	1
NC_072392.2	94526324	94526876	-1	1	-	NC_072392.2	94526326	94526744	QRICH2	XM_054456121.2	-	1	2	132	2	11	12	6	6	6	middle	middle	1.000	1.000	constitutive	constitutive	164	121	6
NC_072392.2	94526879	94527368	-1	1	-	NC_072392.2	94526946	94527245	QRICH2	XM_054456121.2	-	1	2	123	67	9	10	6	6	6	middle	middle	1.000	1.000	constitutive	constitutive	122	74	6
NC_072392.2	94631258	94631828	3	1	+	NC_072392.2	94631446	94631774	SPHK1	XM_054456131.2	+	3	2	188	54	3	4	2	2	2	middle	middle	1.000	1.000	constitutive	constitutive	152	94	2
NC_072392.2	94723810	94724686	-2	1	-	NC_072392.2	94724018	94724489	RHBDF2	XM_054458002.2	-	2	2	197	208	3	4	6	6	6	middle	middle	1.000	1.000	constitutive	constitutive	195	203	6
NC_072392.2	96392933	96393605	3	1	+	NC_072392.2	96393026	96393604	TMC8	XM_054456668.2	+	3	2	93	1	9	10	1	1	1	middle	middle	1.000	1.000	constitutive	constitutive	123	97	1
NC_072392.2	96457903	96458455	2	1	+	NC_072392.2	96458072	96458285	AFMID	XM_063656437.1	+	2	2	169	170	1	2	14	1	1	first	middle	0.071	0.071	unique	unique	65	48	1
NC_072392.2	96460251	96460815	1	1	+	NC_072392.2	96460331	96460693	AFMID	XM_054456675.2	+	1	2	80	122	6	7	14	12	12	middle	middle	0.857	0.857	alternative	alternative	72	97	12
NC_072392.2	96716890	96717583	-2	1	-	NC_072392.2	96716892	96717364	DNAH17	XM_063656557.1	-	2	2	219	2	58	59	1	1	1	middle	middle	1.000	1.000	constitutive	constitutive	95	217	1
NC_072392.2	96742116	96742896	-3	1	-	NC_072392.2	96742240	96742786	DNAH17	XM_063656557.1	-	3	2	110	124	44	45	1	1	1	middle	middle	1.000	1.000	constitutive	constitutive	282	173	1
NC_072392.2	96830285	96830840	-1	1	-	NC_072392.2	96830306	96830811	DNAH17	XM_063656557.1	-	1	2	29	21	3	4	1	1	1	middle	middle	1.000	1.000	constitutive	constitutive	192	99	1
NC_072392.2	98072475	98072886	-3	1	-	NC_072392.2	98072539	98072797	CBX8	XM_054458802.2	-	3	2	89	64	2	3	2	2	2	middle	middle	1.000	1.000	constitutive	constitutive	65	66	2
NC_072392.2	98396844	98397414	1	1	+	NC_072392.2	98396924	98397413	GAA	XM_054457824.2	+	1	2	80	1	13	14	4	4	4	middle	middle	1.000	1.000	constitutive	constitutive	151	148	4
NC_072392.2	98514247	98515231	-2	1	-	NC_072392.2	98514414	98514937	SGSH	XM_054457840.2	-	2	2	294	167	3	4	1	1	1	middle	middle	1.000	1.000	constitutive	constitutive	105	150	1
NC_072392.2	99181502	99182660	3	1	+	NC_072392.2	99181611	99182165	RPTOR	XM_054458563.2	+	3	2	109	495	15	16	3	3	3	middle	middle	1.000	1.000	constitutive	constitutive	65	191	3
NC_072392.2	99425080	99425545	-2	1	-	NC_072392.2	99425082	99425369	AATK	XM_054458574.2	-	2	2	176	2	8	9	6	6	6	middle	middle	1.000	1.000	constitutive	constitutive	84	121	6
NC_072392.2	99427917	99428499	-3	1	-	NC_072392.2	99427954	99428295	AATK	XM_054458574.2	-	3	2	204	37	5	6	6	6	6	middle	middle	1.000	1.000	constitutive	constitutive	118	87	6
NC_072392.2	99539227	99539635	2	1	+	NC_072392.2	99539234	99539548	NDUFAF8	XM_054456611.2	+	2	2	7	87	1	2	1	1	1	first	middle	1.000	1.000	constitutive	constitutive	83	110	1
NC_072392.2	99763926	99764388	1	1	+	NC_072392.2	99763975	99764323	BAHCC1	XM_054457507.2	+	1	2	49	65	18	19	8	6	8	middle	middle	0.750	1.000	alternative	constitutive	104	156	6
NC_072392.2	99763926	99764388	1	1	+	NC_072392.2	99763975	99764323	BAHCC1	XM_063656623.1	+	1	2	49	65	18	19	8	2	8	middle	middle	0.250	1.000	alternative	constitutive	80	156	2
NC_072392.2	99765856	99767488	2	1	+	NC_072392.2	99765882	99767386	BAHCC1	XM_054457507.2	+	2	2	26	102	24	25	8	8	6	middle	middle	1.000	0.750	constitutive	alternative	176	1177	6
NC_072392.2	99765856	99767488	2	1	+	NC_072392.2	99765882	99767386	BAHCC1	XM_054457509.2	+	2	2	26	102	24	25	8	8	2	middle	middle	1.000	0.250	constitutive	alternative	176	1153	2
NC_072392.2	99767860	99769114	2	1	+	NC_072392.2	99768080	99769114	BAHCC1	XM_054457507.2	+	2	2	220	0	26	27	8	8	8	middle	last	1.000	1.000	constitutive	constitutive	236	203	8
NC_072392.2	99984444	99985032	1	1	+	NC_072392.2	99984489	99984900	CCDC137	XM_054458544.2	+	1	2	45	132	4	5	1	1	1	middle	middle	1.000	1.000	constitutive	constitutive	82	79	1
NC_072393.2	10195151	10195898	-3	1	-	NC_072393.2	10195152	10195628	COL5A3	XM_054461653.2	-	3	2	270	1	66	67	2	2	2	middle	last	1.000	1.000	constitutive	constitutive	239	143	2
NC_072393.2	10229370	10229667	-2	1	-	NC_072393.2	10229401	10229643	COL5A3	XM_054461653.2	-	2	2	24	31	26	27	2	2	2	middle	middle	1.000	1.000	constitutive	constitutive	44	53	2
NC_072393.2	10331584	10332142	2	1	+	NC_072393.2	10331648	10332019	SHFL	XM_054461665.2	+	2	2	64	123	2	3	2	2	2	middle	middle	1.000	1.000	constitutive	constitutive	123	49	2
NC_072393.2	10355135	10355831	3	1	+	NC_072393.2	10355155	10355691	LOC129019333	XM_054461673.2	+	3	3	20	140	10	12	2	2	1	middle	middle	1.000	0.500	constitutive	unique	129	77	1
NC_072393.2	10355135	10355831	3	1	+	NC_072393.2	10355155	10355831	LOC129019333	XM_054461674.1	+	3	3	20	0	10	12	2	2	1	middle	last	1.000	0.500	constitutive	unique	129	217	1
NC_072393.2	10496490	10496823	1	1	+	NC_072393.2	10496560	10496770	MRPL4	XM_054461681.2	+	1	2	70	53	1	2	3	3	3	first	middle	1.000	1.000	constitutive	constitutive	56	66	3
NC_072393.2	10535481	10536351	1	1	+	NC_072393.2	10535531	10536268	ICAM5	XM_054464409.2	+	1	2	50	83	2	3	1	1	1	middle	middle	1.000	1.000	constitutive	constitutive	269	320	1
NC_072393.2	10565263	10565932	-1	1	-	NC_072393.2	10565294	10565898	RAVER1	XM_054463729.2	-	1	2	34	31	8	9	6	6	4	middle	middle	1.000	0.667	constitutive	alternative	211	296	4
NC_072393.2	10565263	10565932	-1	1	-	NC_072393.2	10565294	10565898	RAVER1	XM_054463730.2	-	1	3	34	31	8	10	6	6	2	middle	middle	1.000	0.333	constitutive	alternative	211	127	2
NC_072393.2	10567661	10568243	-3	1	-	NC_072393.2	10567802	10568222	RAVER1	XM_054463729.2	-	3	2	21	141	4	5	6	6	6	middle	middle	1.000	1.000	constitutive	constitutive	191	129	6
NC_072393.2	10604669	10605380	-3	1	-	NC_072393.2	10604820	10605194	TYK2	XM_054463872.2	-	3	2	186	151	14	15	5	5	5	middle	middle	1.000	1.000	constitutive	constitutive	135	154	5
NC_072393.2	10795125	10795635	1	1	+	NC_072393.2	10795226	10795573	ATG4D	XM_054463893.2	+	1	2	101	62	2	3	2	1	2	middle	middle	0.500	1.000	unique	constitutive	83	173	1
NC_072393.2	10795125	10795635	1	1	+	NC_072393.2	10795180	10795573	ATG4D	XM_063657980.1	+	1	2	55	62	1	2	2	1	2	first	middle	0.500	1.000	unique	constitutive	129	173	1
NC_072393.2	10801818	10802394	1	1	+	NC_072393.2	10801996	10802220	ATG4D	XM_054463893.2	+	1	2	178	174	7	8	2	2	2	middle	middle	1.000	1.000	constitutive	constitutive	78	76	2
NC_072393.2	10809331	10809883	-1	1	-	NC_072393.2	10809488	10809883	KRI1	XM_054463891.2	-	1	2	0	157	11	12	2	2	2	middle	middle	1.000	1.000	constitutive	constitutive	95	170	2
NC_072393.2	10882953	10883433	1	1	+	NC_072393.2	10883088	10883415	SLC44A2	XM_054463900.2	+	1	2	135	18	5	6	4	4	4	middle	middle	1.000	1.000	constitutive	constitutive	84	110	4
NC_072393.2	10883468	10883780	3	1	+	NC_072393.2	10883505	10883779	SLC44A2	XM_054463900.2	+	3	2	37	1	7	8	4	4	4	middle	middle	1.000	1.000	constitutive	constitutive	60	123	4
NC_072393.2	10965575	10966154	3	1	+	NC_072393.2	10965839	10966153	QTRT1	XM_054463937.2	+	3	2	264	1	7	8	1	1	1	middle	middle	1.000	1.000	constitutive	constitutive	75	109	1
NC_072393.2	11173811	11174336	3	1	+	NC_072393.2	11174024	11174335	CARM1	XM_054463935.2	+	3	2	213	1	11	12	2	2	2	middle	middle	1.000	1.000	constitutive	constitutive	137	89	2
NC_072393.2	11177013	11177526	-2	1	-	NC_072393.2	11177083	11177507	YIPF2	XM_054463939.2	-	2	2	19	70	6	7	4	4	4	middle	middle	1.000	1.000	constitutive	constitutive	166	182	4
NC_072393.2	1128042	1128465	1	1	+	NC_072393.2	1128043	1128424	PWWP3A	XM_054465333.2	+	1	2	1	41	9	10	7	7	7	middle	middle	1.000	1.000	constitutive	constitutive	75	50	7
NC_072393.2	11313452	11314121	3	1	+	NC_072393.2	11313570	11314004	SMARCA4	XM_054463904.2	+	3	2	118	117	33	34	18	14	14	middle	middle	0.778	0.778	alternative	alternative	132	142	14
NC_072393.2	11461190	11461844	-3	1	-	NC_072393.2	11461281	11461698	DOCK6	XM_054463954.2	-	3	2	146	91	40	41	5	5	5	middle	middle	1.000	1.000	constitutive	constitutive	192	143	5
NC_072393.2	11474830	11475592	-1	1	-	NC_072393.2	11474942	11475313	DOCK6	XM_054463954.2	-	1	2	279	112	27	28	5	5	5	middle	middle	1.000	1.000	constitutive	constitutive	113	170	5
NC_072393.2	11652782	11653073	-3	1	-	NC_072393.2	11652784	11653022	RGL3	XM_054463996.2	-	3	2	51	2	11	12	9	9	9	middle	middle	1.000	1.000	constitutive	constitutive	32	121	9
NC_072393.2	11671961	11673128	-3	1	-	NC_072393.2	11672103	11673054	ODAD3	XM_054464004.2	-	3	2	74	142	10	11	2	2	2	middle	middle	1.000	1.000	constitutive	constitutive	156	155	2
NC_072393.2	11684982	11685510	1	1	+	NC_072393.2	11685055	11685442	PRKCSH	XM_054464006.2	+	1	2	73	68	1	2	10	10	10	first	middle	1.000	1.000	constitutive	constitutive	78	116	10
NC_072393.2	11697936	11698356	1	1	+	NC_072393.2	11698020	11698356	PRKCSH	XM_054464006.2	+	1	2	84	0	15	16	10	10	10	middle	last	1.000	1.000	constitutive	constitutive	99	146	10
NC_072393.2	1211376	1211847	1	1	+	NC_072393.2	1211482	1211846	APC2	XM_054465368.2	+	1	2	106	1	3	4	6	6	6	middle	middle	1.000	1.000	constitutive	constitutive	90	180	6
NC_072393.2	1247050	1247848	-1	1	-	NC_072393.2	1247138	1247598	PCSK4	XM_054465378.2	-	1	2	250	88	7	8	15	15	15	middle	middle	1.000	1.000	constitutive	constitutive	172	212	15
NC_072393.2	1269751	1270435	-1	1	-	NC_072393.2	1269753	1270030	ADAMTSL5	XM_063658291.1	-	1	2	405	2	5	6	7	3	3	middle	middle	0.429	0.429	alternative	alternative	60	108	3
NC_072393.2	12912317	12912716	3	1	+	NC_072393.2	12912446	12912715	WDR83	XM_054464120.2	+	3	2	129	1	6	7	2	2	2	middle	middle	1.000	1.000	constitutive	constitutive	67	108	2
NC_072393.2	12930069	12930288	-2	1	-	NC_072393.2	12930070	12930288	FBXW9	XM_054464125.2	-	2	2	0	1	9	10	4	2	2	middle	last	0.500	0.500	alternative	alternative	65	71	2
NC_072393.2	13006336	13006765	-1	1	-	NC_072393.2	13006400	13006667	HOOK2	XM_054464143.2	-	1	2	98	64	18	19	10	10	7	middle	middle	1.000	0.700	constitutive	alternative	82	103	7
NC_072393.2	13006336	13006765	-1	1	-	NC_072393.2	13006400	13006667	HOOK2	XM_054464144.2	-	1	2	98	64	18	19	10	10	3	middle	middle	1.000	0.300	constitutive	alternative	82	100	3
NC_072393.2	13129992	13130646	1	1	+	NC_072393.2	13130048	13130395	GCDH	XM_054464176.2	+	1	2	56	251	4	5	2	2	2	middle	middle	1.000	1.000	constitutive	constitutive	143	62	2
NC_072393.2	13168766	13169123	-3	1	-	NC_072393.2	13168768	13169072	FARSA	XM_054464175.2	-	3	2	51	2	3	4	1	1	1	middle	middle	1.000	1.000	constitutive	constitutive	98	118	1
NC_072393.2	13351474	13352239	-1	1	-	NC_072393.2	13351490	13351778	TRMT1	XM_054464154.2	-	1	2	461	16	9	10	5	5	5	middle	middle	1.000	1.000	constitutive	constitutive	69	134	5
NC_072393.2	1381543	1382437	-1	1	-	NC_072393.2	1381858	1382221	TCF3	XM_054465405.2	-	1	2	216	315	12	13	29	21	29	middle	middle	0.724	1.000	alternative	constitutive	158	123	21
NC_072393.2	1381543	1382437	-1	1	-	NC_072393.2	1381858	1382218	TCF3	XM_054465412.2	-	1	2	219	315	14	15	29	8	29	middle	middle	0.276	1.000	alternative	constitutive	155	123	8
NC_072393.2	1383986	1384967	-3	1	-	NC_072393.2	1384412	1384798	TCF3	XM_054465405.2	-	3	2	169	426	7	8	29	29	29	middle	middle	1.000	1.000	constitutive	constitutive	169	132	29
NC_072393.2	14156425	14156815	2	1	+	NC_072393.2	14156532	14156803	CC2D1A	XM_054461687.2	+	2	2	107	12	3	4	13	13	13	middle	middle	1.000	1.000	constitutive	constitutive	115	65	13
NC_072393.2	14172919	14174071	2	1	+	NC_072393.2	14172920	14174050	CC2D1A	XM_054461687.2	+	2	2	1	21	26	27	13	13	13	middle	middle	1.000	1.000	constitutive	constitutive	126	76	13
NC_072393.2	14203705	14204500	2	1	+	NC_072393.2	14203941	14204254	DCAF15	XM_054461722.1	+	2	2	236	246	8	9	3	3	3	middle	middle	1.000	1.000	constitutive	constitutive	91	128	3
NC_072393.2	14210813	14211227	-3	1	-	NC_072393.2	14210815	14211145	RFX1	XM_054461682.2	-	3	2	82	2	13	14	6	6	6	middle	middle	1.000	1.000	constitutive	constitutive	118	109	6
NC_072393.2	14283804	14284377	1	1	+	NC_072393.2	14283909	14284311	IL27RA	XM_054461727.2	+	1	2	105	66	3	4	3	2	2	middle	middle	0.667	0.667	alternative	alternative	157	172	1
NC_072393.2	14283804	14284377	1	1	+	NC_072393.2	14283909	14284311	IL27RA	XM_054461728.2	+	1	2	105	66	3	4	3	2	1	middle	middle	0.667	0.333	alternative	unique	157	157	1
NC_072393.2	14283804	14284377	1	1	+	NC_072393.2	14283985	14284311	IL27RA	XM_054461729.2	+	1	2	181	66	1	2	3	1	2	first	middle	0.333	0.667	unique	alternative	81	172	1
NC_072393.2	14293468	14294104	2	1	+	NC_072393.2	14293527	14293859	IL27RA	XM_054461727.2	+	2	2	59	245	9	10	3	3	3	middle	middle	1.000	1.000	constitutive	constitutive	101	158	3
NC_072393.2	14405110	14405608	-1	1	-	NC_072393.2	14405236	14405608	ADGRL1	XM_054461734.2	-	1	2	0	126	9	10	8	8	8	middle	middle	1.000	1.000	constitutive	constitutive	38	183	8
NC_072393.2	14647125	14647743	1	1	+	NC_072393.2	14647126	14647495	ADGRE5	XM_054461747.2	+	1	2	1	248	10	11	10	10	10	middle	middle	1.000	1.000	constitutive	constitutive	177	107	10
NC_072393.2	14655249	14655624	-2	1	-	NC_072393.2	14655251	14655588	DDX39A	XM_054461750.2	-	2	2	36	2	6	7	2	2	2	middle	middle	1.000	1.000	constitutive	constitutive	131	109	2
NC_072393.2	14811330	14811651	1	1	+	NC_072393.2	14811353	14811650	TECR	XM_054461759.1	+	1	2	23	1	5	6	3	3	3	middle	middle	1.000	1.000	constitutive	constitutive	103	115	3
NC_072393.2	14812832	14813309	3	1	+	NC_072393.2	14812836	14813060	TECR	XM_054461759.1	+	3	2	4	249	10	11	3	3	3	middle	middle	1.000	1.000	constitutive	constitutive	57	88	3
NC_072393.2	15314043	15315039	1	1	+	NC_072393.2	15314215	15315039	LOC129020224	XM_054464278.2	+	1	2	172	0	1	2	1	1	1	first	last	1.000	1.000	constitutive	constitutive	354	184	1
NC_072393.2	15586987	15587662	-1	1	-	NC_072393.2	15587164	15587635	NOTCH3	XM_054465278.2	-	1	2	27	177	21	22	1	1	1	middle	middle	1.000	1.000	constitutive	constitutive	132	257	1
NC_072393.2	15592954	15593581	-1	1	-	NC_072393.2	15593062	15593564	NOTCH3	XM_054465278.2	-	1	2	17	108	14	15	1	1	1	middle	middle	1.000	1.000	constitutive	constitutive	151	113	1
NC_072393.2	15599546	15600056	-3	1	-	NC_072393.2	15599588	15600031	NOTCH3	XM_054465278.2	-	3	2	25	42	5	6	1	1	1	middle	middle	1.000	1.000	constitutive	constitutive	122	233	1
NC_072393.2	1560223	1560787	-1	1	-	NC_072393.2	1560448	1560741	ATP8B3	XM_054465424.2	-	1	2	46	225	14	15	4	4	3	middle	middle	1.000	0.750	constitutive	alternative	31	168	3
NC_072393.2	1560223	1560787	-1	1	-	NC_072393.2	1560460	1560741	ATP8B3	XM_054465426.2	-	1	2	46	237	14	15	4	4	1	middle	middle	1.000	0.250	constitutive	unique	31	156	1
NC_072393.2	15865261	15866098	-1	1	-	NC_072393.2	15865568	15865895	RASAL3	XM_054465820.2	-	1	2	203	307	6	7	4	4	4	middle	middle	1.000	1.000	constitutive	constitutive	126	98	4
NC_072393.2	15993084	15993672	1	1	+	NC_072393.2	15993258	15993552	LOC129020909	XM_054465835.2	+	1	2	174	120	9	10	1	1	1	middle	middle	1.000	1.000	constitutive	constitutive	133	64	1
NC_072393.2	16035353	16035896	3	1	+	NC_072393.2	16035583	16035895	LOC129020907	XM_054465833.2	+	3	2	230	1	10	11	1	1	1	middle	middle	1.000	1.000	constitutive	constitutive	64	82	1
NC_072393.2	16428962	16429547	3	1	+	NC_072393.2	16429047	16429440	LOC129020919	XM_054465845.2	+	3	2	85	107	1	2	1	1	1	first	middle	1.000	1.000	constitutive	constitutive	60	152	1
NC_072393.2	1681118	1681802	3	1	+	NC_072393.2	1681210	1681801	SCAMP4	XM_054465435.2	+	3	2	92	1	2	3	1	1	1	middle	middle	1.000	1.000	constitutive	constitutive	128	156	1
NC_072393.2	17245933	17246698	2	1	+	NC_072393.2	17246162	17246643	SIN3B	XM_054465905.2	+	2	2	229	55	1	2	5	4	4	first	middle	0.800	0.800	alternative	alternative	110	106	4
NC_072393.2	17313580	17314342	-1	1	-	NC_072393.2	17313898	17314201	CPAMD8	XM_054465910.2	-	1	2	141	318	38	39	7	4	4	middle	middle	0.571	0.571	alternative	alternative	105	110	4
NC_072393.2	17431993	17432494	-1	1	-	NC_072393.2	17432123	17432416	CPAMD8	XM_054465910.2	-	1	2	78	130	4	5	7	7	7	middle	middle	1.000	1.000	constitutive	constitutive	165	52	7
NC_072393.2	17758395	17758992	1	1	+	NC_072393.2	17758505	17758881	GTPBP3	XM_054465949.2	+	1	2	110	111	3	4	4	4	4	middle	middle	1.000	1.000	constitutive	constitutive	86	202	4
NC_072393.2	17917034	17917493	3	1	+	NC_072393.2	17917138	17917492	SLC27A1	XM_054465962.2	+	3	2	104	1	3	4	10	10	10	middle	middle	1.000	1.000	constitutive	constitutive	161	69	10
NC_072393.2	17968416	17969286	1	1	+	NC_072393.2	17968595	17969224	NIBAN3	XM_054465970.2	+	1	2	179	62	6	8	3	3	3	middle	middle	1.000	1.000	constitutive	constitutive	115	162	3
NC_072393.2	17972552	17973032	3	1	+	NC_072393.2	17972712	17973026	NIBAN3	XM_054465970.2	+	3	2	160	6	11	12	3	3	3	middle	middle	1.000	1.000	constitutive	constitutive	116	107	3
NC_072393.2	1806378	1807047	-2	1	-	NC_072393.2	1806616	1806851	MKNK2	XM_054465446.2	-	2	2	196	238	8	9	9	9	9	middle	middle	1.000	1.000	constitutive	constitutive	55	95	9
NC_072393.2	18265870	18266476	-1	1	-	NC_072393.2	18265887	18266457	JAK3	XM_054465991.2	-	1	2	19	17	19	20	1	1	1	middle	middle	1.000	1.000	constitutive	constitutive	124	172	1
NC_072393.2	18276332	18276839	-3	1	-	NC_072393.2	18276334	18276707	JAK3	XM_054465991.2	-	3	2	132	2	6	7	1	1	1	middle	middle	1.000	1.000	constitutive	constitutive	122	157	1
NC_072393.2	18320360	18320837	3	1	+	NC_072393.2	18320445	18320836	SLC5A5	XM_054465277.2	+	3	2	85	1	11	12	1	1	1	middle	middle	1.000	1.000	constitutive	constitutive	86	196	1
NC_072393.2	18568308	18568749	1	1	+	NC_072393.2	18568320	18568723	MAST3	XM_054463177.2	+	1	2	12	26	16	17	25	25	25	middle	middle	1.000	1.000	constitutive	constitutive	132	165	25
NC_072393.2	18611326	18611587	2	1	+	NC_072393.2	18611390	18611587	IFI30	XM_054464405.2	+	2	2	64	0	6	7	2	2	2	middle	last	1.000	1.000	constitutive	constitutive	53	59	2
NC_072393.2	18870639	18871407	-2	1	-	NC_072393.2	18870787	18871278	ISYNA1	XM_054464753.2	-	2	2	129	148	6	7	1	1	1	middle	middle	1.000	1.000	constitutive	constitutive	215	164	1
NC_072393.2	19015642	19015972	2	1	+	NC_072393.2	19015695	19015972	UBA52	XM_054466341.2	+	2	2	53	0	3	4	4	4	4	middle	last	1.000	1.000	constitutive	constitutive	102	90	4
NC_072393.2	19054580	19055102	3	1	+	NC_072393.2	19054605	19054928	TMEM59L	XM_054465735.2	+	3	2	25	174	2	3	3	3	3	middle	middle	1.000	1.000	constitutive	constitutive	144	91	3
NC_072393.2	19228104	19228974	-2	1	-	NC_072393.2	19228273	19228974	COMP	XM_054465002.2	-	2	3	0	169	6	9	1	1	1	middle	middle	1.000	1.000	constitutive	constitutive	74	107	1
NC_072393.2	19319998	19320505	-1	1	-	NC_072393.2	19320000	19320458	CERS1	XM_054465005.2	-	1	2	47	2	5	6	3	3	3	middle	middle	1.000	1.000	constitutive	constitutive	147	109	3
NC_072393.2	1976917	1977520	2	1	+	NC_072393.2	1976942	1977382	DOT1L	XM_054465451.2	+	2	2	25	138	17	18	2	2	2	middle	middle	1.000	1.000	constitutive	constitutive	101	137	2
NC_072393.2	19939508	19940135	3	1	+	NC_072393.2	19939563	19940027	GATAD2A	XM_054465066.2	+	3	2	55	108	6	7	14	14	14	middle	middle	1.000	1.000	constitutive	constitutive	131	167	14
NC_072393.2	19978951	19979554	2	1	+	NC_072393.2	19979084	19979426	YJEFN3	XM_054465080.2	+	2	2	133	128	4	5	9	9	9	middle	middle	1.000	1.000	constitutive	constitutive	113	150	9
NC_072393.2	20082624	20083155	-2	1	-	NC_072393.2	20082645	20082967	GMIP	XM_054465098.2	-	2	2	188	21	12	13	4	4	2	middle	middle	1.000	0.500	constitutive	alternative	112	89	2
NC_072393.2	20082624	20083155	-2	1	-	NC_072393.2	20082645	20082967	GMIP	XM_054465099.2	-	2	2	188	21	12	13	4	4	2	middle	middle	1.000	0.500	constitutive	alternative	112	80	2
NC_072393.2	20085669	20086596	-2	1	-	NC_072393.2	20086012	20086286	GMIP	XM_054465098.2	-	2	2	310	343	6	7	4	4	4	middle	middle	1.000	1.000	constitutive	constitutive	64	107	4
NC_072393.2	20091339	20091864	-2	1	-	NC_072393.2	20091340	20091705	ATP13A1	XM_054465104.2	-	2	2	159	1	25	26	2	1	1	middle	last	0.500	0.500	unique	unique	143	107	1
NC_072393.2	20092978	20093503	-1	1	-	NC_072393.2	20093039	20093437	ATP13A1	XM_054465104.2	-	1	2	66	61	21	22	2	2	2	middle	middle	1.000	1.000	constitutive	constitutive	114	196	2
NC_072393.2	20099656	20100685	-1	1	-	NC_072393.2	20099930	20100662	ATP13A1	XM_054465104.2	-	1	2	23	274	13	14	2	2	2	middle	middle	1.000	1.000	constitutive	constitutive	157	175	2
NC_072393.2	2014977	2016192	1	1	+	NC_072393.2	2015087	2016192	AMH	XM_054465457.2	+	1	2	110	0	4	5	1	1	1	middle	last	1.000	1.000	constitutive	constitutive	159	855	1
NC_072393.2	2108728	2109652	2	1	+	NC_072393.2	2108933	2109592	SPPL2B	XM_054465472.2	+	2	2	205	60	10	11	7	7	7	middle	middle	1.000	1.000	constitutive	constitutive	74	62	7
NC_072393.2	2198611	2199373	-1	1	-	NC_072393.2	2198981	2199358	LMNB2	XM_054465482.2	-	1	2	15	370	5	6	3	3	3	middle	middle	1.000	1.000	constitutive	constitutive	170	125	3
NC_072393.2	3150890	3151466	3	1	+	NC_072393.2	3151068	3151440	CELF5	XM_054461779.2	+	3	2	178	26	7	8	15	15	15	middle	middle	1.000	1.000	constitutive	constitutive	141	146	15
NC_072393.2	3409046	3409709	3	1	+	NC_072393.2	3409296	3409709	FZR1	XM_054462047.2	+	3	2	250	0	12	13	2	1	2	middle	last	0.500	1.000	unique	constitutive	101	38	1
NC_072393.2	3409046	3409709	3	1	+	NC_072393.2	3409296	3409709	FZR1	XM_054462048.2	+	3	2	250	0	12	13	2	1	2	middle	last	0.500	1.000	unique	constitutive	92	38	1
NC_072393.2	3422146	3422572	-1	1	-	NC_072393.2	3422264	3422539	MFSD12	XM_054462049.2	-	1	2	33	118	5	6	2	2	2	middle	middle	1.000	1.000	constitutive	constitutive	92	92	2
NC_072393.2	3460583	3461528	3	1	+	NC_072393.2	3460932	3461433	GIPC3	XM_054465777.2	+	3	2	349	95	2	3	2	2	2	middle	middle	1.000	1.000	constitutive	constitutive	185	180	2
NC_072393.2	34992006	34992528	1	1	+	NC_072393.2	34992061	34992465	CCNE1	XM_054466040.2	+	1	2	55	63	4	5	4	4	4	middle	middle	1.000	1.000	constitutive	constitutive	145	135	4
NC_072393.2	3637185	3637770	-2	1	-	NC_072393.2	3637216	3637557	APBA3	XM_054464642.2	-	2	2	213	31	4	5	3	3	3	middle	middle	1.000	1.000	constitutive	constitutive	86	161	3
NC_072393.2	37818301	37818550	-1	1	-	NC_072393.2	37818353	37818550	ANKRD27	XM_054464668.2	-	1	2	0	52	6	7	2	1	2	middle	middle	0.500	1.000	unique	constitutive	53	65	1
NC_072393.2	37818301	37818550	-1	1	-	NC_072393.2	37818353	37818547	ANKRD27	XM_054464670.2	-	1	2	3	52	1	2	2	1	2	first	middle	0.500	1.000	unique	constitutive	50	65	1
NC_072393.2	37998575	37998953	3	1	+	NC_072393.2	37998608	37998912	TDRD12	XM_063657493.1	+	3	2	33	41	31	32	2	1	1	middle	middle	0.500	0.500	unique	unique	153	66	1
NC_072393.2	38024900	38025449	-3	1	-	NC_072393.2	38024902	38025370	SLC7A9	XM_054464677.2	-	3	2	79	2	4	5	1	1	1	middle	middle	1.000	1.000	constitutive	constitutive	125	99	1
NC_072393.2	3922106	3922682	3	1	+	NC_072393.2	3922157	3922493	PIAS4	XM_054463156.2	+	3	2	51	189	5	6	1	1	1	middle	middle	1.000	1.000	constitutive	constitutive	90	128	1
NC_072393.2	3934360	3935038	2	1	+	NC_072393.2	3934540	3935038	PIAS4	XM_054463156.2	+	2	2	180	0	10	11	1	1	1	middle	last	1.000	1.000	constitutive	constitutive	130	256	1
NC_072393.2	40304366	40304855	3	1	+	NC_072393.2	40304512	40304854	GRAMD1A	XM_054463253.2	+	3	2	146	1	12	13	2	2	2	middle	middle	1.000	1.000	constitutive	constitutive	118	142	2
NC_072393.2	40406221	40406482	2	1	+	NC_072393.2	40406290	40406482	FXYD3	XM_054464730.1	+	2	2	69	0	6	7	1	1	1	middle	last	1.000	1.000	constitutive	constitutive	37	13	1
NC_072393.2	40434031	40434442	2	1	+	NC_072393.2	40434165	40434393	FXYD7	XM_054464737.2	+	2	2	134	49	3	4	2	2	1	middle	middle	1.000	0.500	constitutive	unique	74	42	1
NC_072393.2	40434031	40434442	2	1	+	NC_072393.2	40434165	40434384	FXYD7	XM_063657544.1	+	2	2	134	58	3	4	2	2	1	middle	middle	1.000	0.500	constitutive	unique	74	33	1
NC_072393.2	40550887	40551805	2	1	+	NC_072393.2	40551084	40551686	LSR	XM_054462136.2	+	2	2	197	119	6	8	6	6	3	middle	middle	1.000	0.500	constitutive	alternative	173	131	3
NC_072393.2	40550887	40551805	2	1	+	NC_072393.2	40551084	40551686	LSR	XM_054462137.2	+	2	2	197	119	6	8	6	6	3	middle	middle	1.000	0.500	constitutive	alternative	173	128	3
NC_072393.2	40563237	40563885	1	1	+	NC_072393.2	40563407	40563885	USF2	XM_054462142.2	+	1	2	170	0	8	9	3	3	1	middle	last	1.000	0.333	constitutive	unique	94	230	1
NC_072393.2	40563237	40563885	1	1	+	NC_072393.2	40563407	40563783	USF2	XM_054462143.2	+	1	2	170	102	8	9	3	3	2	middle	middle	1.000	0.667	constitutive	alternative	94	128	2
NC_072393.2	40849520	40850525	-3	1	-	NC_072393.2	40850175	40850420	ATP4A	XM_054465524.2	-	3	2	105	655	1	2	1	1	1	first	middle	1.000	1.000	constitutive	constitutive	11	143	1
NC_072393.2	41028406	41028820	2	1	+	NC_072393.2	41028441	41028790	KMT2B	XM_054462185.2	+	2	2	35	30	16	17	3	3	3	middle	middle	1.000	1.000	constitutive	constitutive	184	89	3
NC_072393.2	41080576	41081050	2	1	+	NC_072393.2	41080622	41080909	ARHGAP33	XM_054462220.2	+	2	2	46	141	8	9	29	29	29	middle	middle	1.000	1.000	constitutive	constitutive	122	77	29
NC_072393.2	41080743	41081433	1	1	+	NC_072393.2	41080993	41081203	ARHGAP33	XM_054462220.2	+	1	2	250	230	10	11	29	29	14	middle	middle	1.000	0.483	constitutive	alternative	66	62	14
NC_072393.2	41080743	41081433	1	1	+	NC_072393.2	41080993	41081203	ARHGAP33	XM_054462221.2	+	1	2	250	230	10	11	29	29	15	middle	middle	1.000	0.517	constitutive	alternative	66	59	15
NC_072393.2	41082752	41083265	3	1	+	NC_072393.2	41082767	41083264	ARHGAP33	XM_054462220.2	+	3	2	15	1	14	16	29	29	29	middle	middle	1.000	1.000	constitutive	constitutive	144	107	29
NC_072393.2	41085215	41085731	3	1	+	NC_072393.2	41085350	41085730	ARHGAP33	XM_054462248.2	+	3	2	135	1	19	20	29	5	3	middle	middle	0.172	0.103	alternative	alternative	153	175	3
NC_072393.2	41085215	41085731	3	1	+	NC_072393.2	41085350	41085730	ARHGAP33	XM_054462250.2	+	3	2	135	1	19	20	29	5	2	middle	middle	0.172	0.069	alternative	alternative	153	145	2
NC_072393.2	41136642	41137095	-2	1	-	NC_072393.2	41136708	41137027	NPHS1	XM_054462264.2	-	2	2	68	66	26	27	1	1	1	middle	middle	1.000	1.000	constitutive	constitutive	75	93	1
NC_072393.2	41150123	41150582	-3	1	-	NC_072393.2	41150141	41150497	NPHS1	XM_054462264.2	-	3	2	85	18	15	16	1	1	1	middle	middle	1.000	1.000	constitutive	constitutive	140	140	1
NC_072393.2	41209116	41209764	1	1	+	NC_072393.2	41209175	41209729	HCST	XM_054462277.2	+	1	2	59	35	3	4	6	6	6	middle	middle	1.000	1.000	constitutive	constitutive	65	131	6
NC_072393.2	41310913	41311753	-1	1	-	NC_072393.2	41311121	41311732	SYNE4	XM_054462287.2	-	1	2	21	208	5	6	4	4	3	middle	middle	1.000	0.750	constitutive	alternative	194	338	3
NC_072393.2	41310913	41311753	-1	1	-	NC_072393.2	41311211	41311732	SYNE4	XM_054462288.2	-	1	2	21	298	5	6	4	4	1	middle	middle	1.000	0.250	constitutive	unique	194	248	1
NC_072393.2	41330257	41331061	-1	1	-	NC_072393.2	41330396	41330979	CLIP3	XM_054462309.2	-	1	2	82	139	4	5	1	1	1	middle	middle	1.000	1.000	constitutive	constitutive	161	118	1
NC_072393.2	41394206	41394791	3	1	+	NC_072393.2	41394459	41394724	WDR62	XM_054462297.2	+	3	2	253	67	17	18	12	12	12	middle	middle	1.000	1.000	constitutive	constitutive	111	63	12
NC_072393.2	41406144	41407302	1	1	+	NC_072393.2	41406237	41407270	WDR62	XM_054462297.2	+	1	3	93	32	28	30	12	12	12	middle	middle	1.000	1.000	constitutive	constitutive	126	638	12
NC_072393.2	41428777	41429167	2	1	+	NC_072393.2	41428839	41429167	TBCB	XM_054462312.2	+	2	2	62	0	5	6	1	1	1	middle	last	1.000	1.000	constitutive	constitutive	72	111	1
NC_072393.2	4225732	4226584	-1	1	-	NC_072393.2	4226029	4226379	STAP2	XM_054462948.2	-	1	2	205	297	10	11	3	3	3	middle	middle	1.000	1.000	constitutive	constitutive	170	92	3
NC_072393.2	4255543	4256014	2	1	+	NC_072393.2	4255682	4255906	MPND	XM_054462945.2	+	2	2	139	108	7	8	3	2	2	middle	middle	0.667	0.667	alternative	alternative	72	76	2
NC_072393.2	4388257	4388563	2	1	+	NC_072393.2	4388282	4388551	HDGFL2	XM_054466112.2	+	2	2	25	12	5	6	4	4	4	middle	middle	1.000	1.000	constitutive	constitutive	116	71	4
NC_072393.2	4393130	4393829	3	1	+	NC_072393.2	4393276	4393769	HDGFL2	XM_054466112.2	+	3	2	146	60	8	9	4	4	4	middle	middle	1.000	1.000	constitutive	constitutive	75	309	4
NC_072393.2	44025534	44026134	1	1	+	NC_072393.2	44025669	44026003	RYR1	XM_054462589.2	+	1	2	135	131	40	41	2	2	2	middle	middle	1.000	1.000	constitutive	constitutive	114	132	2
NC_072393.2	44032248	44032692	1	1	+	NC_072393.2	44032249	44032674	RYR1	XM_054462589.2	+	1	2	1	18	48	49	2	2	2	middle	middle	1.000	1.000	constitutive	constitutive	220	90	2
NC_072393.2	44137837	44138206	-1	1	-	NC_072393.2	44137839	44138145	MAP4K1	XM_054462591.2	-	1	3	61	2	14	16	3	3	3	middle	middle	1.000	1.000	constitutive	constitutive	58	47	3
NC_072393.2	44260345	44260873	-1	1	-	NC_072393.2	44260427	44260686	CAPN12	XM_054462603.2	-	1	2	187	82	19	20	1	1	1	middle	middle	1.000	1.000	constitutive	constitutive	116	58	1
NC_072393.2	44263516	44263933	-1	1	-	NC_072393.2	44263628	44263881	CAPN12	XM_054462603.2	-	1	2	52	112	16	17	1	1	1	middle	middle	1.000	1.000	constitutive	constitutive	76	62	1
NC_072393.2	44324343	44324808	-2	1	-	NC_072393.2	44324344	44324734	LGALS4	XM_054462606.2	-	2	2	74	1	10	11	3	3	3	middle	last	1.000	1.000	constitutive	constitutive	165	143	3
NC_072393.2	44338760	44339300	-3	1	-	NC_072393.2	44338872	44339171	LOC134738847	XM_063658279.1	-	3	2	129	112	5	6	1	1	1	middle	middle	1.000	1.000	constitutive	constitutive	48	64	1
NC_072393.2	44352350	44352890	-3	1	-	NC_072393.2	44352462	44352761	LOC129019632	XM_054462607.2	-	3	2	129	112	5	6	1	1	1	middle	middle	1.000	1.000	constitutive	constitutive	48	64	1
NC_072393.2	44410818	44411427	-2	1	-	NC_072393.2	44410820	44411156	SIRT2	XM_054462622.2	-	2	2	271	2	11	12	4	4	4	middle	middle	1.000	1.000	constitutive	constitutive	55	76	4
NC_072393.2	44454269	44455031	-3	1	-	NC_072393.2	44454408	44454882	SARS2	XM_054462615.1	-	3	2	149	139	13	15	4	4	4	middle	middle	1.000	1.000	constitutive	constitutive	93	65	4
NC_072393.2	44640723	44641038	1	1	+	NC_072393.2	44640724	44640982	ACP7	XM_054462637.2	+	1	2	1	56	7	8	2	2	2	middle	middle	1.000	1.000	constitutive	constitutive	107	57	2
NC_072393.2	44781356	44781881	-3	1	-	NC_072393.2	44781396	44781881	LOC129019656	XM_054462689.2	-	3	2	0	40	3	4	2	2	2	middle	middle	1.000	1.000	constitutive	constitutive	77	149	2
NC_072393.2	44784960	44785410	-2	1	-	NC_072393.2	44785105	44785392	LOC129019658	XM_054462691.2	-	2	2	18	145	2	3	1	1	1	middle	middle	1.000	1.000	constitutive	constitutive	71	143	1
NC_072393.2	44924395	44925043	-1	1	-	NC_072393.2	44924396	44924980	PAF1	XM_054462677.2	-	1	2	63	1	13	14	4	4	4	middle	last	1.000	1.000	constitutive	constitutive	90	415	4
NC_072393.2	44997013	44997388	2	1	+	NC_072393.2	44997132	44997387	SUPT5H	XM_054462698.2	+	2	2	119	1	5	6	3	3	3	middle	middle	1.000	1.000	constitutive	constitutive	69	68	3
NC_072393.2	45024312	45024810	1	1	+	NC_072393.2	45024358	45024666	TIMM50	XM_054462704.2	+	1	2	46	144	7	8	1	1	1	middle	middle	1.000	1.000	constitutive	constitutive	104	98	1
NC_072393.2	45522327	45522897	-2	1	-	NC_072393.2	45522508	45522879	DYRK1B	XM_054462719.2	-	2	2	18	181	7	8	4	4	4	middle	middle	1.000	1.000	constitutive	constitutive	146	140	4
NC_072393.2	45588799	45590461	-1	1	-	NC_072393.2	45588851	45590434	FCGBP	XM_063657391.1	-	1	2	27	52	22	23	1	1	1	middle	middle	1.000	1.000	constitutive	constitutive	573	616	1
NC_072393.2	45606199	45607861	-1	1	-	NC_072393.2	45606251	45607834	FCGBP	XM_063657391.1	-	1	2	27	52	14	15	1	1	1	middle	middle	1.000	1.000	constitutive	constitutive	573	616	1
NC_072393.2	46095814	46096240	2	1	+	NC_072393.2	46095821	46096021	PLD3	XM_054462760.2	+	2	2	7	219	1	2	31	31	31	first	middle	1.000	1.000	constitutive	constitutive	26	74	31
NC_072393.2	46297468	46297960	2	1	+	NC_072393.2	46297513	46297835	SPTBN4	XM_054462869.2	+	2	2	45	125	27	28	4	4	4	middle	middle	1.000	1.000	constitutive	constitutive	138	84	4
NC_072393.2	46309311	46309698	1	1	+	NC_072393.2	46309419	46309652	SHKBP1	XM_054462874.2	+	1	2	108	46	3	4	5	3	3	middle	middle	0.600	0.600	alternative	alternative	45	73	3
NC_072393.2	46338548	46338947	3	1	+	NC_072393.2	46338634	46338927	LTBP4	XM_054464499.2	+	3	2	86	20	8	9	30	30	30	middle	middle	1.000	1.000	constitutive	constitutive	74	122	30
NC_072393.2	46340568	46341108	1	1	+	NC_072393.2	46340651	46341034	LTBP4	XM_054464499.2	+	1	2	83	74	11	12	30	30	30	middle	middle	1.000	1.000	constitutive	constitutive	149	119	30
NC_072393.2	46695528	46696182	1	1	+	NC_072393.2	46695593	46696111	LOC129020761	XM_054465542.2	+	1	2	65	71	7	8	2	2	2	middle	middle	1.000	1.000	constitutive	constitutive	187	141	2
NC_072393.2	46903613	46904234	3	1	+	NC_072393.2	46903707	46904234	LOC129021007	XM_054466068.2	+	3	2	94	0	8	9	1	1	1	middle	last	1.000	1.000	constitutive	constitutive	141	205	1
NC_072393.2	46928677	46929142	2	1	+	NC_072393.2	46928709	46929040	AXL	XM_054466069.2	+	2	2	32	102	5	6	2	2	2	middle	middle	1.000	1.000	constitutive	constitutive	80	115	2
NC_072393.2	46935572	46936451	3	1	+	NC_072393.2	46935627	46936292	AXL	XM_054466069.2	+	3	2	55	159	7	8	2	2	2	middle	middle	1.000	1.000	constitutive	constitutive	210	139	2
NC_072393.2	47738261	47738867	3	1	+	NC_072393.2	47738332	47738801	ARHGEF1	XM_054463314.2	+	3	2	71	66	15	16	9	9	9	middle	middle	1.000	1.000	constitutive	constitutive	146	82	9
NC_072393.2	47740315	47740987	2	1	+	NC_072393.2	47740472	47740820	ARHGEF1	XM_054463314.2	+	2	2	157	167	21	22	9	9	9	middle	middle	1.000	1.000	constitutive	constitutive	75	167	9
NC_072393.2	47813525	47813978	-3	1	-	NC_072393.2	47813527	47813917	ATP1A3	XM_054463321.2	-	3	2	61	2	13	14	2	2	2	middle	middle	1.000	1.000	constitutive	constitutive	175	136	2
NC_072393.2	47960486	47961044	-3	1	-	NC_072393.2	47960706	47960938	POU2F2	XM_054463338.2	-	3	2	106	220	2	3	7	7	7	middle	middle	1.000	1.000	constitutive	constitutive	65	34	7
NC_072393.2	48075527	48076076	-3	1	-	NC_072393.2	48075720	48076055	GSK3A	XM_054463357.2	-	3	2	21	193	3	4	1	1	1	middle	middle	1.000	1.000	constitutive	constitutive	83	110	1
NC_072393.2	48131513	48132317	3	1	+	NC_072393.2	48131548	48132263	CIC	XM_054463291.2	+	3	2	35	54	14	15	20	13	13	middle	middle	0.650	0.650	alternative	alternative	293	325	9
NC_072393.2	48131513	48132317	3	1	+	NC_072393.2	48131548	48132263	CIC	XM_054463296.2	+	3	2	35	54	14	15	20	13	7	middle	middle	0.650	0.350	alternative	alternative	293	322	4
NC_072393.2	48131513	48132317	3	1	+	NC_072393.2	48131551	48132263	CIC	XM_063658418.1	+	3	2	38	54	14	15	20	7	13	middle	middle	0.350	0.650	alternative	alternative	290	325	4
NC_072393.2	48131513	48132317	3	1	+	NC_072393.2	48131551	48132263	CIC	XM_063658419.1	+	3	2	38	54	14	15	20	7	7	middle	middle	0.350	0.350	alternative	alternative	290	322	3
NC_072393.2	48153420	48154092	1	1	+	NC_072393.2	48153727	48154012	TMEM145	XM_054463344.2	+	1	2	307	80	5	6	5	3	5	middle	middle	0.600	1.000	alternative	constitutive	101	84	3
NC_072393.2	48153420	48154092	1	1	+	NC_072393.2	48153727	48154012	TMEM145	XM_054463346.2	+	1	2	307	80	5	6	5	2	5	middle	middle	0.400	1.000	alternative	constitutive	59	84	2
NC_072393.2	48173958	48174579	1	1	+	NC_072393.2	48174166	48174516	MEGF8	XM_054463289.2	+	1	2	208	63	4	5	8	7	7	middle	middle	0.875	0.875	alternative	alternative	180	88	7
NC_072393.2	48183525	48184317	1	1	+	NC_072393.2	48183568	48183960	MEGF8	XM_054463289.2	+	1	2	43	357	11	12	8	8	8	middle	middle	1.000	1.000	constitutive	constitutive	144	163	8
NC_072393.2	48246135	48247200	-2	1	-	NC_072393.2	48246447	48247065	LIPE	XM_054463310.2	-	2	2	135	312	5	6	4	4	4	middle	middle	1.000	1.000	constitutive	constitutive	185	294	4
NC_072393.2	4857758	4858439	3	1	+	NC_072393.2	4857776	4858094	UHRF1	XM_054465539.2	+	3	2	18	345	8	9	3	3	3	middle	middle	1.000	1.000	constitutive	constitutive	123	107	3
NC_072393.2	49448831	49449650	-3	1	-	NC_072393.2	49449081	49449621	PHLDB3	XM_054463442.2	-	3	2	29	250	11	12	3	3	3	middle	middle	1.000	1.000	constitutive	constitutive	87	56	3
NC_072393.2	49449703	49450135	-1	1	-	NC_072393.2	49449705	49450048	PHLDB3	XM_054463442.2	-	1	2	87	2	9	10	3	3	3	middle	middle	1.000	1.000	constitutive	constitutive	99	90	3
NC_072393.2	49718378	49719050	-3	1	-	NC_072393.2	49718520	49718975	SMG9	XM_054463481.2	-	3	2	75	142	3	4	4	4	4	middle	middle	1.000	1.000	constitutive	constitutive	264	97	4
NC_072393.2	50729561	50730179	3	1	+	NC_072393.2	50729769	50730167	BCL3	XM_054463621.1	+	3	2	208	12	4	5	1	1	1	middle	middle	1.000	1.000	constitutive	constitutive	204	88	1
NC_072393.2	50793886	50794519	2	1	+	NC_072393.2	50794306	50794519	BCAM	XM_054463626.2	+	2	2	420	0	14	15	1	1	1	middle	last	1.000	1.000	constitutive	constitutive	117	2	1
NC_072393.2	50859641	50860181	3	1	+	NC_072393.2	50859815	50860097	NECTIN2	XM_054463627.2	+	3	2	174	84	7	8	2	1	1	middle	middle	0.500	0.500	unique	unique	63	86	1
NC_072393.2	51116480	51117053	3	1	+	NC_072393.2	51116565	51116961	PPP1R37	XM_054463647.2	+	3	2	85	92	6	7	2	2	2	middle	middle	1.000	1.000	constitutive	constitutive	150	155	2
NC_072393.2	51119110	51119653	2	1	+	NC_072393.2	51119177	51119584	PPP1R37	XM_054463647.2	+	2	2	67	69	9	10	2	2	2	middle	middle	1.000	1.000	constitutive	constitutive	141	166	2
NC_072393.2	51203474	51203768	-3	1	-	NC_072393.2	51203476	51203768	EXOC3L2	XM_054463658.2	-	3	2	0	2	4	5	2	2	2	middle	middle	1.000	1.000	constitutive	constitutive	101	100	2
NC_072393.2	51240021	51240384	1	1	+	NC_072393.2	51240050	51240279	MARK4	XM_054463667.2	+	1	2	29	105	5	6	3	2	3	middle	middle	0.667	1.000	alternative	constitutive	65	70	2
NC_072393.2	51240021	51240384	1	1	+	NC_072393.2	51240097	51240279	MARK4	XM_063658138.1	+	1	2	76	105	1	2	3	1	3	first	middle	0.333	1.000	unique	constitutive	18	70	1
NC_072393.2	51327839	51328301	3	1	+	NC_072393.2	51327891	51328097	KLC3	XM_054463672.1	+	3	2	52	204	8	9	7	7	4	middle	middle	1.000	0.571	constitutive	alternative	90	37	4
NC_072393.2	51327839	51328301	3	1	+	NC_072393.2	51327891	51328097	KLC3	XM_054463677.1	+	3	2	52	204	8	9	7	7	3	middle	middle	1.000	0.429	constitutive	alternative	90	22	3
NC_072393.2	5133052	5133961	-1	1	-	NC_072393.2	5133503	5133879	PTPRS	XM_054463055.2	-	1	2	82	451	25	26	13	13	13	middle	middle	1.000	1.000	constitutive	constitutive	175	119	13
NC_072393.2	51365303	51366350	-3	1	-	NC_072393.2	51365711	51366329	PPP1R13L	XM_054463680.2	-	3	2	21	408	8	10	3	3	3	middle	middle	1.000	1.000	constitutive	constitutive	131	166	3
NC_072393.2	51375154	51376009	-1	1	-	NC_072393.2	51375653	51375921	PPP1R13L	XM_054463680.2	-	1	2	88	499	4	5	3	3	3	middle	middle	1.000	1.000	constitutive	constitutive	98	91	3
NC_072393.2	5139053	5139620	-3	1	-	NC_072393.2	5139099	5139513	PTPRS	XM_054463055.2	-	3	2	107	46	17	18	13	13	13	middle	middle	1.000	1.000	constitutive	constitutive	93	215	13
NC_072393.2	51468119	51468530	-3	1	-	NC_072393.2	51468137	51468486	RTN2	XM_054463694.2	-	3	2	44	18	6	7	3	3	3	middle	middle	1.000	1.000	constitutive	constitutive	138	69	3
NC_072393.2	51474677	51475562	-3	1	-	NC_072393.2	51474692	51475531	RTN2	XM_054463694.2	-	3	2	31	15	3	4	3	2	2	middle	middle	0.667	0.667	alternative	alternative	479	254	2
NC_072393.2	51506589	51506823	1	1	+	NC_072393.2	51506590	51506823	VASP	XM_054463697.2	+	1	2	1	0	12	13	4	4	4	middle	last	1.000	1.000	constitutive	constitutive	57	34	4
NC_072393.2	51657161	51657467	3	1	+	NC_072393.2	51657182	51657466	GIPR	XM_054463715.1	+	3	2	21	1	9	10	1	1	1	middle	middle	1.000	1.000	constitutive	constitutive	69	88	1
NC_072393.2	52006915	52007386	2	1	+	NC_072393.2	52006984	52007385	CCDC61	XM_054466260.2	+	2	2	69	1	10	11	3	3	3	middle	middle	1.000	1.000	constitutive	constitutive	139	78	3
NC_072393.2	52209229	52209778	2	1	+	NC_072393.2	52209350	52209777	IGFL2	XM_054466270.2	+	2	2	121	1	2	3	8	3	3	middle	middle	0.375	0.375	alternative	alternative	54	261	3
NC_072393.2	52242156	52242957	1	1	+	NC_072393.2	52242214	52242956	LOC129021165	XM_054466279.1	+	1	2	58	1	1	3	1	1	1	first	middle	1.000	1.000	constitutive	constitutive	24	243	1
NC_072393.2	52411158	52411878	1	1	+	NC_072393.2	52411177	52411659	PPP5C	XM_054466285.2	+	1	2	19	219	5	6	2	2	2	middle	middle	1.000	1.000	constitutive	constitutive	65	98	2
NC_072393.2	52416072	52416495	1	1	+	NC_072393.2	52416095	52416419	PPP5C	XM_054466285.2	+	1	2	23	76	10	11	2	2	2	middle	middle	1.000	1.000	constitutive	constitutive	40	178	2
NC_072393.2	52771731	52772613	-2	1	-	NC_072393.2	52771873	52772426	STRN4	XM_054466305.2	-	2	2	187	142	8	9	3	3	2	middle	middle	1.000	0.667	constitutive	alternative	113	115	2
NC_072393.2	52771731	52772613	-2	1	-	NC_072393.2	52771873	52772426	STRN4	XM_054466306.2	-	2	2	187	142	8	9	3	3	1	middle	middle	1.000	0.333	constitutive	unique	113	94	1
NC_072393.2	53310015	53310990	1	1	+	NC_072393.2	53310016	53310534	CCDC9	XM_054463750.2	+	1	2	1	456	3	4	4	4	4	middle	middle	1.000	1.000	constitutive	constitutive	101	251	4
NC_072393.2	53320607	53322215	3	1	+	NC_072393.2	53321021	53321801	CCDC9	XM_054463750.2	+	3	3	414	414	8	10	4	4	4	middle	middle	1.000	1.000	constitutive	constitutive	46	105	4
NC_072393.2	54416488	54416851	-1	1	-	NC_072393.2	54416490	54416829	ODAD1	XM_054462984.2	-	1	2	22	2	3	4	15	15	15	middle	middle	1.000	1.000	constitutive	constitutive	163	97	15
NC_072393.2	54614318	54614942	-3	1	-	NC_072393.2	54614390	54614822	LMTK3	XM_054466348.2	-	3	2	120	72	13	14	4	4	4	middle	middle	1.000	1.000	constitutive	constitutive	135	137	4
NC_072393.2	54768140	54768647	-3	1	-	NC_072393.2	54768168	54768485	CA11	XM_054463034.2	-	3	2	162	28	6	7	1	1	1	middle	middle	1.000	1.000	constitutive	constitutive	72	154	1
NC_072393.2	54925807	54926500	-1	1	-	NC_072393.2	54925883	54926472	BCAT2	XM_054466175.2	-	1	3	28	76	8	10	6	6	6	middle	middle	1.000	1.000	constitutive	constitutive	85	74	6
NC_072393.2	54929087	54929534	-3	1	-	NC_072393.2	54929089	54929513	BCAT2	XM_054466175.2	-	3	2	21	2	5	6	6	6	6	middle	middle	1.000	1.000	constitutive	constitutive	119	163	6
NC_072393.2	550337	550928	3	1	+	NC_072393.2	550413	550823	PTBP1	XM_054473542.2	+	3	2	76	105	5	6	4	4	4	middle	middle	1.000	1.000	constitutive	constitutive	146	170	4
NC_072393.2	55115037	55115901	-2	1	-	NC_072393.2	55115070	55115643	GYS1	XM_054464312.2	-	2	2	258	33	4	5	3	3	3	middle	middle	1.000	1.000	constitutive	constitutive	185	144	3
NC_072393.2	55265088	55265694	1	1	+	NC_072393.2	55265122	55265542	PPFIA3	XM_054464355.2	+	1	2	34	152	16	17	2	2	2	middle	middle	1.000	1.000	constitutive	constitutive	163	127	2
NC_072393.2	55277885	55280504	-3	1	-	NC_072393.2	55278000	55280465	HRC	XM_054464357.2	-	3	2	39	115	1	2	2	1	2	first	middle	0.500	1.000	unique	constitutive	2319	70	1
NC_072393.2	55277885	55280504	-3	1	-	NC_072393.2	55278000	55280243	HRC	XM_054464358.2	-	3	2	261	115	1	2	2	1	2	first	middle	0.500	1.000	unique	constitutive	2097	70	1
NC_072393.2	554400	554892	1	1	+	NC_072393.2	554495	554891	PTBP1	XM_054473542.2	+	1	2	95	1	12	13	4	4	4	middle	middle	1.000	1.000	constitutive	constitutive	92	216	4
NC_072393.2	55479267	55479582	-2	1	-	NC_072393.2	55479269	55479540	TEAD2	XM_054466362.2	-	2	2	42	2	5	6	18	8	18	middle	middle	0.444	1.000	alternative	constitutive	116	58	8
NC_072393.2	55479267	55479582	-2	1	-	NC_072393.2	55479269	55479540	TEAD2	XM_054466365.2	-	2	2	42	2	5	6	18	10	18	middle	middle	0.556	1.000	alternative	constitutive	107	58	10
NC_072393.2	55489407	55490085	1	1	+	NC_072393.2	55489444	55489821	DKKL1	XM_054466382.2	+	1	2	37	264	3	4	7	7	7	middle	middle	1.000	1.000	constitutive	constitutive	140	92	7
NC_072393.2	55563323	55564061	-3	1	-	NC_072393.2	55563375	55563808	SLC17A7	XM_054464239.1	-	3	2	253	52	10	11	1	1	1	middle	middle	1.000	1.000	constitutive	constitutive	110	127	1
NC_072393.2	55566032	55566704	-3	1	-	NC_072393.2	55566087	55566406	SLC17A7	XM_054464239.1	-	3	2	298	55	6	7	1	1	1	middle	middle	1.000	1.000	constitutive	constitutive	86	142	1
NC_072393.2	55692098	55692974	-3	1	-	NC_072393.2	55692489	55692863	NOSIP	XM_054462098.2	-	3	2	111	391	4	5	2	1	2	middle	middle	0.500	1.000	unique	constitutive	168	118	1
NC_072393.2	55692098	55692974	-3	1	-	NC_072393.2	55692489	55692863	NOSIP	XM_054462099.2	-	3	2	111	391	4	5	2	1	2	middle	middle	0.500	1.000	unique	constitutive	159	118	1
NC_072393.2	55730458	55734097	2	1	+	NC_072393.2	55730511	55734070	PRR12	XM_054462089.2	+	2	2	53	27	3	4	1	1	1	middle	middle	1.000	1.000	constitutive	constitutive	161	3316	1
NC_072393.2	55799186	55799645	-3	1	-	NC_072393.2	55799223	55799549	IRF3	XM_054462852.2	-	3	2	96	37	2	3	7	5	5	middle	middle	0.714	0.714	alternative	alternative	171	70	5
NC_072393.2	55817963	55818338	3	1	+	NC_072393.2	55817964	55818297	PRMT1	XM_054462863.2	+	3	2	1	41	4	5	5	5	5	middle	middle	1.000	1.000	constitutive	constitutive	155	63	5
NC_072393.2	55840140	55840776	1	1	+	NC_072393.2	55840273	55840671	CPT1C	XM_054464791.1	+	1	2	133	105	7	8	5	5	3	middle	middle	1.000	0.600	constitutive	alternative	77	107	3
NC_072393.2	55840140	55840776	1	1	+	NC_072393.2	55840273	55840671	CPT1C	XM_054464792.1	+	1	2	133	105	7	8	5	5	2	middle	middle	1.000	0.400	constitutive	alternative	77	74	2
NC_072393.2	55950320	55950746	3	1	+	NC_072393.2	55950345	55950745	AP2A1	XM_054464803.2	+	3	2	25	1	14	15	3	3	3	middle	middle	1.000	1.000	constitutive	constitutive	167	160	3
NC_072393.2	56003813	56004884	3	1	+	NC_072393.2	56004555	56004883	PTOV1	XM_063657319.1	+	3	2	742	1	2	3	2	2	2	middle	middle	1.000	1.000	constitutive	constitutive	137	82	2
NC_072393.2	56034621	56034999	1	1	+	NC_072393.2	56034638	56034937	TBC1D17	XM_054464826.2	+	1	2	17	62	12	13	2	2	2	middle	middle	1.000	1.000	constitutive	constitutive	100	99	2
NC_072393.2	56427181	56427700	-1	1	-	NC_072393.2	56427194	56427625	LOC129020488	XM_054464882.2	-	1	2	75	13	3	4	2	2	2	middle	middle	1.000	1.000	constitutive	constitutive	123	118	2
NC_072393.2	56472886	56473741	2	1	+	NC_072393.2	56473122	56473741	NR1H2	XM_054464885.2	+	2	2	236	0	7	8	3	3	3	middle	last	1.000	1.000	constitutive	constitutive	208	143	3
NC_072393.2	56492306	56493098	3	1	+	NC_072393.2	56492413	56492957	POLD1	XM_054464889.2	+	3	2	107	141	8	9	6	6	6	middle	middle	1.000	1.000	constitutive	constitutive	166	104	6
NC_072393.2	56497949	56498474	3	1	+	NC_072393.2	56498024	56498473	POLD1	XM_054464889.2	+	3	2	75	1	14	15	6	6	4	middle	middle	1.000	0.667	constitutive	alternative	116	113	4
NC_072393.2	56497949	56498474	3	1	+	NC_072393.2	56498024	56498473	POLD1	XM_054464891.2	+	3	2	75	1	14	15	6	6	2	middle	middle	1.000	0.333	constitutive	alternative	116	89	2
NC_072393.2	56552462	56553017	3	1	+	NC_072393.2	56552463	56552957	MYBPC2	XM_054464888.2	+	3	2	1	60	25	26	2	2	2	middle	middle	1.000	1.000	constitutive	constitutive	159	136	2
NC_072393.2	56812332	56813034	-2	1	-	NC_072393.2	56812357	56813001	SHANK1	XM_054464894.2	-	2	2	33	25	1	2	3	3	3	first	middle	1.000	1.000	constitutive	constitutive	254	203	3
NC_072393.2	56888650	56888848	-1	1	-	NC_072393.2	56888651	56888833	SMIM47	XM_054463755.2	-	1	2	15	1	2	3	1	1	1	middle	last	1.000	1.000	constitutive	constitutive	59	8	1
NC_072393.2	56893142	56893667	3	1	+	NC_072393.2	56893389	56893655	ACP4	XM_054463756.2	+	3	2	247	12	2	3	1	1	1	middle	middle	1.000	1.000	constitutive	constitutive	104	86	1
NC_072393.2	56897513	56897930	3	1	+	NC_072393.2	56897561	56897930	ACP4	XM_054463756.2	+	3	2	48	0	10	11	1	1	1	middle	last	1.000	1.000	constitutive	constitutive	178	112	1
NC_072393.2	57867478	57867871	2	1	+	NC_072393.2	57867501	57867817	SPACA6	XM_054464485.2	+	2	2	23	54	5	6	10	9	9	middle	middle	0.900	0.900	alternative	alternative	77	109	9
NC_072393.2	5814589	5815207	-1	1	-	NC_072393.2	5814637	5815182	NDUFA11	XM_054463112.2	-	1	2	25	48	2	3	2	2	1	middle	middle	1.000	0.500	constitutive	unique	92	197	1
NC_072393.2	5814589	5815207	-1	1	-	NC_072393.2	5814637	5815182	NDUFA11	XM_054463113.2	-	1	2	25	48	2	3	2	2	1	middle	middle	1.000	0.500	constitutive	unique	92	122	1
NC_072393.2	5832432	5833140	1	1	+	NC_072393.2	5832760	5833140	CAPS	XM_054463123.2	+	1	2	328	0	4	5	1	1	1	middle	last	1.000	1.000	constitutive	constitutive	206	98	1
NC_072393.2	597877	598639	2	1	+	NC_072393.2	597902	598638	ELANE	XM_054473623.2	+	2	2	25	1	1	2	3	3	3	first	middle	1.000	1.000	constitutive	constitutive	147	156	3
NC_072393.2	60386072	60386576	-3	1	-	NC_072393.2	60386133	60386502	TFPT	XM_054462977.2	-	3	2	74	61	4	5	2	2	2	middle	middle	1.000	1.000	constitutive	constitutive	69	218	2
NC_072393.2	60426587	60427208	3	1	+	NC_072393.2	60426612	60427207	CNOT3	XM_054461510.2	+	3	2	25	1	10	11	12	12	12	middle	middle	1.000	1.000	constitutive	constitutive	387	123	12
NC_072393.2	60533799	60534966	-2	1	-	NC_072393.2	60534006	60534878	LOC129021234	XM_063658941.1	-	2	2	88	207	5	6	4	4	4	middle	middle	1.000	1.000	constitutive	constitutive	296	302	4
NC_072393.2	60535273	60536113	-1	1	-	NC_072393.2	60535339	60536070	LOC129021234	XM_063658941.1	-	1	2	43	66	3	4	4	4	4	middle	middle	1.000	1.000	constitutive	constitutive	284	299	4
NC_072393.2	60821756	60822680	3	1	+	NC_072393.2	60821853	60822680	LENG8	XM_054461862.2	+	3	2	97	0	13	14	21	21	11	middle	last	1.000	0.524	constitutive	alternative	129	616	11
NC_072393.2	60821756	60822680	3	1	+	NC_072393.2	60821853	60822271	LENG8	XM_054461868.2	+	3	2	97	409	13	14	21	21	10	middle	middle	1.000	0.476	constitutive	alternative	129	207	10
NC_072393.2	60912446	60912833	3	1	+	NC_072393.2	60912484	60912833	LOC129020019	XM_054463758.2	+	3	2	38	0	8	9	1	1	1	middle	last	1.000	1.000	constitutive	constitutive	52	188	1
NC_072393.2	61448129	61448585	-3	1	-	NC_072393.2	61448241	61448562	PPP1R12C	XM_054463801.2	-	3	2	23	112	18	19	2	2	2	middle	middle	1.000	1.000	constitutive	constitutive	102	104	2
NC_072393.2	61448638	61448977	-1	1	-	NC_072393.2	61448640	61448886	PPP1R12C	XM_054463801.2	-	1	2	91	2	16	17	2	1	2	middle	middle	0.500	1.000	unique	constitutive	85	40	1
NC_072393.2	61448638	61448977	-1	1	-	NC_072393.2	61448640	61448883	PPP1R12C	XM_054463802.2	-	1	2	94	2	16	17	2	1	2	middle	middle	0.500	1.000	unique	constitutive	82	40	1
NC_072393.2	61489471	61489888	-1	1	-	NC_072393.2	61489473	61489742	TNNT1	XM_054463808.2	-	1	2	146	2	5	6	5	5	5	middle	middle	1.000	1.000	constitutive	constitutive	90	40	5
NC_072393.2	61565504	61565882	-3	1	-	NC_072393.2	61565594	61565860	PTPRH	XM_063658908.1	-	3	2	22	90	5	8	1	1	1	middle	middle	1.000	1.000	constitutive	constitutive	14	95	1
NC_072393.2	61662334	61662706	2	1	+	NC_072393.2	61662493	61662676	BRSK1	XM_054463844.2	+	2	2	159	30	6	7	2	2	2	middle	middle	1.000	1.000	constitutive	constitutive	33	68	2
NC_072393.2	6303526	6304261	-1	1	-	NC_072393.2	6303527	6304078	PSPN	XM_054465582.2	-	1	2	183	1	1	2	1	1	1	first	last	1.000	1.000	constitutive	constitutive	147	319	1
NC_072393.2	63100850	63101285	3	1	+	NC_072393.2	63100851	63101190	ZNF470	XM_054464652.2	+	3	2	1	95	2	3	2	1	2	middle	middle	0.500	1.000	unique	constitutive	126	95	1
NC_072393.2	63100850	63101285	3	1	+	NC_072393.2	63100944	63101190	ZNF470	XM_063658526.1	+	3	2	94	95	1	2	2	1	2	first	middle	0.500	1.000	unique	constitutive	33	95	1
NC_072393.2	6310220	6310838	-3	1	-	NC_072393.2	6310290	6310761	GTF2F1	XM_054465562.2	-	3	3	77	70	8	10	2	1	2	middle	middle	0.500	1.000	unique	constitutive	61	73	1
NC_072393.2	6310220	6310838	-3	1	-	NC_072393.2	6310290	6310758	GTF2F1	XM_054465563.2	-	3	3	80	70	8	10	2	1	2	middle	middle	0.500	1.000	unique	constitutive	58	73	1
NC_072393.2	6343677	6344448	-2	1	-	NC_072393.2	6343678	6344108	KHSRP	XM_054465555.2	-	2	2	340	1	18	19	6	6	4	middle	last	1.000	0.667	constitutive	alternative	77	274	4
NC_072393.2	6343677	6344448	-2	1	-	NC_072393.2	6343792	6344108	KHSRP	XM_054465558.2	-	2	2	340	115	18	19	6	6	2	middle	middle	1.000	0.333	constitutive	alternative	77	160	2
NC_072393.2	6359099	6359759	-3	1	-	NC_072393.2	6359124	6359561	SLC25A41	XM_054465570.2	-	3	2	198	25	3	4	4	4	4	middle	middle	1.000	1.000	constitutive	constitutive	152	107	4
NC_072393.2	64024842	64025598	-2	1	-	NC_072393.2	64024904	64025532	LOC129020357	XM_054464572.2	-	2	2	66	62	2	4	1	1	1	middle	middle	1.000	1.000	constitutive	constitutive	498	59	1
NC_072393.2	64603575	64604049	-2	1	-	NC_072393.2	64603695	64604028	C20H19orf18	XM_054464462.2	-	2	2	21	120	1	2	1	1	1	first	middle	1.000	1.000	constitutive	constitutive	120	104	1
NC_072393.2	646282	647227	-1	1	-	NC_072393.2	646444	647172	R3HDM4	XM_054473557.2	-	1	2	55	162	3	4	3	3	3	middle	middle	1.000	1.000	constitutive	constitutive	124	123	3
NC_072393.2	64653292	64653664	-1	1	-	NC_072393.2	64653294	64653645	LOC129021128	XM_063657398.1	-	1	2	19	2	2	3	1	1	1	middle	middle	1.000	1.000	constitutive	constitutive	125	138	1
NC_072393.2	65186853	65187354	1	1	+	NC_072393.2	65186882	65187349	TRIM28	XM_054463009.2	+	1	2	29	5	2	3	1	1	1	middle	middle	1.000	1.000	constitutive	constitutive	112	132	1
NC_072393.2	65189544	65190273	1	1	+	NC_072393.2	65189945	65190184	TRIM28	XM_054463009.2	+	1	2	401	89	9	10	1	1	1	middle	middle	1.000	1.000	constitutive	constitutive	106	36	1
NC_072393.2	65193153	65193897	-2	1	-	NC_072393.2	65193321	65193852	CHMP2A	XM_054463211.2	-	2	3	45	168	2	4	2	2	2	middle	middle	1.000	1.000	constitutive	constitutive	179	61	2
NC_072393.2	66219	66774	-2	1	-	NC_072393.2	66273	66621	MIER2	XM_054473576.2	-	2	2	153	54	11	12	6	6	6	middle	middle	1.000	1.000	constitutive	constitutive	124	88	6
NC_072393.2	6645076	6645496	-1	1	-	NC_072393.2	6645078	6645381	C3	XM_054461796.2	-	1	2	115	2	39	40	1	1	1	middle	middle	1.000	1.000	constitutive	constitutive	83	135	1
NC_072393.2	6651310	6651694	-1	1	-	NC_072393.2	6651312	6651574	C3	XM_054461796.2	-	1	2	120	2	32	33	1	1	1	middle	middle	1.000	1.000	constitutive	constitutive	90	51	1
NC_072393.2	6651605	6652070	-3	1	-	NC_072393.2	6651699	6652070	C3	XM_054461796.2	-	3	2	0	94	30	31	1	1	1	middle	middle	1.000	1.000	constitutive	constitutive	158	59	1
NC_072393.2	6676600	6677665	-1	1	-	NC_072393.2	6677021	6677578	C3	XM_054461796.2	-	1	2	87	421	12	13	1	1	1	middle	middle	1.000	1.000	constitutive	constitutive	209	206	1
NC_072393.2	6680652	6681084	-2	1	-	NC_072393.2	6680757	6681042	C3	XM_054461796.2	-	2	2	42	105	5	6	1	1	1	middle	middle	1.000	1.000	constitutive	constitutive	94	82	1
NC_072393.2	6697463	6698075	-3	1	-	NC_072393.2	6697509	6698052	GPR108	XM_054461800.2	-	3	3	23	46	14	16	3	1	1	middle	middle	0.333	0.333	unique	unique	49	124	1
NC_072393.2	6697507	6698182	-1	1	-	NC_072393.2	6697509	6698052	GPR108	XM_054461797.2	-	1	3	130	2	15	17	3	2	2	middle	middle	0.667	0.667	alternative	alternative	49	124	2
NC_072393.2	6875627	6876170	3	1	+	NC_072393.2	6875734	6876132	ADGRE1	XM_063658646.1	+	3	2	107	38	4	5	1	1	1	middle	middle	1.000	1.000	constitutive	constitutive	155	119	1
NC_072393.2	6876770	6877322	3	1	+	NC_072393.2	6876886	6877284	ADGRE1	XM_063658646.1	+	3	2	116	38	6	7	1	1	1	middle	middle	1.000	1.000	constitutive	constitutive	155	119	1
NC_072393.2	6877960	6878482	2	1	+	NC_072393.2	6878046	6878444	ADGRE1	XM_063658646.1	+	2	2	86	38	8	9	1	1	1	middle	middle	1.000	1.000	constitutive	constitutive	155	119	1
NC_072393.2	6879120	6879642	1	1	+	NC_072393.2	6879206	6879604	ADGRE1	XM_063658646.1	+	1	2	86	38	10	11	1	1	1	middle	middle	1.000	1.000	constitutive	constitutive	155	119	1
NC_072393.2	6880246	6880795	2	1	+	NC_072393.2	6880359	6880757	ADGRE1	XM_063658646.1	+	2	2	113	38	12	13	1	1	1	middle	middle	1.000	1.000	constitutive	constitutive	155	119	1
NC_072393.2	737631	738867	1	1	+	NC_072393.2	737722	738214	WDR18	XM_054473612.1	+	1	2	91	653	5	7	1	1	1	middle	middle	1.000	1.000	constitutive	constitutive	143	124	1
NC_072393.2	7528132	7528720	2	1	+	NC_072393.2	7528176	7528699	PNPLA6	XM_054462963.2	+	2	3	44	21	11	13	6	6	6	middle	middle	1.000	1.000	constitutive	constitutive	109	77	6
NC_072393.2	754615	755191	2	1	+	NC_072393.2	754693	755128	GRIN3B	XM_054473596.2	+	2	2	78	63	5	6	2	2	2	middle	middle	1.000	1.000	constitutive	constitutive	115	151	2
NC_072393.2	7546463	7546994	3	1	+	NC_072393.2	7546581	7546883	PNPLA6	XM_054462963.2	+	3	2	118	111	30	31	6	6	6	middle	middle	1.000	1.000	constitutive	constitutive	96	109	6
NC_072393.2	758422	759466	-1	1	-	NC_072393.2	758584	759441	TMEM259	XM_054473593.2	-	1	3	25	162	4	7	4	4	4	middle	middle	1.000	1.000	constitutive	constitutive	110	57	4
NC_072393.2	7595447	7596323	3	1	+	NC_072393.2	7595629	7595946	CAMSAP3	XM_054465239.2	+	3	2	182	377	8	9	5	5	5	middle	middle	1.000	1.000	constitutive	constitutive	139	93	5
NC_072393.2	7602587	7603181	3	1	+	NC_072393.2	7602670	7603181	CAMSAP3	XM_054465239.2	+	3	2	83	0	18	19	5	5	5	middle	last	1.000	1.000	constitutive	constitutive	118	302	5
NC_072393.2	7605193	7605973	-1	1	-	NC_072393.2	7605397	7605796	XAB2	XM_054461886.2	-	1	2	177	204	15	16	1	1	1	middle	middle	1.000	1.000	constitutive	constitutive	122	171	1
NC_072393.2	7611069	7611645	-2	1	-	NC_072393.2	7611226	7611618	XAB2	XM_054461886.2	-	2	2	27	157	5	6	1	1	1	middle	middle	1.000	1.000	constitutive	constitutive	134	164	1
NC_072393.2	7627848	7628352	1	1	+	NC_072393.2	7627935	7628217	STXBP2	XM_054461887.2	+	1	2	87	135	11	12	3	3	3	middle	middle	1.000	1.000	constitutive	constitutive	57	65	3
NC_072393.2	7663646	7664096	3	1	+	NC_072393.2	7663915	7664096	MCEMP1	XM_054464743.2	+	3	2	269	0	6	7	1	1	1	middle	last	1.000	1.000	constitutive	constitutive	53	13	1
NC_072393.2	788826	789522	1	1	+	NC_072393.2	788897	789405	ABCA7	XM_063658669.1	+	1	2	71	117	8	9	10	10	10	middle	middle	1.000	1.000	constitutive	constitutive	139	116	10
NC_072393.2	7908701	7909673	3	1	+	NC_072393.2	7908783	7909133	MAP2K7	XM_054463268.2	+	3	2	82	540	8	9	2	2	2	middle	middle	1.000	1.000	constitutive	constitutive	179	80	2
NC_072393.2	7909907	7910255	3	1	+	NC_072393.2	7909976	7910255	MAP2K7	XM_054463268.2	+	3	2	69	0	11	12	2	2	2	middle	last	1.000	1.000	constitutive	constitutive	45	131	2
NC_072393.2	7913805	7914987	1	1	+	NC_072393.2	7914082	7914750	TGFBR3L	XM_054463274.2	+	1	2	277	237	1	2	2	2	2	first	middle	1.000	1.000	constitutive	constitutive	275	314	2
NC_072393.2	798639	799128	1	1	+	NC_072393.2	798657	799030	ABCA7	XM_063658669.1	+	1	2	18	98	18	19	10	10	10	middle	middle	1.000	1.000	constitutive	constitutive	131	139	10
NC_072393.2	810718	812518	2	1	+	NC_072393.2	812186	812505	ABCA7	XM_063658669.1	+	2	2	1468	13	42	43	10	7	7	middle	middle	0.700	0.700	alternative	alternative	134	103	7
NC_072393.2	8132755	8133253	-1	1	-	NC_072393.2	8132905	8133213	FBN3	XM_054463263.2	-	1	2	40	150	19	20	6	6	6	middle	middle	1.000	1.000	constitutive	constitutive	137	50	6
NC_072393.2	828297	829284	1	1	+	NC_072393.2	828331	829174	ARHGAP45	XM_054463014.2	+	1	3	34	110	12	14	8	8	3	middle	middle	1.000	0.375	constitutive	alternative	137	292	3
NC_072393.2	828297	829284	1	1	+	NC_072393.2	828331	829174	ARHGAP45	XM_054463016.2	+	1	4	34	110	12	15	8	8	4	middle	middle	1.000	0.500	constitutive	alternative	137	83	4
NC_072393.2	828297	829284	1	1	+	NC_072393.2	828331	829006	ARHGAP45	XM_054463018.2	+	1	3	34	278	12	14	8	8	5	middle	middle	1.000	0.625	constitutive	alternative	137	124	1
NC_072393.2	8307580	8308060	-1	1	-	NC_072393.2	8307581	8308041	CD320	XM_054466422.2	-	1	2	19	1	5	6	1	1	1	middle	last	1.000	1.000	constitutive	constitutive	149	139	1
NC_072393.2	8495857	8496310	-1	1	-	NC_072393.2	8495858	8496038	PRAM1	XM_054466066.2	-	1	2	272	1	9	10	1	1	1	middle	last	1.000	1.000	constitutive	constitutive	34	34	1
NC_072393.2	8496140	8496437	-3	1	-	NC_072393.2	8496142	8496422	PRAM1	XM_054466066.2	-	3	2	15	2	7	8	1	1	1	middle	middle	1.000	1.000	constitutive	constitutive	162	33	1
NC_072393.2	8536103	8536571	-3	1	-	NC_072393.2	8536113	8536490	MYO1F	XM_054461542.2	-	3	2	81	10	17	18	2	2	2	middle	middle	1.000	1.000	constitutive	constitutive	114	169	2
NC_072393.2	854950	855319	2	1	+	NC_072393.2	855091	855307	GPX4	XM_054466107.2	+	2	2	141	12	5	6	2	2	2	middle	middle	1.000	1.000	constitutive	constitutive	24	59	2
NC_072393.2	8555026	8555407	-1	1	-	NC_072393.2	8555087	8555368	MYO1F	XM_054461542.2	-	1	2	39	61	8	9	2	2	2	middle	middle	1.000	1.000	constitutive	constitutive	80	86	2
NC_072393.2	858354	858780	-2	1	-	NC_072393.2	858448	858719	SBNO2	XM_054466104.2	-	2	2	61	94	26	27	3	3	3	middle	middle	1.000	1.000	constitutive	constitutive	94	92	3
NC_072393.2	861350	861764	-3	1	-	NC_072393.2	861372	861698	SBNO2	XM_054466104.2	-	3	2	66	22	20	21	3	3	3	middle	middle	1.000	1.000	constitutive	constitutive	135	112	3
NC_072393.2	871465	872266	-1	1	-	NC_072393.2	871583	872160	SBNO2	XM_054466104.2	-	1	2	106	118	7	9	3	3	3	middle	middle	1.000	1.000	constitutive	constitutive	151	90	3
NC_072393.2	9135464	9135869	-3	1	-	NC_072393.2	9135466	9135844	MUC16	XM_063658436.1	-	3	2	25	2	49	50	1	1	1	middle	middle	1.000	1.000	constitutive	constitutive	124	67	1
NC_072393.2	990599	991334	-3	1	-	NC_072393.2	990677	991094	CBARP	XM_054465309.2	-	3	2	240	78	2	3	1	1	1	middle	middle	1.000	1.000	constitutive	constitutive	139	64	1
NC_072393.2	999250	999640	2	1	+	NC_072393.2	999303	999640	ATP5F1D	XM_054465322.2	+	2	2	53	0	3	4	1	1	1	middle	last	1.000	1.000	constitutive	constitutive	88	119	1
NC_072394.2	12339081	12339657	-1	1	-	NC_072394.2	12339283	12339540	RRBP1	XM_054466514.2	-	1	2	117	202	12	13	5	5	5	middle	middle	1.000	1.000	constitutive	constitutive	92	83	5
NC_072394.2	29992419	29993385	1	1	+	NC_072394.2	29992558	29993304	ADAM33	XM_054467950.2	+	1	2	139	81	14	16	12	12	12	middle	middle	1.000	1.000	constitutive	constitutive	195	198	12
NC_072394.2	30003751	30004687	2	1	+	NC_072394.2	30003804	30004577	GFRA4	XM_054467142.1	+	2	2	53	110	2	4	1	1	1	middle	middle	1.000	1.000	constitutive	constitutive	345	134	1
NC_072394.2	30436293	30436878	1	1	+	NC_072394.2	30436318	30436846	SLC4A11	XM_054467969.2	+	1	3	25	32	9	11	8	8	8	middle	middle	1.000	1.000	constitutive	constitutive	93	113	8
NC_072394.2	30591853	30592399	-3	1	-	NC_072394.2	30591854	30592192	OXT	XM_054466622.1	-	3	2	207	1	2	3	1	1	1	middle	last	1.000	1.000	constitutive	constitutive	201	52	1
NC_072394.2	30617186	30617858	-2	1	-	NC_072394.2	30617442	30617808	MRPS26	XM_054466623.2	-	2	2	50	256	2	3	1	1	1	middle	middle	1.000	1.000	constitutive	constitutive	146	123	1
NC_072394.2	30807180	30807786	-1	1	-	NC_072394.2	30807371	30807726	VPS16	XM_054466632.2	-	1	2	60	191	12	13	2	2	2	middle	middle	1.000	1.000	constitutive	constitutive	131	127	2
NC_072394.2	30809900	30811151	-2	1	-	NC_072394.2	30809949	30810594	VPS16	XM_054466632.2	-	2	3	557	49	2	4	2	2	2	middle	middle	1.000	1.000	constitutive	constitutive	88	128	2
NC_072394.2	30916004	30916583	-2	1	-	NC_072394.2	30916034	30916387	EBF4	XM_054466642.2	-	2	2	196	30	10	11	2	2	2	middle	middle	1.000	1.000	constitutive	constitutive	133	126	2
NC_072394.2	33648003	33648585	-1	1	-	NC_072394.2	33648004	33648524	DEFB125	XM_054466859.1	-	1	2	61	1	2	3	1	1	1	middle	last	1.000	1.000	constitutive	constitutive	329	82	1
NC_072394.2	35505945	35506914	1	1	+	NC_072394.2	35505965	35506913	BPIFB4	XM_054467071.1	+	1	2	20	1	3	4	1	1	1	middle	middle	1.000	1.000	constitutive	constitutive	62	519	1
NC_072394.2	36994062	36994620	1	1	+	NC_072394.2	36994202	36994451	MAP1LC3A	XM_054466729.1	+	1	2	140	169	2	3	3	3	3	middle	middle	1.000	1.000	constitutive	constitutive	55	106	3
NC_072394.2	37345666	37346209	2	1	+	NC_072394.2	37345735	37346125	ACSS2	XM_054466753.2	+	2	2	69	84	3	4	2	2	2	middle	middle	1.000	1.000	constitutive	constitutive	91	103	2
NC_072394.2	37425310	37426015	2	1	+	NC_072394.2	37425334	37425702	MYH7B	XM_054466755.2	+	2	2	24	313	15	16	2	2	2	middle	middle	1.000	1.000	constitutive	constitutive	123	136	2
NC_072394.2	37428498	37428978	1	1	+	NC_072394.2	37428565	37428977	MYH7B	XM_054466755.2	+	1	2	67	1	19	20	2	2	2	middle	middle	1.000	1.000	constitutive	constitutive	176	145	2
NC_072394.2	37433430	37433886	1	1	+	NC_072394.2	37433476	37433757	MYH7B	XM_054466755.2	+	1	2	46	129	32	33	2	2	2	middle	middle	1.000	1.000	constitutive	constitutive	104	95	2
NC_072394.2	37907338	37907944	2	1	+	NC_072394.2	37907368	37907860	CEP250	XM_054466459.2	+	2	2	30	84	17	18	18	17	17	middle	middle	0.944	0.944	alternative	alternative	127	169	17
NC_072394.2	37983055	37983529	2	1	+	NC_072394.2	37983206	37983445	ERGIC3	XM_054466478.1	+	2	2	151	84	9	10	1	1	1	middle	middle	1.000	1.000	constitutive	constitutive	96	64	1
NC_072394.2	38029656	38029929	-1	1	-	NC_072394.2	38029677	38029905	LOC129021317	XM_063659176.1	-	1	2	24	21	3	4	1	1	1	middle	middle	1.000	1.000	constitutive	constitutive	62	84	1
NC_072394.2	47741941	47744560	2	1	+	NC_072394.2	47741991	47744560	LOC129021852	XM_054467792.1	+	2	2	50	0	2	3	2	1	2	middle	last	0.500	1.000	unique	constitutive	1745	463	1
NC_072394.2	47741941	47744560	2	1	+	NC_072394.2	47741991	47744560	LOC129021852	XM_054467793.1	+	2	2	50	0	2	3	2	1	2	middle	last	0.500	1.000	unique	constitutive	1565	463	1
NC_072394.2	47854094	47854520	-2	1	-	NC_072394.2	47854157	47854498	MATN4	XM_054468109.2	-	2	2	22	63	4	5	3	3	3	middle	middle	1.000	1.000	constitutive	constitutive	122	122	3
NC_072394.2	47972052	47972610	1	1	+	NC_072394.2	47972071	47972609	PIGT	XM_054467538.2	+	1	2	19	1	1	2	5	4	2	first	middle	0.800	0.400	alternative	alternative	186	177	2
NC_072394.2	47972052	47972610	1	1	+	NC_072394.2	47972071	47972569	PIGT	XM_054467539.2	+	1	2	19	41	1	2	5	4	2	first	middle	0.800	0.400	alternative	alternative	186	137	2
NC_072394.2	48501864	48502272	1	1	+	NC_072394.2	48501916	48502271	PCIF1	XM_054467111.2	+	1	2	52	1	11	12	2	2	2	middle	middle	1.000	1.000	constitutive	constitutive	86	184	2
NC_072394.2	48600410	48600731	3	1	+	NC_072394.2	48600430	48600730	SLC12A5	XM_054467659.2	+	3	2	20	1	10	11	2	2	2	middle	middle	1.000	1.000	constitutive	constitutive	98	57	2
NC_072394.2	48613752	48614361	1	1	+	NC_072394.2	48613929	48614361	SLC12A5	XM_054467659.2	+	1	2	177	0	25	26	2	2	2	middle	last	1.000	1.000	constitutive	constitutive	133	88	2
NC_072394.2	48747019	48747661	-3	1	-	NC_072394.2	48747268	48747627	CDH22	XM_054467663.2	-	3	2	34	249	8	9	1	1	1	middle	middle	1.000	1.000	constitutive	constitutive	121	117	1
NC_072394.2	53209052	53209430	-2	1	-	NC_072394.2	53209054	53209403	RIPOR3	XM_054466686.1	-	2	2	27	2	10	11	6	6	6	middle	middle	1.000	1.000	constitutive	constitutive	125	145	6
NC_072394.2	59308563	59309451	1	1	+	NC_072394.2	59308795	59309446	TFAP2C	XM_054468247.2	+	1	2	232	5	2	3	3	3	3	middle	middle	1.000	1.000	constitutive	constitutive	485	51	3
NC_072394.2	60238635	60239373	1	1	+	NC_072394.2	60238823	60239343	PCK1	XM_054468194.1	+	1	2	188	30	3	4	1	1	1	middle	middle	1.000	1.000	constitutive	constitutive	203	187	1
NC_072394.2	65011728	65012316	-1	1	-	NC_072394.2	65011881	65012204	LAMA5	XM_054467990.2	-	1	2	112	153	77	78	2	2	2	middle	middle	1.000	1.000	constitutive	constitutive	133	93	2
NC_072394.2	65016245	65016866	-2	1	-	NC_072394.2	65016435	65016844	LAMA5	XM_054467990.2	-	2	2	22	190	59	60	2	2	2	middle	middle	1.000	1.000	constitutive	constitutive	179	148	2
NC_072394.2	65017969	65019040	-3	1	-	NC_072394.2	65018299	65018651	LAMA5	XM_054467990.2	-	3	2	389	330	56	57	2	2	2	middle	middle	1.000	1.000	constitutive	constitutive	141	102	2
NC_072394.2	65018297	65022041	-2	1	-	NC_072394.2	65018983	65022016	LAMA5	XM_054467990.2	-	2	3	25	686	53	55	2	2	2	middle	middle	1.000	1.000	constitutive	constitutive	196	154	2
NC_072394.2	65038852	65039290	-3	1	-	NC_072394.2	65038963	65039211	LAMA5	XM_054467990.2	-	3	2	79	111	19	20	2	2	2	middle	middle	1.000	1.000	constitutive	constitutive	52	105	2
NC_072394.2	65544592	65545144	2	1	+	NC_072394.2	65544617	65545057	COL9A3	XM_054468035.2	+	2	2	25	87	13	14	1	1	1	middle	middle	1.000	1.000	constitutive	constitutive	53	53	1
NC_072394.2	65966044	65966929	2	1	+	NC_072394.2	65966118	65966692	BIRC7	XM_054467848.1	+	2	2	74	237	2	3	2	2	2	middle	middle	1.000	1.000	constitutive	constitutive	99	81	2
NC_072394.2	66084002	66084425	-2	1	-	NC_072394.2	66084004	66084425	CHRNA4	XM_054467265.2	-	2	2	0	2	3	4	3	3	3	middle	middle	1.000	1.000	constitutive	constitutive	44	109	3
NC_072394.2	66292305	66292905	-1	1	-	NC_072394.2	66292416	66292815	HELZ2	XM_054467514.2	-	1	2	90	111	17	18	1	1	1	middle	middle	1.000	1.000	constitutive	constitutive	156	167	1
NC_072394.2	66292948	66293458	-3	1	-	NC_072394.2	66292967	66293425	HELZ2	XM_054467514.2	-	3	2	33	19	15	16	1	1	1	middle	middle	1.000	1.000	constitutive	constitutive	134	218	1
NC_072394.2	66476407	66477358	2	1	+	NC_072394.2	66476474	66476998	LIME1	XM_054466591.2	+	2	2	67	360	4	5	3	2	2	middle	middle	0.667	0.667	alternative	alternative	87	316	2
NC_072394.2	66481196	66481484	3	1	+	NC_072394.2	66481197	66481484	SLC2A4RG	XM_054467295.2	+	3	2	1	0	6	7	2	2	2	middle	last	1.000	1.000	constitutive	constitutive	91	108	2
NC_072394.2	66684642	66685506	-1	1	-	NC_072394.2	66684805	66685438	UCKL1	XM_054467412.2	-	1	2	68	163	9	11	25	23	12	middle	middle	0.920	0.480	alternative	alternative	93	314	12
NC_072394.2	66684642	66685506	-1	1	-	NC_072394.2	66684805	66685438	UCKL1	XM_054467416.2	-	1	3	68	163	10	13	25	23	11	middle	middle	0.920	0.440	alternative	alternative	93	107	11
NC_072394.2	66707839	66708295	-3	1	-	NC_072394.2	66707918	66708213	ZNF512B	XM_054466784.2	-	3	2	82	79	8	9	6	6	6	middle	middle	1.000	1.000	constitutive	constitutive	124	92	6
NC_072394.2	66708206	66708785	-2	1	-	NC_072394.2	66708371	66708691	ZNF512B	XM_054466784.2	-	2	2	94	165	6	7	6	6	6	middle	middle	1.000	1.000	constitutive	constitutive	71	146	6
NC_072394.2	66709054	66710002	-3	1	-	NC_072394.2	66709140	66710002	ZNF512B	XM_054466784.2	-	3	2	0	86	3	4	6	6	6	middle	middle	1.000	1.000	constitutive	constitutive	128	640	6
NC_072394.2	66737706	66738342	1	1	+	NC_072394.2	66737752	66738315	PRPF6	XM_054466788.1	+	1	2	46	27	5	6	2	2	2	middle	middle	1.000	1.000	constitutive	constitutive	176	155	2
NC_072394.2	66779274	66780018	1	1	+	NC_072394.2	66779416	66779937	C21H20orf204	XM_054467676.1	+	1	2	142	81	3	4	3	3	3	middle	middle	1.000	1.000	constitutive	constitutive	275	152	3
NC_072394.2	66789811	66791536	-3	1	-	NC_072394.2	66789812	66791374	SOX18	XM_054467643.1	-	3	2	162	1	1	2	1	1	1	first	last	1.000	1.000	constitutive	constitutive	357	793	1
NC_072394.2	66826189	66827257	-3	1	-	NC_072394.2	66826190	66827209	LKAAEAR1	XM_054467802.2	-	3	2	48	1	1	2	5	2	3	first	last	0.400	0.600	alternative	alternative	608	308	1
NC_072394.2	66826189	66827257	-3	1	-	NC_072394.2	66826376	66827209	LKAAEAR1	XM_054467803.1	-	3	2	48	187	1	2	5	2	2	first	middle	0.400	0.400	alternative	alternative	608	122	1
NC_072394.2	66826189	66827257	-3	1	-	NC_072394.2	66826190	66827002	LKAAEAR1	XM_054467804.2	-	3	2	255	1	1	2	5	3	3	first	last	0.600	0.600	alternative	alternative	401	308	2
NC_072394.2	66826189	66827257	-3	1	-	NC_072394.2	66826376	66827002	LKAAEAR1	XM_054467806.2	-	3	2	255	187	1	2	5	3	2	first	middle	0.600	0.400	alternative	alternative	401	122	1
NC_072395.2	43538600	43539434	-1	1	-	NC_072395.2	43538601	43539305	LOC129022251	XM_063659671.1	-	1	2	129	1	1	2	1	1	1	first	last	1.000	1.000	constitutive	constitutive	405	58	1
NC_072395.2	46386343	46386751	-2	1	-	NC_072395.2	46386344	46386744	GART	XM_054468739.2	-	2	2	7	1	20	21	2	2	2	middle	last	1.000	1.000	constitutive	constitutive	115	188	2
NC_072395.2	55055944	55057225	2	1	+	NC_072395.2	55056090	55056995	UMODL1	XM_063659821.1	+	2	2	146	230	11	12	1	1	1	middle	middle	1.000	1.000	constitutive	constitutive	412	447	1
NC_072395.2	55454813	55455233	-1	1	-	NC_072395.2	55454876	55455197	RSPH1	XM_054468558.2	-	1	2	36	63	3	4	5	5	5	middle	middle	1.000	1.000	constitutive	constitutive	113	105	5
NC_072395.2	57501315	57502254	-3	1	-	NC_072395.2	57501316	57502068	LOC129022487	XM_054468677.1	-	3	2	186	1	1	2	8	1	1	first	last	0.125	0.125	unique	unique	320	335	1
NC_072395.2	57501315	57502254	-3	1	-	NC_072395.2	57501316	57501651	LOC129022487	XM_063659805.1	-	3	2	603	1	2	3	8	1	1	middle	last	0.125	0.125	unique	unique	149	83	1
NC_072395.2	57531285	57532464	-3	1	-	NC_072395.2	57531286	57532242	LOC129022483	XM_054468670.1	-	3	2	222	1	1	2	4	2	1	first	last	0.500	0.250	alternative	unique	245	599	1
NC_072395.2	57531285	57532464	-3	1	-	NC_072395.2	57531286	57532242	LOC129022483	XM_054468671.1	-	3	2	222	1	1	2	4	2	1	first	last	0.500	0.250	alternative	unique	275	554	1
NC_072395.2	57531285	57532464	-3	1	-	NC_072395.2	57531286	57532242	LOC129022483	XM_054468672.1	-	3	3	222	1	1	3	4	2	1	first	last	0.500	0.250	alternative	unique	275	428	1
NC_072395.2	57531285	57532464	-3	1	-	NC_072395.2	57531286	57532242	LOC129022483	XM_054468673.1	-	3	3	222	1	1	3	4	2	1	first	last	0.500	0.250	alternative	unique	245	302	1
NC_072395.2	57589481	57590441	3	1	+	NC_072395.2	57589662	57590441	LOC129022485	XM_054468674.2	+	3	2	181	0	1	2	1	1	1	first	last	1.000	1.000	constitutive	constitutive	368	314	1
NC_072395.2	57598344	57599316	1	1	+	NC_072395.2	57598423	57599316	LOC129022478	XM_054468660.2	+	1	2	79	0	1	2	2	2	1	first	last	1.000	0.500	constitutive	unique	320	461	1
NC_072395.2	57598344	57599316	1	1	+	NC_072395.2	57598423	57599316	LOC129022478	XM_054468661.2	+	1	2	79	0	1	2	2	2	1	first	last	1.000	0.500	constitutive	unique	320	335	1
NC_072395.2	57634651	57635137	-2	1	-	NC_072395.2	57634652	57635017	LOC129022492	XM_054468681.1	-	2	2	120	1	1	2	3	1	1	first	last	0.333	0.333	unique	unique	199	105	1
NC_072395.2	57634651	57635137	-2	1	-	NC_072395.2	57634652	57634999	LOC129022492	XM_054468682.1	-	2	2	138	1	1	2	3	1	1	first	last	0.333	0.333	unique	unique	164	134	1
NC_072395.2	57634651	57635137	-2	1	-	NC_072395.2	57634652	57634999	LOC129022492	XM_054468683.1	-	2	2	138	1	1	2	3	1	1	first	last	0.333	0.333	unique	unique	121	165	1
NC_072395.2	58454591	58455413	3	1	+	NC_072395.2	58454616	58455095	COL18A1	XM_054468294.2	+	3	2	25	318	20	21	5	5	5	middle	middle	1.000	1.000	constitutive	constitutive	35	89	5
NC_072395.2	58965973	58966549	2	1	+	NC_072395.2	58965995	58966534	COL6A1	XM_054468364.2	+	2	2	22	15	26	27	1	1	1	middle	middle	1.000	1.000	constitutive	constitutive	65	35	1
NC_072395.2	59089522	59090116	2	1	+	NC_072395.2	59089550	59089822	COL6A2	XM_054468365.2	+	2	2	28	294	21	22	2	2	2	middle	middle	1.000	1.000	constitutive	constitutive	62	35	2
NC_072396.2	103479	105465	-3	1	-	NC_072396.2	104089	105223	LOC129024029	XM_054471038.2	-	3	2	242	610	4	6	6	3	3	middle	middle	0.500	0.500	alternative	alternative	102	86	3
NC_072396.2	105532876	105540388	2	1	+	NC_072396.2	105532929	105540388	ARMCX4	XM_063660375.1	+	2	3	53	0	3	5	1	1	1	middle	last	1.000	1.000	constitutive	constitutive	5575	1373	1
NC_072396.2	106608170	106608620	3	1	+	NC_072396.2	106608299	106608581	LOC129023802	XM_054470623.1	+	3	2	129	39	15	16	2	2	2	middle	middle	1.000	1.000	constitutive	constitutive	58	115	2
NC_072396.2	112262699	112263110	-1	1	-	NC_072396.2	112262701	112263110	PSMD10	XM_054471832.2	-	1	2	0	2	3	4	2	2	1	middle	middle	1.000	0.500	constitutive	unique	146	166	1
NC_072396.2	112262699	112263110	-1	1	-	NC_072396.2	112262780	112263110	PSMD10	XM_054471833.2	-	1	2	0	81	3	4	2	2	1	middle	middle	1.000	0.500	constitutive	unique	146	87	1
NC_072396.2	112743694	112744132	2	1	+	NC_072396.2	112743695	112744123	COL4A5	XM_054471834.2	+	2	3	1	9	11	13	1	1	1	middle	middle	1.000	1.000	constitutive	constitutive	35	92	1
NC_072396.2	127384178	127384469	-1	1	-	NC_072396.2	127384179	127384380	LOC129024948	XM_054472284.2	-	1	2	89	1	2	3	3	1	1	middle	last	0.333	0.333	unique	unique	2	138	1
NC_072396.2	137722757	137723366	-1	1	-	NC_072396.2	137722758	137723229	GPC4	XM_054471389.2	-	1	2	137	1	8	9	1	1	1	middle	last	1.000	1.000	constitutive	constitutive	175	199	1
NC_072396.2	13779562	13780747	-2	1	-	NC_072396.2	13779563	13780627	ATXN3L	XM_054472808.1	-	2	2	120	1	1	2	1	1	1	first	last	1.000	1.000	constitutive	constitutive	233	566	1
NC_072396.2	158054507	158061536	-1	1	-	NC_072396.2	158054508	158061254	LOC129024865	XM_054472137.1	-	1	5	282	1	1	5	1	1	1	first	last	1.000	1.000	constitutive	constitutive	3435	1888	1
NC_072396.2	158221587	158228616	1	1	+	NC_072396.2	158221870	158228616	LOC129024906	XM_054472191.1	+	1	5	283	0	1	5	1	1	1	first	last	1.000	1.000	constitutive	constitutive	3435	1888	1
NC_072396.2	158731332	158731716	1	1	+	NC_072396.2	158731351	158731674	PLXNB3	XM_054471261.2	+	1	2	19	42	9	10	10	10	10	middle	middle	1.000	1.000	constitutive	constitutive	125	116	10
NC_072396.2	158734443	158735211	1	1	+	NC_072396.2	158734501	158735210	PLXNB3	XM_054471261.2	+	1	3	58	1	18	20	10	10	9	middle	middle	1.000	0.900	constitutive	alternative	239	151	9
NC_072396.2	158734443	158735211	1	1	+	NC_072396.2	158734501	158735210	PLXNB3	XM_054471262.2	+	1	3	58	1	18	20	10	10	1	middle	middle	1.000	0.100	constitutive	unique	239	145	1
NC_072396.2	158737577	158738123	3	1	+	NC_072396.2	158737600	158738080	PLXNB3	XM_054471261.2	+	3	2	23	43	28	29	10	9	9	middle	middle	0.900	0.900	alternative	alternative	172	160	9
NC_072396.2	158738025	158738766	1	1	+	NC_072396.2	158738340	158738717	PLXNB3	XM_054471261.2	+	1	2	315	49	30	31	10	9	9	middle	middle	0.900	0.900	alternative	alternative	147	64	9
NC_072396.2	158743041	158743818	1	1	+	NC_072396.2	158743354	158743647	SRPK3	XM_054471271.2	+	1	2	313	171	7	8	1	1	1	middle	middle	1.000	1.000	constitutive	constitutive	165	25	1
NC_072396.2	158820237	158820882	-3	1	-	NC_072396.2	158820246	158820848	L1CAM	XM_054472495.2	-	3	2	34	9	24	25	2	2	2	middle	middle	1.000	1.000	constitutive	constitutive	155	134	2
NC_072396.2	158821177	158821867	-2	1	-	NC_072396.2	158821192	158821581	L1CAM	XM_054472495.2	-	2	2	286	15	21	22	2	2	2	middle	middle	1.000	1.000	constitutive	constitutive	122	173	2
NC_072396.2	158823631	158824327	-2	1	-	NC_072396.2	158823697	158824251	L1CAM	XM_054472495.2	-	2	2	76	66	15	16	2	2	2	middle	middle	1.000	1.000	constitutive	constitutive	110	197	2
NC_072396.2	158824641	158825154	-3	1	-	NC_072396.2	158824643	158825068	L1CAM	XM_054472495.2	-	3	2	86	2	12	13	2	2	2	middle	middle	1.000	1.000	constitutive	constitutive	166	156	2
NC_072396.2	158827055	158827658	-1	1	-	NC_072396.2	158827133	158827522	L1CAM	XM_054472495.2	-	1	2	136	78	5	6	2	2	2	middle	middle	1.000	1.000	constitutive	constitutive	122	170	2
NC_072396.2	158869248	158869740	-3	1	-	NC_072396.2	158869250	158869594	ARHGAP4	XM_054471727.2	-	3	2	146	2	18	19	2	2	2	middle	middle	1.000	1.000	constitutive	constitutive	73	183	2
NC_072396.2	158870195	158870750	-1	1	-	NC_072396.2	158870210	158870699	ARHGAP4	XM_054471727.2	-	1	3	51	15	13	15	2	2	2	middle	middle	1.000	1.000	constitutive	constitutive	60	134	2
NC_072396.2	158893895	158894225	-1	1	-	NC_072396.2	158893896	158894201	RENBP	XM_054473145.1	-	1	2	24	1	10	11	2	2	2	middle	last	1.000	1.000	constitutive	constitutive	87	133	2
NC_072396.2	158980096	158980804	-2	1	-	NC_072396.2	158980147	158980762	IRAK1	XM_054470919.2	-	2	3	42	51	1	3	3	2	3	first	middle	0.667	1.000	alternative	constitutive	135	131	2
NC_072396.2	158980096	158980804	-2	1	-	NC_072396.2	158980147	158980762	IRAK1	XM_054470920.2	-	2	2	42	51	1	2	3	1	3	first	middle	0.333	1.000	unique	constitutive	381	131	1
NC_072396.2	159243194	159244058	-1	1	-	NC_072396.2	159243233	159244024	FLNA	XM_054471043.2	-	1	3	34	39	39	41	2	2	2	middle	middle	1.000	1.000	constitutive	constitutive	122	137	2
NC_072396.2	159253041	159253632	-3	1	-	NC_072396.2	159253240	159253593	FLNA	XM_054471043.2	-	3	2	39	199	17	18	2	2	2	middle	middle	1.000	1.000	constitutive	constitutive	90	169	2
NC_072396.2	159272487	159272910	1	1	+	NC_072396.2	159272507	159272836	EMD	XM_054471046.1	+	1	2	20	74	2	3	1	1	1	middle	middle	1.000	1.000	constitutive	constitutive	104	77	1
NC_072396.2	159314027	159314372	3	1	+	NC_072396.2	159314125	159314357	TAFAZZIN	XM_054470858.2	+	3	2	98	15	8	9	9	9	9	middle	middle	1.000	1.000	constitutive	constitutive	62	52	9
NC_072396.2	159337735	159338062	2	1	+	NC_072396.2	159337768	159338062	GDI1	XM_054471646.2	+	2	2	33	0	10	11	1	1	1	middle	last	1.000	1.000	constitutive	constitutive	54	149	1
NC_072396.2	159344986	159345625	2	1	+	NC_072396.2	159345166	159345416	FAM50A	XM_054472294.2	+	2	2	180	209	9	10	1	1	1	middle	middle	1.000	1.000	constitutive	constitutive	54	48	1
NC_072396.2	159355757	159358004	3	1	+	NC_072396.2	159355785	159357236	PLXNA3	XM_054472292.2	+	3	2	28	768	1	2	4	4	2	first	middle	1.000	0.500	constitutive	alternative	593	539	2
NC_072396.2	159355757	159358004	3	1	+	NC_072396.2	159355785	159357918	PLXNA3	XM_063660646.1	+	3	2	28	86	1	2	4	4	2	first	middle	1.000	0.500	constitutive	alternative	593	1221	2
NC_072396.2	159361701	159362454	1	1	+	NC_072396.2	159361719	159362081	PLXNA3	XM_054472292.2	+	1	2	18	373	14	15	4	4	4	middle	middle	1.000	1.000	constitutive	constitutive	120	136	4
NC_072396.2	159362605	159363091	2	1	+	NC_072396.2	159362626	159363040	PLXNA3	XM_054472292.2	+	2	2	21	51	17	18	4	4	4	middle	middle	1.000	1.000	constitutive	constitutive	93	239	4
NC_072396.2	159363038	159363575	3	1	+	NC_072396.2	159363114	159363570	PLXNA3	XM_054472292.2	+	3	2	76	5	19	20	4	4	4	middle	middle	1.000	1.000	constitutive	constitutive	143	234	4
NC_072396.2	159364210	159364672	2	1	+	NC_072396.2	159364231	159364537	PLXNA3	XM_054472292.2	+	2	2	21	135	23	24	4	4	4	middle	middle	1.000	1.000	constitutive	constitutive	66	146	4
NC_072396.2	159428227	159428707	-2	1	-	NC_072396.2	159428229	159428643	G6PD	XM_054470612.2	-	2	2	64	2	10	11	4	4	4	middle	middle	1.000	1.000	constitutive	constitutive	235	76	4
NC_072396.2	19417769	19418558	-1	1	-	NC_072396.2	19417856	19418175	PHKA2	XM_054471174.2	-	1	2	383	87	24	25	10	10	10	middle	middle	1.000	1.000	constitutive	constitutive	78	129	10
NC_072396.2	24321131	24321578	3	1	+	NC_072396.2	24321195	24321420	SAT1	XM_054472078.2	+	3	2	64	158	2	3	1	1	1	middle	middle	1.000	1.000	constitutive	constitutive	51	83	1
NC_072396.2	24322796	24323135	3	1	+	NC_072396.2	24322870	24323105	SAT1	XM_054472078.2	+	3	2	74	30	4	5	1	1	1	middle	middle	1.000	1.000	constitutive	constitutive	101	40	1
NC_072396.2	38116897	38118430	-2	1	-	NC_072396.2	38116898	38118304	FAM47C	XM_054472772.1	-	2	2	126	1	5	6	1	1	1	middle	last	1.000	1.000	constitutive	constitutive	454	822	1
NC_072396.2	41981199	41981649	1	1	+	NC_072396.2	41981240	41981632	DDX3X	XM_054471236.2	+	1	2	41	17	13	14	2	2	2	middle	middle	1.000	1.000	constitutive	constitutive	181	117	2
NC_072396.2	47402559	47402940	-3	1	-	NC_072396.2	47402620	47402915	SLC9A7	XM_054470982.2	-	3	2	25	61	9	10	5	5	5	middle	middle	1.000	1.000	constitutive	constitutive	88	113	5
NC_072396.2	47952871	47953450	2	1	+	NC_072396.2	47953028	47953418	RBM10	XM_054470967.2	+	2	2	157	32	8	9	8	8	8	middle	middle	1.000	1.000	constitutive	constitutive	60	176	8
NC_072396.2	47953759	47954332	2	1	+	NC_072396.2	47953818	47954247	RBM10	XM_054470967.2	+	2	2	59	85	10	11	8	4	8	middle	middle	0.500	1.000	alternative	constitutive	160	97	4
NC_072396.2	47953759	47954332	2	1	+	NC_072396.2	47953818	47954247	RBM10	XM_054470968.2	+	2	2	59	85	10	11	8	4	8	middle	middle	0.500	1.000	alternative	constitutive	157	97	4
NC_072396.2	47955078	47955801	1	1	+	NC_072396.2	47955145	47955796	RBM10	XM_054470967.2	+	1	3	67	5	13	15	8	8	8	middle	middle	1.000	1.000	constitutive	constitutive	186	117	8
NC_072396.2	47973258	47973750	1	1	+	NC_072396.2	47973267	47973672	UBA1	XM_054470960.2	+	1	2	9	78	4	5	7	7	7	middle	middle	1.000	1.000	constitutive	constitutive	168	134	7
NC_072396.2	47975126	47975732	3	1	+	NC_072396.2	47975330	47975664	UBA1	XM_054470960.2	+	3	2	204	68	7	8	7	7	7	middle	middle	1.000	1.000	constitutive	constitutive	90	132	7
NC_072396.2	48231523	48232081	-2	1	-	NC_072396.2	48231529	48232046	ZNF41	XM_054472305.2	-	2	2	35	6	2	3	16	4	13	middle	middle	0.250	0.812	alternative	alternative	166	95	4
NC_072396.2	48231523	48232081	-2	1	-	NC_072396.2	48231529	48232022	ZNF41	XM_054472308.2	-	2	2	59	6	2	3	16	4	13	middle	middle	0.250	0.812	alternative	alternative	142	95	4
NC_072396.2	48231523	48232081	-2	1	-	NC_072396.2	48231529	48232006	ZNF41	XM_054472310.2	-	2	2	75	6	2	3	16	5	13	middle	middle	0.312	0.812	alternative	alternative	126	95	5
NC_072396.2	49371182	49371629	3	1	+	NC_072396.2	49371184	49371629	FTSJ1	XM_054472102.2	+	3	2	2	0	9	10	5	3	2	middle	last	0.600	0.400	alternative	alternative	103	251	1
NC_072396.2	49371182	49371629	3	1	+	NC_072396.2	49371190	49371629	FTSJ1	XM_054472103.2	+	3	2	8	0	9	10	5	2	2	middle	last	0.400	0.400	alternative	alternative	97	251	1
NC_072396.2	49371182	49371629	3	1	+	NC_072396.2	49371184	49371575	FTSJ1	XM_054472104.2	+	3	2	2	54	9	10	5	3	3	middle	middle	0.600	0.600	alternative	alternative	103	197	2
NC_072396.2	49371182	49371629	3	1	+	NC_072396.2	49371190	49371575	FTSJ1	XM_054472105.2	+	3	2	8	54	9	10	5	2	3	middle	middle	0.400	0.600	alternative	alternative	97	197	1
NC_072396.2	49403217	49403787	1	1	+	NC_072396.2	49403331	49403716	PORCN	XM_054471973.2	+	1	2	114	71	9	10	15	15	15	middle	middle	1.000	1.000	constitutive	constitutive	125	100	15
NC_072396.2	49404762	49405128	1	1	+	NC_072396.2	49404827	49405063	PORCN	XM_054471973.2	+	1	2	65	65	11	12	15	15	15	middle	middle	1.000	1.000	constitutive	constitutive	76	63	15
NC_072396.2	49490763	49491369	1	1	+	NC_072396.2	49490860	49491284	WDR13	XM_054470600.2	+	1	2	97	85	6	7	3	3	3	middle	middle	1.000	1.000	constitutive	constitutive	180	141	3
NC_072396.2	49706252	49706852	3	1	+	NC_072396.2	49706282	49706774	HDAC6	XM_054471238.2	+	3	2	30	78	17	18	9	8	8	middle	middle	0.889	0.889	alternative	alternative	128	168	8
NC_072396.2	49801910	49802654	-1	1	-	NC_072396.2	49801911	49802479	OTUD5	XM_054471855.2	-	1	2	175	1	8	9	3	3	1	middle	last	1.000	0.333	constitutive	unique	113	121	1
NC_072396.2	49801910	49802654	-1	1	-	NC_072396.2	49801911	49802479	OTUD5	XM_054471856.2	-	1	2	175	1	8	9	3	3	2	middle	last	1.000	0.667	constitutive	alternative	113	118	2
NC_072396.2	49845294	49845837	-3	1	-	NC_072396.2	49845466	49845811	KCND1	XM_054473148.2	-	3	2	26	172	2	3	1	1	1	middle	middle	1.000	1.000	constitutive	constitutive	162	83	1
NC_072396.2	49859915	49860464	-1	1	-	NC_072396.2	49860126	49860401	GRIPAP1	XM_054471570.1	-	1	2	63	211	19	20	5	5	5	middle	middle	1.000	1.000	constitutive	constitutive	95	56	5
NC_072396.2	50094969	50095713	-3	1	-	NC_072396.2	50094971	50095585	CACNA1F	XM_063660218.1	-	3	3	128	2	10	12	1	1	1	middle	middle	1.000	1.000	constitutive	constitutive	207	81	1
NC_072396.2	50100494	50100950	-1	1	-	NC_072396.2	50100496	50100907	CACNA1F	XM_063660218.1	-	1	2	43	2	2	3	1	1	1	middle	middle	1.000	1.000	constitutive	constitutive	196	103	1
NC_072396.2	50116107	50116725	1	1	+	NC_072396.2	50116336	50116680	CCDC22	XM_054470698.2	+	1	2	229	45	5	6	2	2	2	middle	middle	1.000	1.000	constitutive	constitutive	66	178	2
NC_072396.2	50122219	50123089	2	1	+	NC_072396.2	50122412	50122813	CCDC22	XM_054470698.2	+	2	2	193	276	14	15	2	2	2	middle	middle	1.000	1.000	constitutive	constitutive	95	59	2
NC_072396.2	50124583	50125060	-2	1	-	NC_072396.2	50124584	50125012	FOXP3	XM_054470699.2	-	2	2	48	1	11	12	1	1	1	middle	last	1.000	1.000	constitutive	constitutive	101	146	1
NC_072396.2	50129942	50130401	-1	1	-	NC_072396.2	50129944	50130205	FOXP3	XM_054470699.2	-	1	2	196	2	5	6	1	1	1	middle	middle	1.000	1.000	constitutive	constitutive	87	104	1
NC_072396.2	55413063	55413606	1	1	+	NC_072396.2	55413085	55413577	MAGED2	XM_054471281.1	+	1	2	22	29	3	4	4	4	4	middle	middle	1.000	1.000	constitutive	constitutive	308	63	4
NC_072396.2	55415177	55415534	3	1	+	NC_072396.2	55415204	55415419	MAGED2	XM_054471281.1	+	3	2	27	115	7	8	4	4	4	middle	middle	1.000	1.000	constitutive	constitutive	79	42	4
NC_072396.2	55557225	55557672	1	1	+	NC_072396.2	55557322	55557604	TRO	XM_054472039.2	+	1	2	97	68	3	4	3	3	3	middle	middle	1.000	1.000	constitutive	constitutive	104	63	3
NC_072396.2	55559251	55559611	2	1	+	NC_072396.2	55559281	55559496	TRO	XM_054472039.2	+	2	2	30	115	7	8	3	3	3	middle	middle	1.000	1.000	constitutive	constitutive	79	42	3
NC_072396.2	71859645	71860152	1	1	+	NC_072396.2	71859678	71860152	STARD8	XM_054472629.2	+	1	2	33	0	14	15	8	8	8	middle	last	1.000	1.000	constitutive	constitutive	176	114	8
NC_072396.2	73393646	73394363	3	1	+	NC_072396.2	73393811	73394363	AWAT1	XM_054470744.1	+	3	2	165	0	6	7	1	1	1	middle	last	1.000	1.000	constitutive	constitutive	199	151	1
NC_072396.2	73583982	73584399	1	1	+	NC_072396.2	73584228	73584399	GDPD2	XM_054470755.2	+	1	2	246	0	14	15	3	3	3	middle	last	1.000	1.000	constitutive	constitutive	28	49	3
NC_072396.2	74258986	74259406	-2	1	-	NC_072396.2	74259175	74259391	CXHXorf65	XM_054470776.2	-	2	2	15	189	1	2	2	2	2	first	middle	1.000	1.000	constitutive	constitutive	24	86	2
NC_072396.2	74289979	74290375	2	1	+	NC_072396.2	74289980	74290365	MED12	XM_054470778.2	+	2	2	1	10	40	41	4	4	2	middle	middle	1.000	0.500	constitutive	alternative	77	217	2
NC_072396.2	74289979	74290375	2	1	+	NC_072396.2	74289980	74290365	MED12	XM_054470780.2	+	2	3	1	10	40	42	4	4	2	middle	middle	1.000	0.500	constitutive	alternative	77	87	2
NC_072397.2	104788	106705	-2	1	-	NC_072397.2	105329	106463	LOC129024029	XM_054473335.2	-	2	2	242	541	4	6	6	3	3	middle	middle	0.500	0.500	alternative	alternative	102	86	3
NC_072397.2	4021923	4022349	1	1	+	NC_072397.2	4021946	4022314	DDX3Y	XM_054473518.1	+	1	2	23	35	13	14	2	2	2	middle	middle	1.000	1.000	constitutive	constitutive	181	117	2
NC_072397.2	5144614	5147329	-2	1	-	NC_072397.2	5144615	5147161	LOC129025938	XM_054473484.2	-	2	2	168	1	1	2	2	1	1	first	last	0.500	0.500	unique	unique	1253	1073	1
NC_072397.2	5144614	5147329	-2	1	-	NC_072397.2	5144615	5147161	LOC129025938	XM_054473485.2	-	2	2	168	1	1	2	2	1	1	first	last	0.500	0.500	unique	unique	748	1245	1
NC_072397.2	9496377	9498096	-3	1	-	NC_072397.2	9496378	9497925	LOC129025654	XM_054473289.1	-	3	2	171	1	1	2	1	1	1	first	last	1.000	1.000	constitutive	constitutive	427	696	1
NC_085930.1	100283580	100284267	1	1	+	NC_085930.1	100283830	100284133	TKT	XM_054483874.2	+	1	2	250	134	12	13	3	3	3	middle	middle	1.000	1.000	constitutive	constitutive	83	93	3
NC_085930.1	100702122	100703037	1	1	+	NC_085930.1	100702153	100702921	ITIH4	XM_054483889.2	+	1	3	31	116	7	9	4	4	4	middle	middle	1.000	1.000	constitutive	constitutive	116	125	4
NC_085930.1	100724595	100725090	-2	1	-	NC_085930.1	100724597	100725069	ITIH3	XM_054483894.1	-	2	2	21	2	12	13	1	1	1	middle	middle	1.000	1.000	constitutive	constitutive	185	139	1
NC_085930.1	101002405	101002756	2	1	+	NC_085930.1	101002511	101002755	NT5DC2	XM_054483961.2	+	2	2	106	1	7	8	1	1	1	middle	middle	1.000	1.000	constitutive	constitutive	60	102	1
NC_085930.1	101014054	101014573	-1	1	-	NC_085930.1	101014117	101014525	STAB1	XM_054483896.1	-	1	2	48	63	38	39	8	8	8	middle	middle	1.000	1.000	constitutive	constitutive	195	95	8
NC_085930.1	101024446	101024854	-1	1	-	NC_085930.1	101024567	101024833	STAB1	XM_054483896.1	-	1	2	21	121	15	16	8	8	8	middle	middle	1.000	1.000	constitutive	constitutive	113	53	8
NC_085930.1	101025347	101025818	-3	1	-	NC_085930.1	101025354	101025758	STAB1	XM_054483896.1	-	3	2	60	7	12	13	8	8	7	middle	middle	1.000	0.875	constitutive	alternative	137	140	7
NC_085930.1	101025347	101025818	-3	1	-	NC_085930.1	101025354	101025758	STAB1	XM_054483897.1	-	3	2	60	7	12	13	8	8	1	middle	middle	1.000	0.125	constitutive	unique	137	125	1
NC_085930.1	101027639	101028392	-3	1	-	NC_085930.1	101027774	101028329	STAB1	XM_054483896.1	-	3	2	63	135	5	6	8	8	8	middle	middle	1.000	1.000	constitutive	constitutive	69	95	8
NC_085930.1	101078799	101079159	1	1	+	NC_085930.1	101078910	101079159	TNNC1	XM_054479781.2	+	1	2	111	0	5	6	1	1	1	middle	last	1.000	1.000	constitutive	constitutive	136	28	1
NC_085930.1	101122219	101122501	2	1	+	NC_085930.1	101122314	101122500	BAP1	XM_054480428.2	+	2	2	95	1	2	3	4	4	4	middle	middle	1.000	1.000	constitutive	constitutive	29	54	4
NC_085930.1	101140695	101141139	-2	1	-	NC_085930.1	101140711	101141112	DNAH1	XM_054483745.1	-	2	2	27	16	60	61	1	1	1	middle	middle	1.000	1.000	constitutive	constitutive	119	149	1
NC_085930.1	101178331	101179345	-1	1	-	NC_085930.1	101178467	101178997	DNAH1	XM_054483745.1	-	1	2	348	136	18	19	1	1	1	middle	middle	1.000	1.000	constitutive	constitutive	198	253	1
NC_085930.1	101549921	101550452	-3	1	-	NC_085930.1	101549922	101550228	ACY1	XM_054483672.2	-	3	2	224	1	13	14	2	2	2	middle	last	1.000	1.000	constitutive	constitutive	60	161	2
NC_085930.1	103240120	103240672	2	1	+	NC_085930.1	103240254	103240579	CACNA2D2	XM_054483281.2	+	2	2	134	93	14	15	8	8	8	middle	middle	1.000	1.000	constitutive	constitutive	49	89	8
NC_085930.1	103253232	103253952	1	1	+	NC_085930.1	103253651	103253952	CACNA2D2	XM_054483281.2	+	1	2	419	0	37	38	8	5	8	middle	last	0.625	1.000	alternative	constitutive	82	137	5
NC_085930.1	103253232	103253952	1	1	+	NC_085930.1	103253644	103253952	CACNA2D2	XM_063661952.1	+	1	2	412	0	37	38	8	3	8	middle	last	0.375	1.000	alternative	constitutive	89	137	3
NC_085930.1	103327661	103328105	3	1	+	NC_085930.1	103327740	103328042	IFRD2	XM_054483309.2	+	3	2	79	63	10	11	2	2	2	middle	middle	1.000	1.000	constitutive	constitutive	128	95	2
NC_085930.1	103344842	103345244	-3	1	-	NC_085930.1	103344953	103345244	SEMA3B	XM_054480222.2	-	3	2	0	111	4	5	4	3	3	middle	middle	0.750	0.750	alternative	alternative	119	93	3
NC_085930.1	103421259	103421802	-2	1	-	NC_085930.1	103421260	103421712	GNAT1	XM_054482098.1	-	2	2	90	1	7	8	2	1	1	middle	last	0.500	0.500	unique	unique	153	187	1
NC_085930.1	103432904	103433258	-3	1	-	NC_085930.1	103432906	103433258	SEMA3F	XM_054482829.2	-	3	2	0	2	9	10	2	2	2	middle	middle	1.000	1.000	constitutive	constitutive	114	69	2
NC_085930.1	103754610	103755375	1	1	+	NC_085930.1	103754820	103755217	CAMKV	XM_054481980.1	+	1	2	210	158	4	5	3	3	3	middle	middle	1.000	1.000	constitutive	constitutive	138	120	3
NC_085930.1	103935737	103936097	3	1	+	NC_085930.1	103935794	103936096	MST1	XM_054481685.2	+	3	2	57	1	3	4	7	7	7	middle	middle	1.000	1.000	constitutive	constitutive	112	114	7
NC_085930.1	103936100	103936520	3	1	+	NC_085930.1	103936175	103936509	MST1	XM_054481685.2	+	3	2	75	11	5	6	7	7	6	middle	middle	1.000	0.857	constitutive	alternative	136	116	6
NC_085930.1	103936100	103936520	3	1	+	NC_085930.1	103936175	103936513	MST1	XM_054481686.2	+	3	2	75	7	5	6	7	7	1	middle	middle	1.000	0.143	constitutive	unique	136	120	1
NC_085930.1	103938802	103939192	2	1	+	NC_085930.1	103938805	103939147	MST1	XM_054481685.2	+	2	2	3	45	15	16	7	6	6	middle	middle	0.857	0.857	alternative	alternative	106	139	6
NC_085930.1	103941472	103941757	-1	1	-	NC_085930.1	103941478	103941723	APEH	XM_054481682.2	-	1	2	34	6	16	17	3	3	3	middle	middle	1.000	1.000	constitutive	constitutive	83	80	3
NC_085930.1	103948727	103949183	-3	1	-	NC_085930.1	103948829	103949048	APEH	XM_054481682.2	-	3	2	135	102	1	2	3	3	3	first	middle	1.000	1.000	constitutive	constitutive	11	132	3
NC_085930.1	104502342	104502837	1	1	+	NC_085930.1	104502415	104502760	LAMB2	XM_054481609.2	+	1	2	73	77	5	6	2	2	2	middle	middle	1.000	1.000	constitutive	constitutive	188	63	2
NC_085930.1	104509437	104510031	1	1	+	NC_085930.1	104509496	104509918	LAMB2	XM_054481609.2	+	1	2	59	113	22	23	2	2	2	middle	middle	1.000	1.000	constitutive	constitutive	217	96	2
NC_085930.1	104518168	104518762	2	1	+	NC_085930.1	104518170	104518670	USP19	XM_054481611.2	+	2	2	2	92	10	11	47	27	47	middle	middle	0.574	1.000	alternative	constitutive	220	195	27
NC_085930.1	104518168	104518762	2	1	+	NC_085930.1	104518176	104518670	USP19	XM_054481615.2	+	2	2	8	92	10	11	47	20	47	middle	middle	0.426	1.000	alternative	constitutive	214	195	20
NC_085930.1	104608727	104609147	3	1	+	NC_085930.1	104608848	104609133	IMPDH2	XM_054481709.2	+	3	2	121	14	8	9	2	2	2	middle	middle	1.000	1.000	constitutive	constitutive	90	95	2
NC_085930.1	104616850	104617429	2	1	+	NC_085930.1	104616887	104617428	DALRD3	XM_054481711.2	+	2	2	37	1	1	2	9	8	8	first	middle	0.889	0.889	alternative	alternative	164	295	8
NC_085930.1	104975342	104976377	3	1	+	NC_085930.1	104975776	104976376	CELSR3	XM_054481599.1	+	3	2	434	1	27	28	6	6	6	middle	middle	1.000	1.000	constitutive	constitutive	112	79	6
NC_085930.1	105030931	105031378	2	1	+	NC_085930.1	105030972	105031322	COL7A1	XM_054481605.2	+	2	2	41	56	9	10	1	1	1	middle	middle	1.000	1.000	constitutive	constitutive	146	116	1
NC_085930.1	105032615	105033203	3	1	+	NC_085930.1	105032623	105032994	COL7A1	XM_054481605.2	+	3	2	8	209	14	15	1	1	1	middle	middle	1.000	1.000	constitutive	constitutive	125	143	1
NC_085930.1	105036441	105036906	1	1	+	NC_085930.1	105036541	105036898	COL7A1	XM_054481605.2	+	1	2	100	8	25	26	1	1	1	middle	middle	1.000	1.000	constitutive	constitutive	126	146	1
NC_085930.1	105038026	105038347	2	1	+	NC_085930.1	105038114	105038320	COL7A1	XM_054481605.2	+	2	2	88	27	32	33	1	1	1	middle	middle	1.000	1.000	constitutive	constitutive	80	35	1
NC_085930.1	105039533	105039869	3	1	+	NC_085930.1	105039615	105039842	COL7A1	XM_054481605.2	+	3	2	82	27	40	41	1	1	1	middle	middle	1.000	1.000	constitutive	constitutive	59	35	1
NC_085930.1	105043156	105043807	2	1	+	NC_085930.1	105043562	105043750	COL7A1	XM_054481605.2	+	2	2	406	57	58	59	1	1	1	middle	middle	1.000	1.000	constitutive	constitutive	80	35	1
NC_085930.1	105044381	105044993	3	1	+	NC_085930.1	105044718	105044912	COL7A1	XM_054481605.2	+	3	2	337	81	63	64	1	1	1	middle	middle	1.000	1.000	constitutive	constitutive	62	44	1
NC_085930.1	105047580	105048162	1	1	+	NC_085930.1	105047686	105048018	COL7A1	XM_054481605.2	+	1	2	106	144	73	74	1	1	1	middle	middle	1.000	1.000	constitutive	constitutive	200	35	1
NC_085930.1	105050655	105050889	1	1	+	NC_085930.1	105050668	105050826	COL7A1	XM_054481605.2	+	1	2	13	63	88	89	1	1	1	middle	middle	1.000	1.000	constitutive	constitutive	35	41	1
NC_085930.1	106225266	106226724	1	1	+	NC_085930.1	106225395	106226631	SCAP	XM_054481896.2	+	1	2	129	93	14	16	4	4	2	middle	middle	1.000	0.500	constitutive	alternative	201	522	2
NC_085930.1	106225266	106226724	1	1	+	NC_085930.1	106225395	106226631	SCAP	XM_054481900.2	+	1	2	129	93	14	16	4	4	2	middle	middle	1.000	0.500	constitutive	alternative	201	519	2
NC_085930.1	106231586	106234187	-3	1	-	NC_085930.1	106231621	106233981	PTPN23	XM_054481893.2	-	3	3	206	35	19	21	4	4	4	middle	middle	1.000	1.000	constitutive	constitutive	179	184	4
NC_085930.1	106233928	106234489	-1	1	-	NC_085930.1	106234068	106234473	PTPN23	XM_054481893.2	-	1	2	16	140	17	18	4	4	4	middle	middle	1.000	1.000	constitutive	constitutive	154	151	4
NC_085930.1	106236793	106237387	-1	1	-	NC_085930.1	106236935	106237360	PTPN23	XM_054481893.2	-	1	3	27	142	7	9	4	4	4	middle	middle	1.000	1.000	constitutive	constitutive	80	47	4
NC_085930.1	106630636	106631038	-1	1	-	NC_085930.1	106630638	106631023	NBEAL2	XM_054481917.2	-	1	2	15	2	51	52	3	3	3	middle	middle	1.000	1.000	constitutive	constitutive	158	148	3
NC_085930.1	106650141	106650600	-2	1	-	NC_085930.1	106650196	106650520	NBEAL2	XM_054481917.2	-	2	2	80	55	3	4	3	3	3	middle	middle	1.000	1.000	constitutive	constitutive	128	81	3
NC_085930.1	106782667	106782904	2	1	+	NC_085930.1	106782690	106782904	MYL3	XM_054481943.2	+	2	2	23	0	5	6	5	5	5	middle	last	1.000	1.000	constitutive	constitutive	77	25	5
NC_085930.1	106891814	106892465	3	1	+	NC_085930.1	106891920	106892391	LOC129033401	XM_054481937.1	+	3	2	106	74	1	2	1	1	1	first	middle	1.000	1.000	constitutive	constitutive	102	224	1
NC_085930.1	108748342	108748855	-1	1	-	NC_085930.1	108748344	108748750	TGM4	XM_054481254.2	-	1	2	105	2	3	4	6	6	6	middle	middle	1.000	1.000	constitutive	constitutive	174	138	2
NC_085930.1	108748342	108748855	-1	1	-	NC_085930.1	108748344	108748750	TGM4	XM_063661411.1	-	1	2	105	2	1	2	6	6	6	first	middle	1.000	1.000	constitutive	constitutive	174	138	4
NC_085930.1	110966542	110967061	2	1	+	NC_085930.1	110966621	110967058	HHATL	XM_054483347.1	+	2	2	79	3	3	4	1	1	1	middle	middle	1.000	1.000	constitutive	constitutive	113	194	1
NC_085930.1	114563169	114564666	1	1	+	NC_085930.1	114563269	114564666	CSRNP1	XM_054483487.2	+	1	2	100	0	6	7	3	3	3	middle	last	1.000	1.000	constitutive	constitutive	314	986	3
NC_085930.1	114569079	114569688	-2	1	-	NC_085930.1	114569095	114569451	TTC21A	XM_054483482.2	-	2	2	237	16	27	28	11	11	11	middle	middle	1.000	1.000	constitutive	constitutive	120	67	11
NC_085930.1	114577177	114577741	-1	1	-	NC_085930.1	114577358	114577637	TTC21A	XM_054483482.2	-	1	2	104	181	16	17	11	11	11	middle	middle	1.000	1.000	constitutive	constitutive	72	110	11
NC_085930.1	115422493	115422814	-1	1	-	NC_085930.1	115422495	115422797	SLC22A13	XM_054481587.2	-	1	2	17	2	6	7	1	1	1	middle	middle	1.000	1.000	constitutive	constitutive	120	94	1
NC_085930.1	133749118	133749706	2	1	+	NC_085930.1	133749254	133749673	SGO1	XM_054483036.2	+	2	2	136	33	1	2	6	6	6	first	middle	1.000	1.000	constitutive	constitutive	141	196	6
NC_085930.1	139087630	139087888	2	1	+	NC_085930.1	139087631	139087820	COL6A5	XM_054483243.1	+	2	2	1	68	29	30	2	2	2	middle	middle	1.000	1.000	constitutive	constitutive	35	36	2
NC_085930.1	151366005	151366446	1	1	+	NC_085930.1	151366048	151366437	PLS1	XM_054481244.2	+	1	2	43	9	6	7	4	4	4	middle	middle	1.000	1.000	constitutive	constitutive	165	142	4
NC_085930.1	158558412	158558757	-2	1	-	NC_085930.1	158558505	158558739	COMMD2	XM_054480243.2	-	2	2	18	93	1	2	4	1	1	first	middle	0.250	0.250	unique	unique	66	77	1
NC_085930.1	169488916	169489312	-1	1	-	NC_085930.1	169488989	169489296	KPNA4	XM_054482710.2	-	1	2	16	73	9	10	1	1	1	middle	middle	1.000	1.000	constitutive	constitutive	169	44	1
NC_085930.1	189800117	189800621	3	1	+	NC_085930.1	189800150	189800582	TTC14	XM_054481203.2	+	3	2	33	39	2	3	3	2	2	middle	middle	0.667	0.667	alternative	alternative	124	199	2
NC_085930.1	190444680	190445289	-2	1	-	NC_085930.1	190444726	190445268	LOC129032964	XM_054480868.1	-	2	2	21	46	1	2	1	1	1	first	middle	1.000	1.000	constitutive	constitutive	275	131	1
NC_085930.1	193350536	193351094	3	1	+	NC_085930.1	193350610	193350990	EIF2B5	XM_054481113.2	+	3	2	74	104	10	11	1	1	1	middle	middle	1.000	1.000	constitutive	constitutive	101	107	1
NC_085930.1	193396325	193396616	3	1	+	NC_085930.1	193396388	193396615	ABCF3	XM_054479475.2	+	3	2	63	1	8	9	2	2	2	middle	middle	1.000	1.000	constitutive	constitutive	80	59	2
NC_085930.1	193448763	193449570	1	1	+	NC_085930.1	193448791	193449430	VWA5B2	XM_054481365.2	+	1	2	28	140	14	15	10	10	10	middle	middle	1.000	1.000	constitutive	constitutive	189	344	10
NC_085930.1	193535553	193536159	1	1	+	NC_085930.1	193535554	193536126	EIF4G1	XM_054480996.2	+	1	2	1	33	13	14	5	4	5	middle	middle	0.800	1.000	alternative	constitutive	188	197	4
NC_085930.1	193535553	193536159	1	1	+	NC_085930.1	193535557	193536126	EIF4G1	XM_054480999.2	+	1	2	4	33	13	14	5	1	5	middle	middle	0.200	1.000	unique	constitutive	185	197	1
NC_085930.1	193553826	193554528	1	1	+	NC_085930.1	193553881	193554406	FAM131A	XM_054481015.2	+	1	2	55	122	3	4	9	2	9	middle	middle	0.222	1.000	alternative	constitutive	93	182	2
NC_085930.1	193553826	193554528	1	1	+	NC_085930.1	193553905	193554406	FAM131A	XM_054481016.2	+	1	2	79	122	1	2	9	7	9	first	middle	0.778	1.000	alternative	constitutive	69	182	7
NC_085930.1	193569913	193570729	-1	1	-	NC_085930.1	193569953	193570269	CLCN2	XM_054481012.2	-	1	2	460	40	5	6	2	2	2	middle	middle	1.000	1.000	constitutive	constitutive	133	77	2
NC_085930.1	193591902	193592973	1	1	+	NC_085930.1	193592161	193592637	CHRD	XM_054481033.2	+	1	2	259	336	1	2	5	5	5	first	middle	1.000	1.000	constitutive	constitutive	147	103	5
NC_085930.1	193796872	193797928	2	1	+	NC_085930.1	193797131	193797894	EPHB3	XM_054481038.2	+	2	3	259	34	12	14	2	2	2	middle	middle	1.000	1.000	constitutive	constitutive	215	193	2
NC_085930.1	195317473	195318115	-1	1	-	NC_085930.1	195317536	195317980	ETV5	XM_054482611.2	-	1	3	135	63	1	3	2	1	2	first	middle	0.500	1.000	unique	constitutive	44	47	1
NC_085930.1	195317473	195318115	-1	1	-	NC_085930.1	195317536	195318054	ETV5	XM_063662497.1	-	1	3	61	63	2	4	2	1	2	middle	middle	0.500	1.000	unique	constitutive	118	47	1
NC_085930.1	203898331	203898808	-1	1	-	NC_085930.1	203898473	203898808	LSG1	XM_054483808.2	-	1	2	0	142	9	10	1	1	1	middle	middle	1.000	1.000	constitutive	constitutive	101	143	1
NC_085930.1	205645310	205645898	3	1	+	NC_085930.1	205645441	205645893	LOC129032991	XM_054480884.1	+	3	2	131	5	6	7	1	1	1	middle	middle	1.000	1.000	constitutive	constitutive	179	125	1
NC_085930.1	206152403	206153618	-3	1	-	NC_085930.1	206152482	206153586	TNK2	XM_054480440.2	-	3	2	32	79	7	8	29	29	29	middle	middle	1.000	1.000	constitutive	constitutive	126	146	29
NC_085930.1	207184079	207184490	3	1	+	NC_085930.1	207184081	207184478	SENP5	XM_054480480.2	+	3	2	2	12	2	3	2	2	2	middle	middle	1.000	1.000	constitutive	constitutive	105	138	2
NC_085930.1	207292574	207293093	-3	1	-	NC_085930.1	207292685	207292993	MELTF	XM_054480484.2	-	3	2	100	111	12	13	6	5	5	middle	middle	0.833	0.833	alternative	alternative	156	67	5
NC_085930.1	208366258	208366846	2	1	+	NC_085930.1	208366389	208366841	LOC129033010	XM_054480901.1	+	2	2	131	5	7	8	1	1	1	middle	middle	1.000	1.000	constitutive	constitutive	179	125	1
NC_085930.1	208368989	208370558	3	1	+	NC_085930.1	208369140	208370358	LOC129033010	XM_054480901.1	+	3	2	151	200	11	12	1	1	1	middle	middle	1.000	1.000	constitutive	constitutive	90	167	1
NC_085930.1	208470647	208470947	-3	1	-	NC_085930.1	208470716	208470884	LOC129033011	XM_063661435.1	-	3	2	63	69	10	12	1	1	1	middle	middle	1.000	1.000	constitutive	constitutive	36	43	1
NC_085930.1	234776	235337	-3	1	-	NC_085930.1	234819	235245	ST3GAL6	XM_054480023.2	-	3	2	92	43	7	8	11	11	11	middle	middle	1.000	1.000	constitutive	constitutive	186	137	11
NC_085930.1	46014663	46015215	1	1	+	NC_085930.1	46014692	46015214	BOC	XM_054480663.2	+	1	2	29	1	15	16	8	8	3	middle	middle	1.000	0.375	constitutive	alternative	232	76	3
NC_085930.1	46014663	46015215	1	1	+	NC_085930.1	46014692	46015214	BOC	XM_063661634.1	+	1	2	29	1	16	17	8	8	5	middle	middle	1.000	0.625	constitutive	alternative	232	178	5
NC_085930.1	46346795	46347323	3	1	+	NC_085930.1	46346921	46347227	SIDT1	XM_054480697.2	+	3	2	126	96	23	24	5	5	5	middle	middle	1.000	1.000	constitutive	constitutive	105	110	5
NC_085930.1	52566169	52566904	2	1	+	NC_085930.1	52566430	52566890	NR1I2	XM_054482766.2	+	2	2	261	14	5	6	2	2	2	middle	middle	1.000	1.000	constitutive	constitutive	142	116	2
NC_085930.1	53209391	53209832	-3	1	-	NC_085930.1	53209572	53209781	FSTL1	XM_054481998.2	-	3	2	51	181	1	2	1	1	1	first	middle	1.000	1.000	constitutive	constitutive	2	56	1
NC_085930.1	55690038	55690788	-2	1	-	NC_085930.1	55690107	55690529	SEMA5B	XM_054482446.2	-	2	2	259	69	17	18	9	9	7	middle	middle	1.000	0.778	constitutive	alternative	170	149	7
NC_085930.1	55690038	55690788	-2	1	-	NC_085930.1	55690107	55690529	SEMA5B	XM_054482449.2	-	2	2	259	69	17	18	9	9	2	middle	middle	1.000	0.222	constitutive	alternative	170	146	2
NC_085930.1	59175888	59176272	-2	1	-	NC_085930.1	59175890	59176242	UROC1	XM_054480794.1	-	2	2	30	2	5	6	1	1	1	middle	middle	1.000	1.000	constitutive	constitutive	128	61	1
NC_085930.1	59692037	59692694	3	1	+	NC_085930.1	59692265	59692623	PLXNA1	XM_054481486.2	+	3	2	228	71	5	6	2	2	2	middle	middle	1.000	1.000	constitutive	constitutive	123	153	2
NC_085930.1	59701500	59702010	1	1	+	NC_085930.1	59701562	59702009	PLXNA1	XM_054481486.2	+	1	2	62	1	11	12	2	2	2	middle	middle	1.000	1.000	constitutive	constitutive	193	151	2
NC_085930.1	59703630	59705073	1	1	+	NC_085930.1	59703891	59705055	PLXNA1	XM_054481486.2	+	1	3	261	18	15	17	2	2	2	middle	middle	1.000	1.000	constitutive	constitutive	167	239	2
NC_085930.1	60263895	60264243	-2	1	-	NC_085930.1	60263961	60264216	TPRA1	XM_054481240.2	-	2	2	27	66	3	4	4	4	4	middle	middle	1.000	1.000	constitutive	constitutive	86	72	4
NC_085930.1	62290291	62290708	-1	1	-	NC_085930.1	62290373	62290686	PLXND1	XM_054482213.2	-	1	2	22	82	21	22	2	2	2	middle	middle	1.000	1.000	constitutive	constitutive	107	112	2
NC_085930.1	64509527	64509941	3	1	+	NC_085930.1	64509570	64509875	NUP210	XM_054480320.2	+	3	2	43	66	19	20	1	1	1	middle	middle	1.000	1.000	constitutive	constitutive	104	101	1
NC_085930.1	67961270	67961834	-3	1	-	NC_085930.1	67961447	67961806	CRELD1	XM_054481414.2	-	3	2	28	177	8	9	2	2	2	middle	middle	1.000	1.000	constitutive	constitutive	83	95	2
NC_085930.1	95369939	95370617	-3	1	-	NC_085930.1	95370200	95370577	FLNB	XM_054479642.2	-	3	2	40	261	37	38	5	5	5	middle	middle	1.000	1.000	constitutive	constitutive	152	122	5
NC_085931.1	26682922	26683174	-2	1	-	NC_085931.1	26682943	26683146	LOC129023613	XM_063663411.1	-	2	2	28	21	49	50	1	1	1	middle	middle	1.000	1.000	constitutive	constitutive	28	72	1
NC_085931.1	27168541	27169063	-2	1	-	NC_085931.1	27168542	27169062	LOC134739365	XM_063663361.1	-	2	2	1	1	5	6	1	1	1	middle	last	1.000	1.000	constitutive	constitutive	178	305	1
NC_085931.1	28165320	28166175	1	1	+	NC_085931.1	28165321	28166175	BCL2L13	XM_054469447.2	+	1	2	1	0	6	8	1	1	1	middle	last	1.000	1.000	constitutive	constitutive	395	422	1
NC_085931.1	28227627	28228098	-3	1	-	NC_085931.1	28227628	28227964	MICAL3	XM_054470576.2	-	3	2	134	1	30	31	13	11	11	middle	last	0.846	0.846	alternative	alternative	73	181	11
NC_085931.1	28894318	28894762	2	1	+	NC_085931.1	28894414	28894762	PRODH	XM_054470120.2	+	2	2	96	0	13	14	3	3	3	middle	last	1.000	1.000	constitutive	constitutive	88	184	3
NC_085931.1	29709745	29710492	-2	1	-	NC_085931.1	29709843	29710342	LOC129022799	XM_063662782.1	-	2	2	150	98	1	2	3	1	1	first	middle	0.333	0.333	unique	unique	45	300	1
NC_085931.1	30249679	30253537	-2	1	-	NC_085931.1	30249680	30253321	LOC129023698	XM_063662928.1	-	2	2	216	1	3	5	1	1	1	middle	last	1.000	1.000	constitutive	constitutive	3140	422	1
NC_085931.1	30443973	30446223	1	1	+	NC_085931.1	30443974	30446223	LOC129023699	XM_063662929.1	+	1	2	1	0	2	4	1	1	1	middle	last	1.000	1.000	constitutive	constitutive	1463	713	1
NC_085931.1	31501566	31502205	-3	1	-	NC_085931.1	31501753	31502132	PI4KA	XM_054469095.2	-	3	2	73	187	37	38	2	2	2	middle	middle	1.000	1.000	constitutive	constitutive	119	79	2
NC_085931.1	31755429	31756005	1	1	+	NC_085931.1	31755433	31755661	AIFM3	XM_054469107.2	+	1	2	4	344	12	13	7	7	7	middle	middle	1.000	1.000	constitutive	constitutive	71	63	7
NC_085931.1	31756077	31756650	1	1	+	NC_085931.1	31756265	31756570	AIFM3	XM_054469107.2	+	1	2	188	80	14	15	7	7	7	middle	middle	1.000	1.000	constitutive	constitutive	76	117	7
NC_085931.1	31774001	31774781	3	1	+	NC_085931.1	31774150	31774516	LZTR1	XM_054469101.2	+	3	2	149	265	17	18	1	1	1	middle	middle	1.000	1.000	constitutive	constitutive	126	149	1
NC_085931.1	31807147	31807597	-2	1	-	NC_085931.1	31807148	31807534	SLC7A4	XM_054469128.2	-	2	2	63	1	3	4	2	2	2	middle	last	1.000	1.000	constitutive	constitutive	108	172	2
NC_085931.1	32127452	32128316	3	1	+	NC_085931.1	32127487	32128315	SCARF2	XM_054469136.2	+	3	2	35	1	3	4	3	3	3	middle	middle	1.000	1.000	constitutive	constitutive	101	519	3
NC_085931.1	32840044	32841016	-2	1	-	NC_085931.1	32840045	32840966	TBX1	XM_054469233.2	-	2	2	50	1	8	9	3	3	3	middle	last	1.000	1.000	constitutive	constitutive	100	478	3
NC_085931.1	33468868	33469759	2	1	+	NC_085931.1	33468962	33469585	GSC2	XM_054469296.2	+	2	2	94	174	1	2	1	1	1	first	middle	1.000	1.000	constitutive	constitutive	258	253	1
NC_085931.1	34078912	34079332	-2	1	-	NC_085931.1	34078918	34079313	SUSD2	XM_054469262.2	-	2	2	19	6	10	11	1	1	1	middle	middle	1.000	1.000	constitutive	constitutive	143	158	1
NC_085931.1	35156601	35157153	1	1	+	NC_085931.1	35156629	35157129	CHCHD10	XM_054469387.2	+	1	2	28	24	1	2	1	1	1	first	middle	1.000	1.000	constitutive	constitutive	40	219	1
NC_085931.1	40133314	40133704	2	1	+	NC_085931.1	40133429	40133641	EMID1	XM_054470224.2	+	2	2	115	63	12	13	6	6	6	middle	middle	1.000	1.000	constitutive	constitutive	62	44	6
NC_085931.1	40229014	40229593	-2	1	-	NC_085931.1	40229015	40229529	AP1B1	XM_054470202.2	-	2	2	64	1	19	20	12	10	6	middle	last	0.833	0.500	alternative	alternative	86	337	6
NC_085931.1	40229014	40229593	-2	1	-	NC_085931.1	40229198	40229529	AP1B1	XM_054470204.2	-	2	2	64	184	19	20	12	10	4	middle	middle	0.833	0.333	alternative	alternative	86	154	4
NC_085931.1	41407554	41407911	-3	1	-	NC_085931.1	41407556	41407877	SEC14L4	XM_063662683.1	-	3	2	34	2	9	10	2	2	2	middle	middle	1.000	1.000	constitutive	constitutive	106	139	2
NC_085931.1	41440809	41441508	-3	1	-	NC_085931.1	41440810	41441329	LOC129023524	XM_054470322.2	-	3	2	179	1	12	13	4	4	4	middle	last	1.000	1.000	constitutive	constitutive	169	109	4
NC_085931.1	41441419	41441776	-2	1	-	NC_085931.1	41441421	41441742	LOC129023524	XM_054470322.2	-	2	2	34	2	10	11	4	4	4	middle	middle	1.000	1.000	constitutive	constitutive	106	139	4
NC_085931.1	41493236	41493848	-1	1	-	NC_085931.1	41493345	41493811	PES1	XM_054470333.2	-	1	2	37	109	13	14	1	1	1	middle	middle	1.000	1.000	constitutive	constitutive	166	161	1
NC_085931.1	41804590	41805217	2	1	+	NC_085931.1	41804704	41805160	OSBP2	XM_054470340.2	+	2	2	114	57	6	7	8	8	6	middle	middle	1.000	0.750	constitutive	alternative	54	146	6
NC_085931.1	41804590	41805217	2	1	+	NC_085931.1	41804704	41805160	OSBP2	XM_054470342.2	+	2	2	114	57	6	7	8	8	2	middle	middle	1.000	0.250	constitutive	alternative	54	116	2
NC_085931.1	42010213	42010570	2	1	+	NC_085931.1	42010241	42010547	SMTN	XM_054470357.2	+	2	2	28	23	11	12	7	7	7	middle	middle	1.000	1.000	constitutive	constitutive	152	75	7
NC_085931.1	42011462	42012329	3	1	+	NC_085931.1	42011674	42011997	SMTN	XM_054470357.2	+	3	2	212	332	13	14	7	5	5	middle	middle	0.714	0.714	alternative	alternative	164	62	5
NC_085931.1	42048213	42048591	1	1	+	NC_085931.1	42048250	42048558	INPP5J	XM_054470364.2	+	1	2	37	33	10	11	9	9	9	middle	middle	1.000	1.000	constitutive	constitutive	77	104	9
NC_085931.1	42206083	42206590	-2	1	-	NC_085931.1	42206137	42206466	PIK3IP1	XM_054470387.2	-	2	2	124	54	2	3	1	1	1	middle	middle	1.000	1.000	constitutive	constitutive	116	119	1
NC_085931.1	42528847	42529276	2	1	+	NC_085931.1	42528976	42529276	SFI1	XM_054470389.2	+	2	2	129	0	31	32	47	46	46	middle	last	0.979	0.979	alternative	alternative	111	101	46
NC_085931.1	42821559	42822093	1	1	+	NC_085931.1	42821583	42822093	DEPDC5	XM_054470437.2	+	1	2	24	0	41	42	17	13	13	middle	last	0.765	0.765	alternative	alternative	82	289	13
NC_085931.1	48614095	48614638	2	1	+	NC_085931.1	48614255	48614561	GGA1	XM_054469616.2	+	2	2	160	77	8	9	3	3	3	middle	middle	1.000	1.000	constitutive	constitutive	140	81	3
NC_085931.1	49708425	49709298	-3	1	-	NC_085931.1	49708737	49709224	SUN2	XM_054470584.2	-	3	2	74	312	2	3	7	5	7	middle	middle	0.714	1.000	alternative	constitutive	175	137	5
NC_085931.1	49708425	49709298	-3	1	-	NC_085931.1	49708737	49709134	SUN2	XM_054470589.2	-	3	2	164	312	2	3	7	2	7	middle	middle	0.286	1.000	alternative	constitutive	85	137	2
NC_085931.1	49947231	49948002	1	1	+	NC_085931.1	49947370	49948001	APOBEC3B	XM_054470458.2	+	1	2	139	1	3	4	1	1	1	middle	middle	1.000	1.000	constitutive	constitutive	279	144	1
NC_085931.1	51298624	51299071	2	1	+	NC_085931.1	51298649	51299013	ADSL	XM_054469568.2	+	2	2	25	58	8	9	2	2	2	middle	middle	1.000	1.000	constitutive	constitutive	69	147	2
NC_085931.1	51344884	51345610	2	1	+	NC_085931.1	51344954	51345505	SGSM3	XM_054469577.2	+	2	3	70	105	11	13	11	11	11	middle	middle	1.000	1.000	constitutive	constitutive	54	155	11
NC_085931.1	52456741	52457464	2	1	+	NC_085931.1	52456769	52457278	ACO2	XM_054469927.2	+	2	2	28	186	13	14	2	2	2	middle	middle	1.000	1.000	constitutive	constitutive	122	155	2
NC_085931.1	52841967	52843176	-3	1	-	NC_085931.1	52841968	52842938	SHISA8	XM_054469949.2	-	3	2	238	1	3	4	2	1	2	middle	last	0.500	1.000	unique	constitutive	311	382	1
NC_085931.1	52841967	52843176	-3	1	-	NC_085931.1	52841968	52843058	SHISA8	XM_054469950.2	-	3	2	118	1	3	4	2	1	2	middle	last	0.500	1.000	unique	constitutive	431	382	1
NC_085931.1	53062576	53063767	2	1	+	NC_085931.1	53062889	53063766	LOC129023336	XM_063662971.1	+	2	2	313	1	3	4	1	1	1	middle	middle	1.000	1.000	constitutive	constitutive	42	528	1
NC_085931.1	53074617	53075808	1	1	+	NC_085931.1	53074930	53075807	LOC129023333	XM_054469969.2	+	1	2	313	1	3	4	2	2	2	middle	middle	1.000	1.000	constitutive	constitutive	42	528	2
NC_085931.1	55875415	55876207	-2	1	-	NC_085931.1	55875509	55876021	PHF21B	XM_054469869.2	-	2	2	186	94	11	12	5	5	5	middle	middle	1.000	1.000	constitutive	constitutive	75	103	5
NC_085931.1	56197854	56198496	-3	1	-	NC_085931.1	56197882	56198394	KIAA0930	XM_054469801.2	-	3	2	102	28	4	5	2	2	2	middle	middle	1.000	1.000	constitutive	constitutive	77	101	2
NC_085931.1	57893073	57896994	1	1	+	NC_085931.1	57893971	57896832	LOC134739273	XM_063662924.1	+	1	3	898	162	1	3	1	1	1	first	last	1.000	1.000	constitutive	constitutive	609	562	1
NC_085931.1	61149142	61151152	2	1	+	NC_085931.1	61150410	61151102	PIM3	XM_054470089.2	+	2	2	1268	50	2	4	1	1	1	middle	middle	1.000	1.000	constitutive	constitutive	109	369	1
NC_085931.1	61184632	61185073	-2	1	-	NC_085931.1	61184633	61185028	IL17REL	XM_054469726.2	-	2	2	45	1	14	15	1	1	1	middle	last	1.000	1.000	constitutive	constitutive	80	182	1
NC_085931.1	61405435	61406041	-2	1	-	NC_085931.1	61405471	61405876	TUBGCP6	XM_054470126.2	-	2	2	165	36	21	22	1	1	1	middle	middle	1.000	1.000	constitutive	constitutive	194	132	1
NC_085931.1	61436482	61437403	-2	1	-	NC_085931.1	61436484	61436813	HDAC10	XM_054470128.2	-	2	2	590	2	5	6	16	16	16	middle	middle	1.000	1.000	constitutive	constitutive	104	68	16
NC_085931.1	61442632	61443181	-2	1	-	NC_085931.1	61442764	61443154	MAPK12	XM_054470137.2	-	2	2	27	132	8	9	15	15	6	middle	middle	1.000	0.400	constitutive	alternative	114	71	6
NC_085931.1	61442632	61443181	-2	1	-	NC_085931.1	61442764	61443154	MAPK12	XM_063663323.1	-	2	2	27	132	8	9	15	15	9	middle	middle	1.000	0.600	constitutive	alternative	114	95	9
NC_085931.1	61453886	61454558	-1	1	-	NC_085931.1	61454240	61454480	MAPK11	XM_054470140.2	-	1	2	78	354	6	7	5	5	5	middle	middle	1.000	1.000	constitutive	constitutive	47	114	5
NC_085931.1	61454875	61455487	-2	1	-	NC_085931.1	61454877	61455254	MAPK11	XM_054470140.2	-	2	2	233	2	2	3	5	4	4	middle	middle	0.800	0.800	alternative	alternative	129	58	4
NC_085931.1	61470131	61470743	-1	1	-	NC_085931.1	61470205	61470591	PLXNB2	XM_054470144.2	-	1	2	152	74	14	15	29	29	29	middle	middle	1.000	1.000	constitutive	constitutive	108	136	29
NC_085931.1	61499328	61501254	-3	1	-	NC_085931.1	61499389	61500483	DENND6B	XM_054469706.2	-	3	4	771	61	16	19	7	7	7	middle	middle	1.000	1.000	constitutive	constitutive	53	74	7
NC_085931.1	61614939	61615623	1	1	+	NC_085931.1	61614963	61615418	PPP6R2	XM_054470490.2	+	1	2	24	205	15	16	46	46	46	middle	middle	1.000	1.000	constitutive	constitutive	57	124	46
NC_085931.1	61633246	61633969	-2	1	-	NC_085931.1	61633337	61633785	SBF1	XM_054470484.2	-	2	2	184	91	31	32	6	6	6	middle	middle	1.000	1.000	constitutive	constitutive	181	179	6
NC_085931.1	61637326	61637830	-2	1	-	NC_085931.1	61637368	61637809	SBF1	XM_054470484.2	-	2	2	21	42	25	26	6	6	6	middle	middle	1.000	1.000	constitutive	constitutive	178	136	6
NC_085931.1	61642928	61643522	-1	1	-	NC_085931.1	61643001	61643298	SBF1	XM_054470484.2	-	1	2	224	73	9	10	6	6	6	middle	middle	1.000	1.000	constitutive	constitutive	108	113	6
NC_085931.1	61664766	61665324	1	1	+	NC_085931.1	61664851	61665303	MIOX	XM_054470516.1	+	1	2	85	21	4	5	2	2	2	middle	middle	1.000	1.000	constitutive	constitutive	162	67	2
NC_085931.1	61683289	61683697	-2	1	-	NC_085931.1	61683291	61683679	LMF2	XM_054468983.2	-	2	2	18	2	11	12	1	1	1	middle	middle	1.000	1.000	constitutive	constitutive	168	111	1
NC_085931.1	61700331	61700640	1	1	+	NC_085931.1	61700348	61700613	NCAPH2	XM_054468985.2	+	1	2	17	27	13	14	5	5	5	middle	middle	1.000	1.000	constitutive	constitutive	53	70	5
NC_085931.1	61709185	61709722	-2	1	-	NC_085931.1	61709248	61709594	CIMAP1B	XM_054468997.2	-	2	2	128	63	4	5	11	1	1	middle	middle	0.091	0.091	unique	unique	121	140	1
NC_085931.1	61757663	61758317	-1	1	-	NC_085931.1	61757838	61758239	CPT1B	XM_054469639.2	-	1	2	78	175	14	15	4	4	4	middle	middle	1.000	1.000	constitutive	constitutive	134	152	4
NC_085931.1	61867844	61868234	3	1	+	NC_085931.1	61867857	61868192	SHANK3	XM_054469675.2	+	3	2	13	42	4	5	4	4	4	middle	middle	1.000	1.000	constitutive	constitutive	108	151	4
