chr	start	end	frame	filler	strand	chr	first_exon_start	last_exon_end	gene	transcript	exon_strand	exon_frame	exon_count	upstream_len_in_scfr	downstream_len_in_scfr	first_exon_number	last_exon_number	gene_tx_count	first_exon_tx_count	last_exon_tx_count	first_exon_order	last_exon_order	first_exon_sharing	last_exon_sharing	first_exon_splicing	last_exon_splicing	first_exon_overlap	last_exon_overlap	merged_txs
NC_072398.2	178653996	178654362	1	1	+	NC_072398.2	178654005	178654338	CC2D1B	XM_016918308.3	+	1	2	9	24	22	23	6	6	4	middle	middle	1.000	0.667	constitutive	alternative	90	89	4
NC_072398.2	178653996	178654362	1	1	+	NC_072398.2	178654005	178654095	CC2D1B	XM_016918318.3	+	1	1	9	267	22	22	6	6	6	middle	middle	1.000	1.000	constitutive	constitutive	90	90	2
NC_072398.2	186975159	186975705	-1	1	-	NC_072398.2	186975161	186975588	CCDC24	XM_016961107.4	-	1	2	117	2	2	3	26	4	23	middle	middle	0.154	0.885	alternative	alternative	214	116	4
NC_072398.2	186975159	186975705	-1	1	-	NC_072398.2	186975161	186975588	CCDC24	XM_016961116.4	-	1	2	117	2	2	3	26	4	23	middle	middle	0.154	0.885	alternative	alternative	175	116	4
NC_072398.2	186975159	186975705	-1	1	-	NC_072398.2	186975161	186975480	CCDC24	XM_016961129.4	-	1	2	225	2	2	3	26	1	23	middle	middle	0.038	0.885	unique	alternative	106	116	1
NC_072398.2	186975159	186975705	-1	1	-	NC_072398.2	186975161	186975480	CCDC24	XM_016961139.4	-	1	2	225	2	2	3	26	3	23	middle	middle	0.115	0.885	alternative	alternative	67	116	3
NC_072398.2	186975159	186975705	-1	1	-	NC_072398.2	186975161	186975582	CCDC24	XM_024345192.3	-	1	2	123	2	1	2	26	1	23	first	middle	0.038	0.885	unique	alternative	208	116	1
NC_072398.2	186975159	186975705	-1	1	-	NC_072398.2	186975161	186975582	CCDC24	XM_054666357.2	-	1	2	123	2	1	2	26	1	23	first	middle	0.038	0.885	unique	alternative	169	116	1
NC_072398.2	186975159	186975705	-1	1	-	NC_072398.2	186975161	186975647	CCDC24	XM_063781600.1	-	1	2	58	2	2	3	26	5	23	middle	middle	0.192	0.885	alternative	alternative	273	116	5
NC_072398.2	186975159	186975705	-1	1	-	NC_072398.2	186975161	186975647	CCDC24	XM_063781619.1	-	1	2	58	2	2	3	26	6	23	middle	middle	0.231	0.885	alternative	alternative	234	116	4
NC_072398.2	186975159	186975705	-1	1	-	NC_072398.2	186975413	186975647	CCDC24	XM_063781662.1	-	1	1	58	254	2	2	26	6	6	middle	middle	0.231	0.231	alternative	alternative	234	234	2
NC_072398.2	186975159	186975705	-1	1	-	NC_072398.2	186975161	186975180	CCDC24	XM_063781698.1	-	1	1	525	2	1	1	26	1	1	first	first	0.038	0.038	unique	unique	19	19	1
NC_072398.2	195414035	195414671	-2	1	-	NC_072398.2	195414338	195414389	TFAP2E	XM_016949057.3	-	2	1	282	303	4	4	1	1	1	middle	middle	1.000	1.000	constitutive	constitutive	51	51	1
NC_072398.2	195414035	195414671	-2	1	-	NC_072398.2	195414176	195414302	LOC134807882	XM_063789707.1	-	2	1	369	141	1	1	1	1	1	first	first	1.000	1.000	constitutive	constitutive	126	126	1
NC_072398.2	203119116	203119782	-1	1	-	NC_072398.2	203119383	203119523	THEMIS2	XM_016957282.3	-	1	1	259	267	2	2	5	5	5	middle	middle	1.000	1.000	constitutive	constitutive	140	140	4
NC_072398.2	203119116	203119782	-1	1	-	NC_072398.2	203119383	203119671	THEMIS2	XM_063804009.1	-	1	2	111	267	1	2	5	1	5	first	middle	0.200	1.000	unique	constitutive	39	140	1
NC_072398.2	203633663	203634461	3	1	+	NC_072398.2	203634264	203634440	MAP3K6	XM_024357265.3	+	3	1	601	21	22	22	6	5	5	middle	middle	0.833	0.833	alternative	alternative	176	176	5
NC_072398.2	203633663	203634461	3	1	+	NC_072398.2	203633834	203634129	MAP3K6	XM_054664498.2	+	3	1	171	332	22	22	6	1	1	middle	middle	0.167	0.167	unique	unique	295	295	1
NC_072398.2	207225049	207225523	2	1	+	NC_072398.2	207225071	207225497	GALE	XM_016956270.3	+	2	2	22	26	8	9	6	4	6	middle	middle	0.667	1.000	alternative	constitutive	77	114	4
NC_072398.2	207225049	207225523	2	1	+	NC_072398.2	207225383	207225497	GALE	XM_016956279.4	+	2	1	334	26	8	8	6	6	6	middle	middle	1.000	1.000	constitutive	constitutive	114	114	2
NC_072398.2	209909617	209910421	2	1	+	NC_072398.2	209909936	209909986	ECE1	XM_001162780.7	+	2	1	319	435	1	1	9	1	1	first	first	0.111	0.111	unique	unique	50	50	1
NC_072398.2	209909617	209910421	2	1	+	NC_072398.2	209910168	209910254	ECE1	XM_063804517.1	+	2	1	551	167	2	2	9	1	1	middle	middle	0.111	0.111	unique	unique	86	86	1
NC_072398.2	211891146	211891746	1	1	+	NC_072398.2	211891193	211891677	AKR7A2	XM_001163068.7	+	1	2	47	69	2	3	2	2	1	middle	middle	1.000	0.500	constitutive	unique	187	104	1
NC_072398.2	211891146	211891746	1	1	+	NC_072398.2	211891193	211891380	AKR7A2	XM_063785489.1	+	1	1	47	366	2	2	2	2	2	middle	middle	1.000	1.000	constitutive	constitutive	187	187	1
NC_072398.2	211913370	211913967	1	1	+	NC_072398.2	211913414	211913898	AKR7A3	XM_016938180.3	+	1	2	44	69	2	3	2	2	1	middle	middle	1.000	0.500	constitutive	unique	187	104	1
NC_072398.2	211913370	211913967	1	1	+	NC_072398.2	211913414	211913601	AKR7A3	XM_016938218.3	+	1	1	44	366	2	2	2	2	2	middle	middle	1.000	1.000	constitutive	constitutive	187	187	1
NC_072398.2	211928805	211929447	1	1	+	NC_072398.2	211928894	211929378	LOC742959	XM_024354779.3	+	1	2	89	69	2	3	5	5	3	middle	middle	1.000	0.600	constitutive	alternative	187	104	3
NC_072398.2	211928805	211929447	1	1	+	NC_072398.2	211928894	211929081	LOC742959	XM_024354780.3	+	1	1	89	366	2	2	5	5	5	middle	middle	1.000	1.000	constitutive	constitutive	187	187	2
NC_072398.2	21210507	21211005	-1	1	-	NC_072398.2	21210508	21210692	GUK1	XM_016940247.3	-	1	1	313	1	7	7	12	6	6	last	last	0.500	0.500	alternative	alternative	184	184	6
NC_072398.2	21210507	21211005	-1	1	-	NC_072398.2	21210901	21210986	GUK1	XM_016940259.3	-	1	1	19	394	7	7	12	6	6	middle	middle	0.500	0.500	alternative	alternative	85	85	6
NC_072398.2	21256505	21256925	3	1	+	NC_072398.2	21256529	21256907	C1H1orf35	XM_016940227.3	+	3	2	24	18	3	5	3	2	2	middle	middle	0.667	0.667	alternative	alternative	45	72	2
NC_072398.2	21256505	21256925	3	1	+	NC_072398.2	21256657	21256739	C1H1orf35	XM_016940229.3	+	3	1	152	186	4	4	3	1	1	middle	middle	0.333	0.333	unique	unique	82	82	1
NC_072398.2	214225381	214226212	2	1	+	NC_072398.2	214225389	214225789	ATP13A2	XM_016954962.4	+	2	2	8	423	21	22	19	19	16	middle	middle	1.000	0.842	constitutive	alternative	160	116	16
NC_072398.2	214225381	214226212	2	1	+	NC_072398.2	214225389	214225549	ATP13A2	XM_016954983.4	+	2	1	8	663	21	21	19	19	19	middle	middle	1.000	1.000	constitutive	constitutive	160	160	3
NC_072398.2	220336162	220336666	-3	1	-	NC_072398.2	220336193	220336328	FBXO44	XM_001138245.7	-	3	1	338	31	4	4	21	9	9	middle	middle	0.429	0.429	alternative	alternative	135	135	9
NC_072398.2	220336162	220336666	-3	1	-	NC_072398.2	220336436	220336531	FBXO44	XM_016953995.4	-	3	1	135	274	3	3	21	6	6	middle	middle	0.286	0.286	alternative	alternative	95	95	6
NC_072398.2	222276860	222277574	-2	1	-	NC_072398.2	222276888	222277556	PIK3CD	XM_016953669.4	-	2	2	18	28	4	5	29	23	15	middle	middle	0.793	0.517	alternative	alternative	179	149	15
NC_072398.2	222276860	222277574	-2	1	-	NC_072398.2	222276888	222277556	PIK3CD	XM_054662618.2	-	2	2	18	28	4	5	29	23	8	middle	middle	0.793	0.276	alternative	alternative	179	62	8
NC_072398.2	222276860	222277574	-2	1	-	NC_072398.2	222276888	222277026	PIK3CD	XM_063786556.1	-	2	1	548	28	2	2	29	6	6	middle	middle	0.207	0.207	alternative	alternative	138	138	6
NC_072398.2	225855533	225856160	3	1	+	NC_072398.2	225855598	225855764	CHD5	XM_016953031.4	+	3	1	65	396	8	8	5	4	4	middle	middle	0.800	0.800	alternative	alternative	166	166	4
NC_072398.2	225855533	225856160	3	1	+	NC_072398.2	225855935	225856133	CHD5	XM_054662072.2	+	3	1	402	27	4	4	5	1	1	middle	middle	0.200	0.200	unique	unique	198	198	1
NC_072398.2	229395117	229396293	-1	1	-	NC_072398.2	229396063	229396181	PRXL2B	XM_001151207.5	-	1	1	112	946	6	6	8	2	2	middle	middle	0.250	0.250	alternative	alternative	118	118	2
NC_072398.2	229395117	229396293	-1	1	-	NC_072398.2	229396063	229396149	PRXL2B	XM_003307773.4	-	1	1	144	946	6	6	8	2	2	middle	middle	0.250	0.250	alternative	alternative	86	86	2
NC_072398.2	229395117	229396293	-1	1	-	NC_072398.2	229395118	229395692	PRXL2B	XM_009446837.4	-	1	1	601	1	7	7	8	1	1	last	last	0.125	0.125	unique	unique	574	574	1
NC_072398.2	229395117	229396293	-1	1	-	NC_072398.2	229395118	229395622	PRXL2B	XM_009446846.5	-	1	1	671	1	7	7	8	1	1	last	last	0.125	0.125	unique	unique	504	504	1
NC_072398.2	230430652	230431135	-3	1	-	NC_072398.2	230430893	230430944	LOC457200	XM_016952170.4	-	3	1	191	241	11	11	4	3	3	middle	middle	0.750	0.750	alternative	alternative	51	51	3
NC_072398.2	230430652	230431135	-3	1	-	NC_072398.2	230430653	230430944	LOC457200	XM_063787507.1	-	3	2	191	1	12	13	4	1	1	middle	last	0.250	0.250	unique	unique	109	94	1
NC_072398.2	230771095	230771863	2	1	+	NC_072398.2	230771742	230771863	TNFRSF18	XM_001144452.8	+	2	1	647	0	5	5	4	2	2	last	last	0.500	0.500	alternative	alternative	121	121	2
NC_072398.2	230771095	230771863	2	1	+	NC_072398.2	230771124	230771676	TNFRSF18	XM_063787616.1	+	2	2	29	187	3	4	4	1	1	middle	middle	0.250	0.250	unique	unique	187	202	1
NC_072398.2	43068383	43068851	3	1	+	NC_072398.2	43068509	43068650	CTSE	XM_001163151.5	+	3	1	126	201	7	7	2	1	1	middle	middle	0.500	0.500	unique	unique	141	141	1
NC_072398.2	43068383	43068851	3	1	+	NC_072398.2	43068752	43068850	CTSE	XM_024351407.3	+	3	1	369	1	7	7	2	1	1	middle	middle	0.500	0.500	unique	unique	98	98	1
NC_072398.2	4478854	4479175	-3	1	-	NC_072398.2	4478960	4479070	DESI2	XM_016941941.3	-	3	1	105	106	1	1	4	1	1	first	first	0.250	0.250	unique	unique	110	110	1
NC_072398.2	4478854	4479175	-3	1	-	NC_072398.2	4479092	4479112	DESI2	XM_063790033.1	-	3	1	63	238	1	1	4	1	1	first	first	0.250	0.250	unique	unique	20	20	1
NC_072398.2	5981975	5982779	3	1	+	NC_072398.2	5982127	5982770	CEP170	XM_063809496.1	+	3	2	152	9	8	9	38	38	22	middle	middle	1.000	0.579	constitutive	alternative	163	293	22
NC_072398.2	5981975	5982779	3	1	+	NC_072398.2	5982127	5982290	CEP170	XM_063809525.1	+	3	1	152	489	8	8	38	38	38	middle	middle	1.000	1.000	constitutive	constitutive	163	163	16
NC_072398.2	88450019	88450712	-2	1	-	NC_072398.2	88450073	88450675	SLAMF7	XM_001172275.7	-	2	2	37	54	3	4	4	4	2	middle	middle	1.000	0.500	constitutive	alternative	272	119	2
NC_072398.2	88450019	88450712	-2	1	-	NC_072398.2	88450403	88450675	SLAMF7	XM_009435732.4	-	2	1	37	384	3	3	4	4	4	middle	middle	1.000	1.000	constitutive	constitutive	272	272	2
NC_072398.2	91682884	91683283	2	1	+	NC_072398.2	91683015	91683046	FCRL5	XM_009434837.5	+	2	1	131	237	15	15	8	7	7	middle	middle	0.875	0.875	alternative	alternative	31	31	7
NC_072398.2	91682884	91683283	2	1	+	NC_072398.2	91683124	91683283	FCRL5	XM_009434850.5	+	2	1	240	0	17	17	8	1	1	last	last	0.125	0.125	unique	unique	159	159	1
NC_072398.2	92267058	92267628	-1	1	-	NC_072398.2	92267059	92267600	LRRC71	XM_016929666.3	-	1	2	28	1	14	15	4	2	3	middle	last	0.500	0.750	alternative	alternative	121	113	2
NC_072398.2	92267058	92267628	-1	1	-	NC_072398.2	92267059	92267172	LRRC71	XM_054687134.2	-	1	1	456	1	13	13	4	3	3	last	last	0.750	0.750	alternative	alternative	113	113	1
NC_072398.2	92818172	92818637	-2	1	-	NC_072398.2	92818193	92818602	RHBG	NM_001009091.2	-	2	2	35	21	3	4	5	4	4	middle	middle	0.800	0.800	alternative	alternative	150	147	4
NC_072398.2	92818172	92818637	-2	1	-	NC_072398.2	92818193	92818260	RHBG	XM_054656532.2	-	2	1	377	21	3	3	5	1	1	middle	middle	0.200	0.200	unique	unique	67	67	1
NC_072398.2	93983059	93983848	-3	1	-	NC_072398.2	93983087	93983527	MTX1	XM_016928669.4	-	3	2	321	28	4	5	2	1	2	middle	middle	0.500	1.000	unique	constitutive	92	182	1
NC_072398.2	93983059	93983848	-3	1	-	NC_072398.2	93983087	93983269	MTX1	XM_063812726.1	-	3	1	579	28	4	4	2	2	2	middle	middle	1.000	1.000	constitutive	constitutive	182	182	1
NC_072398.2	94106583	94107042	-1	1	-	NC_072398.2	94106584	94107002	EFNA3	XM_003308416.4	-	1	2	40	1	4	5	2	1	2	middle	last	0.500	1.000	unique	constitutive	77	127	1
NC_072398.2	94106583	94107042	-1	1	-	NC_072398.2	94106584	94106711	EFNA3	XM_003308417.5	-	1	1	331	1	4	4	2	2	2	last	last	1.000	1.000	constitutive	constitutive	127	127	1
NC_072398.2	94131598	94132402	-3	1	-	NC_072398.2	94132280	94132349	ADAM15	XM_003308405.6	-	3	1	53	682	19	19	10	8	8	middle	middle	0.800	0.800	alternative	alternative	69	69	3
NC_072398.2	94131598	94132402	-3	1	-	NC_072398.2	94131623	94132349	ADAM15	XM_003308406.6	-	3	2	53	25	19	20	10	8	3	middle	middle	0.800	0.300	alternative	alternative	69	74	3
NC_072398.2	94131598	94132402	-3	1	-	NC_072398.2	94131623	94132349	ADAM15	XM_009433032.5	-	3	2	53	25	19	20	10	8	2	middle	middle	0.800	0.200	alternative	alternative	69	71	2
NC_072401.2	140474459	140475566	3	1	+	NC_072401.2	140475099	140475288	NOCT	XM_016952224.4	+	3	1	640	278	1	1	3	1	1	first	first	0.333	0.333	unique	unique	189	189	1
NC_072401.2	140474459	140475566	3	1	+	NC_072401.2	140475363	140475408	NOCT	XM_054683858.2	+	3	1	904	158	1	1	3	1	1	first	first	0.333	0.333	unique	unique	45	45	1
NC_072401.2	157575483	157575963	1	1	+	NC_072401.2	157575562	157575564	GUCY1B1	XM_003310554.5	+	1	1	79	399	1	1	8	2	2	first	first	0.250	0.250	alternative	alternative	2	2	2
NC_072401.2	157575483	157575963	1	1	+	NC_072401.2	157575934	157575962	GUCY1B1	XM_063809955.1	+	1	1	451	1	1	1	8	1	1	first	first	0.125	0.125	unique	unique	28	28	1
NC_072401.2	2186914	2187562	2	1	+	NC_072401.2	2187106	2187211	FGFR3	XM_016951127.3	+	2	1	192	351	16	16	11	10	10	middle	middle	0.909	0.909	alternative	alternative	105	105	10
NC_072401.2	2186914	2187562	2	1	+	NC_072401.2	2187393	2187562	FGFR3	XM_024355937.3	+	2	1	479	0	16	16	11	1	1	last	last	0.091	0.091	unique	unique	169	169	1
NC_072401.2	59310203	59311340	3	1	+	NC_072401.2	59310624	59311226	GRSF1	XM_016951608.4	+	3	1	421	114	1	1	5	1	1	first	first	0.200	0.200	unique	unique	602	602	1
NC_072401.2	59310203	59311340	3	1	+	NC_072401.2	59310624	59310983	GRSF1	XM_016951610.4	+	3	1	421	357	1	1	5	2	2	first	first	0.400	0.400	alternative	alternative	359	359	2
NC_072401.2	59310203	59311340	3	1	+	NC_072401.2	59311275	59311277	GRSF1	XM_024356132.3	+	3	1	1072	63	1	1	5	1	1	first	first	0.200	0.200	unique	unique	2	2	1
NC_072401.2	6706316	6707018	-2	1	-	NC_072401.2	6706470	6706994	PPP2R2C	XM_016951254.4	-	2	2	24	154	1	2	9	1	5	first	middle	0.111	0.556	unique	alternative	255	97	1
NC_072401.2	6706316	6707018	-2	1	-	NC_072401.2	6706470	6706567	PPP2R2C	XM_016951255.4	-	2	1	451	154	2	2	9	5	5	middle	middle	0.556	0.556	alternative	alternative	97	97	4
NC_072401.2	6706316	6707018	-2	1	-	NC_072401.2	6706470	6706572	PPP2R2C	XM_054682741.2	-	2	1	446	154	2	2	9	1	1	middle	middle	0.111	0.111	unique	unique	102	102	1
NC_072402.2	130034966	130035620	3	1	+	NC_072402.2	130035014	130035177	PDLIM4	XM_001163139.7	+	3	1	48	443	5	5	2	2	2	middle	middle	1.000	1.000	constitutive	constitutive	163	163	1
NC_072402.2	130034966	130035620	3	1	+	NC_072402.2	130035014	130035619	PDLIM4	XM_517918.8	+	3	2	48	1	5	6	2	2	1	middle	middle	1.000	0.500	constitutive	unique	163	117	1
NC_072402.2	130645955	130646321	-2	1	-	NC_072402.2	130645957	130646271	AFF4	XM_016944950.4	-	2	2	50	2	14	15	6	5	6	middle	middle	0.833	1.000	alternative	constitutive	63	136	5
NC_072402.2	130645955	130646321	-2	1	-	NC_072402.2	130645957	130646093	AFF4	XM_016944953.4	-	2	1	228	2	13	13	6	6	6	middle	middle	1.000	1.000	constitutive	constitutive	136	136	1
NC_072402.2	148104706	148105327	2	1	+	NC_072402.2	148104770	148105273	TCOF1	XM_016954040.4	+	2	2	64	54	16	17	10	7	10	middle	middle	0.700	1.000	alternative	constitutive	179	200	7
NC_072402.2	148104706	148105327	2	1	+	NC_072402.2	148105073	148105273	TCOF1	XM_016954044.4	+	2	1	367	54	16	16	10	10	10	middle	middle	1.000	1.000	constitutive	constitutive	200	200	3
NC_072402.2	148127999	148128923	-2	1	-	NC_072402.2	148128083	148128145	CD74	NM_001144836.1	-	2	1	778	84	7	7	2	2	2	middle	middle	1.000	1.000	constitutive	constitutive	62	62	1
NC_072402.2	148127999	148128923	-2	1	-	NC_072402.2	148128083	148128829	CD74	XM_009449776.4	-	2	2	94	84	7	8	2	1	2	middle	middle	0.500	1.000	unique	constitutive	191	62	1
NC_072402.2	157973764	157974241	-3	1	-	NC_072402.2	157973851	157974064	CCNJL	XM_001142051.6	-	3	1	177	87	2	2	3	2	2	middle	middle	0.667	0.667	alternative	alternative	213	213	1
NC_072402.2	157973764	157974241	-3	1	-	NC_072402.2	157973851	157974235	CCNJL	XM_063811652.1	-	3	2	6	87	1	2	3	1	2	first	middle	0.333	0.667	unique	alternative	56	213	1
NC_072402.2	175521747	175522302	1	1	+	NC_072402.2	175522056	175522122	LOC104006655	XM_054685320.2	+	1	1	309	180	20	20	50	48	48	last	last	0.960	0.960	alternative	alternative	66	66	48
NC_072402.2	175521747	175522302	1	1	+	NC_072402.2	175522212	175522302	LOC104006655	XM_054685339.2	+	1	1	465	0	21	21	50	1	1	last	last	0.020	0.020	unique	unique	90	90	1
NC_072402.2	177333512	177334007	-2	1	-	NC_072402.2	177333551	177333955	TBC1D9B	XM_016954453.4	-	2	2	52	39	18	19	4	4	2	middle	middle	1.000	0.500	constitutive	alternative	71	50	2
NC_072402.2	177333512	177334007	-2	1	-	NC_072402.2	177333884	177333955	TBC1D9B	XM_016954454.4	-	2	1	52	372	18	18	4	4	4	middle	middle	1.000	1.000	constitutive	constitutive	71	71	2
NC_072402.2	178100990	178101824	-2	1	-	NC_072402.2	178101249	178101645	FLT4	XM_009450334.3	-	2	2	179	259	28	29	6	6	3	middle	middle	1.000	0.500	constitutive	alternative	120	59	3
NC_072402.2	178100990	178101824	-2	1	-	NC_072402.2	178101525	178101645	FLT4	XM_009450337.4	-	2	1	179	535	28	28	6	6	6	middle	middle	1.000	1.000	constitutive	constitutive	120	120	3
NC_072402.2	80520495	80520963	1	1	+	NC_072402.2	80520546	80520940	MTMR12	XM_009449338.4	+	1	2	51	23	10	11	15	15	8	middle	middle	1.000	0.533	constitutive	alternative	124	86	8
NC_072402.2	80520495	80520963	1	1	+	NC_072402.2	80520546	80520670	MTMR12	XM_009449341.4	+	1	1	51	293	10	10	15	15	15	middle	middle	1.000	1.000	constitutive	constitutive	124	124	7
NC_072403.2	172741456	172741831	-3	1	-	NC_072403.2	172741564	172741745	LPA	XM_054686967.2	-	3	1	86	108	5	5	5	4	4	middle	middle	0.800	0.800	alternative	alternative	181	181	4
NC_072403.2	172741456	172741831	-3	1	-	NC_072403.2	172741477	172741528	LPA	XM_063813640.1	-	3	1	303	21	1	1	5	1	1	first	first	0.200	0.200	unique	unique	51	51	1
NC_072403.2	183150703	183151288	2	1	+	NC_072403.2	183150947	183151124	LOC129144382	XM_063812699.1	+	2	1	244	164	17	17	6	4	4	middle	middle	0.667	0.667	alternative	alternative	177	177	4
NC_072403.2	183150703	183151288	2	1	+	NC_072403.2	183150947	183151288	LOC129144382	XM_063812704.1	+	2	2	244	0	17	18	6	1	2	middle	last	0.167	0.333	unique	alternative	143	38	1
NC_072403.2	183150703	183151288	2	1	+	NC_072403.2	183151250	183151288	LOC129144382	XM_063812705.1	+	2	1	547	0	17	17	6	2	2	last	last	0.333	0.333	alternative	alternative	38	38	1
NC_072403.2	36455824	36456208	2	1	+	NC_072403.2	36455825	36456203	ABCF1	NM_001042379.1	+	2	2	1	5	3	4	8	3	3	middle	middle	0.375	0.375	alternative	alternative	95	126	2
NC_072403.2	36455824	36456208	2	1	+	NC_072403.2	36455825	36456203	ABCF1	XM_009450823.3	+	2	2	1	5	3	4	8	2	2	middle	middle	0.250	0.250	alternative	alternative	89	129	1
NC_072403.2	36455824	36456208	2	1	+	NC_072403.2	36455825	36456203	ABCF1	XM_009450824.3	+	2	2	1	5	3	4	8	2	3	middle	middle	0.250	0.375	alternative	alternative	89	126	1
NC_072403.2	36455824	36456208	2	1	+	NC_072403.2	36456152	36456203	ABCF1	XM_016954645.3	+	2	1	328	5	1	1	8	3	3	first	first	0.375	0.375	alternative	alternative	51	51	3
NC_072403.2	36455824	36456208	2	1	+	NC_072403.2	36455825	36456203	ABCF1	XM_054685459.1	+	2	2	1	5	3	4	8	3	2	middle	middle	0.375	0.250	alternative	alternative	95	129	1
NC_072403.2	37027680	37028127	-1	1	-	NC_072403.2	37027701	37028087	CCHCR1	NM_001009009.3	-	1	2	40	21	14	15	38	38	31	middle	middle	1.000	0.816	constitutive	alternative	188	101	31
NC_072403.2	37027680	37028127	-1	1	-	NC_072403.2	37027899	37028087	CCHCR1	XM_054685415.2	-	1	1	40	219	14	14	38	38	38	middle	middle	1.000	1.000	constitutive	constitutive	188	188	7
NC_072403.2	37521950	37522346	3	1	+	NC_072403.2	37522063	37522103	MPIG6B	XM_001158816.6	+	3	1	113	243	3	3	3	1	1	middle	middle	0.333	0.333	unique	unique	40	40	1
NC_072403.2	37521950	37522346	3	1	+	NC_072403.2	37522222	37522320	MPIG6B	XM_001158856.7	+	3	1	272	26	5	5	3	1	1	middle	middle	0.333	0.333	unique	unique	98	98	1
NC_072403.2	41014293	41015430	-1	1	-	NC_072403.2	41014968	41015244	TCP11	XM_016955289.3	-	1	1	186	675	1	1	12	2	2	first	first	0.167	0.167	alternative	alternative	276	276	2
NC_072403.2	41014293	41015430	-1	1	-	NC_072403.2	41014510	41014647	TCP11	XM_016955294.2	-	1	1	783	217	2	2	12	1	1	middle	middle	0.083	0.083	unique	unique	137	137	1
NC_072403.2	41165079	41165670	1	1	+	NC_072403.2	41165176	41165626	ZNF76	XM_016955298.4	+	1	2	97	44	5	6	7	4	7	middle	middle	0.571	1.000	alternative	constitutive	116	75	4
NC_072403.2	41165079	41165670	1	1	+	NC_072403.2	41165551	41165626	ZNF76	XM_016955301.4	+	1	1	472	44	5	5	7	7	7	middle	middle	1.000	1.000	constitutive	constitutive	75	75	3
NC_072403.2	41352577	41353132	-3	1	-	NC_072403.2	41352818	41353132	TEAD3	XM_016955331.4	-	3	2	0	241	3	4	3	2	2	middle	middle	0.667	0.667	alternative	alternative	62	62	1
NC_072403.2	41352577	41353132	-3	1	-	NC_072403.2	41353070	41353132	TEAD3	XM_063812933.1	-	3	1	0	493	3	3	3	2	2	middle	middle	0.667	0.667	alternative	alternative	62	62	1
NC_072403.2	41352577	41353132	-3	1	-	NC_072403.2	41352818	41352880	TEAD3	XM_063812934.1	-	3	1	252	241	3	3	3	2	2	middle	middle	0.667	0.667	alternative	alternative	62	62	1
NC_072403.2	49320506	49321109	3	1	+	NC_072403.2	49320846	49321006	ABCC10	XM_009451311.5	+	3	1	340	103	1	1	26	15	15	first	first	0.577	0.577	alternative	alternative	160	160	15
NC_072403.2	49320506	49321109	3	1	+	NC_072403.2	49320585	49320628	ABCC10	XM_009451313.5	+	3	1	79	481	1	1	26	2	2	first	first	0.077	0.077	alternative	alternative	43	43	2
NC_072403.2	49341687	49342089	1	1	+	NC_072403.2	49341765	49341910	ABCC10	XM_003311310.7	+	1	1	78	179	17	17	26	19	19	middle	middle	0.731	0.731	alternative	alternative	145	145	19
NC_072403.2	49341687	49342089	1	1	+	NC_072403.2	49341765	49342088	ABCC10	XM_016955576.4	+	1	2	78	1	18	19	26	3	3	middle	middle	0.115	0.115	alternative	alternative	129	97	3
NC_072403.2	50078745	50079393	1	1	+	NC_072403.2	50078986	50079280	CAPN11	NM_001280269.1	+	1	2	241	113	18	19	5	4	3	middle	middle	0.800	0.600	alternative	alternative	78	116	3
NC_072403.2	50078745	50079393	1	1	+	NC_072403.2	50078986	50079206	CAPN11	XM_063811931.1	+	1	2	241	187	20	21	5	4	1	middle	middle	0.800	0.200	alternative	unique	78	42	1
NC_072403.2	50078745	50079393	1	1	+	NC_072403.2	50078986	50079074	CAPN11	XM_063811932.1	+	1	1	241	319	20	20	5	1	1	middle	middle	0.200	0.200	unique	unique	88	88	1
NC_072403.2	50079712	50079985	2	1	+	NC_072403.2	50079750	50079808	CAPN11	NM_001280269.1	+	2	1	38	177	20	20	5	2	2	middle	middle	0.400	0.400	alternative	alternative	58	58	2
NC_072403.2	50079712	50079985	2	1	+	NC_072403.2	50079951	50079985	CAPN11	XM_063811930.1	+	2	1	239	0	22	22	5	2	2	last	last	0.400	0.400	alternative	alternative	34	34	2
NC_072403.2	6026350	6026878	-3	1	-	NC_072403.2	6026542	6026839	LOC129144202	XM_063812730.1	-	3	2	39	192	2	3	7	4	4	middle	middle	0.571	0.571	alternative	alternative	108	110	4
NC_072403.2	6026350	6026878	-3	1	-	NC_072403.2	6026542	6026602	LOC129144202	XM_063812734.1	-	3	1	276	192	1	1	7	3	3	first	first	0.429	0.429	alternative	alternative	60	60	3
NC_072404.2	109623156	109623432	-2	1	-	NC_072404.2	109623158	109623278	TRAPPC14	XM_016957836.4	-	2	1	154	2	5	5	3	2	2	middle	middle	0.667	0.667	alternative	alternative	120	120	1
NC_072404.2	109623156	109623432	-2	1	-	NC_072404.2	109623158	109623384	TRAPPC14	XM_016957837.3	-	2	2	48	2	1	2	3	1	2	first	middle	0.333	0.667	unique	alternative	27	120	1
NC_072404.2	109623156	109623432	-2	1	-	NC_072404.2	109623158	109623195	TRAPPC14	XM_016957838.4	-	2	1	237	2	1	1	3	1	1	first	first	0.333	0.333	unique	unique	37	37	1
NC_072404.2	109637296	109638046	-1	1	-	NC_072404.2	109637879	109638025	GPC2	XM_016957846.3	-	1	1	21	583	7	7	2	1	1	middle	middle	0.500	0.500	unique	unique	146	146	1
NC_072404.2	109637296	109638046	-1	1	-	NC_072404.2	109637298	109637778	GPC2	XM_024357947.3	-	1	2	268	2	8	9	2	1	1	middle	middle	0.500	0.500	unique	unique	139	175	1
NC_072404.2	109817166	109817574	1	1	+	NC_072404.2	109817187	109817247	PILRB	XM_016957851.4	+	1	1	21	327	4	4	43	23	23	middle	middle	0.535	0.535	alternative	alternative	60	60	23
NC_072404.2	109817166	109817574	1	1	+	NC_072404.2	109817389	109817459	PILRB	XM_063814859.1	+	1	1	223	115	1	1	43	2	2	first	first	0.047	0.047	alternative	alternative	70	70	2
NC_072404.2	110442616	110484883	2	1	+	NC_072404.2	110483156	110484770	LOC107972007	XM_016946260.4	+	2	1	40540	113	1	1	1	1	1	first	first	1.000	1.000	constitutive	constitutive	1614	1614	1
NC_072404.2	110442616	110484883	2	1	+	NC_072404.2	110460179	110463011	LOC129144497	XM_054687273.1	+	2	2	17563	21872	1	2	1	1	1	first	middle	1.000	1.000	constitutive	constitutive	1447	1078	1
NC_072404.2	110442616	110484883	2	1	+	NC_072404.2	110475113	110475965	LOC129144499	XM_054687275.1	+	2	1	32497	8918	1	1	1	1	1	first	first	1.000	1.000	constitutive	constitutive	852	852	1
NC_072404.2	110442616	110484883	2	1	+	NC_072404.2	110454065	110458778	LOC129144496	XM_063815938.1	+	2	2	11449	26105	1	3	1	1	1	first	middle	1.000	1.000	constitutive	constitutive	78	4075	1
NC_072404.2	110442616	110484883	2	1	+	NC_072404.2	110468219	110472632	LOC129144498	XM_063815939.1	+	2	1	25603	12251	1	1	1	1	1	first	first	1.000	1.000	constitutive	constitutive	4413	4413	1
NC_072404.2	110442616	110484883	2	1	+	NC_072404.2	110479622	110480529	LOC134810625	XM_063815940.1	+	2	1	37006	4354	1	1	1	1	1	first	first	1.000	1.000	constitutive	constitutive	907	907	1
NC_072404.2	110442616	110484883	2	1	+	NC_072404.2	110481461	110482352	LOC134810626	XM_063815941.1	+	2	1	38845	2531	1	1	1	1	1	first	first	1.000	1.000	constitutive	constitutive	891	891	1
NC_072404.2	110564460	110591907	1	1	+	NC_072404.2	110568127	110569794	LOC134810627	XM_063815942.1	+	1	1	3667	22113	1	1	1	1	1	first	first	1.000	1.000	constitutive	constitutive	1667	1667	1
NC_072404.2	110564460	110591907	1	1	+	NC_072404.2	110571502	110575150	LOC107972039	XM_063815943.1	+	1	1	7042	16757	1	1	1	1	1	first	first	1.000	1.000	constitutive	constitutive	3648	3648	1
NC_072404.2	110564460	110591907	1	1	+	NC_072404.2	110579290	110586478	MUC17	XM_063815944.1	+	1	2	14830	5429	1	2	1	1	1	first	middle	1.000	1.000	constitutive	constitutive	3825	2831	1
NC_072404.2	117695867	117697316	3	1	+	NC_072404.2	117696167	117697101	LOC112209800	XM_063814966.1	+	3	2	300	215	9	11	8	7	7	middle	middle	0.875	0.875	alternative	alternative	115	511	7
NC_072404.2	117695867	117697316	3	1	+	NC_072404.2	117696441	117697101	LOC112209800	XM_063814969.1	+	3	1	574	215	9	9	8	1	1	middle	middle	0.125	0.125	unique	unique	660	660	1
NC_072404.2	117697514	117698123	3	1	+	NC_072404.2	117697753	117698123	LOC112209800	XM_063814970.1	+	3	2	239	0	12	13	8	3	2	middle	last	0.375	0.250	alternative	alternative	110	160	2
NC_072404.2	117697514	117698123	3	1	+	NC_072404.2	117697753	117697863	LOC112209800	XM_063814974.1	+	3	1	239	260	12	12	8	3	3	middle	middle	0.375	0.375	alternative	alternative	110	110	1
NC_072404.2	117697725	117698235	1	1	+	NC_072404.2	117697753	117698235	LOC112209800	XM_063814966.1	+	1	2	28	0	13	14	8	5	3	middle	last	0.625	0.375	alternative	alternative	110	272	3
NC_072404.2	117697725	117698235	1	1	+	NC_072404.2	117697753	117697863	LOC112209800	XM_063814972.1	+	1	1	28	372	13	13	8	5	5	middle	middle	0.625	0.625	alternative	alternative	110	110	2
NC_072404.2	120773871	120775377	-2	1	-	NC_072404.2	120774438	120774453	SRPK2	XM_009453860.5	-	2	1	924	567	1	1	19	3	3	first	first	0.158	0.158	alternative	alternative	15	15	3
NC_072404.2	120773871	120775377	-2	1	-	NC_072404.2	120774889	120774918	SRPK2	XM_063813808.1	-	2	1	459	1018	1	1	19	3	3	first	first	0.158	0.158	alternative	alternative	29	29	3
NC_072404.2	153833223	153834231	1	1	+	NC_072404.2	153833437	153833800	TRIM24	XM_016945511.4	+	1	1	214	431	1	1	6	4	4	first	first	0.667	0.667	alternative	alternative	363	363	4
NC_072404.2	153833223	153834231	1	1	+	NC_072404.2	153833884	153834190	TRIM24	XM_054655232.1	+	1	1	661	41	1	1	6	2	2	first	first	0.333	0.333	alternative	alternative	306	306	2
NC_072404.2	158801441	158802119	-3	1	-	NC_072404.2	158801443	158802119	EPHA1	XM_009454412.4	-	3	2	0	2	14	15	6	6	5	middle	middle	1.000	0.833	constitutive	alternative	149	193	5
NC_072404.2	158801441	158802119	-3	1	-	NC_072404.2	158801970	158802119	EPHA1	XM_009454416.4	-	3	1	0	529	15	15	6	6	6	middle	middle	1.000	1.000	constitutive	constitutive	149	149	1
NC_072404.2	166396478	166397609	-3	1	-	NC_072404.2	166397127	166397230	WDR86	XM_001138736.7	-	3	1	379	649	5	5	10	3	3	middle	middle	0.300	0.300	alternative	alternative	103	103	3
NC_072404.2	166396478	166397609	-3	1	-	NC_072404.2	166396479	166396995	WDR86	XM_009454604.5	-	3	1	614	1	3	3	10	1	1	last	last	0.100	0.100	unique	unique	516	516	1
NC_072404.2	26160443	26160914	3	1	+	NC_072404.2	26160630	26160756	ITGB8	XM_016945523.4	+	3	1	187	158	1	1	9	1	1	first	first	0.111	0.111	unique	unique	126	126	1
NC_072404.2	26160443	26160914	3	1	+	NC_072404.2	26160800	26160846	ITGB8	XM_016945524.4	+	3	1	357	68	2	2	9	1	1	middle	middle	0.111	0.111	unique	unique	46	46	1
NC_072404.2	27250894	27251482	2	1	+	NC_072404.2	27251372	27251443	SP4	XM_009452749.5	+	2	1	478	39	1	1	2	1	1	first	first	0.500	0.500	unique	unique	71	71	1
NC_072404.2	27250894	27251482	2	1	+	NC_072404.2	27250901	27251443	SP4	XM_527679.6	+	2	2	7	39	1	2	2	1	1	first	middle	0.500	0.500	unique	unique	6	115	1
NC_072404.2	29288537	29290040	-3	1	-	NC_072404.2	29289707	29289881	IGF2BP3	XM_001157593.7	-	3	1	159	1170	1	1	6	2	2	first	first	0.333	0.333	alternative	alternative	174	174	2
NC_072404.2	29288537	29290040	-3	1	-	NC_072404.2	29289008	29289347	IGF2BP3	XM_063814125.1	-	3	1	693	471	1	1	6	2	2	first	first	0.333	0.333	alternative	alternative	339	339	2
NC_072404.2	49938329	49938932	-3	1	-	NC_072404.2	49938381	49938623	POLM	XM_001142751.6	-	3	1	309	52	8	8	15	15	15	middle	middle	1.000	1.000	constitutive	constitutive	242	242	8
NC_072404.2	49938329	49938932	-3	1	-	NC_072404.2	49938381	49938831	POLM	XM_001142835.6	-	3	2	101	52	8	9	15	6	15	middle	middle	0.400	1.000	alternative	constitutive	102	242	6
NC_072404.2	49938329	49938932	-3	1	-	NC_072404.2	49938381	49938818	POLM	XM_063814198.1	-	3	2	114	52	7	8	15	1	15	middle	middle	0.067	1.000	unique	constitutive	89	242	1
NC_072404.2	50099823	50100600	-2	1	-	NC_072404.2	50099905	50100191	CAMK2B	XM_016957386.4	-	2	2	409	82	14	15	23	15	17	middle	middle	0.652	0.739	alternative	alternative	37	71	11
NC_072404.2	50099823	50100600	-2	1	-	NC_072404.2	50099905	50100194	CAMK2B	XM_016957388.4	-	2	2	406	82	13	14	23	8	17	middle	middle	0.348	0.739	alternative	alternative	40	71	6
NC_072404.2	50099823	50100600	-2	1	-	NC_072404.2	50100154	50100191	CAMK2B	XM_016957389.4	-	2	1	409	331	14	14	23	15	15	middle	middle	0.652	0.652	alternative	alternative	37	37	4
NC_072404.2	50099823	50100600	-2	1	-	NC_072404.2	50100154	50100194	CAMK2B	XM_016957393.4	-	2	1	406	331	13	13	23	8	8	middle	middle	0.348	0.348	alternative	alternative	40	40	2
NC_072404.2	75716053	75716740	-1	1	-	NC_072404.2	75716510	75716702	LOC134806942	XM_063814311.1	-	1	1	38	457	7	7	5	3	3	middle	middle	0.600	0.600	alternative	alternative	192	192	3
NC_072404.2	75716053	75716740	-1	1	-	NC_072404.2	75716167	75716304	LOC134806942	XM_063814312.1	-	1	1	436	114	7	7	5	2	2	middle	middle	0.400	0.400	alternative	alternative	137	137	2
NC_072404.2	80620487	80621174	3	1	+	NC_072404.2	80620924	80621061	LOC751039	XM_024357866.3	+	3	1	437	113	7	7	5	4	4	middle	middle	0.800	0.800	alternative	alternative	137	137	4
NC_072404.2	80620487	80621174	3	1	+	NC_072404.2	80620526	80620718	LOC751039	XM_063814452.1	+	3	1	39	456	7	7	5	1	1	middle	middle	0.200	0.200	unique	unique	192	192	1
NC_072404.2	85505422	85507525	2	1	+	NC_072404.2	85507084	85507502	TMEM120A	XM_016945836.4	+	2	2	1662	23	6	8	4	3	3	middle	middle	0.750	0.750	alternative	alternative	89	61	3
NC_072404.2	85505422	85507525	2	1	+	NC_072404.2	85507084	85507342	TMEM120A	XM_054655839.2	+	2	1	1662	183	6	6	4	1	1	middle	middle	0.250	0.250	unique	unique	258	258	1
NC_072404.2	85507968	85508388	1	1	+	NC_072404.2	85507993	85508061	TMEM120A	XM_016945836.4	+	1	1	25	327	11	11	4	3	3	middle	middle	0.750	0.750	alternative	alternative	68	68	2
NC_072404.2	85507968	85508388	1	1	+	NC_072404.2	85507993	85508388	TMEM120A	XM_016945839.3	+	1	2	25	0	11	12	4	3	1	middle	last	0.750	0.250	alternative	unique	68	188	1
NC_072404.2	86016513	86017200	1	1	+	NC_072404.2	86016552	86016744	LOC104004648	XM_054655856.2	+	1	1	39	456	7	7	50	42	42	middle	middle	0.840	0.840	alternative	alternative	192	192	42
NC_072404.2	86016513	86017200	1	1	+	NC_072404.2	86016950	86017087	LOC104004648	XM_054655886.2	+	1	1	437	113	8	8	50	8	8	middle	middle	0.160	0.160	alternative	alternative	137	137	8
NC_072405.2	114142672	114143344	2	1	+	NC_072405.2	114142794	114142861	RIMS2	XM_001157376.5	+	2	1	122	483	5	5	50	12	12	middle	middle	0.240	0.240	alternative	alternative	67	67	12
NC_072405.2	114142672	114143344	2	1	+	NC_072405.2	114142983	114143191	RIMS2	XM_009455760.5	+	2	1	311	153	9	9	50	34	34	middle	middle	0.680	0.680	alternative	alternative	208	208	34
NC_072405.2	154155944	154157045	-1	1	-	NC_072405.2	154156191	154156438	SCRIB	XM_054657564.1	-	1	2	607	247	34	35	6	5	3	middle	middle	0.833	0.500	alternative	alternative	37	74	3
NC_072405.2	154155944	154157045	-1	1	-	NC_072405.2	154156401	154156438	SCRIB	XM_054657567.1	-	1	1	607	457	34	34	6	5	5	middle	middle	0.833	0.833	alternative	alternative	37	37	2
NC_072405.2	154758137	154758728	3	1	+	NC_072405.2	154758315	154758515	ADCK5	XM_001157317.5	+	3	1	178	213	5	5	15	7	7	middle	middle	0.467	0.467	alternative	alternative	200	200	7
NC_072405.2	154758137	154758728	3	1	+	NC_072405.2	154758180	154758515	ADCK5	XM_009456156.4	+	3	2	43	213	1	2	15	5	5	first	middle	0.333	0.333	alternative	alternative	25	195	5
NC_072405.2	154758137	154758728	3	1	+	NC_072405.2	154758339	154758515	ADCK5	XM_063817487.1	+	3	1	202	213	1	1	15	3	3	first	first	0.200	0.200	alternative	alternative	176	176	3
NC_072405.2	154886694	154887729	-3	1	-	NC_072405.2	154886920	154887696	RECQL4	XM_009456173.5	-	3	1	33	226	5	5	9	4	4	middle	middle	0.444	0.444	alternative	alternative	776	776	4
NC_072405.2	154886694	154887729	-3	1	-	NC_072405.2	154886920	154886979	RECQL4	XM_054657094.2	-	3	1	750	226	1	1	9	3	3	first	first	0.333	0.333	alternative	alternative	59	59	3
NC_072405.2	154886694	154887729	-3	1	-	NC_072405.2	154886696	154886820	RECQL4	XM_054657097.1	-	3	1	909	2	1	1	9	1	1	first	first	0.111	0.111	unique	unique	124	124	1
NC_072405.2	154886694	154887729	-3	1	-	NC_072405.2	154886920	154887696	RECQL4	XM_063817496.1	-	3	2	33	226	5	6	9	1	1	middle	middle	0.111	0.111	unique	unique	598	81	1
NC_072405.2	30365662	30365887	2	1	+	NC_072405.2	30365701	30365887	NPM2	XM_009454947.4	+	2	2	39	0	8	9	18	4	5	middle	last	0.222	0.278	alternative	alternative	33	41	4
NC_072405.2	30365662	30365887	2	1	+	NC_072405.2	30365846	30365887	NPM2	XM_016959196.3	+	2	1	184	0	7	7	18	5	5	last	last	0.278	0.278	alternative	alternative	41	41	1
NC_072405.2	30467986	30468571	-2	1	-	NC_072405.2	30468089	30468511	REEP4	NM_001246540.1	-	2	2	60	103	6	7	8	8	7	middle	middle	1.000	0.875	constitutive	alternative	135	154	7
NC_072405.2	30467986	30468571	-2	1	-	NC_072405.2	30468376	30468511	REEP4	XM_063816084.1	-	2	1	60	390	6	6	8	8	8	middle	middle	1.000	1.000	constitutive	constitutive	135	135	1
NC_072405.2	36420779	36421751	-1	1	-	NC_072405.2	36421518	36421740	NUGGC	XM_024345100.3	-	1	1	11	739	4	4	3	3	3	middle	middle	1.000	1.000	constitutive	constitutive	222	222	1
NC_072405.2	36420779	36421751	-1	1	-	NC_072405.2	36420804	36421740	NUGGC	XM_063816974.1	-	1	2	11	25	4	5	3	3	2	middle	middle	1.000	0.667	constitutive	alternative	222	230	2
NC_072406.2	104077842	104078271	1	1	+	NC_072406.2	104078135	104078214	TNKS2	XM_009458936.5	+	1	1	293	57	13	13	2	1	1	middle	middle	0.500	0.500	unique	unique	79	79	1
NC_072406.2	104077842	104078271	1	1	+	NC_072406.2	104078012	104078100	TNKS2	XM_016918849.4	+	1	1	170	171	13	13	2	1	1	middle	middle	0.500	0.500	unique	unique	88	88	1
NC_072406.2	12852457	12852946	-2	1	-	NC_072406.2	12852649	12852709	TUBB8	XM_024346144.3	-	2	1	237	192	1	1	11	6	6	first	first	0.545	0.545	alternative	alternative	60	60	6
NC_072406.2	12852457	12852946	-2	1	-	NC_072406.2	12852649	12852946	TUBB8	XM_063781253.1	-	2	2	0	192	2	3	11	4	2	middle	middle	0.364	0.182	alternative	alternative	108	110	2
NC_072406.2	12852457	12852946	-2	1	-	NC_072406.2	12852838	12852946	TUBB8	XM_063781254.1	-	2	1	0	381	2	2	11	4	4	middle	middle	0.364	0.364	alternative	alternative	108	108	2
NC_072406.2	145041919	145042480	-2	1	-	NC_072406.2	145042377	145042458	CFAP46	XM_024346698.3	-	2	1	22	458	56	56	5	4	4	middle	middle	0.800	0.800	alternative	alternative	81	81	3
NC_072406.2	145041919	145042480	-2	1	-	NC_072406.2	145042012	145042458	CFAP46	XM_063782368.1	-	2	2	22	93	56	57	5	4	1	middle	middle	0.800	0.200	alternative	unique	81	136	1
NC_072406.2	18062335	18062635	2	1	+	NC_072406.2	18062384	18062506	AKR1C4	XM_009457881.5	+	2	1	49	129	5	5	5	5	5	middle	middle	1.000	1.000	constitutive	constitutive	122	122	4
NC_072406.2	18062335	18062635	2	1	+	NC_072406.2	18062384	18062635	AKR1C4	XM_016962565.4	+	2	2	49	0	5	6	5	5	1	middle	last	1.000	0.200	constitutive	unique	122	26	1
NC_072406.2	25263356	25263521	3	1	+	NC_072406.2	25263438	25263490	CAMK1D	XM_016962639.4	+	3	1	82	31	1	1	8	1	1	first	first	0.125	0.125	unique	unique	52	52	1
NC_072406.2	25263356	25263521	3	1	+	NC_072406.2	25263510	25263520	CAMK1D	XM_054660093.2	+	3	1	154	1	1	1	8	1	1	first	first	0.125	0.125	unique	unique	10	10	1
NC_072406.2	72327994	72328786	-2	1	-	NC_072406.2	72328083	72328749	ANK3	XM_003312570.6	-	2	2	37	89	40	41	39	36	39	middle	middle	0.923	1.000	alternative	constitutive	308	90	36
NC_072406.2	72327994	72328786	-2	1	-	NC_072406.2	72328083	72328173	ANK3	XM_009458505.5	-	2	1	613	89	41	41	39	39	39	middle	middle	1.000	1.000	constitutive	constitutive	90	90	1
NC_072406.2	72327994	72328786	-2	1	-	NC_072406.2	72328083	72328569	ANK3	XM_054659644.2	-	2	2	217	89	44	45	39	2	39	middle	middle	0.051	1.000	alternative	constitutive	128	90	2
NC_072406.2	80689465	80689810	-2	1	-	NC_072406.2	80689467	80689540	DNA2	NM_001428134.1	-	2	1	270	2	1	1	7	1	1	first	first	0.143	0.143	unique	unique	73	73	1
NC_072406.2	80689465	80689810	-2	1	-	NC_072406.2	80689467	80689798	DNA2	XM_054660186.2	-	2	2	12	2	1	2	7	2	2	first	middle	0.286	0.286	alternative	alternative	68	94	2
NC_072406.2	84029106	84029985	1	1	+	NC_072406.2	84029386	84029703	CDH23	XM_016918521.4	+	1	2	280	282	1	2	6	2	6	first	middle	0.333	1.000	alternative	constitutive	70	129	2
NC_072406.2	84029106	84029985	1	1	+	NC_072406.2	84029574	84029703	CDH23	XM_054659691.2	+	1	1	468	282	64	64	6	6	6	middle	middle	1.000	1.000	constitutive	constitutive	129	129	4
NC_072406.2	86012416	86012920	2	1	+	NC_072406.2	86012439	86012890	ZSWIM8	XM_003951671.6	+	2	2	23	30	4	5	19	18	19	middle	middle	0.947	1.000	alternative	constitutive	172	107	18
NC_072406.2	86012416	86012920	2	1	+	NC_072406.2	86012783	86012890	ZSWIM8	XM_009458748.5	+	2	1	367	30	2	2	19	19	19	middle	middle	1.000	1.000	constitutive	constitutive	107	107	1
NC_072407.2	10549009	10549429	-3	1	-	NC_072407.2	10549303	10549386	APBB1	XM_009459812.4	-	3	1	43	294	10	10	11	11	11	middle	middle	1.000	1.000	constitutive	constitutive	83	83	7
NC_072407.2	10549009	10549429	-3	1	-	NC_072407.2	10549010	10549386	APBB1	XM_063782684.1	-	3	2	43	1	10	11	11	11	4	middle	last	1.000	0.364	constitutive	alternative	83	136	4
NC_072407.2	35799982	35800363	-3	1	-	NC_072407.2	35800180	35800345	PAX6	XM_016920618.4	-	3	1	18	198	5	5	20	16	16	middle	middle	0.800	0.800	alternative	alternative	165	165	16
NC_072407.2	35799982	35800363	-3	1	-	NC_072407.2	35800180	35800294	PAX6	XM_024347018.3	-	3	1	69	198	1	1	20	2	2	first	first	0.100	0.100	alternative	alternative	114	114	2
NC_072407.2	35799982	35800363	-3	1	-	NC_072407.2	35800024	35800072	PAX6	XM_054662191.2	-	3	1	291	42	1	1	20	1	1	first	first	0.050	0.050	unique	unique	48	48	1
NC_072407.2	4602171	4602639	-1	1	-	NC_072407.2	4602489	4602619	SIGIRR	XM_016919956.4	-	1	1	20	318	3	3	4	3	3	middle	middle	0.750	0.750	alternative	alternative	130	130	3
NC_072407.2	4602171	4602639	-1	1	-	NC_072407.2	4602233	4602373	SIGIRR	XM_016919959.4	-	1	1	266	62	3	3	4	1	1	middle	middle	0.250	0.250	unique	unique	140	140	1
NC_072407.2	5032068	5032902	-1	1	-	NC_072407.2	5032489	5032847	PIDD1	XM_016920034.4	-	1	1	55	421	10	10	26	10	10	middle	middle	0.385	0.385	alternative	alternative	358	358	9
NC_072407.2	5032068	5032902	-1	1	-	NC_072407.2	5032489	5032847	PIDD1	XM_016920035.4	-	1	2	55	421	10	11	26	16	16	middle	middle	0.615	0.615	alternative	alternative	135	150	16
NC_072407.2	5032068	5032902	-1	1	-	NC_072407.2	5032069	5032847	PIDD1	XM_063783665.1	-	1	2	55	1	10	12	26	10	1	middle	last	0.385	0.038	alternative	unique	358	127	1
NC_072407.2	5063512	5064334	2	1	+	NC_072407.2	5063661	5063827	CRACR2B	XM_016920057.4	+	2	1	149	507	6	6	13	1	1	middle	middle	0.077	0.077	unique	unique	166	166	1
NC_072407.2	5063512	5064334	2	1	+	NC_072407.2	5064330	5064334	CRACR2B	XM_016920058.4	+	2	1	818	0	8	8	13	3	3	last	last	0.231	0.231	alternative	alternative	4	4	3
NC_072407.2	5063512	5064334	2	1	+	NC_072407.2	5064019	5064090	CRACR2B	XM_016920059.4	+	2	1	507	244	8	8	13	4	4	middle	middle	0.308	0.308	alternative	alternative	71	71	4
NC_072407.2	5063512	5064334	2	1	+	NC_072407.2	5063661	5064090	CRACR2B	XM_024346877.3	+	2	1	149	244	6	6	13	3	3	middle	middle	0.231	0.231	alternative	alternative	429	429	3
NC_072407.2	50743893	50744436	1	1	+	NC_072407.2	50743949	50744288	F2	XM_001165233.6	+	1	2	56	148	8	9	2	1	2	middle	middle	0.500	1.000	unique	constitutive	128	126	1
NC_072407.2	50743893	50744436	1	1	+	NC_072407.2	50744162	50744288	F2	XM_009460331.4	+	1	1	269	148	8	8	2	2	2	middle	middle	1.000	1.000	constitutive	constitutive	126	126	1
NC_072407.2	51430624	51431182	2	1	+	NC_072407.2	51430799	51431181	SLC39A13	XM_016920843.4	+	2	2	175	1	7	8	16	13	13	middle	middle	0.812	0.812	alternative	alternative	132	99	13
NC_072407.2	51430624	51431182	2	1	+	NC_072407.2	51430799	51430927	SLC39A13	XM_024347127.3	+	2	1	175	255	8	8	16	3	3	middle	middle	0.188	0.188	alternative	alternative	128	128	3
NC_072407.2	6166523	6166934	3	1	+	NC_072407.2	6166591	6166785	TNNT3	XM_016920126.4	+	3	2	68	149	4	5	10	10	7	middle	middle	1.000	0.700	constitutive	alternative	17	20	7
NC_072407.2	6166523	6166934	3	1	+	NC_072407.2	6166591	6166608	TNNT3	XM_016920144.4	+	3	1	68	326	4	4	10	10	10	middle	middle	1.000	1.000	constitutive	constitutive	17	17	3
NC_072407.2	63736841	63737276	3	1	+	NC_072407.2	63736983	63737275	SAXO4	NM_001302423.1	+	3	2	142	1	9	10	6	6	5	middle	middle	1.000	0.833	constitutive	alternative	113	94	5
NC_072407.2	63736841	63737276	3	1	+	NC_072407.2	63736983	63737096	SAXO4	XM_024346800.3	+	3	1	142	180	9	9	6	6	6	middle	middle	1.000	1.000	constitutive	constitutive	113	113	1
NC_072407.2	64916510	64916999	-2	1	-	NC_072407.2	64916511	64916711	EML3	XM_009423271.5	-	2	1	288	1	22	22	9	6	6	last	last	0.667	0.667	alternative	alternative	200	200	6
NC_072407.2	64916510	64916999	-2	1	-	NC_072407.2	64916801	64916821	EML3	XM_016946484.4	-	2	1	178	291	21	21	9	3	3	middle	middle	0.333	0.333	alternative	alternative	20	20	3
NC_072407.2	66315133	66315616	-3	1	-	NC_072407.2	66315430	66315511	MACROD1	XM_001162785.7	-	3	1	105	297	9	9	3	3	3	middle	middle	1.000	1.000	constitutive	constitutive	81	81	1
NC_072407.2	66315133	66315616	-3	1	-	NC_072407.2	66315134	66315511	MACROD1	XM_009423333.5	-	3	2	105	1	9	10	3	3	2	middle	last	1.000	0.667	constitutive	alternative	81	28	2
NC_072407.2	66559810	66559996	-3	1	-	NC_072407.2	66559964	66559996	PPP1R14B	XM_003313048.7	-	3	1	0	154	3	3	3	2	2	middle	middle	0.667	0.667	alternative	alternative	32	32	2
NC_072407.2	66559810	66559996	-3	1	-	NC_072407.2	66559811	66559856	PPP1R14B	XM_063783024.1	-	3	1	140	1	5	5	3	1	1	last	last	0.333	0.333	unique	unique	45	45	1
NC_072407.2	66560236	66560707	-3	1	-	NC_072407.2	66560411	66560452	PPP1R14B	XM_054662399.2	-	3	1	255	175	2	2	3	1	1	middle	middle	0.333	0.333	unique	unique	41	41	1
NC_072407.2	66560236	66560707	-3	1	-	NC_072407.2	66560238	66560321	PPP1R14B	XM_063783024.1	-	3	1	386	2	3	3	3	1	1	middle	middle	0.333	0.333	unique	unique	83	83	1
NC_072407.2	66918220	66918655	2	1	+	NC_072407.2	66918247	66918654	SLC22A12	XM_003951921.6	+	2	2	27	1	3	4	8	8	4	middle	middle	1.000	0.500	constitutive	alternative	123	115	4
NC_072407.2	66918220	66918655	2	1	+	NC_072407.2	66918247	66918370	SLC22A12	XM_054662434.2	+	2	1	27	285	4	4	8	8	8	middle	middle	1.000	1.000	constitutive	constitutive	123	123	4
NC_072407.2	67086392	67086770	-2	1	-	NC_072407.2	67086686	67086745	SF1	XM_001166494.7	-	2	1	25	294	11	11	28	20	20	middle	middle	0.714	0.714	alternative	alternative	59	59	20
NC_072407.2	67086392	67086770	-2	1	-	NC_072407.2	67086394	67086573	SF1	XM_009423424.4	-	2	1	197	2	12	12	28	8	8	middle	middle	0.286	0.286	alternative	alternative	179	179	8
NC_072407.2	67150222	67150705	-3	1	-	NC_072407.2	67150295	67150412	CDC42BPG	XM_001146567.8	-	3	1	293	73	34	34	8	4	4	middle	middle	0.500	0.500	alternative	alternative	117	117	4
NC_072407.2	67150222	67150705	-3	1	-	NC_072407.2	67150523	67150643	CDC42BPG	XM_009423436.5	-	3	1	62	301	32	32	8	3	3	middle	middle	0.375	0.375	alternative	alternative	120	120	3
NC_072407.2	67457980	67458520	-3	1	-	NC_072407.2	67457981	67458121	SYVN1	XM_016921213.4	-	3	1	399	1	15	15	8	4	4	last	last	0.500	0.500	alternative	alternative	140	140	4
NC_072407.2	67457980	67458520	-3	1	-	NC_072407.2	67458196	67458347	SYVN1	XM_016921218.4	-	3	1	173	216	14	14	8	4	4	middle	middle	0.500	0.500	alternative	alternative	151	151	4
NC_072407.2	67672982	67674215	3	1	+	NC_072407.2	67673058	67673136	DPF2	NM_001246651.1	+	3	1	76	1079	6	6	4	4	4	middle	middle	1.000	1.000	constitutive	constitutive	78	78	2
NC_072407.2	67672982	67674215	3	1	+	NC_072407.2	67673058	67673688	DPF2	XM_009423385.3	+	3	2	76	527	6	7	4	4	2	middle	middle	1.000	0.500	constitutive	alternative	78	41	2
NC_072407.2	67849900	67850704	2	1	+	NC_072407.2	67850411	67850637	SCYL1	XM_009423474.4	+	2	1	511	67	4	4	19	12	12	middle	middle	0.632	0.632	alternative	alternative	226	226	11
NC_072407.2	67849900	67850704	2	1	+	NC_072407.2	67850465	67850637	SCYL1	XM_063783078.1	+	2	1	565	67	1	1	19	3	3	first	first	0.158	0.158	alternative	alternative	172	172	3
NC_072407.2	67849900	67850704	2	1	+	NC_072407.2	67850216	67850637	SCYL1	XM_063783091.1	+	2	2	316	67	1	2	19	1	12	first	middle	0.053	0.632	unique	alternative	119	226	1
NC_072407.2	67862040	67862652	1	1	+	NC_072407.2	67862107	67862178	SCYL1	XM_009423474.4	+	1	1	67	474	15	15	19	12	12	middle	middle	0.632	0.632	alternative	alternative	71	71	10
NC_072407.2	67862040	67862652	1	1	+	NC_072407.2	67862110	67862178	SCYL1	XM_016921251.3	+	1	1	70	474	15	15	19	7	7	middle	middle	0.368	0.368	alternative	alternative	68	68	6
NC_072407.2	67862040	67862652	1	1	+	NC_072407.2	67862107	67862622	SCYL1	XM_063783085.1	+	1	3	67	30	15	17	19	12	3	middle	middle	0.632	0.158	alternative	alternative	71	54	2
NC_072407.2	67862040	67862652	1	1	+	NC_072407.2	67862110	67862622	SCYL1	XM_063783086.1	+	1	3	70	30	15	17	19	7	3	middle	middle	0.368	0.158	alternative	alternative	68	54	1
NC_072407.2	67877053	67878271	-3	1	-	NC_072407.2	67877146	67878174	LTBP3	XM_016921245.4	-	3	2	97	93	3	6	3	3	2	middle	middle	1.000	0.667	constitutive	alternative	202	122	2
NC_072407.2	67877053	67878271	-3	1	-	NC_072407.2	67877972	67878174	LTBP3	XM_016921246.3	-	3	1	97	919	3	3	3	3	3	middle	middle	1.000	1.000	constitutive	constitutive	202	202	1
NC_072407.2	68183607	68184489	-1	1	-	NC_072407.2	68183920	68184237	CFL1	XM_003951934.5	-	1	1	252	313	1	1	5	1	1	first	first	0.200	0.200	unique	unique	317	317	1
NC_072407.2	68183607	68184489	-1	1	-	NC_072407.2	68184385	68184387	CFL1	XM_009423496.3	-	1	1	102	778	1	1	5	1	1	first	first	0.200	0.200	unique	unique	2	2	1
NC_072407.2	68277569	68278700	3	1	+	NC_072407.2	68277659	68278699	TSGA10IP	XM_016921270.3	+	3	2	90	1	3	4	7	3	7	middle	middle	0.429	1.000	alternative	constitutive	718	147	3
NC_072407.2	68277569	68278700	3	1	+	NC_072407.2	68278552	68278699	TSGA10IP	XM_054661411.1	+	3	1	983	1	2	2	7	7	7	middle	middle	1.000	1.000	constitutive	constitutive	147	147	2
NC_072407.2	68277569	68278700	3	1	+	NC_072407.2	68277783	68278699	TSGA10IP	XM_063783101.1	+	3	2	214	1	1	2	7	2	7	first	middle	0.286	1.000	alternative	constitutive	594	147	2
NC_072407.2	69165226	69166234	2	1	+	NC_072407.2	69166043	69166126	RCE1	XM_009423540.4	+	2	1	817	108	3	3	3	2	2	middle	middle	0.667	0.667	alternative	alternative	83	83	2
NC_072407.2	69165226	69166234	2	1	+	NC_072407.2	69165846	69165948	RCE1	XM_009423543.4	+	2	1	620	286	2	2	3	1	1	middle	middle	0.333	0.333	unique	unique	102	102	1
NC_072407.2	69725672	69726188	3	1	+	NC_072407.2	69725714	69725813	TBC1D10C	XM_016921350.3	+	3	1	42	375	2	2	10	5	5	middle	middle	0.500	0.500	alternative	alternative	99	99	5
NC_072407.2	69725672	69726188	3	1	+	NC_072407.2	69726075	69726135	TBC1D10C	XM_016921354.4	+	3	1	403	53	1	1	10	5	5	first	first	0.500	0.500	alternative	alternative	60	60	5
NC_072407.2	69726003	69726342	1	1	+	NC_072407.2	69726028	69726135	TBC1D10C	XM_016921350.3	+	1	1	25	207	3	3	10	5	5	middle	middle	0.500	0.500	alternative	alternative	107	107	5
NC_072407.2	69726003	69726342	1	1	+	NC_072407.2	69726224	69726330	TBC1D10C	XM_016921354.4	+	1	1	221	12	2	2	10	5	5	middle	middle	0.500	0.500	alternative	alternative	106	106	5
NC_072407.2	70088655	70089120	1	1	+	NC_072407.2	70088962	70089119	TCIRG1	XM_054661467.2	+	1	1	307	1	11	11	6	4	4	middle	middle	0.667	0.667	alternative	alternative	157	157	4
NC_072407.2	70088655	70089120	1	1	+	NC_072407.2	70088748	70088887	TCIRG1	XM_063784207.1	+	1	1	93	233	10	10	6	2	2	middle	middle	0.333	0.333	alternative	alternative	139	139	2
NC_072408.2	102835518	102835746	-3	1	-	NC_072408.2	102835655	102835715	HAL	XM_009426037.5	-	3	1	31	137	2	2	3	2	2	middle	middle	0.667	0.667	alternative	alternative	60	60	2
NC_072408.2	102835518	102835746	-3	1	-	NC_072408.2	102835520	102835547	HAL	XM_009426039.3	-	3	1	199	2	2	2	3	1	1	middle	middle	0.333	0.333	unique	unique	27	27	1
NC_072408.2	117278872	117279469	-2	1	-	NC_072408.2	117278936	117279155	GPN3	XM_001142177.6	-	2	1	314	64	2	2	5	2	2	middle	middle	0.400	0.400	alternative	alternative	219	219	2
NC_072408.2	117278872	117279469	-2	1	-	NC_072408.2	117278906	117279155	GPN3	XM_009426244.4	-	2	1	314	34	2	2	5	2	2	middle	middle	0.400	0.400	alternative	alternative	249	249	2
NC_072408.2	117278872	117279469	-2	1	-	NC_072408.2	117279248	117279412	GPN3	XM_509364.8	-	2	1	57	376	1	1	5	1	1	first	first	0.200	0.200	unique	unique	164	164	1
NC_072408.2	123845831	123846146	-1	1	-	NC_072408.2	123846015	123846076	TESC	XM_001155277.7	-	1	1	70	184	5	5	4	3	3	middle	middle	0.750	0.750	alternative	alternative	61	61	3
NC_072408.2	123845831	123846146	-1	1	-	NC_072408.2	123845832	123846076	TESC	XM_009426345.5	-	1	2	70	1	5	6	4	1	1	middle	last	0.250	0.250	unique	unique	66	72	1
NC_072408.2	128778382	128778982	2	1	+	NC_072408.2	128778460	128778901	CFAP251	XM_016924427.4	+	2	2	78	81	5	6	18	17	18	middle	middle	0.944	1.000	alternative	constitutive	111	80	17
NC_072408.2	128778382	128778982	2	1	+	NC_072408.2	128778821	128778901	CFAP251	XM_054664693.2	+	2	1	439	81	4	4	18	18	18	middle	middle	1.000	1.000	constitutive	constitutive	80	80	1
NC_072408.2	128813596	128813950	2	1	+	NC_072408.2	128813597	128813740	CFAP251	XM_016924427.4	+	2	1	1	210	18	18	18	11	11	middle	middle	0.611	0.611	alternative	alternative	143	143	10
NC_072408.2	128813596	128813950	2	1	+	NC_072408.2	128813597	128813950	CFAP251	XM_063785154.1	+	2	2	1	0	19	20	18	11	1	middle	last	0.611	0.056	alternative	unique	143	101	1
NC_072408.2	130222775	130223993	3	1	+	NC_072408.2	130223704	130223825	KMT5A	XM_016924540.4	+	3	1	929	168	2	2	5	1	1	middle	middle	0.200	0.200	unique	unique	121	121	1
NC_072408.2	130222775	130223993	3	1	+	NC_072408.2	130223283	130223453	KMT5A	XM_024348122.3	+	3	1	508	540	1	1	5	2	2	first	first	0.400	0.400	alternative	alternative	170	170	2
NC_072408.2	130222775	130223993	3	1	+	NC_072408.2	130223712	130223825	KMT5A	XM_024348124.3	+	3	1	937	168	1	1	5	1	1	first	first	0.200	0.200	unique	unique	113	113	1
NC_072408.2	13730998	13732123	-2	1	-	NC_072408.2	13731464	13731944	IFFO1	XM_009424682.5	-	2	2	179	466	6	7	3	2	1	middle	middle	0.667	0.333	alternative	unique	120	95	1
NC_072408.2	13730998	13732123	-2	1	-	NC_072408.2	13731464	13731944	IFFO1	XM_009424683.4	-	2	2	179	466	6	7	3	2	2	middle	middle	0.667	0.667	alternative	alternative	120	92	1
NC_072408.2	13730998	13732123	-2	1	-	NC_072408.2	13731464	13731556	IFFO1	XM_016922836.4	-	2	1	567	466	5	5	3	2	2	middle	middle	0.667	0.667	alternative	alternative	92	92	1
NC_072408.2	139519187	139520642	3	1	+	NC_072408.2	139519827	139520465	P2RX2	XM_016924685.4	+	3	2	640	177	1	2	8	7	7	first	middle	0.875	0.875	alternative	alternative	172	135	7
NC_072408.2	139519187	139520642	3	1	+	NC_072408.2	139519827	139519931	P2RX2	XM_016924695.4	+	3	1	640	711	1	1	8	1	1	first	first	0.125	0.125	unique	unique	104	104	1
NC_072408.2	139853211	139853520	-3	1	-	NC_072408.2	139853383	139853397	ZNF605	XM_016924741.4	-	3	1	123	172	1	1	6	3	3	first	first	0.500	0.500	alternative	alternative	14	14	3
NC_072408.2	139853211	139853520	-3	1	-	NC_072408.2	139853287	139853307	ZNF605	XM_054663870.2	-	3	1	213	76	1	1	6	1	1	first	first	0.167	0.167	unique	unique	20	20	1
NC_072408.2	14031723	14031999	-3	1	-	NC_072408.2	14031850	14031956	CDCA3	NM_001280444.1	-	3	1	43	127	4	4	4	3	3	middle	middle	0.750	0.750	alternative	alternative	106	106	3
NC_072408.2	14031723	14031999	-3	1	-	NC_072408.2	14031724	14031725	CDCA3	XM_009424658.5	-	3	1	274	1	4	4	4	1	1	last	last	0.250	0.250	unique	unique	1	1	1
NC_072408.2	14374197	14374977	1	1	+	NC_072408.2	14374207	14374797	PEX5	XM_001164247.8	+	1	2	10	180	1	2	31	11	6	first	middle	0.355	0.194	alternative	alternative	46	162	6
NC_072408.2	14374197	14374977	1	1	+	NC_072408.2	14374651	14374797	PEX5	XM_001164320.7	+	1	1	454	180	1	1	31	17	17	first	first	0.548	0.548	alternative	alternative	146	146	17
NC_072408.2	14374197	14374977	1	1	+	NC_072408.2	14374207	14374842	PEX5	XM_054664049.2	+	1	2	10	135	1	2	31	11	5	first	middle	0.355	0.161	alternative	alternative	46	207	5
NC_072408.2	14374197	14374977	1	1	+	NC_072408.2	14374651	14374842	PEX5	XM_054664051.2	+	1	1	454	135	1	1	31	3	3	first	first	0.097	0.097	alternative	alternative	191	191	3
NC_072408.2	43024808	43025207	3	1	+	NC_072408.2	43024842	43025206	KRT78	XM_003313677.4	+	3	2	34	1	1	2	2	1	2	first	middle	0.500	1.000	unique	constitutive	53	214	1
NC_072408.2	43024808	43025207	3	1	+	NC_072408.2	43024992	43025206	KRT78	XM_509082.7	+	3	1	184	1	2	2	2	2	2	middle	middle	1.000	1.000	constitutive	constitutive	214	214	1
NC_072408.2	43702143	43702518	1	1	+	NC_072408.2	43702206	43702518	KRT80	XM_016923357.3	+	1	2	63	0	8	9	2	2	1	middle	last	1.000	0.500	constitutive	unique	55	121	1
NC_072408.2	43702143	43702518	1	1	+	NC_072408.2	43702206	43702261	KRT80	XM_054663303.2	+	1	1	63	257	8	8	2	2	2	middle	middle	1.000	1.000	constitutive	constitutive	55	55	1
NC_072408.2	50985888	50986302	1	1	+	NC_072408.2	50986097	50986225	NELL2	XM_016923590.4	+	1	1	209	77	3	3	7	7	7	middle	middle	1.000	1.000	constitutive	constitutive	128	128	5
NC_072408.2	50985888	50986302	1	1	+	NC_072408.2	50985892	50986225	NELL2	XM_016923595.4	+	1	2	4	77	1	2	7	2	7	first	middle	0.286	1.000	alternative	constitutive	51	128	2
NC_072408.2	7102302	7102974	-3	1	-	NC_072408.2	7102756	7102867	LOC456647	XM_024347602.3	-	3	1	107	454	2	2	5	3	3	middle	middle	0.600	0.600	alternative	alternative	111	111	3
NC_072408.2	7102302	7102974	-3	1	-	NC_072408.2	7102403	7102549	LOC456647	XM_024347604.3	-	3	1	425	101	2	2	5	1	1	middle	middle	0.200	0.200	unique	unique	146	146	1
NC_072408.2	7254456	7254750	1	1	+	NC_072408.2	7254557	7254606	IQSEC3	XM_016922669.4	+	1	1	101	144	13	13	9	7	7	middle	middle	0.778	0.778	alternative	alternative	49	49	7
NC_072408.2	7254456	7254750	1	1	+	NC_072408.2	7254692	7254750	IQSEC3	XM_016922674.4	+	1	1	236	0	13	13	9	2	2	last	last	0.222	0.222	alternative	alternative	58	58	2
NC_072408.2	73942525	73943005	2	1	+	NC_072408.2	73942781	73942852	GYS2	XM_009425754.5	+	2	1	256	153	1	1	3	1	1	first	first	0.333	0.333	unique	unique	71	71	1
NC_072408.2	73942525	73943005	2	1	+	NC_072408.2	73942655	73942738	GYS2	XM_054664483.2	+	2	1	130	267	1	1	3	1	1	first	first	0.333	0.333	unique	unique	83	83	1
NC_072408.2	73942525	73943005	2	1	+	NC_072408.2	73942557	73942738	GYS2	XM_520790.8	+	2	1	32	267	2	2	3	1	1	middle	middle	0.333	0.333	unique	unique	181	181	1
NC_072408.2	76558942	76559203	2	1	+	NC_072408.2	76558963	76559062	RAB3IP	XM_024347945.3	+	2	1	21	141	8	8	20	15	15	middle	middle	0.750	0.750	alternative	alternative	99	99	15
NC_072408.2	76558942	76559203	2	1	+	NC_072408.2	76559149	76559203	RAB3IP	XM_024347950.3	+	2	1	207	0	8	8	20	5	5	last	last	0.250	0.250	alternative	alternative	54	54	5
NC_072408.2	9761529	9762177	1	1	+	NC_072408.2	9761794	9761853	CACNA1C	XM_016922734.4	+	1	1	265	324	22	22	50	33	33	middle	middle	0.660	0.660	alternative	alternative	59	59	32
NC_072408.2	9761529	9762177	1	1	+	NC_072408.2	9762001	9762060	CACNA1C	XM_016922736.4	+	1	1	472	117	22	22	50	18	18	middle	middle	0.360	0.360	alternative	alternative	59	59	17
NC_072408.2	9761529	9762177	1	1	+	NC_072408.2	9761794	9762060	CACNA1C	XM_016922780.4	+	1	2	265	117	21	22	50	33	18	middle	middle	0.660	0.360	alternative	alternative	59	59	1
NC_072409.2	100594676	100595447	3	1	+	NC_072409.2	100594735	100595009	TTC39B	XM_054658706.2	+	3	1	59	438	2	2	13	1	1	middle	middle	0.077	0.077	unique	unique	274	274	1
NC_072409.2	100594676	100595447	3	1	+	NC_072409.2	100595175	100595414	TTC39B	XM_528545.8	+	3	1	499	33	1	1	13	1	1	first	first	0.077	0.077	unique	unique	239	239	1
NC_072409.2	10185688	10186048	2	1	+	NC_072409.2	10185689	10186012	GOLGA2	XM_001156160.6	+	2	2	1	36	6	7	6	6	2	middle	middle	1.000	0.333	constitutive	alternative	59	80	2
NC_072409.2	10185688	10186048	2	1	+	NC_072409.2	10185689	10185748	GOLGA2	XM_009457377.2	+	2	1	1	300	7	7	6	6	6	middle	middle	1.000	1.000	constitutive	constitutive	59	59	4
NC_072409.2	10740453	10741311	1	1	+	NC_072409.2	10740607	10740741	PTRH1	XM_024345896.3	+	1	1	154	570	1	1	6	4	4	first	first	0.667	0.667	alternative	alternative	134	134	4
NC_072409.2	10740453	10741311	1	1	+	NC_072409.2	10740607	10741310	PTRH1	XM_063788242.1	+	1	2	154	1	1	2	6	2	2	first	middle	0.333	0.333	alternative	alternative	243	219	2
NC_072409.2	1338509	1339985	3	1	+	NC_072409.2	1339782	1339907	DPP7	NM_001279874.1	+	3	1	1273	78	1	1	13	5	5	first	first	0.385	0.385	alternative	alternative	125	125	5
NC_072409.2	1338509	1339985	3	1	+	NC_072409.2	1338883	1339907	DPP7	XM_054657851.2	+	3	3	374	78	3	5	13	4	6	middle	middle	0.308	0.462	alternative	alternative	139	135	4
NC_072409.2	1338509	1339985	3	1	+	NC_072409.2	1338887	1339907	DPP7	XM_054657852.2	+	3	3	378	78	3	5	13	2	6	middle	middle	0.154	0.462	alternative	alternative	135	135	2
NC_072409.2	1338664	1339483	2	1	+	NC_072409.2	1338684	1338797	DPP7	XM_054657851.2	+	2	1	20	686	2	2	13	4	4	middle	middle	0.308	0.308	alternative	alternative	113	113	4
NC_072409.2	1338664	1339483	2	1	+	NC_072409.2	1338883	1339402	DPP7	XM_063787298.1	+	2	2	219	81	3	4	13	2	2	middle	middle	0.154	0.154	alternative	alternative	139	163	2
NC_072409.2	1386460	1387717	2	1	+	NC_072409.2	1387400	1387717	SAPCD2	XM_009457764.5	+	2	2	940	0	5	6	2	1	2	middle	last	0.500	1.000	unique	constitutive	116	125	1
NC_072409.2	1386460	1387717	2	1	+	NC_072409.2	1387592	1387717	SAPCD2	XM_016962219.4	+	2	1	1132	0	5	5	2	2	2	last	last	1.000	1.000	constitutive	constitutive	125	125	1
NC_072409.2	24157130	24157739	-2	1	-	NC_072409.2	24157401	24157454	COL27A1	XM_016961505.4	-	2	1	285	271	46	46	7	6	6	middle	middle	0.857	0.857	alternative	alternative	53	53	6
NC_072409.2	24157130	24157739	-2	1	-	NC_072409.2	24157181	24157288	COL27A1	XM_054659010.2	-	2	1	451	51	47	47	7	1	1	middle	middle	0.143	0.143	unique	unique	107	107	1
NC_072409.2	24158163	24158685	-1	1	-	NC_072409.2	24158545	24158598	COL27A1	XM_016961505.4	-	1	1	87	382	44	44	7	7	7	middle	middle	1.000	1.000	constitutive	constitutive	53	53	6
NC_072409.2	24158163	24158685	-1	1	-	NC_072409.2	24158217	24158598	COL27A1	XM_054659010.2	-	1	2	87	54	44	45	7	7	1	middle	middle	1.000	0.143	constitutive	unique	53	123	1
NC_072409.2	28997691	28997925	1	1	+	NC_072409.2	28997692	28997799	PTPN3	XM_003951487.6	+	1	1	1	126	2	2	6	3	3	middle	middle	0.500	0.500	alternative	alternative	107	107	3
NC_072409.2	28997691	28997925	1	1	+	NC_072409.2	28997878	28997918	PTPN3	XM_054658375.2	+	1	1	187	7	1	1	6	2	2	first	first	0.333	0.333	alternative	alternative	40	40	2
NC_072409.2	5255062	5255707	2	1	+	NC_072409.2	5255102	5255125	OBP2B	XM_016961982.4	+	2	1	40	582	6	6	6	3	3	middle	middle	0.500	0.500	alternative	alternative	23	23	3
NC_072409.2	5255062	5255707	2	1	+	NC_072409.2	5255102	5255707	OBP2B	XM_054659249.2	+	2	2	40	0	6	7	6	1	1	middle	last	0.167	0.167	unique	unique	27	76	1
NC_072409.2	74083311	74084142	1	1	+	NC_072409.2	74083312	74083764	IDNK	XM_024345681.3	+	1	1	1	378	1	1	8	1	1	first	first	0.125	0.125	unique	unique	452	452	1
NC_072409.2	74083311	74084142	1	1	+	NC_072409.2	74083888	74084066	IDNK	XM_024345682.2	+	1	1	577	76	1	1	8	1	1	first	first	0.125	0.125	unique	unique	178	178	1
NC_072409.2	80138785	80139556	-3	1	-	NC_072409.2	80139331	80139473	TMEM8B	XM_016960843.4	-	3	1	83	546	9	9	20	19	19	middle	middle	0.950	0.950	alternative	alternative	142	142	19
NC_072409.2	80138785	80139556	-3	1	-	NC_072409.2	80138786	80139125	TMEM8B	XM_054658018.2	-	3	1	431	1	9	9	20	1	1	last	last	0.050	0.050	unique	unique	339	339	1
NC_072409.2	80423508	80424261	1	1	+	NC_072409.2	80423785	80424109	CIMIP2B	XM_016960811.3	+	1	2	277	152	4	5	7	6	4	middle	middle	0.857	0.571	alternative	alternative	51	152	4
NC_072409.2	80423508	80424261	1	1	+	NC_072409.2	80423785	80423836	CIMIP2B	XM_016960813.3	+	1	1	277	425	4	4	7	6	6	middle	middle	0.857	0.857	alternative	alternative	51	51	2
NC_072409.2	80423761	80424082	2	1	+	NC_072409.2	80423979	80424082	CIMIP2B	XM_016960813.3	+	2	1	218	0	5	5	7	1	1	last	last	0.143	0.143	unique	unique	103	103	1
NC_072409.2	80423761	80424082	2	1	+	NC_072409.2	80423765	80423836	CIMIP2B	XM_016960814.4	+	2	1	4	246	4	4	7	1	1	middle	middle	0.143	0.143	unique	unique	71	71	1
NC_072409.2	9518183	9518732	-2	1	-	NC_072409.2	9518576	9518704	PHYHD1	XM_001162007.7	-	2	1	28	393	8	8	19	5	5	middle	middle	0.263	0.263	alternative	alternative	128	128	5
NC_072409.2	9518183	9518732	-2	1	-	NC_072409.2	9518358	9518474	PHYHD1	XM_009457443.5	-	2	1	258	175	8	8	19	11	11	middle	middle	0.579	0.579	alternative	alternative	116	116	11
NC_072410.2	26522038	26524108	-1	1	-	NC_072410.2	26522378	26523375	ARID5A	XM_016948979.4	-	1	2	733	340	4	6	9	5	7	middle	middle	0.556	0.778	alternative	alternative	52	159	5
NC_072410.2	26522038	26524108	-1	1	-	NC_072410.2	26522378	26522537	ARID5A	XM_063789603.1	-	1	1	1571	340	2	2	9	7	7	middle	middle	0.778	0.778	alternative	alternative	159	159	2
NC_072410.2	26522038	26524108	-1	1	-	NC_072410.2	26522378	26522455	ARID5A	XM_063789605.1	-	1	1	1653	340	1	1	9	2	2	first	first	0.222	0.222	alternative	alternative	77	77	2
NC_072410.2	37839338	37839728	-3	1	-	NC_072410.2	37839614	37839713	TMSB10	XM_016948874.3	-	3	1	15	276	1	1	2	2	2	first	first	1.000	1.000	constitutive	constitutive	99	99	1
NC_072410.2	37839338	37839728	-3	1	-	NC_072410.2	37839339	37839713	TMSB10	XM_063789696.1	-	3	2	15	1	1	2	2	2	1	first	last	1.000	0.500	constitutive	unique	99	121	1
NC_072410.2	48295828	48296230	-1	1	-	NC_072410.2	48295967	48296020	WBP1	XM_009442695.5	-	1	1	210	139	1	1	13	4	4	first	first	0.308	0.308	alternative	alternative	53	53	4
NC_072410.2	48295828	48296230	-1	1	-	NC_072410.2	48296165	48296212	WBP1	XM_009442697.5	-	1	1	18	337	1	1	13	2	2	first	first	0.154	0.154	alternative	alternative	47	47	2
NC_072410.2	48329400	48329871	-2	1	-	NC_072410.2	48329401	48329682	WDR54	XM_001158234.7	-	2	2	189	1	8	9	6	6	3	middle	last	1.000	0.500	constitutive	alternative	74	128	3
NC_072410.2	48329400	48329871	-2	1	-	NC_072410.2	48329608	48329682	WDR54	XM_016948833.4	-	2	1	189	208	8	8	6	6	6	middle	middle	1.000	1.000	constitutive	constitutive	74	74	3
NC_072410.2	95362862	95363279	3	1	+	NC_072410.2	95362888	95363012	FNDC4	XM_001158005.6	+	3	1	26	267	5	5	2	1	1	middle	middle	0.500	0.500	unique	unique	124	124	1
NC_072410.2	95362862	95363279	3	1	+	NC_072410.2	95363200	95363279	FNDC4	XM_009442194.4	+	3	1	338	0	5	5	2	1	1	last	last	0.500	0.500	unique	unique	79	79	1
NC_072410.2	95724550	95725006	2	1	+	NC_072410.2	95724574	95724967	PREB	XM_003949769.5	+	2	2	24	39	6	7	4	2	4	middle	middle	0.500	1.000	alternative	constitutive	173	72	2
NC_072410.2	95724550	95725006	2	1	+	NC_072410.2	95724895	95724967	PREB	XM_009442182.4	+	2	1	345	39	6	6	4	4	4	middle	middle	1.000	1.000	constitutive	constitutive	72	72	2
NC_072410.2	96284693	96285173	-3	1	-	NC_072410.2	96284829	96285102	C2AH2orf70	XM_016948200.4	-	3	1	71	136	4	4	7	6	6	middle	middle	0.857	0.857	alternative	alternative	273	273	5
NC_072410.2	96284693	96285173	-3	1	-	NC_072410.2	96284694	96285102	C2AH2orf70	XM_016948202.3	-	3	2	71	1	5	6	7	6	1	middle	last	0.857	0.143	alternative	unique	273	5	1
NC_072410.2	9811498	9812092	-1	1	-	NC_072410.2	9811663	9811849	LOC104004422	XM_054678206.2	-	1	1	243	165	23	23	9	7	7	middle	middle	0.778	0.778	alternative	alternative	186	186	7
NC_072410.2	9811498	9812092	-1	1	-	NC_072410.2	9811499	9811537	LOC104004422	XM_063788903.1	-	1	1	555	1	23	23	9	1	1	last	last	0.111	0.111	unique	unique	38	38	1
NC_072411.2	103318280	103318670	-3	1	-	NC_072411.2	103318281	103318622	FLACC1	NM_001280196.1	-	3	2	48	1	12	13	5	5	1	middle	last	1.000	0.200	constitutive	unique	89	122	1
NC_072411.2	103318280	103318670	-3	1	-	NC_072411.2	103318294	103318622	FLACC1	XM_009443699.5	-	3	2	48	14	12	13	5	5	3	middle	middle	1.000	0.600	constitutive	alternative	89	109	3
NC_072411.2	103318280	103318670	-3	1	-	NC_072411.2	103318533	103318622	FLACC1	XM_009443701.5	-	3	1	48	253	12	12	5	5	5	middle	middle	1.000	1.000	constitutive	constitutive	89	89	1
NC_072411.2	120926947	120927271	-1	1	-	NC_072411.2	120927158	120927260	RNF25	XM_009444315.3	-	1	1	11	211	3	3	5	2	2	middle	middle	0.400	0.400	alternative	alternative	102	102	2
NC_072411.2	120926947	120927271	-1	1	-	NC_072411.2	120926998	120927065	RNF25	XM_009444317.3	-	1	1	206	51	3	3	5	3	3	middle	middle	0.600	0.600	alternative	alternative	67	67	3
NC_072411.2	121506847	121507333	2	1	+	NC_072411.2	121506857	121507313	STK16	XM_009444352.4	+	2	2	10	20	1	2	4	1	1	first	middle	0.250	0.250	unique	unique	167	189	1
NC_072411.2	121506847	121507333	2	1	+	NC_072411.2	121507214	121507313	STK16	XM_009444353.4	+	2	1	367	20	1	1	4	1	1	first	first	0.250	0.250	unique	unique	99	99	1
NC_072411.2	121867383	121867974	1	1	+	NC_072411.2	121867520	121867854	STK11IP	XM_009444388.5	+	1	2	137	120	8	9	10	10	8	middle	middle	1.000	0.800	constitutive	alternative	103	95	8
NC_072411.2	121867383	121867974	1	1	+	NC_072411.2	121867520	121867623	STK11IP	XM_016950581.4	+	1	1	137	351	8	8	10	10	10	middle	middle	1.000	1.000	constitutive	constitutive	103	103	2
NC_072411.2	20243051	20243408	3	1	+	NC_072411.2	20243073	20243159	CFAP221	XM_001156763.6	+	3	1	22	249	3	3	8	6	6	middle	middle	0.750	0.750	alternative	alternative	86	86	6
NC_072411.2	20243051	20243408	3	1	+	NC_072411.2	20243364	20243407	CFAP221	XM_063790364.1	+	3	1	313	1	1	1	8	1	1	first	first	0.125	0.125	unique	unique	43	43	1
NC_072411.2	32031669	32032068	1	1	+	NC_072411.2	32031942	32032068	LOC107971412	XM_054679758.2	+	1	1	273	0	6	6	3	2	2	last	last	0.667	0.667	alternative	alternative	126	126	2
NC_072411.2	32031669	32032068	1	1	+	NC_072411.2	32031686	32031742	LOC107971412	XM_054679760.2	+	1	1	17	326	6	6	3	1	1	middle	middle	0.333	0.333	unique	unique	56	56	1
NC_072411.2	92563432	92563879	2	1	+	NC_072411.2	92563679	92563879	MFSD6	XM_016950205.3	+	2	1	247	0	6	6	7	5	5	last	last	0.714	0.714	alternative	alternative	200	200	5
NC_072411.2	92563432	92563879	2	1	+	NC_072411.2	92563496	92563520	MFSD6	XM_016950207.4	+	2	1	64	359	6	6	7	2	2	middle	middle	0.286	0.286	alternative	alternative	24	24	2
NC_072412.2	118674881	118675214	3	1	+	NC_072412.2	118675073	118675163	MCF2L	XM_024348360.3	+	3	1	192	51	4	4	37	37	37	middle	middle	1.000	1.000	constitutive	constitutive	90	90	36
NC_072412.2	118674881	118675214	3	1	+	NC_072412.2	118674882	118675163	MCF2L	XM_054665606.2	+	3	2	1	51	1	2	37	1	37	first	middle	0.027	1.000	unique	constitutive	67	90	1
NC_072412.2	119069312	119069648	-1	1	-	NC_072412.2	119069459	119069584	ADPRHL1	XM_054665620.2	-	1	1	64	147	3	3	6	1	1	middle	middle	0.167	0.167	unique	unique	125	125	1
NC_072412.2	119069312	119069648	-1	1	-	NC_072412.2	119069387	119069408	ADPRHL1	XM_054665621.2	-	1	1	240	75	1	1	6	1	1	first	first	0.167	0.167	unique	unique	21	21	1
NC_072412.2	31558905	31559172	-3	1	-	NC_072412.2	31559039	31559115	N4BP2L1	XM_001143836.7	-	3	1	57	134	4	4	23	11	11	middle	middle	0.478	0.478	alternative	alternative	76	76	11
NC_072412.2	31558905	31559172	-3	1	-	NC_072412.2	31558921	31558989	N4BP2L1	XM_016925142.4	-	3	1	183	16	4	4	23	6	6	middle	middle	0.261	0.261	alternative	alternative	68	68	6
NC_072412.2	78742738	78743968	2	1	+	NC_072412.2	78743060	78743320	KLF5	XM_001136935.6	+	2	1	322	648	1	1	3	1	1	first	first	0.333	0.333	unique	unique	260	260	1
NC_072412.2	78742738	78743968	2	1	+	NC_072412.2	78743531	78743569	KLF5	XM_054665367.2	+	2	1	793	399	1	1	3	1	1	first	first	0.333	0.333	unique	unique	38	38	1
NC_072412.2	84339362	84340016	-1	1	-	NC_072412.2	84339483	84339554	OBI1	XM_001142259.7	-	1	1	462	121	1	1	8	1	1	first	first	0.125	0.125	unique	unique	71	71	1
NC_072412.2	84339362	84340016	-1	1	-	NC_072412.2	84339600	84339659	OBI1	XM_063792244.1	-	1	1	357	238	1	1	8	1	1	first	first	0.125	0.125	unique	unique	59	59	1
NC_072413.2	103185492	103186128	-3	1	-	NC_072413.2	103185549	103185917	JAG2	XM_024348620.3	-	3	2	211	57	9	10	4	4	3	middle	middle	1.000	0.750	constitutive	alternative	113	113	3
NC_072413.2	103185492	103186128	-3	1	-	NC_072413.2	103185804	103185917	JAG2	XM_054666341.2	-	3	1	211	312	9	9	4	4	4	middle	middle	1.000	1.000	constitutive	constitutive	113	113	1
NC_072413.2	103514283	103514820	1	1	+	NC_072413.2	103514357	103514725	CRIP2	XM_016926863.3	+	1	2	74	95	5	6	3	3	2	middle	middle	1.000	0.667	constitutive	alternative	94	57	2
NC_072413.2	103514283	103514820	1	1	+	NC_072413.2	103514357	103514451	CRIP2	XM_054666356.2	+	1	1	74	369	5	5	3	3	3	middle	middle	1.000	1.000	constitutive	constitutive	94	94	1
NC_072413.2	22371806	22372385	3	1	+	NC_072413.2	22371903	22372226	CPNE6	XM_001165305.7	+	3	2	97	159	6	7	5	4	4	middle	middle	0.800	0.800	alternative	alternative	74	83	4
NC_072413.2	22371806	22372385	3	1	+	NC_072413.2	22372170	22372226	CPNE6	XM_063793246.1	+	3	1	364	159	1	1	5	1	1	first	first	0.200	0.200	unique	unique	56	56	1
NC_072413.2	22614555	22614885	-3	1	-	NC_072413.2	22614646	22614770	ADCY4	XM_009427599.4	-	3	1	115	91	23	23	6	5	5	middle	middle	0.833	0.833	alternative	alternative	124	124	5
NC_072413.2	22614555	22614885	-3	1	-	NC_072413.2	22614556	22614560	ADCY4	XM_016925927.3	-	3	1	325	1	24	24	6	1	1	last	last	0.167	0.167	unique	unique	4	4	1
NC_072413.2	22737826	22738216	-2	1	-	NC_072413.2	22738009	22738210	SDR39U1	XM_009427603.3	-	2	1	6	183	1	1	6	1	1	first	first	0.167	0.167	unique	unique	201	201	1
NC_072413.2	22737826	22738216	-2	1	-	NC_072413.2	22737841	22737922	SDR39U1	XM_016925940.3	-	2	1	294	15	1	1	6	3	3	first	first	0.500	0.500	alternative	alternative	81	81	3
NC_072413.2	50790978	50791266	-3	1	-	NC_072413.2	50790979	50791027	GNPNAT1	XM_054666021.2	-	3	1	239	1	5	5	3	1	1	last	last	0.333	0.333	unique	unique	48	48	1
NC_072413.2	50790978	50791266	-3	1	-	NC_072413.2	50791110	50791186	GNPNAT1	XM_063793395.1	-	3	1	80	132	5	5	3	1	1	middle	middle	0.333	0.333	unique	unique	76	76	1
NC_072413.2	62927441	62927705	-1	1	-	NC_072413.2	62927610	62927675	RAB15	XM_016926240.4	-	1	1	30	169	6	6	5	4	4	middle	middle	0.800	0.800	alternative	alternative	65	65	4
NC_072413.2	62927441	62927705	-1	1	-	NC_072413.2	62927442	62927454	RAB15	XM_016926241.4	-	1	1	251	1	7	7	5	1	1	last	last	0.200	0.200	unique	unique	12	12	1
NC_072413.2	91124985	91126245	-3	1	-	NC_072413.2	91124987	91125081	ITPK1	XM_016926632.3	-	3	1	1164	2	1	1	3	1	1	first	first	0.333	0.333	unique	unique	94	94	1
NC_072413.2	91124985	91126245	-3	1	-	NC_072413.2	91125676	91126101	ITPK1	XM_054666235.2	-	3	1	144	691	1	1	3	1	1	first	first	0.333	0.333	unique	unique	425	425	1
NC_072413.2	98299639	98300371	-2	1	-	NC_072413.2	98300003	98300334	SLC25A29	XM_009428458.5	-	2	2	37	364	2	3	16	1	3	middle	middle	0.062	0.188	unique	alternative	158	43	1
NC_072413.2	98299639	98300371	-2	1	-	NC_072413.2	98300003	98300046	SLC25A29	XM_009428459.5	-	2	1	325	364	3	3	16	3	3	middle	middle	0.188	0.188	alternative	alternative	43	43	2
NC_072414.2	33814149	33814719	1	1	+	NC_072414.2	33814369	33814555	PLA2G4B	XM_054667420.2	+	1	1	220	164	19	19	9	6	6	middle	middle	0.667	0.667	alternative	alternative	186	186	6
NC_072414.2	33814149	33814719	1	1	+	NC_072414.2	33814369	33814719	PLA2G4B	XM_054667426.2	+	1	2	220	0	19	20	9	2	3	middle	last	0.222	0.333	alternative	alternative	152	38	2
NC_072414.2	33814149	33814719	1	1	+	NC_072414.2	33814681	33814719	PLA2G4B	XM_054667432.2	+	1	1	532	0	19	19	9	3	3	last	last	0.333	0.333	alternative	alternative	38	38	1
NC_072414.2	35123043	35123556	1	1	+	NC_072414.2	35123433	35123555	TMEM62	XM_003314655.6	+	1	1	390	1	7	7	30	28	28	middle	middle	0.933	0.933	alternative	alternative	122	122	28
NC_072414.2	35123043	35123556	1	1	+	NC_072414.2	35123159	35123555	TMEM62	XM_024349172.3	+	1	2	116	1	4	5	30	2	2	middle	middle	0.067	0.067	alternative	alternative	124	43	2
NC_072414.2	35162833	35163532	2	1	+	NC_072414.2	35163359	35163418	CCNDBP1	XM_001156810.6	+	2	1	526	114	2	2	4	1	1	middle	middle	0.250	0.250	unique	unique	59	59	1
NC_072414.2	35162833	35163532	2	1	+	NC_072414.2	35163038	35163146	CCNDBP1	XM_001156927.7	+	2	1	205	386	1	1	4	2	2	first	first	0.500	0.500	alternative	alternative	108	108	2
NC_072414.2	55630334	55630607	-1	1	-	NC_072414.2	55630467	55630532	HERC1	XM_054667629.2	-	1	1	75	133	62	62	29	29	29	middle	middle	1.000	1.000	constitutive	constitutive	65	65	28
NC_072414.2	55630334	55630607	-1	1	-	NC_072414.2	55630335	55630532	HERC1	XM_054667652.2	-	1	2	75	1	62	63	29	29	1	middle	last	1.000	0.034	constitutive	unique	65	38	1
NC_072414.2	55905772	55906063	-2	1	-	NC_072414.2	55905935	55906024	DAPK2	XM_001157721.6	-	2	1	39	163	9	9	12	5	5	middle	middle	0.417	0.417	alternative	alternative	89	89	5
NC_072414.2	55905772	55906063	-2	1	-	NC_072414.2	55905773	55905818	DAPK2	XM_009429317.4	-	2	1	245	1	11	11	12	6	6	last	last	0.500	0.500	alternative	alternative	45	45	6
NC_072414.2	65846161	65846965	2	1	+	NC_072414.2	65846375	65846458	TBC1D21	XM_001175179.6	+	2	1	214	507	10	10	7	7	7	middle	middle	1.000	1.000	constitutive	constitutive	83	83	2
NC_072414.2	65846161	65846965	2	1	+	NC_072414.2	65846375	65846965	TBC1D21	XM_009429505.4	+	2	2	214	0	10	11	7	7	5	middle	last	1.000	0.714	constitutive	alternative	83	218	5
NC_072414.2	66380030	66380795	-1	1	-	NC_072414.2	66380255	66380633	SEMA7A	XM_016927189.4	-	1	2	162	225	4	5	5	4	4	middle	middle	0.800	0.800	alternative	alternative	92	84	4
NC_072414.2	66380030	66380795	-1	1	-	NC_072414.2	66380255	66380309	SEMA7A	XM_016927190.4	-	1	1	486	225	1	1	5	1	1	first	first	0.200	0.200	unique	unique	54	54	1
NC_072414.2	71874985	71875507	-2	1	-	NC_072414.2	71875001	71875117	MTHFS	XM_001154891.5	-	2	1	390	16	1	1	7	1	1	first	first	0.143	0.143	unique	unique	116	116	1
NC_072414.2	71874985	71875507	-2	1	-	NC_072414.2	71875292	71875495	MTHFS	XM_510537.8	-	2	1	12	307	1	1	7	1	1	first	first	0.143	0.143	unique	unique	203	203	1
NC_072414.2	75921790	75922210	2	1	+	NC_072414.2	75922037	75922132	AP3B2	XM_001159946.4	+	2	1	247	78	4	4	3	3	3	middle	middle	1.000	1.000	constitutive	constitutive	95	95	2
NC_072414.2	75921790	75922210	2	1	+	NC_072414.2	75921854	75922132	AP3B2	XM_009429698.5	+	2	2	64	78	1	2	3	1	3	first	middle	0.333	1.000	unique	constitutive	26	95	1
NC_072414.2	76740519	76740918	1	1	+	NC_072414.2	76740617	76740715	SLC28A1	XM_009429742.3	+	1	1	98	203	15	15	17	11	11	middle	middle	0.647	0.647	alternative	alternative	98	98	8
NC_072414.2	76740519	76740918	1	1	+	NC_072414.2	76740617	76740917	SLC28A1	XM_016927341.2	+	1	2	98	1	16	17	17	11	3	middle	middle	0.647	0.176	alternative	alternative	98	111	3
NC_072414.2	81106432	81106792	2	1	+	NC_072414.2	81106652	81106711	FANCI	XM_009429801.5	+	2	1	220	81	33	33	24	16	16	middle	middle	0.667	0.667	alternative	alternative	59	59	16
NC_072414.2	81106432	81106792	2	1	+	NC_072414.2	81106712	81106792	FANCI	XM_024349359.3	+	2	1	280	0	33	33	24	4	4	last	last	0.167	0.167	alternative	alternative	80	80	4
NC_072414.2	82011738	82012197	1	1	+	NC_072414.2	82011806	82011969	SEMA4B	XM_016927412.3	+	1	1	68	228	2	2	7	1	1	middle	middle	0.143	0.143	unique	unique	163	163	1
NC_072414.2	82011738	82012197	1	1	+	NC_072414.2	82012134	82012196	SEMA4B	XM_054667919.2	+	1	1	396	1	2	2	7	4	4	middle	middle	0.571	0.571	alternative	alternative	62	62	4
NC_072415.2	16208414	16211795	-1	1	-	NC_072415.2	16209126	16211055	LOC129137938	XM_063795492.1	-	1	2	740	712	2	3	16	14	11	middle	middle	0.875	0.688	alternative	alternative	60	1472	10
NC_072415.2	16208414	16211795	-1	1	-	NC_072415.2	16209390	16211055	LOC129137938	XM_063795503.1	-	1	2	740	976	2	3	16	14	4	middle	middle	0.875	0.250	alternative	alternative	60	1208	4
NC_072415.2	16208414	16211795	-1	1	-	NC_072415.2	16209126	16211015	LOC129137938	XM_063795507.1	-	1	2	780	712	1	2	16	1	11	first	middle	0.062	0.688	unique	alternative	20	1472	1
NC_072415.2	16208414	16211795	-1	1	-	NC_072415.2	16209126	16210097	LOC129137938	XM_063795509.1	-	1	1	1698	712	1	1	16	1	1	first	first	0.062	0.062	unique	unique	971	971	1
NC_072416.2	13544194	13544890	2	1	+	NC_072416.2	13544234	13544696	CIITA	XM_009430288.5	+	2	2	40	194	1	2	41	12	31	first	middle	0.293	0.756	alternative	alternative	126	95	9
NC_072416.2	13544194	13544890	2	1	+	NC_072416.2	13544234	13544360	CIITA	XM_009430294.5	+	2	1	40	530	1	1	41	12	12	first	first	0.293	0.293	alternative	alternative	126	126	3
NC_072416.2	13544194	13544890	2	1	+	NC_072416.2	13544214	13544696	CIITA	XM_009430298.5	+	2	2	20	194	2	3	41	29	31	middle	middle	0.707	0.756	alternative	alternative	146	95	22
NC_072416.2	13544194	13544890	2	1	+	NC_072416.2	13544214	13544360	CIITA	XM_063796631.1	+	2	1	20	530	2	2	41	29	29	middle	middle	0.707	0.707	alternative	alternative	146	146	7
NC_072416.2	2721401	2722010	-1	1	-	NC_072416.2	2721555	2721949	PGAP6	XM_016928999.4	-	1	2	61	154	10	11	6	6	4	middle	middle	1.000	0.667	constitutive	alternative	178	146	4
NC_072416.2	2721401	2722010	-1	1	-	NC_072416.2	2721771	2721949	PGAP6	XM_016929001.4	-	1	1	61	370	10	10	6	6	6	middle	middle	1.000	1.000	constitutive	constitutive	178	178	2
NC_072416.2	2950512	2951136	1	1	+	NC_072416.2	2950564	2950957	RAB40C	XM_024349654.2	+	1	2	52	179	1	2	6	1	1	first	middle	0.167	0.167	unique	unique	79	172	1
NC_072416.2	2950512	2951136	1	1	+	NC_072416.2	2950816	2950957	RAB40C	XM_063796414.1	+	1	1	304	179	1	1	6	1	1	first	first	0.167	0.167	unique	unique	141	141	1
NC_072416.2	2993125	2993329	-2	1	-	NC_072416.2	2993228	2993306	METTL26	XM_016929023.4	-	2	1	23	103	3	3	7	4	4	middle	middle	0.571	0.571	alternative	alternative	78	78	4
NC_072416.2	2993125	2993329	-2	1	-	NC_072416.2	2993126	2993153	METTL26	XM_024349660.3	-	2	1	176	1	5	5	7	1	1	last	last	0.143	0.143	unique	unique	27	27	1
NC_072416.2	2993186	2993723	-1	1	-	NC_072416.2	2993398	2993465	METTL26	XM_016929024.4	-	1	1	258	212	4	4	7	1	1	middle	middle	0.143	0.143	unique	unique	67	67	1
NC_072416.2	2993186	2993723	-1	1	-	NC_072416.2	2993398	2993572	METTL26	XM_024349659.3	-	1	1	151	212	4	4	7	1	1	middle	middle	0.143	0.143	unique	unique	174	174	1
NC_072416.2	2993186	2993723	-1	1	-	NC_072416.2	2993228	2993306	METTL26	XM_024349662.3	-	1	1	417	42	4	4	7	2	2	middle	middle	0.286	0.286	alternative	alternative	78	78	2
NC_072416.2	3085060	3085597	-2	1	-	NC_072416.2	3085193	3085504	CCDC78	XM_016929080.4	-	2	1	93	133	1	1	15	11	11	first	first	0.733	0.733	alternative	alternative	311	311	11
NC_072416.2	3085060	3085597	-2	1	-	NC_072416.2	3085193	3085594	CCDC78	XM_016929089.4	-	2	2	3	133	1	2	15	4	4	first	middle	0.267	0.267	alternative	alternative	59	119	4
NC_072416.2	3157185	3157875	-3	1	-	NC_072416.2	3157401	3157422	RPUSD1	XM_016929105.4	-	3	1	453	216	1	1	2	1	1	first	first	0.500	0.500	unique	unique	21	21	1
NC_072416.2	3157185	3157875	-3	1	-	NC_072416.2	3157401	3157801	RPUSD1	XM_510721.6	-	3	2	74	216	2	3	2	1	1	middle	middle	0.500	0.500	unique	unique	123	102	1
NC_072416.2	32209545	32209851	1	1	+	NC_072416.2	32209546	32209714	HIRIP3	NM_001280458.1	+	1	1	1	137	5	5	2	1	1	middle	middle	0.500	0.500	unique	unique	168	168	1
NC_072416.2	32209545	32209851	1	1	+	NC_072416.2	32209797	32209851	HIRIP3	XM_063796289.1	+	1	1	252	0	5	5	2	1	1	last	last	0.500	0.500	unique	unique	54	54	1
NC_072416.2	34786046	34786373	-1	1	-	NC_072416.2	34786214	34786283	CFAP119	NM_001246401.1	-	1	1	90	168	7	7	12	9	9	middle	middle	0.750	0.750	alternative	alternative	69	69	9
NC_072416.2	34786046	34786373	-1	1	-	NC_072416.2	34786048	34786137	CFAP119	XM_054668065.1	-	1	1	236	2	6	6	12	1	1	middle	middle	0.083	0.083	unique	unique	89	89	1
NC_072416.2	34928974	34929652	2	1	+	NC_072416.2	34929194	34929652	CTF1	XM_009430672.5	+	2	1	220	0	3	3	3	3	3	last	last	1.000	1.000	constitutive	constitutive	458	458	2
NC_072416.2	34928974	34929652	2	1	+	NC_072416.2	34929032	34929652	CTF1	XM_016929719.4	+	2	2	58	0	1	2	3	1	3	first	last	0.333	1.000	unique	constitutive	59	458	1
NC_072416.2	35013503	35014211	3	1	+	NC_072416.2	35013671	35014068	HSD3B7	XM_001155219.7	+	3	2	168	143	4	5	7	7	5	middle	middle	1.000	0.714	constitutive	alternative	99	162	5
NC_072416.2	35013503	35014211	3	1	+	NC_072416.2	35013671	35013770	HSD3B7	XM_054669324.2	+	3	1	168	441	5	5	7	7	7	middle	middle	1.000	1.000	constitutive	constitutive	99	99	2
NC_072416.2	35061662	35061995	3	1	+	NC_072416.2	35061678	35061990	STX4	XM_054669326.2	+	3	2	16	5	2	3	4	2	2	middle	middle	0.500	0.500	alternative	alternative	101	99	2
NC_072416.2	35061662	35061995	3	1	+	NC_072416.2	35061869	35061990	STX4	XM_063797777.1	+	3	1	207	5	3	3	4	2	2	middle	middle	0.500	0.500	alternative	alternative	121	121	2
NC_072416.2	4166409	4166964	-3	1	-	NC_072416.2	4166824	4166925	NME3	XM_016929179.4	-	3	1	39	415	3	3	4	2	2	middle	middle	0.500	0.500	alternative	alternative	101	101	1
NC_072416.2	4166409	4166964	-3	1	-	NC_072416.2	4166410	4166925	NME3	XM_016929180.4	-	3	2	39	1	3	5	4	2	1	middle	last	0.500	0.250	alternative	unique	101	110	1
NC_072416.2	4166515	4166881	-2	1	-	NC_072416.2	4166643	4166747	NME3	XM_016929178.4	-	2	1	134	128	4	4	4	1	1	middle	middle	0.250	0.250	unique	unique	104	104	1
NC_072416.2	4166515	4166881	-2	1	-	NC_072416.2	4166516	4166747	NME3	XM_063796455.1	-	2	2	134	1	4	5	4	1	1	middle	last	0.250	0.250	unique	unique	112	4	1
NC_072416.2	56500432	56501548	2	1	+	NC_072416.2	56500559	56501410	NDRG4	XM_016929945.4	+	2	2	127	138	5	8	26	16	26	middle	middle	0.615	1.000	alternative	constitutive	105	60	16
NC_072416.2	56500432	56501548	2	1	+	NC_072416.2	56500467	56501410	NDRG4	XM_016929947.4	+	2	2	35	138	2	5	26	1	26	middle	middle	0.038	1.000	unique	constitutive	197	60	1
NC_072416.2	56500432	56501548	2	1	+	NC_072416.2	56500505	56501410	NDRG4	XM_016929948.4	+	2	2	73	138	4	7	26	7	26	middle	middle	0.269	1.000	alternative	constitutive	159	60	7
NC_072416.2	56500432	56501548	2	1	+	NC_072416.2	56501350	56501410	NDRG4	XM_054668440.2	+	2	1	918	138	3	3	26	26	26	middle	middle	1.000	1.000	constitutive	constitutive	60	60	2
NC_072416.2	65244003	65244369	1	1	+	NC_072416.2	65244116	65244369	E2F4	XM_016930023.4	+	1	2	113	0	9	10	2	2	1	middle	last	1.000	0.500	constitutive	unique	44	112	1
NC_072416.2	65244003	65244369	1	1	+	NC_072416.2	65244116	65244160	E2F4	XM_016930024.4	+	1	1	113	209	9	9	2	2	2	middle	middle	1.000	1.000	constitutive	constitutive	44	44	1
NC_072416.2	65326464	65326878	1	1	+	NC_072416.2	65326688	65326811	PLEKHG4	XM_054669415.2	+	1	1	224	67	2	2	4	4	4	middle	middle	1.000	1.000	constitutive	constitutive	123	123	2
NC_072416.2	65326464	65326878	1	1	+	NC_072416.2	65326517	65326811	PLEKHG4	XM_054669417.2	+	1	2	53	67	2	3	4	2	4	middle	middle	0.500	1.000	alternative	constitutive	95	123	2
NC_072416.2	65440197	65440899	-3	1	-	NC_072416.2	65440198	65440750	ZDHHC1	XM_001163395.8	-	3	2	149	1	9	10	12	2	3	middle	last	0.167	0.250	alternative	alternative	219	224	2
NC_072416.2	65440197	65440899	-3	1	-	NC_072416.2	65440198	65440611	ZDHHC1	XM_016930054.4	-	3	2	288	1	10	11	12	1	3	middle	last	0.083	0.250	unique	alternative	80	224	1
NC_072416.2	65440197	65440899	-3	1	-	NC_072416.2	65440716	65440750	ZDHHC1	XM_016930055.4	-	3	1	149	519	9	9	12	3	3	middle	middle	0.250	0.250	alternative	alternative	34	34	3
NC_072416.2	65440568	65440934	-1	1	-	NC_072416.2	65440716	65440809	ZDHHC1	XM_009431040.5	-	1	1	125	148	9	9	12	7	7	middle	middle	0.583	0.583	alternative	alternative	93	93	7
NC_072416.2	65440568	65440934	-1	1	-	NC_072416.2	65440569	65440591	ZDHHC1	XM_063797261.1	-	1	1	343	1	10	10	12	1	1	last	last	0.083	0.083	unique	unique	22	22	1
NC_072416.2	66010419	66011187	-3	1	-	NC_072416.2	66010434	66010548	SLC12A4	XM_016928887.3	-	3	1	639	15	1	1	7	1	1	first	first	0.143	0.143	unique	unique	114	114	1
NC_072416.2	66010419	66011187	-3	1	-	NC_072416.2	66011049	66011079	SLC12A4	XM_016928890.3	-	3	1	108	630	1	1	7	1	1	first	first	0.143	0.143	unique	unique	30	30	1
NC_072416.2	70794159	70794348	1	1	+	NC_072416.2	70794235	70794248	ZNF821	XM_009431209.5	+	1	1	76	100	1	1	27	1	1	first	first	0.037	0.037	unique	unique	13	13	1
NC_072416.2	70794159	70794348	1	1	+	NC_072416.2	70794316	70794347	ZNF821	XM_054669528.1	+	1	1	157	1	1	1	27	1	1	first	first	0.037	0.037	unique	unique	31	31	1
NC_072416.2	75340539	75341094	1	1	+	NC_072416.2	75340740	75340812	SYCE1L	XM_016930210.4	+	1	1	201	282	9	9	8	8	8	middle	middle	1.000	1.000	constitutive	constitutive	72	72	4
NC_072416.2	75340539	75341094	1	1	+	NC_072416.2	75340740	75341094	SYCE1L	XM_016930214.4	+	1	2	201	0	9	10	8	8	3	middle	last	1.000	0.375	constitutive	alternative	72	71	3
NC_072416.2	75340539	75341094	1	1	+	NC_072416.2	75340740	75340812	SYCE1L	XM_063797458.1	+	1	1	201	282	9	9	8	8	8	last	last	1.000	1.000	constitutive	constitutive	72	72	1
NC_072416.2	86809881	86811156	1	1	+	NC_072416.2	86810078	86810277	ZC3H18	XM_016930370.4	+	1	1	197	879	15	15	16	14	14	middle	middle	0.875	0.875	alternative	alternative	199	199	14
NC_072416.2	86809881	86811156	1	1	+	NC_072416.2	86810916	86811012	ZC3H18	XM_016930375.4	+	1	1	1035	144	14	14	16	2	2	middle	middle	0.125	0.125	alternative	alternative	96	96	2
NC_072416.2	87047678	87048413	-1	1	-	NC_072416.2	87047893	87047999	PABPN1L	XM_016930391.4	-	1	1	414	215	4	4	3	2	2	middle	middle	0.667	0.667	alternative	alternative	106	106	1
NC_072416.2	87047678	87048413	-1	1	-	NC_072416.2	87047709	87047999	PABPN1L	XM_063797492.1	-	1	2	414	31	4	5	3	2	1	middle	middle	0.667	0.333	alternative	unique	106	87	1
NC_072416.2	87069174	87070176	-3	1	-	NC_072416.2	87069459	87069696	LOC104002727	XM_009431428.5	-	3	1	480	285	1	1	1	1	1	first	first	1.000	1.000	constitutive	constitutive	237	237	1
NC_072416.2	87069174	87070176	-3	1	-	NC_072416.2	87069747	87069970	CBFA2T3	XM_016930393.4	-	3	1	206	573	6	6	5	5	5	middle	middle	1.000	1.000	constitutive	constitutive	223	223	5
NC_072416.2	87918696	87919251	-3	1	-	NC_072416.2	87918883	87919042	VPS9D1	XM_016930428.4	-	3	1	209	187	15	15	15	6	6	middle	middle	0.400	0.400	alternative	alternative	159	159	6
NC_072416.2	87918696	87919251	-3	1	-	NC_072416.2	87918697	87918787	VPS9D1	XM_016930436.4	-	3	1	464	1	15	15	15	7	7	last	last	0.467	0.467	alternative	alternative	90	90	7
NC_072417.2	11504769	11505561	-2	1	-	NC_072417.2	11505367	11505510	ABR	XM_024350161.3	-	2	1	51	598	1	1	14	1	1	first	first	0.071	0.071	unique	unique	143	143	1
NC_072417.2	11504769	11505561	-2	1	-	NC_072417.2	11504941	11505042	LOC129135261	XM_063799479.1	-	2	1	519	172	1	1	1	1	1	first	first	1.000	1.000	constitutive	constitutive	101	101	1
NC_072417.2	15312986	15313454	3	1	+	NC_072417.2	15313044	15313188	PSMB6	XM_003952946.4	+	3	1	58	266	5	5	2	2	2	middle	middle	1.000	1.000	constitutive	constitutive	144	144	1
NC_072417.2	15312986	15313454	3	1	+	NC_072417.2	15313044	15313454	PSMB6	XM_511290.7	+	3	2	58	0	5	6	2	2	1	middle	last	1.000	0.500	constitutive	unique	144	139	1
NC_072417.2	15461025	15461706	1	1	+	NC_072417.2	15461423	15461500	RNF167	NM_001280416.1	+	1	1	398	206	8	8	9	1	1	middle	middle	0.111	0.111	unique	unique	77	77	1
NC_072417.2	15461025	15461706	1	1	+	NC_072417.2	15461420	15461500	RNF167	XM_009431638.5	+	1	1	395	206	8	8	9	8	8	middle	middle	0.889	0.889	alternative	alternative	80	80	7
NC_072417.2	15461025	15461706	1	1	+	NC_072417.2	15461258	15461500	RNF167	XM_063798079.1	+	1	2	233	206	8	9	9	1	8	middle	middle	0.111	0.889	unique	alternative	71	80	1
NC_072417.2	17256850	17257204	2	1	+	NC_072417.2	17257107	17257192	XAF1	XM_001167990.8	+	2	1	257	12	4	4	11	11	11	middle	middle	1.000	1.000	constitutive	constitutive	85	85	7
NC_072417.2	17256850	17257204	2	1	+	NC_072417.2	17256860	17257192	XAF1	XM_054670789.2	+	2	2	10	12	1	2	11	4	11	first	middle	0.364	1.000	alternative	constitutive	129	85	4
NC_072417.2	17687091	17687580	-2	1	-	NC_072417.2	17687151	17687501	ASGR1	XM_016931394.4	-	2	2	79	60	2	3	3	2	3	middle	middle	0.667	1.000	alternative	constitutive	116	95	2
NC_072417.2	17687091	17687580	-2	1	-	NC_072417.2	17687151	17687246	ASGR1	XM_016931396.4	-	2	1	334	60	2	2	3	3	3	middle	middle	1.000	1.000	constitutive	constitutive	95	95	1
NC_072417.2	17870507	17870813	3	1	+	NC_072417.2	17870783	17870813	TMEM95	XM_016931435.3	+	3	1	276	0	7	7	3	2	2	last	last	0.667	0.667	alternative	alternative	30	30	2
NC_072417.2	17870507	17870813	3	1	+	NC_072417.2	17870584	17870663	TMEM95	XM_016931436.4	+	3	1	77	150	6	6	3	1	1	middle	middle	0.333	0.333	unique	unique	79	79	1
NC_072417.2	18104342	18104750	-3	1	-	NC_072417.2	18104472	18104572	FXR2	XM_016931458.3	-	3	1	178	130	16	16	4	4	4	middle	middle	1.000	1.000	constitutive	constitutive	100	100	2
NC_072417.2	18104342	18104750	-3	1	-	NC_072417.2	18104343	18104572	FXR2	XM_016931459.4	-	3	2	178	1	16	17	4	4	2	middle	last	1.000	0.500	constitutive	alternative	100	32	2
NC_072417.2	22591951	22592284	-1	1	-	NC_072417.2	22592144	22592239	FMNL1	XM_003315395.5	-	1	1	45	193	24	24	10	10	10	middle	middle	1.000	1.000	constitutive	constitutive	95	95	9
NC_072417.2	22591951	22592284	-1	1	-	NC_072417.2	22591952	22592239	FMNL1	XM_009431964.5	-	1	2	45	1	25	26	10	10	1	middle	last	1.000	0.100	constitutive	unique	95	98	1
NC_072417.2	23525781	23526546	1	1	+	NC_072417.2	23525956	23526408	ITGA2B	XM_024350245.3	+	1	2	175	138	27	28	4	4	3	middle	middle	1.000	0.750	constitutive	alternative	113	101	3
NC_072417.2	23525781	23526546	1	1	+	NC_072417.2	23525956	23526069	ITGA2B	XM_054671395.2	+	1	1	175	477	27	27	4	4	4	middle	middle	1.000	1.000	constitutive	constitutive	113	113	1
NC_072417.2	23578753	23579317	2	1	+	NC_072417.2	23578779	23579212	SLC25A39	XM_016931662.4	+	2	2	26	105	3	4	18	8	7	middle	middle	0.444	0.389	alternative	alternative	44	133	4
NC_072417.2	23578753	23579317	2	1	+	NC_072417.2	23578779	23579212	SLC25A39	XM_016931665.3	+	2	2	26	105	3	4	18	8	7	middle	middle	0.444	0.389	alternative	alternative	44	109	4
NC_072417.2	23578753	23579317	2	1	+	NC_072417.2	23579079	23579212	SLC25A39	XM_016931669.4	+	2	1	326	105	3	3	18	7	7	middle	middle	0.389	0.389	alternative	alternative	133	133	3
NC_072417.2	23578753	23579317	2	1	+	NC_072417.2	23579103	23579212	SLC25A39	XM_016931672.4	+	2	1	350	105	3	3	18	7	7	middle	middle	0.389	0.389	alternative	alternative	109	109	3
NC_072417.2	26409528	26409993	1	1	+	NC_072417.2	26409547	26409992	HAP1	XM_001167911.7	+	1	2	19	1	3	4	9	6	9	middle	middle	0.667	1.000	alternative	constitutive	167	166	6
NC_072417.2	26409528	26409993	1	1	+	NC_072417.2	26409598	26409992	HAP1	XM_009432196.5	+	1	2	70	1	3	4	9	2	9	middle	middle	0.222	1.000	alternative	constitutive	116	166	2
NC_072417.2	26409528	26409993	1	1	+	NC_072417.2	26409826	26409992	HAP1	XM_024350315.3	+	1	1	298	1	3	3	9	9	9	middle	middle	1.000	1.000	constitutive	constitutive	166	166	1
NC_072417.2	28448159	28448567	-3	1	-	NC_072417.2	28448376	28448453	STARD3	XM_001172209.8	-	3	1	114	217	3	3	29	29	29	middle	middle	1.000	1.000	constitutive	constitutive	77	77	4
NC_072417.2	28448159	28448567	-3	1	-	NC_072417.2	28448202	28448453	STARD3	XM_001172256.8	-	3	2	114	43	3	4	29	29	25	middle	middle	1.000	0.862	constitutive	alternative	77	53	25
NC_072417.2	37972856	37973432	-3	1	-	NC_072417.2	37972898	37973396	ANKRD13B	XM_003315551.6	-	3	3	36	42	2	4	3	2	2	middle	middle	0.667	0.667	alternative	alternative	135	45	2
NC_072417.2	37972856	37973432	-3	1	-	NC_072417.2	37972898	37972922	ANKRD13B	XM_054670102.2	-	3	1	510	42	1	1	3	1	1	first	first	0.333	0.333	unique	unique	24	24	1
NC_072417.2	49176166	49176592	-1	1	-	NC_072417.2	49176168	49176579	MYO15A	XM_054670312.2	-	1	2	13	2	52	53	7	5	7	middle	middle	0.714	1.000	alternative	constitutive	73	82	5
NC_072417.2	49176166	49176592	-1	1	-	NC_072417.2	49176168	49176250	MYO15A	XM_054670313.2	-	1	1	342	2	52	52	7	7	7	middle	middle	1.000	1.000	constitutive	constitutive	82	82	2
NC_072417.2	50314173	50314983	1	1	+	NC_072417.2	50314333	50314983	RASD1	XM_003315591.7	+	1	2	160	0	1	2	2	2	1	first	last	1.000	0.500	constitutive	unique	285	79	1
NC_072417.2	50314173	50314983	1	1	+	NC_072417.2	50314333	50314618	RASD1	XM_523573.8	+	1	1	160	365	1	1	2	2	2	first	first	1.000	1.000	constitutive	constitutive	285	285	1
NC_072417.2	61867416	61868034	1	1	+	NC_072417.2	61867657	61868033	PIK3R6	XM_016932423.4	+	1	2	241	1	5	6	18	17	17	middle	middle	0.944	0.944	alternative	alternative	132	69	17
NC_072417.2	61867416	61868034	1	1	+	NC_072417.2	61867981	61868033	PIK3R6	XM_063799768.1	+	1	1	565	1	1	1	18	1	1	first	first	0.056	0.056	unique	unique	52	52	1
NC_072417.2	77129994	77130708	1	1	+	NC_072417.2	77130013	77130381	PRR29	XM_003315679.6	+	1	2	19	327	2	3	7	4	5	middle	middle	0.571	0.714	alternative	alternative	75	106	3
NC_072417.2	77129994	77130708	1	1	+	NC_072417.2	77130289	77130381	PRR29	XM_054671482.2	+	1	1	295	327	1	1	7	1	1	first	first	0.143	0.143	unique	unique	92	92	1
NC_072417.2	77129994	77130708	1	1	+	NC_072417.2	77130034	77130381	PRR29	XM_063799905.1	+	1	2	40	327	2	3	7	2	5	middle	middle	0.286	0.714	alternative	alternative	54	106	2
NC_072417.2	77129994	77130708	1	1	+	NC_072417.2	77130013	77130088	PRR29	XM_063799907.1	+	1	1	19	620	2	2	7	4	4	middle	middle	0.571	0.571	alternative	alternative	75	75	1
NC_072417.2	77132691	77133255	1	1	+	NC_072417.2	77133016	77133255	PRR29	XM_003315681.7	+	1	1	325	0	5	5	7	3	3	last	last	0.429	0.429	alternative	alternative	239	239	2
NC_072417.2	77132691	77133255	1	1	+	NC_072417.2	77132750	77133255	PRR29	XM_063799907.1	+	1	2	59	0	3	4	7	1	3	middle	last	0.143	0.429	unique	alternative	70	239	1
NC_072417.2	87856549	87857248	-1	1	-	NC_072417.2	87856550	87857070	FDXR	XM_016932884.4	-	1	2	178	1	11	12	16	7	7	middle	last	0.438	0.438	alternative	alternative	205	221	7
NC_072417.2	87856549	87857248	-1	1	-	NC_072417.2	87856900	87857070	FDXR	XM_016932888.4	-	1	1	178	351	11	11	16	9	9	middle	middle	0.562	0.562	alternative	alternative	170	170	9
NC_072417.2	87865824	87866256	-2	1	-	NC_072417.2	87865900	87865997	FDXR	XM_016932884.4	-	2	1	259	76	2	2	16	13	13	middle	middle	0.812	0.812	alternative	alternative	97	97	13
NC_072417.2	87865824	87866256	-2	1	-	NC_072417.2	87865900	87866180	FDXR	XM_016932897.4	-	2	2	76	76	2	3	16	1	1	middle	middle	0.062	0.062	unique	unique	118	71	1
NC_072417.2	88840278	88840677	-2	1	-	NC_072417.2	88840327	88840638	UNC13D	XM_016930899.4	-	2	2	39	49	10	11	18	18	17	middle	middle	1.000	0.944	constitutive	alternative	104	92	17
NC_072417.2	88840278	88840677	-2	1	-	NC_072417.2	88840534	88840638	UNC13D	XM_063799292.1	-	2	1	39	256	11	11	18	18	18	middle	middle	1.000	1.000	constitutive	constitutive	104	104	1
NC_072417.2	88844577	88845282	-2	1	-	NC_072417.2	88845035	88845195	UNC13D	XM_063799288.1	-	2	1	87	458	1	1	18	4	4	first	first	0.222	0.222	alternative	alternative	160	160	4
NC_072417.2	88844577	88845282	-2	1	-	NC_072417.2	88844822	88844979	UNC13D	XM_063799290.1	-	2	1	303	245	1	1	18	2	2	first	first	0.111	0.111	alternative	alternative	157	157	2
NC_072417.2	88892273	88892813	-3	1	-	NC_072417.2	88892381	88892753	TRIM65	XM_016930911.3	-	3	2	60	108	4	5	3	3	2	middle	middle	1.000	0.667	constitutive	alternative	174	65	2
NC_072417.2	88892273	88892813	-3	1	-	NC_072417.2	88892579	88892753	TRIM65	XM_016930912.2	-	3	1	60	306	4	4	3	3	3	middle	middle	1.000	1.000	constitutive	constitutive	174	174	1
NC_072417.2	88905005	88905635	-3	1	-	NC_072417.2	88905164	88905308	MRPL38	NM_001280504.1	-	3	1	327	159	1	1	3	1	1	first	first	0.333	0.333	unique	unique	144	144	1
NC_072417.2	88905005	88905635	-3	1	-	NC_072417.2	88905164	88905506	MRPL38	XM_009433237.4	-	3	2	129	159	1	2	3	1	1	first	middle	0.333	0.333	unique	unique	66	179	1
NC_072417.2	89393527	89393938	-1	1	-	NC_072417.2	89393581	89393938	UBE2O	XM_016932953.4	-	1	2	0	54	16	17	6	6	4	middle	middle	1.000	0.667	constitutive	alternative	203	57	4
NC_072417.2	89393527	89393938	-1	1	-	NC_072417.2	89393735	89393938	UBE2O	XM_016932956.4	-	1	1	0	208	16	16	6	6	6	middle	middle	1.000	1.000	constitutive	constitutive	203	203	2
NC_072417.2	91220664	91221156	1	1	+	NC_072417.2	91220747	91221109	AFMID	XM_001156359.6	+	1	2	83	47	6	7	9	5	4	middle	middle	0.556	0.444	alternative	alternative	72	97	4
NC_072417.2	91220664	91221156	1	1	+	NC_072417.2	91220747	91220819	AFMID	XM_054670189.1	+	1	1	83	337	6	6	9	5	5	middle	middle	0.556	0.556	alternative	alternative	72	72	1
NC_072417.2	92816149	92816551	-1	1	-	NC_072417.2	92816192	92816248	CBX8	XM_016933061.3	-	1	1	303	43	1	1	3	1	1	first	first	0.333	0.333	unique	unique	56	56	1
NC_072417.2	92816149	92816551	-1	1	-	NC_072417.2	92816192	92816450	CBX8	XM_523736.9	-	1	2	101	43	3	4	3	1	1	middle	middle	0.333	0.333	unique	unique	65	66	1
NC_072417.2	94584779	94585076	-3	1	-	NC_072417.2	94584923	94584983	CEP131	XM_016933123.3	-	3	1	93	144	24	24	28	11	11	middle	middle	0.393	0.393	alternative	alternative	60	60	11
NC_072417.2	94584779	94585076	-3	1	-	NC_072417.2	94584780	94584851	CEP131	XM_016933132.4	-	3	1	225	1	25	25	28	17	17	last	last	0.607	0.607	alternative	alternative	71	71	17
NC_072417.2	94627862	94628765	-3	1	-	NC_072417.2	94627864	94628536	TEPSIN	XM_016933143.4	-	3	2	229	2	8	9	4	2	4	middle	middle	0.500	1.000	alternative	constitutive	203	174	2
NC_072417.2	94627862	94628765	-3	1	-	NC_072417.2	94627864	94628038	TEPSIN	XM_016933145.3	-	3	1	727	2	8	8	4	4	4	middle	middle	1.000	1.000	constitutive	constitutive	174	174	2
NC_072417.2	94916093	94916588	-3	1	-	NC_072417.2	94916098	94916408	ACTG1	NM_001134769.1	-	3	2	180	5	2	4	2	1	1	middle	middle	0.500	0.500	unique	unique	270	25	1
NC_072417.2	94916093	94916588	-3	1	-	NC_072417.2	94916169	94916408	ACTG1	XM_016930668.4	-	3	1	180	76	2	2	2	1	1	middle	middle	0.500	0.500	unique	unique	239	239	1
NC_072417.2	95258146	95258761	-1	1	-	NC_072417.2	95258204	95258557	PCYT2	NM_001280130.1	-	1	2	204	58	10	11	12	12	7	middle	middle	1.000	0.583	constitutive	alternative	65	65	7
NC_072417.2	95258146	95258761	-1	1	-	NC_072417.2	95258492	95258557	PCYT2	XM_016930562.4	-	1	1	204	346	11	11	12	12	12	middle	middle	1.000	1.000	constitutive	constitutive	65	65	5
NC_072417.2	95368111	95368678	2	1	+	NC_072417.2	95368300	95368492	ASPSCR1	XM_016930950.4	+	2	1	189	186	15	15	12	5	5	middle	middle	0.417	0.417	alternative	alternative	192	192	5
NC_072417.2	95368111	95368678	2	1	+	NC_072417.2	95368300	95368678	ASPSCR1	XM_024350749.2	+	2	2	189	0	15	16	12	7	7	middle	last	0.583	0.583	alternative	alternative	172	10	7
NC_072417.2	95370545	95370761	-3	1	-	NC_072417.2	95370546	95370557	CENPX	XM_001167110.5	-	3	1	204	1	5	5	8	6	6	last	last	0.750	0.750	alternative	alternative	11	11	6
NC_072417.2	95370545	95370761	-3	1	-	NC_072417.2	95370631	95370719	CENPX	XM_016930957.4	-	3	1	42	86	4	4	8	1	1	middle	middle	0.125	0.125	unique	unique	88	88	1
NC_072417.2	95370545	95370761	-3	1	-	NC_072417.2	95370646	95370719	CENPX	XM_016930958.4	-	3	1	42	101	4	4	8	1	1	middle	middle	0.125	0.125	unique	unique	73	73	1
NC_072417.2	95409694	95410144	-1	1	-	NC_072417.2	95409695	95409831	DUS1L	XM_016930965.4	-	1	1	313	1	13	13	11	3	3	last	last	0.273	0.273	alternative	alternative	136	136	3
NC_072417.2	95409694	95410144	-1	1	-	NC_072417.2	95409917	95410081	DUS1L	XM_024350758.3	-	1	1	63	223	12	12	11	4	4	middle	middle	0.364	0.364	alternative	alternative	164	164	4
NC_072418.2	10533244	10533793	-3	1	-	NC_072418.2	10533286	10533708	FBN3	XM_016934901.4	-	3	2	85	42	26	27	20	18	20	middle	middle	0.900	1.000	alternative	constitutive	125	122	18
NC_072418.2	10533244	10533793	-3	1	-	NC_072418.2	10533286	10533408	FBN3	XM_016934909.4	-	3	1	385	42	26	26	20	20	20	middle	middle	1.000	1.000	constitutive	constitutive	122	122	2
NC_072418.2	10985234	10985720	-2	1	-	NC_072418.2	10985549	10985675	ADAMTS10	XM_024351989.3	-	2	1	45	315	19	19	6	6	6	middle	middle	1.000	1.000	constitutive	constitutive	126	126	5
NC_072418.2	10985234	10985720	-2	1	-	NC_072418.2	10985327	10985675	ADAMTS10	XM_024351993.3	-	2	2	45	93	19	20	6	6	1	middle	middle	1.000	0.167	constitutive	unique	126	125	1
NC_072418.2	10990814	10991456	-2	1	-	NC_072418.2	10990992	10991055	ADAMTS10	XM_024351989.3	-	2	1	401	178	13	13	6	5	5	middle	middle	0.833	0.833	alternative	alternative	63	63	5
NC_072418.2	10990814	10991456	-2	1	-	NC_072418.2	10991150	10991354	ADAMTS10	XM_024351994.2	-	2	1	102	336	1	1	6	1	1	first	first	0.167	0.167	unique	unique	204	204	1
NC_072418.2	13967928	13968411	-1	1	-	NC_072418.2	13967974	13968289	DOCK6	XM_016935049.4	-	1	2	122	46	8	9	8	6	6	middle	middle	0.750	0.750	alternative	alternative	66	149	6
NC_072418.2	13967928	13968411	-1	1	-	NC_072418.2	13967974	13968084	DOCK6	XM_054674171.2	-	1	1	327	46	1	1	8	1	1	first	first	0.125	0.125	unique	unique	110	110	1
NC_072418.2	15370312	15370699	-3	1	-	NC_072418.2	15370535	15370660	DHPS	XM_001169027.8	-	3	1	39	223	8	8	4	3	3	middle	middle	0.750	0.750	alternative	alternative	125	125	3
NC_072418.2	15370312	15370699	-3	1	-	NC_072418.2	15370313	15370451	DHPS	XM_054672763.2	-	3	1	248	1	9	9	4	1	1	last	last	0.250	0.250	unique	unique	138	138	1
NC_072418.2	15806302	15806881	-3	1	-	NC_072418.2	15806438	15806744	TRMT1	NM_001280156.1	-	3	2	137	136	5	6	11	2	7	middle	middle	0.182	0.636	alternative	alternative	115	112	2
NC_072418.2	15806302	15806881	-3	1	-	NC_072418.2	15806642	15806744	TRMT1	XM_009434769.3	-	3	1	137	340	5	5	11	2	2	middle	middle	0.182	0.182	alternative	alternative	102	102	2
NC_072418.2	15806302	15806881	-3	1	-	NC_072418.2	15806438	15806743	TRMT1	XM_024351049.3	-	3	2	138	136	1	2	11	5	7	first	middle	0.455	0.636	alternative	alternative	114	112	5
NC_072418.2	15806302	15806881	-3	1	-	NC_072418.2	15806438	15806524	TRMT1	XM_063800213.1	-	3	1	357	136	1	1	11	2	2	first	first	0.182	0.182	alternative	alternative	86	86	2
NC_072418.2	19988468	19989395	-2	1	-	NC_072418.2	19989225	19989280	ANO8	XM_016935433.4	-	2	1	115	757	11	11	6	6	6	middle	middle	1.000	1.000	constitutive	constitutive	55	55	1
NC_072418.2	19988468	19989395	-2	1	-	NC_072418.2	19988676	19989280	ANO8	XM_054673123.2	-	2	2	115	208	11	13	6	6	5	middle	middle	1.000	0.833	constitutive	alternative	55	131	5
NC_072418.2	20493735	20494191	-1	1	-	NC_072418.2	20493737	20494110	JAK3	XM_009434991.5	-	1	2	81	2	7	8	12	7	9	middle	middle	0.583	0.750	alternative	alternative	122	157	7
NC_072418.2	20493735	20494191	-1	1	-	NC_072418.2	20493737	20493894	JAK3	XM_009434992.5	-	1	1	297	2	7	7	12	9	9	middle	middle	0.750	0.750	alternative	alternative	157	157	2
NC_072418.2	20656464	20657031	1	1	+	NC_072418.2	20656964	20657030	ARRDC2	XM_001173797.8	+	1	1	500	1	2	2	2	2	2	middle	middle	1.000	1.000	constitutive	constitutive	66	66	1
NC_072418.2	20656464	20657031	1	1	+	NC_072418.2	20656567	20657030	ARRDC2	XM_001173815.8	+	1	2	103	1	1	2	2	1	2	first	middle	0.500	1.000	unique	constitutive	273	66	1
NC_072418.2	21084162	21084528	1	1	+	NC_072418.2	21084163	21084516	SSBP4	XM_024351872.3	+	1	2	1	12	6	7	9	4	9	middle	middle	0.444	1.000	alternative	constitutive	65	59	4
NC_072418.2	21084162	21084528	1	1	+	NC_072418.2	21084457	21084516	SSBP4	XM_024351876.3	+	1	1	295	12	6	6	9	9	9	middle	middle	1.000	1.000	constitutive	constitutive	59	59	5
NC_072418.2	21090271	21090949	-3	1	-	NC_072418.2	21090443	21090823	ISYNA1	NM_001280365.1	-	3	2	126	172	1	2	3	2	2	first	middle	0.667	0.667	alternative	alternative	119	161	1
NC_072418.2	21090271	21090949	-3	1	-	NC_072418.2	21090704	21090823	ISYNA1	XM_016934030.3	-	3	1	126	433	1	1	3	2	2	first	first	0.667	0.667	alternative	alternative	119	119	1
NC_072418.2	21090271	21090949	-3	1	-	NC_072418.2	21090443	21090832	ISYNA1	XM_024351055.3	-	3	2	117	172	2	3	3	1	2	middle	middle	0.333	0.667	unique	alternative	128	161	1
NC_072418.2	3548602	3549340	2	1	+	NC_072418.2	3548729	3549253	MIDN	XM_016934539.4	+	2	2	127	87	4	5	6	2	6	middle	middle	0.333	1.000	alternative	constitutive	128	311	2
NC_072418.2	3548602	3549340	2	1	+	NC_072418.2	3548942	3549253	MIDN	XM_016934541.4	+	2	1	340	87	4	4	6	6	6	middle	middle	1.000	1.000	constitutive	constitutive	311	311	4
NC_072418.2	3779025	3779478	-1	1	-	NC_072418.2	3779292	3779395	PCSK4	XM_024351509.3	-	1	1	83	267	11	11	35	17	17	middle	middle	0.486	0.486	alternative	alternative	103	103	17
NC_072418.2	3779025	3779478	-1	1	-	NC_072418.2	3779104	3779221	PCSK4	XM_024351511.3	-	1	1	257	79	11	11	35	18	18	middle	middle	0.514	0.514	alternative	alternative	117	117	18
NC_072418.2	3783356	3783992	-2	1	-	NC_072418.2	3783440	3783900	PCSK4	XM_024351511.3	-	2	2	92	84	7	8	35	11	8	middle	middle	0.314	0.229	alternative	alternative	172	212	8
NC_072418.2	3783356	3783992	-2	1	-	NC_072418.2	3783440	3783560	PCSK4	XM_024351512.3	-	2	1	432	84	9	9	35	7	7	middle	middle	0.200	0.200	alternative	alternative	120	120	7
NC_072418.2	3783356	3783992	-2	1	-	NC_072418.2	3783728	3783900	PCSK4	XM_024351518.3	-	2	1	92	372	7	7	35	11	11	middle	middle	0.314	0.314	alternative	alternative	172	172	3
NC_072418.2	3783361	3784306	-3	1	-	NC_072418.2	3783440	3783900	PCSK4	XM_024351509.3	-	3	2	406	79	8	9	35	24	17	middle	middle	0.686	0.486	alternative	alternative	172	212	17
NC_072418.2	3783361	3784306	-3	1	-	NC_072418.2	3783728	3783900	PCSK4	XM_024351512.3	-	3	1	406	367	8	8	35	24	24	middle	middle	0.686	0.686	alternative	alternative	172	172	7
NC_072418.2	3792599	3793157	3	1	+	NC_072418.2	3792747	3793152	REEP6	XM_024351146.3	+	3	2	148	5	4	5	2	2	1	middle	middle	1.000	0.500	constitutive	unique	168	80	1
NC_072418.2	3792599	3793157	3	1	+	NC_072418.2	3792747	3792915	REEP6	XM_024351147.3	+	3	1	148	242	4	4	2	2	2	middle	middle	1.000	1.000	constitutive	constitutive	168	168	1
NC_072418.2	3805702	3806188	-3	1	-	NC_072418.2	3805922	3805982	ADAMTSL5	XM_016934576.4	-	3	1	206	220	4	4	5	2	2	middle	middle	0.400	0.400	alternative	alternative	60	60	2
NC_072418.2	3805702	3806188	-3	1	-	NC_072418.2	3805704	3805812	ADAMTSL5	XM_016934579.4	-	3	1	376	2	3	3	5	2	2	middle	middle	0.400	0.400	alternative	alternative	108	108	2
NC_072418.2	38760115	38760538	2	1	+	NC_072418.2	38760306	38760460	RBM42	XM_001160516.8	+	2	1	191	78	5	5	3	2	2	middle	middle	0.667	0.667	alternative	alternative	154	154	1
NC_072418.2	38760115	38760538	2	1	+	NC_072418.2	38760144	38760460	RBM42	XM_001160564.8	+	2	2	29	78	5	6	3	2	1	middle	middle	0.667	0.333	alternative	unique	65	175	1
NC_072418.2	38760115	38760538	2	1	+	NC_072418.2	38760144	38760460	RBM42	XM_009435334.5	+	2	2	29	78	5	6	3	2	2	middle	middle	0.667	0.667	alternative	alternative	65	154	1
NC_072418.2	38842073	38842607	3	1	+	NC_072418.2	38842319	38842569	ZBTB32	NM_001135626.2	+	3	2	246	38	2	3	12	7	11	middle	middle	0.583	0.917	alternative	alternative	73	68	7
NC_072418.2	38842073	38842607	3	1	+	NC_072418.2	38842501	38842569	ZBTB32	XM_054672559.2	+	3	1	428	38	2	2	12	11	11	middle	middle	0.917	0.917	alternative	alternative	68	68	4
NC_072418.2	38842073	38842607	3	1	+	NC_072418.2	38842542	38842569	ZBTB32	XM_063800386.1	+	3	1	469	38	1	1	12	1	1	first	first	0.083	0.083	unique	unique	27	27	1
NC_072418.2	38870267	38870696	-2	1	-	NC_072418.2	38870551	38870684	U2AF1L4	XM_001160959.6	-	2	1	12	284	4	4	6	4	4	middle	middle	0.667	0.667	alternative	alternative	133	133	4
NC_072418.2	38870267	38870696	-2	1	-	NC_072418.2	38870348	38870684	U2AF1L4	XM_054673318.2	-	2	2	12	81	4	5	6	2	2	middle	middle	0.333	0.333	alternative	alternative	75	95	2
NC_072418.2	4085909	4087088	-2	1	-	NC_072418.2	4085960	4086588	ATP8B3	XM_016934607.4	-	2	2	500	51	21	22	11	6	6	middle	middle	0.545	0.545	alternative	alternative	99	366	6
NC_072418.2	4085909	4087088	-2	1	-	NC_072418.2	4085960	4086213	ATP8B3	XM_054673268.2	-	2	1	875	51	21	21	11	5	5	middle	middle	0.455	0.455	alternative	alternative	253	253	5
NC_072418.2	42559742	42560228	3	1	+	NC_072418.2	42559930	42560175	PLEKHG2	XM_024351331.3	+	3	2	188	53	12	13	7	7	6	middle	middle	1.000	0.857	constitutive	alternative	101	47	6
NC_072418.2	42559742	42560228	3	1	+	NC_072418.2	42559930	42560031	PLEKHG2	XM_063801659.1	+	3	1	188	197	12	12	7	7	7	middle	middle	1.000	1.000	constitutive	constitutive	101	101	1
NC_072418.2	43695370	43695871	2	1	+	NC_072418.2	43695384	43695725	LTBP4	XM_016935999.3	+	2	2	14	146	13	14	31	31	22	middle	middle	1.000	0.710	constitutive	alternative	131	125	22
NC_072418.2	43695370	43695871	2	1	+	NC_072418.2	43695384	43695515	LTBP4	XM_054673193.1	+	2	1	14	356	13	13	31	31	31	middle	middle	1.000	1.000	constitutive	constitutive	131	131	9
NC_072418.2	45204941	45205631	3	1	+	NC_072418.2	45205030	45205548	CIC	XM_001153776.8	+	3	2	89	83	7	8	18	17	18	middle	middle	0.944	1.000	alternative	constitutive	202	225	17
NC_072418.2	45204941	45205631	3	1	+	NC_072418.2	45205323	45205548	CIC	XM_016934210.4	+	3	1	382	83	6	6	18	18	18	middle	middle	1.000	1.000	constitutive	constitutive	225	225	1
NC_072418.2	50042956	50043415	-3	1	-	NC_072418.2	50043231	50043391	ZC3H4	XM_009435891.5	-	3	1	24	275	1	1	7	3	3	first	first	0.429	0.429	alternative	alternative	160	160	3
NC_072418.2	50042956	50043415	-3	1	-	NC_072418.2	50042958	50042971	ZC3H4	XM_009435895.5	-	3	1	444	2	1	1	7	1	1	first	first	0.143	0.143	unique	unique	13	13	1
NC_072418.2	50188226	50189390	3	1	+	NC_072418.2	50188227	50188745	CCDC9	XM_016936326.2	+	3	2	1	645	3	4	6	5	5	middle	middle	0.833	0.833	alternative	alternative	101	251	5
NC_072418.2	50188226	50189390	3	1	+	NC_072418.2	50188596	50188745	CCDC9	XM_016936330.3	+	3	1	370	645	1	1	6	1	1	first	first	0.167	0.167	unique	unique	149	149	1
NC_072418.2	51657256	51658033	-3	1	-	NC_072418.2	51657758	51657860	MAMSTR	XM_009435997.4	-	3	1	173	502	5	5	19	19	19	middle	middle	1.000	1.000	constitutive	constitutive	102	102	2
NC_072418.2	51657256	51658033	-3	1	-	NC_072418.2	51657338	51657860	MAMSTR	XM_016936450.3	-	3	2	173	82	5	6	19	19	17	middle	middle	1.000	0.895	constitutive	alternative	102	194	17
NC_072418.2	52117679	52119776	3	1	+	NC_072418.2	52119267	52119773	TRPM4	XM_024351547.2	+	3	2	1588	3	4	5	6	3	3	middle	middle	0.500	0.500	alternative	alternative	180	163	3
NC_072418.2	52117679	52119776	3	1	+	NC_072418.2	52119684	52119773	TRPM4	XM_063800805.1	+	3	1	2005	3	1	1	6	1	1	first	first	0.167	0.167	unique	unique	89	89	1
NC_072418.2	52310286	52310601	-1	1	-	NC_072418.2	52310288	52310559	TEAD2	XM_016936512.4	-	1	2	42	2	5	6	23	9	23	middle	middle	0.391	1.000	alternative	constitutive	116	58	9
NC_072418.2	52310286	52310601	-1	1	-	NC_072418.2	52310288	52310559	TEAD2	XM_016936523.3	-	1	2	42	2	4	5	23	8	23	middle	middle	0.348	1.000	alternative	constitutive	107	58	8
NC_072418.2	52310286	52310601	-1	1	-	NC_072418.2	52310288	52310526	TEAD2	XM_016936524.3	-	1	2	75	2	1	2	23	4	23	first	middle	0.174	1.000	alternative	constitutive	83	58	4
NC_072418.2	52310286	52310601	-1	1	-	NC_072418.2	52310288	52310346	TEAD2	XM_054673162.2	-	1	1	255	2	4	4	23	23	23	middle	middle	1.000	1.000	constitutive	constitutive	58	58	1
NC_072418.2	52310286	52310601	-1	1	-	NC_072418.2	52310288	52310526	TEAD2	XM_063802072.1	-	1	2	75	2	1	2	23	1	23	first	middle	0.043	1.000	unique	constitutive	74	58	1
NC_072418.2	53118061	53119057	2	1	+	NC_072418.2	53118084	53118182	MYH14	XM_003316543.6	+	2	1	23	875	8	8	6	5	5	middle	middle	0.833	0.833	alternative	alternative	98	98	5
NC_072418.2	53118061	53119057	2	1	+	NC_072418.2	53118314	53118566	MYH14	XM_009436082.4	+	2	1	253	491	1	1	6	1	1	first	first	0.167	0.167	unique	unique	252	252	1
NC_072418.2	53574946	53575579	-3	1	-	NC_072418.2	53575240	53575536	SHANK1	XM_024351603.3	-	3	2	43	294	19	20	4	3	4	middle	middle	0.750	1.000	alternative	constitutive	23	68	3
NC_072418.2	53574946	53575579	-3	1	-	NC_072418.2	53575240	53575308	SHANK1	XM_024351604.3	-	3	1	271	294	19	19	4	4	4	middle	middle	1.000	1.000	constitutive	constitutive	68	68	1
NC_072418.2	54222759	54223704	-1	1	-	NC_072418.2	54223284	54223452	CLDND2	XM_016936711.4	-	1	1	252	525	1	1	5	4	4	first	first	0.800	0.800	alternative	alternative	168	168	4
NC_072418.2	54222759	54223704	-1	1	-	NC_072418.2	54222761	54223263	CLDND2	XM_054672669.2	-	1	1	441	2	1	1	5	1	1	first	first	0.200	0.200	unique	unique	502	502	1
NC_072418.2	55282637	55284452	3	1	+	NC_072418.2	55282840	55284452	ZNF528	XM_009436247.5	+	3	1	203	0	4	4	4	4	4	last	last	1.000	1.000	constitutive	constitutive	1612	1612	3
NC_072418.2	55282637	55284452	3	1	+	NC_072418.2	55282671	55284452	ZNF528	XM_063802169.1	+	3	2	34	0	1	2	4	1	4	first	last	0.250	1.000	unique	constitutive	84	1612	1
NC_072418.2	57456811	57457720	2	1	+	NC_072418.2	57456891	57457562	LILRB1	NM_001008979.1	+	2	2	80	158	6	7	30	30	18	middle	middle	1.000	0.600	constitutive	alternative	302	50	18
NC_072418.2	57456811	57457720	2	1	+	NC_072418.2	57456891	57457193	LILRB1	XM_063800108.1	+	2	1	80	527	7	7	30	30	30	middle	middle	1.000	1.000	constitutive	constitutive	302	302	12
NC_072418.2	58163921	58164215	-2	1	-	NC_072418.2	58164099	58164199	COX6B2	NM_001348392.1	-	2	1	16	178	2	2	7	3	3	middle	middle	0.429	0.429	alternative	alternative	100	100	3
NC_072418.2	58163921	58164215	-2	1	-	NC_072418.2	58163922	58164007	COX6B2	XM_063800322.1	-	2	1	208	1	3	3	7	4	4	last	last	0.571	0.571	alternative	alternative	85	85	4
NC_072418.2	58241395	58242445	-3	1	-	NC_072418.2	58241396	58242274	LOC112206412	XM_054673552.2	-	3	1	171	1	2	2	2	2	2	last	last	1.000	1.000	constitutive	constitutive	878	878	1
NC_072418.2	58241395	58242445	-3	1	-	NC_072418.2	58241396	58242418	LOC112206412	XM_054673553.2	-	3	2	27	1	1	2	2	1	2	first	last	0.500	1.000	unique	constitutive	77	878	1
NC_072418.2	6095635	6096238	-3	1	-	NC_072418.2	6095684	6096166	APBA3	XM_001136296.8	-	3	2	72	49	6	7	8	8	6	middle	middle	1.000	0.750	constitutive	alternative	170	212	6
NC_072418.2	6095635	6096238	-3	1	-	NC_072418.2	6095996	6096166	APBA3	XM_009434370.5	-	3	1	72	361	6	6	8	8	8	middle	middle	1.000	1.000	constitutive	constitutive	170	170	2
NC_072418.2	61213862	61214159	3	1	+	NC_072418.2	61213891	61213997	ZNF544	XM_054673596.2	+	3	1	29	162	5	5	43	5	5	middle	middle	0.116	0.116	alternative	alternative	106	106	5
NC_072418.2	61213862	61214159	3	1	+	NC_072418.2	61214057	61214159	ZNF544	XM_054673597.2	+	3	1	195	0	5	5	43	1	1	last	last	0.023	0.023	unique	unique	102	102	1
NC_072418.2	6543716	6544310	3	1	+	NC_072418.2	6543840	6543914	ANKRD24	XM_016934692.3	+	3	1	124	396	1	1	29	4	4	first	first	0.138	0.138	alternative	alternative	74	74	4
NC_072418.2	6543716	6544310	3	1	+	NC_072418.2	6544197	6544235	ANKRD24	XM_054673521.1	+	3	1	481	75	1	1	29	3	3	first	first	0.103	0.103	alternative	alternative	38	38	3
NC_072418.2	6671083	6671323	2	1	+	NC_072418.2	6671118	6671206	FSD1	XM_016934706.2	+	2	1	35	117	12	12	4	3	3	middle	middle	0.750	0.750	alternative	alternative	88	88	3
NC_072418.2	6671083	6671323	2	1	+	NC_072418.2	6671302	6671323	FSD1	XM_016934709.2	+	2	1	219	0	13	13	4	1	1	last	last	0.250	0.250	unique	unique	21	21	1
NC_072418.2	7289866	7290328	2	1	+	NC_072418.2	7289884	7290202	UHRF1	XM_001139745.6	+	2	2	18	126	7	8	4	4	3	middle	middle	1.000	0.750	constitutive	alternative	123	107	3
NC_072418.2	7289866	7290328	2	1	+	NC_072418.2	7289884	7290007	UHRF1	XM_016934744.4	+	2	1	18	321	8	8	4	4	4	middle	middle	1.000	1.000	constitutive	constitutive	123	123	1
NC_072418.2	7933509	7934022	-1	1	-	NC_072418.2	7933815	7933927	SAFB2	XM_054673220.2	-	1	1	95	306	19	19	3	2	2	middle	middle	0.667	0.667	alternative	alternative	112	112	2
NC_072418.2	7933509	7934022	-1	1	-	NC_072418.2	7933648	7933714	SAFB2	XM_054673221.2	-	1	1	308	139	19	19	3	1	1	middle	middle	0.333	0.333	unique	unique	66	66	1
NC_072418.2	8025372	8025630	-1	1	-	NC_072418.2	8025492	8025543	MICOS13	XM_009434459.5	-	1	1	87	120	3	3	3	3	3	middle	middle	1.000	1.000	constitutive	constitutive	51	51	2
NC_072418.2	8025372	8025630	-1	1	-	NC_072418.2	8025373	8025543	MICOS13	XM_009434460.4	-	1	2	87	1	3	4	3	3	1	middle	last	1.000	0.333	constitutive	unique	51	4	1
NC_072418.2	8839711	8840092	-3	1	-	NC_072418.2	8839757	8840068	DENND1C	XM_016934820.4	-	3	2	24	46	13	14	7	7	4	middle	middle	1.000	0.571	constitutive	alternative	101	125	4
NC_072418.2	8839711	8840092	-3	1	-	NC_072418.2	8839967	8840068	DENND1C	XM_054673245.2	-	3	1	24	256	13	13	7	7	7	middle	middle	1.000	1.000	constitutive	constitutive	101	101	3
NC_072418.2	9098760	9099249	-1	1	-	NC_072418.2	9098762	9098877	GPR108	XM_054673262.1	-	1	1	372	2	16	16	7	2	2	middle	middle	0.286	0.286	alternative	alternative	115	115	2
NC_072418.2	9098760	9099249	-1	1	-	NC_072418.2	9099036	9099085	GPR108	XM_054673265.2	-	1	1	164	276	14	14	7	1	1	middle	middle	0.143	0.143	unique	unique	49	49	1
NC_072418.2	9881854	9882451	2	1	+	NC_072418.2	9882060	9882451	ARHGEF18	XM_001145436.6	+	2	2	206	0	18	19	13	13	11	middle	last	1.000	0.846	constitutive	alternative	125	169	11
NC_072418.2	9881854	9882451	2	1	+	NC_072418.2	9882060	9882185	ARHGEF18	XM_016934858.4	+	2	1	206	266	27	27	13	13	13	middle	middle	1.000	1.000	constitutive	constitutive	125	125	2
NC_072418.2	9938617	9939316	2	1	+	NC_072418.2	9939101	9939266	MCOLN1	XM_001152409.6	+	2	1	484	50	4	4	3	2	2	middle	middle	0.667	0.667	alternative	alternative	165	165	2
NC_072418.2	9938617	9939316	2	1	+	NC_072418.2	9938684	9938748	MCOLN1	XM_054673626.2	+	2	1	67	568	1	1	3	1	1	first	first	0.333	0.333	unique	unique	64	64	1
NC_072419.2	10281478	10282111	-1	1	-	NC_072419.2	10281642	10281808	ADAM33	XM_016937361.4	-	1	1	303	164	9	9	15	12	12	middle	middle	0.800	0.800	alternative	alternative	166	166	12
NC_072419.2	10281478	10282111	-1	1	-	NC_072419.2	10281961	10282032	ADAM33	XM_063803198.1	-	1	1	79	483	4	4	15	3	3	middle	middle	0.200	0.200	alternative	alternative	71	71	3
NC_072419.2	10281630	10282263	-2	1	-	NC_072419.2	10281961	10282032	ADAM33	XM_016937361.4	-	2	1	231	331	8	8	15	12	12	middle	middle	0.800	0.800	alternative	alternative	71	71	12
NC_072419.2	10281630	10282263	-2	1	-	NC_072419.2	10282116	10282181	ADAM33	XM_063803198.1	-	2	1	82	486	3	3	15	3	3	middle	middle	0.200	0.200	alternative	alternative	65	65	3
NC_072419.2	38167308	38167749	-2	1	-	NC_072419.2	38167548	38167628	PDRG1	XM_003953701.5	-	2	1	121	240	4	4	2	2	2	middle	middle	1.000	1.000	constitutive	constitutive	80	80	1
NC_072419.2	38167308	38167749	-2	1	-	NC_072419.2	38167309	38167628	PDRG1	XM_016937655.3	-	2	2	121	1	4	5	2	2	1	middle	last	1.000	0.500	constitutive	unique	80	19	1
NC_072419.2	39617920	39618286	-1	1	-	NC_072419.2	39618053	39618240	SNTA1	XM_003316860.4	-	1	1	46	133	7	7	4	2	2	middle	middle	0.500	0.500	alternative	alternative	187	187	2
NC_072419.2	39617920	39618286	-1	1	-	NC_072419.2	39617921	39617951	SNTA1	XM_009437061.3	-	1	1	335	1	8	8	4	1	1	last	last	0.250	0.250	unique	unique	30	30	1
NC_072419.2	39617920	39618286	-1	1	-	NC_072419.2	39617921	39617948	SNTA1	XM_009437062.3	-	1	1	338	1	8	8	4	1	1	last	last	0.250	0.250	unique	unique	27	27	1
NC_072419.2	51555435	51555861	-2	1	-	NC_072419.2	51555498	51555839	MATN4	XM_009437292.5	-	2	2	22	63	3	4	5	3	5	middle	middle	0.600	1.000	alternative	constitutive	122	122	3
NC_072419.2	51555435	51555861	-2	1	-	NC_072419.2	51555498	51555620	MATN4	XM_063802543.1	-	2	1	241	63	3	3	5	5	5	middle	middle	1.000	1.000	constitutive	constitutive	122	122	2
NC_072419.2	51570723	51571320	1	1	+	NC_072419.2	51570841	51571320	RBPJL	XM_054675014.2	+	1	2	118	0	11	12	2	1	1	middle	last	0.500	0.500	unique	unique	103	270	1
NC_072419.2	51570723	51571320	1	1	+	NC_072419.2	51570841	51570954	RBPJL	XM_054675015.2	+	1	1	118	366	11	11	2	1	1	middle	middle	0.500	0.500	unique	unique	113	113	1
NC_072419.2	52082505	52083102	1	1	+	NC_072419.2	52082864	52082923	UBE2C	XM_001156756.8	+	1	1	359	179	5	5	3	3	3	middle	middle	1.000	1.000	constitutive	constitutive	59	59	1
NC_072419.2	52082505	52083102	1	1	+	NC_072419.2	52082551	52082923	UBE2C	XM_001156993.7	+	1	2	46	179	3	4	3	2	3	middle	middle	0.667	1.000	alternative	constitutive	204	59	2
NC_072419.2	68443041	68443425	1	1	+	NC_072419.2	68443146	68443153	LSM14B	XM_009437530.5	+	1	1	105	272	10	10	23	9	9	middle	middle	0.391	0.391	alternative	alternative	7	7	9
NC_072419.2	68443041	68443425	1	1	+	NC_072419.2	68443257	68443425	LSM14B	XM_063802706.1	+	1	1	216	0	10	10	23	13	13	last	last	0.565	0.565	alternative	alternative	168	168	13
NC_072419.2	68617338	68617899	1	1	+	NC_072419.2	68617361	68617810	ADRM1	XM_016938242.3	+	1	2	23	89	7	8	9	9	6	middle	middle	1.000	0.667	constitutive	alternative	157	102	6
NC_072419.2	68617338	68617899	1	1	+	NC_072419.2	68617361	68617518	ADRM1	XM_016938246.3	+	1	1	23	381	7	7	9	9	9	middle	middle	1.000	1.000	constitutive	constitutive	157	157	3
NC_072419.2	70035573	70036074	1	1	+	NC_072419.2	70035620	70035942	RTEL1	XM_009437638.5	+	1	1	47	132	33	33	17	2	2	middle	middle	0.118	0.118	alternative	alternative	322	322	2
NC_072419.2	70035573	70036074	1	1	+	NC_072419.2	70035620	70035772	RTEL1	XM_016947118.3	+	1	1	47	302	33	33	17	14	14	middle	middle	0.824	0.824	alternative	alternative	152	152	12
NC_072419.2	70035573	70036074	1	1	+	NC_072419.2	70035620	70036074	RTEL1	XM_016947125.4	+	1	2	47	0	33	34	17	14	2	middle	last	0.824	0.118	alternative	alternative	152	4	2
NC_072419.2	70077802	70078531	2	1	+	NC_072419.2	70078291	70078372	LIME1	XM_003317068.5	+	2	1	489	159	2	2	4	3	3	middle	middle	0.750	0.750	alternative	alternative	81	81	2
NC_072419.2	70077802	70078531	2	1	+	NC_072419.2	70078003	70078117	LIME1	XM_063802755.1	+	2	1	201	414	2	2	4	1	1	middle	middle	0.250	0.250	unique	unique	114	114	1
NC_072419.2	70077802	70078531	2	1	+	NC_072419.2	70078291	70078530	LIME1	XM_063802756.1	+	2	2	489	1	2	3	4	3	1	middle	middle	0.750	0.250	alternative	unique	81	52	1
NC_072419.2	70078376	70079327	3	1	+	NC_072419.2	70078443	70078967	LIME1	XM_003317068.5	+	3	2	67	360	3	4	4	2	3	middle	middle	0.500	0.750	alternative	alternative	87	316	2
NC_072419.2	70078376	70079327	3	1	+	NC_072419.2	70078651	70078967	LIME1	XM_063802755.1	+	3	1	275	360	4	4	4	3	3	middle	middle	0.750	0.750	alternative	alternative	316	316	1
NC_072419.2	70566982	70567378	2	1	+	NC_072419.2	70567114	70567362	MYT1	XM_016938301.3	+	2	2	132	16	13	14	4	4	3	middle	middle	1.000	0.750	constitutive	alternative	62	68	3
NC_072419.2	70566982	70567378	2	1	+	NC_072419.2	70567114	70567176	MYT1	XM_016938302.4	+	2	1	132	202	13	13	4	4	4	middle	middle	1.000	1.000	constitutive	constitutive	62	62	1
NC_072419.2	7148998	7149526	2	1	+	NC_072419.2	7149012	7149133	RBCK1	XM_001152050.8	+	2	1	14	393	5	5	7	2	2	middle	middle	0.286	0.286	alternative	alternative	121	121	2
NC_072419.2	7148998	7149526	2	1	+	NC_072419.2	7149223	7149396	RBCK1	XM_063802652.1	+	2	1	225	130	3	3	7	4	4	middle	middle	0.571	0.571	alternative	alternative	173	173	4
NC_072420.2	43143278	43143698	-3	1	-	NC_072420.2	43143341	43143662	RSPH1	XM_009436126.5	-	3	2	36	63	4	5	6	5	6	middle	middle	0.833	1.000	alternative	constitutive	113	105	5
NC_072420.2	43143278	43143698	-3	1	-	NC_072420.2	43143341	43143446	RSPH1	XM_016938592.4	-	3	1	252	63	2	2	6	6	6	middle	middle	1.000	1.000	constitutive	constitutive	105	105	1
NC_072420.2	43385047	43385476	2	1	+	NC_072420.2	43385409	43385463	PDE9A	XM_001140087.8	+	2	1	362	13	5	5	5	4	4	middle	middle	0.800	0.800	alternative	alternative	54	54	2
NC_072420.2	43385047	43385476	2	1	+	NC_072420.2	43385109	43385463	PDE9A	XM_001140174.8	+	2	2	62	13	5	6	5	2	4	middle	middle	0.400	0.800	alternative	alternative	179	54	2
NC_072420.2	45939031	45939844	-1	1	-	NC_072420.2	45939565	45939815	POFUT2	NM_001008983.1	-	1	1	29	534	2	2	4	4	4	middle	middle	1.000	1.000	constitutive	constitutive	250	250	2
NC_072420.2	45939031	45939844	-1	1	-	NC_072420.2	45939160	45939815	POFUT2	XM_063803341.1	-	1	2	29	129	2	3	4	4	2	middle	middle	1.000	0.500	constitutive	alternative	250	59	2
NC_072421.2	146925428	146926073	3	1	+	NC_072421.2	146925553	146926068	EOLA1	XM_024353079.2	+	3	2	125	5	2	3	28	7	6	middle	middle	0.250	0.214	alternative	alternative	132	115	6
NC_072421.2	146925428	146926073	3	1	+	NC_072421.2	146925816	146926068	EOLA1	XM_024353082.3	+	3	1	388	5	1	1	28	21	21	first	first	0.750	0.750	alternative	alternative	252	252	21
NC_072421.2	146925428	146926073	3	1	+	NC_072421.2	146925553	146925685	EOLA1	XM_063803934.1	+	3	1	125	388	2	2	28	7	7	middle	middle	0.250	0.250	alternative	alternative	132	132	1
NC_072421.2	147450036	147450678	-3	1	-	NC_072421.2	147450042	147450323	EOLA2	XM_024352996.3	-	3	1	355	6	3	3	29	1	1	middle	middle	0.034	0.034	unique	unique	281	281	1
NC_072421.2	147450036	147450678	-3	1	-	NC_072421.2	147450042	147450294	EOLA2	XM_024353002.3	-	3	1	384	6	1	1	29	21	21	first	first	0.724	0.724	alternative	alternative	252	252	21
NC_072421.2	147450036	147450678	-3	1	-	NC_072421.2	147450042	147450649	EOLA2	XM_063804142.1	-	3	2	29	6	3	4	29	4	6	middle	middle	0.138	0.207	alternative	alternative	224	115	3
NC_072421.2	147450036	147450678	-3	1	-	NC_072421.2	147450425	147450649	EOLA2	XM_063804145.1	-	3	1	29	389	3	3	29	4	4	middle	middle	0.138	0.138	alternative	alternative	224	224	1
NC_072421.2	147450036	147450678	-3	1	-	NC_072421.2	147450042	147450554	EOLA2	XM_063804146.1	-	3	2	124	6	3	4	29	1	6	middle	middle	0.034	0.207	unique	alternative	129	115	1
NC_072421.2	147450036	147450678	-3	1	-	NC_072421.2	147450042	147450582	EOLA2	XM_063804147.1	-	3	2	96	6	1	2	29	2	6	first	middle	0.069	0.207	alternative	alternative	157	115	2
NC_072421.2	151138502	151138910	-1	1	-	NC_072421.2	151138504	151138571	PNCK	XM_016944527.3	-	1	1	339	2	1	1	20	10	10	first	first	0.500	0.500	alternative	alternative	67	67	10
NC_072421.2	151138502	151138910	-1	1	-	NC_072421.2	151138504	151138573	PNCK	XM_016947641.2	-	1	1	337	2	2	2	20	3	3	middle	middle	0.150	0.150	alternative	alternative	69	69	2
NC_072421.2	151138502	151138910	-1	1	-	NC_072421.2	151138504	151138763	PNCK	XM_016947647.1	-	1	2	147	2	1	2	20	1	3	first	middle	0.050	0.150	unique	alternative	48	69	1
NC_072421.2	151138518	151138770	-3	1	-	NC_072421.2	151138520	151138573	PNCK	XM_016947648.1	-	3	1	197	2	2	2	20	3	3	middle	middle	0.150	0.150	alternative	alternative	53	53	2
NC_072421.2	151138518	151138770	-3	1	-	NC_072421.2	151138520	151138749	PNCK	XM_016947650.1	-	3	2	21	2	1	2	20	1	3	first	middle	0.050	0.150	unique	alternative	34	53	1
NC_072421.2	151263075	151263603	1	1	+	NC_072421.2	151263085	151263375	SSR4	XM_063804137.1	+	1	2	10	228	1	2	6	4	2	first	middle	0.667	0.333	alternative	alternative	30	145	2
NC_072421.2	151263075	151263603	1	1	+	NC_072421.2	151263085	151263375	SSR4	XM_063804138.1	+	1	2	10	228	1	2	6	4	2	first	middle	0.667	0.333	alternative	alternative	30	97	2
NC_072421.2	151263075	151263603	1	1	+	NC_072421.2	151263292	151263375	SSR4	XM_063804139.1	+	1	1	217	228	1	1	6	1	1	first	first	0.167	0.167	unique	unique	83	83	1
NC_072421.2	151381699	151382437	-2	1	-	NC_072421.2	151381943	151382413	ARHGAP4	XM_003317773.6	-	2	2	24	244	8	9	10	7	10	middle	middle	0.700	1.000	alternative	constitutive	101	191	7
NC_072421.2	151381699	151382437	-2	1	-	NC_072421.2	151381943	151382134	ARHGAP4	XM_016944564.4	-	2	1	303	244	8	8	10	10	10	middle	middle	1.000	1.000	constitutive	constitutive	191	191	3
NC_072421.2	153494824	153495337	2	1	+	NC_072421.2	153495101	153495161	LOC750209	XM_024353612.3	+	2	1	277	176	1	1	3	2	2	first	first	0.667	0.667	alternative	alternative	60	60	2
NC_072421.2	153494824	153495337	2	1	+	NC_072421.2	153494864	153495161	LOC750209	XM_024353613.3	+	2	2	40	176	2	3	3	1	1	middle	middle	0.333	0.333	unique	unique	108	110	1
NC_072421.2	47893112	47893670	-1	1	-	NC_072421.2	47893118	47893635	ZNF41	XM_054676777.2	-	1	2	35	6	2	3	18	4	14	middle	middle	0.222	0.778	alternative	alternative	166	95	4
NC_072421.2	47893112	47893670	-1	1	-	NC_072421.2	47893118	47893611	ZNF41	XM_054676781.2	-	1	2	59	6	2	3	18	6	14	middle	middle	0.333	0.778	alternative	alternative	142	95	6
NC_072421.2	47893112	47893670	-1	1	-	NC_072421.2	47893118	47893595	ZNF41	XM_054676785.2	-	1	2	75	6	2	3	18	4	14	middle	middle	0.222	0.778	alternative	alternative	126	95	4
NC_072421.2	47893112	47893670	-1	1	-	NC_072421.2	47893118	47893154	ZNF41	XM_054676788.2	-	1	1	516	6	1	1	18	4	4	first	first	0.222	0.222	alternative	alternative	36	36	4
NC_072421.2	48814571	48815105	3	1	+	NC_072421.2	48814685	48815070	PORCN	XM_016943082.4	+	3	2	114	35	8	9	24	23	24	middle	middle	0.958	1.000	alternative	constitutive	125	100	23
NC_072421.2	48814571	48815105	3	1	+	NC_072421.2	48814970	48815070	PORCN	XM_054676814.2	+	3	1	399	35	7	7	24	24	24	middle	middle	1.000	1.000	constitutive	constitutive	100	100	1
NC_072421.2	49462256	49463054	3	1	+	NC_072421.2	49462383	49462881	MAGIX	XM_009439070.5	+	3	2	127	173	4	5	6	2	6	middle	middle	0.333	1.000	alternative	constitutive	227	171	2
NC_072421.2	49462256	49463054	3	1	+	NC_072421.2	49462281	49462881	MAGIX	XM_016944127.4	+	3	2	25	173	1	2	6	2	6	first	middle	0.333	1.000	alternative	constitutive	329	171	2
NC_072421.2	49462256	49463054	3	1	+	NC_072421.2	49462710	49462881	MAGIX	XM_016944129.4	+	3	1	454	173	4	4	6	6	6	middle	middle	1.000	1.000	constitutive	constitutive	171	171	2
NC_086015.1	130806734	130807082	-3	1	-	NC_086015.1	130806800	130807055	TPRA1	XM_001137678.7	-	3	2	27	66	3	4	4	3	4	middle	middle	0.750	1.000	alternative	constitutive	86	72	3
NC_086015.1	130806734	130807082	-3	1	-	NC_086015.1	130806800	130806872	TPRA1	XM_063807106.1	-	3	1	210	66	3	3	4	4	4	middle	middle	1.000	1.000	constitutive	constitutive	72	72	1
NC_086015.1	13947128	13947575	3	1	+	NC_086015.1	13947451	13947525	IL17RC	XM_001148317.7	+	3	1	323	50	4	4	40	29	29	middle	middle	0.725	0.725	alternative	alternative	74	74	29
NC_086015.1	13947128	13947575	3	1	+	NC_086015.1	13947189	13947191	IL17RC	XM_009444895.5	+	3	1	61	384	1	1	40	7	7	first	first	0.175	0.175	alternative	alternative	2	2	7
NC_086015.1	13957416	13957851	1	1	+	NC_086015.1	13957436	13957761	IL17RC	XM_001148317.7	+	1	2	20	90	11	12	40	40	32	middle	middle	1.000	0.800	constitutive	alternative	181	50	32
NC_086015.1	13957416	13957851	1	1	+	NC_086015.1	13957436	13957617	IL17RC	XM_001148664.8	+	1	1	20	234	11	11	40	40	40	middle	middle	1.000	1.000	constitutive	constitutive	181	181	8
NC_086015.1	13972468	13973032	2	1	+	NC_086015.1	13972497	13972856	CRELD1	XM_001150237.8	+	2	2	29	176	8	9	4	2	4	middle	middle	0.500	1.000	alternative	constitutive	83	95	2
NC_086015.1	13972468	13973032	2	1	+	NC_086015.1	13972761	13972856	CRELD1	XM_009444897.5	+	2	1	293	176	8	8	4	4	4	middle	middle	1.000	1.000	constitutive	constitutive	95	95	2
NC_086015.1	14339144	14339360	-3	1	-	NC_086015.1	14339214	14339225	SEC13	NM_001280268.1	-	3	1	135	70	1	1	4	1	1	first	first	0.250	0.250	unique	unique	11	11	1
NC_086015.1	14339144	14339360	-3	1	-	NC_086015.1	14339214	14339354	SEC13	XM_063805092.1	-	3	2	6	70	1	2	4	1	1	first	middle	0.250	0.250	unique	unique	22	33	1
NC_086015.1	152942867	152943212	-3	1	-	NC_086015.1	152943128	152943194	COMMD2	XM_009446673.5	-	3	1	18	261	1	1	2	2	2	first	first	1.000	1.000	constitutive	constitutive	66	66	1
NC_086015.1	152942867	152943212	-3	1	-	NC_086015.1	152942960	152943194	COMMD2	XM_516817.9	-	3	2	18	93	1	2	2	2	1	first	middle	1.000	0.500	constitutive	unique	66	77	1
NC_086015.1	187542862	187543678	-1	1	-	NC_086015.1	187542902	187543218	CLCN2	XM_016942411.3	-	1	2	460	40	5	6	4	4	3	middle	middle	1.000	0.750	constitutive	alternative	133	77	3
NC_086015.1	187542862	187543678	-1	1	-	NC_086015.1	187543085	187543218	CLCN2	XM_063807388.1	-	1	1	460	223	5	5	4	4	4	middle	middle	1.000	1.000	constitutive	constitutive	133	133	1
NC_086015.1	197816582	197817329	-3	1	-	NC_086015.1	197816584	197816720	TMEM44	XM_016942528.4	-	3	1	609	2	1	1	9	3	3	first	first	0.333	0.333	alternative	alternative	136	136	3
NC_086015.1	197816582	197817329	-3	1	-	NC_086015.1	197817067	197817212	TMEM44	XM_054682407.2	-	3	1	117	485	1	1	9	3	3	first	first	0.333	0.333	alternative	alternative	145	145	3
NC_086015.1	198968913	198978465	-2	1	-	NC_086015.1	198968973	198968985	MUC4	XM_054682433.1	-	2	1	9480	60	1	1	2	1	1	first	first	0.500	0.500	unique	unique	12	12	1
NC_086015.1	198968913	198978465	-2	1	-	NC_086015.1	198968973	198978434	MUC4	XM_063806455.1	-	2	2	31	60	2	3	2	1	1	middle	middle	0.500	0.500	unique	unique	2561	35	1
NC_086015.1	199055063	199056977	-3	1	-	NC_086015.1	199055103	199056643	TNK2	XM_016942547.4	-	3	2	334	40	13	14	42	42	23	middle	middle	1.000	0.548	constitutive	alternative	1348	95	23
NC_086015.1	199055063	199056977	-3	1	-	NC_086015.1	199055103	199056643	TNK2	XM_016942548.3	-	3	2	334	40	12	13	42	42	5	middle	middle	1.000	0.119	constitutive	alternative	1348	89	5
NC_086015.1	199055063	199056977	-3	1	-	NC_086015.1	199055295	199056643	TNK2	XM_016942552.3	-	3	1	334	232	12	12	42	42	42	middle	middle	1.000	1.000	constitutive	constitutive	1348	1348	13
NC_086015.1	199055063	199056977	-3	1	-	NC_086015.1	199055064	199056643	TNK2	XM_016942563.4	-	3	2	334	1	12	13	42	42	1	middle	last	1.000	0.024	constitutive	unique	1348	5	1
NC_086015.1	3787674	3788268	-2	1	-	NC_086015.1	3787839	3788025	LOC107973006	XM_054680345.2	-	2	1	243	165	22	22	2	1	1	middle	middle	0.500	0.500	unique	unique	186	186	1
NC_086015.1	3787674	3788268	-2	1	-	NC_086015.1	3787675	3787713	LOC107973006	XM_063806571.1	-	2	1	555	1	22	22	2	1	1	last	last	0.500	0.500	unique	unique	38	38	1
NC_086015.1	42125457	42126843	1	1	+	NC_086015.1	42125869	42126843	DLEC1	XM_016940700.4	+	1	2	412	0	36	37	18	11	4	middle	last	0.611	0.222	alternative	alternative	153	313	4
NC_086015.1	42125457	42126843	1	1	+	NC_086015.1	42125869	42126022	DLEC1	XM_016940705.4	+	1	1	412	821	36	36	18	11	11	middle	middle	0.611	0.611	alternative	alternative	153	153	7
NC_086015.1	42125457	42126843	1	1	+	NC_086015.1	42125869	42126435	DLEC1	XM_054681671.2	+	1	2	412	408	36	37	18	7	7	middle	middle	0.389	0.389	alternative	alternative	355	123	7
NC_086015.1	42126247	42126532	2	1	+	NC_086015.1	42126312	42126435	DLEC1	XM_016940705.4	+	2	1	65	97	37	37	18	7	7	middle	middle	0.389	0.389	alternative	alternative	123	123	7
NC_086015.1	42126247	42126532	2	1	+	NC_086015.1	42126530	42126532	DLEC1	XM_054681671.2	+	2	1	283	0	38	38	18	7	7	last	last	0.389	0.389	alternative	alternative	2	2	7
NC_086015.1	42286703	42287279	3	1	+	NC_086015.1	42286863	42286991	SLC22A14	XM_016940715.3	+	3	1	160	288	1	1	18	5	5	first	first	0.278	0.278	alternative	alternative	128	128	5
NC_086015.1	42286703	42287279	3	1	+	NC_086015.1	42287064	42287105	SLC22A14	XM_016940719.4	+	3	1	361	174	1	1	18	5	5	first	first	0.278	0.278	alternative	alternative	41	41	5
NC_086015.1	44493741	44494338	1	1	+	NC_086015.1	44493790	44493943	ZNF619	XM_003309725.6	+	1	1	49	395	2	2	4	2	2	middle	middle	0.500	0.500	alternative	alternative	153	153	1
NC_086015.1	44493741	44494338	1	1	+	NC_086015.1	44493790	44494276	ZNF619	XM_063805600.1	+	1	2	49	62	2	3	4	2	1	middle	middle	0.500	0.250	alternative	unique	153	119	1
NC_086015.1	46712091	46712610	-2	1	-	NC_086015.1	46712095	46712532	HHATL	XM_016940818.3	-	2	2	78	4	3	4	5	3	4	middle	middle	0.600	0.800	alternative	alternative	113	194	3
NC_086015.1	46712091	46712610	-2	1	-	NC_086015.1	46712095	46712289	HHATL	XM_063805639.1	-	2	1	321	4	3	3	5	4	4	middle	middle	0.800	0.800	alternative	alternative	194	194	1
NC_086015.1	52434459	52434831	-2	1	-	NC_086015.1	52434757	52434831	PLXNB1	XM_003309781.7	-	2	1	0	298	35	35	4	4	4	middle	middle	1.000	1.000	constitutive	constitutive	74	74	3
NC_086015.1	52434459	52434831	-2	1	-	NC_086015.1	52434460	52434831	PLXNB1	XM_063805734.1	-	2	2	0	1	35	36	4	4	1	middle	last	1.000	0.250	constitutive	unique	74	83	1
NC_086015.1	52721448	52721931	-2	1	-	NC_086015.1	52721450	52721675	IP6K2	XM_016941061.4	-	2	1	256	2	3	3	13	9	9	middle	middle	0.692	0.692	alternative	alternative	225	225	8
NC_086015.1	52721448	52721931	-2	1	-	NC_086015.1	52721450	52721853	IP6K2	XM_063805753.1	-	2	2	78	2	1	2	13	1	9	first	middle	0.077	0.692	unique	alternative	87	225	1
NC_086015.1	53048906	53049308	-3	1	-	NC_086015.1	53049144	53049257	DALRD3	XM_016941074.4	-	3	1	51	238	9	9	12	8	8	middle	middle	0.667	0.667	alternative	alternative	113	113	8
NC_086015.1	53048906	53049308	-3	1	-	NC_086015.1	53048907	53049043	DALRD3	XM_016941078.4	-	3	1	265	1	10	10	12	2	2	last	last	0.167	0.167	alternative	alternative	136	136	2
NC_086015.1	53048906	53049308	-3	1	-	NC_086015.1	53048975	53049043	DALRD3	XM_016941080.4	-	3	1	265	69	10	10	12	2	2	middle	middle	0.167	0.167	alternative	alternative	68	68	2
NC_086015.1	53720117	53720507	-3	1	-	NC_086015.1	53720163	53720505	MST1	XM_016941108.4	-	3	2	2	46	16	17	5	4	4	middle	middle	0.800	0.800	alternative	alternative	106	139	4
NC_086015.1	53720117	53720507	-3	1	-	NC_086015.1	53720455	53720505	MST1	XM_016941111.4	-	3	1	2	338	16	16	5	1	1	middle	middle	0.200	0.200	unique	unique	50	50	1
NC_086015.1	53721109	53721430	-1	1	-	NC_086015.1	53721111	53721231	MST1	XM_016941108.4	-	1	1	199	2	13	13	5	3	3	middle	middle	0.600	0.600	alternative	alternative	120	120	3
NC_086015.1	53721109	53721430	-1	1	-	NC_086015.1	53721320	53721355	MST1	XM_016941109.4	-	1	1	75	211	12	12	5	2	2	middle	middle	0.400	0.400	alternative	alternative	35	35	2
NC_086016.1	21205024	21205930	-3	1	-	NC_086016.1	21205274	21205788	SLC25A1	XM_001165281.7	-	3	2	142	250	2	4	3	1	2	middle	middle	0.333	0.667	unique	alternative	107	138	1
NC_086016.1	21205024	21205930	-3	1	-	NC_086016.1	21205274	21205903	SLC25A1	XM_009437763.2	-	3	2	27	250	1	3	3	1	2	first	middle	0.333	0.667	unique	alternative	222	138	1
NC_086016.1	21205024	21205930	-3	1	-	NC_086016.1	21205274	21205405	SLC25A1	XM_514976.9	-	3	1	525	250	1	1	3	1	1	first	first	0.333	0.333	unique	unique	131	131	1
NC_086016.1	22182583	22183567	-3	1	-	NC_086016.1	22182701	22182757	CCDC188	XM_009437818.5	-	3	1	810	118	3	3	8	6	6	middle	middle	0.750	0.750	alternative	alternative	56	56	3
NC_086016.1	22182583	22183567	-3	1	-	NC_086016.1	22182701	22183033	CCDC188	XM_016939726.4	-	3	2	534	118	3	4	8	3	6	middle	middle	0.375	0.750	alternative	alternative	104	56	3
NC_086016.1	22182583	22183567	-3	1	-	NC_086016.1	22182701	22182715	CCDC188	XM_054675686.2	-	3	1	852	118	1	1	8	2	2	first	first	0.250	0.250	alternative	alternative	14	14	2
NC_086016.1	23134657	23135557	2	1	+	NC_086016.1	23134939	23135080	P2RX6	XM_001168323.7	+	2	1	282	477	7	7	7	6	6	middle	middle	0.857	0.857	alternative	alternative	141	141	6
NC_086016.1	23134657	23135557	2	1	+	NC_086016.1	23134939	23135282	P2RX6	XM_054676027.2	+	2	2	282	275	7	8	7	1	1	middle	middle	0.143	0.143	unique	unique	152	109	1
NC_086016.1	23580120	23580504	-1	1	-	NC_086016.1	23580122	23580504	YDJC	XM_016939779.2	-	1	2	0	2	3	4	2	2	1	middle	middle	1.000	0.500	constitutive	unique	99	177	1
NC_086016.1	23580120	23580504	-1	1	-	NC_086016.1	23580405	23580504	YDJC	XM_054676049.1	-	1	1	0	285	3	3	2	2	2	middle	middle	1.000	1.000	constitutive	constitutive	99	99	1
NC_086016.1	25685424	25685886	1	1	+	NC_086016.1	25685596	25685670	C22H22orf15	XM_009437927.4	+	1	1	172	216	4	4	9	4	4	middle	middle	0.444	0.444	alternative	alternative	74	74	4
NC_086016.1	25685424	25685886	1	1	+	NC_086016.1	25685750	25685859	C22H22orf15	XM_009437929.5	+	1	1	326	27	5	5	9	3	3	middle	middle	0.333	0.333	alternative	alternative	109	109	3
NC_086016.1	25685424	25685886	1	1	+	NC_086016.1	25685750	25685886	C22H22orf15	XM_054676119.2	+	1	1	326	0	5	5	9	1	1	last	last	0.111	0.111	unique	unique	136	136	1
NC_086016.1	25969225	25969702	-3	1	-	NC_086016.1	25969250	25969426	LOC748759	XM_016939802.3	-	3	1	276	25	4	4	2	2	2	middle	middle	1.000	1.000	constitutive	constitutive	176	176	1
NC_086016.1	25969225	25969702	-3	1	-	NC_086016.1	25969250	25969633	LOC748759	XM_063808358.1	-	3	2	69	25	4	5	2	1	2	middle	middle	0.500	1.000	unique	constitutive	80	176	1
NC_086016.1	31379060	31379531	3	1	+	NC_086016.1	31379236	31379460	EMID1	XM_009438091.5	+	3	2	176	71	7	8	8	8	7	middle	middle	1.000	0.875	constitutive	alternative	50	89	7
NC_086016.1	31379060	31379531	3	1	+	NC_086016.1	31379236	31379286	EMID1	XM_009438096.5	+	3	1	176	245	7	7	8	8	8	middle	middle	1.000	1.000	constitutive	constitutive	50	50	1
NC_086016.1	31381808	31382198	3	1	+	NC_086016.1	31381923	31382135	EMID1	XM_009438091.5	+	3	2	115	63	12	13	8	6	8	middle	middle	0.750	1.000	alternative	constitutive	62	44	6
NC_086016.1	31381808	31382198	3	1	+	NC_086016.1	31382091	31382135	EMID1	XM_063807661.1	+	3	1	283	63	12	12	8	8	8	middle	middle	1.000	1.000	constitutive	constitutive	44	44	2
NC_086016.1	33009622	33010315	2	1	+	NC_086016.1	33009736	33010192	OSBP2	XM_009438175.3	+	2	2	114	123	5	6	10	10	7	middle	middle	1.000	0.700	constitutive	alternative	54	146	7
NC_086016.1	33009622	33010315	2	1	+	NC_086016.1	33009736	33009790	OSBP2	XM_054675826.2	+	2	1	114	525	6	6	10	10	10	middle	middle	1.000	1.000	constitutive	constitutive	54	54	3
NC_086016.1	33252387	33252765	1	1	+	NC_086016.1	33252628	33252732	INPP5J	XM_009438183.5	+	1	1	241	33	11	11	8	8	8	middle	middle	1.000	1.000	constitutive	constitutive	104	104	2
NC_086016.1	33252387	33252765	1	1	+	NC_086016.1	33252424	33252732	INPP5J	XM_009438184.5	+	1	2	37	33	10	11	8	6	8	middle	middle	0.750	1.000	alternative	constitutive	77	104	6
NC_086016.1	38777743	38778145	-3	1	-	NC_086016.1	38777807	38778091	IFT27	XM_016939092.3	-	3	2	54	64	1	2	5	2	5	first	middle	0.400	1.000	alternative	constitutive	84	79	2
NC_086016.1	38777743	38778145	-3	1	-	NC_086016.1	38777807	38777886	IFT27	XM_016939094.3	-	3	1	259	64	2	2	5	5	5	middle	middle	1.000	1.000	constitutive	constitutive	79	79	3
NC_086016.1	52591440	52592034	-1	1	-	NC_086016.1	52591513	52591810	SBF1	XM_016939488.4	-	1	2	224	73	8	9	13	12	12	middle	middle	0.923	0.923	alternative	alternative	108	113	12
NC_086016.1	52591440	52592034	-1	1	-	NC_086016.1	52591513	52591515	SBF1	XM_063807766.1	-	1	1	519	73	1	1	13	1	1	first	first	0.077	0.077	unique	unique	2	2	1
