chr	start	end	frame	filler	strand	chr	first_exon_start	last_exon_end	gene	transcript	exon_strand	exon_frame	exon_count	upstream_len_in_scfr	downstream_len_in_scfr	first_exon_number	last_exon_number	gene_tx_count	first_exon_tx_count	last_exon_tx_count	first_exon_order	last_exon_order	first_exon_sharing	last_exon_sharing	first_exon_splicing	last_exon_splicing	first_exon_overlap	last_exon_overlap	merged_txs
NC_072423.2	108163674	108164169	-2	1	-	NC_072423.2	108163676	108164148	ITIH3	XM_055274183.2	-	2	2	21	2	12	13	6	5	5	middle	middle	0.833	0.833	alternative	alternative	185	139	4
NC_072423.2	108163674	108164169	-2	1	-	NC_072423.2	108163786	108164148	ITIH3	XM_055274197.2	-	2	2	21	112	12	13	6	5	1	middle	middle	0.833	0.167	alternative	unique	185	29	1
NC_072423.2	108163674	108164169	-2	1	-	NC_072423.2	108163676	108163815	ITIH3	XM_063645918.1	-	2	1	354	2	12	12	6	5	5	middle	middle	0.833	0.833	alternative	alternative	139	139	1
NC_072423.2	110569549	110570203	2	1	+	NC_072423.2	110569864	110570032	NPRL2	XM_055276175.2	+	2	1	315	171	3	3	3	1	1	middle	middle	0.333	0.333	unique	unique	168	168	1
NC_072423.2	110569549	110570203	2	1	+	NC_072423.2	110569637	110570032	NPRL2	XM_055276194.2	+	2	2	88	171	1	2	3	1	2	first	middle	0.333	0.667	unique	alternative	147	163	1
NC_072423.2	110569549	110570203	2	1	+	NC_072423.2	110569675	110570032	NPRL2	XM_063636413.1	+	2	2	126	171	2	3	3	1	2	middle	middle	0.333	0.667	unique	alternative	109	163	1
NC_072423.2	110624154	110624562	1	1	+	NC_072423.2	110624216	110624530	IFRD2	XM_055276123.2	+	1	2	62	32	3	4	4	1	1	middle	middle	0.250	0.250	unique	unique	58	201	1
NC_072423.2	110624154	110624562	1	1	+	NC_072423.2	110624290	110624530	IFRD2	XM_055276140.2	+	1	1	136	32	1	1	4	3	3	first	first	0.750	0.750	alternative	alternative	240	240	3
NC_072423.2	111247657	111248068	2	1	+	NC_072423.2	111247803	111247939	MST1	XM_055276866.2	+	2	1	146	129	11	11	7	3	3	middle	middle	0.429	0.429	alternative	alternative	136	136	3
NC_072423.2	111247657	111248068	2	1	+	NC_072423.2	111248031	111248066	MST1	XM_055276875.2	+	2	1	374	2	12	12	7	4	4	middle	middle	0.571	0.571	alternative	alternative	35	35	4
NC_072423.2	112345484	112345886	3	1	+	NC_072423.2	112345581	112345688	SLC26A6	XM_055277896.2	+	3	1	97	198	16	16	29	29	29	middle	middle	1.000	1.000	constitutive	constitutive	107	107	28
NC_072423.2	112345484	112345886	3	1	+	NC_072423.2	112345581	112345886	SLC26A6	XM_063609959.1	+	3	2	97	0	16	17	29	29	1	middle	last	1.000	0.034	constitutive	unique	107	68	1
NC_072423.2	120357821	120358181	-3	1	-	NC_072423.2	120357860	120357940	ZNF621	XM_055281544.2	-	3	1	241	39	3	3	14	6	6	middle	middle	0.429	0.429	alternative	alternative	80	80	6
NC_072423.2	120357821	120358181	-3	1	-	NC_072423.2	120357989	120358115	ZNF621	XM_055281587.2	-	3	1	66	168	2	2	14	5	5	middle	middle	0.357	0.357	alternative	alternative	126	126	5
NC_072423.2	26655901	26656447	-1	1	-	NC_072423.2	26655902	26656294	PMAIP1	XM_055297467.2	-	1	2	153	1	1	2	3	1	1	first	last	0.333	0.333	unique	unique	73	141	1
NC_072423.2	26655901	26656447	-1	1	-	NC_072423.2	26656195	26656294	PMAIP1	XM_055297471.2	-	1	1	153	294	1	1	3	1	1	first	first	0.333	0.333	unique	unique	99	99	1
NC_072423.2	26655901	26656447	-1	1	-	NC_072423.2	26656237	26656294	PMAIP1	XM_055297481.2	-	1	1	153	336	1	1	3	1	1	first	first	0.333	0.333	unique	unique	57	57	1
NC_072423.2	89997309	89997744	1	1	+	NC_072423.2	89997451	89997743	LOC129484016	XM_055281461.2	+	1	2	142	1	13	14	7	6	5	middle	middle	0.857	0.714	alternative	alternative	113	94	5
NC_072423.2	89997309	89997744	1	1	+	NC_072423.2	89997451	89997564	LOC129484016	XM_055281862.2	+	1	1	142	180	13	13	7	6	6	middle	middle	0.857	0.857	alternative	alternative	113	113	1
NC_072423.2	92978144	92978957	-3	1	-	NC_072423.2	92978252	92978938	TRPT1	XM_055233955.2	-	3	2	19	108	3	4	24	15	11	middle	middle	0.625	0.458	alternative	alternative	175	432	9
NC_072423.2	92978144	92978957	-3	1	-	NC_072423.2	92978252	92978938	TRPT1	XM_055234122.2	-	3	2	19	108	3	4	24	6	11	middle	middle	0.250	0.458	alternative	alternative	169	432	2
NC_072423.2	92978144	92978957	-3	1	-	NC_072423.2	92978252	92978938	TRPT1	XM_055234423.2	-	3	3	19	108	3	5	24	15	8	middle	middle	0.625	0.333	alternative	alternative	175	56	4
NC_072423.2	92978144	92978957	-3	1	-	NC_072423.2	92978252	92978938	TRPT1	XM_055234568.2	-	3	3	19	108	3	5	24	6	8	middle	middle	0.250	0.333	alternative	alternative	169	56	4
NC_072423.2	92978144	92978957	-3	1	-	NC_072423.2	92978510	92978938	TRPT1	XM_055234891.2	-	3	2	19	366	3	4	24	15	10	middle	middle	0.625	0.417	alternative	alternative	175	174	2
NC_072423.2	92978144	92978957	-3	1	-	NC_072423.2	92978252	92978666	TRPT1	XM_055235150.2	-	3	1	291	108	1	1	24	3	3	first	first	0.125	0.125	alternative	alternative	414	414	3
NC_072423.2	92995781	92996888	3	1	+	NC_072423.2	92995908	92996801	FKBP2	XM_055236950.2	+	3	2	127	87	1	2	8	1	1	first	middle	0.125	0.125	unique	unique	82	174	1
NC_072423.2	92995781	92996888	3	1	+	NC_072423.2	92996631	92996801	FKBP2	XM_055237034.2	+	3	1	850	87	1	1	8	7	7	first	first	0.875	0.875	alternative	alternative	170	170	7
NC_072423.2	93042637	93043150	2	1	+	NC_072423.2	93042767	93043149	GPR137	XM_055237935.2	+	2	2	130	1	5	6	14	14	13	middle	middle	1.000	0.929	constitutive	alternative	128	118	13
NC_072423.2	93042637	93043150	2	1	+	NC_072423.2	93042767	93042895	GPR137	XM_055239042.2	+	2	1	130	255	5	5	14	14	14	middle	middle	1.000	1.000	constitutive	constitutive	128	128	1
NC_072423.2	94339809	94340550	1	1	+	NC_072423.2	94340257	94340483	SCYL1	XM_055254787.2	+	1	1	448	67	4	4	29	27	27	middle	middle	0.931	0.931	alternative	alternative	226	226	26
NC_072423.2	94339809	94340550	1	1	+	NC_072423.2	94340062	94340483	SCYL1	XM_063643023.1	+	1	2	253	67	1	2	29	1	27	first	middle	0.034	0.931	unique	alternative	119	226	1
NC_072423.2	94339809	94340550	1	1	+	NC_072423.2	94340062	94340483	SCYL1	XM_063643028.1	+	1	2	253	67	1	2	29	1	1	first	middle	0.034	0.034	unique	unique	114	222	1
NC_072423.2	94657300	94658185	-1	1	-	NC_072423.2	94657613	94657930	CFL1	XM_055259822.2	-	1	1	255	313	1	1	5	1	1	first	first	0.200	0.200	unique	unique	317	317	1
NC_072423.2	94657300	94658185	-1	1	-	NC_072423.2	94658078	94658080	CFL1	XM_055259959.2	-	1	1	105	778	1	1	5	1	1	first	first	0.200	0.200	unique	unique	2	2	1
NC_072423.2	94753316	94754444	3	1	+	NC_072423.2	94753406	94754443	TSGA10IP	XM_055294340.2	+	3	2	90	1	3	4	4	3	3	middle	middle	0.750	0.750	alternative	alternative	718	147	3
NC_072423.2	94753316	94754444	3	1	+	NC_072423.2	94754340	94754443	TSGA10IP	XM_063643713.1	+	3	1	1024	1	2	2	4	1	1	middle	middle	0.250	0.250	unique	unique	103	103	1
NC_072424.2	120851823	120852828	1	1	+	NC_072424.2	120852478	120852618	AIG1	XM_055265897.2	+	1	1	655	210	1	1	26	18	18	first	first	0.692	0.692	alternative	alternative	140	140	18
NC_072424.2	120851823	120852828	1	1	+	NC_072424.2	120852169	120852618	AIG1	XM_055265907.2	+	1	2	346	210	1	2	26	6	8	first	middle	0.231	0.308	alternative	alternative	92	119	5
NC_072424.2	120851823	120852828	1	1	+	NC_072424.2	120852169	120852618	AIG1	XM_055265935.2	+	1	2	346	210	1	2	26	2	8	first	middle	0.077	0.308	alternative	alternative	8	119	2
NC_072424.2	120851823	120852828	1	1	+	NC_072424.2	120852169	120852618	AIG1	XM_055266011.2	+	1	2	346	210	1	2	26	6	8	first	last	0.231	0.308	alternative	alternative	92	119	1
NC_072424.2	41785734	41786880	-1	1	-	NC_072424.2	41785800	41786238	LCOR	XM_055253777.2	-	1	2	642	66	1	2	22	2	2	first	middle	0.091	0.091	alternative	alternative	76	73	2
NC_072424.2	41785734	41786880	-1	1	-	NC_072424.2	41786166	41786238	LCOR	XM_063628551.1	-	1	1	642	432	1	1	22	2	2	first	first	0.091	0.091	alternative	alternative	72	72	2
NC_072424.2	63480788	63481319	-2	1	-	NC_072424.2	63480864	63481253	SYNCRIP	XM_055257807.2	-	2	2	66	76	4	5	20	15	16	middle	middle	0.750	0.800	alternative	alternative	113	176	11
NC_072424.2	63480788	63481319	-2	1	-	NC_072424.2	63480864	63481040	SYNCRIP	XM_063618967.1	-	2	1	279	76	4	4	20	16	16	middle	middle	0.800	0.800	alternative	alternative	176	176	5
NC_072424.2	63480788	63481319	-2	1	-	NC_072424.2	63481140	63481253	SYNCRIP	XM_063618970.1	-	2	1	66	352	4	4	20	15	15	middle	middle	0.750	0.750	alternative	alternative	113	113	4
NC_072424.2	87269114	87269822	-2	1	-	NC_072424.2	87269310	87269781	MICAL1	XM_055260732.2	-	2	2	41	196	11	12	18	11	11	middle	middle	0.611	0.611	alternative	alternative	190	88	11
NC_072424.2	87269114	87269822	-2	1	-	NC_072424.2	87269571	87269781	MICAL1	XM_063630929.1	-	2	1	41	457	13	13	18	7	7	middle	middle	0.389	0.389	alternative	alternative	210	210	7
NC_072425.2	11267008	11267509	-2	1	-	NC_072425.2	11267176	11267294	CACFD1	XM_055270480.1	-	2	1	215	168	5	5	4	2	2	middle	middle	0.500	0.500	alternative	alternative	118	118	2
NC_072425.2	11267008	11267509	-2	1	-	NC_072425.2	11267009	11267096	CACFD1	XM_055270481.2	-	2	1	413	1	5	5	4	2	2	last	last	0.500	0.500	alternative	alternative	87	87	2
NC_072425.2	132765682	132767026	-2	1	-	NC_072425.2	132766436	132766597	LOC129479693	XM_055273231.2	-	2	1	429	754	1	1	4	3	3	first	first	0.750	0.750	alternative	alternative	161	161	3
NC_072425.2	132765682	132767026	-2	1	-	NC_072425.2	132766023	132766259	LOC129479693	XM_063636622.1	-	2	1	767	341	2	2	4	1	1	middle	middle	0.250	0.250	unique	unique	236	236	1
NC_072425.2	135581565	135582465	1	1	+	NC_072425.2	135582070	135582445	TMEM25	XM_055273316.2	+	1	1	505	20	1	1	11	7	7	first	first	0.636	0.636	alternative	alternative	375	375	7
NC_072425.2	135581565	135582465	1	1	+	NC_072425.2	135582376	135582445	TMEM25	XM_055273324.2	+	1	1	811	20	1	1	11	3	3	first	first	0.273	0.273	alternative	alternative	69	69	3
NC_072425.2	135581565	135582465	1	1	+	NC_072425.2	135581731	135582445	TMEM25	XM_063636546.1	+	1	2	166	20	1	2	11	1	1	first	middle	0.091	0.091	unique	unique	84	389	1
NC_072425.2	140687277	140688051	1	1	+	NC_072425.2	140687943	140688050	GRAMD1B	XM_055273542.2	+	1	1	666	1	18	18	20	20	20	middle	middle	1.000	1.000	constitutive	constitutive	107	107	19
NC_072425.2	140687277	140688051	1	1	+	NC_072425.2	140687595	140688050	GRAMD1B	XM_055273545.2	+	1	2	318	1	19	20	20	1	20	middle	middle	0.050	1.000	unique	constitutive	11	107	1
NC_072425.2	141791918	141792605	3	1	+	NC_072425.2	141792046	141792543	ROBO3	XM_055273595.2	+	3	2	128	62	18	20	4	1	1	middle	middle	0.250	0.250	unique	unique	23	139	1
NC_072425.2	141791918	141792605	3	1	+	NC_072425.2	141792411	141792543	ROBO3	XM_055273596.2	+	3	1	493	62	1	1	4	3	3	first	first	0.750	0.750	alternative	alternative	132	132	3
NC_072425.2	16557907	16558267	2	1	+	NC_072425.2	16557908	16558231	GOLGA2	XM_055270841.2	+	2	2	1	36	7	8	16	14	6	middle	middle	0.875	0.375	alternative	alternative	59	80	6
NC_072425.2	16557907	16558267	2	1	+	NC_072425.2	16557908	16558231	GOLGA2	XM_055270843.2	+	2	2	1	36	7	8	16	14	2	middle	middle	0.875	0.125	alternative	alternative	59	65	2
NC_072425.2	16557907	16558267	2	1	+	NC_072425.2	16557908	16557967	GOLGA2	XM_055270846.2	+	2	1	1	300	7	7	16	14	14	middle	middle	0.875	0.875	alternative	alternative	59	59	6
NC_072425.2	17422555	17423056	-2	1	-	NC_072425.2	17422708	17422881	SLC2A8	XM_055271011.2	-	2	1	175	153	8	8	6	6	6	middle	middle	1.000	1.000	constitutive	constitutive	173	173	5
NC_072425.2	17422555	17423056	-2	1	-	NC_072425.2	17422556	17422881	SLC2A8	XM_055271014.2	-	2	2	175	1	8	9	6	6	1	middle	last	1.000	0.167	constitutive	unique	173	46	1
NC_072425.2	20002042	20002456	-2	1	-	NC_072425.2	20002376	20002456	WDR38	XM_055271110.2	-	2	1	0	334	5	5	3	2	2	middle	middle	0.667	0.667	alternative	alternative	80	80	2
NC_072425.2	20002042	20002456	-2	1	-	NC_072425.2	20002096	20002227	WDR38	XM_055271113.2	-	2	1	229	54	2	2	3	1	1	middle	middle	0.333	0.333	unique	unique	131	131	1
NC_072425.2	21418423	21418744	2	1	+	NC_072425.2	21418424	21418555	DENND1A	XM_055271157.2	+	2	1	1	189	19	19	20	19	19	middle	middle	0.950	0.950	alternative	alternative	131	131	17
NC_072425.2	21418423	21418744	2	1	+	NC_072425.2	21418424	21418744	DENND1A	XM_055271162.2	+	2	2	1	0	19	20	20	19	2	middle	last	0.950	0.100	alternative	alternative	131	17	2
NC_072425.2	51398019	51398556	-3	1	-	NC_072425.2	51398070	51398393	WNK2	XM_055271886.2	-	3	2	163	51	18	19	14	14	1	middle	middle	1.000	0.071	constitutive	unique	119	110	1
NC_072425.2	51398019	51398556	-3	1	-	NC_072425.2	51398274	51398393	WNK2	XM_055271887.2	-	3	1	163	255	18	18	14	14	14	middle	middle	1.000	1.000	constitutive	constitutive	119	119	13
NC_072425.2	56634887	56635547	-1	1	-	NC_072425.2	56635089	56635547	LOC129479251	XM_055272062.2	-	1	1	0	202	1	1	3	3	3	first	first	1.000	1.000	constitutive	constitutive	458	458	2
NC_072425.2	56634887	56635547	-1	1	-	NC_072425.2	56634888	56635547	LOC129479251	XM_055272064.2	-	1	2	0	1	1	2	3	3	1	first	last	1.000	0.333	constitutive	unique	458	104	1
NC_072425.2	7583957	7584647	-1	1	-	NC_072425.2	7583984	7584287	STPG3	XM_055270209.2	-	1	1	360	27	4	4	4	3	3	middle	middle	0.750	0.750	alternative	alternative	303	303	2
NC_072425.2	7583957	7584647	-1	1	-	NC_072425.2	7583984	7584122	STPG3	XM_055270211.2	-	1	1	525	27	5	5	4	1	1	middle	middle	0.250	0.250	unique	unique	138	138	1
NC_072425.2	7583957	7584647	-1	1	-	NC_072425.2	7583984	7584498	STPG3	XM_063636669.1	-	1	2	149	27	4	5	4	1	3	middle	middle	0.250	0.750	unique	alternative	72	303	1
NC_072425.2	7622461	7622854	-2	1	-	NC_072425.2	7622463	7622564	NDOR1	XM_055270257.2	-	2	1	290	2	5	5	9	4	4	middle	middle	0.444	0.444	alternative	alternative	101	101	4
NC_072425.2	7622461	7622854	-2	1	-	NC_072425.2	7622653	7622671	NDOR1	XM_055270262.2	-	2	1	183	192	1	1	9	2	2	first	first	0.222	0.222	alternative	alternative	18	18	2
NC_072425.2	7724061	7725387	1	1	+	NC_072425.2	7724083	7725309	DPP7	XM_055270272.2	+	1	2	22	78	1	5	6	4	3	first	middle	0.667	0.500	alternative	alternative	66	135	3
NC_072425.2	7724061	7725387	1	1	+	NC_072425.2	7724083	7725313	DPP7	XM_063636681.1	+	1	2	22	74	1	5	6	4	1	first	middle	0.667	0.167	alternative	unique	66	139	1
NC_072425.2	7724061	7725387	1	1	+	NC_072425.2	7725184	7725309	DPP7	XM_063636683.1	+	1	1	1123	78	1	1	6	2	2	first	first	0.333	0.333	alternative	alternative	125	125	2
NC_072425.2	8408115	8408772	-3	1	-	NC_072425.2	8408479	8408755	PMPCA	XM_055270374.2	-	3	2	17	364	10	11	3	3	2	middle	middle	1.000	0.667	constitutive	alternative	90	62	2
NC_072425.2	8408115	8408772	-3	1	-	NC_072425.2	8408665	8408755	PMPCA	XM_063636764.1	-	3	1	17	550	10	10	3	3	3	middle	middle	1.000	1.000	constitutive	constitutive	90	90	1
NC_072425.2	88281863	88282424	-1	1	-	NC_072425.2	88282412	88282418	SP4	XM_055272482.2	-	1	1	6	549	1	1	2	1	1	first	first	0.500	0.500	unique	unique	6	6	1
NC_072425.2	88281863	88282424	-1	1	-	NC_072425.2	88281879	88281950	SP4	XM_063636309.1	-	1	1	474	16	1	1	2	1	1	first	first	0.500	0.500	unique	unique	71	71	1
NC_072425.2	9387461	9387824	-1	1	-	NC_072425.2	9387697	9387806	LOC134736279	XM_063636770.1	-	1	1	18	236	4	4	2	2	2	middle	middle	1.000	1.000	constitutive	constitutive	109	109	1
NC_072425.2	9387461	9387824	-1	1	-	NC_072425.2	9387463	9387806	LOC134736279	XM_063636771.1	-	1	2	18	2	4	5	2	2	1	middle	middle	1.000	0.500	constitutive	unique	109	74	1
NC_072426.2	101739821	101740076	-3	1	-	NC_072426.2	101739920	101740023	MFSD8	XM_055275888.2	-	3	1	53	99	10	10	19	17	17	middle	middle	0.895	0.895	alternative	alternative	103	103	17
NC_072426.2	101739821	101740076	-3	1	-	NC_072426.2	101739822	101739831	MFSD8	XM_055275903.2	-	3	1	245	1	9	9	19	1	1	last	last	0.053	0.053	unique	unique	9	9	1
NC_072426.2	113887515	113888448	1	1	+	NC_072426.2	113887645	113887825	SCOC	XM_055275968.2	+	1	1	130	623	1	1	11	5	5	first	first	0.455	0.455	alternative	alternative	180	180	3
NC_072426.2	113887515	113888448	1	1	+	NC_072426.2	113887645	113888423	SCOC	XM_063637648.1	+	1	2	130	25	1	2	11	5	2	first	middle	0.455	0.182	alternative	alternative	180	378	2
NC_072426.2	143092846	143093530	-1	1	-	NC_072426.2	143092847	143093395	LOC129481234	XM_055276397.2	-	1	2	135	1	1	2	3	1	1	first	last	0.333	0.333	unique	unique	299	173	1
NC_072426.2	143092846	143093530	-1	1	-	NC_072426.2	143093215	143093395	LOC129481234	XM_055276398.2	-	1	1	135	369	1	1	3	1	1	first	first	0.333	0.333	unique	unique	180	180	1
NC_072426.2	143092846	143093530	-1	1	-	NC_072426.2	143092847	143093395	LOC129481234	XM_063637787.1	-	1	2	135	1	1	2	3	1	1	first	last	0.333	0.333	unique	unique	284	110	1
NC_072426.2	34493075	34493891	-3	1	-	NC_072426.2	34493188	34493278	ANK3	XM_055274391.2	-	3	1	613	113	41	41	4	4	4	middle	middle	1.000	1.000	constitutive	constitutive	90	90	1
NC_072426.2	34493075	34493891	-3	1	-	NC_072426.2	34493188	34493854	ANK3	XM_055274392.2	-	3	2	37	113	40	41	4	3	4	middle	middle	0.750	1.000	alternative	constitutive	308	90	3
NC_072426.2	44852204	44852576	-3	1	-	NC_072426.2	44852205	44852356	LRRC20	XM_055274578.2	-	3	1	220	1	4	4	11	5	5	last	last	0.455	0.455	alternative	alternative	151	151	5
NC_072426.2	44852204	44852576	-3	1	-	NC_072426.2	44852443	44852562	LRRC20	XM_063637216.1	-	3	1	14	239	5	5	11	5	5	middle	middle	0.455	0.455	alternative	alternative	119	119	5
NC_072426.2	89728504	89729461	2	1	+	NC_072426.2	89728527	89729461	LRIT2	XM_055274027.1	+	2	2	23	0	3	4	2	1	2	middle	last	0.500	1.000	unique	constitutive	29	757	1
NC_072426.2	89728504	89729461	2	1	+	NC_072426.2	89728704	89729461	LRIT2	XM_055274028.1	+	2	1	200	0	3	3	2	2	2	last	last	1.000	1.000	constitutive	constitutive	757	757	1
NC_072426.2	98385126	98385627	1	1	+	NC_072426.2	98385149	98385276	COMTD1	XM_055275669.2	+	1	1	23	351	2	2	3	2	2	middle	middle	0.667	0.667	alternative	alternative	127	127	2
NC_072426.2	98385126	98385627	1	1	+	NC_072426.2	98385521	98385626	COMTD1	XM_063637626.1	+	1	1	395	1	2	2	3	1	1	middle	middle	0.333	0.333	unique	unique	105	105	1
NC_072426.2	99871312	99871771	2	1	+	NC_072426.2	99871438	99871771	NDST2	XM_055275726.2	+	2	2	126	0	12	13	9	6	5	middle	last	0.667	0.556	alternative	alternative	102	122	5
NC_072426.2	99871312	99871771	2	1	+	NC_072426.2	99871438	99871540	NDST2	XM_063637524.1	+	2	1	126	231	12	12	9	6	6	middle	middle	0.667	0.667	alternative	alternative	102	102	1
NC_072426.2	99872706	99873258	-2	1	-	NC_072426.2	99873033	99873143	ZSWIM8	XM_055275717.2	-	2	1	115	327	25	25	13	6	6	middle	middle	0.462	0.462	alternative	alternative	110	110	6
NC_072426.2	99872706	99873258	-2	1	-	NC_072426.2	99872707	99872907	ZSWIM8	XM_055275721.2	-	2	1	351	1	26	26	13	7	7	last	last	0.538	0.538	alternative	alternative	200	200	7
NC_072427.2	124417198	124417864	-1	1	-	NC_072427.2	124417252	124417525	DUT	XM_055279027.2	-	1	1	339	54	1	1	8	2	2	first	first	0.250	0.250	alternative	alternative	273	273	2
NC_072427.2	124417198	124417864	-1	1	-	NC_072427.2	124417321	124417525	DUT	XM_063640712.1	-	1	1	339	123	1	1	8	2	2	first	first	0.250	0.250	alternative	alternative	204	204	2
NC_072427.2	124417198	124417864	-1	1	-	NC_072427.2	124417822	124417846	DUT	XM_063640716.1	-	1	1	18	624	1	1	8	1	1	first	first	0.125	0.125	unique	unique	24	24	1
NC_072427.2	129054624	129054900	1	1	+	NC_072427.2	129054875	129054899	STRC	XM_055276779.2	+	1	1	251	1	3	3	13	3	3	middle	middle	0.231	0.231	alternative	alternative	24	24	3
NC_072427.2	129054624	129054900	1	1	+	NC_072427.2	129054848	129054899	STRC	XM_063639476.1	+	1	1	224	1	3	3	13	9	9	middle	middle	0.692	0.692	alternative	alternative	51	51	9
NC_072427.2	129054624	129054900	1	1	+	NC_072427.2	129054726	129054786	STRC	XM_063639486.1	+	1	1	102	114	2	2	13	1	1	middle	middle	0.077	0.077	unique	unique	60	60	1
NC_072427.2	129057781	129058372	2	1	+	NC_072427.2	129057881	129058144	STRC	XM_055276779.2	+	2	2	100	228	5	6	13	12	13	middle	middle	0.923	1.000	alternative	constitutive	62	104	12
NC_072427.2	129057781	129058372	2	1	+	NC_072427.2	129058040	129058144	STRC	XM_063639478.1	+	2	1	259	228	5	5	13	13	13	middle	middle	1.000	1.000	constitutive	constitutive	104	104	1
NC_072427.2	129427409	129428171	3	1	+	NC_072427.2	129427462	129427989	TGM5	XM_055276938.2	+	3	2	53	182	2	3	2	2	1	middle	middle	1.000	0.500	constitutive	unique	179	245	1
NC_072427.2	129427409	129428171	3	1	+	NC_072427.2	129427462	129427641	TGM5	XM_055276939.2	+	3	1	53	530	2	2	2	2	2	middle	middle	1.000	1.000	constitutive	constitutive	179	179	1
NC_072427.2	135571996	135572629	-1	1	-	NC_072427.2	135572231	135572488	PDE3A	XM_055280441.2	-	1	1	141	235	3	3	4	4	4	middle	middle	1.000	1.000	constitutive	constitutive	257	257	3
NC_072427.2	135571996	135572629	-1	1	-	NC_072427.2	135572231	135572590	PDE3A	XM_063640771.1	-	1	2	39	235	2	3	4	1	4	middle	middle	0.250	1.000	unique	constitutive	29	257	1
NC_072427.2	146031914	146032463	-3	1	-	NC_072427.2	146031915	146032138	DDX11	XM_055280718.2	-	3	1	325	1	27	27	9	4	4	last	last	0.444	0.444	alternative	alternative	223	223	4
NC_072427.2	146031914	146032463	-3	1	-	NC_072427.2	146032218	146032372	DDX11	XM_055280723.2	-	3	1	91	304	26	26	9	5	5	middle	middle	0.556	0.556	alternative	alternative	154	154	5
NC_072427.2	146031948	146032761	-2	1	-	NC_072427.2	146032218	146032372	DDX11	XM_055280718.2	-	2	1	389	270	26	26	9	4	4	middle	middle	0.444	0.444	alternative	alternative	154	154	4
NC_072427.2	146031948	146032761	-2	1	-	NC_072427.2	146032551	146032629	DDX11	XM_055280723.2	-	2	1	132	603	25	25	9	5	5	middle	middle	0.556	0.556	alternative	alternative	78	78	5
NC_072427.2	148607236	148608016	-1	1	-	NC_072427.2	148607599	148607827	LTBR	XM_055280981.2	-	1	1	189	363	9	9	11	9	9	middle	middle	0.818	0.818	alternative	alternative	228	228	9
NC_072427.2	148607236	148608016	-1	1	-	NC_072427.2	148607237	148607269	LTBR	XM_055280992.2	-	1	1	747	1	9	9	11	1	1	last	last	0.091	0.091	unique	unique	32	32	1
NC_072427.2	152321896	152322379	-1	1	-	NC_072427.2	152322014	152322280	LOC129483539	XM_055281106.2	-	1	2	99	118	21	22	22	14	11	middle	middle	0.636	0.500	alternative	alternative	59	59	3
NC_072427.2	152321896	152322379	-1	1	-	NC_072427.2	152322221	152322280	LOC129483539	XM_055281108.2	-	1	1	99	325	21	21	22	14	14	middle	middle	0.636	0.636	alternative	alternative	59	59	11
NC_072427.2	152321896	152322379	-1	1	-	NC_072427.2	152322014	152322073	LOC129483539	XM_055281110.2	-	1	1	306	118	21	21	22	11	11	middle	middle	0.500	0.500	alternative	alternative	59	59	8
NC_072427.2	21176536	21177235	2	1	+	NC_072427.2	21176558	21177188	ZSCAN2	XM_055277355.2	+	2	2	22	47	1	2	7	7	1	first	middle	1.000	0.143	constitutive	unique	405	92	1
NC_072427.2	21176536	21177235	2	1	+	NC_072427.2	21176558	21176963	ZSCAN2	XM_055277356.2	+	2	1	22	272	1	1	7	7	7	first	first	1.000	1.000	constitutive	constitutive	405	405	6
NC_072427.2	30521023	30521422	-1	1	-	NC_072427.2	30521223	30521284	NEIL1	XM_055277715.2	-	1	1	138	200	9	9	19	7	7	middle	middle	0.368	0.368	alternative	alternative	61	61	6
NC_072427.2	30521023	30521422	-1	1	-	NC_072427.2	30521024	30521284	NEIL1	XM_063638702.1	-	1	2	138	1	9	10	19	7	2	middle	last	0.368	0.105	alternative	alternative	61	66	1
NC_072427.2	30521023	30521422	-1	1	-	NC_072427.2	30521024	30521059	NEIL1	XM_063638703.1	-	1	1	363	1	11	11	19	4	4	last	last	0.211	0.211	alternative	alternative	35	35	4
NC_072427.2	30521023	30521422	-1	1	-	NC_072427.2	30521024	30521090	NEIL1	XM_063638707.1	-	1	1	332	1	9	9	19	2	2	last	last	0.105	0.105	alternative	alternative	66	66	1
NC_072427.2	47340817	47341270	2	1	+	NC_072427.2	47340849	47341184	LOC129482469	XM_055278349.2	+	2	2	32	86	4	5	12	12	10	middle	middle	1.000	0.833	constitutive	alternative	119	80	10
NC_072427.2	47340817	47341270	2	1	+	NC_072427.2	47340849	47340968	LOC129482469	XM_055278360.2	+	2	1	32	302	5	5	12	12	12	middle	middle	1.000	1.000	constitutive	constitutive	119	119	2
NC_072427.2	65335928	65336303	3	1	+	NC_072427.2	65335929	65336283	IVD	XM_055278712.2	+	3	2	1	20	2	3	13	1	13	middle	middle	0.077	1.000	unique	constitutive	176	51	1
NC_072427.2	65335928	65336303	3	1	+	NC_072427.2	65335929	65336283	IVD	XM_055278713.2	+	3	2	1	20	2	3	13	10	13	middle	middle	0.769	1.000	alternative	constitutive	89	51	10
NC_072427.2	65335928	65336303	3	1	+	NC_072427.2	65336232	65336283	IVD	XM_055278721.2	+	3	1	304	20	2	2	13	13	13	middle	middle	1.000	1.000	constitutive	constitutive	51	51	1
NC_072427.2	65335928	65336303	3	1	+	NC_072427.2	65335941	65336283	IVD	XM_063639144.1	+	3	2	13	20	1	2	13	1	13	first	middle	0.077	1.000	unique	constitutive	77	51	1
NC_072427.2	87745962	87746427	-2	1	-	NC_072427.2	87746012	87746366	PDE9A	XM_055279787.2	-	2	2	61	50	5	6	16	5	10	middle	middle	0.312	0.625	alternative	alternative	179	54	5
NC_072427.2	87745962	87746427	-2	1	-	NC_072427.2	87746012	87746066	PDE9A	XM_055279791.2	-	2	1	361	50	5	5	16	10	10	middle	middle	0.625	0.625	alternative	alternative	54	54	5
NC_072427.2	87930383	87930911	-3	1	-	NC_072427.2	87930452	87930584	SLC37A1	XM_055279808.2	-	3	1	327	69	3	3	16	15	15	middle	middle	0.938	0.938	alternative	alternative	132	132	14
NC_072427.2	87930383	87930911	-3	1	-	NC_072427.2	87930452	87930725	SLC37A1	XM_063640573.1	-	3	2	186	69	1	2	16	1	15	first	middle	0.062	0.938	unique	alternative	26	132	1
NC_072427.2	87973360	87973780	2	1	+	NC_072427.2	87973397	87973718	RSPH1	XM_055279827.2	+	2	2	37	62	2	3	2	1	2	middle	middle	0.500	1.000	unique	constitutive	113	105	1
NC_072427.2	87973360	87973780	2	1	+	NC_072427.2	87973613	87973718	RSPH1	XM_055279828.2	+	2	1	253	62	2	2	2	2	2	middle	middle	1.000	1.000	constitutive	constitutive	105	105	1
NC_072428.2	106673112	106674024	1	1	+	NC_072428.2	106673362	106674023	CAV2	XM_055283758.2	+	1	2	250	1	1	2	2	2	1	first	middle	1.000	0.500	constitutive	unique	149	187	1
NC_072428.2	106673112	106674024	1	1	+	NC_072428.2	106673362	106673511	CAV2	XM_055283759.2	+	1	1	250	513	1	1	2	2	2	first	first	1.000	1.000	constitutive	constitutive	149	149	1
NC_072428.2	118706042	118706774	-2	1	-	NC_072428.2	118706246	118706339	KCP	XM_055283939.2	-	2	1	435	204	26	26	2	2	2	middle	middle	1.000	1.000	constitutive	constitutive	93	93	1
NC_072428.2	118706042	118706774	-2	1	-	NC_072428.2	118706246	118706748	KCP	XM_063641601.1	-	2	3	26	204	18	20	2	1	2	middle	middle	0.500	1.000	unique	constitutive	90	93	1
NC_072428.2	118767864	118768848	1	1	+	NC_072428.2	118767971	118768831	IRF5	XM_055283945.2	+	1	2	107	17	5	6	7	5	7	middle	middle	0.714	1.000	alternative	constitutive	275	392	5
NC_072428.2	118767864	118768848	1	1	+	NC_072428.2	118768439	118768831	IRF5	XM_055283951.2	+	1	1	575	17	5	5	7	7	7	middle	middle	1.000	1.000	constitutive	constitutive	392	392	2
NC_072428.2	128478666	128479668	1	1	+	NC_072428.2	128478880	128479243	TRIM24	XM_055284165.2	+	1	1	214	425	1	1	7	4	4	first	first	0.571	0.571	alternative	alternative	363	363	4
NC_072428.2	128478666	128479668	1	1	+	NC_072428.2	128479396	128479627	TRIM24	XM_063642300.1	+	1	1	730	41	1	1	7	1	1	first	first	0.143	0.143	unique	unique	231	231	1
NC_072428.2	133392757	133393276	2	1	+	NC_072428.2	133392758	133392886	CASP2	XM_055284317.2	+	2	1	1	390	7	7	4	4	4	middle	middle	1.000	1.000	constitutive	constitutive	128	128	1
NC_072428.2	133392757	133393276	2	1	+	NC_072428.2	133392758	133393275	CASP2	XM_055284319.2	+	2	2	1	1	7	9	4	4	3	middle	middle	1.000	0.750	constitutive	alternative	128	60	3
NC_072428.2	28827390	28828122	1	1	+	NC_072428.2	28827484	28827520	LIN7C	XM_055282088.2	+	1	1	94	602	1	1	3	2	2	first	first	0.667	0.667	alternative	alternative	36	36	2
NC_072428.2	28827390	28828122	1	1	+	NC_072428.2	28827856	28827919	LIN7C	XM_063641899.1	+	1	1	466	203	1	1	3	1	1	first	first	0.333	0.333	unique	unique	63	63	1
NC_072428.2	49920808	49921369	2	1	+	NC_072428.2	49920898	49921303	APBB1	XM_055282605.2	+	2	2	90	66	8	9	7	3	7	middle	middle	0.429	1.000	alternative	constitutive	5	114	3
NC_072428.2	49920808	49921369	2	1	+	NC_072428.2	49921189	49921303	APBB1	XM_055282606.2	+	2	1	381	66	8	8	7	7	7	middle	middle	1.000	1.000	constitutive	constitutive	114	114	4
NC_072428.2	9506676	9507156	-1	1	-	NC_072428.2	9506685	9507156	NR1H3	XM_055281664.2	-	1	2	0	9	5	6	8	7	8	middle	middle	0.875	1.000	alternative	constitutive	179	99	7
NC_072428.2	9506676	9507156	-1	1	-	NC_072428.2	9506685	9506784	NR1H3	XM_055281671.2	-	1	1	372	9	5	5	8	8	8	middle	middle	1.000	1.000	constitutive	constitutive	99	99	1
NC_072429.2	10340738	10341188	3	1	+	NC_072429.2	10340815	10341054	RGS14	XM_055285146.2	+	3	2	77	134	13	14	4	4	3	middle	middle	1.000	0.750	constitutive	alternative	46	114	3
NC_072429.2	10340738	10341188	3	1	+	NC_072429.2	10340815	10340861	RGS14	XM_055285148.2	+	3	1	77	327	13	13	4	4	4	middle	middle	1.000	1.000	constitutive	constitutive	46	46	1
NC_072429.2	142658684	142658927	-2	1	-	NC_072429.2	142658685	142658694	NRBP2	XM_055287578.2	-	2	1	233	1	17	17	3	1	1	last	last	0.333	0.333	unique	unique	9	9	1
NC_072429.2	142658684	142658927	-2	1	-	NC_072429.2	142658784	142658839	NRBP2	XM_055287579.2	-	2	1	88	100	17	17	3	1	1	middle	middle	0.333	0.333	unique	unique	55	55	1
NC_072429.2	143331172	143331508	2	1	+	NC_072429.2	143331240	143331349	MFSD3	XM_055287735.2	+	2	1	68	159	4	4	3	1	1	middle	middle	0.333	0.333	unique	unique	109	109	1
NC_072429.2	143331172	143331508	2	1	+	NC_072429.2	143331432	143331508	MFSD3	XM_055287736.2	+	2	1	260	0	5	5	3	2	2	last	last	0.667	0.667	alternative	alternative	76	76	2
NC_072429.2	143337358	143337871	-3	1	-	NC_072429.2	143337389	143337846	RECQL4	XM_055287688.2	-	3	2	25	31	3	4	18	17	18	middle	middle	0.944	1.000	alternative	constitutive	94	140	17
NC_072429.2	143337358	143337871	-3	1	-	NC_072429.2	143337389	143337529	RECQL4	XM_055287692.2	-	3	1	342	31	2	2	18	18	18	middle	middle	1.000	1.000	constitutive	constitutive	140	140	1
NC_072429.2	17984872	17985139	2	1	+	NC_072429.2	17984893	17985113	SLIT3	XM_055285294.2	+	2	2	21	26	19	20	4	4	1	middle	middle	1.000	0.250	constitutive	unique	163	2	1
NC_072429.2	17984872	17985139	2	1	+	NC_072429.2	17984893	17985056	SLIT3	XM_055285296.1	+	2	1	21	83	19	19	4	4	4	middle	middle	1.000	1.000	constitutive	constitutive	163	163	3
NC_072429.2	36446478	36447177	-1	1	-	NC_072429.2	36446533	36447036	TCOF1	XM_055285626.2	-	1	2	141	55	15	16	40	39	40	middle	middle	0.975	1.000	alternative	constitutive	179	200	39
NC_072429.2	36446478	36447177	-1	1	-	NC_072429.2	36446533	36446733	TCOF1	XM_063643189.1	-	1	1	444	55	16	16	40	40	40	middle	middle	1.000	1.000	constitutive	constitutive	200	200	1
NC_072429.2	7422208	7422703	2	1	+	NC_072429.2	7422261	7422665	TBC1D9B	XM_055284944.2	+	2	2	53	38	18	19	4	4	2	middle	middle	1.000	0.500	constitutive	alternative	71	50	2
NC_072429.2	7422208	7422703	2	1	+	NC_072429.2	7422261	7422332	TBC1D9B	XM_055284945.2	+	2	1	53	371	18	18	4	4	4	middle	middle	1.000	1.000	constitutive	constitutive	71	71	2
NC_072429.2	7650240	7650561	1	1	+	NC_072429.2	7650308	7650550	HNRNPH1	XM_055284980.2	+	1	2	68	11	9	10	35	22	18	middle	middle	0.629	0.514	alternative	alternative	59	89	13
NC_072429.2	7650240	7650561	1	1	+	NC_072429.2	7650308	7650550	HNRNPH1	XM_055284984.2	+	1	2	68	11	9	10	35	3	18	middle	middle	0.086	0.514	alternative	alternative	50	89	3
NC_072429.2	7650240	7650561	1	1	+	NC_072429.2	7650308	7650520	HNRNPH1	XM_055284988.2	+	1	2	68	41	9	10	35	22	7	middle	middle	0.629	0.200	alternative	alternative	59	59	7
NC_072429.2	7650240	7650561	1	1	+	NC_072429.2	7650461	7650550	HNRNPH1	XM_055284989.2	+	1	1	221	11	9	9	35	18	18	middle	middle	0.514	0.514	alternative	alternative	89	89	2
NC_072429.2	7650240	7650561	1	1	+	NC_072429.2	7650308	7650397	HNRNPH1	XM_055284990.2	+	1	1	68	164	9	9	35	8	8	middle	middle	0.229	0.229	alternative	alternative	89	89	7
NC_072429.2	7650240	7650561	1	1	+	NC_072429.2	7650308	7650559	HNRNPH1	XM_063642468.1	+	1	2	68	2	9	10	35	22	2	middle	middle	0.629	0.057	alternative	alternative	59	98	2
NC_072429.2	7650240	7650561	1	1	+	NC_072429.2	7650308	7650550	HNRNPH1	XM_063642473.1	+	1	2	68	11	9	10	35	8	1	middle	middle	0.229	0.029	alternative	unique	89	53	1
NC_072429.2	92475187	92475868	2	1	+	NC_072429.2	92475593	92475725	PDP1	XM_055286763.2	+	2	1	406	143	1	1	6	1	1	first	first	0.167	0.167	unique	unique	132	132	1
NC_072429.2	92475187	92475868	2	1	+	NC_072429.2	92475365	92475725	PDP1	XM_055286764.2	+	2	2	178	143	1	2	6	1	1	first	middle	0.167	0.167	unique	unique	82	34	1
NC_072429.2	92475187	92475868	2	1	+	NC_072429.2	92475695	92475725	PDP1	XM_055286768.2	+	2	1	508	143	1	1	6	1	1	first	first	0.167	0.167	unique	unique	30	30	1
NC_072430.2	11824576	11825125	-2	1	-	NC_072430.2	11824628	11824816	TEX22	XM_055287930.2	-	2	1	309	52	2	2	6	5	5	middle	middle	0.833	0.833	alternative	alternative	188	188	3
NC_072430.2	11824576	11825125	-2	1	-	NC_072430.2	11824628	11824777	TEX22	XM_055287933.2	-	2	1	348	52	1	1	6	1	1	first	first	0.167	0.167	unique	unique	149	149	1
NC_072430.2	11824576	11825125	-2	1	-	NC_072430.2	11824628	11825119	TEX22	XM_063643814.1	-	2	2	6	52	1	2	6	2	5	first	middle	0.333	0.833	alternative	alternative	188	188	2
NC_072430.2	123874096	123874648	2	1	+	NC_072430.2	123874148	123874570	STK16	XM_055290713.2	+	2	2	52	78	3	4	4	3	4	middle	middle	0.750	1.000	alternative	constitutive	133	120	3
NC_072430.2	123874096	123874648	2	1	+	NC_072430.2	123874450	123874570	STK16	XM_055290716.2	+	2	1	354	78	2	2	4	4	4	middle	middle	1.000	1.000	constitutive	constitutive	120	120	1
NC_072430.2	124007147	124007588	-1	1	-	NC_072430.2	124007205	124007487	DNPEP	XM_055290724.2	-	1	2	101	58	7	8	5	5	3	middle	middle	1.000	0.600	constitutive	alternative	75	107	3
NC_072430.2	124007147	124007588	-1	1	-	NC_072430.2	124007412	124007487	DNPEP	XM_055290727.1	-	1	1	101	265	7	7	5	5	5	middle	middle	1.000	1.000	constitutive	constitutive	75	75	2
NC_072430.2	124101401	124101848	3	1	+	NC_072430.2	124101669	124101746	SPEG	XM_055290742.1	+	3	1	268	102	24	24	8	6	6	middle	middle	0.750	0.750	alternative	alternative	77	77	6
NC_072430.2	124101401	124101848	3	1	+	NC_072430.2	124101847	124101848	SPEG	XM_063645721.1	+	3	1	446	0	27	27	8	1	1	last	last	0.125	0.125	unique	unique	1	1	1
NC_072430.2	124110822	124111896	1	1	+	NC_072430.2	124110881	124111766	SPEG	XM_055290742.1	+	1	2	59	130	35	36	8	5	6	middle	middle	0.625	0.750	alternative	alternative	167	603	5
NC_072430.2	124110822	124111896	1	1	+	NC_072430.2	124111163	124111766	SPEG	XM_055290744.2	+	1	1	341	130	37	37	8	6	6	middle	middle	0.750	0.750	alternative	alternative	603	603	1
NC_072430.2	142795698	142796415	-3	1	-	NC_072430.2	142796052	142796307	HES6	XM_055287880.2	-	3	2	108	354	2	3	5	4	2	middle	middle	0.800	0.400	alternative	alternative	86	81	1
NC_072430.2	142795698	142796415	-3	1	-	NC_072430.2	142796052	142796307	HES6	XM_055287881.2	-	3	2	108	354	2	3	5	4	1	middle	middle	0.800	0.200	alternative	unique	86	75	1
NC_072430.2	142795698	142796415	-3	1	-	NC_072430.2	142795699	142796307	HES6	XM_055287883.2	-	3	3	108	1	2	4	5	4	1	middle	last	0.800	0.200	alternative	unique	86	125	1
NC_072430.2	142795698	142796415	-3	1	-	NC_072430.2	142796076	142796307	HES6	XM_063645805.1	-	3	2	108	378	2	3	5	4	1	middle	middle	0.800	0.200	alternative	unique	86	57	1
NC_072430.2	142795698	142796415	-3	1	-	NC_072430.2	142796052	142796133	HES6	XM_063645806.1	-	3	1	282	354	2	2	5	2	2	middle	middle	0.400	0.400	alternative	alternative	81	81	1
NC_072430.2	16494777	16495623	1	1	+	NC_072430.2	16495114	16495206	BEGAIN	XM_055288160.1	+	1	1	337	417	1	1	19	2	2	first	first	0.105	0.105	alternative	alternative	92	92	2
NC_072430.2	16494777	16495623	1	1	+	NC_072430.2	16495438	16495458	BEGAIN	XM_055288164.2	+	1	1	661	165	1	1	19	2	2	first	first	0.105	0.105	alternative	alternative	20	20	2
NC_072430.2	16766276	16766735	3	1	+	NC_072430.2	16766319	16766564	SLC25A29	XM_055288197.2	+	3	2	43	171	1	2	18	2	3	first	middle	0.111	0.167	alternative	alternative	72	43	2
NC_072430.2	16766276	16766735	3	1	+	NC_072430.2	16766521	16766564	SLC25A29	XM_055288198.2	+	3	1	245	171	2	2	18	3	3	middle	middle	0.167	0.167	alternative	alternative	43	43	1
NC_072430.2	40731166	40731469	-2	1	-	NC_072430.2	40731266	40731320	GPATCH2L	XM_055288700.2	-	2	1	149	100	6	6	5	4	4	middle	middle	0.800	0.800	alternative	alternative	54	54	4
NC_072430.2	40731166	40731469	-2	1	-	NC_072430.2	40731377	40731413	GPATCH2L	XM_055288703.2	-	2	1	56	211	6	6	5	1	1	middle	middle	0.200	0.200	unique	unique	36	36	1
NC_072430.2	42958117	42958618	-2	1	-	NC_072430.2	42958139	42958498	COQ6	XM_055288840.2	-	2	2	120	22	7	8	6	6	5	middle	middle	1.000	0.833	constitutive	alternative	62	107	5
NC_072430.2	42958117	42958618	-2	1	-	NC_072430.2	42958436	42958498	COQ6	XM_063644289.1	-	2	1	120	319	7	7	6	6	6	middle	middle	1.000	1.000	constitutive	constitutive	62	62	1
NC_072430.2	59426666	59427119	3	1	+	NC_072430.2	59426826	59426928	SLC35F4	XM_055289256.1	+	3	1	160	191	1	1	4	2	2	first	first	0.500	0.500	alternative	alternative	102	102	2
NC_072430.2	59426666	59427119	3	1	+	NC_072430.2	59426997	59427090	SLC35F4	XM_055289258.2	+	3	1	331	29	1	1	4	1	1	first	first	0.250	0.250	unique	unique	93	93	1
NC_072430.2	72371205	72371604	-3	1	-	NC_072430.2	72371326	72371373	NDRG2	XM_055289555.2	-	3	1	231	121	12	12	7	6	6	middle	middle	0.857	0.857	alternative	alternative	47	47	6
NC_072430.2	72371205	72371604	-3	1	-	NC_072430.2	72371326	72371532	NDRG2	XM_055289561.1	-	3	2	72	121	12	13	7	1	1	middle	middle	0.143	0.143	unique	unique	36	64	1
NC_072431.2	108966572	108967358	-3	1	-	NC_072431.2	108967133	108967275	TMEM8B	XM_055293761.2	-	3	1	83	561	9	9	6	5	5	middle	middle	0.833	0.833	alternative	alternative	142	142	5
NC_072431.2	108966572	108967358	-3	1	-	NC_072431.2	108966573	108966927	TMEM8B	XM_055293762.2	-	3	1	431	1	5	5	6	1	1	last	last	0.167	0.167	unique	unique	354	354	1
NC_072431.2	109253351	109253975	3	1	+	NC_072431.2	109253445	109253765	CIMIP2B	XM_055293808.2	+	3	2	94	210	5	6	19	17	15	middle	middle	0.895	0.789	alternative	alternative	51	148	15
NC_072431.2	109253351	109253975	3	1	+	NC_072431.2	109253445	109253496	CIMIP2B	XM_063609794.1	+	3	1	94	479	5	5	19	17	17	middle	middle	0.895	0.895	alternative	alternative	51	51	2
NC_072431.2	109253351	109253975	3	1	+	NC_072431.2	109253639	109253765	CIMIP2B	XM_063609795.1	+	3	1	288	210	6	6	19	1	1	middle	middle	0.053	0.053	unique	unique	126	126	1
NC_072431.2	110284164	110284671	-2	1	-	NC_072431.2	110284453	110284552	DNAI1	XM_055293894.2	-	2	1	119	289	18	18	7	7	7	middle	middle	1.000	1.000	constitutive	constitutive	99	99	6
NC_072431.2	110284164	110284671	-2	1	-	NC_072431.2	110284165	110284552	DNAI1	XM_055293899.2	-	2	2	119	1	18	19	7	7	1	middle	last	1.000	0.143	constitutive	unique	99	149	1
NC_072431.2	15029293	15029875	-1	1	-	NC_072431.2	15029639	15029701	MIA2	XM_055291460.2	-	1	1	174	346	1	1	16	9	9	first	first	0.562	0.562	alternative	alternative	62	62	9
NC_072431.2	15029293	15029875	-1	1	-	NC_072431.2	15029378	15029443	MIA2	XM_063609283.1	-	1	1	432	85	1	1	16	1	1	first	first	0.062	0.062	unique	unique	65	65	1
NC_072431.2	29783928	29784285	1	1	+	NC_072431.2	29783951	29784284	SDR39U1	XM_055291638.2	+	1	2	23	1	2	3	6	5	1	middle	middle	0.833	0.167	alternative	unique	106	151	1
NC_072431.2	29783928	29784285	1	1	+	NC_072431.2	29783951	29784215	SDR39U1	XM_055291639.2	+	1	2	23	70	2	3	6	5	4	middle	middle	0.833	0.667	alternative	alternative	106	82	4
NC_072431.2	29783928	29784285	1	1	+	NC_072431.2	29783951	29784053	SDR39U1	XM_055291642.2	+	1	1	23	232	2	2	6	1	1	middle	middle	0.167	0.167	unique	unique	102	102	1
NC_072431.2	30085767	30086685	-2	1	-	NC_072431.2	30085966	30086619	PSME1	XM_055291702.2	-	2	2	66	199	1	2	3	1	1	first	middle	0.333	0.333	unique	unique	177	172	1
NC_072431.2	30085767	30086685	-2	1	-	NC_072431.2	30085966	30086004	PSME1	XM_055291703.2	-	2	1	681	199	1	1	3	2	2	first	first	0.667	0.667	alternative	alternative	38	38	2
NC_072431.2	30167321	30167768	-3	1	-	NC_072431.2	30167343	30167418	CARMIL3	XM_055291716.2	-	3	1	350	22	9	9	13	10	10	middle	middle	0.769	0.769	alternative	alternative	75	75	10
NC_072431.2	30167321	30167768	-3	1	-	NC_072431.2	30167343	30167724	CARMIL3	XM_063609345.1	-	3	2	44	22	3	4	13	3	3	middle	middle	0.231	0.231	alternative	alternative	73	118	3
NC_072431.2	30167649	30168003	-2	1	-	NC_072431.2	30167651	30167724	CARMIL3	XM_055291716.2	-	2	1	279	2	8	8	13	9	9	middle	middle	0.692	0.692	alternative	alternative	73	73	9
NC_072431.2	30167649	30168003	-2	1	-	NC_072431.2	30167825	30167895	CARMIL3	XM_063609345.1	-	2	1	108	176	2	2	13	4	4	middle	middle	0.308	0.308	alternative	alternative	70	70	4
NC_072431.2	55535432	55535966	-3	1	-	NC_072431.2	55535433	55535928	INTS15	XM_055292280.2	-	3	2	38	1	6	7	7	1	4	middle	last	0.143	0.571	unique	alternative	188	198	1
NC_072431.2	55535432	55535966	-3	1	-	NC_072431.2	55535433	55535928	INTS15	XM_055292281.2	-	3	2	38	1	6	7	7	1	4	middle	last	0.143	0.571	unique	alternative	176	198	1
NC_072431.2	55535432	55535966	-3	1	-	NC_072431.2	55535433	55535631	INTS15	XM_055292282.2	-	3	1	335	1	6	6	7	4	4	last	last	0.571	0.571	alternative	alternative	198	198	2
NC_072431.2	58960014	58960539	1	1	+	NC_072431.2	58960226	58960539	MOSPD3	XM_055292607.2	+	1	2	212	0	4	5	7	6	6	middle	last	0.857	0.857	alternative	alternative	164	28	6
NC_072431.2	58960014	58960539	1	1	+	NC_072431.2	58960226	58960332	MOSPD3	XM_055292611.2	+	1	1	212	207	4	4	7	1	1	middle	middle	0.143	0.143	unique	unique	106	106	1
NC_072431.2	58992769	58993261	-1	1	-	NC_072431.2	58992788	58993121	ACTL6B	XM_055292627.2	-	1	2	140	19	10	11	2	2	1	middle	middle	1.000	0.500	constitutive	unique	114	80	1
NC_072431.2	58992769	58993261	-1	1	-	NC_072431.2	58993007	58993121	ACTL6B	XM_055292628.2	-	1	1	140	238	10	10	2	2	2	middle	middle	1.000	1.000	constitutive	constitutive	114	114	1
NC_072431.2	59601443	59601938	-3	1	-	NC_072431.2	59601707	59601909	MOGAT3	XM_055292695.2	-	3	1	29	264	6	6	2	1	1	middle	middle	0.500	0.500	unique	unique	202	202	1
NC_072431.2	59601443	59601938	-3	1	-	NC_072431.2	59601444	59601618	MOGAT3	XM_055292696.2	-	3	1	320	1	6	6	2	1	1	last	last	0.500	0.500	unique	unique	174	174	1
NC_072431.2	63420948	63421461	1	1	+	NC_072431.2	63420991	63421142	ABHD11	XM_055292862.2	+	1	1	43	319	1	1	8	6	6	first	first	0.750	0.750	alternative	alternative	151	151	6
NC_072431.2	63420948	63421461	1	1	+	NC_072431.2	63421325	63421455	ABHD11	XM_063646406.1	+	1	1	377	6	2	2	8	1	1	middle	middle	0.125	0.125	unique	unique	130	130	1
NC_072431.2	63461784	63462183	1	1	+	NC_072431.2	63461821	63461931	STX1A	XM_055292909.2	+	1	1	37	252	9	9	5	2	2	middle	middle	0.400	0.400	alternative	alternative	110	110	2
NC_072431.2	63461784	63462183	1	1	+	NC_072431.2	63462174	63462183	STX1A	XM_055292913.2	+	1	1	390	0	10	10	5	1	1	last	last	0.200	0.200	unique	unique	9	9	1
NC_072431.2	86335346	86335901	3	1	+	NC_072431.2	86335534	86335820	CAMK2B	XM_055293248.2	+	3	2	188	81	14	15	14	6	11	middle	middle	0.429	0.786	alternative	alternative	37	71	5
NC_072431.2	86335346	86335901	3	1	+	NC_072431.2	86335531	86335820	CAMK2B	XM_055293252.2	+	3	2	185	81	13	14	14	7	11	middle	middle	0.500	0.786	alternative	alternative	40	71	6
NC_072431.2	86335346	86335901	3	1	+	NC_072431.2	86335534	86335571	CAMK2B	XM_055293259.2	+	3	1	188	330	14	14	14	6	6	middle	middle	0.429	0.429	alternative	alternative	37	37	1
NC_072431.2	86335346	86335901	3	1	+	NC_072431.2	86335531	86335571	CAMK2B	XM_055293260.2	+	3	1	185	330	13	13	14	7	7	middle	middle	0.500	0.500	alternative	alternative	40	40	1
NC_072431.2	86497209	86497875	1	1	+	NC_072431.2	86497374	86497824	POLM	XM_063609599.1	+	1	2	165	51	8	9	9	6	9	middle	middle	0.667	1.000	alternative	constitutive	102	242	6
NC_072431.2	86497209	86497875	1	1	+	NC_072431.2	86497244	86497824	POLM	XM_063609600.1	+	1	2	35	51	7	8	9	2	9	middle	middle	0.222	1.000	alternative	constitutive	232	242	2
NC_072431.2	86497209	86497875	1	1	+	NC_072431.2	86497582	86497824	POLM	XM_063609607.1	+	1	1	373	51	8	8	9	9	9	middle	middle	1.000	1.000	constitutive	constitutive	242	242	1
NC_072432.2	115147798	115148383	-2	1	-	NC_072432.2	115147901	115148323	REEP4	XM_055295607.2	-	2	2	60	103	6	7	4	2	2	middle	middle	0.500	0.500	alternative	alternative	135	154	1
NC_072432.2	115147798	115148383	-2	1	-	NC_072432.2	115148188	115148323	REEP4	XM_055295608.2	-	2	1	60	390	6	6	4	2	2	middle	middle	0.500	0.500	alternative	alternative	135	135	1
NC_072432.2	115147798	115148383	-2	1	-	NC_072432.2	115147901	115148317	REEP4	XM_063611425.1	-	2	2	66	103	6	7	4	1	2	middle	middle	0.250	0.500	unique	alternative	129	154	1
NC_072432.2	115626758	115627187	3	1	+	NC_072432.2	115626874	115626986	C10H8orf58	XM_055295658.2	+	3	1	116	201	4	4	7	7	7	middle	middle	1.000	1.000	constitutive	constitutive	112	112	6
NC_072432.2	115626758	115627187	3	1	+	NC_072432.2	115626874	115627187	C10H8orf58	XM_063611445.1	+	3	2	116	0	4	5	7	7	1	middle	last	1.000	0.143	constitutive	unique	112	74	1
NC_072432.2	131508409	131508874	-2	1	-	NC_072432.2	131508701	131508806	FGFR1	XM_055296002.2	-	2	1	68	292	16	16	4	4	4	middle	middle	1.000	1.000	constitutive	constitutive	105	105	1
NC_072432.2	131508409	131508874	-2	1	-	NC_072432.2	131508410	131508806	FGFR1	XM_055296003.2	-	2	2	68	1	16	17	4	4	3	middle	last	1.000	0.750	constitutive	alternative	105	173	3
NC_072432.2	20078145	20078310	-3	1	-	NC_072432.2	20078147	20078157	CAMK1D	XM_055296617.2	-	3	1	153	2	1	1	11	1	1	first	first	0.091	0.091	unique	unique	10	10	1
NC_072432.2	20078145	20078310	-3	1	-	NC_072432.2	20078177	20078229	CAMK1D	XM_055296618.2	-	3	1	81	32	1	1	11	1	1	first	first	0.091	0.091	unique	unique	52	52	1
NC_072432.2	51931621	51931918	2	1	+	NC_072432.2	51931767	51931838	MAPK10	XM_055297095.2	+	2	1	146	80	7	7	9	6	6	middle	middle	0.667	0.667	alternative	alternative	71	71	6
NC_072432.2	51931621	51931918	2	1	+	NC_072432.2	51931914	51931918	MAPK10	XM_055297101.2	+	2	1	293	0	7	7	9	1	1	last	last	0.111	0.111	unique	unique	4	4	1
NC_072432.2	6596799	6597435	-3	1	-	NC_072432.2	6596805	6597340	ADARB2	XM_055296338.2	-	3	2	95	6	8	9	4	3	1	middle	middle	0.750	0.250	alternative	unique	181	107	1
NC_072432.2	6596799	6597435	-3	1	-	NC_072432.2	6597159	6597340	ADARB2	XM_055296339.2	-	3	1	95	360	8	8	4	3	3	middle	middle	0.750	0.750	alternative	alternative	181	181	2
NC_072432.2	87865484	87866450	-1	1	-	NC_072432.2	87866078	87866171	NR4A1	XM_055294760.2	-	1	1	279	594	1	1	6	1	1	first	first	0.167	0.167	unique	unique	93	93	1
NC_072432.2	87865484	87866450	-1	1	-	NC_072432.2	87865622	87865730	NR4A1	XM_063611240.1	-	1	1	720	138	1	1	6	1	1	first	first	0.167	0.167	unique	unique	108	108	1
NC_072432.2	90602660	90603098	-1	1	-	NC_072432.2	90602691	90603008	TROAP	XM_055294998.2	-	1	2	90	31	8	9	3	2	3	middle	middle	0.667	1.000	alternative	constitutive	128	83	2
NC_072432.2	90602660	90603098	-1	1	-	NC_072432.2	90602691	90602774	TROAP	XM_055294999.2	-	1	1	324	31	8	8	3	3	3	middle	middle	1.000	1.000	constitutive	constitutive	83	83	1
NC_072432.2	92012036	92012639	3	1	+	NC_072432.2	92012077	92012487	HDAC7	XM_055295110.1	+	3	2	41	152	3	4	10	8	9	middle	middle	0.800	0.900	alternative	alternative	187	90	8
NC_072432.2	92012036	92012639	3	1	+	NC_072432.2	92012124	92012487	HDAC7	XM_063611266.1	+	3	2	88	152	1	2	10	1	9	first	middle	0.100	0.900	unique	alternative	140	90	1
NC_072432.2	92012036	92012639	3	1	+	NC_072432.2	92012403	92012487	HDAC7	XM_063611267.1	+	3	1	367	152	1	1	10	1	1	first	first	0.100	0.100	unique	unique	84	84	1
NC_072432.2	92135862	92136219	1	1	+	NC_072432.2	92135897	92136174	RPAP3	XM_055295123.2	+	1	2	35	45	10	11	3	3	2	middle	middle	1.000	0.667	constitutive	alternative	70	101	2
NC_072432.2	92135862	92136219	1	1	+	NC_072432.2	92135897	92135967	RPAP3	XM_055295124.2	+	1	1	35	252	10	10	3	3	3	middle	middle	1.000	1.000	constitutive	constitutive	70	70	1
NC_072433.2	119259998	119260652	3	1	+	NC_072433.2	119260046	119260651	PDLIM4	XM_055299436.2	+	3	2	48	1	5	6	2	2	1	middle	middle	1.000	0.500	constitutive	unique	163	117	1
NC_072433.2	119259998	119260652	3	1	+	NC_072433.2	119260046	119260209	PDLIM4	XM_055299437.1	+	3	1	48	443	5	5	2	2	2	middle	middle	1.000	1.000	constitutive	constitutive	163	163	1
NC_072433.2	129386694	129387204	1	1	+	NC_072433.2	129386779	129386796	NECAB2	XM_055299734.2	+	1	1	85	408	1	1	4	1	1	first	first	0.250	0.250	unique	unique	17	17	1
NC_072433.2	129386694	129387204	1	1	+	NC_072433.2	129387082	129387084	NECAB2	XM_055299735.2	+	1	1	388	120	1	1	4	1	1	first	first	0.250	0.250	unique	unique	2	2	1
NC_072433.2	129594722	129595259	3	1	+	NC_072433.2	129594723	129595089	DNAAF1	XM_055299724.2	+	3	1	1	170	11	11	3	3	3	middle	middle	1.000	1.000	constitutive	constitutive	366	366	2
NC_072433.2	129594722	129595259	3	1	+	NC_072433.2	129594723	129595259	DNAAF1	XM_063612504.1	+	3	2	1	0	11	12	3	3	1	middle	last	1.000	0.333	constitutive	unique	366	58	1
NC_072433.2	134579240	134579927	3	1	+	NC_072433.2	134579309	134579457	ACSF3	XM_055232825.2	+	3	1	69	470	4	4	9	8	8	middle	middle	0.889	0.889	alternative	alternative	148	148	7
NC_072433.2	134579240	134579927	3	1	+	NC_072433.2	134579309	134579877	ACSF3	XM_063612568.1	+	3	2	69	50	4	5	9	8	1	middle	middle	0.889	0.111	alternative	unique	148	128	1
NC_072433.2	20401406	20401604	-3	1	-	NC_072433.2	20401412	20401479	HYDIN	XM_055298611.2	-	3	1	125	6	14	14	10	10	10	middle	middle	1.000	1.000	constitutive	constitutive	67	67	9
NC_072433.2	20401406	20401604	-3	1	-	NC_072433.2	20401412	20401580	HYDIN	XM_063611545.1	-	3	2	24	6	1	2	10	1	10	first	middle	0.100	1.000	unique	constitutive	7	67	1
NC_072433.2	26066364	26067150	-2	1	-	NC_072433.2	26066601	26067056	CARMIL2	XM_055298046.2	-	2	2	94	237	36	37	4	3	2	middle	middle	0.750	0.500	alternative	alternative	221	80	2
NC_072433.2	26066364	26067150	-2	1	-	NC_072433.2	26066835	26067056	CARMIL2	XM_055298047.2	-	2	1	94	471	36	36	4	3	3	middle	middle	0.750	0.750	alternative	alternative	221	221	1
NC_072433.2	26067251	26067587	-3	1	-	NC_072433.2	26067413	26067449	CARMIL2	XM_055298046.2	-	3	1	138	162	34	34	4	4	4	middle	middle	1.000	1.000	constitutive	constitutive	36	36	3
NC_072433.2	26067251	26067587	-3	1	-	NC_072433.2	26067252	26067449	CARMIL2	XM_055298049.2	-	3	2	138	1	34	35	4	4	1	middle	last	1.000	0.250	constitutive	unique	36	34	1
NC_072433.2	26336176	26336938	2	1	+	NC_072433.2	26336326	26336545	ZDHHC1	XM_055298565.2	+	2	1	150	393	9	9	7	1	1	middle	middle	0.143	0.143	unique	unique	219	219	1
NC_072433.2	26336176	26336938	2	1	+	NC_072433.2	26336658	26336938	ZDHHC1	XM_055298566.2	+	2	1	482	0	11	11	7	5	5	last	last	0.714	0.714	alternative	alternative	280	280	5
NC_072433.2	26336176	26336938	2	1	+	NC_072433.2	26336485	26336545	ZDHHC1	XM_055298567.2	+	2	1	309	393	9	9	7	1	1	middle	middle	0.143	0.143	unique	unique	60	60	1
NC_072433.2	26557986	26558475	-2	1	-	NC_072433.2	26557988	26558215	HSF4	XM_055298557.2	-	2	1	260	2	9	9	3	2	2	middle	middle	0.667	0.667	alternative	alternative	227	227	2
NC_072433.2	26557986	26558475	-2	1	-	NC_072433.2	26557988	26558475	HSF4	XM_055298558.2	-	2	2	0	2	8	9	3	1	1	middle	middle	0.333	0.333	unique	unique	138	123	1
NC_072433.2	27218166	27218367	1	1	+	NC_072433.2	27218311	27218350	TK2	XM_055299396.2	+	1	1	145	17	1	1	12	1	1	first	first	0.083	0.083	unique	unique	39	39	1
NC_072433.2	27218166	27218367	1	1	+	NC_072433.2	27218273	27218275	TK2	XM_055299397.2	+	1	1	107	92	2	2	12	2	2	middle	middle	0.167	0.167	alternative	alternative	2	2	2
NC_072433.2	53601739	53602072	-1	1	-	NC_072433.2	53601745	53602057	STX4	XM_055298873.2	-	1	2	15	6	2	3	2	1	1	middle	middle	0.500	0.500	unique	unique	101	99	1
NC_072433.2	53601739	53602072	-1	1	-	NC_072433.2	53601745	53601866	STX4	XM_055298874.2	-	1	1	206	6	2	2	2	1	1	middle	middle	0.500	0.500	unique	unique	121	121	1
NC_072433.2	53887584	53888097	1	1	+	NC_072433.2	53887963	53888079	CFAP119	XM_055298835.2	+	1	1	379	18	6	6	3	2	2	middle	middle	0.667	0.667	alternative	alternative	116	116	2
NC_072433.2	53887584	53888097	1	1	+	NC_072433.2	53887610	53887765	CFAP119	XM_055298837.1	+	1	1	26	332	5	5	3	1	1	middle	middle	0.333	0.333	unique	unique	155	155	1
NC_072433.2	54732818	54733124	-3	1	-	NC_072433.2	54732956	54733124	HIRIP3	XM_055297647.2	-	3	1	0	138	5	5	3	2	2	middle	middle	0.667	0.667	alternative	alternative	168	168	2
NC_072433.2	54732818	54733124	-3	1	-	NC_072433.2	54732819	54732873	HIRIP3	XM_055297648.2	-	3	1	251	1	5	5	3	1	1	last	last	0.333	0.333	unique	unique	54	54	1
NC_072433.2	55205606	55206131	3	1	+	NC_072433.2	55205977	55206087	ATXN2L	XM_055298224.2	+	3	1	371	44	10	10	46	45	45	middle	middle	0.978	0.978	alternative	alternative	110	110	45
NC_072433.2	55205606	55206131	3	1	+	NC_072433.2	55205620	55206087	ATXN2L	XM_055298259.2	+	3	2	14	44	8	9	46	1	1	middle	middle	0.022	0.022	unique	unique	175	87	1
NC_072433.2	55282284	55282668	-2	1	-	NC_072433.2	55282438	55282610	RABEP2	XM_055298276.2	-	2	2	58	154	10	11	3	2	3	middle	middle	0.667	1.000	alternative	constitutive	11	55	2
NC_072433.2	55282284	55282668	-2	1	-	NC_072433.2	55282438	55282493	RABEP2	XM_055298277.2	-	2	1	175	154	10	10	3	3	3	middle	middle	1.000	1.000	constitutive	constitutive	55	55	1
NC_072433.2	55336536	55336989	1	1	+	NC_072433.2	55336537	55336920	NFATC2IP	XM_055298296.2	+	1	2	1	69	6	7	4	2	3	middle	middle	0.500	0.750	alternative	alternative	144	109	2
NC_072433.2	55336536	55336989	1	1	+	NC_072433.2	55336811	55336920	NFATC2IP	XM_055298300.2	+	1	1	275	69	3	3	4	3	3	middle	middle	0.750	0.750	alternative	alternative	109	109	1
NC_072434.2	70447638	70447839	-3	1	-	NC_072434.2	70447735	70447827	PYCR2	XM_055234327.2	-	3	1	12	97	5	5	4	3	3	middle	middle	0.750	0.750	alternative	alternative	92	92	2
NC_072434.2	70447638	70447839	-3	1	-	NC_072434.2	70447701	70447827	PYCR2	XM_063613421.1	-	3	2	12	63	5	6	4	3	1	middle	middle	0.750	0.250	alternative	unique	92	0	1
NC_072434.2	72551689	72552187	2	1	+	NC_072434.2	72551709	72551794	GUK1	XM_055234053.2	+	2	1	20	393	9	9	22	18	18	middle	middle	0.818	0.818	alternative	alternative	85	85	18
NC_072434.2	72551689	72552187	2	1	+	NC_072434.2	72552003	72552187	GUK1	XM_055234055.2	+	2	1	314	0	8	8	22	3	3	last	last	0.136	0.136	alternative	alternative	184	184	3
NC_072434.2	72680854	72681577	2	1	+	NC_072434.2	72680970	72681323	OBSCN	XM_055233742.2	+	2	2	116	254	28	29	4	2	4	middle	middle	0.500	1.000	alternative	constitutive	161	104	2
NC_072434.2	72680854	72681577	2	1	+	NC_072434.2	72681219	72681323	OBSCN	XM_055233744.2	+	2	1	365	254	24	24	4	4	4	middle	middle	1.000	1.000	constitutive	constitutive	104	104	2
NC_072435.2	107794411	107795161	-2	1	-	NC_072435.2	107794472	107795073	HECTD4	XM_055237547.2	-	2	2	88	61	71	72	12	11	4	middle	middle	0.917	0.333	alternative	alternative	103	221	4
NC_072435.2	107794411	107795161	-2	1	-	NC_072435.2	107794970	107795073	HECTD4	XM_055237554.1	-	2	1	88	559	71	71	12	11	11	middle	middle	0.917	0.917	alternative	alternative	103	103	1
NC_072435.2	107794411	107795161	-2	1	-	NC_072435.2	107794472	107795073	HECTD4	XM_063614385.1	-	2	2	88	61	71	72	12	11	6	middle	middle	0.917	0.500	alternative	alternative	103	368	6
NC_072435.2	108646344	108646725	1	1	+	NC_072435.2	108646386	108646533	OAS3	XM_055235942.2	+	1	1	42	192	15	15	5	5	5	middle	middle	1.000	1.000	constitutive	constitutive	147	147	3
NC_072435.2	108646344	108646725	1	1	+	NC_072435.2	108646386	108646725	OAS3	XM_063614533.1	+	1	2	42	0	15	16	5	5	2	middle	last	1.000	0.400	constitutive	alternative	147	35	2
NC_072435.2	115784011	115784467	-2	1	-	NC_072435.2	115784078	115784423	RAB35	XM_055235758.2	-	2	2	44	67	4	5	2	2	1	middle	middle	1.000	0.500	constitutive	unique	124	124	1
NC_072435.2	115784011	115784467	-2	1	-	NC_072435.2	115784299	115784423	RAB35	XM_055235759.2	-	2	1	44	288	4	4	2	2	2	middle	middle	1.000	1.000	constitutive	constitutive	124	124	1
NC_072435.2	116460174	116460945	1	1	+	NC_072435.2	116460175	116460807	ACADS	XM_055237775.2	+	1	2	1	138	4	5	8	8	7	middle	middle	1.000	0.875	constitutive	alternative	111	151	7
NC_072435.2	116460174	116460945	1	1	+	NC_072435.2	116460175	116460286	ACADS	XM_055237778.2	+	1	1	1	659	4	4	8	8	8	middle	middle	1.000	1.000	constitutive	constitutive	111	111	1
NC_072435.2	117186134	117187058	-1	1	-	NC_072435.2	117186261	117186785	KDM2B	XM_055236927.2	-	1	2	273	127	15	16	19	12	12	middle	middle	0.632	0.632	alternative	alternative	86	260	12
NC_072435.2	117186134	117187058	-1	1	-	NC_072435.2	117186698	117186785	KDM2B	XM_063614625.1	-	1	1	273	564	15	15	19	7	7	middle	middle	0.368	0.368	alternative	alternative	87	87	7
NC_072435.2	119174261	119175476	3	1	+	NC_072435.2	119174769	119174942	KMT5A	XM_055238003.2	+	3	1	508	534	1	1	6	1	1	first	first	0.167	0.167	unique	unique	173	173	1
NC_072435.2	119174261	119175476	3	1	+	NC_072435.2	119175193	119175314	KMT5A	XM_055238004.2	+	3	1	932	162	2	2	6	1	1	middle	middle	0.167	0.167	unique	unique	121	121	1
NC_072435.2	119174261	119175476	3	1	+	NC_072435.2	119175201	119175314	KMT5A	XM_055238005.2	+	3	1	940	162	1	1	6	2	2	first	first	0.333	0.333	alternative	alternative	113	113	2
NC_072435.2	119174261	119175476	3	1	+	NC_072435.2	119175193	119175314	KMT5A	XM_055238007.2	+	3	2	932	162	2	3	6	1	1	middle	middle	0.167	0.167	unique	unique	15	15	1
NC_072435.2	127498761	127499385	1	1	+	NC_072435.2	127498953	127499181	PUS1	XM_055237089.2	+	1	1	192	204	2	2	6	1	1	middle	middle	0.167	0.167	unique	unique	228	228	1
NC_072435.2	127498761	127499385	1	1	+	NC_072435.2	127498807	127498842	PUS1	XM_055237090.2	+	1	1	46	543	1	1	6	1	1	first	first	0.167	0.167	unique	unique	35	35	1
NC_072435.2	127498761	127499385	1	1	+	NC_072435.2	127498963	127499181	PUS1	XM_055237091.2	+	1	1	202	204	1	1	6	3	3	first	first	0.500	0.500	alternative	alternative	218	218	3
NC_072435.2	127716563	127717007	3	1	+	NC_072435.2	127716717	127716969	NOC4L	XM_055239758.2	+	3	2	154	38	8	9	5	3	4	middle	middle	0.600	0.800	alternative	alternative	50	111	2
NC_072435.2	127716563	127717007	3	1	+	NC_072435.2	127716700	127716969	NOC4L	XM_055239759.2	+	3	2	137	38	7	8	5	1	4	middle	middle	0.200	0.800	unique	alternative	67	111	1
NC_072435.2	127716563	127717007	3	1	+	NC_072435.2	127716858	127716969	NOC4L	XM_055239761.2	+	3	1	295	38	8	8	5	4	4	middle	middle	0.800	0.800	alternative	alternative	111	111	1
NC_072435.2	127716563	127717007	3	1	+	NC_072435.2	127716717	127716969	NOC4L	XM_055239763.2	+	3	2	154	38	8	9	5	3	1	middle	middle	0.600	0.200	alternative	unique	50	51	1
NC_072435.2	128182423	128183311	2	1	+	NC_072435.2	128182594	128183311	P2RX2	XM_055238103.1	+	2	2	171	0	9	10	7	6	1	middle	last	0.857	0.143	alternative	unique	90	497	1
NC_072435.2	128182423	128183311	2	1	+	NC_072435.2	128182594	128183311	P2RX2	XM_055238104.1	+	2	3	171	0	9	11	7	6	4	middle	last	0.857	0.571	alternative	alternative	90	353	4
NC_072435.2	128182423	128183311	2	1	+	NC_072435.2	128182594	128183311	P2RX2	XM_055238107.1	+	2	4	171	0	9	12	7	6	1	middle	last	0.857	0.143	alternative	unique	90	74	1
NC_072435.2	128182423	128183311	2	1	+	NC_072435.2	128182594	128182703	P2RX2	XM_055238110.1	+	2	1	171	608	9	9	7	1	1	middle	middle	0.143	0.143	unique	unique	109	109	1
NC_072435.2	23809962	23810136	-3	1	-	NC_072435.2	23810068	23810120	LOC129460711	XM_055238976.1	-	3	1	16	106	8	8	12	9	9	middle	middle	0.750	0.750	alternative	alternative	52	52	9
NC_072435.2	23809962	23810136	-3	1	-	NC_072435.2	23809963	23809967	LOC129460711	XM_055238981.1	-	3	1	169	1	9	9	12	3	3	last	last	0.250	0.250	alternative	alternative	4	4	3
NC_072435.2	23865387	23865762	-3	1	-	NC_072435.2	23865658	23865713	LOC129460674	XM_063615402.1	-	3	1	49	271	14	14	50	13	13	middle	middle	0.260	0.260	alternative	alternative	55	55	13
NC_072435.2	23865387	23865762	-3	1	-	NC_072435.2	23865658	23865710	LOC129460674	XM_063615403.1	-	3	1	52	271	14	14	50	37	37	middle	middle	0.740	0.740	alternative	alternative	52	52	32
NC_072435.2	23865387	23865762	-3	1	-	NC_072435.2	23865388	23865710	LOC129460674	XM_063615449.1	-	3	2	52	1	14	15	50	37	5	middle	last	0.740	0.100	alternative	alternative	52	176	5
NC_072435.2	27779933	27780539	3	1	+	NC_072435.2	27780087	27780538	ASPDH	XM_055239501.2	+	3	2	154	1	4	5	2	1	2	middle	middle	0.500	1.000	unique	constitutive	149	220	1
NC_072435.2	27779933	27780539	3	1	+	NC_072435.2	27780318	27780538	ASPDH	XM_055239502.1	+	3	1	385	1	3	3	2	2	2	middle	middle	1.000	1.000	constitutive	constitutive	220	220	1
NC_072435.2	27830127	27830790	-3	1	-	NC_072435.2	27830293	27830790	MYBPC2	XM_055239492.2	-	3	2	0	166	25	26	12	9	6	middle	middle	0.750	0.500	alternative	alternative	159	136	6
NC_072435.2	27830127	27830790	-3	1	-	NC_072435.2	27830631	27830790	MYBPC2	XM_063615673.1	-	3	1	0	504	25	25	12	9	9	middle	middle	0.750	0.750	alternative	alternative	159	159	3
NC_072435.2	28360877	28361513	3	1	+	NC_072435.2	28361028	28361030	PNKP	XM_055236578.2	+	3	1	151	483	1	1	15	2	2	first	first	0.133	0.133	alternative	alternative	2	2	2
NC_072435.2	28360877	28361513	3	1	+	NC_072435.2	28361136	28361286	PNKP	XM_055236581.2	+	3	1	259	227	1	1	15	5	5	first	first	0.333	0.333	alternative	alternative	150	150	5
NC_072435.2	28573243	28573975	2	1	+	NC_072435.2	28573301	28573970	IRF3	XM_055237299.1	+	2	2	58	5	4	5	6	6	5	middle	middle	1.000	0.833	constitutive	alternative	192	380	5
NC_072435.2	28573243	28573975	2	1	+	NC_072435.2	28573301	28573493	IRF3	XM_055237304.2	+	2	1	58	482	4	4	6	6	6	middle	middle	1.000	1.000	constitutive	constitutive	192	192	1
NC_072435.2	28896832	28897147	2	1	+	NC_072435.2	28896875	28897146	TEAD2	XM_055237161.2	+	2	2	43	1	5	6	12	6	12	middle	middle	0.500	1.000	alternative	constitutive	116	58	6
NC_072435.2	28896832	28897147	2	1	+	NC_072435.2	28896875	28897146	TEAD2	XM_055237162.2	+	2	2	43	1	5	6	12	3	12	middle	middle	0.250	1.000	alternative	constitutive	107	58	3
NC_072435.2	28896832	28897147	2	1	+	NC_072435.2	28897088	28897146	TEAD2	XM_055237165.2	+	2	1	256	1	4	4	12	12	12	middle	middle	1.000	1.000	constitutive	constitutive	58	58	1
NC_072435.2	28896832	28897147	2	1	+	NC_072435.2	28896956	28897146	TEAD2	XM_063615727.1	+	2	2	124	1	4	5	12	1	12	middle	middle	0.083	1.000	unique	constitutive	35	58	1
NC_072435.2	28896832	28897147	2	1	+	NC_072435.2	28896956	28897146	TEAD2	XM_063615728.1	+	2	2	124	1	4	5	12	1	12	middle	middle	0.083	1.000	unique	constitutive	26	58	1
NC_072435.2	29070573	29071347	-3	1	-	NC_072435.2	29070676	29071311	TRPM4	XM_055240339.2	-	3	2	36	103	9	10	10	8	10	middle	middle	0.800	1.000	alternative	constitutive	344	134	8
NC_072435.2	29070573	29071347	-3	1	-	NC_072435.2	29070676	29071287	TRPM4	XM_055240346.2	-	3	2	60	103	1	2	10	1	10	first	middle	0.100	1.000	unique	constitutive	320	134	1
NC_072435.2	29070573	29071347	-3	1	-	NC_072435.2	29070676	29070810	TRPM4	XM_055240347.2	-	3	1	537	103	1	1	10	10	10	first	first	1.000	1.000	constitutive	constitutive	134	134	1
NC_072435.2	29098134	29100276	1	1	+	NC_072435.2	29098399	29100267	HRC	XM_055240350.2	+	1	2	265	9	1	2	2	2	1	first	middle	1.000	0.500	constitutive	unique	1722	70	1
NC_072435.2	29098134	29100276	1	1	+	NC_072435.2	29098399	29100121	HRC	XM_063614832.1	+	1	1	265	155	1	1	2	2	2	first	first	1.000	1.000	constitutive	constitutive	1722	1722	1
NC_072435.2	29514209	29514947	3	1	+	NC_072435.2	29514210	29514363	IZUMO1	XM_055235888.2	+	3	1	1	584	7	7	2	1	1	middle	middle	0.500	0.500	unique	unique	153	153	1
NC_072435.2	29514209	29514947	3	1	+	NC_072435.2	29514674	29514872	IZUMO1	XM_055235889.2	+	3	1	465	75	7	7	2	1	1	middle	middle	0.500	0.500	unique	unique	198	198	1
NC_072435.2	30849341	30850058	3	1	+	NC_072435.2	30849615	30849998	MEIS3	XM_055240129.2	+	3	2	274	60	5	6	4	4	2	middle	middle	1.000	0.500	constitutive	alternative	50	149	2
NC_072435.2	30849341	30850058	3	1	+	NC_072435.2	30849615	30849998	MEIS3	XM_055240131.2	+	3	2	274	60	5	6	4	4	1	middle	middle	1.000	0.250	constitutive	unique	50	98	1
NC_072435.2	30849341	30850058	3	1	+	NC_072435.2	30849615	30849665	MEIS3	XM_063615913.1	+	3	1	274	393	5	5	4	4	4	middle	middle	1.000	1.000	constitutive	constitutive	50	50	1
NC_072435.2	31003474	31004452	-2	1	-	NC_072435.2	31003934	31004452	CCDC9	XM_055240119.2	-	2	2	0	460	3	4	14	13	13	middle	middle	0.929	0.929	alternative	alternative	101	251	13
NC_072435.2	31003474	31004452	-2	1	-	NC_072435.2	31003934	31004083	CCDC9	XM_055240128.2	-	2	1	369	460	1	1	14	1	1	first	first	0.071	0.071	unique	unique	149	149	1
NC_072435.2	31182450	31182816	1	1	+	NC_072435.2	31182599	31182714	LOC129460001	XM_063615934.1	+	1	1	149	102	5	5	6	6	6	middle	middle	1.000	1.000	constitutive	constitutive	115	115	3
NC_072435.2	31182450	31182816	1	1	+	NC_072435.2	31182599	31182816	LOC129460001	XM_063615936.1	+	1	2	149	0	5	6	6	6	3	middle	last	1.000	0.500	constitutive	alternative	115	11	3
NC_072435.2	31206055	31206556	2	1	+	NC_072435.2	31206125	31206285	ZC3H4	XM_055237483.2	+	2	1	70	271	1	1	13	5	5	first	first	0.385	0.385	alternative	alternative	160	160	5
NC_072435.2	31206055	31206556	2	1	+	NC_072435.2	31206542	31206555	ZC3H4	XM_055237488.2	+	2	1	487	1	1	1	13	1	1	first	first	0.077	0.077	unique	unique	13	13	1
NC_072435.2	32537662	32538049	-2	1	-	NC_072435.2	32537713	32538049	TUBB4A	XM_055235632.2	-	2	2	0	51	2	3	11	1	1	middle	middle	0.091	0.091	unique	unique	112	115	1
NC_072435.2	32537662	32538049	-2	1	-	NC_072435.2	32537713	32538049	TUBB4A	XM_055235633.2	-	2	2	0	51	2	3	11	8	6	middle	middle	0.727	0.545	alternative	alternative	108	110	6
NC_072435.2	32537662	32538049	-2	1	-	NC_072435.2	32537941	32538049	TUBB4A	XM_055235637.2	-	2	1	0	279	2	2	11	8	8	middle	middle	0.727	0.727	alternative	alternative	108	108	1
NC_072435.2	32537662	32538049	-2	1	-	NC_072435.2	32537720	32538049	TUBB4A	XM_055235638.2	-	2	2	0	58	2	3	11	8	1	middle	middle	0.727	0.091	alternative	unique	108	103	1
NC_072435.2	32537662	32538049	-2	1	-	NC_072435.2	32537713	32537820	TUBB4A	XM_055235639.2	-	2	1	229	51	2	2	11	1	1	middle	middle	0.091	0.091	unique	unique	107	107	1
NC_072435.2	32537662	32538049	-2	1	-	NC_072435.2	32537963	32538049	TUBB4A	XM_055235641.2	-	2	1	0	301	2	2	11	1	1	middle	middle	0.091	0.091	unique	unique	86	86	1
NC_072435.2	32770819	32771170	-2	1	-	NC_072435.2	32771096	32771145	GPR108	XM_055240240.2	-	2	1	25	277	15	15	7	7	7	middle	middle	1.000	1.000	constitutive	constitutive	49	49	6
NC_072435.2	32770819	32771170	-2	1	-	NC_072435.2	32770821	32771145	GPR108	XM_055240241.2	-	2	2	25	2	15	16	7	7	1	middle	middle	1.000	0.143	constitutive	unique	49	115	1
NC_072435.2	33660926	33661397	3	1	+	NC_072435.2	33661018	33661392	STXBP2	XM_055240229.2	+	3	2	92	5	2	3	11	10	10	middle	middle	0.909	0.909	alternative	alternative	49	81	10
NC_072435.2	33660926	33661397	3	1	+	NC_072435.2	33661320	33661392	STXBP2	XM_063614987.1	+	3	1	394	5	1	1	11	1	1	first	first	0.091	0.091	unique	unique	72	72	1
NC_072435.2	33922639	33923764	2	1	+	NC_072435.2	33922853	33923527	TGFBR3L	XM_055236061.2	+	2	2	214	237	1	2	8	7	7	first	middle	0.875	0.875	alternative	alternative	275	320	6
NC_072435.2	33922639	33923764	2	1	+	NC_072435.2	33922992	33923527	TGFBR3L	XM_063615916.1	+	2	2	353	237	2	3	8	1	7	middle	middle	0.125	0.875	unique	alternative	136	320	1
NC_072435.2	33922639	33923764	2	1	+	NC_072435.2	33922853	33923128	TGFBR3L	XM_063615917.1	+	2	1	214	636	1	1	8	7	7	first	first	0.875	0.875	alternative	alternative	275	275	1
NC_072435.2	37014073	37014871	2	1	+	NC_072435.2	37014619	37014870	DNM2	XM_055238506.2	+	2	1	546	1	20	20	14	14	14	middle	middle	1.000	1.000	constitutive	constitutive	251	251	12
NC_072435.2	37014073	37014871	2	1	+	NC_072435.2	37014141	37014870	DNM2	XM_055238514.2	+	2	2	68	1	19	20	14	2	14	middle	middle	0.143	1.000	alternative	constitutive	15	251	2
NC_072435.2	37538763	37539357	1	1	+	NC_072435.2	37538850	37539294	CCDC159	XM_055239444.2	+	1	2	87	63	2	3	21	8	12	middle	middle	0.381	0.571	alternative	alternative	118	229	8
NC_072435.2	37538763	37539357	1	1	+	NC_072435.2	37539065	37539294	CCDC159	XM_055239446.2	+	1	1	302	63	2	2	21	12	12	middle	middle	0.571	0.571	alternative	alternative	229	229	1
NC_072435.2	37538763	37539357	1	1	+	NC_072435.2	37538947	37539294	CCDC159	XM_055239447.2	+	1	2	184	63	1	2	21	3	12	first	middle	0.143	0.571	alternative	alternative	21	229	3
NC_072435.2	37617898	37618375	-2	1	-	NC_072435.2	37617953	37618291	ODAD3	XM_055239428.2	-	2	2	84	55	5	6	6	5	6	middle	middle	0.833	1.000	alternative	constitutive	101	125	5
NC_072435.2	37617898	37618375	-2	1	-	NC_072435.2	37617953	37618078	ODAD3	XM_055239432.2	-	2	1	297	55	4	4	6	6	6	middle	middle	1.000	1.000	constitutive	constitutive	125	125	1
NC_072435.2	37698748	37699273	-2	1	-	NC_072435.2	37699039	37699096	ECSIT	XM_055239971.2	-	2	1	177	291	4	4	9	9	9	middle	middle	1.000	1.000	constitutive	constitutive	57	57	6
NC_072435.2	37698748	37699273	-2	1	-	NC_072435.2	37698750	37699096	ECSIT	XM_055239974.2	-	2	2	177	2	4	5	9	9	3	middle	middle	1.000	0.333	constitutive	alternative	57	27	3
NC_072435.2	39093819	39094596	1	1	+	NC_072435.2	39093857	39094204	GCDH	XM_055236727.2	+	1	2	38	392	3	4	7	6	6	middle	middle	0.857	0.857	alternative	alternative	143	62	5
NC_072435.2	39093819	39094596	1	1	+	NC_072435.2	39093857	39094000	GCDH	XM_063616133.1	+	1	1	38	596	3	3	7	6	6	middle	middle	0.857	0.857	alternative	alternative	143	143	1
NC_072435.2	39093819	39094596	1	1	+	NC_072435.2	39094142	39094204	GCDH	XM_063616134.1	+	1	1	323	392	3	3	7	6	6	middle	middle	0.857	0.857	alternative	alternative	62	62	1
NC_072435.2	39990588	39991011	1	1	+	NC_072435.2	39990685	39990781	C13H19orf53	XM_055238182.2	+	1	1	97	230	1	1	2	1	1	first	first	0.500	0.500	unique	unique	96	96	1
NC_072435.2	39990588	39991011	1	1	+	NC_072435.2	39990859	39991010	C13H19orf53	XM_063616484.1	+	1	1	271	1	2	2	2	1	1	middle	middle	0.500	0.500	unique	unique	151	151	1
NC_072435.2	40261170	40261743	1	1	+	NC_072435.2	40261275	40261677	IL27RA	XM_055238151.2	+	1	2	105	66	3	4	5	4	5	middle	middle	0.800	1.000	alternative	constitutive	157	157	4
NC_072435.2	40261170	40261743	1	1	+	NC_072435.2	40261520	40261677	IL27RA	XM_055238152.2	+	1	1	350	66	2	2	5	5	5	middle	middle	1.000	1.000	constitutive	constitutive	157	157	1
NC_072435.2	43620412	43620871	2	1	+	NC_072435.2	43620516	43620870	SLC27A1	XM_055239304.2	+	2	2	104	1	3	4	6	5	6	middle	middle	0.833	1.000	alternative	constitutive	161	69	5
NC_072435.2	43620412	43620871	2	1	+	NC_072435.2	43620801	43620870	SLC27A1	XM_055239308.2	+	2	1	389	1	3	3	6	6	6	middle	middle	1.000	1.000	constitutive	constitutive	69	69	1
NC_072435.2	43678357	43678837	2	1	+	NC_072435.2	43678517	43678831	NIBAN3	XM_055239299.2	+	2	2	160	6	11	12	7	5	6	middle	middle	0.714	0.857	alternative	alternative	116	107	4
NC_072435.2	43678357	43678837	2	1	+	NC_072435.2	43678517	43678633	NIBAN3	XM_055239301.2	+	2	1	160	204	11	11	7	5	5	middle	middle	0.714	0.714	alternative	alternative	116	116	1
NC_072435.2	43678357	43678837	2	1	+	NC_072435.2	43678724	43678831	NIBAN3	XM_063616336.1	+	2	1	367	6	11	11	7	6	6	middle	middle	0.857	0.857	alternative	alternative	107	107	2
NC_072435.2	44373273	44373711	-3	1	-	NC_072435.2	44373607	44373643	PDE4C	XM_055239561.2	-	3	1	68	334	3	3	5	4	4	middle	middle	0.800	0.800	alternative	alternative	36	36	4
NC_072435.2	44373273	44373711	-3	1	-	NC_072435.2	44373451	44373468	PDE4C	XM_055239565.2	-	3	1	243	178	1	1	5	1	1	first	first	0.200	0.200	unique	unique	17	17	1
NC_072435.2	45734408	45734981	3	1	+	NC_072435.2	45734511	45734853	YJEFN3	XM_055235498.1	+	3	2	103	128	5	6	3	3	2	middle	middle	1.000	0.667	constitutive	alternative	113	150	2
NC_072435.2	45734408	45734981	3	1	+	NC_072435.2	45734511	45734624	YJEFN3	XM_055235500.2	+	3	1	103	357	4	4	3	3	3	middle	middle	1.000	1.000	constitutive	constitutive	113	113	1
NC_072435.2	58729339	58729807	2	1	+	NC_072435.2	58729617	58729806	FXYD3	XM_055239619.1	+	2	2	278	1	6	7	6	4	5	middle	middle	0.667	0.833	alternative	alternative	74	36	3
NC_072435.2	58729339	58729807	2	1	+	NC_072435.2	58729530	58729806	FXYD3	XM_055239621.1	+	2	2	191	1	4	5	6	1	5	middle	middle	0.167	0.833	unique	alternative	161	36	1
NC_072435.2	58729339	58729807	2	1	+	NC_072435.2	58729617	58729806	FXYD3	XM_055239622.2	+	2	1	278	1	4	4	6	1	1	middle	middle	0.167	0.167	unique	unique	189	189	1
NC_072435.2	58729339	58729807	2	1	+	NC_072435.2	58729352	58729806	FXYD3	XM_055239623.2	+	2	3	13	1	1	3	6	1	5	first	middle	0.167	0.833	unique	alternative	114	36	1
NC_072435.2	58878498	58879254	1	1	+	NC_072435.2	58878599	58879017	USF2	XM_055236445.2	+	1	2	101	237	3	4	4	4	2	middle	middle	1.000	0.500	constitutive	alternative	118	200	2
NC_072435.2	58878498	58879254	1	1	+	NC_072435.2	58878599	58878717	USF2	XM_055236447.2	+	1	1	101	537	3	3	4	4	4	middle	middle	1.000	1.000	constitutive	constitutive	118	118	2
NC_072435.2	59166650	59167178	-1	1	-	NC_072435.2	59166828	59167073	ATP4A	XM_055240033.2	-	1	2	105	178	1	2	4	1	1	first	middle	0.250	0.250	unique	unique	11	143	1
NC_072435.2	59166650	59167178	-1	1	-	NC_072435.2	59166828	59166920	ATP4A	XM_063615049.1	-	1	1	258	178	1	1	4	2	2	first	first	0.500	0.500	alternative	alternative	92	92	2
NC_072435.2	59229660	59230083	1	1	+	NC_072435.2	59229689	59230005	RBM42	XM_055240043.2	+	1	2	29	78	5	6	4	2	1	middle	middle	0.500	0.250	alternative	unique	65	175	1
NC_072435.2	59229660	59230083	1	1	+	NC_072435.2	59229689	59230005	RBM42	XM_055240044.2	+	1	2	29	78	5	6	4	2	2	middle	middle	0.500	0.500	alternative	alternative	65	154	1
NC_072435.2	59229660	59230083	1	1	+	NC_072435.2	59229851	59230005	RBM42	XM_055240045.2	+	1	1	191	78	5	5	4	2	2	middle	middle	0.500	0.500	alternative	alternative	154	154	1
NC_072435.2	59229660	59230083	1	1	+	NC_072435.2	59229854	59230005	RBM42	XM_063615051.1	+	1	1	194	78	5	5	4	1	1	middle	middle	0.250	0.250	unique	unique	151	151	1
NC_072435.2	59341141	59341570	-2	1	-	NC_072435.2	59341425	59341558	U2AF1L4	XM_055236896.2	-	2	1	12	284	6	6	13	12	12	middle	middle	0.923	0.923	alternative	alternative	133	133	12
NC_072435.2	59341141	59341570	-2	1	-	NC_072435.2	59341222	59341558	U2AF1L4	XM_055236906.2	-	2	2	12	81	4	5	13	1	1	middle	middle	0.077	0.077	unique	unique	74	96	1
NC_072435.2	59604099	59604849	-3	1	-	NC_072435.2	59604307	59604828	SYNE4	XM_055239707.2	-	3	2	21	208	4	5	2	1	2	middle	middle	0.500	1.000	unique	constitutive	194	248	1
NC_072435.2	59604099	59604849	-3	1	-	NC_072435.2	59604307	59604555	SYNE4	XM_055239708.2	-	3	1	294	208	3	3	2	2	2	middle	middle	1.000	1.000	constitutive	constitutive	248	248	1
NC_072435.2	65194590	65194851	1	1	+	NC_072435.2	65194611	65194710	RAB3IP	XM_055236662.2	+	1	1	21	141	8	8	8	5	5	middle	middle	0.625	0.625	alternative	alternative	99	99	5
NC_072435.2	65194590	65194851	1	1	+	NC_072435.2	65194797	65194851	RAB3IP	XM_055236666.2	+	1	1	207	0	8	8	8	3	3	last	last	0.375	0.375	alternative	alternative	54	54	3
NC_072435.2	81362773	81363148	-2	1	-	NC_072435.2	81362863	81362938	MGAT4C	XM_055235452.2	-	2	1	210	90	1	1	13	3	3	first	first	0.231	0.231	alternative	alternative	75	75	3
NC_072435.2	81362773	81363148	-2	1	-	NC_072435.2	81363001	81363016	MGAT4C	XM_055235453.2	-	2	1	132	228	1	1	13	4	4	first	first	0.308	0.308	alternative	alternative	15	15	4
NC_072436.2	10454157	10454538	1	1	+	NC_072436.2	10454434	10454469	UNC13D	XM_055242098.2	+	1	1	277	69	3	3	3	3	3	middle	middle	1.000	1.000	constitutive	constitutive	35	35	2
NC_072436.2	10454157	10454538	1	1	+	NC_072436.2	10454230	10454469	UNC13D	XM_063617096.1	+	1	2	73	69	1	2	3	1	3	first	middle	0.333	1.000	unique	constitutive	59	35	1
NC_072436.2	116725299	116725830	-1	1	-	NC_072436.2	116725498	116725731	RAB26	XM_055241003.2	-	1	1	99	199	7	7	4	2	2	middle	middle	0.500	0.500	alternative	alternative	233	233	2
NC_072436.2	116725299	116725830	-1	1	-	NC_072436.2	116725300	116725731	RAB26	XM_055241004.2	-	1	2	99	1	7	9	4	1	1	middle	last	0.250	0.250	unique	unique	56	99	1
NC_072436.2	117113467	117114076	2	1	+	NC_072436.2	117113561	117113662	NME3	XM_055243305.2	+	2	1	94	414	3	3	3	2	2	middle	middle	0.667	0.667	alternative	alternative	101	101	1
NC_072436.2	117113467	117114076	2	1	+	NC_072436.2	117113561	117114076	NME3	XM_055243306.2	+	2	2	94	0	3	5	3	2	1	middle	last	0.667	0.333	alternative	unique	101	110	1
NC_072436.2	118038864	118039158	-1	1	-	NC_072436.2	118038865	118039137	CHTF18	XM_055242276.2	-	1	2	21	1	21	22	3	1	1	middle	last	0.333	0.333	unique	unique	59	131	1
NC_072436.2	118038864	118039158	-1	1	-	NC_072436.2	118039080	118039137	CHTF18	XM_063616967.1	-	1	1	21	216	21	21	3	2	2	middle	middle	0.667	0.667	alternative	alternative	57	57	2
NC_072436.2	118158239	118158623	-2	1	-	NC_072436.2	118158381	118158481	RHBDL1	XM_055243780.2	-	2	1	142	142	5	5	5	4	4	middle	middle	0.800	0.800	alternative	alternative	100	100	4
NC_072436.2	118158239	118158623	-2	1	-	NC_072436.2	118158241	118158301	RHBDL1	XM_055243783.2	-	2	1	322	2	5	5	5	1	1	middle	middle	0.200	0.200	unique	unique	60	60	1
NC_072436.2	118164962	118165421	-2	1	-	NC_072436.2	118164999	118165316	RHOT2	XM_055243767.2	-	2	2	105	37	9	10	20	20	18	middle	middle	1.000	0.900	constitutive	alternative	101	98	18
NC_072436.2	118164962	118165421	-2	1	-	NC_072436.2	118165215	118165316	RHOT2	XM_055243772.2	-	2	1	105	253	8	8	20	20	20	middle	middle	1.000	1.000	constitutive	constitutive	101	101	2
NC_072436.2	118165339	118165636	-3	1	-	NC_072436.2	118165430	118165538	RHOT2	XM_055243767.2	-	3	1	98	91	8	8	20	14	14	middle	middle	0.700	0.700	alternative	alternative	108	108	14
NC_072436.2	118165339	118165636	-3	1	-	NC_072436.2	118165430	118165636	RHOT2	XM_055243775.1	-	3	2	0	91	1	2	20	4	4	first	middle	0.200	0.200	alternative	alternative	24	91	4
NC_072436.2	118165339	118165636	-3	1	-	NC_072436.2	118165430	118165486	RHOT2	XM_063616994.1	-	3	1	150	91	1	1	20	2	2	first	first	0.100	0.100	alternative	alternative	56	56	2
NC_072436.2	118203656	118204058	3	1	+	NC_072436.2	118203939	118204017	METTL26	XM_055242257.1	+	3	1	283	41	4	4	9	2	2	middle	middle	0.222	0.222	alternative	alternative	78	78	2
NC_072436.2	118203656	118204058	3	1	+	NC_072436.2	118203780	118203847	METTL26	XM_055242258.2	+	3	1	124	211	4	4	9	3	3	middle	middle	0.333	0.333	alternative	alternative	67	67	3
NC_072436.2	118203656	118204058	3	1	+	NC_072436.2	118203674	118203847	METTL26	XM_055242260.1	+	3	1	18	211	3	3	9	1	1	middle	middle	0.111	0.111	unique	unique	173	173	1
NC_072436.2	118286486	118287029	-2	1	-	NC_072436.2	118286734	118286912	CAPN15	XM_055242221.2	-	2	1	117	248	11	11	6	6	6	middle	middle	1.000	1.000	constitutive	constitutive	178	178	5
NC_072436.2	118286486	118287029	-2	1	-	NC_072436.2	118286487	118286912	CAPN15	XM_055242223.2	-	2	2	117	1	12	13	6	6	1	middle	last	1.000	0.167	constitutive	unique	178	6	1
NC_072436.2	118568276	118569350	3	1	+	NC_072436.2	118568352	118569151	RGS11	XM_055243055.2	+	3	2	76	199	1	2	16	9	9	first	middle	0.562	0.562	alternative	alternative	497	106	9
NC_072436.2	118568276	118569350	3	1	+	NC_072436.2	118568352	118568730	RGS11	XM_055243058.2	+	3	1	76	620	1	1	16	3	3	first	first	0.188	0.188	alternative	alternative	378	378	3
NC_072436.2	118568276	118569350	3	1	+	NC_072436.2	118568634	118568730	RGS11	XM_055243066.2	+	3	1	358	620	2	2	16	4	4	middle	middle	0.250	0.250	alternative	alternative	96	96	3
NC_072436.2	118568276	118569350	3	1	+	NC_072436.2	118568634	118568730	RGS11	XM_055243069.2	+	3	1	358	620	1	1	16	4	4	first	first	0.250	0.250	alternative	alternative	96	96	1
NC_072436.2	118570863	118571634	1	1	+	NC_072436.2	118571236	118571304	RGS11	XM_055243055.2	+	1	1	373	330	6	6	16	8	8	middle	middle	0.500	0.500	alternative	alternative	68	68	8
NC_072436.2	118570863	118571634	1	1	+	NC_072436.2	118571236	118571524	RGS11	XM_055243070.2	+	1	1	373	110	6	6	16	2	2	middle	middle	0.125	0.125	alternative	alternative	288	288	2
NC_072436.2	118570863	118571634	1	1	+	NC_072436.2	118571525	118571634	RGS11	XM_063617023.1	+	1	1	662	0	7	7	16	1	1	last	last	0.062	0.062	unique	unique	109	109	1
NC_072436.2	12140895	12141567	1	1	+	NC_072436.2	12140988	12141566	TMC8	XM_055243500.2	+	1	2	93	1	9	10	16	14	16	middle	middle	0.875	1.000	alternative	constitutive	123	97	14
NC_072436.2	12140895	12141567	1	1	+	NC_072436.2	12141469	12141566	TMC8	XM_063617232.1	+	1	1	574	1	9	9	16	16	16	middle	middle	1.000	1.000	constitutive	constitutive	97	97	2
NC_072436.2	12211829	12212336	3	1	+	NC_072436.2	12212117	12212214	AFMID	XM_055240746.2	+	3	1	288	122	8	8	15	10	10	middle	middle	0.667	0.667	alternative	alternative	97	97	10
NC_072436.2	12211829	12212336	3	1	+	NC_072436.2	12211853	12211925	AFMID	XM_063617262.1	+	3	1	24	411	5	5	15	3	3	middle	middle	0.200	0.200	alternative	alternative	72	72	3
NC_072436.2	15202468	15202846	-3	1	-	NC_072436.2	15202763	15202823	CEP131	XM_055241435.2	-	3	1	23	295	25	25	48	31	31	middle	middle	0.646	0.646	alternative	alternative	60	60	31
NC_072436.2	15202468	15202846	-3	1	-	NC_072436.2	15202469	15202692	CEP131	XM_063617272.1	-	3	1	154	1	26	26	48	17	17	last	last	0.354	0.354	alternative	alternative	223	223	17
NC_072436.2	15415736	15416966	3	1	+	NC_072436.2	15415948	15416664	BAHCC1	XM_055241425.2	+	3	2	212	302	2	3	5	3	3	middle	middle	0.600	0.600	alternative	alternative	119	383	3
NC_072436.2	15415736	15416966	3	1	+	NC_072436.2	15416487	15416664	BAHCC1	XM_055241430.2	+	3	1	751	302	1	1	5	1	1	first	first	0.200	0.200	unique	unique	177	177	1
NC_072436.2	15865159	15865609	-3	1	-	NC_072436.2	15865209	15865591	PCYT2	XM_055241231.2	-	3	2	18	50	12	13	4	3	4	middle	middle	0.750	1.000	alternative	constitutive	65	88	3
NC_072436.2	15865159	15865609	-3	1	-	NC_072436.2	15865209	15865297	PCYT2	XM_055241233.2	-	3	1	312	50	11	11	4	4	4	middle	middle	1.000	1.000	constitutive	constitutive	88	88	1
NC_072436.2	15983500	15983758	-3	1	-	NC_072436.2	15983707	15983758	CENPX	XM_055241487.2	-	3	1	0	207	2	2	7	5	5	middle	middle	0.714	0.714	alternative	alternative	51	51	5
NC_072436.2	15983500	15983758	-3	1	-	NC_072436.2	15983502	15983758	CENPX	XM_063616547.1	-	3	2	0	2	2	3	7	2	2	middle	middle	0.286	0.286	alternative	alternative	64	53	2
NC_072436.2	25767998	25768400	3	1	+	NC_072436.2	25768209	25768262	WBP1	XM_055241725.2	+	3	1	211	138	1	1	7	2	2	first	first	0.286	0.286	alternative	alternative	53	53	2
NC_072436.2	25767998	25768400	3	1	+	NC_072436.2	25768017	25768064	WBP1	XM_055241728.2	+	3	1	19	336	1	1	7	1	1	first	first	0.143	0.143	unique	unique	47	47	1
NC_072436.2	25866134	25866743	3	1	+	NC_072436.2	25866137	25866654	DOK1	XM_055240653.2	+	3	2	3	89	2	3	6	1	4	middle	middle	0.167	0.667	unique	alternative	297	93	1
NC_072436.2	25866134	25866743	3	1	+	NC_072436.2	25866135	25866654	DOK1	XM_055240654.2	+	3	2	1	89	2	3	6	3	4	middle	middle	0.500	0.667	alternative	alternative	299	93	3
NC_072436.2	25866134	25866743	3	1	+	NC_072436.2	25866618	25866654	DOK1	XM_063616587.1	+	3	1	484	89	1	1	6	1	1	first	first	0.167	0.167	unique	unique	36	36	1
NC_072436.2	65625572	65626358	-2	1	-	NC_072436.2	65625938	65626223	RASD1	XM_055241093.2	-	2	1	135	366	1	1	2	2	2	first	first	1.000	1.000	constitutive	constitutive	285	285	1
NC_072436.2	65625572	65626358	-2	1	-	NC_072436.2	65625573	65626223	RASD1	XM_055241094.2	-	2	2	135	1	1	2	2	2	1	first	last	1.000	0.500	constitutive	unique	285	79	1
NC_072436.2	75377109	75378807	-1	1	-	NC_072436.2	75377272	75378798	CEP68	XM_055240378.2	-	1	1	9	163	2	2	4	4	4	middle	middle	1.000	1.000	constitutive	constitutive	1526	1526	3
NC_072436.2	75377109	75378807	-1	1	-	NC_072436.2	75377111	75378798	CEP68	XM_063617901.1	-	1	2	9	2	2	3	4	4	1	middle	middle	1.000	0.250	constitutive	unique	1526	46	1
NC_072437.2	6733420	6734980	-1	1	-	NC_072437.2	6733421	6733697	LOC134732589	XM_063618559.1	-	1	1	1283	1	2	2	16	5	5	last	last	0.312	0.312	alternative	alternative	276	276	5
NC_072437.2	6733420	6734980	-1	1	-	NC_072437.2	6733421	6734701	LOC134732589	XM_063618566.1	-	1	2	279	1	1	2	16	1	1	first	last	0.062	0.062	unique	unique	269	968	1
NC_072437.2	6733420	6734980	-1	1	-	NC_072437.2	6733421	6733949	LOC134732589	XM_063618571.1	-	1	1	1031	1	3	3	16	1	1	last	last	0.062	0.062	unique	unique	528	528	1
NC_072437.2	6733420	6734980	-1	1	-	NC_072437.2	6733889	6733939	LOC134732589	XM_063618576.1	-	1	1	1041	469	2	2	16	1	1	middle	middle	0.062	0.062	unique	unique	50	50	1
NC_072437.2	68756893	68757538	-1	1	-	NC_072437.2	68756971	68757022	CKAP2	XM_055244417.2	-	1	1	516	78	1	1	14	3	3	first	first	0.214	0.214	alternative	alternative	51	51	3
NC_072437.2	68756893	68757538	-1	1	-	NC_072437.2	68757415	68757484	CKAP2	XM_055244420.2	-	1	1	54	522	1	1	14	9	9	first	first	0.643	0.643	alternative	alternative	69	69	9
NC_072437.2	7294085	7294415	-3	1	-	NC_072437.2	7294137	7294227	MCF2L	XM_055245304.2	-	3	1	188	52	4	4	32	17	17	middle	middle	0.531	0.531	alternative	alternative	90	90	16
NC_072437.2	7294085	7294415	-3	1	-	NC_072437.2	7294137	7294338	MCF2L	XM_063618533.1	-	3	1	77	52	4	4	32	14	14	middle	middle	0.438	0.438	alternative	alternative	201	201	14
NC_072437.2	7294085	7294415	-3	1	-	NC_072437.2	7294137	7294415	MCF2L	XM_063618548.1	-	3	2	0	52	1	2	32	1	17	first	middle	0.031	0.531	unique	alternative	67	90	1
NC_072438.2	10216651	10217566	-1	1	-	NC_072438.2	10216766	10216888	GAK	XM_055245958.2	-	1	1	678	115	14	14	26	26	26	middle	middle	1.000	1.000	constitutive	constitutive	122	122	14
NC_072438.2	10216651	10217566	-1	1	-	NC_072438.2	10216766	10217161	GAK	XM_063619334.1	-	1	2	405	115	14	15	26	12	26	middle	middle	0.462	1.000	alternative	constitutive	194	122	12
NC_072438.2	10334471	10334849	3	1	+	NC_072438.2	10334532	10334812	IDUA	XM_055246638.2	+	3	2	61	37	10	11	4	3	4	middle	middle	0.750	1.000	alternative	constitutive	125	76	3
NC_072438.2	10334471	10334849	3	1	+	NC_072438.2	10334736	10334812	IDUA	XM_063619358.1	+	3	1	265	37	11	11	4	4	4	middle	middle	1.000	1.000	constitutive	constitutive	76	76	1
NC_072438.2	11004375	11004936	-2	1	-	NC_072438.2	11004478	11004637	TMEM129	XM_055245483.2	-	2	1	299	103	3	3	2	1	1	middle	middle	0.500	0.500	unique	unique	159	159	1
NC_072438.2	11004375	11004936	-2	1	-	NC_072438.2	11004376	11004391	TMEM129	XM_055245484.2	-	2	1	545	1	3	3	2	1	1	last	last	0.500	0.500	unique	unique	15	15	1
NC_072438.2	33590199	33591540	-2	1	-	NC_072438.2	33590356	33590520	SEL1L3	XM_055245886.2	-	2	1	1020	157	1	1	6	5	5	first	first	0.833	0.833	alternative	alternative	164	164	5
NC_072438.2	33590199	33591540	-2	1	-	NC_072438.2	33591130	33591192	SEL1L3	XM_055245889.2	-	2	1	348	931	1	1	6	1	1	first	first	0.167	0.167	unique	unique	62	62	1
NC_072439.2	10564537	10565323	-3	1	-	NC_072439.2	10565174	10565248	LOC129466804	XM_063620015.1	-	3	1	75	637	1	1	4	3	3	first	first	0.750	0.750	alternative	alternative	74	74	3
NC_072439.2	10564537	10565323	-3	1	-	NC_072439.2	10564538	10565248	LOC129466804	XM_063620016.1	-	3	2	75	1	1	2	4	1	1	first	last	0.250	0.250	unique	unique	375	301	1
NC_072439.2	10783920	10784976	1	1	+	NC_072439.2	10784155	10784964	GPX4	XM_055248288.1	+	1	2	235	12	4	6	3	2	2	middle	middle	0.667	0.667	alternative	alternative	151	59	2
NC_072439.2	10783920	10784976	1	1	+	NC_072439.2	10784155	10784326	GPX4	XM_063620600.1	+	1	1	235	650	4	4	3	1	1	middle	middle	0.333	0.333	unique	unique	171	171	1
NC_072439.2	10784590	10784932	2	1	+	NC_072439.2	10784734	10784758	GPX4	XM_055248288.1	+	2	1	144	174	5	5	3	2	2	middle	middle	0.667	0.667	alternative	alternative	24	24	2
NC_072439.2	10784590	10784932	2	1	+	NC_072439.2	10784883	10784932	GPX4	XM_063620600.1	+	2	1	293	0	5	5	3	1	1	last	last	0.333	0.333	unique	unique	49	49	1
NC_072439.2	10935468	10936242	1	1	+	NC_072439.2	10935628	10936155	MIDN	XM_055248274.2	+	1	2	160	87	4	5	5	2	5	middle	middle	0.400	1.000	alternative	constitutive	128	314	2
NC_072439.2	10935468	10936242	1	1	+	NC_072439.2	10935841	10936155	MIDN	XM_055248276.2	+	1	1	373	87	4	4	5	5	5	middle	middle	1.000	1.000	constitutive	constitutive	314	314	3
NC_072439.2	13006394	13006820	3	1	+	NC_072439.2	13006600	13006683	CELF5	XM_055248334.2	+	3	1	206	137	10	10	26	21	21	middle	middle	0.808	0.808	alternative	alternative	83	83	16
NC_072439.2	13006394	13006820	3	1	+	NC_072439.2	13006613	13006683	CELF5	XM_055248337.2	+	3	1	219	137	11	11	26	5	5	middle	middle	0.192	0.192	alternative	alternative	70	70	5
NC_072439.2	13006394	13006820	3	1	+	NC_072439.2	13006543	13006683	CELF5	XM_055248338.2	+	3	2	149	137	10	11	26	5	21	middle	middle	0.192	0.808	alternative	alternative	2	83	5
NC_072439.2	13761238	13761907	2	1	+	NC_072439.2	13761409	13761907	PIAS4	XM_055247292.2	+	2	2	171	0	10	11	3	3	2	middle	last	1.000	0.667	constitutive	alternative	130	256	2
NC_072439.2	13761238	13761907	2	1	+	NC_072439.2	13761409	13761539	PIAS4	XM_055247294.2	+	2	1	171	368	10	10	3	3	3	middle	middle	1.000	1.000	constitutive	constitutive	130	130	1
NC_072439.2	14047847	14048087	3	1	+	NC_072439.2	14048066	14048087	FSD1	XM_055249616.2	+	3	1	219	0	13	13	3	1	1	last	last	0.333	0.333	unique	unique	21	21	1
NC_072439.2	14047847	14048087	3	1	+	NC_072439.2	14047882	14047970	FSD1	XM_055250454.2	+	3	1	35	117	12	12	3	2	2	middle	middle	0.667	0.667	alternative	alternative	88	88	2
NC_072439.2	14081222	14081663	3	1	+	NC_072439.2	14081331	14081555	MPND	XM_055249608.2	+	3	2	109	108	7	8	3	1	2	middle	middle	0.333	0.667	unique	alternative	72	76	1
NC_072439.2	14081222	14081663	3	1	+	NC_072439.2	14081479	14081555	MPND	XM_055249612.2	+	3	1	257	108	5	5	3	2	2	middle	middle	0.667	0.667	alternative	alternative	76	76	1
NC_072439.2	15425642	15426611	3	1	+	NC_072439.2	15425693	15426470	LOC129466406	XM_055249884.2	+	3	2	51	141	4	6	12	2	2	middle	middle	0.167	0.167	alternative	alternative	91	165	2
NC_072439.2	15425642	15426611	3	1	+	NC_072439.2	15426084	15426177	LOC129466406	XM_055249890.1	+	3	1	442	434	5	5	12	5	5	middle	middle	0.417	0.417	alternative	alternative	93	93	5
NC_072439.2	15425642	15426611	3	1	+	NC_072439.2	15426084	15426470	LOC129466406	XM_063620781.1	+	3	1	442	141	5	5	12	4	4	middle	middle	0.333	0.333	alternative	alternative	386	386	4
NC_072439.2	15429062	15429800	3	1	+	NC_072439.2	15429615	15429707	LOC129466406	XM_055250020.2	+	3	1	553	93	1	1	12	1	1	first	first	0.083	0.083	unique	unique	92	92	1
NC_072439.2	15429062	15429800	3	1	+	NC_072439.2	15429138	15429707	LOC129466406	XM_063620781.1	+	3	2	76	93	6	7	12	3	3	middle	middle	0.250	0.250	alternative	alternative	369	94	3
NC_072439.2	15429062	15429800	3	1	+	NC_072439.2	15429138	15429434	LOC129466406	XM_063620785.1	+	3	1	76	366	6	6	12	1	1	middle	middle	0.083	0.083	unique	unique	296	296	1
NC_072439.2	15720271	15720991	-3	1	-	NC_072439.2	15720491	15720973	PPP5C	XM_055249882.2	-	3	2	18	220	5	6	2	1	2	middle	middle	0.500	1.000	unique	constitutive	65	98	1
NC_072439.2	15720271	15720991	-3	1	-	NC_072439.2	15720491	15720589	PPP5C	XM_055249883.2	-	3	1	402	220	5	5	2	2	2	middle	middle	1.000	1.000	constitutive	constitutive	98	98	1
NC_072439.2	16905798	16906656	1	1	+	NC_072439.2	16906459	16906552	TRAPPC6A	XM_055251197.2	+	1	1	661	104	5	5	11	4	4	middle	middle	0.364	0.364	alternative	alternative	93	93	4
NC_072439.2	16905798	16906656	1	1	+	NC_072439.2	16906183	16906303	TRAPPC6A	XM_055251198.2	+	1	1	385	353	4	4	11	2	2	middle	middle	0.182	0.182	alternative	alternative	120	120	2
NC_072439.2	16905798	16906656	1	1	+	NC_072439.2	16906220	16906303	TRAPPC6A	XM_055251200.2	+	1	1	422	353	4	4	11	4	4	middle	middle	0.364	0.364	alternative	alternative	83	83	4
NC_072439.2	18636244	18636676	2	1	+	NC_072439.2	18636444	18636592	ETHE1	XM_055249337.2	+	2	1	200	84	3	3	4	1	1	middle	middle	0.250	0.250	unique	unique	148	148	1
NC_072439.2	18636244	18636676	2	1	+	NC_072439.2	18636477	18636592	ETHE1	XM_055249338.2	+	2	1	233	84	3	3	4	1	1	middle	middle	0.250	0.250	unique	unique	115	115	1
NC_072439.2	18636244	18636676	2	1	+	NC_072439.2	18636272	18636277	ETHE1	XM_055249340.2	+	2	1	28	399	1	1	4	1	1	first	first	0.250	0.250	unique	unique	5	5	1
NC_072439.2	22563988	22564336	-3	1	-	NC_072439.2	22563989	22564231	SELENOV	XM_055247948.2	-	3	2	105	1	4	5	5	2	2	middle	last	0.400	0.400	alternative	alternative	74	74	1
NC_072439.2	22563988	22564336	-3	1	-	NC_072439.2	22563989	22564063	SELENOV	XM_055247950.2	-	3	1	273	1	4	4	5	2	2	last	last	0.400	0.400	alternative	alternative	74	74	1
NC_072439.2	22563988	22564336	-3	1	-	NC_072439.2	22563990	22564231	SELENOV	XM_063621203.1	-	3	2	105	2	4	5	5	2	2	middle	middle	0.400	0.400	alternative	alternative	74	73	1
NC_072439.2	22563988	22564336	-3	1	-	NC_072439.2	22563990	22564063	SELENOV	XM_063621204.1	-	3	1	273	2	4	4	5	2	2	middle	middle	0.400	0.400	alternative	alternative	73	73	1
NC_072439.2	22701179	22701827	3	1	+	NC_072439.2	22701243	22701827	PAF1	XM_055251407.2	+	3	2	64	0	13	14	7	7	5	middle	last	1.000	0.714	constitutive	alternative	90	415	5
NC_072439.2	22701179	22701827	3	1	+	NC_072439.2	22701243	22701333	PAF1	XM_055251410.2	+	3	1	64	494	12	12	7	7	7	middle	middle	1.000	1.000	constitutive	constitutive	90	90	2
NC_072439.2	22868221	22868548	-3	1	-	NC_072439.2	22868405	22868472	ACP7	XM_055250550.2	-	3	1	76	184	9	9	4	3	3	middle	middle	0.750	0.750	alternative	alternative	67	67	3
NC_072439.2	22868221	22868548	-3	1	-	NC_072439.2	22868223	22868294	ACP7	XM_063621199.1	-	3	1	254	2	9	9	4	1	1	middle	middle	0.250	0.250	unique	unique	71	71	1
NC_072439.2	23226054	23227230	-1	1	-	NC_072439.2	23226676	23227113	ACTN4	XM_055250961.2	-	1	2	117	622	19	20	14	8	6	middle	middle	0.571	0.429	alternative	alternative	80	65	2
NC_072439.2	23226054	23227230	-1	1	-	NC_072439.2	23227033	23227113	ACTN4	XM_055250962.2	-	1	1	117	979	19	19	14	8	8	middle	middle	0.571	0.571	alternative	alternative	80	80	6
NC_072439.2	23226054	23227230	-1	1	-	NC_072439.2	23226676	23226741	ACTN4	XM_055250964.2	-	1	1	489	622	19	19	14	6	6	middle	middle	0.429	0.429	alternative	alternative	65	65	4
NC_072439.2	23592032	23592494	-2	1	-	NC_072439.2	23592317	23592473	CATSPERG	XM_055248055.2	-	2	1	21	285	22	22	11	11	11	middle	middle	1.000	1.000	constitutive	constitutive	156	156	10
NC_072439.2	23592032	23592494	-2	1	-	NC_072439.2	23592057	23592473	CATSPERG	XM_055248060.2	-	2	2	21	25	22	23	11	11	1	middle	middle	1.000	0.091	constitutive	unique	156	118	1
NC_072439.2	32145231	32145702	1	1	+	NC_072439.2	32145260	32145693	B4GALNT1	XM_055248020.2	+	1	2	29	9	6	7	8	6	8	middle	middle	0.750	1.000	alternative	constitutive	98	190	6
NC_072439.2	32145231	32145702	1	1	+	NC_072439.2	32145503	32145693	B4GALNT1	XM_055248025.2	+	1	1	272	9	6	6	8	8	8	middle	middle	1.000	1.000	constitutive	constitutive	190	190	2
NC_072439.2	33876773	33877769	-2	1	-	NC_072439.2	33876942	33877420	DGKA	XM_055247563.2	-	2	2	349	169	6	7	12	9	10	middle	middle	0.750	0.833	alternative	alternative	49	74	8
NC_072439.2	33876773	33877769	-2	1	-	NC_072439.2	33876942	33877138	DGKA	XM_055247571.2	-	2	1	631	169	2	2	12	1	1	middle	middle	0.083	0.083	unique	unique	196	196	1
NC_072439.2	33876773	33877769	-2	1	-	NC_072439.2	33876942	33877420	DGKA	XM_063621400.1	-	2	2	349	169	5	6	12	1	10	middle	middle	0.083	0.833	unique	alternative	187	74	1
NC_072439.2	33876773	33877769	-2	1	-	NC_072439.2	33876942	33877420	DGKA	XM_063621402.1	-	2	2	349	169	5	6	12	9	1	middle	middle	0.750	0.083	alternative	unique	49	50	1
NC_072439.2	33876773	33877769	-2	1	-	NC_072439.2	33876942	33877293	DGKA	XM_063621406.1	-	2	2	476	169	2	3	12	1	10	middle	middle	0.083	0.833	unique	alternative	60	74	1
NC_072439.2	33879775	33880078	-3	1	-	NC_072439.2	33879791	33879874	DGKA	XM_055247563.2	-	3	1	204	16	1	1	12	1	1	first	first	0.083	0.083	unique	unique	83	83	1
NC_072439.2	33879775	33880078	-3	1	-	NC_072439.2	33879968	33880000	DGKA	XM_055247564.2	-	3	1	78	193	1	1	12	1	1	first	first	0.083	0.083	unique	unique	32	32	1
NC_072439.2	36550269	36550668	1	1	+	NC_072439.2	36550453	36550667	KRT78	XM_055250593.2	+	1	1	184	1	2	2	2	2	2	middle	middle	1.000	1.000	constitutive	constitutive	214	214	1
NC_072439.2	36550269	36550668	1	1	+	NC_072439.2	36550303	36550667	KRT78	XM_055250594.2	+	1	2	34	1	1	2	2	1	2	first	middle	0.500	1.000	unique	constitutive	53	214	1
NC_072439.2	37226163	37226625	1	1	+	NC_072439.2	37226313	37226625	KRT80	XM_055248791.1	+	1	2	150	0	8	9	2	2	1	middle	last	1.000	0.500	constitutive	unique	55	121	1
NC_072439.2	37226163	37226625	1	1	+	NC_072439.2	37226313	37226368	KRT80	XM_055248792.1	+	1	1	150	257	8	8	2	2	2	middle	middle	1.000	1.000	constitutive	constitutive	55	55	1
NC_072439.2	97691921	97693709	3	1	+	NC_072439.2	97692079	97693670	TNK2	XM_063622066.1	+	3	2	158	39	13	14	49	49	36	middle	middle	1.000	0.735	constitutive	alternative	1399	95	36
NC_072439.2	97691921	97693709	3	1	+	NC_072439.2	97692079	97693670	TNK2	XM_063622067.1	+	3	2	158	39	13	14	49	49	5	middle	middle	1.000	0.102	constitutive	alternative	1399	89	5
NC_072439.2	97691921	97693709	3	1	+	NC_072439.2	97692079	97693478	TNK2	XM_063622072.1	+	3	1	158	231	13	13	49	49	49	middle	middle	1.000	1.000	constitutive	constitutive	1399	1399	7
NC_072439.2	97691921	97693709	3	1	+	NC_072439.2	97692079	97693709	TNK2	XM_063622110.1	+	3	2	158	0	13	14	49	49	1	middle	last	1.000	0.020	constitutive	unique	1399	5	1
NC_072440.2	100528182	100528596	-1	1	-	NC_072440.2	100528285	100528377	LPIN1	XM_055251548.2	-	1	1	219	103	14	14	10	10	10	middle	middle	1.000	1.000	constitutive	constitutive	92	92	9
NC_072440.2	100528182	100528596	-1	1	-	NC_072440.2	100528285	100528584	LPIN1	XM_055251553.2	-	1	2	12	103	11	12	10	1	10	middle	middle	0.100	1.000	unique	constitutive	77	92	1
NC_072440.2	15817701	15818310	1	1	+	NC_072440.2	15818077	15818286	PNPLA5	XM_055252520.2	+	1	1	376	24	4	4	3	1	1	middle	middle	0.333	0.333	unique	unique	209	209	1
NC_072440.2	15817701	15818310	1	1	+	NC_072440.2	15818106	15818286	PNPLA5	XM_055252521.2	+	1	1	405	24	2	2	3	2	2	middle	middle	0.667	0.667	alternative	alternative	180	180	1
NC_072440.2	15817701	15818310	1	1	+	NC_072440.2	15817702	15818286	PNPLA5	XM_055252522.2	+	1	2	1	24	1	2	3	1	2	first	middle	0.333	0.667	unique	alternative	118	180	1
NC_072440.2	65982879	65984049	1	1	+	NC_072440.2	65983242	65983585	P2RX6	XM_055252330.2	+	1	2	363	464	7	8	9	1	1	middle	middle	0.111	0.111	unique	unique	145	89	1
NC_072440.2	65982879	65984049	1	1	+	NC_072440.2	65983242	65983383	P2RX6	XM_055252331.2	+	1	1	363	666	7	7	9	8	8	middle	middle	0.889	0.889	alternative	alternative	141	141	8
NC_072440.2	67439421	67439799	-1	1	-	NC_072440.2	67439455	67439763	INPP5J	XM_055252803.2	-	1	2	36	34	11	12	9	8	9	middle	middle	0.889	1.000	alternative	constitutive	77	104	8
NC_072440.2	67439421	67439799	-1	1	-	NC_072440.2	67439455	67439559	INPP5J	XM_063623536.1	-	1	1	240	34	11	11	9	9	9	middle	middle	1.000	1.000	constitutive	constitutive	104	104	1
NC_072440.2	75162191	75162470	3	1	+	NC_072440.2	75162297	75162332	LOC129468189	XM_063623763.1	+	3	1	106	138	7	7	5	2	2	middle	middle	0.400	0.400	alternative	alternative	35	35	1
NC_072440.2	75162191	75162470	3	1	+	NC_072440.2	75162297	75162469	LOC129468189	XM_063623764.1	+	3	2	106	1	6	7	5	2	1	middle	middle	0.400	0.200	alternative	unique	35	61	1
NC_072440.2	84756450	84756696	1	1	+	NC_072440.2	84756472	84756558	IFT172	XM_055252182.2	+	1	1	22	138	39	39	6	5	5	middle	middle	0.833	0.833	alternative	alternative	86	86	5
NC_072440.2	84756450	84756696	1	1	+	NC_072440.2	84756583	84756696	IFT172	XM_055252189.2	+	1	1	133	0	39	39	6	1	1	last	last	0.167	0.167	unique	unique	113	113	1
NC_072440.2	9434614	9435514	2	1	+	NC_072440.2	9434807	9434917	SBF1	XM_055254143.2	+	2	1	193	597	5	5	5	5	5	middle	middle	1.000	1.000	constitutive	constitutive	110	110	4
NC_072440.2	9434614	9435514	2	1	+	NC_072440.2	9434807	9435277	SBF1	XM_063622413.1	+	2	2	193	237	5	6	5	5	1	middle	middle	1.000	0.200	constitutive	unique	110	23	1
NC_072440.2	9657278	9657635	3	1	+	NC_072440.2	9657297	9657362	HDAC10	XM_055254292.2	+	3	1	19	273	8	8	12	9	9	middle	middle	0.750	0.750	alternative	alternative	65	65	8
NC_072440.2	9657278	9657635	3	1	+	NC_072440.2	9657297	9657634	HDAC10	XM_063622462.1	+	3	2	19	1	8	9	12	9	2	middle	middle	0.750	0.167	alternative	alternative	65	28	1
NC_072440.2	9657278	9657635	3	1	+	NC_072440.2	9657575	9657634	HDAC10	XM_063622463.1	+	3	1	297	1	8	8	12	2	2	middle	middle	0.167	0.167	alternative	alternative	59	59	2
NC_072440.2	9657278	9657635	3	1	+	NC_072440.2	9657606	9657634	HDAC10	XM_063622464.1	+	3	1	328	1	8	8	12	2	2	middle	middle	0.167	0.167	alternative	alternative	28	28	1
NC_072440.2	9686187	9686712	1	1	+	NC_072440.2	9686287	9686711	TUBGCP6	XM_055254289.2	+	1	2	100	1	22	23	5	4	3	middle	middle	0.800	0.600	alternative	alternative	132	213	3
NC_072440.2	9686187	9686712	1	1	+	NC_072440.2	9686287	9686419	TUBGCP6	XM_063622456.1	+	1	1	100	293	22	22	5	4	4	middle	middle	0.800	0.800	alternative	alternative	132	132	1
NC_072440.2	9686462	9687050	3	1	+	NC_072440.2	9686783	9686982	TUBGCP6	XM_055254290.2	+	3	1	321	68	24	24	5	2	2	middle	middle	0.400	0.400	alternative	alternative	199	199	2
NC_072440.2	9686462	9687050	3	1	+	NC_072440.2	9686530	9686711	TUBGCP6	XM_063622456.1	+	3	1	68	339	23	23	5	1	1	middle	middle	0.200	0.200	unique	unique	181	181	1
NC_072440.2	9867037	9867205	2	1	+	NC_072440.2	9867106	9867128	TTLL8	XM_055253330.2	+	2	1	69	77	13	13	7	1	1	middle	middle	0.143	0.143	unique	unique	22	22	1
NC_072440.2	9867037	9867205	2	1	+	NC_072440.2	9867129	9867205	TTLL8	XM_055253331.2	+	2	1	92	0	13	13	7	1	1	last	last	0.143	0.143	unique	unique	76	76	1
NC_072441.2	129789228	129789711	-3	1	-	NC_072441.2	129789310	129789666	SLC5A9	XM_055254869.2	-	3	2	45	82	4	5	2	1	2	middle	middle	0.500	1.000	unique	constitutive	74	164	1
NC_072441.2	129789228	129789711	-3	1	-	NC_072441.2	129789310	129789474	SLC5A9	XM_055254870.2	-	3	1	237	82	4	4	2	2	2	middle	middle	1.000	1.000	constitutive	constitutive	164	164	1
NC_072441.2	133288163	133288820	3	1	+	NC_072441.2	133288554	133288688	ERI3	XM_055255340.2	+	3	1	391	132	1	1	16	6	6	first	first	0.375	0.375	alternative	alternative	134	134	6
NC_072441.2	133288163	133288820	3	1	+	NC_072441.2	133288179	133288320	ERI3	XM_063627700.1	+	3	1	16	500	1	1	16	1	1	first	first	0.062	0.062	unique	unique	141	141	1
NC_072441.2	133657841	133658360	-1	1	-	NC_072441.2	133657843	133658270	CCDC24	XM_055254736.2	-	1	2	90	2	2	3	38	7	37	middle	middle	0.184	0.974	alternative	alternative	214	116	7
NC_072441.2	133657841	133658360	-1	1	-	NC_072441.2	133657843	133658282	CCDC24	XM_055254737.2	-	1	2	78	2	2	3	38	8	37	middle	middle	0.211	0.974	alternative	alternative	226	116	8
NC_072441.2	133657841	133658360	-1	1	-	NC_072441.2	133657843	133658270	CCDC24	XM_055254744.2	-	1	2	90	2	2	3	38	8	37	middle	middle	0.211	0.974	alternative	alternative	175	116	7
NC_072441.2	133657841	133658360	-1	1	-	NC_072441.2	133657843	133658162	CCDC24	XM_055254746.2	-	1	2	198	2	2	3	38	4	37	middle	middle	0.105	0.974	alternative	alternative	106	116	4
NC_072441.2	133657841	133658360	-1	1	-	NC_072441.2	133657843	133658162	CCDC24	XM_055254747.2	-	1	2	198	2	2	3	38	3	37	middle	middle	0.079	0.974	alternative	alternative	67	116	3
NC_072441.2	133657841	133658360	-1	1	-	NC_072441.2	133657843	133658282	CCDC24	XM_063627715.1	-	1	2	78	2	2	3	38	7	37	middle	middle	0.184	0.974	alternative	alternative	187	116	7
NC_072441.2	133657841	133658360	-1	1	-	NC_072441.2	133657843	133658264	CCDC24	XM_063627734.1	-	1	2	96	2	1	2	38	1	37	first	middle	0.026	0.974	unique	alternative	208	116	1
NC_072441.2	133657841	133658360	-1	1	-	NC_072441.2	133658095	133658270	CCDC24	XM_063627742.1	-	1	1	90	254	2	2	38	8	8	middle	middle	0.211	0.211	alternative	alternative	175	175	1
NC_072441.2	133683456	133683849	-3	1	-	NC_072441.2	133683532	133683827	IPO13	XM_055254924.2	-	3	2	22	76	17	18	2	2	1	middle	middle	1.000	0.500	constitutive	unique	58	89	1
NC_072441.2	133683456	133683849	-3	1	-	NC_072441.2	133683769	133683827	IPO13	XM_055254925.2	-	3	1	22	313	17	17	2	2	2	middle	middle	1.000	1.000	constitutive	constitutive	58	58	1
NC_072441.2	134927971	134928412	-2	1	-	NC_072441.2	134927999	134928114	C12H1orf50	XM_055255449.2	-	2	1	298	28	2	2	3	3	3	middle	middle	1.000	1.000	constitutive	constitutive	115	115	2
NC_072441.2	134927971	134928412	-2	1	-	NC_072441.2	134927999	134928304	C12H1orf50	XM_063627765.1	-	2	2	108	28	1	2	3	1	3	first	middle	0.333	1.000	unique	constitutive	39	115	1
NC_072441.2	62265831	62266488	1	1	+	NC_072441.2	62265998	62266487	AMPD2	XM_063624539.1	+	1	2	167	1	2	3	4	2	4	middle	middle	0.500	1.000	alternative	constitutive	130	130	2
NC_072441.2	62265831	62266488	1	1	+	NC_072441.2	62266357	62266487	AMPD2	XM_063624540.1	+	1	1	526	1	2	2	4	4	4	middle	middle	1.000	1.000	constitutive	constitutive	130	130	1
NC_072441.2	62265831	62266488	1	1	+	NC_072441.2	62266099	62266487	AMPD2	XM_063624542.1	+	1	2	268	1	1	2	4	1	4	first	middle	0.250	1.000	unique	constitutive	29	130	1
NC_072441.2	62299453	62299963	2	1	+	NC_072441.2	62299583	62299879	GSTM4	XM_063624523.1	+	2	2	130	84	6	7	7	7	5	middle	middle	1.000	0.714	constitutive	alternative	95	110	5
NC_072441.2	62299453	62299963	2	1	+	NC_072441.2	62299583	62299678	GSTM4	XM_063624528.1	+	2	1	130	285	6	6	7	7	7	middle	middle	1.000	1.000	constitutive	constitutive	95	95	2
NC_072441.2	62311855	62312347	2	1	+	NC_072441.2	62311997	62312293	LOC134733795	XM_063624521.1	+	2	2	142	54	6	7	2	2	1	middle	middle	1.000	0.500	constitutive	unique	95	110	1
NC_072441.2	62311855	62312347	2	1	+	NC_072441.2	62311997	62312092	LOC134733795	XM_063624522.1	+	2	1	142	255	6	6	2	2	2	middle	middle	1.000	1.000	constitutive	constitutive	95	95	1
NC_072441.2	66736554	66737184	-3	1	-	NC_072441.2	66736939	66737089	SYT6	XM_063625836.1	-	3	1	95	385	6	6	4	3	3	middle	middle	0.750	0.750	alternative	alternative	150	150	1
NC_072441.2	66736554	66737184	-3	1	-	NC_072441.2	66736960	66737089	SYT6	XM_063625837.1	-	3	1	95	406	6	6	4	1	1	middle	middle	0.250	0.250	unique	unique	129	129	1
NC_072441.2	66736554	66737184	-3	1	-	NC_072441.2	66736555	66737089	SYT6	XM_063625838.1	-	3	2	95	1	5	6	4	3	2	middle	last	0.750	0.500	alternative	alternative	150	251	2
NC_072441.2	82192393	82192831	2	1	+	NC_072441.2	82192449	82192586	LOC134734341	XM_063626480.1	+	2	1	56	245	5	5	14	12	12	middle	middle	0.857	0.857	alternative	alternative	137	137	12
NC_072441.2	82192393	82192831	2	1	+	NC_072441.2	82192672	82192830	LOC134734341	XM_063626488.1	+	2	1	279	1	5	5	14	1	1	middle	middle	0.071	0.071	unique	unique	158	158	1
NC_072441.2	82192393	82192831	2	1	+	NC_072441.2	82192529	82192586	LOC134734341	XM_063626493.1	+	2	1	136	245	1	1	14	1	1	first	first	0.071	0.071	unique	unique	57	57	1
NC_072441.2	82194276	82194792	1	1	+	NC_072441.2	82194670	82194777	LOC134734341	XM_063626480.1	+	1	1	394	15	10	10	14	9	9	middle	middle	0.643	0.643	alternative	alternative	107	107	9
NC_072441.2	82194276	82194792	1	1	+	NC_072441.2	82194359	82194547	LOC134734341	XM_063626489.1	+	1	1	83	245	7	7	14	3	3	middle	middle	0.214	0.214	alternative	alternative	188	188	3
NC_072441.2	82327080	82327446	-3	1	-	NC_072441.2	82327302	82327419	DENND4B	XM_063626390.1	-	3	1	27	222	25	25	6	5	5	middle	middle	0.833	0.833	alternative	alternative	117	117	5
NC_072441.2	82327080	82327446	-3	1	-	NC_072441.2	82327081	82327419	DENND4B	XM_063626394.1	-	3	2	27	1	25	26	6	1	1	middle	last	0.167	0.167	unique	unique	41	131	1
NC_072441.2	83383369	83383621	2	1	+	NC_072441.2	83383547	83383620	FLAD1	XM_063626660.1	+	2	1	178	1	6	6	5	2	2	middle	middle	0.400	0.400	alternative	alternative	73	73	2
NC_072441.2	83383369	83383621	2	1	+	NC_072441.2	83383399	83383507	FLAD1	XM_063626662.1	+	2	1	30	114	5	5	5	1	1	middle	middle	0.200	0.200	unique	unique	108	108	1
NC_072441.2	83477194	83477653	2	1	+	NC_072441.2	83477235	83477653	EFNA3	XM_063626665.1	+	2	2	41	0	4	5	2	1	2	middle	last	0.500	1.000	unique	constitutive	77	127	1
NC_072441.2	83477194	83477653	2	1	+	NC_072441.2	83477526	83477653	EFNA3	XM_063626666.1	+	2	1	332	0	4	4	2	2	2	last	last	1.000	1.000	constitutive	constitutive	127	127	1
NC_072441.2	83585622	83586123	-3	1	-	NC_072441.2	83585898	83586091	THBS3	XM_063624811.1	-	3	1	32	276	16	16	17	16	16	middle	middle	0.941	0.941	alternative	alternative	193	193	16
NC_072441.2	83585622	83586123	-3	1	-	NC_072441.2	83585623	83585709	THBS3	XM_063624825.1	-	3	1	414	1	17	17	17	1	1	last	last	0.059	0.059	unique	unique	86	86	1
NC_072441.2	83600186	83600975	3	1	+	NC_072441.2	83600508	83600948	MTX1	XM_063624848.1	+	3	2	322	27	4	5	4	2	4	middle	middle	0.500	1.000	alternative	constitutive	92	182	2
NC_072441.2	83600186	83600975	3	1	+	NC_072441.2	83600766	83600948	MTX1	XM_063624849.1	+	3	1	580	27	4	4	4	4	4	middle	middle	1.000	1.000	constitutive	constitutive	182	182	2
NC_072441.2	85839028	85839364	-2	1	-	NC_072441.2	85839029	85839188	FCRL5	XM_063624907.1	-	2	1	176	1	17	17	6	3	3	last	last	0.500	0.500	alternative	alternative	159	159	3
NC_072441.2	85839028	85839364	-2	1	-	NC_072441.2	85839266	85839297	FCRL5	XM_063624909.1	-	2	1	67	238	16	16	6	2	2	middle	middle	0.333	0.333	alternative	alternative	31	31	2
NC_072442.2	15219917	15220316	-3	1	-	NC_072442.2	15219918	15220095	MKS1	XM_055257025.2	-	3	1	221	1	17	17	4	1	1	last	last	0.250	0.250	unique	unique	177	177	1
NC_072442.2	15219917	15220316	-3	1	-	NC_072442.2	15220208	15220305	MKS1	XM_055257027.2	-	3	1	11	291	17	17	4	2	2	middle	middle	0.500	0.500	alternative	alternative	97	97	2
NC_072442.2	28003452	28004094	1	1	+	NC_072442.2	28003672	28004012	CORO6	XM_055257486.2	+	1	2	220	82	6	7	13	12	13	middle	middle	0.923	1.000	alternative	constitutive	104	145	12
NC_072442.2	28003452	28004094	1	1	+	NC_072442.2	28003867	28004012	CORO6	XM_063628708.1	+	1	1	415	82	5	5	13	13	13	middle	middle	1.000	1.000	constitutive	constitutive	145	145	1
NC_072442.2	28042585	28043017	2	1	+	NC_072442.2	28042729	28042987	GIT1	XM_055257478.2	+	2	2	144	30	8	9	2	1	2	middle	middle	0.500	1.000	unique	constitutive	26	48	1
NC_072442.2	28042585	28043017	2	1	+	NC_072442.2	28042939	28042987	GIT1	XM_055257479.2	+	2	1	354	30	8	8	2	2	2	middle	middle	1.000	1.000	constitutive	constitutive	48	48	1
NC_072442.2	39934396	39935443	-1	1	-	NC_072442.2	39935300	39935347	FBXL20	XM_055258066.2	-	1	1	96	904	1	1	5	2	2	first	first	0.400	0.400	alternative	alternative	47	47	2
NC_072442.2	39934396	39935443	-1	1	-	NC_072442.2	39934400	39934717	FBXL20	XM_055258067.2	-	1	1	726	4	1	1	5	1	1	first	first	0.200	0.200	unique	unique	317	317	1
NC_072442.2	39934396	39935443	-1	1	-	NC_072442.2	39934400	39934441	FBXL20	XM_055258069.2	-	1	1	1002	4	1	1	5	1	1	first	first	0.200	0.200	unique	unique	41	41	1
NC_072442.2	40205384	40205774	3	1	+	NC_072442.2	40205481	40205732	STARD3	XM_063628923.1	+	3	2	97	42	3	4	14	12	10	middle	middle	0.857	0.714	alternative	alternative	77	53	10
NC_072442.2	40205384	40205774	3	1	+	NC_072442.2	40205481	40205545	STARD3	XM_063628928.1	+	3	1	97	229	3	3	14	2	2	middle	middle	0.143	0.143	alternative	alternative	64	64	2
NC_072442.2	40205384	40205774	3	1	+	NC_072442.2	40205481	40205558	STARD3	XM_063628929.1	+	3	1	97	216	3	3	14	12	12	middle	middle	0.857	0.857	alternative	alternative	77	77	2
NC_072442.2	40260884	40261868	3	1	+	NC_072442.2	40261180	40261848	ERBB2	XM_055256514.2	+	3	3	296	20	5	7	23	22	22	middle	middle	0.957	0.957	alternative	alternative	68	141	21
NC_072442.2	40260884	40261868	3	1	+	NC_072442.2	40261225	40261848	ERBB2	XM_055256534.2	+	3	3	341	20	4	6	23	1	22	middle	middle	0.043	0.957	unique	alternative	23	141	1
NC_072442.2	40260884	40261868	3	1	+	NC_072442.2	40261180	40261248	ERBB2	XM_055256537.2	+	3	1	296	620	5	5	23	22	22	middle	middle	0.957	0.957	alternative	alternative	68	68	1
NC_072442.2	44812537	44813134	-1	1	-	NC_072442.2	44812564	44812735	HDAC5	XM_055256223.2	-	1	1	399	27	5	5	17	15	15	middle	middle	0.882	0.882	alternative	alternative	171	171	12
NC_072442.2	44812537	44813134	-1	1	-	NC_072442.2	44812564	44812708	HDAC5	XM_055256228.2	-	1	1	426	27	5	5	17	2	2	middle	middle	0.118	0.118	alternative	alternative	144	144	2
NC_072442.2	44812537	44813134	-1	1	-	NC_072442.2	44812564	44813053	HDAC5	XM_055256236.2	-	1	2	81	27	1	2	17	3	15	first	middle	0.176	0.882	alternative	alternative	230	171	3
NC_072442.2	44877785	44878211	3	1	+	NC_072442.2	44877948	44878059	HROB	XM_055256249.2	+	3	1	163	152	6	6	19	9	9	middle	middle	0.474	0.474	alternative	alternative	111	111	8
NC_072442.2	44877785	44878211	3	1	+	NC_072442.2	44877951	44878059	HROB	XM_055256250.2	+	3	1	166	152	6	6	19	10	10	middle	middle	0.526	0.526	alternative	alternative	108	108	10
NC_072442.2	44877785	44878211	3	1	+	NC_072442.2	44877948	44878211	HROB	XM_055256256.2	+	3	2	163	0	6	7	19	9	1	middle	last	0.474	0.053	alternative	unique	111	67	1
NC_072442.2	45486351	45487062	1	1	+	NC_072442.2	45486502	45486568	ADAM11	XM_055255905.2	+	1	1	151	494	7	7	5	3	3	middle	middle	0.600	0.600	alternative	alternative	66	66	3
NC_072442.2	45486351	45487062	1	1	+	NC_072442.2	45486633	45486696	ADAM11	XM_055255907.2	+	1	1	282	366	2	2	5	2	2	middle	middle	0.400	0.400	alternative	alternative	63	63	2
NC_072442.2	48239510	48240293	3	1	+	NC_072442.2	48239593	48240117	MRC2	XM_055258384.2	+	3	2	83	176	3	4	3	2	3	middle	middle	0.667	1.000	alternative	constitutive	173	164	2
NC_072442.2	48239510	48240293	3	1	+	NC_072442.2	48239953	48240117	MRC2	XM_063629306.1	+	3	1	443	176	3	3	3	3	3	middle	middle	1.000	1.000	constitutive	constitutive	164	164	1
NC_072442.2	49022148	49023126	-2	1	-	NC_072442.2	49022196	49023099	CYB561	XM_055258669.2	-	2	2	27	48	1	2	6	1	1	first	middle	0.167	0.167	unique	unique	187	214	1
NC_072442.2	49022148	49023126	-2	1	-	NC_072442.2	49022196	49022397	CYB561	XM_055258670.2	-	2	1	729	48	1	1	6	5	5	first	first	0.833	0.833	alternative	alternative	201	201	5
NC_072442.2	49514166	49515270	-2	1	-	NC_072442.2	49514350	49515098	LOC129469930	XM_055257156.2	-	2	2	172	184	2	4	3	2	3	middle	middle	0.667	1.000	alternative	constitutive	160	164	2
NC_072442.2	49514166	49515270	-2	1	-	NC_072442.2	49514350	49514514	LOC129469930	XM_055257158.2	-	2	1	756	184	3	3	3	3	3	middle	middle	1.000	1.000	constitutive	constitutive	164	164	1
NC_072442.2	49536425	49537514	-3	1	-	NC_072442.2	49536609	49537357	LOC129469529	XM_055256212.2	-	3	2	157	184	2	4	5	4	5	middle	middle	0.800	1.000	alternative	constitutive	160	164	4
NC_072442.2	49536425	49537514	-3	1	-	NC_072442.2	49536609	49536773	LOC129469529	XM_055256216.2	-	3	1	741	184	3	3	5	5	5	middle	middle	1.000	1.000	constitutive	constitutive	164	164	1
NC_072442.2	60496320	60496977	-2	1	-	NC_072442.2	60496813	60496961	DNAH2	XM_055257127.2	-	2	1	16	493	76	76	6	4	4	middle	middle	0.667	0.667	alternative	alternative	148	148	4
NC_072442.2	60496320	60496977	-2	1	-	NC_072442.2	60496493	60496676	DNAH2	XM_055257128.2	-	2	1	301	173	76	76	6	1	1	middle	middle	0.167	0.167	unique	unique	183	183	1
NC_072442.2	60740315	60740840	-3	1	-	NC_072442.2	60740435	60740545	MPDU1	XM_055258120.2	-	3	1	295	120	5	5	4	2	2	middle	middle	0.500	0.500	alternative	alternative	110	110	1
NC_072442.2	60740315	60740840	-3	1	-	NC_072442.2	60740435	60740799	MPDU1	XM_063629536.1	-	3	2	41	120	4	5	4	1	2	middle	middle	0.250	0.500	unique	alternative	118	110	1
NC_072442.2	60762009	60762516	-2	1	-	NC_072442.2	60762025	60762349	SENP3	XM_055258111.2	-	2	2	167	16	4	5	2	2	1	middle	middle	1.000	0.500	constitutive	unique	147	47	1
NC_072442.2	60762009	60762516	-2	1	-	NC_072442.2	60762202	60762349	SENP3	XM_055258112.2	-	2	1	167	193	4	4	2	2	2	middle	middle	1.000	1.000	constitutive	constitutive	147	147	1
NC_072442.2	60969696	60970206	-2	1	-	NC_072442.2	60969781	60970064	TMEM95	XM_055257389.2	-	2	2	142	85	5	6	9	5	1	middle	middle	0.556	0.111	alternative	unique	80	79	1
NC_072442.2	60969696	60970206	-2	1	-	NC_072442.2	60969984	60970088	TMEM95	XM_055257390.1	-	2	1	118	288	5	5	9	3	3	middle	middle	0.333	0.333	alternative	alternative	104	104	3
NC_072442.2	60969696	60970206	-2	1	-	NC_072442.2	60969984	60970064	TMEM95	XM_055257391.1	-	2	1	142	288	5	5	9	5	5	middle	middle	0.556	0.556	alternative	alternative	80	80	4
NC_072442.2	61057096	61057465	2	1	+	NC_072442.2	61057122	61057464	CLDN7	XM_055258613.2	+	2	2	26	1	2	3	2	2	1	middle	middle	1.000	0.500	constitutive	unique	164	84	1
NC_072442.2	61057096	61057465	2	1	+	NC_072442.2	61057122	61057286	CLDN7	XM_055258614.2	+	2	1	26	179	2	2	2	2	2	middle	middle	1.000	1.000	constitutive	constitutive	164	164	1
NC_072442.2	61140805	61141312	2	1	+	NC_072442.2	61140861	61141211	ASGR1	XM_055258609.2	+	2	2	56	101	2	3	3	2	3	middle	middle	0.667	1.000	alternative	constitutive	116	95	2
NC_072442.2	61140805	61141312	2	1	+	NC_072442.2	61141116	61141211	ASGR1	XM_055258610.2	+	2	1	311	101	2	2	3	3	3	middle	middle	1.000	1.000	constitutive	constitutive	95	95	1
NC_072442.2	61644233	61644818	-3	1	-	NC_072442.2	61644596	61644791	XAF1	XM_055257208.2	-	3	1	27	363	4	4	9	7	7	middle	middle	0.778	0.778	alternative	alternative	195	195	4
NC_072442.2	61644233	61644818	-3	1	-	NC_072442.2	61644348	61644791	XAF1	XM_055257211.2	-	3	2	27	115	4	5	9	7	3	middle	middle	0.778	0.333	alternative	alternative	195	130	3
NC_072442.2	63390462	63390951	1	1	+	NC_072442.2	63390507	63390950	SLC25A11	XM_055256498.2	+	1	2	45	1	2	3	4	3	4	middle	middle	0.750	1.000	alternative	constitutive	152	206	3
NC_072442.2	63390462	63390951	1	1	+	NC_072442.2	63390744	63390950	SLC25A11	XM_055256501.2	+	1	1	282	1	2	2	4	4	4	middle	middle	1.000	1.000	constitutive	constitutive	206	206	1
NC_072442.2	63544080	63544548	-2	1	-	NC_072442.2	63544081	63544491	PSMB6	XM_055257935.2	-	2	2	57	1	5	6	2	2	1	middle	last	1.000	0.500	constitutive	unique	144	139	1
NC_072442.2	63544080	63544548	-2	1	-	NC_072442.2	63544347	63544491	PSMB6	XM_055257936.2	-	2	1	57	267	5	5	2	2	2	middle	middle	1.000	1.000	constitutive	constitutive	144	144	1
NC_072442.2	63626198	63626474	-3	1	-	NC_072442.2	63626351	63626430	ARRB2	XM_055257923.2	-	3	1	44	153	13	13	7	6	6	middle	middle	0.857	0.857	alternative	alternative	79	79	6
NC_072442.2	63626198	63626474	-3	1	-	NC_072442.2	63626199	63626238	ARRB2	XM_055257928.2	-	3	1	236	1	13	13	7	1	1	last	last	0.143	0.143	unique	unique	39	39	1
NC_072442.2	66140282	66141401	3	1	+	NC_072442.2	66140877	66141060	OVCA2	XM_055258448.2	+	3	1	595	341	1	1	1	1	1	first	first	1.000	1.000	constitutive	constitutive	183	183	1
NC_072442.2	66140282	66141401	3	1	+	NC_072442.2	66140283	66140423	DPH1	XM_063629707.1	+	3	1	1	978	12	12	5	5	5	middle	middle	1.000	1.000	constitutive	constitutive	140	140	5
NC_072442.2	7741076	7741415	3	1	+	NC_072442.2	7741281	7741356	MYCBPAP	XM_055256645.2	+	3	1	205	59	1	1	9	7	7	first	first	0.778	0.778	alternative	alternative	75	75	7
NC_072442.2	7741076	7741415	3	1	+	NC_072442.2	7741125	7741167	MYCBPAP	XM_063629885.1	+	3	1	49	248	1	1	9	2	2	first	first	0.222	0.222	alternative	alternative	42	42	2
NC_072443.2	22106282	22106504	3	1	+	NC_072443.2	22106315	22106370	ARL6	XM_055259915.2	+	3	1	33	134	6	6	10	7	7	middle	middle	0.700	0.700	alternative	alternative	55	55	6
NC_072443.2	22106282	22106504	3	1	+	NC_072443.2	22106315	22106503	ARL6	XM_055259917.2	+	3	2	33	1	6	7	10	7	1	middle	middle	0.700	0.100	alternative	unique	55	12	1
NC_072443.2	33242991	33243354	-3	1	-	NC_072443.2	33243112	33243354	DPPA2	XM_055259640.2	-	3	2	0	121	1	2	5	1	1	first	middle	0.200	0.200	unique	unique	13	45	1
NC_072443.2	33242991	33243354	-3	1	-	NC_072443.2	33243112	33243144	DPPA2	XM_055259641.2	-	3	1	210	121	1	1	5	4	4	first	first	0.800	0.800	alternative	alternative	32	32	4
NC_072443.2	51087024	51087411	-3	1	-	NC_072443.2	51087026	51087106	TPRA1	XM_055259694.2	-	3	1	305	2	10	10	3	2	2	middle	middle	0.667	0.667	alternative	alternative	80	80	2
NC_072443.2	51087024	51087411	-3	1	-	NC_072443.2	51087244	51087346	TPRA1	XM_055259698.2	-	3	1	65	220	7	7	3	1	1	middle	middle	0.333	0.333	unique	unique	102	102	1
NC_072443.2	51088560	51088908	-3	1	-	NC_072443.2	51088626	51088881	TPRA1	XM_055259694.2	-	3	2	27	66	4	5	3	3	2	middle	middle	1.000	0.667	constitutive	alternative	86	72	2
NC_072443.2	51088560	51088908	-3	1	-	NC_072443.2	51088795	51088881	TPRA1	XM_055259698.2	-	3	1	27	235	4	4	3	3	3	middle	middle	1.000	1.000	constitutive	constitutive	86	86	1
NC_072443.2	58555585	58556464	-2	1	-	NC_072443.2	58555586	58556352	IL17RC	XM_055260520.2	-	2	2	112	1	18	19	13	3	13	middle	last	0.231	1.000	alternative	constitutive	50	625	3
NC_072443.2	58555585	58556464	-2	1	-	NC_072443.2	58555586	58556211	IL17RC	XM_055260521.2	-	2	1	253	1	18	18	13	13	13	last	last	1.000	1.000	constitutive	constitutive	625	625	10
NC_072443.2	58676251	58676668	-2	1	-	NC_072443.2	58676569	58676645	TTLL3	XM_055260489.2	-	2	1	23	318	13	13	42	15	15	middle	middle	0.357	0.357	alternative	alternative	76	76	15
NC_072443.2	58676251	58676668	-2	1	-	NC_072443.2	58676252	58676389	TTLL3	XM_055260491.2	-	2	1	279	1	14	14	42	12	12	last	last	0.286	0.286	alternative	alternative	137	137	12
NC_072443.2	58676251	58676668	-2	1	-	NC_072443.2	58676252	58676321	TTLL3	XM_063630384.1	-	2	1	347	1	13	13	42	1	1	last	last	0.024	0.024	unique	unique	69	69	1
NC_072443.2	58676280	58676676	-3	1	-	NC_072443.2	58676569	58676645	TTLL3	XM_055260491.2	-	3	1	31	289	13	13	42	1	1	middle	middle	0.024	0.024	unique	unique	76	76	1
NC_072443.2	58676280	58676676	-3	1	-	NC_072443.2	58676281	58676389	TTLL3	XM_055260499.2	-	3	1	287	1	12	12	42	4	4	last	last	0.095	0.095	alternative	alternative	108	108	4
NC_072443.2	58676280	58676676	-3	1	-	NC_072443.2	58676281	58676321	TTLL3	XM_063630380.1	-	3	1	355	1	14	14	42	1	1	last	last	0.024	0.024	unique	unique	40	40	1
NC_072443.2	86301709	86303026	-2	1	-	NC_072443.2	86301710	86302838	DRD4	XM_055260098.2	-	2	3	188	1	3	5	3	1	2	middle	last	0.333	0.667	unique	alternative	385	199	1
NC_072443.2	86301709	86303026	-2	1	-	NC_072443.2	86301710	86302838	DRD4	XM_063630884.1	-	2	2	188	1	3	4	3	2	2	middle	last	0.667	0.667	alternative	alternative	841	199	1
NC_072443.2	86301709	86303026	-2	1	-	NC_072443.2	86301997	86302838	DRD4	XM_063630885.1	-	2	1	188	288	3	3	3	2	2	middle	middle	0.667	0.667	alternative	alternative	841	841	1
NC_072443.2	86389722	86390253	1	1	+	NC_072443.2	86389824	86390007	LMNTD2	XM_055260038.2	+	1	1	102	246	9	9	6	5	5	middle	middle	0.833	0.833	alternative	alternative	183	183	5
NC_072443.2	86389722	86390253	1	1	+	NC_072443.2	86390084	86390203	LMNTD2	XM_055260045.2	+	1	1	362	50	10	10	6	1	1	middle	middle	0.167	0.167	unique	unique	119	119	1
NC_072443.2	86390815	86391346	2	1	+	NC_072443.2	86391218	86391346	LMNTD2	XM_055260038.2	+	2	1	403	0	13	13	6	4	4	last	last	0.667	0.667	alternative	alternative	128	128	4
NC_072443.2	86390815	86391346	2	1	+	NC_072443.2	86390842	86390894	LMNTD2	XM_055260044.2	+	2	1	27	452	12	12	6	1	1	middle	middle	0.167	0.167	unique	unique	52	52	1
NC_072443.2	86520938	86521262	3	1	+	NC_072443.2	86520992	86521093	ANO9	XM_055260032.2	+	3	1	54	169	21	21	5	5	5	middle	middle	1.000	1.000	constitutive	constitutive	101	101	3
NC_072443.2	86520938	86521262	3	1	+	NC_072443.2	86520992	86521261	ANO9	XM_063630925.1	+	3	2	54	1	21	22	5	5	2	middle	middle	1.000	0.400	constitutive	alternative	101	47	2
NC_072443.2	86716849	86717644	2	1	+	NC_072443.2	86716897	86717450	SIRT3	XM_055259236.2	+	2	2	48	194	2	3	11	4	9	middle	middle	0.364	0.818	alternative	alternative	191	232	4
NC_072443.2	86716849	86717644	2	1	+	NC_072443.2	86717218	86717450	SIRT3	XM_055259238.2	+	2	1	369	194	2	2	11	9	9	middle	middle	0.818	0.818	alternative	alternative	232	232	2
NC_072443.2	86716849	86717644	2	1	+	NC_072443.2	86716994	86717450	SIRT3	XM_055259242.2	+	2	2	145	194	2	3	11	2	9	middle	middle	0.182	0.818	alternative	alternative	94	232	2
NC_072443.2	86716849	86717644	2	1	+	NC_072443.2	86717042	86717450	SIRT3	XM_063630938.1	+	2	2	193	194	1	2	11	1	9	first	middle	0.091	0.818	unique	alternative	46	232	1
NC_072444.2	18032545	18033268	2	1	+	NC_072444.2	18032592	18033076	AKR7A2	XM_055262315.2	+	2	2	47	192	2	3	2	2	1	middle	middle	1.000	0.500	constitutive	unique	187	104	1
NC_072444.2	18032545	18033268	2	1	+	NC_072444.2	18032592	18032779	AKR7A2	XM_055262316.2	+	2	1	47	489	2	2	2	2	2	middle	middle	1.000	1.000	constitutive	constitutive	187	187	1
NC_072444.2	20554484	20555255	-2	1	-	NC_072444.2	20554848	20555248	ATP13A2	XM_055262217.2	-	2	2	7	364	21	22	4	4	3	middle	middle	1.000	0.750	constitutive	alternative	160	116	3
NC_072444.2	20554484	20555255	-2	1	-	NC_072444.2	20555088	20555248	ATP13A2	XM_055262219.2	-	2	1	7	604	21	21	4	4	4	middle	middle	1.000	1.000	constitutive	constitutive	160	160	1
NC_072444.2	25225305	25225824	-1	1	-	NC_072444.2	25225594	25225689	FBXO44	XM_055262671.2	-	1	1	135	289	3	3	13	3	3	middle	middle	0.231	0.231	alternative	alternative	95	95	3
NC_072444.2	25225305	25225824	-1	1	-	NC_072444.2	25225351	25225486	FBXO44	XM_055262674.2	-	1	1	338	46	4	4	13	7	7	middle	middle	0.538	0.538	alternative	alternative	135	135	7
NC_072444.2	30691232	30691955	-2	1	-	NC_072444.2	30691389	30691457	RNF207	XM_055262165.2	-	2	1	498	157	9	9	2	2	2	middle	middle	1.000	1.000	constitutive	constitutive	68	68	1
NC_072444.2	30691232	30691955	-2	1	-	NC_072444.2	30691389	30691894	RNF207	XM_055262166.1	-	2	2	61	157	5	6	2	1	2	middle	middle	0.500	1.000	unique	constitutive	46	68	1
NC_072444.2	30701467	30701860	2	1	+	NC_072444.2	30701600	30701611	RPL22	XM_055262186.2	+	2	1	133	249	1	1	2	1	1	first	first	0.500	0.500	unique	unique	11	11	1
NC_072444.2	30701467	30701860	2	1	+	NC_072444.2	30701618	30701734	RPL22	XM_063632005.1	+	2	1	151	126	1	1	2	1	1	first	first	0.500	0.500	unique	unique	116	116	1
NC_072444.2	30754592	30755249	3	1	+	NC_072444.2	30754690	30754856	CHD5	XM_055262358.2	+	3	1	98	393	8	8	2	1	1	middle	middle	0.500	0.500	unique	unique	166	166	1
NC_072444.2	30754592	30755249	3	1	+	NC_072444.2	30755027	30755222	CHD5	XM_055262359.1	+	3	1	435	27	4	4	2	1	1	middle	middle	0.500	0.500	unique	unique	195	195	1
NC_072444.2	34213916	34214585	-2	1	-	NC_072444.2	34214477	34214585	TNFRSF14	XM_055261578.2	-	2	1	0	561	2	2	3	1	1	middle	middle	0.333	0.333	unique	unique	108	108	1
NC_072444.2	34213916	34214585	-2	1	-	NC_072444.2	34214189	34214379	TNFRSF14	XM_063631182.1	-	2	1	206	273	2	2	3	1	1	middle	middle	0.333	0.333	unique	unique	190	190	1
NC_072444.2	34213916	34214585	-2	1	-	NC_072444.2	34214351	34214379	TNFRSF14	XM_063631183.1	-	2	1	206	435	2	2	3	1	1	middle	middle	0.333	0.333	unique	unique	28	28	1
NC_072444.2	35499446	35500184	3	1	+	NC_072444.2	35499742	35500183	TNFRSF4	XM_055261590.2	+	3	2	296	1	3	4	5	5	3	middle	middle	1.000	0.600	constitutive	alternative	101	66	3
NC_072444.2	35499446	35500184	3	1	+	NC_072444.2	35499742	35499843	TNFRSF4	XM_063632097.1	+	3	1	296	341	3	3	5	5	5	middle	middle	1.000	1.000	constitutive	constitutive	101	101	2
NC_072444.2	35501180	35501786	3	1	+	NC_072444.2	35501286	35501786	TNFRSF4	XM_063632097.1	+	3	2	106	0	5	6	5	1	2	middle	last	0.200	0.400	unique	alternative	128	290	1
NC_072444.2	35501180	35501786	3	1	+	NC_072444.2	35501496	35501786	TNFRSF4	XM_063632098.1	+	3	1	316	0	5	5	5	2	2	last	last	0.400	0.400	alternative	alternative	290	290	1
NC_072444.2	40486545	40487316	-1	1	-	NC_072444.2	40486896	40487307	ARHGEF4	XM_055262719.2	-	1	1	9	351	1	1	8	1	1	first	first	0.125	0.125	unique	unique	411	411	1
NC_072444.2	40486545	40487316	-1	1	-	NC_072444.2	40486600	40486656	ARHGEF4	XM_055262720.2	-	1	1	660	55	2	2	8	1	1	middle	middle	0.125	0.125	unique	unique	56	56	1
NC_072444.2	43370867	43371245	-2	1	-	NC_072444.2	43370868	43371000	LOC129472422	XM_055262032.2	-	2	1	245	1	8	8	4	2	2	last	last	0.500	0.500	alternative	alternative	132	132	2
NC_072444.2	43370867	43371245	-2	1	-	NC_072444.2	43371173	43371229	LOC129472422	XM_055262036.2	-	2	1	16	306	7	7	4	2	2	middle	middle	0.500	0.500	alternative	alternative	56	56	2
NC_072444.2	43457049	43457553	-1	1	-	NC_072444.2	43457095	43457221	MYO7B	XM_055262100.2	-	1	1	332	46	26	26	3	3	3	middle	middle	1.000	1.000	constitutive	constitutive	126	126	2
NC_072444.2	43457049	43457553	-1	1	-	NC_072444.2	43457095	43457421	MYO7B	XM_055262102.1	-	1	2	132	46	1	2	3	1	3	first	middle	0.333	1.000	unique	constitutive	112	126	1
NC_072444.2	8585841	8586234	1	1	+	NC_072444.2	8586085	8586157	MECR	XM_055261343.2	+	1	1	244	77	11	11	9	4	4	middle	middle	0.444	0.444	alternative	alternative	72	72	4
NC_072444.2	8585841	8586234	1	1	+	NC_072444.2	8585842	8586157	MECR	XM_063631502.1	+	1	2	1	77	7	8	9	1	1	middle	middle	0.111	0.111	unique	unique	60	101	1
NC_072444.2	9038537	9038936	-2	1	-	NC_072444.2	9038795	9038819	YTHDF2	XM_055261319.2	-	2	1	117	258	2	2	3	2	2	middle	middle	0.667	0.667	alternative	alternative	24	24	1
NC_072444.2	9038537	9038936	-2	1	-	NC_072444.2	9038546	9038819	YTHDF2	XM_055261320.2	-	2	2	117	9	2	3	3	2	1	middle	middle	0.667	0.333	alternative	unique	24	5	1
NC_072445.2	16821071	16821563	3	1	+	NC_072445.2	16821107	16821482	PPP2R5D	XM_055263271.2	+	3	2	36	81	9	10	5	5	4	middle	middle	1.000	0.800	constitutive	alternative	108	53	4
NC_072445.2	16821071	16821563	3	1	+	NC_072445.2	16821107	16821215	PPP2R5D	XM_063633118.1	+	3	1	36	348	9	9	5	5	5	middle	middle	1.000	1.000	constitutive	constitutive	108	108	1
NC_072445.2	16823243	16823756	3	1	+	NC_072445.2	16823390	16823723	PPP2R5D	XM_055263271.2	+	3	2	147	33	14	15	5	5	4	middle	middle	1.000	0.800	constitutive	alternative	72	116	4
NC_072445.2	16823243	16823756	3	1	+	NC_072445.2	16823390	16823462	PPP2R5D	XM_063633119.1	+	3	1	147	294	14	14	5	5	5	middle	middle	1.000	1.000	constitutive	constitutive	72	72	1
NC_072445.2	17039878	17040295	2	1	+	NC_072445.2	17039894	17040011	CUL9	XM_055263112.2	+	2	1	16	284	37	37	10	9	9	middle	middle	0.900	0.900	alternative	alternative	117	117	8
NC_072445.2	17039878	17040295	2	1	+	NC_072445.2	17039894	17040295	CUL9	XM_063633023.1	+	2	2	16	0	37	38	10	9	1	middle	last	0.900	0.100	alternative	unique	117	40	1
NC_072445.2	17247960	17248635	1	1	+	NC_072445.2	17248219	17248532	ABCC10	XM_055263126.2	+	1	1	259	103	1	1	11	3	3	first	first	0.273	0.273	alternative	alternative	313	313	3
NC_072445.2	17247960	17248635	1	1	+	NC_072445.2	17248372	17248532	ABCC10	XM_063633041.1	+	1	1	412	103	1	1	11	2	2	first	first	0.182	0.182	alternative	alternative	160	160	2
NC_072445.2	17247960	17248635	1	1	+	NC_072445.2	17248108	17248151	ABCC10	XM_063633043.1	+	1	1	148	484	1	1	11	1	1	first	first	0.091	0.091	unique	unique	43	43	1
NC_072445.2	17269123	17269525	2	1	+	NC_072445.2	17269201	17269346	ABCC10	XM_055263126.2	+	2	1	78	179	18	18	11	10	10	middle	middle	0.909	0.909	alternative	alternative	145	145	10
NC_072445.2	17269123	17269525	2	1	+	NC_072445.2	17269201	17269524	ABCC10	XM_055263129.2	+	2	2	78	1	18	19	11	1	1	middle	middle	0.091	0.091	unique	unique	129	97	1
NC_072445.2	35516988	35517345	-2	1	-	NC_072445.2	35517051	35517345	MAPK13	XM_055264337.2	-	2	2	0	63	7	8	2	2	1	middle	middle	1.000	0.500	constitutive	unique	114	71	1
NC_072445.2	35516988	35517345	-2	1	-	NC_072445.2	35517231	35517345	MAPK13	XM_055264338.2	-	2	1	0	243	7	7	2	2	2	middle	middle	1.000	1.000	constitutive	constitutive	114	114	1
NC_072445.2	36371522	36372086	-3	1	-	NC_072445.2	36371567	36372017	ZNF76	XM_055264401.2	-	3	2	69	45	5	6	9	5	9	middle	middle	0.556	1.000	alternative	constitutive	116	75	5
NC_072445.2	36371522	36372086	-3	1	-	NC_072445.2	36371567	36371642	ZNF76	XM_063632162.1	-	3	1	444	45	5	5	9	9	9	middle	middle	1.000	1.000	constitutive	constitutive	75	75	4
NC_072445.2	39571295	39571664	3	1	+	NC_072445.2	39571353	39571461	AGER	XM_055264731.2	+	3	1	58	203	9	9	8	2	2	middle	middle	0.250	0.250	alternative	alternative	108	108	2
NC_072445.2	39571295	39571664	3	1	+	NC_072445.2	39571508	39571634	AGER	XM_055264733.2	+	3	1	213	30	9	9	8	1	1	middle	middle	0.125	0.125	unique	unique	126	126	1
NC_072445.2	39723446	39724004	-3	1	-	NC_072445.2	39723489	39723880	LOC129473280	XM_055263622.2	-	3	2	124	43	33	34	2	1	1	middle	middle	0.500	0.500	unique	unique	186	90	1
NC_072445.2	39723446	39724004	-3	1	-	NC_072445.2	39723741	39723880	LOC129473280	XM_055263623.2	-	3	1	124	295	33	33	2	1	1	middle	middle	0.500	0.500	unique	unique	139	139	1
NC_072445.2	39953349	39953817	1	1	+	NC_072445.2	39953447	39953803	VWA7	XM_055264416.2	+	1	2	98	14	11	12	5	5	4	middle	middle	1.000	0.800	constitutive	alternative	152	92	4
NC_072445.2	39953349	39953817	1	1	+	NC_072445.2	39953447	39953599	VWA7	XM_063633201.1	+	1	1	98	218	11	11	5	5	5	middle	middle	1.000	1.000	constitutive	constitutive	152	152	1
NC_072445.2	39994482	39994926	-2	1	-	NC_072445.2	39994557	39994655	MPIG6B	XM_055263843.2	-	2	1	271	75	5	5	5	2	2	middle	middle	0.400	0.400	alternative	alternative	98	98	2
NC_072445.2	39994482	39994926	-2	1	-	NC_072445.2	39994774	39994814	MPIG6B	XM_055263845.2	-	2	1	112	292	3	3	5	1	1	middle	middle	0.200	0.200	unique	unique	40	40	1
NC_072445.2	40477946	40478678	3	1	+	NC_072445.2	40477976	40478381	CCHCR1	XM_055262853.2	+	3	2	30	297	5	6	50	50	35	middle	middle	1.000	0.700	constitutive	alternative	135	110	35
NC_072445.2	40477946	40478678	3	1	+	NC_072445.2	40477976	40478111	CCHCR1	XM_063632499.1	+	3	1	30	567	5	5	50	50	50	middle	middle	1.000	1.000	constitutive	constitutive	135	135	15
NC_072445.2	40705915	40706464	-1	1	-	NC_072445.2	40705979	40706380	VARS2	XM_055263332.2	-	1	2	84	64	1	2	4	1	2	first	middle	0.250	0.500	unique	alternative	47	227	1
NC_072445.2	40705915	40706464	-1	1	-	NC_072445.2	40705979	40706380	VARS2	XM_055263333.2	-	1	2	84	64	1	2	4	1	2	first	middle	0.250	0.500	unique	alternative	11	227	1
NC_072445.2	40705915	40706464	-1	1	-	NC_072445.2	40705979	40706179	VARS2	XM_055263335.2	-	1	1	285	64	1	1	4	1	1	first	first	0.250	0.250	unique	unique	200	200	1
NC_072445.2	40705915	40706464	-1	1	-	NC_072445.2	40705979	40706216	VARS2	XM_063632474.1	-	1	1	248	64	2	2	4	1	1	middle	middle	0.250	0.250	unique	unique	237	237	1
NC_072445.2	70479884	70480556	-3	1	-	NC_072445.2	70480518	70480538	DUSP22	XM_055262774.2	-	3	1	18	634	1	1	15	3	3	first	first	0.200	0.200	alternative	alternative	20	20	3
NC_072445.2	70479884	70480556	-3	1	-	NC_072445.2	70479946	70480187	DUSP22	XM_063632690.1	-	3	1	369	62	1	1	15	1	1	first	first	0.067	0.067	unique	unique	241	241	1
NC_072446.2	13484849	13486169	-3	1	-	NC_072446.2	13484850	13486141	TUBB1	XM_055265040.2	-	3	2	28	1	3	4	8	5	3	middle	last	0.625	0.375	alternative	alternative	110	1075	2
NC_072446.2	13484849	13486169	-3	1	-	NC_072446.2	13484850	13486141	TUBB1	XM_055265041.2	-	3	3	28	1	3	5	8	5	1	middle	last	0.625	0.125	alternative	unique	110	977	1
NC_072446.2	13484849	13486169	-3	1	-	NC_072446.2	13484850	13485925	TUBB1	XM_055265042.2	-	3	1	244	1	3	3	8	3	3	last	last	0.375	0.375	alternative	alternative	1075	1075	1
NC_072446.2	13484849	13486169	-3	1	-	NC_072446.2	13484850	13486141	TUBB1	XM_055265044.2	-	3	2	28	1	3	4	8	1	1	middle	last	0.125	0.125	unique	unique	103	950	1
NC_072446.2	13484849	13486169	-3	1	-	NC_072446.2	13484850	13486141	TUBB1	XM_055265045.2	-	3	3	28	1	3	5	8	5	1	middle	last	0.625	0.125	alternative	unique	110	704	1
NC_072446.2	13484849	13486169	-3	1	-	NC_072446.2	13484850	13485809	TUBB1	XM_055265046.2	-	3	1	360	1	3	3	8	1	1	last	last	0.125	0.125	unique	unique	959	959	1
NC_072446.2	13484849	13486169	-3	1	-	NC_072446.2	13484850	13486141	TUBB1	XM_055265047.2	-	3	3	28	1	3	5	8	5	1	middle	last	0.625	0.125	alternative	unique	110	376	1
NC_072446.2	15135782	15136424	-3	1	-	NC_072446.2	15135944	15136325	RBM38	XM_055265687.2	-	3	2	99	162	2	3	3	1	3	middle	middle	0.333	1.000	unique	constitutive	95	123	1
NC_072446.2	15135782	15136424	-3	1	-	NC_072446.2	15135944	15136067	RBM38	XM_055265688.2	-	3	1	357	162	2	2	3	3	3	middle	middle	1.000	1.000	constitutive	constitutive	123	123	2
NC_072446.2	26733696	26734293	-2	1	-	NC_072446.2	26733876	26734248	UBE2C	XM_055266055.2	-	2	2	45	180	4	5	6	4	4	middle	middle	0.667	0.667	alternative	alternative	204	59	2
NC_072446.2	26733696	26734293	-2	1	-	NC_072446.2	26733876	26733935	UBE2C	XM_055266056.2	-	2	1	358	180	5	5	6	4	4	middle	middle	0.667	0.667	alternative	alternative	59	59	2
NC_072446.2	26733696	26734293	-2	1	-	NC_072446.2	26733697	26734248	UBE2C	XM_063634231.1	-	2	2	45	1	4	5	6	4	2	middle	last	0.667	0.333	alternative	alternative	204	238	2
NC_072446.2	27126612	27127362	-2	1	-	NC_072446.2	27126745	27127288	PIGT	XM_055264995.2	-	2	2	74	133	3	4	5	3	5	middle	middle	0.600	1.000	alternative	constitutive	127	100	3
NC_072446.2	27126612	27127362	-2	1	-	NC_072446.2	27126745	27126845	PIGT	XM_055264996.2	-	2	1	517	133	3	3	5	5	5	middle	middle	1.000	1.000	constitutive	constitutive	100	100	2
NC_072446.2	27231234	27231831	-2	1	-	NC_072446.2	27231235	27231714	RBPJL	XM_055265000.2	-	2	2	117	1	11	12	5	4	3	middle	last	0.800	0.600	alternative	alternative	103	270	3
NC_072446.2	27231234	27231831	-2	1	-	NC_072446.2	27231235	27231714	RBPJL	XM_055265001.2	-	2	2	117	1	11	12	5	4	1	middle	last	0.800	0.200	alternative	unique	103	267	1
NC_072446.2	27231234	27231831	-2	1	-	NC_072446.2	27231604	27231714	RBPJL	XM_055265003.2	-	2	1	117	370	11	11	5	1	1	middle	middle	0.200	0.200	unique	unique	110	110	1
NC_072446.2	27247135	27247561	2	1	+	NC_072446.2	27247158	27247499	MATN4	XM_055264992.2	+	2	2	23	62	3	4	3	1	2	middle	middle	0.333	0.667	unique	alternative	122	122	1
NC_072446.2	27247135	27247561	2	1	+	NC_072446.2	27247377	27247499	MATN4	XM_055264993.2	+	2	1	242	62	3	3	3	2	2	middle	middle	0.667	0.667	alternative	alternative	122	122	1
NC_072446.2	31194017	31194731	-3	1	-	NC_072446.2	31194023	31194645	LPIN3	XM_055266605.2	-	3	2	86	6	5	6	8	8	6	middle	middle	1.000	0.750	constitutive	alternative	120	342	6
NC_072446.2	31194017	31194731	-3	1	-	NC_072446.2	31194525	31194645	LPIN3	XM_063633855.1	-	3	1	86	508	5	5	8	8	8	middle	middle	1.000	1.000	constitutive	constitutive	120	120	2
NC_072446.2	37032257	37032839	3	1	+	NC_072446.2	37032323	37032564	LOC129474845	XM_063633598.1	+	3	1	66	275	40	40	7	4	4	middle	middle	0.571	0.571	alternative	alternative	241	241	4
NC_072446.2	37032257	37032839	3	1	+	NC_072446.2	37032323	37032839	LOC129474845	XM_063633602.1	+	3	2	66	0	41	42	7	1	1	middle	last	0.143	0.143	unique	unique	318	47	1
NC_072446.2	37032257	37032839	3	1	+	NC_072446.2	37032323	37032524	LOC129474845	XM_063633603.1	+	3	1	66	315	41	41	7	1	1	middle	middle	0.143	0.143	unique	unique	201	201	1
NC_072446.2	38854471	38855347	2	1	+	NC_072446.2	38854904	38855026	NECAB3	XM_055266473.2	+	2	1	433	321	1	1	6	3	3	first	first	0.500	0.500	alternative	alternative	122	122	3
NC_072446.2	38854471	38855347	2	1	+	NC_072446.2	38854472	38854543	NECAB3	XM_055266474.2	+	2	1	1	804	1	1	6	1	1	first	first	0.167	0.167	unique	unique	71	71	1
NC_072446.2	40586729	40587167	3	1	+	NC_072446.2	40586851	40586931	PDRG1	XM_055266319.2	+	3	1	122	236	4	4	3	2	2	middle	middle	0.667	0.667	alternative	alternative	80	80	1
NC_072446.2	40586729	40587167	3	1	+	NC_072446.2	40586851	40587167	PDRG1	XM_055266320.2	+	3	2	122	0	4	5	3	2	1	middle	last	0.667	0.333	alternative	unique	80	19	1
NC_072446.2	41680990	41681512	2	1	+	NC_072446.2	41681004	41681125	RBCK1	XM_055266438.2	+	2	1	14	387	5	5	9	7	7	middle	middle	0.778	0.778	alternative	alternative	121	121	7
NC_072446.2	41680990	41681512	2	1	+	NC_072446.2	41681215	41681388	RBCK1	XM_055266441.2	+	2	1	225	124	3	3	9	1	1	middle	middle	0.111	0.111	unique	unique	173	173	1
NC_072446.2	43678588	43679413	2	1	+	NC_072446.2	43678833	43679412	TGM6	XM_055265556.2	+	2	2	245	1	11	12	2	2	1	middle	middle	1.000	0.500	constitutive	unique	154	133	1
NC_072446.2	43678588	43679413	2	1	+	NC_072446.2	43678833	43678987	TGM6	XM_055265557.2	+	2	1	245	426	11	11	2	2	2	middle	middle	1.000	1.000	constitutive	constitutive	154	154	1
NC_072446.2	44063041	44064019	-1	1	-	NC_072446.2	44063043	44063182	CPXM1	XM_055266123.2	-	1	1	837	2	4	4	3	3	3	middle	middle	1.000	1.000	constitutive	constitutive	139	139	2
NC_072446.2	44063041	44064019	-1	1	-	NC_072446.2	44063043	44063725	CPXM1	XM_055266125.2	-	1	2	294	2	1	3	3	1	3	first	middle	0.333	1.000	unique	constitutive	108	139	1
NC_072446.2	44120998	44121499	2	1	+	NC_072446.2	44121129	44121442	VPS16	XM_055264874.2	+	2	2	131	57	3	4	6	4	5	middle	middle	0.667	0.833	alternative	alternative	97	128	4
NC_072446.2	44120998	44121499	2	1	+	NC_072446.2	44121314	44121442	VPS16	XM_055264877.2	+	2	1	316	57	2	2	6	5	5	middle	middle	0.833	0.833	alternative	alternative	128	128	1
NC_072446.2	45098999	45099365	3	1	+	NC_072446.2	45099000	45099350	CDC25B	XM_055265309.2	+	3	2	1	15	7	8	11	9	11	middle	middle	0.818	1.000	alternative	constitutive	122	122	9
NC_072446.2	45098999	45099365	3	1	+	NC_072446.2	45099228	45099350	CDC25B	XM_055265311.2	+	3	1	229	15	7	7	11	11	11	middle	middle	1.000	1.000	constitutive	constitutive	122	122	2
NC_072446.2	45184027	45185413	2	1	+	NC_072446.2	45184499	45185126	PANK2	XM_055266286.2	+	2	1	472	287	1	1	8	4	4	first	first	0.500	0.500	alternative	alternative	627	627	4
NC_072446.2	45184027	45185413	2	1	+	NC_072446.2	45184238	45184415	PANK2	XM_063633502.1	+	2	1	211	998	1	1	8	1	1	first	first	0.125	0.125	unique	unique	177	177	1
NC_072446.2	50991684	50992104	-2	1	-	NC_072446.2	50991877	50991989	ENTPD6	XM_055265619.2	-	2	1	115	193	13	13	14	9	9	middle	middle	0.643	0.643	alternative	alternative	112	112	9
NC_072446.2	50991684	50992104	-2	1	-	NC_072446.2	50991685	50991698	ENTPD6	XM_063633870.1	-	2	1	406	1	14	14	14	4	4	last	last	0.286	0.286	alternative	alternative	13	13	4
NC_072446.2	8849433	8850384	-2	1	-	NC_072446.2	8849794	8850318	LIME1	XM_055266092.2	-	2	2	66	361	3	4	5	3	4	middle	middle	0.600	0.800	alternative	alternative	87	316	3
NC_072446.2	8849433	8850384	-2	1	-	NC_072446.2	8849794	8850110	LIME1	XM_063634115.1	-	2	1	274	361	4	4	5	4	4	middle	middle	0.800	0.800	alternative	alternative	316	316	1
NC_072446.2	8850229	8850958	-1	1	-	NC_072446.2	8850389	8850470	LIME1	XM_055266092.2	-	1	1	488	160	2	2	5	3	3	middle	middle	0.600	0.600	alternative	alternative	81	81	2
NC_072446.2	8850229	8850958	-1	1	-	NC_072446.2	8850644	8850758	LIME1	XM_063634115.1	-	1	1	200	415	2	2	5	1	1	middle	middle	0.200	0.200	unique	unique	114	114	1
NC_072446.2	8850229	8850958	-1	1	-	NC_072446.2	8850389	8850446	LIME1	XM_063634117.1	-	1	1	512	160	2	2	5	1	1	middle	middle	0.200	0.200	unique	unique	57	57	1
NC_072446.2	8850229	8850958	-1	1	-	NC_072446.2	8850231	8850470	LIME1	XM_063634118.1	-	1	2	488	2	2	3	5	3	1	middle	middle	0.600	0.200	alternative	unique	81	52	1
NC_072446.2	8882521	8883079	2	1	+	NC_072446.2	8882612	8882983	ARFRP1	XM_055266093.2	+	2	2	91	96	4	5	4	4	3	middle	middle	1.000	0.750	constitutive	alternative	81	70	3
NC_072446.2	8882521	8883079	2	1	+	NC_072446.2	8882612	8882693	ARFRP1	XM_063634146.1	+	2	1	91	386	4	4	4	4	4	middle	middle	1.000	1.000	constitutive	constitutive	81	81	1
NC_072446.2	8888987	8889518	-3	1	-	NC_072446.2	8889290	8889442	RTEL1	XM_055266065.2	-	3	1	76	303	33	33	31	19	19	middle	middle	0.613	0.613	alternative	alternative	152	152	13
NC_072446.2	8888987	8889518	-3	1	-	NC_072446.2	8889120	8889442	RTEL1	XM_055266070.2	-	3	1	76	133	33	33	31	9	9	middle	middle	0.290	0.290	alternative	alternative	322	322	9
NC_072446.2	8888987	8889518	-3	1	-	NC_072446.2	8888988	8889442	RTEL1	XM_055266072.2	-	3	2	76	1	33	34	31	19	6	middle	last	0.613	0.194	alternative	alternative	152	4	6
NC_072446.2	9323224	9324265	-1	1	-	NC_072446.2	9323507	9324067	ARFGAP1	XM_055265431.2	-	1	2	198	283	2	3	12	10	12	middle	middle	0.833	1.000	alternative	constitutive	109	171	10
NC_072446.2	9323224	9324265	-1	1	-	NC_072446.2	9323507	9323678	ARFGAP1	XM_055265440.2	-	1	1	587	283	2	2	12	12	12	middle	middle	1.000	1.000	constitutive	constitutive	171	171	2
NC_072447.2	139083979	139084429	-2	1	-	NC_072447.2	139084202	139084280	MAP7D3	XM_055268335.2	-	2	1	149	223	17	17	14	10	10	middle	middle	0.714	0.714	alternative	alternative	78	78	10
NC_072447.2	139083979	139084429	-2	1	-	NC_072447.2	139084009	139084106	MAP7D3	XM_055268339.2	-	2	1	323	30	17	17	14	4	4	middle	middle	0.286	0.286	alternative	alternative	97	97	4
NC_072447.2	156172551	156173115	1	1	+	NC_072447.2	156172690	156172764	PLXNB3	XM_055267383.2	+	1	1	139	351	33	33	6	5	5	middle	middle	0.833	0.833	alternative	alternative	74	74	5
NC_072447.2	156172551	156173115	1	1	+	NC_072447.2	156172690	156173115	PLXNB3	XM_063634287.1	+	1	2	139	0	33	34	6	1	1	middle	last	0.167	0.167	unique	unique	61	90	1
NC_072447.2	156801329	156801791	3	1	+	NC_072447.2	156801348	156801517	PLXNA3	XM_055268825.2	+	3	1	19	274	29	29	8	8	8	middle	middle	1.000	1.000	constitutive	constitutive	169	169	7
NC_072447.2	156801329	156801791	3	1	+	NC_072447.2	156801348	156801791	PLXNA3	XM_063634543.1	+	3	2	19	0	29	30	8	8	1	middle	last	1.000	0.125	constitutive	unique	169	3	1
NC_072447.2	20593506	20594202	-3	1	-	NC_072447.2	20593507	20593628	LOC129475865	XM_055268284.2	-	3	1	574	1	3	3	2	1	1	last	last	0.500	0.500	unique	unique	121	121	1
NC_072447.2	20593506	20594202	-3	1	-	NC_072447.2	20593507	20594103	LOC129475865	XM_055268285.2	-	3	2	99	1	1	2	2	1	1	first	last	0.500	0.500	unique	unique	101	302	1
NC_072447.2	61218421	61218979	-2	1	-	NC_072447.2	61218427	61218944	ZNF41	XM_055269284.2	-	2	2	35	6	2	3	15	5	13	middle	middle	0.333	0.867	alternative	alternative	166	95	5
NC_072447.2	61218421	61218979	-2	1	-	NC_072447.2	61218427	61218920	ZNF41	XM_055269290.2	-	2	2	59	6	2	3	15	5	13	middle	middle	0.333	0.867	alternative	alternative	142	95	5
NC_072447.2	61218421	61218979	-2	1	-	NC_072447.2	61218427	61218904	ZNF41	XM_055269292.2	-	2	2	75	6	2	3	15	3	13	middle	middle	0.200	0.867	alternative	alternative	126	95	3
NC_072447.2	61218421	61218979	-2	1	-	NC_072447.2	61218427	61218463	ZNF41	XM_055269296.2	-	2	1	516	6	1	1	15	2	2	first	first	0.133	0.133	alternative	alternative	36	36	2
NC_072447.2	62164690	62165260	2	1	+	NC_072447.2	62164804	62165189	PORCN	XM_055268985.2	+	2	2	114	71	9	10	19	18	19	middle	middle	0.947	1.000	alternative	constitutive	125	100	18
NC_072447.2	62164690	62165260	2	1	+	NC_072447.2	62165089	62165189	PORCN	XM_063634466.1	+	2	1	399	71	7	7	19	19	19	middle	middle	1.000	1.000	constitutive	constitutive	100	100	1
NC_072447.2	62829312	62830110	1	1	+	NC_072447.2	62829439	62829937	MAGIX	XM_055268115.2	+	1	2	127	173	4	5	8	3	8	middle	middle	0.375	1.000	alternative	constitutive	227	171	3
NC_072447.2	62829312	62830110	1	1	+	NC_072447.2	62829337	62829937	MAGIX	XM_055268118.2	+	1	2	25	173	1	2	8	3	8	first	middle	0.375	1.000	alternative	constitutive	329	171	3
NC_072447.2	62829312	62830110	1	1	+	NC_072447.2	62829766	62829937	MAGIX	XM_055268123.2	+	1	1	454	173	4	4	8	8	8	middle	middle	1.000	1.000	constitutive	constitutive	171	171	2
NC_072448.2	7821425	7821872	-3	1	-	NC_072448.2	7821452	7821856	ASMTL	XM_055269673.2	-	3	2	16	27	11	12	15	2	7	middle	middle	0.133	0.467	alternative	alternative	128	143	2
NC_072448.2	7821425	7821872	-3	1	-	NC_072448.2	7821452	7821595	ASMTL	XM_055269675.2	-	3	1	277	27	11	11	15	7	7	middle	middle	0.467	0.467	alternative	alternative	143	143	5
