chr	start	end	frame	filler	strand	chr	first_exon_start	last_exon_end	gene	transcript	exon_strand	exon_frame	exon_count	upstream_len_in_scfr	downstream_len_in_scfr	first_exon_number	last_exon_number	gene_tx_count	first_exon_tx_count	last_exon_tx_count	first_exon_order	last_exon_order	first_exon_sharing	last_exon_sharing	first_exon_splicing	last_exon_splicing	first_exon_overlap	last_exon_overlap	merged_txs
NC_073224.2	100690743	100691532	-2	1	-	NC_073224.2	100690984	100691109	LMNA	XM_055361821.2	-	2	1	423	241	5	5	11	10	10	middle	middle	0.909	0.909	alternative	alternative	125	125	10
NC_073224.2	100690743	100691532	-2	1	-	NC_073224.2	100691321	100691466	LMNA	XM_055361839.2	-	2	1	66	578	1	1	11	1	1	first	first	0.091	0.091	unique	unique	145	145	1
NC_073224.2	101729196	101729655	-2	1	-	NC_073224.2	101729197	101729615	EFNA3	XM_031010586.3	-	2	2	40	1	4	5	4	2	4	middle	last	0.500	1.000	alternative	constitutive	77	127	2
NC_073224.2	101729196	101729655	-2	1	-	NC_073224.2	101729197	101729324	EFNA3	XM_031010587.3	-	2	1	331	1	4	4	4	4	4	last	last	1.000	1.000	constitutive	constitutive	127	127	2
NC_073224.2	102882211	102882577	2	1	+	NC_073224.2	102882239	102882356	DENND4B	XM_019022962.3	+	2	1	28	221	24	24	7	6	6	middle	middle	0.857	0.857	alternative	alternative	117	117	6
NC_073224.2	102882211	102882577	2	1	+	NC_073224.2	102882239	102882577	DENND4B	XM_055359943.1	+	2	2	28	0	24	25	7	1	1	middle	last	0.143	0.143	unique	unique	41	131	1
NC_073224.2	12279012	12279816	1	1	+	NC_073224.2	12279164	12279807	CEP170	XM_063707163.1	+	1	2	152	9	8	9	43	43	29	middle	middle	1.000	0.674	constitutive	alternative	163	293	29
NC_073224.2	12279012	12279816	1	1	+	NC_073224.2	12279164	12279327	CEP170	XM_063707230.1	+	1	1	152	489	8	8	43	43	43	middle	middle	1.000	1.000	constitutive	constitutive	163	163	14
NC_073224.2	15689235	15689829	1	1	+	NC_073224.2	15689479	15689665	LOC129529226	XM_055373615.2	+	1	1	244	164	19	19	3	2	2	middle	middle	0.667	0.667	alternative	alternative	186	186	2
NC_073224.2	15689235	15689829	1	1	+	NC_073224.2	15689791	15689829	LOC129529226	XM_055373616.2	+	1	1	556	0	19	19	3	1	1	last	last	0.333	0.333	unique	unique	38	38	1
NC_073224.2	15801434	15802028	3	1	+	NC_073224.2	15801678	15801864	LOC129534588	XM_063707329.1	+	3	1	244	164	19	19	4	3	3	middle	middle	0.750	0.750	alternative	alternative	186	186	3
NC_073224.2	15801434	15802028	3	1	+	NC_073224.2	15801990	15802028	LOC129534588	XM_063707333.1	+	3	1	556	0	19	19	4	1	1	last	last	0.250	0.250	unique	unique	38	38	1
NC_073224.2	16128134	16128632	3	1	+	NC_073224.2	16128154	16128239	GUK1	XM_004028532.5	+	3	1	20	393	7	7	8	3	3	middle	middle	0.375	0.375	alternative	alternative	85	85	3
NC_073224.2	16128134	16128632	3	1	+	NC_073224.2	16128448	16128632	GUK1	XM_004028537.5	+	3	1	314	0	7	7	8	5	5	last	last	0.625	0.625	alternative	alternative	184	184	5
NC_073224.2	16348471	16349251	2	1	+	NC_073224.2	16348687	16348732	OBSCN	XM_063707457.1	+	2	1	216	519	102	102	40	36	36	middle	middle	0.900	0.900	alternative	alternative	45	45	36
NC_073224.2	16348471	16349251	2	1	+	NC_073224.2	16349173	16349250	OBSCN	XM_063707544.1	+	2	1	702	1	102	102	40	1	1	middle	middle	0.025	0.025	unique	unique	77	77	1
NC_073224.2	16353021	16353750	1	1	+	NC_073224.2	16353044	16353211	OBSCN	XM_063707457.1	+	1	1	23	539	107	107	40	36	36	middle	middle	0.900	0.900	alternative	alternative	167	167	35
NC_073224.2	16353021	16353750	1	1	+	NC_073224.2	16353044	16353750	OBSCN	XM_063707526.1	+	1	2	23	0	107	108	40	36	1	middle	last	0.900	0.025	alternative	unique	167	319	1
NC_073224.2	208158532	208159183	2	1	+	NC_073224.2	208158758	208159091	SPOCD1	XM_055390498.2	+	2	2	226	92	5	6	5	2	5	middle	middle	0.400	1.000	alternative	constitutive	125	54	2
NC_073224.2	208158532	208159183	2	1	+	NC_073224.2	208159037	208159091	SPOCD1	XM_055390503.2	+	2	1	505	92	5	5	5	5	5	middle	middle	1.000	1.000	constitutive	constitutive	54	54	3
NC_073224.2	216042464	216042947	3	1	+	NC_073224.2	216042486	216042921	GALE	XM_004024890.3	+	3	2	22	26	8	9	8	4	8	middle	middle	0.500	1.000	alternative	constitutive	77	114	4
NC_073224.2	216042464	216042947	3	1	+	NC_073224.2	216042807	216042921	GALE	XM_019012633.3	+	3	1	343	26	8	8	8	8	8	middle	middle	1.000	1.000	constitutive	constitutive	114	114	4
NC_073224.2	216760493	216760751	-3	1	-	NC_073224.2	216760605	216760751	KDM1A	XM_004024869.4	-	3	1	0	112	18	18	4	4	4	middle	middle	1.000	1.000	constitutive	constitutive	146	146	2
NC_073224.2	216760493	216760751	-3	1	-	NC_073224.2	216760494	216760751	KDM1A	XM_055387459.2	-	3	2	0	1	19	20	4	4	2	middle	last	1.000	0.500	constitutive	alternative	146	32	2
NC_073224.2	218610483	218611413	1	1	+	NC_073224.2	218610802	218611146	ECE1	XM_031009776.3	+	1	2	319	267	1	2	3	1	3	first	middle	0.333	1.000	unique	constitutive	50	86	1
NC_073224.2	218610483	218611413	1	1	+	NC_073224.2	218611060	218611146	ECE1	XM_031009777.3	+	1	1	577	267	2	2	3	3	3	middle	middle	1.000	1.000	constitutive	constitutive	86	86	1
NC_073224.2	218610483	218611413	1	1	+	NC_073224.2	218611060	218611146	ECE1	XM_055387005.2	+	1	1	577	267	1	1	3	3	3	first	first	1.000	1.000	constitutive	constitutive	86	86	1
NC_073224.2	222924322	222925171	2	1	+	NC_073224.2	222924330	222924730	ATP13A2	XM_031013306.3	+	2	2	8	441	21	22	10	10	8	middle	middle	1.000	0.800	constitutive	alternative	160	116	8
NC_073224.2	222924322	222925171	2	1	+	NC_073224.2	222924330	222924490	ATP13A2	XM_031013326.3	+	2	1	8	681	21	21	10	10	10	middle	middle	1.000	1.000	constitutive	constitutive	160	160	2
NC_073224.2	228564476	228565184	-3	1	-	NC_073224.2	228564477	228564564	MIIP	XM_055384614.2	-	3	1	620	1	10	10	8	2	2	last	last	0.250	0.250	alternative	alternative	87	87	2
NC_073224.2	228564476	228565184	-3	1	-	NC_073224.2	228564702	228564839	MIIP	XM_055384621.2	-	3	1	345	226	8	8	8	4	4	middle	middle	0.500	0.500	alternative	alternative	137	137	4
NC_073224.2	234381724	234382117	-1	1	-	NC_073224.2	234381800	234382069	HES3	XM_031001215.3	-	1	2	48	76	1	2	2	1	1	first	middle	0.500	0.500	unique	unique	62	95	1
NC_073224.2	234381724	234382117	-1	1	-	NC_073224.2	234381800	234381880	HES3	XM_055383326.2	-	1	1	237	76	1	1	2	1	1	first	first	0.500	0.500	unique	unique	80	80	1
NC_073224.2	234477181	234477838	2	1	+	NC_073224.2	234477279	234477445	CHD5	XM_031013331.3	+	2	1	98	393	8	8	4	3	3	middle	middle	0.750	0.750	alternative	alternative	166	166	3
NC_073224.2	234477181	234477838	2	1	+	NC_073224.2	234477616	234477811	CHD5	XM_055382883.2	+	2	1	435	27	4	4	4	1	1	middle	middle	0.250	0.250	unique	unique	195	195	1
NC_073224.2	238664163	238664766	-2	1	-	NC_073224.2	238664164	238664654	PRXL2B	XM_031007090.3	-	2	2	112	1	6	7	12	4	1	middle	last	0.333	0.083	alternative	unique	118	38	1
NC_073224.2	238664163	238664766	-2	1	-	NC_073224.2	238664536	238664654	PRXL2B	XM_031007091.3	-	2	1	112	373	6	6	12	4	4	middle	middle	0.333	0.333	alternative	alternative	118	118	3
NC_073224.2	238664163	238664766	-2	1	-	NC_073224.2	238664536	238664622	PRXL2B	XM_031007095.3	-	2	1	144	373	6	6	12	2	2	middle	middle	0.167	0.167	alternative	alternative	86	86	2
NC_073224.2	239331275	239331707	3	1	+	NC_073224.2	239331336	239331470	CFAP74	XM_055382619.2	+	3	1	61	237	37	37	7	7	7	middle	middle	1.000	1.000	constitutive	constitutive	134	134	5
NC_073224.2	239331275	239331707	3	1	+	NC_073224.2	239331336	239331707	CFAP74	XM_055382653.2	+	3	2	61	0	37	38	7	7	2	middle	last	1.000	0.286	constitutive	alternative	134	32	2
NC_073224.2	239575644	239576442	-2	1	-	NC_073224.2	239575689	239576080	MIB2	XM_055382246.2	-	2	2	362	45	5	6	19	19	12	middle	middle	1.000	0.632	constitutive	alternative	106	194	12
NC_073224.2	239575644	239576442	-2	1	-	NC_073224.2	239575974	239576080	MIB2	XM_055382303.2	-	2	1	362	330	5	5	19	19	19	middle	middle	1.000	1.000	constitutive	constitutive	106	106	7
NC_073224.2	239902760	239903378	3	1	+	NC_073224.2	239902969	239903067	ACAP3	XM_063703455.1	+	3	1	209	311	20	20	4	2	2	middle	middle	0.500	0.500	alternative	alternative	98	98	2
NC_073224.2	239902760	239903378	3	1	+	NC_073224.2	239903157	239903378	ACAP3	XM_063703461.1	+	3	1	397	0	20	20	4	1	1	last	last	0.250	0.250	unique	unique	221	221	1
NC_073224.2	239992123	239992879	2	1	+	NC_073224.2	239992758	239992879	TNFRSF18	XM_055381937.2	+	2	1	635	0	5	5	3	1	1	last	last	0.333	0.333	unique	unique	121	121	1
NC_073224.2	239992123	239992879	2	1	+	NC_073224.2	239992209	239992692	TNFRSF18	XM_055381940.2	+	2	2	86	187	3	4	3	1	1	middle	middle	0.333	0.333	unique	unique	130	202	1
NC_073224.2	240237736	240238180	-1	1	-	NC_073224.2	240237918	240238099	KLHL17	XM_055381745.2	-	1	1	81	182	11	11	7	4	4	middle	middle	0.571	0.571	alternative	alternative	181	181	4
NC_073224.2	240237736	240238180	-1	1	-	NC_073224.2	240237737	240237745	KLHL17	XM_055381756.2	-	1	1	435	1	11	11	7	2	2	last	last	0.286	0.286	alternative	alternative	8	8	2
NC_073224.2	29071275	29071869	-2	1	-	NC_073224.2	29071440	29071626	LOC129531982	XM_055379767.2	-	2	1	243	165	19	19	4	2	2	middle	middle	0.500	0.500	alternative	alternative	186	186	2
NC_073224.2	29071275	29071869	-2	1	-	NC_073224.2	29071276	29071626	LOC129531982	XM_063708056.1	-	2	2	243	1	19	20	4	1	2	middle	last	0.250	0.500	unique	alternative	152	38	1
NC_073224.2	29071275	29071869	-2	1	-	NC_073224.2	29071276	29071314	LOC129531982	XM_063708057.1	-	2	1	555	1	19	19	4	2	2	last	last	0.500	0.500	alternative	alternative	38	38	1
NC_073224.2	50740963	50741431	2	1	+	NC_073224.2	50741089	50741230	CTSE	XM_004028273.5	+	2	1	126	201	7	7	2	1	1	middle	middle	0.500	0.500	unique	unique	141	141	1
NC_073224.2	50740963	50741431	2	1	+	NC_073224.2	50741332	50741430	CTSE	XM_004028274.5	+	2	1	369	1	7	7	2	1	1	middle	middle	0.500	0.500	unique	unique	98	98	1
NC_073224.2	52564002	52564479	1	1	+	NC_073224.2	52564169	52564479	KISS1	XM_004028221.4	+	1	1	167	0	2	2	2	2	2	last	last	1.000	1.000	constitutive	constitutive	310	310	1
NC_073224.2	52564002	52564479	1	1	+	NC_073224.2	52564024	52564479	KISS1	XM_055368943.2	+	1	2	22	0	1	2	2	1	2	first	last	0.500	1.000	unique	constitutive	45	310	1
NC_073224.2	99307984	99308383	2	1	+	NC_073224.2	99308115	99308146	FCRL5	XM_004027012.5	+	2	1	131	237	16	16	2	1	1	middle	middle	0.500	0.500	unique	unique	31	31	1
NC_073224.2	99307984	99308383	2	1	+	NC_073224.2	99308224	99308383	FCRL5	XM_019024920.4	+	2	1	240	0	17	17	2	1	1	last	last	0.500	0.500	unique	unique	159	159	1
NC_073227.2	10386625	10387273	2	1	+	NC_073227.2	10386817	10386922	FGFR3	XM_031010317.3	+	2	1	192	351	16	16	15	12	12	middle	middle	0.800	0.800	alternative	alternative	105	105	12
NC_073227.2	10386625	10387273	2	1	+	NC_073227.2	10387101	10387273	FGFR3	XM_055384343.2	+	2	1	476	0	16	16	15	1	1	last	last	0.067	0.067	unique	unique	172	172	1
NC_073227.2	10386625	10387273	2	1	+	NC_073227.2	10387104	10387273	FGFR3	XM_055384344.2	+	2	1	479	0	16	16	15	2	2	last	last	0.133	0.133	alternative	alternative	169	169	2
NC_073227.2	119293514	119294519	3	1	+	NC_073227.2	119293941	119294054	METAP1	XM_031010307.3	+	3	1	427	465	1	1	6	5	5	first	first	0.833	0.833	alternative	alternative	113	113	5
NC_073227.2	119293514	119294519	3	1	+	NC_073227.2	119294079	119294519	LOC129533045	XM_055384691.2	+	3	1	565	0	1	1	1	1	1	first	first	1.000	1.000	constitutive	constitutive	440	440	1
NC_073227.2	148083329	148083584	-2	1	-	NC_073227.2	148083428	148083531	MFSD8	XM_031010355.3	-	2	1	53	99	10	10	8	7	7	middle	middle	0.875	0.875	alternative	alternative	103	103	7
NC_073227.2	148083329	148083584	-2	1	-	NC_073227.2	148083330	148083339	MFSD8	XM_055385332.2	-	2	1	245	1	9	9	8	1	1	last	last	0.125	0.125	unique	unique	9	9	1
NC_073227.2	179850785	179851220	3	1	+	NC_073227.2	179850830	179850930	FNIP2	XM_004040572.5	+	3	1	45	290	6	6	8	8	8	middle	middle	1.000	1.000	constitutive	constitutive	100	100	3
NC_073227.2	179850785	179851220	3	1	+	NC_073227.2	179850830	179851194	FNIP2	XM_019025683.4	+	3	2	45	26	6	7	8	8	5	middle	middle	1.000	0.625	constitutive	alternative	100	89	5
NC_073228.2	10250435	10250837	-1	1	-	NC_073228.2	10250520	10250819	HGS	XM_019027408.3	-	1	2	18	85	13	14	3	3	2	middle	middle	1.000	0.667	constitutive	alternative	143	59	2
NC_073228.2	10250435	10250837	-1	1	-	NC_073228.2	10250676	10250819	HGS	XM_019027410.4	-	1	1	18	241	13	13	3	3	3	middle	middle	1.000	1.000	constitutive	constitutive	143	143	1
NC_073228.2	10721312	10722215	3	1	+	NC_073228.2	10721542	10722214	TEPSIN	XM_055389461.2	+	3	2	230	1	8	9	7	5	7	middle	middle	0.714	1.000	alternative	constitutive	203	174	5
NC_073228.2	10721312	10722215	3	1	+	NC_073228.2	10722040	10722214	TEPSIN	XM_055389466.2	+	3	1	728	1	8	8	7	7	7	middle	middle	1.000	1.000	constitutive	constitutive	174	174	2
NC_073228.2	136182981	136183635	1	1	+	NC_073228.2	136183029	136183634	PDLIM4	XM_004042467.5	+	1	2	48	1	5	6	2	2	1	middle	middle	1.000	0.500	constitutive	unique	163	117	1
NC_073228.2	136182981	136183635	1	1	+	NC_073228.2	136183029	136183192	PDLIM4	XM_004042468.5	+	1	1	48	443	5	5	2	2	2	middle	middle	1.000	1.000	constitutive	constitutive	163	163	1
NC_073228.2	138015121	138016258	2	1	+	NC_073228.2	138015371	138016070	TCF7	XM_031010686.3	+	2	2	250	188	1	2	10	9	10	first	middle	0.900	1.000	alternative	constitutive	467	66	9
NC_073228.2	138015121	138016258	2	1	+	NC_073228.2	138016004	138016070	TCF7	XM_031010689.3	+	2	1	883	188	2	2	10	10	10	middle	middle	1.000	1.000	constitutive	constitutive	66	66	1
NC_073228.2	17102472	17102904	1	1	+	NC_073228.2	17102732	17102829	FDXR	XM_004040941.4	+	1	1	260	75	2	2	6	5	5	middle	middle	0.833	0.833	alternative	alternative	97	97	5
NC_073228.2	17102472	17102904	1	1	+	NC_073228.2	17102549	17102829	FDXR	XM_004040944.4	+	1	2	77	75	2	3	6	1	1	middle	middle	0.167	0.167	unique	unique	118	71	1
NC_073228.2	183598363	183598690	-2	1	-	NC_073228.2	183598375	183598617	HNRNPH1	XM_019027210.4	-	2	2	73	12	9	10	13	10	8	middle	middle	0.769	0.615	alternative	alternative	59	89	8
NC_073228.2	183598363	183598690	-2	1	-	NC_073228.2	183598528	183598617	HNRNPH1	XM_031011339.3	-	2	1	73	165	9	9	13	3	3	middle	middle	0.231	0.231	alternative	alternative	89	89	3
NC_073228.2	183598363	183598690	-2	1	-	NC_073228.2	183598405	183598617	HNRNPH1	XM_055386488.2	-	2	2	73	42	9	10	13	10	2	middle	middle	0.769	0.154	alternative	alternative	59	59	2
NC_073228.2	41406403	41406943	-2	1	-	NC_073228.2	41406692	41406869	ABCC3	XM_004041372.5	-	2	1	74	289	9	9	2	1	1	middle	middle	0.500	0.500	unique	unique	177	177	1
NC_073228.2	41406403	41406943	-2	1	-	NC_073228.2	41406439	41406600	ABCC3	XM_063706265.1	-	2	1	343	36	4	4	2	1	1	middle	middle	0.500	0.500	unique	unique	161	161	1
NC_073228.2	47942679	47943243	1	1	+	NC_073228.2	47942705	47943138	SLC25A39	XM_004041567.4	+	1	2	26	105	3	4	6	2	2	middle	middle	0.333	0.333	alternative	alternative	44	109	1
NC_073228.2	47942679	47943243	1	1	+	NC_073228.2	47942705	47943138	SLC25A39	XM_004041568.5	+	1	2	26	105	3	4	6	2	1	middle	middle	0.333	0.167	alternative	unique	44	133	1
NC_073228.2	47942679	47943243	1	1	+	NC_073228.2	47943029	47943138	SLC25A39	XM_004041569.4	+	1	1	350	105	3	3	6	2	2	middle	middle	0.333	0.333	alternative	alternative	109	109	1
NC_073228.2	49709269	49710250	-2	1	-	NC_073228.2	49709539	49710190	RAMP2	XM_004041632.4	-	2	2	60	270	1	2	3	1	3	first	middle	0.333	1.000	unique	constitutive	96	65	1
NC_073228.2	49709269	49710250	-2	1	-	NC_073228.2	49709539	49709604	RAMP2	XM_019028589.3	-	2	1	646	270	2	2	3	3	3	middle	middle	1.000	1.000	constitutive	constitutive	65	65	2
NC_073228.2	49805625	49806408	-3	1	-	NC_073228.2	49805668	49806231	TUBG2	XM_019026757.3	-	3	2	177	43	9	10	4	2	4	middle	middle	0.500	1.000	alternative	constitutive	149	152	2
NC_073228.2	49805625	49806408	-3	1	-	NC_073228.2	49805668	49805820	TUBG2	XM_019026759.3	-	3	1	588	43	9	9	4	4	4	middle	middle	1.000	1.000	constitutive	constitutive	152	152	2
NC_073228.2	52439435	52439849	3	1	+	NC_073228.2	52439713	52439824	MED24	XM_019026884.3	+	3	1	278	25	8	8	24	24	24	middle	middle	1.000	1.000	constitutive	constitutive	111	111	22
NC_073228.2	52439435	52439849	3	1	+	NC_073228.2	52439445	52439824	MED24	XM_055388217.2	+	3	2	10	25	1	2	24	2	24	first	middle	0.083	1.000	alternative	constitutive	81	111	2
NC_073228.2	52767807	52769355	-3	1	-	NC_073228.2	52767864	52769027	ERBB2	XM_004041820.4	-	3	4	328	57	4	7	6	5	5	middle	middle	0.833	0.833	alternative	alternative	134	141	5
NC_073228.2	52767807	52769355	-3	1	-	NC_073228.2	52767864	52767921	ERBB2	XM_055388201.2	-	3	1	1434	57	1	1	6	1	1	first	first	0.167	0.167	unique	unique	57	57	1
NC_073228.2	52820046	52820454	-3	1	-	NC_073228.2	52820089	52820340	STARD3	XM_004041813.4	-	3	2	114	43	3	4	14	14	10	middle	middle	1.000	0.714	constitutive	alternative	77	53	10
NC_073228.2	52820046	52820454	-3	1	-	NC_073228.2	52820263	52820340	STARD3	XM_055388241.2	-	3	1	114	217	3	3	14	14	14	middle	middle	1.000	1.000	constitutive	constitutive	77	77	4
NC_073228.2	56312381	56313185	-1	1	-	NC_073228.2	56312610	56312975	DHRS11	XM_004041873.5	-	1	2	210	229	5	6	2	1	2	middle	middle	0.500	1.000	unique	constitutive	92	65	1
NC_073228.2	56312381	56313185	-1	1	-	NC_073228.2	56312610	56312675	DHRS11	XM_019027191.4	-	1	1	510	229	5	5	2	2	2	middle	middle	1.000	1.000	constitutive	constitutive	65	65	1
NC_073228.2	63487531	63488113	-2	1	-	NC_073228.2	63487573	63488071	ANKRD13B	XM_031011287.3	-	2	3	42	42	2	4	5	4	2	middle	middle	0.800	0.400	alternative	alternative	135	45	2
NC_073228.2	63487531	63488113	-2	1	-	NC_073228.2	63487573	63488071	ANKRD13B	XM_055388595.2	-	2	2	42	42	2	3	5	4	2	middle	middle	0.800	0.400	alternative	alternative	135	254	2
NC_073228.2	63487531	63488113	-2	1	-	NC_073228.2	63487573	63487597	ANKRD13B	XM_063705857.1	-	2	1	516	42	1	1	5	1	1	first	first	0.200	0.200	unique	unique	24	24	1
NC_073228.2	80745088	80745706	-2	1	-	NC_073228.2	80745106	80745422	LOC101129411	XM_019028502.4	-	2	2	284	18	8	9	6	5	4	middle	middle	0.833	0.667	alternative	alternative	97	113	4
NC_073228.2	80745088	80745706	-2	1	-	NC_073228.2	80745106	80745275	LOC101129411	XM_055385952.2	-	2	1	431	18	8	8	6	1	1	middle	middle	0.167	0.167	unique	unique	169	169	1
NC_073228.2	80745088	80745706	-2	1	-	NC_073228.2	80745325	80745422	LOC101129411	XM_055385953.2	-	2	1	284	237	8	8	6	5	5	middle	middle	0.833	0.833	alternative	alternative	97	97	1
NC_073228.2	9931451	9932126	3	1	+	NC_073228.2	9931613	9932125	DUS1L	XM_004040799.5	+	3	2	162	1	6	7	4	3	3	middle	middle	0.750	0.750	alternative	alternative	103	144	3
NC_073228.2	9931451	9932126	3	1	+	NC_073228.2	9931613	9931777	DUS1L	XM_063705996.1	+	3	1	162	349	6	6	4	1	1	middle	middle	0.250	0.250	unique	unique	164	164	1
NC_073228.2	9973747	9974407	2	1	+	NC_073228.2	9973953	9974137	CENPX	XM_055389394.2	+	2	1	206	270	3	3	21	6	6	middle	middle	0.286	0.286	alternative	alternative	184	184	6
NC_073228.2	9973747	9974407	2	1	+	NC_073228.2	9973953	9974407	CENPX	XM_055389399.2	+	2	2	206	0	3	4	21	7	4	middle	last	0.333	0.190	alternative	alternative	53	139	2
NC_073228.2	9973747	9974407	2	1	+	NC_073228.2	9973953	9974356	CENPX	XM_055389400.2	+	2	2	206	51	3	4	21	7	5	middle	middle	0.333	0.238	alternative	alternative	53	88	3
NC_073228.2	9973747	9974407	2	1	+	NC_073228.2	9973953	9974341	CENPX	XM_055389401.2	+	2	2	206	66	3	4	21	7	4	middle	middle	0.333	0.190	alternative	alternative	53	73	2
NC_073228.2	9973747	9974407	2	1	+	NC_073228.2	9974268	9974356	CENPX	XM_055389403.2	+	2	1	521	51	3	3	21	5	5	middle	middle	0.238	0.238	alternative	alternative	88	88	2
NC_073228.2	9973747	9974407	2	1	+	NC_073228.2	9974268	9974341	CENPX	XM_055389405.2	+	2	1	521	66	3	3	21	4	4	middle	middle	0.190	0.190	alternative	alternative	73	73	2
NC_073228.2	9973747	9974407	2	1	+	NC_073228.2	9974268	9974407	CENPX	XM_063705743.1	+	2	1	521	0	3	3	21	4	4	last	last	0.190	0.190	alternative	alternative	139	139	2
NC_073228.2	9974225	9974441	3	1	+	NC_073228.2	9974268	9974356	CENPX	XM_055389394.2	+	3	1	43	85	4	4	21	5	5	middle	middle	0.238	0.238	alternative	alternative	88	88	5
NC_073228.2	9974225	9974441	3	1	+	NC_073228.2	9974430	9974441	CENPX	XM_055389400.2	+	3	1	205	0	5	5	21	9	9	last	last	0.429	0.429	alternative	alternative	11	11	9
NC_073228.2	9974225	9974441	3	1	+	NC_073228.2	9974268	9974341	CENPX	XM_063705742.1	+	3	1	43	100	4	4	21	1	1	middle	middle	0.048	0.048	unique	unique	73	73	1
NC_073228.2	99883828	99884542	2	1	+	NC_073228.2	99884057	99884458	RHOBTB3	XM_004042285.5	+	2	2	229	84	1	2	7	4	7	first	middle	0.571	1.000	alternative	constitutive	1	225	4
NC_073228.2	99883828	99884542	2	1	+	NC_073228.2	99884233	99884458	RHOBTB3	XM_055387175.2	+	2	1	405	84	2	2	7	7	7	middle	middle	1.000	1.000	constitutive	constitutive	225	225	3
NC_073229.2	48846752	48847190	-1	1	-	NC_073229.2	48846756	48847161	CCHCR1	XM_004043614.5	-	1	2	29	4	5	6	19	19	17	middle	middle	1.000	0.895	constitutive	alternative	135	110	17
NC_073229.2	48846752	48847190	-1	1	-	NC_073229.2	48847026	48847161	CCHCR1	XM_055389962.2	-	1	1	29	274	6	6	19	19	19	middle	middle	1.000	1.000	constitutive	constitutive	135	135	2
NC_073229.2	49315231	49315708	-2	1	-	NC_073229.2	49315232	49315479	LOC101138215	XM_031012050.3	-	2	2	229	1	2	3	2	2	1	middle	last	1.000	0.500	constitutive	unique	125	19	1
NC_073229.2	49315231	49315708	-2	1	-	NC_073229.2	49315354	49315479	LOC101138215	XM_031012051.3	-	2	1	229	123	2	2	2	2	2	middle	middle	1.000	1.000	constitutive	constitutive	125	125	1
NC_073229.2	49327225	49327621	2	1	+	NC_073229.2	49327497	49327595	MPIG6B	XM_004043700.5	+	2	1	272	26	5	5	5	2	2	middle	middle	0.400	0.400	alternative	alternative	98	98	2
NC_073229.2	49327225	49327621	2	1	+	NC_073229.2	49327338	49327378	MPIG6B	XM_004043701.5	+	2	1	113	243	3	3	5	1	1	middle	middle	0.200	0.200	unique	unique	40	40	1
NC_073229.2	49547465	49547987	3	1	+	NC_073229.2	49547676	49547978	C2	XM_019028977.4	+	3	2	211	9	16	17	8	8	6	middle	middle	1.000	0.750	constitutive	alternative	126	49	6
NC_073229.2	49547465	49547987	3	1	+	NC_073229.2	49547676	49547802	C2	XM_055390082.2	+	3	1	211	185	17	17	8	8	8	middle	middle	1.000	1.000	constitutive	constitutive	126	126	2
NC_073229.2	52845854	52846562	3	1	+	NC_073229.2	52845870	52846040	ANKS1A	XM_031011969.3	+	3	1	16	522	23	23	15	15	15	middle	middle	1.000	1.000	constitutive	constitutive	170	170	9
NC_073229.2	52845854	52846562	3	1	+	NC_073229.2	52845870	52846472	ANKS1A	XM_055390220.2	+	3	2	16	90	24	25	15	15	6	middle	middle	1.000	0.400	constitutive	alternative	170	98	6
NC_073229.2	61245211	61245613	2	1	+	NC_073229.2	61245289	61245434	ABCC10	XM_004044064.5	+	2	1	78	179	17	17	14	11	11	middle	middle	0.786	0.786	alternative	alternative	145	145	11
NC_073229.2	61245211	61245613	2	1	+	NC_073229.2	61245289	61245612	ABCC10	XM_063707144.1	+	2	2	78	1	18	19	14	1	1	middle	middle	0.071	0.071	unique	unique	129	97	1
NC_073230.2	12220119	12221076	1	1	+	NC_073230.2	12220876	12221020	AP5Z1	XM_004045052.5	+	1	1	757	56	4	4	3	2	2	middle	middle	0.667	0.667	alternative	alternative	144	144	1
NC_073230.2	12220119	12221076	1	1	+	NC_073230.2	12220294	12221020	AP5Z1	XM_055346440.2	+	1	2	175	56	1	2	3	1	2	first	middle	0.333	0.667	unique	alternative	233	144	1
NC_073230.2	12220119	12221076	1	1	+	NC_073230.2	12220978	12221020	AP5Z1	XM_055346441.2	+	1	1	859	56	1	1	3	1	1	first	first	0.333	0.333	unique	unique	42	42	1
NC_073230.2	160205193	160206132	-3	1	-	NC_073230.2	160205450	160205578	WDR86	XM_019031332.4	-	3	1	554	257	5	5	14	1	1	middle	middle	0.071	0.071	unique	unique	128	128	1
NC_073230.2	160205193	160206132	-3	1	-	NC_073230.2	160205194	160205578	WDR86	XM_031012845.3	-	3	1	554	1	5	5	14	2	2	last	last	0.143	0.143	alternative	alternative	384	384	2
NC_073230.2	160205193	160206132	-3	1	-	NC_073230.2	160205712	160205815	WDR86	XM_031012849.3	-	3	1	317	519	5	5	14	5	5	middle	middle	0.357	0.357	alternative	alternative	103	103	5
NC_073230.2	28902240	28902825	1	1	+	NC_073230.2	28902247	28902789	SP4	XM_031013512.3	+	1	2	7	36	1	2	2	1	1	first	middle	0.500	0.500	unique	unique	6	115	1
NC_073230.2	28902240	28902825	1	1	+	NC_073230.2	28902718	28902789	SP4	XM_055347301.2	+	1	1	478	36	1	1	2	1	1	first	first	0.500	0.500	unique	unique	71	71	1
NC_073230.2	51972512	51973172	-1	1	-	NC_073230.2	51972997	51973152	GCK	XM_004045372.4	-	1	1	20	485	8	8	2	1	1	middle	middle	0.500	0.500	unique	unique	155	155	1
NC_073230.2	51972512	51973172	-1	1	-	NC_073230.2	51973153	51973160	GCK	XM_055347752.1	-	1	1	12	641	1	1	2	1	1	first	first	0.500	0.500	unique	unique	7	7	1
NC_073230.2	52577356	52578019	2	1	+	NC_073230.2	52577426	52577867	ZMIZ2	XM_031012989.3	+	2	2	70	152	7	8	17	11	17	middle	middle	0.647	1.000	alternative	constitutive	77	168	11
NC_073230.2	52577356	52578019	2	1	+	NC_073230.2	52577699	52577867	ZMIZ2	XM_031012990.3	+	2	1	343	152	7	7	17	17	17	middle	middle	1.000	1.000	constitutive	constitutive	168	168	6
NC_073230.2	83132281	83133373	2	1	+	NC_073230.2	83132367	83132921	ELN	XM_031012708.3	+	2	2	86	452	6	8	26	26	10	middle	middle	1.000	0.385	constitutive	alternative	92	65	10
NC_073230.2	83132281	83133373	2	1	+	NC_073230.2	83132367	83132921	ELN	XM_031012710.3	+	2	2	86	452	6	8	26	26	14	middle	middle	1.000	0.538	constitutive	alternative	92	50	14
NC_073230.2	83132281	83133373	2	1	+	NC_073230.2	83132367	83132459	ELN	XM_055392742.2	+	2	1	86	914	6	6	26	26	26	middle	middle	1.000	1.000	constitutive	constitutive	92	92	2
NC_073230.2	84319612	84320062	-2	1	-	NC_073230.2	84319639	84320038	UPK3B	XM_004045623.5	-	2	2	24	27	1	2	2	2	1	first	middle	1.000	0.500	constitutive	unique	84	149	1
NC_073230.2	84319612	84320062	-2	1	-	NC_073230.2	84319954	84320038	UPK3B	XM_055392811.2	-	2	1	24	342	1	1	2	2	2	first	first	1.000	1.000	constitutive	constitutive	84	84	1
NC_073230.2	84860162	84864443	3	1	+	NC_073230.2	84864002	84864420	TMEM120A	XM_055392835.2	+	3	2	3840	23	12	14	23	12	12	middle	middle	0.522	0.522	alternative	alternative	89	61	12
NC_073230.2	84860162	84864443	3	1	+	NC_073230.2	84864002	84864260	TMEM120A	XM_055392854.2	+	3	1	3840	183	6	6	23	2	2	middle	middle	0.087	0.087	alternative	alternative	258	258	2
NC_073230.2	87646410	87673767	-3	1	-	NC_073230.2	87651141	87656925	MUC17	XM_055347861.1	-	3	1	16842	4731	1	1	1	1	1	first	first	1.000	1.000	constitutive	constitutive	5784	5784	1
NC_073230.2	87646410	87673767	-3	1	-	NC_073230.2	87662200	87667410	LOC129523904	XM_055347862.1	-	3	1	6357	15790	1	1	1	1	1	first	first	1.000	1.000	constitutive	constitutive	5210	5210	1
NC_073230.2	87646410	87673767	-3	1	-	NC_073230.2	87668877	87673512	LOC129523905	XM_055347863.1	-	3	1	255	22467	1	1	1	1	1	first	first	1.000	1.000	constitutive	constitutive	4635	4635	1
NC_073230.2	87697258	87740314	-2	1	-	NC_073230.2	87697969	87705388	LOC101147131	XM_019030451.4	-	2	1	34926	711	1	1	1	1	1	first	first	1.000	1.000	constitutive	constitutive	7419	7419	1
NC_073230.2	87697258	87740314	-2	1	-	NC_073230.2	87705791	87711886	LOC134758806	XM_063708064.1	-	2	1	28428	8533	1	1	1	1	1	first	first	1.000	1.000	constitutive	constitutive	6095	6095	1
NC_073230.2	87697258	87740314	-2	1	-	NC_073230.2	87712289	87721633	LOC134758807	XM_063708065.1	-	2	1	18681	15031	1	1	1	1	1	first	first	1.000	1.000	constitutive	constitutive	9344	9344	1
NC_073230.2	87697258	87740314	-2	1	-	NC_073230.2	87722036	87738952	LOC134758808	XM_063708066.1	-	2	1	1362	24778	1	1	1	1	1	first	first	1.000	1.000	constitutive	constitutive	16916	16916	1
NC_073230.2	87793422	87815400	-3	1	-	NC_073230.2	87794712	87796113	LOC129523911	XM_055347869.1	-	3	2	19287	1290	1	2	1	1	1	first	middle	1.000	1.000	constitutive	constitutive	67	1120	1
NC_073230.2	87793422	87815400	-3	1	-	NC_073230.2	87798537	87799959	LOC129523912	XM_055347870.1	-	3	1	15441	5115	1	1	1	1	1	first	first	1.000	1.000	constitutive	constitutive	1422	1422	1
NC_073230.2	87793422	87815400	-3	1	-	NC_073230.2	87800931	87802353	LOC129523913	XM_055347871.1	-	3	1	13047	7509	1	1	1	1	1	first	first	1.000	1.000	constitutive	constitutive	1422	1422	1
NC_073230.2	87793422	87815400	-3	1	-	NC_073230.2	87803325	87804747	LOC129523914	XM_055347872.1	-	3	1	10653	9903	1	1	1	1	1	first	first	1.000	1.000	constitutive	constitutive	1422	1422	1
NC_073230.2	87793422	87815400	-3	1	-	NC_073230.2	87805719	87807141	LOC129523915	XM_055347873.1	-	3	1	8259	12297	1	1	1	1	1	first	first	1.000	1.000	constitutive	constitutive	1422	1422	1
NC_073230.2	87793422	87815400	-3	1	-	NC_073230.2	87811243	87815321	LOC129523916	XM_055347874.1	-	3	4	79	17821	2	7	1	1	1	middle	middle	1.000	1.000	constitutive	constitutive	792	135	1
NC_073231.2	105325048	105325432	2	1	+	NC_073231.2	105325073	105325244	VPS13B	XM_031013638.3	+	2	1	25	188	25	25	34	31	31	middle	middle	0.912	0.912	alternative	alternative	171	171	27
NC_073231.2	105325048	105325432	2	1	+	NC_073231.2	105325073	105325432	VPS13B	XM_055348104.2	+	2	2	25	0	25	26	34	31	4	middle	last	0.912	0.118	alternative	alternative	171	1	4
NC_073231.2	109744980	109745655	1	1	+	NC_073231.2	109745102	109745169	RIMS2	XM_004047410.5	+	1	1	122	486	3	3	50	25	25	middle	middle	0.500	0.500	alternative	alternative	67	67	25
NC_073231.2	109744980	109745655	1	1	+	NC_073231.2	109745294	109745502	RIMS2	XM_004047411.5	+	1	1	314	153	3	3	50	25	25	middle	middle	0.500	0.500	alternative	alternative	208	208	25
NC_073231.2	149905266	149906022	-2	1	-	NC_073231.2	149905519	149905620	OPLAH	XM_004047658.5	-	2	1	402	253	17	17	6	5	5	middle	middle	0.833	0.833	alternative	alternative	101	101	5
NC_073231.2	149905266	149906022	-2	1	-	NC_073231.2	149905268	149905889	OPLAH	XM_055348501.2	-	2	2	133	2	18	20	6	1	1	middle	middle	0.167	0.167	unique	unique	155	174	1
NC_073231.2	150238077	150238668	1	1	+	NC_073231.2	150238255	150238455	ADCK5	XM_031013839.3	+	1	1	178	213	5	5	7	5	5	middle	middle	0.714	0.714	alternative	alternative	200	200	5
NC_073231.2	150238077	150238668	1	1	+	NC_073231.2	150238120	150238455	ADCK5	XM_031013842.3	+	1	2	43	213	1	2	7	2	2	first	middle	0.286	0.286	alternative	alternative	25	195	2
NC_073231.2	150350864	150351467	3	1	+	NC_073231.2	150351107	150351272	PPP1R16A	XM_055348594.2	+	3	1	243	195	9	9	15	15	15	middle	middle	1.000	1.000	constitutive	constitutive	165	165	13
NC_073231.2	150350864	150351467	3	1	+	NC_073231.2	150351107	150351467	PPP1R16A	XM_063709651.1	+	3	2	243	0	8	9	15	15	2	middle	last	1.000	0.133	constitutive	alternative	165	35	2
NC_073231.2	150362191	150362527	-1	1	-	NC_073231.2	150362296	150362465	RECQL4	XM_055348555.2	-	1	1	62	105	15	15	23	21	21	middle	middle	0.913	0.913	alternative	alternative	169	169	21
NC_073231.2	150362191	150362527	-1	1	-	NC_073231.2	150362192	150362228	RECQL4	XM_055348577.2	-	1	1	299	1	15	15	23	1	1	last	last	0.043	0.043	unique	unique	36	36	1
NC_073231.2	150362546	150364073	-3	1	-	NC_073231.2	150362548	150363617	RECQL4	XM_055348555.2	-	3	2	456	2	13	14	23	12	16	middle	middle	0.522	0.696	alternative	alternative	494	496	11
NC_073231.2	150362546	150364073	-3	1	-	NC_073231.2	150362548	150363617	RECQL4	XM_055348556.2	-	3	3	456	2	13	15	23	12	6	middle	middle	0.522	0.261	alternative	alternative	494	129	1
NC_073231.2	150362546	150364073	-3	1	-	NC_073231.2	150362548	150363617	RECQL4	XM_055348558.2	-	3	3	456	2	13	15	23	10	16	middle	middle	0.435	0.696	alternative	alternative	141	496	5
NC_073231.2	150362546	150364073	-3	1	-	NC_073231.2	150362548	150363617	RECQL4	XM_055348560.2	-	3	4	456	2	13	16	23	10	6	middle	middle	0.435	0.261	alternative	alternative	141	129	5
NC_073231.2	150362546	150364073	-3	1	-	NC_073231.2	150363386	150363617	RECQL4	XM_055348579.2	-	3	1	456	840	13	13	23	1	1	middle	middle	0.043	0.043	unique	unique	231	231	1
NC_073231.2	150684518	150686669	3	1	+	NC_073231.2	150684859	150686669	ZNF7	XM_004047711.4	+	3	1	341	0	4	4	16	13	13	last	last	0.812	0.812	alternative	alternative	1810	1810	12
NC_073231.2	150684518	150686669	3	1	+	NC_073231.2	150684561	150686669	ZNF7	XM_055348628.2	+	3	2	43	0	1	2	16	1	13	first	last	0.062	0.812	unique	alternative	105	1810	1
NC_073231.2	150684518	150686669	3	1	+	NC_073231.2	150684900	150686669	ZNF7	XM_055348629.2	+	3	1	382	0	1	1	16	3	3	first	first	0.188	0.188	alternative	alternative	1769	1769	3
NC_073231.2	26334804	26335389	-2	1	-	NC_073231.2	26334907	26335329	REEP4	XM_004046744.5	-	2	2	60	103	6	7	3	2	1	middle	middle	0.667	0.333	alternative	unique	135	154	1
NC_073231.2	26334804	26335389	-2	1	-	NC_073231.2	26335194	26335329	REEP4	XM_019032827.4	-	2	1	60	390	6	6	3	2	2	middle	middle	0.667	0.667	alternative	alternative	135	135	1
NC_073232.2	109113040	109114420	2	1	+	NC_073232.2	109113179	109113275	LCOR	XM_031015375.3	+	2	1	139	1145	1	1	16	3	3	first	first	0.188	0.188	alternative	alternative	96	96	3
NC_073232.2	109113040	109114420	2	1	+	NC_073232.2	109113917	109114355	LCOR	XM_055352615.2	+	2	2	877	65	1	2	16	2	2	first	middle	0.125	0.125	alternative	alternative	76	73	2
NC_073232.2	109113040	109114420	2	1	+	NC_073232.2	109113917	109113989	LCOR	XM_063710342.1	+	2	1	877	431	1	1	16	2	2	first	first	0.125	0.125	alternative	alternative	72	72	2
NC_073232.2	110699948	110700332	-3	1	-	NC_073232.2	110699984	110700053	HPS1	XM_031015222.3	-	3	1	279	36	8	8	25	19	19	middle	middle	0.760	0.760	alternative	alternative	69	69	19
NC_073232.2	110699948	110700332	-3	1	-	NC_073232.2	110700202	110700300	HPS1	XM_063710383.1	-	3	1	32	254	9	9	25	3	3	middle	middle	0.120	0.120	alternative	alternative	98	98	3
NC_073232.2	110699948	110700332	-3	1	-	NC_073232.2	110699949	110700053	HPS1	XM_063710385.1	-	3	1	279	1	10	10	25	1	1	last	last	0.040	0.040	unique	unique	104	104	1
NC_073232.2	116397635	116397905	3	1	+	NC_073232.2	116397723	116397732	SFR1	XM_019034466.4	+	3	1	88	173	1	1	2	1	1	first	first	0.500	0.500	unique	unique	9	9	1
NC_073232.2	116397635	116397905	3	1	+	NC_073232.2	116397762	116397774	SFR1	XM_055352895.2	+	3	1	127	131	1	1	2	1	1	first	first	0.500	0.500	unique	unique	12	12	1
NC_073232.2	41880044	41880416	3	1	+	NC_073232.2	41880305	41880399	CAMK2G	XM_031015076.3	+	3	1	261	17	2	2	31	28	28	middle	middle	0.903	0.903	alternative	alternative	94	94	25
NC_073232.2	41880044	41880416	3	1	+	NC_073232.2	41880186	41880399	CAMK2G	XM_055353409.2	+	3	2	142	17	1	2	31	3	28	first	middle	0.097	0.903	alternative	alternative	1	94	3
NC_073232.2	8976884	8977370	-3	1	-	NC_073232.2	8977034	8977331	TUBB8	XM_004048969.5	-	3	2	39	150	2	3	8	5	3	middle	middle	0.625	0.375	alternative	alternative	108	110	3
NC_073232.2	8976884	8977370	-3	1	-	NC_073232.2	8977223	8977331	TUBB8	XM_019034340.4	-	3	1	39	339	2	2	8	5	5	middle	middle	0.625	0.625	alternative	alternative	108	108	2
NC_073232.2	8976884	8977370	-3	1	-	NC_073232.2	8977034	8977094	TUBB8	XM_031014959.3	-	3	1	276	150	1	1	8	2	2	first	first	0.250	0.250	alternative	alternative	60	60	2
NC_073232.2	96606410	96607367	-3	1	-	NC_073232.2	96606411	96607168	LRIT2	XM_004049698.5	-	3	1	199	1	3	3	2	2	2	last	last	1.000	1.000	constitutive	constitutive	757	757	1
NC_073232.2	96606410	96607367	-3	1	-	NC_073232.2	96606411	96607345	LRIT2	XM_063709785.1	-	3	2	22	1	3	4	2	1	2	middle	last	0.500	1.000	unique	constitutive	29	757	1
NC_073233.2	141897094	141898021	-2	1	-	NC_073233.2	141897335	141897891	IGSF9B	XM_019037158.4	-	2	2	130	241	8	9	10	10	9	middle	middle	1.000	0.900	constitutive	alternative	142	140	9
NC_073233.2	141897094	141898021	-2	1	-	NC_073233.2	141897749	141897891	IGSF9B	XM_063693686.1	-	2	1	130	655	8	8	10	10	10	middle	middle	1.000	1.000	constitutive	constitutive	142	142	1
NC_073233.2	38144629	38145010	-2	1	-	NC_073233.2	38144827	38144992	PAX6	XM_004050880.5	-	2	1	18	198	4	4	12	8	8	middle	middle	0.667	0.667	alternative	alternative	165	165	8
NC_073233.2	38144629	38145010	-2	1	-	NC_073233.2	38144671	38144791	PAX6	XM_031015748.3	-	2	1	219	42	1	1	12	1	1	first	first	0.083	0.083	unique	unique	120	120	1
NC_073233.2	38144629	38145010	-2	1	-	NC_073233.2	38144827	38144941	PAX6	XM_031015750.3	-	2	1	69	198	1	1	12	2	2	first	first	0.167	0.167	alternative	alternative	114	114	2
NC_073233.2	50448070	50448781	2	1	+	NC_073233.2	50448099	50448241	ACCS	XM_004050975.4	+	2	1	29	540	12	12	6	6	6	middle	middle	1.000	1.000	constitutive	constitutive	142	142	3
NC_073233.2	50448070	50448781	2	1	+	NC_073233.2	50448099	50448781	ACCS	XM_019037673.3	+	2	2	29	0	12	13	6	6	3	middle	last	1.000	0.500	constitutive	alternative	142	170	3
NC_073233.2	52741308	52741884	1	1	+	NC_073233.2	52741426	52741716	DGKZ	XM_004051007.5	+	1	2	118	168	7	8	13	10	13	middle	middle	0.769	1.000	alternative	constitutive	71	116	10
NC_073233.2	52741308	52741884	1	1	+	NC_073233.2	52741600	52741716	DGKZ	XM_055354783.2	+	1	1	292	168	7	7	13	13	13	middle	middle	1.000	1.000	constitutive	constitutive	116	116	3
NC_073233.2	53651475	53651955	1	1	+	NC_073233.2	53651476	53651947	NR1H3	XM_019036435.4	+	1	2	1	8	5	6	9	6	9	middle	middle	0.667	1.000	alternative	constitutive	179	99	6
NC_073233.2	53651475	53651955	1	1	+	NC_073233.2	53651848	53651947	NR1H3	XM_063711173.1	+	1	1	373	8	5	5	9	9	9	middle	middle	1.000	1.000	constitutive	constitutive	99	99	3
NC_073233.2	53984965	53985664	2	1	+	NC_073233.2	53984985	53985664	FAM180B	XM_004051069.4	+	2	2	20	0	2	3	3	1	2	middle	last	0.333	0.667	unique	alternative	70	392	1
NC_073233.2	53984965	53985664	2	1	+	NC_073233.2	53985272	53985664	FAM180B	XM_031016319.3	+	2	1	307	0	2	2	3	2	2	last	last	0.667	0.667	alternative	alternative	392	392	1
NC_073233.2	53984965	53985664	2	1	+	NC_073233.2	53985302	53985664	FAM180B	XM_063711189.1	+	2	1	337	0	1	1	3	1	1	first	first	0.333	0.333	unique	unique	362	362	1
NC_073233.2	6686248	6687211	-2	1	-	NC_073233.2	6686490	6686770	SIRT3	XM_019036200.4	-	2	1	441	242	1	1	20	8	8	first	first	0.400	0.400	alternative	alternative	280	280	8
NC_073233.2	6686248	6687211	-2	1	-	NC_073233.2	6687003	6687121	SIRT3	XM_019036202.4	-	2	1	90	755	1	1	20	4	4	first	first	0.200	0.200	alternative	alternative	118	118	4
NC_073233.2	6686248	6687211	-2	1	-	NC_073233.2	6686636	6686770	SIRT3	XM_019036203.4	-	2	1	441	388	1	1	20	3	3	first	first	0.150	0.150	alternative	alternative	134	134	3
NC_073233.2	6830310	6830721	1	1	+	NC_073233.2	6830386	6830650	B4GALNT4	XM_055355690.2	+	1	2	76	71	4	5	3	2	3	middle	middle	0.667	1.000	alternative	constitutive	95	90	2
NC_073233.2	6830310	6830721	1	1	+	NC_073233.2	6830560	6830650	B4GALNT4	XM_055355691.2	+	1	1	250	71	4	4	3	3	3	middle	middle	1.000	1.000	constitutive	constitutive	90	90	1
NC_073233.2	72126723	72127569	1	1	+	NC_073233.2	72126739	72127446	NUDT22	XM_004051425.4	+	1	2	16	123	1	2	4	2	2	first	middle	0.500	0.500	alternative	alternative	2	497	2
NC_073233.2	72126723	72127569	1	1	+	NC_073233.2	72126967	72127446	NUDT22	XM_019036176.3	+	1	1	244	123	1	1	4	2	2	first	first	0.500	0.500	alternative	alternative	479	479	2
NC_073233.2	72141744	72142923	1	1	+	NC_073233.2	72142662	72142836	FKBP2	XM_004051431.4	+	1	1	918	87	2	2	7	2	2	middle	middle	0.286	0.286	alternative	alternative	174	174	1
NC_073233.2	72141744	72142923	1	1	+	NC_073233.2	72142666	72142836	FKBP2	XM_004051433.3	+	1	1	922	87	1	1	7	5	5	first	first	0.714	0.714	alternative	alternative	170	170	5
NC_073233.2	72141744	72142923	1	1	+	NC_073233.2	72141943	72142836	FKBP2	XM_031016360.1	+	1	2	199	87	1	2	7	1	2	first	middle	0.143	0.286	unique	alternative	82	174	1
NC_073233.2	72725903	72726386	-1	1	-	NC_073233.2	72725976	72726093	CDC42BPG	XM_019035676.3	-	1	1	293	73	34	34	7	5	5	middle	middle	0.714	0.714	alternative	alternative	117	117	5
NC_073233.2	72725903	72726386	-1	1	-	NC_073233.2	72726204	72726324	CDC42BPG	XM_055354439.2	-	1	1	62	301	32	32	7	1	1	middle	middle	0.143	0.143	unique	unique	120	120	1
NC_073233.2	7274934	7275756	1	1	+	NC_073233.2	7275441	7275512	CRACR2B	XM_004050384.5	+	1	1	507	244	8	8	8	1	1	middle	middle	0.125	0.125	unique	unique	71	71	1
NC_073233.2	7274934	7275756	1	1	+	NC_073233.2	7275083	7275249	CRACR2B	XM_019036308.4	+	1	1	149	507	6	6	8	1	1	middle	middle	0.125	0.125	unique	unique	166	166	1
NC_073233.2	7274934	7275756	1	1	+	NC_073233.2	7275752	7275756	CRACR2B	XM_019036309.4	+	1	1	818	0	8	8	8	1	1	last	last	0.125	0.125	unique	unique	4	4	1
NC_073233.2	7274934	7275756	1	1	+	NC_073233.2	7275083	7275512	CRACR2B	XM_055355775.2	+	1	1	149	244	6	6	8	4	4	middle	middle	0.500	0.500	alternative	alternative	429	429	4
NC_073233.2	72797040	72797433	-3	1	-	NC_073233.2	72797042	72797373	ATG2A	XM_055354444.2	-	3	2	60	2	34	35	13	13	12	middle	middle	1.000	0.923	constitutive	alternative	84	135	12
NC_073233.2	72797040	72797433	-3	1	-	NC_073233.2	72797289	72797373	ATG2A	XM_055354453.2	-	3	1	60	249	34	34	13	13	13	middle	middle	1.000	1.000	constitutive	constitutive	84	84	1
NC_073233.2	72977802	72978519	-3	1	-	NC_073233.2	72977803	72978480	CDCA5	XM_004051480.4	-	3	2	39	1	5	6	6	6	2	middle	last	1.000	0.333	constitutive	alternative	434	77	2
NC_073233.2	72977802	72978519	-3	1	-	NC_073233.2	72978046	72978480	CDCA5	XM_019036034.4	-	3	1	39	244	5	5	6	6	6	middle	middle	1.000	1.000	constitutive	constitutive	434	434	4
NC_073233.2	73255196	73256429	3	1	+	NC_073233.2	73255272	73255350	DPF2	XM_004051504.4	+	3	1	76	1079	6	6	2	2	2	middle	middle	1.000	1.000	constitutive	constitutive	78	78	1
NC_073233.2	73255196	73256429	3	1	+	NC_073233.2	73255272	73255902	DPF2	XM_004051505.5	+	3	2	76	527	6	7	2	2	1	middle	middle	1.000	0.500	constitutive	unique	78	41	1
NC_073233.2	73433452	73434256	2	1	+	NC_073233.2	73433963	73434189	SCYL1	XM_004051510.5	+	2	1	511	67	4	4	13	12	12	middle	middle	0.923	0.923	alternative	alternative	226	226	11
NC_073233.2	73433452	73434256	2	1	+	NC_073233.2	73433768	73434189	SCYL1	XM_063710691.1	+	2	2	316	67	1	2	13	1	12	first	middle	0.077	0.923	unique	alternative	119	226	1
NC_073233.2	73445493	73446006	1	1	+	NC_073233.2	73445614	73445685	SCYL1	XM_004051510.5	+	1	1	121	321	15	15	13	8	8	middle	middle	0.615	0.615	alternative	alternative	71	71	6
NC_073233.2	73445493	73446006	1	1	+	NC_073233.2	73445617	73445685	SCYL1	XM_019035923.4	+	1	1	124	321	15	15	13	5	5	middle	middle	0.385	0.385	alternative	alternative	68	68	4
NC_073233.2	73445493	73446006	1	1	+	NC_073233.2	73445614	73445987	SCYL1	XM_063710685.1	+	1	2	121	19	15	16	13	8	3	middle	middle	0.615	0.231	alternative	alternative	71	178	2
NC_073233.2	73445493	73446006	1	1	+	NC_073233.2	73445617	73445987	SCYL1	XM_063710686.1	+	1	2	124	19	15	16	13	5	3	middle	middle	0.385	0.231	alternative	alternative	68	178	1
NC_073233.2	73763732	73764062	3	1	+	NC_073233.2	73763733	73763892	SNX32	XM_004051526.3	+	3	1	1	170	11	11	4	2	2	middle	middle	0.500	0.500	alternative	alternative	159	159	2
NC_073233.2	73763732	73764062	3	1	+	NC_073233.2	73763976	73764061	SNX32	XM_055354525.2	+	3	1	244	1	12	12	4	2	2	middle	middle	0.500	0.500	alternative	alternative	85	85	2
NC_073233.2	73763896	73764430	2	1	+	NC_073233.2	73763976	73764430	SNX32	XM_004051526.3	+	2	2	80	0	12	13	4	2	1	middle	last	0.500	0.250	alternative	unique	85	50	1
NC_073233.2	73763896	73764430	2	1	+	NC_073233.2	73763976	73764061	SNX32	XM_019036098.3	+	2	1	80	369	12	12	4	2	2	middle	middle	0.500	0.500	alternative	alternative	85	85	1
NC_073233.2	75333340	75333856	2	1	+	NC_073233.2	75333382	75333481	TBC1D10C	XM_055354618.2	+	2	1	42	375	2	2	4	3	3	middle	middle	0.750	0.750	alternative	alternative	99	99	3
NC_073233.2	75333340	75333856	2	1	+	NC_073233.2	75333696	75333803	TBC1D10C	XM_055354622.2	+	2	1	356	53	2	2	4	1	1	middle	middle	0.250	0.250	unique	unique	107	107	1
NC_073233.2	75333671	75334010	3	1	+	NC_073233.2	75333696	75333803	TBC1D10C	XM_055354618.2	+	3	1	25	207	3	3	4	3	3	middle	middle	0.750	0.750	alternative	alternative	107	107	3
NC_073233.2	75333671	75334010	3	1	+	NC_073233.2	75333892	75333998	TBC1D10C	XM_055354622.2	+	3	1	221	12	3	3	4	1	1	middle	middle	0.250	0.250	unique	unique	106	106	1
NC_073234.2	122382817	122383078	-2	1	-	NC_073234.2	122382997	122383068	CRY1	XM_019038931.4	-	2	1	10	180	11	11	5	5	5	middle	middle	1.000	1.000	constitutive	constitutive	71	71	4
NC_073234.2	122382817	122383078	-2	1	-	NC_073234.2	122382819	122383068	CRY1	XM_055358955.2	-	2	2	10	2	11	12	5	5	1	middle	middle	1.000	0.200	constitutive	unique	71	99	1
NC_073234.2	125881569	125883075	-3	1	-	NC_073234.2	125881633	125882295	GPN3	XM_004053883.5	-	3	2	780	64	1	2	4	2	2	first	middle	0.500	0.500	alternative	alternative	346	219	1
NC_073234.2	125881569	125883075	-3	1	-	NC_073234.2	125881633	125881852	GPN3	XM_019038469.3	-	3	1	1223	64	2	2	4	2	2	middle	middle	0.500	0.500	alternative	alternative	219	219	1
NC_073234.2	125881569	125883075	-3	1	-	NC_073234.2	125881603	125882295	GPN3	XM_055359026.2	-	3	2	780	34	1	2	4	2	2	first	middle	0.500	0.500	alternative	alternative	346	249	1
NC_073234.2	125881569	125883075	-3	1	-	NC_073234.2	125881603	125881852	GPN3	XM_055359027.2	-	3	1	1223	34	2	2	4	2	2	middle	middle	0.500	0.500	alternative	alternative	249	249	1
NC_073234.2	127160073	127160574	1	1	+	NC_073234.2	127160143	127160476	ACAD10	XM_004053902.4	+	1	2	70	98	14	15	7	4	7	middle	middle	0.571	1.000	alternative	constitutive	137	90	4
NC_073234.2	127160073	127160574	1	1	+	NC_073234.2	127160386	127160476	ACAD10	XM_055359115.2	+	1	1	313	98	14	14	7	7	7	middle	middle	1.000	1.000	constitutive	constitutive	90	90	3
NC_073234.2	138824880	138826098	1	1	+	NC_073234.2	138825809	138825930	KMT5A	XM_031001046.3	+	1	1	929	168	2	2	4	1	1	middle	middle	0.250	0.250	unique	unique	121	121	1
NC_073234.2	138824880	138826098	1	1	+	NC_073234.2	138825388	138825558	KMT5A	XM_031001047.3	+	1	1	508	540	1	1	4	1	1	first	first	0.250	0.250	unique	unique	170	170	1
NC_073234.2	138824880	138826098	1	1	+	NC_073234.2	138825817	138825930	KMT5A	XM_055358317.2	+	1	1	937	168	1	1	4	1	1	first	first	0.250	0.250	unique	unique	113	113	1
NC_073234.2	148113318	148114797	1	1	+	NC_073234.2	148113994	148114620	P2RX2	XM_031000818.2	+	1	2	676	177	1	2	8	7	7	first	middle	0.875	0.875	alternative	alternative	172	135	7
NC_073234.2	148113318	148114797	1	1	+	NC_073234.2	148113994	148114098	P2RX2	XM_055357737.1	+	1	1	676	699	1	1	8	1	1	first	first	0.125	0.125	unique	unique	104	104	1
NC_073234.2	148442817	148443270	-3	1	-	NC_073234.2	148442989	148443105	ZNF605	XM_055357777.2	-	3	1	165	172	1	1	10	2	2	first	first	0.200	0.200	alternative	alternative	116	116	2
NC_073234.2	148442817	148443270	-3	1	-	NC_073234.2	148443133	148443147	ZNF605	XM_055357781.2	-	3	1	123	316	1	1	10	6	6	first	first	0.600	0.600	alternative	alternative	14	14	6
NC_073234.2	18232692	18233340	1	1	+	NC_073234.2	18232957	18233016	CACNA1C	XM_055357540.2	+	1	1	265	324	21	21	42	27	27	middle	middle	0.643	0.643	alternative	alternative	59	59	27
NC_073234.2	18232692	18233340	1	1	+	NC_073234.2	18233164	18233223	CACNA1C	XM_055357546.2	+	1	1	472	117	21	21	42	15	15	middle	middle	0.357	0.357	alternative	alternative	59	59	15
NC_073234.2	22849326	22850043	1	1	+	NC_073234.2	22849336	22849926	PEX5	XM_019039216.3	+	1	2	10	117	1	2	15	4	2	first	middle	0.267	0.133	alternative	alternative	46	162	2
NC_073234.2	22849326	22850043	1	1	+	NC_073234.2	22849780	22849926	PEX5	XM_019039217.3	+	1	1	454	117	1	1	15	4	4	first	first	0.267	0.267	alternative	alternative	146	146	4
NC_073234.2	22849326	22850043	1	1	+	NC_073234.2	22849336	22849971	PEX5	XM_055358579.2	+	1	2	10	72	1	2	15	4	2	first	middle	0.267	0.133	alternative	alternative	46	207	2
NC_073234.2	22849326	22850043	1	1	+	NC_073234.2	22849780	22849971	PEX5	XM_055358580.2	+	1	1	454	72	1	1	15	6	6	first	first	0.400	0.400	alternative	alternative	191	191	6
NC_073234.2	43732131	43732758	1	1	+	NC_073234.2	43732316	43732749	B4GALNT1	XM_019039074.3	+	1	2	185	9	6	7	10	8	10	middle	middle	0.800	1.000	alternative	constitutive	98	190	8
NC_073234.2	43732131	43732758	1	1	+	NC_073234.2	43732559	43732749	B4GALNT1	XM_055359255.2	+	1	1	428	9	6	6	10	10	10	middle	middle	1.000	1.000	constitutive	constitutive	190	190	2
NC_073234.2	45425946	45426606	-3	1	-	NC_073234.2	45426115	45426593	DGKA	XM_004053332.5	-	3	2	13	169	5	6	9	9	7	middle	middle	1.000	0.778	constitutive	alternative	49	74	7
NC_073234.2	45425946	45426606	-3	1	-	NC_073234.2	45426544	45426593	DGKA	XM_055359418.2	-	3	1	13	598	6	6	9	9	9	middle	middle	1.000	1.000	constitutive	constitutive	49	49	2
NC_073234.2	45428951	45429254	-1	1	-	NC_073234.2	45428967	45429050	DGKA	XM_019038300.4	-	1	1	204	16	1	1	9	1	1	first	first	0.111	0.111	unique	unique	83	83	1
NC_073234.2	45428951	45429254	-1	1	-	NC_073234.2	45429144	45429176	DGKA	XM_019038301.3	-	1	1	78	193	1	1	9	2	2	first	first	0.222	0.222	alternative	alternative	32	32	2
NC_073234.2	49174441	49174906	2	1	+	NC_073234.2	49174594	49174906	KRT80	XM_004053164.5	+	2	2	153	0	8	9	2	2	1	middle	last	1.000	0.500	constitutive	unique	55	121	1
NC_073234.2	49174441	49174906	2	1	+	NC_073234.2	49174594	49174649	KRT80	XM_004053165.5	+	2	1	153	257	8	8	2	2	2	middle	middle	1.000	1.000	constitutive	constitutive	55	55	1
NC_073234.2	51547162	51547789	2	1	+	NC_073234.2	51547182	51547714	NCKAP5L	XM_004053087.5	+	2	2	20	75	9	10	5	3	4	middle	middle	0.600	0.800	alternative	alternative	308	142	3
NC_073234.2	51547162	51547789	2	1	+	NC_073234.2	51547572	51547714	NCKAP5L	XM_055357270.2	+	2	1	410	75	9	9	5	4	4	middle	middle	0.800	0.800	alternative	alternative	142	142	1
NC_073234.2	52833054	52833396	-3	1	-	NC_073234.2	52833103	52833321	C10H12orf54	XM_019038028.3	-	3	2	75	49	1	2	12	3	7	first	middle	0.250	0.583	alternative	alternative	4	30	3
NC_073234.2	52833054	52833396	-3	1	-	NC_073234.2	52833103	52833133	C10H12orf54	XM_055357334.1	-	3	1	263	49	2	2	12	7	7	middle	middle	0.583	0.583	alternative	alternative	30	30	4
NC_073234.2	85109847	85110108	1	1	+	NC_073234.2	85109868	85109967	RAB3IP	XM_004053556.5	+	1	1	21	141	9	9	9	7	7	middle	middle	0.778	0.778	alternative	alternative	99	99	7
NC_073234.2	85109847	85110108	1	1	+	NC_073234.2	85110054	85110108	RAB3IP	XM_063694667.1	+	1	1	207	0	9	9	9	2	2	last	last	0.222	0.222	alternative	alternative	54	54	2
NC_073235.2	121330476	121331115	1	1	+	NC_073235.2	121330633	121331008	PLCD4	XM_055379591.1	+	1	2	157	107	7	8	8	6	8	middle	middle	0.750	1.000	alternative	constitutive	95	156	6
NC_073235.2	121330476	121331115	1	1	+	NC_073235.2	121330852	121331008	PLCD4	XM_055379595.1	+	1	1	376	107	7	7	8	8	8	middle	middle	1.000	1.000	constitutive	constitutive	156	156	2
NC_073235.2	122251496	122252591	-2	1	-	NC_073235.2	122251682	122252431	OBSL1	XM_031008444.3	-	2	2	160	186	11	12	9	8	6	middle	middle	0.889	0.667	alternative	alternative	287	275	6
NC_073235.2	122251496	122252591	-2	1	-	NC_073235.2	122252144	122252431	OBSL1	XM_055379635.2	-	2	1	160	648	11	11	9	8	8	middle	middle	0.889	0.889	alternative	alternative	287	287	2
NC_073235.2	122300037	122300628	1	1	+	NC_073235.2	122300174	122300508	STK11IP	XM_004033261.5	+	1	2	137	120	8	9	4	4	3	middle	middle	1.000	0.750	constitutive	alternative	103	95	3
NC_073235.2	122300037	122300628	1	1	+	NC_073235.2	122300174	122300277	STK11IP	XM_019022489.4	+	1	1	137	351	8	8	4	4	4	middle	middle	1.000	1.000	constitutive	constitutive	103	103	1
NC_073235.2	135231936	135232536	1	1	+	NC_073235.2	135232078	135232472	CHRND	XM_019021826.3	+	1	2	142	64	4	5	4	2	3	middle	middle	0.500	0.750	alternative	alternative	109	155	2
NC_073235.2	135231936	135232536	1	1	+	NC_073235.2	135232317	135232472	CHRND	XM_019021828.3	+	1	1	381	64	2	2	4	3	3	middle	middle	0.750	0.750	alternative	alternative	155	155	1
NC_073235.2	135232276	135233077	2	1	+	NC_073235.2	135232678	135232787	CHRND	XM_019021826.3	+	2	1	402	290	6	6	4	3	3	middle	middle	0.750	0.750	alternative	alternative	109	109	3
NC_073235.2	135232276	135233077	2	1	+	NC_073235.2	135232317	135232472	CHRND	XM_055379772.2	+	2	1	41	605	2	2	4	1	1	middle	middle	0.250	0.250	unique	unique	155	155	1
NC_073235.2	143697139	143697979	2	1	+	NC_073235.2	143697462	143697800	SNED1	XM_031008467.3	+	2	2	323	179	7	8	11	10	9	middle	middle	0.909	0.818	alternative	alternative	113	113	8
NC_073235.2	143697139	143697979	2	1	+	NC_073235.2	143697462	143697575	SNED1	XM_055379993.2	+	2	1	323	404	7	7	11	10	10	middle	middle	0.909	0.909	alternative	alternative	113	113	2
NC_073235.2	143697139	143697979	2	1	+	NC_073235.2	143697486	143697800	SNED1	XM_063695358.1	+	2	2	347	179	7	8	11	1	9	middle	middle	0.091	0.818	unique	alternative	89	113	1
NC_073235.2	144821590	144822028	2	1	+	NC_073235.2	144821671	144821916	LOC101144552	XM_055380036.2	+	2	2	81	112	15	16	5	5	4	middle	middle	1.000	0.800	constitutive	alternative	75	100	4
NC_073235.2	144821590	144822028	2	1	+	NC_073235.2	144821671	144821746	LOC101144552	XM_063695371.1	+	2	1	81	282	14	14	5	5	5	middle	middle	1.000	1.000	constitutive	constitutive	75	75	1
NC_073235.2	38635524	38635827	-1	1	-	NC_073235.2	38635648	38635800	CXCR4	XM_055380088.2	-	1	1	27	124	1	1	3	1	1	first	first	0.333	0.333	unique	unique	152	152	1
NC_073235.2	38635524	38635827	-1	1	-	NC_073235.2	38635534	38635536	CXCR4	XM_063694799.1	-	1	1	291	10	1	1	3	1	1	first	first	0.333	0.333	unique	unique	2	2	1
NC_073235.2	92942868	92943315	1	1	+	NC_073235.2	92943115	92943315	MFSD6	XM_055379259.2	+	1	1	247	0	6	6	2	1	1	last	last	0.500	0.500	unique	unique	200	200	1
NC_073235.2	92942868	92943315	1	1	+	NC_073235.2	92942932	92942956	MFSD6	XM_055379260.2	+	1	1	64	359	6	6	2	1	1	middle	middle	0.500	0.500	unique	unique	24	24	1
NC_073236.2	112468493	112468904	-3	1	-	NC_073236.2	112468518	112468840	KRTCAP3	XM_004029018.3	-	3	2	64	25	2	3	4	4	3	middle	middle	1.000	0.750	constitutive	alternative	184	59	3
NC_073236.2	112468493	112468904	-3	1	-	NC_073236.2	112468656	112468840	KRTCAP3	XM_063695996.1	-	3	1	64	163	2	2	4	4	4	middle	middle	1.000	1.000	constitutive	constitutive	184	184	1
NC_073236.2	34442071	34444141	2	1	+	NC_073236.2	34442805	34443802	ARID5A	XM_004031434.5	+	2	2	734	339	4	6	7	5	6	middle	middle	0.714	0.857	alternative	alternative	52	159	5
NC_073236.2	34442071	34444141	2	1	+	NC_073236.2	34443643	34443802	ARID5A	XM_063695551.1	+	2	1	1572	339	2	2	7	6	6	middle	middle	0.857	0.857	alternative	alternative	159	159	1
NC_073236.2	34442071	34444141	2	1	+	NC_073236.2	34443725	34443802	ARID5A	XM_063695552.1	+	2	1	1654	339	1	1	7	1	1	first	first	0.143	0.143	unique	unique	77	77	1
NC_073236.2	65356973	65357348	-3	1	-	NC_073236.2	65356974	65357255	WDR54	XM_004029461.5	-	3	2	93	1	8	9	9	9	5	middle	last	1.000	0.556	constitutive	alternative	74	128	5
NC_073236.2	65356973	65357348	-3	1	-	NC_073236.2	65357181	65357255	WDR54	XM_019020904.4	-	3	1	93	208	8	8	9	9	9	middle	middle	1.000	1.000	constitutive	constitutive	74	74	4
NC_073236.2	67619154	67620069	1	1	+	NC_073236.2	67619599	67619823	CYP26B1	XM_004029410.4	+	1	1	445	246	2	2	4	2	2	middle	middle	0.500	0.500	alternative	alternative	224	224	1
NC_073236.2	67619154	67620069	1	1	+	NC_073236.2	67619446	67619823	CYP26B1	XM_031008316.3	+	1	2	292	246	1	2	4	1	2	first	middle	0.250	0.500	unique	alternative	29	224	1
NC_073236.2	67619154	67620069	1	1	+	NC_073236.2	67619713	67619823	CYP26B1	XM_055378079.2	+	1	1	559	246	1	1	4	2	2	first	first	0.500	0.500	alternative	alternative	110	110	2
NC_073236.2	69477580	69478147	-1	1	-	NC_073236.2	69477760	69477871	PCYOX1	XM_019020944.4	-	1	1	276	180	1	1	2	1	1	first	first	0.500	0.500	unique	unique	111	111	1
NC_073236.2	69477580	69478147	-1	1	-	NC_073236.2	69478012	69478117	PCYOX1	XM_055378064.2	-	1	1	30	432	1	1	2	1	1	first	first	0.500	0.500	unique	unique	105	105	1
NC_073236.2	99599081	99599336	3	1	+	NC_073236.2	99599110	99599244	SLC8A1	XM_019021173.4	+	3	2	29	92	4	5	22	22	16	middle	middle	1.000	0.727	constitutive	alternative	17	14	16
NC_073236.2	99599081	99599336	3	1	+	NC_073236.2	99599110	99599127	SLC8A1	XM_055377764.2	+	3	1	29	209	3	3	22	22	22	middle	middle	1.000	1.000	constitutive	constitutive	17	17	6
NC_073237.2	124652679	124653039	-2	1	-	NC_073237.2	124652716	124653039	GOLGA2	XM_019033287.4	-	2	2	0	37	7	8	6	6	3	middle	middle	1.000	0.500	constitutive	alternative	59	80	3
NC_073237.2	124652679	124653039	-2	1	-	NC_073237.2	124652980	124653039	GOLGA2	XM_019033289.4	-	2	1	0	301	7	7	6	6	6	middle	middle	1.000	1.000	constitutive	constitutive	59	59	3
NC_073237.2	125324882	125325545	3	1	+	NC_073237.2	125324911	125325039	PHYHD1	XM_004048708.5	+	3	1	29	506	8	8	6	2	2	middle	middle	0.333	0.333	alternative	alternative	128	128	2
NC_073237.2	125324882	125325545	3	1	+	NC_073237.2	125325141	125325257	PHYHD1	XM_004048709.5	+	3	1	259	288	8	8	6	3	3	middle	middle	0.500	0.500	alternative	alternative	116	116	3
NC_073237.2	133110314	133111028	-3	1	-	NC_073237.2	133110414	133110922	AGPAT2	XM_019033934.4	-	3	2	106	100	3	4	3	3	1	middle	middle	1.000	0.333	constitutive	unique	175	95	1
NC_073237.2	133110314	133111028	-3	1	-	NC_073237.2	133110414	133110922	AGPAT2	XM_055350163.2	-	3	2	106	100	3	4	3	3	1	middle	middle	1.000	0.333	constitutive	unique	175	209	1
NC_073237.2	133110314	133111028	-3	1	-	NC_073237.2	133110747	133110922	AGPAT2	XM_055350164.2	-	3	1	106	433	3	3	3	3	3	middle	middle	1.000	1.000	constitutive	constitutive	175	175	1
NC_073237.2	133271925	133272474	1	1	+	NC_073237.2	133272025	133272079	PHPT1	XM_004048905.5	+	1	1	100	395	3	3	3	1	1	middle	middle	0.333	0.333	unique	unique	54	54	1
NC_073237.2	133271925	133272474	1	1	+	NC_073237.2	133272273	133272474	PHPT1	XM_063696898.1	+	1	1	348	0	4	4	3	1	1	last	last	0.333	0.333	unique	unique	201	201	1
NC_073237.2	133488467	133489724	-3	1	-	NC_073237.2	133488468	133488785	SAPCD2	XM_031014910.3	-	3	2	939	1	5	6	2	1	2	middle	last	0.500	1.000	unique	constitutive	116	125	1
NC_073237.2	133488467	133489724	-3	1	-	NC_073237.2	133488468	133488593	SAPCD2	XM_055350227.2	-	3	1	1131	1	5	5	2	2	2	last	last	1.000	1.000	constitutive	constitutive	125	125	1
NC_073237.2	133525544	133527662	3	1	+	NC_073237.2	133525581	133525769	MAN1B1	XM_004048920.5	+	3	1	37	1893	8	8	2	2	2	middle	middle	1.000	1.000	constitutive	constitutive	188	188	2
NC_073237.2	133525544	133527662	3	1	+	NC_073237.2	133525953	133527662	LOC134756920	XM_063696904.1	+	3	2	409	0	1	2	1	1	1	first	last	1.000	1.000	constitutive	constitutive	1336	246	1
NC_073237.2	27287670	27288153	1	1	+	NC_073237.2	27287691	27287766	TPM2	XM_019019912.4	+	1	1	21	387	6	6	5	3	3	middle	middle	0.600	0.600	alternative	alternative	75	75	3
NC_073237.2	27287670	27288153	1	1	+	NC_073237.2	27288027	27288102	TPM2	XM_031014186.3	+	1	1	357	51	6	6	5	2	2	middle	middle	0.400	0.400	alternative	alternative	75	75	2
NC_073237.2	28351158	28351485	1	1	+	NC_073237.2	28351388	28351480	SIGMAR1	XM_004047968.5	+	1	1	230	5	3	3	2	2	2	middle	middle	1.000	1.000	constitutive	constitutive	92	92	1
NC_073237.2	28351158	28351485	1	1	+	NC_073237.2	28351159	28351480	SIGMAR1	XM_019033363.4	+	1	2	1	5	1	2	2	1	2	first	middle	0.500	1.000	unique	constitutive	51	92	1
NC_073237.2	59289022	59289694	2	1	+	NC_073237.2	59289065	59289275	LOC101151950	XM_004047776.5	+	2	1	43	419	1	1	6	2	2	first	first	0.333	0.333	alternative	alternative	210	210	1
NC_073237.2	59289022	59289694	2	1	+	NC_073237.2	59289127	59289275	LOC101151950	XM_019033014.4	+	2	1	105	419	2	2	6	2	2	middle	middle	0.333	0.333	alternative	alternative	148	148	2
NC_073237.2	59289022	59289694	2	1	+	NC_073237.2	59289065	59289694	LOC101151950	XM_055350618.2	+	2	2	43	0	1	2	6	2	1	first	last	0.333	0.167	alternative	unique	210	247	1
NC_073238.2	114697693	114698485	2	1	+	NC_073238.2	114697752	114698485	ZIC2	XM_031001432.3	+	2	2	59	0	2	3	2	2	1	middle	last	1.000	0.500	constitutive	unique	163	356	1
NC_073238.2	114697693	114698485	2	1	+	NC_073238.2	114697752	114697915	ZIC2	XM_031001433.3	+	2	1	59	570	2	2	2	2	2	middle	middle	1.000	1.000	constitutive	constitutive	163	163	1
NC_073238.2	128312107	128312374	-3	1	-	NC_073238.2	128312182	128312307	ADPRHL1	XM_055360247.2	-	3	1	67	75	3	3	19	17	17	middle	middle	0.895	0.895	alternative	alternative	125	125	17
NC_073238.2	128312107	128312374	-3	1	-	NC_073238.2	128312110	128312131	ADPRHL1	XM_055360250.2	-	3	1	243	3	1	1	19	1	1	first	first	0.053	0.053	unique	unique	21	21	1
NC_073238.2	46725221	46725488	-2	1	-	NC_073238.2	46725355	46725431	N4BP2L1	XM_004054352.5	-	2	1	57	134	4	4	13	8	8	middle	middle	0.615	0.615	alternative	alternative	76	76	8
NC_073238.2	46725221	46725488	-2	1	-	NC_073238.2	46725237	46725305	N4BP2L1	XM_004054353.5	-	2	1	183	16	4	4	13	3	3	middle	middle	0.231	0.231	alternative	alternative	68	68	3
NC_073238.2	87760201	87761062	2	1	+	NC_073238.2	87760496	87760756	KLF5	XM_004054595.5	+	2	1	295	306	1	1	5	1	1	first	first	0.200	0.200	unique	unique	260	260	1
NC_073238.2	87760201	87761062	2	1	+	NC_073238.2	87760970	87761008	KLF5	XM_019039952.4	+	2	1	769	54	1	1	5	1	1	first	first	0.200	0.200	unique	unique	38	38	1
NC_073238.2	93347505	93348048	-1	1	-	NC_073238.2	93347626	93347697	OBI1	XM_004054626.5	-	1	1	351	121	1	1	2	1	1	first	first	0.500	0.500	unique	unique	71	71	1
NC_073238.2	93347505	93348048	-1	1	-	NC_073238.2	93347743	93347871	OBI1	XM_055360745.2	-	1	1	177	238	1	1	2	1	1	first	first	0.500	0.500	unique	unique	128	128	1
NC_073239.2	32573334	32573913	-1	1	-	NC_073239.2	32573494	32573817	CPNE6	XM_019009328.4	-	1	2	96	160	4	5	2	1	1	middle	middle	0.500	0.500	unique	unique	74	83	1
NC_073239.2	32573334	32573913	-1	1	-	NC_073239.2	32573494	32573550	CPNE6	XM_055362338.2	-	1	1	363	160	1	1	2	1	1	first	first	0.500	0.500	unique	unique	56	56	1
NC_073239.2	81849754	81850018	-3	1	-	NC_073239.2	81849923	81849988	RAB15	XM_004055305.5	-	3	1	30	169	6	6	3	2	2	middle	middle	0.667	0.667	alternative	alternative	65	65	2
NC_073239.2	81849754	81850018	-3	1	-	NC_073239.2	81849755	81849767	RAB15	XM_004055306.5	-	3	1	251	1	7	7	3	1	1	last	last	0.333	0.333	unique	unique	12	12	1
NC_073239.2	84692752	84693853	-3	1	-	NC_073239.2	84692794	84693744	ZFYVE26	XM_004055331.5	-	3	2	109	42	10	11	2	2	1	middle	middle	1.000	0.500	constitutive	unique	608	83	1
NC_073239.2	84692752	84693853	-3	1	-	NC_073239.2	84693136	84693744	ZFYVE26	XM_055362178.2	-	3	1	109	384	10	10	2	2	2	middle	middle	1.000	1.000	constitutive	constitutive	608	608	1
NC_073239.2	93039436	93039742	2	1	+	NC_073239.2	93039493	93039532	GPATCH2L	XM_019009984.4	+	2	1	57	210	7	7	6	1	1	middle	middle	0.167	0.167	unique	unique	39	39	1
NC_073239.2	93039436	93039742	2	1	+	NC_073239.2	93039589	93039643	GPATCH2L	XM_055361041.2	+	2	1	153	99	7	7	6	5	5	middle	middle	0.833	0.833	alternative	alternative	54	54	5
NC_073240.2	100366036	100366234	-1	1	-	NC_073240.2	100366123	100366205	TTC23	XM_055364085.2	-	1	1	29	87	11	11	39	2	2	middle	middle	0.051	0.051	alternative	alternative	82	82	2
NC_073240.2	100366036	100366234	-1	1	-	NC_073240.2	100366037	100366072	TTC23	XM_063698875.1	-	1	1	162	1	9	9	39	1	1	last	last	0.026	0.026	unique	unique	35	35	1
NC_073240.2	40992972	40994130	-2	1	-	NC_073240.2	40993628	40994053	PLCB2	XM_004055971.5	-	2	2	77	656	27	28	9	3	9	middle	middle	0.333	1.000	alternative	constitutive	165	76	3
NC_073240.2	40992972	40994130	-2	1	-	NC_073240.2	40993628	40993704	PLCB2	XM_055363366.2	-	2	1	426	656	25	25	9	9	9	middle	middle	1.000	1.000	constitutive	constitutive	76	76	6
NC_073240.2	42221426	42222626	-3	1	-	NC_073240.2	42221453	42221867	LTK	XM_055363429.2	-	3	2	759	27	6	7	4	4	1	middle	middle	1.000	0.250	constitutive	unique	156	182	1
NC_073240.2	42221426	42222626	-3	1	-	NC_073240.2	42221711	42221867	LTK	XM_063698478.1	-	3	1	759	285	6	6	4	4	4	middle	middle	1.000	1.000	constitutive	constitutive	156	156	3
NC_073240.2	64681031	64681322	-3	1	-	NC_073240.2	64681194	64681283	DAPK2	XM_031002530.3	-	3	1	39	163	9	9	6	1	1	middle	middle	0.167	0.167	unique	unique	89	89	1
NC_073240.2	64681031	64681322	-3	1	-	NC_073240.2	64681032	64681077	DAPK2	XM_063698588.1	-	3	1	245	1	11	11	6	3	3	last	last	0.500	0.500	alternative	alternative	45	45	3
NC_073240.2	74788528	74791375	2	1	+	NC_073240.2	74788730	74791375	TBC1D21	XM_055363732.2	+	2	2	202	0	10	11	7	7	5	middle	last	1.000	0.714	constitutive	alternative	83	218	5
NC_073240.2	74788528	74791375	2	1	+	NC_073240.2	74788730	74788813	TBC1D21	XM_055363734.1	+	2	1	202	2562	10	10	7	7	7	middle	middle	1.000	1.000	constitutive	constitutive	83	83	2
NC_073240.2	75323035	75323800	-1	1	-	NC_073240.2	75323260	75323638	SEMA7A	XM_004056509.5	-	1	2	162	225	4	5	3	2	2	middle	middle	0.667	0.667	alternative	alternative	92	84	2
NC_073240.2	75323035	75323800	-1	1	-	NC_073240.2	75323260	75323314	SEMA7A	XM_055363753.2	-	1	1	486	225	1	1	3	1	1	first	first	0.333	0.333	unique	unique	54	54	1
NC_073240.2	81298376	81298898	-3	1	-	NC_073240.2	81298392	81298508	MTHFS	XM_004056626.4	-	3	1	390	16	1	1	7	2	2	first	first	0.286	0.286	alternative	alternative	116	116	2
NC_073240.2	81298376	81298898	-3	1	-	NC_073240.2	81298683	81298886	MTHFS	XM_004056628.5	-	3	1	12	307	1	1	7	3	3	first	first	0.429	0.429	alternative	alternative	203	203	3
NC_073240.2	90518553	90518910	1	1	+	NC_073240.2	90518770	90518829	FANCI	XM_019010950.3	+	1	1	217	81	33	33	18	12	12	middle	middle	0.667	0.667	alternative	alternative	59	59	12
NC_073240.2	90518553	90518910	1	1	+	NC_073240.2	90518830	90518910	FANCI	XM_063698822.1	+	1	1	277	0	33	33	18	2	2	last	last	0.111	0.111	alternative	alternative	80	80	2
NC_073240.2	91432169	91432628	3	1	+	NC_073240.2	91432237	91432400	SEMA4B	XM_019010652.4	+	3	1	68	228	2	2	5	2	2	middle	middle	0.400	0.400	alternative	alternative	163	163	2
NC_073240.2	91432169	91432628	3	1	+	NC_073240.2	91432565	91432627	SEMA4B	XM_055363097.2	+	3	1	396	1	2	2	5	1	1	middle	middle	0.200	0.200	unique	unique	62	62	1
NC_073242.2	107726381	107726936	3	1	+	NC_073242.2	107726582	107726936	SYCE1L	XM_031002790.3	+	3	2	201	0	10	11	9	9	2	middle	last	1.000	0.222	constitutive	alternative	72	71	2
NC_073242.2	107726381	107726936	3	1	+	NC_073242.2	107726582	107726654	SYCE1L	XM_055366614.2	+	3	1	201	282	10	10	9	9	9	middle	middle	1.000	1.000	constitutive	constitutive	72	72	7
NC_073242.2	114698282	114698924	3	1	+	NC_073242.2	114698734	114698874	ADAD2	XM_055366667.2	+	3	1	452	50	3	3	8	8	8	middle	middle	1.000	1.000	constitutive	constitutive	140	140	7
NC_073242.2	114698282	114698924	3	1	+	NC_073242.2	114698296	114698874	ADAD2	XM_055366675.2	+	3	2	14	50	2	3	8	1	8	middle	middle	0.125	1.000	unique	constitutive	215	140	1
NC_073242.2	119427920	119428799	-1	1	-	NC_073242.2	119427995	119428118	GALNS	XM_031006644.3	-	1	1	681	75	2	2	5	4	4	middle	middle	0.800	0.800	alternative	alternative	123	123	3
NC_073242.2	119427920	119428799	-1	1	-	NC_073242.2	119427995	119428781	GALNS	XM_055364513.2	-	1	2	18	75	1	2	5	1	4	first	middle	0.200	0.800	unique	alternative	137	123	1
NC_073242.2	119451899	119452856	-1	1	-	NC_073242.2	119452142	119452229	PABPN1L	XM_055364515.2	-	1	1	627	243	4	4	3	1	1	middle	middle	0.333	0.333	unique	unique	87	87	1
NC_073242.2	119451899	119452856	-1	1	-	NC_073242.2	119452336	119452442	PABPN1L	XM_055364516.2	-	1	1	414	437	4	4	3	2	2	middle	middle	0.667	0.667	alternative	alternative	106	106	2
NC_073242.2	121207336	121208182	2	1	+	NC_073242.2	121208049	121208182	LOC134756358	XM_055364663.2	+	2	1	713	0	7	7	4	3	3	last	last	0.750	0.750	alternative	alternative	133	133	3
NC_073242.2	121207336	121208182	2	1	+	NC_073242.2	121207357	121207453	LOC134756358	XM_063699785.1	+	2	1	21	729	5	5	4	1	1	middle	middle	0.250	0.250	unique	unique	96	96	1
NC_073242.2	31741759	31743004	2	1	+	NC_073242.2	31742534	31742725	MAZ	XM_031007119.3	+	2	1	775	279	1	1	5	3	3	first	first	0.600	0.600	alternative	alternative	191	191	3
NC_073242.2	31741759	31743004	2	1	+	NC_073242.2	31741970	31742725	MAZ	XM_031007121.3	+	2	2	211	279	1	2	5	2	2	first	middle	0.400	0.400	alternative	alternative	35	86	2
NC_073242.2	31929892	31930198	-2	1	-	NC_073242.2	31930030	31930198	HIRIP3	XM_019012072.4	-	2	1	0	138	5	5	2	1	1	middle	middle	0.500	0.500	unique	unique	168	168	1
NC_073242.2	31929892	31930198	-2	1	-	NC_073242.2	31929893	31929947	HIRIP3	XM_019012073.3	-	2	1	251	1	5	5	2	1	1	last	last	0.500	0.500	unique	unique	54	54	1
NC_073242.2	36704249	36704957	3	1	+	NC_073242.2	36704417	36704814	HSD3B7	XM_019012543.3	+	3	2	168	143	5	6	7	7	5	middle	middle	1.000	0.714	constitutive	alternative	99	162	5
NC_073242.2	36704249	36704957	3	1	+	NC_073242.2	36704417	36704516	HSD3B7	XM_055365967.2	+	3	1	168	441	5	5	7	7	7	middle	middle	1.000	1.000	constitutive	constitutive	99	99	2
NC_073242.2	36752260	36752593	2	1	+	NC_073242.2	36752276	36752588	STX4	XM_055365969.2	+	2	2	16	5	2	3	2	1	1	middle	middle	0.500	0.500	unique	unique	101	99	1
NC_073242.2	36752260	36752593	2	1	+	NC_073242.2	36752467	36752588	STX4	XM_055365970.2	+	2	1	207	5	2	2	2	1	1	middle	middle	0.500	0.500	unique	unique	121	121	1
NC_073242.2	3678996	3679407	-3	1	-	NC_073242.2	3679082	3679327	RHBDF1	XM_031007769.3	-	3	2	80	86	14	15	5	5	3	middle	middle	1.000	0.600	constitutive	alternative	75	100	3
NC_073242.2	3678996	3679407	-3	1	-	NC_073242.2	3679252	3679327	RHBDF1	XM_063699825.1	-	3	1	80	256	14	14	5	5	5	middle	middle	1.000	1.000	constitutive	constitutive	75	75	2
NC_073242.2	3893752	3894409	-2	1	-	NC_073242.2	3893954	3894092	RGS11	XM_004056862.5	-	2	1	317	202	15	15	7	5	5	middle	middle	0.714	0.714	alternative	alternative	138	138	5
NC_073242.2	3893752	3894409	-2	1	-	NC_073242.2	3894175	3894262	RGS11	XM_019011664.4	-	2	1	147	423	14	14	7	2	2	middle	middle	0.286	0.286	alternative	alternative	87	87	2
NC_073242.2	3910864	3911431	2	1	+	NC_073242.2	3910941	3911353	PDIA2	XM_004056864.5	+	2	2	77	78	9	10	9	5	2	middle	middle	0.556	0.222	alternative	alternative	181	110	2
NC_073242.2	3910864	3911431	2	1	+	NC_073242.2	3910941	3911122	PDIA2	XM_019012849.4	+	2	1	77	309	9	9	9	5	5	middle	middle	0.556	0.556	alternative	alternative	181	181	3
NC_073242.2	3910940	3911243	3	1	+	NC_073242.2	3911223	3911243	PDIA2	XM_019012849.4	+	3	1	283	0	10	10	9	1	1	last	last	0.111	0.111	unique	unique	20	20	1
NC_073242.2	3910940	3911243	3	1	+	NC_073242.2	3910941	3911122	PDIA2	XM_019012850.4	+	3	1	1	121	8	8	9	4	4	middle	middle	0.444	0.444	alternative	alternative	181	181	3
NC_073242.2	3910940	3911243	3	1	+	NC_073242.2	3910941	3911243	PDIA2	XM_031003053.3	+	3	2	1	0	8	9	9	4	1	middle	last	0.444	0.111	alternative	unique	181	-1	1
NC_073242.2	3910940	3911243	3	1	+	NC_073242.2	3911202	3911243	PDIA2	XM_063699845.1	+	3	1	262	0	10	10	9	1	1	last	last	0.111	0.111	unique	unique	41	41	1
NC_073242.2	4178505	4179192	1	1	+	NC_073242.2	4178764	4178942	CAPN15	XM_031006513.3	+	1	1	259	250	10	10	8	8	8	middle	middle	1.000	1.000	constitutive	constitutive	178	178	7
NC_073242.2	4178505	4179192	1	1	+	NC_073242.2	4178764	4179192	CAPN15	XM_063699907.1	+	1	2	259	0	11	12	8	8	1	middle	last	1.000	0.125	constitutive	unique	178	6	1
NC_073242.2	4257877	4258438	-2	1	-	NC_073242.2	4257919	4257997	METTL26	XM_055364837.2	-	2	1	441	42	4	4	9	2	2	middle	middle	0.222	0.222	alternative	alternative	78	78	2
NC_073242.2	4257877	4258438	-2	1	-	NC_073242.2	4258089	4258156	METTL26	XM_055364838.2	-	2	1	282	212	4	4	9	2	2	middle	middle	0.222	0.222	alternative	alternative	67	67	2
NC_073242.2	4306793	4307105	-1	1	-	NC_073242.2	4306794	4307084	JMJD8	XM_055364819.2	-	1	2	21	1	8	9	4	2	2	middle	last	0.500	0.500	alternative	alternative	134	77	2
NC_073242.2	4306793	4307105	-1	1	-	NC_073242.2	4306955	4307084	JMJD8	XM_055364822.2	-	1	1	21	162	8	8	4	2	2	middle	middle	0.500	0.500	alternative	alternative	129	129	2
NC_073242.2	4352553	4352961	1	1	+	NC_073242.2	4352671	4352960	HAGHL	XM_055364830.1	+	1	2	118	1	6	7	9	4	6	middle	middle	0.444	0.667	alternative	alternative	101	79	3
NC_073242.2	4352553	4352961	1	1	+	NC_073242.2	4352674	4352960	HAGHL	XM_055364831.2	+	1	2	121	1	6	7	9	2	6	middle	middle	0.222	0.667	alternative	alternative	98	79	2
NC_073242.2	4352553	4352961	1	1	+	NC_073242.2	4352671	4352772	HAGHL	XM_055364834.2	+	1	1	118	189	6	6	9	4	4	middle	middle	0.444	0.444	alternative	alternative	101	101	1
NC_073242.2	4352553	4352961	1	1	+	NC_073242.2	4352671	4352960	HAGHL	XM_063699868.1	+	1	2	118	1	6	7	9	1	6	middle	middle	0.111	0.667	unique	alternative	74	79	1
NC_073242.2	4411898	4412492	-1	1	-	NC_073242.2	4412018	4412418	RPUSD1	XM_055364854.2	-	1	2	74	120	2	3	4	2	1	middle	middle	0.500	0.250	alternative	unique	123	102	1
NC_073242.2	4411898	4412492	-1	1	-	NC_073242.2	4412018	4412039	RPUSD1	XM_055364855.2	-	1	1	453	120	1	1	4	2	2	first	first	0.500	0.500	alternative	alternative	21	21	2
NC_073242.2	4411898	4412492	-1	1	-	NC_073242.2	4412295	4412418	RPUSD1	XM_055364857.2	-	1	1	74	397	2	2	4	2	2	middle	middle	0.500	0.500	alternative	alternative	123	123	1
NC_073242.2	5070049	5070364	-2	1	-	NC_073242.2	5070213	5070298	CLCN7	XM_031002690.3	-	2	1	66	164	20	20	3	3	3	middle	middle	1.000	1.000	constitutive	constitutive	85	85	2
NC_073242.2	5070049	5070364	-2	1	-	NC_073242.2	5070050	5070298	CLCN7	XM_055364895.2	-	2	2	66	1	20	21	3	3	1	middle	last	1.000	0.333	constitutive	unique	85	51	1
NC_073242.2	5389600	5390155	-2	1	-	NC_073242.2	5390015	5390116	NME3	XM_004056955.5	-	2	1	39	415	3	3	2	2	2	middle	middle	1.000	1.000	constitutive	constitutive	101	101	1
NC_073242.2	5389600	5390155	-2	1	-	NC_073242.2	5389601	5390116	NME3	XM_019011834.4	-	2	2	39	1	3	5	2	2	1	middle	last	1.000	0.500	constitutive	unique	101	110	1
NC_073242.2	6617307	6618114	1	1	+	NC_073242.2	6617324	6618114	PAQR4	XM_055365060.2	+	1	2	17	0	2	3	3	2	2	middle	last	0.667	0.667	alternative	alternative	221	430	1
NC_073242.2	6617307	6618114	1	1	+	NC_073242.2	6617324	6618114	PAQR4	XM_055365061.2	+	1	3	17	0	2	4	3	2	1	middle	last	0.667	0.333	alternative	unique	221	59	1
NC_073242.2	6617307	6618114	1	1	+	NC_073242.2	6617684	6618114	PAQR4	XM_055365062.2	+	1	1	377	0	2	2	3	2	2	last	last	0.667	0.667	alternative	alternative	430	430	1
NC_073242.2	86022660	86023134	1	1	+	NC_073242.2	86022941	86023018	SLC12A3	XM_019012769.4	+	1	1	281	116	20	20	6	4	4	middle	middle	0.667	0.667	alternative	alternative	77	77	3
NC_073242.2	86022660	86023134	1	1	+	NC_073242.2	86022941	86022991	SLC12A3	XM_019012772.4	+	1	1	281	143	20	20	6	2	2	middle	middle	0.333	0.333	alternative	alternative	50	50	2
NC_073242.2	86022660	86023134	1	1	+	NC_073242.2	86022941	86023134	SLC12A3	XM_019012774.4	+	1	2	281	0	20	21	6	4	1	middle	last	0.667	0.167	alternative	unique	77	10	1
NC_073242.2	96498942	96499356	1	1	+	NC_073242.2	96498995	96499289	PLEKHG4	XM_031002983.3	+	1	2	53	67	2	3	8	5	8	middle	middle	0.625	1.000	alternative	constitutive	95	123	5
NC_073242.2	96498942	96499356	1	1	+	NC_073242.2	96499166	96499289	PLEKHG4	XM_055366150.2	+	1	1	224	67	2	2	8	8	8	middle	middle	1.000	1.000	constitutive	constitutive	123	123	3
NC_073242.2	96612715	96613417	-2	1	-	NC_073242.2	96612716	96613268	ZDHHC1	XM_004057812.4	-	2	2	149	1	9	10	12	3	7	middle	last	0.250	0.583	alternative	alternative	219	224	3
NC_073242.2	96612715	96613417	-2	1	-	NC_073242.2	96613234	96613268	ZDHHC1	XM_019012338.3	-	2	1	149	519	9	9	12	2	2	middle	middle	0.167	0.167	alternative	alternative	34	34	2
NC_073242.2	96612715	96613417	-2	1	-	NC_073242.2	96612716	96613109	ZDHHC1	XM_055366167.2	-	2	2	308	1	9	10	12	1	7	middle	last	0.083	0.583	unique	alternative	60	224	1
NC_073242.2	96612715	96613417	-2	1	-	NC_073242.2	96612716	96613129	ZDHHC1	XM_063700293.1	-	2	2	288	1	10	11	12	2	7	middle	last	0.167	0.583	alternative	alternative	80	224	2
NC_073242.2	96612715	96613417	-2	1	-	NC_073242.2	96612716	96613327	ZDHHC1	XM_063700296.1	-	2	2	90	1	8	9	12	1	7	middle	last	0.083	0.583	unique	alternative	278	224	1
NC_073242.2	96612715	96613417	-2	1	-	NC_073242.2	96613234	96613327	ZDHHC1	XM_063700297.1	-	2	1	90	519	8	8	12	1	1	middle	middle	0.083	0.083	unique	unique	93	93	1
NC_073242.2	96613086	96613452	-3	1	-	NC_073242.2	96613234	96613327	ZDHHC1	XM_019012336.3	-	3	1	125	148	9	9	12	4	4	middle	middle	0.333	0.333	alternative	alternative	93	93	4
NC_073242.2	96613086	96613452	-3	1	-	NC_073242.2	96613087	96613109	ZDHHC1	XM_063700298.1	-	3	1	343	1	10	10	12	1	1	last	last	0.083	0.083	unique	unique	22	22	1
NC_073242.2	97190199	97190775	-3	1	-	NC_073242.2	97190658	97190754	SLC12A4	XM_019012009.4	-	3	1	21	459	1	1	12	1	1	first	first	0.083	0.083	unique	unique	96	96	1
NC_073242.2	97190199	97190775	-3	1	-	NC_073242.2	97190201	97190295	SLC12A4	XM_055366203.2	-	3	1	480	2	2	2	12	3	3	middle	middle	0.250	0.250	alternative	alternative	94	94	3
NC_073242.2	97190199	97190775	-3	1	-	NC_073242.2	97190201	97190292	SLC12A4	XM_055366207.2	-	3	1	483	2	1	1	12	4	4	first	first	0.333	0.333	alternative	alternative	91	91	4
NC_073242.2	97588600	97589125	2	1	+	NC_073242.2	97588646	97588806	PRMT7	XM_019011817.4	+	2	1	46	319	15	15	23	23	23	middle	middle	1.000	1.000	constitutive	constitutive	160	160	19
NC_073242.2	97588600	97589125	2	1	+	NC_073242.2	97588646	97589125	PRMT7	XM_055366253.2	+	2	2	46	0	15	16	23	23	4	middle	last	1.000	0.174	constitutive	alternative	160	66	4
NC_073243.2	110379843	110380563	-2	1	-	NC_073243.2	110380186	110380317	NDUFS6	NM_001279713.1	-	2	1	246	343	1	1	2	1	1	first	first	0.500	0.500	unique	unique	131	131	1
NC_073243.2	110379843	110380563	-2	1	-	NC_073243.2	110379886	110380164	NDUFS6	XM_055366829.2	-	2	1	399	43	1	1	2	1	1	first	first	0.500	0.500	unique	unique	278	278	1
NC_073243.2	19921606	19922074	2	1	+	NC_073243.2	19921664	19922074	PSMB6	XM_004058341.5	+	2	2	58	0	5	6	2	2	1	middle	last	1.000	0.500	constitutive	unique	144	139	1
NC_073243.2	19921606	19922074	2	1	+	NC_073243.2	19921664	19921808	PSMB6	XM_004058343.4	+	2	1	58	266	5	5	2	2	2	middle	middle	1.000	1.000	constitutive	constitutive	144	144	1
NC_073243.2	20019206	20019950	3	1	+	NC_073243.2	20019409	20019728	MINK1	XM_055367187.2	+	3	2	203	222	21	22	35	35	15	middle	middle	1.000	0.429	constitutive	alternative	88	23	15
NC_073243.2	20019206	20019950	3	1	+	NC_073243.2	20019409	20019497	MINK1	XM_055367190.2	+	3	1	203	453	21	21	35	35	35	middle	middle	1.000	1.000	constitutive	constitutive	88	88	20
NC_073243.2	21899613	21899967	1	1	+	NC_073243.2	21899870	21899955	XAF1	XM_004058431.5	+	1	1	257	12	5	5	7	5	5	middle	middle	0.714	0.714	alternative	alternative	85	85	4
NC_073243.2	21899613	21899967	1	1	+	NC_073243.2	21899623	21899955	XAF1	XM_055367313.2	+	1	2	10	12	1	2	7	1	5	first	middle	0.143	0.714	unique	alternative	129	85	1
NC_073243.2	22318295	22318796	-3	1	-	NC_073243.2	22318367	22318717	ASGR1	XM_004058447.5	-	3	2	79	72	2	3	3	2	3	middle	middle	0.667	1.000	alternative	constitutive	116	95	2
NC_073243.2	22318295	22318796	-3	1	-	NC_073243.2	22318367	22318462	ASGR1	XM_004058448.5	-	3	1	334	72	2	2	3	3	3	middle	middle	1.000	1.000	constitutive	constitutive	95	95	1
NC_073243.2	22500387	22500960	1	1	+	NC_073243.2	22500930	22500960	TMEM95	XM_004058474.5	+	1	1	543	0	7	7	5	4	4	last	last	0.800	0.800	alternative	alternative	30	30	4
NC_073243.2	22500387	22500960	1	1	+	NC_073243.2	22500731	22500810	TMEM95	XM_055367364.2	+	1	1	344	150	6	6	5	1	1	middle	middle	0.200	0.200	unique	unique	79	79	1
NC_073243.2	77857593	77858061	-2	1	-	NC_073243.2	77857887	77858011	MTMR12	XM_004058991.5	-	2	1	50	294	10	10	23	23	23	middle	middle	1.000	1.000	constitutive	constitutive	124	124	12
NC_073243.2	77857593	77858061	-2	1	-	NC_073243.2	77857617	77858011	MTMR12	XM_055367606.2	-	2	2	50	24	10	11	23	23	11	middle	middle	1.000	0.478	constitutive	alternative	124	86	11
NC_073244.2	11477896	11479081	2	1	+	NC_073244.2	11478329	11478422	HSD11B1L	XM_055371381.2	+	2	1	433	659	5	5	11	3	3	middle	middle	0.273	0.273	alternative	alternative	93	93	3
NC_073244.2	11477896	11479081	2	1	+	NC_073244.2	11478329	11478476	HSD11B1L	XM_063702000.1	+	2	1	433	605	5	5	11	7	7	middle	middle	0.636	0.636	alternative	alternative	147	147	7
NC_073244.2	11477896	11479081	2	1	+	NC_073244.2	11478550	11479081	HSD11B1L	XM_063702007.1	+	2	2	654	0	3	4	11	1	1	middle	last	0.091	0.091	unique	unique	165	281	1
NC_073244.2	11484079	11484862	-3	1	-	NC_073244.2	11484548	11484765	LONP1	XM_055371369.2	-	3	1	97	469	16	16	2	1	1	middle	middle	0.500	0.500	unique	unique	217	217	1
NC_073244.2	11484079	11484862	-3	1	-	NC_073244.2	11484304	11484468	LONP1	XM_055371370.2	-	3	1	394	225	16	16	2	1	1	middle	middle	0.500	0.500	unique	unique	164	164	1
NC_073244.2	12535665	12536154	-1	1	-	NC_073244.2	12535667	12535782	GPR108	XM_019015535.4	-	1	1	372	2	16	16	7	2	2	middle	middle	0.286	0.286	alternative	alternative	115	115	2
NC_073244.2	12535665	12536154	-1	1	-	NC_073244.2	12535941	12535990	GPR108	XM_055371445.2	-	1	1	164	276	14	14	7	1	1	middle	middle	0.143	0.143	unique	unique	49	49	1
NC_073244.2	16550029	16550935	-3	1	-	NC_073244.2	16550423	16550710	S1PR5	XM_055371784.2	-	3	1	225	394	1	1	3	1	1	first	first	0.333	0.333	unique	unique	287	287	1
NC_073244.2	16550029	16550935	-3	1	-	NC_073244.2	16550066	16550113	S1PR5	XM_055371785.2	-	3	1	822	37	1	1	3	1	1	first	first	0.333	0.333	unique	unique	47	47	1
NC_073244.2	17385612	17386056	1	1	+	NC_073244.2	17385699	17385817	CCDC159	XM_019015052.4	+	1	1	87	239	2	2	15	3	3	middle	middle	0.200	0.200	alternative	alternative	118	118	3
NC_073244.2	17385612	17386056	1	1	+	NC_073244.2	17385796	17385817	CCDC159	XM_055371832.2	+	1	1	184	239	1	1	15	2	2	first	first	0.133	0.133	alternative	alternative	21	21	2
NC_073244.2	17385612	17386056	1	1	+	NC_073244.2	17385915	17386032	CCDC159	XM_055371834.2	+	1	1	303	24	2	2	15	4	4	middle	middle	0.267	0.267	alternative	alternative	117	117	4
NC_073244.2	18715051	18715438	-3	1	-	NC_073244.2	18715274	18715399	DHPS	XM_004060082.4	-	3	1	39	223	8	8	3	2	2	middle	middle	0.667	0.667	alternative	alternative	125	125	2
NC_073244.2	18715051	18715438	-3	1	-	NC_073244.2	18715052	18715190	DHPS	XM_031004037.3	-	3	1	248	1	9	9	3	1	1	last	last	0.333	0.333	unique	unique	138	138	1
NC_073244.2	19155301	19155880	-3	1	-	NC_073244.2	19155437	19155743	TRMT1	XM_019015436.3	-	3	2	137	136	5	6	7	2	5	middle	middle	0.286	0.714	alternative	alternative	115	112	2
NC_073244.2	19155301	19155880	-3	1	-	NC_073244.2	19155437	19155742	TRMT1	XM_031006389.3	-	3	2	138	136	1	2	7	3	5	first	middle	0.429	0.714	alternative	alternative	114	112	3
NC_073244.2	19155301	19155880	-3	1	-	NC_073244.2	19155437	19155523	TRMT1	XM_031006391.2	-	3	1	357	136	1	1	7	1	1	first	first	0.143	0.143	unique	unique	86	86	1
NC_073244.2	19155301	19155880	-3	1	-	NC_073244.2	19155641	19155743	TRMT1	XM_055371730.2	-	3	1	137	340	5	5	7	1	1	middle	middle	0.143	0.143	unique	unique	102	102	1
NC_073244.2	21811232	21811793	-2	1	-	NC_073244.2	21811233	21811538	AKAP8L	XM_004060197.5	-	2	1	255	1	14	14	3	2	2	last	last	0.667	0.667	alternative	alternative	305	305	2
NC_073244.2	21811232	21811793	-2	1	-	NC_073244.2	21811625	21811720	AKAP8L	XM_019015489.4	-	2	1	73	393	14	14	3	1	1	middle	middle	0.333	0.333	unique	unique	95	95	1
NC_073244.2	23987108	23987444	3	1	+	NC_073244.2	23987124	23987438	NIBAN3	XM_019015092.4	+	3	2	16	6	11	12	3	3	2	middle	middle	1.000	0.667	constitutive	alternative	116	107	2
NC_073244.2	23987108	23987444	3	1	+	NC_073244.2	23987124	23987240	NIBAN3	XM_031004316.3	+	3	1	16	204	11	11	3	3	3	middle	middle	1.000	1.000	constitutive	constitutive	116	116	1
NC_073244.2	24450872	24451442	3	1	+	NC_073244.2	24450975	24451441	ARRDC2	XM_004060288.4	+	3	2	103	1	1	2	5	2	5	first	middle	0.400	1.000	alternative	constitutive	273	66	2
NC_073244.2	24450872	24451442	3	1	+	NC_073244.2	24451375	24451441	ARRDC2	XM_004060289.5	+	3	1	503	1	2	2	5	5	5	middle	middle	1.000	1.000	constitutive	constitutive	66	66	3
NC_073244.2	24660584	24661082	-2	1	-	NC_073244.2	24660996	24661032	PDE4C	XM_019015835.4	-	2	1	50	412	3	3	5	4	4	middle	middle	0.800	0.800	alternative	alternative	36	36	4
NC_073244.2	24660584	24661082	-2	1	-	NC_073244.2	24660840	24660857	PDE4C	XM_055372162.2	-	2	1	225	256	1	1	5	1	1	first	first	0.200	0.200	unique	unique	17	17	1
NC_073244.2	24871963	24872329	2	1	+	NC_073244.2	24872258	24872317	SSBP4	XM_004060300.4	+	2	1	295	12	6	6	12	12	12	middle	middle	1.000	1.000	constitutive	constitutive	59	59	7
NC_073244.2	24871963	24872329	2	1	+	NC_073244.2	24871964	24872317	SSBP4	XM_004060302.5	+	2	2	1	12	6	7	12	5	12	middle	middle	0.417	1.000	alternative	constitutive	65	59	5
NC_073244.2	46175390	46175978	3	1	+	NC_073244.2	46175605	46175853	FXYD3	XM_004060503.5	+	3	2	215	125	2	3	7	2	5	middle	middle	0.286	0.714	alternative	alternative	83	53	2
NC_073244.2	46175390	46175978	3	1	+	NC_073244.2	46175586	46175853	FXYD3	XM_055368958.1	+	3	2	196	125	1	2	7	1	5	first	middle	0.143	0.714	unique	alternative	102	53	1
NC_073244.2	46175390	46175978	3	1	+	NC_073244.2	46175814	46175853	FXYD3	XM_055368962.2	+	3	1	424	125	1	1	7	2	2	first	first	0.286	0.286	alternative	alternative	39	39	2
NC_073244.2	46175390	46175978	3	1	+	NC_073244.2	46175800	46175853	FXYD3	XM_063701229.1	+	3	1	410	125	2	2	7	5	5	middle	middle	0.714	0.714	alternative	alternative	53	53	2
NC_073244.2	46325419	46326331	2	1	+	NC_073244.2	46325757	46326175	USF2	XM_031004341.3	+	2	2	338	156	3	4	5	5	4	middle	middle	1.000	0.800	constitutive	alternative	118	200	4
NC_073244.2	46325419	46326331	2	1	+	NC_073244.2	46325757	46325875	USF2	XM_031004344.3	+	2	1	338	456	3	3	5	5	5	middle	middle	1.000	1.000	constitutive	constitutive	118	118	1
NC_073244.2	46569230	46569521	-2	1	-	NC_073244.2	46569252	46569308	DMKN	XM_004060529.4	-	2	1	213	22	1	1	45	7	7	first	first	0.156	0.156	alternative	alternative	56	56	7
NC_073244.2	46569230	46569521	-2	1	-	NC_073244.2	46569477	46569521	DMKN	XM_055368985.2	-	2	1	0	247	6	6	45	16	16	middle	middle	0.356	0.356	alternative	alternative	44	44	16
NC_073244.2	46842540	46843914	1	1	+	NC_073244.2	46842556	46842561	ARHGAP33	XM_031004539.3	+	1	1	16	1353	1	1	12	12	12	first	first	1.000	1.000	constitutive	constitutive	5	5	5
NC_073244.2	46842540	46843914	1	1	+	NC_073244.2	46842556	46843818	ARHGAP33	XM_055369055.2	+	1	2	16	96	1	2	12	12	7	first	middle	1.000	0.583	constitutive	alternative	5	194	7
NC_073244.2	46850983	46851829	2	1	+	NC_073244.2	46851079	46851224	ARHGAP33	XM_031004539.3	+	2	1	96	605	16	16	12	12	12	middle	middle	1.000	1.000	constitutive	constitutive	145	145	11
NC_073244.2	46850983	46851829	2	1	+	NC_073244.2	46851079	46851756	ARHGAP33	XM_063701271.1	+	2	2	96	73	18	19	12	12	1	middle	middle	1.000	0.083	constitutive	unique	145	354	1
NC_073244.2	46946741	46947473	3	1	+	NC_073244.2	46946796	46947161	APLP1	XM_019016152.4	+	3	2	55	312	9	10	4	2	4	middle	middle	0.500	1.000	alternative	constitutive	158	128	2
NC_073244.2	46946741	46947473	3	1	+	NC_073244.2	46947033	46947161	APLP1	XM_019016154.4	+	3	1	292	312	9	9	4	4	4	middle	middle	1.000	1.000	constitutive	constitutive	128	128	2
NC_073244.2	50067380	50067869	3	1	+	NC_073244.2	50067399	50067420	C20H19orf33	XM_004060659.4	+	3	1	19	449	1	1	2	1	1	first	first	0.500	0.500	unique	unique	21	21	1
NC_073244.2	50067380	50067869	3	1	+	NC_073244.2	50067728	50067822	C20H19orf33	XM_063701293.1	+	3	1	348	47	2	2	2	1	1	middle	middle	0.500	0.500	unique	unique	94	94	1
NC_073244.2	50677435	50678068	-3	1	-	NC_073244.2	50677445	50677919	SARS2	XM_004060686.5	-	3	2	149	10	13	15	3	3	2	middle	middle	1.000	0.667	constitutive	alternative	93	65	2
NC_073244.2	50677435	50678068	-3	1	-	NC_073244.2	50677826	50677919	SARS2	XM_055369322.2	-	3	1	149	391	13	13	3	3	3	middle	middle	1.000	1.000	constitutive	constitutive	93	93	1
NC_073244.2	51177788	51178136	3	1	+	NC_073244.2	51177838	51178083	PLEKHG2	XM_004060711.5	+	3	2	50	53	12	13	8	8	6	middle	middle	1.000	0.750	constitutive	alternative	101	47	6
NC_073244.2	51177788	51178136	3	1	+	NC_073244.2	51177838	51177939	PLEKHG2	XM_055369347.2	+	3	1	50	197	12	12	8	8	8	middle	middle	1.000	1.000	constitutive	constitutive	101	101	2
NC_073244.2	52343738	52344299	3	1	+	NC_073244.2	52344071	52344299	SHKBP1	XM_019015637.3	+	3	1	333	0	18	18	5	4	4	last	last	0.800	0.800	alternative	alternative	228	228	4
NC_073244.2	52343738	52344299	3	1	+	NC_073244.2	52343828	52343948	SHKBP1	XM_055369444.1	+	3	1	90	351	16	16	5	1	1	middle	middle	0.200	0.200	unique	unique	120	120	1
NC_073244.2	58639613	58640069	-2	1	-	NC_073244.2	58639885	58640045	ZC3H4	XM_019015809.4	-	2	1	24	272	1	1	7	3	3	first	first	0.429	0.429	alternative	alternative	160	160	3
NC_073244.2	58639613	58640069	-2	1	-	NC_073244.2	58639615	58639628	ZC3H4	XM_019015810.4	-	2	1	441	2	1	1	7	1	1	first	first	0.143	0.143	unique	unique	13	13	1
NC_073244.2	58788243	58789407	1	1	+	NC_073244.2	58788244	58788762	CCDC9	XM_019016489.2	+	1	2	1	645	3	4	5	4	4	middle	middle	0.800	0.800	alternative	alternative	101	251	4
NC_073244.2	58788243	58789407	1	1	+	NC_073244.2	58788613	58788762	CCDC9	XM_055369834.2	+	1	1	370	645	1	1	5	1	1	first	first	0.200	0.200	unique	unique	149	149	1
NC_073244.2	59934989	59936129	-2	1	-	NC_073244.2	59935410	59936051	MED25	XM_004061190.5	-	2	2	78	421	14	15	4	4	2	middle	middle	1.000	0.500	constitutive	alternative	191	71	2
NC_073244.2	59934989	59936129	-2	1	-	NC_073244.2	59935860	59936051	MED25	XM_055369875.2	-	2	1	78	871	14	14	4	4	4	middle	middle	1.000	1.000	constitutive	constitutive	191	191	2
NC_073244.2	60601783	60604336	-3	1	-	NC_073244.2	60601787	60604070	TRPM4	XM_055369984.2	-	3	2	266	4	3	4	7	3	4	middle	middle	0.429	0.571	alternative	alternative	1957	163	3
NC_073244.2	60601783	60604336	-3	1	-	NC_073244.2	60601787	60604070	TRPM4	XM_055369986.1	-	3	3	266	4	3	5	7	1	4	middle	middle	0.143	0.571	unique	alternative	174	163	1
NC_073244.2	60601783	60604336	-3	1	-	NC_073244.2	60601787	60601843	TRPM4	XM_055369988.1	-	3	1	2493	4	1	1	7	1	1	first	first	0.143	0.143	unique	unique	56	56	1
NC_073244.2	60614206	60616840	2	1	+	NC_073244.2	60614489	60616684	HRC	XM_019014510.4	+	2	2	283	156	1	2	2	2	1	first	middle	1.000	0.500	constitutive	unique	2049	70	1
NC_073244.2	60614206	60616840	2	1	+	NC_073244.2	60614489	60616538	HRC	XM_019014513.4	+	2	1	283	302	1	1	2	2	2	first	first	1.000	1.000	constitutive	constitutive	2049	2049	1
NC_073244.2	66383959	66384433	2	1	+	NC_073244.2	66384370	66384415	TTYH1	XM_019014806.4	+	2	1	411	18	12	12	7	2	2	middle	middle	0.286	0.286	alternative	alternative	45	45	2
NC_073244.2	66383959	66384433	2	1	+	NC_073244.2	66384084	66384226	TTYH1	XM_055370534.1	+	2	1	125	207	10	10	7	3	3	last	last	0.429	0.429	alternative	alternative	142	142	2
NC_073244.2	66383959	66384433	2	1	+	NC_073244.2	66384084	66384226	TTYH1	XM_063701639.1	+	2	1	125	207	10	10	7	3	3	middle	middle	0.429	0.429	alternative	alternative	142	142	1
NC_073244.2	67092793	67093132	-3	1	-	NC_073244.2	67092795	67093041	PPP1R12C	XM_031007551.3	-	3	2	91	2	16	17	4	2	2	middle	middle	0.500	0.500	alternative	alternative	85	40	1
NC_073244.2	67092793	67093132	-3	1	-	NC_073244.2	67092795	67093038	PPP1R12C	XM_055370570.2	-	3	2	94	2	16	17	4	2	2	middle	middle	0.500	0.500	alternative	alternative	82	40	1
NC_073244.2	67092793	67093132	-3	1	-	NC_073244.2	67092956	67093041	PPP1R12C	XM_055370571.2	-	3	1	91	163	16	16	4	2	2	middle	middle	0.500	0.500	alternative	alternative	85	85	1
NC_073244.2	67092793	67093132	-3	1	-	NC_073244.2	67092956	67093038	PPP1R12C	XM_055370572.2	-	3	1	94	163	16	16	4	2	2	middle	middle	0.500	0.500	alternative	alternative	82	82	1
NC_073244.2	67168677	67169295	-1	1	-	NC_073244.2	67168912	67169265	DNAAF3	XM_031007539.2	-	1	2	30	235	7	8	8	6	8	middle	middle	0.750	1.000	alternative	constitutive	125	122	6
NC_073244.2	67168677	67169295	-1	1	-	NC_073244.2	67168912	67169034	DNAAF3	XM_031007542.3	-	1	1	261	235	7	7	8	8	8	middle	middle	1.000	1.000	constitutive	constitutive	122	122	2
NC_073244.2	67365107	67365578	-2	1	-	NC_073244.2	67365108	67365193	COX6B2	XM_055370592.2	-	2	1	385	1	3	3	2	1	1	last	last	0.500	0.500	unique	unique	85	85	1
NC_073244.2	67365107	67365578	-2	1	-	NC_073244.2	67365285	67365385	COX6B2	XM_055370594.2	-	2	1	193	178	2	2	2	1	1	middle	middle	0.500	0.500	unique	unique	100	100	1
NC_073244.2	6831414	6831966	1	1	+	NC_073244.2	6831465	6831838	ABCA7	XM_055371015.2	+	1	2	51	128	18	19	11	9	11	middle	middle	0.818	1.000	alternative	constitutive	131	139	9
NC_073244.2	6831414	6831966	1	1	+	NC_073244.2	6831699	6831838	ABCA7	XM_055371020.2	+	1	1	285	128	18	18	11	11	11	middle	middle	1.000	1.000	constitutive	constitutive	139	139	2
NC_073244.2	6886192	6886714	2	1	+	NC_073244.2	6886450	6886474	GPX4	XM_055371041.1	+	2	1	258	240	5	5	3	3	3	middle	middle	1.000	1.000	constitutive	constitutive	24	24	2
NC_073244.2	6886192	6886714	2	1	+	NC_073244.2	6886450	6886667	GPX4	XM_063701910.1	+	2	2	258	47	5	6	3	3	1	middle	middle	1.000	0.333	constitutive	unique	24	81	1
NC_073244.2	6888843	6889185	-1	1	-	NC_073244.2	6888969	6889159	SBNO2	XM_055371037.2	-	1	1	26	126	30	30	3	2	2	middle	middle	0.667	0.667	alternative	alternative	190	190	2
NC_073244.2	6888843	6889185	-1	1	-	NC_073244.2	6888844	6889159	SBNO2	XM_055371040.2	-	1	2	26	1	30	31	3	1	1	middle	last	0.333	0.333	unique	unique	186	50	1
NC_073244.2	7036665	7037400	1	1	+	NC_073244.2	7036792	7037316	MIDN	XM_019015208.4	+	1	2	127	84	4	5	6	3	6	middle	middle	0.500	1.000	alternative	constitutive	128	311	3
NC_073244.2	7036665	7037400	1	1	+	NC_073244.2	7037005	7037316	MIDN	XM_019015210.4	+	1	1	340	84	4	4	6	6	6	middle	middle	1.000	1.000	constitutive	constitutive	311	311	3
NC_073244.2	7266339	7266792	-1	1	-	NC_073244.2	7266606	7266709	PCSK4	XM_031006712.3	-	1	1	83	267	10	10	13	10	10	middle	middle	0.769	0.769	alternative	alternative	103	103	10
NC_073244.2	7266339	7266792	-1	1	-	NC_073244.2	7266418	7266535	PCSK4	XM_055371097.2	-	1	1	257	79	12	12	13	3	3	middle	middle	0.231	0.231	alternative	alternative	117	117	3
NC_073244.2	7266535	7266991	-3	1	-	NC_073244.2	7266606	7266897	PCSK4	XM_055371097.2	-	3	2	94	71	10	11	13	2	3	middle	middle	0.154	0.231	alternative	alternative	100	103	2
NC_073244.2	7266535	7266991	-3	1	-	NC_073244.2	7266606	7266709	PCSK4	XM_055371099.2	-	3	1	282	71	10	10	13	3	3	middle	middle	0.231	0.231	alternative	alternative	103	103	1
NC_073244.2	7270684	7271629	-3	1	-	NC_073244.2	7270763	7271223	PCSK4	XM_031006712.3	-	3	2	406	79	7	8	13	12	10	middle	middle	0.923	0.769	alternative	alternative	172	212	10
NC_073244.2	7270684	7271629	-3	1	-	NC_073244.2	7271051	7271223	PCSK4	XM_055371097.2	-	3	1	406	367	8	8	13	12	12	middle	middle	0.923	0.923	alternative	alternative	172	172	2
NC_073244.2	7574900	7575977	-2	1	-	NC_073244.2	7575189	7575959	ATP8B3	XM_055371133.2	-	2	2	18	289	18	19	10	6	6	middle	middle	0.600	0.600	alternative	alternative	95	164	5
NC_073244.2	7574900	7575977	-2	1	-	NC_073244.2	7575219	7575959	ATP8B3	XM_055371136.2	-	2	2	18	319	18	19	10	6	4	middle	middle	0.600	0.400	alternative	alternative	95	134	1
NC_073244.2	7574900	7575977	-2	1	-	NC_073244.2	7575189	7575353	ATP8B3	XM_055371138.2	-	2	1	624	289	18	18	10	6	6	middle	middle	0.600	0.600	alternative	alternative	164	164	1
NC_073244.2	7574900	7575977	-2	1	-	NC_073244.2	7575219	7575353	ATP8B3	XM_055371139.2	-	2	1	624	319	18	18	10	4	4	middle	middle	0.400	0.400	alternative	alternative	134	134	3
NC_073244.2	9532554	9533157	-1	1	-	NC_073244.2	9532603	9533085	APBA3	XM_055371256.2	-	1	2	72	49	6	7	3	3	1	middle	middle	1.000	0.333	constitutive	unique	170	212	1
NC_073244.2	9532554	9533157	-1	1	-	NC_073244.2	9532642	9533085	APBA3	XM_055371257.2	-	1	2	72	88	6	7	3	3	1	middle	middle	1.000	0.333	constitutive	unique	170	173	1
NC_073244.2	9532554	9533157	-1	1	-	NC_073244.2	9532915	9533085	APBA3	XM_055371258.2	-	1	1	72	361	6	6	3	3	3	middle	middle	1.000	1.000	constitutive	constitutive	170	170	1
NC_073245.2	10341674	10342202	3	1	+	NC_073245.2	10341688	10341809	RBCK1	XM_031004811.3	+	3	1	14	393	5	5	3	2	2	middle	middle	0.667	0.667	alternative	alternative	121	121	2
NC_073245.2	10341674	10342202	3	1	+	NC_073245.2	10341899	10342072	RBCK1	XM_055372372.1	+	3	1	225	130	3	3	3	1	1	middle	middle	0.333	0.333	unique	unique	173	173	1
NC_073245.2	13576627	13577260	-2	1	-	NC_073245.2	13576791	13576957	ADAM33	XM_004061735.4	-	2	1	303	164	9	9	50	42	42	middle	middle	0.840	0.840	alternative	alternative	166	166	42
NC_073245.2	13576627	13577260	-2	1	-	NC_073245.2	13577110	13577181	ADAM33	XM_063702121.1	-	2	1	79	483	7	7	50	8	8	middle	middle	0.160	0.160	alternative	alternative	71	71	8
NC_073245.2	13576926	13577412	-3	1	-	NC_073245.2	13577110	13577181	ADAM33	XM_004061735.4	-	3	1	231	184	8	8	50	42	42	middle	middle	0.840	0.840	alternative	alternative	71	71	42
NC_073245.2	13576926	13577412	-3	1	-	NC_073245.2	13577265	13577330	ADAM33	XM_063702121.1	-	3	1	82	339	6	6	50	8	8	middle	middle	0.160	0.160	alternative	alternative	65	65	8
NC_073245.2	45610416	45610782	-3	1	-	NC_073245.2	45610549	45610736	SNTA1	XM_004062015.4	-	3	1	46	133	7	7	4	3	3	middle	middle	0.750	0.750	alternative	alternative	187	187	3
NC_073245.2	45610416	45610782	-3	1	-	NC_073245.2	45610417	45610447	SNTA1	XM_063702399.1	-	3	1	335	1	9	9	4	1	1	last	last	0.250	0.250	unique	unique	30	30	1
NC_073245.2	45852166	45852733	-2	1	-	NC_073245.2	45852189	45852266	NECAB3	XM_031004757.3	-	2	1	467	23	10	10	6	4	4	middle	middle	0.667	0.667	alternative	alternative	77	77	4
NC_073245.2	45852166	45852733	-2	1	-	NC_073245.2	45852434	45852546	NECAB3	XM_055373334.2	-	2	1	187	268	7	7	6	1	1	middle	middle	0.167	0.167	unique	unique	112	112	1
NC_073245.2	57533737	57534163	-2	1	-	NC_073245.2	57533800	57533922	MATN4	XM_019016816.4	-	2	1	241	63	3	3	2	2	2	middle	middle	1.000	1.000	constitutive	constitutive	122	122	1
NC_073245.2	57533737	57534163	-2	1	-	NC_073245.2	57533800	57534141	MATN4	XM_055373054.2	-	2	2	22	63	3	4	2	1	2	middle	middle	0.500	1.000	unique	constitutive	122	122	1
NC_073245.2	57549061	57549658	2	1	+	NC_073245.2	57549179	57549658	RBPJL	XM_063702508.1	+	2	2	118	0	11	12	3	2	1	middle	last	0.667	0.333	alternative	unique	103	270	1
NC_073245.2	57549061	57549658	2	1	+	NC_073245.2	57549179	57549658	RBPJL	XM_063702509.1	+	2	2	118	0	11	12	3	2	1	middle	last	0.667	0.333	alternative	unique	103	267	1
NC_073245.2	57549061	57549658	2	1	+	NC_073245.2	57549179	57549292	RBPJL	XM_063702510.1	+	2	1	118	366	11	11	3	1	1	middle	middle	0.333	0.333	unique	unique	113	113	1
NC_073245.2	57652403	57653306	3	1	+	NC_073245.2	57652478	57653021	PIGT	XM_019017006.4	+	3	2	75	285	3	4	3	1	2	middle	middle	0.333	0.667	unique	alternative	127	100	1
NC_073245.2	57652403	57653306	3	1	+	NC_073245.2	57652921	57653021	PIGT	XM_019017007.4	+	3	1	518	285	2	2	3	2	2	middle	middle	0.667	0.667	alternative	alternative	100	100	1
NC_073245.2	58044469	58045090	2	1	+	NC_073245.2	58044515	58044887	UBE2C	XM_004062268.4	+	2	2	46	203	4	5	2	1	2	middle	middle	0.500	1.000	unique	constitutive	204	59	1
NC_073245.2	58044469	58045090	2	1	+	NC_073245.2	58044828	58044887	UBE2C	XM_004062271.5	+	2	1	359	203	5	5	2	2	2	middle	middle	1.000	1.000	constitutive	constitutive	59	59	1
NC_073245.2	58356847	58357090	2	1	+	NC_073245.2	58356879	58356965	CD40	XM_004062294.4	+	2	1	32	125	7	7	5	3	3	middle	middle	0.600	0.600	alternative	alternative	86	86	2
NC_073245.2	58356847	58357090	2	1	+	NC_073245.2	58356879	58356977	CD40	XM_019017547.3	+	2	1	32	113	7	7	5	2	2	middle	middle	0.400	0.400	alternative	alternative	98	98	2
NC_073245.2	58356847	58357090	2	1	+	NC_073245.2	58356879	58357090	CD40	XM_063702105.1	+	2	2	32	0	7	8	5	3	1	middle	last	0.600	0.200	alternative	unique	86	19	1
NC_073245.2	74594998	74595559	2	1	+	NC_073245.2	74595021	74595470	ADRM1	XM_004062485.4	+	2	2	23	89	7	8	3	3	2	middle	middle	1.000	0.667	constitutive	alternative	157	102	2
NC_073245.2	74594998	74595559	2	1	+	NC_073245.2	74595021	74595178	ADRM1	XM_063702431.1	+	2	1	23	381	7	7	3	3	3	middle	middle	1.000	1.000	constitutive	constitutive	157	157	1
NC_073245.2	75998913	75999573	1	1	+	NC_073245.2	75999092	75999325	RTEL1	XM_055372675.2	+	1	1	179	248	31	31	22	17	17	middle	middle	0.773	0.773	alternative	alternative	233	233	17
NC_073245.2	75998913	75999573	1	1	+	NC_073245.2	75999092	75999572	RTEL1	XM_055372693.2	+	1	2	179	1	31	32	22	2	2	middle	middle	0.091	0.091	alternative	alternative	237	155	2
NC_073245.2	75999400	75999733	2	1	+	NC_073245.2	75999417	75999572	RTEL1	XM_055372675.2	+	2	1	17	161	32	32	22	17	17	middle	middle	0.773	0.773	alternative	alternative	155	155	17
NC_073245.2	75999400	75999733	2	1	+	NC_073245.2	75999679	75999733	RTEL1	XM_055372693.2	+	2	1	279	0	33	33	22	2	2	last	last	0.091	0.091	alternative	alternative	54	54	2
NC_073245.2	76041593	76042322	3	1	+	NC_073245.2	76042082	76042163	LIME1	XM_031007440.3	+	3	1	489	159	2	2	4	4	4	middle	middle	1.000	1.000	constitutive	constitutive	81	81	3
NC_073245.2	76041593	76042322	3	1	+	NC_073245.2	76042082	76042321	LIME1	XM_031007442.3	+	3	2	489	1	3	4	4	4	1	middle	middle	1.000	0.250	constitutive	unique	81	52	1
NC_073245.2	76526148	76526544	1	1	+	NC_073245.2	76526280	76526528	MYT1	XM_031007830.3	+	1	2	132	16	13	14	8	8	6	middle	middle	1.000	0.750	constitutive	alternative	62	68	6
NC_073245.2	76526148	76526544	1	1	+	NC_073245.2	76526280	76526342	MYT1	XM_055372754.2	+	1	1	132	202	13	13	8	8	8	middle	middle	1.000	1.000	constitutive	constitutive	62	62	2
NC_073246.2	44378392	44378812	-1	1	-	NC_073246.2	44378455	44378776	RSPH1	XM_004062861.3	-	1	2	36	63	2	3	4	3	4	middle	middle	0.750	1.000	alternative	constitutive	113	105	3
NC_073246.2	44378392	44378812	-1	1	-	NC_073246.2	44378455	44378560	RSPH1	XM_019017923.4	-	1	1	252	63	2	2	4	4	4	middle	middle	1.000	1.000	constitutive	constitutive	105	105	1
NC_073246.2	44613482	44613905	3	1	+	NC_073246.2	44613538	44613892	PDE9A	XM_031005204.3	+	3	2	56	13	5	6	5	2	3	middle	middle	0.400	0.600	alternative	alternative	179	54	2
NC_073246.2	44613482	44613905	3	1	+	NC_073246.2	44613838	44613892	PDE9A	XM_031005206.3	+	3	1	356	13	5	5	5	3	3	middle	middle	0.600	0.600	alternative	alternative	54	54	1
NC_073247.2	161163129	161163774	1	1	+	NC_073247.2	161163488	161163769	EOLA1	XM_019019445.4	+	1	1	359	5	2	2	9	6	6	middle	middle	0.667	0.667	alternative	alternative	281	281	6
NC_073247.2	161163129	161163774	1	1	+	NC_073247.2	161163254	161163386	EOLA1	XM_031005861.3	+	1	1	125	388	3	3	9	3	3	middle	middle	0.333	0.333	alternative	alternative	132	132	1
NC_073247.2	161163129	161163774	1	1	+	NC_073247.2	161163254	161163769	EOLA1	XM_063703334.1	+	1	2	125	5	3	4	9	3	2	middle	middle	0.333	0.222	alternative	alternative	132	115	2
NC_073247.2	161610174	161610819	-3	1	-	NC_073247.2	161610180	161610461	EOLA2	XM_031005829.3	-	3	1	358	6	2	2	8	5	5	middle	middle	0.625	0.625	alternative	alternative	281	281	5
NC_073247.2	161610174	161610819	-3	1	-	NC_073247.2	161610563	161610695	EOLA2	XM_055377007.2	-	3	1	124	389	3	3	8	3	3	middle	middle	0.375	0.375	alternative	alternative	132	132	1
NC_073247.2	161610174	161610819	-3	1	-	NC_073247.2	161610180	161610695	EOLA2	XM_063703177.1	-	3	2	124	6	3	4	8	3	2	middle	middle	0.375	0.250	alternative	alternative	132	115	2
NC_073247.2	57851523	57852081	-3	1	-	NC_073247.2	57851529	57852006	ZNF41	XM_004064071.5	-	3	2	75	6	2	3	24	7	19	middle	middle	0.292	0.792	alternative	alternative	126	95	7
NC_073247.2	57851523	57852081	-3	1	-	NC_073247.2	57851529	57852046	ZNF41	XM_019019760.4	-	3	2	35	6	2	3	24	4	19	middle	middle	0.167	0.792	alternative	alternative	166	95	4
NC_073247.2	57851523	57852081	-3	1	-	NC_073247.2	57851529	57852022	ZNF41	XM_055375664.2	-	3	2	59	6	2	3	24	8	19	middle	middle	0.333	0.792	alternative	alternative	142	95	8
NC_073247.2	57851523	57852081	-3	1	-	NC_073247.2	57851529	57851565	ZNF41	XM_055375671.2	-	3	1	516	6	1	1	24	5	5	first	first	0.208	0.208	alternative	alternative	36	36	5
NC_086017.1	138751524	138751995	-2	1	-	NC_086017.1	138751526	138751606	TPRA1	XM_004036239.4	-	2	1	389	2	9	9	5	4	4	middle	middle	0.800	0.800	alternative	alternative	80	80	4
NC_086017.1	138751524	138751995	-2	1	-	NC_086017.1	138751744	138751846	TPRA1	XM_063704134.1	-	2	1	149	220	8	8	5	1	1	middle	middle	0.200	0.200	unique	unique	102	102	1
NC_086017.1	19749192	19749651	1	1	+	NC_086017.1	19749515	19749589	IL17RC	XM_004033552.5	+	1	1	323	62	4	4	46	44	44	middle	middle	0.957	0.957	alternative	alternative	74	74	44
NC_086017.1	19749192	19749651	1	1	+	NC_086017.1	19749253	19749255	IL17RC	XM_055382915.2	+	1	1	61	396	1	1	46	2	2	first	first	0.043	0.043	alternative	alternative	2	2	2
NC_086017.1	19759513	19759948	2	1	+	NC_086017.1	19759533	19759858	IL17RC	XM_004033552.5	+	2	2	20	90	10	11	46	46	29	middle	middle	1.000	0.630	constitutive	alternative	181	50	29
NC_086017.1	19759513	19759948	2	1	+	NC_086017.1	19759533	19759714	IL17RC	XM_004033554.5	+	2	1	20	234	10	10	46	46	46	middle	middle	1.000	1.000	constitutive	constitutive	181	181	17
NC_086017.1	207443869	207445783	-1	1	-	NC_086017.1	207443909	207443998	TNK2	XM_004038247.5	-	1	1	1785	40	12	12	36	4	4	middle	middle	0.111	0.111	alternative	alternative	89	89	4
NC_086017.1	207443869	207445783	-1	1	-	NC_086017.1	207443909	207444004	TNK2	XM_019023267.4	-	1	1	1779	40	14	14	36	21	21	middle	middle	0.583	0.583	alternative	alternative	95	95	21
NC_086017.1	207443869	207445783	-1	1	-	NC_086017.1	207443870	207443875	TNK2	XM_055382728.2	-	1	1	1908	1	14	14	36	1	1	last	last	0.028	0.028	unique	unique	5	5	1
NC_086017.1	210859344	210859890	-2	1	-	NC_086017.1	210859518	210859815	LOC115935411	XM_055381772.2	-	2	2	75	174	2	3	2	2	1	middle	middle	1.000	0.500	constitutive	unique	108	110	1
NC_086017.1	210859344	210859890	-2	1	-	NC_086017.1	210859707	210859815	LOC115935411	XM_055381774.2	-	2	1	75	363	2	2	2	2	2	middle	middle	1.000	1.000	constitutive	constitutive	108	108	1
NC_086017.1	211625988	211626834	1	1	+	NC_086017.1	211626009	211626105	LOC115933194	XM_063704551.1	+	1	1	21	729	6	6	2	1	1	middle	middle	0.500	0.500	unique	unique	96	96	1
NC_086017.1	211625988	211626834	1	1	+	NC_086017.1	211626701	211626834	LOC115933194	XM_063704552.1	+	1	1	713	0	8	8	2	1	1	last	last	0.500	0.500	unique	unique	133	133	1
NC_086017.1	22550117	22550615	-3	1	-	NC_086017.1	22550336	22550593	TMEM40	XM_004033639.5	-	3	2	22	219	7	8	3	2	3	middle	middle	0.667	1.000	alternative	constitutive	71	74	2
NC_086017.1	22550117	22550615	-3	1	-	NC_086017.1	22550336	22550410	TMEM40	XM_055381036.2	-	3	1	205	219	8	8	3	3	3	middle	middle	1.000	1.000	constitutive	constitutive	74	74	1
NC_086017.1	23959283	23959589	-3	1	-	NC_086017.1	23959398	23959491	XPC	XM_004033661.5	-	3	1	98	115	14	14	3	3	3	middle	middle	1.000	1.000	constitutive	constitutive	93	93	2
NC_086017.1	23959283	23959589	-3	1	-	NC_086017.1	23959284	23959491	XPC	XM_055381068.2	-	3	2	98	1	14	15	3	3	1	middle	last	1.000	0.333	constitutive	unique	93	38	1
NC_086017.1	48355195	48355819	2	1	+	NC_086017.1	48355388	48355439	ACVR2B	XM_031009875.3	+	2	1	193	380	1	1	2	1	1	first	first	0.500	0.500	unique	unique	51	51	1
NC_086017.1	48355195	48355819	2	1	+	NC_086017.1	48355679	48355748	ACVR2B	XM_055381293.2	+	2	1	484	71	1	1	2	1	1	first	first	0.500	0.500	unique	unique	69	69	1
NC_086017.1	49036345	49036741	2	1	+	NC_086017.1	49036450	49036729	TTC21A	XM_019023579.4	+	2	2	105	12	16	17	21	21	16	middle	middle	1.000	0.762	constitutive	alternative	72	110	16
NC_086017.1	49036345	49036741	2	1	+	NC_086017.1	49036450	49036522	TTC21A	XM_055381305.2	+	2	1	105	219	16	16	21	21	21	middle	middle	1.000	1.000	constitutive	constitutive	72	72	5
NC_086017.1	50386936	50387533	2	1	+	NC_086017.1	50386985	50387138	ZNF619	XM_004033901.5	+	2	1	49	395	2	2	2	2	2	middle	middle	1.000	1.000	constitutive	constitutive	153	153	1
NC_086017.1	50386936	50387533	2	1	+	NC_086017.1	50386985	50387471	ZNF619	XM_055381335.2	+	2	2	49	62	2	3	2	2	1	middle	middle	1.000	0.500	constitutive	unique	153	119	1
NC_086017.1	58421665	58422013	-1	1	-	NC_086017.1	58421821	58421917	PFKFB4	XM_004034086.5	-	1	1	96	156	1	1	8	2	2	first	first	0.250	0.250	alternative	alternative	96	96	2
NC_086017.1	58421665	58422013	-1	1	-	NC_086017.1	58421704	58421743	PFKFB4	XM_055382331.2	-	1	1	270	39	1	1	8	1	1	first	first	0.125	0.125	unique	unique	39	39	1
NC_086017.1	58437367	58437601	-1	1	-	NC_086017.1	58437431	58437589	COL7A1	XM_055382335.2	-	1	2	12	64	88	89	3	2	3	middle	middle	0.667	1.000	alternative	constitutive	35	41	2
NC_086017.1	58437367	58437601	-1	1	-	NC_086017.1	58437431	58437472	COL7A1	XM_055382337.2	-	1	1	129	64	88	88	3	3	3	middle	middle	1.000	1.000	constitutive	constitutive	41	41	1
NC_086017.1	58558103	58558586	-3	1	-	NC_086017.1	58558105	58558330	IP6K2	XM_004034097.2	-	3	1	256	2	2	2	10	8	8	middle	middle	0.800	0.800	alternative	alternative	225	225	6
NC_086017.1	58558103	58558586	-3	1	-	NC_086017.1	58558105	58558508	IP6K2	XM_055382424.2	-	3	2	78	2	1	2	10	2	8	first	middle	0.200	0.800	alternative	alternative	87	225	2
NC_086017.1	59553828	59554149	-2	1	-	NC_086017.1	59553830	59553950	MST1	XM_004034156.5	-	2	1	199	2	13	13	6	3	3	middle	middle	0.500	0.500	alternative	alternative	120	120	3
NC_086017.1	59553828	59554149	-2	1	-	NC_086017.1	59554039	59554074	MST1	XM_019023444.4	-	2	1	75	211	12	12	6	3	3	middle	middle	0.500	0.500	alternative	alternative	35	35	3
NC_086018.1	16296019	16303360	-3	1	-	NC_086018.1	16296020	16296946	LOC129529656	XM_055375388.2	-	3	1	6414	1	1	1	1	1	1	first	first	1.000	1.000	constitutive	constitutive	926	926	1
NC_086018.1	16296019	16303360	-3	1	-	NC_086018.1	16301504	16303344	LOC129529657	XM_055375389.1	-	3	1	16	5485	8	8	1	1	1	last	last	1.000	1.000	constitutive	constitutive	1840	1840	1
NC_086018.1	17583256	17584225	-3	1	-	NC_086018.1	17583494	17583598	CCDC188	XM_004063044.5	-	3	1	627	238	3	3	6	3	3	middle	middle	0.500	0.500	alternative	alternative	104	104	3
NC_086018.1	17583256	17584225	-3	1	-	NC_086018.1	17583682	17584189	CCDC188	XM_019018670.4	-	3	2	36	426	1	2	6	3	2	first	middle	0.500	0.333	alternative	alternative	213	107	2
NC_086018.1	17583256	17584225	-3	1	-	NC_086018.1	17583494	17584189	CCDC188	XM_063704885.1	-	3	2	36	238	1	2	6	3	1	first	middle	0.500	0.167	alternative	unique	213	295	1
NC_086018.1	18567701	18568601	3	1	+	NC_086018.1	18567983	18568124	P2RX6	XM_055375027.2	+	3	1	282	477	7	7	6	5	5	middle	middle	0.833	0.833	alternative	alternative	141	141	5
NC_086018.1	18567701	18568601	3	1	+	NC_086018.1	18567983	18568326	P2RX6	XM_055375032.2	+	3	2	282	275	7	8	6	1	1	middle	middle	0.167	0.167	unique	unique	152	109	1
NC_086018.1	18826229	18826733	-2	1	-	NC_086018.1	18826490	18826585	LOC129529591	XM_055375054.2	-	2	1	148	261	4	4	4	4	4	middle	middle	1.000	1.000	constitutive	constitutive	95	95	3
NC_086018.1	18826229	18826733	-2	1	-	NC_086018.1	18826230	18826585	LOC129529591	XM_063704920.1	-	2	2	148	1	4	5	4	4	1	middle	last	1.000	0.250	constitutive	unique	95	175	1
NC_086018.1	19043788	19044175	-3	1	-	NC_086018.1	19043790	19044050	TMEM191C	XM_031006546.3	-	3	2	125	2	8	9	5	5	4	middle	middle	1.000	0.800	constitutive	alternative	72	40	4
NC_086018.1	19043788	19044175	-3	1	-	NC_086018.1	19043978	19044050	TMEM191C	XM_063705001.1	-	3	1	125	190	8	8	5	5	5	middle	middle	1.000	1.000	constitutive	constitutive	72	72	1
NC_086018.1	21254507	21254969	3	1	+	NC_086018.1	21254833	21254942	C23H22orf15	XM_004063153.5	+	3	1	326	27	5	5	12	5	5	middle	middle	0.417	0.417	alternative	alternative	109	109	5
NC_086018.1	21254507	21254969	3	1	+	NC_086018.1	21254679	21254753	C23H22orf15	XM_019018281.4	+	3	1	172	216	4	4	12	6	6	middle	middle	0.500	0.500	alternative	alternative	74	74	6
NC_086018.1	27266183	27266573	3	1	+	NC_086018.1	27266298	27266510	EMID1	XM_019018176.4	+	3	2	115	63	12	13	4	3	4	middle	middle	0.750	1.000	alternative	constitutive	62	44	3
NC_086018.1	27266183	27266573	3	1	+	NC_086018.1	27266466	27266510	EMID1	XM_055374123.2	+	3	1	283	63	12	12	4	4	4	middle	middle	1.000	1.000	constitutive	constitutive	44	44	1
NC_086018.1	29149105	29149483	2	1	+	NC_086018.1	29149142	29149450	INPP5J	XM_004063319.5	+	2	2	37	33	11	12	3	2	3	middle	middle	0.667	1.000	alternative	constitutive	77	104	2
NC_086018.1	29149105	29149483	2	1	+	NC_086018.1	29149346	29149450	INPP5J	XM_063704865.1	+	2	1	241	33	11	11	3	3	3	middle	middle	1.000	1.000	constitutive	constitutive	104	104	1
NC_086018.1	41887321	41887921	-3	1	-	NC_086018.1	41887337	41887546	PNPLA5	XM_004063613.4	-	3	1	375	16	4	4	4	1	1	middle	middle	0.250	0.250	unique	unique	209	209	1
NC_086018.1	41887321	41887921	-3	1	-	NC_086018.1	41887337	41887921	PNPLA5	XM_031005305.3	-	3	2	0	16	1	2	4	1	1	first	middle	0.250	0.250	unique	unique	118	186	1
NC_086018.1	41887321	41887921	-3	1	-	NC_086018.1	41887333	41887546	PNPLA5	XM_055374825.2	-	3	1	375	12	4	4	4	2	2	middle	middle	0.500	0.500	alternative	alternative	213	213	2
NC_086018.1	48520931	48521714	-2	1	-	NC_086018.1	48521502	48521612	SBF1	XM_004063688.4	-	2	1	102	571	5	5	9	9	9	middle	middle	1.000	1.000	constitutive	constitutive	110	110	5
NC_086018.1	48520931	48521714	-2	1	-	NC_086018.1	48521142	48521612	SBF1	XM_031007345.2	-	2	2	102	211	5	6	9	9	4	middle	middle	1.000	0.444	constitutive	alternative	110	23	4
NC_086018.1	48632570	48632855	-2	1	-	NC_086018.1	48632691	48632799	CHKB	XM_004063708.4	-	2	1	56	121	8	8	6	3	3	middle	middle	0.500	0.500	alternative	alternative	108	108	3
NC_086018.1	48632570	48632855	-2	1	-	NC_086018.1	48632571	48632583	CHKB	XM_055374459.2	-	2	1	272	1	8	8	6	1	1	last	last	0.167	0.167	unique	unique	12	12	1
