chr	start	end	frame	filler	strand	chr	first_exon_start	last_exon_end	gene	transcript	exon_strand	exon_frame	exon_count	upstream_len_in_scfr	downstream_len_in_scfr	first_exon_number	last_exon_number	gene_tx_count	first_exon_tx_count	last_exon_tx_count	first_exon_order	last_exon_order	first_exon_sharing	last_exon_sharing	first_exon_splicing	last_exon_splicing	first_exon_overlap	last_exon_overlap	merged_txs
NC_071985.2	100111936	100112749	-2	1	-	NC_071985.2	100112026	100112742	ADAMTSL4	XM_063717774.1	-	2	3	7	90	8	10	9	9	9	middle	middle	1.000	1.000	constitutive	constitutive	172	185	9
NC_071985.2	100158379	100158877	-2	1	-	NC_071985.2	100158490	100158750	ECM1	XM_002810279.6	-	2	2	127	111	4	5	2	2	2	middle	middle	1.000	1.000	constitutive	constitutive	80	80	2
NC_071985.2	100399571	100400219	3	1	+	NC_071985.2	100399606	100400006	APH1A	XM_009244839.4	+	3	2	35	213	4	5	2	2	2	middle	middle	1.000	1.000	constitutive	constitutive	122	127	2
NC_071985.2	100744921	100745575	2	1	+	NC_071985.2	100745106	100745575	SF3B4	XM_024250558.3	+	2	2	185	0	5	6	1	1	1	middle	last	1.000	1.000	constitutive	constitutive	173	184	1
NC_071985.2	111820246	111820846	2	1	+	NC_071985.2	111820366	111820720	PIAS3	XM_002810321.5	+	2	2	120	126	12	13	1	1	1	middle	middle	1.000	1.000	constitutive	constitutive	133	37	1
NC_071985.2	120022786	120023437	2	1	+	NC_071985.2	120022813	120023436	PPM1J	XM_002810421.6	+	2	3	27	1	7	9	1	1	1	middle	middle	1.000	1.000	constitutive	constitutive	63	151	1
NC_071985.2	123065513	123065882	-1	1	-	NC_071985.2	123065568	123065864	GSTM2	NM_001134015.1	-	1	2	18	55	6	7	1	1	1	middle	middle	1.000	1.000	constitutive	constitutive	95	110	1
NC_071985.2	123077954	123078587	-1	1	-	NC_071985.2	123078162	123078458	GSTM4	NM_001367596.1	-	1	2	129	208	6	7	3	3	3	middle	middle	1.000	1.000	constitutive	constitutive	95	110	3
NC_071985.2	123106155	123107292	-3	1	-	NC_071985.2	123106303	123106884	AMPD2	NM_001132278.3	-	3	2	408	148	15	16	5	5	5	middle	middle	1.000	1.000	constitutive	constitutive	173	110	5
NC_071985.2	123463531	123464164	-2	1	-	NC_071985.2	123463642	123464145	CELSR2	XM_024252814.3	-	2	2	19	111	31	32	4	4	4	middle	middle	1.000	1.000	constitutive	constitutive	194	170	4
NC_071985.2	123465226	123465697	-2	1	-	NC_071985.2	123465257	123465593	CELSR2	XM_024252814.3	-	2	2	104	31	27	28	4	4	4	middle	middle	1.000	1.000	constitutive	constitutive	126	122	4
NC_071985.2	133041168	133041612	-3	1	-	NC_071985.2	133041180	133041579	AGL	XM_024233359.3	-	3	2	33	12	15	16	2	2	2	middle	middle	1.000	1.000	constitutive	constitutive	155	150	2
NC_071985.2	162026944	162027238	2	1	+	NC_071985.2	162026977	162027228	ZRANB2	NM_001134156.1	+	2	2	33	10	2	3	1	1	1	middle	middle	1.000	1.000	constitutive	constitutive	52	108	1
NC_071985.2	178412092	178412941	-2	1	-	NC_071985.2	178412294	178412779	CIMAP2	XM_024246455.2	-	2	2	162	202	3	4	5	5	5	middle	middle	1.000	1.000	constitutive	constitutive	164	122	5
NC_071985.2	178971272	178971734	3	1	+	NC_071985.2	178971381	178971626	SSBP3	XM_024246597.3	+	3	2	109	108	8	9	13	13	13	middle	middle	1.000	1.000	constitutive	constitutive	66	76	13
NC_071985.2	178992494	178993373	3	1	+	NC_071985.2	178992564	178993133	SSBP3	XM_024246597.3	+	3	2	70	240	15	17	13	13	13	middle	middle	1.000	1.000	constitutive	constitutive	78	101	13
NC_071985.2	186908617	186909280	-2	1	-	NC_071985.2	186908708	186909041	LOC100453623	XM_024247329.3	-	2	2	239	91	6	7	9	4	9	middle	middle	0.444	1.000	alternative	constitutive	40	124	4
NC_071985.2	186908617	186909280	-2	1	-	NC_071985.2	186908708	186909062	LOC100453623	XM_054535295.2	-	2	2	218	91	6	7	9	5	9	middle	middle	0.556	1.000	alternative	constitutive	61	124	5
NC_071985.2	187116604	187116910	2	1	+	NC_071985.2	187116605	187116874	POMGNT1	NM_001133834.1	+	2	2	1	36	4	5	3	3	3	middle	middle	1.000	1.000	constitutive	constitutive	65	113	3
NC_071985.2	187117705	187118317	2	1	+	NC_071985.2	187117727	187118135	POMGNT1	NM_001133834.1	+	2	2	22	182	6	7	3	3	3	middle	middle	1.000	1.000	constitutive	constitutive	117	98	3
NC_071985.2	187127391	187127820	-3	1	-	NC_071985.2	187127401	187127748	TSPAN1	NM_001131902.1	-	3	2	72	10	5	6	6	6	6	middle	middle	1.000	1.000	constitutive	constitutive	155	83	6
NC_071985.2	187684898	187685393	3	1	+	NC_071985.2	187685035	187685392	GPBP1L1	XM_024256443.2	+	3	2	137	1	17	18	9	7	7	middle	middle	0.778	0.778	alternative	alternative	118	97	7
NC_071985.2	187967880	187968159	-3	1	-	NC_071985.2	187967882	187968152	TOE1	NM_001132198.1	-	3	2	7	2	2	3	4	2	4	middle	middle	0.500	1.000	alternative	constitutive	142	40	2
NC_071985.2	187967880	187968159	-3	1	-	NC_071985.2	187967882	187968066	TOE1	XM_009250980.3	-	3	2	93	2	1	2	4	2	4	first	middle	0.500	1.000	alternative	constitutive	56	40	2
NC_071985.2	188474806	188476039	2	1	+	NC_071985.2	188474932	188475719	PTCH2	XM_009251044.4	+	2	2	126	320	14	15	1	1	1	middle	middle	1.000	1.000	constitutive	constitutive	348	312	1
NC_071985.2	188475723	188476725	1	1	+	NC_071985.2	188475812	188476219	PTCH2	XM_009251044.4	+	1	2	89	506	16	17	1	1	1	middle	middle	1.000	1.000	constitutive	constitutive	142	180	1
NC_071985.2	188476117	188476972	2	1	+	NC_071985.2	188476353	188476882	PTCH2	XM_009251044.4	+	2	2	236	90	18	19	1	1	1	middle	middle	1.000	1.000	constitutive	constitutive	280	137	1
NC_071985.2	188516971	188517748	2	1	+	NC_071985.2	188516972	188517748	BEST4	XM_002810909.5	+	2	2	1	0	7	9	5	5	5	middle	last	1.000	1.000	constitutive	constitutive	80	270	5
NC_071985.2	188538813	188539200	-3	1	-	NC_071985.2	188538841	188539153	KIF2C	XM_024247551.3	-	3	2	47	28	18	19	7	7	7	middle	middle	1.000	1.000	constitutive	constitutive	105	113	7
NC_071985.2	189323800	189324586	-2	1	-	NC_071985.2	189323801	189324548	CCDC24	XM_024247684.3	-	2	2	38	1	5	6	27	11	11	middle	last	0.407	0.407	alternative	alternative	78	587	11
NC_071985.2	189353269	189353635	-2	1	-	NC_071985.2	189353318	189353613	IPO13	NM_001132516.1	-	2	2	22	49	17	18	8	8	8	middle	middle	1.000	1.000	constitutive	constitutive	58	89	4
NC_071985.2	189353269	189353635	-2	1	-	NC_071985.2	189353318	189353613	IPO13	XM_054524082.2	-	2	2	22	49	18	19	8	8	8	middle	last	1.000	1.000	constitutive	constitutive	58	89	4
NC_071985.2	189865675	189866005	2	1	+	NC_071985.2	189865676	189865891	HYI	XM_002810939.6	+	2	2	1	114	4	5	1	1	1	middle	middle	1.000	1.000	constitutive	constitutive	78	49	1
NC_071985.2	189867215	189867647	-1	1	-	NC_071985.2	189867216	189867590	SZT2	XM_002810935.6	-	1	2	57	1	71	72	5	5	5	middle	last	1.000	1.000	constitutive	constitutive	68	140	5
NC_071985.2	189874177	189874612	-2	1	-	NC_071985.2	189874226	189874515	SZT2	XM_002810935.6	-	2	2	97	49	60	61	5	5	5	middle	middle	1.000	1.000	constitutive	constitutive	79	125	5
NC_071985.2	189876035	189876551	-1	1	-	NC_071985.2	189876101	189876488	SZT2	XM_002810935.6	-	1	2	63	66	53	54	5	5	5	middle	middle	1.000	1.000	constitutive	constitutive	166	97	5
NC_071985.2	189878193	189879078	-3	1	-	NC_071985.2	189878259	189878999	SZT2	XM_002810935.6	-	3	3	79	66	47	49	5	5	5	middle	middle	1.000	1.000	constitutive	constitutive	118	84	5
NC_071985.2	1909850	1910459	3	1	+	NC_071985.2	1909951	1910313	LINC02897	XM_054549871.2	+	3	2	101	146	3	5	1	1	1	middle	middle	1.000	1.000	constitutive	constitutive	112	96	1
NC_071985.2	1910050	1910374	2	1	+	NC_071985.2	1910066	1910374	LINC02897	XM_054549871.2	+	2	2	16	0	4	6	1	1	1	middle	last	1.000	1.000	constitutive	constitutive	149	58	1
NC_071985.2	193197553	193197775	2	1	+	NC_071985.2	193197584	193197766	COL9A2	XM_024251520.3	+	2	2	31	9	3	4	1	1	1	middle	middle	1.000	1.000	constitutive	constitutive	35	62	1
NC_071985.2	193200221	193200596	3	1	+	NC_071985.2	193200276	193200491	COL9A2	XM_024251520.3	+	3	2	55	105	9	10	1	1	1	middle	middle	1.000	1.000	constitutive	constitutive	53	47	1
NC_071985.2	193207439	193207835	3	1	+	NC_071985.2	193207467	193207676	COL9A2	XM_024251520.3	+	3	2	28	159	23	24	1	1	1	middle	middle	1.000	1.000	constitutive	constitutive	53	71	1
NC_071985.2	195808329	195808776	1	1	+	NC_071985.2	195808356	195808687	EPHA10	XM_024232733.3	+	1	2	27	89	9	10	2	2	2	middle	middle	1.000	1.000	constitutive	constitutive	61	125	2
NC_071985.2	197223243	197224614	-3	1	-	NC_071985.2	197223245	197224598	SH3D21	XM_009252503.3	-	3	2	16	2	13	14	4	4	4	middle	middle	1.000	1.000	constitutive	constitutive	94	1120	4
NC_071985.2	197363400	197364345	-3	1	-	NC_071985.2	197363401	197363990	MAP7D1	XM_024248528.3	-	3	3	355	1	15	17	14	14	14	middle	last	1.000	1.000	constitutive	constitutive	90	7	14
NC_071985.2	200676331	200676952	-2	1	-	NC_071985.2	200676332	200676667	HPCA	XM_024235966.2	-	2	2	285	1	2	3	2	2	2	middle	last	1.000	1.000	constitutive	constitutive	105	94	2
NC_071985.2	200796099	200798931	-3	1	-	NC_071985.2	200796135	200798903	NHSL3	XM_003775747.5	-	3	2	28	36	5	6	3	3	3	middle	middle	1.000	1.000	constitutive	constitutive	113	2561	3
NC_071985.2	201779229	201779820	1	1	+	NC_071985.2	201779395	201779728	SPOCD1	XM_024239068.3	+	1	2	166	92	4	5	9	9	9	middle	middle	1.000	1.000	constitutive	constitutive	125	54	9
NC_071985.2	201837778	201838390	2	1	+	NC_071985.2	201837867	201838219	ADGRB2	NM_001132773.1	+	2	2	89	171	7	8	15	15	15	middle	middle	1.000	1.000	constitutive	constitutive	101	106	15
NC_071985.2	201839028	201839739	1	1	+	NC_071985.2	201839053	201839668	ADGRB2	NM_001132773.1	+	1	3	25	71	9	11	15	15	15	middle	middle	1.000	1.000	constitutive	constitutive	194	108	15
NC_071985.2	201994725	201995247	-3	1	-	NC_071985.2	201994768	201995222	TINAGL1	XM_002811138.5	-	3	2	25	43	6	7	3	3	3	middle	middle	1.000	1.000	constitutive	constitutive	150	189	3
NC_071985.2	205388557	205389115	-2	1	-	NC_071985.2	205388579	205389088	SESN2	NM_001131848.1	-	2	2	27	22	4	5	1	1	1	middle	middle	1.000	1.000	constitutive	constitutive	182	212	1
NC_071985.2	205422978	205423281	-3	1	-	NC_071985.2	205422980	205423248	ATP5IF1	NM_001131154.2	-	3	2	33	2	1	2	1	1	1	first	middle	1.000	1.000	constitutive	constitutive	86	91	1
NC_071985.2	206302908	206303370	1	1	+	NC_071985.2	206302939	206303369	MAP3K6	XM_002811204.5	+	1	2	31	1	20	21	6	6	6	middle	middle	1.000	1.000	constitutive	constitutive	192	138	6
NC_071985.2	207469389	207469848	-3	1	-	NC_071985.2	207469503	207469757	CNKSR1	XM_054539763.2	-	3	2	91	114	18	19	2	2	2	middle	middle	1.000	1.000	constitutive	constitutive	61	99	2
NC_071985.2	207474037	207474559	-2	1	-	NC_071985.2	207474039	207474445	CNKSR1	XM_054539763.2	-	2	2	114	2	9	10	2	2	2	middle	middle	1.000	1.000	constitutive	constitutive	101	70	2
NC_071985.2	207491968	207492421	2	1	+	NC_071985.2	207492041	207492333	C1H1orf232	XM_024245124.2	+	2	2	73	88	2	3	1	1	1	middle	middle	1.000	1.000	constitutive	constitutive	83	97	1
NC_071985.2	210136521	210137238	1	1	+	NC_071985.2	210136538	210137146	ASAP3	XM_024234130.3	+	1	3	17	92	20	22	2	2	2	middle	middle	1.000	1.000	constitutive	constitutive	67	195	2
NC_071985.2	210990207	210990735	-3	1	-	NC_071985.2	210990233	210990660	EPHA8	XM_024231003.2	-	3	2	75	26	14	15	1	1	1	middle	middle	1.000	1.000	constitutive	constitutive	149	190	1
NC_071985.2	210993465	210994239	-3	1	-	NC_071985.2	210993532	210994064	EPHA8	XM_024231003.2	-	3	2	175	67	11	12	1	1	1	middle	middle	1.000	1.000	constitutive	constitutive	185	61	1
NC_071985.2	211567887	211569588	1	1	+	NC_071985.2	211568083	211569074	LOC134759804	XM_063714477.1	+	1	2	196	514	1	2	1	1	1	first	middle	1.000	1.000	constitutive	constitutive	383	421	1
NC_071985.2	211750123	211750741	2	1	+	NC_071985.2	211750247	211750651	HSPG2	XM_024250648.3	+	2	2	124	90	60	61	7	7	7	middle	middle	1.000	1.000	constitutive	constitutive	135	151	7
NC_071985.2	211766852	211767458	3	1	+	NC_071985.2	211766970	211767317	HSPG2	XM_024250648.3	+	3	2	118	141	83	84	7	7	7	middle	middle	1.000	1.000	constitutive	constitutive	99	109	7
NC_071985.2	211769922	211770609	1	1	+	NC_071985.2	211770106	211770502	HSPG2	XM_024250648.3	+	1	2	184	107	89	90	7	7	7	middle	middle	1.000	1.000	constitutive	constitutive	171	122	7
NC_071985.2	211773697	211774228	2	1	+	NC_071985.2	211773919	211774227	HSPG2	XM_024250648.3	+	2	2	222	1	93	94	7	7	3	middle	middle	1.000	0.429	constitutive	alternative	78	70	3
NC_071985.2	211773697	211774228	2	1	+	NC_071985.2	211773919	211774227	HSPG2	XM_054546725.2	+	2	2	222	1	93	94	7	7	4	middle	middle	1.000	0.571	constitutive	alternative	78	106	4
NC_071985.2	21232800	21233406	-3	1	-	NC_071985.2	21232845	21233321	OBSCN	XM_054518750.2	-	3	2	85	45	108	109	20	17	17	middle	middle	0.850	0.850	alternative	alternative	122	170	17
NC_071985.2	21240065	21240704	-1	1	-	NC_071985.2	21240067	21240626	OBSCN	XM_054518750.2	-	1	2	78	2	98	99	20	18	18	middle	middle	0.900	0.900	alternative	alternative	77	172	18
NC_071985.2	21241776	21243021	-3	1	-	NC_071985.2	21241796	21242897	OBSCN	XM_054518750.2	-	3	3	124	20	93	96	20	18	18	middle	middle	0.900	0.900	alternative	alternative	112	200	18
NC_071985.2	21272295	21272943	-3	1	-	NC_071985.2	21272404	21272783	OBSCN	XM_054518750.2	-	3	2	160	109	75	76	20	20	20	middle	middle	1.000	1.000	constitutive	constitutive	122	139	20
NC_071985.2	212874818	212875361	3	1	+	NC_071985.2	212875021	212875360	DDOST	XM_024250887.3	+	3	2	203	1	4	5	1	1	1	middle	middle	1.000	1.000	constitutive	constitutive	103	94	1
NC_071985.2	212877809	212878415	3	1	+	NC_071985.2	212877828	212878415	DDOST	XM_024250887.3	+	3	3	19	0	9	11	1	1	1	middle	last	1.000	1.000	constitutive	constitutive	120	146	1
NC_071985.2	21332019	21332652	-3	1	-	NC_071985.2	21332112	21332465	OBSCN	XM_054518750.2	-	3	2	187	93	28	29	20	20	20	middle	middle	1.000	1.000	constitutive	constitutive	161	104	20
NC_071985.2	21335616	21336363	-3	1	-	NC_071985.2	21335622	21336287	OBSCN	XM_054518750.2	-	3	2	76	6	21	22	20	20	20	middle	middle	1.000	1.000	constitutive	constitutive	278	266	20
NC_071985.2	214248935	214249535	3	1	+	NC_071985.2	214248982	214249466	LOC100939526	XM_024251104.3	+	3	2	47	69	2	3	1	1	1	middle	middle	1.000	1.000	constitutive	constitutive	187	104	1
NC_071985.2	214270231	214270828	2	1	+	NC_071985.2	214270275	214270759	LOC100456442	XM_024251126.3	+	2	2	44	69	2	3	1	1	1	middle	middle	1.000	1.000	constitutive	constitutive	187	104	1
NC_071985.2	214285612	214286254	2	1	+	NC_071985.2	214285701	214286185	LOC100456086	XM_002811379.5	+	2	2	89	69	2	3	1	1	1	middle	middle	1.000	1.000	constitutive	constitutive	187	104	1
NC_071985.2	214357025	214357490	3	1	+	NC_071985.2	214357056	214357442	UBR4	XM_024251135.3	+	3	2	31	48	4	5	16	16	16	middle	middle	1.000	1.000	constitutive	constitutive	129	139	16
NC_071985.2	214681875	214682640	1	1	+	NC_071985.2	214681949	214682358	ALDH4A1	NM_001132369.2	+	1	2	74	282	6	7	8	8	8	middle	middle	1.000	1.000	constitutive	constitutive	196	47	8
NC_071985.2	21509508	21509928	1	1	+	NC_071985.2	21509532	21509910	C1H1orf35	XM_002809353.6	+	1	2	24	18	3	5	1	1	1	middle	middle	1.000	1.000	constitutive	constitutive	45	72	1
NC_071985.2	216580215	216580605	1	1	+	NC_071985.2	216580240	216580528	ATP13A2	XM_024251445.3	+	1	2	25	77	9	10	15	12	15	middle	middle	0.800	1.000	alternative	constitutive	134	66	12
NC_071985.2	216580215	216580605	1	1	+	NC_071985.2	216580267	216580528	ATP13A2	XM_054556183.2	+	1	2	52	77	9	10	15	3	15	middle	middle	0.200	1.000	alternative	constitutive	107	66	3
NC_071985.2	216584124	216584880	1	1	+	NC_071985.2	216584246	216584766	ATP13A2	XM_024251445.3	+	1	2	122	114	13	15	15	15	15	middle	middle	1.000	1.000	constitutive	constitutive	110	188	15
NC_071985.2	217786008	217786989	1	1	+	NC_071985.2	217786102	217786641	ZBTB17	XM_002811433.4	+	1	2	94	348	6	7	7	7	7	middle	middle	1.000	1.000	constitutive	constitutive	142	300	7
NC_071985.2	217788482	217788980	3	1	+	NC_071985.2	217788511	217788980	ZBTB17	XM_002811433.4	+	3	2	29	0	13	14	7	4	7	middle	last	0.571	1.000	alternative	constitutive	110	280	4
NC_071985.2	217788482	217788980	3	1	+	NC_071985.2	217788532	217788980	ZBTB17	XM_002811434.4	+	3	2	50	0	13	14	7	3	7	middle	last	0.429	1.000	alternative	constitutive	89	280	3
NC_071985.2	217999121	218000135	-1	1	-	NC_071985.2	217999266	217999932	PLEKHM2	XM_024252866.2	-	1	2	203	145	17	18	3	3	3	middle	middle	1.000	1.000	constitutive	constitutive	159	179	3
NC_071985.2	222536164	222536695	2	1	+	NC_071985.2	222536366	222536614	MAD2L2	XM_003775811.5	+	2	2	202	81	1	2	5	5	5	first	middle	1.000	1.000	constitutive	constitutive	39	118	5
NC_071985.2	223775394	223775781	-3	1	-	NC_071985.2	223775524	223775757	CORT	XM_024253270.3	-	3	2	24	130	1	3	1	1	1	first	middle	1.000	1.000	constitutive	constitutive	11	133	1
NC_071985.2	224510214	224510928	-3	1	-	NC_071985.2	224510242	224510910	PIK3CD	XM_024253286.3	-	3	2	18	28	4	5	11	11	9	middle	middle	1.000	0.818	constitutive	alternative	179	149	9
NC_071985.2	224510214	224510928	-3	1	-	NC_071985.2	224510242	224510910	PIK3CD	XM_024253318.3	-	3	2	18	28	4	5	11	11	2	middle	middle	1.000	0.182	constitutive	alternative	179	62	2
NC_071985.2	225201153	225201723	1	1	+	NC_071985.2	225201154	225201652	SLC2A5	NM_001131310.1	+	1	2	1	71	9	10	10	10	10	middle	middle	1.000	1.000	constitutive	constitutive	101	75	10
NC_071985.2	227636805	227637378	-3	1	-	NC_071985.2	227636889	227637274	ZBTB48	NM_001133152.1	-	3	2	104	84	7	8	1	1	1	middle	middle	1.000	1.000	constitutive	constitutive	136	164	1
NC_071985.2	227637439	227638324	-2	1	-	NC_071985.2	227637699	227638159	ZBTB48	NM_001133152.1	-	2	2	165	260	5	6	1	1	1	middle	middle	1.000	1.000	constitutive	constitutive	86	154	1
NC_071985.2	227752520	227753162	3	1	+	NC_071985.2	227752731	227753051	PLEKHG5	XM_024253883.3	+	3	2	211	111	12	13	9	9	9	middle	middle	1.000	1.000	constitutive	constitutive	50	149	9
NC_071985.2	227753282	227754119	3	1	+	NC_071985.2	227753442	227753807	PLEKHG5	XM_024253883.3	+	3	2	160	312	14	15	9	9	9	middle	middle	1.000	1.000	constitutive	constitutive	110	149	9
NC_071985.2	227784142	227784856	-2	1	-	NC_071985.2	227784284	227784818	ESPN	XM_054542002.2	-	2	2	38	142	3	4	14	3	3	middle	middle	0.214	0.214	alternative	alternative	186	182	3
NC_071985.2	228096856	228097564	2	1	+	NC_071985.2	228096917	228097487	CHD5	XM_024254075.2	+	2	2	61	77	23	24	6	6	6	middle	middle	1.000	1.000	constitutive	constitutive	231	110	6
NC_071985.2	228104215	228104920	2	1	+	NC_071985.2	228104313	228104780	CHD5	XM_024254075.2	+	2	2	98	140	32	33	6	4	4	middle	middle	0.667	0.667	alternative	alternative	79	132	4
NC_071985.2	231532500	231533457	1	1	+	NC_071985.2	231532534	231533325	MMEL1	XM_024232005.3	+	1	2	34	132	14	15	14	14	14	middle	middle	1.000	1.000	constitutive	constitutive	98	83	14
NC_071985.2	231629694	231630543	-3	1	-	NC_071985.2	231630051	231630356	PLCH2	XM_054557324.2	-	3	2	187	357	17	18	6	6	6	middle	middle	1.000	1.000	constitutive	constitutive	124	84	6
NC_071985.2	232191503	232192007	3	1	+	NC_071985.2	232191515	232191891	CFAP74	XM_024231068.2	+	3	2	12	116	28	29	8	8	8	middle	middle	1.000	1.000	constitutive	constitutive	134	109	8
NC_071985.2	232191903	232192476	1	1	+	NC_071985.2	232192031	232192314	CFAP74	XM_024231068.2	+	1	2	128	162	30	31	8	8	8	middle	middle	1.000	1.000	constitutive	constitutive	55	119	8
NC_071985.2	232200754	232201537	2	1	+	NC_071985.2	232200991	232201537	TMEM52	XM_024230832.3	+	2	2	237	0	4	5	2	2	2	middle	last	1.000	1.000	constitutive	constitutive	178	277	2
NC_071985.2	232492552	232493017	-2	1	-	NC_071985.2	232492621	232493000	LOC100448626	XM_009235891.4	-	2	2	17	69	3	4	4	4	4	middle	middle	1.000	1.000	constitutive	constitutive	139	167	4
NC_071985.2	232590204	232590705	1	1	+	NC_071985.2	232590270	232590705	TMEM240	XM_024232544.3	+	1	2	66	0	3	4	1	1	1	middle	last	1.000	1.000	constitutive	constitutive	208	145	1
NC_071985.2	232713643	232714129	2	1	+	NC_071985.2	232713725	232714033	MRPL20	XM_024255417.3	+	2	2	82	96	1	2	2	2	2	first	middle	1.000	1.000	constitutive	constitutive	86	110	2
NC_071985.2	232745757	232746912	1	1	+	NC_071985.2	232746121	232746873	AURKAIP1	XM_003775835.5	+	1	2	364	39	1	2	5	5	5	first	middle	1.000	1.000	constitutive	constitutive	51	445	5
NC_071985.2	232778407	232779100	2	1	+	NC_071985.2	232778498	232778776	DVL1	XM_024255545.3	+	2	2	91	324	7	8	3	3	3	middle	middle	1.000	1.000	constitutive	constitutive	69	139	3
NC_071985.2	232806799	232807534	2	1	+	NC_071985.2	232806963	232807444	INTS11	NM_001131288.1	+	2	2	164	90	14	16	2	2	2	middle	middle	1.000	1.000	constitutive	constitutive	61	129	2
NC_071985.2	232815964	232816459	2	1	+	NC_071985.2	232816055	232816393	ACAP3	XM_024255577.3	+	2	2	91	66	1	2	4	2	4	first	middle	0.500	1.000	alternative	constitutive	98	53	2
NC_071985.2	232815964	232816459	2	1	+	NC_071985.2	232816034	232816393	ACAP3	XM_054558086.2	+	2	2	70	66	3	4	4	2	4	middle	middle	0.500	1.000	alternative	constitutive	119	53	2
NC_071985.2	232827186	232828164	-3	1	-	NC_071985.2	232827418	232827663	SCNN1D	XM_024257135.3	-	3	2	501	232	11	12	2	2	2	middle	middle	1.000	1.000	constitutive	constitutive	58	75	2
NC_071985.2	233069749	233070301	-2	1	-	NC_071985.2	233069751	233070112	AGRN	XM_054558277.2	-	2	2	189	2	33	34	12	12	12	middle	middle	1.000	1.000	constitutive	constitutive	192	87	12
NC_071985.2	233073741	233074395	-3	1	-	NC_071985.2	233073909	233074268	AGRN	XM_054558277.2	-	3	2	127	168	20	21	12	12	12	middle	middle	1.000	1.000	constitutive	constitutive	127	114	12
NC_071985.2	233074489	233075284	-2	1	-	NC_071985.2	233074639	233075199	AGRN	XM_054558277.2	-	2	2	85	150	18	19	12	12	12	middle	middle	1.000	1.000	constitutive	constitutive	338	137	12
NC_071985.2	233076066	233076462	-3	1	-	NC_071985.2	233076072	233076434	AGRN	XM_054558277.2	-	3	2	28	6	13	14	12	12	12	middle	middle	1.000	1.000	constitutive	constitutive	116	164	12
NC_071985.2	233077876	233078395	-2	1	-	NC_071985.2	233077882	233078376	AGRN	XM_054558277.2	-	2	2	19	6	8	9	12	12	12	middle	middle	1.000	1.000	constitutive	constitutive	218	194	12
NC_071985.2	233123587	233124169	2	1	+	NC_071985.2	233123618	233124169	HES4	XM_024257134.3	+	2	2	31	0	3	4	2	2	2	middle	last	1.000	1.000	constitutive	constitutive	87	370	2
NC_071985.2	233142614	233145227	3	1	+	NC_071985.2	233142621	233144985	PERM1	XM_063716237.1	+	3	2	7	242	1	2	1	1	1	first	middle	1.000	1.000	constitutive	constitutive	1019	1209	1
NC_071985.2	233146185	233146617	1	1	+	NC_071985.2	233146199	233146617	PERM1	XM_063716237.1	+	1	2	14	0	3	4	1	1	1	middle	last	1.000	1.000	constitutive	constitutive	125	88	1
NC_071985.2	233148445	233149036	-2	1	-	NC_071985.2	233148451	233148982	PLEKHN1	XM_024238948.3	-	2	2	54	6	14	15	1	1	1	middle	middle	1.000	1.000	constitutive	constitutive	218	48	1
NC_071985.2	233151754	233152450	-2	1	-	NC_071985.2	233152057	233152294	PLEKHN1	XM_024238948.3	-	2	2	156	303	4	5	1	1	1	middle	middle	1.000	1.000	constitutive	constitutive	80	72	1
NC_071985.2	233169078	233169639	1	1	+	NC_071985.2	233169216	233169516	NOC2L	XM_024256213.3	+	1	2	138	123	7	8	4	4	4	middle	middle	1.000	1.000	constitutive	constitutive	78	110	4
NC_071985.2	39735834	39736635	-3	1	-	NC_071985.2	39736231	39736617	TRAF3IP3	XM_002809506.6	-	3	2	18	397	8	9	4	3	4	middle	middle	0.750	1.000	alternative	constitutive	140	137	3
NC_071985.2	39735834	39736635	-3	1	-	NC_071985.2	39736231	39736599	TRAF3IP3	XM_063725435.1	-	3	2	36	397	1	2	4	1	4	first	middle	0.250	1.000	unique	constitutive	122	137	1
NC_071985.2	39887283	39887883	1	1	+	NC_071985.2	39887307	39887802	LAMB3	XM_054521338.2	+	1	2	24	81	14	15	2	2	2	middle	middle	1.000	1.000	constitutive	constitutive	160	220	2
NC_071985.2	42447992	42448199	-1	1	-	NC_071985.2	42448079	42448122	PFKFB2	NM_001133585.1	-	1	2	77	87	15	17	13	1	1	middle	middle	0.077	0.077	unique	unique	27	6	1
NC_071985.2	42448036	42448327	-2	1	-	NC_071985.2	42448037	42448093	PFKFB2	NM_001133585.1	-	2	2	234	1	16	18	13	1	1	middle	last	0.077	0.077	unique	unique	5	40	1
NC_071985.2	43998927	43999656	-3	1	-	NC_071985.2	43998929	43999360	CDK18	NM_001133803.1	-	3	2	296	2	10	11	12	12	12	middle	middle	1.000	1.000	constitutive	constitutive	97	105	12
NC_071985.2	46470850	46471543	-2	1	-	NC_071985.2	46471061	46471543	PPFIA4	XM_024248512.3	-	2	2	0	211	9	10	6	6	6	middle	middle	1.000	1.000	constitutive	constitutive	83	131	6
NC_071985.2	482366	483383	-1	1	-	NC_071985.2	482367	483338	LOC100454916	XM_054560592.1	-	1	2	45	1	1	2	1	1	1	first	last	1.000	1.000	constitutive	constitutive	367	459	1
NC_071985.2	48483036	48483600	1	1	+	NC_071985.2	48483093	48483558	CACNA1S	XM_054523477.1	+	1	2	57	42	18	19	1	1	1	middle	middle	1.000	1.000	constitutive	constitutive	129	59	1
NC_071985.2	48546384	48546870	1	1	+	NC_071985.2	48546421	48546807	KIF21B	XM_024235259.3	+	1	2	37	63	4	5	8	8	8	middle	middle	1.000	1.000	constitutive	constitutive	149	134	8
NC_071985.2	66603871	66604432	-2	1	-	NC_071985.2	66603877	66604228	LAMC2	XM_063726245.1	-	2	2	204	6	21	22	2	2	2	middle	middle	1.000	1.000	constitutive	constitutive	158	99	2
NC_071985.2	66888689	66889409	3	1	+	NC_071985.2	66888735	66889262	SHCBP1L	XM_024238991.3	+	3	2	46	147	2	4	1	1	1	middle	middle	1.000	1.000	constitutive	constitutive	41	394	1
NC_071985.2	82280263	82283776	2	1	+	NC_071985.2	82280324	82283776	LOC134760803	XM_063720705.1	+	2	3	61	0	1	3	1	1	1	first	last	1.000	1.000	constitutive	constitutive	358	237	1
NC_071985.2	83313645	83315193	-3	1	-	NC_071985.2	83313646	83315114	POGK	NM_001134124.1	-	3	2	79	1	4	5	1	1	1	middle	last	1.000	1.000	constitutive	constitutive	802	611	1
NC_071985.2	89188828	89189260	-2	1	-	NC_071985.2	89188856	89189229	USP21	XM_009241947.4	-	2	2	31	28	7	8	3	3	3	middle	middle	1.000	1.000	constitutive	constitutive	103	86	3
NC_071985.2	89300723	89301068	3	1	+	NC_071985.2	89300768	89301024	ARHGAP30	XM_002809903.5	+	3	2	45	44	8	9	1	1	1	middle	middle	1.000	1.000	constitutive	constitutive	103	77	1
NC_071985.2	90254406	90255021	-3	1	-	NC_071985.2	90254488	90254925	ATP1A2	NM_001131832.1	-	3	2	96	82	9	10	1	1	1	middle	middle	1.000	1.000	constitutive	constitutive	198	109	1
NC_071985.2	91778503	91779499	2	1	+	NC_071985.2	91778507	91779499	LOC100433082	XM_002809968.4	+	2	2	4	0	1	2	1	1	1	first	last	1.000	1.000	constitutive	constitutive	47	887	1
NC_071985.2	93488081	93488750	3	1	+	NC_071985.2	93488367	93488749	ETV3L	XM_054550900.2	+	3	2	286	1	1	2	1	1	1	first	middle	1.000	1.000	constitutive	constitutive	57	237	1
NC_071985.2	93662451	93662964	-3	1	-	NC_071985.2	93662453	93662747	LRRC71	XM_002810001.5	-	3	2	217	2	3	4	12	12	12	middle	middle	1.000	1.000	constitutive	constitutive	128	75	12
NC_071985.2	93744829	93745330	2	1	+	NC_071985.2	93744930	93745329	INSRR	XM_002810003.3	+	2	2	101	1	20	21	1	1	1	middle	middle	1.000	1.000	constitutive	constitutive	129	134	1
NC_071985.2	93965701	93966733	-2	1	-	NC_071985.2	93965702	93966483	HAPLN2	XM_054551149.1	-	2	2	250	1	4	5	1	1	1	middle	last	1.000	1.000	constitutive	constitutive	182	280	1
NC_071985.2	93966736	93967594	-2	1	-	NC_071985.2	93966925	93967585	HAPLN2	XM_054551149.1	-	2	2	9	189	1	2	1	1	1	first	middle	1.000	1.000	constitutive	constitutive	84	353	1
NC_071985.2	94027240	94027561	2	1	+	NC_071985.2	94027282	94027553	IQGAP3	XM_024232275.3	+	2	2	42	8	6	7	5	5	5	middle	middle	1.000	1.000	constitutive	constitutive	67	113	5
NC_071985.2	94040046	94040553	1	1	+	NC_071985.2	94040117	94040517	IQGAP3	XM_024232275.3	+	1	2	71	36	17	18	5	5	3	middle	middle	1.000	0.600	constitutive	alternative	167	139	3
NC_071985.2	94040046	94040553	1	1	+	NC_071985.2	94040117	94040517	IQGAP3	XM_024232280.3	+	1	2	71	36	17	18	5	5	2	middle	middle	1.000	0.400	constitutive	alternative	167	136	2
NC_071985.2	94212638	94213079	-1	1	-	NC_071985.2	94212665	94213044	RHBG	XM_003775545.4	-	1	2	35	27	3	4	1	1	1	middle	middle	1.000	1.000	constitutive	constitutive	150	111	1
NC_071985.2	94342955	94343453	3	1	+	NC_071985.2	94342984	94343452	PAQR6	XM_054551277.2	+	3	2	29	1	2	3	4	3	3	middle	middle	0.750	0.750	alternative	alternative	127	205	3
NC_071985.2	94976242	94976632	-2	1	-	NC_071985.2	94976265	94976607	MSTO1	XM_024242912.3	-	2	2	25	23	12	13	21	2	2	middle	middle	0.095	0.095	alternative	alternative	142	109	2
NC_071985.2	95293704	95294250	1	1	+	NC_071985.2	95293772	95294091	PKLR	XM_024247188.2	+	1	2	68	159	4	5	2	2	2	middle	middle	1.000	1.000	constitutive	constitutive	91	131	2
NC_071985.2	95340570	95341200	1	1	+	NC_071985.2	95340716	95341137	ENTREP3	XM_003775554.5	+	1	2	146	63	7	8	4	4	4	middle	middle	1.000	1.000	constitutive	constitutive	68	253	4
NC_071985.2	95356217	95357003	-1	1	-	NC_071985.2	95356245	95356682	LOC112133422	XM_063723842.1	-	1	2	321	28	4	5	1	1	1	middle	middle	1.000	1.000	constitutive	constitutive	89	182	1
NC_071985.2	95377249	95378038	-2	1	-	NC_071985.2	95377277	95377717	LOC100445138	XM_002810067.5	-	2	2	321	28	4	5	1	1	1	middle	middle	1.000	1.000	constitutive	constitutive	92	182	1
NC_071985.2	95534758	95534992	-2	1	-	NC_071985.2	95534760	95534991	ADAM15	XM_024236062.3	-	2	2	1	2	2	3	21	1	1	middle	middle	0.048	0.048	unique	unique	28	91	1
NC_071985.2	95541261	95541684	-3	1	-	NC_071985.2	95541307	95541634	DCST1	XM_024236072.3	-	3	2	50	46	10	11	3	3	3	middle	middle	1.000	1.000	constitutive	constitutive	99	95	3
NC_071985.2	95619301	95620063	2	1	+	NC_071985.2	95619394	95619965	SHC1	NM_001132781.1	+	2	3	93	98	8	10	25	25	16	middle	middle	1.000	0.640	constitutive	alternative	198	131	16
NC_071985.2	95619301	95620063	2	1	+	NC_071985.2	95619394	95619965	SHC1	XM_024235206.3	+	2	3	93	98	8	10	25	25	9	middle	middle	1.000	0.360	constitutive	alternative	198	134	9
NC_071985.2	95637507	95638170	1	1	+	NC_071985.2	95637707	95638002	PBXIP1	XM_009243554.4	+	1	2	200	168	7	8	3	3	3	middle	middle	1.000	1.000	constitutive	constitutive	70	131	3
NC_071985.2	96624698	96625076	3	1	+	NC_071985.2	96624823	96625075	CRTC2	XM_054552928.2	+	3	2	125	1	8	9	3	2	3	middle	middle	0.667	1.000	alternative	constitutive	79	49	2
NC_071985.2	96624698	96625076	3	1	+	NC_071985.2	96624838	96625075	CRTC2	XM_054552936.2	+	3	2	140	1	8	9	3	1	3	middle	middle	0.333	1.000	unique	constitutive	64	49	1
NC_071985.2	97694844	97697082	-3	1	-	NC_071985.2	97694845	97696929	IVL	XM_009244076.3	-	3	3	153	1	1	3	1	1	1	first	last	1.000	1.000	constitutive	constitutive	626	722	1
NC_071985.2	97851961	97853848	-2	1	-	NC_071985.2	97851962	97853737	KPRP	XM_002810191.2	-	2	2	111	1	1	2	1	1	1	first	last	1.000	1.000	constitutive	constitutive	284	1451	1
NC_071985.2	98501564	98506592	3	1	+	NC_071985.2	98501565	98506592	TCHH	XM_024239276.3	+	3	2	1	0	2	3	1	1	1	middle	last	1.000	1.000	constitutive	constitutive	1570	3399	1
NC_071985.2	98956333	98957005	2	1	+	NC_071985.2	98956413	98956952	CELF3	XM_024250050.3	+	2	2	80	53	10	11	17	13	17	middle	middle	0.765	1.000	alternative	constitutive	137	143	13
NC_071985.2	98956333	98957005	2	1	+	NC_071985.2	98956416	98956952	CELF3	XM_024250060.3	+	2	2	83	53	10	11	17	4	17	middle	middle	0.235	1.000	alternative	constitutive	134	143	4
NC_071985.2	99122962	99123262	-2	1	-	NC_071985.2	99122964	99123262	CGN	XM_009244373.3	-	2	2	0	2	16	17	2	2	2	middle	middle	1.000	1.000	constitutive	constitutive	83	118	2
NC_071985.2	99225528	99226197	1	1	+	NC_071985.2	99225596	99226186	POGZ	XM_009244413.4	+	1	2	68	11	5	6	10	10	8	middle	middle	1.000	0.800	constitutive	alternative	290	218	8
NC_071985.2	99225528	99226197	1	1	+	NC_071985.2	99225596	99226186	POGZ	XM_024236558.2	+	1	2	68	11	6	7	10	10	2	middle	middle	1.000	0.200	constitutive	alternative	290	191	2
NC_071988.2	1005372	1005771	1	1	+	NC_071988.2	1005393	1005771	IDUA	XM_024245714.3	+	1	2	21	0	11	12	5	5	5	middle	last	1.000	1.000	constitutive	constitutive	100	130	5
NC_071988.2	1170128	1170872	-3	1	-	NC_071988.2	1170351	1170838	SPON2	NM_001131171.1	-	3	2	34	223	2	3	1	1	1	middle	middle	1.000	1.000	constitutive	constitutive	223	191	1
NC_071988.2	124739321	124740041	-3	1	-	NC_071988.2	124739331	124740041	CENPE	XM_024245777.3	-	3	2	0	10	22	23	16	16	16	middle	middle	1.000	1.000	constitutive	constitutive	314	272	16
NC_071988.2	134215472	134215805	3	1	+	NC_071988.2	134215497	134215782	LOC100462083	XM_063723582.1	+	3	2	25	23	1	3	1	1	1	first	middle	1.000	1.000	constitutive	constitutive	168	33	1
NC_071988.2	166944848	166945280	-3	1	-	NC_071988.2	166944850	166945242	OTUD4	XM_009240347.4	-	3	2	38	2	12	13	7	7	7	middle	middle	1.000	1.000	constitutive	constitutive	103	186	7
NC_071988.2	174522692	174523244	-3	1	-	NC_071988.2	174522812	174523201	TMEM154	XM_002815217.5	-	3	2	43	120	2	3	1	1	1	middle	middle	1.000	1.000	constitutive	constitutive	260	38	1
NC_071988.2	174998439	175001199	1	1	+	NC_071988.2	174998446	175001047	LOC129059208	XM_054554868.1	+	1	2	7	152	1	3	1	1	1	first	middle	1.000	1.000	constitutive	constitutive	60	119	1
NC_071988.2	176513140	176514718	-1	1	-	NC_071988.2	176513182	176514718	FGA	XM_009240393.3	-	1	2	0	42	5	6	1	1	1	middle	middle	1.000	1.000	constitutive	constitutive	416	963	1
NC_071988.2	1829502	1830294	1	1	+	NC_071988.2	1829744	1830112	FGFR3	XM_024246362.3	+	1	2	242	182	4	5	7	4	7	middle	middle	0.571	1.000	alternative	constitutive	169	123	4
NC_071988.2	1829502	1830294	1	1	+	NC_071988.2	1829741	1830112	FGFR3	XM_054554896.2	+	1	2	239	182	4	5	7	3	7	middle	middle	0.429	1.000	alternative	constitutive	172	123	3
NC_071988.2	1834336	1835053	2	1	+	NC_071988.2	1834625	1835052	FGFR3	XM_024246362.3	+	2	2	289	1	14	15	7	7	7	middle	middle	1.000	1.000	constitutive	constitutive	70	137	7
NC_071988.2	190313234	190313522	3	1	+	NC_071988.2	190313271	190313514	ANXA10	XM_002815276.3	+	3	2	37	8	7	8	1	1	1	middle	middle	1.000	1.000	constitutive	constitutive	53	93	1
NC_071988.2	2863886	2864477	3	1	+	NC_071988.2	2864003	2864476	SH3BP2	XM_024246244.3	+	3	2	117	1	9	10	8	1	1	middle	middle	0.125	0.125	unique	unique	55	81	1
NC_071988.2	2963829	2964264	-2	1	-	NC_071988.2	2963870	2964198	MFSD10	XM_024246330.3	-	2	2	66	41	6	7	13	13	13	middle	middle	1.000	1.000	constitutive	constitutive	108	111	13
NC_071988.2	670322	671174	-3	1	-	NC_071988.2	670461	670946	SLC49A3	XM_054553645.2	-	3	2	228	139	3	4	1	1	1	middle	middle	1.000	1.000	constitutive	constitutive	213	76	1
NC_071988.2	7865428	7865860	2	1	+	NC_071988.2	7865504	7865845	CYTL1	XM_002814573.5	+	2	2	76	15	2	3	1	1	1	middle	middle	1.000	1.000	constitutive	constitutive	44	128	1
NC_071988.2	834921	835410	-2	1	-	NC_071988.2	834922	835314	GAK	NM_001131628.1	-	2	2	96	1	27	28	12	12	12	middle	last	1.000	1.000	constitutive	constitutive	176	98	12
NC_071988.2	8627825	8628140	3	1	+	NC_071988.2	8627826	8628128	LYAR	XM_024246304.3	+	3	2	1	12	3	4	4	4	4	middle	middle	1.000	1.000	constitutive	constitutive	107	83	4
NC_071988.2	9091049	9091886	-3	1	-	NC_071988.2	9091266	9091823	WDR1	NM_001132899.1	-	3	2	63	217	1	2	3	3	3	first	middle	1.000	1.000	constitutive	constitutive	15	121	3
NC_071988.2	91536963	91537620	1	1	+	NC_071988.2	91537195	91537620	SMR3A	XM_024246282.2	+	1	2	232	0	2	3	1	1	1	middle	last	1.000	1.000	constitutive	constitutive	106	240	1
NC_071989.2	103521290	103522004	3	1	+	NC_071989.2	103521519	103521920	RHOBTB3	XM_024246860.3	+	3	2	229	84	1	2	3	3	3	first	middle	1.000	1.000	constitutive	constitutive	1	225	3
NC_071989.2	136556	137189	3	1	+	NC_071989.2	136618	137074	PLEKHG4B	XM_054555305.2	+	3	2	62	115	4	5	1	1	1	middle	middle	1.000	1.000	constitutive	constitutive	209	123	1
NC_071989.2	140307753	140308209	-3	1	-	NC_071989.2	140307848	140308197	MEIKIN	XM_024247389.3	-	3	2	12	95	1	2	2	2	2	first	middle	1.000	1.000	constitutive	constitutive	105	93	2
NC_071989.2	142467066	142467954	1	1	+	NC_071989.2	142467271	142467766	TCF7	XM_024247034.3	+	1	2	205	188	1	2	11	11	11	first	middle	1.000	1.000	constitutive	constitutive	263	66	11
NC_071989.2	148716255	148716954	-3	1	-	NC_071989.2	148716348	148716765	HBEGF	XM_002815961.6	-	3	2	189	93	1	2	1	1	1	first	middle	1.000	1.000	constitutive	constitutive	45	173	1
NC_071989.2	149888023	149888509	-2	1	-	NC_071989.2	149888032	149888454	LOC134761469	XM_063724507.1	-	2	2	55	9	6	7	2	2	2	middle	middle	1.000	1.000	constitutive	constitutive	163	135	2
NC_071989.2	150034120	150034756	-2	1	-	NC_071989.2	150034223	150034619	ARAP3	XM_024247675.3	-	2	2	137	103	9	10	6	6	6	middle	middle	1.000	1.000	constitutive	constitutive	199	85	6
NC_071989.2	156703407	156704856	1	1	+	NC_071989.2	156703502	156704598	MARCOL	XM_063724589.1	+	1	2	95	258	2	3	1	1	1	middle	last	1.000	1.000	constitutive	constitutive	591	441	1
NC_071989.2	158705158	158705587	-2	1	-	NC_071989.2	158705160	158705549	CSF1R	XM_024247417.3	-	2	2	38	2	7	8	1	1	1	middle	middle	1.000	1.000	constitutive	constitutive	115	120	1
NC_071989.2	158885857	158886421	-2	1	-	NC_071989.2	158885909	158886222	CAMK2A	NM_001131841.1	-	2	2	199	52	8	9	5	5	5	middle	middle	1.000	1.000	constitutive	constitutive	83	94	5
NC_071989.2	159017356	159018055	2	1	+	NC_071989.2	159017498	159018001	TCOF1	XM_002816084.5	+	2	2	142	54	16	17	11	11	11	middle	middle	1.000	1.000	constitutive	constitutive	179	200	11
NC_071989.2	159340524	159340998	-3	1	-	NC_071989.2	159340545	159340957	RBM22	NM_001132152.1	-	3	2	41	21	9	10	1	1	1	middle	middle	1.000	1.000	constitutive	constitutive	88	131	1
NC_071989.2	163493731	163494295	2	1	+	NC_071989.2	163493741	163494196	LARP1	XM_024247731.3	+	2	2	10	99	12	13	7	7	7	middle	middle	1.000	1.000	constitutive	constitutive	123	205	7
NC_071989.2	163630282	163630558	2	1	+	NC_071989.2	163630403	163630557	MRPL22	NM_001132873.1	+	2	2	121	1	1	2	3	2	2	first	middle	0.667	0.667	alternative	alternative	27	48	2
NC_071989.2	166182423	166182876	-3	1	-	NC_071989.2	166182555	166182852	ADAM19	XM_002816129.6	-	3	2	24	132	17	18	3	3	3	middle	middle	1.000	1.000	constitutive	constitutive	77	108	3
NC_071989.2	169505	170072	3	1	+	NC_071989.2	169578	169979	PLEKHG4B	XM_054555305.2	+	3	2	73	93	15	16	1	1	1	middle	middle	1.000	1.000	constitutive	constitutive	89	230	1
NC_071989.2	179700368	179702252	3	1	+	NC_071989.2	179700434	179701978	LOC129059677	XM_063724591.1	+	3	2	66	274	2	3	1	1	1	middle	middle	1.000	1.000	constitutive	constitutive	453	355	1
NC_071989.2	185306487	185307135	1	1	+	NC_071989.2	185306535	185307120	DDX41	XM_024247010.3	+	1	2	48	15	10	11	1	1	1	middle	middle	1.000	1.000	constitutive	constitutive	162	131	1
NC_071989.2	185336128	185336743	2	1	+	NC_071989.2	185336159	185336482	PDLIM7	XM_002816282.5	+	2	2	31	261	10	11	23	18	18	middle	middle	0.783	0.783	alternative	alternative	120	115	18
NC_071989.2	185434410	185434992	-3	1	-	NC_071989.2	185434497	185434859	SLC34A1	XM_002816281.4	-	3	2	133	87	2	3	2	2	2	middle	middle	1.000	1.000	constitutive	constitutive	149	128	2
NC_071989.2	185452935	185453649	-3	1	-	NC_071989.2	185453100	185453511	RGS14	XM_024247663.3	-	3	2	138	165	6	7	2	2	2	middle	middle	1.000	1.000	constitutive	constitutive	143	111	2
NC_071989.2	185453704	185454511	-2	1	-	NC_071989.2	185453891	185454217	RGS14	XM_024247663.3	-	2	2	294	187	4	5	2	1	2	middle	middle	0.500	1.000	unique	constitutive	92	143	1
NC_071989.2	185453704	185454511	-2	1	-	NC_071989.2	185453891	185454511	RGS14	XM_054556288.1	-	2	2	0	187	1	2	2	1	2	first	middle	0.500	1.000	unique	constitutive	386	143	1
NC_071989.2	185514718	185515108	-2	1	-	NC_071989.2	185514808	185515108	PRELID1	XM_002816268.5	-	2	2	0	90	3	4	1	1	1	middle	middle	1.000	1.000	constitutive	constitutive	113	78	1
NC_071989.2	185518145	185518640	3	1	+	NC_071989.2	185518146	185518397	RAB24	XM_009241318.3	+	3	2	1	243	3	4	3	3	3	middle	middle	1.000	1.000	constitutive	constitutive	78	67	3
NC_071989.2	185946836	185947859	-1	1	-	NC_071989.2	185947446	185947841	UNC5A	XM_024247168.3	-	1	2	18	610	12	13	1	1	1	middle	middle	1.000	1.000	constitutive	constitutive	149	164	1
NC_071989.2	185948337	185949312	-3	1	-	NC_071989.2	185948380	185948891	UNC5A	XM_024247168.3	-	3	2	421	43	9	10	1	1	1	middle	middle	1.000	1.000	constitutive	constitutive	87	168	1
NC_071989.2	186171129	186171573	-3	1	-	NC_071989.2	186171232	186171516	TSPAN17	XM_024247508.3	-	3	2	57	103	2	3	2	2	2	middle	middle	1.000	1.000	constitutive	constitutive	50	146	2
NC_071989.2	186239487	186240393	-3	1	-	NC_071989.2	186239529	186240354	CDHR2	XM_054556325.2	-	3	2	39	42	18	19	2	2	2	middle	middle	1.000	1.000	constitutive	constitutive	69	605	2
NC_071989.2	186293907	186294474	1	1	+	NC_071989.2	186293956	186294473	RNF44	XM_024246919.3	+	1	2	49	1	5	6	8	8	8	middle	middle	1.000	1.000	constitutive	constitutive	161	124	8
NC_071989.2	186434917	186435361	2	1	+	NC_071989.2	186434918	186435360	CLTB	XM_002816243.6	+	2	2	1	1	3	4	2	2	2	middle	middle	1.000	1.000	constitutive	constitutive	117	111	2
NC_071989.2	186907101	186907734	1	1	+	NC_071989.2	186907187	186907596	RMND5B	XM_024247177.3	+	1	2	86	138	2	3	4	3	4	middle	middle	0.750	1.000	alternative	constitutive	145	140	3
NC_071989.2	186907101	186907734	1	1	+	NC_071989.2	186907228	186907596	RMND5B	XM_054556334.2	+	1	2	127	138	1	2	4	1	4	first	middle	0.250	1.000	unique	constitutive	104	140	1
NC_071989.2	186912106	186912478	2	1	+	NC_071989.2	186912127	186912477	RMND5B	XM_024247177.3	+	2	2	21	1	7	8	4	4	4	middle	middle	1.000	1.000	constitutive	constitutive	102	154	4
NC_071989.2	187011284	187011806	-1	1	-	NC_071989.2	187011441	187011794	COL23A1	XM_024247215.3	-	1	2	12	157	26	27	1	1	1	middle	middle	1.000	1.000	constitutive	constitutive	53	86	1
NC_071989.2	187015229	187015652	-1	1	-	NC_071989.2	187015251	187015616	COL23A1	XM_024247215.3	-	1	2	36	22	24	25	1	1	1	middle	middle	1.000	1.000	constitutive	constitutive	53	26	1
NC_071989.2	188276997	188278500	-3	1	-	NC_071989.2	188276998	188278230	LOC134761506	XM_063724594.1	-	3	3	270	1	2	4	1	1	1	middle	last	1.000	1.000	constitutive	constitutive	203	365	1
NC_071989.2	188564279	188564831	-1	1	-	NC_071989.2	188564501	188564811	MGAT4B	XM_024246932.3	-	1	2	20	222	6	7	5	5	5	middle	middle	1.000	1.000	constitutive	constitutive	75	114	5
NC_071989.2	189331818	189332634	-3	1	-	NC_071989.2	189331819	189332423	SCGB3A1	XM_002816326.2	-	3	2	211	1	2	3	2	2	2	middle	last	1.000	1.000	constitutive	constitutive	238	20	2
NC_071989.2	189371040	189371877	-3	1	-	NC_071989.2	189371042	189371613	FLT4	XM_024247110.3	-	3	2	264	2	7	8	4	4	4	middle	middle	1.000	1.000	constitutive	constitutive	168	117	4
NC_071989.2	189372102	189372744	-3	1	-	NC_071989.2	189372129	189372524	FLT4	XM_024247110.3	-	3	2	220	27	4	5	4	4	4	middle	middle	1.000	1.000	constitutive	constitutive	112	162	4
NC_071989.2	189800137	189800542	2	1	+	NC_071989.2	189800169	189800507	BTNL9	XM_024247231.2	+	2	2	32	35	4	5	1	1	1	middle	middle	1.000	1.000	constitutive	constitutive	128	32	1
NC_071989.2	189934694	189935594	3	1	+	NC_071989.2	189934718	189935504	LOC112128520	XM_063724595.1	+	3	2	24	90	6	8	1	1	1	middle	middle	1.000	1.000	constitutive	constitutive	107	613	1
NC_071989.2	2735544	2736753	-3	1	-	NC_071989.2	2735545	2736576	LOC129059320	XM_054555378.2	-	3	2	177	1	1	2	1	1	1	first	last	1.000	1.000	constitutive	constitutive	841	45	1
NC_071989.2	7913980	7914427	2	1	+	NC_071989.2	7914043	7914426	MTRR	NM_001133791.1	+	2	2	63	1	12	13	5	5	5	middle	middle	1.000	1.000	constitutive	constitutive	92	182	5
NC_071989.2	83140766	83141447	3	1	+	NC_071989.2	83140929	83141237	ANKDD1B	XM_054555639.2	+	3	2	163	210	4	5	1	1	1	middle	middle	1.000	1.000	constitutive	constitutive	98	104	1
NC_071990.2	106907489	106909970	-2	1	-	NC_071990.2	106908188	106909280	LOC129059826	XM_054557103.1	-	2	2	690	699	1	2	1	1	1	first	middle	1.000	1.000	constitutive	constitutive	250	286	1
NC_071990.2	110535996	110536470	1	1	+	NC_071990.2	110536057	110536398	SMPD2	XM_024249045.3	+	1	2	61	72	6	7	1	1	1	middle	middle	1.000	1.000	constitutive	constitutive	82	132	1
NC_071990.2	110547260	110547857	-2	1	-	NC_071990.2	110547293	110547851	MICAL1	XM_024248274.3	-	2	2	6	33	1	2	6	6	6	first	middle	1.000	1.000	constitutive	constitutive	257	207	6
NC_071990.2	133467119	133467722	-2	1	-	NC_071990.2	133467143	133467545	CCN2	XM_002817364.4	-	2	2	177	24	1	2	1	1	1	first	middle	1.000	1.000	constitutive	constitutive	65	222	1
NC_071990.2	134252296	134252770	-3	1	-	NC_071990.2	134252298	134252737	VNN3P	XM_002817374.4	-	3	2	33	2	1	2	1	1	1	first	middle	1.000	1.000	constitutive	constitutive	212	130	1
NC_071990.2	159774813	159775338	1	1	+	NC_071990.2	159774838	159775228	SYNJ2	XM_003776952.5	+	1	2	25	110	10	11	7	7	7	middle	middle	1.000	1.000	constitutive	constitutive	149	165	7
NC_071990.2	169145220	169146486	1	1	+	NC_071990.2	169145269	169146486	CCR6	XM_002817580.4	+	1	2	49	0	1	2	2	2	2	first	last	1.000	1.000	constitutive	constitutive	8	1112	2
NC_071990.2	172278238	172279387	-3	1	-	NC_071990.2	172278569	172279198	DLL1	XM_002817605.6	-	3	2	189	331	1	2	1	1	1	first	middle	1.000	1.000	constitutive	constitutive	53	296	1
NC_071990.2	25860743	25861532	3	1	+	NC_071990.2	25861167	25861531	SLC17A4	XM_024248403.3	+	3	2	424	1	8	9	1	1	1	middle	middle	1.000	1.000	constitutive	constitutive	132	147	1
NC_071990.2	30078449	30079016	-2	1	-	NC_071990.2	30078510	30079007	LOC100439401	XM_054558624.2	-	2	2	9	61	1	2	7	3	3	first	middle	0.429	0.429	alternative	alternative	244	75	3
NC_071990.2	30632059	30632449	2	1	+	NC_071990.2	30632060	30632444	ABCF1	XM_024248136.3	+	2	2	1	5	3	4	2	2	1	middle	middle	1.000	0.500	constitutive	unique	95	129	1
NC_071990.2	30632059	30632449	2	1	+	NC_071990.2	30632060	30632444	ABCF1	XM_024248137.3	+	2	2	1	5	3	4	2	2	1	middle	middle	1.000	0.500	constitutive	unique	95	126	1
NC_071990.2	30713697	30714243	-1	1	-	NC_071990.2	30713839	30714201	DHX16	XM_002816634.5	-	1	2	42	142	11	12	2	2	2	middle	middle	1.000	1.000	constitutive	constitutive	98	152	2
NC_071990.2	30717118	30717766	-3	1	-	NC_071990.2	30717126	30717520	DHX16	XM_002816634.5	-	3	2	246	8	8	9	2	1	1	middle	middle	0.500	0.500	unique	unique	110	115	1
NC_071990.2	30941797	30942175	2	1	+	NC_071990.2	30941870	30942150	DDR1	XM_002816642.6	+	2	2	73	25	1	2	7	7	7	first	middle	1.000	1.000	constitutive	constitutive	84	102	7
NC_071990.2	30946100	30946646	3	1	+	NC_071990.2	30946201	30946556	DDR1	XM_002816642.6	+	3	2	101	90	8	9	7	7	7	middle	middle	1.000	1.000	constitutive	constitutive	95	151	7
NC_071990.2	30975794	30976112	3	1	+	NC_071990.2	30975816	30976086	VARS2	XM_002816646.6	+	3	2	22	26	21	22	5	5	5	middle	middle	1.000	1.000	constitutive	constitutive	68	78	5
NC_071990.2	31001578	31006981	2	1	+	NC_071990.2	31001742	31006933	MUCL3	XM_063725430.1	+	2	5	164	48	2	6	1	1	1	middle	middle	1.000	1.000	constitutive	constitutive	893	1201	1
NC_071990.2	31207988	31208375	-2	1	-	NC_071990.2	31207990	31208297	CCHCR1	NM_001132160.1	-	2	2	78	2	1	2	38	19	21	first	middle	0.500	0.553	alternative	alternative	15	213	11
NC_071990.2	31207988	31208375	-2	1	-	NC_071990.2	31207990	31208348	CCHCR1	XM_024247841.3	-	2	2	27	2	2	3	38	16	21	middle	middle	0.421	0.553	alternative	alternative	66	213	10
NC_071990.2	31207988	31208375	-2	1	-	NC_071990.2	31207990	31208348	CCHCR1	XM_024247844.3	-	2	2	27	2	2	3	38	16	14	middle	middle	0.421	0.368	alternative	alternative	66	105	6
NC_071990.2	31207988	31208375	-2	1	-	NC_071990.2	31207990	31208297	CCHCR1	XM_054556789.2	-	2	2	78	2	1	2	38	19	14	first	middle	0.500	0.368	alternative	alternative	15	105	8
NC_071990.2	31333415	31334162	-2	1	-	NC_071990.2	31333631	31334149	DKFZP469M1914	NM_001133246.1	-	2	2	13	216	4	5	1	1	1	middle	middle	1.000	1.000	constitutive	constitutive	275	119	1
NC_071990.2	31335248	31335848	-2	1	-	NC_071990.2	31335254	31335725	DKFZP469M1914	NM_001133246.1	-	2	2	123	6	1	2	1	1	1	first	middle	1.000	1.000	constitutive	constitutive	72	269	1
NC_071990.2	31926752	31927427	-2	1	-	NC_071990.2	31926753	31927198	LOC103890871	XM_054558704.1	-	2	2	229	1	2	3	1	1	1	middle	last	1.000	1.000	constitutive	constitutive	125	217	1
NC_071990.2	31982641	31983214	-3	1	-	NC_071990.2	31982656	31983012	VWA7	XM_024248314.3	-	3	2	202	15	11	12	2	2	2	middle	middle	1.000	1.000	constitutive	constitutive	152	92	2
NC_071990.2	31994270	31994984	-2	1	-	NC_071990.2	31994355	31994924	VARS1	XM_024249080.3	-	2	2	60	85	27	28	3	3	2	middle	middle	1.000	0.667	constitutive	alternative	111	325	2
NC_071990.2	31994270	31994984	-2	1	-	NC_071990.2	31994271	31994924	VARS1	XM_063725196.1	-	2	2	60	1	27	28	3	3	1	middle	last	1.000	0.333	constitutive	unique	111	409	1
NC_071990.2	31996735	31997314	-3	1	-	NC_071990.2	31996868	31997148	VARS1	XM_024249080.3	-	3	2	166	133	19	20	3	3	3	middle	middle	1.000	1.000	constitutive	constitutive	70	125	3
NC_071990.2	32079463	32079973	-3	1	-	NC_071990.2	32079629	32079893	SLC44A4	XM_054556721.2	-	3	2	80	166	18	19	2	1	1	middle	middle	0.500	0.500	unique	unique	70	94	1
NC_071990.2	32095499	32096138	-2	1	-	NC_071990.2	32095501	32095914	EHMT2	XM_009241698.4	-	2	2	224	2	26	27	8	8	8	middle	middle	1.000	1.000	constitutive	constitutive	78	175	8
NC_071990.2	32161993	32162605	2	1	+	NC_071990.2	32162085	32162600	CFB	XM_009241702.4	+	2	2	92	5	8	9	1	1	1	middle	middle	1.000	1.000	constitutive	constitutive	131	101	1
NC_071990.2	32208198	32208600	1	1	+	NC_071990.2	32208199	32208592	LOC112131287	XM_054558716.2	+	1	2	1	8	27	28	1	1	1	middle	middle	1.000	1.000	constitutive	constitutive	116	171	1
NC_071990.2	32210856	32211414	1	1	+	NC_071990.2	32210981	32211372	LOC112131287	XM_054558716.2	+	1	2	125	42	33	34	1	1	1	middle	middle	1.000	1.000	constitutive	constitutive	186	90	1
NC_071990.2	32222135	32222717	-2	1	-	NC_071990.2	32222151	32222518	LOC100434533	XM_063725285.1	-	2	2	199	16	6	7	1	1	1	middle	middle	1.000	1.000	constitutive	constitutive	143	130	1
NC_071990.2	32234635	32235037	2	1	+	NC_071990.2	32234636	32235029	C4B	XM_054558717.2	+	2	2	1	8	27	28	1	1	1	middle	middle	1.000	1.000	constitutive	constitutive	116	171	1
NC_071990.2	32237293	32237851	2	1	+	NC_071990.2	32237418	32237809	C4B	XM_054558717.2	+	2	2	125	42	33	34	1	1	1	middle	middle	1.000	1.000	constitutive	constitutive	186	90	1
NC_071990.2	32249326	32249824	-3	1	-	NC_071990.2	32249392	32249772	LOC100443502	XM_054558718.2	-	3	2	52	66	34	35	1	1	1	middle	middle	1.000	1.000	constitutive	constitutive	122	143	1
NC_071990.2	32273419	32274505	-3	1	-	NC_071990.2	32273479	32274225	LOC100443502	XM_054558718.2	-	3	2	280	60	16	17	1	1	1	middle	middle	1.000	1.000	constitutive	constitutive	314	317	1
NC_071990.2	32361017	32361353	3	1	+	NC_071990.2	32361049	32361339	PPT2	XM_002816689.6	+	3	2	32	14	4	5	4	4	4	middle	middle	1.000	1.000	constitutive	constitutive	95	107	4
NC_071990.2	32372835	32373198	1	1	+	NC_071990.2	32372840	32373183	EGFL8	XM_054557352.2	+	1	2	5	15	5	6	2	2	2	middle	middle	1.000	1.000	constitutive	constitutive	170	79	2
NC_071990.2	32385787	32386102	2	1	+	NC_071990.2	32385788	32386102	RNF5	XM_002816693.5	+	2	2	1	0	5	6	2	2	2	middle	last	1.000	1.000	constitutive	constitutive	117	94	2
NC_071990.2	32425628	32426198	-2	1	-	NC_071990.2	32425658	32426170	LOC100436768	XM_024248758.3	-	2	2	28	30	6	7	5	1	1	middle	middle	0.200	0.200	unique	unique	236	155	1
NC_071990.2	33212992	33213454	2	1	+	NC_071990.2	33213081	33213454	BRD2	XM_002809128.5	+	2	2	89	0	11	12	7	7	7	middle	last	1.000	1.000	constitutive	constitutive	122	133	7
NC_071990.2	33406525	33407050	-3	1	-	NC_071990.2	33406576	33407011	COL11A2	XM_054557377.2	-	3	2	39	51	63	64	4	4	4	middle	middle	1.000	1.000	constitutive	constitutive	53	267	4
NC_071990.2	33419819	33420356	-2	1	-	NC_071990.2	33419904	33420110	COL11A2	XM_054557377.2	-	2	2	246	85	17	18	4	4	4	middle	middle	1.000	1.000	constitutive	constitutive	53	53	4
NC_071990.2	33435902	33436436	-2	1	-	NC_071990.2	33435904	33436413	RXRB	XM_002809144.5	-	2	2	23	2	8	9	6	3	6	middle	middle	0.500	1.000	alternative	constitutive	91	105	3
NC_071990.2	33435902	33436436	-2	1	-	NC_071990.2	33435904	33436425	RXRB	XM_009239818.3	-	2	2	11	2	8	9	6	3	6	middle	middle	0.500	1.000	alternative	constitutive	103	105	3
NC_071990.2	33530493	33530790	1	1	+	NC_071990.2	33530513	33530789	PFDN6	XM_009240352.4	+	1	2	20	1	2	3	5	5	5	middle	middle	1.000	1.000	constitutive	constitutive	70	124	5
NC_071990.2	33534112	33534484	-3	1	-	NC_071990.2	33534114	33534385	RGL2	XM_009240474.4	-	3	2	99	2	11	12	4	4	4	middle	middle	1.000	1.000	constitutive	constitutive	32	121	4
NC_071990.2	33535288	33535573	-3	1	-	NC_071990.2	33535298	33535529	RGL2	XM_009240474.4	-	3	2	44	10	8	9	4	4	4	middle	middle	1.000	1.000	constitutive	constitutive	84	68	4
NC_071990.2	33926776	33927541	2	1	+	NC_071990.2	33926954	33927373	ITPR3	XM_024248061.3	+	2	2	178	168	29	30	2	2	2	middle	middle	1.000	1.000	constitutive	constitutive	122	200	2
NC_071990.2	33932753	33933584	3	1	+	NC_071990.2	33932867	33933198	ITPR3	XM_024248061.3	+	3	2	114	386	37	38	2	2	2	middle	middle	1.000	1.000	constitutive	constitutive	108	90	2
NC_071990.2	33934077	33934836	1	1	+	NC_071990.2	33934139	33934749	ITPR3	XM_024248061.3	+	1	2	62	87	41	42	2	2	2	middle	middle	1.000	1.000	constitutive	constitutive	184	200	2
NC_071990.2	35553228	35553819	1	1	+	NC_071990.2	35553325	35553775	ZNF76	XM_024249158.3	+	1	2	97	44	5	6	5	4	5	middle	middle	0.800	1.000	alternative	constitutive	116	75	4
NC_071990.2	35553228	35553819	1	1	+	NC_071990.2	35553312	35553775	ZNF76	XM_054558738.2	+	1	2	84	44	3	4	5	1	5	middle	middle	0.200	1.000	unique	constitutive	129	75	1
NC_071990.2	36004930	36005413	2	1	+	NC_071990.2	36005003	36005389	ARMC12	XM_002816796.5	+	2	2	73	24	4	5	2	2	2	middle	middle	1.000	1.000	constitutive	constitutive	173	71	2
NC_071990.2	36399075	36399606	1	1	+	NC_071990.2	36399094	36399448	MAPK13	XM_002816803.6	+	1	2	19	158	10	11	2	2	2	middle	middle	1.000	1.000	constitutive	constitutive	78	176	2
NC_071990.2	41831890	41832511	2	1	+	NC_071990.2	41832056	41832455	FOXP4	XM_002816867.6	+	2	2	166	56	9	10	11	11	6	middle	middle	1.000	0.545	constitutive	alternative	83	207	6
NC_071990.2	41831890	41832511	2	1	+	NC_071990.2	41832056	41832455	FOXP4	XM_009241858.4	+	2	2	166	56	9	10	11	11	5	middle	middle	1.000	0.455	constitutive	alternative	83	171	5
NC_071990.2	43177134	43177479	1	1	+	NC_071990.2	43177305	43177479	CNPY3	XM_063725240.1	+	1	2	171	0	3	4	4	1	1	middle	last	0.250	0.250	unique	unique	61	10	1
NC_071990.2	43250744	43251341	3	1	+	NC_071990.2	43250785	43251179	PPP2R5D	XM_009241889.4	+	3	2	41	162	4	5	2	2	2	middle	middle	1.000	1.000	constitutive	constitutive	199	110	2
NC_071990.2	43254398	43254911	3	1	+	NC_071990.2	43254545	43254878	PPP2R5D	XM_009241889.4	+	3	2	147	33	14	15	2	2	2	middle	middle	1.000	1.000	constitutive	constitutive	72	116	2
NC_071990.2	43448560	43449415	2	1	+	NC_071990.2	43448739	43449414	CUL9	XM_024248845.3	+	2	3	179	1	21	23	4	4	2	middle	middle	1.000	0.500	constitutive	alternative	109	160	2
NC_071990.2	43448560	43449415	2	1	+	NC_071990.2	43448739	43449414	CUL9	XM_054557526.2	+	2	2	179	1	21	22	4	4	2	middle	middle	1.000	0.500	constitutive	alternative	109	490	2
NC_071990.2	43875683	43876376	-2	1	-	NC_071990.2	43875735	43876236	GTPBP2	XM_002832969.6	-	2	2	140	52	4	5	6	6	6	middle	middle	1.000	1.000	constitutive	constitutive	108	197	6
NC_071990.2	44408801	44409368	3	1	+	NC_071990.2	44408853	44409368	TMEM63B	XM_024248593.3	+	3	2	52	0	22	23	10	10	10	middle	last	1.000	1.000	constitutive	constitutive	80	188	10
NC_071990.2	44505044	44505617	3	1	+	NC_071990.2	44505070	44505534	HSP90AB1	NM_001132972.2	+	3	2	26	83	7	8	2	2	2	middle	middle	1.000	1.000	constitutive	constitutive	190	147	2
NC_071990.2	44510366	44511392	-2	1	-	NC_071990.2	44510372	44511089	SLC35B2	NM_001133978.2	-	2	2	303	6	1	2	1	1	1	first	middle	1.000	1.000	constitutive	constitutive	10	193	1
NC_071990.2	44513653	44514235	-3	1	-	NC_071990.2	44513696	44514192	NFKBIE	XM_003776846.5	-	3	2	43	43	5	6	1	1	1	middle	middle	1.000	1.000	constitutive	constitutive	88	239	1
NC_071990.2	44556625	44557321	-3	1	-	NC_071990.2	44556659	44557282	AARS2	XM_002816937.5	-	3	2	39	34	15	17	1	1	1	middle	middle	1.000	1.000	constitutive	constitutive	137	108	1
NC_071990.2	7769913	7770270	1	1	+	NC_071990.2	7769920	7770270	BMP6	XM_024248953.3	+	1	2	7	0	6	7	1	1	1	middle	last	1.000	1.000	constitutive	constitutive	110	146	1
NC_071990.2	79744875	79745559	-1	1	-	NC_071990.2	79744930	79745550	PHIP	XM_002817078.6	-	1	3	9	55	1	4	3	2	2	first	middle	0.667	0.667	alternative	alternative	39	59	2
NC_071990.2	86377994	86378492	-2	1	-	NC_071990.2	86378040	86378429	SYNCRIP	XM_003776870.5	-	2	2	63	46	4	5	8	8	8	middle	middle	1.000	1.000	constitutive	constitutive	113	176	8
NC_071991.2	10089341	10090310	-3	1	-	NC_071991.2	10089432	10090070	SPACDR	XM_002817760.4	-	3	2	240	91	1	2	1	1	1	first	middle	1.000	1.000	constitutive	constitutive	62	299	1
NC_071991.2	101844303	101844708	-2	1	-	NC_071991.2	101844370	101844683	SRPK2	XM_009243112.4	-	2	2	25	67	11	12	13	12	12	middle	middle	0.923	0.923	alternative	alternative	100	107	12
NC_071991.2	102284547	102284937	1	1	+	NC_071991.2	102284565	102284936	RINT1	XM_024249862.3	+	1	2	18	1	13	14	7	7	7	middle	middle	1.000	1.000	constitutive	constitutive	180	118	7
NC_071991.2	10260546	10261161	-2	1	-	NC_071991.2	10260607	10260946	TFR2	XM_002817770.4	-	2	2	215	61	5	6	6	6	6	middle	middle	1.000	1.000	constitutive	constitutive	111	122	6
NC_071991.2	10275134	10275596	-3	1	-	NC_071991.2	10275165	10275432	ACTL6B	XM_024249809.3	-	3	2	164	31	6	7	3	3	3	middle	middle	1.000	1.000	constitutive	constitutive	94	106	3
NC_071991.2	10306058	10306568	3	1	+	NC_071991.2	10306167	10306568	GNB2	XM_024249896.3	+	3	2	109	0	8	9	1	1	1	middle	last	1.000	1.000	constitutive	constitutive	216	103	1
NC_071991.2	10313493	10314255	-2	1	-	NC_071991.2	10313727	10314185	GIGYF1	XM_024249990.3	-	2	2	70	234	8	9	11	11	11	middle	middle	1.000	1.000	constitutive	constitutive	253	105	11
NC_071991.2	10497815	10498652	3	1	+	NC_071991.2	10497849	10498604	TRIP6	XM_002817780.6	+	3	2	34	48	3	4	1	1	1	middle	middle	1.000	1.000	constitutive	constitutive	125	371	1
NC_071991.2	10514354	10514675	3	1	+	NC_071991.2	10514355	10514655	SRRT	NM_001133377.1	+	3	2	1	20	7	8	5	5	5	middle	middle	1.000	1.000	constitutive	constitutive	98	117	5
NC_071991.2	10575524	10586687	3	1	+	NC_071991.2	10575583	10586685	MUC3A	XM_054560306.1	+	3	3	59	2	2	4	1	1	1	middle	middle	1.000	1.000	constitutive	constitutive	5717	1870	1
NC_071991.2	10680756	10703067	1	1	+	NC_071991.2	10680878	10702756	MUC12	XM_054560320.2	+	1	5	122	311	2	6	1	1	1	middle	middle	1.000	1.000	constitutive	constitutive	1523	1294	1
NC_071991.2	10728791	10738901	3	1	+	NC_071991.2	10735125	10738896	MUC17	XM_054560118.1	+	3	4	6334	5	1	4	1	1	1	first	middle	1.000	1.000	constitutive	constitutive	108	2096	1
NC_071991.2	10907374	10907935	-1	1	-	NC_071991.2	10907423	10907765	PLOD3	NM_001135399.1	-	1	2	170	49	13	14	2	2	2	middle	middle	1.000	1.000	constitutive	constitutive	141	113	2
NC_071991.2	12125924	12126452	3	1	+	NC_071991.2	12125990	12126443	LRWD1	XM_002817808.5	+	3	2	66	9	2	3	1	1	1	middle	middle	1.000	1.000	constitutive	constitutive	234	116	1
NC_071991.2	12132259	12132856	2	1	+	NC_071991.2	12132396	12132748	LRWD1	XM_002817808.5	+	2	2	137	108	13	14	1	1	1	middle	middle	1.000	1.000	constitutive	constitutive	155	112	1
NC_071991.2	12161850	12162633	-2	1	-	NC_071991.2	12162027	12162523	RASA4B	XM_024249818.3	-	2	2	110	177	9	10	2	2	2	middle	middle	1.000	1.000	constitutive	constitutive	117	150	2
NC_071991.2	12166292	12166859	-3	1	-	NC_071991.2	12166294	12166823	RASA4B	XM_024249818.3	-	3	2	36	2	7	8	2	2	2	middle	middle	1.000	1.000	constitutive	constitutive	131	94	2
NC_071991.2	124866660	124869801	1	1	+	NC_071991.2	124867630	124869801	LOC129060724	XM_054560780.1	+	1	3	970	0	1	3	1	1	1	first	last	1.000	1.000	constitutive	constitutive	425	874	1
NC_071991.2	125849773	125850628	-1	1	-	NC_071991.2	125849809	125850253	IMPDH1	XM_024250046.3	-	1	2	375	36	7	8	9	9	9	middle	middle	1.000	1.000	constitutive	constitutive	206	87	9
NC_071991.2	126124601	126125255	3	1	+	NC_071991.2	126124681	126125078	FLNC	XM_009243211.4	+	3	2	80	177	12	13	4	4	4	middle	middle	1.000	1.000	constitutive	constitutive	193	113	4
NC_071991.2	126127274	126127799	3	1	+	NC_071991.2	126127320	126127790	FLNC	XM_009243211.4	+	3	2	46	9	19	20	4	4	4	middle	middle	1.000	1.000	constitutive	constitutive	117	262	4
NC_071991.2	13599357	13599687	1	1	+	NC_071991.2	13599428	13599687	CASTOR2	XM_024249430.3	+	1	2	71	0	8	9	1	1	1	middle	last	1.000	1.000	constitutive	constitutive	94	62	1
NC_071991.2	139045614	139046115	-2	1	-	NC_071991.2	139045616	139046030	DENND11	XM_024249606.2	-	2	2	85	2	6	7	2	2	2	middle	middle	1.000	1.000	constitutive	constitutive	131	150	2
NC_071991.2	139652100	139652841	-2	1	-	NC_071991.2	139652281	139652769	LOC100452723	XM_054559920.1	-	2	2	72	181	3	4	1	1	1	middle	middle	1.000	1.000	constitutive	constitutive	159	85	1
NC_071991.2	139943653	139944223	2	1	+	NC_071991.2	139943762	139944223	LOC112134308	unassigned_transcript_348	+	2	2	109	0	1	2	1	1	1	first	last	1.000	1.000	constitutive	constitutive	48	304	1
NC_071991.2	140086542	140087370	1	1	+	NC_071991.2	140086750	140087370	LOC129060744	unassigned_transcript_362	+	1	2	208	0	1	2	1	1	1	first	last	1.000	1.000	constitutive	constitutive	48	445	1
NC_071991.2	140482571	140482835	-3	1	-	NC_071991.2	140482573	140482835	TRPV6	XM_024250333.3	-	3	2	0	2	9	10	2	2	2	middle	middle	1.000	1.000	constitutive	constitutive	86	76	2
NC_071991.2	140521755	140522373	-2	1	-	NC_071991.2	140521914	140522320	TRPV5	XM_002818578.4	-	2	2	53	159	11	12	1	1	1	middle	middle	1.000	1.000	constitutive	constitutive	165	66	1
NC_071991.2	141002921	141003557	-3	1	-	NC_071991.2	141002923	141003557	EPHA1	XM_024250335.2	-	3	2	0	2	15	16	1	1	1	middle	middle	1.000	1.000	constitutive	constitutive	149	193	1
NC_071991.2	141054337	141055504	2	1	+	NC_071991.2	141054503	141055504	TAS2R60	XM_054559944.1	+	2	2	166	0	1	2	1	1	1	first	last	1.000	1.000	constitutive	constitutive	804	148	1
NC_071991.2	147712527	147713346	1	1	+	NC_071991.2	147712589	147713247	LOC112131356	XM_054560792.2	+	1	2	62	99	4	5	1	1	1	middle	middle	1.000	1.000	constitutive	constitutive	179	244	1
NC_071991.2	147726682	147727423	2	1	+	NC_071991.2	147726846	147727250	LOC112131356	XM_054560792.2	+	2	2	164	173	33	34	1	1	1	middle	middle	1.000	1.000	constitutive	constitutive	91	231	1
NC_071991.2	147727305	147727839	1	1	+	NC_071991.2	147727361	147727750	LOC112131356	XM_054560792.2	+	1	2	56	89	35	36	1	1	1	middle	middle	1.000	1.000	constitutive	constitutive	152	140	1
NC_071991.2	147731849	147733112	3	1	+	NC_071991.2	147732103	147732851	LOC112131356	XM_054560792.2	+	3	2	254	261	45	46	1	1	1	middle	middle	1.000	1.000	constitutive	constitutive	150	72	1
NC_071991.2	147779082	147779628	-2	1	-	NC_071991.2	147779083	147779541	RARRES2	NM_001134159.1	-	2	2	87	1	3	4	1	1	1	middle	last	1.000	1.000	constitutive	constitutive	95	113	1
NC_071991.2	14816619	14816952	-2	1	-	NC_071991.2	14816621	14816899	BUD23	XM_002817861.5	-	2	2	53	2	4	5	3	3	3	middle	middle	1.000	1.000	constitutive	constitutive	82	96	3
NC_071991.2	148407947	148408619	-3	1	-	NC_071991.2	148407949	148408495	KCNH2	XM_024250417.2	-	3	2	124	2	12	13	6	5	5	middle	middle	0.833	0.833	alternative	alternative	272	186	5
NC_071991.2	148469727	148470117	1	1	+	NC_071991.2	148469779	148470116	NOS3	XM_024250344.3	+	1	2	52	1	17	18	7	2	2	middle	middle	0.286	0.286	alternative	alternative	132	78	2
NC_071991.2	148474591	148475185	2	1	+	NC_071991.2	148474724	148475185	NOS3	XM_024250344.3	+	2	2	133	0	25	26	7	1	1	middle	last	0.143	0.143	unique	unique	194	158	1
NC_071991.2	148537987	148538800	2	1	+	NC_071991.2	148538112	148538692	SLC4A2	NM_001131672.1	+	2	2	125	108	20	21	3	3	3	middle	middle	1.000	1.000	constitutive	constitutive	169	173	3
NC_071991.2	148579885	148580641	2	1	+	NC_071991.2	148580132	148580485	AGAP3	XM_024250310.3	+	2	2	247	156	3	4	10	8	8	middle	middle	0.800	0.800	alternative	alternative	87	85	8
NC_071991.2	1486293	1486758	-2	1	-	NC_071991.2	1486294	1486669	INTS1	XM_024241278.3	-	2	2	89	1	46	47	4	4	4	middle	last	1.000	1.000	constitutive	constitutive	109	112	4
NC_071991.2	14905187	14906456	3	1	+	NC_071991.2	14905212	14906292	MLXIPL	XM_002817862.4	+	3	3	25	164	9	11	2	2	1	middle	middle	1.000	0.500	constitutive	unique	531	150	1
NC_071991.2	14905187	14906456	3	1	+	NC_071991.2	14905212	14906292	MLXIPL	XM_054560415.2	+	3	3	25	164	9	11	2	2	1	middle	middle	1.000	0.500	constitutive	unique	531	147	1
NC_071991.2	1493763	1494657	-2	1	-	NC_071991.2	1494114	1494633	INTS1	XM_024241278.3	-	2	2	24	351	31	32	4	4	4	middle	middle	1.000	1.000	constitutive	constitutive	159	140	4
NC_071991.2	1502632	1503508	-1	1	-	NC_071991.2	1502921	1503292	INTS1	XM_024241278.3	-	1	2	216	289	22	23	4	4	4	middle	middle	1.000	1.000	constitutive	constitutive	179	104	4
NC_071991.2	1504281	1505121	-2	1	-	NC_071991.2	1504438	1504914	INTS1	XM_024241278.3	-	2	2	207	157	20	21	4	4	4	middle	middle	1.000	1.000	constitutive	constitutive	179	149	4
NC_071991.2	1517645	1518248	-3	1	-	NC_071991.2	1517647	1518023	INTS1	XM_024241278.3	-	3	2	225	2	5	6	4	4	4	middle	middle	1.000	1.000	constitutive	constitutive	159	105	4
NC_071991.2	15198508	15198976	2	1	+	NC_071991.2	15198540	15198975	NSUN5	XM_024249523.3	+	2	2	32	1	8	9	2	2	2	middle	middle	1.000	1.000	constitutive	constitutive	210	140	2
NC_071991.2	1565691	1566705	-2	1	-	NC_071991.2	1565692	1566686	TMEM184A	XM_024241287.3	-	2	2	19	1	7	8	1	1	1	middle	last	1.000	1.000	constitutive	constitutive	197	226	1
NC_071991.2	1569021	1569543	-2	1	-	NC_071991.2	1569023	1569370	TMEM184A	XM_024241287.3	-	2	2	173	2	4	5	1	1	1	middle	middle	1.000	1.000	constitutive	constitutive	75	91	1
NC_071991.2	21195291	21195894	1	1	+	NC_071991.2	21195525	21195847	LOC103891092	XM_054560477.2	+	1	2	234	47	3	4	4	2	2	middle	middle	0.500	0.500	alternative	alternative	49	101	2
NC_071991.2	25291500	25292877	1	1	+	NC_071991.2	25291520	25292162	LOC129060696	XM_054560751.2	+	1	2	20	715	2	3	1	1	1	middle	middle	1.000	1.000	constitutive	constitutive	95	402	1
NC_071991.2	2687024	2687585	-3	1	-	NC_071991.2	2687118	2687399	IQCE	XM_024241234.3	-	3	2	186	94	7	8	28	28	28	middle	middle	1.000	1.000	constitutive	constitutive	113	50	28
NC_071991.2	39954439	39955141	2	1	+	NC_071991.2	39954443	39955051	TBRG4	XM_024250433.2	+	2	2	4	90	3	4	5	5	5	middle	middle	1.000	1.000	constitutive	constitutive	171	157	5
NC_071991.2	40920263	40920995	3	1	+	NC_071991.2	40920396	40920939	MYL7	XM_024249787.2	+	3	2	133	56	3	4	2	1	2	middle	middle	0.500	1.000	unique	constitutive	144	104	1
NC_071991.2	40920263	40920995	3	1	+	NC_071991.2	40920465	40920939	MYL7	XM_024249788.2	+	3	2	202	56	3	4	2	1	2	middle	middle	0.500	1.000	unique	constitutive	75	104	1
NC_071991.2	54041232	54041931	-2	1	-	NC_071991.2	54041466	54041802	GHRHR	XM_024250058.2	-	2	2	129	234	2	3	1	1	1	middle	middle	1.000	1.000	constitutive	constitutive	102	107	1
NC_071991.2	5558034	5558670	-2	1	-	NC_071991.2	5558128	5558619	ACTB	NM_001133354.1	-	2	2	51	94	1	2	1	1	1	first	middle	1.000	1.000	constitutive	constitutive	122	239	1
NC_071991.2	58995283	58995589	2	1	+	NC_071991.2	58995309	58995566	HNRNPA2B1	NM_001133859.2	+	2	2	26	23	6	7	5	5	5	middle	middle	1.000	1.000	constitutive	constitutive	101	80	5
NC_071991.2	63242535	63242919	-2	1	-	NC_071991.2	63242537	63242913	DNAH11	XM_054559402.2	-	2	2	6	2	78	79	1	1	1	middle	middle	1.000	1.000	constitutive	constitutive	182	115	1
NC_071991.2	6868916	6869492	3	1	+	NC_071991.2	6868917	6869492	RAC1	XM_024250035.3	+	3	2	1	0	5	6	2	2	2	middle	last	1.000	1.000	constitutive	constitutive	159	127	2
NC_071991.2	6969006	6969432	-2	1	-	NC_071991.2	6969031	6969408	GRID2IP	XM_024250010.3	-	2	2	24	25	15	16	4	4	4	middle	middle	1.000	1.000	constitutive	constitutive	155	86	4
NC_071991.2	7919550	7920138	-2	1	-	NC_071991.2	7919552	7919964	TECPR1	NM_001133184.1	-	2	2	174	2	12	13	1	1	1	middle	middle	1.000	1.000	constitutive	constitutive	149	157	1
NC_071991.2	83872186	83872630	2	1	+	NC_071991.2	83872219	83872555	PEX1	XM_024250284.3	+	2	2	33	75	18	19	3	3	3	middle	middle	1.000	1.000	constitutive	constitutive	142	103	3
NC_071991.2	9841311	9842046	1	1	+	NC_071991.2	9841606	9842032	COPS6	NM_001131286.1	+	1	2	295	14	1	2	2	2	1	first	middle	1.000	0.500	constitutive	unique	78	125	1
NC_071991.2	9841311	9842046	1	1	+	NC_071991.2	9841606	9842032	COPS6	XM_009242602.4	+	1	2	295	14	1	2	2	2	1	first	middle	1.000	0.500	constitutive	unique	78	122	1
NC_071991.2	9843948	9844410	1	1	+	NC_071991.2	9844034	9844410	COPS6	NM_001131286.1	+	1	2	86	0	9	10	2	2	2	middle	last	1.000	1.000	constitutive	constitutive	100	137	2
NC_071991.2	9975058	9975718	2	1	+	NC_071991.2	9975099	9975446	PVRIG	XM_009242626.2	+	2	2	41	272	2	4	1	1	1	middle	middle	1.000	1.000	constitutive	constitutive	164	127	1
NC_071991.2	9975721	9976225	2	1	+	NC_071991.2	9975742	9976225	PVRIG	XM_009242626.2	+	2	2	21	0	6	7	1	1	1	middle	last	1.000	1.000	constitutive	constitutive	60	320	1
NC_071991.2	999847	1001086	2	1	+	NC_071991.2	1000317	1000690	LOC100446332	XM_024241255.2	+	2	2	470	396	3	4	1	1	1	middle	middle	1.000	1.000	constitutive	constitutive	149	157	1
NC_071992.2	107283080	107283338	3	1	+	NC_071992.2	107283090	107283332	SLC26A7	XM_002819259.3	+	3	2	10	6	16	17	2	2	2	middle	middle	1.000	1.000	constitutive	constitutive	54	103	2
NC_071992.2	11932412	11939156	3	1	+	NC_071992.2	11932519	11939151	RP1L1	XM_054546148.1	+	3	2	107	5	3	4	1	1	1	middle	middle	1.000	1.000	constitutive	constitutive	3256	2121	1
NC_071992.2	139432147	139432627	2	1	+	NC_071992.2	139432148	139432446	TBC1D31	NM_001131687.1	+	2	2	1	181	7	8	16	14	2	middle	middle	0.875	0.125	alternative	alternative	79	92	2
NC_071992.2	139432147	139432627	2	1	+	NC_071992.2	139432148	139432446	TBC1D31	XM_024250535.3	+	2	2	1	181	9	10	16	14	12	middle	middle	0.875	0.750	alternative	alternative	79	146	12
NC_071992.2	140291536	140291884	2	1	+	NC_071992.2	140291566	140291851	FER1L6	XM_054518809.2	+	2	2	30	33	4	5	1	1	1	middle	middle	1.000	1.000	constitutive	constitutive	54	131	1
NC_071992.2	159010959	159011529	1	1	+	NC_071992.2	159011050	159011355	ADGRB1	XM_054518963.2	+	1	2	91	174	29	30	4	4	4	middle	middle	1.000	1.000	constitutive	constitutive	35	107	4
NC_071992.2	159574828	159575326	2	1	+	NC_071992.2	159574880	159575153	LY6L	XM_054561086.2	+	2	2	52	173	1	2	1	1	1	first	middle	1.000	1.000	constitutive	constitutive	72	116	1
NC_071992.2	160061918	160062512	-2	1	-	NC_071992.2	160062102	160062512	MROH6	XM_024250882.3	-	2	2	0	184	8	9	1	1	1	middle	middle	1.000	1.000	constitutive	constitutive	143	173	1
NC_071992.2	160062948	160063908	-1	1	-	NC_071992.2	160062950	160063702	MROH6	XM_024250882.3	-	1	2	206	2	4	6	1	1	1	middle	middle	1.000	1.000	constitutive	constitutive	117	137	1
NC_071992.2	160068744	160069356	-1	1	-	NC_071992.2	160068849	160069128	NAPRT	XM_024250888.3	-	1	2	228	105	9	10	1	1	1	middle	middle	1.000	1.000	constitutive	constitutive	80	102	1
NC_071992.2	160111137	160111818	-1	1	-	NC_071992.2	160111200	160111794	GFUS	NM_001132050.1	-	1	2	24	63	3	5	3	3	3	middle	middle	1.000	1.000	constitutive	constitutive	128	133	3
NC_071992.2	160221295	160221823	2	1	+	NC_071992.2	160221563	160221818	MAPK15	XM_024251245.3	+	2	2	268	5	3	4	1	1	1	middle	middle	1.000	1.000	constitutive	constitutive	29	90	1
NC_071992.2	160222086	160222830	1	1	+	NC_071992.2	160222448	160222829	MAPK15	XM_024251245.3	+	1	2	362	1	5	6	1	1	1	middle	middle	1.000	1.000	constitutive	constitutive	130	163	1
NC_071992.2	160224116	160224869	3	1	+	NC_071992.2	160224374	160224776	MAPK15	XM_024251245.3	+	3	2	258	93	9	10	1	1	1	middle	middle	1.000	1.000	constitutive	constitutive	137	105	1
NC_071992.2	160229541	160233063	-1	1	-	NC_071992.2	160229542	160232973	FAM83H	XM_024251659.3	-	1	2	90	1	3	5	4	4	4	middle	last	1.000	1.000	constitutive	constitutive	164	2832	4
NC_071992.2	160290212	160291373	3	1	+	NC_071992.2	160290213	160291182	IQANK1	XM_054519055.2	+	3	3	1	191	7	9	9	7	9	middle	middle	0.778	1.000	alternative	constitutive	341	108	7
NC_071992.2	160290212	160291373	3	1	+	NC_071992.2	160290213	160291182	IQANK1	XM_054519057.2	+	3	4	1	191	7	10	9	1	9	middle	middle	0.111	1.000	unique	constitutive	148	108	1
NC_071992.2	160290212	160291373	3	1	+	NC_071992.2	160290213	160291182	IQANK1	XM_054519058.2	+	3	4	1	191	7	10	9	1	9	middle	middle	0.111	1.000	unique	constitutive	139	108	1
NC_071992.2	160293893	160294790	-2	1	-	NC_071992.2	160293895	160294493	SCRIB	XM_024251446.3	-	2	3	297	2	29	31	9	7	9	middle	middle	0.778	1.000	alternative	constitutive	107	150	7
NC_071992.2	160293893	160294790	-2	1	-	NC_071992.2	160293895	160294277	SCRIB	XM_054519049.2	-	2	2	513	2	29	30	9	9	9	middle	middle	1.000	1.000	constitutive	constitutive	159	150	2
NC_071992.2	160296618	160297026	-1	1	-	NC_071992.2	160296691	160296939	SCRIB	XM_024251446.3	-	1	2	87	73	25	26	9	9	9	middle	middle	1.000	1.000	constitutive	constitutive	110	56	9
NC_071992.2	160306333	160307029	-3	1	-	NC_071992.2	160306472	160306936	SCRIB	XM_024251446.3	-	3	2	93	139	20	21	9	8	9	middle	middle	0.889	1.000	alternative	constitutive	80	275	8
NC_071992.2	160306333	160307029	-3	1	-	NC_071992.2	160306472	160306936	SCRIB	XM_054519044.2	-	3	2	93	139	20	21	9	1	9	middle	middle	0.111	1.000	unique	constitutive	59	275	1
NC_071992.2	160319621	160320128	-2	1	-	NC_071992.2	160319705	160320128	PUF60	NM_001133545.1	-	2	2	0	84	7	8	15	15	15	middle	middle	1.000	1.000	constitutive	constitutive	92	213	15
NC_071992.2	160336381	160337146	-3	1	-	NC_071992.2	160336828	160337041	NRBP2	XM_024251590.3	-	3	2	105	447	15	16	2	2	2	middle	middle	1.000	1.000	constitutive	constitutive	53	63	1
NC_071992.2	160336381	160337146	-3	1	-	NC_071992.2	160336382	160337041	NRBP2	XM_063726911.1	-	3	3	105	1	15	17	2	2	1	middle	last	1.000	0.500	constitutive	unique	53	208	1
NC_071992.2	160339720	160340245	-3	1	-	NC_071992.2	160339904	160340217	NRBP2	XM_024251590.3	-	3	3	28	184	7	9	2	2	2	middle	middle	1.000	1.000	constitutive	constitutive	23	55	2
NC_071992.2	160340539	160341097	-3	1	-	NC_071992.2	160340541	160341058	NRBP2	XM_024251590.3	-	3	2	39	2	3	5	2	2	2	middle	middle	1.000	1.000	constitutive	constitutive	101	40	2
NC_071992.2	160359319	160379362	-3	1	-	NC_071992.2	160359320	160379296	EPPK1	XM_063726912.1	-	3	2	66	1	2	3	1	1	1	middle	last	1.000	1.000	constitutive	constitutive	7913	10490	1
NC_071992.2	160494779	160495349	-2	1	-	NC_071992.2	160494824	160495247	PARP10	XM_024251039.3	-	2	2	102	45	5	6	5	5	3	middle	middle	1.000	0.600	constitutive	alternative	221	96	3
NC_071992.2	160494779	160495349	-2	1	-	NC_071992.2	160494851	160495247	PARP10	XM_024251040.3	-	2	2	102	72	5	6	5	5	2	middle	middle	1.000	0.400	constitutive	alternative	221	69	2
NC_071992.2	160556735	160557296	-2	1	-	NC_071992.2	160556808	160557153	OPLAH	XM_024251670.3	-	2	2	143	73	24	25	6	6	6	middle	middle	1.000	1.000	constitutive	constitutive	160	97	6
NC_071992.2	160557805	160558474	-3	1	-	NC_071992.2	160557854	160558216	OPLAH	XM_024251670.3	-	3	2	258	49	20	21	6	6	6	middle	middle	1.000	1.000	constitutive	constitutive	146	134	6
NC_071992.2	160589644	160590292	2	1	+	NC_071992.2	160589664	160590055	GPAA1	XM_002819548.4	+	2	2	20	237	5	6	4	4	4	middle	middle	1.000	1.000	constitutive	constitutive	101	196	4
NC_071992.2	160619810	160620278	3	1	+	NC_071992.2	160619880	160620277	WDR97	XM_054519257.2	+	3	2	70	1	18	19	10	10	10	middle	middle	1.000	1.000	constitutive	constitutive	197	121	10
NC_071992.2	160743845	160744391	3	1	+	NC_071992.2	160743904	160744335	MROH1	XM_024251174.3	+	3	2	59	56	15	16	25	25	25	middle	middle	1.000	1.000	constitutive	constitutive	40	141	25
NC_071992.2	160765824	160766268	1	1	+	NC_071992.2	160765825	160766267	MROH1	XM_024251174.3	+	1	2	1	1	39	40	25	25	8	middle	middle	1.000	0.320	constitutive	alternative	134	235	8
NC_071992.2	160765824	160766268	1	1	+	NC_071992.2	160765825	160766134	MROH1	XM_024251178.3	+	1	2	1	134	39	40	25	25	17	middle	middle	1.000	0.680	constitutive	alternative	134	102	17
NC_071992.2	160769140	160769878	-3	1	-	NC_071992.2	160769261	160769864	BOP1	XM_024251186.3	-	3	2	14	121	5	7	1	1	1	middle	middle	1.000	1.000	constitutive	constitutive	117	212	1
NC_071992.2	160817684	160818236	3	1	+	NC_071992.2	160817691	160818235	HSF1	XM_002819555.5	+	3	2	7	1	8	9	3	3	3	middle	middle	1.000	1.000	constitutive	constitutive	136	281	3
NC_071992.2	160865345	160866746	3	1	+	NC_071992.2	160865365	160866455	SLC52A2	XM_009244185.4	+	3	2	20	291	2	3	8	8	8	middle	middle	1.000	1.000	constitutive	constitutive	870	123	8
NC_071992.2	160898017	160898614	2	1	+	NC_071992.2	160898099	160898518	ADCK5	XM_024251342.3	+	2	2	82	96	3	4	6	4	6	middle	middle	0.667	1.000	alternative	constitutive	200	140	4
NC_071992.2	160898017	160898614	2	1	+	NC_071992.2	160898104	160898518	ADCK5	XM_024251346.3	+	2	2	87	96	2	3	6	2	6	middle	middle	0.333	1.000	alternative	constitutive	195	140	2
NC_071992.2	160898866	160899337	2	1	+	NC_071992.2	160899026	160899269	ADCK5	XM_024251342.3	+	2	2	160	68	7	8	6	6	6	middle	middle	1.000	1.000	constitutive	constitutive	83	81	6
NC_071992.2	160899191	160900127	3	1	+	NC_071992.2	160899503	160900126	ADCK5	XM_024251342.3	+	3	3	312	1	10	12	6	6	6	middle	middle	1.000	1.000	constitutive	constitutive	91	116	6
NC_071992.2	160906592	160906982	-2	1	-	NC_071992.2	160906658	160906916	CPSF1	XM_024251340.3	-	2	2	66	66	11	12	6	6	6	middle	middle	1.000	1.000	constitutive	constitutive	122	51	6
NC_071992.2	160921158	160922238	-1	1	-	NC_071992.2	160921239	160921602	SLC39A4	XM_024251138.3	-	1	2	636	81	8	9	2	2	2	middle	middle	1.000	1.000	constitutive	constitutive	131	54	2
NC_071992.2	160952560	160953322	-3	1	-	NC_071992.2	160952786	160953204	TONSL	XM_024251168.3	-	3	2	118	226	2	3	5	3	3	middle	middle	0.600	0.600	alternative	alternative	95	142	3
NC_071992.2	160978221	160978743	1	1	+	NC_071992.2	160978255	160978632	KIFC2	XM_024251623.3	+	1	2	34	111	11	12	1	1	1	middle	middle	1.000	1.000	constitutive	constitutive	108	157	1
NC_071992.2	160981225	160981699	2	1	+	NC_071992.2	160981336	160981682	KIFC2	XM_024251623.3	+	2	2	111	17	15	16	1	1	1	middle	middle	1.000	1.000	constitutive	constitutive	123	129	1
NC_071992.2	161007377	161007722	3	1	+	NC_071992.2	161007430	161007721	PPP1R16A	XM_054519309.2	+	3	2	53	1	3	4	2	2	2	middle	middle	1.000	1.000	constitutive	constitutive	70	145	2
NC_071992.2	161013846	161014995	1	1	+	NC_071992.2	161013928	161014962	GPT	XM_054519303.2	+	1	2	82	33	3	6	2	2	2	middle	middle	1.000	1.000	constitutive	constitutive	243	174	2
NC_071992.2	161018957	161019317	3	1	+	NC_071992.2	161018962	161019316	MFSD3	XM_024250908.3	+	3	2	5	1	2	3	2	1	1	middle	middle	0.500	0.500	unique	unique	139	124	1
NC_071992.2	1844562	1844940	1	1	+	NC_071992.2	1844652	1844872	MYOM2	XM_054561155.2	+	1	2	90	68	2	3	1	1	1	middle	middle	1.000	1.000	constitutive	constitutive	88	50	1
NC_071992.2	23911706	23912189	3	1	+	NC_071992.2	23911731	23912054	FHIP2B	XM_002818865.6	+	3	2	25	135	4	5	3	3	3	middle	middle	1.000	1.000	constitutive	constitutive	104	122	3
NC_071992.2	23915540	23916401	3	1	+	NC_071992.2	23915657	23916068	FHIP2B	XM_002818865.6	+	3	2	117	333	13	14	3	3	3	middle	middle	1.000	1.000	constitutive	constitutive	90	143	3
NC_071992.2	23934088	23934853	-3	1	-	NC_071992.2	23934246	23934649	HR	XM_002818867.6	-	3	2	204	158	11	12	4	4	4	middle	middle	1.000	1.000	constitutive	constitutive	165	69	4
NC_071992.2	39789228	39789810	1	1	+	NC_071992.2	39789256	39789696	ADGRA2	XM_002818997.6	+	1	2	28	114	10	11	3	3	3	middle	middle	1.000	1.000	constitutive	constitutive	149	161	3
NC_071992.2	62433681	62434209	-1	1	-	NC_071992.2	62433683	62434032	PRKDC	XM_024251025.3	-	1	2	177	2	53	54	4	4	4	middle	middle	1.000	1.000	constitutive	constitutive	124	149	4
NC_071993.2	100125178	100125595	-1	1	-	NC_071993.2	100125221	100125595	MYOF	XM_024253372.3	-	1	2	0	43	34	35	2	2	2	middle	middle	1.000	1.000	constitutive	constitutive	158	98	2
NC_071993.2	101376369	101376747	1	1	+	NC_071993.2	101376370	101376735	HELLS	XM_024253832.3	+	1	2	1	12	14	15	5	5	5	middle	middle	1.000	1.000	constitutive	constitutive	139	138	5
NC_071993.2	102278347	102279001	-1	1	-	NC_071993.2	102278594	102278987	SORBS1	NM_001135270.3	-	1	2	14	247	18	19	17	17	17	middle	middle	1.000	1.000	constitutive	constitutive	114	125	17
NC_071993.2	102554027	102554537	-3	1	-	NC_071993.2	102554046	102554465	ALDH18A1	NM_001133028.1	-	3	2	72	19	13	14	11	11	11	middle	middle	1.000	1.000	constitutive	constitutive	195	121	11
NC_071993.2	104334669	104335122	-2	1	-	NC_071993.2	104334711	104335104	RRP12	XM_024253428.3	-	2	2	18	42	23	24	2	2	2	middle	middle	1.000	1.000	constitutive	constitutive	105	107	2
NC_071993.2	104337776	104338598	-3	1	-	NC_071993.2	104338226	104338543	RRP12	XM_024253428.3	-	3	2	55	450	16	17	2	2	2	middle	middle	1.000	1.000	constitutive	constitutive	64	162	2
NC_071993.2	107426835	107427537	-2	1	-	NC_071993.2	107426890	107427509	SEC31B	XM_054522779.2	-	2	2	28	55	21	22	1	1	1	middle	middle	1.000	1.000	constitutive	constitutive	314	58	1
NC_071993.2	109838065	109838347	2	1	+	NC_071993.2	109838135	109838346	BORCS7	NM_001131358.1	+	2	2	70	1	2	3	1	1	1	middle	middle	1.000	1.000	constitutive	constitutive	62	43	1
NC_071993.2	119989149	119989938	1	1	+	NC_071993.2	119989216	119989732	TCF7L2	XM_024253437.3	+	1	2	67	206	1	2	48	48	48	first	middle	1.000	1.000	constitutive	constitutive	188	66	48
NC_071993.2	126363363	126366078	-2	1	-	NC_071993.2	126363979	126366036	LOC134762021	XM_063727454.1	-	2	2	42	616	1	2	1	1	1	first	last	1.000	1.000	constitutive	constitutive	485	548	1
NC_071993.2	126633221	126633551	-3	1	-	NC_071993.2	126633223	126633508	TIAL1	XM_024253636.3	-	3	2	43	2	8	9	5	5	5	middle	middle	1.000	1.000	constitutive	constitutive	95	84	5
NC_071993.2	13336339	13336666	2	1	+	NC_071993.2	13336350	13336665	MCM10	XM_024254132.3	+	2	2	11	1	11	12	4	4	4	middle	middle	1.000	1.000	constitutive	constitutive	110	117	4
NC_071993.2	13450423	13450786	-1	1	-	NC_071993.2	13450424	13450720	RBIS	XM_024254003.2	-	1	2	66	1	1	2	1	1	1	first	last	1.000	1.000	constitutive	constitutive	112	66	1
NC_071993.2	137080512	137081253	-2	1	-	NC_071993.2	137080549	137080950	EBF3	XM_003777657.5	-	2	2	303	37	1	2	11	11	11	first	middle	1.000	1.000	constitutive	constitutive	133	156	11
NC_071993.2	139356252	139359726	1	1	+	NC_071993.2	139357500	139358366	LOC134762019	XM_063727452.1	+	1	2	1248	1360	2	3	1	1	1	middle	middle	1.000	1.000	constitutive	constitutive	170	179	1
NC_071993.2	139356367	139359391	2	1	+	NC_071993.2	139356650	139358959	LOC134762019	XM_063727452.1	+	2	3	283	432	1	6	1	1	1	first	last	1.000	1.000	constitutive	constitutive	172	101	1
NC_071993.2	140038433	140039021	-3	1	-	NC_071993.2	140038584	140038973	CFAP46	XM_024253782.3	-	3	2	48	151	42	43	1	1	1	middle	middle	1.000	1.000	constitutive	constitutive	134	179	1
NC_071993.2	140390544	140391348	1	1	+	NC_071993.2	140390873	140391090	KNDC1	XM_024253726.3	+	1	2	329	258	8	9	3	2	2	middle	middle	0.667	0.667	alternative	alternative	71	61	2
NC_071993.2	140431990	140433316	2	1	+	NC_071993.2	140432087	140433316	UTF1	XM_003777660.4	+	2	2	97	0	1	2	1	1	1	first	last	1.000	1.000	constitutive	constitutive	627	472	1
NC_071993.2	140441739	140442591	1	1	+	NC_071993.2	140441930	140442591	VENTX	XM_024253952.3	+	1	2	191	0	2	3	1	1	1	middle	last	1.000	1.000	constitutive	constitutive	160	377	1
NC_071993.2	140476585	140477890	-1	1	-	NC_071993.2	140476850	140477890	ADAM8	XM_024253720.3	-	1	4	0	265	5	8	3	3	3	middle	middle	1.000	1.000	constitutive	constitutive	76	68	3
NC_071993.2	140687983	140688727	2	1	+	NC_071993.2	140688375	140688698	LOC100450633	XM_054523507.1	+	2	2	392	29	19	21	1	1	1	middle	middle	1.000	1.000	constitutive	constitutive	73	11	1
NC_071993.2	140786027	140786546	-3	1	-	NC_071993.2	140786136	140786490	SYCE1	XM_002821306.4	-	3	2	56	109	11	12	3	3	3	middle	middle	1.000	1.000	constitutive	constitutive	110	87	3
NC_071993.2	140798885	140799377	-3	1	-	NC_071993.2	140798886	140799257	LOC100441695	XM_009236064.2	-	3	2	120	1	1	3	1	1	1	first	last	1.000	1.000	constitutive	constitutive	55	109	1
NC_071993.2	49490918	49491065	3	1	+	NC_071993.2	49490936	49491065	FXYD4	XM_054523259.2	+	3	2	18	0	7	8	12	12	12	middle	last	1.000	1.000	constitutive	constitutive	37	16	12
NC_071993.2	53091931	53092684	2	1	+	NC_071993.2	53092209	53092609	LOC134762040	XM_063727550.1	+	2	2	278	75	5	6	1	1	1	middle	middle	1.000	1.000	constitutive	constitutive	57	255	1
NC_071993.2	57221747	57222146	-3	1	-	NC_071993.2	57221748	57222088	BMPR1A	XM_002820729.6	-	3	2	58	1	10	11	25	25	25	middle	last	1.000	1.000	constitutive	constitutive	130	122	25
NC_071993.2	64522224	64523595	1	1	+	NC_071993.2	64522605	64523514	LOC100446733	XM_063727235.1	+	1	3	381	81	9	11	1	1	1	middle	middle	1.000	1.000	constitutive	constitutive	215	268	1
NC_071993.2	70232210	70232669	3	1	+	NC_071993.2	70232336	70232669	NDST2	XM_054522443.2	+	3	2	126	0	12	13	5	4	4	middle	last	0.800	0.800	alternative	alternative	102	122	4
NC_071993.2	70243632	70244337	-2	1	-	NC_071993.2	70243634	70244158	ZSWIM8	XM_024254195.3	-	2	2	179	2	8	9	14	14	14	middle	middle	1.000	1.000	constitutive	constitutive	201	175	14
NC_071993.2	70245279	70245789	-2	1	-	NC_071993.2	70245310	70245767	ZSWIM8	XM_024254195.3	-	2	2	22	31	4	5	14	14	14	middle	middle	1.000	1.000	constitutive	constitutive	172	107	14
NC_071993.2	70787250	70787661	1	1	+	NC_071993.2	70787280	70787660	ECD	NM_001131934.1	+	1	2	30	1	3	4	2	2	2	middle	middle	1.000	1.000	constitutive	constitutive	87	178	2
NC_071993.2	72170460	72171843	-2	1	-	NC_071993.2	72171186	72171677	CDH23	XM_054522498.2	-	2	2	166	726	57	58	1	1	1	middle	middle	1.000	1.000	constitutive	constitutive	251	161	1
NC_071993.2	73455566	73456037	-3	1	-	NC_071993.2	73455606	73456023	PALD1	XM_024254226.3	-	3	2	14	40	8	9	9	9	9	middle	middle	1.000	1.000	constitutive	constitutive	99	104	9
NC_071993.2	73457254	73457821	-1	1	-	NC_071993.2	73457372	73457821	PALD1	XM_024254226.3	-	1	2	0	118	5	6	9	9	9	middle	middle	1.000	1.000	constitutive	constitutive	160	75	9
NC_071993.2	75814110	75814515	1	1	+	NC_071993.2	75814185	75814489	DNA2	XM_024253493.3	+	1	2	75	26	12	13	5	5	5	middle	middle	1.000	1.000	constitutive	constitutive	116	109	5
NC_071993.2	87955584	87955923	1	1	+	NC_071993.2	87955620	87955923	ZWINT	XM_003777592.3	+	1	2	36	0	7	8	6	2	6	middle	last	0.333	1.000	alternative	constitutive	168	38	2
NC_071993.2	87955584	87955923	1	1	+	NC_071993.2	87955657	87955923	ZWINT	XM_003777593.3	+	1	2	73	0	7	8	6	2	6	middle	last	0.333	1.000	alternative	constitutive	131	38	2
NC_071993.2	87955584	87955923	1	1	+	NC_071993.2	87955639	87955923	ZWINT	XM_009245589.4	+	1	2	55	0	7	8	6	2	6	middle	last	0.333	1.000	alternative	constitutive	149	38	2
NC_071994.2	1002610	1013347	2	1	+	NC_071994.2	1002798	1013204	MUC2	XM_054526173.1	+	2	9	188	143	30	38	1	1	1	middle	middle	1.000	1.000	constitutive	constitutive	1114	310	1
NC_071994.2	10097873	10098308	-2	1	-	NC_071994.2	10097875	10098282	SLC22A12	XM_002821564.4	-	2	2	26	2	5	6	3	3	3	middle	middle	1.000	1.000	constitutive	constitutive	123	115	3
NC_071994.2	10102214	10102838	-2	1	-	NC_071994.2	10102216	10102614	SLC22A12	XM_002821564.4	-	2	2	224	2	3	4	3	1	2	middle	middle	0.333	0.667	unique	alternative	154	168	1
NC_071994.2	10102214	10102838	-2	1	-	NC_071994.2	10102216	10102614	SLC22A12	XM_009246184.3	-	2	2	224	2	3	4	3	1	2	middle	middle	0.333	0.667	unique	alternative	52	168	1
NC_071994.2	1022623	1023277	2	1	+	NC_071994.2	1022762	1023167	MUC2	XM_054526173.1	+	2	2	139	110	54	55	1	1	1	middle	middle	1.000	1.000	constitutive	constitutive	128	39	1
NC_071994.2	102805016	102807188	3	1	+	NC_071994.2	102805305	102806984	LOC134762125	XM_063728295.1	+	3	3	289	204	1	5	1	1	1	first	last	1.000	1.000	constitutive	constitutive	156	43	1
NC_071994.2	10363646	10364639	-2	1	-	NC_071994.2	10363823	10364177	CCDC88B	XM_024254789.3	-	2	2	462	177	1	2	1	1	1	first	middle	1.000	1.000	constitutive	constitutive	194	69	1
NC_071994.2	10435195	10435564	-3	1	-	NC_071994.2	10435196	10435564	PLCB3	XM_024255240.3	-	3	2	0	1	30	31	1	1	1	middle	last	1.000	1.000	constitutive	constitutive	86	200	1
NC_071994.2	10438574	10439288	-2	1	-	NC_071994.2	10438635	10439237	PLCB3	XM_024255240.3	-	2	3	51	61	20	22	1	1	1	middle	middle	1.000	1.000	constitutive	constitutive	99	91	1
NC_071994.2	10439801	10440404	-2	1	-	NC_071994.2	10439928	10440334	PLCB3	XM_024255240.3	-	2	2	70	127	18	19	1	1	1	middle	middle	1.000	1.000	constitutive	constitutive	154	161	1
NC_071994.2	10468628	10468997	-2	1	-	NC_071994.2	10468629	10468923	DNAJC4	XM_024255257.2	-	2	2	74	1	5	6	2	2	2	middle	last	1.000	1.000	constitutive	constitutive	86	108	2
NC_071994.2	10477844	10478657	3	1	+	NC_071994.2	10477864	10478550	TRPT1	XM_002821592.4	+	3	3	20	107	3	5	11	6	11	middle	middle	0.545	1.000	alternative	constitutive	169	56	6
NC_071994.2	10477844	10478657	3	1	+	NC_071994.2	10477864	10478550	TRPT1	XM_009246202.3	+	3	3	20	107	3	5	11	5	11	middle	middle	0.455	1.000	alternative	constitutive	175	56	5
NC_071994.2	10479346	10479940	-3	1	-	NC_071994.2	10479347	10479788	FERMT3	XM_054525708.1	-	3	2	152	1	13	14	2	2	2	middle	last	1.000	1.000	constitutive	constitutive	141	176	2
NC_071994.2	105412555	105413002	2	1	+	NC_071994.2	105412584	105412988	BIRC2	XM_009246993.4	+	2	2	29	14	6	7	3	3	3	middle	middle	1.000	1.000	constitutive	constitutive	254	41	3
NC_071994.2	1089199	1089856	2	1	+	NC_071994.2	1089215	1089855	MUC5AC	XM_054524087.1	+	2	2	16	1	17	18	1	1	1	middle	middle	1.000	1.000	constitutive	constitutive	126	255	1
NC_071994.2	1096249	1113430	2	1	+	NC_071994.2	1096326	1113425	MUC5AC	XM_054524087.1	+	2	8	77	5	31	38	1	1	1	middle	middle	1.000	1.000	constitutive	constitutive	2952	1355	1
NC_071994.2	1116446	1117649	3	1	+	NC_071994.2	1116776	1117602	MUC5AC	XM_054524087.1	+	3	2	330	47	44	46	1	1	1	middle	middle	1.000	1.000	constitutive	constitutive	178	103	1
NC_071994.2	11736886	11737510	2	1	+	NC_071994.2	11737123	11737510	SLC22A8	NM_001132489.1	+	2	2	237	0	9	10	1	1	1	middle	last	1.000	1.000	constitutive	constitutive	203	96	1
NC_071994.2	117794995	117795739	2	1	+	NC_071994.2	117795360	117795674	LOC100453368	XM_054525501.1	+	2	2	365	65	3	4	1	1	1	middle	middle	1.000	1.000	constitutive	constitutive	83	146	1
NC_071994.2	11896346	11896859	3	1	+	NC_071994.2	11896399	11896718	WDR74	XM_002821634.5	+	3	2	53	141	9	10	1	1	1	middle	middle	1.000	1.000	constitutive	constitutive	145	56	1
NC_071994.2	11928508	11928832	2	1	+	NC_071994.2	11928509	11928811	NXF1	XM_024255102.3	+	2	2	1	21	7	8	2	2	2	middle	middle	1.000	1.000	constitutive	constitutive	69	88	2
NC_071994.2	11951894	11952530	-2	1	-	NC_071994.2	11951903	11952260	TAF6L	XM_024255105.3	-	2	2	270	9	3	4	2	2	2	middle	middle	1.000	1.000	constitutive	constitutive	150	50	2
NC_071994.2	120061591	120062056	2	1	+	NC_071994.2	120061634	120061947	APOC3	XM_002822516.4	+	2	2	43	109	1	2	1	1	1	first	middle	1.000	1.000	constitutive	constitutive	54	123	1
NC_071994.2	120407863	120408226	2	1	+	NC_071994.2	120407897	120408184	SIDT2	XM_024254730.3	+	2	2	34	42	5	6	3	3	3	middle	middle	1.000	1.000	constitutive	constitutive	101	83	3
NC_071994.2	12055156	12055699	-3	1	-	NC_071994.2	12055157	12055636	LOC100455801	XM_003777737.5	-	3	2	63	1	1	2	1	1	1	first	last	1.000	1.000	constitutive	constitutive	233	158	1
NC_071994.2	12057188	12057644	3	1	+	NC_071994.2	12057222	12057612	LBHD1	XM_009246241.3	+	3	2	34	32	1	2	1	1	1	first	middle	1.000	1.000	constitutive	constitutive	149	162	1
NC_071994.2	120621747	120622512	1	1	+	NC_071994.2	120621793	120622062	CEP164	XM_054525139.1	+	1	2	46	450	21	22	25	25	25	middle	middle	1.000	1.000	constitutive	constitutive	83	68	25
NC_071994.2	12103639	12103990	2	1	+	NC_071994.2	12103640	12103989	GANAB	XM_054524223.2	+	2	2	1	1	22	23	4	4	4	middle	middle	1.000	1.000	constitutive	constitutive	113	112	4
NC_071994.2	122262361	122263018	-3	1	-	NC_071994.2	122262533	122262848	HYOU1	NM_001133010.1	-	3	2	170	172	17	18	8	8	8	middle	middle	1.000	1.000	constitutive	constitutive	87	122	8
NC_071994.2	122266580	122267222	-2	1	-	NC_071994.2	122266590	122267124	HYOU1	NM_001133010.1	-	2	2	98	10	8	9	8	8	8	middle	middle	1.000	1.000	constitutive	constitutive	192	134	8
NC_071994.2	122283612	122284101	1	1	+	NC_071994.2	122283683	122284063	VPS11	NM_001132789.2	+	1	2	71	38	2	3	3	2	3	middle	middle	0.667	1.000	alternative	constitutive	148	135	2
NC_071994.2	122283612	122284101	1	1	+	NC_071994.2	122283660	122284063	VPS11	XM_054523791.2	+	1	2	48	38	2	3	3	1	3	middle	middle	0.333	1.000	unique	constitutive	171	135	1
NC_071994.2	122307215	122307584	3	1	+	NC_071994.2	122307237	122307584	HMBS	XM_009247151.4	+	3	2	22	0	13	14	2	2	2	middle	last	1.000	1.000	constitutive	constitutive	86	170	2
NC_071994.2	122348017	122348425	2	1	+	NC_071994.2	122348139	122348424	HINFP	XM_002822574.5	+	2	2	122	1	5	6	11	6	11	middle	middle	0.545	1.000	alternative	constitutive	77	120	6
NC_071994.2	122348017	122348425	2	1	+	NC_071994.2	122348109	122348424	HINFP	XM_009247154.3	+	2	2	92	1	5	6	11	4	11	middle	middle	0.364	1.000	alternative	constitutive	107	120	4
NC_071994.2	122348017	122348425	2	1	+	NC_071994.2	122348204	122348424	HINFP	XM_054525239.2	+	2	2	187	1	1	2	11	1	11	first	middle	0.091	1.000	unique	constitutive	12	120	1
NC_071994.2	122532343	122532913	-3	1	-	NC_071994.2	122532460	122532822	MCAM	XM_002822585.6	-	3	2	91	117	9	10	3	3	3	middle	middle	1.000	1.000	constitutive	constitutive	118	141	3
NC_071994.2	128294040	128294439	1	1	+	NC_071994.2	128294140	128294438	SLC37A2	XM_054525347.2	+	1	2	100	1	3	4	3	3	3	middle	middle	1.000	1.000	constitutive	constitutive	93	78	3
NC_071994.2	13310272	13310848	-3	1	-	NC_071994.2	13310314	13310684	MYRF	XM_024255813.2	-	3	2	164	42	20	21	10	5	10	middle	middle	0.500	1.000	alternative	constitutive	85	191	5
NC_071994.2	13310272	13310848	-3	1	-	NC_071994.2	13310314	13310687	MYRF	XM_054524249.1	-	3	2	161	42	19	20	10	5	10	middle	middle	0.500	1.000	alternative	constitutive	88	191	5
NC_071994.2	1363800	1364292	1	1	+	NC_071994.2	1363863	1364160	BRSK2	XM_024255299.3	+	1	2	63	132	6	7	10	10	10	middle	middle	1.000	1.000	constitutive	constitutive	33	68	10
NC_071994.2	137208668	137209646	-2	1	-	NC_071994.2	137208909	137209462	IGSF9B	XM_024255491.3	-	2	2	184	241	8	9	5	5	5	middle	middle	1.000	1.000	constitutive	constitutive	142	140	5
NC_071994.2	13738491	13739121	-1	1	-	NC_071994.2	13738558	13738792	TKFC	XM_002821683.6	-	1	2	329	67	15	16	2	2	2	middle	middle	1.000	1.000	constitutive	constitutive	33	89	2
NC_071994.2	1377677	1378340	3	1	+	NC_071994.2	1377891	1378230	BRSK2	XM_024255299.3	+	3	2	214	110	17	18	10	10	10	middle	middle	1.000	1.000	constitutive	constitutive	180	89	10
NC_071994.2	14273009	14273534	3	1	+	NC_071994.2	14273251	14273504	PRPF19	XM_024255689.3	+	3	2	242	30	5	6	1	1	1	middle	middle	1.000	1.000	constitutive	constitutive	73	62	1
NC_071994.2	14304083	14304527	-2	1	-	NC_071994.2	14304085	14304445	ZP1	XM_002821702.4	-	2	2	82	2	5	6	2	1	2	middle	middle	0.500	1.000	unique	constitutive	187	97	1
NC_071994.2	14304083	14304527	-2	1	-	NC_071994.2	14304085	14304392	ZP1	XM_054524294.1	-	2	2	135	2	1	2	2	1	2	first	middle	0.500	1.000	unique	constitutive	134	97	1
NC_071994.2	1546207	1546927	2	1	+	NC_071994.2	1546208	1546927	LOC112135542	XM_054523999.1	+	2	2	1	0	3	4	1	1	1	middle	last	1.000	1.000	constitutive	constitutive	199	342	1
NC_071994.2	1559739	1561035	1	1	+	NC_071994.2	1559754	1560632	LOC112135545	XM_054524000.1	+	1	2	15	403	2	3	1	1	1	middle	middle	1.000	1.000	constitutive	constitutive	140	527	1
NC_071994.2	173436	174174	1	1	+	NC_071994.2	173559	174174	PGGHG	XM_024241355.3	+	1	2	123	0	12	13	4	4	4	middle	last	1.000	1.000	constitutive	constitutive	211	97	4
NC_071994.2	17919724	17920135	2	1	+	NC_071994.2	17919829	17920093	SLC43A1	XM_009246350.4	+	2	2	105	42	3	4	6	6	6	middle	middle	1.000	1.000	constitutive	constitutive	55	76	6
NC_071994.2	18092667	18093552	1	1	+	NC_071994.2	18092764	18093345	SSRP1	XM_002821791.5	+	1	2	97	207	3	4	1	1	1	middle	middle	1.000	1.000	constitutive	constitutive	105	190	1
NC_071994.2	1826204	1826762	3	1	+	NC_071994.2	1826250	1826603	SYT8	XM_009246016.3	+	3	2	46	159	1	2	1	1	1	first	middle	1.000	1.000	constitutive	constitutive	93	163	1
NC_071994.2	18706027	18706909	2	1	+	NC_071994.2	18706089	18706766	LOC100440365	XM_024255014.2	+	2	2	62	143	2	4	1	1	1	middle	middle	1.000	1.000	constitutive	constitutive	311	186	1
NC_071994.2	1873844	1874390	3	1	+	NC_071994.2	1873845	1874236	LSP1	XM_024255660.3	+	3	2	1	154	5	6	9	9	9	middle	middle	1.000	1.000	constitutive	constitutive	92	43	9
NC_071994.2	1877021	1877459	3	1	+	NC_071994.2	1877136	1877459	LSP1	XM_024255660.3	+	3	2	115	0	9	10	9	9	9	middle	last	1.000	1.000	constitutive	constitutive	77	86	9
NC_071994.2	19793174	19793738	3	1	+	NC_071994.2	19793283	19793690	MYBPC3	XM_024255310.2	+	3	2	109	48	31	32	1	1	1	middle	middle	1.000	1.000	constitutive	constitutive	159	136	1
NC_071994.2	1985162	1986536	-2	1	-	NC_071994.2	1985483	1986536	LOC100452997	XM_024255762.2	-	2	2	0	321	2	3	1	1	1	middle	middle	1.000	1.000	constitutive	constitutive	822	134	1
NC_071994.2	19864950	19865430	-1	1	-	NC_071994.2	19864959	19865430	NR1H3	XM_003777773.5	-	1	2	0	9	4	5	9	9	9	middle	middle	1.000	1.000	constitutive	constitutive	179	99	9
NC_071994.2	19892377	19892830	-3	1	-	NC_071994.2	19892422	19892783	DDB2	XM_002821818.6	-	3	2	47	45	5	6	3	2	2	middle	middle	0.667	0.667	alternative	alternative	99	177	2
NC_071994.2	20386051	20386483	2	1	+	NC_071994.2	20386052	20386468	CKAP5	XM_024255070.3	+	2	2	1	15	38	39	10	10	10	middle	middle	1.000	1.000	constitutive	constitutive	188	137	10
NC_071994.2	20459137	20459752	2	1	+	NC_071994.2	20459302	20459674	ARHGAP1	NM_001131430.1	+	2	2	165	78	8	9	2	1	1	middle	middle	0.500	0.500	unique	unique	90	77	1
NC_071994.2	20761306	20762596	-3	1	-	NC_071994.2	20761387	20761836	MDK	XM_024254825.3	-	3	2	760	81	3	4	4	4	4	middle	middle	1.000	1.000	constitutive	constitutive	167	161	4
NC_071994.2	20769281	20769683	-2	1	-	NC_071994.2	20769283	20769518	DGKZ	XM_024254812.3	-	2	2	165	2	17	18	13	13	13	middle	middle	1.000	1.000	constitutive	constitutive	62	73	13
NC_071994.2	20772301	20772895	-3	1	-	NC_071994.2	20772470	20772760	DGKZ	XM_024254812.3	-	3	2	135	169	7	8	13	13	13	middle	middle	1.000	1.000	constitutive	constitutive	71	116	13
NC_071994.2	21230471	21231365	3	1	+	NC_071994.2	21230605	21230973	PEX16	XM_024255919.3	+	3	2	134	392	6	7	1	1	1	middle	middle	1.000	1.000	constitutive	constitutive	80	152	1
NC_071994.2	2421385	2422057	-3	1	-	NC_071994.2	2421443	2421908	TRPM5	XM_024255547.3	-	3	2	149	58	14	15	2	2	2	middle	middle	1.000	1.000	constitutive	constitutive	92	258	2
NC_071994.2	2423055	2424597	-1	1	-	NC_071994.2	2423641	2424204	TRPM5	XM_024255547.3	-	1	2	393	586	9	10	2	2	2	middle	middle	1.000	1.000	constitutive	constitutive	350	140	2
NC_071994.2	259869	260292	1	1	+	NC_071994.2	259957	260221	B4GALNT4	XM_024241358.3	+	1	2	88	71	4	5	4	4	4	middle	middle	1.000	1.000	constitutive	constitutive	95	90	4
NC_071994.2	260282	260615	3	1	+	NC_071994.2	260296	260614	B4GALNT4	XM_024241358.3	+	3	2	14	1	6	7	4	4	4	middle	middle	1.000	1.000	constitutive	constitutive	100	67	4
NC_071994.2	262204	263008	2	1	+	NC_071994.2	262233	262958	B4GALNT4	XM_024241358.3	+	2	2	29	50	10	13	4	4	4	middle	middle	1.000	1.000	constitutive	constitutive	134	100	4
NC_071994.2	286632	287286	1	1	+	NC_071994.2	286774	287285	PKP3	XM_024241356.3	+	1	2	142	1	11	12	3	3	3	middle	middle	1.000	1.000	constitutive	constitutive	153	192	3
NC_071994.2	2896979	2897471	-2	1	-	NC_071994.2	2896980	2897336	CDKN1C	XM_054524119.1	-	2	2	135	1	2	3	4	2	2	middle	last	0.500	0.500	alternative	alternative	135	133	2
NC_071994.2	308968	309649	-3	1	-	NC_071994.2	309106	309574	ANO9	XM_054524031.1	-	3	2	75	138	6	8	1	1	1	middle	middle	1.000	1.000	constitutive	constitutive	104	36	1
NC_071994.2	3401694	3402411	1	1	+	NC_071994.2	3401695	3402411	LOC100940192	XM_054524480.1	+	1	2	1	0	2	3	1	1	1	middle	last	1.000	1.000	constitutive	constitutive	94	537	1
NC_071994.2	439214	439985	3	1	+	NC_071994.2	439484	439859	LRRC56	XM_054524051.2	+	3	2	270	126	4	5	13	13	13	middle	middle	1.000	1.000	constitutive	constitutive	96	200	13
NC_071994.2	509492	510248	-2	1	-	NC_071994.2	509546	510182	CDHR5	XM_024255262.2	-	2	2	66	54	10	12	1	1	1	middle	middle	1.000	1.000	constitutive	constitutive	200	84	1
NC_071994.2	59527727	59528702	3	1	+	NC_071994.2	59527728	59528702	LOC112135553	XM_054525484.1	+	3	2	1	0	4	5	1	1	1	middle	last	1.000	1.000	constitutive	constitutive	347	266	1
NC_071994.2	59783890	59784556	2	1	+	NC_071994.2	59783903	59784485	ABCC8	XM_024255696.2	+	2	2	13	71	9	10	13	13	13	middle	middle	1.000	1.000	constitutive	constitutive	134	162	13
NC_071994.2	611479	611926	2	1	+	NC_071994.2	611486	611890	EPS8L2	NM_001131916.1	+	2	2	7	36	9	10	10	10	10	middle	middle	1.000	1.000	constitutive	constitutive	126	88	10
NC_071994.2	66483007	66483739	2	1	+	NC_071994.2	66483029	66483587	EIF4G2	XM_054524662.2	+	2	2	22	152	18	19	1	1	1	middle	middle	1.000	1.000	constitutive	constitutive	215	258	1
NC_071994.2	6877859	6878792	-2	1	-	NC_071994.2	6878082	6878620	TCIRG1	XM_024255882.3	-	2	2	172	223	10	12	1	1	1	middle	middle	1.000	1.000	constitutive	constitutive	139	90	1
NC_071994.2	692766	694254	-1	1	-	NC_071994.2	692928	694101	PIDD1	XM_024255469.3	-	1	2	153	162	6	8	5	5	3	middle	middle	1.000	0.600	constitutive	alternative	125	147	3
NC_071994.2	692766	694254	-1	1	-	NC_071994.2	692928	694101	PIDD1	XM_024255471.3	-	1	2	153	162	6	7	5	5	2	middle	middle	1.000	0.400	constitutive	alternative	125	63	2
NC_071994.2	7023866	7024442	3	1	+	NC_071994.2	7023975	7024384	TBX10	XM_054524979.2	+	3	2	109	58	1	2	1	1	1	first	middle	1.000	1.000	constitutive	constitutive	69	267	1
NC_071994.2	70755749	70756910	3	1	+	NC_071994.2	70755787	70756902	DCHS1	XM_024255869.3	+	3	2	38	8	13	14	1	1	1	middle	middle	1.000	1.000	constitutive	constitutive	878	113	1
NC_071994.2	70774451	70774913	-2	1	-	NC_071994.2	70774472	70774745	ILK	NM_001133202.1	-	2	2	168	21	4	5	1	1	1	middle	middle	1.000	1.000	constitutive	constitutive	96	83	1
NC_071994.2	710398	710863	2	1	+	NC_071994.2	710565	710863	RPLP2	XM_002821338.6	+	2	2	167	0	3	4	2	2	2	middle	last	1.000	1.000	constitutive	constitutive	98	73	2
NC_071994.2	7219627	7220134	-3	1	-	NC_071994.2	7219629	7219934	RPS6KB2	XM_002821446.6	-	3	2	200	2	7	8	2	2	2	middle	middle	1.000	1.000	constitutive	constitutive	100	90	2
NC_071994.2	7353191	7353524	-2	1	-	NC_071994.2	7353193	7353490	ANKRD13D	XM_024255859.3	-	2	2	34	2	9	10	6	6	6	middle	middle	1.000	1.000	constitutive	constitutive	61	130	6
NC_071994.2	7361510	7361882	-2	1	-	NC_071994.2	7361612	7361882	ANKRD13D	XM_024255859.3	-	2	2	0	102	4	5	6	6	6	middle	middle	1.000	1.000	constitutive	constitutive	45	143	6
NC_071994.2	736257	737031	1	1	+	NC_071994.2	736630	736998	CD151	XM_002821342.5	+	1	2	373	33	4	5	6	6	6	middle	middle	1.000	1.000	constitutive	constitutive	104	158	6
NC_071994.2	7370413	7371559	-3	1	-	NC_071994.2	7370537	7371531	GRK2	XM_002821452.5	-	3	2	28	124	11	14	1	1	1	middle	middle	1.000	1.000	constitutive	constitutive	130	66	1
NC_071994.2	74247070	74247544	2	1	+	NC_071994.2	74247092	74247533	FOLR2	XM_009246801.2	+	2	2	22	11	2	3	1	1	1	middle	middle	1.000	1.000	constitutive	constitutive	188	135	1
NC_071994.2	74259688	74260054	2	1	+	NC_071994.2	74259713	74260016	INPPL1	XM_024255306.3	+	2	2	25	38	18	19	8	8	8	middle	middle	1.000	1.000	constitutive	constitutive	81	89	8
NC_071994.2	74264316	74264625	1	1	+	NC_071994.2	74264317	74264625	INPPL1	XM_024255306.3	+	1	2	1	0	27	28	8	4	4	middle	last	0.500	0.500	alternative	alternative	133	87	4
NC_071994.2	74627012	74627363	-2	1	-	NC_071994.2	74627067	74627318	PDE2A	XM_024255368.3	-	2	2	45	55	10	11	7	7	7	middle	middle	1.000	1.000	constitutive	constitutive	74	41	7
NC_071994.2	765154	765583	2	1	+	NC_071994.2	765230	765532	TSPAN4	NM_001132211.2	+	2	2	76	51	6	7	9	9	9	middle	middle	1.000	1.000	constitutive	constitutive	131	83	9
NC_071994.2	7812962	7814249	3	1	+	NC_071994.2	7813583	7814187	PC	XM_024255591.3	+	3	2	621	62	14	15	7	7	7	middle	middle	1.000	1.000	constitutive	constitutive	240	249	7
NC_071994.2	7821619	7822192	-3	1	-	NC_071994.2	7821620	7822002	TOP6BL	XM_054525566.2	-	3	2	190	1	16	17	10	8	8	middle	last	0.800	0.800	alternative	alternative	220	62	8
NC_071994.2	8094422	8094971	-2	1	-	NC_071994.2	8094546	8094956	ACTN3	XM_002821470.6	-	2	2	15	124	16	17	2	2	2	middle	middle	1.000	1.000	constitutive	constitutive	134	179	2
NC_071994.2	8159439	8159808	-1	1	-	NC_071994.2	8159441	8159724	DPP3	NM_001131850.1	-	1	2	84	2	12	13	4	4	4	middle	middle	1.000	1.000	constitutive	constitutive	62	124	4
NC_071994.2	8233211	8233814	-2	1	-	NC_071994.2	8233213	8233703	NPAS4	XM_063728369.1	-	2	2	111	2	3	4	2	1	1	middle	middle	0.500	0.500	unique	unique	102	267	1
NC_071994.2	8318089	8318536	2	1	+	NC_071994.2	8318125	8318491	BRMS1	XM_003779990.4	+	2	2	36	45	3	4	4	4	4	middle	middle	1.000	1.000	constitutive	constitutive	127	79	4
NC_071994.2	8393312	8393741	-2	1	-	NC_071994.2	8393367	8393724	KLC2	XM_009246110.4	-	2	2	17	55	11	12	8	7	7	middle	middle	0.875	0.875	alternative	alternative	108	158	7
NC_071994.2	8395027	8395633	-3	1	-	NC_071994.2	8395184	8395534	KLC2	NM_001132044.1	-	3	2	99	157	6	7	8	8	1	middle	last	1.000	0.125	constitutive	unique	101	155	1
NC_071994.2	8395027	8395633	-3	1	-	NC_071994.2	8395166	8395534	KLC2	XM_009246110.4	-	3	2	99	139	6	7	8	8	7	middle	middle	1.000	0.875	constitutive	alternative	101	173	7
NC_071994.2	8425273	8425936	-3	1	-	NC_071994.2	8425288	8425745	PACS1	XM_024255124.2	-	3	2	191	15	16	17	1	1	1	middle	middle	1.000	1.000	constitutive	constitutive	154	110	1
NC_071994.2	8635584	8636010	1	1	+	NC_071994.2	8635619	8636009	CATSPER1	XM_054525601.1	+	1	2	35	1	6	7	1	1	1	middle	middle	1.000	1.000	constitutive	constitutive	143	63	1
NC_071994.2	8655540	8655930	1	1	+	NC_071994.2	8655562	8655898	EIF1AD	NM_001133798.1	+	1	2	22	32	1	2	2	2	2	first	middle	1.000	1.000	constitutive	constitutive	86	108	2
NC_071994.2	8689775	8690261	-2	1	-	NC_071994.2	8689838	8690165	SART1	XM_024255728.3	-	2	2	96	63	10	11	1	1	1	middle	middle	1.000	1.000	constitutive	constitutive	124	115	1
NC_071994.2	8690792	8691434	-2	1	-	NC_071994.2	8690868	8691349	SART1	XM_024255728.3	-	2	2	85	76	8	9	1	1	1	middle	middle	1.000	1.000	constitutive	constitutive	142	206	1
NC_071994.2	8709643	8710774	-3	1	-	NC_071994.2	8709645	8710685	TSGA10IP	XM_054525603.1	-	3	2	89	2	4	5	1	1	1	middle	middle	1.000	1.000	constitutive	constitutive	721	147	1
NC_071994.2	8779129	8779804	-3	1	-	NC_071994.2	8779145	8779671	CTSW	XM_002821499.4	-	3	2	133	16	6	8	1	1	1	middle	middle	1.000	1.000	constitutive	constitutive	80	64	1
NC_071994.2	8779589	8780327	-2	1	-	NC_071994.2	8779754	8780104	CTSW	XM_002821499.4	-	2	2	223	165	4	5	1	1	1	middle	middle	1.000	1.000	constitutive	constitutive	154	96	1
NC_071994.2	8799557	8800082	-2	1	-	NC_071994.2	8799660	8799992	MUS81	XM_024254918.3	-	2	2	90	103	5	6	6	6	6	middle	middle	1.000	1.000	constitutive	constitutive	98	68	6
NC_071994.2	9021640	9022174	-3	1	-	NC_071994.2	9021664	9022154	SIPA1	XM_024254838.2	-	3	3	20	24	10	12	2	2	2	middle	middle	1.000	1.000	constitutive	constitutive	111	101	2
NC_071994.2	9035874	9036489	-1	1	-	NC_071994.2	9035876	9036462	PCNX3	XM_002821508.6	-	1	2	27	2	31	32	11	11	11	middle	middle	1.000	1.000	constitutive	constitutive	230	274	11
NC_071994.2	9063611	9064478	3	1	+	NC_071994.2	9063677	9064106	MAP3K11	XM_002821509.6	+	3	2	66	372	3	4	1	1	1	middle	middle	1.000	1.000	constitutive	constitutive	148	175	1
NC_071994.2	9090317	9091037	-2	1	-	NC_071994.2	9090319	9090634	EHBP1L1	XM_002821511.5	-	2	2	403	2	7	8	6	6	4	middle	middle	1.000	0.667	constitutive	alternative	68	162	4
NC_071994.2	9090317	9091037	-2	1	-	NC_071994.2	9090366	9090634	EHBP1L1	XM_009246141.4	-	2	2	403	49	7	8	6	6	2	middle	middle	1.000	0.333	constitutive	alternative	68	115	2
NC_071994.2	9117668	9118901	3	1	+	NC_071994.2	9117766	9118809	LTBP3	XM_024254848.3	+	3	2	98	92	3	6	4	2	4	middle	middle	0.500	1.000	alternative	constitutive	202	122	2
NC_071994.2	9117668	9118901	3	1	+	NC_071994.2	9117739	9118809	LTBP3	XM_063728370.1	+	3	2	71	92	3	6	4	2	4	middle	middle	0.500	1.000	alternative	constitutive	229	122	2
NC_071994.2	9118138	9118516	2	1	+	NC_071994.2	9118139	9118505	LTBP3	XM_024254848.3	+	2	2	1	11	4	5	4	4	4	middle	middle	1.000	1.000	constitutive	constitutive	105	92	4
NC_071994.2	9131933	9132548	3	1	+	NC_071994.2	9132172	9132548	LTBP3	XM_024254848.3	+	3	2	239	0	27	28	4	4	4	middle	last	1.000	1.000	constitutive	constitutive	131	148	4
NC_071994.2	914734	929251	-3	1	-	NC_071994.2	914971	918859	LOC129048549	XM_054523995.1	-	3	2	10392	237	1	2	1	1	1	first	middle	1.000	1.000	constitutive	constitutive	15	3653	1
NC_071994.2	914734	929251	-3	1	-	NC_071994.2	920230	928935	LOC100440362	XM_054523996.1	-	3	2	316	5496	31	32	1	1	1	middle	middle	1.000	1.000	constitutive	constitutive	227	899	1
NC_071994.2	935649	936432	-1	1	-	NC_071994.2	935899	936235	LOC100440362	XM_054523996.1	-	1	2	197	250	21	22	1	1	1	middle	middle	1.000	1.000	constitutive	constitutive	141	110	1
NC_071994.2	937595	938264	-2	1	-	NC_071994.2	937778	938152	LOC100440362	XM_054523996.1	-	2	2	112	183	15	16	1	1	1	middle	middle	1.000	1.000	constitutive	constitutive	94	132	1
NC_071994.2	9470527	9471214	-3	1	-	NC_071994.2	9470529	9470950	LOC100444149	XM_024255613.2	-	3	2	264	2	2	3	1	1	1	middle	middle	1.000	1.000	constitutive	constitutive	245	103	1
NC_071994.2	9476644	9477124	-3	1	-	NC_071994.2	9476827	9477034	CAPN1	NM_001133589.1	-	3	2	90	183	14	15	5	5	5	middle	middle	1.000	1.000	constitutive	constitutive	65	57	5
NC_071994.2	9511359	9512160	-1	1	-	NC_071994.2	9511560	9512140	SPDYC	XM_054525652.1	-	1	2	20	201	6	7	3	3	3	middle	middle	1.000	1.000	constitutive	constitutive	171	330	3
NC_071994.2	9576102	9576453	-1	1	-	NC_071994.2	9576118	9576417	VPS51	XM_024254936.3	-	1	2	36	16	8	9	4	4	4	middle	middle	1.000	1.000	constitutive	constitutive	121	87	4
NC_071994.2	96633837	96634200	1	1	+	NC_071994.2	96633838	96634186	CEP295	XM_024255922.2	+	1	2	1	14	26	27	16	15	10	middle	middle	0.938	0.625	alternative	alternative	96	170	10
NC_071994.2	96633837	96634200	1	1	+	NC_071994.2	96633838	96634186	CEP295	XM_054524927.1	+	1	2	1	14	26	27	16	15	5	middle	middle	0.938	0.312	alternative	alternative	96	167	5
NC_071994.2	9783856	9784456	2	1	+	NC_071994.2	9783930	9784337	ATG2A	XM_024255901.2	+	2	2	74	119	8	9	2	2	2	middle	middle	1.000	1.000	constitutive	constitutive	164	140	2
NC_071994.2	9793429	9794617	2	1	+	NC_071994.2	9793454	9794185	ATG2A	XM_024255901.2	+	2	2	25	432	27	29	2	2	2	middle	middle	1.000	1.000	constitutive	constitutive	170	214	2
NC_071994.2	9797901	9798294	1	1	+	NC_071994.2	9797962	9798293	ATG2A	XM_024255901.2	+	1	2	61	1	34	35	2	2	2	middle	middle	1.000	1.000	constitutive	constitutive	84	135	2
NC_071994.2	9859296	9859800	1	1	+	NC_071994.2	9859447	9859799	CDC42BPG	XM_002821544.6	+	1	2	151	1	14	15	2	2	2	middle	middle	1.000	1.000	constitutive	constitutive	89	121	2
NC_071994.2	9861440	9861902	3	1	+	NC_071994.2	9861468	9861704	CDC42BPG	XM_002821544.6	+	3	2	28	198	22	23	2	2	2	middle	middle	1.000	1.000	constitutive	constitutive	98	59	2
NC_071994.2	9891014	9891911	3	1	+	NC_071994.2	9891051	9891911	MEN1	XM_009246171.3	+	3	2	37	0	8	9	2	2	2	middle	last	1.000	1.000	constitutive	constitutive	164	479	2
NC_071994.2	9894436	9894802	2	1	+	NC_071994.2	9894503	9894680	MAP4K2	XM_024255929.3	+	2	2	67	122	6	7	4	4	4	middle	middle	1.000	1.000	constitutive	constitutive	47	42	4
NC_071994.2	9898266	9898977	1	1	+	NC_071994.2	9898425	9898854	MAP4K2	XM_024255929.3	+	1	3	159	123	17	19	4	2	2	middle	middle	0.500	0.500	alternative	alternative	33	88	1
NC_071994.2	9898266	9898977	1	1	+	NC_071994.2	9898425	9898854	MAP4K2	XM_054525669.2	+	1	2	159	123	17	18	4	2	2	middle	middle	0.500	0.500	alternative	alternative	259	88	1
NC_071994.2	9898266	9898977	1	1	+	NC_071994.2	9898425	9898854	MAP4K2	XM_063728380.1	+	1	2	159	123	17	18	4	2	2	middle	middle	0.500	0.500	alternative	alternative	259	64	1
NC_071994.2	9898266	9898977	1	1	+	NC_071994.2	9898425	9898854	MAP4K2	XM_063728381.1	+	1	3	159	123	17	19	4	2	2	middle	middle	0.500	0.500	alternative	alternative	33	64	1
NC_071994.2	9898853	9899213	3	1	+	NC_071994.2	9898935	9899148	MAP4K2	XM_024255929.3	+	3	2	82	65	20	21	4	4	4	middle	middle	1.000	1.000	constitutive	constitutive	41	84	4
NC_071994.2	9899327	9899906	3	1	+	NC_071994.2	9899403	9899683	MAP4K2	XM_024255929.3	+	3	2	76	223	23	24	4	4	4	middle	middle	1.000	1.000	constitutive	constitutive	60	117	4
NC_071994.2	991416	992229	1	1	+	NC_071994.2	991637	992029	MUC2	XM_054526173.1	+	1	2	221	200	12	13	1	1	1	middle	middle	1.000	1.000	constitutive	constitutive	137	164	1
NC_071995.2	107256940	107257294	-2	1	-	NC_071995.2	107256998	107257269	SART3	NM_001131386.1	-	2	2	25	58	10	11	2	2	2	middle	middle	1.000	1.000	constitutive	constitutive	77	58	2
NC_071995.2	107803882	107804683	2	1	+	NC_071995.2	107804195	107804594	USP30	XM_024257433.3	+	2	2	313	89	10	11	5	5	5	middle	middle	1.000	1.000	constitutive	constitutive	80	219	5
NC_071995.2	107956084	107956531	2	1	+	NC_071995.2	107956141	107956438	ACACB	XM_024257188.3	+	2	2	57	93	29	30	3	3	3	middle	middle	1.000	1.000	constitutive	constitutive	99	107	3
NC_071995.2	109253552	109254947	-1	1	-	NC_071995.2	109253712	109254374	GPN3	XM_002823732.6	-	1	2	573	160	1	2	2	1	1	first	middle	0.500	0.500	unique	unique	346	219	1
NC_071995.2	110526389	110526920	3	1	+	NC_071995.2	110526486	110526822	ACAD10	XM_024256397.3	+	3	2	97	98	15	16	1	1	1	middle	middle	1.000	1.000	constitutive	constitutive	137	90	1
NC_071995.2	110973600	110974350	-3	1	-	NC_071995.2	110973661	110974262	HECTD4	XM_024256625.3	-	3	2	88	61	71	72	7	7	7	middle	middle	1.000	1.000	constitutive	constitutive	103	221	7
NC_071995.2	111919080	111919770	1	1	+	NC_071995.2	111919129	111919755	DTX1	XM_024257413.2	+	1	2	49	15	6	8	1	1	1	middle	middle	1.000	1.000	constitutive	constitutive	158	89	1
NC_071995.2	112100136	112100664	1	1	+	NC_071995.2	112100218	112100663	TPCN1	XM_024256416.3	+	1	2	82	1	11	12	4	4	4	middle	middle	1.000	1.000	constitutive	constitutive	116	124	4
NC_071995.2	112222203	112222668	-3	1	-	NC_071995.2	112222274	112222604	SDS	XM_002823793.5	-	3	2	64	71	3	4	1	1	1	middle	middle	1.000	1.000	constitutive	constitutive	139	91	1
NC_071995.2	11865591	11866986	-3	1	-	NC_071995.2	11865592	11866607	LOC103891982	XM_054526823.2	-	3	2	379	1	3	4	2	1	2	middle	last	0.500	1.000	unique	constitutive	674	277	1
NC_071995.2	11865591	11866986	-3	1	-	NC_071995.2	11865592	11866607	LOC103891982	XM_054526824.2	-	3	3	379	1	3	5	2	1	2	middle	last	0.500	1.000	unique	constitutive	233	277	1
NC_071995.2	119041675	119042092	-2	1	-	NC_071995.2	119041727	119042078	RPLP0	XM_002823848.6	-	2	2	14	52	3	4	1	1	1	middle	middle	1.000	1.000	constitutive	constitutive	87	146	1
NC_071995.2	119219122	119219950	-2	1	-	NC_071995.2	119219218	119219476	MSI1	XM_024256954.2	-	2	2	474	96	1	2	8	4	4	first	middle	0.500	0.500	alternative	alternative	58	40	4
NC_071995.2	120666822	120667596	1	1	+	NC_071995.2	120666887	120667356	TMEM120B	XM_024256435.3	+	1	2	65	240	10	11	2	2	2	middle	middle	1.000	1.000	constitutive	constitutive	64	68	2
NC_071995.2	120673024	120673522	-2	1	-	NC_071995.2	120673106	120673428	RHOF	XM_002823893.6	-	2	2	94	82	3	4	2	2	2	middle	middle	1.000	1.000	constitutive	constitutive	109	134	2
NC_071995.2	120697101	120698226	1	1	+	NC_071995.2	120697303	120697788	SETD1B	XM_024256438.3	+	1	2	202	438	1	2	2	2	2	first	middle	1.000	1.000	constitutive	constitutive	173	98	2
NC_071995.2	120709471	120710353	2	1	+	NC_071995.2	120709589	120710257	SETD1B	XM_024256438.3	+	2	2	118	96	7	8	2	2	2	middle	middle	1.000	1.000	constitutive	constitutive	261	331	2
NC_071995.2	120719518	120720154	2	1	+	NC_071995.2	120719555	120719890	SETD1B	XM_024256438.3	+	2	2	37	264	14	15	2	2	2	middle	middle	1.000	1.000	constitutive	constitutive	119	137	2
NC_071995.2	121720853	121721345	3	1	+	NC_071995.2	121720880	121721231	HIP1R	NM_001131671.1	+	3	2	27	114	10	11	3	3	3	middle	middle	1.000	1.000	constitutive	constitutive	75	140	3
NC_071995.2	121723908	121724439	1	1	+	NC_071995.2	121723936	121724269	HIP1R	NM_001131671.1	+	1	2	28	170	19	20	3	3	3	middle	middle	1.000	1.000	constitutive	constitutive	147	86	3
NC_071995.2	121847382	121848021	1	1	+	NC_071995.2	121847444	121848012	OGFOD2	XM_002823920.6	+	1	2	62	9	5	6	4	2	4	middle	middle	0.500	1.000	alternative	constitutive	127	257	2
NC_071995.2	121847382	121848021	1	1	+	NC_071995.2	121847533	121848012	OGFOD2	XM_054528404.2	+	1	2	151	9	1	2	4	2	4	first	middle	0.500	1.000	alternative	constitutive	38	257	2
NC_071995.2	122676968	122677370	3	1	+	NC_071995.2	122676969	122677269	DNAH10	XM_054527692.2	+	3	2	1	101	22	23	1	1	1	middle	middle	1.000	1.000	constitutive	constitutive	116	102	1
NC_071995.2	123824208	123824973	-3	1	-	NC_071995.2	123824258	123824513	DHX37	XM_024257373.3	-	3	2	460	50	24	25	3	3	3	middle	middle	1.000	1.000	constitutive	constitutive	94	73	3
NC_071995.2	123843201	123844083	-3	1	-	NC_071995.2	123843243	123843675	DHX37	XM_024257373.3	-	3	2	408	42	9	10	3	3	3	middle	middle	1.000	1.000	constitutive	constitutive	101	114	3
NC_071995.2	130903060	130903609	2	1	+	NC_071995.2	130903225	130903592	ULK1	XM_024257284.3	+	2	2	165	17	21	22	2	2	2	middle	middle	1.000	1.000	constitutive	constitutive	109	143	2
NC_071995.2	131131716	131132484	1	1	+	NC_071995.2	131131777	131132286	NOC4L	XM_024256846.3	+	1	2	61	198	4	5	1	1	1	middle	middle	1.000	1.000	constitutive	constitutive	107	149	1
NC_071995.2	131536820	131537957	3	1	+	NC_071995.2	131537040	131537957	LOC103892170	XM_054528473.2	+	3	2	220	0	1	3	1	1	1	first	last	1.000	1.000	constitutive	constitutive	236	583	1
NC_071995.2	131554202	131555036	3	1	+	NC_071995.2	131554297	131554911	FBRSL1	XM_024257217.3	+	3	2	95	125	7	8	15	14	13	middle	middle	0.933	0.867	alternative	alternative	315	205	13
NC_071995.2	131554202	131555036	3	1	+	NC_071995.2	131554297	131554911	FBRSL1	XM_054528460.2	+	3	2	95	125	7	8	15	14	1	middle	middle	0.933	0.067	alternative	unique	315	202	1
NC_071995.2	131642291	131642945	-1	1	-	NC_071995.2	131642460	131642753	POLE	XM_024256531.3	-	1	2	192	169	28	29	4	4	4	middle	middle	1.000	1.000	constitutive	constitutive	80	122	4
NC_071995.2	131699108	131700134	3	1	+	NC_071995.2	131699449	131700133	PGAM5	XM_009248432.4	+	3	2	341	1	3	5	2	2	1	middle	middle	1.000	0.500	constitutive	unique	125	133	1
NC_071995.2	131699108	131700134	3	1	+	NC_071995.2	131699449	131700133	PGAM5	XM_009248433.4	+	3	2	341	1	3	5	2	2	1	middle	middle	1.000	0.500	constitutive	unique	125	130	1
NC_071995.2	13857501	13858059	1	1	+	NC_071995.2	13857550	13857892	EMP1	XM_024257412.3	+	1	2	49	167	2	3	1	1	1	middle	middle	1.000	1.000	constitutive	constitutive	96	140	1
NC_071995.2	21996283	21996562	-2	1	-	NC_071995.2	21996285	21996457	LOC100456619	XM_063712058.1	-	2	2	105	2	9	10	5	5	5	middle	middle	1.000	1.000	constitutive	constitutive	35	61	5
NC_071995.2	28613226	28613733	1	1	+	NC_071995.2	28613227	28613562	STK38L	XM_009247570.4	+	1	2	1	171	8	9	5	5	5	middle	middle	1.000	1.000	constitutive	constitutive	102	61	5
NC_071995.2	38089258	38100541	2	1	+	NC_071995.2	38089329	38100416	MUC19	XM_054528500.1	+	2	2	71	125	56	57	1	1	1	middle	middle	1.000	1.000	constitutive	constitutive	5081	5795	1
NC_071995.2	38118537	38118822	1	1	+	NC_071995.2	38118560	38118787	MUC19	XM_054528500.1	+	1	2	23	35	77	78	1	1	1	middle	middle	1.000	1.000	constitutive	constitutive	53	53	1
NC_071995.2	3854238	3854526	-3	1	-	NC_071995.2	3854240	3854524	PARP11	XM_024257271.3	-	3	2	2	2	5	6	5	5	5	middle	middle	1.000	1.000	constitutive	constitutive	72	130	5
NC_071995.2	45847838	45848147	3	1	+	NC_071995.2	45847860	45848146	PFKM	NM_001132193.1	+	3	2	22	1	20	21	7	7	7	middle	middle	1.000	1.000	constitutive	constitutive	99	105	7
NC_071995.2	46541468	46541999	-1	1	-	NC_071995.2	46541493	46541880	ADCY6	XM_024257029.3	-	1	2	119	25	6	7	5	5	5	middle	middle	1.000	1.000	constitutive	constitutive	141	128	5
NC_071995.2	46791439	46792000	-2	1	-	NC_071995.2	46791539	46791877	KMT2D	XM_024256441.3	-	2	2	123	100	46	47	6	6	6	middle	middle	1.000	1.000	constitutive	constitutive	132	127	6
NC_071995.2	46792527	46793028	-3	1	-	NC_071995.2	46792564	46792972	KMT2D	XM_024256441.3	-	3	2	56	37	44	45	6	6	6	middle	middle	1.000	1.000	constitutive	constitutive	175	130	6
NC_071995.2	46865770	46866229	-2	1	-	NC_071995.2	46865867	46866123	LMBR1L	NM_001131930.1	-	2	2	106	97	10	11	8	8	8	middle	middle	1.000	1.000	constitutive	constitutive	83	76	8
NC_071995.2	47098961	47099438	3	1	+	NC_071995.2	47099091	47099408	TROAP	XM_054527926.1	+	3	2	130	30	8	9	3	1	1	middle	middle	0.333	0.333	unique	unique	128	83	1
NC_071995.2	47319494	47320037	3	1	+	NC_071995.2	47319517	47319984	KCNH3	XM_024256988.2	+	3	2	23	53	6	7	1	1	1	middle	middle	1.000	1.000	constitutive	constitutive	157	207	1
NC_071995.2	47859529	47859916	2	1	+	NC_071995.2	47859566	47859915	SMARCD1	XM_002823208.5	+	2	2	37	1	8	9	4	4	4	middle	middle	1.000	1.000	constitutive	constitutive	161	97	4
NC_071995.2	47902960	47903299	-2	1	-	NC_071995.2	47902962	47903299	CERS5	XM_002823211.6	-	2	2	0	2	7	8	3	3	3	middle	middle	1.000	1.000	constitutive	constitutive	128	106	3
NC_071995.2	50856739	50857147	2	1	+	NC_071995.2	50856869	50857146	TNS2	XM_024256783.3	+	2	2	130	1	9	10	8	8	8	middle	middle	1.000	1.000	constitutive	constitutive	122	64	8
NC_071995.2	50900101	50900668	2	1	+	NC_071995.2	50900136	50900584	IGFBP6	XM_002823306.5	+	2	2	35	84	2	3	1	1	1	middle	middle	1.000	1.000	constitutive	constitutive	145	119	1
NC_071995.2	51088319	51088721	3	1	+	NC_071995.2	51088341	51088720	ESPL1	XM_024257504.2	+	3	2	22	1	27	28	7	6	6	middle	middle	0.857	0.857	alternative	alternative	115	83	6
NC_071995.2	52202668	52203010	-2	1	-	NC_071995.2	52202670	52203000	ITGA5	XM_024256718.3	-	2	2	10	2	14	15	2	2	2	middle	middle	1.000	1.000	constitutive	constitutive	45	101	2
NC_071995.2	52306796	52307123	3	1	+	NC_071995.2	52306821	52307122	NCKAP1L	XM_002823349.4	+	3	2	25	1	8	9	2	2	2	middle	middle	1.000	1.000	constitutive	constitutive	48	156	2
NC_071995.2	53832632	53833505	3	1	+	NC_071995.2	53832859	53833337	DGKA	NM_001132072.2	+	3	2	227	168	5	6	7	5	7	middle	middle	0.714	1.000	alternative	constitutive	49	74	5
NC_071995.2	53832632	53833505	3	1	+	NC_071995.2	53832986	53833337	DGKA	XM_009247866.3	+	3	2	354	168	2	3	7	2	7	middle	middle	0.286	1.000	alternative	constitutive	60	74	2
NC_071995.2	54261899	54262427	-1	1	-	NC_071995.2	54262073	54262409	STAT2	XM_002823396.5	-	1	2	18	174	15	16	4	4	4	middle	middle	1.000	1.000	constitutive	constitutive	98	135	4
NC_071995.2	55121688	55122309	1	1	+	NC_071995.2	55121729	55122187	LRP1	XM_024256754.3	+	1	2	41	122	45	46	1	1	1	middle	middle	1.000	1.000	constitutive	constitutive	125	128	1
NC_071995.2	55406665	55407460	-2	1	-	NC_071995.2	55406752	55407400	ARHGAP9	XM_024256449.3	-	2	3	60	87	9	11	3	1	3	middle	middle	0.333	1.000	unique	constitutive	98	107	1
NC_071995.2	55406665	55407460	-2	1	-	NC_071995.2	55406752	55407400	ARHGAP9	XM_054528138.2	-	2	2	60	87	9	10	3	2	3	middle	middle	0.667	1.000	alternative	constitutive	456	107	2
NC_071995.2	55455655	55456288	2	1	+	NC_071995.2	55455713	55456287	MBD6	XM_024256451.3	+	2	2	58	1	8	9	7	4	7	middle	middle	0.571	1.000	alternative	constitutive	416	52	4
NC_071995.2	55455655	55456288	2	1	+	NC_071995.2	55455716	55456287	MBD6	XM_024256453.3	+	2	2	61	1	8	9	7	3	7	middle	middle	0.429	1.000	alternative	constitutive	413	52	3
NC_071995.2	55500451	55501294	2	1	+	NC_071995.2	55500572	55501237	KIF5A	NM_001132440.1	+	2	2	121	57	14	15	2	2	2	middle	middle	1.000	1.000	constitutive	constitutive	206	146	2
NC_071995.2	55542354	55542894	1	1	+	NC_071995.2	55542468	55542893	ARHGEF25	XM_024256907.3	+	1	2	114	1	6	7	10	10	10	middle	middle	1.000	1.000	constitutive	constitutive	66	103	10
NC_071995.2	55648429	55648909	2	1	+	NC_071995.2	55648572	55648904	OS9	NM_001132097.1	+	2	2	143	5	8	9	4	4	4	middle	middle	1.000	1.000	constitutive	constitutive	100	51	4
NC_071995.2	5662088	5662769	-1	1	-	NC_071995.2	5662312	5662614	ANO2	XM_054526733.2	-	1	2	155	224	18	19	2	2	2	middle	middle	1.000	1.000	constitutive	constitutive	57	100	2
NC_071995.2	6388492	6389011	-2	1	-	NC_071995.2	6388494	6388941	TNFRSF1A	XM_002822808.5	-	2	2	70	2	4	5	1	1	1	middle	middle	1.000	1.000	constitutive	constitutive	149	78	1
NC_071995.2	64228562	64228931	3	1	+	NC_071995.2	64228563	64228877	IRAK3	XM_024257436.3	+	3	2	1	54	10	11	13	13	13	middle	middle	1.000	1.000	constitutive	constitutive	62	164	13
NC_071995.2	6585026	6585563	3	1	+	NC_071995.2	6585073	6585563	NCAPD2	XM_024256483.3	+	3	2	47	0	30	31	2	2	2	middle	last	1.000	1.000	constitutive	constitutive	158	82	2
NC_071995.2	6603705	6604554	-3	1	-	NC_071995.2	6603895	6604375	IFFO1	XM_009247365.4	-	3	2	179	190	6	7	6	6	2	middle	middle	1.000	0.333	constitutive	alternative	120	92	2
NC_071995.2	6603705	6604554	-3	1	-	NC_071995.2	6603895	6604375	IFFO1	XM_024256486.3	-	3	2	179	190	6	7	6	6	4	middle	middle	1.000	0.667	constitutive	alternative	120	95	4
NC_071995.2	6606285	6606858	-3	1	-	NC_071995.2	6606523	6606829	IFFO1	XM_009247365.4	-	3	2	29	238	2	3	6	6	6	middle	middle	1.000	1.000	constitutive	constitutive	60	95	6
NC_071995.2	6709083	6709512	-3	1	-	NC_071995.2	6709085	6709476	ING4	XM_024257301.2	-	3	2	36	2	4	5	8	6	5	middle	middle	0.750	0.625	alternative	alternative	114	108	4
NC_071995.2	6709083	6709512	-3	1	-	NC_071995.2	6709085	6709476	ING4	XM_024257302.2	-	3	2	36	2	4	5	8	6	3	middle	middle	0.750	0.375	alternative	alternative	114	105	2
NC_071995.2	6709083	6709512	-3	1	-	NC_071995.2	6709085	6709476	ING4	XM_024257303.2	-	3	2	36	2	4	5	8	2	5	middle	middle	0.250	0.625	alternative	alternative	105	108	1
NC_071995.2	6709083	6709512	-3	1	-	NC_071995.2	6709085	6709476	ING4	XM_024257304.2	-	3	2	36	2	4	5	8	2	3	middle	middle	0.250	0.375	alternative	alternative	105	105	1
NC_071995.2	6894204	6894789	1	1	+	NC_071995.2	6894343	6894760	P3H3	XM_002822836.6	+	1	2	139	29	3	4	2	2	2	middle	middle	1.000	1.000	constitutive	constitutive	201	131	2
NC_071995.2	6901453	6902053	2	1	+	NC_071995.2	6901725	6902026	P3H3	XM_002822836.6	+	2	2	272	27	12	13	2	2	2	middle	middle	1.000	1.000	constitutive	constitutive	117	75	2
NC_071995.2	7005268	7005778	2	1	+	NC_071995.2	7005375	7005778	ATN1	XM_024257164.3	+	2	2	107	0	8	9	2	2	2	middle	last	1.000	1.000	constitutive	constitutive	180	30	2
NC_071995.2	7026338	7026704	3	1	+	NC_071995.2	7026361	7026703	PTPN6	XM_002822826.5	+	3	2	23	1	13	14	3	3	3	middle	middle	1.000	1.000	constitutive	constitutive	151	91	3
NC_071995.2	7043557	7044166	-2	1	-	NC_071995.2	7043639	7044017	LPCAT3	XM_002822828.6	-	2	2	149	82	10	11	1	1	1	middle	middle	1.000	1.000	constitutive	constitutive	147	158	1
NC_071995.2	86515147	86515540	-2	1	-	NC_071995.2	86515192	86515452	CEP290	XM_002823564.6	-	2	2	88	45	15	16	12	12	12	middle	middle	1.000	1.000	constitutive	constitutive	100	87	12
NC_071995.2	9438391	9439291	2	1	+	NC_071995.2	9438671	9439016	DDX11	XM_054526785.2	+	2	2	280	275	15	16	9	9	9	middle	middle	1.000	1.000	constitutive	constitutive	108	131	9
NC_071996.2	121235889	121236399	-3	1	-	NC_071996.2	121235891	121236386	TNS1	XM_024243113.3	-	3	2	13	2	29	30	20	20	20	middle	middle	1.000	1.000	constitutive	constitutive	71	168	20
NC_071996.2	121699572	121700127	-3	1	-	NC_071996.2	121699574	121700014	AAMP	NM_001131816.1	-	3	2	113	2	9	10	2	2	2	middle	middle	1.000	1.000	constitutive	constitutive	90	154	2
NC_071996.2	121700221	121700740	-2	1	-	NC_071996.2	121700384	121700700	AAMP	NM_001131816.1	-	2	2	40	163	6	7	2	2	2	middle	middle	1.000	1.000	constitutive	constitutive	83	115	2
NC_071996.2	122237904	122238387	1	1	+	NC_071996.2	122237905	122238387	LOC100451841	XM_024243809.3	+	1	2	1	0	8	9	1	1	1	middle	last	1.000	1.000	constitutive	constitutive	212	116	1
NC_071996.2	122439086	122439872	-1	1	-	NC_071996.2	122439237	122439762	CFAP65	XM_054549852.2	-	1	2	110	151	20	21	2	1	1	middle	middle	0.500	0.500	unique	unique	176	66	1
NC_071996.2	122595227	122595785	-1	1	-	NC_071996.2	122595380	122595768	SLC23A3	XM_002812871.3	-	1	2	17	153	6	7	3	2	2	middle	middle	0.667	0.667	alternative	alternative	123	114	2
NC_071996.2	122673051	122673603	1	1	+	NC_071996.2	122673103	122673525	STK16	XM_002812886.6	+	1	2	52	78	3	4	6	6	6	middle	middle	1.000	1.000	constitutive	constitutive	133	120	6
NC_071996.2	122714509	122714920	-2	1	-	NC_071996.2	122714510	122714892	PTPRN	NM_001132510.1	-	2	2	28	1	22	23	7	7	7	middle	last	1.000	1.000	constitutive	constitutive	73	68	7
NC_071996.2	122895155	122896262	3	1	+	NC_071996.2	122895235	122896104	SPEG	XM_024243784.2	+	3	2	80	158	15	16	10	8	8	middle	middle	0.800	0.800	alternative	alternative	104	206	8
NC_071996.2	122960109	122960601	1	1	+	NC_071996.2	122960202	122960457	ASIC4	XM_024243788.3	+	1	2	93	144	7	8	2	2	2	middle	middle	1.000	1.000	constitutive	constitutive	91	79	2
NC_071996.2	122980528	122981623	-2	1	-	NC_071996.2	122980714	122981463	OBSL1	XM_024243789.3	-	2	2	160	186	11	12	5	4	4	middle	middle	0.800	0.800	alternative	alternative	287	275	4
NC_071996.2	134433073	134433898	2	1	+	NC_071996.2	134433095	134433788	ITM2C	NM_001133620.1	+	2	2	22	110	4	5	1	1	1	middle	middle	1.000	1.000	constitutive	constitutive	110	150	1
NC_071996.2	135459573	135460566	-3	1	-	NC_071996.2	135459574	135460395	NPPC	XM_002812985.6	-	3	2	171	1	1	2	1	1	1	first	last	1.000	1.000	constitutive	constitutive	89	287	1
NC_071996.2	135866775	135867444	1	1	+	NC_071996.2	135867005	135867372	DIS3L2	XM_024243284.3	+	1	2	230	72	17	18	2	2	2	middle	middle	1.000	1.000	constitutive	constitutive	130	104	2
NC_071996.2	135908392	135908950	2	1	+	NC_071996.2	135908507	135908813	LOC100436725	XM_063713124.1	+	2	2	115	137	6	7	1	1	1	middle	middle	1.000	1.000	constitutive	constitutive	134	72	1
NC_071996.2	135938443	135939004	2	1	+	NC_071996.2	135938561	135938867	ALPG	XM_002812987.4	+	2	2	118	137	6	7	1	1	1	middle	middle	1.000	1.000	constitutive	constitutive	134	72	1
NC_071996.2	136015937	136016708	-1	1	-	NC_071996.2	136016307	136016597	ECEL1	XM_002812990.5	-	1	2	111	370	3	4	2	2	2	middle	middle	1.000	1.000	constitutive	constitutive	110	92	2
NC_071996.2	136053485	136054409	3	1	+	NC_071996.2	136054049	136054395	PRSS56	XM_002812991.5	+	3	2	564	14	5	6	2	2	2	middle	middle	1.000	1.000	constitutive	constitutive	99	159	2
NC_071996.2	136055252	136055897	3	1	+	NC_071996.2	136055299	136055730	PRSS56	XM_002812991.5	+	3	2	47	167	9	10	2	1	2	middle	middle	0.500	1.000	unique	constitutive	173	164	1
NC_071996.2	136055252	136055897	3	1	+	NC_071996.2	136055296	136055730	PRSS56	XM_054549993.2	+	3	2	44	167	9	10	2	1	2	middle	middle	0.500	1.000	unique	constitutive	176	164	1
NC_071996.2	136059726	136060326	1	1	+	NC_071996.2	136059868	136060262	CHRND	XM_024243172.3	+	1	2	142	64	4	5	2	1	1	middle	middle	0.500	0.500	unique	unique	109	155	1
NC_071996.2	137333615	137334143	3	1	+	NC_071996.2	137333643	137334083	MROH2A	XM_054550011.1	+	3	2	28	60	20	21	1	1	1	middle	middle	1.000	1.000	constitutive	constitutive	119	122	1
NC_071996.2	141369256	141369607	2	1	+	NC_071996.2	141369310	141369606	RBM44	XM_054550061.1	+	2	2	54	1	5	6	1	1	1	middle	middle	1.000	1.000	constitutive	constitutive	183	22	1
NC_071996.2	141711922	141713266	2	1	+	NC_071996.2	141712530	141712976	ERFE	XM_024243553.3	+	2	2	608	290	4	5	6	6	3	middle	middle	1.000	0.500	constitutive	alternative	262	108	3
NC_071996.2	141711922	141713266	2	1	+	NC_071996.2	141712530	141713153	ERFE	XM_054550071.2	+	2	3	608	113	4	6	6	6	3	middle	middle	1.000	0.500	constitutive	alternative	262	90	3
NC_071996.2	141787800	141788622	-3	1	-	NC_071996.2	141788040	141788454	HES6	XM_024243891.3	-	3	2	168	240	1	3	3	3	2	first	middle	1.000	0.667	constitutive	alternative	80	81	2
NC_071996.2	141787800	141788622	-3	1	-	NC_071996.2	141788080	141788454	HES6	XM_024243892.3	-	3	2	168	280	1	3	3	3	1	first	middle	1.000	0.333	constitutive	unique	80	41	1
NC_071996.2	144619461	144620880	1	1	+	NC_071996.2	144619567	144620595	CROCC2	XM_024243599.3	+	1	3	106	285	23	25	1	1	1	middle	middle	1.000	1.000	constitutive	constitutive	137	184	1
NC_071996.2	16944547	16944931	-2	1	-	NC_071996.2	16944548	16944915	CCDC74B	XM_054549075.2	-	2	2	16	1	4	5	6	1	1	middle	last	0.167	0.167	unique	unique	179	109	1
NC_071996.2	17200864	17201392	2	1	+	NC_071996.2	17201128	17201392	IMP4	XM_054549083.2	+	2	2	264	0	4	5	3	3	3	middle	last	1.000	1.000	constitutive	constitutive	73	109	3
NC_071996.2	53949672	53950197	-3	1	-	NC_071996.2	53949703	53950155	NEB	XM_024243154.3	-	3	2	42	31	135	136	2	2	2	middle	middle	1.000	1.000	constitutive	constitutive	104	104	2
NC_071996.2	54108452	54108905	-1	1	-	NC_071996.2	54108576	54108890	NEB	XM_024243154.3	-	1	2	15	124	24	25	2	2	2	middle	middle	1.000	1.000	constitutive	constitutive	107	113	2
NC_071996.2	54115413	54115851	-3	1	-	NC_071996.2	54115474	54115788	NEB	XM_024243154.3	-	3	2	63	61	17	18	2	2	2	middle	middle	1.000	1.000	constitutive	constitutive	107	113	2
NC_071996.2	55055295	55055568	1	1	+	NC_071996.2	55055296	55055547	FMNL2	XM_024243820.3	+	1	2	1	21	19	20	11	11	11	middle	middle	1.000	1.000	constitutive	constitutive	68	80	11
NC_071996.2	64748543	64748933	-1	1	-	NC_071996.2	64748544	64748910	IFIH1	XM_024243484.3	-	1	2	23	1	15	16	1	1	1	middle	last	1.000	1.000	constitutive	constitutive	90	176	1
NC_071996.2	71408619	71409012	1	1	+	NC_071996.2	71408647	71408967	NOSTRIN	XM_054549437.2	+	1	2	28	45	9	10	4	4	4	middle	middle	1.000	1.000	constitutive	constitutive	98	125	4
NC_071996.2	79858976	79859264	3	1	+	NC_071996.2	79859005	79859264	HNRNPA3	NM_001131794.1	+	3	2	29	0	9	10	6	6	6	middle	last	1.000	1.000	constitutive	constitutive	122	49	6
NC_071996.2	81219028	81219940	-2	1	-	NC_071996.2	81219088	81219867	TTN	XM_063712900.1	-	2	2	73	60	319	320	1	1	1	middle	middle	1.000	1.000	constitutive	constitutive	587	104	1
NC_071996.2	81219963	81220758	-3	1	-	NC_071996.2	81220035	81220703	TTN	XM_063712900.1	-	3	2	55	72	317	318	1	1	1	middle	middle	1.000	1.000	constitutive	constitutive	290	287	1
NC_071996.2	81245481	81246285	-3	1	-	NC_071996.2	81245487	81246212	TTN	XM_063712900.1	-	3	2	73	6	278	279	1	1	1	middle	middle	1.000	1.000	constitutive	constitutive	299	308	1
NC_071996.2	81261909	81262494	-3	1	-	NC_071996.2	81261960	81262494	TTN	XM_063712900.1	-	3	2	0	51	243	244	1	1	1	middle	middle	1.000	1.000	constitutive	constitutive	168	266	1
NC_071996.2	81270924	81271491	-3	1	-	NC_071996.2	81270967	81271463	TTN	XM_063712900.1	-	3	2	28	43	236	237	1	1	1	middle	middle	1.000	1.000	constitutive	constitutive	266	139	1
NC_071996.2	81362508	81363246	-3	1	-	NC_071996.2	81362556	81363206	TTN	XM_063712900.1	-	3	2	40	48	73	74	1	1	1	middle	middle	1.000	1.000	constitutive	constitutive	278	278	1
NC_071997.2	103569810	103570110	1	1	+	NC_071997.2	103569843	103570109	ALK	XM_024242328.2	+	1	2	33	1	21	22	1	1	1	middle	middle	1.000	1.000	constitutive	constitutive	90	64	1
NC_071997.2	105341652	105342216	-3	1	-	NC_071997.2	105341701	105342159	KRTCAP3	XM_002812179.4	-	3	2	57	49	4	5	2	2	2	middle	middle	1.000	1.000	constitutive	constitutive	206	134	2
NC_071997.2	105405963	105407514	1	1	+	NC_071997.2	105406007	105407514	ZNF513	XM_002812181.4	+	1	2	44	0	3	4	4	4	2	middle	last	1.000	0.500	constitutive	alternative	587	823	2
NC_071997.2	105405963	105407514	1	1	+	NC_071997.2	105406007	105407367	ZNF513	XM_054547710.1	+	1	2	44	147	3	4	4	4	2	middle	middle	1.000	0.500	constitutive	alternative	587	676	2
NC_071997.2	105480267	105480705	-3	1	-	NC_071997.2	105480268	105480595	TRIM54	NM_001131364.1	-	3	2	110	1	7	8	7	7	7	middle	last	1.000	1.000	constitutive	constitutive	124	82	7
NC_071997.2	105529261	105529954	2	1	+	NC_071997.2	105529305	105529707	SLC30A3	XM_002812189.6	+	2	2	44	247	3	4	4	4	4	middle	middle	1.000	1.000	constitutive	constitutive	146	153	4
NC_071997.2	105544544	105544952	-1	1	-	NC_071997.2	105544599	105544952	CAD	XM_002812188.5	-	1	2	0	55	41	42	2	2	2	middle	middle	1.000	1.000	constitutive	constitutive	155	101	2
NC_071997.2	105655902	105656358	1	1	+	NC_071997.2	105655926	105656319	PREB	XM_002812195.5	+	1	2	24	39	6	7	1	1	1	middle	middle	1.000	1.000	constitutive	constitutive	173	72	1
NC_071997.2	105658700	105659123	-1	1	-	NC_071997.2	105658702	105659013	ABHD1	XM_003775956.3	-	1	2	110	2	4	5	1	1	1	middle	middle	1.000	1.000	constitutive	constitutive	45	112	1
NC_071997.2	106314446	106316108	3	1	+	NC_071997.2	106314468	106316057	OTOF	XM_024242384.2	+	3	4	22	51	27	30	1	1	1	middle	middle	1.000	1.000	constitutive	constitutive	119	130	1
NC_071997.2	106317118	106318105	2	1	+	NC_071997.2	106317527	106318087	OTOF	XM_024242384.2	+	2	2	409	18	31	32	1	1	1	middle	middle	1.000	1.000	constitutive	constitutive	29	131	1
NC_071997.2	109098039	109098804	-3	1	-	NC_071997.2	109098267	109098777	KLHL29	XM_009237502.4	-	3	2	27	228	7	8	2	2	2	middle	middle	1.000	1.000	constitutive	constitutive	198	182	2
NC_071997.2	111754274	111754721	3	1	+	NC_071997.2	111754316	111754682	APOB	XM_024242617.2	+	3	2	42	39	11	12	1	1	1	middle	middle	1.000	1.000	constitutive	constitutive	117	146	1
NC_071997.2	112634120	112634558	3	1	+	NC_071997.2	112634124	112634558	LOC100433760	XM_024242645.2	+	3	2	4	0	1	2	1	1	1	first	last	1.000	1.000	constitutive	constitutive	111	271	1
NC_071997.2	123508908	123509634	-3	1	-	NC_071997.2	123508945	123509594	ASAP2	XM_024242392.3	-	3	2	40	37	26	27	5	5	5	middle	middle	1.000	1.000	constitutive	constitutive	88	122	5
NC_071997.2	22937861	22938269	-1	1	-	NC_071997.2	22937862	22938224	LOC129047285	XM_063713508.1	-	1	2	45	1	17	18	1	1	1	middle	last	1.000	1.000	constitutive	constitutive	65	56	1
NC_071997.2	24914138	24914519	3	1	+	NC_071997.2	24914184	24914483	CIAO1	XM_024242576.3	+	3	2	46	36	3	4	1	1	1	middle	middle	1.000	1.000	constitutive	constitutive	111	88	1
NC_071997.2	25822625	25823063	-1	1	-	NC_071997.2	25822722	25823003	KANSL3	XM_002811664.6	-	1	2	60	97	7	8	18	18	18	middle	middle	1.000	1.000	constitutive	constitutive	101	71	18
NC_071997.2	26072871	26073975	-3	1	-	NC_071997.2	26072872	26073892	SEMA4C	XM_024242780.2	-	3	2	83	1	13	14	6	6	6	middle	last	1.000	1.000	constitutive	constitutive	70	826	6
NC_071997.2	26077758	26078205	-3	1	-	NC_071997.2	26077921	26078184	SEMA4C	XM_024242780.2	-	3	2	21	163	3	4	6	6	6	middle	middle	1.000	1.000	constitutive	constitutive	62	98	6
NC_071997.2	26393082	26393577	-3	1	-	NC_071997.2	26393110	26393527	TMEM131	XM_024242527.3	-	3	2	50	28	15	16	6	6	6	middle	middle	1.000	1.000	constitutive	constitutive	153	170	6
NC_071997.2	29315835	29316771	-3	1	-	NC_071997.2	29315872	29316699	AFF3	XM_054547811.2	-	3	2	72	37	4	5	9	7	9	middle	middle	0.778	1.000	alternative	constitutive	312	385	7
NC_071997.2	29315835	29316771	-3	1	-	NC_071997.2	29315872	29316639	AFF3	XM_054547817.2	-	3	2	132	37	1	2	9	2	9	first	middle	0.222	1.000	alternative	constitutive	252	385	2
NC_071997.2	30353253	30353736	-3	1	-	NC_071997.2	30353335	30353719	TBC1D8	XM_024242238.3	-	3	2	17	82	13	14	4	4	4	middle	middle	1.000	1.000	constitutive	constitutive	129	98	4
NC_071997.2	42650621	42651332	3	1	+	NC_071997.2	42651040	42651331	NT5DC4	XM_054547939.2	+	3	2	419	1	3	4	1	1	1	middle	middle	1.000	1.000	constitutive	constitutive	117	95	1
NC_071997.2	43635640	43636207	2	1	+	NC_071997.2	43635686	43636207	LOC103889794	unassigned_transcript_426	+	2	2	46	0	1	2	1	1	1	first	last	1.000	1.000	constitutive	constitutive	54	343	1
NC_071997.2	45558539	45558998	-1	1	-	NC_071997.2	45558603	45558998	KDM3A	XM_024242499.3	-	1	2	0	64	23	24	1	1	1	middle	middle	1.000	1.000	constitutive	constitutive	176	134	1
NC_071997.2	46672449	46673307	1	1	+	NC_071997.2	46672510	46673272	CAPG	XM_002811830.5	+	1	2	61	35	6	7	9	9	9	middle	middle	1.000	1.000	constitutive	constitutive	92	132	9
NC_071997.2	46743884	46745681	3	1	+	NC_071997.2	46744140	46745594	TGOLN2	NM_001132337.1	+	3	3	256	87	1	3	7	7	2	first	middle	1.000	0.286	constitutive	alternative	45	296	2
NC_071997.2	46743884	46745681	3	1	+	NC_071997.2	46744140	46745594	TGOLN2	XM_003779822.5	+	3	2	256	87	1	2	7	7	5	first	middle	1.000	0.714	constitutive	alternative	45	1177	5
NC_071997.2	46937065	46938439	-2	1	-	NC_071997.2	46937435	46938193	TCF7L1	XM_024242221.3	-	2	2	246	370	1	3	4	2	2	first	middle	0.500	0.500	alternative	alternative	245	127	2
NC_071997.2	57807874	57808360	-2	1	-	NC_071997.2	57807950	57808327	TTC31	XM_002811862.6	-	2	2	33	76	7	8	5	5	5	middle	middle	1.000	1.000	constitutive	constitutive	80	191	5
NC_071997.2	57874249	57874621	-2	1	-	NC_071997.2	57874250	57874531	WDR54	XM_002811870.4	-	2	2	90	1	8	9	4	4	4	middle	last	1.000	1.000	constitutive	constitutive	74	128	4
NC_071997.2	70905481	70905976	2	1	+	NC_071997.2	70905482	70905964	XPO1	XM_024242167.2	+	2	2	1	12	12	13	8	8	8	middle	middle	1.000	1.000	constitutive	constitutive	138	181	8
NC_071997.2	71459944	71460286	2	1	+	NC_071997.2	71460060	71460285	PUS10	XM_024242629.2	+	2	2	116	1	12	13	19	19	19	middle	middle	1.000	1.000	constitutive	constitutive	76	55	19
NC_071997.2	84030719	84031001	-1	1	-	NC_071997.2	84030721	84031001	PPP1R21	XM_024242684.3	-	1	2	0	2	10	11	5	5	5	middle	middle	1.000	1.000	constitutive	constitutive	101	88	5
NC_071997.2	95831799	95832165	1	1	+	NC_071997.2	95831825	95832165	STRN	XM_002812138.6	+	1	2	26	0	17	18	3	3	3	middle	last	1.000	1.000	constitutive	constitutive	86	166	3
NC_071998.2	104552829	104553174	-3	1	-	NC_071998.2	104552835	104553174	ALAD	NM_001133663.2	-	3	2	0	6	4	5	5	5	5	middle	middle	1.000	1.000	constitutive	constitutive	135	83	5
NC_071998.2	104572200	104572458	-3	1	-	NC_071998.2	104572202	104572443	POLE3	NM_001133412.1	-	3	2	15	2	1	2	1	1	1	first	middle	1.000	1.000	constitutive	constitutive	65	85	1
NC_071998.2	105160182	105161151	1	1	+	NC_071998.2	105160460	105161122	ZNF618	XM_009244775.4	+	1	2	278	29	5	6	46	46	46	middle	middle	1.000	1.000	constitutive	constitutive	77	38	46
NC_071998.2	116151434	116151719	3	1	+	NC_071998.2	116151456	116151719	WDR38	XM_002820202.6	+	3	2	22	0	8	9	5	5	3	middle	last	1.000	0.600	constitutive	alternative	47	125	3
NC_071998.2	116151434	116151719	3	1	+	NC_071998.2	116151456	116151687	WDR38	XM_054520607.2	+	3	2	22	32	8	9	5	5	2	middle	middle	1.000	0.400	constitutive	alternative	47	93	2
NC_071998.2	118830900	118831668	-3	1	-	NC_071998.2	118830934	118831629	NIBAN2	XM_024252148.3	-	3	2	39	34	10	11	3	3	3	middle	middle	1.000	1.000	constitutive	constitutive	155	116	3
NC_071998.2	119582108	119582825	-1	1	-	NC_071998.2	119582171	119582579	GOLGA2	XM_002820259.6	-	1	2	246	63	22	23	4	4	4	middle	middle	1.000	1.000	constitutive	constitutive	218	102	4
NC_071998.2	119751277	119751613	2	1	+	NC_071998.2	119751324	119751612	CERCAM	XM_054521146.2	+	2	2	47	1	8	9	4	4	4	middle	middle	1.000	1.000	constitutive	constitutive	76	106	4
NC_071998.2	119855824	119856304	2	1	+	NC_071998.2	119855865	119856303	GLE1	NM_001132194.1	+	2	2	41	1	10	11	1	1	1	middle	middle	1.000	1.000	constitutive	constitutive	142	190	1
NC_071998.2	120027950	120028520	3	1	+	NC_071998.2	120028135	120028499	PKN3	XM_002820266.6	+	3	2	185	21	8	9	6	6	6	middle	middle	1.000	1.000	constitutive	constitutive	109	143	6
NC_071998.2	120034488	120034935	1	1	+	NC_071998.2	120034511	120034842	PKN3	XM_002820266.6	+	1	2	23	93	19	20	6	5	5	middle	middle	0.833	0.833	alternative	alternative	142	107	5
NC_071998.2	120064710	120065361	-3	1	-	NC_071998.2	120064861	120065266	ZER1	NM_001132264.1	-	3	2	95	151	5	6	10	10	10	middle	middle	1.000	1.000	constitutive	constitutive	114	146	10
NC_071998.2	120311796	120312363	1	1	+	NC_071998.2	120311797	120312270	NUP188	XM_002820283.6	+	1	2	1	93	40	41	2	2	2	middle	middle	1.000	1.000	constitutive	constitutive	227	131	2
NC_071998.2	121675481	121676063	3	1	+	NC_071998.2	121675483	121676058	HMCN2	XM_054520713.2	+	3	2	2	5	27	28	1	1	1	middle	middle	1.000	1.000	constitutive	constitutive	130	147	1
NC_071998.2	122365519	122365987	2	1	+	NC_071998.2	122365602	122365986	LAMC3	XM_002820309.3	+	2	2	83	1	5	6	1	1	1	middle	middle	1.000	1.000	constitutive	constitutive	188	117	1
NC_071998.2	122423401	122424574	2	1	+	NC_071998.2	122423813	122424046	AIF1L	NM_001131585.1	+	2	2	412	528	1	2	1	1	1	first	middle	1.000	1.000	constitutive	constitutive	30	61	1
NC_071998.2	122859930	122861223	-3	1	-	NC_071998.2	122860242	122860917	UCK1	NM_001132809.2	-	3	2	306	312	1	2	3	3	3	first	middle	1.000	1.000	constitutive	constitutive	107	159	3
NC_071998.2	122915739	122916792	-3	1	-	NC_071998.2	122916103	122916388	RAPGEF1	XM_024252194.3	-	3	2	404	364	20	21	4	4	4	middle	middle	1.000	1.000	constitutive	constitutive	78	101	4
NC_071998.2	124406703	124407261	1	1	+	NC_071998.2	124406768	124407168	GTF3C5	XM_024252107.3	+	1	2	65	93	7	8	1	1	1	middle	middle	1.000	1.000	constitutive	constitutive	80	97	1
NC_071998.2	124791973	124792450	2	1	+	NC_071998.2	124792061	124792387	ADAMTS13	XM_054520800.2	+	2	2	88	63	11	12	4	4	4	middle	middle	1.000	1.000	constitutive	constitutive	151	63	4
NC_071998.2	127047178	127047484	2	1	+	NC_071998.2	127047255	127047484	LCN9	XM_054519656.1	+	2	2	77	0	5	6	1	1	1	middle	last	1.000	1.000	constitutive	constitutive	101	19	1
NC_071998.2	127578822	127579581	-3	1	-	NC_071998.2	127578930	127579337	LHX3	XM_002820383.4	-	3	2	244	108	4	5	3	3	3	middle	middle	1.000	1.000	constitutive	constitutive	151	168	3
NC_071998.2	127632511	127634848	-2	1	-	NC_071998.2	127632512	127634832	CCDC187	XM_054520912.2	-	2	2	16	1	26	27	16	13	15	middle	last	0.812	0.938	alternative	alternative	368	1414	13
NC_071998.2	127632511	127634848	-2	1	-	NC_071998.2	127632512	127634829	CCDC187	XM_054520915.2	-	2	2	19	1	26	27	16	2	15	middle	last	0.125	0.938	alternative	alternative	365	1414	2
NC_071998.2	127749371	127750304	-1	1	-	NC_071998.2	127749579	127749986	CARD9	XM_024252867.3	-	1	2	318	208	4	5	5	5	5	middle	middle	1.000	1.000	constitutive	constitutive	179	143	5
NC_071998.2	127766745	127767174	-3	1	-	NC_071998.2	127766747	127767110	SNAPC4	XM_024252806.3	-	3	2	64	2	11	12	7	7	7	middle	middle	1.000	1.000	constitutive	constitutive	106	94	7
NC_071998.2	128136918	128137629	-3	1	-	NC_071998.2	128136981	128137439	LCN6	XM_002820398.2	-	3	2	190	63	4	5	1	1	1	middle	middle	1.000	1.000	constitutive	constitutive	110	101	1
NC_071998.2	128149971	128150364	-3	1	-	NC_071998.2	128150019	128150291	LCN8	XM_063714127.1	-	3	2	73	48	5	6	2	2	2	middle	middle	1.000	1.000	constitutive	constitutive	104	89	2
NC_071998.2	128198754	128199252	1	1	+	NC_071998.2	128198794	128199097	CCDC183	XM_063714548.1	+	1	2	40	155	7	8	2	2	2	middle	middle	1.000	1.000	constitutive	constitutive	125	54	2
NC_071998.2	128250723	128251224	1	1	+	NC_071998.2	128250724	128251153	MAMDC4	XM_063714109.1	+	1	2	1	71	15	16	1	1	1	middle	middle	1.000	1.000	constitutive	constitutive	219	137	1
NC_071998.2	128338601	128339060	3	1	+	NC_071998.2	128338747	128339060	C8G	XM_054521242.2	+	3	2	146	0	5	6	4	4	2	middle	last	1.000	0.500	constitutive	alternative	101	127	2
NC_071998.2	128338601	128339060	3	1	+	NC_071998.2	128338747	128339060	C8G	XM_054521243.2	+	3	3	146	0	5	7	4	4	1	middle	last	1.000	0.250	constitutive	unique	101	10	1
NC_071998.2	128338601	128339060	3	1	+	NC_071998.2	128338747	128339060	C8G	XM_054521244.2	+	3	3	146	0	5	7	4	4	1	middle	last	1.000	0.250	constitutive	unique	101	7	1
NC_071998.2	128405063	128405951	-1	1	-	NC_071998.2	128405126	128405934	ABCA2	XM_024252341.3	-	1	2	17	63	34	37	1	1	1	middle	middle	1.000	1.000	constitutive	constitutive	174	123	1
NC_071998.2	128407675	128408980	-2	1	-	NC_071998.2	128407753	128408731	ABCA2	XM_024252341.3	-	2	3	249	78	25	27	1	1	1	middle	middle	1.000	1.000	constitutive	constitutive	120	206	1
NC_071998.2	128409343	128409841	-2	1	-	NC_071998.2	128409352	128409809	ABCA2	XM_024252341.3	-	2	2	32	9	22	23	1	1	1	middle	middle	1.000	1.000	constitutive	constitutive	196	182	1
NC_071998.2	128444701	128445529	-2	1	-	NC_071998.2	128444960	128445428	ENTPD2	XM_024252367.3	-	2	2	101	259	4	5	1	1	1	middle	middle	1.000	1.000	constitutive	constitutive	159	227	1
NC_071998.2	128552924	128553713	3	1	+	NC_071998.2	128553140	128553508	GRIN1	XM_024252345.3	+	3	2	216	205	5	6	6	6	6	middle	middle	1.000	1.000	constitutive	constitutive	121	174	6
NC_071998.2	128558161	128558647	2	1	+	NC_071998.2	128558285	128558646	GRIN1	XM_024252345.3	+	2	2	124	1	11	12	6	6	6	middle	middle	1.000	1.000	constitutive	constitutive	164	118	6
NC_071998.2	128611614	128612214	1	1	+	NC_071998.2	128611646	128612004	NDOR1	XM_024252360.3	+	1	2	32	210	11	12	2	2	2	middle	middle	1.000	1.000	constitutive	constitutive	146	118	2
NC_071998.2	128642972	128643944	-1	1	-	NC_071998.2	128643044	128643804	CIMIP2A	XM_024252378.3	-	1	2	140	72	2	4	1	1	1	middle	middle	1.000	1.000	constitutive	constitutive	214	126	1
NC_071998.2	128650151	128650817	3	1	+	NC_071998.2	128650285	128650791	STPG3	XM_002820433.6	+	3	2	134	26	4	5	3	3	3	middle	middle	1.000	1.000	constitutive	constitutive	88	303	3
NC_071998.2	128842168	128842645	-2	1	-	NC_071998.2	128842171	128842636	ENTPD8	XM_054521289.1	-	2	2	9	3	1	2	1	1	1	first	middle	1.000	1.000	constitutive	constitutive	272	117	1
NC_071998.2	128861623	128862031	-2	1	-	NC_071998.2	128861624	128861964	PNPLA7	XM_054521298.2	-	2	2	67	1	36	37	1	1	1	middle	last	1.000	1.000	constitutive	constitutive	103	80	1
NC_071998.2	128911630	128912284	-2	1	-	NC_071998.2	128911796	128912265	PNPLA7	XM_054521298.2	-	2	2	19	166	13	14	1	1	1	middle	middle	1.000	1.000	constitutive	constitutive	100	146	1
NC_071998.2	22029208	22030084	-2	1	-	NC_071998.2	22029340	22029814	NPR2	XM_024252690.3	-	2	2	270	132	13	14	1	1	1	middle	middle	1.000	1.000	constitutive	constitutive	159	155	1
NC_071998.2	22099001	22099307	-1	1	-	NC_071998.2	22099003	22099268	CREB3	XM_002819639.6	-	1	2	39	2	5	6	1	1	1	middle	middle	1.000	1.000	constitutive	constitutive	106	68	1
NC_071998.2	22123240	22123600	2	1	+	NC_071998.2	22123279	22123564	TLN1	XM_002819645.6	+	2	2	39	36	30	31	2	2	2	middle	middle	1.000	1.000	constitutive	constitutive	93	89	2
NC_071998.2	22127620	22128121	2	1	+	NC_071998.2	22127639	22128043	TLN1	XM_002819645.6	+	2	2	19	78	39	40	2	2	2	middle	middle	1.000	1.000	constitutive	constitutive	170	149	2
NC_071998.2	22148350	22148779	2	1	+	NC_071998.2	22148372	22148716	TPM2	XM_002819646.6	+	2	2	22	63	3	4	5	5	5	middle	middle	1.000	1.000	constitutive	constitutive	133	117	5
NC_071998.2	22157686	22158562	-2	1	-	NC_071998.2	22157894	22158522	CA9	XM_002819647.5	-	2	3	40	208	3	5	2	2	2	middle	middle	1.000	1.000	constitutive	constitutive	170	92	2
NC_071998.2	22183595	22184492	3	1	+	NC_071998.2	22183708	22184492	SIT1	XM_002819650.6	+	3	4	113	0	2	5	2	1	2	middle	last	0.500	1.000	unique	constitutive	135	230	1
NC_071998.2	22183595	22184492	3	1	+	NC_071998.2	22183708	22184492	SIT1	XM_009244296.3	+	3	3	113	0	2	4	2	1	2	middle	last	0.500	1.000	unique	constitutive	278	230	1
NC_071998.2	22271196	22271883	1	1	+	NC_071998.2	22271225	22271883	CIMIP2B	XM_024252489.3	+	1	3	29	0	3	6	1	1	1	middle	last	1.000	1.000	constitutive	constitutive	187	103	1
NC_071998.2	22753031	22753487	3	1	+	NC_071998.2	22753074	22753421	STOML2	XM_002819653.5	+	3	2	43	66	7	8	2	2	2	middle	middle	1.000	1.000	constitutive	constitutive	144	79	2
NC_071998.2	22858408	22859470	-2	1	-	NC_071998.2	22858409	22859400	DNAJB5	XM_024252763.3	-	2	2	70	1	2	3	5	5	5	middle	last	1.000	1.000	constitutive	constitutive	601	230	5
NC_071998.2	24488861	24489407	3	1	+	NC_071998.2	24488995	24489377	NOL6	XM_002819694.6	+	3	2	134	30	6	7	11	11	11	middle	middle	1.000	1.000	constitutive	constitutive	134	163	11
NC_071998.2	55887954	55888401	1	1	+	NC_071998.2	55887979	55888400	PUM3	XM_002819822.5	+	1	2	25	1	6	7	2	2	2	middle	middle	1.000	1.000	constitutive	constitutive	93	66	2
NC_071998.2	67827633	67827894	1	1	+	NC_071998.2	67827634	67827893	VPS13A	XM_024252431.3	+	1	2	1	1	66	67	6	6	6	middle	middle	1.000	1.000	constitutive	constitutive	45	123	6
NC_071998.2	79264942	79265455	-2	1	-	NC_071998.2	79264943	79265226	LOC129047762	XM_054519639.2	-	2	2	229	1	10	11	1	1	1	middle	last	1.000	1.000	constitutive	constitutive	116	61	1
NC_071998.2	79269564	79269996	-3	1	-	NC_071998.2	79269613	79269987	LOC129047762	XM_054519639.2	-	3	2	9	49	3	4	1	1	1	middle	middle	1.000	1.000	constitutive	constitutive	90	175	1
NC_071998.2	82192696	82193017	2	1	+	NC_071998.2	82192721	82193012	SEMA4D	XM_024252004.3	+	2	2	25	5	12	13	18	18	18	middle	middle	1.000	1.000	constitutive	constitutive	172	43	18
NC_071998.2	90070882	90071338	2	1	+	NC_071998.2	90070922	90071326	COL15A1	XM_002820027.6	+	2	2	40	12	18	19	3	3	3	middle	middle	1.000	1.000	constitutive	constitutive	140	68	3
NC_071999.2	104206666	104206948	2	1	+	NC_071999.2	104206667	104206918	IPO5	XM_002824379.6	+	2	2	1	30	20	21	4	4	4	middle	middle	1.000	1.000	constitutive	constitutive	111	55	4
NC_071999.2	107313631	107314126	-2	1	-	NC_071999.2	107313656	107314004	NALCN	XM_024231054.3	-	2	2	122	25	24	25	7	7	7	middle	middle	1.000	1.000	constitutive	constitutive	120	131	7
NC_071999.2	116475165	116475426	-3	1	-	NC_071999.2	116475193	116475426	COL4A1	XM_024230972.3	-	3	2	0	28	3	4	1	1	1	middle	middle	1.000	1.000	constitutive	constitutive	89	44	1
NC_071999.2	116764330	116764819	2	1	+	NC_071999.2	116764395	116764814	COL4A2	XM_024230971.3	+	2	2	65	5	43	44	2	2	2	middle	middle	1.000	1.000	constitutive	constitutive	146	116	2
NC_071999.2	119381785	119383171	2	1	+	NC_071999.2	119381825	119383171	F7	XM_054529291.2	+	2	2	40	0	7	8	2	2	2	middle	last	1.000	1.000	constitutive	constitutive	123	592	2
NC_071999.2	21191878	21192157	2	1	+	NC_071999.2	21191984	21192156	LOC134759922	XM_063715079.1	+	2	2	106	1	3	4	1	1	1	middle	middle	1.000	1.000	constitutive	constitutive	35	61	1
NC_071999.2	22905382	22905862	2	1	+	NC_071999.2	22905476	22905861	SAP18	NM_001135537.1	+	2	2	94	1	1	2	1	1	1	first	middle	1.000	1.000	constitutive	constitutive	71	109	1
NC_071999.2	32958997	32959354	-2	1	-	NC_071999.2	32959006	32959333	FLT3	XM_024230909.3	-	2	2	21	9	13	14	1	1	1	middle	middle	1.000	1.000	constitutive	constitutive	132	104	1
NC_071999.2	41995859	41996279	-1	1	-	NC_071999.2	41995965	41996271	SUPT20H	NM_001135503.1	-	1	2	8	106	9	10	51	51	51	middle	middle	1.000	1.000	constitutive	constitutive	156	56	51
NC_071999.2	53472458	53472986	-1	1	-	NC_071999.2	53472549	53472953	RCBTB2	NM_001131702.1	-	1	2	33	91	5	6	10	9	9	middle	middle	0.900	0.900	alternative	alternative	158	107	9
NC_071999.2	57776575	57779845	-2	1	-	NC_071999.2	57776767	57779782	PCDH8	XM_002824309.5	-	2	2	63	192	1	2	2	1	2	first	middle	0.500	1.000	unique	constitutive	2630	207	1
NC_071999.2	57776575	57779845	-2	1	-	NC_071999.2	57776767	57779782	PCDH8	XM_002824310.5	-	2	2	63	192	1	2	2	1	2	first	middle	0.500	1.000	unique	constitutive	2339	207	1
NC_072000.2	100936466	100936808	3	1	+	NC_072000.2	100936471	100936789	PAPOLA	XM_024231395.3	+	3	2	5	19	8	9	6	6	6	middle	middle	1.000	1.000	constitutive	constitutive	89	138	6
NC_072000.2	104146453	104147059	2	1	+	NC_072000.2	104146528	104147059	LOC100440873	XM_024231330.3	+	2	2	75	0	14	15	3	2	2	middle	last	0.667	0.667	alternative	alternative	66	167	2
NC_072000.2	106647822	106648302	-3	1	-	NC_072000.2	106647823	106648176	MOK	XM_054530565.2	-	3	2	126	1	11	12	17	1	1	middle	last	0.059	0.059	unique	unique	243	19	1
NC_072000.2	107358698	107359391	3	1	+	NC_072000.2	107358750	107359328	AMN	XM_054530621.2	+	3	2	52	63	10	12	1	1	1	middle	middle	1.000	1.000	constitutive	constitutive	162	87	1
NC_072000.2	107368099	107368780	-2	1	-	NC_072000.2	107368354	107368632	CDC42BPB	XM_002825127.6	-	2	2	148	255	31	32	4	4	4	middle	middle	1.000	1.000	constitutive	constitutive	97	84	4
NC_072000.2	107526948	107527479	1	1	+	NC_072000.2	107527023	107527458	EXOC3L4	XM_024231856.3	+	1	2	75	21	3	4	1	1	1	middle	middle	1.000	1.000	constitutive	constitutive	111	122	1
NC_072000.2	107555218	107555827	2	1	+	NC_072000.2	107555381	107555826	TNFAIP2	XM_024231841.3	+	2	2	163	1	9	10	4	3	3	middle	middle	0.750	0.750	alternative	alternative	155	121	3
NC_072000.2	108630523	108631507	2	1	+	NC_072000.2	108630573	108631109	KIF26A	XM_054530581.2	+	2	2	50	398	8	9	4	4	4	middle	middle	1.000	1.000	constitutive	constitutive	262	183	4
NC_072000.2	109213210	109214569	2	1	+	NC_072000.2	109213328	109214414	INF2	XM_054530585.2	+	2	2	118	155	6	7	5	5	5	middle	middle	1.000	1.000	constitutive	constitutive	141	743	5
NC_072000.2	109283144	109283636	-1	1	-	NC_072000.2	109283247	109283516	AKT1	XM_024231565.3	-	1	2	120	103	5	6	5	5	5	middle	middle	1.000	1.000	constitutive	constitutive	131	65	5
NC_072000.2	109471072	109471456	-2	1	-	NC_072000.2	109471097	109471359	AHNAK2	XM_024231542.3	-	2	2	97	25	3	4	3	2	2	middle	middle	0.667	0.667	alternative	alternative	58	98	2
NC_072000.2	109659799	109660462	-2	1	-	NC_072000.2	109660037	109660344	JAG2	XM_024231549.2	-	2	2	118	238	11	12	2	2	2	middle	middle	1.000	1.000	constitutive	constitutive	46	173	2
NC_072000.2	109660531	109661239	-2	1	-	NC_072000.2	109660690	109661145	JAG2	XM_024231549.2	-	2	2	94	159	8	9	2	2	2	middle	middle	1.000	1.000	constitutive	constitutive	113	113	2
NC_072000.2	109979884	109980766	2	1	+	NC_072000.2	109979931	109980677	CRIP2	NM_001132772.1	+	2	3	47	89	4	7	3	3	3	middle	middle	1.000	1.000	constitutive	constitutive	140	57	3
NC_072000.2	24534771	24535224	1	1	+	NC_072000.2	24534823	24535197	TMEM253	XM_063715471.1	+	1	2	52	27	4	5	1	1	1	middle	middle	1.000	1.000	constitutive	constitutive	110	146	1
NC_072000.2	26427538	26427868	-2	1	-	NC_072000.2	26427540	26427825	RBM23	NM_001131279.1	-	2	2	43	2	10	11	8	8	6	middle	middle	1.000	0.750	constitutive	alternative	119	69	6
NC_072000.2	26427538	26427868	-2	1	-	NC_072000.2	26427539	26427825	RBM23	XM_009248915.4	-	2	2	43	1	11	12	8	8	2	middle	last	1.000	0.250	constitutive	alternative	119	70	2
NC_072000.2	26431200	26431596	-3	1	-	NC_072000.2	26431225	26431596	RBM23	NM_001131279.1	-	3	2	0	25	6	7	8	8	8	middle	middle	1.000	1.000	constitutive	constitutive	152	137	8
NC_072000.2	26576599	26577337	-2	1	-	NC_072000.2	26576623	26577235	CDH24	XM_009248928.4	-	2	2	102	24	9	10	7	7	7	middle	middle	1.000	1.000	constitutive	constitutive	111	248	7
NC_072000.2	26934760	26935570	-2	1	-	NC_072000.2	26934823	26935372	MYH6	XM_024231446.3	-	2	2	198	63	2	3	1	1	1	middle	middle	1.000	1.000	constitutive	constitutive	143	156	1
NC_072000.2	26962164	26962599	-3	1	-	NC_072000.2	26962166	26962482	LOC100448828	XM_024231447.2	-	3	2	117	2	3	4	2	2	2	middle	middle	1.000	1.000	constitutive	constitutive	156	27	2
NC_072000.2	27599277	27599715	1	1	+	NC_072000.2	27599370	27599655	CARMIL3	XM_024231619.3	+	1	2	93	60	23	24	11	11	11	middle	middle	1.000	1.000	constitutive	constitutive	93	98	11
NC_072000.2	27613646	27614225	3	1	+	NC_072000.2	27613743	27614066	CPNE6	NM_001134170.1	+	3	2	97	159	4	5	1	1	1	middle	middle	1.000	1.000	constitutive	constitutive	74	83	1
NC_072000.2	27616256	27616949	3	1	+	NC_072000.2	27616318	27616829	CPNE6	NM_001134170.1	+	3	2	62	120	13	14	1	1	1	middle	middle	1.000	1.000	constitutive	constitutive	133	236	1
NC_072000.2	27697649	27698003	3	1	+	NC_072000.2	27697692	27697970	RNF31	XM_024231410.3	+	3	2	43	33	13	14	3	3	3	middle	middle	1.000	1.000	constitutive	constitutive	98	89	3
NC_072000.2	27705221	27705797	3	1	+	NC_072000.2	27705222	27705767	IRF9	XM_009248969.4	+	3	2	1	30	2	3	5	4	4	middle	middle	0.800	0.800	alternative	alternative	183	130	4
NC_072000.2	27707948	27708506	3	1	+	NC_072000.2	27708101	27708506	IRF9	XM_054529912.2	+	3	2	153	0	8	9	5	2	2	middle	last	0.400	0.400	alternative	alternative	115	130	2
NC_072000.2	27715469	27715844	3	1	+	NC_072000.2	27715544	27715843	REC8	XM_009248971.4	+	3	2	75	1	3	4	3	3	3	middle	middle	1.000	1.000	constitutive	constitutive	142	72	3
NC_072000.2	27730003	27730450	-2	1	-	NC_072000.2	27730028	27730424	IPO4	NM_001131166.2	-	2	2	26	25	5	6	6	6	6	middle	middle	1.000	1.000	constitutive	constitutive	129	179	6
NC_072000.2	27751974	27752484	-3	1	-	NC_072000.2	27752007	27752425	CHMP4A	XM_054529925.2	-	3	2	59	33	4	5	1	1	1	middle	middle	1.000	1.000	constitutive	constitutive	114	135	1
NC_072000.2	27778933	27779365	2	1	+	NC_072000.2	27779022	27779339	GMPR2	XM_009248951.3	+	2	2	89	26	6	7	7	6	6	middle	middle	0.857	0.857	alternative	alternative	106	42	6
NC_072000.2	27796030	27796795	-2	1	-	NC_072000.2	27796085	27796674	TGM1	XM_002824604.4	-	2	2	121	55	11	12	1	1	1	middle	middle	1.000	1.000	constitutive	constitutive	281	160	1
NC_072000.2	27809753	27810299	-1	1	-	NC_072000.2	27809903	27810215	RABGGTA	NM_001133624.1	-	1	2	84	150	8	9	1	1	1	middle	middle	1.000	1.000	constitutive	constitutive	101	105	1
NC_072000.2	27871009	27871720	-2	1	-	NC_072000.2	27871316	27871654	ADCY4	XM_009248981.4	-	2	2	66	307	5	6	1	1	1	middle	middle	1.000	1.000	constitutive	constitutive	148	111	1
NC_072000.2	27950589	27951183	1	1	+	NC_072000.2	27950637	27951011	NYNRIN	XM_002824618.6	+	1	2	48	172	4	5	2	2	2	middle	middle	1.000	1.000	constitutive	constitutive	130	96	2
NC_072000.2	77501046	77501838	1	1	+	NC_072000.2	77501244	77501761	PAPLN	XM_054530793.2	+	1	2	198	77	4	5	13	12	12	middle	middle	0.923	0.923	alternative	alternative	60	102	12
NC_072000.2	78535873	78536362	-2	1	-	NC_072000.2	78535875	78536193	ABCD4	XM_024231644.3	-	2	2	169	2	9	10	7	7	7	middle	middle	1.000	1.000	constitutive	constitutive	121	91	7
NC_072000.2	81219487	81219889	2	1	+	NC_072000.2	81219551	81219889	LOC129049943	XM_054530881.2	+	2	2	64	0	1	2	1	1	1	first	last	1.000	1.000	constitutive	constitutive	62	194	1
NC_072001.2	14453375	14453969	-1	1	-	NC_072001.2	14453646	14453969	LOC129050238	XM_054532000.2	-	1	2	0	271	3	4	3	3	3	middle	middle	1.000	1.000	constitutive	constitutive	59	80	3
NC_072001.2	14535938	14536196	-1	1	-	NC_072001.2	14535980	14536196	LOC129050237	XM_054531996.1	-	1	2	0	42	5	6	10	8	8	middle	middle	0.800	0.800	alternative	alternative	47	84	8
NC_072001.2	15528134	15528563	-1	1	-	NC_072001.2	15528152	15528542	LOC129050254	XM_054532049.2	-	1	2	21	18	10	11	2	2	2	middle	middle	1.000	1.000	constitutive	constitutive	107	87	2
NC_072001.2	15531086	15531680	-1	1	-	NC_072001.2	15531357	15531680	LOC129050254	XM_054532049.2	-	1	2	0	271	3	4	2	2	2	middle	middle	1.000	1.000	constitutive	constitutive	59	80	2
NC_072001.2	15619908	15620166	-3	1	-	NC_072001.2	15619950	15620166	LOC129050255	XM_054532053.2	-	3	2	0	42	5	6	3	3	3	middle	middle	1.000	1.000	constitutive	constitutive	47	84	3
NC_072001.2	16192470	16192992	-3	1	-	NC_072001.2	16192612	16192902	LOC129050265	XM_054532067.2	-	3	2	90	142	4	5	2	1	1	middle	middle	0.500	0.500	unique	unique	87	106	1
NC_072001.2	16393657	16393915	2	1	+	NC_072001.2	16393658	16393874	LOC129050273	XM_054532092.1	+	2	2	1	41	5	6	8	8	8	middle	middle	1.000	1.000	constitutive	constitutive	47	84	8
NC_072001.2	16622671	16623160	2	1	+	NC_072001.2	16622756	16623007	LOC129050269	XM_063716429.1	+	2	2	85	153	1	2	1	1	1	first	middle	1.000	1.000	constitutive	constitutive	71	53	1
NC_072001.2	16897450	16898989	2	1	+	NC_072001.2	16897674	16898989	LOC100431912	XM_054532167.2	+	2	2	224	0	9	10	1	1	1	middle	last	1.000	1.000	constitutive	constitutive	97	1040	1
NC_072001.2	17460517	17461222	-2	1	-	NC_072001.2	17460707	17461138	LOC129050278	XM_063716430.1	-	2	2	84	190	1	2	1	1	1	first	middle	1.000	1.000	constitutive	constitutive	76	48	1
NC_072001.2	17741341	17741971	2	1	+	NC_072001.2	17741359	17741971	LOC129050294	XM_054532166.2	+	2	2	18	0	10	12	2	2	2	middle	last	1.000	1.000	constitutive	constitutive	100	181	2
NC_072001.2	18218801	18219059	3	1	+	NC_072001.2	18218802	18219018	LOC129050274	XM_054532100.2	+	3	2	1	41	5	6	8	8	8	middle	middle	1.000	1.000	constitutive	constitutive	47	84	8
NC_072001.2	18301118	18301712	3	1	+	NC_072001.2	18301119	18301442	LOC129050270	XM_054532077.2	+	3	2	1	270	3	4	1	1	1	middle	middle	1.000	1.000	constitutive	constitutive	59	80	1
NC_072001.2	19339533	19340127	-3	1	-	NC_072001.2	19339804	19340127	LOC129053823	XM_054545913.2	-	3	2	0	271	3	4	6	6	6	middle	middle	1.000	1.000	constitutive	constitutive	59	80	6
NC_072001.2	19421964	19422222	-3	1	-	NC_072001.2	19422006	19422222	LOC129050320	XM_054532284.2	-	3	2	0	42	6	7	5	5	5	middle	middle	1.000	1.000	constitutive	constitutive	47	84	5
NC_072001.2	20913550	20914144	-2	1	-	NC_072001.2	20913821	20914144	LOC129050319	XM_054532273.1	-	2	2	0	271	3	4	3	3	3	middle	middle	1.000	1.000	constitutive	constitutive	59	80	3
NC_072001.2	22058758	22059280	-2	1	-	NC_072001.2	22058900	22059196	LOC100438855	XM_063716432.1	-	2	2	84	142	5	6	1	1	1	middle	middle	1.000	1.000	constitutive	constitutive	93	106	1
NC_072001.2	22261401	22261659	1	1	+	NC_072001.2	22261402	22261618	LOC129050323	XM_054532306.1	+	1	2	1	41	5	6	8	8	8	middle	middle	1.000	1.000	constitutive	constitutive	47	84	8
NC_072001.2	23677395	23677653	1	1	+	NC_072001.2	23677396	23677612	LOC129050321	XM_054532288.1	+	1	2	1	41	5	6	8	8	8	middle	middle	1.000	1.000	constitutive	constitutive	47	84	8
NC_072001.2	24025092	24025530	-3	1	-	NC_072001.2	24025114	24025510	LOC103889472	XM_054532398.2	-	3	2	20	22	2	3	1	1	1	middle	middle	1.000	1.000	constitutive	constitutive	179	129	1
NC_072001.2	24321136	24321394	2	1	+	NC_072001.2	24321137	24321353	LOC112131820	XM_054545837.2	+	2	2	1	41	5	6	8	8	8	middle	middle	1.000	1.000	constitutive	constitutive	47	84	8
NC_072001.2	24698540	24700079	3	1	+	NC_072001.2	24698764	24700079	LOC100445850	XM_054532421.2	+	3	2	224	0	9	10	1	1	1	middle	last	1.000	1.000	constitutive	constitutive	97	1040	1
NC_072001.2	30813820	30814279	2	1	+	NC_072001.2	30813821	30814144	GOLGA8S	XM_054532449.1	+	2	2	1	135	3	4	1	1	1	middle	middle	1.000	1.000	constitutive	constitutive	59	80	1
NC_072001.2	30815305	30815566	2	1	+	NC_072001.2	30815306	30815525	GOLGA8S	XM_054532449.1	+	2	2	1	41	6	7	1	1	1	middle	middle	1.000	1.000	constitutive	constitutive	51	83	1
NC_072001.2	30820883	30821516	3	1	+	NC_072001.2	30820901	30821516	GOLGA8S	XM_054532449.1	+	3	2	18	0	17	19	1	1	1	middle	last	1.000	1.000	constitutive	constitutive	100	172	1
NC_072001.2	31340194	31340821	-2	1	-	NC_072001.2	31340195	31340804	LOC100452651	XM_054532483.2	-	2	2	17	1	18	20	1	1	1	middle	last	1.000	1.000	constitutive	constitutive	100	172	1
NC_072001.2	31346119	31346380	-2	1	-	NC_072001.2	31346161	31346379	LOC100452651	XM_054532483.2	-	2	2	1	42	7	8	1	1	1	middle	middle	1.000	1.000	constitutive	constitutive	46	84	1
NC_072001.2	31347453	31347843	-3	1	-	NC_072001.2	31347523	31347843	LOC100452651	XM_054532483.2	-	3	2	0	70	3	4	1	1	1	middle	middle	1.000	1.000	constitutive	constitutive	59	77	1
NC_072001.2	32906883	32907504	1	1	+	NC_072001.2	32906901	32907504	LOC100457464	XM_054532484.2	+	1	2	18	0	18	20	1	1	1	middle	last	1.000	1.000	constitutive	constitutive	100	172	1
NC_072001.2	34649180	34649438	-1	1	-	NC_072001.2	34649222	34649438	LOC100449919	XM_054532490.2	-	1	2	0	42	5	6	10	9	9	middle	middle	0.900	0.900	alternative	alternative	47	84	9
NC_072001.2	34933138	34933465	2	1	+	NC_072001.2	34933139	34933462	LOC129050450	XM_054532530.1	+	2	2	1	3	3	4	2	2	2	middle	middle	1.000	1.000	constitutive	constitutive	59	80	2
NC_072001.2	34940225	34940846	3	1	+	NC_072001.2	34940243	34940846	LOC129050450	XM_054532530.1	+	3	2	18	0	17	19	2	2	2	middle	last	1.000	1.000	constitutive	constitutive	100	172	2
NC_072001.2	35068991	35069249	3	1	+	NC_072001.2	35068992	35069208	LOC112131969	XM_054532532.2	+	3	2	1	41	6	7	5	3	3	middle	middle	0.600	0.600	alternative	alternative	47	84	3
NC_072001.2	35154729	35155356	1	1	+	NC_072001.2	35154747	35155356	LOC129050449	XM_054532521.2	+	1	2	18	0	17	19	6	6	6	middle	last	1.000	1.000	constitutive	constitutive	100	172	6
NC_072001.2	35298831	35299089	1	1	+	NC_072001.2	35298832	35299048	LOC129050448	XM_054532511.2	+	1	2	1	41	5	6	9	9	9	middle	middle	1.000	1.000	constitutive	constitutive	47	84	9
NC_072001.2	37150502	37150760	-1	1	-	NC_072001.2	37150544	37150760	LOC100439374	XM_054532577.1	-	1	2	0	42	5	6	3	2	2	middle	middle	0.667	0.667	alternative	alternative	47	84	2
NC_072001.2	37269073	37269667	-2	1	-	NC_072001.2	37269344	37269667	LOC129050460	XM_054532571.2	-	2	2	0	271	3	4	4	4	4	middle	middle	1.000	1.000	constitutive	constitutive	59	80	4
NC_072001.2	37348908	37349529	-3	1	-	NC_072001.2	37348909	37349512	LOC129050461	XM_054532573.2	-	3	2	17	1	16	18	3	3	3	middle	last	1.000	1.000	constitutive	constitutive	100	172	3
NC_072001.2	37354841	37355102	-1	1	-	NC_072001.2	37354883	37355102	LOC129050461	XM_054532573.2	-	1	2	0	42	5	6	3	3	3	middle	middle	1.000	1.000	constitutive	constitutive	47	84	3
NC_072001.2	42944641	42945205	-2	1	-	NC_072001.2	42944902	42945142	SRP14	NM_001131937.1	-	2	2	63	261	1	2	1	1	1	first	middle	1.000	1.000	constitutive	constitutive	23	72	1
NC_072001.2	43170807	43171728	1	1	+	NC_072001.2	43170928	43171703	PAK6	NM_001132552.1	+	1	2	121	25	3	4	2	2	2	middle	middle	1.000	1.000	constitutive	constitutive	497	133	2
NC_072001.2	43172009	43172495	3	1	+	NC_072001.2	43172048	43172378	PAK6	NM_001132552.1	+	3	2	39	117	5	6	2	2	2	middle	middle	1.000	1.000	constitutive	constitutive	126	125	2
NC_072001.2	43195116	43195548	-3	1	-	NC_072001.2	43195162	43195548	PLCB2	XM_024232487.2	-	3	2	0	46	14	15	6	4	5	middle	middle	0.667	0.833	alternative	alternative	162	112	4
NC_072001.2	43195116	43195548	-3	1	-	NC_072001.2	43195162	43195548	PLCB2	XM_024232488.2	-	3	2	0	46	14	15	6	1	5	middle	middle	0.167	0.833	unique	alternative	150	112	1
NC_072001.2	43675906	43676731	-2	1	-	NC_072001.2	43676209	43676640	DNAJC17	XM_009249727.4	-	2	2	91	303	5	6	1	1	1	middle	middle	1.000	1.000	constitutive	constitutive	85	96	1
NC_072001.2	44406919	44407387	2	1	+	NC_072001.2	44406935	44407323	ITPKA	XM_024232634.3	+	2	2	16	64	2	3	1	1	1	middle	middle	1.000	1.000	constitutive	constitutive	96	216	1
NC_072001.2	44409455	44410133	-1	1	-	NC_072001.2	44409456	44409891	LTK	XM_054532607.1	-	1	2	242	1	18	19	1	1	1	middle	last	1.000	1.000	constitutive	constitutive	90	245	1
NC_072001.2	44416578	44417061	-3	1	-	NC_072001.2	44416605	44417019	LTK	XM_054532607.1	-	3	2	42	27	5	6	1	1	1	middle	middle	1.000	1.000	constitutive	constitutive	156	182	1
NC_072001.2	44428598	44429498	-1	1	-	NC_072001.2	44428720	44429445	RPAP1	NM_001133997.2	-	1	2	53	122	16	17	6	6	6	middle	middle	1.000	1.000	constitutive	constitutive	201	109	6
NC_072001.2	44749061	44749742	3	1	+	NC_072001.2	44749139	44749593	MAPKBP1	XM_002825335.4	+	3	2	78	149	24	25	2	2	2	middle	middle	1.000	1.000	constitutive	constitutive	145	194	2
NC_072001.2	44763201	44763837	1	1	+	NC_072001.2	44763326	44763741	JMJD7	NM_001204225.3	+	1	2	125	96	5	6	1	1	1	middle	middle	1.000	1.000	constitutive	constitutive	95	76	1
NC_072001.2	44782447	44783218	-2	1	-	NC_072001.2	44782460	44782981	SPTBN5	XM_009249756.3	-	2	2	237	13	54	55	1	1	1	middle	middle	1.000	1.000	constitutive	constitutive	196	204	1
NC_072001.2	44785933	44786452	-2	1	-	NC_072001.2	44786009	44786387	SPTBN5	XM_009249756.3	-	2	2	65	76	48	49	1	1	1	middle	middle	1.000	1.000	constitutive	constitutive	90	146	1
NC_072001.2	44809251	44809959	-3	1	-	NC_072001.2	44809417	44809959	SPTBN5	XM_009249756.3	-	3	2	0	166	11	12	1	1	1	middle	middle	1.000	1.000	constitutive	constitutive	200	209	1
NC_072001.2	45002566	45003199	-2	1	-	NC_072001.2	45002734	45003162	PLA2G4D	XM_024232772.2	-	2	2	37	168	16	17	1	1	1	middle	middle	1.000	1.000	constitutive	constitutive	107	194	1
NC_072001.2	45085866	45086454	-3	1	-	NC_072001.2	45086017	45086387	PLA2G4F	XM_002825342.4	-	3	2	67	151	3	4	1	1	1	middle	middle	1.000	1.000	constitutive	constitutive	136	128	1
NC_072001.2	45676157	45676757	-1	1	-	NC_072001.2	45676163	45676731	CDAN1	XM_024232508.3	-	1	2	26	6	3	4	7	2	6	middle	middle	0.286	0.857	alternative	alternative	203	169	2
NC_072001.2	45676157	45676757	-1	1	-	NC_072001.2	45676163	45676734	CDAN1	XM_024232509.3	-	1	2	23	6	3	4	7	4	6	middle	middle	0.571	0.857	alternative	alternative	206	169	4
NC_072001.2	46107935	46108523	3	1	+	NC_072001.2	46108026	46108383	CCNDBP1	NM_001131130.2	+	3	2	91	140	1	2	2	1	1	first	middle	0.500	0.500	unique	unique	108	59	1
NC_072001.2	46440679	46449346	2	1	+	NC_072001.2	46440680	46449220	MAP1A	XM_002825374.6	+	2	2	1	126	5	6	2	1	2	middle	middle	0.500	1.000	unique	constitutive	8178	220	1
NC_072001.2	46440679	46449346	2	1	+	NC_072001.2	46440830	46449220	MAP1A	XM_024232534.3	+	2	2	151	126	1	2	2	1	2	first	middle	0.500	1.000	unique	constitutive	8028	220	1
NC_072001.2	46609869	46610256	1	1	+	NC_072001.2	46609894	46610217	LOC100435206	XM_002825384.6	+	1	2	25	39	5	6	3	3	3	middle	middle	1.000	1.000	constitutive	constitutive	85	123	3
NC_072001.2	48005014	48005590	-2	1	-	NC_072001.2	48005121	48005527	DUOX2	XM_024232482.2	-	2	2	63	107	18	19	2	2	2	middle	middle	1.000	1.000	constitutive	constitutive	225	93	2
NC_072001.2	48011976	48013257	-3	1	-	NC_072001.2	48012265	48012738	DUOX2	XM_024232482.2	-	3	2	519	289	5	6	2	2	2	middle	middle	1.000	1.000	constitutive	constitutive	201	166	2
NC_072001.2	48036162	48037344	1	1	+	NC_072001.2	48036586	48037056	DUOX1	XM_024232805.2	+	1	2	424	288	5	6	1	1	1	middle	middle	1.000	1.000	constitutive	constitutive	201	166	1
NC_072001.2	51052043	51052382	3	1	+	NC_072001.2	51052066	51052346	SLC24A5	XM_024232515.2	+	3	2	23	36	3	4	1	1	1	middle	middle	1.000	1.000	constitutive	constitutive	83	103	1
NC_072001.2	69456570	69457068	1	1	+	NC_072001.2	69456597	69457026	DIS3L	NM_001133251.2	+	1	2	27	42	13	14	1	1	1	middle	middle	1.000	1.000	constitutive	constitutive	154	178	1
NC_072001.2	75520174	75521023	-2	1	-	NC_072001.2	75520318	75520687	CELF6	XM_024232484.3	-	2	2	336	144	7	8	15	15	12	middle	middle	1.000	0.800	constitutive	alternative	132	149	12
NC_072001.2	75520174	75521023	-2	1	-	NC_072001.2	75520318	75520687	CELF6	XM_024232486.3	-	2	2	336	144	5	6	15	15	3	middle	middle	1.000	0.200	constitutive	alternative	132	146	3
NC_072001.2	76558113	76559991	-3	1	-	NC_072001.2	76558114	76559882	HCN4	XM_024232616.3	-	3	2	109	1	7	8	1	1	1	middle	last	1.000	1.000	constitutive	constitutive	164	1465	1
NC_072001.2	77671448	77672210	-1	1	-	NC_072001.2	77671673	77672048	SEMA7A	XM_002825657.5	-	1	2	162	225	4	5	1	1	1	middle	middle	1.000	1.000	constitutive	constitutive	92	84	1
NC_072001.2	77837963	77838989	3	1	+	NC_072001.2	77838170	77838834	ARID3B	XM_009250020.4	+	3	2	207	155	5	6	2	2	2	middle	middle	1.000	1.000	constitutive	constitutive	283	254	2
NC_072001.2	78582492	78583167	-3	1	-	NC_072001.2	78582494	78583069	MAN2C1	NM_001133946.1	-	3	3	98	2	23	25	21	21	21	middle	middle	1.000	1.000	constitutive	constitutive	79	109	21
NC_072001.2	78995224	78995494	2	1	+	NC_072001.2	78995225	78995453	LOC129050518	XM_054532942.2	+	2	2	1	41	5	6	4	4	4	middle	middle	1.000	1.000	constitutive	constitutive	50	81	4
NC_072001.2	81656661	81657093	1	1	+	NC_072001.2	81656681	81657093	DNAJA4	XM_002825716.4	+	1	2	20	0	7	8	1	1	1	middle	last	1.000	1.000	constitutive	constitutive	100	212	1
NC_072001.2	82158428	82159274	-1	1	-	NC_072001.2	82158610	82159154	ADAMTS7	XM_024232755.3	-	1	2	120	182	5	6	4	4	4	middle	middle	1.000	1.000	constitutive	constitutive	83	124	4
NC_072001.2	87381805	87382747	2	1	+	NC_072001.2	87381863	87382410	AP3B2	XM_024232511.3	+	2	2	58	337	7	8	4	4	4	middle	middle	1.000	1.000	constitutive	constitutive	182	283	4
NC_072001.2	87398941	87399394	2	1	+	NC_072001.2	87398965	87399380	AP3B2	XM_024232511.3	+	2	2	24	14	20	21	4	4	4	middle	middle	1.000	1.000	constitutive	constitutive	174	60	4
NC_072001.2	87852913	87853669	-2	1	-	NC_072001.2	87853106	87853598	SLC28A1	XM_024232293.2	-	2	2	71	193	12	13	2	2	2	middle	middle	1.000	1.000	constitutive	constitutive	168	197	2
NC_072001.2	92403827	92404580	-1	1	-	NC_072001.2	92403927	92404341	POLG	XM_024232414.3	-	1	2	239	100	10	11	2	2	2	middle	middle	1.000	1.000	constitutive	constitutive	120	86	2
NC_072001.2	93311804	93312878	3	1	+	NC_072001.2	93312318	93312746	SEMA4B	XM_009250150.4	+	3	2	514	132	10	11	3	3	3	middle	middle	1.000	1.000	constitutive	constitutive	210	115	3
NC_072001.2	94035873	94036416	1	1	+	NC_072001.2	94035985	94036362	UNC45A	NM_001133911.1	+	1	2	112	54	1	2	1	1	1	first	middle	1.000	1.000	constitutive	constitutive	5	161	1
NC_072001.2	94056377	94056884	3	1	+	NC_072001.2	94056446	94056827	UNC45A	NM_001133911.1	+	3	2	69	57	18	19	1	1	1	middle	middle	1.000	1.000	constitutive	constitutive	117	155	1
NC_072002.2	61413806	61415999	-2	1	-	NC_072002.2	61413807	61415519	LOC134760334	XM_063717004.1	-	2	2	480	1	1	2	1	1	1	first	last	1.000	1.000	constitutive	constitutive	1521	115	1
NC_072002.2	61431479	61433672	-2	1	-	NC_072002.2	61431480	61433192	LOC134760336	XM_063717006.1	-	2	2	480	1	1	2	1	1	1	first	last	1.000	1.000	constitutive	constitutive	1521	115	1
NC_072002.2	61437370	61439563	-3	1	-	NC_072002.2	61437371	61439083	LOC134760337	XM_063717007.1	-	3	2	480	1	1	2	1	1	1	first	last	1.000	1.000	constitutive	constitutive	1521	115	1
NC_072002.2	61443259	61445452	-3	1	-	NC_072002.2	61443260	61444972	LOC129051568	XM_063717008.1	-	3	2	480	1	1	2	1	1	1	first	last	1.000	1.000	constitutive	constitutive	1521	115	1
NC_072002.2	61455035	61457228	-2	1	-	NC_072002.2	61455036	61456748	LOC129051581	XM_063717010.1	-	2	2	480	1	1	2	1	1	1	first	last	1.000	1.000	constitutive	constitutive	1521	115	1
NC_072002.2	61460924	61463117	-2	1	-	NC_072002.2	61460925	61462637	LOC134760338	XM_063717011.1	-	2	2	480	1	1	2	1	1	1	first	last	1.000	1.000	constitutive	constitutive	1521	115	1
NC_072002.2	61466813	61469006	-2	1	-	NC_072002.2	61466814	61468526	LOC134760339	XM_063717012.1	-	2	2	480	1	1	2	1	1	1	first	last	1.000	1.000	constitutive	constitutive	1521	115	1
NC_072002.2	61519789	61521982	-3	1	-	NC_072002.2	61519790	61521502	LOC129051573	XM_063717014.1	-	3	2	480	1	1	2	1	1	1	first	last	1.000	1.000	constitutive	constitutive	1521	115	1
NC_072002.2	61537451	61539644	-2	1	-	NC_072002.2	61537452	61539164	LOC129051584	XM_063717015.1	-	2	2	480	1	1	2	1	1	1	first	last	1.000	1.000	constitutive	constitutive	1521	115	1
NC_072002.2	61560994	61563187	-3	1	-	NC_072002.2	61560995	61562707	LOC134760341	XM_063717017.1	-	3	2	480	1	1	2	1	1	1	first	last	1.000	1.000	constitutive	constitutive	1521	115	1
NC_072002.2	61566880	61569073	-3	1	-	NC_072002.2	61566881	61568593	LOC134760342	XM_063717018.1	-	3	2	480	1	1	2	1	1	1	first	last	1.000	1.000	constitutive	constitutive	1521	115	1
NC_072002.2	61578659	61580852	-2	1	-	NC_072002.2	61578660	61580372	LOC129051586	XM_054537876.2	-	2	2	480	1	1	2	1	1	1	first	last	1.000	1.000	constitutive	constitutive	1521	115	1
NC_072002.2	61584550	61586743	-3	1	-	NC_072002.2	61584551	61586263	LOC129051575	XM_063717019.1	-	3	2	480	1	1	2	1	1	1	first	last	1.000	1.000	constitutive	constitutive	1521	115	1
NC_072002.2	61625792	61627985	-2	1	-	NC_072002.2	61625793	61627505	LOC129051577	XM_063717020.1	-	2	2	480	1	1	2	1	1	1	first	last	1.000	1.000	constitutive	constitutive	1534	102	1
NC_072002.2	61643468	61645661	-2	1	-	NC_072002.2	61643469	61645181	LOC134760343	XM_063717021.1	-	2	2	480	1	1	2	1	1	1	first	last	1.000	1.000	constitutive	constitutive	1534	102	1
NC_072002.2	61672903	61675096	-3	1	-	NC_072002.2	61672904	61674616	LOC134760347	XM_063717025.1	-	3	2	480	1	1	2	1	1	1	first	last	1.000	1.000	constitutive	constitutive	1521	115	1
NC_072002.2	61696463	61698656	-2	1	-	NC_072002.2	61696464	61698176	LOC134760349	XM_063717027.1	-	2	2	480	1	1	2	1	1	1	first	last	1.000	1.000	constitutive	constitutive	1534	102	1
NC_072002.2	61708232	61710425	-2	1	-	NC_072002.2	61708233	61709945	LOC134760350	XM_063717028.1	-	2	2	480	1	1	2	1	1	1	first	last	1.000	1.000	constitutive	constitutive	1521	115	1
NC_072002.2	61714120	61716313	-3	1	-	NC_072002.2	61714121	61715833	LOC129051574	XM_063717029.1	-	3	2	480	1	1	2	1	1	1	first	last	1.000	1.000	constitutive	constitutive	1521	115	1
NC_072002.2	61725910	61728103	-3	1	-	NC_072002.2	61725911	61727623	LOC134760352	XM_063717031.1	-	3	2	480	1	1	2	1	1	1	first	last	1.000	1.000	constitutive	constitutive	1521	115	1
NC_072002.2	61737691	61739884	-3	1	-	NC_072002.2	61737692	61739404	LOC134760353	XM_063717032.1	-	3	2	480	1	1	2	1	1	1	first	last	1.000	1.000	constitutive	constitutive	1521	115	1
NC_072002.2	61767147	61769343	-1	1	-	NC_072002.2	61767148	61768863	LOC134760354	XM_063717034.1	-	1	2	480	1	1	2	1	1	1	first	last	1.000	1.000	constitutive	constitutive	1534	102	1
NC_072002.2	65042572	65043124	-3	1	-	NC_072002.2	65042714	65043080	MBD1	XM_024235868.3	-	3	2	44	142	5	6	50	50	50	middle	middle	1.000	1.000	constitutive	constitutive	82	40	50
NC_072002.2	65049002	65049761	-2	1	-	NC_072002.2	65049141	65049648	CXXC1	XM_024236066.2	-	2	2	113	139	13	14	5	5	5	middle	middle	1.000	1.000	constitutive	constitutive	96	152	5
NC_072002.2	65049977	65050622	-2	1	-	NC_072002.2	65049993	65050389	CXXC1	XM_024236066.2	-	2	2	233	16	10	11	5	5	5	middle	middle	1.000	1.000	constitutive	constitutive	207	110	5
NC_072002.2	72543802	72544087	-3	1	-	NC_072002.2	72543804	72544052	ATP8B1	XM_024235976.3	-	3	2	35	2	6	7	8	8	8	middle	middle	1.000	1.000	constitutive	constitutive	72	70	8
NC_072003.2	11154081	11154582	-3	1	-	NC_072003.2	11154087	11154532	GRIN2A	XM_054533449.1	-	3	2	50	6	5	6	2	2	2	middle	middle	1.000	1.000	constitutive	constitutive	168	153	2
NC_072003.2	12213481	12214177	2	1	+	NC_072003.2	12213501	12213983	CIITA	XM_009250460.4	+	2	2	20	194	2	3	3	3	3	middle	middle	1.000	1.000	constitutive	constitutive	146	95	3
NC_072003.2	126657	127335	-3	1	-	NC_072003.2	126733	127255	RHBDF1	XM_054533240.2	-	3	3	80	76	15	17	3	3	3	middle	middle	1.000	1.000	constitutive	constitutive	75	153	3
NC_072003.2	12749508	12749847	1	1	+	NC_072003.2	12749569	12749836	PDXDC1	XM_024233141.3	+	1	2	61	11	20	21	5	5	5	middle	middle	1.000	1.000	constitutive	constitutive	92	96	5
NC_072003.2	1291961	1292816	3	1	+	NC_072003.2	1292162	1292591	CACNA1H	XM_024234022.3	+	3	2	201	225	11	12	2	2	2	middle	middle	1.000	1.000	constitutive	constitutive	117	155	2
NC_072003.2	1295670	1296216	1	1	+	NC_072003.2	1295773	1296161	CACNA1H	XM_024234022.3	+	1	2	103	55	18	19	2	2	2	middle	middle	1.000	1.000	constitutive	constitutive	68	184	2
NC_072003.2	1296331	1296796	2	1	+	NC_072003.2	1296364	1296790	CACNA1H	XM_024234022.3	+	2	2	33	6	20	21	2	2	2	middle	middle	1.000	1.000	constitutive	constitutive	126	125	2
NC_072003.2	12996608	12997322	3	1	+	NC_072003.2	12996908	12997286	LOC112131381	XM_054534708.2	+	3	2	300	36	5	6	1	1	1	middle	middle	1.000	1.000	constitutive	constitutive	165	134	1
NC_072003.2	1299975	1300611	1	1	+	NC_072003.2	1300141	1300543	CACNA1H	XM_024234022.3	+	1	2	166	68	26	27	2	2	2	middle	middle	1.000	1.000	constitutive	constitutive	109	133	2
NC_072003.2	130503	131121	-3	1	-	NC_072003.2	130561	130968	RHBDF1	XM_054533240.2	-	3	2	153	58	5	6	3	3	3	middle	middle	1.000	1.000	constitutive	constitutive	209	122	3
NC_072003.2	132407	132836	-1	1	-	NC_072003.2	132475	132815	RHBDF1	XM_054533240.2	-	1	2	21	68	2	3	3	1	3	middle	middle	0.333	1.000	unique	constitutive	140	130	1
NC_072003.2	132407	132836	-1	1	-	NC_072003.2	132475	132791	RHBDF1	XM_063717122.1	-	1	2	45	68	1	2	3	2	3	first	middle	0.667	1.000	alternative	constitutive	116	130	2
NC_072003.2	1332472	1332898	2	1	+	NC_072003.2	1332491	1332897	TPSD1	NM_001202501.3	+	2	2	19	1	1	2	1	1	1	first	middle	1.000	1.000	constitutive	constitutive	81	171	1
NC_072003.2	1358734	1359271	-2	1	-	NC_072003.2	1358735	1359180	LOC100454376	XM_063717816.1	-	2	2	91	1	6	7	1	1	1	middle	last	1.000	1.000	constitutive	constitutive	163	152	1
NC_072003.2	1373772	1374306	-3	1	-	NC_072003.2	1373773	1374203	LOC100456082	XM_024234059.2	-	3	2	103	1	4	5	1	1	1	middle	last	1.000	1.000	constitutive	constitutive	160	167	1
NC_072003.2	1442451	1442886	1	1	+	NC_072003.2	1442536	1442809	BAIAP3	XM_024233922.3	+	1	2	85	77	6	7	3	3	3	middle	middle	1.000	1.000	constitutive	constitutive	59	66	3
NC_072003.2	1444012	1444480	2	1	+	NC_072003.2	1444151	1444438	BAIAP3	XM_024233922.3	+	2	2	139	42	12	13	3	3	3	middle	middle	1.000	1.000	constitutive	constitutive	107	95	3
NC_072003.2	1446338	1446662	3	1	+	NC_072003.2	1446351	1446599	BAIAP3	XM_024233922.3	+	3	2	13	63	19	20	3	3	3	middle	middle	1.000	1.000	constitutive	constitutive	97	51	3
NC_072003.2	145330	146251	2	1	+	NC_072003.2	145409	146125	MPG	XM_002825900.5	+	2	2	79	126	1	2	3	1	1	first	middle	0.333	0.333	unique	unique	268	123	1
NC_072003.2	1453970	1454189	3	1	+	NC_072003.2	1453995	1454188	GNPTG	XM_002825949.5	+	3	2	25	1	1	2	4	4	4	first	middle	1.000	1.000	constitutive	constitutive	51	57	4
NC_072003.2	1463647	1464082	2	1	+	NC_072003.2	1463779	1464062	GNPTG	XM_002825949.5	+	2	2	132	20	6	7	4	4	4	middle	middle	1.000	1.000	constitutive	constitutive	93	114	4
NC_072003.2	1539906	1540488	-3	1	-	NC_072003.2	1540036	1540347	CCDC154	XM_024233499.3	-	3	2	141	130	7	8	6	6	6	middle	middle	1.000	1.000	constitutive	constitutive	101	128	6
NC_072003.2	1548612	1549281	-3	1	-	NC_072003.2	1548646	1548969	CLCN7	XM_024233500.3	-	3	2	312	34	22	23	2	2	2	middle	middle	1.000	1.000	constitutive	constitutive	59	176	2
NC_072003.2	1607119	1607692	2	1	+	NC_072003.2	1607236	1607593	TELO2	XM_002825956.3	+	2	2	117	99	11	12	13	13	13	middle	middle	1.000	1.000	constitutive	constitutive	88	91	13
NC_072003.2	1630867	1631662	-2	1	-	NC_072003.2	1631114	1631551	IFT140	XM_009250289.3	-	2	2	111	247	23	24	8	8	8	middle	middle	1.000	1.000	constitutive	constitutive	128	182	8
NC_072003.2	16868912	16869626	3	1	+	NC_072003.2	16869212	16869590	LOC129047196	XM_054534755.2	+	3	2	300	36	5	6	1	1	1	middle	middle	1.000	1.000	constitutive	constitutive	165	134	1
NC_072003.2	18226030	18226525	2	1	+	NC_072003.2	18226047	18226525	LOC129050976	XM_063717317.1	+	2	2	17	0	4	5	1	1	1	middle	last	1.000	1.000	constitutive	constitutive	118	281	1
NC_072003.2	1870496	1871615	3	1	+	NC_072003.2	1870927	1871614	MAPK8IP3	XM_024233610.3	+	3	2	431	1	20	22	16	16	16	middle	middle	1.000	1.000	constitutive	constitutive	182	119	16
NC_072003.2	2077789	2078530	2	1	+	NC_072003.2	2077790	2078093	TBL3	XM_002825981.6	+	2	2	1	437	4	5	1	1	1	middle	middle	1.000	1.000	constitutive	constitutive	47	141	1
NC_072003.2	21291151	21291670	-2	1	-	NC_072003.2	21291338	21291670	SMG1	XM_024241381.3	-	2	2	0	187	43	44	7	7	7	middle	middle	1.000	1.000	constitutive	constitutive	138	109	7
NC_072003.2	2198771	2200232	-1	1	-	NC_072003.2	2198772	2200217	PKD1	XM_054534558.2	-	1	4	15	1	43	46	9	6	6	middle	last	0.667	0.667	alternative	alternative	290	464	6
NC_072003.2	2203002	2203548	-3	1	-	NC_072003.2	2203045	2203514	PKD1	XM_054534558.2	-	3	2	34	43	36	37	9	8	8	middle	middle	0.889	0.889	alternative	alternative	202	194	8
NC_072003.2	2210182	2210932	-2	1	-	NC_072003.2	2210193	2210898	PKD1	XM_054534558.2	-	2	2	34	11	27	29	9	9	9	middle	middle	1.000	1.000	constitutive	constitutive	170	210	9
NC_072003.2	2212250	2213132	-1	1	-	NC_072003.2	2212385	2212956	PKD1	XM_054534558.2	-	1	2	176	135	25	26	9	9	9	middle	middle	1.000	1.000	constitutive	constitutive	252	195	9
NC_072003.2	2213523	2214978	-3	1	-	NC_072003.2	2213589	2214915	PKD1	XM_054534558.2	-	3	2	63	66	22	23	9	9	9	middle	middle	1.000	1.000	constitutive	constitutive	144	620	9
NC_072003.2	2221306	2225485	-2	1	-	NC_072003.2	2221382	2225370	PKD1	XM_054534558.2	-	2	2	115	76	15	16	9	9	9	middle	middle	1.000	1.000	constitutive	constitutive	3619	149	9
NC_072003.2	2282132	2283116	3	1	+	NC_072003.2	2282244	2282586	TRAF7	XM_024233786.3	+	3	2	112	530	5	6	5	5	5	middle	middle	1.000	1.000	constitutive	constitutive	92	33	5
NC_072003.2	2287036	2287456	2	1	+	NC_072003.2	2287061	2287396	TRAF7	XM_024233786.3	+	2	2	25	60	18	19	5	5	5	middle	middle	1.000	1.000	constitutive	constitutive	131	119	5
NC_072003.2	2295777	2296350	-3	1	-	NC_072003.2	2295999	2296247	CASKIN1	XM_024233785.2	-	3	2	103	222	12	13	2	2	2	middle	middle	1.000	1.000	constitutive	constitutive	88	84	2
NC_072003.2	2345524	2346748	2	1	+	NC_072003.2	2345924	2346373	DNASE1L2	XM_024233989.2	+	2	2	400	375	2	4	1	1	1	middle	middle	1.000	1.000	constitutive	constitutive	88	111	1
NC_072003.2	237207	237774	1	1	+	NC_072003.2	237342	237774	HBM	XM_003778523.2	+	1	2	135	0	2	3	1	1	1	middle	last	1.000	1.000	constitutive	constitutive	204	125	1
NC_072003.2	2389949	2390561	-1	1	-	NC_072003.2	2389980	2390462	ABCA3	XM_024233883.3	-	1	2	99	31	24	25	4	4	4	middle	middle	1.000	1.000	constitutive	constitutive	128	194	4
NC_072003.2	2406132	2407026	-3	1	-	NC_072003.2	2406280	2406809	ABCA3	XM_024233883.3	-	3	2	217	148	12	13	4	4	4	middle	middle	1.000	1.000	constitutive	constitutive	154	155	4
NC_072003.2	24231517	24232231	-2	1	-	NC_072003.2	24231554	24231932	LOC129050720	XM_054533625.1	-	2	2	299	37	5	6	1	1	1	middle	middle	1.000	1.000	constitutive	constitutive	165	134	1
NC_072003.2	2435076	2435595	-3	1	-	NC_072003.2	2435109	2435565	ABCA3	XM_024233883.3	-	3	2	30	33	1	2	4	2	2	first	middle	0.500	0.500	alternative	alternative	53	264	2
NC_072003.2	2599244	2600123	3	1	+	NC_072003.2	2599481	2599857	TEDC2	XM_002826006.6	+	3	2	237	266	6	7	7	4	7	middle	middle	0.571	1.000	alternative	constitutive	90	111	4
NC_072003.2	2599244	2600123	3	1	+	NC_072003.2	2599412	2599857	TEDC2	XM_054534598.2	+	3	2	168	266	6	7	7	3	7	middle	middle	0.429	1.000	alternative	constitutive	159	111	3
NC_072003.2	2609315	2610560	3	1	+	NC_072003.2	2609334	2610522	NTN3	XM_002826007.4	+	3	2	19	38	1	2	1	1	1	first	middle	1.000	1.000	constitutive	constitutive	927	188	1
NC_072003.2	26623977	26624544	-3	1	-	NC_072003.2	26623979	26624374	EARS2	XM_024233282.3	-	3	2	170	2	6	7	3	3	3	middle	middle	1.000	1.000	constitutive	constitutive	153	130	3
NC_072003.2	2665400	2665970	3	1	+	NC_072003.2	2665471	2665791	AMDHD2	XM_024233457.3	+	3	2	71	179	6	7	5	5	5	middle	middle	1.000	1.000	constitutive	constitutive	88	144	5
NC_072003.2	27658067	27658400	3	1	+	NC_072003.2	27658094	27658395	RBBP6	XM_024233466.3	+	3	2	27	5	11	12	2	2	2	middle	middle	1.000	1.000	constitutive	constitutive	96	78	2
NC_072003.2	2908748	2909432	3	1	+	NC_072003.2	2908783	2909432	LOC100460091	XM_054534617.1	+	3	2	35	0	5	6	8	8	8	middle	last	1.000	1.000	constitutive	constitutive	160	272	8
NC_072003.2	2979527	2980010	-1	1	-	NC_072003.2	2979528	2979789	SRRM2	XM_009250357.4	-	1	2	221	1	13	14	11	1	2	middle	last	0.091	0.182	unique	alternative	113	6	1
NC_072003.2	2979527	2980010	-1	1	-	NC_072003.2	2979528	2979786	SRRM2	XM_063717520.1	-	1	2	224	1	13	14	11	1	2	middle	last	0.091	0.182	unique	alternative	110	6	1
NC_072003.2	3132532	3133582	-2	1	-	NC_072003.2	3132816	3133472	PKMYT1	XM_002826028.6	-	2	3	110	284	4	6	3	3	3	middle	middle	1.000	1.000	constitutive	constitutive	106	157	3
NC_072003.2	3151997	3152897	3	1	+	NC_072003.2	3152224	3152784	GREP1	XM_054534645.1	+	3	3	227	113	8	10	1	1	1	middle	middle	1.000	1.000	constitutive	constitutive	35	32	1
NC_072003.2	3154519	3154720	2	1	+	NC_072003.2	3154539	3154679	GREP1	XM_054534645.1	+	2	2	20	41	11	12	1	1	1	middle	middle	1.000	1.000	constitutive	constitutive	29	32	1
NC_072003.2	3155367	3155796	1	1	+	NC_072003.2	3155459	3155752	GREP1	XM_054534645.1	+	1	3	92	44	15	17	1	1	1	middle	middle	1.000	1.000	constitutive	constitutive	41	53	1
NC_072003.2	3156237	3156633	1	1	+	NC_072003.2	3156359	3156568	GREP1	XM_054534645.1	+	1	2	122	65	18	19	1	1	1	middle	middle	1.000	1.000	constitutive	constitutive	35	32	1
NC_072003.2	3158195	3158945	3	1	+	NC_072003.2	3158344	3158829	GREP1	XM_054534645.1	+	3	2	149	116	23	24	1	1	1	middle	middle	1.000	1.000	constitutive	constitutive	29	131	1
NC_072003.2	31681422	31682070	-3	1	-	NC_072003.2	31681621	31681971	ATXN2L	XM_002826274.5	-	3	2	99	199	17	18	41	41	41	middle	middle	1.000	1.000	constitutive	constitutive	72	187	41
NC_072003.2	31800691	31804003	2	1	+	NC_072003.2	31800692	31804002	APOBR	XM_002826282.6	+	2	2	1	1	2	3	1	1	1	middle	middle	1.000	1.000	constitutive	constitutive	2957	268	1
NC_072003.2	3181333	3181621	2	1	+	NC_072003.2	3181353	3181621	TNFRSF12A	XM_002826034.4	+	2	2	20	0	3	4	1	1	1	middle	last	1.000	1.000	constitutive	constitutive	134	52	1
NC_072003.2	31912360	31912822	-2	1	-	NC_072003.2	31912412	31912722	LOC100459213	XM_009250601.4	-	2	2	100	52	2	3	3	3	3	middle	middle	1.000	1.000	constitutive	constitutive	125	97	3
NC_072003.2	31961150	31961546	-1	1	-	NC_072003.2	31961198	31961546	CORO1A	XM_024234038.3	-	1	2	0	48	2	3	1	1	1	middle	middle	1.000	1.000	constitutive	constitutive	122	129	1
NC_072003.2	32034267	32034735	1	1	+	NC_072003.2	32034362	32034654	GDPD3	XM_002826298.4	+	1	2	95	81	5	6	1	1	1	middle	middle	1.000	1.000	constitutive	constitutive	118	89	1
NC_072003.2	32137047	32137638	1	1	+	NC_072003.2	32137247	32137602	DOC2A	XM_054533782.2	+	1	2	200	36	3	4	4	4	4	middle	middle	1.000	1.000	constitutive	constitutive	79	74	4
NC_072003.2	32139415	32140309	2	1	+	NC_072003.2	32139505	32140207	DOC2A	XM_054533782.2	+	2	2	90	102	6	9	4	4	4	middle	middle	1.000	1.000	constitutive	constitutive	126	81	4
NC_072003.2	32155264	32156095	-2	1	-	NC_072003.2	32155265	32156047	TAOK2	XM_009250618.4	-	2	2	48	1	17	18	3	1	1	middle	last	0.333	0.333	unique	unique	182	518	1
NC_072003.2	3215724	3216258	1	1	+	NC_072003.2	3215897	3216257	MMP25	XM_024233832.3	+	1	2	173	1	5	6	1	1	1	middle	middle	1.000	1.000	constitutive	constitutive	176	84	1
NC_072003.2	3243577	3243910	2	1	+	NC_072003.2	3243599	3243835	LOC100460404	XM_024233839.3	+	2	2	22	75	2	3	9	9	9	middle	middle	1.000	1.000	constitutive	constitutive	38	59	9
NC_072003.2	3249645	3250422	-3	1	-	NC_072003.2	3249646	3250406	LOC112129443	XM_063717443.1	-	3	2	16	1	2	4	1	1	1	middle	last	1.000	1.000	constitutive	constitutive	239	245	1
NC_072003.2	32552252	32552765	-1	1	-	NC_072003.2	32552376	32552679	TBC1D10B	XM_002826330.6	-	1	2	86	124	5	6	1	1	1	middle	middle	1.000	1.000	constitutive	constitutive	114	65	1
NC_072003.2	32570455	32570764	2	1	+	NC_072003.2	32570521	32570764	MYL11	XM_024233968.3	+	2	2	66	0	6	7	2	2	2	middle	last	1.000	1.000	constitutive	constitutive	48	101	2
NC_072003.2	32888088	32888895	-3	1	-	NC_072003.2	32888131	32888851	LOC100458004	XM_054534410.1	-	3	2	44	43	2	3	1	1	1	middle	middle	1.000	1.000	constitutive	constitutive	294	182	1
NC_072003.2	32901447	32902149	1	1	+	NC_072003.2	32901527	32902113	SRCAP	XM_024233827.3	+	1	2	80	36	9	10	7	7	7	middle	middle	1.000	1.000	constitutive	constitutive	173	322	7
NC_072003.2	32949216	32949669	-3	1	-	NC_072003.2	32949235	32949617	CFAP119	NM_001205008.1	-	3	2	52	19	5	6	4	4	4	middle	middle	1.000	1.000	constitutive	constitutive	70	116	4
NC_072003.2	33332486	33333428	3	1	+	NC_072003.2	33332487	33333369	KAT8	XM_002826372.5	+	3	3	1	59	7	10	2	2	2	middle	middle	1.000	1.000	constitutive	constitutive	140	154	2
NC_072003.2	33598855	33599137	2	1	+	NC_072003.2	33598856	33599136	ITGAX	XM_024233562.3	+	2	2	1	1	21	22	1	1	1	middle	middle	1.000	1.000	constitutive	constitutive	116	79	1
NC_072003.2	33604058	33604544	3	1	+	NC_072003.2	33604206	33604514	ITGAX	XM_024233562.3	+	3	2	148	30	25	26	1	1	1	middle	middle	1.000	1.000	constitutive	constitutive	107	83	1
NC_072003.2	33642060	33642543	1	1	+	NC_072003.2	33642220	33642482	ITGAD	XM_024233563.2	+	1	2	160	61	22	23	2	2	2	middle	middle	1.000	1.000	constitutive	constitutive	79	83	2
NC_072003.2	33647230	33647662	2	1	+	NC_072003.2	33647300	33647596	ITGAD	XM_024233563.2	+	2	2	70	66	25	26	2	2	2	middle	middle	1.000	1.000	constitutive	constitutive	107	77	2
NC_072003.2	33700986	33701664	1	1	+	NC_072003.2	33701008	33701529	TGFB1I1	XM_002834028.6	+	1	2	22	135	9	10	3	3	3	middle	middle	1.000	1.000	constitutive	constitutive	81	148	3
NC_072003.2	33714562	33715120	2	1	+	NC_072003.2	33714692	33715120	SLC5A2	XM_054533033.2	+	2	2	130	0	13	14	2	1	1	middle	last	0.500	0.500	unique	unique	126	223	1
NC_072003.2	3433110	3433872	-3	1	-	NC_072003.2	3433111	3433859	MEFV	XM_003778553.4	-	3	2	13	1	10	11	1	1	1	middle	last	1.000	1.000	constitutive	constitutive	32	550	1
NC_072003.2	4814519	4815605	-1	1	-	NC_072003.2	4814520	4815440	UBALD1	XM_002826081.5	-	1	2	165	1	2	3	3	1	1	middle	last	0.333	0.333	unique	unique	62	347	1
NC_072003.2	4985478	4986330	-3	1	-	NC_072003.2	4985587	4985890	SEPTIN12	XM_024233894.3	-	3	2	440	109	5	6	6	6	6	middle	middle	1.000	1.000	constitutive	constitutive	117	95	6
NC_072003.2	4995111	4995651	1	1	+	NC_072003.2	4995157	4995651	SMIM22	XM_009250438.3	+	1	2	46	0	1	2	10	10	4	first	last	1.000	0.400	constitutive	alternative	123	280	4
NC_072003.2	4995111	4995651	1	1	+	NC_072003.2	4995157	4995651	SMIM22	XM_009250439.3	+	1	3	46	0	1	3	10	10	6	first	last	1.000	0.600	constitutive	alternative	123	38	6
NC_072003.2	5098783	5099251	-2	1	-	NC_072003.2	5098796	5099167	PPL	XM_024233896.3	-	2	2	84	13	7	8	1	1	1	middle	middle	1.000	1.000	constitutive	constitutive	161	107	1
NC_072003.2	5199423	5199819	1	1	+	NC_072003.2	5199518	5199788	SEC14L5	XM_054533421.2	+	1	2	95	31	8	9	2	2	2	middle	middle	1.000	1.000	constitutive	constitutive	88	70	2
NC_072003.2	55858896	55859610	1	1	+	NC_072003.2	55858915	55859610	MT2A	NM_001133593.2	+	1	2	19	0	1	3	1	1	1	first	last	1.000	1.000	constitutive	constitutive	27	88	1
NC_072003.2	56739223	56740252	-2	1	-	NC_072003.2	56739225	56740045	DOK4	NM_001132343.1	-	2	3	207	2	3	5	11	11	11	middle	middle	1.000	1.000	constitutive	constitutive	114	189	11
NC_072003.2	57020446	57021028	2	1	+	NC_072003.2	57020485	57020884	KATNB1	XM_024233862.3	+	2	2	39	144	8	9	12	12	12	middle	middle	1.000	1.000	constitutive	constitutive	71	150	12
NC_072003.2	57020877	57021510	1	1	+	NC_072003.2	57021028	57021469	KATNB1	XM_024233862.3	+	1	2	151	41	10	11	12	12	12	middle	middle	1.000	1.000	constitutive	constitutive	190	130	12
NC_072003.2	57039414	57040158	-3	1	-	NC_072003.2	57039502	57039990	KIFC3	NM_001133269.1	-	3	2	168	88	3	4	1	1	1	middle	middle	1.000	1.000	constitutive	constitutive	143	239	1
NC_072003.2	602601	603654	1	1	+	NC_072003.2	602761	603240	RAB11FIP3	XM_002825916.6	+	1	2	160	414	13	14	2	2	2	middle	middle	1.000	1.000	constitutive	constitutive	155	140	2
NC_072003.2	662010	662736	1	1	+	NC_072003.2	662126	662547	PIGQ	XM_054533271.2	+	1	2	116	189	5	6	11	11	11	middle	middle	1.000	1.000	constitutive	constitutive	153	111	11
NC_072003.2	66481154	66481817	3	1	+	NC_072003.2	66481304	66481657	CES4A	XM_054534422.1	+	3	2	150	160	3	5	1	1	1	middle	middle	1.000	1.000	constitutive	constitutive	39	133	1
NC_072003.2	66614879	66615443	3	1	+	NC_072003.2	66614900	66615365	PHAF1	XM_002826524.6	+	3	2	21	78	5	6	8	5	5	middle	middle	0.625	0.625	alternative	alternative	79	94	5
NC_072003.2	66648102	66648765	1	1	+	NC_072003.2	66648278	66648629	HSF4	XM_002826521.5	+	1	2	176	136	3	4	3	3	3	middle	middle	1.000	1.000	constitutive	constitutive	127	124	3
NC_072003.2	66651328	66651682	2	1	+	NC_072003.2	66651373	66651643	HSF4	XM_002826521.5	+	2	2	45	39	10	11	3	3	3	middle	middle	1.000	1.000	constitutive	constitutive	105	65	3
NC_072003.2	66667101	66667602	-3	1	-	NC_072003.2	66667102	66667515	EXOC3L1	XM_009250815.4	-	3	2	87	1	12	13	1	1	1	middle	last	1.000	1.000	constitutive	constitutive	124	207	1
NC_072003.2	66667801	66668218	-2	1	-	NC_072003.2	66667841	66668195	EXOC3L1	XM_009250815.4	-	2	2	23	40	9	10	1	1	1	middle	middle	1.000	1.000	constitutive	constitutive	129	122	1
NC_072003.2	66684677	66685124	3	1	+	NC_072003.2	66684702	66685008	ELMO3	XM_002826530.5	+	3	2	25	116	12	13	4	4	4	middle	middle	1.000	1.000	constitutive	constitutive	101	108	4
NC_072003.2	66685687	66686587	2	1	+	NC_072003.2	66686040	66686587	ELMO3	XM_002826530.5	+	2	3	353	0	18	20	4	2	4	middle	last	0.500	1.000	alternative	constitutive	82	209	2
NC_072003.2	66685687	66686587	2	1	+	NC_072003.2	66685832	66686587	ELMO3	XM_063717664.1	+	2	3	145	0	14	16	4	2	4	middle	last	0.500	1.000	alternative	constitutive	290	209	2
NC_072003.2	66712257	66712791	-3	1	-	NC_072003.2	66712263	66712698	FHOD1	XM_002826533.5	-	3	2	93	6	20	21	2	2	2	middle	middle	1.000	1.000	constitutive	constitutive	162	197	2
NC_072003.2	66763367	66763994	3	1	+	NC_072003.2	66763368	66763993	PLEKHG4	XM_024233888.3	+	3	3	1	1	6	8	20	20	20	middle	middle	1.000	1.000	constitutive	constitutive	113	148	20
NC_072003.2	66767918	66768566	3	1	+	NC_072003.2	66767919	66768311	PLEKHG4	XM_024233888.3	+	3	2	1	255	14	15	20	20	20	middle	middle	1.000	1.000	constitutive	constitutive	89	221	20
NC_072003.2	66768310	66768877	2	1	+	NC_072003.2	66768395	66768824	PLEKHG4	XM_024233888.3	+	2	2	85	53	16	17	20	20	20	middle	middle	1.000	1.000	constitutive	constitutive	170	177	20
NC_072003.2	66917132	66917729	3	1	+	NC_072003.2	66917167	66917595	HSD11B2	XM_024233232.3	+	3	2	35	134	3	4	1	1	1	middle	middle	1.000	1.000	constitutive	constitutive	185	137	1
NC_072003.2	66920057	66920621	-1	1	-	NC_072003.2	66920187	66920567	ATP6V0D1	NM_001133069.1	-	1	2	54	130	5	6	2	2	2	middle	middle	1.000	1.000	constitutive	constitutive	77	176	2
NC_072003.2	67023077	67023314	3	1	+	NC_072003.2	67023108	67023311	RIPOR1	XM_024233765.3	+	3	2	31	3	8	9	9	9	9	middle	middle	1.000	1.000	constitutive	constitutive	63	43	9
NC_072003.2	67024365	67026132	1	1	+	NC_072003.2	67024479	67026111	RIPOR1	XM_024233765.3	+	1	2	114	21	12	13	9	9	9	middle	middle	1.000	1.000	constitutive	constitutive	129	1418	9
NC_072003.2	67132194	67132680	1	1	+	NC_072003.2	67132300	67132639	CARMIL2	XM_054534974.2	+	1	2	106	41	28	29	1	1	1	middle	middle	1.000	1.000	constitutive	constitutive	140	66	1
NC_072003.2	67370936	67371632	3	1	+	NC_072003.2	67371178	67371617	EDC4	XM_002826591.4	+	3	2	242	15	5	6	4	4	4	middle	middle	1.000	1.000	constitutive	constitutive	189	147	4
NC_072003.2	67372878	67373268	1	1	+	NC_072003.2	67372915	67373267	EDC4	XM_002826591.4	+	1	2	37	1	12	13	4	4	4	middle	middle	1.000	1.000	constitutive	constitutive	180	72	4
NC_072003.2	67373513	67373930	3	1	+	NC_072003.2	67373545	67373929	EDC4	XM_002826591.4	+	3	2	32	1	15	16	4	4	4	middle	middle	1.000	1.000	constitutive	constitutive	187	121	4
NC_072003.2	67374923	67375376	3	1	+	NC_072003.2	67375034	67375375	EDC4	XM_002826591.4	+	3	2	111	1	19	20	4	4	4	middle	middle	1.000	1.000	constitutive	constitutive	104	152	4
NC_072003.2	67375622	67376291	3	1	+	NC_072003.2	67375626	67376285	EDC4	XM_002826591.4	+	3	3	4	6	22	24	4	2	4	middle	middle	0.500	1.000	alternative	constitutive	177	115	2
NC_072003.2	67375622	67376291	3	1	+	NC_072003.2	67375626	67376285	EDC4	XM_009250836.3	+	3	2	4	6	22	23	4	2	4	middle	middle	0.500	1.000	alternative	constitutive	441	115	2
NC_072003.2	67376380	67376932	2	1	+	NC_072003.2	67376387	67376823	EDC4	XM_002826591.4	+	2	2	7	109	25	26	4	4	4	middle	middle	1.000	1.000	constitutive	constitutive	165	186	4
NC_072003.2	68644213	68644855	2	1	+	NC_072003.2	68644388	68644756	UTP4	NM_001132505.2	+	2	2	175	99	6	7	4	4	4	middle	middle	1.000	1.000	constitutive	constitutive	171	91	4
NC_072003.2	68811963	68812473	1	1	+	NC_072003.2	68812108	68812472	VPS4A	XM_002826584.5	+	1	2	145	1	2	3	1	1	1	middle	middle	1.000	1.000	constitutive	constitutive	111	147	1
NC_072003.2	68814711	68815026	1	1	+	NC_072003.2	68814732	68815018	VPS4A	XM_002826584.5	+	1	2	21	8	4	5	1	1	1	middle	middle	1.000	1.000	constitutive	constitutive	61	119	1
NC_072003.2	69171175	69171607	2	1	+	NC_072003.2	69171219	69171532	NFAT5	NM_001374188.1	+	2	2	44	75	8	9	6	6	6	middle	middle	1.000	1.000	constitutive	constitutive	134	52	6
NC_072003.2	69428650	69429391	2	1	+	NC_072003.2	69428737	69429166	WWP2	NM_001132777.1	+	2	2	87	225	13	14	4	3	3	middle	middle	0.750	0.750	alternative	alternative	75	71	3
NC_072003.2	740972	742085	3	1	+	NC_072003.2	740994	741711	WDR90	XM_024234020.2	+	3	2	22	374	2	4	13	13	13	middle	middle	1.000	1.000	constitutive	constitutive	176	170	13
NC_072003.2	74500609	74501401	-2	1	-	NC_072003.2	74500868	74501319	LOC100447221	XM_024233186.2	-	2	2	82	259	2	4	1	1	1	middle	middle	1.000	1.000	constitutive	constitutive	103	78	1
NC_072003.2	749861	750359	3	1	+	NC_072003.2	749862	750342	WDR90	XM_024234020.2	+	3	2	1	17	23	25	13	13	13	middle	middle	1.000	1.000	constitutive	constitutive	115	131	13
NC_072003.2	756695	757331	3	1	+	NC_072003.2	756720	757121	WDR90	XM_024234020.2	+	3	2	25	210	35	36	13	13	13	middle	middle	1.000	1.000	constitutive	constitutive	174	130	13
NC_072003.2	762333	762711	1	1	+	NC_072003.2	762405	762710	RHOT2	NM_001159816.2	+	1	2	72	1	2	3	10	10	10	middle	middle	1.000	1.000	constitutive	constitutive	84	142	10
NC_072003.2	763391	764093	3	1	+	NC_072003.2	763410	763837	RHOT2	NM_001159816.2	+	3	2	19	256	7	8	10	10	9	middle	middle	1.000	0.900	constitutive	alternative	122	202	9
NC_072003.2	763391	764093	3	1	+	NC_072003.2	763410	764093	RHOT2	XM_063717110.1	+	3	2	19	0	17	18	10	10	1	middle	last	1.000	0.100	constitutive	unique	122	458	1
NC_072003.2	766922	767690	3	1	+	NC_072003.2	766992	767546	RHBDL1	XM_024233321.3	+	3	2	70	144	2	3	3	3	3	middle	middle	1.000	1.000	constitutive	constitutive	161	224	3
NC_072003.2	773817	774201	-3	1	-	NC_072003.2	773854	774128	JMJD8	XM_002825928.5	-	3	2	73	37	6	7	4	4	4	middle	middle	1.000	1.000	constitutive	constitutive	119	67	4
NC_072003.2	775791	776553	-3	1	-	NC_072003.2	775969	776495	WDR24	XM_024233325.3	-	3	2	58	178	6	7	1	1	1	middle	middle	1.000	1.000	constitutive	constitutive	104	340	1
NC_072003.2	805737	807009	1	1	+	NC_072003.2	806044	806743	METRN	XM_002825934.6	+	1	2	307	266	1	2	2	2	2	first	middle	1.000	1.000	constitutive	constitutive	103	400	2
NC_072003.2	811378	812629	2	1	+	NC_072003.2	811394	812482	ANTKMT	XM_024233329.3	+	2	2	16	147	1	2	3	3	3	first	middle	1.000	1.000	constitutive	constitutive	824	104	3
NC_072003.2	88158835	88159222	2	1	+	NC_072003.2	88158853	88159147	CTU2	XM_054534286.2	+	2	2	18	75	3	4	5	1	1	middle	middle	0.200	0.200	unique	unique	59	66	1
NC_072003.2	88164211	88164694	-2	1	-	NC_072003.2	88164213	88164557	PIEZO1	XM_024233970.3	-	2	2	137	2	49	50	5	5	5	middle	middle	1.000	1.000	constitutive	constitutive	79	186	5
NC_072003.2	88164804	88165296	-3	1	-	NC_072003.2	88164839	88165176	PIEZO1	XM_024233970.3	-	3	2	120	35	46	47	5	5	5	middle	middle	1.000	1.000	constitutive	constitutive	92	172	5
NC_072003.2	88181064	88181892	-3	1	-	NC_072003.2	88181205	88181818	PIEZO1	XM_024233970.3	-	3	2	74	141	16	17	5	5	5	middle	middle	1.000	1.000	constitutive	constitutive	182	133	5
NC_072003.2	88183504	88184065	-2	1	-	NC_072003.2	88183553	88184046	PIEZO1	XM_024233970.3	-	2	2	19	49	11	12	5	4	5	middle	middle	0.800	1.000	alternative	constitutive	100	260	4
NC_072003.2	88183504	88184065	-2	1	-	NC_072003.2	88183553	88183984	PIEZO1	XM_063717407.1	-	2	2	81	49	1	2	5	1	5	first	middle	0.200	1.000	unique	constitutive	38	260	1
NC_072003.2	88184652	88185435	-3	1	-	NC_072003.2	88184871	88185126	PIEZO1	XM_024233970.3	-	3	2	309	219	9	10	5	4	4	middle	middle	0.800	0.800	alternative	alternative	86	87	4
NC_072003.2	88185215	88186061	-1	1	-	NC_072003.2	88185246	88186052	PIEZO1	XM_024233970.3	-	1	2	9	31	6	8	5	4	4	middle	middle	0.800	0.800	alternative	alternative	168	171	4
NC_072003.2	88252422	88252818	1	1	+	NC_072003.2	88252450	88252817	CDT1	XM_024233976.3	+	1	2	28	1	2	3	1	1	1	middle	middle	1.000	1.000	constitutive	constitutive	140	136	1
NC_072003.2	886848	887142	1	1	+	NC_072003.2	886870	887142	CHTF18	XM_054534437.2	+	1	2	22	0	21	22	3	3	3	middle	last	1.000	1.000	constitutive	constitutive	57	133	3
NC_072003.2	89038669	89039641	2	1	+	NC_072003.2	89038748	89039185	CPNE7	XM_024233183.3	+	2	2	79	456	8	9	17	17	17	middle	middle	1.000	1.000	constitutive	constitutive	86	59	17
NC_072003.2	89087631	89088447	1	1	+	NC_072003.2	89087956	89088307	DPEP1	XM_054534355.2	+	1	2	325	140	6	7	4	4	4	middle	middle	1.000	1.000	constitutive	constitutive	176	84	4
NC_072003.2	89166033	89166444	-3	1	-	NC_072003.2	89166035	89166395	VPS9D1	XM_024233408.3	-	3	2	49	2	3	4	6	4	4	middle	middle	0.667	0.667	alternative	alternative	92	162	4
NC_072003.2	89166040	89166736	-2	1	-	NC_072003.2	89166042	89166395	VPS9D1	XM_054534372.2	-	2	2	341	2	2	3	6	2	2	middle	middle	0.333	0.333	alternative	alternative	92	155	2
NC_072003.2	89450091	89450604	1	1	+	NC_072003.2	89450113	89450586	LOC100442118	XM_054534390.2	+	1	2	22	18	9	10	1	1	1	middle	middle	1.000	1.000	constitutive	constitutive	200	194	1
NC_072004.2	10358688	10359054	-3	1	-	NC_072004.2	10358690	10359046	MYH8	XM_024235577.3	-	3	2	8	2	18	19	4	4	4	middle	middle	1.000	1.000	constitutive	constitutive	123	136	4
NC_072004.2	10367754	10368063	-3	1	-	NC_072004.2	10367760	10368042	MYH8	XM_024235577.3	-	3	2	21	6	6	7	4	4	4	middle	middle	1.000	1.000	constitutive	constitutive	92	63	4
NC_072004.2	10397601	10398114	-3	1	-	NC_072004.2	10397689	10398075	MYH4	XM_054535445.2	-	3	2	39	88	34	35	4	4	4	middle	middle	1.000	1.000	constitutive	constitutive	125	170	4
NC_072004.2	10601860	10602490	-2	1	-	NC_072004.2	10601911	10602490	MYH3	XM_002827037.5	-	2	2	0	51	13	14	1	1	1	middle	middle	1.000	1.000	constitutive	constitutive	170	306	1
NC_072004.2	1263050	1263629	-1	1	-	NC_072004.2	1263212	1263477	MYO1C	XM_002826804.6	-	1	2	152	162	20	21	8	8	8	middle	middle	1.000	1.000	constitutive	constitutive	113	76	8
NC_072004.2	12991957	12992308	-2	1	-	NC_072004.2	12991971	12992273	ELAC2	XM_024234322.3	-	2	2	35	14	13	14	3	3	3	middle	middle	1.000	1.000	constitutive	constitutive	138	82	3
NC_072004.2	1450531	1451044	-2	1	-	NC_072004.2	1450676	1450978	RILP	XM_002826809.4	-	2	2	66	145	2	3	3	3	3	middle	middle	1.000	1.000	constitutive	constitutive	93	106	3
NC_072004.2	1543017	1544046	1	1	+	NC_072004.2	1543102	1543801	SERPINF2	XM_002826816.4	+	1	3	85	245	2	4	1	1	1	middle	middle	1.000	1.000	constitutive	constitutive	38	201	1
NC_072004.2	16029015	16029351	-3	1	-	NC_072004.2	16029017	16029333	LOC129051223	XM_063718390.1	-	3	2	18	2	1	2	1	1	1	first	middle	1.000	1.000	constitutive	constitutive	71	82	1
NC_072004.2	16085809	16087207	-2	1	-	NC_072004.2	16085901	16086304	LOC100437426	XM_063718672.1	-	2	2	903	92	1	2	1	1	1	first	middle	1.000	1.000	constitutive	constitutive	23	163	1
NC_072004.2	16225855	16226191	2	1	+	NC_072004.2	16225874	16226190	LOC129051142	XM_063718043.1	+	2	2	19	1	1	2	2	1	1	first	middle	0.500	0.500	unique	unique	71	82	1
NC_072004.2	16299997	16300588	2	1	+	NC_072004.2	16300172	16300492	LOC134759407	XM_063718045.1	+	2	2	175	96	8	9	1	1	1	middle	middle	1.000	1.000	constitutive	constitutive	107	95	1
NC_072004.2	17497599	17498190	-3	1	-	NC_072004.2	17497696	17498016	LOC100458449	XM_063718408.1	-	3	2	174	97	9	10	1	1	1	middle	middle	1.000	1.000	constitutive	constitutive	107	95	1
NC_072004.2	17580975	17581311	-3	1	-	NC_072004.2	17580977	17581293	LOC129051213	XM_054536250.2	-	3	2	18	2	1	2	3	3	3	first	middle	1.000	1.000	constitutive	constitutive	71	82	3
NC_072004.2	17637781	17638837	-2	1	-	NC_072004.2	17637873	17638820	LOC100456623	XM_063719040.1	-	2	2	17	92	19	21	1	1	1	middle	middle	1.000	1.000	constitutive	constitutive	114	163	1
NC_072004.2	17784519	17784855	1	1	+	NC_072004.2	17784538	17784854	LOC129051019	XM_063718409.1	+	1	2	19	1	1	2	7	7	7	first	middle	1.000	1.000	constitutive	constitutive	71	82	7
NC_072004.2	17983010	17983559	3	1	+	NC_072004.2	17983180	17983558	TOP3A	NM_001374260.1	+	3	2	170	1	14	15	12	12	12	middle	middle	1.000	1.000	constitutive	constitutive	113	165	12
NC_072004.2	18021359	18021977	3	1	+	NC_072004.2	18021405	18021866	FLII	NM_001133498.1	+	3	2	46	111	22	23	5	5	5	middle	middle	1.000	1.000	constitutive	constitutive	139	237	5
NC_072004.2	18108139	18108565	-2	1	-	NC_072004.2	18108141	18108552	MYO15A	XM_024234893.3	-	2	2	13	2	54	55	2	2	2	middle	middle	1.000	1.000	constitutive	constitutive	73	82	2
NC_072004.2	18110872	18111247	-2	1	-	NC_072004.2	18110914	18111190	MYO15A	XM_024234893.3	-	2	2	57	42	48	49	2	2	2	middle	middle	1.000	1.000	constitutive	constitutive	111	74	2
NC_072004.2	1844149	1845451	2	1	+	NC_072004.2	1844393	1845451	OVCA2	XM_009251116.3	+	2	2	244	0	1	2	1	1	1	first	last	1.000	1.000	constitutive	constitutive	183	496	1
NC_072004.2	19398241	19398985	2	1	+	NC_072004.2	19398335	19398959	LOC129054739	XM_063719042.1	+	2	2	94	26	6	7	1	1	1	middle	middle	1.000	1.000	constitutive	constitutive	99	149	1
NC_072004.2	19577079	19577664	-3	1	-	NC_072004.2	19577167	19577490	LOC129056792	XM_054546861.2	-	3	2	174	88	8	9	1	1	1	middle	middle	1.000	1.000	constitutive	constitutive	107	95	1
NC_072004.2	19653673	19654009	-2	1	-	NC_072004.2	19653675	19653991	LOC100434797	XM_054546858.2	-	2	2	18	2	1	2	3	3	3	first	middle	1.000	1.000	constitutive	constitutive	71	82	3
NC_072004.2	19860714	19861050	1	1	+	NC_072004.2	19860733	19861049	LOC129056808	XM_063718051.1	+	1	2	19	1	1	2	1	1	1	first	middle	1.000	1.000	constitutive	constitutive	71	82	1
NC_072004.2	19937834	19938425	3	1	+	NC_072004.2	19938009	19938329	LOC129051030	XM_063718052.1	+	3	2	175	96	8	9	1	1	1	middle	middle	1.000	1.000	constitutive	constitutive	107	95	1
NC_072004.2	20772494	20773112	3	1	+	NC_072004.2	20772779	20773095	SLC47A1	NM_001131190.2	+	3	2	285	17	8	9	3	3	3	middle	middle	1.000	1.000	constitutive	constitutive	97	113	3
NC_072004.2	24585302	24586247	3	1	+	NC_072004.2	24585384	24585931	LOC134760522	XM_063718461.1	+	3	2	82	316	1	3	1	1	1	first	middle	1.000	1.000	constitutive	constitutive	289	171	1
NC_072004.2	2503168	2503999	-2	1	-	NC_072004.2	2503556	2503843	CLUH	XM_024235306.3	-	2	2	156	388	20	21	3	3	3	middle	middle	1.000	1.000	constitutive	constitutive	80	125	3
NC_072004.2	2506490	2506982	-1	1	-	NC_072004.2	2506569	2506877	CLUH	XM_024235306.3	-	1	2	105	79	14	15	3	3	3	middle	middle	1.000	1.000	constitutive	constitutive	152	62	3
NC_072004.2	3526824	3527226	-3	1	-	NC_072004.2	3526870	3527119	ITGAE	XM_024235430.3	-	3	2	107	46	25	26	3	3	3	middle	middle	1.000	1.000	constitutive	constitutive	63	107	3
NC_072004.2	3744093	3745332	-3	1	-	NC_072004.2	3744135	3745125	ATP2A3	XM_002826855.5	-	3	3	207	42	4	6	5	5	5	middle	middle	1.000	1.000	constitutive	constitutive	104	80	5
NC_072004.2	41657118	41657391	-3	1	-	NC_072004.2	41657120	41657379	LOC100939790	XM_054535607.2	-	3	2	12	2	1	2	2	1	2	first	middle	0.500	1.000	unique	constitutive	20	82	1
NC_072004.2	41657118	41657391	-3	1	-	NC_072004.2	41657120	41657379	LOC100939790	XM_054535608.2	-	3	2	12	2	1	2	2	1	2	first	middle	0.500	1.000	unique	constitutive	14	82	1
NC_072004.2	42390295	42391240	-2	1	-	NC_072004.2	42390341	42391098	VTN	NM_001133591.2	-	2	3	142	46	2	4	2	2	1	middle	middle	1.000	0.500	constitutive	unique	119	139	1
NC_072004.2	42390295	42391240	-2	1	-	NC_072004.2	42390341	42391098	VTN	XM_054535249.2	-	2	2	142	46	2	3	2	2	1	middle	middle	1.000	0.500	constitutive	unique	119	562	1
NC_072004.2	42675495	42676164	-3	1	-	NC_072004.2	42675610	42676116	ALDOC	XM_024235013.3	-	3	2	48	115	6	7	2	2	2	middle	middle	1.000	1.000	constitutive	constitutive	174	199	2
NC_072004.2	42732600	42733161	-3	1	-	NC_072004.2	42732670	42733113	BLTP2	XM_009251430.3	-	3	2	48	70	22	23	3	3	2	middle	middle	1.000	0.667	constitutive	alternative	99	202	2
NC_072004.2	42732600	42733161	-3	1	-	NC_072004.2	42732670	42733113	BLTP2	XM_054536513.2	-	3	2	48	70	22	23	3	3	1	middle	middle	1.000	0.333	constitutive	unique	99	199	1
NC_072004.2	42814021	42814459	-2	1	-	NC_072004.2	42814126	42814370	RAB34	XM_009251434.3	-	2	2	89	105	7	8	16	9	16	middle	middle	0.562	1.000	alternative	constitutive	81	90	9
NC_072004.2	42814021	42814459	-2	1	-	NC_072004.2	42814126	42814370	RAB34	XM_024235020.3	-	2	2	89	105	7	8	16	7	16	middle	middle	0.438	1.000	alternative	constitutive	57	90	7
NC_072004.2	42980235	42980931	-3	1	-	NC_072004.2	42980572	42980904	FLOT2	XM_002827187.6	-	3	2	27	337	6	7	6	6	6	middle	middle	1.000	1.000	constitutive	constitutive	113	119	6
NC_072004.2	42999018	42999990	-3	1	-	NC_072004.2	42999267	42999897	DHRS13	XM_002827189.6	-	3	2	93	249	3	4	1	1	1	middle	middle	1.000	1.000	constitutive	constitutive	123	311	1
NC_072004.2	43192516	43193155	-2	1	-	NC_072004.2	43192658	43193066	MYO18A	XM_024234823.3	-	2	2	89	142	28	29	17	17	17	middle	middle	1.000	1.000	constitutive	constitutive	123	200	17
NC_072004.2	43673074	43673422	-2	1	-	NC_072004.2	43673076	43673344	GIT1	XM_024234715.3	-	2	2	78	2	16	17	4	4	4	middle	middle	1.000	1.000	constitutive	constitutive	86	73	4
NC_072004.2	43705071	43705689	1	1	+	NC_072004.2	43705108	43705606	ANKRD13B	XM_024235514.3	+	1	3	37	83	2	4	3	3	3	middle	middle	1.000	1.000	constitutive	constitutive	135	45	3
NC_072004.2	43713078	43713618	-3	1	-	NC_072004.2	43713079	43713519	CORO6	XM_024235517.3	-	3	2	99	1	9	10	8	8	5	middle	last	1.000	0.625	constitutive	alternative	230	119	5
NC_072004.2	43713078	43713618	-3	1	-	NC_072004.2	43713079	43713519	CORO6	XM_054536602.2	-	3	2	99	1	9	10	8	8	3	middle	last	1.000	0.375	constitutive	alternative	230	122	3
NC_072004.2	43713964	43714459	-2	1	-	NC_072004.2	43714047	43714387	CORO6	XM_024235517.3	-	2	2	72	83	6	7	8	8	8	middle	middle	1.000	1.000	constitutive	constitutive	104	145	8
NC_072004.2	4469247	4471035	-3	1	-	NC_072004.2	4469248	4470933	PELP1	XM_024234620.3	-	3	2	102	1	16	17	1	1	1	middle	last	1.000	1.000	constitutive	constitutive	1436	89	1
NC_072004.2	4518107	4518386	3	1	+	NC_072004.2	4518129	4518385	ARRB2	XM_024234157.3	+	3	2	22	1	12	13	6	1	1	middle	middle	0.167	0.167	unique	unique	83	79	1
NC_072004.2	4539325	4539916	2	1	+	NC_072004.2	4539432	4539915	ZMYND15	XM_002826872.5	+	2	2	107	1	2	3	1	1	1	middle	middle	1.000	1.000	constitutive	constitutive	234	155	1
NC_072004.2	4541911	4542424	2	1	+	NC_072004.2	4542033	4542310	ZMYND15	XM_002826872.5	+	2	2	122	114	8	9	1	1	1	middle	middle	1.000	1.000	constitutive	constitutive	88	98	1
NC_072004.2	4610970	4611654	1	1	+	NC_072004.2	4611157	4611498	PLD2	XM_002826875.5	+	1	2	187	156	1	2	2	2	2	first	middle	1.000	1.000	constitutive	constitutive	108	130	2
NC_072004.2	4612362	4612767	1	1	+	NC_072004.2	4612485	4612746	PLD2	XM_002826875.5	+	1	2	123	21	4	5	2	2	2	middle	middle	1.000	1.000	constitutive	constitutive	105	65	2
NC_072004.2	4698990	4699476	1	1	+	NC_072004.2	4698991	4699450	MINK1	XM_024234999.3	+	1	2	1	26	24	25	13	13	13	middle	middle	1.000	1.000	constitutive	constitutive	137	108	13
NC_072004.2	4747930	4748419	-2	1	-	NC_072004.2	4747932	4748375	SLC25A11	NM_001131157.2	-	2	2	44	2	2	3	1	1	1	middle	middle	1.000	1.000	constitutive	constitutive	152	206	1
NC_072004.2	4762217	4762547	3	1	+	NC_072004.2	4762252	4762542	ENO3	XM_003778719.5	+	3	2	35	5	4	5	2	2	2	middle	middle	1.000	1.000	constitutive	constitutive	58	69	2
NC_072004.2	4812963	4813269	1	1	+	NC_072004.2	4813048	4813267	KIF1C	NM_001374305.1	+	1	2	85	2	8	9	4	4	4	middle	middle	1.000	1.000	constitutive	constitutive	65	75	4
NC_072004.2	4945365	4945701	1	1	+	NC_072004.2	4945384	4945700	USP6	XM_054536048.2	+	1	2	19	1	1	2	1	1	1	first	middle	1.000	1.000	constitutive	constitutive	71	82	1
NC_072004.2	4953122	4953992	3	1	+	NC_072004.2	4953169	4953743	USP6	XM_054536048.2	+	3	2	47	249	12	13	1	1	1	middle	middle	1.000	1.000	constitutive	constitutive	152	139	1
NC_072004.2	52922346	52922682	1	1	+	NC_072004.2	52922364	52922681	LOC129051369	XM_063718703.1	+	1	2	18	1	3	4	7	5	7	middle	middle	0.714	1.000	alternative	constitutive	72	82	5
NC_072004.2	52922346	52922682	1	1	+	NC_072004.2	52922365	52922681	LOC129051369	XM_063718707.1	+	1	2	19	1	1	2	7	2	7	first	middle	0.286	1.000	alternative	constitutive	71	82	2
NC_072004.2	53095083	53095419	-3	1	-	NC_072004.2	53095085	53095402	LOC129051378	XM_063718760.1	-	3	2	17	2	3	4	6	4	6	middle	middle	0.667	1.000	alternative	constitutive	72	82	4
NC_072004.2	53095083	53095419	-3	1	-	NC_072004.2	53095085	53095401	LOC129051378	XM_063718762.1	-	3	2	18	2	1	2	6	2	6	first	middle	0.333	1.000	alternative	constitutive	71	82	2
NC_072004.2	53254763	53255099	-1	1	-	NC_072004.2	53254765	53255081	LOC100462373	XM_054536877.2	-	1	2	18	2	1	2	5	5	5	first	middle	1.000	1.000	constitutive	constitutive	71	82	5
NC_072004.2	53589110	53589446	3	1	+	NC_072004.2	53589128	53589445	LOC129047324	XM_054536956.2	+	3	2	18	1	2	3	7	7	7	middle	middle	1.000	1.000	constitutive	constitutive	72	82	7
NC_072004.2	53730169	53730505	-2	1	-	NC_072004.2	53730171	53730488	LOC129051386	XM_063718782.1	-	2	2	17	2	2	3	1	1	1	middle	middle	1.000	1.000	constitutive	constitutive	72	82	1
NC_072004.2	57558156	57559200	1	1	+	NC_072004.2	57558259	57558960	TSPOAP1	XM_009251571.4	+	1	2	103	240	19	20	15	15	15	middle	middle	1.000	1.000	constitutive	constitutive	377	239	15
NC_072004.2	57621960	57623073	-3	1	-	NC_072004.2	57622399	57623030	LPO	XM_054535654.2	-	3	2	43	439	5	6	1	1	1	middle	middle	1.000	1.000	constitutive	constitutive	117	129	1
NC_072004.2	58619632	58620616	-2	1	-	NC_072004.2	58619634	58620083	MSI2	XM_024234807.3	-	2	2	533	2	2	3	7	6	6	middle	middle	0.857	0.857	alternative	alternative	40	81	6
NC_072004.2	65495943	65496756	-3	1	-	NC_072004.2	65495985	65496662	SPATA20	XM_002827373.5	-	3	3	94	42	4	6	5	5	5	middle	middle	1.000	1.000	constitutive	constitutive	154	201	5
NC_072004.2	65524357	65524702	-2	1	-	NC_072004.2	65524359	65524680	MYCBPAP	XM_024235624.3	-	2	2	22	2	8	9	14	14	14	middle	middle	1.000	1.000	constitutive	constitutive	115	115	14
NC_072004.2	65571210	65571888	-3	1	-	NC_072004.2	65571211	65571561	ACSF2	NM_001132466.1	-	3	2	327	1	15	16	4	4	4	middle	last	1.000	1.000	constitutive	constitutive	68	47	4
NC_072004.2	65571731	65572157	-1	1	-	NC_072004.2	65571756	65572095	ACSF2	NM_001132466.1	-	1	2	62	25	13	14	4	4	4	middle	middle	1.000	1.000	constitutive	constitutive	141	110	4
NC_072004.2	65691359	65691917	-1	1	-	NC_072004.2	65691390	65691870	XYLT2	XM_024235524.3	-	1	2	47	31	6	7	2	2	2	middle	middle	1.000	1.000	constitutive	constitutive	216	176	2
NC_072004.2	65768162	65768885	-1	1	-	NC_072004.2	65768163	65768673	TMEM92	XM_002834288.5	-	1	2	212	1	4	5	13	13	13	middle	last	1.000	1.000	constitutive	constitutive	195	110	13
NC_072004.2	65862809	65863373	3	1	+	NC_072004.2	65862858	65863373	COL1A1	XM_024234928.3	+	3	2	49	0	50	51	1	1	1	middle	last	1.000	1.000	constitutive	constitutive	242	143	1
NC_072004.2	65971280	65972123	-1	1	-	NC_072004.2	65971609	65971961	ITGA3	XM_002834284.6	-	1	2	162	329	13	14	1	1	1	middle	middle	1.000	1.000	constitutive	constitutive	149	97	1
NC_072004.2	6861758	6862169	3	1	+	NC_072004.2	6861798	6862096	C19H17orf49	XM_002826930.6	+	3	2	40	73	1	2	5	5	5	first	middle	1.000	1.000	constitutive	constitutive	20	94	5
NC_072004.2	69694171	69694606	-2	1	-	NC_072004.2	69694173	69694485	MED1	XM_024235074.3	-	2	2	121	2	15	16	4	4	4	middle	middle	1.000	1.000	constitutive	constitutive	95	105	4
NC_072004.2	69936933	69937341	1	1	+	NC_072004.2	69937048	69937299	STARD3	NM_001132100.1	+	1	2	115	42	2	3	10	10	10	middle	middle	1.000	1.000	constitutive	constitutive	77	53	10
NC_072004.2	70027252	70027978	2	1	+	NC_072004.2	70027472	70027909	GRB7	XM_002827639.6	+	2	2	220	69	8	9	4	4	4	middle	middle	1.000	1.000	constitutive	constitutive	98	80	4
NC_072004.2	7022902	7023865	-2	1	-	NC_072004.2	7023482	7023804	ASGR1	NM_001131984.1	-	2	2	61	580	5	6	4	4	4	middle	middle	1.000	1.000	constitutive	constitutive	86	151	4
NC_072004.2	70471664	70472141	3	1	+	NC_072004.2	70471684	70472012	RAPGEFL1	NM_001132496.1	+	3	2	20	129	5	6	2	2	2	middle	middle	1.000	1.000	constitutive	constitutive	97	122	2
NC_072004.2	7052823	7053441	-3	1	-	NC_072004.2	7052959	7053367	DLG4	XM_024234381.3	-	3	2	74	136	6	7	18	18	18	middle	middle	1.000	1.000	constitutive	constitutive	169	136	18
NC_072004.2	7102019	7102400	3	1	+	NC_072004.2	7102080	7102399	ELP5	XM_024235220.3	+	3	2	61	1	1	2	1	1	1	first	middle	1.000	1.000	constitutive	constitutive	93	60	1
NC_072004.2	71049601	71049988	-2	1	-	NC_072004.2	71049620	71049988	KRT26	XM_009251810.3	-	2	2	0	19	4	5	2	2	2	middle	middle	1.000	1.000	constitutive	constitutive	161	125	2
NC_072004.2	71143128	71143818	-3	1	-	NC_072004.2	71143351	71143731	KRT12	XM_024235254.3	-	3	2	87	223	4	5	1	1	1	middle	middle	1.000	1.000	constitutive	constitutive	161	125	1
NC_072004.2	71454939	71455632	-3	1	-	NC_072004.2	71454940	71455548	LOC100452524	XM_063719035.1	-	3	2	84	1	1	2	2	2	1	first	last	1.000	0.500	constitutive	unique	238	207	1
NC_072004.2	71454939	71455632	-3	1	-	NC_072004.2	71454940	71455548	LOC100452524	XM_063719036.1	-	3	2	84	1	1	2	2	2	1	first	last	1.000	0.500	constitutive	unique	238	150	1
NC_072004.2	7166611	7167061	2	1	+	NC_072004.2	7166774	7167061	EIF5A	XM_002826950.6	+	2	2	163	0	3	4	1	1	1	middle	last	1.000	1.000	constitutive	constitutive	131	59	1
NC_072004.2	7168572	7168932	-3	1	-	NC_072004.2	7168642	7168898	GPS2	XM_024234639.3	-	3	2	34	70	7	8	6	6	6	middle	middle	1.000	1.000	constitutive	constitutive	89	79	6
NC_072004.2	71704280	71704811	-1	1	-	NC_072004.2	71704288	71704811	LOC100443946	XM_002827549.5	-	1	2	0	8	5	6	1	1	1	middle	middle	1.000	1.000	constitutive	constitutive	125	220	1
NC_072004.2	7172643	7173507	-3	1	-	NC_072004.2	7172645	7173013	NEURL4	XM_002826952.5	-	3	2	494	2	27	28	2	2	2	middle	middle	1.000	1.000	constitutive	constitutive	112	165	2
NC_072004.2	7178730	7179180	-3	1	-	NC_072004.2	7178912	7179151	NEURL4	XM_002826952.5	-	3	2	29	182	13	14	2	2	2	middle	middle	1.000	1.000	constitutive	constitutive	76	78	2
NC_072004.2	72038416	72039289	-2	1	-	NC_072004.2	72038439	72039147	JUP	XM_054546393.2	-	2	2	142	23	2	3	6	6	6	middle	middle	1.000	1.000	constitutive	constitutive	259	238	6
NC_072004.2	72382875	72383763	-3	1	-	NC_072004.2	72383028	72383592	DHX58	NM_001131127.1	-	3	2	171	153	5	6	3	3	3	middle	middle	1.000	1.000	constitutive	constitutive	126	191	3
NC_072004.2	72389676	72390462	-3	1	-	NC_072004.2	72389731	72390120	KAT2A	XM_024234413.3	-	3	2	342	55	14	16	2	2	2	middle	middle	1.000	1.000	constitutive	constitutive	114	63	2
NC_072004.2	7243835	7244120	3	1	+	NC_072004.2	7243915	7244120	TNK1	XM_054536150.2	+	3	2	80	0	10	11	5	1	1	middle	last	0.200	0.200	unique	unique	95	22	1
NC_072004.2	72438545	72439250	-1	1	-	NC_072004.2	72438547	72439109	KCNH4	XM_009251745.4	-	1	2	141	2	12	13	1	1	1	middle	middle	1.000	1.000	constitutive	constitutive	38	352	1
NC_072004.2	72566477	72567095	3	1	+	NC_072004.2	72566578	72567094	LOC100461695	XM_002827517.5	+	3	2	101	1	5	6	4	4	4	middle	middle	1.000	1.000	constitutive	constitutive	130	151	4
NC_072004.2	72829905	72830583	1	1	+	NC_072004.2	72830104	72830442	COASY	XM_009251734.3	+	1	2	199	141	4	5	4	4	4	middle	middle	1.000	1.000	constitutive	constitutive	189	64	4
NC_072004.2	72832379	72833084	3	1	+	NC_072004.2	72832545	72833079	MLX	NM_001134100.1	+	3	2	166	5	1	2	4	2	4	first	middle	0.500	1.000	alternative	constitutive	41	36	2
NC_072004.2	72832379	72833084	3	1	+	NC_072004.2	72832545	72833079	MLX	XM_009251731.3	+	3	2	166	5	1	2	4	2	4	first	middle	0.500	1.000	alternative	constitutive	203	36	2
NC_072004.2	72879578	72880265	3	1	+	NC_072004.2	72879660	72880223	TUBG1	NM_001132127.1	+	3	2	82	42	8	9	2	2	2	middle	middle	1.000	1.000	constitutive	constitutive	149	152	2
NC_072004.2	72939549	72940059	-3	1	-	NC_072004.2	72939648	72940018	PLEKHH3	XM_024235633.3	-	3	2	41	99	3	4	8	8	8	middle	middle	1.000	1.000	constitutive	constitutive	79	191	8
NC_072004.2	72950851	72951529	2	1	+	NC_072004.2	72951062	72951491	CNTNAP1	XM_002827502.6	+	2	2	211	38	4	5	1	1	1	middle	middle	1.000	1.000	constitutive	constitutive	147	203	1
NC_072004.2	73066093	73066663	2	1	+	NC_072004.2	73066094	73066662	WNK4	XM_063718215.1	+	2	2	1	1	15	16	4	4	4	middle	middle	1.000	1.000	constitutive	constitutive	60	408	4
NC_072004.2	73285896	73286364	1	1	+	NC_072004.2	73285939	73286265	IFI35	XM_002827489.6	+	1	2	43	99	3	4	1	1	1	middle	middle	1.000	1.000	constitutive	constitutive	147	106	1
NC_072004.2	73291266	73291746	-3	1	-	NC_072004.2	73291320	73291685	VAT1	XM_002827487.5	-	3	2	61	54	3	4	1	1	1	middle	middle	1.000	1.000	constitutive	constitutive	170	89	1
NC_072004.2	7350374	7351526	3	1	+	NC_072004.2	7350415	7351250	POLR2A	XM_024235007.3	+	3	3	41	276	3	5	1	1	1	middle	middle	1.000	1.000	constitutive	constitutive	136	281	1
NC_072004.2	7364597	7365161	3	1	+	NC_072004.2	7364724	7365156	POLR2A	XM_024235007.3	+	3	2	127	5	26	27	1	1	1	middle	middle	1.000	1.000	constitutive	constitutive	186	113	1
NC_072004.2	73846047	73846482	-3	1	-	NC_072004.2	73846053	73846440	ETV4	XM_024234640.3	-	3	2	42	6	3	4	9	8	8	middle	middle	0.889	0.889	alternative	alternative	93	47	8
NC_072004.2	7415038	7415545	2	1	+	NC_072004.2	7415206	7415530	SENP3	NM_001205134.1	+	2	2	168	15	4	5	3	3	3	middle	middle	1.000	1.000	constitutive	constitutive	147	47	3
NC_072004.2	74191828	74192479	-2	1	-	NC_072004.2	74192098	74192443	MPP2	XM_002827457.6	-	2	2	36	270	6	7	11	11	11	middle	middle	1.000	1.000	constitutive	constitutive	131	105	11
NC_072004.2	74193717	74194329	-3	1	-	NC_072004.2	74193751	74194203	MPP2	XM_002827457.6	-	3	2	126	34	3	4	11	11	11	middle	middle	1.000	1.000	constitutive	constitutive	152	149	11
NC_072004.2	74382192	74382747	1	1	+	NC_072004.2	74382351	74382747	G6PC3	XM_024235439.3	+	1	2	159	0	4	5	4	1	1	middle	last	0.250	0.250	unique	unique	141	26	1
NC_072004.2	74399481	74399979	-3	1	-	NC_072004.2	74399602	74399957	HDAC5	XM_024235132.3	-	3	2	22	121	7	8	9	5	9	middle	middle	0.556	1.000	alternative	constitutive	146	112	5
NC_072004.2	74399481	74399979	-3	1	-	NC_072004.2	74399602	74399957	HDAC5	XM_024235134.3	-	3	2	22	121	7	8	9	4	9	middle	middle	0.444	1.000	alternative	constitutive	131	112	4
NC_072004.2	74617194	74617935	1	1	+	NC_072004.2	74617472	74617871	RUNDC3A	NM_001133363.1	+	1	2	278	64	3	4	7	3	7	middle	middle	0.429	1.000	alternative	constitutive	148	85	3
NC_072004.2	74617194	74617935	1	1	+	NC_072004.2	74617487	74617871	RUNDC3A	XM_024234248.2	+	1	2	293	64	3	4	7	3	7	middle	middle	0.429	1.000	alternative	constitutive	133	85	3
NC_072004.2	74617194	74617935	1	1	+	NC_072004.2	74617484	74617871	RUNDC3A	XM_054535231.1	+	1	2	290	64	3	4	7	1	7	middle	middle	0.143	1.000	unique	constitutive	136	85	1
NC_072004.2	74624400	74624691	-3	1	-	NC_072004.2	74624401	74624672	SLC25A39	XM_002827435.6	-	3	2	19	1	10	11	8	8	8	middle	last	1.000	1.000	constitutive	constitutive	80	112	8
NC_072004.2	74655741	74656611	1	1	+	NC_072004.2	74655781	74656167	GRN	NM_001133217.1	+	1	2	40	444	1	2	1	1	1	first	middle	1.000	1.000	constitutive	constitutive	137	125	1
NC_072004.2	74689480	74690713	-2	1	-	NC_072004.2	74689735	74690515	ITGA2B	XM_002827433.6	-	2	3	198	255	4	7	1	1	1	middle	middle	1.000	1.000	constitutive	constitutive	165	128	1
NC_072004.2	75221457	75222135	-3	1	-	NC_072004.2	75221584	75221944	GFAP	NM_001132319.1	-	3	2	191	127	2	3	2	2	2	middle	middle	1.000	1.000	constitutive	constitutive	60	95	2
NC_072004.2	75422242	75422830	-2	1	-	NC_072004.2	75422290	75422775	PLCD3	XM_024234659.3	-	2	2	55	48	12	13	4	4	4	middle	middle	1.000	1.000	constitutive	constitutive	166	135	4
NC_072004.2	75575794	75576802	-2	1	-	NC_072004.2	75575864	75576531	MAP3K14	XM_002827401.5	-	2	2	271	70	11	12	2	2	2	middle	middle	1.000	1.000	constitutive	constitutive	353	106	2
NC_072004.2	75712640	75713021	-1	1	-	NC_072004.2	75712767	75713003	ARHGAP27	NM_001132747.1	-	1	2	18	127	3	4	1	1	1	middle	middle	1.000	1.000	constitutive	constitutive	80	83	1
NC_072004.2	7647659	7648205	3	1	+	NC_072004.2	7647740	7648138	LOC100440409	XM_054536196.2	+	3	2	81	67	62	63	2	1	1	middle	middle	0.500	0.500	unique	unique	132	139	1
NC_072004.2	7663950	7664478	1	1	+	NC_072004.2	7663951	7664466	LOC100440409	XM_054536196.2	+	1	2	1	12	73	74	2	1	1	middle	middle	0.500	0.500	unique	unique	150	148	1
NC_072004.2	7669818	7670481	1	1	+	NC_072004.2	7669835	7670305	LOC100440409	XM_054536196.2	+	1	2	17	176	80	81	2	1	1	middle	middle	0.500	0.500	unique	unique	148	183	1
NC_072004.2	7678554	7679049	1	1	+	NC_072004.2	7678582	7678929	LOC100440409	XM_054536196.2	+	1	2	28	120	88	89	2	1	1	middle	middle	0.500	0.500	unique	unique	176	74	1
NC_072004.2	7693208	7694003	3	1	+	NC_072004.2	7693352	7693766	KDM6B	XM_054536181.2	+	3	2	144	237	3	4	18	18	18	middle	middle	1.000	1.000	constitutive	constitutive	219	92	18
NC_072004.2	7754262	7754865	1	1	+	NC_072004.2	7754471	7754833	CHD3	XM_024234334.3	+	1	2	209	32	31	32	21	21	21	middle	middle	1.000	1.000	constitutive	constitutive	121	135	21
NC_072004.2	78095038	78095827	2	1	+	NC_072004.2	78095121	78095651	MRC2	XM_054537226.2	+	2	2	83	176	3	4	1	1	1	middle	middle	1.000	1.000	constitutive	constitutive	173	164	1
NC_072004.2	7887997	7888504	2	1	+	NC_072004.2	7888007	7888457	ALOX15B	XM_002826992.4	+	2	2	10	47	1	2	1	1	1	first	middle	1.000	1.000	constitutive	constitutive	146	219	1
NC_072004.2	7895526	7896024	1	1	+	NC_072004.2	7895614	7896023	ALOX15B	XM_002826992.4	+	1	2	88	1	9	10	1	1	1	middle	middle	1.000	1.000	constitutive	constitutive	86	169	1
NC_072004.2	78962835	78963345	1	1	+	NC_072004.2	78962851	78963241	LOC100453767	XM_009251949.4	+	1	2	16	104	4	5	1	1	1	middle	middle	1.000	1.000	constitutive	constitutive	87	143	1
NC_072004.2	78992291	78993635	3	1	+	NC_072004.2	78992950	78993546	KCNH6	XM_024235098.3	+	3	2	659	89	7	8	6	6	6	middle	middle	1.000	1.000	constitutive	constitutive	199	252	6
NC_072004.2	79284405	79284855	-3	1	-	NC_072004.2	79284462	79284855	FTSJ3	NM_001132195.2	-	3	2	0	57	5	6	4	4	4	middle	middle	1.000	1.000	constitutive	constitutive	99	194	4
NC_072004.2	79289352	79289880	1	1	+	NC_072004.2	79289353	79289721	PSMC5	NM_001133945.1	+	1	2	1	159	4	5	2	2	2	middle	middle	1.000	1.000	constitutive	constitutive	56	230	2
NC_072004.2	79290654	79291101	1	1	+	NC_072004.2	79290727	79291029	PSMC5	NM_001133945.1	+	1	2	73	72	9	10	2	2	2	middle	middle	1.000	1.000	constitutive	constitutive	110	86	2
NC_072004.2	79293632	79294079	-1	1	-	NC_072004.2	79293696	79294022	SMARCD2	XM_024234363.3	-	1	2	57	64	6	7	2	2	2	middle	middle	1.000	1.000	constitutive	constitutive	95	101	2
NC_072004.2	7996037	7996565	-1	1	-	NC_072004.2	7996061	7996544	PER1	XM_024234496.3	-	1	2	21	24	12	13	6	6	6	middle	middle	1.000	1.000	constitutive	constitutive	131	105	6
NC_072004.2	8080355	8081138	-1	1	-	NC_072004.2	8080470	8080971	CTC1	NM_001131079.1	-	1	2	167	115	13	14	1	1	1	middle	middle	1.000	1.000	constitutive	constitutive	324	89	1
NC_072004.2	8113000	8113528	2	1	+	NC_072004.2	8113070	8113459	PFAS	NM_001133493.1	+	2	2	70	69	15	16	1	1	1	middle	middle	1.000	1.000	constitutive	constitutive	125	131	1
NC_072004.2	8113734	8114610	1	1	+	NC_072004.2	8113753	8114497	PFAS	NM_001133493.1	+	1	3	19	113	17	19	1	1	1	middle	middle	1.000	1.000	constitutive	constitutive	230	83	1
NC_072004.2	8167365	8167707	1	1	+	NC_072004.2	8167366	8167706	ARHGEF15	XM_002827006.5	+	1	2	1	1	10	11	1	1	1	middle	middle	1.000	1.000	constitutive	constitutive	92	160	1
NC_072004.2	82727762	82728047	-1	1	-	NC_072004.2	82727772	82728047	PSMD12	NM_001132029.1	-	1	2	0	10	2	3	1	1	1	middle	middle	1.000	1.000	constitutive	constitutive	59	128	1
NC_072004.2	8787822	8788362	-3	1	-	NC_072004.2	8787824	8788200	PIK3R6	XM_024235287.3	-	3	2	162	2	5	6	1	1	1	middle	middle	1.000	1.000	constitutive	constitutive	132	69	1
NC_072004.2	89612333	89612633	3	1	+	NC_072004.2	89612394	89612628	RPL38	XM_009251997.4	+	3	2	61	5	1	2	5	5	5	first	middle	1.000	1.000	constitutive	constitutive	2	60	5
NC_072004.2	89756686	89757451	2	1	+	NC_072004.2	89756813	89757286	KIF19	XM_002827792.4	+	2	2	127	165	13	14	3	3	3	middle	middle	1.000	1.000	constitutive	constitutive	270	121	3
NC_072004.2	90165954	90166170	1	1	+	NC_072004.2	90165958	90166169	RAB37	XM_024234617.3	+	1	2	4	1	7	8	3	3	3	middle	middle	1.000	1.000	constitutive	constitutive	56	76	3
NC_072004.2	90283305	90283911	-3	1	-	NC_072004.2	90283306	90283733	FDXR	XM_024235167.3	-	3	2	178	1	11	12	14	14	14	middle	last	1.000	1.000	constitutive	constitutive	170	127	14
NC_072004.2	90906874	90907627	2	1	+	NC_072004.2	90906970	90907366	TMEM94	XM_024234802.3	+	2	2	96	261	7	8	15	12	12	middle	middle	0.800	0.800	alternative	alternative	102	86	12
NC_072004.2	90911004	90911943	1	1	+	NC_072004.2	90911225	90911650	TMEM94	XM_024234802.3	+	1	2	221	293	16	17	15	15	15	middle	middle	1.000	1.000	constitutive	constitutive	102	217	15
NC_072004.2	90912424	90913183	2	1	+	NC_072004.2	90912647	90913150	TMEM94	XM_024234802.3	+	2	2	223	33	19	20	15	15	15	middle	middle	1.000	1.000	constitutive	constitutive	138	115	15
NC_072004.2	90915863	90916469	3	1	+	NC_072004.2	90915921	90916468	TMEM94	XM_024234802.3	+	3	3	58	1	27	29	15	15	6	middle	middle	1.000	0.400	constitutive	alternative	148	93	6
NC_072004.2	90915863	90916469	3	1	+	NC_072004.2	90915921	90916468	TMEM94	XM_054537333.2	+	3	2	58	1	27	28	15	15	9	middle	middle	1.000	0.600	constitutive	alternative	148	278	9
NC_072004.2	90921042	90921810	-3	1	-	NC_072004.2	90921147	90921720	CASKIN2	XM_024234805.3	-	3	2	90	105	14	16	3	3	3	middle	middle	1.000	1.000	constitutive	constitutive	110	138	3
NC_072004.2	91006026	91008435	1	1	+	NC_072004.2	91006150	91008434	MYO15B	XM_063718940.1	+	1	2	124	1	1	2	1	1	1	first	middle	1.000	1.000	constitutive	constitutive	1236	945	1
NC_072004.2	91020969	91021692	1	1	+	NC_072004.2	91021060	91021620	MYO15B	XM_063718940.1	+	1	2	91	72	17	19	1	1	1	middle	middle	1.000	1.000	constitutive	constitutive	77	45	1
NC_072004.2	91043433	91043916	1	1	+	NC_072004.2	91043447	91043915	MYO15B	XM_063718940.1	+	1	2	14	1	60	61	1	1	1	middle	middle	1.000	1.000	constitutive	constitutive	145	115	1
NC_072004.2	91146123	91146693	1	1	+	NC_072004.2	91146227	91146537	ITGB4	XM_024235250.3	+	1	2	104	156	2	3	9	9	9	middle	middle	1.000	1.000	constitutive	constitutive	82	101	9
NC_072004.2	91256387	91256729	-1	1	-	NC_072004.2	91256389	91256633	UNC13D	XM_024234924.3	-	1	2	96	2	16	17	2	2	2	middle	middle	1.000	1.000	constitutive	constitutive	56	97	2
NC_072004.2	91256622	91257318	-3	1	-	NC_072004.2	91256716	91257298	UNC13D	XM_024234924.3	-	3	3	20	94	13	15	2	2	2	middle	middle	1.000	1.000	constitutive	constitutive	117	90	2
NC_072004.2	91260360	91260759	-3	1	-	NC_072004.2	91260409	91260720	UNC13D	XM_024234924.3	-	3	2	39	49	10	11	2	2	2	middle	middle	1.000	1.000	constitutive	constitutive	104	92	2
NC_072004.2	91263169	91263574	-2	1	-	NC_072004.2	91263277	91263493	UNC13D	XM_024234924.3	-	2	2	81	108	4	5	2	2	2	middle	middle	1.000	1.000	constitutive	constitutive	59	66	2
NC_072004.2	91293793	91295005	-2	1	-	NC_072004.2	91293794	91294794	TRIM47	XM_002827848.4	-	2	2	211	1	5	6	1	1	1	middle	last	1.000	1.000	constitutive	constitutive	74	637	1
NC_072004.2	91295194	91296178	-2	1	-	NC_072004.2	91295221	91295812	TRIM47	XM_002827848.4	-	2	2	366	27	3	4	1	1	1	middle	middle	1.000	1.000	constitutive	constitutive	230	198	1
NC_072004.2	91311137	91311806	-1	1	-	NC_072004.2	91311227	91311716	TRIM65	XM_024234645.2	-	1	2	90	90	3	4	2	2	2	middle	middle	1.000	1.000	constitutive	constitutive	233	174	2
NC_072004.2	91331192	91331735	-1	1	-	NC_072004.2	91331351	91331699	FBF1	XM_024234647.3	-	1	2	36	159	26	27	44	44	44	middle	middle	1.000	1.000	constitutive	constitutive	137	117	44
NC_072004.2	91332271	91333009	-2	1	-	NC_072004.2	91332395	91332787	FBF1	XM_024234647.3	-	2	2	222	124	23	24	44	44	44	middle	middle	1.000	1.000	constitutive	constitutive	122	185	44
NC_072004.2	91419790	91420219	2	1	+	NC_072004.2	91419817	91420213	CDK3	XM_054537373.2	+	2	2	27	6	4	5	3	3	3	middle	middle	1.000	1.000	constitutive	constitutive	120	170	3
NC_072004.2	91429508	91429913	-1	1	-	NC_072004.2	91429575	91429892	EVPL	XM_024234710.3	-	1	2	21	67	19	20	1	1	1	middle	middle	1.000	1.000	constitutive	constitutive	83	110	1
NC_072004.2	91432711	91433242	-2	1	-	NC_072004.2	91432713	91433162	EVPL	XM_024234710.3	-	2	2	80	2	16	17	1	1	1	middle	middle	1.000	1.000	constitutive	constitutive	138	193	1
NC_072004.2	91439017	91439701	-2	1	-	NC_072004.2	91439123	91439695	EVPL	XM_024234710.3	-	2	2	6	106	7	9	1	1	1	middle	middle	1.000	1.000	constitutive	constitutive	161	95	1
NC_072004.2	91705271	91705823	-1	1	-	NC_072004.2	91705273	91705691	QRICH2	XM_054537382.2	-	1	2	132	2	11	12	10	10	10	middle	middle	1.000	1.000	constitutive	constitutive	164	121	10
NC_072004.2	91705826	91706315	-1	1	-	NC_072004.2	91705893	91706192	QRICH2	XM_054537382.2	-	1	2	123	67	9	10	10	10	10	middle	middle	1.000	1.000	constitutive	constitutive	122	74	10
NC_072004.2	91810181	91810751	3	1	+	NC_072004.2	91810369	91810697	SPHK1	XM_054537392.2	+	3	2	188	54	2	3	2	2	2	middle	middle	1.000	1.000	constitutive	constitutive	152	94	2
NC_072004.2	91902796	91903672	-2	1	-	NC_072004.2	91903004	91903475	RHBDF2	XM_024235491.3	-	2	2	197	208	3	4	10	10	10	middle	middle	1.000	1.000	constitutive	constitutive	195	203	10
NC_072004.2	93568584	93569256	1	1	+	NC_072004.2	93568677	93569255	TMC8	XM_024234670.3	+	1	2	93	1	9	10	1	1	1	middle	middle	1.000	1.000	constitutive	constitutive	123	97	1
NC_072004.2	93633619	93634171	2	1	+	NC_072004.2	93633749	93634001	AFMID	XM_054535799.1	+	2	2	130	170	2	3	10	1	1	middle	middle	0.100	0.100	unique	unique	104	48	1
NC_072004.2	93635964	93636528	1	1	+	NC_072004.2	93636044	93636406	AFMID	XM_002827890.5	+	1	2	80	122	6	7	10	7	7	middle	middle	0.700	0.700	alternative	alternative	72	97	7
NC_072004.2	93893023	93893716	-2	1	-	NC_072004.2	93893025	93893497	DNAH17	XM_063718301.1	-	2	2	219	2	58	59	1	1	1	middle	middle	1.000	1.000	constitutive	constitutive	95	217	1
NC_072004.2	93917524	93918304	-2	1	-	NC_072004.2	93917648	93918194	DNAH17	XM_063718301.1	-	2	2	110	124	44	45	1	1	1	middle	middle	1.000	1.000	constitutive	constitutive	282	173	1
NC_072004.2	94005872	94006427	-1	1	-	NC_072004.2	94005893	94006398	DNAH17	XM_063718301.1	-	1	2	29	21	3	4	1	1	1	middle	middle	1.000	1.000	constitutive	constitutive	192	99	1
NC_072004.2	95244535	95245498	-2	1	-	NC_072004.2	95244599	95244857	CBX8	XM_002827908.6	-	2	2	641	64	3	4	1	1	1	middle	middle	1.000	1.000	constitutive	constitutive	65	66	1
NC_072004.2	95568327	95568945	1	1	+	NC_072004.2	95568455	95568944	GAA	NM_001132912.2	+	1	2	128	1	13	14	2	2	2	middle	middle	1.000	1.000	constitutive	constitutive	151	148	2
NC_072004.2	95684428	95685412	-2	1	-	NC_072004.2	95684595	95685118	SGSH	XM_024234879.3	-	2	2	294	167	3	4	1	1	1	middle	middle	1.000	1.000	constitutive	constitutive	105	150	1
NC_072004.2	96347387	96348545	3	1	+	NC_072004.2	96347496	96348050	RPTOR	XM_024235062.3	+	3	2	109	495	15	16	6	6	6	middle	middle	1.000	1.000	constitutive	constitutive	65	191	6
NC_072004.2	96592126	96592591	-2	1	-	NC_072004.2	96592128	96592415	AATK	XM_063718340.1	-	2	2	176	2	8	9	3	3	3	middle	middle	1.000	1.000	constitutive	constitutive	84	121	3
NC_072004.2	96704141	96704549	3	1	+	NC_072004.2	96704148	96704462	NDUFAF8	XM_002827935.6	+	3	2	7	87	1	2	1	1	1	first	middle	1.000	1.000	constitutive	constitutive	83	110	1
NC_072004.2	96926663	96927125	3	1	+	NC_072004.2	96926712	96927060	BAHCC1	XM_054535905.2	+	3	2	49	65	18	19	5	4	5	middle	middle	0.800	1.000	alternative	constitutive	104	156	4
NC_072004.2	96926663	96927125	3	1	+	NC_072004.2	96926712	96927060	BAHCC1	XM_054535906.2	+	3	2	49	65	18	19	5	1	5	middle	middle	0.200	1.000	unique	constitutive	80	156	1
NC_072004.2	96928593	96930225	1	1	+	NC_072004.2	96928619	96930123	BAHCC1	XM_054535905.2	+	1	2	26	102	24	25	5	5	4	middle	middle	1.000	0.800	constitutive	alternative	176	1177	4
NC_072004.2	96928593	96930225	1	1	+	NC_072004.2	96928619	96930123	BAHCC1	XM_063718345.1	+	1	2	26	102	24	25	5	5	1	middle	middle	1.000	0.200	constitutive	unique	176	1153	1
NC_072004.2	96930597	96931851	1	1	+	NC_072004.2	96930817	96931851	BAHCC1	XM_054535905.2	+	1	2	220	0	26	27	5	5	5	middle	last	1.000	1.000	constitutive	constitutive	236	203	5
NC_072004.2	97147425	97148013	1	1	+	NC_072004.2	97147470	97147881	CCDC137	XM_009252140.4	+	1	2	45	132	4	5	1	1	1	middle	middle	1.000	1.000	constitutive	constitutive	82	79	1
NC_072004.2	97168163	97168841	3	1	+	NC_072004.2	97168337	97168799	HGS	XM_024234389.3	+	3	3	174	42	9	11	4	4	4	middle	middle	1.000	1.000	constitutive	constitutive	78	95	4
NC_072004.2	97170827	97171871	3	1	+	NC_072004.2	97171156	97171797	HGS	XM_024234389.3	+	3	2	329	74	16	18	4	4	4	middle	middle	1.000	1.000	constitutive	constitutive	172	174	4
NC_072004.2	97189974	97190457	1	1	+	NC_072004.2	97190023	97190276	SLC25A10	XM_009252144.4	+	1	2	49	181	3	4	3	3	3	middle	middle	1.000	1.000	constitutive	constitutive	114	48	3
NC_072004.2	97191160	97191664	2	1	+	NC_072004.2	97191352	97191619	SLC25A10	XM_009252144.4	+	2	2	192	45	6	7	3	3	3	middle	middle	1.000	1.000	constitutive	constitutive	43	70	3
NC_072004.2	97230250	97231264	2	1	+	NC_072004.2	97230263	97231214	GCGR	XM_054537407.1	+	2	2	13	50	1	2	1	1	1	first	middle	1.000	1.000	constitutive	constitutive	62	102	1
NC_072004.2	97232083	97232674	2	1	+	NC_072004.2	97232244	97232551	GCGR	XM_054537407.1	+	2	2	161	123	3	4	1	1	1	middle	middle	1.000	1.000	constitutive	constitutive	107	121	1
NC_072004.2	97247433	97247730	-3	1	-	NC_072004.2	97247472	97247691	MCRIP1	XM_024234329.3	-	3	2	39	39	1	2	5	5	5	first	middle	1.000	1.000	constitutive	constitutive	7	118	5
NC_072004.2	97331751	97332345	-3	1	-	NC_072004.2	97332016	97332319	PCYT2	XM_024234508.3	-	3	2	26	265	5	6	5	5	5	middle	middle	1.000	1.000	constitutive	constitutive	84	44	5
NC_072004.2	97338404	97338980	-1	1	-	NC_072004.2	97338537	97338980	SIRT7	XM_024234510.3	-	1	2	0	133	7	8	2	2	2	middle	middle	1.000	1.000	constitutive	constitutive	236	80	2
NC_072004.2	97379704	97380409	-2	1	-	NC_072004.2	97379920	97380344	NOTUM	XM_024234514.3	-	2	2	65	216	7	8	1	1	1	middle	middle	1.000	1.000	constitutive	constitutive	191	100	1
NC_072004.2	97449200	97449725	3	1	+	NC_072004.2	97449201	97449687	LRRC45	XM_024234519.3	+	3	2	1	38	3	4	1	1	1	middle	middle	1.000	1.000	constitutive	constitutive	70	178	1
NC_072004.2	97452452	97452833	3	1	+	NC_072004.2	97452494	97452794	LRRC45	XM_024234519.3	+	3	2	42	39	9	10	1	1	1	middle	middle	1.000	1.000	constitutive	constitutive	135	77	1
NC_072004.2	97473888	97474734	-3	1	-	NC_072004.2	97473890	97474702	RFNG	XM_002827969.5	-	3	2	32	2	6	7	1	1	1	middle	middle	1.000	1.000	constitutive	constitutive	165	85	1
NC_072004.2	97481478	97482156	1	1	+	NC_072004.2	97481497	97481841	GPS1	XM_024234535.3	+	1	2	19	315	12	13	12	12	12	middle	middle	1.000	1.000	constitutive	constitutive	137	134	12
NC_072004.2	97485593	97485872	-1	1	-	NC_072004.2	97485595	97485855	DUS1L	XM_002827968.5	-	1	2	17	2	8	9	3	3	3	middle	middle	1.000	1.000	constitutive	constitutive	96	82	3
NC_072004.2	97510724	97511387	-1	1	-	NC_072004.2	97510967	97511372	FASN	XM_024234548.3	-	1	2	15	243	34	35	2	2	2	middle	middle	1.000	1.000	constitutive	constitutive	91	151	2
NC_072004.2	97511416	97512613	-2	1	-	NC_072004.2	97511869	97512588	FASN	XM_024234548.3	-	2	2	25	453	30	32	2	2	2	middle	middle	1.000	1.000	constitutive	constitutive	122	201	2
NC_072004.2	97515961	97516645	-2	1	-	NC_072004.2	97516009	97516476	FASN	XM_024234548.3	-	2	2	169	48	19	20	2	2	2	middle	middle	1.000	1.000	constitutive	constitutive	179	203	2
NC_072004.2	97516440	97517298	-3	1	-	NC_072004.2	97516926	97517279	FASN	XM_024234548.3	-	3	2	19	486	16	17	2	2	2	middle	middle	1.000	1.000	constitutive	constitutive	191	80	2
NC_072004.2	97521853	97522462	-2	1	-	NC_072004.2	97521892	97522440	FASN	XM_024234548.3	-	2	2	22	39	4	5	2	2	2	middle	middle	1.000	1.000	constitutive	constitutive	200	122	2
NC_072005.2	10013359	10013656	-3	1	-	NC_072005.2	10013390	10013632	COL5A3	XM_009252766.4	-	3	2	24	31	26	27	2	2	2	middle	middle	1.000	1.000	constitutive	constitutive	44	53	2
NC_072005.2	1006262	1006652	3	1	+	NC_072005.2	1006315	1006652	ATP5F1D	XM_002828371.6	+	3	2	53	0	3	4	2	2	2	middle	last	1.000	1.000	constitutive	constitutive	88	119	2
NC_072005.2	10121555	10122113	3	1	+	NC_072005.2	10121619	10121990	SHFL	XM_002828644.5	+	3	2	64	123	2	3	2	2	2	middle	middle	1.000	1.000	constitutive	constitutive	123	49	2
NC_072005.2	10145129	10145825	3	1	+	NC_072005.2	10145149	10145825	P2RY11	NM_001131346.1	+	3	3	20	0	10	12	3	3	2	middle	last	1.000	0.667	constitutive	alternative	129	217	2
NC_072005.2	10145129	10145825	3	1	+	NC_072005.2	10145149	10145685	P2RY11	XM_054538267.1	+	3	3	20	140	10	12	3	3	1	middle	middle	1.000	0.333	constitutive	unique	129	77	1
NC_072005.2	10286136	10286469	1	1	+	NC_072005.2	10286206	10286416	MRPL4	XM_002828648.5	+	1	2	70	53	1	2	1	1	1	first	middle	1.000	1.000	constitutive	constitutive	56	66	1
NC_072005.2	10354907	10355576	-2	1	-	NC_072005.2	10354938	10355542	RAVER1	XM_024236839.3	-	2	2	34	31	8	9	6	6	3	middle	middle	1.000	0.500	constitutive	alternative	211	296	3
NC_072005.2	10354907	10355576	-2	1	-	NC_072005.2	10354938	10355542	RAVER1	XM_024236840.3	-	2	3	34	31	8	10	6	6	3	middle	middle	1.000	0.500	constitutive	alternative	211	127	3
NC_072005.2	10357319	10357901	-2	1	-	NC_072005.2	10357460	10357880	RAVER1	XM_024236839.3	-	2	2	21	141	4	5	6	6	6	middle	middle	1.000	1.000	constitutive	constitutive	191	129	6
NC_072005.2	10394296	10395007	-3	1	-	NC_072005.2	10394447	10394821	TYK2	XM_024237709.3	-	3	2	186	151	14	15	8	8	8	middle	middle	1.000	1.000	constitutive	constitutive	135	154	8
NC_072005.2	10591291	10591867	2	1	+	NC_072005.2	10591469	10591693	ATG4D	XM_024237036.3	+	2	2	178	174	7	8	2	2	2	middle	middle	1.000	1.000	constitutive	constitutive	78	76	2
NC_072005.2	10672550	10673003	3	1	+	NC_072005.2	10672658	10672985	SLC44A2	NM_001133264.1	+	3	2	108	18	5	6	1	1	1	middle	middle	1.000	1.000	constitutive	constitutive	84	110	1
NC_072005.2	10673038	10673350	2	1	+	NC_072005.2	10673075	10673349	SLC44A2	NM_001133264.1	+	2	2	37	1	7	8	1	1	1	middle	middle	1.000	1.000	constitutive	constitutive	60	123	1
NC_072005.2	10755122	10755701	3	1	+	NC_072005.2	10755386	10755700	QTRT1	XM_024238291.3	+	3	2	264	1	7	8	1	1	1	middle	middle	1.000	1.000	constitutive	constitutive	75	109	1
NC_072005.2	10963412	10963937	3	1	+	NC_072005.2	10963625	10963936	CARM1	XM_024237075.3	+	3	2	213	1	11	12	4	4	4	middle	middle	1.000	1.000	constitutive	constitutive	137	89	4
NC_072005.2	10966615	10967128	-3	1	-	NC_072005.2	10966685	10967109	YIPF2	XM_024237078.3	-	3	2	19	70	6	7	4	4	4	middle	middle	1.000	1.000	constitutive	constitutive	166	182	4
NC_072005.2	11102981	11103650	3	1	+	NC_072005.2	11103099	11103533	SMARCA4	XM_024236467.3	+	3	2	118	117	32	33	13	13	13	middle	middle	1.000	1.000	constitutive	constitutive	132	142	13
NC_072005.2	11249920	11250562	-3	1	-	NC_072005.2	11250011	11250428	DOCK6	XM_024237575.3	-	3	2	134	91	40	41	8	8	8	middle	middle	1.000	1.000	constitutive	constitutive	192	143	8
NC_072005.2	11263756	11264518	-3	1	-	NC_072005.2	11263868	11264239	DOCK6	XM_024237575.3	-	3	2	279	112	27	28	8	8	8	middle	middle	1.000	1.000	constitutive	constitutive	113	170	8
NC_072005.2	11286306	11286789	-1	1	-	NC_072005.2	11286352	11286667	DOCK6	XM_024237575.3	-	1	2	122	46	8	9	8	8	8	middle	middle	1.000	1.000	constitutive	constitutive	66	149	8
NC_072005.2	1135547	1135970	3	1	+	NC_072005.2	1135548	1135929	PWWP3A	XM_024237860.3	+	3	2	1	41	9	10	5	5	5	middle	middle	1.000	1.000	constitutive	constitutive	75	50	5
NC_072005.2	11440951	11441242	-3	1	-	NC_072005.2	11440953	11441191	RGL3	XM_002828691.5	-	3	2	51	2	12	13	2	2	2	middle	middle	1.000	1.000	constitutive	constitutive	32	121	2
NC_072005.2	11445692	11446220	-2	1	-	NC_072005.2	11445771	11446216	RGL3	XM_002828691.5	-	2	2	4	79	6	7	2	2	2	middle	middle	1.000	1.000	constitutive	constitutive	142	215	2
NC_072005.2	11460139	11461306	-3	1	-	NC_072005.2	11460281	11461232	ODAD3	XM_024236866.3	-	3	2	74	142	10	11	2	2	2	middle	middle	1.000	1.000	constitutive	constitutive	156	155	2
NC_072005.2	11473151	11473679	3	1	+	NC_072005.2	11473224	11473611	PRKCSH	XM_024236871.3	+	3	2	73	68	1	2	27	27	27	first	middle	1.000	1.000	constitutive	constitutive	78	116	27
NC_072005.2	11487362	11487782	3	1	+	NC_072005.2	11487446	11487782	PRKCSH	XM_024236871.3	+	3	2	84	0	15	16	27	27	27	middle	last	1.000	1.000	constitutive	constitutive	99	146	27
NC_072005.2	12104269	12105853	2	1	+	NC_072005.2	12104808	12105853	LOC100433361	XM_063719982.1	+	2	2	539	0	4	5	1	1	1	middle	last	1.000	1.000	constitutive	constitutive	39	525	1
NC_072005.2	1218823	1219294	2	1	+	NC_072005.2	1218929	1219293	APC2	XM_024236781.3	+	2	2	106	1	3	4	6	6	6	middle	middle	1.000	1.000	constitutive	constitutive	90	180	6
NC_072005.2	12709817	12710216	3	1	+	NC_072005.2	12709946	12710215	WDR83	XM_002828729.5	+	3	2	129	1	6	7	3	3	3	middle	middle	1.000	1.000	constitutive	constitutive	67	108	3
NC_072005.2	12726250	12726469	-3	1	-	NC_072005.2	12726251	12726469	FBXW9	XM_002828725.6	-	3	2	0	1	9	10	2	2	2	middle	last	1.000	1.000	constitutive	constitutive	65	71	2
NC_072005.2	1277152	1277641	-3	1	-	NC_072005.2	1277154	1277431	ADAMTSL5	XM_063719246.1	-	3	2	210	2	5	6	15	2	2	middle	middle	0.133	0.133	alternative	alternative	60	108	2
NC_072005.2	1277543	1278155	-2	1	-	NC_072005.2	1277646	1277924	ADAMTSL5	XM_063719246.1	-	2	2	231	103	3	4	15	2	1	middle	middle	0.133	0.067	alternative	unique	72	94	1
NC_072005.2	1277543	1278155	-2	1	-	NC_072005.2	1277646	1277924	ADAMTSL5	XM_063719247.1	-	2	2	231	103	3	4	15	2	1	middle	middle	0.133	0.067	alternative	unique	72	91	1
NC_072005.2	12802502	12802931	-2	1	-	NC_072005.2	12802566	12802833	HOOK2	XM_002828733.6	-	2	2	98	64	18	19	5	5	4	middle	middle	1.000	0.800	constitutive	alternative	82	103	4
NC_072005.2	12802502	12802931	-2	1	-	NC_072005.2	12802566	12802833	HOOK2	XM_009252847.4	-	2	2	98	64	18	19	5	5	1	middle	middle	1.000	0.200	constitutive	unique	82	100	1
NC_072005.2	12926284	12926938	2	1	+	NC_072005.2	12926340	12926687	GCDH	NM_001134139.1	+	2	2	56	251	3	4	1	1	1	middle	middle	1.000	1.000	constitutive	constitutive	143	62	1
NC_072005.2	12965038	12965395	-3	1	-	NC_072005.2	12965040	12965344	FARSA	NM_001133695.2	-	3	2	51	2	3	4	1	1	1	middle	middle	1.000	1.000	constitutive	constitutive	98	118	1
NC_072005.2	13147722	13148487	-1	1	-	NC_072005.2	13147738	13148026	TRMT1	XM_009252868.4	-	1	2	461	16	9	10	3	3	3	middle	middle	1.000	1.000	constitutive	constitutive	69	134	3
NC_072005.2	13251536	13252142	-2	1	-	NC_072005.2	13251651	13252062	CACNA1A	XM_054538643.2	-	2	2	80	115	43	44	5	5	5	middle	middle	1.000	1.000	constitutive	constitutive	138	113	5
NC_072005.2	1389083	1390001	-2	1	-	NC_072005.2	1389422	1389785	TCF3	XM_054538595.2	-	2	2	216	339	12	13	19	13	19	middle	middle	0.684	1.000	alternative	constitutive	158	123	13
NC_072005.2	1389083	1390001	-2	1	-	NC_072005.2	1389422	1389782	TCF3	XM_063719838.1	-	2	2	219	339	14	15	19	6	19	middle	middle	0.316	1.000	alternative	constitutive	155	123	6
NC_072005.2	13951680	13952070	1	1	+	NC_072005.2	13951787	13952058	CC2D1A	XM_002828766.5	+	1	2	107	12	3	4	13	13	13	middle	middle	1.000	1.000	constitutive	constitutive	115	65	13
NC_072005.2	13952582	13953110	3	1	+	NC_072005.2	13952634	13953105	CC2D1A	XM_002828766.5	+	3	2	52	5	5	6	13	13	13	middle	middle	1.000	1.000	constitutive	constitutive	134	234	13
NC_072005.2	13968173	13969295	3	1	+	NC_072005.2	13968174	13969274	CC2D1A	XM_002828766.5	+	3	2	1	21	26	27	13	13	13	middle	middle	1.000	1.000	constitutive	constitutive	126	76	13
NC_072005.2	13998622	13999714	2	1	+	NC_072005.2	13998708	13999558	DCAF15	XM_063719309.1	+	2	3	86	156	7	9	3	3	3	middle	middle	1.000	1.000	constitutive	constitutive	434	128	3
NC_072005.2	14078672	14079245	3	1	+	NC_072005.2	14078777	14079179	IL27RA	XM_024238353.3	+	3	2	105	66	3	4	2	2	1	middle	middle	1.000	0.500	constitutive	unique	157	157	1
NC_072005.2	14078672	14079245	3	1	+	NC_072005.2	14078777	14079179	IL27RA	XM_054538682.2	+	3	2	105	66	3	4	2	2	1	middle	middle	1.000	0.500	constitutive	unique	157	172	1
NC_072005.2	14088347	14088983	3	1	+	NC_072005.2	14088406	14088738	IL27RA	XM_024238353.3	+	3	2	59	245	9	10	2	2	2	middle	middle	1.000	1.000	constitutive	constitutive	101	158	2
NC_072005.2	14201014	14201512	-3	1	-	NC_072005.2	14201140	14201512	ADGRL1	XM_054538691.2	-	3	2	0	126	8	9	4	4	4	middle	middle	1.000	1.000	constitutive	constitutive	38	183	4
NC_072005.2	14443308	14443926	1	1	+	NC_072005.2	14443309	14443678	ADGRE5	XM_024237543.3	+	1	2	1	248	8	9	7	7	7	middle	middle	1.000	1.000	constitutive	constitutive	177	107	7
NC_072005.2	14451430	14451805	-3	1	-	NC_072005.2	14451432	14451769	DDX39A	XM_002828787.6	-	3	2	36	2	6	7	3	3	3	middle	middle	1.000	1.000	constitutive	constitutive	131	109	3
NC_072005.2	14607478	14607799	2	1	+	NC_072005.2	14607501	14607798	TECR	XM_024238431.3	+	2	2	23	1	5	6	3	2	2	middle	middle	0.667	0.667	alternative	alternative	103	115	2
NC_072005.2	14608757	14609366	3	1	+	NC_072005.2	14608761	14608985	TECR	XM_024238431.3	+	3	2	4	381	10	11	3	3	3	middle	middle	1.000	1.000	constitutive	constitutive	57	88	3
NC_072005.2	15104587	15105589	2	1	+	NC_072005.2	15104765	15105589	LOC100450805	XM_024237578.3	+	2	2	178	0	1	2	1	1	1	first	last	1.000	1.000	constitutive	constitutive	354	184	1
NC_072005.2	15374909	15375584	-2	1	-	NC_072005.2	15375086	15375557	NOTCH3	XM_002828820.6	-	2	2	27	177	21	22	1	1	1	middle	middle	1.000	1.000	constitutive	constitutive	132	257	1
NC_072005.2	15380894	15381521	-2	1	-	NC_072005.2	15381002	15381504	NOTCH3	XM_002828820.6	-	2	2	17	108	14	15	1	1	1	middle	middle	1.000	1.000	constitutive	constitutive	151	113	1
NC_072005.2	15653145	15653982	-1	1	-	NC_072005.2	15653452	15653779	RASAL3	XM_054545993.1	-	1	2	203	307	6	7	1	1	1	middle	middle	1.000	1.000	constitutive	constitutive	126	98	1
NC_072005.2	1568137	1568701	-3	1	-	NC_072005.2	1568362	1568655	ATP8B3	XM_054538605.2	-	3	2	46	225	14	15	4	4	3	middle	middle	1.000	0.750	constitutive	alternative	31	168	3
NC_072005.2	1568137	1568701	-3	1	-	NC_072005.2	1568374	1568655	ATP8B3	XM_054538606.2	-	3	2	46	237	14	15	4	4	1	middle	middle	1.000	0.250	constitutive	unique	31	156	1
NC_072005.2	15778813	15779401	2	1	+	NC_072005.2	15778987	15779281	LOC100459978	XM_024237193.2	+	2	2	174	120	9	10	1	1	1	middle	middle	1.000	1.000	constitutive	constitutive	133	64	1
NC_072005.2	15821039	15821582	3	1	+	NC_072005.2	15821269	15821581	LOC100461079	XM_002828836.4	+	3	2	230	1	10	11	1	1	1	middle	middle	1.000	1.000	constitutive	constitutive	64	82	1
NC_072005.2	1688972	1689656	3	1	+	NC_072005.2	1689064	1689655	SCAMP4	NM_001131705.2	+	3	2	92	1	2	3	2	1	2	middle	middle	0.500	1.000	unique	constitutive	128	156	1
NC_072005.2	1688972	1689656	3	1	+	NC_072005.2	1689189	1689655	SCAMP4	XM_054538338.2	+	3	2	217	1	1	2	2	1	2	first	middle	0.500	1.000	unique	constitutive	3	156	1
NC_072005.2	17547082	17547679	2	1	+	NC_072005.2	17547192	17547568	GTPBP3	XM_024238318.3	+	2	2	110	111	3	4	4	4	4	middle	middle	1.000	1.000	constitutive	constitutive	86	202	4
NC_072005.2	17706094	17706553	2	1	+	NC_072005.2	17706198	17706552	SLC27A1	XM_002828895.6	+	2	2	104	1	3	4	4	4	4	middle	middle	1.000	1.000	constitutive	constitutive	161	69	4
NC_072005.2	17762330	17762810	3	1	+	NC_072005.2	17762490	17762804	NIBAN3	XM_024236440.3	+	3	2	160	6	11	12	4	4	4	middle	middle	1.000	1.000	constitutive	constitutive	116	107	4
NC_072005.2	18066649	18067156	-3	1	-	NC_072005.2	18066651	18067024	JAK3	XM_024236446.3	-	3	2	132	2	7	8	1	1	1	middle	middle	1.000	1.000	constitutive	constitutive	122	157	1
NC_072005.2	18110671	18111148	2	1	+	NC_072005.2	18110756	18111147	SLC5A5	XM_002828906.4	+	2	2	85	1	11	12	1	1	1	middle	middle	1.000	1.000	constitutive	constitutive	86	196	1
NC_072005.2	1819462	1819966	-3	1	-	NC_072005.2	1819615	1819939	MKNK2	XM_024236564.3	-	3	2	27	153	2	3	3	3	3	middle	middle	1.000	1.000	constitutive	constitutive	87	101	3
NC_072005.2	18358141	18358582	2	1	+	NC_072005.2	18358153	18358556	MAST3	XM_024238129.3	+	2	2	12	26	16	17	46	46	46	middle	middle	1.000	1.000	constitutive	constitutive	132	165	46
NC_072005.2	18401206	18401467	2	1	+	NC_072005.2	18401270	18401467	IFI30	XM_002828916.6	+	2	2	64	0	6	7	2	2	2	middle	last	1.000	1.000	constitutive	constitutive	53	59	2
NC_072005.2	18481428	18492363	-1	1	-	NC_072005.2	18481429	18492072	IQCN	XM_054539927.2	-	1	2	291	1	3	4	1	1	1	middle	last	1.000	1.000	constitutive	constitutive	3062	923	1
NC_072005.2	18660193	18660961	-3	1	-	NC_072005.2	18660341	18660832	ISYNA1	XM_024238199.3	-	3	2	129	148	6	7	3	3	3	middle	middle	1.000	1.000	constitutive	constitutive	215	164	3
NC_072005.2	18805112	18805442	3	1	+	NC_072005.2	18805165	18805442	UBA52	NM_001131235.2	+	3	2	53	0	3	4	4	4	4	middle	last	1.000	1.000	constitutive	constitutive	102	90	4
NC_072005.2	18843936	18844458	1	1	+	NC_072005.2	18843961	18844284	TMEM59L	XM_002828939.5	+	1	2	25	174	2	3	1	1	1	middle	middle	1.000	1.000	constitutive	constitutive	144	91	1
NC_072005.2	19017801	19018671	-1	1	-	NC_072005.2	19017970	19018671	COMP	XM_024236658.3	-	1	3	0	169	6	9	1	1	1	middle	middle	1.000	1.000	constitutive	constitutive	74	107	1
NC_072005.2	19727966	19728593	3	1	+	NC_072005.2	19728021	19728485	GATAD2A	XM_024236477.3	+	3	2	55	108	6	7	19	19	19	middle	middle	1.000	1.000	constitutive	constitutive	131	167	19
NC_072005.2	19767401	19768004	3	1	+	NC_072005.2	19767534	19767876	YJEFN3	XM_009253048.4	+	3	2	133	128	5	6	10	10	10	middle	middle	1.000	1.000	constitutive	constitutive	113	150	10
NC_072005.2	1985835	1986438	1	1	+	NC_072005.2	1985860	1986300	DOT1L	XM_024237254.3	+	1	2	25	138	17	18	4	4	4	middle	middle	1.000	1.000	constitutive	constitutive	101	137	4
NC_072005.2	19885445	19885970	-2	1	-	NC_072005.2	19885446	19885811	ATP13A1	XM_024236819.3	-	2	2	159	1	25	26	3	2	2	middle	last	0.667	0.667	alternative	alternative	143	107	2
NC_072005.2	2117503	2118310	2	1	+	NC_072005.2	2117708	2118250	SPPL2B	XM_024236711.3	+	2	2	205	60	10	11	6	6	6	middle	middle	1.000	1.000	constitutive	constitutive	74	62	6
NC_072005.2	2206772	2207534	-2	1	-	NC_072005.2	2207142	2207519	LMNB2	XM_024236743.3	-	2	2	15	370	5	6	3	3	3	middle	middle	1.000	1.000	constitutive	constitutive	170	125	3
NC_072005.2	3158668	3159244	2	1	+	NC_072005.2	3158846	3159218	CELF5	XM_024238224.3	+	2	2	178	26	7	8	18	18	18	middle	middle	1.000	1.000	constitutive	constitutive	141	146	18
NC_072005.2	3427734	3428379	1	1	+	NC_072005.2	3427863	3428317	TEKTIP1	XM_024237695.3	+	1	2	129	62	2	3	1	1	1	middle	middle	1.000	1.000	constitutive	constitutive	238	125	1
NC_072005.2	3431849	3432275	-2	1	-	NC_072005.2	3431967	3432242	MFSD12	XM_003779026.5	-	2	2	33	118	5	6	2	2	2	middle	middle	1.000	1.000	constitutive	constitutive	92	92	2
NC_072005.2	35104419	35104941	1	1	+	NC_072005.2	35104474	35104878	CCNE1	XM_024238347.3	+	1	2	55	63	4	5	4	4	4	middle	middle	1.000	1.000	constitutive	constitutive	145	135	4
NC_072005.2	3646760	3647345	-2	1	-	NC_072005.2	3646791	3647132	APBA3	XM_002828450.6	-	2	2	213	31	4	5	5	5	5	middle	middle	1.000	1.000	constitutive	constitutive	86	161	5
NC_072005.2	3678829	3680023	-3	1	-	NC_072005.2	3679313	3679831	MATK	XM_024237102.3	-	3	2	192	484	2	3	1	1	1	middle	middle	1.000	1.000	constitutive	constitutive	59	113	1
NC_072005.2	37939440	37939689	-1	1	-	NC_072005.2	37939492	37939689	ANKRD27	NM_001131293.1	-	1	2	0	52	6	7	9	6	9	middle	middle	0.667	1.000	alternative	constitutive	53	65	6
NC_072005.2	37939440	37939689	-1	1	-	NC_072005.2	37939492	37939686	ANKRD27	XM_054538255.2	-	1	2	3	52	1	2	9	3	9	first	middle	0.333	1.000	alternative	constitutive	50	65	3
NC_072005.2	38132500	38132878	2	1	+	NC_072005.2	38132533	38132837	TDRD12	XM_054538838.2	+	2	2	33	41	31	32	5	4	4	middle	middle	0.800	0.800	alternative	alternative	153	66	4
NC_072005.2	38158832	38159381	-2	1	-	NC_072005.2	38158834	38159302	SLC7A9	XM_002829022.4	-	2	2	79	2	4	5	1	1	1	middle	middle	1.000	1.000	constitutive	constitutive	125	99	1
NC_072005.2	3838540	3839485	2	1	+	NC_072005.2	3838613	3839484	NMRK2	XM_024237377.3	+	2	2	73	1	3	4	4	2	4	middle	middle	0.500	1.000	alternative	constitutive	48	156	2
NC_072005.2	3838540	3839485	2	1	+	NC_072005.2	3838598	3839484	NMRK2	XM_054539355.2	+	2	2	58	1	3	4	4	2	4	middle	middle	0.500	1.000	alternative	constitutive	63	156	2
NC_072005.2	3932020	3932596	2	1	+	NC_072005.2	3932071	3932407	PIAS4	XM_024237982.2	+	2	2	51	189	5	6	1	1	1	middle	middle	1.000	1.000	constitutive	constitutive	90	128	1
NC_072005.2	3947563	3948241	2	1	+	NC_072005.2	3947743	3948241	PIAS4	XM_024237982.2	+	2	2	180	0	10	11	1	1	1	middle	last	1.000	1.000	constitutive	constitutive	130	256	1
NC_072005.2	40436459	40436948	3	1	+	NC_072005.2	40436605	40436947	GRAMD1A	XM_024237425.3	+	3	2	146	1	12	13	2	2	2	middle	middle	1.000	1.000	constitutive	constitutive	118	142	2
NC_072005.2	40538561	40538822	3	1	+	NC_072005.2	40538630	40538822	FXYD3	XM_024236934.2	+	3	2	69	0	7	8	2	2	2	middle	last	1.000	1.000	constitutive	constitutive	37	13	2
NC_072005.2	40566410	40566821	3	1	+	NC_072005.2	40566544	40566772	FXYD7	XM_024237326.3	+	3	2	134	49	3	4	3	2	1	middle	middle	0.667	0.333	alternative	unique	74	42	1
NC_072005.2	40566410	40566821	3	1	+	NC_072005.2	40566544	40566763	FXYD7	XM_054538872.2	+	3	2	134	58	3	4	3	2	1	middle	middle	0.667	0.333	alternative	unique	74	33	1
NC_072005.2	40695606	40696254	1	1	+	NC_072005.2	40695776	40696254	USF2	XM_024237849.3	+	1	2	170	0	8	9	4	4	1	middle	last	1.000	0.250	constitutive	unique	94	230	1
NC_072005.2	40695606	40696254	1	1	+	NC_072005.2	40695776	40696152	USF2	XM_024237850.3	+	1	2	170	102	8	9	4	4	3	middle	middle	1.000	0.750	constitutive	alternative	94	128	3
NC_072005.2	40982259	40983054	-1	1	-	NC_072005.2	40982704	40982949	ATP4A	XM_024237552.3	-	1	2	105	445	1	2	1	1	1	first	middle	1.000	1.000	constitutive	constitutive	11	143	1
NC_072005.2	41160898	41161312	2	1	+	NC_072005.2	41160933	41161282	KMT2B	XM_024236889.3	+	2	2	35	30	16	17	3	3	3	middle	middle	1.000	1.000	constitutive	constitutive	184	89	3
NC_072005.2	41213050	41213524	2	1	+	NC_072005.2	41213096	41213383	ARHGAP33	XM_024238346.2	+	2	2	46	141	7	8	27	27	27	middle	middle	1.000	1.000	constitutive	constitutive	122	77	27
NC_072005.2	41215240	41215753	2	1	+	NC_072005.2	41215255	41215752	ARHGAP33	XM_024238346.2	+	2	2	15	1	13	15	27	27	27	middle	middle	1.000	1.000	constitutive	constitutive	144	107	27
NC_072005.2	41269593	41270046	-1	1	-	NC_072005.2	41269659	41269978	NPHS1	XM_024237461.3	-	1	2	68	66	26	27	1	1	1	middle	middle	1.000	1.000	constitutive	constitutive	75	93	1
NC_072005.2	41283088	41283547	-3	1	-	NC_072005.2	41283106	41283462	NPHS1	XM_024237461.3	-	3	2	85	18	15	16	1	1	1	middle	middle	1.000	1.000	constitutive	constitutive	140	140	1
NC_072005.2	41342139	41342787	1	1	+	NC_072005.2	41342198	41342752	HCST	XM_002829092.6	+	1	2	59	35	2	3	5	5	5	middle	middle	1.000	1.000	constitutive	constitutive	65	131	5
NC_072005.2	41443999	41444770	-3	1	-	NC_072005.2	41444228	41444749	SYNE4	XM_063720049.1	-	3	2	21	229	5	6	1	1	1	middle	middle	1.000	1.000	constitutive	constitutive	194	248	1
NC_072005.2	41527244	41527829	3	1	+	NC_072005.2	41527497	41527762	WDR62	XM_024236512.3	+	3	2	253	67	17	18	9	9	9	middle	middle	1.000	1.000	constitutive	constitutive	111	63	9
NC_072005.2	41539187	41540345	3	1	+	NC_072005.2	41539280	41540313	WDR62	XM_024236512.3	+	3	3	93	32	28	30	9	9	9	middle	middle	1.000	1.000	constitutive	constitutive	126	638	9
NC_072005.2	41561830	41562220	2	1	+	NC_072005.2	41561892	41562220	TBCB	XM_024236794.3	+	2	2	62	0	5	6	1	1	1	middle	last	1.000	1.000	constitutive	constitutive	72	111	1
NC_072005.2	4238738	4239371	-2	1	-	NC_072005.2	4238816	4239166	STAP2	XM_024237062.3	-	2	2	205	78	10	11	4	4	4	middle	middle	1.000	1.000	constitutive	constitutive	170	92	4
NC_072005.2	4268407	4268878	2	1	+	NC_072005.2	4268546	4268770	MPND	XM_024237166.3	+	2	2	139	108	7	8	7	5	5	middle	middle	0.714	0.714	alternative	alternative	72	76	5
NC_072005.2	4401213	4401519	1	1	+	NC_072005.2	4401238	4401507	HDGFL2	XM_024237106.2	+	1	2	25	12	5	6	5	5	5	middle	middle	1.000	1.000	constitutive	constitutive	116	71	5
NC_072005.2	4406861	4407560	3	1	+	NC_072005.2	4407007	4407500	HDGFL2	XM_024237106.2	+	3	2	146	60	8	9	5	5	5	middle	middle	1.000	1.000	constitutive	constitutive	75	309	5
NC_072005.2	44099578	44100178	2	1	+	NC_072005.2	44099713	44100047	RYR1	XM_054540360.2	+	2	2	135	131	39	40	3	3	3	middle	middle	1.000	1.000	constitutive	constitutive	114	132	3
NC_072005.2	44211808	44212177	-3	1	-	NC_072005.2	44211810	44212116	MAP4K1	XM_024237026.3	-	3	3	61	2	14	16	1	1	1	middle	middle	1.000	1.000	constitutive	constitutive	58	47	1
NC_072005.2	44334353	44334881	-2	1	-	NC_072005.2	44334435	44334694	CAPN12	XM_054540365.2	-	2	2	187	82	19	20	1	1	1	middle	middle	1.000	1.000	constitutive	constitutive	116	58	1
NC_072005.2	44337515	44337932	-2	1	-	NC_072005.2	44337627	44337880	CAPN12	XM_054540365.2	-	2	2	52	112	16	17	1	1	1	middle	middle	1.000	1.000	constitutive	constitutive	76	62	1
NC_072005.2	44417480	44417945	-2	1	-	NC_072005.2	44417481	44417871	LGALS4	XM_024238240.3	-	2	2	74	1	9	10	1	1	1	middle	last	1.000	1.000	constitutive	constitutive	165	143	1
NC_072005.2	44432023	44432563	-3	1	-	NC_072005.2	44432135	44432434	ECH1	NM_001131175.1	-	3	2	129	112	5	6	1	1	1	middle	middle	1.000	1.000	constitutive	constitutive	48	64	1
NC_072005.2	44445619	44446159	-3	1	-	NC_072005.2	44445731	44446030	LOC100449591	XM_024236881.3	-	3	2	129	112	5	6	1	1	1	middle	middle	1.000	1.000	constitutive	constitutive	48	64	1
NC_072005.2	44547223	44547985	-3	1	-	NC_072005.2	44547362	44547836	SARS2	NM_001131602.1	-	3	2	149	139	13	15	4	4	4	middle	middle	1.000	1.000	constitutive	constitutive	93	65	4
NC_072005.2	44732855	44733212	3	1	+	NC_072005.2	44732938	44733211	ACP7	XM_054540382.2	+	3	2	83	1	4	5	2	1	1	middle	middle	0.500	0.500	unique	unique	62	114	1
NC_072005.2	44733307	44733622	2	1	+	NC_072005.2	44733308	44733566	ACP7	XM_024237824.3	+	2	2	1	56	7	8	2	1	1	middle	middle	0.500	0.500	unique	unique	107	57	1
NC_072005.2	44878797	44879247	-1	1	-	NC_072005.2	44878942	44879229	LOC100459239	XM_009232577.4	-	1	2	18	145	2	3	1	1	1	middle	middle	1.000	1.000	constitutive	constitutive	71	143	1
NC_072005.2	45090869	45091244	3	1	+	NC_072005.2	45090988	45091243	SUPT5H	NM_001133581.1	+	3	2	119	1	4	5	4	4	4	middle	middle	1.000	1.000	constitutive	constitutive	69	68	4
NC_072005.2	45118177	45118675	2	1	+	NC_072005.2	45118223	45118531	TIMM50	NM_001132241.1	+	2	2	46	144	7	8	4	4	4	middle	middle	1.000	1.000	constitutive	constitutive	104	98	4
NC_072005.2	45148157	45148505	3	1	+	NC_072005.2	45148263	45148505	SELENOV	NM_001199976.2	+	3	2	106	0	4	5	1	1	1	middle	last	1.000	1.000	constitutive	constitutive	74	74	1
NC_072005.2	45600744	45601314	-1	1	-	NC_072005.2	45600925	45601296	DYRK1B	XM_054540428.2	-	1	2	18	181	7	8	3	3	3	middle	middle	1.000	1.000	constitutive	constitutive	146	140	3
NC_072005.2	45667273	45668935	-3	1	-	NC_072005.2	45667325	45668908	FCGBP	XM_024238152.3	-	3	2	27	52	20	21	1	1	1	middle	middle	1.000	1.000	constitutive	constitutive	573	616	1
NC_072005.2	45684685	45686347	-3	1	-	NC_072005.2	45684737	45686320	FCGBP	XM_024238152.3	-	3	2	27	52	12	13	1	1	1	middle	middle	1.000	1.000	constitutive	constitutive	573	616	1
NC_072005.2	46014051	46014612	-1	1	-	NC_072005.2	46014167	46014561	CCNP	XM_063719501.1	-	1	2	51	116	4	5	1	1	1	middle	middle	1.000	1.000	constitutive	constitutive	158	151	1
NC_072005.2	46159625	46160051	3	1	+	NC_072005.2	46159632	46159832	PLD3	NM_001133399.1	+	3	2	7	219	1	2	50	50	50	first	middle	1.000	1.000	constitutive	constitutive	26	74	50
NC_072005.2	46373151	46373538	1	1	+	NC_072005.2	46373259	46373492	SHKBP1	XM_024236523.3	+	1	2	108	46	3	4	2	2	2	middle	middle	1.000	1.000	constitutive	constitutive	45	73	2
NC_072005.2	46402505	46402904	3	1	+	NC_072005.2	46402591	46402884	LTBP4	XM_024236526.3	+	3	2	86	20	8	9	28	28	28	middle	middle	1.000	1.000	constitutive	constitutive	74	122	28
NC_072005.2	46404524	46405064	3	1	+	NC_072005.2	46404607	46404990	LTBP4	XM_024236526.3	+	3	2	83	74	11	12	28	28	28	middle	middle	1.000	1.000	constitutive	constitutive	149	119	28
NC_072005.2	46688946	46689729	1	1	+	NC_072005.2	46689011	46689529	LOC100457779	XM_002829256.6	+	1	2	65	200	8	9	1	1	1	middle	middle	1.000	1.000	constitutive	constitutive	187	141	1
NC_072005.2	46760626	46761280	2	1	+	NC_072005.2	46760691	46761209	LOC100458142	XM_002829257.6	+	2	2	65	71	7	8	1	1	1	middle	middle	1.000	1.000	constitutive	constitutive	187	141	1
NC_072005.2	46968849	46969470	1	1	+	NC_072005.2	46968943	46969470	LOC100459240	XM_024238230.3	+	1	2	94	0	8	9	1	1	1	middle	last	1.000	1.000	constitutive	constitutive	141	205	1
NC_072005.2	46993888	46994353	2	1	+	NC_072005.2	46993920	46994251	AXL	XM_024236493.3	+	2	2	32	102	5	6	2	2	2	middle	middle	1.000	1.000	constitutive	constitutive	80	115	2
NC_072005.2	47000826	47001705	1	1	+	NC_072005.2	47000881	47001546	AXL	XM_024236493.3	+	1	2	55	159	7	8	2	2	2	middle	middle	1.000	1.000	constitutive	constitutive	210	139	2
NC_072005.2	47820207	47820813	1	1	+	NC_072005.2	47820278	47820747	ARHGEF1	XM_024237141.3	+	1	2	71	66	14	15	7	7	7	middle	middle	1.000	1.000	constitutive	constitutive	146	82	7
NC_072005.2	47822260	47822932	2	1	+	NC_072005.2	47822417	47822765	ARHGEF1	XM_024237141.3	+	2	2	157	167	20	21	7	7	7	middle	middle	1.000	1.000	constitutive	constitutive	75	167	7
NC_072005.2	48042812	48043370	-2	1	-	NC_072005.2	48043032	48043264	POU2F2	XM_024237147.3	-	2	2	106	220	2	3	9	7	9	middle	middle	0.778	1.000	alternative	constitutive	65	34	7
NC_072005.2	48042812	48043370	-2	1	-	NC_072005.2	48043032	48043256	POU2F2	XM_054540524.2	-	2	2	114	220	1	2	9	2	9	first	middle	0.222	1.000	alternative	constitutive	57	34	2
NC_072005.2	48157919	48158468	-2	1	-	NC_072005.2	48158112	48158447	GSK3A	XM_002829294.5	-	2	2	21	193	3	4	1	1	1	middle	middle	1.000	1.000	constitutive	constitutive	83	110	1
NC_072005.2	48213883	48214687	2	1	+	NC_072005.2	48213918	48214633	CIC	XM_024241684.3	+	2	2	35	54	14	15	26	17	16	middle	middle	0.654	0.615	alternative	alternative	293	325	11
NC_072005.2	48213883	48214687	2	1	+	NC_072005.2	48213918	48214633	CIC	XM_054540500.2	+	2	2	35	54	14	15	26	17	10	middle	middle	0.654	0.385	alternative	alternative	293	322	6
NC_072005.2	48213883	48214687	2	1	+	NC_072005.2	48213921	48214633	CIC	XM_063719521.1	+	2	2	38	54	15	16	26	9	16	middle	middle	0.346	0.615	alternative	alternative	290	325	5
NC_072005.2	48213883	48214687	2	1	+	NC_072005.2	48213921	48214633	CIC	XM_063719524.1	+	2	2	38	54	15	16	26	9	10	middle	middle	0.346	0.385	alternative	alternative	290	322	4
NC_072005.2	48235796	48236468	3	1	+	NC_072005.2	48236103	48236388	TMEM145	XM_024237144.3	+	3	2	307	80	5	6	4	2	4	middle	middle	0.500	1.000	alternative	constitutive	101	84	2
NC_072005.2	48235796	48236468	3	1	+	NC_072005.2	48236103	48236388	TMEM145	XM_054540534.2	+	3	2	307	80	5	6	4	2	4	middle	middle	0.500	1.000	alternative	constitutive	59	84	2
NC_072005.2	48256292	48256958	3	1	+	NC_072005.2	48256500	48256850	MEGF8	XM_024237135.3	+	3	2	208	108	4	5	5	5	5	middle	middle	1.000	1.000	constitutive	constitutive	180	88	5
NC_072005.2	48265857	48266382	1	1	+	NC_072005.2	48265900	48266292	MEGF8	XM_024237135.3	+	1	2	43	90	11	12	5	5	5	middle	middle	1.000	1.000	constitutive	constitutive	144	163	5
NC_072005.2	48328473	48329538	-1	1	-	NC_072005.2	48328785	48329403	LIPE	XM_002829298.6	-	1	2	135	312	5	6	3	3	3	middle	middle	1.000	1.000	constitutive	constitutive	185	294	3
NC_072005.2	4857294	4857975	1	1	+	NC_072005.2	4857312	4857630	UHRF1	XM_024237711.3	+	1	2	18	345	8	9	3	3	3	middle	middle	1.000	1.000	constitutive	constitutive	123	107	3
NC_072005.2	49511542	49512361	-3	1	-	NC_072005.2	49511792	49512332	PHLDB3	XM_024237570.3	-	3	2	29	250	11	12	3	3	3	middle	middle	1.000	1.000	constitutive	constitutive	87	56	3
NC_072005.2	50800636	50801254	2	1	+	NC_072005.2	50800844	50801242	BCL3	XM_024237897.3	+	2	2	208	12	4	5	1	1	1	middle	middle	1.000	1.000	constitutive	constitutive	204	88	1
NC_072005.2	50865200	50865833	3	1	+	NC_072005.2	50865620	50865833	BCAM	XM_024237899.3	+	3	2	420	0	14	15	1	1	1	middle	last	1.000	1.000	constitutive	constitutive	117	2	1
NC_072005.2	50930968	50931508	2	1	+	NC_072005.2	50931142	50931424	NECTIN2	XM_024237900.3	+	2	2	174	84	7	8	2	1	1	middle	middle	0.500	0.500	unique	unique	63	86	1
NC_072005.2	51187723	51188359	2	1	+	NC_072005.2	51187808	51188204	PPP1R37	XM_002829392.6	+	2	2	85	155	6	7	2	2	2	middle	middle	1.000	1.000	constitutive	constitutive	150	155	2
NC_072005.2	51274471	51274765	-3	1	-	NC_072005.2	51274473	51274765	EXOC3L2	XM_024238159.3	-	3	2	0	2	4	5	1	1	1	middle	middle	1.000	1.000	constitutive	constitutive	101	100	1
NC_072005.2	5132821	5133730	-3	1	-	NC_072005.2	5133272	5133648	PTPRS	XM_024236858.3	-	3	2	82	451	19	20	14	14	14	middle	middle	1.000	1.000	constitutive	constitutive	175	119	14
NC_072005.2	5138822	5139389	-2	1	-	NC_072005.2	5138868	5139282	PTPRS	XM_024236858.3	-	2	2	107	46	12	13	14	14	14	middle	middle	1.000	1.000	constitutive	constitutive	93	215	14
NC_072005.2	51398904	51399357	1	1	+	NC_072005.2	51398956	51399162	KLC3	NM_001132668.1	+	1	2	52	195	8	9	5	5	5	middle	middle	1.000	1.000	constitutive	constitutive	90	37	5
NC_072005.2	51435636	51436683	-1	1	-	NC_072005.2	51436044	51436662	PPP1R13L	XM_024236418.3	-	1	2	21	408	9	11	2	2	2	middle	middle	1.000	1.000	constitutive	constitutive	131	166	2
NC_072005.2	51538430	51538841	-2	1	-	NC_072005.2	51538448	51538797	RTN2	XM_024238094.2	-	2	2	44	18	8	9	1	1	1	middle	middle	1.000	1.000	constitutive	constitutive	138	69	1
NC_072005.2	51576862	51577096	2	1	+	NC_072005.2	51576863	51577096	VASP	XM_009232778.4	+	2	2	1	0	12	13	4	4	4	middle	last	1.000	1.000	constitutive	constitutive	57	34	4
NC_072005.2	51727229	51727535	3	1	+	NC_072005.2	51727250	51727534	GIPR	XM_024237383.3	+	3	2	21	1	9	10	2	2	2	middle	middle	1.000	1.000	constitutive	constitutive	69	88	2
NC_072005.2	52077114	52077585	1	1	+	NC_072005.2	52077183	52077584	CCDC61	XM_024238350.3	+	1	2	69	1	9	10	3	3	3	middle	middle	1.000	1.000	constitutive	constitutive	139	78	3
NC_072005.2	52312034	52312835	3	1	+	NC_072005.2	52312092	52312834	IGFL1	XM_054540742.1	+	3	2	58	1	1	3	1	1	1	first	middle	1.000	1.000	constitutive	constitutive	24	243	1
NC_072005.2	52321009	52321576	-3	1	-	NC_072005.2	52321051	52321487	LOC100441404	XM_024238161.2	-	3	2	89	42	4	5	1	1	1	middle	middle	1.000	1.000	constitutive	constitutive	64	62	1
NC_072005.2	52479900	52480620	1	1	+	NC_072005.2	52479919	52480401	PPP5C	NM_001133996.1	+	1	2	19	219	5	6	1	1	1	middle	middle	1.000	1.000	constitutive	constitutive	65	98	1
NC_072005.2	52484818	52485241	2	1	+	NC_072005.2	52484841	52485165	PPP5C	NM_001133996.1	+	2	2	23	76	10	11	1	1	1	middle	middle	1.000	1.000	constitutive	constitutive	40	178	1
NC_072005.2	52840243	52841125	-3	1	-	NC_072005.2	52840385	52840938	STRN4	XM_024238408.3	-	3	2	187	142	8	9	4	4	2	middle	middle	1.000	0.500	constitutive	alternative	113	115	2
NC_072005.2	52840243	52841125	-3	1	-	NC_072005.2	52840385	52840938	STRN4	XM_024238409.3	-	3	2	187	142	8	9	4	4	2	middle	middle	1.000	0.500	constitutive	alternative	113	94	2
NC_072005.2	53389844	53391452	3	1	+	NC_072005.2	53390258	53391038	CCDC9	XM_024238119.3	+	3	3	414	414	8	10	7	7	7	middle	middle	1.000	1.000	constitutive	constitutive	46	105	7
NC_072005.2	54486566	54486929	-2	1	-	NC_072005.2	54486568	54486907	ODAD1	XM_024237978.3	-	2	2	22	2	11	12	11	11	11	middle	middle	1.000	1.000	constitutive	constitutive	163	97	11
NC_072005.2	54684358	54684982	-3	1	-	NC_072005.2	54684430	54684862	LMTK3	XM_024237356.3	-	3	2	120	72	13	14	1	1	1	middle	middle	1.000	1.000	constitutive	constitutive	135	137	1
NC_072005.2	54996323	54997016	-2	1	-	NC_072005.2	54996399	54996988	BCAT2	NM_001131336.1	-	2	3	28	76	8	10	5	5	5	middle	middle	1.000	1.000	constitutive	constitutive	85	74	5
NC_072005.2	54999600	55000047	-1	1	-	NC_072005.2	54999602	55000026	BCAT2	NM_001131336.1	-	1	2	21	2	5	6	5	5	5	middle	middle	1.000	1.000	constitutive	constitutive	119	163	5
NC_072005.2	55183585	55184449	-3	1	-	NC_072005.2	55183618	55184191	GYS1	NM_001132465.1	-	3	2	258	33	4	5	3	3	3	middle	middle	1.000	1.000	constitutive	constitutive	185	144	3
NC_072005.2	551913	552813	1	1	+	NC_072005.2	551989	552645	PTBP1	XM_024236637.3	+	1	2	76	168	5	7	4	4	4	middle	middle	1.000	1.000	constitutive	constitutive	146	110	4
NC_072005.2	55334020	55334626	2	1	+	NC_072005.2	55334054	55334474	PPFIA3	XM_054540916.2	+	2	2	34	152	16	17	3	3	3	middle	middle	1.000	1.000	constitutive	constitutive	163	127	3
NC_072005.2	55547476	55547791	-3	1	-	NC_072005.2	55547478	55547749	TEAD2	XM_002829545.5	-	3	2	42	2	4	5	24	14	24	middle	middle	0.583	1.000	alternative	constitutive	116	58	14
NC_072005.2	55547476	55547791	-3	1	-	NC_072005.2	55547478	55547749	TEAD2	XM_003779221.5	-	3	2	42	2	5	6	24	10	24	middle	middle	0.417	1.000	alternative	constitutive	107	58	10
NC_072005.2	55557725	55558403	3	1	+	NC_072005.2	55557762	55558139	DKKL1	XM_002829547.6	+	3	2	37	264	3	4	10	10	10	middle	middle	1.000	1.000	constitutive	constitutive	140	92	10
NC_072005.2	555972	556464	1	1	+	NC_072005.2	556067	556463	PTBP1	XM_024236637.3	+	1	2	95	1	12	13	4	4	4	middle	middle	1.000	1.000	constitutive	constitutive	92	216	4
NC_072005.2	55634191	55634863	-3	1	-	NC_072005.2	55634246	55634565	SLC17A7	XM_024238107.2	-	3	2	298	55	6	7	4	4	4	middle	middle	1.000	1.000	constitutive	constitutive	86	142	4
NC_072005.2	55757113	55757989	-3	1	-	NC_072005.2	55757504	55757878	NOSIP	XM_002829557.6	-	3	2	111	391	4	5	2	2	2	middle	middle	1.000	1.000	constitutive	constitutive	159	118	2
NC_072005.2	55795543	55799182	2	1	+	NC_072005.2	55795596	55799155	PRR12	XM_054540979.2	+	2	2	53	27	3	4	1	1	1	middle	middle	1.000	1.000	constitutive	constitutive	161	3316	1
NC_072005.2	55883454	55883829	1	1	+	NC_072005.2	55883455	55883788	PRMT1	NM_001132788.1	+	1	2	1	41	3	4	5	5	5	middle	middle	1.000	1.000	constitutive	constitutive	155	63	5
NC_072005.2	55905574	55906228	2	1	+	NC_072005.2	55905725	55906123	CPT1C	NM_001132026.1	+	2	2	151	105	6	7	1	1	1	middle	middle	1.000	1.000	constitutive	constitutive	77	107	1
NC_072005.2	56070285	56071356	1	1	+	NC_072005.2	56071027	56071355	PTOV1	XM_054541026.2	+	1	2	742	1	2	3	5	5	5	middle	middle	1.000	1.000	constitutive	constitutive	137	82	5
NC_072005.2	56101236	56101614	1	1	+	NC_072005.2	56101253	56101552	TBC1D17	XM_009232924.4	+	1	2	17	62	12	13	3	3	3	middle	middle	1.000	1.000	constitutive	constitutive	100	99	3
NC_072005.2	56539676	56540531	3	1	+	NC_072005.2	56539912	56540531	NR1H2	NM_001131353.1	+	3	2	236	0	5	6	3	3	3	middle	last	1.000	1.000	constitutive	constitutive	208	143	3
NC_072005.2	56559128	56559920	3	1	+	NC_072005.2	56559235	56559779	POLD1	XM_024237906.3	+	3	2	107	141	8	9	2	2	2	middle	middle	1.000	1.000	constitutive	constitutive	166	104	2
NC_072005.2	56572743	56573217	1	1	+	NC_072005.2	56572825	56573152	POLD1	XM_024237906.3	+	1	2	82	65	22	23	2	2	2	middle	middle	1.000	1.000	constitutive	constitutive	132	113	2
NC_072005.2	56878136	56878781	-2	1	-	NC_072005.2	56878227	56878718	SHANK1	XM_054538941.2	-	2	2	63	91	4	5	3	3	3	middle	middle	1.000	1.000	constitutive	constitutive	108	151	3
NC_072005.2	56880686	56881388	-2	1	-	NC_072005.2	56880711	56881355	SHANK1	XM_054538941.2	-	2	2	33	25	1	2	3	3	3	first	middle	1.000	1.000	constitutive	constitutive	254	203	3
NC_072005.2	56957111	56957309	-2	1	-	NC_072005.2	56957112	56957294	SMIM47	XM_054538954.2	-	2	2	15	1	2	3	1	1	1	middle	last	1.000	1.000	constitutive	constitutive	59	8	1
NC_072005.2	56961604	56962129	2	1	+	NC_072005.2	56961851	56962117	ACP4	XM_063719622.1	+	2	2	247	12	2	3	1	1	1	middle	middle	1.000	1.000	constitutive	constitutive	104	86	1
NC_072005.2	56965981	56966398	2	1	+	NC_072005.2	56966029	56966398	ACP4	XM_063719622.1	+	2	2	48	0	10	11	1	1	1	middle	last	1.000	1.000	constitutive	constitutive	178	112	1
NC_072005.2	57937779	57938172	1	1	+	NC_072005.2	57937802	57938118	SPACA6	XM_024238265.3	+	1	2	23	54	5	6	8	8	8	middle	middle	1.000	1.000	constitutive	constitutive	77	109	8
NC_072005.2	5814034	5814652	-3	1	-	NC_072005.2	5814082	5814627	NDUFA11	XM_024236474.3	-	3	2	25	48	2	3	1	1	1	middle	middle	1.000	1.000	constitutive	constitutive	92	122	1
NC_072005.2	5831906	5832614	3	1	+	NC_072005.2	5832234	5832614	CAPS	XM_024236472.3	+	3	2	328	0	4	5	2	2	2	middle	last	1.000	1.000	constitutive	constitutive	206	98	2
NC_072005.2	60481067	60481571	-2	1	-	NC_072005.2	60481128	60481497	TFPT	XM_002829725.4	-	2	2	74	61	4	5	2	2	2	middle	middle	1.000	1.000	constitutive	constitutive	69	218	2
NC_072005.2	60522005	60522626	3	1	+	NC_072005.2	60522030	60522625	CNOT3	XM_009233091.4	+	3	2	25	1	10	11	10	10	10	middle	middle	1.000	1.000	constitutive	constitutive	387	123	10
NC_072005.2	60656839	60657640	-3	1	-	NC_072005.2	60656968	60657597	LILRB5	XM_054539001.1	-	3	2	43	129	3	4	1	1	1	middle	middle	1.000	1.000	constitutive	constitutive	284	197	1
NC_072005.2	60945132	60946056	1	1	+	NC_072005.2	60945229	60945647	LENG8	XM_002829741.6	+	1	2	97	409	13	14	15	15	7	middle	middle	1.000	0.467	constitutive	alternative	129	207	7
NC_072005.2	60945132	60946056	1	1	+	NC_072005.2	60945229	60946056	LENG8	XM_024237757.3	+	1	2	97	0	13	14	15	15	8	middle	last	1.000	0.533	constitutive	alternative	129	616	8
NC_072005.2	61035110	61035497	3	1	+	NC_072005.2	61035148	61035497	LOC100432983	XM_009233102.4	+	3	2	38	0	8	9	1	1	1	middle	last	1.000	1.000	constitutive	constitutive	52	188	1
NC_072005.2	61584190	61584646	-3	1	-	NC_072005.2	61584302	61584623	PPP1R12C	XM_024237950.3	-	3	2	23	112	18	19	2	2	2	middle	middle	1.000	1.000	constitutive	constitutive	102	104	2
NC_072005.2	61625655	61626072	-1	1	-	NC_072005.2	61625657	61625926	TNNT1	XM_024237580.3	-	1	2	146	2	5	6	2	2	2	middle	middle	1.000	1.000	constitutive	constitutive	90	40	2
NC_072005.2	61792428	61792800	1	1	+	NC_072005.2	61792587	61792770	BRSK1	XM_024238330.3	+	1	2	159	30	6	7	2	2	2	middle	middle	1.000	1.000	constitutive	constitutive	33	68	2
NC_072005.2	6309737	6310355	-2	1	-	NC_072005.2	6309807	6310278	GTF2F1	XM_054539460.2	-	2	3	77	70	8	10	2	1	2	middle	middle	0.500	1.000	unique	constitutive	61	73	1
NC_072005.2	6309737	6310355	-2	1	-	NC_072005.2	6309807	6310275	GTF2F1	XM_054539462.2	-	2	3	80	70	8	10	2	1	2	middle	middle	0.500	1.000	unique	constitutive	58	73	1
NC_072005.2	63273639	63274074	1	1	+	NC_072005.2	63273640	63273979	ZNF470	XM_024237905.3	+	1	2	1	95	2	3	2	1	2	middle	middle	0.500	1.000	unique	constitutive	126	95	1
NC_072005.2	63273639	63274074	1	1	+	NC_072005.2	63273733	63273979	ZNF470	XM_054539164.2	+	1	2	94	95	1	2	2	1	2	first	middle	0.500	1.000	unique	constitutive	33	95	1
NC_072005.2	63424	63979	-3	1	-	NC_072005.2	63478	63826	MIER2	XM_009252505.4	-	3	2	153	54	11	12	8	5	8	middle	middle	0.625	1.000	alternative	constitutive	124	88	5
NC_072005.2	63424	63979	-3	1	-	NC_072005.2	63478	63826	MIER2	XM_054538510.2	-	3	2	153	54	11	12	8	3	8	middle	middle	0.375	1.000	alternative	constitutive	103	88	3
NC_072005.2	6343150	6344098	-3	1	-	NC_072005.2	6343151	6343581	KHSRP	XM_024236684.3	-	3	2	517	1	18	19	6	6	2	middle	last	1.000	0.333	constitutive	alternative	77	274	2
NC_072005.2	6343150	6344098	-3	1	-	NC_072005.2	6343265	6343581	KHSRP	XM_024236685.3	-	3	2	517	115	18	19	6	6	4	middle	middle	1.000	0.667	constitutive	alternative	77	160	4
NC_072005.2	6358625	6359285	-2	1	-	NC_072005.2	6358650	6359087	SLC25A41	XM_024236686.3	-	2	2	198	25	3	4	3	3	3	middle	middle	1.000	1.000	constitutive	constitutive	152	107	3
NC_072005.2	6405711	6406092	-1	1	-	NC_072005.2	6405757	6406068	DENND1C	XM_024236692.3	-	1	2	24	46	13	14	1	1	1	middle	middle	1.000	1.000	constitutive	constitutive	101	125	1
NC_072005.2	649774	650803	-3	1	-	NC_072005.2	649978	650706	R3HDM4	XM_024236886.3	-	3	2	97	204	3	4	3	3	3	middle	middle	1.000	1.000	constitutive	constitutive	124	123	3
NC_072005.2	65354356	65354857	2	1	+	NC_072005.2	65354385	65354852	TRIM28	XM_024237070.3	+	2	2	29	5	2	3	1	1	1	middle	middle	1.000	1.000	constitutive	constitutive	112	132	1
NC_072005.2	65357047	65357776	2	1	+	NC_072005.2	65357448	65357687	TRIM28	XM_024237070.3	+	2	2	401	89	9	10	1	1	1	middle	middle	1.000	1.000	constitutive	constitutive	106	36	1
NC_072005.2	65360658	65361402	-1	1	-	NC_072005.2	65360826	65361357	CHMP2A	XM_002829934.5	-	1	3	45	168	2	4	2	2	2	middle	middle	1.000	1.000	constitutive	constitutive	179	61	2
NC_072005.2	6650873	6651257	-2	1	-	NC_072005.2	6650875	6651137	C3	XM_024236762.3	-	2	2	120	2	32	33	2	2	2	middle	middle	1.000	1.000	constitutive	constitutive	90	51	2
NC_072005.2	6651168	6651633	-1	1	-	NC_072005.2	6651262	6651633	C3	XM_024236762.3	-	1	2	0	94	30	31	2	2	2	middle	middle	1.000	1.000	constitutive	constitutive	158	59	2
NC_072005.2	6676207	6677389	-3	1	-	NC_072005.2	6676748	6677305	C3	XM_024236762.3	-	3	2	84	541	12	13	2	2	2	middle	middle	1.000	1.000	constitutive	constitutive	209	206	2
NC_072005.2	6680378	6680810	-2	1	-	NC_072005.2	6680483	6680768	C3	XM_024236762.3	-	2	2	42	105	5	6	2	2	2	middle	middle	1.000	1.000	constitutive	constitutive	94	82	2
NC_072005.2	6697258	6697870	-3	1	-	NC_072005.2	6697304	6697847	GPR108	XM_054539470.2	-	3	3	23	46	14	16	2	1	1	middle	middle	0.500	0.500	unique	unique	49	124	1
NC_072005.2	6697302	6697977	-1	1	-	NC_072005.2	6697304	6697599	GPR108	XM_024236764.3	-	1	2	378	2	16	17	2	1	1	middle	middle	0.500	0.500	unique	unique	83	124	1
NC_072005.2	6716155	6716869	2	1	+	NC_072005.2	6716371	6716868	TRIP10	NM_001131801.1	+	2	2	216	1	12	13	4	4	4	middle	middle	1.000	1.000	constitutive	constitutive	132	139	4
NC_072005.2	6874449	6874992	1	1	+	NC_072005.2	6874556	6874954	ADGRE1	XM_054539475.2	+	1	2	107	38	4	5	4	4	4	middle	middle	1.000	1.000	constitutive	constitutive	155	119	4
NC_072005.2	6875495	6876143	3	1	+	NC_072005.2	6875707	6876105	ADGRE1	XM_054539475.2	+	3	2	212	38	6	7	4	4	4	middle	middle	1.000	1.000	constitutive	constitutive	155	119	4
NC_072005.2	6876781	6877306	2	1	+	NC_072005.2	6876870	6877268	ADGRE1	XM_054539475.2	+	2	2	89	38	8	9	4	4	4	middle	middle	1.000	1.000	constitutive	constitutive	155	119	4
NC_072005.2	6877910	6878459	3	1	+	NC_072005.2	6878023	6878421	ADGRE1	XM_054539475.2	+	3	2	113	38	10	11	4	4	4	middle	middle	1.000	1.000	constitutive	constitutive	155	119	4
NC_072005.2	6918439	6919054	2	1	+	NC_072005.2	6918481	6918886	ADGRE1	XM_054539475.2	+	2	2	42	168	25	26	4	1	1	middle	middle	0.250	0.250	unique	unique	168	104	1
NC_072005.2	740899	742072	2	1	+	NC_072005.2	740990	741482	WDR18	XM_009252527.3	+	2	2	91	590	5	7	1	1	1	middle	middle	1.000	1.000	constitutive	constitutive	143	124	1
NC_072005.2	7522990	7523491	2	1	+	NC_072005.2	7523147	7523470	PNPLA6	NM_001131527.1	+	2	2	157	21	12	13	10	10	10	middle	middle	1.000	1.000	constitutive	constitutive	167	77	10
NC_072005.2	7541219	7541750	3	1	+	NC_072005.2	7541337	7541639	PNPLA6	NM_001131527.1	+	3	2	118	111	30	31	10	10	10	middle	middle	1.000	1.000	constitutive	constitutive	96	109	10
NC_072005.2	757800	758382	1	1	+	NC_072005.2	757878	758313	GRIN3B	XM_024237704.3	+	1	2	78	69	5	6	2	2	2	middle	middle	1.000	1.000	constitutive	constitutive	115	151	2
NC_072005.2	7590018	7591050	1	1	+	NC_072005.2	7590356	7590673	CAMSAP3	XM_024237129.3	+	1	2	338	377	6	7	5	5	5	middle	middle	1.000	1.000	constitutive	constitutive	139	93	5
NC_072005.2	7597303	7597897	2	1	+	NC_072005.2	7597386	7597897	CAMSAP3	XM_024237129.3	+	2	2	83	0	16	17	5	5	5	middle	last	1.000	1.000	constitutive	constitutive	118	302	5
NC_072005.2	7599782	7600691	-2	1	-	NC_072005.2	7599784	7600514	XAB2	XM_024238043.2	-	2	2	177	2	15	17	1	1	1	middle	middle	1.000	1.000	constitutive	constitutive	122	129	1
NC_072005.2	7605651	7606227	-1	1	-	NC_072005.2	7605808	7606200	XAB2	XM_024238043.2	-	1	2	27	157	5	6	1	1	1	middle	middle	1.000	1.000	constitutive	constitutive	134	164	1
NC_072005.2	7622435	7622939	3	1	+	NC_072005.2	7622522	7622804	STXBP2	NM_001131428.1	+	3	2	87	135	11	12	5	5	5	middle	middle	1.000	1.000	constitutive	constitutive	57	65	5
NC_072005.2	7658223	7658673	1	1	+	NC_072005.2	7658492	7658673	MCEMP1	XM_054539502.2	+	1	2	269	0	5	6	2	2	2	middle	last	1.000	1.000	constitutive	constitutive	53	13	2
NC_072005.2	7855919	7856618	3	1	+	NC_072005.2	7856109	7856465	EVI5L	XM_024238025.3	+	3	2	190	153	17	18	3	3	3	middle	middle	1.000	1.000	constitutive	constitutive	95	95	3
NC_072005.2	7902831	7903803	1	1	+	NC_072005.2	7902913	7903263	MAP2K7	XM_002828569.4	+	1	2	82	540	7	8	3	3	3	middle	middle	1.000	1.000	constitutive	constitutive	179	80	3
NC_072005.2	7904037	7904385	1	1	+	NC_072005.2	7904106	7904385	MAP2K7	XM_002828569.4	+	1	2	69	0	10	11	3	3	3	middle	last	1.000	1.000	constitutive	constitutive	45	131	3
NC_072005.2	7907942	7909124	3	1	+	NC_072005.2	7908219	7908887	TGFBR3L	XM_002828575.4	+	3	2	277	237	1	2	2	2	2	first	middle	1.000	1.000	constitutive	constitutive	275	314	2
NC_072005.2	794232	795150	1	1	+	NC_072005.2	794303	794811	ABCA7	XM_024238278.3	+	1	2	71	339	8	9	9	9	9	middle	middle	1.000	1.000	constitutive	constitutive	139	116	9
NC_072005.2	805438	805957	2	1	+	NC_072005.2	805456	805829	ABCA7	XM_024238278.3	+	2	2	18	128	18	19	9	9	9	middle	middle	1.000	1.000	constitutive	constitutive	131	139	9
NC_072005.2	835771	836758	2	1	+	NC_072005.2	835805	836648	ARHGAP45	NM_001133892.1	+	2	4	34	110	12	15	9	9	5	middle	middle	1.000	0.556	constitutive	alternative	137	83	5
NC_072005.2	835771	836758	2	1	+	NC_072005.2	835805	836648	ARHGAP45	XM_024236387.3	+	2	3	34	110	12	14	9	9	3	middle	middle	1.000	0.333	constitutive	alternative	137	292	3
NC_072005.2	835771	836758	2	1	+	NC_072005.2	835805	836480	ARHGAP45	XM_024236389.3	+	2	3	34	278	12	14	9	9	6	middle	middle	1.000	0.667	constitutive	alternative	137	124	1
NC_072005.2	8529569	8530037	-2	1	-	NC_072005.2	8529579	8529956	MYO1F	XM_024238289.3	-	2	2	81	10	20	21	1	1	1	middle	middle	1.000	1.000	constitutive	constitutive	114	169	1
NC_072005.2	8550535	8550916	-3	1	-	NC_072005.2	8550596	8550877	MYO1F	XM_024238289.3	-	3	2	39	61	11	12	1	1	1	middle	middle	1.000	1.000	constitutive	constitutive	80	86	1
NC_072005.2	862426	862795	2	1	+	NC_072005.2	862567	862783	GPX4	XM_003780417.5	+	2	2	141	12	5	6	2	2	2	middle	middle	1.000	1.000	constitutive	constitutive	24	59	2
NC_072005.2	865508	865934	-2	1	-	NC_072005.2	865602	865873	SBNO2	XM_024237948.3	-	2	2	61	94	26	27	3	3	3	middle	middle	1.000	1.000	constitutive	constitutive	94	92	3
NC_072005.2	8923519	8923924	-3	1	-	NC_072005.2	8923521	8923899	MUC16	XM_063719903.1	-	3	2	25	2	49	50	1	1	1	middle	middle	1.000	1.000	constitutive	constitutive	124	67	1
NC_072005.2	997621	998350	-3	1	-	NC_072005.2	997699	998116	CBARP	XM_024236585.3	-	3	2	234	78	2	3	2	2	2	middle	middle	1.000	1.000	constitutive	constitutive	139	64	2
NC_072005.2	9983331	9984078	-1	1	-	NC_072005.2	9983332	9983808	COL5A3	XM_009252766.4	-	1	2	270	1	66	67	2	1	1	middle	last	0.500	0.500	unique	unique	239	143	1
NC_072006.2	12313995	12314571	-2	1	-	NC_072006.2	12314197	12314454	RRBP1	XM_054541598.2	-	2	2	117	202	13	14	6	6	6	middle	middle	1.000	1.000	constitutive	constitutive	92	83	6
NC_072006.2	31764596	31765532	3	1	+	NC_072006.2	31764649	31765422	GFRA4	XM_024239100.2	+	3	2	53	110	2	3	2	1	1	middle	middle	0.500	0.500	unique	unique	539	146	1
NC_072006.2	31764596	31765532	3	1	+	NC_072006.2	31764649	31765422	GFRA4	XM_024239101.2	+	3	2	53	110	2	4	2	1	1	middle	middle	0.500	0.500	unique	unique	345	134	1
NC_072006.2	32197291	32197876	2	1	+	NC_072006.2	32197316	32197844	SLC4A11	XM_009233413.4	+	2	3	25	32	9	11	15	15	9	middle	middle	1.000	0.600	constitutive	alternative	93	113	9
NC_072006.2	32197291	32197876	2	1	+	NC_072006.2	32197316	32197643	SLC4A11	XM_063720732.1	+	2	2	25	233	9	10	15	15	15	middle	middle	1.000	1.000	constitutive	constitutive	93	125	6
NC_072006.2	32353052	32353598	-3	1	-	NC_072006.2	32353053	32353391	OXT	XM_002830099.3	-	3	2	207	1	2	3	1	1	1	middle	last	1.000	1.000	constitutive	constitutive	201	52	1
NC_072006.2	32378421	32379093	-2	1	-	NC_072006.2	32378677	32379043	MRPS26	XM_002830100.5	-	2	2	50	256	2	3	1	1	1	middle	middle	1.000	1.000	constitutive	constitutive	146	123	1
NC_072006.2	32564692	32565298	-1	1	-	NC_072006.2	32564883	32565238	VPS16	XM_009233421.3	-	1	2	60	191	12	13	1	1	1	middle	middle	1.000	1.000	constitutive	constitutive	131	127	1
NC_072006.2	32567412	32568663	-2	1	-	NC_072006.2	32567461	32568106	VPS16	XM_009233421.3	-	2	3	557	49	2	4	1	1	1	middle	middle	1.000	1.000	constitutive	constitutive	88	128	1
NC_072006.2	32673615	32674194	-2	1	-	NC_072006.2	32673645	32673998	EBF4	XM_024239143.3	-	2	2	196	30	10	11	3	3	3	middle	middle	1.000	1.000	constitutive	constitutive	133	126	3
NC_072006.2	35391791	35392373	-3	1	-	NC_072006.2	35391792	35392312	DEFB125	XM_002830170.3	-	3	2	61	1	2	3	1	1	1	middle	last	1.000	1.000	constitutive	constitutive	373	38	1
NC_072006.2	37245594	37246563	1	1	+	NC_072006.2	37245614	37246562	BPIFB4	XM_024239000.2	+	1	2	20	1	2	3	1	1	1	middle	middle	1.000	1.000	constitutive	constitutive	62	519	1
NC_072006.2	38729902	38730460	2	1	+	NC_072006.2	38730042	38730291	MAP1LC3A	XM_009233520.3	+	2	2	140	169	2	3	5	5	5	middle	middle	1.000	1.000	constitutive	constitutive	55	106	5
NC_072006.2	39081958	39082501	2	1	+	NC_072006.2	39082027	39082417	ACSS2	XM_024238753.3	+	2	2	69	84	3	4	2	2	2	middle	middle	1.000	1.000	constitutive	constitutive	91	103	2
NC_072006.2	39164774	39165254	3	1	+	NC_072006.2	39164841	39165253	MYH7B	XM_054542188.2	+	3	2	67	1	27	28	3	3	3	middle	middle	1.000	1.000	constitutive	constitutive	176	145	3
NC_072006.2	39167474	39168521	3	1	+	NC_072006.2	39167552	39168397	MYH7B	XM_054542188.2	+	3	2	78	124	34	36	3	3	3	middle	middle	1.000	1.000	constitutive	constitutive	349	115	3
NC_072006.2	39169693	39170149	2	1	+	NC_072006.2	39169739	39170020	MYH7B	XM_054542188.2	+	2	2	46	129	40	41	3	3	3	middle	middle	1.000	1.000	constitutive	constitutive	104	95	3
NC_072006.2	39644192	39644798	3	1	+	NC_072006.2	39644222	39644714	CEP250	XM_024238891.3	+	3	2	30	84	17	18	18	16	16	middle	middle	0.889	0.889	alternative	alternative	127	169	16
NC_072006.2	39719925	39720399	1	1	+	NC_072006.2	39720076	39720315	ERGIC3	NM_001132658.1	+	1	2	151	84	9	10	2	2	2	middle	middle	1.000	1.000	constitutive	constitutive	96	64	2
NC_072006.2	39766547	39766817	-3	1	-	NC_072006.2	39766568	39766796	LOC100938343	XM_054542203.2	-	3	2	21	21	9	10	18	18	18	middle	middle	1.000	1.000	constitutive	constitutive	62	84	18
NC_072006.2	49456422	49459041	1	1	+	NC_072006.2	49456472	49459041	LOC100440921	XM_054542387.1	+	1	2	50	0	2	3	2	1	2	middle	last	0.500	1.000	unique	constitutive	1745	463	1
NC_072006.2	49456422	49459041	1	1	+	NC_072006.2	49456472	49459041	LOC100440921	XM_054542388.1	+	1	2	50	0	2	3	2	1	2	middle	last	0.500	1.000	unique	constitutive	1565	463	1
NC_072006.2	49687611	49688169	1	1	+	NC_072006.2	49687630	49688168	PIGT	NM_001132530.1	+	1	2	19	1	1	2	7	6	4	first	middle	0.857	0.571	alternative	alternative	186	177	4
NC_072006.2	49687611	49688169	1	1	+	NC_072006.2	49687630	49688128	PIGT	XM_063720432.1	+	1	2	19	41	1	2	7	6	2	first	middle	0.857	0.286	alternative	alternative	186	137	2
NC_072006.2	50087896	50088493	2	1	+	NC_072006.2	50087942	50088314	UBE2C	XM_002830362.5	+	2	2	46	179	4	5	1	1	1	middle	middle	1.000	1.000	constitutive	constitutive	204	59	1
NC_072006.2	50174719	50175205	-1	1	-	NC_072006.2	50174721	50175058	PLTP	NM_001133818.1	-	1	2	147	2	10	11	2	2	2	middle	middle	1.000	1.000	constitutive	constitutive	164	67	2
NC_072006.2	50317507	50317828	2	1	+	NC_072006.2	50317527	50317827	SLC12A5	XM_002830378.5	+	2	2	20	1	10	11	3	3	3	middle	middle	1.000	1.000	constitutive	constitutive	98	57	3
NC_072006.2	50330846	50331455	3	1	+	NC_072006.2	50331023	50331455	SLC12A5	XM_002830378.5	+	3	2	177	0	25	26	3	3	3	middle	last	1.000	1.000	constitutive	constitutive	133	88	3
NC_072006.2	50464275	50464917	-2	1	-	NC_072006.2	50464524	50464883	CDH22	XM_024238983.2	-	2	2	34	249	8	9	1	1	1	middle	middle	1.000	1.000	constitutive	constitutive	121	117	1
NC_072006.2	54930714	54931092	-2	1	-	NC_072006.2	54930716	54931065	RIPOR3	XM_054542320.2	-	2	2	27	2	10	11	3	3	3	middle	middle	1.000	1.000	constitutive	constitutive	125	145	3
NC_072006.2	61032626	61033331	3	1	+	NC_072006.2	61032675	61033326	TFAP2C	XM_024239145.3	+	3	2	49	5	2	3	3	3	3	middle	middle	1.000	1.000	constitutive	constitutive	485	51	3
NC_072006.2	61961429	61962167	3	1	+	NC_072006.2	61961617	61962137	PCK1	NM_001133286.1	+	3	2	188	30	3	4	1	1	1	middle	middle	1.000	1.000	constitutive	constitutive	203	187	1
NC_072006.2	66727495	66728047	2	1	+	NC_072006.2	66727518	66727958	ADRM1	XM_054541931.1	+	2	2	23	89	7	8	16	16	16	middle	middle	1.000	1.000	constitutive	constitutive	157	102	16
NC_072006.2	66729243	66729831	-2	1	-	NC_072006.2	66729396	66729719	LAMA5	XM_054541928.2	-	2	2	112	153	77	78	3	3	3	middle	middle	1.000	1.000	constitutive	constitutive	133	93	3
NC_072006.2	66733734	66734355	-2	1	-	NC_072006.2	66733924	66734333	LAMA5	XM_054541928.2	-	2	2	22	190	59	60	3	3	3	middle	middle	1.000	1.000	constitutive	constitutive	179	148	3
NC_072006.2	66735458	66736529	-3	1	-	NC_072006.2	66735788	66736140	LAMA5	XM_054541928.2	-	3	2	389	330	56	57	3	3	3	middle	middle	1.000	1.000	constitutive	constitutive	141	102	3
NC_072006.2	66735786	66739575	-2	1	-	NC_072006.2	66736472	66739550	LAMA5	XM_054541928.2	-	2	3	25	686	53	55	3	3	3	middle	middle	1.000	1.000	constitutive	constitutive	196	154	3
NC_072006.2	66756414	66756852	-2	1	-	NC_072006.2	66756525	66756773	LAMA5	XM_054541928.2	-	2	2	79	111	19	20	3	3	3	middle	middle	1.000	1.000	constitutive	constitutive	52	105	3
NC_072006.2	67260384	67260936	1	1	+	NC_072006.2	67260409	67260849	COL9A3	XM_024238931.3	+	1	2	25	87	13	14	1	1	1	middle	middle	1.000	1.000	constitutive	constitutive	53	53	1
NC_072006.2	68013897	68014497	-2	1	-	NC_072006.2	68014008	68014407	HELZ2	XM_024238766.3	-	2	2	90	111	17	18	1	1	1	middle	middle	1.000	1.000	constitutive	constitutive	156	167	1
NC_072006.2	68014540	68015050	-1	1	-	NC_072006.2	68014559	68015017	HELZ2	XM_024238766.3	-	1	2	33	19	15	16	1	1	1	middle	middle	1.000	1.000	constitutive	constitutive	134	218	1
NC_072006.2	68136435	68136837	1	1	+	NC_072006.2	68136650	68136836	RTEL1	NM_001131457.1	+	1	2	215	1	10	11	9	9	9	middle	middle	1.000	1.000	constitutive	constitutive	38	78	9
NC_072006.2	68198481	68199432	1	1	+	NC_072006.2	68198548	68199072	LIME1	XM_024238524.2	+	1	2	67	360	3	4	3	1	1	middle	middle	0.333	0.333	unique	unique	87	316	1
NC_072006.2	68203251	68203539	1	1	+	NC_072006.2	68203252	68203539	SLC2A4RG	XM_024238795.3	+	1	2	1	0	7	8	1	1	1	middle	last	1.000	1.000	constitutive	constitutive	91	108	1
NC_072006.2	68431722	68432178	-2	1	-	NC_072006.2	68431801	68432096	ZNF512B	XM_024238769.3	-	2	2	82	79	8	9	5	5	5	middle	middle	1.000	1.000	constitutive	constitutive	124	92	5
NC_072006.2	68432937	68433885	-2	1	-	NC_072006.2	68433023	68433885	ZNF512B	XM_024238769.3	-	2	2	0	86	3	4	5	5	5	middle	middle	1.000	1.000	constitutive	constitutive	128	640	5
NC_072006.2	68461580	68462216	3	1	+	NC_072006.2	68461626	68462189	PRPF6	NM_001131843.1	+	3	2	46	27	5	6	2	2	2	middle	middle	1.000	1.000	constitutive	constitutive	176	155	2
NC_072006.2	68550557	68551625	-3	1	-	NC_072006.2	68550744	68551577	LKAAEAR1	XM_002830552.6	-	3	2	48	187	1	2	6	2	3	first	middle	0.333	0.500	alternative	alternative	608	122	1
NC_072006.2	68550557	68551625	-3	1	-	NC_072006.2	68550558	68551577	LKAAEAR1	XM_009233841.2	-	3	2	48	1	1	2	6	2	3	first	last	0.333	0.500	alternative	alternative	608	308	1
NC_072006.2	68550557	68551625	-3	1	-	NC_072006.2	68550558	68551370	LKAAEAR1	XM_054541982.2	-	3	2	255	1	1	2	6	4	3	first	last	0.667	0.500	alternative	alternative	401	308	2
NC_072006.2	68550557	68551625	-3	1	-	NC_072006.2	68550744	68551370	LKAAEAR1	XM_054541984.2	-	3	2	255	187	1	2	6	4	3	first	middle	0.667	0.500	alternative	alternative	401	122	2
NC_072007.2	39289745	39290069	3	1	+	NC_072007.2	39289827	39290055	LOC100446570	XM_024239408.3	+	3	2	82	14	2	3	1	1	1	middle	middle	1.000	1.000	constitutive	constitutive	75	59	1
NC_072007.2	52258722	52259469	-1	1	-	NC_072007.2	52259016	52259391	PRDM15	XM_054542567.2	-	1	2	78	294	1	2	1	1	1	first	middle	1.000	1.000	constitutive	constitutive	101	144	1
NC_072007.2	52898199	52898619	-1	1	-	NC_072007.2	52898262	52898583	RSPH1	XM_002830729.4	-	1	2	36	63	2	3	3	3	3	middle	middle	1.000	1.000	constitutive	constitutive	113	105	3
NC_072007.2	54695082	54695613	1	1	+	NC_072007.2	54695131	54695584	PFKL	XM_063720784.1	+	1	2	49	29	2	3	8	1	1	middle	middle	0.125	0.125	unique	unique	134	0	1
NC_072007.2	54963512	54964445	3	1	+	NC_072007.2	54963585	54964445	LOC100448286	XM_024239315.3	+	3	2	73	0	1	2	1	1	1	first	last	1.000	1.000	constitutive	constitutive	305	428	1
NC_072007.2	54969545	54970859	-2	1	-	NC_072007.2	54969546	54970502	LOC100444342	XM_002830771.5	-	2	2	357	1	1	2	4	2	1	first	last	0.500	0.250	alternative	unique	245	599	1
NC_072007.2	54969545	54970859	-2	1	-	NC_072007.2	54969546	54970502	LOC100444342	XM_024239318.3	-	2	2	357	1	1	2	4	2	1	first	last	0.500	0.250	alternative	unique	275	554	1
NC_072007.2	54969545	54970859	-2	1	-	NC_072007.2	54969546	54970502	LOC100444342	XM_024239319.3	-	2	3	357	1	1	3	4	2	1	first	last	0.500	0.250	alternative	unique	275	428	1
NC_072007.2	54969545	54970859	-2	1	-	NC_072007.2	54969546	54970502	LOC100444342	XM_063720922.1	-	2	3	357	1	1	3	4	2	1	first	last	0.500	0.250	alternative	unique	245	293	1
NC_072007.2	54980837	54982382	-2	1	-	NC_072007.2	54981319	54982178	LOC100444935	XM_024239304.3	-	2	2	204	482	1	2	1	1	1	first	middle	1.000	1.000	constitutive	constitutive	530	244	1
NC_072007.2	55072681	55073167	-3	1	-	NC_072007.2	55072682	55073047	LOC112130480	XM_024239334.3	-	3	2	120	1	1	2	3	1	1	first	last	0.333	0.333	unique	unique	199	105	1
NC_072007.2	55072681	55073167	-3	1	-	NC_072007.2	55072682	55073047	LOC112130480	XM_024239335.3	-	3	2	120	1	1	2	3	1	1	first	last	0.333	0.333	unique	unique	182	134	1
NC_072007.2	55072681	55073167	-3	1	-	NC_072007.2	55072682	55073047	LOC112130480	XM_024239336.3	-	3	2	120	1	1	2	3	1	1	first	last	0.333	0.333	unique	unique	139	165	1
NC_072007.2	55899974	55900796	3	1	+	NC_072007.2	55899999	55900478	LOC100457565	XM_054542644.2	+	3	2	25	318	21	22	3	3	3	middle	middle	1.000	1.000	constitutive	constitutive	35	89	3
NC_072007.2	56412790	56413366	2	1	+	NC_072007.2	56412812	56413351	COL6A1	XM_024239367.3	+	2	2	22	15	26	27	1	1	1	middle	middle	1.000	1.000	constitutive	constitutive	65	35	1
NC_072007.2	56539760	56540354	3	1	+	NC_072007.2	56539788	56540060	COL6A2	XM_024239346.3	+	3	2	28	294	21	22	2	2	2	middle	middle	1.000	1.000	constitutive	constitutive	62	35	2
NC_072008.2	107221161	107228673	1	1	+	NC_072008.2	107221214	107228673	ARMCX4	XM_054544851.2	+	1	3	53	0	3	5	1	1	1	middle	last	1.000	1.000	constitutive	constitutive	5575	1373	1
NC_072008.2	107565711	107566350	-2	1	-	NC_072008.2	107565903	107566194	LOC100451207	XM_063721079.1	-	2	2	156	192	4	5	1	1	1	middle	middle	1.000	1.000	constitutive	constitutive	80	69	1
NC_072008.2	107596	108736	-1	1	-	NC_072008.2	107705	108494	LOC129053148	XM_024241572.3	-	1	2	242	109	4	5	7	4	4	middle	middle	0.571	0.571	alternative	alternative	102	74	4
NC_072008.2	113930373	113930784	-2	1	-	NC_072008.2	113930375	113930784	PSMD10	XM_002831976.6	-	2	2	0	2	3	4	1	1	1	middle	middle	1.000	1.000	constitutive	constitutive	146	166	1
NC_072008.2	114412098	114412536	1	1	+	NC_072008.2	114412099	114412527	COL4A5	XM_054544950.2	+	1	3	1	9	11	13	5	5	5	middle	middle	1.000	1.000	constitutive	constitutive	35	92	5
NC_072008.2	121021637	121024913	3	1	+	NC_072008.2	121021659	121024913	RBMXL3	XM_054544984.1	+	3	2	22	0	1	2	1	1	1	first	last	1.000	1.000	constitutive	constitutive	576	2548	1
NC_072008.2	13370574	13371759	-2	1	-	NC_072008.2	13370575	13371639	ATXN3L	XM_054544338.1	-	2	2	120	1	1	2	1	1	1	first	last	1.000	1.000	constitutive	constitutive	233	566	1
NC_072008.2	148096764	148099023	1	1	+	NC_072008.2	148097005	148099023	LOC100936035	XM_024240444.3	+	1	2	241	0	1	2	1	1	1	first	last	1.000	1.000	constitutive	constitutive	1073	902	1
NC_072008.2	159663521	159670703	-3	1	-	NC_072008.2	159663522	159670421	LOC129053100	XM_054545216.1	-	3	3	282	1	1	3	1	1	1	first	last	1.000	1.000	constitutive	constitutive	3435	1888	1
NC_072008.2	159831677	159838391	3	1	+	NC_072008.2	159831960	159838391	LOC129053101	XM_054545217.1	+	3	4	283	0	1	4	1	1	1	first	last	1.000	1.000	constitutive	constitutive	3597	1888	1
NC_072008.2	160339682	160340066	3	1	+	NC_072008.2	160339701	160340024	PLXNB3	XM_024240645.3	+	3	2	19	42	10	11	15	15	15	middle	middle	1.000	1.000	constitutive	constitutive	125	116	15
NC_072008.2	160342793	160343561	3	1	+	NC_072008.2	160342851	160343560	PLXNB3	XM_024240645.3	+	3	3	58	1	19	21	15	15	4	middle	middle	1.000	0.267	constitutive	alternative	239	151	4
NC_072008.2	160342793	160343561	3	1	+	NC_072008.2	160342851	160343560	PLXNB3	XM_063721121.1	+	3	2	58	1	18	19	15	15	11	middle	middle	1.000	0.733	constitutive	alternative	239	382	11
NC_072008.2	160351384	160352161	2	1	+	NC_072008.2	160351697	160351990	SRPK3	XM_009235405.2	+	2	2	313	171	7	8	1	1	1	middle	middle	1.000	1.000	constitutive	constitutive	165	25	1
NC_072008.2	160428585	160429230	-2	1	-	NC_072008.2	160428594	160429196	L1CAM	XM_003779758.4	-	2	2	34	9	23	24	4	4	4	middle	middle	1.000	1.000	constitutive	constitutive	155	134	4
NC_072008.2	160432995	160433508	-2	1	-	NC_072008.2	160432997	160433422	L1CAM	XM_003779758.4	-	2	2	86	2	11	12	4	4	4	middle	middle	1.000	1.000	constitutive	constitutive	166	156	4
NC_072008.2	160435409	160436012	-3	1	-	NC_072008.2	160435487	160435876	L1CAM	XM_003779758.4	-	3	2	136	78	4	5	4	4	4	middle	middle	1.000	1.000	constitutive	constitutive	122	170	4
NC_072008.2	160502160	160502490	-2	1	-	NC_072008.2	160502161	160502466	RENBP	XM_024240783.3	-	2	2	24	1	9	10	2	2	2	middle	last	1.000	1.000	constitutive	constitutive	87	133	2
NC_072008.2	160590479	160591187	-3	1	-	NC_072008.2	160590530	160591145	IRAK1	XM_009235413.3	-	3	3	42	51	1	3	4	2	4	first	middle	0.500	1.000	alternative	constitutive	135	131	2
NC_072008.2	160590479	160591187	-3	1	-	NC_072008.2	160590530	160591145	IRAK1	XM_054545245.2	-	3	2	42	51	1	2	4	1	4	first	middle	0.250	1.000	unique	constitutive	381	131	1
NC_072008.2	160590479	160591187	-3	1	-	NC_072008.2	160590530	160590931	IRAK1	XM_063721165.1	-	3	2	256	51	2	3	4	3	4	middle	middle	0.750	1.000	alternative	constitutive	167	131	1
NC_072008.2	160853684	160854548	-3	1	-	NC_072008.2	160853723	160854514	FLNA	XM_024241128.3	-	3	3	34	39	39	41	2	2	2	middle	middle	1.000	1.000	constitutive	constitutive	122	137	2
NC_072008.2	160883008	160883431	2	1	+	NC_072008.2	160883028	160883357	EMD	XM_003779765.4	+	2	2	20	74	2	3	1	1	1	middle	middle	1.000	1.000	constitutive	constitutive	104	77	1
NC_072008.2	160924612	160924957	2	1	+	NC_072008.2	160924710	160924942	TAFAZZIN	XM_002832305.4	+	2	2	98	15	7	8	6	6	6	middle	middle	1.000	1.000	constitutive	constitutive	62	52	6
NC_072008.2	160948297	160948624	2	1	+	NC_072008.2	160948330	160948624	GDI1	NM_001133216.1	+	2	2	33	0	10	11	1	1	1	middle	last	1.000	1.000	constitutive	constitutive	54	149	1
NC_072008.2	160955555	160956260	3	1	+	NC_072008.2	160955735	160955985	FAM50A	XM_024240581.3	+	3	2	180	275	9	10	2	2	2	middle	middle	1.000	1.000	constitutive	constitutive	54	48	2
NC_072008.2	160966329	160968576	1	1	+	NC_072008.2	160966357	160967808	PLXNA3	XM_024240483.3	+	1	2	28	768	1	2	3	3	2	first	middle	1.000	0.667	constitutive	alternative	593	539	2
NC_072008.2	160966329	160968576	1	1	+	NC_072008.2	160966357	160968490	PLXNA3	XM_054545270.2	+	1	2	28	86	1	2	3	3	1	first	middle	1.000	0.333	constitutive	unique	593	1221	1
NC_072008.2	160972273	160973026	2	1	+	NC_072008.2	160972291	160972653	PLXNA3	XM_024240483.3	+	2	2	18	373	14	15	3	3	3	middle	middle	1.000	1.000	constitutive	constitutive	120	136	3
NC_072008.2	160973177	160973663	3	1	+	NC_072008.2	160973198	160973612	PLXNA3	XM_024240483.3	+	3	2	21	51	17	18	3	3	3	middle	middle	1.000	1.000	constitutive	constitutive	93	239	3
NC_072008.2	160973610	160974147	1	1	+	NC_072008.2	160973686	160974142	PLXNA3	XM_024240483.3	+	1	2	76	5	19	20	3	3	3	middle	middle	1.000	1.000	constitutive	constitutive	143	234	3
NC_072008.2	160974782	160975244	3	1	+	NC_072008.2	160974803	160975109	PLXNA3	XM_024240483.3	+	3	2	21	135	23	24	3	3	3	middle	middle	1.000	1.000	constitutive	constitutive	66	146	3
NC_072008.2	18996824	18997613	-3	1	-	NC_072008.2	18996911	18997230	PHKA2	XM_002831440.5	-	3	2	383	87	24	25	6	6	6	middle	middle	1.000	1.000	constitutive	constitutive	78	129	6
NC_072008.2	23897032	23897512	2	1	+	NC_072008.2	23897096	23897321	SAT1	XM_002831459.4	+	2	2	64	191	2	3	1	1	1	middle	middle	1.000	1.000	constitutive	constitutive	51	83	1
NC_072008.2	23898693	23899032	1	1	+	NC_072008.2	23898767	23899002	SAT1	XM_002831459.4	+	1	2	74	30	4	5	1	1	1	middle	middle	1.000	1.000	constitutive	constitutive	101	40	1
NC_072008.2	27610787	27613397	-3	1	-	NC_072008.2	27610788	27613325	PPP4R3C	XM_002831482.3	-	3	2	72	1	1	2	1	1	1	first	last	1.000	1.000	constitutive	constitutive	2194	279	1
NC_072008.2	28018150	28019302	2	1	+	NC_072008.2	28018259	28019302	LOC100443128	XM_009234687.3	+	2	2	109	0	1	2	1	1	1	first	last	1.000	1.000	constitutive	constitutive	138	787	1
NC_072008.2	41620394	41620844	3	1	+	NC_072008.2	41620435	41620827	DDX3X	XM_002831550.5	+	3	2	41	17	13	14	2	2	2	middle	middle	1.000	1.000	constitutive	constitutive	181	117	2
NC_072008.2	47554917	47555496	1	1	+	NC_072008.2	47555074	47555464	RBM10	XM_024240905.3	+	1	2	157	32	8	9	8	8	8	middle	middle	1.000	1.000	constitutive	constitutive	60	176	8
NC_072008.2	47555805	47556378	1	1	+	NC_072008.2	47555864	47556293	RBM10	XM_024240905.3	+	1	2	59	85	10	11	8	4	8	middle	middle	0.500	1.000	alternative	constitutive	160	97	4
NC_072008.2	47555805	47556378	1	1	+	NC_072008.2	47555864	47556293	RBM10	XM_024240906.3	+	1	2	59	85	10	11	8	4	8	middle	middle	0.500	1.000	alternative	constitutive	157	97	4
NC_072008.2	47557124	47557847	3	1	+	NC_072008.2	47557191	47557842	RBM10	XM_024240905.3	+	3	3	67	5	13	15	8	8	8	middle	middle	1.000	1.000	constitutive	constitutive	186	117	8
NC_072008.2	47575243	47575735	2	1	+	NC_072008.2	47575252	47575657	UBA1	XM_009234782.4	+	2	2	9	78	3	4	6	6	6	middle	middle	1.000	1.000	constitutive	constitutive	168	134	6
NC_072008.2	47577111	47577717	1	1	+	NC_072008.2	47577315	47577649	UBA1	XM_009234782.4	+	1	2	204	68	6	7	6	6	6	middle	middle	1.000	1.000	constitutive	constitutive	90	132	6
NC_072008.2	48982769	48983216	3	1	+	NC_072008.2	48982771	48983162	FTSJ1	XM_024240743.3	+	3	2	2	54	9	10	4	2	2	middle	middle	0.500	0.500	alternative	alternative	103	197	1
NC_072008.2	48982769	48983216	3	1	+	NC_072008.2	48982777	48983162	FTSJ1	XM_024240744.3	+	3	2	8	54	9	10	4	2	2	middle	middle	0.500	0.500	alternative	alternative	97	197	1
NC_072008.2	48982769	48983216	3	1	+	NC_072008.2	48982771	48983216	FTSJ1	XM_054544506.2	+	3	2	2	0	9	10	4	2	2	middle	last	0.500	0.500	alternative	alternative	103	251	1
NC_072008.2	48982769	48983216	3	1	+	NC_072008.2	48982777	48983216	FTSJ1	XM_054544507.2	+	3	2	8	0	9	10	4	2	2	middle	last	0.500	0.500	alternative	alternative	97	251	1
NC_072008.2	49014804	49015374	1	1	+	NC_072008.2	49014918	49015303	PORCN	XM_002831598.4	+	1	2	114	71	6	7	14	14	14	middle	middle	1.000	1.000	constitutive	constitutive	125	100	14
NC_072008.2	49016338	49016704	2	1	+	NC_072008.2	49016403	49016639	PORCN	XM_002831598.4	+	2	2	65	65	8	9	14	14	14	middle	middle	1.000	1.000	constitutive	constitutive	76	63	14
NC_072008.2	49102006	49102612	2	1	+	NC_072008.2	49102103	49102527	WDR13	NM_001131260.1	+	2	2	97	85	6	7	4	4	4	middle	middle	1.000	1.000	constitutive	constitutive	180	141	4
NC_072008.2	49317482	49318082	3	1	+	NC_072008.2	49317512	49318004	HDAC6	XM_024240537.3	+	3	2	30	78	17	18	9	8	8	middle	middle	0.889	0.889	alternative	alternative	128	168	8
NC_072008.2	49413444	49414188	-2	1	-	NC_072008.2	49413445	49414013	OTUD5	XM_009234831.4	-	2	2	175	1	8	9	8	8	4	middle	last	1.000	0.500	constitutive	alternative	113	118	4
NC_072008.2	49413444	49414188	-2	1	-	NC_072008.2	49413445	49414013	OTUD5	XM_024240757.3	-	2	2	175	1	8	9	8	8	4	middle	last	1.000	0.500	constitutive	alternative	113	121	4
NC_072008.2	49456843	49457386	-1	1	-	NC_072008.2	49457015	49457360	KCND1	XM_002831616.4	-	1	2	26	172	2	3	2	2	2	middle	middle	1.000	1.000	constitutive	constitutive	162	83	2
NC_072008.2	49471489	49472038	-1	1	-	NC_072008.2	49471700	49471975	GRIPAP1	XM_024240964.2	-	1	2	63	211	19	20	4	4	4	middle	middle	1.000	1.000	constitutive	constitutive	95	56	4
NC_072008.2	49477860	49478685	-2	1	-	NC_072008.2	49478056	49478661	GRIPAP1	XM_024240964.2	-	2	2	24	196	12	13	4	4	4	middle	middle	1.000	1.000	constitutive	constitutive	77	92	4
NC_072008.2	49706518	49707262	-1	1	-	NC_072008.2	49706716	49707134	CACNA1F	XM_054544543.1	-	1	2	128	198	15	16	1	1	1	middle	middle	1.000	1.000	constitutive	constitutive	207	120	1
NC_072008.2	49712045	49712501	-3	1	-	NC_072008.2	49712047	49712458	CACNA1F	XM_054544543.1	-	3	2	43	2	7	8	1	1	1	middle	middle	1.000	1.000	constitutive	constitutive	196	103	1
NC_072008.2	49727668	49728286	2	1	+	NC_072008.2	49727897	49728241	CCDC22	XM_024241100.3	+	2	2	229	45	5	6	1	1	1	middle	middle	1.000	1.000	constitutive	constitutive	66	178	1
NC_072008.2	49733782	49734652	2	1	+	NC_072008.2	49733975	49734376	CCDC22	XM_024241100.3	+	2	2	193	276	14	15	1	1	1	middle	middle	1.000	1.000	constitutive	constitutive	95	59	1
NC_072008.2	49736146	49736623	-1	1	-	NC_072008.2	49736147	49736575	FOXP3	XM_054544544.2	-	1	2	48	1	10	11	1	1	1	middle	last	1.000	1.000	constitutive	constitutive	101	146	1
NC_072008.2	49741515	49741974	-2	1	-	NC_072008.2	49741517	49741778	FOXP3	XM_054544544.2	-	2	2	196	2	4	5	1	1	1	middle	middle	1.000	1.000	constitutive	constitutive	87	104	1
NC_072008.2	55056482	55057025	3	1	+	NC_072008.2	55056504	55056996	MAGED2	NM_001131194.2	+	3	2	22	29	3	4	3	3	3	middle	middle	1.000	1.000	constitutive	constitutive	308	63	3
NC_072008.2	55058596	55058953	2	1	+	NC_072008.2	55058623	55058838	MAGED2	NM_001131194.2	+	2	2	27	115	7	8	3	3	3	middle	middle	1.000	1.000	constitutive	constitutive	79	42	3
NC_072008.2	55204455	55204836	1	1	+	NC_072008.2	55204486	55204768	TRO	XM_002831699.6	+	1	2	31	68	3	4	6	6	6	middle	middle	1.000	1.000	constitutive	constitutive	104	63	6
NC_072008.2	55206415	55206775	2	1	+	NC_072008.2	55206445	55206660	TRO	XM_002831699.6	+	2	2	30	115	7	8	6	6	6	middle	middle	1.000	1.000	constitutive	constitutive	79	42	6
NC_072008.2	6533294	6533894	-3	1	-	NC_072008.2	6533295	6533867	LOC100437634	NM_001427482.1	-	3	2	27	1	1	2	1	1	1	first	last	1.000	1.000	constitutive	constitutive	98	284	1
NC_072008.2	73549781	73550288	3	1	+	NC_072008.2	73549814	73550288	STARD8	XM_024240381.3	+	3	2	33	0	14	15	5	5	5	middle	last	1.000	1.000	constitutive	constitutive	176	114	5
NC_072008.2	75074033	75074750	3	1	+	NC_072008.2	75074198	75074750	AWAT1	XM_024241118.2	+	3	2	165	0	6	7	1	1	1	middle	last	1.000	1.000	constitutive	constitutive	199	151	1
NC_072008.2	75264291	75264708	1	1	+	NC_072008.2	75264537	75264708	GDPD2	XM_002831762.5	+	1	2	246	0	14	15	2	2	2	middle	last	1.000	1.000	constitutive	constitutive	28	49	2
NC_072008.2	75934169	75934589	-3	1	-	NC_072008.2	75934358	75934574	CXHXorf65	XM_009234963.3	-	3	2	15	189	1	2	2	2	2	first	middle	1.000	1.000	constitutive	constitutive	24	86	2
NC_072008.2	75965230	75965626	2	1	+	NC_072008.2	75965231	75965616	MED12	NM_001131081.2	+	2	3	1	10	40	42	4	4	2	middle	middle	1.000	0.500	constitutive	alternative	77	87	2
NC_072008.2	75965230	75965626	2	1	+	NC_072008.2	75965231	75965616	MED12	XM_009234957.4	+	2	2	1	10	40	41	4	4	2	middle	middle	1.000	0.500	constitutive	alternative	77	217	2
NC_072009.2	4126455	4126881	1	1	+	NC_072009.2	4126478	4126846	DDX3Y	NM_001131248.1	+	1	2	23	35	13	14	2	2	2	middle	middle	1.000	1.000	constitutive	constitutive	181	117	2
NC_072009.2	9619748	9621467	-1	1	-	NC_072009.2	9619749	9621296	LOC129053360	XM_054545391.1	-	1	2	171	1	1	2	1	1	1	first	last	1.000	1.000	constitutive	constitutive	427	696	1
NC_085928.1	101125385	101126072	3	1	+	NC_085928.1	101125635	101125938	TKT	NM_001133521.1	+	3	2	250	134	11	12	1	1	1	middle	middle	1.000	1.000	constitutive	constitutive	83	93	1
NC_085928.1	101540088	101541003	1	1	+	NC_085928.1	101540119	101540887	ITIH4	NM_001133371.2	+	1	3	31	116	7	9	2	2	2	middle	middle	1.000	1.000	constitutive	constitutive	116	125	2
NC_085928.1	101562581	101563076	-2	1	-	NC_085928.1	101562583	101563055	ITIH3	NM_001132118.1	-	2	2	21	2	12	13	2	2	2	middle	middle	1.000	1.000	constitutive	constitutive	185	139	2
NC_085928.1	101835197	101835548	3	1	+	NC_085928.1	101835303	101835547	NT5DC2	XM_002813643.6	+	3	2	106	1	7	8	2	2	2	middle	middle	1.000	1.000	constitutive	constitutive	60	102	2
NC_085928.1	101839589	101839997	-2	1	-	NC_085928.1	101839596	101839931	STAB1	XM_024244405.3	-	2	2	66	7	65	66	1	1	1	middle	middle	1.000	1.000	constitutive	constitutive	149	104	1
NC_085928.1	101846854	101847373	-3	1	-	NC_085928.1	101846917	101847325	STAB1	XM_024244405.3	-	3	2	48	63	38	39	1	1	1	middle	middle	1.000	1.000	constitutive	constitutive	195	95	1
NC_085928.1	101857239	101857647	-1	1	-	NC_085928.1	101857360	101857626	STAB1	XM_024244405.3	-	1	2	21	121	15	16	1	1	1	middle	middle	1.000	1.000	constitutive	constitutive	113	53	1
NC_085928.1	101858145	101858616	-1	1	-	NC_085928.1	101858152	101858556	STAB1	XM_024244405.3	-	1	2	60	7	12	13	1	1	1	middle	middle	1.000	1.000	constitutive	constitutive	137	140	1
NC_085928.1	101911556	101911916	3	1	+	NC_085928.1	101911667	101911916	TNNC1	XM_002813653.6	+	3	2	111	0	5	6	1	1	1	middle	last	1.000	1.000	constitutive	constitutive	136	28	1
NC_085928.1	101955026	101955308	3	1	+	NC_085928.1	101955121	101955307	BAP1	XM_002813655.4	+	3	2	95	1	2	3	4	4	4	middle	middle	1.000	1.000	constitutive	constitutive	29	54	4
NC_085928.1	101973515	101973959	-2	1	-	NC_085928.1	101973531	101973932	DNAH1	XM_054552144.2	-	2	2	27	16	60	61	1	1	1	middle	middle	1.000	1.000	constitutive	constitutive	119	149	1
NC_085928.1	102011135	102012149	-2	1	-	NC_085928.1	102011271	102011801	DNAH1	XM_054552144.2	-	2	2	348	136	18	19	1	1	1	middle	middle	1.000	1.000	constitutive	constitutive	198	253	1
NC_085928.1	102382336	102382867	-3	1	-	NC_085928.1	102382337	102382643	ACY1	NM_001131201.2	-	3	2	224	1	13	14	2	2	2	middle	last	1.000	1.000	constitutive	constitutive	60	161	2
NC_085928.1	102437722	102438052	2	1	+	NC_085928.1	102437780	102438052	RRP9	XM_002813677.6	+	2	2	58	0	14	15	1	1	1	middle	last	1.000	1.000	constitutive	constitutive	73	90	1
NC_085928.1	104069630	104070182	3	1	+	NC_085928.1	104069764	104070089	CACNA2D2	XM_024244800.3	+	3	2	134	93	14	15	12	12	12	middle	middle	1.000	1.000	constitutive	constitutive	49	89	12
NC_085928.1	104079815	104080340	3	1	+	NC_085928.1	104079923	104080339	CACNA2D2	XM_024244800.3	+	3	2	108	1	25	26	12	12	12	middle	middle	1.000	1.000	constitutive	constitutive	97	90	12
NC_085928.1	104082741	104083461	1	1	+	NC_085928.1	104083160	104083461	CACNA2D2	XM_024244800.3	+	1	2	419	0	38	39	12	6	12	middle	last	0.500	1.000	alternative	constitutive	82	137	6
NC_085928.1	104082741	104083461	1	1	+	NC_085928.1	104083153	104083461	CACNA2D2	XM_024244802.3	+	1	2	412	0	37	38	12	6	12	middle	last	0.500	1.000	alternative	constitutive	89	137	6
NC_085928.1	104157074	104157518	3	1	+	NC_085928.1	104157153	104157455	IFRD2	XM_009238989.4	+	3	2	79	63	10	11	1	1	1	middle	middle	1.000	1.000	constitutive	constitutive	128	95	1
NC_085928.1	104174261	104174663	-2	1	-	NC_085928.1	104174372	104174663	SEMA3B	XM_024244742.3	-	2	2	0	111	4	5	7	6	6	middle	middle	0.857	0.857	alternative	alternative	119	93	6
NC_085928.1	104250698	104251241	-2	1	-	NC_085928.1	104250699	104251151	GNAT1	XM_003776241.4	-	2	2	90	1	7	8	1	1	1	middle	last	1.000	1.000	constitutive	constitutive	153	187	1
NC_085928.1	104584091	104584856	3	1	+	NC_085928.1	104584301	104584698	CAMKV	XM_024245396.3	+	3	2	210	158	4	5	2	2	2	middle	middle	1.000	1.000	constitutive	constitutive	138	120	2
NC_085928.1	104753052	104753568	-1	1	-	NC_085928.1	104753164	104753467	RNF123	XM_024245239.3	-	1	2	101	112	10	11	10	10	10	middle	middle	1.000	1.000	constitutive	constitutive	114	104	10
NC_085928.1	104765645	104766065	3	1	+	NC_085928.1	104765720	104766058	MST1	XM_002813744.6	+	3	2	75	7	5	6	5	5	3	middle	middle	1.000	0.600	constitutive	alternative	136	120	3
NC_085928.1	104765645	104766065	3	1	+	NC_085928.1	104765720	104766054	MST1	XM_054550745.2	+	3	2	75	11	5	6	5	5	2	middle	middle	1.000	0.400	constitutive	alternative	136	116	2
NC_085928.1	104771021	104771306	-2	1	-	NC_085928.1	104771027	104771272	APEH	XM_024245247.3	-	2	2	34	6	16	17	3	3	3	middle	middle	1.000	1.000	constitutive	constitutive	83	80	3
NC_085928.1	104778236	104778692	-2	1	-	NC_085928.1	104778338	104778557	APEH	XM_024245247.3	-	2	2	135	102	1	2	3	2	2	first	middle	0.667	0.667	alternative	alternative	11	132	2
NC_085928.1	105328940	105329435	3	1	+	NC_085928.1	105329013	105329358	LAMB2	XM_024245044.3	+	3	2	73	77	5	6	2	2	2	middle	middle	1.000	1.000	constitutive	constitutive	188	63	2
NC_085928.1	105336031	105336625	2	1	+	NC_085928.1	105336090	105336512	LAMB2	XM_024245044.3	+	2	2	59	113	22	23	2	2	2	middle	middle	1.000	1.000	constitutive	constitutive	217	96	2
NC_085928.1	105344765	105345359	3	1	+	NC_085928.1	105344767	105345267	USP19	XM_024245047.3	+	3	2	2	92	10	11	43	27	43	middle	middle	0.628	1.000	alternative	constitutive	220	195	27
NC_085928.1	105344765	105345359	3	1	+	NC_085928.1	105344773	105345267	USP19	XM_024245051.3	+	3	2	8	92	10	11	43	16	43	middle	middle	0.372	1.000	alternative	constitutive	214	195	16
NC_085928.1	105435504	105435924	1	1	+	NC_085928.1	105435625	105435910	IMPDH2	XM_009239016.4	+	1	2	121	14	8	9	2	2	2	middle	middle	1.000	1.000	constitutive	constitutive	90	95	2
NC_085928.1	105443626	105444205	2	1	+	NC_085928.1	105443663	105444204	DALRD3	XM_009239019.4	+	2	2	37	1	1	2	13	12	12	first	middle	0.923	0.923	alternative	alternative	164	295	12
NC_085928.1	105857781	105858228	1	1	+	NC_085928.1	105857822	105858172	COL7A1	XM_024245435.3	+	1	2	41	56	9	10	5	5	5	middle	middle	1.000	1.000	constitutive	constitutive	146	116	5
NC_085928.1	105859465	105860053	2	1	+	NC_085928.1	105859473	105859844	COL7A1	XM_024245435.3	+	2	2	8	209	14	15	5	5	5	middle	middle	1.000	1.000	constitutive	constitutive	125	143	5
NC_085928.1	105863291	105863756	3	1	+	NC_085928.1	105863391	105863748	COL7A1	XM_024245435.3	+	3	2	100	8	25	26	5	5	5	middle	middle	1.000	1.000	constitutive	constitutive	126	146	5
NC_085928.1	105864876	105865197	1	1	+	NC_085928.1	105864964	105865170	COL7A1	XM_024245435.3	+	1	2	88	27	32	33	5	5	5	middle	middle	1.000	1.000	constitutive	constitutive	80	35	5
NC_085928.1	105866383	105866719	2	1	+	NC_085928.1	105866465	105866692	COL7A1	XM_024245435.3	+	2	2	82	27	40	41	5	5	5	middle	middle	1.000	1.000	constitutive	constitutive	59	35	5
NC_085928.1	105870004	105870655	2	1	+	NC_085928.1	105870410	105870598	COL7A1	XM_024245435.3	+	2	2	406	57	58	59	5	5	5	middle	middle	1.000	1.000	constitutive	constitutive	80	35	5
NC_085928.1	105871229	105871841	3	1	+	NC_085928.1	105871566	105871760	COL7A1	XM_024245435.3	+	3	2	337	81	63	64	5	5	5	middle	middle	1.000	1.000	constitutive	constitutive	62	44	5
NC_085928.1	105874428	105875010	1	1	+	NC_085928.1	105874534	105874866	COL7A1	XM_024245435.3	+	1	2	106	144	73	74	5	5	5	middle	middle	1.000	1.000	constitutive	constitutive	200	35	5
NC_085928.1	105877502	105877736	3	1	+	NC_085928.1	105877515	105877673	COL7A1	XM_024245435.3	+	3	2	13	63	88	89	5	5	5	middle	middle	1.000	1.000	constitutive	constitutive	35	41	5
NC_085928.1	107046457	107047915	2	1	+	NC_085928.1	107046586	107047822	SCAP	XM_024244269.3	+	2	2	129	93	14	16	6	6	3	middle	middle	1.000	0.500	constitutive	alternative	201	522	3
NC_085928.1	107046457	107047915	2	1	+	NC_085928.1	107046586	107047822	SCAP	XM_024244270.3	+	2	2	129	93	14	16	6	6	3	middle	middle	1.000	0.500	constitutive	alternative	201	519	3
NC_085928.1	107051598	107052309	-1	1	-	NC_085928.1	107051599	107052267	PTPN23	XM_009239086.4	-	1	2	42	1	24	25	6	6	6	middle	last	1.000	1.000	constitutive	constitutive	113	476	6
NC_085928.1	107052779	107055386	-2	1	-	NC_085928.1	107052814	107055180	PTPN23	XM_009239086.4	-	2	3	206	35	19	21	6	6	6	middle	middle	1.000	1.000	constitutive	constitutive	179	184	6
NC_085928.1	107055127	107055688	-3	1	-	NC_085928.1	107055267	107055672	PTPN23	XM_009239086.4	-	3	2	16	140	17	18	6	6	6	middle	middle	1.000	1.000	constitutive	constitutive	154	151	6
NC_085928.1	107057992	107058586	-3	1	-	NC_085928.1	107058134	107058559	PTPN23	XM_009239086.4	-	3	3	27	142	7	9	6	6	6	middle	middle	1.000	1.000	constitutive	constitutive	80	47	6
NC_085928.1	107452699	107453101	-3	1	-	NC_085928.1	107452701	107453086	NBEAL2	XM_024244840.3	-	3	2	15	2	50	51	5	5	5	middle	middle	1.000	1.000	constitutive	constitutive	158	148	5
NC_085928.1	107472204	107472663	-1	1	-	NC_085928.1	107472259	107472583	NBEAL2	XM_024244840.3	-	1	2	80	55	3	4	5	5	5	middle	middle	1.000	1.000	constitutive	constitutive	128	81	5
NC_085928.1	107542619	107543210	3	1	+	NC_085928.1	107542870	107543209	CCDC12	XM_009239098.4	+	3	2	251	1	5	6	9	9	9	middle	middle	1.000	1.000	constitutive	constitutive	61	34	9
NC_085928.1	107609797	107610034	2	1	+	NC_085928.1	107609820	107610034	MYL3	NM_001134025.1	+	2	2	23	0	5	6	7	7	7	middle	last	1.000	1.000	constitutive	constitutive	77	25	7
NC_085928.1	107717681	107718332	3	1	+	NC_085928.1	107717787	107718258	LOC112132656	XM_054552185.2	+	3	2	106	74	1	2	1	1	1	first	middle	1.000	1.000	constitutive	constitutive	102	224	1
NC_085928.1	10802919	10803825	-1	1	-	NC_085928.1	10803046	10803565	PLXNA1	XM_024244726.3	-	1	2	260	127	15	16	3	3	3	middle	middle	1.000	1.000	constitutive	constitutive	167	93	3
NC_085928.1	10814785	10815442	-3	1	-	NC_085928.1	10814857	10815215	PLXNA1	XM_024244726.3	-	3	2	227	72	5	6	3	3	3	middle	middle	1.000	1.000	constitutive	constitutive	123	153	3
NC_085928.1	111797516	111798035	3	1	+	NC_085928.1	111797595	111798032	HHATL	XM_002813876.6	+	3	2	79	3	3	4	1	1	1	middle	middle	1.000	1.000	constitutive	constitutive	113	194	1
NC_085928.1	11331452	11331836	3	1	+	NC_085928.1	11331483	11331835	UROC1	XM_024244865.3	+	3	2	31	1	5	6	2	2	2	middle	middle	1.000	1.000	constitutive	constitutive	128	61	2
NC_085928.1	116231706	116232027	-1	1	-	NC_085928.1	116231708	116232010	SLC22A13	XM_002813925.4	-	1	2	17	2	5	6	1	1	1	middle	middle	1.000	1.000	constitutive	constitutive	120	94	1
NC_085928.1	116396172	116396490	-1	1	-	NC_085928.1	116396173	116396392	DLEC1	XM_054552314.2	-	1	2	98	1	36	37	10	4	4	middle	last	0.400	0.400	alternative	alternative	123	2	4
NC_085928.1	134561438	134562026	3	1	+	NC_085928.1	134561574	134561993	SGO1	XM_002814011.6	+	3	2	136	33	1	2	6	6	6	first	middle	1.000	1.000	constitutive	constitutive	141	196	6
NC_085928.1	139894603	139894861	2	1	+	NC_085928.1	139894604	139894793	COL6A5	XM_024244913.3	+	2	2	1	68	29	30	1	1	1	middle	middle	1.000	1.000	constitutive	constitutive	35	36	1
NC_085928.1	15148358	15148997	3	1	+	NC_085928.1	15148383	15148968	SEMA5B	XM_003776152.5	+	3	2	25	29	16	17	6	6	6	middle	middle	1.000	1.000	constitutive	constitutive	225	218	6
NC_085928.1	15149208	15149958	1	1	+	NC_085928.1	15149468	15149890	SEMA5B	XM_003776152.5	+	1	2	260	68	18	19	6	6	5	middle	middle	1.000	0.833	constitutive	alternative	170	149	5
NC_085928.1	15149208	15149958	1	1	+	NC_085928.1	15149468	15149890	SEMA5B	XM_054551393.2	+	1	2	260	68	18	19	6	6	1	middle	middle	1.000	0.167	constitutive	unique	170	146	1
NC_085928.1	152159803	152160253	2	1	+	NC_085928.1	152159855	152160244	PLS1	NM_001132109.1	+	2	2	52	9	4	5	6	6	6	middle	middle	1.000	1.000	constitutive	constitutive	165	142	6
NC_085928.1	159349478	159349823	-2	1	-	NC_085928.1	159349571	159349805	COMMD2	NM_001133165.1	-	2	2	18	93	1	2	1	1	1	first	middle	1.000	1.000	constitutive	constitutive	66	77	1
NC_085928.1	17661878	17662319	3	1	+	NC_085928.1	17661930	17662139	FSTL1	NM_001132366.1	+	3	2	52	180	1	2	1	1	1	first	middle	1.000	1.000	constitutive	constitutive	2	56	1
NC_085928.1	18298858	18299593	-3	1	-	NC_085928.1	18298873	18299333	NR1I2	XM_002813243.4	-	3	2	260	15	6	7	1	1	1	middle	middle	1.000	1.000	constitutive	constitutive	142	116	1
NC_085928.1	189221321	189221681	-2	1	-	NC_085928.1	189221323	189221681	KCNMB3	XM_054553025.1	-	2	2	0	2	1	3	1	1	1	first	middle	1.000	1.000	constitutive	constitutive	67	155	1
NC_085928.1	190605937	190606441	2	1	+	NC_085928.1	190605970	190606402	TTC14	XM_002814320.6	+	2	2	33	39	2	3	4	3	3	middle	middle	0.750	0.750	alternative	alternative	124	199	3
NC_085928.1	194142402	194142960	1	1	+	NC_085928.1	194142476	194142856	EIF2B5	XM_002814349.6	+	1	2	74	104	10	11	1	1	1	middle	middle	1.000	1.000	constitutive	constitutive	101	107	1
NC_085928.1	194188201	194188492	2	1	+	NC_085928.1	194188264	194188491	ABCF3	NM_001132359.1	+	2	2	63	1	8	9	2	2	2	middle	middle	1.000	1.000	constitutive	constitutive	80	59	2
NC_085928.1	194240648	194241455	3	1	+	NC_085928.1	194240676	194241315	VWA5B2	XM_054553074.2	+	3	2	28	140	14	15	2	2	2	middle	middle	1.000	1.000	constitutive	constitutive	189	344	2
NC_085928.1	194327436	194328042	1	1	+	NC_085928.1	194327440	194328009	EIF4G1	XM_009239608.4	+	1	2	4	33	9	10	17	8	17	middle	middle	0.471	1.000	alternative	constitutive	185	197	8
NC_085928.1	194327436	194328042	1	1	+	NC_085928.1	194327437	194328009	EIF4G1	XM_024244561.3	+	1	2	1	33	12	13	17	9	17	middle	middle	0.529	1.000	alternative	constitutive	188	197	9
NC_085928.1	194345709	194346411	1	1	+	NC_085928.1	194345764	194346289	FAM131A	XM_009239611.4	+	1	2	55	122	3	4	7	1	7	middle	middle	0.143	1.000	unique	constitutive	93	182	1
NC_085928.1	194345709	194346411	1	1	+	NC_085928.1	194345788	194346289	FAM131A	XM_024244568.3	+	1	2	79	122	1	2	7	6	7	first	middle	0.857	1.000	alternative	constitutive	69	182	6
NC_085928.1	194361794	194362610	-2	1	-	NC_085928.1	194361834	194362150	CLCN2	XM_002814361.5	-	2	2	460	40	5	6	3	3	3	middle	middle	1.000	1.000	constitutive	constitutive	133	77	3
NC_085928.1	194383773	194384844	1	1	+	NC_085928.1	194384032	194384508	CHRD	XM_024244576.3	+	1	2	259	336	1	2	2	2	2	first	middle	1.000	1.000	constitutive	constitutive	147	103	2
NC_085928.1	194384830	194385499	2	1	+	NC_085928.1	194384948	194385338	CHRD	XM_024244576.3	+	2	2	118	161	3	4	2	2	2	middle	middle	1.000	1.000	constitutive	constitutive	129	128	2
NC_085928.1	194386318	194386759	2	1	+	NC_085928.1	194386347	194386651	CHRD	XM_024244576.3	+	2	2	29	108	8	9	2	2	2	middle	middle	1.000	1.000	constitutive	constitutive	140	82	2
NC_085928.1	194587218	194588274	1	1	+	NC_085928.1	194587477	194588240	EPHB3	XM_024244578.3	+	1	3	259	34	12	14	1	1	1	middle	middle	1.000	1.000	constitutive	constitutive	215	193	1
NC_085928.1	204689027	204689504	-2	1	-	NC_085928.1	204689169	204689504	LSG1	XM_024244460.3	-	2	2	0	142	9	10	1	1	1	middle	middle	1.000	1.000	constitutive	constitutive	101	143	1
NC_085928.1	205852943	205853531	-2	1	-	NC_085928.1	205852949	205853401	MUC4	XM_063722433.1	-	2	2	130	6	6	7	1	1	1	middle	middle	1.000	1.000	constitutive	constitutive	179	125	1
NC_085928.1	207379893	207380304	1	1	+	NC_085928.1	207379895	207380292	SENP5	XM_002814465.4	+	1	2	2	12	2	3	2	2	2	middle	middle	1.000	1.000	constitutive	constitutive	105	138	2
NC_085928.1	208665558	208665858	-1	1	-	NC_085928.1	208665627	208665795	LOC100457577	XM_063722441.1	-	1	2	63	69	12	14	1	1	1	middle	middle	1.000	1.000	constitutive	constitutive	36	43	1
NC_085928.1	209281955	209283332	-2	1	-	NC_085928.1	209282103	209283209	LOC134761134	XM_063722655.1	-	2	2	123	148	1	4	1	1	1	first	last	1.000	1.000	constitutive	constitutive	708	65	1
NC_085928.1	24508063	24508591	-3	1	-	NC_085928.1	24508160	24508466	SIDT1	XM_024244686.3	-	3	2	125	97	22	23	1	1	1	middle	middle	1.000	1.000	constitutive	constitutive	105	110	1
NC_085928.1	25197780	25198527	1	1	+	NC_085928.1	25197833	25198522	CD200R1	XM_002813283.4	+	1	2	53	5	4	5	2	2	2	middle	middle	1.000	1.000	constitutive	constitutive	317	248	2
NC_085928.1	262812	263373	-1	1	-	NC_085928.1	262855	263281	ST3GAL6	NM_001131431.1	-	1	2	92	43	6	7	8	8	8	middle	middle	1.000	1.000	constitutive	constitutive	186	137	8
NC_085928.1	5990393	5990807	-2	1	-	NC_085928.1	5990460	5990765	NUP210	XM_024244326.3	-	2	2	42	67	19	20	2	2	2	middle	middle	1.000	1.000	constitutive	constitutive	104	101	2
NC_085928.1	68816579	68817143	-2	1	-	NC_085928.1	68816756	68817115	CRELD1	XM_002813459.6	-	2	2	28	177	7	8	2	2	2	middle	middle	1.000	1.000	constitutive	constitutive	83	95	2
NC_085928.1	8208461	8208878	3	1	+	NC_085928.1	8208484	8208797	PLXND1	XM_024244918.3	+	3	2	23	81	21	22	2	2	2	middle	middle	1.000	1.000	constitutive	constitutive	107	112	2
NC_085928.1	96195968	96196646	-2	1	-	NC_085928.1	96196229	96196606	FLNB	XM_063722021.1	-	2	2	40	261	37	38	3	3	3	middle	middle	1.000	1.000	constitutive	constitutive	152	122	3
NC_085929.1	22787147	22787399	-2	1	-	NC_085929.1	22787168	22787371	LOC100449536	XM_054543008.2	-	2	2	28	21	49	50	1	1	1	middle	middle	1.000	1.000	constitutive	constitutive	28	72	1
NC_085929.1	24248995	24249850	2	1	+	NC_085929.1	24248996	24249850	BCL2L13	XM_009234083.4	+	2	2	1	0	6	8	1	1	1	middle	last	1.000	1.000	constitutive	constitutive	395	422	1
NC_085929.1	24977070	24977514	1	1	+	NC_085929.1	24977166	24977514	PRODH	XM_024240005.3	+	1	2	96	0	13	14	1	1	1	middle	last	1.000	1.000	constitutive	constitutive	88	184	1
NC_085929.1	25648475	25648868	-2	1	-	NC_085929.1	25648571	25648790	LOC100938552	XM_063722761.1	-	2	2	78	96	1	2	1	1	1	first	middle	1.000	1.000	constitutive	constitutive	45	56	1
NC_085929.1	26102809	26103598	-3	1	-	NC_085929.1	26102810	26103532	LOC100936295	XM_024239748.2	-	3	2	66	1	1	2	1	1	1	first	last	1.000	1.000	constitutive	constitutive	150	457	1
NC_085929.1	26476537	26477053	2	1	+	NC_085929.1	26476602	26476994	TOP3B	XM_002834627.6	+	2	2	65	59	9	10	7	7	7	middle	middle	1.000	1.000	constitutive	constitutive	154	105	7
NC_085929.1	26971856	26972243	3	1	+	NC_085929.1	26971982	26972242	TMEM191C	XM_003780184.4	+	3	2	126	1	7	8	4	4	4	middle	middle	1.000	1.000	constitutive	constitutive	72	40	4
NC_085929.1	26997515	26998154	-2	1	-	NC_085929.1	26997702	26998081	PI4KA	XM_024240188.3	-	2	2	73	187	37	38	2	2	2	middle	middle	1.000	1.000	constitutive	constitutive	119	79	2
NC_085929.1	27251651	27252224	3	1	+	NC_085929.1	27251839	27252144	LZTR1	XM_063722727.1	+	3	2	188	80	14	15	4	3	3	middle	middle	0.750	0.750	alternative	alternative	76	117	3
NC_085929.1	27269587	27270364	2	1	+	NC_085929.1	27269733	27270099	LZTR1	NM_001133445.1	+	2	2	146	265	17	18	4	2	2	middle	middle	0.500	0.500	alternative	alternative	126	149	2
NC_085929.1	27623044	27623908	2	1	+	NC_085929.1	27623079	27623907	SCARF2	XM_024240179.3	+	2	2	35	1	3	4	3	3	3	middle	middle	1.000	1.000	constitutive	constitutive	101	519	3
NC_085929.1	28933518	28934928	1	1	+	NC_085929.1	28933782	28934533	SLC25A1	XM_024239975.3	+	1	2	264	395	4	5	2	2	2	middle	middle	1.000	1.000	constitutive	constitutive	138	84	2
NC_085929.1	28965069	28965960	1	1	+	NC_085929.1	28965163	28965786	GSC2	XM_002830840.5	+	1	2	94	174	1	2	1	1	1	first	middle	1.000	1.000	constitutive	constitutive	258	253	1
NC_085929.1	29576171	29576591	-2	1	-	NC_085929.1	29576177	29576572	SUSD2	XM_063722976.1	-	2	2	19	6	10	11	1	1	1	middle	middle	1.000	1.000	constitutive	constitutive	143	158	1
NC_085929.1	29980877	29981612	3	1	+	NC_085929.1	29980996	29981612	LOC129052797	XM_063722788.1	+	3	2	119	0	3	4	1	1	1	middle	last	1.000	1.000	constitutive	constitutive	189	300	1
NC_085929.1	30710695	30711247	2	1	+	NC_085929.1	30710723	30711223	CHCHD10	XM_002830908.5	+	2	2	28	24	1	2	1	1	1	first	middle	1.000	1.000	constitutive	constitutive	40	219	1
NC_085929.1	30994490	30998630	-2	1	-	NC_085929.1	30996570	30998630	LOC112130606	XM_063722943.1	-	2	2	0	2080	2	4	1	1	1	middle	middle	1.000	1.000	constitutive	constitutive	1466	515	1
NC_085929.1	35660486	35660957	3	1	+	NC_085929.1	35660620	35660886	EMID1	XM_054543287.2	+	3	2	134	71	7	8	6	4	6	middle	middle	0.667	1.000	alternative	constitutive	92	89	4
NC_085929.1	35660486	35660957	3	1	+	NC_085929.1	35660662	35660886	EMID1	XM_054543289.2	+	3	2	176	71	7	8	6	2	6	middle	middle	0.333	1.000	alternative	constitutive	50	89	2
NC_085929.1	35663218	35663608	2	1	+	NC_085929.1	35663333	35663545	EMID1	XM_054543287.2	+	2	2	115	63	12	13	6	6	6	middle	middle	1.000	1.000	constitutive	constitutive	62	44	6
NC_085929.1	35758856	35759435	-2	1	-	NC_085929.1	35758857	35759371	AP1B1	XM_024239953.3	-	2	2	64	1	18	19	10	10	6	middle	last	1.000	0.600	constitutive	alternative	86	337	6
NC_085929.1	35758856	35759435	-2	1	-	NC_085929.1	35759040	35759371	AP1B1	XM_024239956.3	-	2	2	64	184	18	19	10	10	4	middle	middle	1.000	0.400	constitutive	alternative	86	154	4
NC_085929.1	36966808	36967165	-3	1	-	NC_085929.1	36966810	36967131	SEC14L6	XM_002831013.5	-	3	2	34	2	9	10	1	1	1	middle	middle	1.000	1.000	constitutive	constitutive	106	139	1
NC_085929.1	37330669	37331296	2	1	+	NC_085929.1	37330783	37331239	OSBP2	NM_001133036.1	+	2	2	114	57	6	7	11	11	9	middle	middle	1.000	0.818	constitutive	alternative	54	146	9
NC_085929.1	37330669	37331296	2	1	+	NC_085929.1	37330783	37331239	OSBP2	XM_054542966.2	+	2	2	114	57	6	7	11	11	2	middle	middle	1.000	0.182	constitutive	alternative	54	116	2
NC_085929.1	37536232	37536589	2	1	+	NC_085929.1	37536260	37536566	SMTN	NM_001132647.1	+	2	2	28	23	11	12	7	7	7	middle	middle	1.000	1.000	constitutive	constitutive	152	75	7
NC_085929.1	37732238	37732811	-2	1	-	NC_085929.1	37732358	37732687	PIK3IP1	NM_001131746.1	-	2	2	124	120	2	3	1	1	1	middle	middle	1.000	1.000	constitutive	constitutive	116	119	1
NC_085929.1	38056065	38056584	1	1	+	NC_085929.1	38056284	38056584	SFI1	XM_009234280.4	+	1	2	219	0	30	31	50	50	50	middle	last	1.000	1.000	constitutive	constitutive	111	101	50
NC_085929.1	38348846	38349380	3	1	+	NC_085929.1	38348870	38349380	DEPDC5	XM_024239716.3	+	3	2	24	0	40	41	19	14	14	middle	last	0.737	0.737	alternative	alternative	82	289	14
NC_085929.1	44154221	44154764	3	1	+	NC_085929.1	44154381	44154687	GGA1	XM_024239706.3	+	3	2	160	77	8	9	3	3	3	middle	middle	1.000	1.000	constitutive	constitutive	140	81	3
NC_085929.1	45245789	45246662	-2	1	-	NC_085929.1	45246101	45246588	SUN2	XM_002831140.6	-	2	2	74	312	2	3	4	4	4	middle	middle	1.000	1.000	constitutive	constitutive	175	137	4
NC_085929.1	45484746	45485517	1	1	+	NC_085929.1	45484885	45485516	APOBEC3B	XM_009234378.4	+	1	2	139	1	3	4	1	1	1	middle	middle	1.000	1.000	constitutive	constitutive	279	144	1
NC_085929.1	46840494	46840941	1	1	+	NC_085929.1	46840519	46840883	ADSL	XM_002831167.6	+	1	2	25	58	8	9	2	2	2	middle	middle	1.000	1.000	constitutive	constitutive	69	147	2
NC_085929.1	46886735	46887461	3	1	+	NC_085929.1	46886805	46887356	SGSM3	NM_001132023.1	+	3	3	70	105	10	12	13	13	13	middle	middle	1.000	1.000	constitutive	constitutive	54	155	13
NC_085929.1	47996597	47997320	3	1	+	NC_085929.1	47996625	47997134	ACO2	XM_002831184.6	+	3	2	28	186	13	14	1	1	1	middle	middle	1.000	1.000	constitutive	constitutive	122	155	1
NC_085929.1	48379213	48380422	-3	1	-	NC_085929.1	48379214	48380304	SHISA8	XM_024240071.3	-	3	2	118	1	3	4	1	1	1	middle	last	1.000	1.000	constitutive	constitutive	431	382	1
NC_085929.1	51410606	51411398	-2	1	-	NC_085929.1	51410700	51411212	PHF21B	XM_024240157.3	-	2	2	186	94	9	10	5	5	5	middle	middle	1.000	1.000	constitutive	constitutive	75	103	5
NC_085929.1	51732166	51732769	-3	1	-	NC_085929.1	51732194	51732667	KIAA0930	XM_002831254.6	-	3	2	102	28	4	5	3	3	3	middle	middle	1.000	1.000	constitutive	constitutive	77	101	3
NC_085929.1	56689342	56691352	2	1	+	NC_085929.1	56690610	56691302	PIM3	XM_002831286.5	+	2	2	1268	50	2	4	1	1	1	middle	middle	1.000	1.000	constitutive	constitutive	109	369	1
NC_085929.1	56975015	56975936	-2	1	-	NC_085929.1	56975017	56975346	HDAC10	XM_024240162.3	-	2	2	590	2	5	6	14	14	14	middle	middle	1.000	1.000	constitutive	constitutive	104	68	14
NC_085929.1	56981165	56981714	-2	1	-	NC_085929.1	56981297	56981687	MAPK12	XM_024240148.3	-	2	2	27	132	7	8	4	4	4	middle	middle	1.000	1.000	constitutive	constitutive	114	71	4
NC_085929.1	56992384	56993056	-3	1	-	NC_085929.1	56992738	56992978	MAPK11	XM_024239876.3	-	3	2	78	354	6	7	5	5	5	middle	middle	1.000	1.000	constitutive	constitutive	47	114	5
NC_085929.1	56993373	56993985	-1	1	-	NC_085929.1	56993375	56993752	MAPK11	XM_024239876.3	-	1	2	233	2	2	3	5	5	5	middle	middle	1.000	1.000	constitutive	constitutive	129	58	5
NC_085929.1	57008949	57009561	-1	1	-	NC_085929.1	57009023	57009409	PLXNB2	NM_001132237.1	-	1	2	152	74	14	15	18	18	18	middle	middle	1.000	1.000	constitutive	constitutive	108	136	18
NC_085929.1	57038083	57040009	-3	1	-	NC_085929.1	57038144	57039238	DENND6B	XM_024240227.3	-	3	4	771	61	16	19	9	9	9	middle	middle	1.000	1.000	constitutive	constitutive	53	74	9
NC_085929.1	57153724	57154285	2	1	+	NC_085929.1	57153748	57154203	PPP6R2	XM_024239679.3	+	2	2	24	82	15	16	48	48	48	middle	middle	1.000	1.000	constitutive	constitutive	57	124	48
NC_085929.1	57176106	57176610	-1	1	-	NC_085929.1	57176148	57176589	SBF1	XM_009234525.4	-	1	2	21	42	24	25	6	6	6	middle	middle	1.000	1.000	constitutive	constitutive	178	136	6
NC_085929.1	57181708	57182302	-3	1	-	NC_085929.1	57181781	57182078	SBF1	XM_009234525.4	-	3	2	224	73	8	9	6	6	6	middle	middle	1.000	1.000	constitutive	constitutive	108	113	6
NC_085929.1	57203768	57204326	3	1	+	NC_085929.1	57203853	57204305	MIOX	NM_001131282.2	+	3	2	85	21	4	5	1	1	1	middle	middle	1.000	1.000	constitutive	constitutive	162	67	1
NC_085929.1	57238837	57239146	2	1	+	NC_085929.1	57238854	57239119	NCAPH2	XM_002831305.5	+	2	2	17	27	13	14	4	4	4	middle	middle	1.000	1.000	constitutive	constitutive	53	70	4
NC_085929.1	57247715	57248426	-2	1	-	NC_085929.1	57247767	57248350	CIMAP1B	XM_024239742.3	-	2	3	76	52	3	5	5	4	4	middle	middle	0.800	0.800	alternative	alternative	104	140	4
NC_085929.1	57294758	57295412	-2	1	-	NC_085929.1	57294933	57295334	CPT1B	XM_024239711.3	-	2	2	78	175	14	15	4	4	4	middle	middle	1.000	1.000	constitutive	constitutive	134	152	4
NC_085929.1	57404908	57405301	2	1	+	NC_085929.1	57404924	57405259	SHANK3	XM_024240093.3	+	2	2	16	42	4	5	1	1	1	middle	middle	1.000	1.000	constitutive	constitutive	108	151	1
