chr	start	end	frame	filler	strand	chr	first_exon_start	last_exon_end	gene	transcript	exon_strand	exon_frame	exon_count	upstream_len_in_scfr	downstream_len_in_scfr	first_exon_number	last_exon_number	gene_tx_count	first_exon_tx_count	last_exon_tx_count	first_exon_order	last_exon_order	first_exon_sharing	last_exon_sharing	first_exon_splicing	last_exon_splicing	first_exon_overlap	last_exon_overlap	merged_txs
NC_071985.2	111716	112169	3	1	+	NC_071985.2	112016	112147	ZNF692	XM_024246294.3	+	3	1	300	22	5	5	6	4	4	middle	middle	0.667	0.667	alternative	alternative	131	131	4
NC_071985.2	111716	112169	3	1	+	NC_071985.2	111891	112147	ZNF692	XM_054560493.2	+	3	2	175	22	1	2	6	1	1	first	middle	0.167	0.167	unique	unique	33	93	1
NC_071985.2	111824401	111825538	-2	1	-	NC_071985.2	111824531	111825349	NUDT17	XM_002810322.6	-	2	3	189	130	1	3	3	1	3	first	middle	0.333	1.000	unique	constitutive	191	25	1
NC_071985.2	111824401	111825538	-2	1	-	NC_071985.2	111824531	111825349	NUDT17	XM_054553618.2	-	2	2	189	130	1	2	3	1	3	first	middle	0.333	1.000	unique	constitutive	555	25	1
NC_071985.2	111824401	111825538	-2	1	-	NC_071985.2	111824531	111824556	NUDT17	XM_054553620.2	-	2	1	982	130	2	2	3	3	3	middle	middle	1.000	1.000	constitutive	constitutive	25	25	1
NC_071985.2	123030110	123030488	-1	1	-	NC_071985.2	123030366	123030466	GSTM5	NM_001367598.1	-	1	1	22	256	5	5	2	1	1	middle	middle	0.500	0.500	unique	unique	100	100	1
NC_071985.2	123030110	123030488	-1	1	-	NC_071985.2	123030123	123030466	GSTM5	XM_054548038.2	-	1	2	22	13	5	6	2	1	1	middle	middle	0.500	0.500	unique	unique	73	41	1
NC_071985.2	185056222	185056705	-2	1	-	NC_071985.2	185056304	185056660	SLC5A9	XM_009250605.3	-	2	2	45	82	4	5	2	1	2	middle	middle	0.500	1.000	unique	constitutive	74	164	1
NC_071985.2	185056222	185056705	-2	1	-	NC_071985.2	185056304	185056468	SLC5A9	XM_063712495.1	-	2	1	237	82	4	4	2	2	2	middle	middle	1.000	1.000	constitutive	constitutive	164	164	1
NC_071985.2	188488869	188489433	-3	1	-	NC_071985.2	188488870	188489265	BTBD19	XM_002810911.5	-	3	2	168	1	7	8	4	2	2	middle	last	0.500	0.500	alternative	alternative	125	131	2
NC_071985.2	188488869	188489433	-3	1	-	NC_071985.2	188489099	188489265	BTBD19	XM_009251063.4	-	3	1	168	230	7	7	4	2	2	middle	middle	0.500	0.500	alternative	alternative	166	166	2
NC_071985.2	188515133	188515940	3	1	+	NC_071985.2	188515261	188515883	BEST4	XM_002810909.5	+	3	2	128	57	3	4	5	3	5	middle	middle	0.600	1.000	alternative	constitutive	233	154	3
NC_071985.2	188515133	188515940	3	1	+	NC_071985.2	188515729	188515883	BEST4	XM_063719202.1	+	3	1	596	57	3	3	5	5	5	middle	middle	1.000	1.000	constitutive	constitutive	154	154	2
NC_071985.2	188948058	188948625	1	1	+	NC_071985.2	188948449	188948583	ERI3	XM_024247570.3	+	1	1	391	42	1	1	20	8	8	first	first	0.400	0.400	alternative	alternative	134	134	8
NC_071985.2	188948058	188948625	1	1	+	NC_071985.2	188948074	188948215	ERI3	XM_054535968.1	+	1	1	16	410	1	1	20	3	3	first	first	0.150	0.150	alternative	alternative	141	141	3
NC_071985.2	189327685	189328231	-2	1	-	NC_071985.2	189327687	189328006	CCDC24	XM_024247684.3	-	2	2	225	2	2	3	27	4	25	middle	middle	0.148	0.926	alternative	alternative	67	116	4
NC_071985.2	189327685	189328231	-2	1	-	NC_071985.2	189327687	189328108	CCDC24	XM_024247686.3	-	2	2	123	2	1	2	27	3	25	first	middle	0.111	0.926	alternative	alternative	169	116	3
NC_071985.2	189327685	189328231	-2	1	-	NC_071985.2	189327687	189328114	CCDC24	XM_054536116.2	-	2	2	117	2	2	3	27	3	25	middle	middle	0.111	0.926	alternative	alternative	214	116	3
NC_071985.2	189327685	189328231	-2	1	-	NC_071985.2	189327687	189328114	CCDC24	XM_054536140.2	-	2	2	117	2	2	3	27	9	25	middle	middle	0.333	0.926	alternative	alternative	175	116	9
NC_071985.2	189327685	189328231	-2	1	-	NC_071985.2	189327687	189328006	CCDC24	XM_054536165.2	-	2	2	225	2	2	3	27	1	25	middle	middle	0.037	0.926	unique	alternative	106	116	1
NC_071985.2	189327685	189328231	-2	1	-	NC_071985.2	189327687	189327706	CCDC24	XM_054536287.2	-	2	1	525	2	1	1	27	2	2	first	first	0.074	0.074	alternative	alternative	19	19	2
NC_071985.2	189327685	189328231	-2	1	-	NC_071985.2	189327687	189328126	CCDC24	XM_063712652.1	-	2	2	105	2	2	3	27	5	25	middle	middle	0.185	0.926	alternative	alternative	187	116	5
NC_071985.2	201497032	201497473	-2	1	-	NC_071985.2	201497338	201497341	TMEM39B	XM_024248885.3	-	2	1	132	306	1	1	11	5	5	first	first	0.455	0.455	alternative	alternative	3	3	5
NC_071985.2	201497032	201497473	-2	1	-	NC_071985.2	201497098	201497122	TMEM39B	XM_063713603.1	-	2	1	351	66	1	1	11	3	3	first	first	0.273	0.273	alternative	alternative	24	24	3
NC_071985.2	216590418	216591267	1	1	+	NC_071985.2	216590426	216590826	ATP13A2	XM_024251445.3	+	1	2	8	441	21	22	15	15	11	middle	middle	1.000	0.733	constitutive	alternative	160	116	11
NC_071985.2	216590418	216591267	1	1	+	NC_071985.2	216590426	216590586	ATP13A2	XM_054556190.2	+	1	1	8	681	21	21	15	15	15	middle	middle	1.000	1.000	constitutive	constitutive	160	160	4
NC_071985.2	228116567	228119846	3	1	+	NC_071985.2	228119359	228119745	CHD5	XM_024254075.2	+	3	2	2792	101	39	40	6	5	3	middle	middle	0.833	0.500	alternative	alternative	163	114	3
NC_071985.2	228116567	228119846	3	1	+	NC_071985.2	228119359	228119522	CHD5	XM_054542116.1	+	3	1	2792	324	39	39	6	5	5	middle	middle	0.833	0.833	alternative	alternative	163	163	2
NC_071985.2	230750064	230751123	1	1	+	NC_071985.2	230750651	230750837	LOC100434611	XM_054542422.2	+	1	1	587	286	34	34	50	22	22	middle	middle	0.440	0.440	alternative	alternative	186	186	22
NC_071985.2	230750064	230751123	1	1	+	NC_071985.2	230750867	230750995	LOC100434611	XM_054542436.2	+	1	1	803	128	34	34	50	17	17	middle	middle	0.340	0.340	alternative	alternative	128	128	17
NC_071985.2	232088234	232088984	-1	1	-	NC_071985.2	232088235	232088962	GABRD	XM_024252003.2	-	1	2	22	1	8	9	2	2	1	middle	last	1.000	0.500	constitutive	unique	211	296	1
NC_071985.2	232088234	232088984	-1	1	-	NC_071985.2	232088751	232088962	GABRD	XM_054557466.1	-	1	1	22	517	8	8	2	2	2	middle	middle	1.000	1.000	constitutive	constitutive	211	211	1
NC_071985.2	232196559	232196991	1	1	+	NC_071985.2	232196620	232196754	CFAP74	XM_024231068.2	+	1	1	61	237	37	37	8	5	5	middle	middle	0.625	0.625	alternative	alternative	134	134	3
NC_071985.2	232196559	232196991	1	1	+	NC_071985.2	232196620	232196806	CFAP74	XM_054557474.1	+	1	1	61	185	37	37	8	2	2	middle	middle	0.250	0.250	alternative	alternative	186	186	2
NC_071985.2	232196559	232196991	1	1	+	NC_071985.2	232196620	232196991	CFAP74	XM_054557502.1	+	1	2	61	0	37	38	8	5	2	middle	last	0.625	0.250	alternative	alternative	134	32	2
NC_071985.2	232402506	232403007	1	1	+	NC_071985.2	232402874	232403006	LOC100434526	XM_024255209.2	+	1	1	368	1	4	4	20	13	13	middle	middle	0.650	0.650	alternative	alternative	132	132	12
NC_071985.2	232402506	232403007	1	1	+	NC_071985.2	232402522	232403006	LOC100434526	XM_054557677.2	+	1	2	16	1	1	2	20	1	13	first	middle	0.050	0.650	unique	alternative	141	132	1
NC_071985.2	232402506	232403007	1	1	+	NC_071985.2	232402978	232403006	LOC100434526	XM_054557691.1	+	1	1	472	1	1	1	20	2	2	first	first	0.100	0.100	alternative	alternative	28	28	2
NC_071985.2	232500123	232500672	-3	1	-	NC_071985.2	232500436	232500578	MIB2	XM_024255178.3	-	3	1	94	313	7	7	20	20	20	middle	middle	1.000	1.000	constitutive	constitutive	142	142	3
NC_071985.2	232500123	232500672	-3	1	-	NC_071985.2	232500211	232500578	MIB2	XM_054557564.2	-	3	2	94	88	7	8	20	20	11	middle	middle	1.000	0.550	constitutive	alternative	142	107	11
NC_071985.2	232500123	232500672	-3	1	-	NC_071985.2	232500211	232500578	MIB2	XM_054557567.2	-	3	2	94	88	7	8	20	20	6	middle	middle	1.000	0.300	constitutive	alternative	142	95	6
NC_071985.2	233179997	233181266	-1	1	-	NC_071985.2	233180213	233181147	SAMD11	XM_024256237.3	-	1	2	119	216	9	11	12	10	12	middle	middle	0.833	1.000	alternative	constitutive	115	511	10
NC_071985.2	233179997	233181266	-1	1	-	NC_071985.2	233180213	233180724	SAMD11	XM_063716256.1	-	1	1	542	216	9	9	12	12	12	middle	middle	1.000	1.000	constitutive	constitutive	511	511	2
NC_071985.2	41805968	41806532	-1	1	-	NC_071985.2	41805970	41806072	CR1	XM_054521478.2	-	1	1	460	2	36	36	12	8	8	middle	middle	0.667	0.667	alternative	alternative	102	102	7
NC_071985.2	41805968	41806532	-1	1	-	NC_071985.2	41805970	41806333	CR1	XM_054521558.2	-	1	2	199	2	38	39	12	1	8	middle	middle	0.083	0.667	unique	alternative	176	102	1
NC_071985.2	43505939	43506419	3	1	+	NC_071985.2	43506077	43506218	CTSE	XM_024254094.3	+	3	1	138	201	7	7	2	1	1	middle	middle	0.500	0.500	unique	unique	141	141	1
NC_071985.2	43505939	43506419	3	1	+	NC_071985.2	43506320	43506418	CTSE	XM_024254097.2	+	3	1	381	1	7	7	2	1	1	middle	middle	0.500	0.500	unique	unique	98	98	1
NC_071985.2	5927971	5928775	2	1	+	NC_071985.2	5928123	5928766	CEP170	XM_002809240.5	+	2	2	152	9	8	9	31	31	17	middle	middle	1.000	0.548	constitutive	alternative	163	293	17
NC_071985.2	5927971	5928775	2	1	+	NC_071985.2	5928123	5928286	CEP170	XM_002809241.5	+	2	1	152	489	8	8	31	31	31	middle	middle	1.000	1.000	constitutive	constitutive	163	163	14
NC_071985.2	71565828	71566164	-3	1	-	NC_071985.2	71566032	71566038	RASAL2	XM_054524746.2	-	3	1	126	204	1	1	10	1	1	first	first	0.100	0.100	unique	unique	6	6	1
NC_071985.2	71565828	71566164	-3	1	-	NC_071985.2	71566107	71566119	RASAL2	XM_054524753.2	-	3	1	45	279	1	1	10	1	1	first	first	0.100	0.100	unique	unique	12	12	1
NC_071985.2	89635645	89636338	-2	1	-	NC_071985.2	89635699	89636301	SLAMF7	XM_002809911.5	-	2	2	37	54	3	4	4	3	2	middle	middle	0.750	0.500	alternative	alternative	272	119	2
NC_071985.2	89635645	89636338	-2	1	-	NC_071985.2	89636029	89636301	SLAMF7	XM_054526894.1	-	2	1	37	384	3	3	4	3	3	middle	middle	0.750	0.750	alternative	alternative	272	272	1
NC_071985.2	94343229	94343778	1	1	+	NC_071985.2	94343247	94343452	PAQR6	XM_002810033.3	+	1	1	18	326	3	3	4	1	1	middle	middle	0.250	0.250	unique	unique	205	205	1
NC_071985.2	94343229	94343778	1	1	+	NC_071985.2	94343568	94343694	PAQR6	XM_054551277.2	+	1	1	339	84	4	4	4	2	2	middle	middle	0.500	0.500	alternative	alternative	126	126	2
NC_071985.2	95391048	95391714	1	1	+	NC_071985.2	95391246	95391439	THBS3	XM_024247309.2	+	1	1	198	275	17	17	13	12	12	middle	middle	0.923	0.923	alternative	alternative	193	193	12
NC_071985.2	95391048	95391714	1	1	+	NC_071985.2	95391628	95391714	THBS3	XM_054551744.2	+	1	1	580	0	17	17	13	1	1	last	last	0.077	0.077	unique	unique	86	86	1
NC_071985.2	95526013	95526817	-2	1	-	NC_071985.2	95526038	95526764	ADAM15	XM_024236042.3	-	2	2	53	25	19	20	21	18	5	middle	middle	0.857	0.238	alternative	alternative	69	71	5
NC_071985.2	95526013	95526817	-2	1	-	NC_071985.2	95526695	95526764	ADAM15	XM_024236044.3	-	2	1	53	682	19	19	21	18	18	middle	middle	0.857	0.857	alternative	alternative	69	69	6
NC_071985.2	95526013	95526817	-2	1	-	NC_071985.2	95526038	95526764	ADAM15	XM_054552128.2	-	2	2	53	25	19	20	21	18	6	middle	middle	0.857	0.286	alternative	alternative	69	74	6
NC_071985.2	95526013	95526817	-2	1	-	NC_071985.2	95526014	95526764	ADAM15	XM_054552193.2	-	2	2	53	1	19	20	21	18	1	middle	last	0.857	0.048	alternative	unique	69	98	1
NC_071985.2	95593442	95593694	-1	1	-	NC_071985.2	95593444	95593517	FLAD1	XM_002810089.4	-	1	1	177	2	6	6	13	9	9	middle	middle	0.692	0.692	alternative	alternative	73	73	9
NC_071985.2	95593442	95593694	-1	1	-	NC_071985.2	95593557	95593665	FLAD1	XM_054552383.2	-	1	1	29	115	5	5	13	1	1	middle	middle	0.077	0.077	unique	unique	108	108	1
NC_071985.2	96646344	96646710	1	1	+	NC_071985.2	96646372	96646489	DENND4B	XM_024249795.2	+	1	1	28	221	24	24	9	8	8	middle	middle	0.889	0.889	alternative	alternative	117	117	8
NC_071985.2	96646344	96646710	1	1	+	NC_071985.2	96646372	96646710	DENND4B	XM_054552903.1	+	1	2	28	0	22	23	9	1	1	middle	last	0.111	0.111	unique	unique	41	131	1
NC_071985.2	99666119	99666749	3	1	+	NC_071985.2	99666672	99666749	MINDY1	NM_001134062.2	+	3	1	553	0	9	9	11	7	7	last	last	0.636	0.636	alternative	alternative	77	77	7
NC_071985.2	99666119	99666749	3	1	+	NC_071985.2	99666259	99666414	MINDY1	XM_009244623.3	+	3	1	140	335	8	8	11	4	4	middle	middle	0.364	0.364	alternative	alternative	155	155	4
NC_071988.2	1004332	1005043	2	1	+	NC_071988.2	1004726	1005006	IDUA	XM_024245714.3	+	2	2	394	37	9	10	5	4	5	middle	middle	0.800	1.000	alternative	constitutive	125	76	4
NC_071988.2	1004332	1005043	2	1	+	NC_071988.2	1004930	1005006	IDUA	XM_024245717.3	+	2	1	598	37	11	11	5	5	5	middle	middle	1.000	1.000	constitutive	constitutive	76	76	1
NC_071988.2	119955163	119955646	-1	1	-	NC_071988.2	119955200	119955490	TSPAN5	XM_002814986.6	-	1	2	156	37	6	7	7	7	6	middle	middle	1.000	0.857	constitutive	alternative	47	116	6
NC_071988.2	119955163	119955646	-1	1	-	NC_071988.2	119955443	119955490	TSPAN5	XM_054554217.2	-	1	1	156	280	6	6	7	7	7	middle	middle	1.000	1.000	constitutive	constitutive	47	47	1
NC_071988.2	149490924	149491179	-2	1	-	NC_071988.2	149491023	149491126	MFSD8	XM_009240311.4	-	2	1	53	99	10	10	11	10	10	middle	middle	0.909	0.909	alternative	alternative	103	103	10
NC_071988.2	149490924	149491179	-2	1	-	NC_071988.2	149490925	149490934	MFSD8	XM_054554485.2	-	2	1	245	1	9	9	11	1	1	last	last	0.091	0.091	unique	unique	9	9	1
NC_071988.2	160921594	160922296	2	1	+	NC_071988.2	160921862	160922051	NOCT	XM_002815154.6	+	2	1	268	245	1	1	3	1	1	first	first	0.333	0.333	unique	unique	189	189	1
NC_071988.2	160921594	160922296	2	1	+	NC_071988.2	160922126	160922255	NOCT	XM_054553541.2	+	2	1	532	41	1	1	3	1	1	first	first	0.333	0.333	unique	unique	129	129	1
NC_071988.2	2494316	2494943	3	1	+	NC_071988.2	2494463	2494943	CFAP99	XM_024246560.3	+	3	2	147	0	14	15	3	2	1	middle	last	0.667	0.333	alternative	unique	162	113	1
NC_071988.2	2494316	2494943	3	1	+	NC_071988.2	2494463	2494625	CFAP99	XM_054554914.2	+	3	1	147	318	14	14	3	2	2	middle	middle	0.667	0.667	alternative	alternative	162	162	1
NC_071988.2	40615100	40615787	3	1	+	NC_071988.2	40615470	40615619	UCHL1	XM_002814697.5	+	3	2	370	168	1	2	3	2	1	first	middle	0.667	0.333	alternative	unique	32	11	1
NC_071988.2	40615100	40615787	3	1	+	NC_071988.2	40615470	40615502	UCHL1	XM_063723380.1	+	3	1	370	285	1	1	3	2	2	first	first	0.667	0.667	alternative	alternative	32	32	1
NC_071988.2	962339	963062	-3	1	-	NC_071988.2	962340	962918	DGKQ	XM_024245711.3	-	3	2	144	1	22	23	2	2	1	middle	last	1.000	0.500	constitutive	unique	152	98	1
NC_071988.2	962339	963062	-3	1	-	NC_071988.2	962766	962918	DGKQ	XM_063723261.1	-	3	1	144	427	22	22	2	2	2	middle	middle	1.000	1.000	constitutive	constitutive	152	152	1
NC_071989.2	1305466	1306027	-2	1	-	NC_071989.2	1305492	1305982	CLPTM1L	NM_001132910.2	-	2	2	45	26	1	2	3	2	2	first	middle	0.667	0.667	alternative	alternative	161	100	2
NC_071989.2	1305466	1306027	-2	1	-	NC_071989.2	1305492	1305652	CLPTM1L	XM_063723897.1	-	2	1	375	26	1	1	3	1	1	first	first	0.333	0.333	unique	unique	160	160	1
NC_071989.2	140646207	140646861	1	1	+	NC_071989.2	140646255	140646860	PDLIM4	XM_002815857.6	+	1	2	48	1	5	6	3	3	2	middle	middle	1.000	0.667	constitutive	alternative	163	117	2
NC_071989.2	140646207	140646861	1	1	+	NC_071989.2	140646255	140646418	PDLIM4	XM_009241030.4	+	1	1	48	443	5	5	3	3	3	middle	middle	1.000	1.000	constitutive	constitutive	163	163	1
NC_071989.2	169061113	169061512	-2	1	-	NC_071989.2	169061122	169061335	CCNJL	XM_024247568.3	-	2	1	177	9	3	3	5	4	4	middle	middle	0.800	0.800	alternative	alternative	213	213	3
NC_071989.2	169061113	169061512	-2	1	-	NC_071989.2	169061122	169061506	CCNJL	XM_054556170.2	-	2	2	6	9	1	2	5	1	4	first	middle	0.200	0.800	unique	alternative	56	213	1
NC_071989.2	169061113	169061512	-2	1	-	NC_071989.2	169061122	169061191	CCNJL	XM_054556172.2	-	2	1	321	9	1	1	5	1	1	first	first	0.200	0.200	unique	unique	69	69	1
NC_071989.2	185327610	185328153	1	1	+	NC_071989.2	185327731	185327882	PDLIM7	XM_002816282.5	+	1	1	121	271	2	2	23	17	17	middle	middle	0.739	0.739	alternative	alternative	151	151	17
NC_071989.2	185327610	185328153	1	1	+	NC_071989.2	185327972	185328002	PDLIM7	XM_063724423.1	+	1	1	362	151	2	2	23	4	4	middle	middle	0.174	0.174	alternative	alternative	30	30	4
NC_071989.2	185943953	185944814	3	1	+	NC_071989.2	185944268	185944813	HK3	XM_002816254.4	+	3	2	315	1	16	17	3	2	2	middle	middle	0.667	0.667	alternative	alternative	155	233	2
NC_071989.2	185943953	185944814	3	1	+	NC_071989.2	185943984	185944267	HK3	XM_063724518.1	+	3	1	31	547	14	14	3	1	1	middle	middle	0.333	0.333	unique	unique	283	283	1
NC_071989.2	188628677	188629298	-1	1	-	NC_071989.2	188629049	188629120	TBC1D9B	XM_002816316.5	-	1	1	178	372	18	18	5	5	5	middle	middle	1.000	1.000	constitutive	constitutive	71	71	2
NC_071989.2	188628677	188629298	-1	1	-	NC_071989.2	188628716	188629120	TBC1D9B	XM_003776729.5	-	1	2	178	39	18	19	5	5	3	middle	middle	1.000	0.600	constitutive	alternative	71	50	3
NC_071989.2	972545	973550	3	1	+	NC_071989.2	972546	973139	NKD2	XM_002815382.5	+	3	2	1	411	3	5	5	3	3	middle	middle	0.600	0.600	alternative	alternative	123	79	3
NC_071989.2	972545	973550	3	1	+	NC_071989.2	972762	972797	NKD2	XM_054555356.2	+	3	1	217	753	2	2	5	2	2	middle	middle	0.400	0.400	alternative	alternative	35	35	2
NC_071990.2	137879651	137880299	-2	1	-	NC_071990.2	137879653	137880132	MAP7	NM_001133034.1	-	2	2	167	2	8	10	6	1	1	middle	middle	0.167	0.167	unique	unique	162	101	1
NC_071990.2	137879651	137880299	-2	1	-	NC_071990.2	137879961	137880132	MAP7	XM_024247933.3	-	2	1	167	310	12	12	6	5	5	middle	middle	0.833	0.833	alternative	alternative	171	171	5
NC_071990.2	144610987	144612007	2	1	+	NC_071990.2	144611333	144611803	AIG1	XM_024248793.3	+	2	2	346	204	1	2	12	7	11	first	middle	0.583	0.917	alternative	alternative	92	119	6
NC_071990.2	144610987	144612007	2	1	+	NC_071990.2	144611663	144611803	AIG1	XM_024248794.3	+	2	1	676	204	1	1	12	1	1	first	first	0.083	0.083	unique	unique	140	140	1
NC_071990.2	144610987	144612007	2	1	+	NC_071990.2	144611333	144611803	AIG1	XM_054558240.2	+	2	2	346	204	1	2	12	2	11	first	middle	0.167	0.917	alternative	alternative	8	119	2
NC_071990.2	144610987	144612007	2	1	+	NC_071990.2	144611684	144611803	AIG1	XM_054558241.2	+	2	1	697	204	2	2	12	11	11	middle	middle	0.917	0.917	alternative	alternative	119	119	2
NC_071990.2	144610987	144612007	2	1	+	NC_071990.2	144611333	144611803	AIG1	XM_054558249.2	+	2	2	346	204	1	2	12	7	11	first	last	0.583	0.917	alternative	alternative	92	119	1
NC_071990.2	31195908	31196355	-1	1	-	NC_071990.2	31196149	31196315	CCHCR1	NM_001132160.1	-	1	1	40	241	13	13	38	1	1	last	last	0.026	0.026	unique	unique	166	166	1
NC_071990.2	31195908	31196355	-1	1	-	NC_071990.2	31195929	31196315	CCHCR1	XM_024247841.3	-	1	2	40	21	14	15	38	36	35	middle	middle	0.947	0.921	alternative	alternative	188	101	35
NC_071990.2	31195908	31196355	-1	1	-	NC_071990.2	31195909	31196315	CCHCR1	XM_054556793.2	-	1	2	40	1	14	15	38	36	1	middle	last	0.947	0.026	alternative	unique	188	121	1
NC_071990.2	31201677	31202115	-1	1	-	NC_071990.2	31201681	31202086	CCHCR1	NM_001132160.1	-	1	2	29	4	5	6	38	37	25	middle	middle	0.974	0.658	alternative	alternative	135	110	24
NC_071990.2	31201677	31202115	-1	1	-	NC_071990.2	31201951	31202086	CCHCR1	XM_054556777.2	-	1	1	29	274	6	6	38	37	37	middle	middle	0.974	0.974	alternative	alternative	135	135	13
NC_071990.2	31201677	31202115	-1	1	-	NC_071990.2	31201681	31201956	CCHCR1	XM_054556809.2	-	1	2	159	4	1	2	38	1	25	first	middle	0.026	0.658	unique	alternative	5	110	1
NC_071990.2	31938865	31939459	2	1	+	NC_071990.2	31939358	31939459	MPIG6B	XM_024248304.3	+	2	1	493	0	6	6	4	2	2	last	last	0.500	0.500	alternative	alternative	101	101	1
NC_071990.2	31938865	31939459	2	1	+	NC_071990.2	31939137	31939235	MPIG6B	XM_024248305.3	+	2	1	272	224	5	5	4	2	2	middle	middle	0.500	0.500	alternative	alternative	98	98	2
NC_071990.2	31938865	31939459	2	1	+	NC_071990.2	31938978	31939459	MPIG6B	XM_024248306.3	+	2	2	113	0	3	5	4	1	2	middle	last	0.250	0.500	unique	alternative	40	101	1
NC_071990.2	32387116	32387482	-3	1	-	NC_071990.2	32387320	32387428	AGER	XM_024248757.3	-	3	1	54	204	9	9	5	1	1	middle	middle	0.200	0.200	unique	unique	108	108	1
NC_071990.2	32387116	32387482	-3	1	-	NC_071990.2	32387147	32387273	AGER	XM_054557342.2	-	3	1	209	31	9	9	5	1	1	middle	middle	0.200	0.200	unique	unique	126	126	1
NC_071990.2	35348322	35349030	1	1	+	NC_071990.2	35348338	35348508	ANKS1A	XM_024248713.3	+	1	1	16	522	23	23	13	13	13	middle	middle	1.000	1.000	constitutive	constitutive	170	170	6
NC_071990.2	35348322	35349030	1	1	+	NC_071990.2	35348338	35348940	ANKS1A	XM_054558727.2	+	1	2	16	90	24	25	13	13	7	middle	middle	1.000	0.538	constitutive	alternative	170	98	7
NC_071990.2	43700873	43701275	3	1	+	NC_071990.2	43700951	43701096	ABCC10	XM_009241916.4	+	3	1	78	179	18	18	10	7	7	middle	middle	0.700	0.700	alternative	alternative	145	145	7
NC_071990.2	43700873	43701275	3	1	+	NC_071990.2	43700951	43701274	ABCC10	XM_054557545.2	+	3	2	78	1	18	19	10	2	1	middle	middle	0.200	0.100	alternative	unique	129	97	1
NC_071990.2	43700873	43701275	3	1	+	NC_071990.2	43700951	43701275	ABCC10	XM_054557547.2	+	3	2	78	0	18	19	10	2	1	middle	last	0.200	0.100	alternative	unique	129	98	1
NC_071991.2	102104846	102106472	-3	1	-	NC_071991.2	102106301	102106427	SRPK2	XM_024250260.3	-	3	1	45	1455	1	1	13	4	4	first	first	0.308	0.308	alternative	alternative	126	126	4
NC_071991.2	102104846	102106472	-3	1	-	NC_071991.2	102105707	102105761	SRPK2	XM_024250261.3	-	3	1	711	861	2	2	13	2	2	middle	middle	0.154	0.154	alternative	alternative	54	54	2
NC_071991.2	102104846	102106472	-3	1	-	NC_071991.2	102105851	102105866	SRPK2	XM_024250265.3	-	3	1	606	1005	1	1	13	3	3	first	first	0.231	0.231	alternative	alternative	15	15	3
NC_071991.2	10239294	10239696	1	1	+	NC_071991.2	10239383	10239696	MOSPD3	XM_024250466.3	+	1	2	89	0	4	5	7	6	7	middle	last	0.857	1.000	alternative	constitutive	164	28	6
NC_071991.2	10239294	10239696	1	1	+	NC_071991.2	10239668	10239696	MOSPD3	XM_054560283.2	+	1	1	374	0	4	4	7	7	7	last	last	1.000	1.000	constitutive	constitutive	28	28	1
NC_071991.2	10282340	10283033	-3	1	-	NC_071991.2	10282440	10282991	ACTL6B	XM_024249809.3	-	3	2	42	100	1	2	3	2	2	first	middle	0.667	0.667	alternative	alternative	24	76	2
NC_071991.2	10282340	10283033	-3	1	-	NC_071991.2	10282440	10282685	ACTL6B	XM_054560302.2	-	3	1	348	100	1	1	3	1	1	first	first	0.333	0.333	unique	unique	245	245	1
NC_071991.2	102829377	102830028	-2	1	-	NC_071991.2	102829429	102829497	SYPL1	NM_001131249.1	-	2	1	531	52	1	1	3	1	1	first	first	0.333	0.333	unique	unique	68	68	1
NC_071991.2	102829377	102830028	-2	1	-	NC_071991.2	102829429	102829821	SYPL1	XM_054558828.1	-	2	2	207	52	1	2	3	2	2	first	middle	0.667	0.667	alternative	alternative	50	71	2
NC_071991.2	10606161	10650531	1	1	+	NC_071991.2	10616314	10619548	LOC129060557	XM_054560111.1	+	1	5	10153	30983	1	5	1	1	1	first	middle	1.000	1.000	constitutive	constitutive	63	142	1
NC_071991.2	10606161	10650531	1	1	+	NC_071991.2	10622434	10624494	LOC129060558	XM_054560112.1	+	1	3	16273	26037	1	3	1	1	1	first	last	1.000	1.000	constitutive	constitutive	169	199	1
NC_071991.2	10606161	10650531	1	1	+	NC_071991.2	10626289	10628585	LOC129060559	XM_054560113.1	+	1	2	20128	21946	1	3	1	1	1	first	middle	1.000	1.000	constitutive	constitutive	9	1892	1
NC_071991.2	10606161	10650531	1	1	+	NC_071991.2	10629997	10631386	LOC129060560	XM_054560114.1	+	1	1	23836	19145	1	1	1	1	1	first	first	1.000	1.000	constitutive	constitutive	1389	1389	1
NC_071991.2	10606161	10650531	1	1	+	NC_071991.2	10647331	10650529	LOC129047298	XM_054560117.1	+	1	2	41170	2	1	2	1	1	1	first	middle	1.000	1.000	constitutive	constitutive	1083	1859	1
NC_071991.2	10606161	10650531	1	1	+	NC_071991.2	10634842	10636328	LOC129060561	XM_063725817.1	+	1	3	28681	14203	1	3	1	1	1	first	middle	1.000	1.000	constitutive	constitutive	184	153	1
NC_071991.2	10889635	10890130	-1	1	-	NC_071991.2	10889899	10890101	MOGAT3	XM_024250229.2	-	1	1	29	264	6	6	2	1	1	middle	middle	0.500	0.500	unique	unique	202	202	1
NC_071991.2	10889635	10890130	-1	1	-	NC_071991.2	10889636	10889810	MOGAT3	XM_024250230.2	-	1	1	320	1	6	6	2	1	1	last	last	0.500	0.500	unique	unique	174	174	1
NC_071991.2	12790996	12791767	2	1	+	NC_071991.2	12791326	12791744	TMEM120A	XM_002817822.4	+	2	2	330	23	6	8	2	1	1	middle	middle	0.500	0.500	unique	unique	89	61	1
NC_071991.2	12790996	12791767	2	1	+	NC_071991.2	12791326	12791584	TMEM120A	XM_054560351.2	+	2	1	330	183	6	6	2	1	1	middle	middle	0.500	0.500	unique	unique	258	258	1
NC_071991.2	135838820	135839822	3	1	+	NC_071991.2	135839034	135839397	TRIM24	XM_024249979.2	+	3	1	214	425	1	1	5	2	2	first	first	0.400	0.400	alternative	alternative	363	363	2
NC_071991.2	135838820	135839822	3	1	+	NC_071991.2	135839481	135839781	TRIM24	XM_054560660.1	+	3	1	661	41	1	1	5	2	2	first	first	0.400	0.400	alternative	alternative	300	300	2
NC_071991.2	148847161	148848190	-1	1	-	NC_071991.2	148847705	148847808	WDR86	XM_002818691.4	-	1	1	382	544	5	5	15	6	6	middle	middle	0.400	0.400	alternative	alternative	103	103	6
NC_071991.2	148847161	148848190	-1	1	-	NC_071991.2	148847162	148847610	WDR86	XM_054559995.2	-	1	1	580	1	7	7	15	1	1	last	last	0.067	0.067	unique	unique	448	448	1
NC_071991.2	148847161	148848190	-1	1	-	NC_071991.2	148847162	148847570	WDR86	XM_054559997.2	-	1	1	620	1	5	5	15	1	1	last	last	0.067	0.067	unique	unique	408	408	1
NC_071991.2	40939539	40940367	1	1	+	NC_071991.2	40939653	40940238	POLD2	XM_002818001.5	+	1	2	114	129	6	7	3	3	2	middle	middle	1.000	0.667	constitutive	alternative	198	80	2
NC_071991.2	40939539	40940367	1	1	+	NC_071991.2	40939653	40939851	POLD2	XM_054559254.1	+	1	1	114	516	6	6	3	3	3	middle	middle	1.000	1.000	constitutive	constitutive	198	198	1
NC_071991.2	54088251	54089415	-2	1	-	NC_071991.2	54088486	54088650	AQP1	NM_001132748.2	-	2	1	765	235	2	2	3	3	3	middle	middle	1.000	1.000	constitutive	constitutive	164	164	2
NC_071991.2	54088251	54089415	-2	1	-	NC_071991.2	54088486	54089280	AQP1	XM_063725513.1	-	2	2	135	235	1	2	3	1	3	first	middle	0.333	1.000	unique	constitutive	401	164	1
NC_071992.2	157863307	157864702	-3	1	-	NC_071992.2	157863634	157864333	LOC100451616	XM_024251148.3	-	3	3	369	327	27	29	11	11	10	middle	middle	1.000	0.909	constitutive	alternative	122	74	10
NC_071992.2	157863307	157864702	-3	1	-	NC_071992.2	157864211	157864333	LOC100451616	XM_054518928.2	-	3	1	369	904	27	27	11	11	11	middle	middle	1.000	1.000	constitutive	constitutive	122	122	1
NC_071992.2	157946631	157947813	1	1	+	NC_071992.2	157946848	157947057	C7H8orf90	XM_054518931.2	+	1	1	217	756	2	2	2	1	1	middle	middle	0.500	0.500	unique	unique	209	209	1
NC_071992.2	157946631	157947813	1	1	+	NC_071992.2	157947317	157947813	C7H8orf90	XM_054518932.2	+	1	1	686	0	2	2	2	1	1	last	last	0.500	0.500	unique	unique	496	496	1
NC_071992.2	160291132	160291654	2	1	+	NC_071992.2	160291353	160291653	IQANK1	XM_054519055.2	+	2	2	221	1	10	11	9	8	5	middle	middle	0.889	0.556	alternative	alternative	93	134	5
NC_071992.2	160291132	160291654	2	1	+	NC_071992.2	160291353	160291654	IQANK1	XM_054519059.2	+	2	2	221	0	10	11	9	8	1	middle	last	0.889	0.111	alternative	unique	93	135	1
NC_071992.2	160291132	160291654	2	1	+	NC_071992.2	160291353	160291446	IQANK1	XM_054519061.2	+	2	1	221	208	10	10	9	8	8	middle	middle	0.889	0.889	alternative	alternative	93	93	2
NC_071992.2	160291132	160291654	2	1	+	NC_071992.2	160291353	160291417	IQANK1	XM_054519063.2	+	2	1	221	237	10	10	9	1	1	middle	middle	0.111	0.111	unique	unique	64	64	1
NC_071992.2	160292835	160293618	-1	1	-	NC_071992.2	160293289	160293544	SCRIB	XM_024251446.3	-	1	2	74	454	33	34	9	9	8	middle	middle	1.000	0.889	constitutive	alternative	142	37	8
NC_071992.2	160292835	160293618	-1	1	-	NC_071992.2	160293402	160293544	SCRIB	XM_054519050.2	-	1	1	74	567	34	34	9	9	9	middle	middle	1.000	1.000	constitutive	constitutive	142	142	1
NC_071992.2	160604346	160604868	-1	1	-	NC_071992.2	160604590	160604714	SHARPIN	XM_002819552.5	-	1	1	154	244	7	7	5	2	2	middle	middle	0.400	0.400	alternative	alternative	124	124	2
NC_071992.2	160604346	160604868	-1	1	-	NC_071992.2	160604375	160604503	SHARPIN	XM_054519263.1	-	1	1	365	29	7	7	5	2	2	middle	middle	0.400	0.400	alternative	alternative	128	128	2
NC_071992.2	160604346	160604868	-1	1	-	NC_071992.2	160604590	160604708	SHARPIN	XM_063726941.1	-	1	1	160	244	7	7	5	1	1	middle	middle	0.200	0.200	unique	unique	118	118	1
NC_071992.2	161019320	161019659	3	1	+	NC_071992.2	161019388	161019497	MFSD3	XM_002819563.6	+	3	1	68	162	4	4	2	1	1	middle	middle	0.500	0.500	unique	unique	109	109	1
NC_071992.2	161019320	161019659	3	1	+	NC_071992.2	161019583	161019659	MFSD3	XM_024250908.3	+	3	1	263	0	5	5	2	1	1	last	last	0.500	0.500	unique	unique	76	76	1
NC_071992.2	161020851	161021229	-1	1	-	NC_071992.2	161020998	161021167	RECQL4	XM_002819564.5	-	1	1	62	147	17	17	20	18	18	middle	middle	0.900	0.900	alternative	alternative	169	169	18
NC_071992.2	161020851	161021229	-1	1	-	NC_071992.2	161020852	161020930	RECQL4	XM_063726979.1	-	1	1	299	1	15	15	20	2	2	last	last	0.100	0.100	alternative	alternative	78	78	2
NC_071992.2	23850838	23851063	2	1	+	NC_071992.2	23850877	23851063	NPM2	XM_024251219.3	+	2	2	39	0	7	8	6	1	2	middle	last	0.167	0.333	unique	alternative	33	41	1
NC_071992.2	23850838	23851063	2	1	+	NC_071992.2	23851022	23851063	NPM2	XM_054561313.2	+	2	1	184	0	6	6	6	2	2	last	last	0.333	0.333	alternative	alternative	41	41	1
NC_071993.2	103802453	103803845	3	1	+	NC_071993.2	103803342	103803780	LCOR	XM_024253143.3	+	3	2	889	65	1	2	15	2	2	first	middle	0.133	0.133	alternative	alternative	76	73	2
NC_071993.2	103802453	103803845	3	1	+	NC_071993.2	103802592	103802688	LCOR	XM_024253144.3	+	3	1	139	1157	1	1	15	2	2	first	first	0.133	0.133	alternative	alternative	96	96	2
NC_071993.2	103802453	103803845	3	1	+	NC_071993.2	103803342	103803414	LCOR	XM_024253145.3	+	3	1	889	431	1	1	15	2	2	first	first	0.133	0.133	alternative	alternative	72	72	2
NC_071993.2	109442481	109442793	1	1	+	NC_071993.2	109442510	109442681	MFSD13A	XM_024254240.3	+	1	1	29	112	7	7	16	14	14	middle	middle	0.875	0.875	alternative	alternative	171	171	13
NC_071993.2	109442481	109442793	1	1	+	NC_071993.2	109442510	109442793	MFSD13A	XM_054523452.2	+	1	2	29	0	7	8	16	14	1	middle	last	0.875	0.062	alternative	unique	171	15	1
NC_071993.2	26885750	26886086	3	1	+	NC_071993.2	26885814	26886085	LOC129048414	XM_054523139.1	+	3	1	64	1	1	1	11	1	1	first	first	0.091	0.091	unique	unique	271	271	1
NC_071993.2	26885750	26886086	3	1	+	NC_071993.2	26885754	26885760	LOC129048414	XM_054523140.1	+	3	1	4	326	1	1	11	9	9	first	first	0.818	0.818	alternative	alternative	6	6	9
NC_071993.2	70161750	70162122	1	1	+	NC_071993.2	70161790	70162105	CAMK2G	XM_024254173.3	+	1	2	40	17	1	2	46	13	34	first	middle	0.283	0.739	alternative	alternative	103	94	13
NC_071993.2	70161750	70162122	1	1	+	NC_071993.2	70162011	70162105	CAMK2G	XM_024254180.3	+	1	1	261	17	2	2	46	34	34	middle	middle	0.739	0.739	alternative	alternative	94	94	21
NC_071993.2	70161750	70162122	1	1	+	NC_071993.2	70162035	70162105	CAMK2G	XM_054522453.2	+	1	1	285	17	2	2	46	10	10	middle	middle	0.217	0.217	alternative	alternative	70	70	10
NC_071993.2	70233609	70234161	-2	1	-	NC_071993.2	70233936	70234046	ZSWIM8	XM_024254195.3	-	2	1	115	327	25	25	14	7	7	middle	middle	0.500	0.500	alternative	alternative	110	110	7
NC_071993.2	70233609	70234161	-2	1	-	NC_071993.2	70233610	70233810	ZSWIM8	XM_024254201.3	-	2	1	351	1	26	26	14	7	7	last	last	0.500	0.500	alternative	alternative	200	200	7
NC_071993.2	75773824	75774169	2	1	+	NC_071993.2	75773837	75774168	DNA2	XM_024253493.3	+	2	2	13	1	1	2	5	4	4	first	middle	0.800	0.800	alternative	alternative	68	94	4
NC_071993.2	75773824	75774169	2	1	+	NC_071993.2	75774095	75774168	DNA2	XM_054523367.2	+	2	1	271	1	1	1	5	1	1	first	first	0.200	0.200	unique	unique	73	73	1
NC_071994.2	10475567	10476875	-2	1	-	NC_071994.2	10475691	10476170	NUDT22	XM_024255249.3	-	2	1	705	124	1	1	7	2	2	first	first	0.286	0.286	alternative	alternative	479	479	2
NC_071994.2	10475567	10476875	-2	1	-	NC_071994.2	10475691	10476599	NUDT22	XM_054525717.2	-	2	2	276	124	1	2	7	3	5	first	middle	0.429	0.714	alternative	alternative	74	497	3
NC_071994.2	10475567	10476875	-2	1	-	NC_071994.2	10475691	10476677	NUDT22	XM_054525720.2	-	2	2	198	124	1	2	7	1	5	first	middle	0.143	0.714	unique	alternative	152	497	1
NC_071994.2	10475567	10476875	-2	1	-	NC_071994.2	10475691	10476188	NUDT22	XM_063728088.1	-	2	1	687	124	2	2	7	5	5	middle	middle	0.714	0.714	alternative	alternative	497	497	1
NC_071994.2	12127390	12127870	2	1	+	NC_071994.2	12127670	12127870	EML3	XM_009246247.4	+	2	1	280	0	22	22	4	2	2	last	last	0.500	0.500	alternative	alternative	200	200	2
NC_071994.2	12127390	12127870	2	1	+	NC_071994.2	12127569	12127589	EML3	XM_024255076.3	+	2	1	179	281	20	20	4	2	2	middle	middle	0.500	0.500	alternative	alternative	20	20	2
NC_071994.2	128085208	128085922	2	1	+	NC_071994.2	128085728	128085860	ROBO3	NM_001131720.2	+	2	1	520	62	1	1	8	1	1	first	first	0.125	0.125	unique	unique	132	132	1
NC_071994.2	128085208	128085922	2	1	+	NC_071994.2	128085363	128085860	ROBO3	XM_054523645.2	+	2	2	155	62	17	19	8	7	7	middle	middle	0.875	0.875	alternative	alternative	23	139	7
NC_071994.2	13598996	13599485	-2	1	-	NC_071994.2	13598998	13599290	SAXO4	XM_024254878.3	-	2	2	195	2	9	10	4	4	3	middle	middle	1.000	0.750	constitutive	alternative	113	94	3
NC_071994.2	13598996	13599485	-2	1	-	NC_071994.2	13599177	13599290	SAXO4	XM_054524271.1	-	2	1	195	181	9	9	4	4	4	middle	middle	1.000	1.000	constitutive	constitutive	113	113	1
NC_071994.2	16294413	16294644	-1	1	-	NC_071994.2	16294447	16294524	LOC100439875	XM_009246322.4	-	1	1	120	34	1	1	2	1	1	first	first	0.500	0.500	unique	unique	77	77	1
NC_071994.2	16294413	16294644	-1	1	-	NC_071994.2	16294550	16294565	LOC100439875	XM_054526180.2	-	1	1	79	137	3	3	2	1	1	middle	middle	0.500	0.500	unique	unique	15	15	1
NC_071994.2	22211658	22212372	1	1	+	NC_071994.2	22211854	22211950	TP53I11	NM_001131369.1	+	1	1	196	422	4	4	15	14	14	middle	middle	0.933	0.933	alternative	alternative	96	96	6
NC_071994.2	22211658	22212372	1	1	+	NC_071994.2	22211854	22212372	TP53I11	XM_009246387.4	+	1	2	196	0	4	5	15	14	8	middle	last	0.933	0.533	alternative	alternative	96	307	8
NC_071994.2	23064993	23065719	-1	1	-	NC_071994.2	23065549	23065691	ACCS	XM_002821852.6	-	1	1	28	556	12	12	13	11	11	middle	middle	0.846	0.846	alternative	alternative	142	142	7
NC_071994.2	23064993	23065719	-1	1	-	NC_071994.2	23064994	23065691	ACCS	XM_009246443.4	-	1	2	28	1	12	13	13	11	2	middle	last	0.846	0.154	alternative	alternative	142	170	2
NC_071994.2	23064993	23065719	-1	1	-	NC_071994.2	23065071	23065691	ACCS	XM_054524462.2	-	1	2	28	78	12	13	13	11	2	middle	middle	0.846	0.154	alternative	alternative	142	93	2
NC_071994.2	440439	441411	1	1	+	NC_071994.2	440710	441406	LRRC56	XM_054524051.2	+	1	2	271	5	6	7	13	7	9	middle	middle	0.538	0.692	alternative	alternative	171	176	5
NC_071994.2	440439	441411	1	1	+	NC_071994.2	440710	441406	LRRC56	XM_054524053.2	+	1	2	271	5	6	7	13	6	9	middle	middle	0.462	0.692	alternative	alternative	150	176	4
NC_071994.2	440439	441411	1	1	+	NC_071994.2	440710	440881	LRRC56	XM_054524055.2	+	1	1	271	530	6	6	13	7	7	middle	middle	0.538	0.538	alternative	alternative	171	171	2
NC_071994.2	440439	441411	1	1	+	NC_071994.2	440710	440860	LRRC56	XM_054524057.2	+	1	1	271	551	6	6	13	6	6	middle	middle	0.462	0.462	alternative	alternative	150	150	2
NC_071994.2	445346	446009	-2	1	-	NC_071994.2	445471	445853	LMNTD2	XM_054524046.2	-	2	2	156	125	10	11	6	5	5	middle	middle	0.833	0.833	alternative	alternative	119	196	4
NC_071994.2	445346	446009	-2	1	-	NC_071994.2	445471	445667	LMNTD2	XM_054524049.2	-	2	1	342	125	11	11	6	5	5	middle	middle	0.833	0.833	alternative	alternative	196	196	1
NC_071994.2	445346	446009	-2	1	-	NC_071994.2	445491	445853	LMNTD2	XM_054524050.2	-	2	2	156	145	11	12	6	5	1	middle	middle	0.833	0.167	alternative	unique	119	176	1
NC_071994.2	7344842	7345166	-2	1	-	NC_071994.2	7344844	7345127	SSH3	XM_024255510.3	-	2	2	39	2	9	10	6	4	6	middle	middle	0.667	1.000	alternative	constitutive	128	46	4
NC_071994.2	7344842	7345166	-2	1	-	NC_071994.2	7344844	7344890	SSH3	XM_054525552.2	-	2	1	276	2	9	9	6	6	6	middle	middle	1.000	1.000	constitutive	constitutive	46	46	2
NC_071994.2	8323257	8323986	1	1	+	NC_071994.2	8323516	8323630	RIN1	XM_002833658.5	+	1	1	259	356	3	3	4	1	1	middle	middle	0.250	0.250	unique	unique	114	114	1
NC_071994.2	8323257	8323986	1	1	+	NC_071994.2	8323710	8323782	RIN1	XM_063728071.1	+	1	1	453	204	2	2	4	1	1	middle	middle	0.250	0.250	unique	unique	72	72	1
NC_071994.2	9133272	9133938	-1	1	-	NC_071994.2	9133747	9133818	SCYL1	XM_024254852.3	-	1	1	120	475	15	15	12	7	7	middle	middle	0.583	0.583	alternative	alternative	71	71	5
NC_071994.2	9133272	9133938	-1	1	-	NC_071994.2	9133747	9133815	SCYL1	XM_024254853.3	-	1	1	123	475	15	15	12	5	5	middle	middle	0.417	0.417	alternative	alternative	68	68	4
NC_071994.2	9133272	9133938	-1	1	-	NC_071994.2	9133303	9133818	SCYL1	XM_063728373.1	-	1	3	120	31	15	17	12	7	3	middle	middle	0.583	0.250	alternative	alternative	71	54	2
NC_071994.2	9133272	9133938	-1	1	-	NC_071994.2	9133303	9133815	SCYL1	XM_063728374.1	-	1	3	123	31	15	17	12	5	3	middle	middle	0.417	0.250	alternative	alternative	68	54	1
NC_071994.2	9616615	9617341	2	1	+	NC_071994.2	9616664	9617341	CDCA5	XM_024255705.3	+	2	2	49	0	5	6	3	3	1	middle	last	1.000	0.333	constitutive	unique	434	77	1
NC_071994.2	9616615	9617341	2	1	+	NC_071994.2	9616664	9617098	CDCA5	XM_054525650.2	+	2	1	49	243	5	5	3	3	3	middle	middle	1.000	1.000	constitutive	constitutive	434	434	2
NC_071994.2	9867850	9868333	2	1	+	NC_071994.2	9868144	9868261	CDC42BPG	XM_002821544.6	+	2	1	294	72	34	34	2	1	1	middle	middle	0.500	0.500	unique	unique	117	117	1
NC_071994.2	9867850	9868333	2	1	+	NC_071994.2	9867913	9868033	CDC42BPG	XM_054525668.2	+	2	1	63	300	32	32	2	1	1	middle	middle	0.500	0.500	unique	unique	120	120	1
NC_071994.2	9928637	9929018	3	1	+	NC_071994.2	9928663	9928722	SF1	XM_002821551.6	+	3	1	26	296	11	11	15	7	7	middle	middle	0.467	0.467	alternative	alternative	59	59	7
NC_071994.2	9928637	9929018	3	1	+	NC_071994.2	9928838	9929017	SF1	XM_009246176.4	+	3	1	201	1	12	12	15	8	8	middle	middle	0.533	0.533	alternative	alternative	179	179	8
NC_071995.2	112144751	112145207	-1	1	-	NC_071995.2	112145003	112145107	SLC8B1	XM_054527634.2	-	1	1	100	252	5	5	4	2	2	middle	middle	0.500	0.500	alternative	alternative	104	104	2
NC_071995.2	112144751	112145207	-1	1	-	NC_071995.2	112144753	112144920	SLC8B1	XM_054527636.2	-	1	1	287	2	4	4	4	1	1	middle	middle	0.250	0.250	unique	unique	167	167	1
NC_071995.2	118942461	118942917	-3	1	-	NC_071995.2	118942528	118942873	RAB35	XM_002823847.5	-	3	2	44	67	4	5	2	2	1	middle	middle	1.000	0.500	constitutive	unique	124	124	1
NC_071995.2	118942461	118942917	-3	1	-	NC_071995.2	118942749	118942873	RAB35	XM_009248305.4	-	3	1	44	288	4	4	2	2	2	middle	middle	1.000	1.000	constitutive	constitutive	124	124	1
NC_071995.2	122231758	122232097	2	1	+	NC_071995.2	122231804	122231879	LOC100938712	XM_054528423.1	+	2	1	46	218	4	4	5	2	2	middle	middle	0.400	0.400	alternative	alternative	75	75	2
NC_071995.2	122231758	122232097	2	1	+	NC_071995.2	122232031	122232097	LOC100938712	XM_054528424.2	+	2	1	273	0	5	5	5	1	1	last	last	0.200	0.200	unique	unique	66	66	1
NC_071995.2	122253130	122254357	2	1	+	NC_071995.2	122254059	122254180	KMT5A	XM_024257194.3	+	2	1	929	177	2	2	4	1	1	middle	middle	0.250	0.250	unique	unique	121	121	1
NC_071995.2	122253130	122254357	2	1	+	NC_071995.2	122253788	122253808	KMT5A	XM_024257195.3	+	2	1	658	549	1	1	4	1	1	first	first	0.250	0.250	unique	unique	20	20	1
NC_071995.2	122253130	122254357	2	1	+	NC_071995.2	122254067	122254180	KMT5A	XM_054528427.2	+	2	1	937	177	1	1	4	1	1	first	first	0.250	0.250	unique	unique	113	113	1
NC_071995.2	122321310	122321817	1	1	+	NC_071995.2	122321344	122321523	SNRNP35	XM_024257077.3	+	1	1	34	294	1	1	6	1	1	first	first	0.167	0.167	unique	unique	179	179	1
NC_071995.2	122321310	122321817	1	1	+	NC_071995.2	122321620	122321802	SNRNP35	XM_054528433.2	+	1	1	310	15	1	1	6	1	1	first	first	0.167	0.167	unique	unique	182	182	1
NC_071995.2	130821584	130822316	3	1	+	NC_071995.2	130821734	130822065	MMP17	XM_024257487.3	+	3	2	150	251	7	8	5	5	4	middle	middle	1.000	0.800	constitutive	alternative	82	152	4
NC_071995.2	130821584	130822316	3	1	+	NC_071995.2	130821734	130821816	MMP17	XM_054527774.2	+	3	1	150	500	7	7	5	5	5	middle	middle	1.000	1.000	constitutive	constitutive	82	82	1
NC_071995.2	203163	203457	1	1	+	NC_071995.2	203264	203313	IQSEC3	XM_024256867.2	+	1	1	101	144	13	13	8	6	6	middle	middle	0.750	0.750	alternative	alternative	49	49	6
NC_071995.2	203163	203457	1	1	+	NC_071995.2	203399	203457	IQSEC3	XM_054526631.2	+	1	1	236	0	13	13	8	2	2	last	last	0.250	0.250	alternative	alternative	58	58	2
NC_071995.2	2640026	2640674	3	1	+	NC_071995.2	2640291	2640350	CACNA1C	XM_024256464.3	+	3	1	265	324	21	21	22	11	11	middle	middle	0.500	0.500	alternative	alternative	59	59	10
NC_071995.2	2640026	2640674	3	1	+	NC_071995.2	2640291	2640557	CACNA1C	XM_054526646.2	+	3	2	265	117	22	23	22	11	12	middle	middle	0.500	0.545	alternative	alternative	59	59	1
NC_071995.2	2640026	2640674	3	1	+	NC_071995.2	2640498	2640557	CACNA1C	XM_054526649.2	+	3	1	472	117	22	22	22	12	12	middle	middle	0.545	0.545	alternative	alternative	59	59	11
NC_071995.2	37366223	37366685	-1	1	-	NC_071995.2	37366247	37366399	SLC2A13	XM_002823104.6	-	1	1	286	24	9	9	2	1	1	middle	middle	0.500	0.500	unique	unique	152	152	1
NC_071995.2	37366223	37366685	-1	1	-	NC_071995.2	37366527	37366648	SLC2A13	XM_054527120.2	-	1	1	37	304	8	8	2	1	1	middle	middle	0.500	0.500	unique	unique	121	121	1
NC_071995.2	42511821	42512235	-3	1	-	NC_071995.2	42511899	42512027	NELL2	NM_001135441.1	-	3	1	208	78	2	2	8	8	8	middle	middle	1.000	1.000	constitutive	constitutive	128	128	6
NC_071995.2	42511821	42512235	-3	1	-	NC_071995.2	42511899	42512232	NELL2	XM_024256353.2	-	3	2	3	78	1	2	8	2	8	first	middle	0.250	1.000	alternative	constitutive	51	128	2
NC_071995.2	47572616	47573123	-1	1	-	NC_071995.2	47572722	47572835	NCKAP5L	XM_024257055.3	-	1	1	288	106	5	5	3	3	3	middle	middle	1.000	1.000	constitutive	constitutive	113	113	2
NC_071995.2	47572616	47573123	-1	1	-	NC_071995.2	47572722	47573072	NCKAP5L	XM_054527948.2	-	1	2	51	106	1	2	3	1	3	first	middle	0.333	1.000	unique	constitutive	83	113	1
NC_071995.2	51215575	51216421	2	1	+	NC_071995.2	51215763	51216374	AMHR2	XM_002823318.5	+	2	2	188	47	2	3	11	4	8	middle	middle	0.364	0.727	alternative	alternative	182	191	3
NC_071995.2	51215575	51216421	2	1	+	NC_071995.2	51215597	51216374	AMHR2	XM_054527993.2	+	2	2	22	47	1	2	11	7	8	first	middle	0.636	0.727	alternative	alternative	348	191	5
NC_071995.2	51215575	51216421	2	1	+	NC_071995.2	51215597	51215945	AMHR2	XM_054527995.1	+	2	1	22	476	1	1	11	7	7	first	first	0.636	0.636	alternative	alternative	348	348	2
NC_071995.2	51215575	51216421	2	1	+	NC_071995.2	51215763	51215945	AMHR2	XM_054527999.2	+	2	1	188	476	2	2	11	4	4	middle	middle	0.364	0.364	alternative	alternative	182	182	1
NC_071995.2	55557832	55558372	-2	1	-	NC_071995.2	55557842	55558275	B4GALNT1	XM_024256904.3	-	2	2	97	10	6	7	10	6	10	middle	middle	0.600	1.000	alternative	constitutive	98	190	6
NC_071995.2	55557832	55558372	-2	1	-	NC_071995.2	55557842	55558032	B4GALNT1	XM_054528147.2	-	2	1	340	10	6	6	10	10	10	middle	middle	1.000	1.000	constitutive	constitutive	190	190	3
NC_071995.2	55557832	55558372	-2	1	-	NC_071995.2	55557842	55558297	B4GALNT1	XM_063712178.1	-	2	2	75	10	1	2	10	1	10	first	middle	0.100	1.000	unique	constitutive	120	190	1
NC_071995.2	67693245	67693656	-3	1	-	NC_071995.2	67693315	67693656	BEST3	XM_002823512.4	-	3	2	0	70	5	6	4	3	2	middle	middle	0.750	0.500	alternative	alternative	77	152	2
NC_071995.2	67693245	67693656	-3	1	-	NC_071995.2	67693579	67693656	BEST3	XM_009248023.4	-	3	1	0	334	2	2	4	3	3	middle	middle	0.750	0.750	alternative	alternative	77	77	1
NC_071995.2	6913118	6913394	-1	1	-	NC_071995.2	6913245	6913351	CDCA3	XM_002822839.6	-	1	1	43	127	4	4	9	6	6	middle	middle	0.667	0.667	alternative	alternative	106	106	6
NC_071995.2	6913118	6913394	-1	1	-	NC_071995.2	6913119	6913120	CDCA3	XM_009247384.4	-	1	1	274	1	4	4	9	1	1	last	last	0.111	0.111	unique	unique	1	1	1
NC_071995.2	94438016	94438364	-1	1	-	NC_071995.2	94438018	94438364	CCDC38	XM_002823608.4	-	1	2	0	2	5	6	4	2	4	middle	middle	0.500	1.000	alternative	constitutive	163	80	2
NC_071995.2	94438016	94438364	-1	1	-	NC_071995.2	94438018	94438098	CCDC38	XM_054527521.1	-	1	1	266	2	4	4	4	4	4	middle	middle	1.000	1.000	constitutive	constitutive	80	80	2
NC_071995.2	9445501	9446035	2	1	+	NC_071995.2	9445827	9446035	DDX11	XM_054526785.2	+	2	1	326	0	26	26	9	6	6	last	last	0.667	0.667	alternative	alternative	208	208	6
NC_071995.2	9445501	9446035	2	1	+	NC_071995.2	9445593	9445747	DDX11	XM_054526791.2	+	2	1	92	288	25	25	9	3	3	middle	middle	0.333	0.333	alternative	alternative	154	154	3
NC_071996.2	104504609	104504999	-1	1	-	NC_071996.2	104504623	104504951	FLACC1	XM_054549643.2	-	1	2	48	14	12	13	9	8	3	middle	middle	0.889	0.333	alternative	alternative	89	109	3
NC_071996.2	104504609	104504999	-1	1	-	NC_071996.2	104504610	104504951	FLACC1	XM_054549647.2	-	1	2	48	1	12	13	9	8	2	middle	last	0.889	0.222	alternative	alternative	89	122	2
NC_071996.2	104504609	104504999	-1	1	-	NC_071996.2	104504862	104504951	FLACC1	XM_054549649.2	-	1	1	48	253	12	12	9	8	8	middle	middle	0.889	0.889	alternative	alternative	89	89	3
NC_071996.2	122602157	122602550	-1	1	-	NC_071996.2	122602203	122602533	CNPPD1	NM_001133422.1	-	1	2	17	46	4	5	8	8	4	middle	middle	1.000	0.500	constitutive	alternative	120	128	4
NC_071996.2	122602157	122602550	-1	1	-	NC_071996.2	122602413	122602533	CNPPD1	XM_063712539.1	-	1	1	17	256	4	4	8	8	8	middle	middle	1.000	1.000	constitutive	constitutive	120	120	4
NC_071996.2	123029338	123029899	2	1	+	NC_071996.2	123029475	123029809	STK11IP	XM_024243829.2	+	2	2	137	90	8	9	7	7	6	middle	middle	1.000	0.857	constitutive	alternative	103	95	6
NC_071996.2	123029338	123029899	2	1	+	NC_071996.2	123029475	123029578	STK11IP	XM_054549893.1	+	2	1	137	321	8	8	7	7	7	middle	middle	1.000	1.000	constitutive	constitutive	103	103	1
NC_071996.2	136060066	136060873	2	1	+	NC_071996.2	136060468	136060577	CHRND	XM_024243172.3	+	2	1	402	296	6	6	2	1	1	middle	middle	0.500	0.500	unique	unique	109	109	1
NC_071996.2	136060066	136060873	2	1	+	NC_071996.2	136060107	136060262	CHRND	XM_024243174.3	+	2	1	41	611	2	2	2	1	1	middle	middle	0.500	0.500	unique	unique	155	155	1
NC_071996.2	141743353	141743650	-2	1	-	NC_071996.2	141743530	141743595	ILKAP	XM_002813045.5	-	2	1	55	177	2	2	4	4	4	middle	middle	1.000	1.000	constitutive	constitutive	65	65	2
NC_071996.2	141743353	141743650	-2	1	-	NC_071996.2	141743380	141743595	ILKAP	XM_063713192.1	-	2	2	55	27	2	3	4	4	2	middle	middle	1.000	0.500	constitutive	alternative	65	47	2
NC_071996.2	144690069	144690909	1	1	+	NC_071996.2	144690392	144690730	SNED1	XM_024243748.3	+	1	2	323	179	7	8	5	5	4	middle	middle	1.000	0.800	constitutive	alternative	113	113	4
NC_071996.2	144690069	144690909	1	1	+	NC_071996.2	144690392	144690505	SNED1	XM_063713201.1	+	1	1	323	404	7	7	5	5	5	middle	middle	1.000	1.000	constitutive	constitutive	113	113	1
NC_071996.2	16945558	16947235	-2	1	-	NC_071996.2	16945711	16946892	CCDC74B	XM_054549073.2	-	2	2	343	153	2	3	6	5	3	middle	middle	0.833	0.500	alternative	alternative	44	536	3
NC_071996.2	16945558	16947235	-2	1	-	NC_071996.2	16945711	16946892	CCDC74B	XM_054549074.2	-	2	2	343	153	2	3	6	5	1	middle	middle	0.833	0.167	alternative	unique	44	248	1
NC_071996.2	16945558	16947235	-2	1	-	NC_071996.2	16945711	16946892	CCDC74B	XM_054549077.1	-	2	2	343	153	2	3	6	5	1	middle	middle	0.833	0.167	alternative	unique	44	50	1
NC_071996.2	16945558	16947235	-2	1	-	NC_071996.2	16945711	16946821	CCDC74B	XM_063712660.1	-	2	1	414	153	1	1	6	1	1	first	first	0.167	0.167	unique	unique	1110	1110	1
NC_071996.2	17723789	17724356	-1	1	-	NC_071996.2	17724223	17724337	LOC100436096	XM_002812356.5	-	1	1	19	434	4	4	2	1	1	middle	middle	0.500	0.500	unique	unique	114	114	1
NC_071996.2	17723789	17724356	-1	1	-	NC_071996.2	17723847	17723956	LOC100436096	XM_009237600.4	-	1	1	400	58	4	4	2	1	1	middle	middle	0.500	0.500	unique	unique	109	109	1
NC_071996.2	28600517	28600883	-1	1	-	NC_071996.2	28600776	28600862	CFAP221	XM_002812412.4	-	1	1	21	259	3	3	11	9	9	middle	middle	0.818	0.818	alternative	alternative	86	86	9
NC_071996.2	28600517	28600883	-1	1	-	NC_071996.2	28600528	28600571	CFAP221	XM_054549243.2	-	1	1	312	11	1	1	11	1	1	first	first	0.091	0.091	unique	unique	43	43	1
NC_071996.2	53671438	53671801	-2	1	-	NC_071996.2	53671676	53671678	RBM43	XM_002812488.6	-	2	1	123	238	1	1	2	1	1	first	first	0.500	0.500	unique	unique	2	2	1
NC_071996.2	53671438	53671801	-2	1	-	NC_071996.2	53671484	53671606	RBM43	XM_054548849.2	-	2	1	195	46	1	1	2	1	1	first	first	0.500	0.500	unique	unique	122	122	1
NC_071996.2	93449974	93450421	2	1	+	NC_071996.2	93450221	93450421	MFSD6	XM_009237917.4	+	2	1	247	0	6	6	3	2	2	last	last	0.667	0.667	alternative	alternative	200	200	2
NC_071996.2	93449974	93450421	2	1	+	NC_071996.2	93450038	93450062	MFSD6	XM_054549001.2	+	2	1	64	359	6	6	3	1	1	middle	middle	0.333	0.333	unique	unique	24	24	1
NC_071997.2	105293839	105294361	2	1	+	NC_071997.2	105293865	105293989	FNDC4	XM_002812177.6	+	2	1	26	372	5	5	4	2	2	middle	middle	0.500	0.500	alternative	alternative	124	124	2
NC_071997.2	105293839	105294361	2	1	+	NC_071997.2	105294177	105294361	FNDC4	XM_009237446.4	+	2	1	338	0	5	5	4	2	2	last	last	0.500	0.500	alternative	alternative	184	184	2
NC_071997.2	105719288	105719816	-1	1	-	NC_071997.2	105719640	105719752	AGBL5	XM_002812199.5	-	1	1	64	352	12	12	2	2	2	middle	middle	1.000	1.000	constitutive	constitutive	112	112	1
NC_071997.2	105719288	105719816	-1	1	-	NC_071997.2	105719290	105719752	AGBL5	XM_024242840.3	-	1	2	64	2	12	13	2	2	1	middle	middle	1.000	0.500	constitutive	unique	112	46	1
NC_071997.2	25199297	25200572	3	1	+	NC_071997.2	25199676	25200233	ARID5A	XM_002811661.6	+	3	2	379	339	5	6	3	2	2	middle	middle	0.667	0.667	alternative	alternative	97	159	2
NC_071997.2	25199297	25200572	3	1	+	NC_071997.2	25200156	25200233	ARID5A	XM_054547143.1	+	3	1	859	339	1	1	3	1	1	first	first	0.333	0.333	unique	unique	77	77	1
NC_071997.2	46699798	46700344	-2	1	-	NC_071997.2	46700170	46700293	ELMOD3	NM_001132652.1	-	2	1	51	372	6	6	12	12	12	middle	middle	1.000	1.000	constitutive	constitutive	123	123	1
NC_071997.2	46699798	46700344	-2	1	-	NC_071997.2	46699813	46700293	ELMOD3	XM_024241931.3	-	2	2	51	15	6	7	12	12	11	middle	middle	1.000	0.917	constitutive	alternative	123	122	11
NC_071997.2	58935490	58936801	-2	1	-	NC_071997.2	58936315	58936787	ALMS1	XM_002811888.6	-	2	1	14	825	5	5	11	8	8	middle	middle	0.727	0.727	alternative	alternative	472	472	2
NC_071997.2	58935490	58936801	-2	1	-	NC_071997.2	58935664	58936787	ALMS1	XM_054548051.2	-	2	2	14	174	5	6	11	8	6	middle	middle	0.727	0.545	alternative	alternative	472	152	6
NC_071997.2	58935490	58936801	-2	1	-	NC_071997.2	58935664	58935772	ALMS1	XM_054548058.2	-	2	1	1029	174	1	1	11	1	1	first	first	0.091	0.091	unique	unique	108	108	1
NC_071997.2	60236019	60236712	1	1	+	NC_071997.2	60236263	60236487	LOC100446166	XM_002811902.5	+	1	1	244	225	2	2	3	2	2	middle	middle	0.667	0.667	alternative	alternative	224	224	1
NC_071997.2	60236019	60236712	1	1	+	NC_071997.2	60236110	60236487	LOC100446166	XM_009237184.3	+	1	2	91	225	1	2	3	1	2	first	middle	0.333	0.667	unique	alternative	29	224	1
NC_071997.2	60236019	60236712	1	1	+	NC_071997.2	60236377	60236487	LOC100446166	XM_009237187.3	+	1	1	358	225	1	1	3	1	1	first	first	0.333	0.333	unique	unique	110	110	1
NC_071998.2	100546329	100546563	-3	1	-	NC_071998.2	100546456	100546563	PTPN3	NM_001373942.1	-	3	1	0	127	2	2	4	2	2	middle	middle	0.500	0.500	alternative	alternative	107	107	2
NC_071998.2	100546329	100546563	-3	1	-	NC_071998.2	100546337	100546377	PTPN3	XM_054519360.2	-	3	1	186	8	1	1	4	1	1	first	first	0.250	0.250	unique	unique	40	40	1
NC_071998.2	119037423	119037696	-3	1	-	NC_071998.2	119037649	119037694	PTRH1	XM_024252720.3	-	3	1	2	226	4	4	5	2	2	middle	middle	0.400	0.400	alternative	alternative	45	45	2
NC_071998.2	119037423	119037696	-3	1	-	NC_071998.2	119037424	119037553	PTRH1	XM_024252722.3	-	3	1	143	1	4	4	5	2	2	last	last	0.400	0.400	alternative	alternative	129	129	2
NC_071998.2	119040381	119041299	1	1	+	NC_071998.2	119040585	119041023	TTC16	XM_002820237.4	+	1	2	204	276	3	4	5	4	3	middle	middle	0.800	0.600	alternative	alternative	90	143	3
NC_071998.2	119040381	119041299	1	1	+	NC_071998.2	119040585	119040675	TTC16	XM_054520680.1	+	1	1	204	624	3	3	5	4	4	middle	middle	0.800	0.800	alternative	alternative	90	90	1
NC_071998.2	119591551	119591911	-2	1	-	NC_071998.2	119591588	119591911	GOLGA2	XM_002820259.6	-	2	2	0	37	6	7	4	4	2	middle	middle	1.000	0.500	constitutive	alternative	59	80	2
NC_071998.2	119591551	119591911	-2	1	-	NC_071998.2	119591852	119591911	GOLGA2	XM_009244902.4	-	2	1	0	301	7	7	4	4	4	middle	middle	1.000	1.000	constitutive	constitutive	59	59	2
NC_071998.2	119677875	119678409	1	1	+	NC_071998.2	119677931	119678329	SLC27A4	NM_001131490.1	+	1	2	56	80	10	11	4	2	3	middle	middle	0.500	0.750	alternative	alternative	164	146	2
NC_071998.2	119677875	119678409	1	1	+	NC_071998.2	119677931	119678329	SLC27A4	XM_024251693.3	+	1	2	56	80	10	11	4	2	3	middle	middle	0.500	0.750	alternative	alternative	74	146	1
NC_071998.2	119677875	119678409	1	1	+	NC_071998.2	119677931	119678005	SLC27A4	XM_024251694.3	+	1	1	56	404	10	10	4	2	2	middle	middle	0.500	0.500	alternative	alternative	74	74	1
NC_071998.2	120250336	120251047	2	1	+	NC_071998.2	120250413	120250541	PHYHD1	XM_002820286.5	+	2	1	77	506	8	8	18	8	8	middle	middle	0.444	0.444	alternative	alternative	128	128	8
NC_071998.2	120250336	120251047	2	1	+	NC_071998.2	120250622	120250759	PHYHD1	XM_009244926.3	+	2	1	286	288	8	8	18	3	3	middle	middle	0.167	0.167	alternative	alternative	137	137	3
NC_071998.2	120250336	120251047	2	1	+	NC_071998.2	120250643	120250759	PHYHD1	XM_009244928.4	+	2	1	307	288	8	8	18	5	5	middle	middle	0.278	0.278	alternative	alternative	116	116	5
NC_071998.2	124004050	124004539	-2	1	-	NC_071998.2	124004129	124004230	DDX31	XM_024252101.3	-	2	1	309	79	1	1	6	1	1	first	first	0.167	0.167	unique	unique	101	101	1
NC_071998.2	124004050	124004539	-2	1	-	NC_071998.2	124004423	124004497	DDX31	XM_024252102.3	-	2	1	42	373	1	1	6	4	4	first	first	0.667	0.667	alternative	alternative	74	74	4
NC_071998.2	124833823	124834573	-2	1	-	NC_071998.2	124833983	124834135	SLC2A6	XM_002820347.3	-	2	1	438	160	6	6	11	8	8	middle	middle	0.727	0.727	alternative	alternative	152	152	8
NC_071998.2	124833823	124834573	-2	1	-	NC_071998.2	124833983	124834518	SLC2A6	XM_063714512.1	-	2	2	55	160	5	6	11	3	3	middle	middle	0.273	0.273	alternative	alternative	96	147	3
NC_071998.2	126924418	126925000	2	1	+	NC_071998.2	126924612	126925000	PAEP	XM_024252255.3	+	2	2	194	0	4	5	9	9	4	middle	last	1.000	0.444	constitutive	alternative	104	13	4
NC_071998.2	126924418	126925000	2	1	+	NC_071998.2	126924612	126924716	PAEP	XM_054520885.2	+	2	1	194	284	4	4	9	9	9	middle	middle	1.000	1.000	constitutive	constitutive	104	104	5
NC_071998.2	127889775	127890573	-3	1	-	NC_071998.2	127889820	127890540	NOTCH1	XM_024252710.3	-	3	2	33	45	22	23	4	4	3	middle	middle	1.000	0.750	constitutive	alternative	132	257	3
NC_071998.2	127889775	127890573	-3	1	-	NC_071998.2	127890408	127890540	NOTCH1	XM_054521231.2	-	3	1	33	633	22	22	4	4	4	middle	middle	1.000	1.000	constitutive	constitutive	132	132	1
NC_071998.2	128061245	128062070	3	1	+	NC_071998.2	128061274	128061690	EGFL7	XM_024252244.3	+	3	2	29	380	4	5	3	3	1	middle	middle	1.000	0.333	constitutive	unique	95	161	1
NC_071998.2	128061245	128062070	3	1	+	NC_071998.2	128061274	128061369	EGFL7	XM_024252245.3	+	3	1	29	701	4	4	3	3	3	middle	middle	1.000	1.000	constitutive	constitutive	95	95	2
NC_071998.2	128388809	128389148	3	1	+	NC_071998.2	128388934	128389148	PAXX	XM_002820411.3	+	3	2	125	0	6	7	3	2	1	middle	last	0.667	0.333	alternative	unique	84	36	1
NC_071998.2	128388809	128389148	3	1	+	NC_071998.2	128388934	128389018	PAXX	XM_054521253.2	+	3	1	125	130	6	6	3	2	2	middle	middle	0.667	0.667	alternative	alternative	84	84	1
NC_071998.2	128507768	128508974	-1	1	-	NC_071998.2	128507847	128508955	DPP7	NM_001133691.1	-	1	3	19	79	2	5	5	4	4	middle	middle	0.800	0.800	alternative	alternative	113	135	4
NC_071998.2	128507768	128508974	-1	1	-	NC_071998.2	128507847	128507972	DPP7	XM_024251789.3	-	1	1	1002	79	1	1	5	1	1	first	first	0.200	0.200	unique	unique	125	125	1
NC_071998.2	37145941	37146343	2	1	+	NC_071998.2	37145980	37146331	HACD4	XM_054519810.2	+	2	2	39	12	5	6	2	2	1	middle	middle	1.000	0.500	constitutive	unique	106	94	1
NC_071998.2	37145941	37146343	2	1	+	NC_071998.2	37145980	37146086	HACD4	XM_063714189.1	+	2	1	39	257	4	4	2	2	2	middle	middle	1.000	1.000	constitutive	constitutive	106	106	1
NC_071998.2	53245514	53246189	3	1	+	NC_071998.2	53245557	53245767	LOC100455286	XM_002819815.3	+	3	1	43	422	1	1	3	2	2	first	first	0.667	0.667	alternative	alternative	210	210	1
NC_071998.2	53245514	53246189	3	1	+	NC_071998.2	53245557	53246024	LOC100455286	XM_024252606.3	+	3	2	43	165	1	2	3	2	1	first	middle	0.667	0.333	alternative	unique	210	100	1
NC_071998.2	78458246	78461477	3	1	+	NC_071998.2	78458363	78461477	LOC100435406	XM_054521057.2	+	3	2	117	0	4	5	4	2	2	middle	last	0.500	0.500	alternative	alternative	1231	802	2
NC_071998.2	78458246	78461477	3	1	+	NC_071998.2	78458363	78458424	LOC100435406	XM_063714006.1	+	3	1	117	3053	4	4	4	2	2	middle	middle	0.500	0.500	alternative	alternative	61	61	2
NC_071998.2	84181902	84182439	1	1	+	NC_071998.2	84182066	84182185	WNK2	XM_024252713.3	+	1	1	164	254	18	18	25	25	25	middle	middle	1.000	1.000	constitutive	constitutive	119	119	24
NC_071998.2	84181902	84182439	1	1	+	NC_071998.2	84182066	84182389	WNK2	XM_054520248.2	+	1	2	164	50	18	19	25	25	1	middle	middle	1.000	0.040	constitutive	unique	119	110	1
NC_071998.2	84235664	84236315	3	1	+	NC_071998.2	84235759	84235870	WNK2	XM_054520244.2	+	3	1	95	445	24	24	25	3	3	middle	middle	0.120	0.120	alternative	alternative	111	111	2
NC_071998.2	84235664	84236315	3	1	+	NC_071998.2	84235759	84236315	WNK2	XM_054520246.2	+	3	2	95	0	24	25	25	3	1	middle	last	0.120	0.040	alternative	unique	111	48	1
NC_071998.2	90264428	90264779	3	1	+	NC_071998.2	90264735	90264737	SEC61B	NM_001135538.1	+	3	1	307	42	1	1	2	1	1	first	first	0.500	0.500	unique	unique	2	2	1
NC_071998.2	90264428	90264779	3	1	+	NC_071998.2	90264472	90264542	SEC61B	XM_054519575.2	+	3	1	44	237	2	2	2	1	1	middle	middle	0.500	0.500	unique	unique	70	70	1
NC_071999.2	106171220	106172012	3	1	+	NC_071999.2	106171279	106172012	ZIC2	XM_002824393.4	+	3	2	59	0	2	3	2	2	1	middle	last	1.000	0.500	constitutive	unique	163	356	1
NC_071999.2	106171220	106172012	3	1	+	NC_071999.2	106171279	106171442	ZIC2	XM_054529190.2	+	3	1	59	570	2	2	2	2	2	middle	middle	1.000	1.000	constitutive	constitutive	163	163	1
NC_071999.2	119352985	119353657	2	1	+	NC_071999.2	119353039	119353157	MCF2L	XM_024230999.3	+	2	1	54	500	26	26	17	17	17	middle	middle	1.000	1.000	constitutive	constitutive	118	118	9
NC_071999.2	119352985	119353657	2	1	+	NC_071999.2	119353039	119353595	MCF2L	XM_054529272.2	+	2	2	54	62	27	28	17	17	6	middle	middle	1.000	0.353	constitutive	alternative	118	92	6
NC_071999.2	119352985	119353657	2	1	+	NC_071999.2	119353039	119353586	MCF2L	XM_054529273.2	+	2	2	54	71	27	28	17	17	2	middle	middle	1.000	0.118	constitutive	alternative	118	83	2
NC_071999.2	57130788	57131076	-3	1	-	NC_071999.2	57130798	57130872	NEK3	XM_009248667.4	-	3	1	204	10	1	1	9	1	1	first	first	0.111	0.111	unique	unique	74	74	1
NC_071999.2	57130788	57131076	-3	1	-	NC_071999.2	57130798	57131076	NEK3	XM_024230830.3	-	3	2	0	10	2	3	9	7	8	middle	middle	0.778	0.889	alternative	alternative	93	97	7
NC_071999.2	57130788	57131076	-3	1	-	NC_071999.2	57130798	57131025	NEK3	XM_063714922.1	-	3	2	51	10	1	2	9	1	8	first	middle	0.111	0.889	unique	alternative	42	97	1
NC_072000.2	106924935	106927557	1	1	+	NC_072000.2	106924942	106927557	LOC129049873	XM_063715744.1	+	1	2	7	0	1	2	2	1	1	first	last	0.500	0.500	unique	unique	180	2236	1
NC_072000.2	106924935	106927557	1	1	+	NC_072000.2	106925353	106927557	LOC129049873	XM_063715745.1	+	1	1	418	0	2	2	2	1	1	last	last	0.500	0.500	unique	unique	2204	2204	1
NC_072000.2	24451630	24451969	-2	1	-	NC_072000.2	24451691	24451738	NDRG2	NM_001134106.1	-	2	1	231	61	11	11	12	11	11	middle	middle	0.917	0.917	alternative	alternative	47	47	11
NC_072000.2	24451630	24451969	-2	1	-	NC_072000.2	24451691	24451897	NDRG2	XM_063715289.1	-	2	2	72	61	14	15	12	1	1	middle	middle	0.083	0.083	unique	unique	36	64	1
NC_072000.2	27756010	27756355	-2	1	-	NC_072000.2	27756019	27756308	MDP1	XM_024231511.3	-	2	2	47	9	4	5	3	2	1	middle	middle	0.667	0.333	alternative	unique	107	85	1
NC_072000.2	27756010	27756355	-2	1	-	NC_072000.2	27756011	27756308	MDP1	XM_024231512.3	-	2	2	47	1	4	5	3	2	1	middle	last	0.667	0.333	alternative	unique	107	93	1
NC_072000.2	27756010	27756355	-2	1	-	NC_072000.2	27756255	27756308	MDP1	XM_024231513.2	-	2	1	47	245	4	4	3	1	1	middle	middle	0.333	0.333	unique	unique	53	53	1
NC_072000.2	27841309	27842341	2	1	+	NC_072000.2	27841346	27842243	NOP9	XM_002824611.6	+	2	2	37	98	1	2	6	4	4	first	middle	0.667	0.667	alternative	alternative	246	443	4
NC_072000.2	27841309	27842341	2	1	+	NC_072000.2	27841805	27842243	NOP9	XM_024231366.3	+	2	1	496	98	1	1	6	2	2	first	first	0.333	0.333	alternative	alternative	438	438	2
NC_072000.2	77523645	77524053	1	1	+	NC_072000.2	77523675	77523841	PAPLN	XM_054530793.2	+	1	1	30	212	26	26	13	13	13	middle	middle	1.000	1.000	constitutive	constitutive	166	166	11
NC_072000.2	77523645	77524053	1	1	+	NC_072000.2	77523675	77524053	PAPLN	XM_054530796.2	+	1	2	30	0	26	27	13	13	2	middle	last	1.000	0.154	constitutive	alternative	166	28	2
NC_072000.2	80440269	80440539	1	1	+	NC_072000.2	80440422	80440476	GPATCH2L	XM_002824961.5	+	1	1	153	63	6	6	10	4	4	middle	middle	0.400	0.400	alternative	alternative	54	54	4
NC_072000.2	80440269	80440539	1	1	+	NC_072000.2	80440326	80440365	GPATCH2L	XM_054530854.2	+	1	1	57	174	6	6	10	2	2	middle	middle	0.200	0.200	alternative	alternative	39	39	2
NC_072001.2	14286254	14286611	3	1	+	NC_072001.2	14286276	14286611	LOC100456617	XM_054531980.2	+	3	2	22	0	7	8	18	16	15	middle	last	0.889	0.833	alternative	alternative	228	19	15
NC_072001.2	14286254	14286611	3	1	+	NC_072001.2	14286276	14286504	LOC100456617	XM_063716362.1	+	3	1	22	107	8	8	18	16	16	middle	middle	0.889	0.889	alternative	alternative	228	228	1
NC_072001.2	16475847	16476441	1	1	+	NC_072001.2	16475848	16476171	LOC129050272	XM_054532083.2	+	1	2	1	270	3	4	8	8	7	middle	middle	1.000	0.875	constitutive	alternative	59	80	7
NC_072001.2	16475847	16476441	1	1	+	NC_072001.2	16475848	16475907	LOC129050272	XM_054532088.2	+	1	1	1	534	2	2	8	8	8	middle	middle	1.000	1.000	constitutive	constitutive	59	59	1
NC_072001.2	18880606	18881236	-2	1	-	NC_072001.2	18881119	18881219	LOC100456653	XM_054545934.2	-	2	1	17	513	9	9	5	5	5	middle	middle	1.000	1.000	constitutive	constitutive	100	100	4
NC_072001.2	18880606	18881236	-2	1	-	NC_072001.2	18880607	18881219	LOC100456653	XM_054545939.2	-	2	2	17	1	17	19	5	5	1	middle	last	1.000	0.200	constitutive	unique	100	181	1
NC_072001.2	20996041	20996299	-2	1	-	NC_072001.2	20996083	20996299	LOC129050324	XM_054532315.1	-	2	2	0	42	5	6	10	8	8	middle	middle	0.800	0.800	alternative	alternative	47	84	8
NC_072001.2	20996041	20996299	-2	1	-	NC_072001.2	20996083	20996110	LOC129050324	XM_054532323.2	-	2	1	189	42	1	1	10	2	2	first	first	0.200	0.200	alternative	alternative	27	27	2
NC_072001.2	21978017	21978512	3	1	+	NC_072001.2	21978265	21978371	LOC129050329	XM_063716457.1	+	3	1	248	141	5	5	3	2	2	middle	middle	0.667	0.667	alternative	alternative	106	106	2
NC_072001.2	21978017	21978512	3	1	+	NC_072001.2	21978089	21978182	LOC129050329	XM_063716459.1	+	3	1	72	330	2	2	3	1	1	middle	middle	0.333	0.333	unique	unique	93	93	1
NC_072001.2	22343581	22344175	2	1	+	NC_072001.2	22343582	22343905	LOC100435531	XM_054532279.1	+	2	2	1	270	3	4	5	5	4	middle	middle	1.000	0.800	constitutive	alternative	59	80	4
NC_072001.2	22343581	22344175	2	1	+	NC_072001.2	22343582	22343641	LOC100435531	XM_063716451.1	+	2	1	1	534	3	3	5	5	5	middle	middle	1.000	1.000	constitutive	constitutive	59	59	1
NC_072001.2	22889173	22889800	-2	1	-	NC_072001.2	22889683	22889783	LOC129050314	XM_054532218.2	-	2	1	17	510	18	18	21	21	21	middle	middle	1.000	1.000	constitutive	constitutive	100	100	16
NC_072001.2	22889173	22889800	-2	1	-	NC_072001.2	22889174	22889783	LOC129050314	XM_054532227.2	-	2	2	17	1	18	20	21	21	5	middle	last	1.000	0.238	constitutive	alternative	100	178	5
NC_072001.2	23759704	23760298	2	1	+	NC_072001.2	23759705	23760028	LOC129050315	XM_054532244.2	+	2	2	1	270	3	4	7	7	6	middle	middle	1.000	0.857	constitutive	alternative	59	80	6
NC_072001.2	23759704	23760298	2	1	+	NC_072001.2	23759705	23759764	LOC129050315	XM_063716446.1	+	2	1	1	534	3	3	7	7	7	middle	middle	1.000	1.000	constitutive	constitutive	59	59	1
NC_072001.2	24404040	24404634	1	1	+	NC_072001.2	24404041	24404364	LOC129050317	XM_054532263.2	+	1	2	1	270	3	4	5	5	4	middle	middle	1.000	0.800	constitutive	alternative	59	80	4
NC_072001.2	24404040	24404634	1	1	+	NC_072001.2	24404041	24404100	LOC129050317	XM_054532266.2	+	1	1	1	534	3	3	5	5	5	middle	middle	1.000	1.000	constitutive	constitutive	59	59	1
NC_072001.2	31103515	31103872	2	1	+	NC_072001.2	31103537	31103872	LOC103889486	XM_054532452.1	+	2	2	22	0	4	5	2	2	1	middle	last	1.000	0.500	constitutive	unique	228	19	1
NC_072001.2	31103515	31103872	2	1	+	NC_072001.2	31103537	31103765	LOC103889486	XM_054532453.1	+	2	1	22	107	4	4	2	2	2	middle	middle	1.000	1.000	constitutive	constitutive	228	228	1
NC_072001.2	32785940	32786297	3	1	+	NC_072001.2	32785962	32786190	LOC103889485	XM_054532480.2	+	3	1	22	107	5	5	5	4	4	middle	middle	0.800	0.800	alternative	alternative	228	228	2
NC_072001.2	32785940	32786297	3	1	+	NC_072001.2	32785962	32786297	LOC103889485	XM_063716124.1	+	3	2	22	0	5	6	5	4	2	middle	last	0.800	0.400	alternative	alternative	228	19	2
NC_072001.2	35067513	35067879	1	1	+	NC_072001.2	35067514	35067837	LOC112131969	XM_054532532.2	+	1	2	1	42	3	4	5	2	3	middle	middle	0.400	0.600	alternative	alternative	59	80	2
NC_072001.2	35067513	35067879	1	1	+	NC_072001.2	35067757	35067837	LOC112131969	XM_054532534.2	+	1	1	244	42	3	3	5	3	3	middle	middle	0.600	0.600	alternative	alternative	80	80	1
NC_072001.2	35147645	35148239	3	1	+	NC_072001.2	35147646	35147969	LOC129050449	XM_054532521.2	+	3	2	1	270	3	4	6	6	5	middle	middle	1.000	0.833	constitutive	alternative	59	80	5
NC_072001.2	35147645	35148239	3	1	+	NC_072001.2	35147646	35147705	LOC129050449	XM_054532525.2	+	3	1	1	534	3	3	6	6	6	middle	middle	1.000	1.000	constitutive	constitutive	59	59	1
NC_072001.2	43190231	43190579	-1	1	-	NC_072001.2	43190243	43190561	PLCB2	XM_024232487.2	-	1	2	18	12	24	25	6	5	3	middle	middle	0.833	0.500	alternative	alternative	75	44	3
NC_072001.2	43190231	43190579	-1	1	-	NC_072001.2	43190486	43190561	PLCB2	XM_024232489.2	-	1	1	18	255	24	24	6	5	5	middle	middle	0.833	0.833	alternative	alternative	75	75	1
NC_072001.2	43190231	43190579	-1	1	-	NC_072001.2	43190243	43190561	PLCB2	XM_054531383.1	-	1	2	18	12	24	25	6	5	1	middle	middle	0.833	0.167	alternative	unique	75	41	1
NC_072001.2	43761683	43762580	3	1	+	NC_072001.2	43761721	43762533	SPINT1	XM_024232720.3	+	3	2	38	47	4	6	4	2	2	middle	middle	0.500	0.500	alternative	alternative	218	125	1
NC_072001.2	43761683	43762580	3	1	+	NC_072001.2	43761721	43762533	SPINT1	XM_024232722.3	+	3	2	38	47	4	6	4	2	2	middle	middle	0.500	0.500	alternative	alternative	170	125	1
NC_072001.2	43761683	43762580	3	1	+	NC_072001.2	43761721	43761939	SPINT1	XM_054531396.2	+	3	1	38	641	4	4	4	2	2	middle	middle	0.500	0.500	alternative	alternative	218	218	1
NC_072001.2	43761683	43762580	3	1	+	NC_072001.2	43761721	43761891	SPINT1	XM_054531397.2	+	3	1	38	689	4	4	4	2	2	middle	middle	0.500	0.500	alternative	alternative	170	170	1
NC_072001.2	46075278	46075791	1	1	+	NC_072001.2	46075668	46075790	TMEM62	XM_009249766.4	+	1	1	390	1	7	7	12	10	10	middle	middle	0.833	0.833	alternative	alternative	122	122	10
NC_072001.2	46075278	46075791	1	1	+	NC_072001.2	46075394	46075790	TMEM62	XM_024232398.3	+	1	2	116	1	4	5	12	2	2	middle	middle	0.167	0.167	alternative	alternative	124	43	2
NC_072001.2	46183323	46184286	-3	1	-	NC_072001.2	46183506	46184036	TGM5	XM_002825368.5	-	3	2	250	183	2	3	2	2	1	middle	middle	1.000	0.500	constitutive	unique	179	245	1
NC_072001.2	46183323	46184286	-3	1	-	NC_072001.2	46183857	46184036	TGM5	XM_003778435.4	-	3	1	250	534	2	2	2	2	2	middle	middle	1.000	1.000	constitutive	constitutive	179	179	1
NC_072001.2	63661124	63661919	-1	1	-	NC_072001.2	63661889	63661919	RORA	XM_024232274.3	-	1	1	0	765	1	1	5	1	1	first	first	0.200	0.200	unique	unique	30	30	1
NC_072001.2	63661124	63661919	-1	1	-	NC_072001.2	63661127	63661421	RORA	XM_054531577.2	-	1	1	498	3	1	1	5	1	1	first	first	0.200	0.200	unique	unique	294	294	1
NC_072001.2	66963527	66963818	-1	1	-	NC_072001.2	66963690	66963779	DAPK2	XM_009249899.4	-	1	1	39	163	9	9	5	2	2	middle	middle	0.400	0.400	alternative	alternative	89	89	2
NC_072001.2	66963527	66963818	-1	1	-	NC_072001.2	66963528	66963573	DAPK2	XM_054532771.2	-	1	1	245	1	9	9	5	1	1	last	last	0.200	0.200	unique	unique	45	45	1
NC_072001.2	78580710	78581250	1	1	+	NC_072001.2	78581026	78581191	NEIL1	XM_024232876.2	+	1	1	316	59	9	9	11	6	6	middle	middle	0.545	0.545	alternative	alternative	165	165	6
NC_072001.2	78580710	78581250	1	1	+	NC_072001.2	78580801	78580862	NEIL1	XM_054532931.1	+	1	1	91	388	7	7	11	5	5	middle	middle	0.455	0.455	alternative	alternative	61	61	5
NC_072001.2	78587308	78587758	-2	1	-	NC_072001.2	78587663	78587758	MAN2C1	NM_001133946.1	-	2	1	0	355	11	11	21	18	18	middle	middle	0.857	0.857	alternative	alternative	95	95	18
NC_072001.2	78587308	78587758	-2	1	-	NC_072001.2	78587423	78587568	MAN2C1	XM_054531226.2	-	2	1	190	115	11	11	21	3	3	middle	middle	0.143	0.143	alternative	alternative	145	145	3
NC_072001.2	81294539	81294839	-1	1	-	NC_072001.2	81294654	81294757	LOC100451733	XM_054531665.1	-	1	1	82	115	16	16	10	6	6	middle	middle	0.600	0.600	alternative	alternative	103	103	6
NC_072001.2	81294539	81294839	-1	1	-	NC_072001.2	81294540	81294757	LOC100451733	XM_054531673.2	-	1	2	82	1	16	17	10	1	2	middle	last	0.100	0.200	unique	alternative	108	24	1
NC_072001.2	81294539	81294839	-1	1	-	NC_072001.2	81294540	81294564	LOC100451733	XM_054531674.2	-	1	1	275	1	16	16	10	2	2	last	last	0.200	0.200	alternative	alternative	24	24	1
NC_072002.2	69195365	69195896	-2	1	-	NC_072002.2	69195775	69195891	STARD6	XM_054537956.2	-	2	1	5	410	3	3	20	11	11	middle	middle	0.550	0.550	alternative	alternative	116	116	11
NC_072002.2	69195365	69195896	-2	1	-	NC_072002.2	69195649	69195729	STARD6	XM_054537969.2	-	2	1	167	284	3	3	20	3	3	middle	middle	0.150	0.150	alternative	alternative	80	80	3
NC_072002.2	74294302	74294635	-3	1	-	NC_072002.2	74294304	74294339	CCBE1	XM_024236078.3	-	3	1	296	2	8	8	8	1	1	middle	middle	0.125	0.125	unique	unique	35	35	1
NC_072002.2	74294302	74294635	-3	1	-	NC_072002.2	74294438	74294577	CCBE1	XM_054538032.2	-	3	1	58	136	8	8	8	7	7	middle	middle	0.875	0.875	alternative	alternative	139	139	7
NC_072002.2	74751338	74751881	3	1	+	NC_072002.2	74751492	74751549	PMAIP1	XM_002828260.6	+	3	1	154	332	1	1	2	1	1	first	first	0.500	0.500	unique	unique	57	57	1
NC_072002.2	74751338	74751881	3	1	+	NC_072002.2	74751492	74751880	PMAIP1	XM_054538034.2	+	3	2	154	1	1	2	2	1	1	first	middle	0.500	0.500	unique	unique	67	137	1
NC_072003.2	1872740	1873157	3	1	+	NC_072003.2	1872757	1873062	MAPK8IP3	XM_024233610.3	+	3	2	17	95	27	28	16	16	15	middle	middle	1.000	0.938	constitutive	alternative	113	38	15
NC_072003.2	1872740	1873157	3	1	+	NC_072003.2	1872757	1872870	MAPK8IP3	XM_063717471.1	+	3	1	17	287	28	28	16	16	16	middle	middle	1.000	1.000	constitutive	constitutive	113	113	1
NC_072003.2	2951412	2951934	-3	1	-	NC_072003.2	2951418	2951703	PRSS41	XM_054534626.1	-	3	2	231	6	1	3	2	2	1	first	middle	1.000	0.500	constitutive	unique	63	23	1
NC_072003.2	2951412	2951934	-3	1	-	NC_072003.2	2951640	2951703	PRSS41	XM_054534627.1	-	3	1	231	228	1	1	2	2	2	first	first	1.000	1.000	constitutive	constitutive	63	63	1
NC_072003.2	32153022	32153328	1	1	+	NC_072003.2	32153023	32153191	HIRIP3	XM_002826313.5	+	1	1	1	137	5	5	3	2	2	middle	middle	0.667	0.667	alternative	alternative	168	168	2
NC_072003.2	32153022	32153328	1	1	+	NC_072003.2	32153274	32153328	HIRIP3	XM_054533781.2	+	1	1	252	0	5	5	3	1	1	last	last	0.333	0.333	unique	unique	54	54	1
NC_072003.2	32346041	32347109	-1	1	-	NC_072003.2	32346318	32346509	MAZ	XM_024233453.3	-	1	1	600	277	1	1	4	2	2	first	first	0.500	0.500	alternative	alternative	191	191	2
NC_072003.2	32346041	32347109	-1	1	-	NC_072003.2	32346318	32347079	MAZ	XM_024233455.3	-	1	2	30	277	1	2	4	2	2	first	middle	0.500	0.500	alternative	alternative	35	86	2
NC_072003.2	33191743	33192313	2	1	+	NC_072003.2	33191773	33192170	HSD3B7	XM_002826357.5	+	2	2	30	143	4	5	5	5	4	middle	middle	1.000	0.800	constitutive	alternative	99	162	4
NC_072003.2	33191743	33192313	2	1	+	NC_072003.2	33191773	33191872	HSD3B7	XM_054534898.2	+	2	1	30	441	4	4	5	5	5	middle	middle	1.000	1.000	constitutive	constitutive	99	99	1
NC_072003.2	364985	365510	3	1	+	NC_072003.2	365062	365453	PDIA2	NM_001131813.1	+	3	2	77	57	9	10	3	3	2	middle	middle	1.000	0.667	constitutive	alternative	181	110	2
NC_072003.2	364985	365510	3	1	+	NC_072003.2	365062	365243	PDIA2	XM_054533031.2	+	3	1	77	267	9	9	3	3	3	middle	middle	1.000	1.000	constitutive	constitutive	181	181	1
NC_072003.2	457599	458235	-3	1	-	NC_072003.2	457780	458174	PGAP6	XM_002825914.5	-	3	2	61	181	10	11	7	7	5	middle	middle	1.000	0.714	constitutive	alternative	178	146	5
NC_072003.2	457599	458235	-3	1	-	NC_072003.2	457780	458174	PGAP6	XM_054533257.2	-	3	2	61	181	10	11	7	7	1	middle	middle	1.000	0.143	constitutive	unique	178	125	1
NC_072003.2	457599	458235	-3	1	-	NC_072003.2	457996	458174	PGAP6	XM_054533258.2	-	3	1	61	397	10	10	7	7	7	middle	middle	1.000	1.000	constitutive	constitutive	178	178	1
NC_072003.2	636223	636907	2	1	+	NC_072003.2	636482	636660	CAPN15	XM_024233316.3	+	2	1	259	247	10	10	8	8	8	middle	middle	1.000	1.000	constitutive	constitutive	178	178	7
NC_072003.2	636223	636907	2	1	+	NC_072003.2	636482	636907	CAPN15	XM_054533267.2	+	2	2	259	0	12	13	8	8	1	middle	last	1.000	0.125	constitutive	unique	178	6	1
NC_072003.2	65971814	65972624	-1	1	-	NC_072003.2	65972366	65972615	TK2	XM_002826499.5	-	1	1	9	552	1	1	10	4	4	first	first	0.400	0.400	alternative	alternative	249	249	4
NC_072003.2	65971814	65972624	-1	1	-	NC_072003.2	65971841	65972141	TK2	XM_009250789.4	-	1	1	483	27	1	1	10	3	3	first	first	0.300	0.300	alternative	alternative	300	300	3
NC_072003.2	665029	665920	2	1	+	NC_072003.2	665286	665801	PIGQ	XM_054533271.2	+	2	2	257	119	9	10	11	9	3	middle	middle	0.818	0.273	alternative	alternative	61	42	3
NC_072003.2	665029	665920	2	1	+	NC_072003.2	665286	665347	PIGQ	XM_054533274.2	+	2	1	257	573	9	9	11	9	9	middle	middle	0.818	0.818	alternative	alternative	61	61	6
NC_072003.2	66680491	66680860	2	1	+	NC_072003.2	66680604	66680860	E2F4	XM_002826529.4	+	2	2	113	0	9	10	3	2	1	middle	last	0.667	0.333	alternative	unique	44	112	1
NC_072003.2	66680491	66680860	2	1	+	NC_072003.2	66680604	66680648	E2F4	XM_054534936.1	+	2	1	113	212	9	9	3	2	2	middle	middle	0.667	0.667	alternative	alternative	44	44	1
NC_072003.2	66690992	66691496	-1	1	-	NC_072003.2	66691014	66691157	LOC100439294	XM_024234035.3	-	1	1	339	22	4	4	9	8	8	middle	middle	0.889	0.889	alternative	alternative	143	143	2
NC_072003.2	66690992	66691496	-1	1	-	NC_072003.2	66691014	66691496	LOC100439294	XM_054534921.2	-	1	2	0	22	4	5	9	6	8	middle	middle	0.667	0.889	alternative	alternative	203	143	6
NC_072003.2	66875764	66876466	-2	1	-	NC_072003.2	66875765	66876317	ZDHHC1	XM_054534952.2	-	2	2	149	1	9	10	15	2	7	middle	last	0.133	0.467	alternative	alternative	219	224	2
NC_072003.2	66875764	66876466	-2	1	-	NC_072003.2	66875765	66876178	ZDHHC1	XM_054534957.2	-	2	2	288	1	10	11	15	2	7	middle	last	0.133	0.467	alternative	alternative	80	224	2
NC_072003.2	66875764	66876466	-2	1	-	NC_072003.2	66876283	66876317	ZDHHC1	XM_054534959.2	-	2	1	149	519	9	9	15	2	2	middle	middle	0.133	0.133	alternative	alternative	34	34	2
NC_072003.2	66875764	66876466	-2	1	-	NC_072003.2	66875765	66876158	ZDHHC1	XM_054534962.2	-	2	2	308	1	9	10	15	3	7	middle	last	0.200	0.467	alternative	alternative	60	224	3
NC_072003.2	66876135	66876501	-3	1	-	NC_072003.2	66876283	66876376	ZDHHC1	XM_024233231.3	-	3	1	125	148	9	9	15	8	8	middle	middle	0.533	0.533	alternative	alternative	93	93	8
NC_072003.2	66876135	66876501	-3	1	-	NC_072003.2	66876136	66876158	ZDHHC1	XM_063717345.1	-	3	1	343	1	10	10	15	1	1	last	last	0.067	0.067	unique	unique	22	22	1
NC_072003.2	67143802	67144381	-2	1	-	NC_072003.2	67144082	67144381	ENKD1	XM_024233730.2	-	2	1	0	280	4	4	4	2	2	middle	middle	0.500	0.500	alternative	alternative	299	299	1
NC_072003.2	67143802	67144381	-2	1	-	NC_072003.2	67144082	67144207	ENKD1	XM_024233731.2	-	2	1	174	280	4	4	4	1	1	middle	middle	0.250	0.250	unique	unique	125	125	1
NC_072003.2	67143802	67144381	-2	1	-	NC_072003.2	67143803	67144381	ENKD1	XM_054534985.1	-	2	2	0	1	4	5	4	2	1	middle	last	0.500	0.250	alternative	unique	299	161	1
NC_072003.2	67461359	67462127	-1	1	-	NC_072003.2	67461374	67461488	SLC12A4	XM_002826559.5	-	1	1	639	15	1	1	16	10	10	first	first	0.625	0.625	alternative	alternative	114	114	10
NC_072003.2	67461359	67462127	-1	1	-	NC_072003.2	67461989	67462019	SLC12A4	XM_063717353.1	-	1	1	108	630	1	1	16	1	1	first	first	0.062	0.062	unique	unique	30	30	1
NC_072003.2	723173	723377	-1	1	-	NC_072003.2	723276	723354	METTL26	XM_002825923.5	-	1	1	23	103	5	5	17	10	10	middle	middle	0.588	0.588	alternative	alternative	78	78	10
NC_072003.2	723173	723377	-1	1	-	NC_072003.2	723174	723201	METTL26	XM_009250251.4	-	1	1	176	1	5	5	17	2	2	last	last	0.118	0.118	alternative	alternative	27	27	2
NC_072003.2	723234	723636	-3	1	-	NC_072003.2	723446	723513	METTL26	XM_002825923.5	-	3	1	123	212	4	4	17	3	3	middle	middle	0.176	0.176	alternative	alternative	67	67	3
NC_072003.2	723234	723636	-3	1	-	NC_072003.2	723276	723354	METTL26	XM_009250253.2	-	3	1	282	42	4	4	17	2	2	middle	middle	0.118	0.118	alternative	alternative	78	78	2
NC_072003.2	723234	723636	-3	1	-	NC_072003.2	723446	723619	METTL26	XM_009250255.4	-	3	1	17	212	3	3	17	1	1	middle	middle	0.059	0.059	unique	unique	173	173	1
NC_072003.2	723234	723636	-3	1	-	NC_072003.2	723446	723568	METTL26	XM_009250258.4	-	3	1	68	212	3	3	17	3	3	middle	middle	0.176	0.176	alternative	alternative	122	122	3
NC_072003.2	723972	724932	-3	1	-	NC_072003.2	724102	724776	METTL26	XM_002825923.5	-	3	2	156	130	1	2	17	15	6	first	middle	0.882	0.353	alternative	alternative	196	162	6
NC_072003.2	723972	724932	-3	1	-	NC_072003.2	724008	724776	METTL26	XM_009250251.4	-	3	2	156	36	1	2	17	15	3	first	middle	0.882	0.176	alternative	alternative	196	256	3
NC_072003.2	723972	724932	-3	1	-	NC_072003.2	724580	724776	METTL26	XM_009250255.4	-	3	1	156	608	1	1	17	15	15	first	first	0.882	0.882	alternative	alternative	196	196	4
NC_072003.2	723972	724932	-3	1	-	NC_072003.2	723974	724776	METTL26	XM_054533285.2	-	3	2	156	2	1	2	17	15	2	first	middle	0.882	0.118	alternative	alternative	196	290	2
NC_072003.2	746469	747036	1	1	+	NC_072003.2	746562	746878	WDR90	XM_024234020.2	+	1	2	93	158	15	16	13	13	12	middle	middle	1.000	0.923	constitutive	alternative	130	116	12
NC_072003.2	746469	747036	1	1	+	NC_072003.2	746562	746692	WDR90	XM_063717151.1	+	1	1	93	344	15	15	13	13	13	middle	middle	1.000	1.000	constitutive	constitutive	130	130	1
NC_072003.2	76593949	76594282	2	1	+	NC_072003.2	76594194	76594281	SYCE1L	XM_024233628.3	+	2	1	245	1	9	9	13	9	9	middle	middle	0.692	0.692	alternative	alternative	87	87	9
NC_072003.2	76593949	76594282	2	1	+	NC_072003.2	76594042	76594111	SYCE1L	XM_054534170.1	+	2	1	93	171	7	7	13	4	4	middle	middle	0.308	0.308	alternative	alternative	69	69	4
NC_072003.2	76594285	76594840	2	1	+	NC_072003.2	76594486	76594840	SYCE1L	XM_024233628.3	+	2	2	201	0	10	11	13	9	3	middle	last	0.692	0.231	alternative	alternative	72	71	3
NC_072003.2	76594285	76594840	2	1	+	NC_072003.2	76594486	76594558	SYCE1L	XM_054534163.1	+	2	1	201	282	10	10	13	9	9	middle	middle	0.692	0.692	alternative	alternative	72	72	5
NC_072003.2	76594285	76594840	2	1	+	NC_072003.2	76594486	76594840	SYCE1L	XM_054534169.1	+	2	2	201	0	10	11	13	9	1	middle	last	0.692	0.077	alternative	unique	72	176	1
NC_072003.2	76594285	76594840	2	1	+	NC_072003.2	76594749	76594840	SYCE1L	XM_054534173.1	+	2	1	464	0	9	9	13	1	1	last	last	0.077	0.077	unique	unique	91	91	1
NC_072003.2	767979	768363	1	1	+	NC_072003.2	768122	768222	RHBDL1	XM_024233321.3	+	1	1	143	141	6	6	3	1	1	middle	middle	0.333	0.333	unique	unique	100	100	1
NC_072003.2	767979	768363	1	1	+	NC_072003.2	768302	768362	RHBDL1	XM_054533292.2	+	1	1	323	1	6	6	3	2	2	middle	middle	0.667	0.667	alternative	alternative	60	60	2
NC_072003.2	816129	816744	-3	1	-	NC_072003.2	816220	816687	CCDC78	XM_054533306.2	-	3	2	57	91	3	4	5	1	1	middle	middle	0.200	0.200	unique	unique	86	167	1
NC_072003.2	816129	816744	-3	1	-	NC_072003.2	816220	816525	CCDC78	XM_063717449.1	-	3	1	219	91	1	1	5	4	4	first	first	0.800	0.800	alternative	alternative	305	305	4
NC_072003.2	876147	876741	-3	1	-	NC_072003.2	876267	876667	RPUSD1	XM_024233334.3	-	3	2	74	120	2	3	6	4	1	middle	middle	0.667	0.167	alternative	unique	123	102	1
NC_072003.2	876147	876741	-3	1	-	NC_072003.2	876258	876667	RPUSD1	XM_054534431.2	-	3	2	74	111	2	3	6	4	1	middle	middle	0.667	0.167	alternative	unique	123	111	1
NC_072003.2	876147	876741	-3	1	-	NC_072003.2	876258	876288	RPUSD1	XM_054534432.2	-	3	1	453	111	1	1	6	2	2	first	first	0.333	0.333	alternative	alternative	30	30	2
NC_072003.2	876147	876741	-3	1	-	NC_072003.2	876544	876667	RPUSD1	XM_054534434.2	-	3	1	74	397	2	2	6	4	4	middle	middle	0.667	0.667	alternative	alternative	123	123	2
NC_072003.2	88163214	88163532	1	1	+	NC_072003.2	88163332	88163532	CTU2	XM_024233975.3	+	1	2	118	0	14	15	5	4	3	middle	last	0.800	0.600	alternative	alternative	58	66	3
NC_072003.2	88163214	88163532	1	1	+	NC_072003.2	88163332	88163390	CTU2	XM_054534285.2	+	1	1	118	142	14	14	5	4	4	middle	middle	0.800	0.800	alternative	alternative	58	58	1
NC_072003.2	88649680	88650577	-2	1	-	NC_072003.2	88649728	88650404	SLC22A31	XM_054534341.2	-	2	2	173	48	5	7	7	5	4	middle	middle	0.714	0.571	alternative	alternative	145	214	4
NC_072003.2	88649680	88650577	-2	1	-	NC_072003.2	88650226	88650404	SLC22A31	XM_054534343.2	-	2	1	173	546	5	5	7	2	2	middle	middle	0.286	0.286	alternative	alternative	178	178	2
NC_072003.2	88649680	88650577	-2	1	-	NC_072003.2	88650259	88650404	SLC22A31	XM_054534345.2	-	2	1	173	579	5	5	7	5	5	middle	middle	0.714	0.714	alternative	alternative	145	145	1
NC_072003.2	89043186	89044125	1	1	+	NC_072003.2	89043211	89043262	CPNE7	XM_024233183.3	+	1	1	25	863	12	12	17	16	16	middle	middle	0.941	0.941	alternative	alternative	51	51	11
NC_072003.2	89043186	89044125	1	1	+	NC_072003.2	89043211	89043761	CPNE7	XM_063717422.1	+	1	2	25	364	12	13	17	16	3	middle	middle	0.941	0.176	alternative	alternative	51	123	3
NC_072003.2	89043186	89044125	1	1	+	NC_072003.2	89043211	89044125	CPNE7	XM_063717427.1	+	1	2	25	0	12	13	17	16	2	middle	last	0.941	0.118	alternative	alternative	51	481	2
NC_072003.2	89043190	89043808	2	1	+	NC_072003.2	89043330	89043463	CPNE7	XM_024233183.3	+	2	1	140	345	13	13	17	11	11	middle	middle	0.647	0.647	alternative	alternative	133	133	9
NC_072003.2	89043190	89043808	2	1	+	NC_072003.2	89043330	89043808	CPNE7	XM_054534353.2	+	2	2	140	0	13	14	17	11	1	middle	last	0.647	0.059	alternative	unique	133	170	1
NC_072003.2	89043190	89043808	2	1	+	NC_072003.2	89043330	89043761	CPNE7	XM_063717429.1	+	2	2	140	47	13	14	17	11	1	middle	middle	0.647	0.059	alternative	unique	133	123	1
NC_072004.2	11652612	11653443	1	1	+	NC_072004.2	11652680	11653409	DNAH9	XM_024235511.3	+	1	2	68	34	16	17	2	1	2	middle	middle	0.500	1.000	unique	constitutive	196	424	1
NC_072004.2	11652612	11653443	1	1	+	NC_072004.2	11652985	11653409	DNAH9	XM_054535462.2	+	1	1	373	34	2	2	2	2	2	middle	middle	1.000	1.000	constitutive	constitutive	424	424	1
NC_072004.2	16351225	16351669	2	1	+	NC_072004.2	16351242	16351669	LOC100936061	XM_063718391.1	+	2	2	17	0	10	11	3	3	1	middle	last	1.000	0.333	constitutive	unique	149	112	1
NC_072004.2	16351225	16351669	2	1	+	NC_072004.2	16351242	16351391	LOC100936061	XM_063718392.1	+	2	1	17	278	10	10	3	3	3	middle	middle	1.000	1.000	constitutive	constitutive	149	149	2
NC_072004.2	17446498	17446942	-2	1	-	NC_072004.2	17446777	17446926	LOC100443707	XM_054536256.2	-	2	1	16	279	10	10	5	5	5	middle	middle	1.000	1.000	constitutive	constitutive	149	149	2
NC_072004.2	17446498	17446942	-2	1	-	NC_072004.2	17446499	17446926	LOC100443707	XM_054536257.2	-	2	2	16	1	10	11	5	5	3	middle	last	1.000	0.600	constitutive	alternative	149	112	3
NC_072004.2	18775056	18775872	1	1	+	NC_072004.2	18775222	18775507	RASD1	XM_002827099.6	+	1	1	166	365	1	1	2	2	2	first	first	1.000	1.000	constitutive	constitutive	285	285	1
NC_072004.2	18775056	18775872	1	1	+	NC_072004.2	18775222	18775872	RASD1	XM_009251363.4	+	1	2	166	0	1	2	2	2	1	first	last	1.000	0.500	constitutive	unique	285	79	1
NC_072004.2	23055519	23056062	1	1	+	NC_072004.2	23055556	23055604	MAP2K3	XM_002827140.6	+	1	1	37	458	1	1	4	1	1	first	first	0.250	0.250	unique	unique	48	48	1
NC_072004.2	23055519	23056062	1	1	+	NC_072004.2	23055925	23055961	MAP2K3	XM_024241504.3	+	1	1	406	101	1	1	4	1	1	first	first	0.250	0.250	unique	unique	36	36	1
NC_072004.2	43219032	43219935	-3	1	-	NC_072004.2	43219083	43219803	MYO18A	XM_024234823.3	-	3	2	132	51	5	6	17	14	14	middle	middle	0.824	0.824	alternative	alternative	176	213	14
NC_072004.2	43219032	43219935	-3	1	-	NC_072004.2	43219083	43219293	MYO18A	XM_063718069.1	-	3	1	642	51	1	1	17	3	3	first	first	0.176	0.176	alternative	alternative	210	210	3
NC_072004.2	4601304	4601772	1	1	+	NC_072004.2	4601362	4601772	PSMB6	XM_002826878.6	+	1	2	58	0	5	6	2	2	1	middle	last	1.000	0.500	constitutive	unique	144	139	1
NC_072004.2	4601304	4601772	1	1	+	NC_072004.2	4601362	4601506	PSMB6	XM_009251166.3	+	1	1	58	266	5	5	2	2	2	middle	middle	1.000	1.000	constitutive	constitutive	144	144	1
NC_072004.2	46941335	46941740	3	1	+	NC_072004.2	46941417	46941740	TMEM98	XM_063718094.1	+	3	2	82	0	2	3	3	2	1	middle	last	0.667	0.333	alternative	unique	75	175	1
NC_072004.2	46941335	46941740	3	1	+	NC_072004.2	46941417	46941492	TMEM98	XM_063718095.1	+	3	1	82	248	2	2	3	2	2	middle	middle	0.667	0.667	alternative	alternative	75	75	1
NC_072004.2	4697904	4698507	1	1	+	NC_072004.2	4698106	4698416	MINK1	XM_024234999.3	+	1	2	202	91	21	22	13	5	13	middle	middle	0.385	1.000	alternative	constitutive	23	163	5
NC_072004.2	4697904	4698507	1	1	+	NC_072004.2	4698253	4698416	MINK1	XM_024235000.3	+	1	1	349	91	21	21	13	13	13	middle	middle	1.000	1.000	constitutive	constitutive	163	163	8
NC_072004.2	49143663	49144215	-3	1	-	NC_072004.2	49143673	49144176	RAD51D	NM_001131849.1	-	3	2	39	10	1	2	7	4	7	first	middle	0.571	1.000	alternative	constitutive	81	61	4
NC_072004.2	49143663	49144215	-3	1	-	NC_072004.2	49143673	49143734	RAD51D	XM_054535130.1	-	3	1	481	10	2	2	7	7	7	middle	middle	1.000	1.000	constitutive	constitutive	61	61	3
NC_072004.2	53459549	53459933	3	1	+	NC_072004.2	53459626	53459736	LOC129051371	XM_063718754.1	+	3	1	77	197	3	3	9	1	1	middle	middle	0.111	0.111	unique	unique	110	110	1
NC_072004.2	53459549	53459933	3	1	+	NC_072004.2	53459776	53459871	LOC129051371	XM_063718755.1	+	3	1	227	62	3	3	9	1	1	middle	middle	0.111	0.111	unique	unique	95	95	1
NC_072004.2	53459549	53459933	3	1	+	NC_072004.2	53459779	53459871	LOC129051371	XM_063718756.1	+	3	1	230	62	3	3	9	1	1	middle	middle	0.111	0.111	unique	unique	92	92	1
NC_072004.2	57664619	57665030	3	1	+	NC_072004.2	57664643	57664740	MKS1	XM_024234918.3	+	3	1	24	290	17	17	4	2	2	middle	middle	0.500	0.500	alternative	alternative	97	97	2
NC_072004.2	57664619	57665030	3	1	+	NC_072004.2	57664853	57665030	MKS1	XM_024234920.3	+	3	1	234	0	17	17	4	1	1	last	last	0.250	0.250	unique	unique	177	177	1
NC_072004.2	69991776	69993153	1	1	+	NC_072004.2	69991934	69993097	ERBB2	XM_024234394.3	+	1	4	158	56	4	7	9	8	8	middle	middle	0.889	0.889	alternative	alternative	134	141	8
NC_072004.2	69991776	69993153	1	1	+	NC_072004.2	69993040	69993097	ERBB2	XM_063718193.1	+	1	1	1264	56	1	1	9	1	1	first	first	0.111	0.111	unique	unique	57	57	1
NC_072004.2	70300218	70301451	-3	1	-	NC_072004.2	70300273	70300841	MED24	XM_009251834.4	-	3	2	610	55	25	26	15	9	13	middle	middle	0.600	0.867	alternative	alternative	80	148	8
NC_072004.2	70300218	70301451	-3	1	-	NC_072004.2	70300273	70300838	MED24	XM_009251835.4	-	3	2	613	55	25	26	15	6	13	middle	middle	0.400	0.867	alternative	alternative	77	148	5
NC_072004.2	70300218	70301451	-3	1	-	NC_072004.2	70300761	70300841	MED24	XM_063718201.1	-	3	1	610	543	25	25	15	9	9	middle	middle	0.600	0.600	alternative	alternative	80	80	1
NC_072004.2	70300218	70301451	-3	1	-	NC_072004.2	70300761	70300838	MED24	XM_063718202.1	-	3	1	613	543	25	25	15	6	6	middle	middle	0.400	0.400	alternative	alternative	77	77	1
NC_072004.2	7211392	7211818	2	1	+	NC_072004.2	7211535	7211817	TMEM95	XM_002826955.4	+	2	2	143	1	5	6	7	5	6	middle	middle	0.714	0.857	alternative	alternative	80	87	4
NC_072004.2	7211392	7211818	2	1	+	NC_072004.2	7211535	7211615	TMEM95	XM_009251242.4	+	2	1	143	203	5	5	7	5	5	middle	middle	0.714	0.714	alternative	alternative	80	80	1
NC_072004.2	7211392	7211818	2	1	+	NC_072004.2	7211511	7211817	TMEM95	XM_054536141.2	+	2	2	119	1	4	5	7	2	6	middle	middle	0.286	0.857	alternative	alternative	104	87	2
NC_072004.2	72830753	72831020	3	1	+	NC_072004.2	72830875	72830972	COASY	XM_009251734.3	+	3	1	122	48	7	7	4	3	3	middle	middle	0.750	0.750	alternative	alternative	97	97	3
NC_072004.2	72830753	72831020	3	1	+	NC_072004.2	72831010	72831020	COASY	XM_009251735.4	+	3	1	257	0	7	7	4	1	1	last	last	0.250	0.250	unique	unique	10	10	1
NC_072004.2	75053220	75053949	1	1	+	NC_072004.2	75053304	75053736	DBF4B	XM_024235610.3	+	1	2	84	213	11	12	12	1	1	middle	middle	0.083	0.083	unique	unique	70	124	1
NC_072004.2	75053220	75053949	1	1	+	NC_072004.2	75053304	75053412	DBF4B	XM_054537105.2	+	1	1	84	537	10	10	12	11	11	middle	middle	0.917	0.917	alternative	alternative	108	108	10
NC_072004.2	75053220	75053949	1	1	+	NC_072004.2	75053304	75053736	DBF4B	XM_063718240.1	+	1	2	84	213	11	12	12	11	1	middle	middle	0.917	0.083	alternative	unique	108	164	1
NC_072004.2	7757609	7758740	3	1	+	NC_072004.2	7757791	7758336	CHD3	XM_024234338.3	+	3	2	182	404	38	39	21	10	7	middle	middle	0.476	0.333	alternative	alternative	163	126	7
NC_072004.2	7757609	7758740	3	1	+	NC_072004.2	7757791	7757954	CHD3	XM_063717997.1	+	3	1	182	786	38	38	21	10	10	middle	middle	0.476	0.476	alternative	alternative	163	163	3
NC_072004.2	79449886	79450600	2	1	+	NC_072004.2	79449905	79450273	PRR29	XM_024235458.3	+	2	2	19	327	2	3	4	4	3	middle	middle	1.000	0.750	constitutive	alternative	75	106	3
NC_072004.2	79449886	79450600	2	1	+	NC_072004.2	79449905	79449980	PRR29	XM_054537254.2	+	2	1	19	620	2	2	4	4	4	middle	middle	1.000	1.000	constitutive	constitutive	75	75	1
NC_072004.2	79452707	79453271	3	1	+	NC_072004.2	79453032	79453271	PRR29	XM_024235458.3	+	3	1	325	0	5	5	4	1	1	last	last	0.250	0.250	unique	unique	239	239	1
NC_072004.2	79452707	79453271	3	1	+	NC_072004.2	79452766	79453270	PRR29	XM_054537254.2	+	3	2	59	1	3	4	4	1	1	middle	middle	0.250	0.250	unique	unique	70	238	1
NC_072004.2	90286514	90287276	-1	1	-	NC_072004.2	90286608	90287045	FDXR	XM_024235167.3	-	1	2	231	94	4	5	14	10	14	middle	middle	0.714	1.000	alternative	constitutive	122	113	10
NC_072004.2	90286514	90287276	-1	1	-	NC_072004.2	90286608	90286721	FDXR	XM_054535738.2	-	1	1	555	94	4	4	14	14	14	middle	middle	1.000	1.000	constitutive	constitutive	113	113	4
NC_072004.2	90292427	90292859	-1	1	-	NC_072004.2	90292503	90292600	FDXR	XM_024235167.3	-	1	1	259	76	2	2	14	11	11	middle	middle	0.786	0.786	alternative	alternative	97	97	11
NC_072004.2	90292427	90292859	-1	1	-	NC_072004.2	90292503	90292768	FDXR	XM_063718269.1	-	1	2	91	76	2	3	14	1	1	middle	middle	0.071	0.071	unique	unique	103	71	1
NC_072004.2	90549434	90549875	-1	1	-	NC_072004.2	90549435	90549809	NT5C	XM_002827820.5	-	1	2	66	1	4	5	3	1	2	middle	last	0.333	0.667	unique	alternative	114	151	1
NC_072004.2	90549434	90549875	-1	1	-	NC_072004.2	90549435	90549586	NT5C	XM_054535753.2	-	1	1	289	1	4	4	3	2	2	last	last	0.667	0.667	alternative	alternative	151	151	1
NC_072004.2	93669003	93669753	1	1	+	NC_072004.2	93669191	93669733	TMEM235	XM_054537447.2	+	1	2	188	20	5	6	5	1	1	middle	middle	0.200	0.200	unique	unique	113	86	1
NC_072004.2	93669003	93669753	1	1	+	NC_072004.2	93669242	93669304	TMEM235	XM_054537448.2	+	1	1	239	449	5	5	5	1	1	middle	middle	0.200	0.200	unique	unique	62	62	1
NC_072004.2	96700952	96701774	-1	1	-	NC_072004.2	96701507	96701600	TEPSIN	XM_024235600.3	-	1	1	174	555	4	4	4	4	4	middle	middle	1.000	1.000	constitutive	constitutive	93	93	2
NC_072004.2	96700952	96701774	-1	1	-	NC_072004.2	96701009	96701600	TEPSIN	XM_063718997.1	-	1	2	174	57	4	5	4	4	2	middle	middle	1.000	0.500	constitutive	alternative	93	95	2
NC_072004.2	97169737	97170139	2	1	+	NC_072004.2	97169756	97170055	HGS	XM_024234389.3	+	2	2	19	84	13	14	4	4	2	middle	middle	1.000	0.500	constitutive	alternative	143	59	2
NC_072004.2	97169737	97170139	2	1	+	NC_072004.2	97169756	97169899	HGS	XM_054537403.2	+	2	1	19	240	13	13	4	4	4	middle	middle	1.000	1.000	constitutive	constitutive	143	143	2
NC_072004.2	97329484	97329934	-2	1	-	NC_072004.2	97329534	97329916	PCYT2	XM_024234508.3	-	2	2	18	50	11	12	5	3	5	middle	middle	0.600	1.000	alternative	constitutive	65	88	3
NC_072004.2	97329484	97329934	-2	1	-	NC_072004.2	97329534	97329622	PCYT2	XM_024234509.3	-	2	1	312	50	11	11	5	5	5	middle	middle	1.000	1.000	constitutive	constitutive	88	88	2
NC_072004.2	97580725	97582999	-2	1	-	NC_072004.2	97582774	97582987	CCDC57	XM_024234549.3	-	2	1	12	2049	14	14	6	6	6	middle	middle	1.000	1.000	constitutive	constitutive	213	213	5
NC_072004.2	97580725	97582999	-2	1	-	NC_072004.2	97580726	97582987	CCDC57	XM_054537425.2	-	2	2	12	1	14	15	6	6	1	middle	last	1.000	0.167	constitutive	unique	213	58	1
NC_072004.2	97867797	97868277	1	1	+	NC_072004.2	97868059	97868242	HEXD	XM_024234554.3	+	1	1	262	35	5	5	7	6	6	middle	middle	0.857	0.857	alternative	alternative	183	183	5
NC_072004.2	97867797	97868277	1	1	+	NC_072004.2	97867801	97868242	HEXD	XM_063718349.1	+	1	2	4	35	1	2	7	1	6	first	middle	0.143	0.857	unique	alternative	116	183	1
NC_072004.2	97867797	97868277	1	1	+	NC_072004.2	97867990	97868242	HEXD	XM_063718350.1	+	1	1	193	35	1	1	7	1	1	first	first	0.143	0.143	unique	unique	252	252	1
NC_072005.2	1016060	1016801	3	1	+	NC_072005.2	1016187	1016714	MIDN	XM_024236991.3	+	3	2	127	87	4	5	6	3	6	middle	middle	0.500	1.000	alternative	constitutive	128	314	3
NC_072005.2	1016060	1016801	3	1	+	NC_072005.2	1016400	1016714	MIDN	XM_024236993.3	+	3	1	340	87	4	4	6	6	6	middle	middle	1.000	1.000	constitutive	constitutive	314	314	3
NC_072005.2	10325136	10326006	1	1	+	NC_072005.2	10325186	10325923	ICAM5	XM_024238397.3	+	1	2	50	83	2	3	2	1	2	middle	middle	0.500	1.000	unique	constitutive	269	320	1
NC_072005.2	10325136	10326006	1	1	+	NC_072005.2	10325603	10325923	ICAM5	XM_063719296.1	+	1	1	467	83	2	2	2	2	2	middle	middle	1.000	1.000	constitutive	constitutive	320	320	1
NC_072005.2	10349424	10350114	-1	1	-	NC_072005.2	10349541	10349647	FDX2	XM_024236844.3	-	1	1	467	117	3	3	3	2	2	middle	middle	0.667	0.667	alternative	alternative	106	106	2
NC_072005.2	10349424	10350114	-1	1	-	NC_072005.2	10349541	10349913	FDX2	XM_063719929.1	-	1	2	201	117	2	3	3	1	1	middle	middle	0.333	0.333	unique	unique	54	167	1
NC_072005.2	11211749	11212277	-2	1	-	NC_072005.2	11211771	11212142	KANK2	XM_024237171.3	-	2	2	135	22	9	10	20	20	15	middle	middle	1.000	0.750	constitutive	alternative	200	89	15
NC_072005.2	11211749	11212277	-2	1	-	NC_072005.2	11211942	11212142	KANK2	XM_063719947.1	-	2	1	135	193	9	9	20	20	20	middle	middle	1.000	1.000	constitutive	constitutive	200	200	5
NC_072005.2	1250488	1250929	-3	1	-	NC_072005.2	1250755	1250858	PCSK4	XM_024236783.3	-	3	1	71	267	10	10	9	8	8	middle	middle	0.889	0.889	alternative	alternative	103	103	8
NC_072005.2	1250488	1250929	-3	1	-	NC_072005.2	1250567	1250684	PCSK4	XM_054538577.2	-	3	1	245	79	11	11	9	1	1	middle	middle	0.111	0.111	unique	unique	117	117	1
NC_072005.2	1254485	1255283	-2	1	-	NC_072005.2	1254573	1255033	PCSK4	XM_024236783.3	-	2	2	250	88	7	8	9	9	8	middle	middle	1.000	0.889	constitutive	alternative	172	212	8
NC_072005.2	1254485	1255283	-2	1	-	NC_072005.2	1254861	1255033	PCSK4	XM_054538577.2	-	2	1	250	376	7	7	9	9	9	middle	middle	1.000	1.000	constitutive	constitutive	172	172	1
NC_072005.2	12712898	12713276	-2	1	-	NC_072005.2	12713121	12713246	DHPS	XM_002828726.6	-	2	1	30	223	8	8	4	2	2	middle	middle	0.500	0.500	alternative	alternative	125	125	2
NC_072005.2	12712898	12713276	-2	1	-	NC_072005.2	12712899	12713037	DHPS	XM_054539826.2	-	2	1	239	1	9	9	4	1	1	last	last	0.250	0.250	unique	unique	138	138	1
NC_072005.2	12912555	12913125	-1	1	-	NC_072005.2	12912703	12913022	DNASE2	NM_001131328.1	-	1	2	103	148	4	5	2	1	1	middle	middle	0.500	0.500	unique	unique	164	64	1
NC_072005.2	12912555	12913125	-1	1	-	NC_072005.2	12912570	12912767	DNASE2	XM_009252856.4	-	1	1	358	15	4	4	2	1	1	middle	middle	0.500	0.500	unique	unique	197	197	1
NC_072005.2	15306548	15307100	3	1	+	NC_072005.2	15306600	15307079	SYDE1	XM_024237353.3	+	3	2	52	21	5	6	4	4	1	middle	middle	1.000	0.250	constitutive	unique	126	223	1
NC_072005.2	15306548	15307100	3	1	+	NC_072005.2	15306600	15307079	SYDE1	XM_024237354.3	+	3	2	52	21	5	6	4	4	2	middle	middle	1.000	0.500	constitutive	alternative	126	160	2
NC_072005.2	15306548	15307100	3	1	+	NC_072005.2	15306600	15306726	SYDE1	XM_054538707.2	+	3	1	52	374	5	5	4	4	4	middle	middle	1.000	1.000	constitutive	constitutive	126	126	1
NC_072005.2	17108565	17109294	-1	1	-	NC_072005.2	17108779	17109075	CPAMD8	XM_054539883.2	-	1	2	219	214	33	34	6	6	5	middle	middle	1.000	0.833	constitutive	alternative	155	62	5
NC_072005.2	17108565	17109294	-1	1	-	NC_072005.2	17108920	17109075	CPAMD8	XM_054539885.2	-	1	1	219	355	33	33	6	6	6	middle	middle	1.000	1.000	constitutive	constitutive	155	155	1
NC_072005.2	18824326	18824917	-3	1	-	NC_072005.2	18824428	18824796	CRLF1	XM_024236974.3	-	3	2	121	102	7	8	15	15	7	middle	middle	1.000	0.467	constitutive	alternative	187	42	7
NC_072005.2	18824326	18824917	-3	1	-	NC_072005.2	18824609	18824796	CRLF1	XM_054539943.2	-	3	1	121	283	8	8	15	15	15	middle	middle	1.000	1.000	constitutive	constitutive	187	187	8
NC_072005.2	19004642	19005524	3	1	+	NC_072005.2	19004781	19004867	CRTC1	XM_024236653.3	+	3	1	139	657	13	13	15	9	9	middle	middle	0.600	0.600	alternative	alternative	86	86	9
NC_072005.2	19004642	19005524	3	1	+	NC_072005.2	19005509	19005524	CRTC1	XM_054539959.2	+	3	1	867	0	15	15	15	1	1	last	last	0.067	0.067	unique	unique	15	15	1
NC_072005.2	3528733	3529342	-3	1	-	NC_072005.2	3528735	3529179	PIP5K1C	XM_024237659.3	-	3	2	163	2	13	14	4	4	2	middle	middle	1.000	0.500	constitutive	alternative	138	32	2
NC_072005.2	3528733	3529342	-3	1	-	NC_072005.2	3529041	3529179	PIP5K1C	XM_054539342.2	-	3	1	163	308	13	13	4	4	4	middle	middle	1.000	1.000	constitutive	constitutive	138	138	2
NC_072005.2	38522609	38523164	-2	1	-	NC_072005.2	38522733	38522882	SLC7A10	XM_009232392.4	-	2	1	282	124	9	9	2	1	1	middle	middle	0.500	0.500	unique	unique	149	149	1
NC_072005.2	38522609	38523164	-2	1	-	NC_072005.2	38523068	38523164	SLC7A10	XM_054538849.2	-	2	1	0	459	7	7	2	1	1	middle	middle	0.500	0.500	unique	unique	96	96	1
NC_072005.2	40686323	40687313	3	1	+	NC_072005.2	40686661	40687079	USF2	XM_024237849.3	+	3	2	338	234	3	4	4	4	3	middle	middle	1.000	0.750	constitutive	alternative	118	200	3
NC_072005.2	40686323	40687313	3	1	+	NC_072005.2	40686661	40686779	USF2	XM_024237854.3	+	3	1	338	534	3	3	4	4	4	middle	middle	1.000	1.000	constitutive	constitutive	118	118	1
NC_072005.2	41063623	41064046	2	1	+	NC_072005.2	41063652	41063968	RBM42	XM_002829075.6	+	2	2	29	78	5	6	3	2	1	middle	middle	0.667	0.333	alternative	unique	65	175	1
NC_072005.2	41063623	41064046	2	1	+	NC_072005.2	41063652	41063968	RBM42	XM_054540148.2	+	2	2	29	78	5	6	3	2	2	middle	middle	0.667	0.667	alternative	alternative	65	154	1
NC_072005.2	41063623	41064046	2	1	+	NC_072005.2	41063814	41063968	RBM42	XM_054540149.2	+	2	1	191	78	5	5	3	2	2	middle	middle	0.667	0.667	alternative	alternative	154	154	1
NC_072005.2	41177144	41177573	-2	1	-	NC_072005.2	41177428	41177561	U2AF1L4	XM_024236891.3	-	2	1	12	284	6	6	6	3	3	middle	middle	0.500	0.500	alternative	alternative	133	133	3
NC_072005.2	41177144	41177573	-2	1	-	NC_072005.2	41177440	41177561	U2AF1L4	XM_024236892.3	-	2	1	12	296	6	6	6	2	2	middle	middle	0.333	0.333	alternative	alternative	121	121	2
NC_072005.2	41177144	41177573	-2	1	-	NC_072005.2	41177225	41177561	U2AF1L4	XM_024236895.3	-	2	2	12	81	4	5	6	1	1	middle	middle	0.167	0.167	unique	unique	74	96	1
NC_072005.2	41313534	41314368	1	1	+	NC_072005.2	41313589	41313954	APLP1	XM_009232473.4	+	1	2	55	414	9	10	3	2	3	middle	middle	0.667	1.000	alternative	constitutive	158	128	2
NC_072005.2	41313534	41314368	1	1	+	NC_072005.2	41313826	41313954	APLP1	XM_054540209.2	+	1	1	292	414	9	9	3	3	3	middle	middle	1.000	1.000	constitutive	constitutive	128	128	1
NC_072005.2	4236593	4237151	3	1	+	NC_072005.2	4236946	4237034	FSD1	XM_009252611.3	+	3	1	353	117	12	12	4	2	2	middle	middle	0.500	0.500	alternative	alternative	88	88	2
NC_072005.2	4236593	4237151	3	1	+	NC_072005.2	4237130	4237151	FSD1	XM_054539389.1	+	3	1	537	0	13	13	4	2	2	last	last	0.500	0.500	alternative	alternative	21	21	2
NC_072005.2	43905006	43905810	1	1	+	NC_072005.2	43905064	43905810	C20H19orf33	XM_002829157.4	+	1	2	58	0	1	4	2	1	1	first	last	0.500	0.500	unique	unique	84	101	1
NC_072005.2	43905006	43905810	1	1	+	NC_072005.2	43905127	43905148	C20H19orf33	XM_054540353.1	+	1	1	121	662	1	1	2	1	1	first	first	0.500	0.500	unique	unique	21	21	1
NC_072005.2	44733570	44733897	1	1	+	NC_072005.2	44733647	44733714	ACP7	XM_024237824.3	+	1	1	77	183	9	9	2	1	1	middle	middle	0.500	0.500	unique	unique	67	67	1
NC_072005.2	44733570	44733897	1	1	+	NC_072005.2	44733825	44733896	ACP7	XM_054540382.2	+	1	1	255	1	9	9	2	1	1	middle	middle	0.500	0.500	unique	unique	71	71	1
NC_072005.2	46405885	46406602	2	1	+	NC_072005.2	46405899	46406240	LTBP4	XM_024236526.3	+	2	2	14	362	13	14	28	28	22	middle	middle	1.000	0.786	constitutive	alternative	131	125	22
NC_072005.2	46405885	46406602	2	1	+	NC_072005.2	46405899	46406030	LTBP4	XM_054540436.2	+	2	1	14	572	13	13	28	28	28	middle	middle	1.000	1.000	constitutive	constitutive	131	131	6
NC_072005.2	47812526	47812928	3	1	+	NC_072005.2	47812608	47812818	ARHGEF1	XM_024237141.3	+	3	2	82	110	9	10	7	7	2	middle	middle	1.000	0.286	constitutive	alternative	96	35	2
NC_072005.2	47812526	47812928	3	1	+	NC_072005.2	47812608	47812818	ARHGEF1	XM_063719511.1	+	3	2	82	110	9	10	7	7	3	middle	middle	1.000	0.429	constitutive	alternative	96	29	3
NC_072005.2	47812526	47812928	3	1	+	NC_072005.2	47812608	47812704	ARHGEF1	XM_063719513.1	+	3	1	82	224	9	9	7	7	7	middle	middle	1.000	1.000	constitutive	constitutive	96	96	2
NC_072005.2	51208421	51209336	-2	1	-	NC_072005.2	51208583	51208676	TRAPPC6A	XM_002829394.6	-	2	1	660	162	5	5	6	3	3	middle	middle	0.500	0.500	alternative	alternative	93	93	3
NC_072005.2	51208421	51209336	-2	1	-	NC_072005.2	51208832	51208915	TRAPPC6A	XM_009232775.4	-	2	1	421	411	3	3	6	1	1	middle	middle	0.167	0.167	unique	unique	83	83	1
NC_072005.2	51208421	51209336	-2	1	-	NC_072005.2	51208832	51208952	TRAPPC6A	XM_054540692.2	-	2	1	384	411	4	4	6	2	2	middle	middle	0.333	0.333	alternative	alternative	120	120	2
NC_072005.2	53230392	53230860	-1	1	-	NC_072005.2	53230676	53230836	ZC3H4	XM_024236405.3	-	1	1	24	284	1	1	9	2	2	first	first	0.222	0.222	alternative	alternative	160	160	2
NC_072005.2	53230392	53230860	-1	1	-	NC_072005.2	53230394	53230407	ZC3H4	XM_024236410.3	-	1	1	453	2	1	1	9	1	1	first	first	0.111	0.111	unique	unique	13	13	1
NC_072005.2	53379270	53380245	1	1	+	NC_072005.2	53379271	53379789	CCDC9	XM_024238119.3	+	1	2	1	456	3	4	7	6	6	middle	middle	0.857	0.857	alternative	alternative	101	251	6
NC_072005.2	53379270	53380245	1	1	+	NC_072005.2	53379640	53379789	CCDC9	XM_054540788.2	+	1	1	370	456	1	1	7	1	1	first	first	0.143	0.143	unique	unique	149	149	1
NC_072005.2	55346821	55349362	-3	1	-	NC_072005.2	55346936	55349101	HRC	XM_024238164.3	-	3	2	261	115	1	2	3	3	2	first	middle	1.000	0.667	constitutive	alternative	2019	70	2
NC_072005.2	55346821	55349362	-3	1	-	NC_072005.2	55347082	55349101	HRC	XM_054540920.2	-	3	1	261	261	1	1	3	3	3	first	first	1.000	1.000	constitutive	constitutive	2019	2019	1
NC_072005.2	55378016	55378808	3	1	+	NC_072005.2	55378047	55378682	TRPM4	XM_024237050.3	+	3	2	31	126	11	12	4	2	4	middle	middle	0.500	1.000	alternative	constitutive	344	134	2
NC_072005.2	55378016	55378808	3	1	+	NC_072005.2	55378548	55378682	TRPM4	XM_024237052.3	+	3	1	532	126	1	1	4	4	4	first	first	1.000	1.000	constitutive	constitutive	134	134	1
NC_072005.2	55378016	55378808	3	1	+	NC_072005.2	55378071	55378682	TRPM4	XM_054540922.2	+	3	2	55	126	1	2	4	1	4	first	middle	0.250	1.000	unique	constitutive	320	134	1
NC_072005.2	55527267	55528227	1	1	+	NC_072005.2	55527856	55527928	CD37	XM_024236759.3	+	1	1	589	299	3	3	8	5	5	middle	middle	0.625	0.625	alternative	alternative	72	72	3
NC_072005.2	55527267	55528227	1	1	+	NC_072005.2	55527637	55527751	CD37	XM_054540939.2	+	1	1	370	476	2	2	8	3	3	middle	middle	0.375	0.375	alternative	alternative	114	114	3
NC_072005.2	55527267	55528227	1	1	+	NC_072005.2	55527637	55527928	CD37	XM_054540940.2	+	1	2	370	299	2	3	8	2	5	middle	middle	0.250	0.625	alternative	alternative	80	72	2
NC_072005.2	55631484	55632222	-1	1	-	NC_072005.2	55631536	55631969	SLC17A7	XM_024238107.2	-	1	2	253	52	10	11	4	3	4	middle	middle	0.750	1.000	alternative	constitutive	110	127	3
NC_072005.2	55631484	55632222	-1	1	-	NC_072005.2	55631536	55631663	SLC17A7	XM_063719611.1	-	1	1	559	52	10	10	4	4	4	middle	middle	1.000	1.000	constitutive	constitutive	127	127	1
NC_072005.2	55681899	55682322	1	1	+	NC_072005.2	55682024	55682322	FLT3LG	XM_024238114.3	+	1	2	125	0	6	7	13	5	3	middle	last	0.385	0.231	alternative	alternative	178	44	3
NC_072005.2	55681899	55682322	1	1	+	NC_072005.2	55682024	55682202	FLT3LG	XM_054540974.2	+	1	1	125	120	6	6	13	5	5	middle	middle	0.385	0.385	alternative	alternative	178	178	2
NC_072005.2	56076677	56077052	3	1	+	NC_072005.2	56076723	56076920	PTOV1	XM_054541026.2	+	3	1	46	132	11	11	5	4	4	middle	middle	0.800	0.800	alternative	alternative	197	197	4
NC_072005.2	56076677	56077052	3	1	+	NC_072005.2	56077004	56077052	PTOV1	XM_054541036.2	+	3	1	327	0	13	13	5	1	1	last	last	0.200	0.200	unique	unique	48	48	1
NC_072005.2	56384860	56385661	2	1	+	NC_072005.2	56384871	56384969	MYH14	XM_024237970.3	+	2	1	11	692	8	8	6	4	4	middle	middle	0.667	0.667	alternative	alternative	98	98	4
NC_072005.2	56384860	56385661	2	1	+	NC_072005.2	56385170	56385344	MYH14	XM_054538929.2	+	2	1	310	317	4	4	6	2	2	middle	middle	0.333	0.333	alternative	alternative	174	174	2
NC_072005.2	56620308	56620863	1	1	+	NC_072005.2	56620309	56620803	MYBPC2	XM_024238165.3	+	1	2	1	60	25	26	5	3	2	middle	middle	0.600	0.400	alternative	alternative	159	136	2
NC_072005.2	56620308	56620863	1	1	+	NC_072005.2	56620309	56620468	MYBPC2	XM_063720226.1	+	1	1	1	395	25	25	5	3	3	middle	middle	0.600	0.600	alternative	alternative	159	159	1
NC_072005.2	60590801	60591092	-2	1	-	NC_072005.2	60590946	60590998	LILRB3	XM_024237729.3	-	2	1	94	145	12	12	4	4	4	middle	middle	1.000	1.000	constitutive	constitutive	52	52	3
NC_072005.2	60590801	60591092	-2	1	-	NC_072005.2	60590802	60590998	LILRB3	XM_054538976.2	-	2	2	94	1	12	13	4	4	1	middle	last	1.000	0.250	constitutive	unique	52	50	1
NC_072005.2	60838933	60839383	-3	1	-	NC_072005.2	60839176	60839213	LOC100460725	XM_003779254.4	-	3	1	170	243	7	7	5	4	4	middle	middle	0.800	0.800	alternative	alternative	37	37	3
NC_072005.2	60838933	60839383	-3	1	-	NC_072005.2	60838934	60839213	LOC100460725	XM_054539005.2	-	3	2	170	1	7	8	5	4	1	middle	last	0.800	0.200	alternative	unique	37	52	1
NC_072005.2	60922365	60922818	1	1	+	NC_072005.2	60922471	60922613	TTYH1	XM_024237760.2	+	1	1	106	205	11	11	10	6	6	middle	middle	0.600	0.600	alternative	alternative	142	142	4
NC_072005.2	60922365	60922818	1	1	+	NC_072005.2	60922471	60922800	TTYH1	XM_024237761.3	+	1	2	106	18	11	12	10	6	2	middle	middle	0.600	0.200	alternative	alternative	142	45	2
NC_072005.2	6114252	6114564	1	1	+	NC_072005.2	6114302	6114564	ACSBG2	XM_054539451.1	+	1	2	50	0	11	12	12	1	2	middle	last	0.083	0.167	unique	alternative	92	82	1
NC_072005.2	6114252	6114564	1	1	+	NC_072005.2	6114482	6114564	ACSBG2	XM_054539452.1	+	1	1	230	0	11	11	12	2	2	last	last	0.167	0.167	alternative	alternative	82	82	1
NC_072005.2	61653880	61654690	-3	1	-	NC_072005.2	61654307	61654660	DNAAF3	XM_009233134.4	-	3	2	30	427	5	6	10	8	10	middle	middle	0.800	1.000	alternative	constitutive	125	122	8
NC_072005.2	61653880	61654690	-3	1	-	NC_072005.2	61654307	61654429	DNAAF3	XM_054539067.2	-	3	1	261	427	5	5	10	10	10	middle	middle	1.000	1.000	constitutive	constitutive	122	122	2
NC_072005.2	61859748	61860432	-1	1	-	NC_072005.2	61860343	61860407	GARIN5B	XM_054539077.2	-	1	1	25	595	5	5	4	2	2	middle	middle	0.500	0.500	alternative	alternative	64	64	2
NC_072005.2	61859748	61860432	-1	1	-	NC_072005.2	61860022	61860074	GARIN5B	XM_054539079.2	-	1	1	358	274	6	6	4	1	1	middle	middle	0.250	0.250	unique	unique	52	52	1
NC_072005.2	61859785	61860376	-3	1	-	NC_072005.2	61860022	61860074	GARIN5B	XM_054539077.2	-	3	1	302	237	7	7	4	2	2	middle	middle	0.500	0.500	alternative	alternative	52	52	2
NC_072005.2	61859785	61860376	-3	1	-	NC_072005.2	61860169	61860272	GARIN5B	XM_054539078.2	-	3	1	104	384	5	5	4	2	2	middle	middle	0.500	0.500	alternative	alternative	103	103	2
NC_072005.2	817713	819993	1	1	+	NC_072005.2	819661	819980	ABCA7	XM_024238278.3	+	1	2	1948	13	42	43	9	5	4	middle	middle	0.556	0.444	alternative	alternative	134	103	4
NC_072005.2	817713	819993	1	1	+	NC_072005.2	819661	819795	ABCA7	XM_063719813.1	+	1	1	1948	198	42	42	9	5	5	middle	middle	0.556	0.556	alternative	alternative	134	134	1
NC_072005.2	821025	821538	1	1	+	NC_072005.2	821386	821538	ABCA7	XM_024238278.3	+	1	1	361	0	46	46	9	4	4	last	last	0.444	0.444	alternative	alternative	152	152	4
NC_072005.2	821025	821538	1	1	+	NC_072005.2	821047	821287	ABCA7	XM_063719813.1	+	1	1	22	251	43	43	9	1	1	middle	middle	0.111	0.111	unique	unique	240	240	1
NC_072005.2	827093	827849	3	1	+	NC_072005.2	827241	827448	ARHGAP45	XM_054538480.2	+	3	1	148	401	1	1	9	2	2	first	first	0.222	0.222	alternative	alternative	207	207	2
NC_072005.2	827093	827849	3	1	+	NC_072005.2	827106	827214	ARHGAP45	XM_054538483.2	+	3	1	13	635	1	1	9	1	1	first	first	0.111	0.111	unique	unique	108	108	1
NC_072005.2	8588606	8588999	-2	1	-	NC_072005.2	8588608	8588954	ADAMTS10	XM_024238097.3	-	2	2	45	2	19	20	5	5	4	middle	middle	1.000	0.800	constitutive	alternative	126	129	4
NC_072005.2	8588606	8588999	-2	1	-	NC_072005.2	8588828	8588954	ADAMTS10	XM_054538631.2	-	2	1	45	222	19	19	5	5	5	middle	middle	1.000	1.000	constitutive	constitutive	126	126	1
NC_072005.2	860184	861375	1	1	+	NC_072005.2	861067	861261	GPX4	XM_003780417.5	+	1	1	883	114	1	1	2	1	1	first	first	0.500	0.500	unique	unique	194	194	1
NC_072005.2	860184	861375	1	1	+	NC_072005.2	860290	860373	GPX4	XM_024237258.2	+	1	1	106	1002	1	1	2	1	1	first	first	0.500	0.500	unique	unique	83	83	1
NC_072005.2	9990698	9991136	-2	1	-	NC_072005.2	9990900	9990935	COL5A3	XM_009252766.4	-	2	1	201	202	61	61	2	2	2	middle	middle	1.000	1.000	constitutive	constitutive	35	35	1
NC_072005.2	9990698	9991136	-2	1	-	NC_072005.2	9990699	9990935	COL5A3	XM_054539623.2	-	2	2	201	1	61	62	2	2	1	middle	last	1.000	0.500	constitutive	unique	35	47	1
NC_072006.2	31751630	31752116	3	1	+	NC_072006.2	31751862	31751933	ADAM33	XM_002830077.5	+	3	1	232	183	8	8	17	16	16	middle	middle	0.941	0.941	alternative	alternative	71	71	16
NC_072006.2	31751630	31752116	3	1	+	NC_072006.2	31751713	31751778	ADAM33	XM_063720722.1	+	3	1	83	338	3	3	17	1	1	middle	middle	0.059	0.059	unique	unique	65	65	1
NC_072006.2	35049569	35050097	-3	1	-	NC_072006.2	35049963	35050084	RBCK1	XM_002830158.6	-	3	1	13	394	5	5	7	5	5	middle	middle	0.714	0.714	alternative	alternative	121	121	5
NC_072006.2	35049569	35050097	-3	1	-	NC_072006.2	35049700	35049873	RBCK1	XM_054541734.2	-	3	1	224	131	3	3	7	1	1	middle	middle	0.143	0.143	unique	unique	173	173	1
NC_072006.2	37577824	37578190	-1	1	-	NC_072006.2	37577957	37578144	SNTA1	XM_009233498.4	-	1	1	46	133	7	7	4	2	2	middle	middle	0.500	0.500	alternative	alternative	187	187	2
NC_072006.2	37577824	37578190	-1	1	-	NC_072006.2	37577825	37577855	SNTA1	XM_024238737.3	-	1	1	335	1	8	8	4	1	1	last	last	0.250	0.250	unique	unique	30	30	1
NC_072006.2	37577824	37578190	-1	1	-	NC_072006.2	37577825	37577852	SNTA1	XM_054542148.2	-	1	1	338	1	8	8	4	1	1	last	last	0.250	0.250	unique	unique	27	27	1
NC_072006.2	49584813	49585488	1	1	+	NC_072006.2	49584850	49585005	RBPJL	NM_001168573.1	+	1	1	37	483	10	10	2	2	2	middle	middle	1.000	1.000	constitutive	constitutive	155	155	1
NC_072006.2	49584813	49585488	1	1	+	NC_072006.2	49584850	49585488	RBPJL	XM_024238443.2	+	1	2	37	0	10	12	2	2	1	middle	last	1.000	0.500	constitutive	unique	155	122	1
NC_072006.2	49690247	49691150	3	1	+	NC_072006.2	49690322	49690865	PIGT	NM_001132530.1	+	3	2	75	285	3	4	7	4	6	middle	middle	0.571	0.857	alternative	alternative	127	100	4
NC_072006.2	49690247	49691150	3	1	+	NC_072006.2	49690765	49690865	PIGT	XM_063720432.1	+	3	1	518	285	3	3	7	6	6	middle	middle	0.857	0.857	alternative	alternative	100	100	2
NC_072006.2	50218979	50219387	3	1	+	NC_072006.2	50219031	50219093	PCIF1	NM_001133358.1	+	3	1	52	294	11	11	5	1	1	last	last	0.200	0.200	unique	unique	62	62	1
NC_072006.2	50218979	50219387	3	1	+	NC_072006.2	50219031	50219386	PCIF1	XM_054541493.2	+	3	2	52	1	11	12	5	4	4	middle	middle	0.800	0.800	alternative	alternative	86	184	4
NC_072006.2	50402383	50402632	2	1	+	NC_072006.2	50402415	50402513	CD40	XM_024239159.3	+	2	1	32	119	7	7	6	1	1	middle	middle	0.167	0.167	unique	unique	98	98	1
NC_072006.2	50402383	50402632	2	1	+	NC_072006.2	50402415	50402501	CD40	XM_024239160.3	+	2	1	32	131	7	7	6	2	2	middle	middle	0.333	0.333	alternative	alternative	86	86	1
NC_072006.2	50402383	50402632	2	1	+	NC_072006.2	50402608	50402632	CD40	XM_024239161.3	+	2	1	225	0	8	8	6	1	1	last	last	0.167	0.167	unique	unique	24	24	1
NC_072006.2	50402383	50402632	2	1	+	NC_072006.2	50402415	50402632	CD40	XM_054541858.2	+	2	2	32	0	7	8	6	2	1	middle	last	0.333	0.167	alternative	unique	86	19	1
NC_072006.2	67289970	67290285	-2	1	-	NC_072006.2	67290076	67290217	TCFL5	XM_024238933.3	-	2	1	68	106	5	5	9	9	9	middle	middle	1.000	1.000	constitutive	constitutive	141	141	8
NC_072006.2	67289970	67290285	-2	1	-	NC_072006.2	67289971	67290217	TCFL5	XM_063720576.1	-	2	2	68	1	5	6	9	9	1	middle	last	1.000	0.111	constitutive	unique	141	32	1
NC_072006.2	67686516	67687401	1	1	+	NC_072006.2	67686590	67687164	BIRC7	XM_003779398.3	+	1	2	74	237	2	3	6	3	1	middle	middle	0.500	0.167	alternative	unique	99	81	1
NC_072006.2	67686516	67687401	1	1	+	NC_072006.2	67686590	67687164	BIRC7	XM_054542340.2	+	1	1	74	237	2	2	6	2	2	middle	middle	0.333	0.333	alternative	alternative	574	574	2
NC_072006.2	67686516	67687401	1	1	+	NC_072006.2	67686590	67687164	BIRC7	XM_054542341.2	+	1	2	74	237	2	3	6	3	1	middle	middle	0.500	0.167	alternative	unique	99	366	1
NC_072006.2	67686516	67687401	1	1	+	NC_072006.2	67686590	67687302	BIRC7	XM_054542342.2	+	1	2	74	99	2	4	6	1	2	middle	middle	0.167	0.333	unique	alternative	251	45	1
NC_072006.2	67686516	67687401	1	1	+	NC_072006.2	67686590	67687302	BIRC7	XM_054542344.2	+	1	3	74	99	2	5	6	3	2	middle	middle	0.500	0.333	alternative	alternative	99	45	1
NC_072006.2	68157359	68157692	3	1	+	NC_072006.2	68157376	68157531	RTEL1	NM_001131457.1	+	3	1	17	161	32	32	9	5	5	middle	middle	0.556	0.556	alternative	alternative	155	155	5
NC_072006.2	68157359	68157692	3	1	+	NC_072006.2	68157638	68157692	RTEL1	XM_054541401.1	+	3	1	279	0	32	32	9	4	4	last	last	0.444	0.444	alternative	alternative	54	54	4
NC_072006.2	68157591	68158092	1	1	+	NC_072006.2	68157638	68157960	RTEL1	NM_001131457.1	+	1	1	47	132	33	33	9	3	3	middle	middle	0.333	0.333	alternative	alternative	322	322	3
NC_072006.2	68157591	68158092	1	1	+	NC_072006.2	68157638	68158092	RTEL1	XM_054541400.2	+	1	2	47	0	32	33	9	2	2	middle	last	0.222	0.222	alternative	alternative	152	4	2
NC_072006.2	68198360	68198636	3	1	+	NC_072006.2	68198396	68198435	LIME1	NM_001133119.1	+	3	1	36	201	2	2	3	1	1	last	last	0.333	0.333	unique	unique	39	39	1
NC_072006.2	68198360	68198636	3	1	+	NC_072006.2	68198396	68198477	LIME1	XM_024238524.2	+	3	1	36	159	2	2	3	2	2	middle	middle	0.667	0.667	alternative	alternative	81	81	1
NC_072006.2	68198360	68198636	3	1	+	NC_072006.2	68198396	68198635	LIME1	XM_054541482.1	+	3	2	36	1	2	3	3	2	1	middle	middle	0.667	0.333	alternative	unique	81	52	1
NC_072007.2	53135364	53136066	1	1	+	NC_072007.2	53135699	53136053	PDE9A	XM_024239428.3	+	1	2	335	13	5	6	9	4	7	middle	middle	0.444	0.778	alternative	alternative	179	54	4
NC_072007.2	53135364	53136066	1	1	+	NC_072007.2	53135999	53136053	PDE9A	XM_024239430.3	+	1	1	635	13	5	5	9	7	7	middle	middle	0.778	0.778	alternative	alternative	54	54	3
NC_072008.2	160347010	160347763	2	1	+	NC_072008.2	160347133	160347412	PLXNB3	XM_024240645.3	+	2	2	123	351	33	34	15	6	5	middle	middle	0.400	0.333	alternative	alternative	75	74	5
NC_072008.2	160347010	160347763	2	1	+	NC_072008.2	160347133	160347412	PLXNB3	XM_063721121.1	+	2	1	123	351	29	29	15	6	6	middle	middle	0.400	0.400	alternative	alternative	279	279	6
NC_072008.2	160347010	160347763	2	1	+	NC_072008.2	160347133	160347763	PLXNB3	XM_063721122.1	+	2	2	123	0	29	30	15	2	3	middle	last	0.133	0.200	alternative	alternative	266	90	2
NC_072008.2	160347010	160347763	2	1	+	NC_072008.2	160347133	160347763	PLXNB3	XM_063721126.1	+	2	3	123	0	29	31	15	6	3	middle	last	0.400	0.200	alternative	alternative	75	90	1
NC_072008.2	160477430	160477922	-3	1	-	NC_072008.2	160477432	160477776	ARHGAP4	XM_024240754.3	-	3	2	146	2	18	19	3	3	2	middle	middle	1.000	0.667	constitutive	alternative	73	183	2
NC_072008.2	160477430	160477922	-3	1	-	NC_072008.2	160477703	160477776	ARHGAP4	XM_054545239.2	-	3	1	146	273	18	18	3	3	3	middle	middle	1.000	1.000	constitutive	constitutive	73	73	1
NC_072008.2	160480869	160481829	-2	1	-	NC_072008.2	160481113	160481583	ARHGAP4	XM_024240754.3	-	2	2	246	244	8	9	3	2	3	middle	middle	0.667	1.000	alternative	constitutive	101	191	2
NC_072008.2	160480869	160481829	-2	1	-	NC_072008.2	160481113	160481304	ARHGAP4	XM_024240755.3	-	2	1	525	244	8	8	3	3	3	middle	middle	1.000	1.000	constitutive	constitutive	191	191	1
NC_072008.2	48607471	48607873	-1	1	-	NC_072008.2	48607486	48607873	LOC129047243	XM_002831588.1	-	1	2	0	15	2	3	3	1	3	middle	middle	0.333	1.000	unique	constitutive	134	114	1
NC_072008.2	48607471	48607873	-1	1	-	NC_072008.2	48607486	48607600	LOC129047243	XM_024240967.1	-	1	1	273	15	2	2	3	3	3	middle	middle	1.000	1.000	constitutive	constitutive	114	114	2
NC_072008.2	48727450	48727852	2	1	+	NC_072008.2	48727451	48727838	LOC100441307	XM_054544210.1	+	2	2	1	14	2	3	3	1	3	middle	middle	0.333	1.000	unique	constitutive	134	114	1
NC_072008.2	48727450	48727852	2	1	+	NC_072008.2	48727724	48727838	LOC100441307	XM_054544211.1	+	2	1	274	14	2	2	3	3	3	middle	middle	1.000	1.000	constitutive	constitutive	114	114	2
NC_072008.2	49010152	49011010	2	1	+	NC_072008.2	49010495	49010630	PORCN	XM_002831598.4	+	2	1	343	380	1	1	14	4	4	first	first	0.286	0.286	alternative	alternative	135	135	4
NC_072008.2	49010152	49011010	2	1	+	NC_072008.2	49010156	49010630	PORCN	XM_054544510.2	+	2	2	4	380	1	2	14	3	3	first	middle	0.214	0.214	alternative	alternative	67	172	3
NC_072008.2	49648562	49649360	3	1	+	NC_072008.2	49649016	49649187	MAGIX	XM_002831622.6	+	3	1	454	173	2	2	6	6	6	middle	middle	1.000	1.000	constitutive	constitutive	171	171	1
NC_072008.2	49648562	49649360	3	1	+	NC_072008.2	49648587	49649187	MAGIX	XM_009234835.4	+	3	2	25	173	1	2	6	3	6	first	middle	0.500	1.000	alternative	constitutive	329	171	3
NC_072008.2	49648562	49649360	3	1	+	NC_072008.2	49648689	49649187	MAGIX	XM_054544539.2	+	3	2	127	173	2	3	6	2	6	middle	middle	0.333	1.000	alternative	constitutive	227	171	2
NC_085928.1	102410683	102411346	2	1	+	NC_085928.1	102410813	102411259	PCBP4	XM_002813669.5	+	2	2	130	87	4	5	12	8	12	middle	middle	0.667	1.000	alternative	constitutive	116	131	8
NC_085928.1	102410683	102411346	2	1	+	NC_085928.1	102411128	102411259	PCBP4	XM_054552164.2	+	2	1	445	87	4	4	12	12	12	middle	middle	1.000	1.000	constitutive	constitutive	131	131	4
NC_085928.1	10242858	10243206	1	1	+	NC_085928.1	10242886	10243141	TPRA1	XM_024244256.3	+	1	2	28	65	3	4	7	6	6	middle	middle	0.857	0.857	alternative	alternative	86	72	5
NC_085928.1	10242858	10243206	1	1	+	NC_085928.1	10243069	10243141	TPRA1	XM_054551300.2	+	1	1	211	65	3	3	7	6	6	middle	middle	0.857	0.857	alternative	alternative	72	72	1
NC_085928.1	10242858	10243206	1	1	+	NC_085928.1	10242886	10242972	TPRA1	XM_054551301.2	+	1	1	28	234	3	3	7	6	6	middle	middle	0.857	0.857	alternative	alternative	86	86	1
NC_085928.1	10244353	10244740	2	1	+	NC_085928.1	10244419	10244521	TPRA1	XM_024244256.3	+	2	1	66	219	8	8	7	5	5	middle	middle	0.714	0.714	alternative	alternative	102	102	5
NC_085928.1	10244353	10244740	2	1	+	NC_085928.1	10244659	10244739	TPRA1	XM_054551299.2	+	2	1	306	1	9	9	7	2	2	middle	middle	0.286	0.286	alternative	alternative	80	80	2
NC_085928.1	104097983	104098637	3	1	+	NC_085928.1	104098298	104098466	NPRL2	XM_002813712.4	+	3	1	315	171	3	3	7	6	6	middle	middle	0.857	0.857	alternative	alternative	168	168	2
NC_085928.1	104097983	104098637	3	1	+	NC_085928.1	104098109	104098466	NPRL2	XM_054550704.2	+	3	2	126	171	2	3	7	4	6	middle	middle	0.571	0.857	alternative	alternative	89	168	4
NC_085928.1	104097983	104098637	3	1	+	NC_085928.1	104098109	104098466	NPRL2	XM_054550705.2	+	3	2	126	171	2	3	7	1	1	middle	middle	0.143	0.143	unique	unique	91	163	1
NC_085928.1	104767126	104767537	2	1	+	NC_085928.1	104767500	104767535	MST1	XM_002813744.6	+	2	1	374	2	12	12	5	4	4	middle	middle	0.800	0.800	alternative	alternative	35	35	4
NC_085928.1	104767126	104767537	2	1	+	NC_085928.1	104767272	104767408	MST1	XM_054550745.2	+	2	1	146	129	11	11	5	1	1	middle	middle	0.200	0.200	unique	unique	136	136	1
NC_085928.1	104767436	104767745	3	1	+	NC_085928.1	104767624	104767744	MST1	XM_002813744.6	+	3	1	188	1	13	13	5	4	4	middle	middle	0.800	0.800	alternative	alternative	120	120	4
NC_085928.1	104767436	104767745	3	1	+	NC_085928.1	104767500	104767535	MST1	XM_054550745.2	+	3	1	64	210	12	12	5	1	1	middle	middle	0.200	0.200	unique	unique	35	35	1
NC_085928.1	105754483	105754966	2	1	+	NC_085928.1	105754740	105754965	IP6K2	XM_002813776.4	+	2	1	257	1	2	2	11	10	10	middle	middle	0.909	0.909	alternative	alternative	225	225	4
NC_085928.1	105754483	105754966	2	1	+	NC_085928.1	105754562	105754965	IP6K2	XM_054552175.1	+	2	2	79	1	1	2	11	6	10	first	middle	0.545	0.909	alternative	alternative	87	225	6
NC_085928.1	114026342	114026939	-2	1	-	NC_085928.1	114026738	114026891	ZNF619	XM_024244989.3	-	2	1	48	396	2	2	7	3	3	middle	middle	0.429	0.429	alternative	alternative	153	153	2
NC_085928.1	114026342	114026939	-2	1	-	NC_085928.1	114026738	114026864	ZNF619	XM_054552248.2	-	2	1	75	396	2	2	7	2	2	middle	middle	0.286	0.286	alternative	alternative	126	126	2
NC_085928.1	114026342	114026939	-2	1	-	NC_085928.1	114026405	114026891	ZNF619	XM_054552250.2	-	2	2	48	63	2	3	7	3	1	middle	middle	0.429	0.143	alternative	unique	153	119	1
NC_085928.1	115383778	115384342	-3	1	-	NC_085928.1	115383959	115384238	TTC21A	XM_024244283.3	-	3	2	104	181	16	17	18	18	15	middle	middle	1.000	0.833	constitutive	alternative	72	110	15
NC_085928.1	115383778	115384342	-3	1	-	NC_085928.1	115384166	115384238	TTC21A	XM_063722124.1	-	3	1	104	388	16	16	18	18	18	middle	middle	1.000	1.000	constitutive	constitutive	72	72	3
NC_085928.1	116400651	116400972	-1	1	-	NC_085928.1	116400850	116400934	DLEC1	XM_024244231.3	-	1	1	38	199	32	32	10	9	9	middle	middle	0.900	0.900	alternative	alternative	84	84	9
NC_085928.1	116400651	116400972	-1	1	-	NC_085928.1	116400652	116400655	DLEC1	XM_054552320.2	-	1	1	317	1	32	32	10	1	1	last	last	0.100	0.100	unique	unique	3	3	1
NC_085928.1	201389089	201389971	2	1	+	NC_085928.1	201389130	201389657	CCDC50	XM_024244791.3	+	2	1	41	314	6	6	3	2	2	middle	middle	0.667	0.667	alternative	alternative	527	527	1
NC_085928.1	201389089	201389971	2	1	+	NC_085928.1	201389130	201389971	CCDC50	XM_063722394.1	+	2	2	41	0	6	7	3	2	1	middle	last	0.667	0.333	alternative	unique	527	214	1
NC_085928.1	204671680	204672442	-3	1	-	NC_085928.1	204672168	204672313	TMEM44	XM_054550990.2	-	3	1	129	488	1	1	13	9	9	first	first	0.692	0.692	alternative	alternative	145	145	9
NC_085928.1	204671680	204672442	-3	1	-	NC_085928.1	204671682	204671818	TMEM44	XM_054550995.2	-	3	1	624	2	1	1	13	4	4	first	first	0.308	0.308	alternative	alternative	136	136	4
NC_085928.1	206330663	206332376	-2	1	-	NC_085928.1	206330703	206332243	TNK2	XM_002814443.4	-	2	2	133	40	12	13	21	21	15	middle	middle	1.000	0.714	constitutive	alternative	1348	95	15
NC_085928.1	206330663	206332376	-2	1	-	NC_085928.1	206330895	206332243	TNK2	XM_054551018.2	-	2	1	133	232	13	13	21	21	21	middle	middle	1.000	1.000	constitutive	constitutive	1348	1348	6
NC_085928.1	28887457	28887820	2	1	+	NC_085928.1	28887668	28887700	DPPA2	XM_002813312.4	+	2	1	211	120	1	1	3	2	2	first	first	0.667	0.667	alternative	alternative	32	32	2
NC_085928.1	28887457	28887820	2	1	+	NC_085928.1	28887458	28887700	DPPA2	XM_024244959.3	+	2	2	1	120	1	2	3	1	1	first	middle	0.333	0.333	unique	unique	13	45	1
NC_085928.1	68832735	68833170	-1	1	-	NC_085928.1	68832826	68833151	IL17RC	XM_002813452.5	-	1	2	19	91	11	12	15	15	8	middle	middle	1.000	0.533	constitutive	alternative	181	50	8
NC_085928.1	68832735	68833170	-1	1	-	NC_085928.1	68832970	68833151	IL17RC	XM_002813456.5	-	1	1	19	235	11	11	15	15	15	middle	middle	1.000	1.000	constitutive	constitutive	181	181	6
NC_085928.1	68832735	68833170	-1	1	-	NC_085928.1	68832826	68833151	IL17RC	XM_063721894.1	-	1	2	19	91	10	11	15	15	1	middle	middle	1.000	0.067	constitutive	unique	181	47	1
NC_085928.1	68949792	68950206	-1	1	-	NC_085928.1	68949793	68949930	TTLL3	XM_024244774.3	-	1	1	276	1	12	12	44	9	9	last	last	0.205	0.205	alternative	alternative	137	137	9
NC_085928.1	68949792	68950206	-1	1	-	NC_085928.1	68950107	68950183	TTLL3	XM_054551771.2	-	1	1	23	315	13	13	44	6	6	middle	middle	0.136	0.136	alternative	alternative	76	76	6
NC_085928.1	68949792	68950206	-1	1	-	NC_085928.1	68949793	68949862	TTLL3	XM_063721912.1	-	1	1	344	1	13	13	44	1	1	last	last	0.023	0.023	unique	unique	69	69	1
NC_085928.1	68949821	68950214	-2	1	-	NC_085928.1	68950107	68950183	TTLL3	XM_054551769.2	-	2	1	31	286	13	13	44	20	20	middle	middle	0.455	0.455	alternative	alternative	76	76	20
NC_085928.1	68949821	68950214	-2	1	-	NC_085928.1	68949822	68949862	TTLL3	XM_054551797.2	-	2	1	352	1	14	14	44	1	1	last	last	0.023	0.023	unique	unique	40	40	1
NC_085928.1	68949821	68950214	-2	1	-	NC_085928.1	68949822	68949930	TTLL3	XM_054551798.2	-	2	1	284	1	13	13	44	3	3	last	last	0.068	0.068	alternative	alternative	108	108	3
NC_085928.1	68950941	68951544	-1	1	-	NC_085928.1	68951247	68951514	TTLL3	XM_054551769.2	-	1	1	30	306	12	12	44	14	14	middle	middle	0.318	0.318	alternative	alternative	267	267	14
NC_085928.1	68950941	68951544	-1	1	-	NC_085928.1	68951345	68951514	TTLL3	XM_054551771.2	-	1	1	30	404	12	12	44	16	16	middle	middle	0.364	0.364	alternative	alternative	169	169	12
NC_085928.1	68950941	68951544	-1	1	-	NC_085928.1	68950971	68951514	TTLL3	XM_054551775.2	-	1	2	30	30	12	13	44	16	4	middle	middle	0.364	0.091	alternative	alternative	169	52	4
NC_085928.1	68950941	68951544	-1	1	-	NC_085928.1	68951373	68951514	TTLL3	XM_054551779.2	-	1	1	30	432	12	12	44	9	9	middle	middle	0.205	0.205	alternative	alternative	141	141	9
NC_085928.1	79924645	79925101	2	1	+	NC_085928.1	79924692	79925099	CNTN3	XM_024245434.3	+	2	2	47	2	14	15	4	4	3	middle	middle	1.000	0.750	constitutive	alternative	158	149	3
NC_085928.1	79924645	79925101	2	1	+	NC_085928.1	79924692	79924850	CNTN3	XM_054551883.2	+	2	1	47	251	14	14	4	4	4	middle	middle	1.000	1.000	constitutive	constitutive	158	158	1
NC_085928.1	90420904	90421759	-3	1	-	NC_085928.1	90421087	90421699	ATXN7	XM_024245446.3	-	3	2	60	183	1	2	24	22	20	first	middle	0.917	0.833	alternative	alternative	309	68	20
NC_085928.1	90420904	90421759	-3	1	-	NC_085928.1	90421390	90421699	ATXN7	XM_054551930.2	-	3	1	60	486	1	1	24	22	22	first	first	0.917	0.917	alternative	alternative	309	309	2
NC_085929.1	24983847	24984357	-1	1	-	NC_085929.1	24983960	24984309	DGCR6	NM_001132542.2	-	1	2	48	113	1	2	2	1	1	first	middle	0.500	0.500	unique	unique	92	160	1
NC_085929.1	24983847	24984357	-1	1	-	NC_085929.1	24984200	24984309	DGCR6	XM_009236847.3	-	1	1	48	353	1	1	2	1	1	first	first	0.500	0.500	unique	unique	109	109	1
NC_085929.1	27296687	27297587	3	1	+	NC_085929.1	27296969	27297110	LOC100445728	XM_002834642.6	+	3	1	282	477	7	7	6	4	4	middle	middle	0.667	0.667	alternative	alternative	141	141	4
NC_085929.1	27296687	27297587	3	1	+	NC_085929.1	27296969	27297312	LOC100445728	XM_024240069.3	+	3	2	282	275	4	5	6	2	2	middle	middle	0.333	0.333	alternative	alternative	134	109	2
NC_085929.1	27942179	27943109	3	1	+	NC_085929.1	27942577	27942684	CCDC188	XM_024240119.2	+	3	1	398	425	3	3	29	15	15	middle	middle	0.517	0.517	alternative	alternative	107	107	12
NC_085929.1	27942179	27943109	3	1	+	NC_085929.1	27942768	27942872	CCDC188	XM_054543622.1	+	3	1	589	237	3	3	29	8	8	middle	middle	0.276	0.276	alternative	alternative	104	104	8
NC_085929.1	27942179	27943109	3	1	+	NC_085929.1	27942234	27942684	CCDC188	XM_054543638.1	+	3	2	55	425	1	2	29	3	15	first	middle	0.103	0.517	alternative	alternative	129	107	3
NC_085929.1	27943179	27943947	1	1	+	NC_085929.1	27943180	27943946	CCDC188	XM_024240119.2	+	1	2	1	1	5	8	29	29	12	middle	middle	1.000	0.414	constitutive	alternative	59	49	12
NC_085929.1	27943179	27943947	1	1	+	NC_085929.1	27943180	27943239	CCDC188	XM_054543622.1	+	1	1	1	708	5	5	29	29	29	middle	middle	1.000	1.000	constitutive	constitutive	59	59	17
NC_085929.1	28387194	28388151	-1	1	-	NC_085929.1	28387416	28387458	SEPTIN5	XM_024239986.3	-	1	1	693	222	1	1	9	1	1	first	first	0.111	0.111	unique	unique	42	42	1
NC_085929.1	28387194	28388151	-1	1	-	NC_085929.1	28388083	28388138	SEPTIN5	XM_054543682.2	-	1	1	13	889	2	2	9	1	1	middle	middle	0.111	0.111	unique	unique	55	55	1
NC_085929.1	30644773	30645121	2	1	+	NC_085929.1	30644834	30644899	DERL3	XM_024239829.2	+	2	1	61	222	2	2	9	2	2	middle	middle	0.222	0.222	alternative	alternative	65	65	2
NC_085929.1	30644773	30645121	2	1	+	NC_085929.1	30644973	30645046	DERL3	XM_054543167.1	+	2	1	200	75	3	3	9	3	3	middle	middle	0.333	0.333	alternative	alternative	73	73	3
NC_085929.1	30644773	30645121	2	1	+	NC_085929.1	30644837	30644899	DERL3	XM_054543168.1	+	2	1	64	222	2	2	9	2	2	middle	middle	0.222	0.222	alternative	alternative	62	62	2
NC_085929.1	43274332	43274731	-3	1	-	NC_085929.1	43274393	43274472	IFT27	XM_024240099.3	-	3	1	259	61	2	2	3	3	3	middle	middle	1.000	1.000	constitutive	constitutive	79	79	2
NC_085929.1	43274332	43274731	-3	1	-	NC_085929.1	43274393	43274704	IFT27	XM_054543373.2	-	3	2	27	61	1	2	3	1	3	first	middle	0.333	1.000	unique	constitutive	111	79	1
NC_085929.1	44623032	44623446	-1	1	-	NC_085929.1	44623256	44623369	BAIAP2L2	XM_024240234.3	-	1	1	77	224	11	11	2	2	2	middle	middle	1.000	1.000	constitutive	constitutive	113	113	1
NC_085929.1	44623032	44623446	-1	1	-	NC_085929.1	44623033	44623369	BAIAP2L2	XM_063723055.1	-	1	2	77	1	11	12	2	2	1	middle	last	1.000	0.500	constitutive	unique	113	102	1
NC_085929.1	56943990	56944560	-1	1	-	NC_085929.1	56944029	56944434	TUBGCP6	XM_002831298.5	-	1	2	126	39	21	22	3	2	2	middle	middle	0.667	0.667	alternative	alternative	194	132	2
NC_085929.1	56943990	56944560	-1	1	-	NC_085929.1	56944247	56944434	TUBGCP6	XM_054543855.2	-	1	1	126	257	21	21	3	1	1	middle	middle	0.333	0.333	unique	unique	187	187	1
NC_085929.1	56993042	56993300	-2	1	-	NC_085929.1	56993061	56993289	MAPK11	XM_024239876.3	-	2	2	11	19	4	5	5	5	3	middle	middle	1.000	0.600	constitutive	alternative	111	29	3
NC_085929.1	56993042	56993300	-2	1	-	NC_085929.1	56993178	56993289	MAPK11	XM_054543868.2	-	2	1	11	136	4	4	5	5	5	middle	middle	1.000	1.000	constitutive	constitutive	111	111	2
NC_085929.1	57182557	57183460	-3	1	-	NC_085929.1	57183158	57183268	SBF1	XM_009234525.4	-	3	1	192	601	5	5	6	6	6	middle	middle	1.000	1.000	constitutive	constitutive	110	110	4
NC_085929.1	57182557	57183460	-3	1	-	NC_085929.1	57182798	57183268	SBF1	XM_054543876.2	-	3	2	192	241	5	6	6	6	2	middle	middle	1.000	0.333	constitutive	alternative	110	23	2
NC_085929.1	57243126	57243636	-1	1	-	NC_085929.1	57243459	57243621	LOC100443853	XM_054543909.2	-	1	1	15	333	6	6	11	5	5	middle	middle	0.455	0.455	alternative	alternative	162	162	5
NC_085929.1	57243126	57243636	-1	1	-	NC_085929.1	57243128	57243358	LOC100443853	XM_054543911.2	-	1	1	278	2	5	5	11	4	4	middle	middle	0.364	0.364	alternative	alternative	230	230	4
