chr	start	end	frame	filler	frame	chr	exon_1_start	exon_1_end	exon_2_start	exon_2_end	gene	transcript	exon_strand	exon_frame	intron_start	intron_end	intron_length	merged_txs
NC_071985.2	100111936	100112749	-2	1	-	NC_071985.2	100112570	100112742	100112311	100112422	ADAMTSL4	XM_063717774.1	-	2	100112422	100112570	148	9
NC_071985.2	100111936	100112749	-2	1	-	NC_071985.2	100112311	100112422	100112026	100112211	ADAMTSL4	XM_063717774.1	-	2	100112211	100112311	100	9
NC_071985.2	100158379	100158877	-2	1	-	NC_071985.2	100158670	100158750	100158490	100158570	ECM1	XM_002810279.6	-	2	100158570	100158670	100	2
NC_071985.2	100399571	100400219	3	1	+	NC_071985.2	100399606	100399728	100399879	100400006	APH1A	XM_009244839.4	+	3	100399728	100399879	151	2
NC_071985.2	100744921	100745575	2	1	+	NC_071985.2	100745106	100745279	100745391	100745575	SF3B4	XM_024250558.3	+	2	100745279	100745391	112	1
NC_071985.2	111716	112169	3	1	+	NC_071985.2	111891	111924	112054	112147	ZNF692	XM_054560493.2	+	3	111924	112054	130	1
NC_071985.2	111820246	111820846	2	1	+	NC_071985.2	111820366	111820499	111820683	111820720	PIAS3	XM_002810321.5	+	2	111820499	111820683	184	1
NC_071985.2	111824401	111825538	-2	1	-	NC_071985.2	111825158	111825349	111824794	111824977	NUDT17	XM_002810322.6	-	2	111824977	111825158	181	1
NC_071985.2	111824401	111825538	-2	1	-	NC_071985.2	111824794	111824977	111824531	111824556	NUDT17	XM_002810322.6	-	2	111824556	111824794	238	1
NC_071985.2	111824401	111825538	-2	1	-	NC_071985.2	111824794	111825349	111824531	111824556	NUDT17	XM_054553618.2	-	2	111824556	111824794	238	1
NC_071985.2	120022786	120023437	2	1	+	NC_071985.2	120022813	120022876	120023033	120023140	PPM1J	XM_002810421.6	+	2	120022876	120023033	157	1
NC_071985.2	120022786	120023437	2	1	+	NC_071985.2	120023033	120023140	120023285	120023436	PPM1J	XM_002810421.6	+	2	120023140	120023285	145	1
NC_071985.2	123030110	123030488	-1	1	-	NC_071985.2	123030393	123030466	123030123	123030164	GSTM5	XM_054548038.2	-	1	123030164	123030393	229	1
NC_071985.2	123065513	123065882	-1	1	-	NC_071985.2	123065769	123065864	123065568	123065678	GSTM2	NM_001134015.1	-	1	123065678	123065769	91	1
NC_071985.2	123077954	123078587	-1	1	-	NC_071985.2	123078363	123078458	123078162	123078272	GSTM4	NM_001367596.1	-	1	123078272	123078363	91	3
NC_071985.2	123106155	123107292	-3	1	-	NC_071985.2	123106711	123106884	123106303	123106413	AMPD2	NM_001132278.3	-	3	123106413	123106711	298	5
NC_071985.2	123463531	123464164	-2	1	-	NC_071985.2	123463951	123464145	123463642	123463812	CELSR2	XM_024252814.3	-	2	123463812	123463951	139	4
NC_071985.2	123465226	123465697	-2	1	-	NC_071985.2	123465467	123465593	123465257	123465379	CELSR2	XM_024252814.3	-	2	123465379	123465467	88	4
NC_071985.2	133041168	133041612	-3	1	-	NC_071985.2	133041424	133041579	133041180	133041330	AGL	XM_024233359.3	-	3	133041330	133041424	94	2
NC_071985.2	162026944	162027238	2	1	+	NC_071985.2	162026977	162027029	162027120	162027228	ZRANB2	NM_001134156.1	+	2	162027029	162027120	91	1
NC_071985.2	178412092	178412941	-2	1	-	NC_071985.2	178412615	178412779	178412294	178412416	CIMAP2	XM_024246455.2	-	2	178412416	178412615	199	5
NC_071985.2	178971272	178971734	3	1	+	NC_071985.2	178971381	178971447	178971550	178971626	SSBP3	XM_024246597.3	+	3	178971447	178971550	103	13
NC_071985.2	178992494	178993373	3	1	+	NC_071985.2	178992564	178992642	178993032	178993133	SSBP3	XM_024246597.3	+	3	178992642	178993032	390	13
NC_071985.2	185056222	185056705	-2	1	-	NC_071985.2	185056586	185056660	185056304	185056468	SLC5A9	XM_009250605.3	-	2	185056468	185056586	118	1
NC_071985.2	186908617	186909280	-2	1	-	NC_071985.2	186909001	186909041	186908708	186908832	LOC100453623	XM_024247329.3	-	2	186908832	186909001	169	4
NC_071985.2	186908617	186909280	-2	1	-	NC_071985.2	186909001	186909062	186908708	186908832	LOC100453623	XM_054535295.2	-	2	186908832	186909001	169	5
NC_071985.2	187116604	187116910	2	1	+	NC_071985.2	187116605	187116670	187116761	187116874	POMGNT1	NM_001133834.1	+	2	187116670	187116761	91	3
NC_071985.2	187117705	187118317	2	1	+	NC_071985.2	187117727	187117844	187118037	187118135	POMGNT1	NM_001133834.1	+	2	187117844	187118037	193	3
NC_071985.2	187127391	187127820	-3	1	-	NC_071985.2	187127593	187127748	187127401	187127484	TSPAN1	NM_001131902.1	-	3	187127484	187127593	109	6
NC_071985.2	187684898	187685393	3	1	+	NC_071985.2	187685035	187685153	187685295	187685392	GPBP1L1	XM_024256443.2	+	3	187685153	187685295	142	7
NC_071985.2	187967880	187968159	-3	1	-	NC_071985.2	187968010	187968152	187967882	187967922	TOE1	NM_001132198.1	-	3	187967922	187968010	88	2
NC_071985.2	187967880	187968159	-3	1	-	NC_071985.2	187968010	187968066	187967882	187967922	TOE1	XM_009250980.3	-	3	187967922	187968010	88	2
NC_071985.2	188474806	188476039	2	1	+	NC_071985.2	188474932	188475280	188475407	188475719	PTCH2	XM_009251044.4	+	2	188475280	188475407	127	1
NC_071985.2	188475723	188476725	1	1	+	NC_071985.2	188475812	188475954	188476039	188476219	PTCH2	XM_009251044.4	+	1	188475954	188476039	85	1
NC_071985.2	188476117	188476972	2	1	+	NC_071985.2	188476353	188476633	188476745	188476882	PTCH2	XM_009251044.4	+	2	188476633	188476745	112	1
NC_071985.2	188488869	188489433	-3	1	-	NC_071985.2	188489140	188489265	188488870	188489001	BTBD19	XM_002810911.5	-	3	188489001	188489140	139	2
NC_071985.2	188515133	188515940	3	1	+	NC_071985.2	188515261	188515494	188515729	188515883	BEST4	XM_002810909.5	+	3	188515494	188515729	235	3
NC_071985.2	188516971	188517748	2	1	+	NC_071985.2	188516972	188517052	188517478	188517748	BEST4	XM_002810909.5	+	2	188517052	188517478	426	5
NC_071985.2	188538813	188539200	-3	1	-	NC_071985.2	188539048	188539153	188538841	188538954	KIF2C	XM_024247551.3	-	3	188538954	188539048	94	7
NC_071985.2	189323800	189324586	-2	1	-	NC_071985.2	189324470	189324548	189323801	189324388	CCDC24	XM_024247684.3	-	2	189324388	189324470	82	11
NC_071985.2	189327685	189328231	-2	1	-	NC_071985.2	189327939	189328006	189327687	189327803	CCDC24	XM_024247684.3	-	2	189327803	189327939	136	4
NC_071985.2	189327685	189328231	-2	1	-	NC_071985.2	189327939	189328108	189327687	189327803	CCDC24	XM_024247686.3	-	2	189327803	189327939	136	3
NC_071985.2	189327685	189328231	-2	1	-	NC_071985.2	189327900	189328114	189327687	189327803	CCDC24	XM_054536116.2	-	2	189327803	189327900	97	3
NC_071985.2	189327685	189328231	-2	1	-	NC_071985.2	189327939	189328114	189327687	189327803	CCDC24	XM_054536140.2	-	2	189327803	189327939	136	9
NC_071985.2	189327685	189328231	-2	1	-	NC_071985.2	189327900	189328006	189327687	189327803	CCDC24	XM_054536165.2	-	2	189327803	189327900	97	1
NC_071985.2	189327685	189328231	-2	1	-	NC_071985.2	189327939	189328126	189327687	189327803	CCDC24	XM_063712652.1	-	2	189327803	189327939	136	5
NC_071985.2	189353269	189353635	-2	1	-	NC_071985.2	189353555	189353613	189353318	189353407	IPO13	NM_001132516.1	-	2	189353407	189353555	148	8
NC_071985.2	189865675	189866005	2	1	+	NC_071985.2	189865676	189865754	189865842	189865891	HYI	XM_002810939.6	+	2	189865754	189865842	88	1
NC_071985.2	189867215	189867647	-1	1	-	NC_071985.2	189867522	189867590	189867216	189867356	SZT2	XM_002810935.6	-	1	189867356	189867522	166	5
NC_071985.2	189874177	189874612	-2	1	-	NC_071985.2	189874436	189874515	189874226	189874351	SZT2	XM_002810935.6	-	2	189874351	189874436	85	5
NC_071985.2	189876035	189876551	-1	1	-	NC_071985.2	189876322	189876488	189876101	189876198	SZT2	XM_002810935.6	-	1	189876198	189876322	124	5
NC_071985.2	189878193	189879078	-3	1	-	NC_071985.2	189878881	189878999	189878608	189878772	SZT2	XM_002810935.6	-	3	189878772	189878881	109	5
NC_071985.2	189878193	189879078	-3	1	-	NC_071985.2	189878608	189878772	189878259	189878343	SZT2	XM_002810935.6	-	3	189878343	189878608	265	5
NC_071985.2	189970925	189971549	-1	1	-	NC_071985.2	189971336	189971520	189971031	189971173	MPL	XM_063712869.1	-	1	189971173	189971336	163	1
NC_071985.2	1909850	1910459	3	1	+	NC_071985.2	1909951	1910063	1910217	1910313	LINC02897	XM_054549871.2	+	3	1910063	1910217	154	1
NC_071985.2	1910050	1910374	2	1	+	NC_071985.2	1910066	1910215	1910316	1910374	LINC02897	XM_054549871.2	+	2	1910215	1910316	101	1
NC_071985.2	193197553	193197775	2	1	+	NC_071985.2	193197584	193197619	193197704	193197766	COL9A2	XM_024251520.3	+	2	193197619	193197704	85	1
NC_071985.2	193200221	193200596	3	1	+	NC_071985.2	193200276	193200329	193200444	193200491	COL9A2	XM_024251520.3	+	3	193200329	193200444	115	1
NC_071985.2	193207439	193207835	3	1	+	NC_071985.2	193207467	193207520	193207605	193207676	COL9A2	XM_024251520.3	+	3	193207520	193207605	85	1
NC_071985.2	195808329	195808776	1	1	+	NC_071985.2	195808356	195808417	195808562	195808687	EPHA10	XM_024232733.3	+	1	195808417	195808562	145	2
NC_071985.2	197223243	197224614	-3	1	-	NC_071985.2	197224504	197224598	197223245	197224365	SH3D21	XM_009252503.3	-	3	197224365	197224504	139	4
NC_071985.2	197363400	197364345	-3	1	-	NC_071985.2	197363900	197363990	197363589	197363782	MAP7D1	XM_024248528.3	-	3	197363782	197363900	118	14
NC_071985.2	197363400	197364345	-3	1	-	NC_071985.2	197363589	197363782	197363401	197363408	MAP7D1	XM_024248528.3	-	3	197363408	197363589	181	14
NC_071985.2	200676331	200676952	-2	1	-	NC_071985.2	200676562	200676667	200676332	200676426	HPCA	XM_024235966.2	-	2	200676426	200676562	136	2
NC_071985.2	200796099	200798931	-3	1	-	NC_071985.2	200798790	200798903	200796135	200798696	NHSL3	XM_003775747.5	-	3	200798696	200798790	94	3
NC_071985.2	201779229	201779820	1	1	+	NC_071985.2	201779395	201779520	201779674	201779728	SPOCD1	XM_024239068.3	+	1	201779520	201779674	154	9
NC_071985.2	201837778	201838390	2	1	+	NC_071985.2	201837867	201837968	201838113	201838219	ADGRB2	NM_001132773.1	+	2	201837968	201838113	145	15
NC_071985.2	201839028	201839739	1	1	+	NC_071985.2	201839053	201839247	201839416	201839484	ADGRB2	NM_001132773.1	+	1	201839247	201839416	169	14
NC_071985.2	201839028	201839739	1	1	+	NC_071985.2	201839416	201839484	201839560	201839668	ADGRB2	NM_001132773.1	+	1	201839484	201839560	76	14
NC_071985.2	201839028	201839739	1	1	+	NC_071985.2	201839053	201839247	201839560	201839668	ADGRB2	XM_054530975.2	+	1	201839247	201839560	313	1
NC_071985.2	201994725	201995247	-3	1	-	NC_071985.2	201995072	201995222	201994768	201994957	TINAGL1	XM_002811138.5	-	3	201994957	201995072	115	3
NC_071985.2	202070846	202071494	-1	1	-	NC_071985.2	202071125	202071272	202070889	202070989	LOC100446400	XM_024244623.1	-	1	202070989	202071125	136	1
NC_071985.2	205388557	205389115	-2	1	-	NC_071985.2	205388906	205389088	205388579	205388791	SESN2	NM_001131848.1	-	2	205388791	205388906	115	1
NC_071985.2	205422978	205423281	-3	1	-	NC_071985.2	205423162	205423248	205422980	205423071	ATP5IF1	NM_001131154.2	-	3	205423071	205423162	91	1
NC_071985.2	205703237	205703750	-1	1	-	NC_071985.2	205703570	205703750	205703352	205703485	SMPDL3B	XM_024249401.2	-	1	205703485	205703570	85	2
NC_071985.2	206302908	206303370	1	1	+	NC_071985.2	206302939	206303131	206303231	206303369	MAP3K6	XM_002811204.5	+	1	206303131	206303231	100	6
NC_071985.2	207469389	207469848	-3	1	-	NC_071985.2	207469696	207469757	207469503	207469602	CNKSR1	XM_054539763.2	-	3	207469602	207469696	94	2
NC_071985.2	207474037	207474559	-2	1	-	NC_071985.2	207474344	207474445	207474039	207474109	CNKSR1	XM_054539763.2	-	2	207474109	207474344	235	2
NC_071985.2	207491968	207492421	2	1	+	NC_071985.2	207492041	207492124	207492236	207492333	C1H1orf232	XM_024245124.2	+	2	207492124	207492236	112	1
NC_071985.2	207846485	207846941	-1	1	-	NC_071985.2	207846825	207846937	207846639	207846740	SELENON	NM_001199977.1	-	1	207846740	207846825	85	1
NC_071985.2	210136521	210137238	1	1	+	NC_071985.2	210136538	210136605	210136699	210136806	ASAP3	XM_024234130.3	+	1	210136605	210136699	94	2
NC_071985.2	210136521	210137238	1	1	+	NC_071985.2	210136699	210136806	210136951	210137146	ASAP3	XM_024234130.3	+	1	210136806	210136951	145	2
NC_071985.2	210990207	210990735	-3	1	-	NC_071985.2	210990511	210990660	210990233	210990423	EPHA8	XM_024231003.2	-	3	210990423	210990511	88	1
NC_071985.2	210993465	210994239	-3	1	-	NC_071985.2	210993879	210994064	210993532	210993593	EPHA8	XM_024231003.2	-	3	210993593	210993879	286	1
NC_071985.2	211567887	211569588	1	1	+	NC_071985.2	211568083	211568466	211568653	211569074	LOC134759804	XM_063714477.1	+	1	211568466	211568653	187	1
NC_071985.2	211750123	211750741	2	1	+	NC_071985.2	211750247	211750382	211750500	211750651	HSPG2	XM_024250648.3	+	2	211750382	211750500	118	7
NC_071985.2	211766852	211767458	3	1	+	NC_071985.2	211766970	211767069	211767208	211767317	HSPG2	XM_024250648.3	+	3	211767069	211767208	139	7
NC_071985.2	211769922	211770609	1	1	+	NC_071985.2	211770106	211770277	211770380	211770502	HSPG2	XM_024250648.3	+	1	211770277	211770380	103	7
NC_071985.2	211773697	211774228	2	1	+	NC_071985.2	211773919	211773997	211774157	211774227	HSPG2	XM_024250648.3	+	2	211773997	211774157	160	3
NC_071985.2	211773697	211774228	2	1	+	NC_071985.2	211773919	211773997	211774121	211774227	HSPG2	XM_054546725.2	+	2	211773997	211774121	124	4
NC_071985.2	21232800	21233406	-3	1	-	NC_071985.2	21233199	21233321	21232845	21233015	OBSCN	XM_054518750.2	-	3	21233015	21233199	184	17
NC_071985.2	21240065	21240704	-1	1	-	NC_071985.2	21240549	21240626	21240067	21240239	OBSCN	XM_054518750.2	-	1	21240239	21240549	310	18
NC_071985.2	21241776	21243021	-3	1	-	NC_071985.2	21242785	21242897	21242403	21242571	OBSCN	XM_054518750.2	-	3	21242571	21242785	214	18
NC_071985.2	21241776	21243021	-3	1	-	NC_071985.2	21242403	21242571	21241796	21241996	OBSCN	XM_054518750.2	-	3	21241996	21242403	407	18
NC_071985.2	21272295	21272943	-3	1	-	NC_071985.2	21272661	21272783	21272404	21272543	OBSCN	XM_054518750.2	-	3	21272543	21272661	118	20
NC_071985.2	212874818	212875361	3	1	+	NC_071985.2	212875021	212875124	212875266	212875360	DDOST	XM_024250887.3	+	3	212875124	212875266	142	1
NC_071985.2	212877809	212878415	3	1	+	NC_071985.2	212877828	212877948	212878072	212878178	DDOST	XM_024250887.3	+	3	212877948	212878072	124	1
NC_071985.2	212877809	212878415	3	1	+	NC_071985.2	212878072	212878178	212878269	212878415	DDOST	XM_024250887.3	+	3	212878178	212878269	91	1
NC_071985.2	21332019	21332652	-3	1	-	NC_071985.2	21332304	21332465	21332112	21332216	OBSCN	XM_054518750.2	-	3	21332216	21332304	88	20
NC_071985.2	21335616	21336363	-3	1	-	NC_071985.2	21336009	21336287	21335622	21335888	OBSCN	XM_054518750.2	-	3	21335888	21336009	121	20
NC_071985.2	214248935	214249535	3	1	+	NC_071985.2	214248982	214249169	214249362	214249466	LOC100939526	XM_024251104.3	+	3	214249169	214249362	193	1
NC_071985.2	214270231	214270828	2	1	+	NC_071985.2	214270275	214270462	214270655	214270759	LOC100456442	XM_024251126.3	+	2	214270462	214270655	193	1
NC_071985.2	214285612	214286254	2	1	+	NC_071985.2	214285701	214285888	214286081	214286185	LOC100456086	XM_002811379.5	+	2	214285888	214286081	193	1
NC_071985.2	214357025	214357490	3	1	+	NC_071985.2	214357056	214357185	214357303	214357442	UBR4	XM_024251135.3	+	3	214357185	214357303	118	16
NC_071985.2	214681875	214682640	1	1	+	NC_071985.2	214681949	214682145	214682311	214682358	ALDH4A1	NM_001132369.2	+	1	214682145	214682311	166	8
NC_071985.2	21509508	21509928	1	1	+	NC_071985.2	21509532	21509577	21509838	21509910	C1H1orf35	XM_002809353.6	+	1	21509577	21509838	261	1
NC_071985.2	216580215	216580605	1	1	+	NC_071985.2	216580240	216580374	216580462	216580528	ATP13A2	XM_024251445.3	+	1	216580374	216580462	88	12
NC_071985.2	216580215	216580605	1	1	+	NC_071985.2	216580267	216580374	216580462	216580528	ATP13A2	XM_054556183.2	+	1	216580374	216580462	88	3
NC_071985.2	216584124	216584880	1	1	+	NC_071985.2	216584246	216584356	216584578	216584766	ATP13A2	XM_024251445.3	+	1	216584356	216584578	222	15
NC_071985.2	216590418	216591267	1	1	+	NC_071985.2	216590426	216590586	216590710	216590826	ATP13A2	XM_024251445.3	+	1	216590586	216590710	124	11
NC_071985.2	217786008	217786989	1	1	+	NC_071985.2	217786102	217786244	217786341	217786641	ZBTB17	XM_002811433.4	+	1	217786244	217786341	97	7
NC_071985.2	217788482	217788980	3	1	+	NC_071985.2	217788511	217788621	217788700	217788980	ZBTB17	XM_002811433.4	+	3	217788621	217788700	79	4
NC_071985.2	217788482	217788980	3	1	+	NC_071985.2	217788532	217788621	217788700	217788980	ZBTB17	XM_002811434.4	+	3	217788621	217788700	79	3
NC_071985.2	217999121	218000135	-1	1	-	NC_071985.2	217999773	217999932	217999266	217999445	PLEKHM2	XM_024252866.2	-	1	217999445	217999773	328	3
NC_071985.2	222536164	222536695	2	1	+	NC_071985.2	222536366	222536405	222536496	222536614	MAD2L2	XM_003775811.5	+	2	222536405	222536496	91	5
NC_071985.2	223775394	223775781	-3	1	-	NC_071985.2	223775746	223775757	223775524	223775657	CORT	XM_024253270.3	-	3	223775657	223775746	89	1
NC_071985.2	224510214	224510928	-3	1	-	NC_071985.2	224510731	224510910	224510242	224510391	PIK3CD	XM_024253286.3	-	3	224510391	224510731	340	9
NC_071985.2	224510214	224510928	-3	1	-	NC_071985.2	224510731	224510910	224510242	224510304	PIK3CD	XM_024253318.3	-	3	224510304	224510731	427	2
NC_071985.2	225201153	225201723	1	1	+	NC_071985.2	225201154	225201255	225201577	225201652	SLC2A5	NM_001131310.1	+	1	225201255	225201577	322	10
NC_071985.2	227636805	227637378	-3	1	-	NC_071985.2	227637138	227637274	227636889	227637053	ZBTB48	NM_001133152.1	-	3	227637053	227637138	85	1
NC_071985.2	227637439	227638324	-2	1	-	NC_071985.2	227638073	227638159	227637699	227637853	ZBTB48	NM_001133152.1	-	2	227637853	227638073	220	1
NC_071985.2	227752520	227753162	3	1	+	NC_071985.2	227752731	227752781	227752902	227753051	PLEKHG5	XM_024253883.3	+	3	227752781	227752902	121	9
NC_071985.2	227753282	227754119	3	1	+	NC_071985.2	227753442	227753552	227753658	227753807	PLEKHG5	XM_024253883.3	+	3	227753552	227753658	106	9
NC_071985.2	227784142	227784856	-2	1	-	NC_071985.2	227784632	227784818	227784284	227784466	ESPN	XM_054542002.2	-	2	227784466	227784632	166	3
NC_071985.2	228096856	228097564	2	1	+	NC_071985.2	228096917	228097148	228097377	228097487	CHD5	XM_024254075.2	+	2	228097148	228097377	229	6
NC_071985.2	228104215	228104920	2	1	+	NC_071985.2	228104313	228104392	228104648	228104780	CHD5	XM_024254075.2	+	2	228104392	228104648	256	4
NC_071985.2	228116567	228119846	3	1	+	NC_071985.2	228119359	228119522	228119631	228119745	CHD5	XM_024254075.2	+	3	228119522	228119631	109	3
NC_071985.2	230482532	230483435	-1	1	-	NC_071985.2	230482928	230483285	230482566	230482696	CCDC27	XM_002811580.4	-	1	230482696	230482928	232	5
NC_071985.2	231532500	231533457	1	1	+	NC_071985.2	231532534	231532632	231533242	231533325	MMEL1	XM_024232005.3	+	1	231532632	231533242	610	14
NC_071985.2	231629694	231630543	-3	1	-	NC_071985.2	231630232	231630356	231630051	231630135	PLCH2	XM_054557324.2	-	3	231630135	231630232	97	6
NC_071985.2	232088234	232088984	-1	1	-	NC_071985.2	232088751	232088962	232088235	232088531	GABRD	XM_024252003.2	-	1	232088531	232088751	220	1
NC_071985.2	232191503	232192007	3	1	+	NC_071985.2	232191515	232191649	232191782	232191891	CFAP74	XM_024231068.2	+	3	232191649	232191782	133	8
NC_071985.2	232191903	232192476	1	1	+	NC_071985.2	232192031	232192086	232192195	232192314	CFAP74	XM_024231068.2	+	1	232192086	232192195	109	8
NC_071985.2	232196559	232196991	1	1	+	NC_071985.2	232196620	232196754	232196959	232196991	CFAP74	XM_054557502.1	+	1	232196754	232196959	205	2
NC_071985.2	232200754	232201537	2	1	+	NC_071985.2	232200991	232201169	232201260	232201537	TMEM52	XM_024230832.3	+	2	232201169	232201260	91	2
NC_071985.2	232402506	232403007	1	1	+	NC_071985.2	232402522	232402663	232402874	232403006	LOC100434526	XM_054557677.2	+	1	232402663	232402874	211	1
NC_071985.2	232492552	232493017	-2	1	-	NC_071985.2	232492861	232493000	232492621	232492788	LOC100448626	XM_009235891.4	-	2	232492788	232492861	73	4
NC_071985.2	232500123	232500672	-3	1	-	NC_071985.2	232500436	232500578	232500211	232500318	MIB2	XM_054557564.2	-	3	232500318	232500436	118	11
NC_071985.2	232500123	232500672	-3	1	-	NC_071985.2	232500436	232500578	232500211	232500306	MIB2	XM_054557567.2	-	3	232500306	232500436	130	6
NC_071985.2	232590204	232590705	1	1	+	NC_071985.2	232590270	232590478	232590560	232590705	TMEM240	XM_024232544.3	+	1	232590478	232590560	82	1
NC_071985.2	232713643	232714129	2	1	+	NC_071985.2	232713725	232713811	232713923	232714033	MRPL20	XM_024255417.3	+	2	232713811	232713923	112	2
NC_071985.2	232745757	232746912	1	1	+	NC_071985.2	232746121	232746172	232746428	232746873	AURKAIP1	XM_003775835.5	+	1	232746172	232746428	256	5
NC_071985.2	232778407	232779100	2	1	+	NC_071985.2	232778498	232778567	232778637	232778776	DVL1	XM_024255545.3	+	2	232778567	232778637	70	3
NC_071985.2	232806799	232807534	2	1	+	NC_071985.2	232806963	232807024	232807315	232807444	INTS11	NM_001131288.1	+	2	232807024	232807315	291	2
NC_071985.2	232815964	232816459	2	1	+	NC_071985.2	232816055	232816153	232816340	232816393	ACAP3	XM_024255577.3	+	2	232816153	232816340	187	2
NC_071985.2	232815964	232816459	2	1	+	NC_071985.2	232816034	232816153	232816340	232816393	ACAP3	XM_054558086.2	+	2	232816153	232816340	187	2
NC_071985.2	232827186	232828164	-3	1	-	NC_071985.2	232827605	232827663	232827418	232827493	SCNN1D	XM_024257135.3	-	3	232827493	232827605	112	2
NC_071985.2	232828790	232829252	-1	1	-	NC_071985.2	232829114	232829202	232828875	232829038	SCNN1D	XM_024257135.3	-	1	232829038	232829114	76	2
NC_071985.2	233069749	233070301	-2	1	-	NC_071985.2	233069920	233070112	233069751	233069838	AGRN	XM_054558277.2	-	2	233069838	233069920	82	12
NC_071985.2	233073741	233074395	-3	1	-	NC_071985.2	233074141	233074268	233073909	233074023	AGRN	XM_054558277.2	-	3	233074023	233074141	118	12
NC_071985.2	233074489	233075284	-2	1	-	NC_071985.2	233074861	233075199	233074639	233074776	AGRN	XM_054558277.2	-	2	233074776	233074861	85	12
NC_071985.2	233076066	233076462	-3	1	-	NC_071985.2	233076318	233076434	233076072	233076236	AGRN	XM_054558277.2	-	3	233076236	233076318	82	12
NC_071985.2	233077876	233078395	-2	1	-	NC_071985.2	233078158	233078376	233077882	233078076	AGRN	XM_054558277.2	-	2	233078076	233078158	82	12
NC_071985.2	233123587	233124169	2	1	+	NC_071985.2	233123618	233123705	233123799	233124169	HES4	XM_024257134.3	+	2	233123705	233123799	94	2
NC_071985.2	233142614	233145227	3	1	+	NC_071985.2	233142621	233143640	233143776	233144985	PERM1	XM_063716237.1	+	3	233143640	233143776	136	1
NC_071985.2	233146185	233146617	1	1	+	NC_071985.2	233146199	233146324	233146529	233146617	PERM1	XM_063716237.1	+	1	233146324	233146529	205	1
NC_071985.2	233148445	233149036	-2	1	-	NC_071985.2	233148764	233148982	233148451	233148499	PLEKHN1	XM_024238948.3	-	2	233148499	233148764	265	1
NC_071985.2	233151754	233152450	-2	1	-	NC_071985.2	233152214	233152294	233152057	233152129	PLEKHN1	XM_024238948.3	-	2	233152129	233152214	85	1
NC_071985.2	233169078	233169639	1	1	+	NC_071985.2	233169216	233169294	233169406	233169516	NOC2L	XM_024256213.3	+	1	233169294	233169406	112	4
NC_071985.2	233179997	233181266	-1	1	-	NC_071985.2	233181032	233181147	233180213	233180724	SAMD11	XM_024256237.3	-	1	233180724	233181032	308	10
NC_071985.2	39735834	39736635	-3	1	-	NC_071985.2	39736477	39736617	39736231	39736368	TRAF3IP3	XM_002809506.6	-	3	39736368	39736477	109	3
NC_071985.2	39735834	39736635	-3	1	-	NC_071985.2	39736477	39736599	39736231	39736368	TRAF3IP3	XM_063725435.1	-	3	39736368	39736477	109	1
NC_071985.2	39887283	39887883	1	1	+	NC_071985.2	39887307	39887467	39887582	39887802	LAMB3	XM_054521338.2	+	1	39887467	39887582	115	2
NC_071985.2	41805968	41806532	-1	1	-	NC_071985.2	41806157	41806333	41805970	41806072	CR1	XM_054521558.2	-	1	41806072	41806157	85	1
NC_071985.2	42026819	42027224	-1	1	-	NC_071985.2	42027005	42027193	42026821	42026920	CR2	XM_009238382.3	-	1	42026920	42027005	85	3
NC_071985.2	42447992	42448199	-1	1	-	NC_071985.2	42448095	42448122	42448079	42448085	PFKFB2	NM_001133585.1	-	1	42448085	42448095	10	1
NC_071985.2	42448036	42448327	-2	1	-	NC_071985.2	42448088	42448093	42448037	42448077	PFKFB2	NM_001133585.1	-	2	42448077	42448088	11	1
NC_071985.2	43998927	43999656	-3	1	-	NC_071985.2	43999263	43999360	43998929	43999034	CDK18	NM_001133803.1	-	3	43999034	43999263	229	12
NC_071985.2	44465447	44466011	-1	1	-	NC_071985.2	44465815	44465965	44465537	44465664	CNTN2	NM_001131518.1	-	1	44465664	44465815	151	2
NC_071985.2	46470850	46471543	-2	1	-	NC_071985.2	46471460	46471543	46471061	46471192	PPFIA4	XM_024248512.3	-	2	46471192	46471460	268	6
NC_071985.2	482366	483383	-1	1	-	NC_071985.2	482971	483338	482367	482826	LOC100454916	XM_054560592.1	-	1	482826	482971	145	1
NC_071985.2	48340826	48347126	-1	1	-	NC_071985.2	48347062	48347113	48340862	48340977	IGFN1	XM_054548267.2	-	1	48340977	48347062	6085	1
NC_071985.2	48483036	48483600	1	1	+	NC_071985.2	48483093	48483222	48483499	48483558	CACNA1S	XM_054523477.1	+	1	48483222	48483499	277	1
NC_071985.2	48546384	48546870	1	1	+	NC_071985.2	48546421	48546570	48546673	48546807	KIF21B	XM_024235259.3	+	1	48546570	48546673	103	8
NC_071985.2	5927971	5928775	2	1	+	NC_071985.2	5928123	5928286	5928473	5928766	CEP170	XM_002809240.5	+	2	5928286	5928473	187	17
NC_071985.2	66603871	66604432	-2	1	-	NC_071985.2	66604070	66604228	66603877	66603976	LAMC2	XM_063726245.1	-	2	66603976	66604070	94	2
NC_071985.2	66888689	66889409	3	1	+	NC_071985.2	66888735	66888776	66888868	66889262	SHCBP1L	XM_024238991.3	+	3	66888776	66888868	92	1
NC_071985.2	82280263	82283776	2	1	+	NC_071985.2	82280324	82280682	82282324	82282650	LOC134760803	XM_063720705.1	+	2	82280682	82282324	1642	1
NC_071985.2	82280263	82283776	2	1	+	NC_071985.2	82282324	82282650	82283539	82283776	LOC134760803	XM_063720705.1	+	2	82282650	82283539	889	1
NC_071985.2	83313645	83315193	-3	1	-	NC_071985.2	83314312	83315114	83313646	83314257	POGK	NM_001134124.1	-	3	83314257	83314312	55	1
NC_071985.2	89188828	89189260	-2	1	-	NC_071985.2	89189126	89189229	89188856	89188942	USP21	XM_009241947.4	-	2	89188942	89189126	184	3
NC_071985.2	89300723	89301068	3	1	+	NC_071985.2	89300768	89300871	89300947	89301024	ARHGAP30	XM_002809903.5	+	3	89300871	89300947	76	1
NC_071985.2	89635645	89636338	-2	1	-	NC_071985.2	89636029	89636301	89635699	89635818	SLAMF7	XM_002809911.5	-	2	89635818	89636029	211	2
NC_071985.2	90254406	90255021	-3	1	-	NC_071985.2	90254727	90254925	90254488	90254597	ATP1A2	NM_001131832.1	-	3	90254597	90254727	130	1
NC_071985.2	91778503	91779499	2	1	+	NC_071985.2	91778507	91778554	91778612	91779499	LOC100433082	XM_002809968.4	+	2	91778554	91778612	58	1
NC_071985.2	93488081	93488750	3	1	+	NC_071985.2	93488367	93488424	93488512	93488749	ETV3L	XM_054550900.2	+	3	93488424	93488512	88	1
NC_071985.2	93662451	93662964	-3	1	-	NC_071985.2	93662619	93662747	93662453	93662528	LRRC71	XM_002810001.5	-	3	93662528	93662619	91	12
NC_071985.2	93744829	93745330	2	1	+	NC_071985.2	93744930	93745059	93745195	93745329	INSRR	XM_002810003.3	+	2	93745059	93745195	136	1
NC_071985.2	93965701	93966733	-2	1	-	NC_071985.2	93966301	93966483	93965702	93965982	HAPLN2	XM_054551149.1	-	2	93965982	93966301	319	1
NC_071985.2	93966736	93967594	-2	1	-	NC_071985.2	93967501	93967585	93966925	93967278	HAPLN2	XM_054551149.1	-	2	93967278	93967501	223	1
NC_071985.2	94027240	94027561	2	1	+	NC_071985.2	94027282	94027349	94027440	94027553	IQGAP3	XM_024232275.3	+	2	94027349	94027440	91	5
NC_071985.2	94040046	94040553	1	1	+	NC_071985.2	94040117	94040284	94040378	94040517	IQGAP3	XM_024232275.3	+	1	94040284	94040378	94	3
NC_071985.2	94040046	94040553	1	1	+	NC_071985.2	94040117	94040284	94040381	94040517	IQGAP3	XM_024232280.3	+	1	94040284	94040381	97	2
NC_071985.2	94212638	94213079	-1	1	-	NC_071985.2	94212894	94213044	94212665	94212776	RHBG	XM_003775545.4	-	1	94212776	94212894	118	1
NC_071985.2	94342955	94343453	3	1	+	NC_071985.2	94342984	94343111	94343247	94343452	PAQR6	XM_054551277.2	+	3	94343111	94343247	136	3
NC_071985.2	94976242	94976632	-2	1	-	NC_071985.2	94976465	94976607	94976265	94976374	MSTO1	XM_024242912.3	-	2	94976374	94976465	91	2
NC_071985.2	95293704	95294250	1	1	+	NC_071985.2	95293772	95293863	95293960	95294091	PKLR	XM_024247188.2	+	1	95293863	95293960	97	2
NC_071985.2	95340570	95341200	1	1	+	NC_071985.2	95340716	95340784	95340884	95341137	ENTREP3	XM_003775554.5	+	1	95340784	95340884	100	4
NC_071985.2	95356217	95357003	-1	1	-	NC_071985.2	95356593	95356682	95356245	95356427	LOC112133422	XM_063723842.1	-	1	95356427	95356593	166	1
NC_071985.2	95377249	95378038	-2	1	-	NC_071985.2	95377625	95377717	95377277	95377459	LOC100445138	XM_002810067.5	-	2	95377459	95377625	166	1
NC_071985.2	95526013	95526817	-2	1	-	NC_071985.2	95526695	95526764	95526038	95526109	ADAM15	XM_024236042.3	-	2	95526109	95526695	586	5
NC_071985.2	95526013	95526817	-2	1	-	NC_071985.2	95526695	95526764	95526038	95526112	ADAM15	XM_054552128.2	-	2	95526112	95526695	583	6
NC_071985.2	95526013	95526817	-2	1	-	NC_071985.2	95526695	95526764	95526014	95526112	ADAM15	XM_054552193.2	-	2	95526112	95526695	583	1
NC_071985.2	95534758	95534992	-2	1	-	NC_071985.2	95534963	95534991	95534760	95534851	ADAM15	XM_024236062.3	-	2	95534851	95534963	112	1
NC_071985.2	95541261	95541684	-3	1	-	NC_071985.2	95541535	95541634	95541307	95541402	DCST1	XM_024236072.3	-	3	95541402	95541535	133	3
NC_071985.2	95619301	95620063	2	1	+	NC_071985.2	95619394	95619592	95619680	95619749	SHC1	NM_001132781.1	+	2	95619592	95619680	88	25
NC_071985.2	95619301	95620063	2	1	+	NC_071985.2	95619680	95619749	95619834	95619965	SHC1	NM_001132781.1	+	2	95619749	95619834	85	16
NC_071985.2	95619301	95620063	2	1	+	NC_071985.2	95619680	95619749	95619831	95619965	SHC1	XM_024235206.3	+	2	95619749	95619831	82	9
NC_071985.2	95637507	95638170	1	1	+	NC_071985.2	95637707	95637777	95637871	95638002	PBXIP1	XM_009243554.4	+	1	95637777	95637871	94	3
NC_071985.2	96624698	96625076	3	1	+	NC_071985.2	96624823	96624902	96625026	96625075	CRTC2	XM_054552928.2	+	3	96624902	96625026	124	2
NC_071985.2	96624698	96625076	3	1	+	NC_071985.2	96624838	96624902	96625026	96625075	CRTC2	XM_054552936.2	+	3	96624902	96625026	124	1
NC_071985.2	96646344	96646710	1	1	+	NC_071985.2	96646372	96646413	96646579	96646710	DENND4B	XM_054552903.1	+	1	96646413	96646579	166	1
NC_071985.2	97694844	97697082	-3	1	-	NC_071985.2	97696303	97696929	97695718	97696092	IVL	XM_009244076.3	-	3	97696092	97696303	211	1
NC_071985.2	97694844	97697082	-3	1	-	NC_071985.2	97695718	97696092	97694845	97695567	IVL	XM_009244076.3	-	3	97695567	97695718	151	1
NC_071985.2	97851961	97853848	-2	1	-	NC_071985.2	97853453	97853737	97851962	97853413	KPRP	XM_002810191.2	-	2	97853413	97853453	40	1
NC_071985.2	98501564	98506592	3	1	+	NC_071985.2	98501565	98503135	98503193	98506592	TCHH	XM_024239276.3	+	3	98503135	98503193	58	1
NC_071985.2	98956333	98957005	2	1	+	NC_071985.2	98956413	98956550	98956809	98956952	CELF3	XM_024250050.3	+	2	98956550	98956809	259	13
NC_071985.2	98956333	98957005	2	1	+	NC_071985.2	98956416	98956550	98956809	98956952	CELF3	XM_024250060.3	+	2	98956550	98956809	259	4
NC_071985.2	99122962	99123262	-2	1	-	NC_071985.2	99123179	99123262	99122964	99123082	CGN	XM_009244373.3	-	2	99123082	99123179	97	2
NC_071985.2	99225528	99226197	1	1	+	NC_071985.2	99225596	99225886	99225968	99226186	POGZ	XM_009244413.4	+	1	99225886	99225968	82	8
NC_071985.2	99225528	99226197	1	1	+	NC_071985.2	99225596	99225886	99225995	99226186	POGZ	XM_024236558.2	+	1	99225886	99225995	109	2
NC_071988.2	1004332	1005043	2	1	+	NC_071988.2	1004726	1004851	1004930	1005006	IDUA	XM_024245714.3	+	2	1004851	1004930	79	4
NC_071988.2	1005372	1005771	1	1	+	NC_071988.2	1005393	1005493	1005641	1005771	IDUA	XM_024245714.3	+	1	1005493	1005641	148	5
NC_071988.2	1170128	1170872	-3	1	-	NC_071988.2	1170615	1170838	1170351	1170542	SPON2	NM_001131171.1	-	3	1170542	1170615	73	1
NC_071988.2	119955163	119955646	-1	1	-	NC_071988.2	119955443	119955490	119955200	119955316	TSPAN5	XM_002814986.6	-	1	119955316	119955443	127	6
NC_071988.2	124739321	124740041	-3	1	-	NC_071988.2	124739727	124740041	124739331	124739603	CENPE	XM_024245777.3	-	3	124739603	124739727	124	16
NC_071988.2	134215472	134215805	3	1	+	NC_071988.2	134215497	134215665	134215749	134215782	LOC100462083	XM_063723582.1	+	3	134215665	134215749	84	1
NC_071988.2	166944848	166945280	-3	1	-	NC_071988.2	166945139	166945242	166944850	166945036	OTUD4	XM_009240347.4	-	3	166945036	166945139	103	7
NC_071988.2	174522692	174523244	-3	1	-	NC_071988.2	174522941	174523201	174522812	174522850	TMEM154	XM_002815217.5	-	3	174522850	174522941	91	1
NC_071988.2	174998439	175001199	1	1	+	NC_071988.2	174998446	174998506	175000928	175001047	LOC129059208	XM_054554868.1	+	1	174998506	175000928	2422	1
NC_071988.2	176513140	176514718	-1	1	-	NC_071988.2	176514302	176514718	176513182	176514145	FGA	XM_009240393.3	-	1	176514145	176514302	157	1
NC_071988.2	1829502	1830294	1	1	+	NC_071988.2	1829744	1829913	1829989	1830112	FGFR3	XM_024246362.3	+	1	1829913	1829989	76	4
NC_071988.2	1829502	1830294	1	1	+	NC_071988.2	1829741	1829913	1829989	1830112	FGFR3	XM_054554896.2	+	1	1829913	1829989	76	3
NC_071988.2	1834336	1835053	2	1	+	NC_071988.2	1834625	1834695	1834915	1835052	FGFR3	XM_024246362.3	+	2	1834695	1834915	220	7
NC_071988.2	190313234	190313522	3	1	+	NC_071988.2	190313271	190313324	190313421	190313514	ANXA10	XM_002815276.3	+	3	190313324	190313421	97	1
NC_071988.2	2494316	2494943	3	1	+	NC_071988.2	2494463	2494625	2494830	2494943	CFAP99	XM_024246560.3	+	3	2494625	2494830	205	1
NC_071988.2	2863886	2864477	3	1	+	NC_071988.2	2864003	2864058	2864395	2864476	SH3BP2	XM_024246244.3	+	3	2864058	2864395	337	1
NC_071988.2	2963829	2964264	-2	1	-	NC_071988.2	2964090	2964198	2963870	2963981	MFSD10	XM_024246330.3	-	2	2963981	2964090	109	13
NC_071988.2	38809885	38810404	-1	1	-	NC_071988.2	38810281	38810326	38810081	38810196	RPL9	NM_001132412.1	-	1	38810196	38810281	85	2
NC_071988.2	40615100	40615787	3	1	+	NC_071988.2	40615470	40615502	40615608	40615619	UCHL1	XM_002814697.5	+	3	40615502	40615608	106	1
NC_071988.2	670322	671174	-3	1	-	NC_071988.2	670733	670946	670461	670537	SLC49A3	XM_054553645.2	-	3	670537	670733	196	1
NC_071988.2	7865428	7865860	2	1	+	NC_071988.2	7865504	7865548	7865717	7865845	CYTL1	XM_002814573.5	+	2	7865548	7865717	169	1
NC_071988.2	834921	835410	-2	1	-	NC_071988.2	835138	835314	834922	835020	GAK	NM_001131628.1	-	2	835020	835138	118	12
NC_071988.2	8627825	8628140	3	1	+	NC_071988.2	8627826	8627933	8628045	8628128	LYAR	XM_024246304.3	+	3	8627933	8628045	112	4
NC_071988.2	9091049	9091886	-3	1	-	NC_071988.2	9091808	9091823	9091266	9091387	WDR1	NM_001132899.1	-	3	9091387	9091808	421	3
NC_071988.2	91536963	91537620	1	1	+	NC_071988.2	91537195	91537301	91537380	91537620	SMR3A	XM_024246282.2	+	1	91537301	91537380	79	1
NC_071988.2	962339	963062	-3	1	-	NC_071988.2	962766	962918	962340	962438	DGKQ	XM_024245711.3	-	3	962438	962766	328	1
NC_071989.2	103521290	103522004	3	1	+	NC_071989.2	103521519	103521520	103521695	103521920	RHOBTB3	XM_024246860.3	+	3	103521520	103521695	175	3
NC_071989.2	1284731	1285136	-1	1	-	NC_071989.2	1285029	1285084	1284900	1284944	CLPTM1L	NM_001132910.2	-	1	1284944	1285029	85	3
NC_071989.2	1305466	1306027	-2	1	-	NC_071989.2	1305821	1305982	1305492	1305592	CLPTM1L	NM_001132910.2	-	2	1305592	1305821	229	2
NC_071989.2	136556	137189	3	1	+	NC_071989.2	136618	136827	136951	137074	PLEKHG4B	XM_054555305.2	+	3	136827	136951	124	1
NC_071989.2	140307753	140308209	-3	1	-	NC_071989.2	140308092	140308197	140307848	140307941	MEIKIN	XM_024247389.3	-	3	140307941	140308092	151	2
NC_071989.2	140646207	140646861	1	1	+	NC_071989.2	140646255	140646418	140646743	140646860	PDLIM4	XM_002815857.6	+	1	140646418	140646743	325	2
NC_071989.2	140861771	140862443	-1	1	-	NC_071989.2	140862194	140862323	140861873	140861995	IRF1	XM_002815864.6	-	1	140861995	140862194	199	2
NC_071989.2	142467066	142467954	1	1	+	NC_071989.2	142467271	142467534	142467700	142467766	TCF7	XM_024247034.3	+	1	142467534	142467700	166	11
NC_071989.2	147819857	147820439	-1	1	-	NC_071989.2	147820352	147820400	147820037	147820213	ECSCR	XM_024247534.3	-	1	147820213	147820352	139	5
NC_071989.2	148716255	148716954	-3	1	-	NC_071989.2	148716720	148716765	148716348	148716521	HBEGF	XM_002815961.6	-	3	148716521	148716720	199	1
NC_071989.2	149888023	149888509	-2	1	-	NC_071989.2	149888291	149888454	149888032	149888167	LOC134761469	XM_063724507.1	-	2	149888167	149888291	124	2
NC_071989.2	150034120	150034756	-2	1	-	NC_071989.2	150034420	150034619	150034223	150034308	ARAP3	XM_024247675.3	-	2	150034308	150034420	112	6
NC_071989.2	155525066	155525516	-1	1	-	NC_071989.2	155525489	155525498	155525291	155525368	PPP2R2B	XM_063723933.1	-	1	155525368	155525489	121	2
NC_071989.2	156703407	156704856	1	1	+	NC_071989.2	156703502	156704093	156704157	156704598	MARCOL	XM_063724589.1	+	1	156704093	156704157	64	1
NC_071989.2	158705158	158705587	-2	1	-	NC_071989.2	158705434	158705549	158705160	158705280	CSF1R	XM_024247417.3	-	2	158705280	158705434	154	1
NC_071989.2	158767097	158767634	-1	1	-	NC_071989.2	158767488	158767615	158767193	158767367	PDGFRB	XM_002816074.5	-	1	158767367	158767488	121	4
NC_071989.2	158885857	158886421	-2	1	-	NC_071989.2	158886139	158886222	158885909	158886003	CAMK2A	NM_001131841.1	-	2	158886003	158886139	136	5
NC_071989.2	159017356	159018055	2	1	+	NC_071989.2	159017498	159017677	159017801	159018001	TCOF1	XM_002816084.5	+	2	159017677	159017801	124	11
NC_071989.2	159340524	159340998	-3	1	-	NC_071989.2	159340869	159340957	159340545	159340676	RBM22	NM_001132152.1	-	3	159340676	159340869	193	1
NC_071989.2	163493731	163494295	2	1	+	NC_071989.2	163493741	163493864	163493991	163494196	LARP1	XM_024247731.3	+	2	163493864	163493991	127	7
NC_071989.2	163630282	163630558	2	1	+	NC_071989.2	163630403	163630430	163630509	163630557	MRPL22	NM_001132873.1	+	2	163630430	163630509	79	2
NC_071989.2	166182423	166182876	-3	1	-	NC_071989.2	166182775	166182852	166182555	166182663	ADAM19	XM_002816129.6	-	3	166182663	166182775	112	3
NC_071989.2	169061113	169061512	-2	1	-	NC_071989.2	169061450	169061506	169061122	169061335	CCNJL	XM_054556170.2	-	2	169061335	169061450	115	1
NC_071989.2	169505	170072	3	1	+	NC_071989.2	169578	169667	169749	169979	PLEKHG4B	XM_054555305.2	+	3	169667	169749	82	1
NC_071989.2	179700368	179702252	3	1	+	NC_071989.2	179700434	179700887	179701623	179701978	LOC129059677	XM_063724591.1	+	3	179700887	179701623	736	1
NC_071989.2	185306487	185307135	1	1	+	NC_071989.2	185306535	185306697	185306989	185307120	DDX41	XM_024247010.3	+	1	185306697	185306989	292	1
NC_071989.2	185336128	185336743	2	1	+	NC_071989.2	185336159	185336279	185336367	185336482	PDLIM7	XM_002816282.5	+	2	185336279	185336367	88	18
NC_071989.2	185363462	185364536	-1	1	-	NC_071989.2	185364086	185364512	185363463	185363857	PRR7	XM_002816277.5	-	1	185363857	185364086	229	6
NC_071989.2	185434410	185434992	-3	1	-	NC_071989.2	185434710	185434859	185434497	185434625	SLC34A1	XM_002816281.4	-	3	185434625	185434710	85	2
NC_071989.2	185449118	185449607	-1	1	-	NC_071989.2	185449485	185449531	185449292	185449406	RGS14	XM_024247663.3	-	1	185449406	185449485	79	2
NC_071989.2	185452935	185453649	-3	1	-	NC_071989.2	185453368	185453511	185453100	185453211	RGS14	XM_024247663.3	-	3	185453211	185453368	157	2
NC_071989.2	185453704	185454511	-2	1	-	NC_071989.2	185454125	185454217	185453891	185454034	RGS14	XM_024247663.3	-	2	185454034	185454125	91	1
NC_071989.2	185453704	185454511	-2	1	-	NC_071989.2	185454125	185454511	185453891	185454034	RGS14	XM_054556288.1	-	2	185454034	185454125	91	1
NC_071989.2	185514718	185515108	-2	1	-	NC_071989.2	185514995	185515108	185514808	185514886	PRELID1	XM_002816268.5	-	2	185514886	185514995	109	1
NC_071989.2	185518145	185518640	3	1	+	NC_071989.2	185518146	185518224	185518330	185518397	RAB24	XM_009241318.3	+	3	185518224	185518330	106	3
NC_071989.2	185734745	185735477	-1	1	-	NC_071989.2	185735106	185735296	185734841	185734979	FGFR4	XM_024247553.3	-	1	185734979	185735106	127	3
NC_071989.2	185943953	185944814	3	1	+	NC_071989.2	185944268	185944423	185944580	185944813	HK3	XM_002816254.4	+	3	185944423	185944580	157	2
NC_071989.2	185946836	185947859	-1	1	-	NC_071989.2	185947692	185947841	185947446	185947610	UNC5A	XM_024247168.3	-	1	185947610	185947692	82	1
NC_071989.2	185948337	185949312	-3	1	-	NC_071989.2	185948804	185948891	185948380	185948548	UNC5A	XM_024247168.3	-	3	185948548	185948804	256	1
NC_071989.2	186171129	186171573	-3	1	-	NC_071989.2	186171466	186171516	186171232	186171378	TSPAN17	XM_024247508.3	-	3	186171378	186171466	88	2
NC_071989.2	186239487	186240393	-3	1	-	NC_071989.2	186240285	186240354	186239529	186240134	CDHR2	XM_054556325.2	-	3	186240134	186240285	151	2
NC_071989.2	186293907	186294474	1	1	+	NC_071989.2	186293956	186294117	186294349	186294473	RNF44	XM_024246919.3	+	1	186294117	186294349	232	8
NC_071989.2	186434917	186435361	2	1	+	NC_071989.2	186434918	186435035	186435249	186435360	CLTB	XM_002816243.6	+	2	186435035	186435249	214	2
NC_071989.2	186907101	186907734	1	1	+	NC_071989.2	186907187	186907332	186907456	186907596	RMND5B	XM_024247177.3	+	1	186907332	186907456	124	3
NC_071989.2	186907101	186907734	1	1	+	NC_071989.2	186907228	186907332	186907456	186907596	RMND5B	XM_054556334.2	+	1	186907332	186907456	124	1
NC_071989.2	186912106	186912478	2	1	+	NC_071989.2	186912127	186912229	186912323	186912477	RMND5B	XM_024247177.3	+	2	186912229	186912323	94	4
NC_071989.2	187011284	187011806	-1	1	-	NC_071989.2	187011741	187011794	187011441	187011527	COL23A1	XM_024247215.3	-	1	187011527	187011741	214	1
NC_071989.2	187015229	187015652	-1	1	-	NC_071989.2	187015563	187015616	187015251	187015277	COL23A1	XM_024247215.3	-	1	187015277	187015563	286	1
NC_071989.2	188276997	188278500	-3	1	-	NC_071989.2	188278027	188278230	188277415	188277924	LOC134761506	XM_063724594.1	-	3	188277924	188278027	103	1
NC_071989.2	188276997	188278500	-3	1	-	NC_071989.2	188277415	188277924	188276998	188277363	LOC134761506	XM_063724594.1	-	3	188277363	188277415	52	1
NC_071989.2	188564279	188564831	-1	1	-	NC_071989.2	188564736	188564811	188564501	188564615	MGAT4B	XM_024246932.3	-	1	188564615	188564736	121	5
NC_071989.2	188628677	188629298	-1	1	-	NC_071989.2	188629049	188629120	188628716	188628766	TBC1D9B	XM_003776729.5	-	1	188628766	188629049	283	3
NC_071989.2	189331818	189332634	-3	1	-	NC_071989.2	189332185	189332423	189331819	189331839	SCGB3A1	XM_002816326.2	-	3	189331839	189332185	346	2
NC_071989.2	189371040	189371877	-3	1	-	NC_071989.2	189371445	189371613	189371042	189371159	FLT4	XM_024247110.3	-	3	189371159	189371445	286	4
NC_071989.2	189372102	189372744	-3	1	-	NC_071989.2	189372412	189372524	189372129	189372291	FLT4	XM_024247110.3	-	3	189372291	189372412	121	4
NC_071989.2	189800137	189800542	2	1	+	NC_071989.2	189800169	189800297	189800475	189800507	BTNL9	XM_024247231.2	+	2	189800297	189800475	178	1
NC_071989.2	189934694	189935594	3	1	+	NC_071989.2	189934718	189934825	189934891	189935504	LOC112128520	XM_063724595.1	+	3	189934825	189934891	66	1
NC_071989.2	2735544	2736753	-3	1	-	NC_071989.2	2735735	2736576	2735545	2735590	LOC129059320	XM_054555378.2	-	3	2735590	2735735	145	1
NC_071989.2	7913980	7914427	2	1	+	NC_071989.2	7914043	7914135	7914244	7914426	MTRR	NM_001133791.1	+	2	7914135	7914244	109	5
NC_071989.2	83140766	83141447	3	1	+	NC_071989.2	83140929	83141027	83141133	83141237	ANKDD1B	XM_054555639.2	+	3	83141027	83141133	106	1
NC_071989.2	972545	973550	3	1	+	NC_071989.2	972546	972669	973060	973139	NKD2	XM_002815382.5	+	3	972669	973060	391	3
NC_071990.2	106907489	106909970	-2	1	-	NC_071990.2	106909030	106909280	106908188	106908474	LOC129059826	XM_054557103.1	-	2	106908474	106909030	556	1
NC_071990.2	110535996	110536470	1	1	+	NC_071990.2	110536057	110536139	110536266	110536398	SMPD2	XM_024249045.3	+	1	110536139	110536266	127	1
NC_071990.2	110547260	110547857	-2	1	-	NC_071990.2	110547594	110547851	110547293	110547500	MICAL1	XM_024248274.3	-	2	110547500	110547594	94	6
NC_071990.2	133467119	133467722	-2	1	-	NC_071990.2	133467480	133467545	133467143	133467365	CCN2	XM_002817364.4	-	2	133467365	133467480	115	1
NC_071990.2	134252296	134252770	-3	1	-	NC_071990.2	134252525	134252737	134252298	134252428	VNN3P	XM_002817374.4	-	3	134252428	134252525	97	1
NC_071990.2	137879651	137880299	-2	1	-	NC_071990.2	137879970	137880132	137879653	137879754	MAP7	NM_001133034.1	-	2	137879754	137879970	216	1
NC_071990.2	144610987	144612007	2	1	+	NC_071990.2	144611333	144611425	144611684	144611803	AIG1	XM_024248793.3	+	2	144611425	144611684	259	7
NC_071990.2	144610987	144612007	2	1	+	NC_071990.2	144611333	144611341	144611684	144611803	AIG1	XM_054558240.2	+	2	144611341	144611684	343	2
NC_071990.2	159774813	159775338	1	1	+	NC_071990.2	159774838	159774987	159775063	159775228	SYNJ2	XM_003776952.5	+	1	159774987	159775063	76	7
NC_071990.2	169145220	169146486	1	1	+	NC_071990.2	169145269	169145277	169145374	169146486	CCR6	XM_002817580.4	+	1	169145277	169145374	97	2
NC_071990.2	172278238	172279387	-3	1	-	NC_071990.2	172279145	172279198	172278569	172278865	DLL1	XM_002817605.6	-	3	172278865	172279145	280	1
NC_071990.2	25860743	25861532	3	1	+	NC_071990.2	25861167	25861299	25861384	25861531	SLC17A4	XM_024248403.3	+	3	25861299	25861384	85	1
NC_071990.2	29704200	29706282	-1	1	-	NC_071990.2	29705019	29706093	29704201	29704442	LOC112133793	XM_063725422.1	-	1	29704442	29705019	577	1
NC_071990.2	29704200	29706282	-1	1	-	NC_071990.2	29705019	29706093	29704726	29704913	LOC112133793	XM_063725423.1	-	1	29704913	29705019	106	1
NC_071990.2	29704200	29706282	-1	1	-	NC_071990.2	29705019	29706093	29704825	29704913	LOC112133793	XM_063725424.1	-	1	29704913	29705019	106	1
NC_071990.2	30078449	30079016	-2	1	-	NC_071990.2	30078763	30079007	30078510	30078585	LOC100439401	XM_054558624.2	-	2	30078585	30078763	178	3
NC_071990.2	30632059	30632449	2	1	+	NC_071990.2	30632060	30632155	30632315	30632444	ABCF1	XM_024248136.3	+	2	30632155	30632315	160	1
NC_071990.2	30632059	30632449	2	1	+	NC_071990.2	30632060	30632155	30632318	30632444	ABCF1	XM_024248137.3	+	2	30632155	30632318	163	1
NC_071990.2	30713697	30714243	-1	1	-	NC_071990.2	30714103	30714201	30713839	30713991	DHX16	XM_002816634.5	-	1	30713991	30714103	112	2
NC_071990.2	30717118	30717766	-3	1	-	NC_071990.2	30717410	30717520	30717126	30717241	DHX16	XM_002816634.5	-	3	30717241	30717410	169	1
NC_071990.2	30941797	30942175	2	1	+	NC_071990.2	30941870	30941954	30942048	30942150	DDR1	XM_002816642.6	+	2	30941954	30942048	94	7
NC_071990.2	30946100	30946646	3	1	+	NC_071990.2	30946201	30946296	30946405	30946556	DDR1	XM_002816642.6	+	3	30946296	30946405	109	7
NC_071990.2	30975794	30976112	3	1	+	NC_071990.2	30975816	30975884	30976008	30976086	VARS2	XM_002816646.6	+	3	30975884	30976008	124	5
NC_071990.2	31001578	31006981	2	1	+	NC_071990.2	31001742	31002635	31003053	31003580	MUCL3	XM_063725430.1	+	2	31002635	31003053	418	1
NC_071990.2	31001578	31006981	2	1	+	NC_071990.2	31003053	31003580	31003941	31004619	MUCL3	XM_063725430.1	+	2	31003580	31003941	361	1
NC_071990.2	31001578	31006981	2	1	+	NC_071990.2	31003941	31004619	31004905	31005674	MUCL3	XM_063725430.1	+	2	31004619	31004905	286	1
NC_071990.2	31001578	31006981	2	1	+	NC_071990.2	31004905	31005674	31005732	31006933	MUCL3	XM_063725430.1	+	2	31005674	31005732	58	1
NC_071990.2	31195908	31196355	-1	1	-	NC_071990.2	31196127	31196315	31195929	31196030	CCHCR1	XM_024247841.3	-	1	31196030	31196127	97	35
NC_071990.2	31195908	31196355	-1	1	-	NC_071990.2	31196127	31196315	31195909	31196030	CCHCR1	XM_054556793.2	-	1	31196030	31196127	97	1
NC_071990.2	31201677	31202115	-1	1	-	NC_071990.2	31201951	31202086	31201681	31201791	CCHCR1	NM_001132160.1	-	1	31201791	31201951	160	24
NC_071990.2	31201677	31202115	-1	1	-	NC_071990.2	31201951	31201956	31201681	31201791	CCHCR1	XM_054556809.2	-	1	31201791	31201951	160	1
NC_071990.2	31207988	31208375	-2	1	-	NC_071990.2	31208282	31208297	31207990	31208203	CCHCR1	NM_001132160.1	-	2	31208203	31208282	79	11
NC_071990.2	31207988	31208375	-2	1	-	NC_071990.2	31208282	31208348	31207990	31208203	CCHCR1	XM_024247841.3	-	2	31208203	31208282	79	10
NC_071990.2	31207988	31208375	-2	1	-	NC_071990.2	31208282	31208348	31207990	31208095	CCHCR1	XM_024247844.3	-	2	31208095	31208282	187	6
NC_071990.2	31207988	31208375	-2	1	-	NC_071990.2	31208282	31208297	31207990	31208095	CCHCR1	XM_054556789.2	-	2	31208095	31208282	187	8
NC_071990.2	31216761	31217433	-1	1	-	NC_071990.2	31217166	31217286	31216807	31216937	POU5F1	XM_002809098.5	-	1	31216937	31217166	229	1
NC_071990.2	31333415	31334162	-2	1	-	NC_071990.2	31333874	31334149	31333631	31333750	DKFZP469M1914	NM_001133246.1	-	2	31333750	31333874	124	1
NC_071990.2	31335248	31335848	-2	1	-	NC_071990.2	31335653	31335725	31335254	31335523	DKFZP469M1914	NM_001133246.1	-	2	31335523	31335653	130	1
NC_071990.2	31926752	31927427	-2	1	-	NC_071990.2	31927073	31927198	31926753	31926970	LOC103890871	XM_054558704.1	-	2	31926970	31927073	103	1
NC_071990.2	31938865	31939459	2	1	+	NC_071990.2	31938978	31939018	31939358	31939459	MPIG6B	XM_024248306.3	+	2	31939018	31939358	340	1
NC_071990.2	31982641	31983214	-3	1	-	NC_071990.2	31982860	31983012	31982656	31982748	VWA7	XM_024248314.3	-	3	31982748	31982860	112	2
NC_071990.2	31994270	31994984	-2	1	-	NC_071990.2	31994813	31994924	31994355	31994680	VARS1	XM_024249080.3	-	2	31994680	31994813	133	2
NC_071990.2	31994270	31994984	-2	1	-	NC_071990.2	31994813	31994924	31994271	31994680	VARS1	XM_063725196.1	-	2	31994680	31994813	133	1
NC_071990.2	31996735	31997314	-3	1	-	NC_071990.2	31997078	31997148	31996868	31996993	VARS1	XM_024249080.3	-	3	31996993	31997078	85	3
NC_071990.2	32074503	32075067	-1	1	-	NC_071990.2	32074824	32075046	32074504	32074727	NEU1	NM_001132271.1	-	1	32074727	32074824	97	1
NC_071990.2	32079463	32079973	-3	1	-	NC_071990.2	32079823	32079893	32079629	32079723	SLC44A4	XM_054556721.2	-	3	32079723	32079823	100	1
NC_071990.2	32095499	32096138	-2	1	-	NC_071990.2	32095836	32095914	32095501	32095676	EHMT2	XM_009241698.4	-	2	32095676	32095836	160	8
NC_071990.2	32161993	32162605	2	1	+	NC_071990.2	32162085	32162216	32162499	32162600	CFB	XM_009241702.4	+	2	32162216	32162499	283	1
NC_071990.2	32208198	32208600	1	1	+	NC_071990.2	32208199	32208315	32208421	32208592	LOC112131287	XM_054558716.2	+	1	32208315	32208421	106	1
NC_071990.2	32210856	32211414	1	1	+	NC_071990.2	32210981	32211167	32211282	32211372	LOC112131287	XM_054558716.2	+	1	32211167	32211282	115	1
NC_071990.2	32222135	32222717	-2	1	-	NC_071990.2	32222375	32222518	32222151	32222281	LOC100434533	XM_063725285.1	-	2	32222281	32222375	94	1
NC_071990.2	32222883	32223309	-1	1	-	NC_071990.2	32223207	32223308	32222949	32223092	LOC100434533	XM_063725285.1	-	1	32223092	32223207	115	1
NC_071990.2	32234635	32235037	2	1	+	NC_071990.2	32234636	32234752	32234858	32235029	C4B	XM_054558717.2	+	2	32234752	32234858	106	1
NC_071990.2	32237293	32237851	2	1	+	NC_071990.2	32237418	32237604	32237719	32237809	C4B	XM_054558717.2	+	2	32237604	32237719	115	1
NC_071990.2	32248578	32249160	-1	1	-	NC_071990.2	32248818	32248961	32248594	32248724	LOC100443502	XM_054558718.2	-	1	32248724	32248818	94	1
NC_071990.2	32249326	32249824	-3	1	-	NC_071990.2	32249650	32249772	32249392	32249535	LOC100443502	XM_054558718.2	-	3	32249535	32249650	115	1
NC_071990.2	32273419	32274505	-3	1	-	NC_071990.2	32273911	32274225	32273479	32273796	LOC100443502	XM_054558718.2	-	3	32273796	32273911	115	1
NC_071990.2	32361017	32361353	3	1	+	NC_071990.2	32361049	32361144	32361232	32361339	PPT2	XM_002816689.6	+	3	32361144	32361232	88	4
NC_071990.2	32372835	32373198	1	1	+	NC_071990.2	32372840	32373010	32373104	32373183	EGFL8	XM_054557352.2	+	1	32373010	32373104	94	2
NC_071990.2	32385787	32386102	2	1	+	NC_071990.2	32385788	32385905	32386008	32386102	RNF5	XM_002816693.5	+	2	32385905	32386008	103	2
NC_071990.2	32425628	32426198	-2	1	-	NC_071990.2	32425934	32426170	32425658	32425813	LOC100436768	XM_024248758.3	-	2	32425813	32425934	121	1
NC_071990.2	33212992	33213454	2	1	+	NC_071990.2	33213081	33213203	33213321	33213454	BRD2	XM_002809128.5	+	2	33213203	33213321	118	7
NC_071990.2	33406525	33407050	-3	1	-	NC_071990.2	33406958	33407011	33406576	33406843	COL11A2	XM_054557377.2	-	3	33406843	33406958	115	4
NC_071990.2	33419819	33420356	-2	1	-	NC_071990.2	33420057	33420110	33419904	33419957	COL11A2	XM_054557377.2	-	2	33419957	33420057	100	4
NC_071990.2	33435902	33436436	-2	1	-	NC_071990.2	33436322	33436413	33435904	33436009	RXRB	XM_002809144.5	-	2	33436009	33436322	313	3
NC_071990.2	33435902	33436436	-2	1	-	NC_071990.2	33436322	33436425	33435904	33436009	RXRB	XM_009239818.3	-	2	33436009	33436322	313	3
NC_071990.2	33530493	33530790	1	1	+	NC_071990.2	33530513	33530583	33530665	33530789	PFDN6	XM_009240352.4	+	1	33530583	33530665	82	5
NC_071990.2	33534112	33534484	-3	1	-	NC_071990.2	33534353	33534385	33534114	33534235	RGL2	XM_009240474.4	-	3	33534235	33534353	118	4
NC_071990.2	33535288	33535573	-3	1	-	NC_071990.2	33535445	33535529	33535298	33535366	RGL2	XM_009240474.4	-	3	33535366	33535445	79	4
NC_071990.2	33560658	33561915	-1	1	-	NC_071990.2	33561084	33561915	33560728	33560939	DAXX	XM_002809158.5	-	1	33560939	33561084	145	2
NC_071990.2	33560658	33561915	-1	1	-	NC_071990.2	33561084	33561591	33560728	33560939	DAXX	XM_063725208.1	-	1	33560939	33561084	145	2
NC_071990.2	33926776	33927541	2	1	+	NC_071990.2	33926954	33927076	33927173	33927373	ITPR3	XM_024248061.3	+	2	33927076	33927173	97	2
NC_071990.2	33932753	33933584	3	1	+	NC_071990.2	33932867	33932975	33933108	33933198	ITPR3	XM_024248061.3	+	3	33932975	33933108	133	2
NC_071990.2	33934077	33934836	1	1	+	NC_071990.2	33934139	33934323	33934549	33934749	ITPR3	XM_024248061.3	+	1	33934323	33934549	226	2
NC_071990.2	34026894	34027305	-1	1	-	NC_071990.2	34027080	34027181	34026896	34026998	LEMD2	XM_024248707.3	-	1	34026998	34027080	82	1
NC_071990.2	34794291	34794891	-1	1	-	NC_071990.2	34794657	34794704	34794393	34794539	SPDEF	XM_024249008.3	-	1	34794539	34794657	118	2
NC_071990.2	35348322	35349030	1	1	+	NC_071990.2	35348338	35348508	35348842	35348940	ANKS1A	XM_054558727.2	+	1	35348508	35348842	334	7
NC_071990.2	35553228	35553819	1	1	+	NC_071990.2	35553325	35553441	35553700	35553775	ZNF76	XM_024249158.3	+	1	35553441	35553700	259	4
NC_071990.2	35553228	35553819	1	1	+	NC_071990.2	35553312	35553441	35553700	35553775	ZNF76	XM_054558738.2	+	1	35553441	35553700	259	1
NC_071990.2	36004930	36005413	2	1	+	NC_071990.2	36005003	36005176	36005318	36005389	ARMC12	XM_002816796.5	+	2	36005176	36005318	142	2
NC_071990.2	36399075	36399606	1	1	+	NC_071990.2	36399094	36399172	36399272	36399448	MAPK13	XM_002816803.6	+	1	36399172	36399272	100	2
NC_071990.2	41831890	41832511	2	1	+	NC_071990.2	41832056	41832139	41832248	41832455	FOXP4	XM_002816867.6	+	2	41832139	41832248	109	6
NC_071990.2	41831890	41832511	2	1	+	NC_071990.2	41832056	41832139	41832284	41832455	FOXP4	XM_009241858.4	+	2	41832139	41832284	145	5
NC_071990.2	43177134	43177479	1	1	+	NC_071990.2	43177305	43177366	43177469	43177479	CNPY3	XM_063725240.1	+	1	43177366	43177469	103	1
NC_071990.2	43250744	43251341	3	1	+	NC_071990.2	43250785	43250984	43251069	43251179	PPP2R5D	XM_009241889.4	+	3	43250984	43251069	85	2
NC_071990.2	43254398	43254911	3	1	+	NC_071990.2	43254545	43254617	43254762	43254878	PPP2R5D	XM_009241889.4	+	3	43254617	43254762	145	2
NC_071990.2	43448560	43449415	2	1	+	NC_071990.2	43448739	43448848	43448924	43449106	CUL9	XM_024248845.3	+	2	43448848	43448924	76	2
NC_071990.2	43448560	43449415	2	1	+	NC_071990.2	43448924	43449106	43449254	43449414	CUL9	XM_024248845.3	+	2	43449106	43449254	148	2
NC_071990.2	43448560	43449415	2	1	+	NC_071990.2	43448739	43448848	43448924	43449414	CUL9	XM_054557526.2	+	2	43448848	43448924	76	2
NC_071990.2	43700873	43701275	3	1	+	NC_071990.2	43700951	43701080	43701177	43701274	ABCC10	XM_054557545.2	+	3	43701080	43701177	97	1
NC_071990.2	43700873	43701275	3	1	+	NC_071990.2	43700951	43701080	43701177	43701275	ABCC10	XM_054557547.2	+	3	43701080	43701177	97	1
NC_071990.2	43875683	43876376	-2	1	-	NC_071990.2	43876128	43876236	43875735	43875932	GTPBP2	XM_002832969.6	-	2	43875932	43876128	196	6
NC_071990.2	44408801	44409368	3	1	+	NC_071990.2	44408853	44408933	44409180	44409368	TMEM63B	XM_024248593.3	+	3	44408933	44409180	247	10
NC_071990.2	44505044	44505617	3	1	+	NC_071990.2	44505070	44505260	44505387	44505534	HSP90AB1	NM_001132972.2	+	3	44505260	44505387	127	2
NC_071990.2	44510366	44511392	-2	1	-	NC_071990.2	44511079	44511089	44510372	44510565	SLC35B2	NM_001133978.2	-	2	44510565	44511079	514	1
NC_071990.2	44513653	44514235	-3	1	-	NC_071990.2	44514104	44514192	44513696	44513935	NFKBIE	XM_003776846.5	-	3	44513935	44514104	169	1
NC_071990.2	44556625	44557321	-3	1	-	NC_071990.2	44557145	44557282	44556659	44556767	AARS2	XM_002816937.5	-	3	44556767	44557145	378	1
NC_071990.2	7769913	7770270	1	1	+	NC_071990.2	7769920	7770030	7770124	7770270	BMP6	XM_024248953.3	+	1	7770030	7770124	94	1
NC_071990.2	79744875	79745559	-1	1	-	NC_071990.2	79745511	79745550	79745182	79745211	PHIP	XM_002817078.6	-	1	79745211	79745511	300	2
NC_071990.2	79744875	79745559	-1	1	-	NC_071990.2	79745182	79745211	79744930	79744989	PHIP	XM_002817078.6	-	1	79744989	79745182	193	2
NC_071990.2	86377994	86378492	-2	1	-	NC_071990.2	86378316	86378429	86378040	86378216	SYNCRIP	XM_003776870.5	-	2	86378216	86378316	100	8
NC_071991.2	10089341	10090310	-3	1	-	NC_071991.2	10090008	10090070	10089432	10089731	SPACDR	XM_002817760.4	-	3	10089731	10090008	277	1
NC_071991.2	101844303	101844708	-2	1	-	NC_071991.2	101844583	101844683	101844370	101844477	SRPK2	XM_009243112.4	-	2	101844477	101844583	106	12
NC_071991.2	102284547	102284937	1	1	+	NC_071991.2	102284565	102284745	102284818	102284936	RINT1	XM_024249862.3	+	1	102284745	102284818	73	7
NC_071991.2	10239294	10239696	1	1	+	NC_071991.2	10239383	10239547	10239668	10239696	MOSPD3	XM_024250466.3	+	1	10239547	10239668	121	6
NC_071991.2	10260546	10261161	-2	1	-	NC_071991.2	10260835	10260946	10260607	10260729	TFR2	XM_002817770.4	-	2	10260729	10260835	106	6
NC_071991.2	10275134	10275596	-3	1	-	NC_071991.2	10275338	10275432	10275165	10275271	ACTL6B	XM_024249809.3	-	3	10275271	10275338	67	3
NC_071991.2	10282340	10283033	-3	1	-	NC_071991.2	10282967	10282991	10282440	10282516	ACTL6B	XM_024249809.3	-	3	10282516	10282967	451	2
NC_071991.2	102829377	102830028	-2	1	-	NC_071991.2	102829771	102829821	102829429	102829500	SYPL1	XM_054558828.1	-	2	102829500	102829771	271	2
NC_071991.2	10306058	10306568	3	1	+	NC_071991.2	10306167	10306383	10306465	10306568	GNB2	XM_024249896.3	+	3	10306383	10306465	82	1
NC_071991.2	10310467	10311424	-1	1	-	NC_071991.2	10311287	10311369	10311041	10311181	GIGYF1	XM_024249990.3	-	1	10311181	10311287	106	11
NC_071991.2	10313493	10314255	-2	1	-	NC_071991.2	10313932	10314185	10313727	10313832	GIGYF1	XM_024249990.3	-	2	10313832	10313932	100	11
NC_071991.2	10497815	10498652	3	1	+	NC_071991.2	10497849	10497974	10498233	10498604	TRIP6	XM_002817780.6	+	3	10497974	10498233	259	1
NC_071991.2	10514354	10514675	3	1	+	NC_071991.2	10514355	10514453	10514538	10514655	SRRT	NM_001133377.1	+	3	10514453	10514538	85	5
NC_071991.2	10575524	10586687	3	1	+	NC_071991.2	10575583	10581300	10582981	10584271	MUC3A	XM_054560306.1	+	3	10581300	10582981	1681	1
NC_071991.2	10575524	10586687	3	1	+	NC_071991.2	10582981	10584271	10584815	10586685	MUC3A	XM_054560306.1	+	3	10584271	10584815	544	1
NC_071991.2	10606161	10650531	1	1	+	NC_071991.2	10616314	10616377	10616864	10617658	LOC129060557	XM_054560111.1	+	1	10616377	10616864	487	1
NC_071991.2	10606161	10650531	1	1	+	NC_071991.2	10616864	10617658	10617902	10618019	LOC129060557	XM_054560111.1	+	1	10617658	10617902	244	1
NC_071991.2	10606161	10650531	1	1	+	NC_071991.2	10617902	10618019	10618173	10618445	LOC129060557	XM_054560111.1	+	1	10618019	10618173	154	1
NC_071991.2	10606161	10650531	1	1	+	NC_071991.2	10618173	10618445	10619406	10619548	LOC129060557	XM_054560111.1	+	1	10618445	10619406	961	1
NC_071991.2	10606161	10650531	1	1	+	NC_071991.2	10622434	10622603	10622889	10623646	LOC129060558	XM_054560112.1	+	1	10622603	10622889	286	1
NC_071991.2	10606161	10650531	1	1	+	NC_071991.2	10622889	10623646	10624295	10624494	LOC129060558	XM_054560112.1	+	1	10623646	10624295	649	1
NC_071991.2	10606161	10650531	1	1	+	NC_071991.2	10626289	10626298	10626693	10628585	LOC129060559	XM_054560113.1	+	1	10626298	10626693	395	1
NC_071991.2	10606161	10650531	1	1	+	NC_071991.2	10647331	10648414	10648670	10650529	LOC129047298	XM_054560117.1	+	1	10648414	10648670	256	1
NC_071991.2	10606161	10650531	1	1	+	NC_071991.2	10634842	10635026	10635180	10635883	LOC129060561	XM_063725817.1	+	1	10635026	10635180	154	1
NC_071991.2	10606161	10650531	1	1	+	NC_071991.2	10635180	10635883	10636175	10636328	LOC129060561	XM_063725817.1	+	1	10635883	10636175	292	1
NC_071991.2	10680756	10703067	1	1	+	NC_071991.2	10680878	10682401	10684577	10685032	MUC12	XM_054560320.2	+	1	10682401	10684577	2176	1
NC_071991.2	10680756	10703067	1	1	+	NC_071991.2	10684577	10685032	10686863	10692955	MUC12	XM_054560320.2	+	1	10685032	10686863	1831	1
NC_071991.2	10680756	10703067	1	1	+	NC_071991.2	10686863	10692955	10693361	10698791	MUC12	XM_054560320.2	+	1	10692955	10693361	406	1
NC_071991.2	10680756	10703067	1	1	+	NC_071991.2	10693361	10698791	10701462	10702756	MUC12	XM_054560320.2	+	1	10698791	10701462	2671	1
NC_071991.2	10728791	10738901	3	1	+	NC_071991.2	10735125	10735233	10735588	10735764	MUC17	XM_054560118.1	+	3	10735233	10735588	355	1
NC_071991.2	10728791	10738901	3	1	+	NC_071991.2	10735588	10735764	10735942	10736271	MUC17	XM_054560118.1	+	3	10735764	10735942	178	1
NC_071991.2	10728791	10738901	3	1	+	NC_071991.2	10735942	10736271	10736800	10738896	MUC17	XM_054560118.1	+	3	10736271	10736800	529	1
NC_071991.2	10907374	10907935	-1	1	-	NC_071991.2	10907624	10907765	10907423	10907536	PLOD3	NM_001135399.1	-	1	10907536	10907624	88	2
NC_071991.2	12125924	12126452	3	1	+	NC_071991.2	12125990	12126224	12126327	12126443	LRWD1	XM_002817808.5	+	3	12126224	12126327	103	1
NC_071991.2	12132259	12132856	2	1	+	NC_071991.2	12132396	12132551	12132636	12132748	LRWD1	XM_002817808.5	+	2	12132551	12132636	85	1
NC_071991.2	12148978	12149422	-1	1	-	NC_071991.2	12149209	12149273	12148979	12149097	RASA4B	XM_024249818.3	-	1	12149097	12149209	112	2
NC_071991.2	12161850	12162633	-2	1	-	NC_071991.2	12162406	12162523	12162027	12162177	RASA4B	XM_024249818.3	-	2	12162177	12162406	229	2
NC_071991.2	12166292	12166859	-3	1	-	NC_071991.2	12166692	12166823	12166294	12166388	RASA4B	XM_024249818.3	-	3	12166388	12166692	304	2
NC_071991.2	124866660	124869801	1	1	+	NC_071991.2	124867630	124868055	124868413	124868497	LOC129060724	XM_054560780.1	+	1	124868055	124868413	358	1
NC_071991.2	124866660	124869801	1	1	+	NC_071991.2	124868413	124868497	124868927	124869801	LOC129060724	XM_054560780.1	+	1	124868497	124868927	430	1
NC_071991.2	125849773	125850628	-1	1	-	NC_071991.2	125850047	125850253	125849809	125849896	IMPDH1	XM_024250046.3	-	1	125849896	125850047	151	9
NC_071991.2	126124601	126125255	3	1	+	NC_071991.2	126124681	126124874	126124965	126125078	FLNC	XM_009243211.4	+	3	126124874	126124965	91	4
NC_071991.2	126127274	126127799	3	1	+	NC_071991.2	126127320	126127437	126127528	126127790	FLNC	XM_009243211.4	+	3	126127437	126127528	91	4
NC_071991.2	126175423	126176371	-1	1	-	NC_071991.2	126175961	126176046	126175438	126175590	KCP	XM_054559806.2	-	1	126175590	126175961	371	1
NC_071991.2	12790996	12791767	2	1	+	NC_071991.2	12791326	12791415	12791683	12791744	TMEM120A	XM_002817822.4	+	2	12791415	12791683	268	1
NC_071991.2	128828284	128828887	-1	1	-	NC_071991.2	128828740	128828887	128828417	128828478	PODXL	XM_009243230.4	-	1	128828478	128828740	262	1
NC_071991.2	13599357	13599687	1	1	+	NC_071991.2	13599428	13599522	13599625	13599687	CASTOR2	XM_024249430.3	+	1	13599522	13599625	103	1
NC_071991.2	13771630	13772080	-1	1	-	NC_071991.2	13771993	13772058	13771632	13771815	GTF2I	XM_024249940.3	-	1	13771815	13771993	178	14
NC_071991.2	139045614	139046115	-2	1	-	NC_071991.2	139045899	139046030	139045616	139045766	DENND11	XM_024249606.2	-	2	139045766	139045899	133	2
NC_071991.2	139652100	139652841	-2	1	-	NC_071991.2	139652610	139652769	139652281	139652366	LOC100452723	XM_054559920.1	-	2	139652366	139652610	244	1
NC_071991.2	139943653	139944223	2	1	+	NC_071991.2	139943762	139943810	139943919	139944223	LOC112134308	unassigned_transcript_348	+	2	139943810	139943919	109	1
NC_071991.2	140086542	140087370	1	1	+	NC_071991.2	140086750	140086798	140086925	140087370	LOC129060744	unassigned_transcript_362	+	1	140086798	140086925	127	1
NC_071991.2	140482571	140482835	-3	1	-	NC_071991.2	140482749	140482835	140482573	140482649	TRPV6	XM_024250333.3	-	3	140482649	140482749	100	2
NC_071991.2	140521755	140522373	-2	1	-	NC_071991.2	140522155	140522320	140521914	140521980	TRPV5	XM_002818578.4	-	2	140521980	140522155	175	1
NC_071991.2	141002921	141003557	-3	1	-	NC_071991.2	141003408	141003557	141002923	141003116	EPHA1	XM_024250335.2	-	3	141003116	141003408	292	1
NC_071991.2	141054337	141055504	2	1	+	NC_071991.2	141054503	141055307	141055356	141055504	TAS2R60	XM_054559944.1	+	2	141055307	141055356	49	1
NC_071991.2	14468623	14469556	-1	1	-	NC_071991.2	14469433	14469525	14468962	14469027	ELN	XM_054560393.2	-	1	14469027	14469433	406	13
NC_071991.2	14468623	14469556	-1	1	-	NC_071991.2	14469433	14469525	14468962	14469012	ELN	XM_054560394.2	-	1	14469012	14469433	421	4
NC_071991.2	147712527	147713346	1	1	+	NC_071991.2	147712589	147712768	147713003	147713247	LOC112131356	XM_054560792.2	+	1	147712768	147713003	235	1
NC_071991.2	147726682	147727423	2	1	+	NC_071991.2	147726846	147726937	147727019	147727250	LOC112131356	XM_054560792.2	+	2	147726937	147727019	82	1
NC_071991.2	147727305	147727839	1	1	+	NC_071991.2	147727361	147727513	147727610	147727750	LOC112131356	XM_054560792.2	+	1	147727513	147727610	97	1
NC_071991.2	147731849	147733112	3	1	+	NC_071991.2	147732103	147732253	147732779	147732851	LOC112131356	XM_054560792.2	+	3	147732253	147732779	526	1
NC_071991.2	147779082	147779628	-2	1	-	NC_071991.2	147779446	147779541	147779083	147779196	RARRES2	NM_001134159.1	-	2	147779196	147779446	250	1
NC_071991.2	14816619	14816952	-2	1	-	NC_071991.2	14816817	14816899	14816621	14816717	BUD23	XM_002817861.5	-	2	14816717	14816817	100	3
NC_071991.2	148407947	148408619	-3	1	-	NC_071991.2	148408223	148408495	148407949	148408135	KCNH2	XM_024250417.2	-	3	148408135	148408223	88	5
NC_071991.2	148469727	148470117	1	1	+	NC_071991.2	148469779	148469911	148470038	148470116	NOS3	XM_024250344.3	+	1	148469911	148470038	127	2
NC_071991.2	148474591	148475185	2	1	+	NC_071991.2	148474724	148474918	148475027	148475185	NOS3	XM_024250344.3	+	2	148474918	148475027	109	1
NC_071991.2	148537987	148538800	2	1	+	NC_071991.2	148538112	148538281	148538519	148538692	SLC4A2	NM_001131672.1	+	2	148538281	148538519	238	3
NC_071991.2	148579885	148580641	2	1	+	NC_071991.2	148580132	148580219	148580400	148580485	AGAP3	XM_024250310.3	+	2	148580219	148580400	181	8
NC_071991.2	1486293	1486758	-2	1	-	NC_071991.2	1486560	1486669	1486294	1486406	INTS1	XM_024241278.3	-	2	1486406	1486560	154	4
NC_071991.2	14905187	14906456	3	1	+	NC_071991.2	14905212	14905743	14905999	14906066	MLXIPL	XM_002817862.4	+	3	14905743	14905999	256	2
NC_071991.2	14905187	14906456	3	1	+	NC_071991.2	14905999	14906066	14906142	14906292	MLXIPL	XM_002817862.4	+	3	14906066	14906142	76	1
NC_071991.2	14905187	14906456	3	1	+	NC_071991.2	14905999	14906066	14906145	14906292	MLXIPL	XM_054560415.2	+	3	14906066	14906145	79	1
NC_071991.2	1493763	1494657	-2	1	-	NC_071991.2	1494474	1494633	1494114	1494254	INTS1	XM_024241278.3	-	2	1494254	1494474	220	4
NC_071991.2	1502632	1503508	-1	1	-	NC_071991.2	1503113	1503292	1502921	1503025	INTS1	XM_024241278.3	-	1	1503025	1503113	88	4
NC_071991.2	1504281	1505121	-2	1	-	NC_071991.2	1504735	1504914	1504438	1504587	INTS1	XM_024241278.3	-	2	1504587	1504735	148	4
NC_071991.2	1517645	1518248	-3	1	-	NC_071991.2	1517864	1518023	1517647	1517752	INTS1	XM_024241278.3	-	3	1517752	1517864	112	4
NC_071991.2	15198508	15198976	2	1	+	NC_071991.2	15198540	15198750	15198835	15198975	NSUN5	XM_024249523.3	+	2	15198750	15198835	85	2
NC_071991.2	1565691	1566705	-2	1	-	NC_071991.2	1566489	1566686	1565692	1565918	TMEM184A	XM_024241287.3	-	2	1565918	1566489	571	1
NC_071991.2	1569021	1569543	-2	1	-	NC_071991.2	1569295	1569370	1569023	1569114	TMEM184A	XM_024241287.3	-	2	1569114	1569295	181	1
NC_071991.2	21195291	21195894	1	1	+	NC_071991.2	21195525	21195574	21195746	21195847	LOC103891092	XM_054560477.2	+	1	21195574	21195746	172	2
NC_071991.2	25291500	25292877	1	1	+	NC_071991.2	25291520	25291615	25291760	25292162	LOC129060696	XM_054560751.2	+	1	25291615	25291760	145	1
NC_071991.2	2687024	2687585	-3	1	-	NC_071991.2	2687286	2687399	2687118	2687168	IQCE	XM_024241234.3	-	3	2687168	2687286	118	28
NC_071991.2	39954439	39955141	2	1	+	NC_071991.2	39954443	39954614	39954894	39955051	TBRG4	XM_024250433.2	+	2	39954614	39954894	280	5
NC_071991.2	40920263	40920995	3	1	+	NC_071991.2	40920396	40920540	40920835	40920939	MYL7	XM_024249787.2	+	3	40920540	40920835	295	1
NC_071991.2	40920263	40920995	3	1	+	NC_071991.2	40920465	40920540	40920835	40920939	MYL7	XM_024249788.2	+	3	40920540	40920835	295	1
NC_071991.2	40939539	40940367	1	1	+	NC_071991.2	40939653	40939851	40940158	40940238	POLD2	XM_002818001.5	+	1	40939851	40940158	307	2
NC_071991.2	40945189	40945879	-1	1	-	NC_071991.2	40945606	40945750	40945424	40945509	AEBP1	XM_024249480.3	-	1	40945509	40945606	97	2
NC_071991.2	4868353	4869724	-1	1	-	NC_071991.2	4869422	4869534	4868398	4868635	RADIL	XM_024241292.2	-	1	4868635	4869422	787	4
NC_071991.2	54041232	54041931	-2	1	-	NC_071991.2	54041700	54041802	54041466	54041573	GHRHR	XM_024250058.2	-	2	54041573	54041700	127	1
NC_071991.2	54088251	54089415	-2	1	-	NC_071991.2	54088879	54089280	54088486	54088650	AQP1	XM_063725513.1	-	2	54088650	54088879	229	1
NC_071991.2	5558034	5558670	-2	1	-	NC_071991.2	5558497	5558619	5558128	5558367	ACTB	NM_001133354.1	-	2	5558367	5558497	130	1
NC_071991.2	58995283	58995589	2	1	+	NC_071991.2	58995309	58995410	58995486	58995566	HNRNPA2B1	NM_001133859.2	+	2	58995410	58995486	76	5
NC_071991.2	63242535	63242919	-2	1	-	NC_071991.2	63242731	63242913	63242537	63242652	DNAH11	XM_054559402.2	-	2	63242652	63242731	79	1
NC_071991.2	6868916	6869492	3	1	+	NC_071991.2	6868917	6869076	6869365	6869492	RAC1	XM_024250035.3	+	3	6869076	6869365	289	2
NC_071991.2	6969006	6969432	-2	1	-	NC_071991.2	6969253	6969408	6969031	6969117	GRID2IP	XM_024250010.3	-	2	6969117	6969253	136	4
NC_071991.2	7919550	7920138	-2	1	-	NC_071991.2	7919815	7919964	7919552	7919709	TECPR1	NM_001133184.1	-	2	7919709	7919815	106	1
NC_071991.2	83872186	83872630	2	1	+	NC_071991.2	83872219	83872361	83872452	83872555	PEX1	XM_024250284.3	+	2	83872361	83872452	91	3
NC_071991.2	9841311	9842046	1	1	+	NC_071991.2	9841606	9841684	9841907	9842032	COPS6	NM_001131286.1	+	1	9841684	9841907	223	1
NC_071991.2	9841311	9842046	1	1	+	NC_071991.2	9841606	9841684	9841910	9842032	COPS6	XM_009242602.4	+	1	9841684	9841910	226	1
NC_071991.2	9843948	9844410	1	1	+	NC_071991.2	9844034	9844134	9844273	9844410	COPS6	NM_001131286.1	+	1	9844134	9844273	139	2
NC_071991.2	9849886	9850582	-1	1	-	NC_071991.2	9850159	9850273	9849943	9850074	MCM7	XM_002817741.6	-	1	9850074	9850159	85	1
NC_071991.2	9975058	9975718	2	1	+	NC_071991.2	9975099	9975263	9975319	9975446	PVRIG	XM_009242626.2	+	2	9975263	9975319	56	1
NC_071991.2	9975721	9976225	2	1	+	NC_071991.2	9975742	9975802	9975905	9976225	PVRIG	XM_009242626.2	+	2	9975802	9975905	103	1
NC_071991.2	999847	1001086	2	1	+	NC_071991.2	1000317	1000466	1000533	1000690	LOC100446332	XM_024241255.2	+	2	1000466	1000533	67	1
NC_071992.2	107283080	107283338	3	1	+	NC_071992.2	107283090	107283144	107283229	107283332	SLC26A7	XM_002819259.3	+	3	107283144	107283229	85	2
NC_071992.2	110045511	110045997	-1	1	-	NC_071992.2	110045835	110045993	110045530	110045729	CDH17	XM_063726725.1	-	1	110045729	110045835	106	1
NC_071992.2	115926870	115927176	-1	1	-	NC_071992.2	115927083	115927176	115926885	115926965	RGS22	XM_024251116.3	-	1	115926965	115927083	118	14
NC_071992.2	11932412	11939156	3	1	+	NC_071992.2	11932519	11935775	11937030	11939151	RP1L1	XM_054546148.1	+	3	11935775	11937030	1255	1
NC_071992.2	139432147	139432627	2	1	+	NC_071992.2	139432148	139432227	139432354	139432446	TBC1D31	NM_001131687.1	+	2	139432227	139432354	127	2
NC_071992.2	139432147	139432627	2	1	+	NC_071992.2	139432148	139432227	139432300	139432446	TBC1D31	XM_024250535.3	+	2	139432227	139432300	73	12
NC_071992.2	140291536	140291884	2	1	+	NC_071992.2	140291566	140291620	140291720	140291851	FER1L6	XM_054518809.2	+	2	140291620	140291720	100	1
NC_071992.2	157863307	157864702	-3	1	-	NC_071992.2	157864211	157864333	157863907	157864009	LOC100451616	XM_024251148.3	-	3	157864009	157864211	202	10
NC_071992.2	157863307	157864702	-3	1	-	NC_071992.2	157863907	157864009	157863634	157863708	LOC100451616	XM_024251148.3	-	3	157863708	157863907	199	10
NC_071992.2	159010959	159011529	1	1	+	NC_071992.2	159011050	159011085	159011248	159011355	ADGRB1	XM_054518963.2	+	1	159011085	159011248	163	4
NC_071992.2	159574828	159575326	2	1	+	NC_071992.2	159574880	159574952	159575037	159575153	LY6L	XM_054561086.2	+	2	159574952	159575037	85	1
NC_071992.2	159808203	159808710	-1	1	-	NC_071992.2	159808477	159808604	159808205	159808299	TOP1MT	XM_024250885.3	-	1	159808299	159808477	178	7
NC_071992.2	160061918	160062512	-2	1	-	NC_071992.2	160062369	160062512	160062102	160062275	MROH6	XM_024250882.3	-	2	160062275	160062369	94	1
NC_071992.2	160062948	160063908	-1	1	-	NC_071992.2	160063585	160063702	160062950	160063087	MROH6	XM_024250882.3	-	1	160063087	160063585	498	1
NC_071992.2	160068744	160069356	-1	1	-	NC_071992.2	160069048	160069128	160068849	160068951	NAPRT	XM_024250888.3	-	1	160068951	160069048	97	1
NC_071992.2	160073352	160074003	-1	1	-	NC_071992.2	160073770	160073885	160073354	160073550	NAPRT	XM_024250888.3	-	1	160073550	160073770	220	1
NC_071992.2	160111137	160111818	-1	1	-	NC_071992.2	160111666	160111794	160111200	160111333	GFUS	NM_001132050.1	-	1	160111333	160111666	333	3
NC_071992.2	160221295	160221823	2	1	+	NC_071992.2	160221563	160221592	160221728	160221818	MAPK15	XM_024251245.3	+	2	160221592	160221728	136	1
NC_071992.2	160222086	160222830	1	1	+	NC_071992.2	160222448	160222578	160222666	160222829	MAPK15	XM_024251245.3	+	1	160222578	160222666	88	1
NC_071992.2	160224116	160224869	3	1	+	NC_071992.2	160224374	160224511	160224671	160224776	MAPK15	XM_024251245.3	+	3	160224511	160224671	160	1
NC_071992.2	160229541	160233063	-1	1	-	NC_071992.2	160232809	160232973	160229542	160232374	FAM83H	XM_024251659.3	-	1	160232374	160232809	435	4
NC_071992.2	160290212	160291373	3	1	+	NC_071992.2	160290213	160290554	160290747	160290839	IQANK1	XM_054519055.2	+	3	160290554	160290747	193	7
NC_071992.2	160290212	160291373	3	1	+	NC_071992.2	160290747	160290839	160291074	160291182	IQANK1	XM_054519055.2	+	3	160290839	160291074	235	9
NC_071992.2	160290212	160291373	3	1	+	NC_071992.2	160290213	160290361	160290500	160290554	IQANK1	XM_054519057.2	+	3	160290361	160290500	139	1
NC_071992.2	160290212	160291373	3	1	+	NC_071992.2	160290500	160290554	160290747	160290839	IQANK1	XM_054519057.2	+	3	160290554	160290747	193	2
NC_071992.2	160290212	160291373	3	1	+	NC_071992.2	160290213	160290352	160290500	160290554	IQANK1	XM_054519058.2	+	3	160290352	160290500	148	1
NC_071992.2	160291132	160291654	2	1	+	NC_071992.2	160291353	160291446	160291519	160291653	IQANK1	XM_054519055.2	+	2	160291446	160291519	73	5
NC_071992.2	160291132	160291654	2	1	+	NC_071992.2	160291353	160291446	160291519	160291654	IQANK1	XM_054519059.2	+	2	160291446	160291519	73	1
NC_071992.2	160292835	160293618	-1	1	-	NC_071992.2	160293402	160293544	160293289	160293326	SCRIB	XM_024251446.3	-	1	160293326	160293402	76	8
NC_071992.2	160293893	160294790	-2	1	-	NC_071992.2	160294386	160294493	160294118	160294277	SCRIB	XM_024251446.3	-	2	160294277	160294386	109	7
NC_071992.2	160293893	160294790	-2	1	-	NC_071992.2	160294118	160294277	160293895	160294045	SCRIB	XM_024251446.3	-	2	160294045	160294118	73	9
NC_071992.2	160296618	160297026	-1	1	-	NC_071992.2	160296829	160296939	160296691	160296747	SCRIB	XM_024251446.3	-	1	160296747	160296829	82	9
NC_071992.2	160306333	160307029	-3	1	-	NC_071992.2	160306856	160306936	160306472	160306747	SCRIB	XM_024251446.3	-	3	160306747	160306856	109	8
NC_071992.2	160306333	160307029	-3	1	-	NC_071992.2	160306877	160306936	160306472	160306747	SCRIB	XM_054519044.2	-	3	160306747	160306877	130	1
NC_071992.2	160319621	160320128	-2	1	-	NC_071992.2	160320036	160320128	160319705	160319918	PUF60	NM_001133545.1	-	2	160319918	160320036	118	15
NC_071992.2	160336381	160337146	-3	1	-	NC_071992.2	160336988	160337041	160336828	160336891	NRBP2	XM_024251590.3	-	3	160336891	160336988	97	2
NC_071992.2	160336381	160337146	-3	1	-	NC_071992.2	160336828	160336891	160336382	160336590	NRBP2	XM_063726911.1	-	3	160336590	160336828	238	1
NC_071992.2	160339720	160340245	-3	1	-	NC_071992.2	160340194	160340217	160340038	160340121	NRBP2	XM_024251590.3	-	3	160340121	160340194	73	2
NC_071992.2	160339720	160340245	-3	1	-	NC_071992.2	160340038	160340121	160339904	160339959	NRBP2	XM_024251590.3	-	3	160339959	160340038	79	2
NC_071992.2	160340539	160341097	-3	1	-	NC_071992.2	160340957	160341058	160340541	160340581	NRBP2	XM_024251590.3	-	3	160340581	160340957	376	2
NC_071992.2	160359319	160379362	-3	1	-	NC_071992.2	160371383	160379296	160359320	160369810	EPPK1	XM_063726912.1	-	3	160369810	160371383	1573	1
NC_071992.2	160445844	160446453	-1	1	-	NC_071992.2	160446151	160446257	160445950	160446069	PLEC	XM_024250768.3	-	1	160446069	160446151	82	20
NC_071992.2	160445844	160446453	-1	1	-	NC_071992.2	160446163	160446257	160445950	160446069	PLEC	XM_024250769.3	-	1	160446069	160446163	94	6
NC_071992.2	160494779	160495349	-2	1	-	NC_071992.2	160495026	160495247	160494824	160494920	PARP10	XM_024251039.3	-	2	160494920	160495026	106	3
NC_071992.2	160494779	160495349	-2	1	-	NC_071992.2	160495026	160495247	160494851	160494920	PARP10	XM_024251040.3	-	2	160494920	160495026	106	2
NC_071992.2	160556735	160557296	-2	1	-	NC_071992.2	160556993	160557153	160556808	160556905	OPLAH	XM_024251670.3	-	2	160556905	160556993	88	6
NC_071992.2	160557805	160558474	-3	1	-	NC_071992.2	160558070	160558216	160557854	160557988	OPLAH	XM_024251670.3	-	3	160557988	160558070	82	6
NC_071992.2	160562472	160563297	-1	1	-	NC_071992.2	160563122	160563260	160562566	160562831	OPLAH	XM_024251670.3	-	1	160562831	160563122	291	6
NC_071992.2	160589644	160590292	2	1	+	NC_071992.2	160589664	160589765	160589859	160590055	GPAA1	XM_002819548.4	+	2	160589765	160589859	94	4
NC_071992.2	160619810	160620278	3	1	+	NC_071992.2	160619880	160620077	160620156	160620277	WDR97	XM_054519257.2	+	3	160620077	160620156	79	10
NC_071992.2	160743845	160744391	3	1	+	NC_071992.2	160743904	160743944	160744194	160744335	MROH1	XM_024251174.3	+	3	160743944	160744194	250	25
NC_071992.2	160765824	160766268	1	1	+	NC_071992.2	160765825	160765959	160766032	160766267	MROH1	XM_024251174.3	+	1	160765959	160766032	73	8
NC_071992.2	160765824	160766268	1	1	+	NC_071992.2	160765825	160765959	160766032	160766134	MROH1	XM_024251178.3	+	1	160765959	160766032	73	17
NC_071992.2	160769140	160769878	-3	1	-	NC_071992.2	160769747	160769864	160769261	160769473	BOP1	XM_024251186.3	-	3	160769473	160769747	274	1
NC_071992.2	160817684	160818236	3	1	+	NC_071992.2	160817691	160817827	160817954	160818235	HSF1	XM_002819555.5	+	3	160817827	160817954	127	3
NC_071992.2	160823589	160824033	-1	1	-	NC_071992.2	160823875	160823978	160823632	160823673	DGAT1	XM_024251032.3	-	1	160823673	160823875	202	2
NC_071992.2	160859517	160860009	-1	1	-	NC_071992.2	160859733	160859928	160859557	160859642	TMEM249	XM_009244187.4	-	1	160859642	160859733	91	3
NC_071992.2	160865345	160866746	3	1	+	NC_071992.2	160865365	160866235	160866332	160866455	SLC52A2	XM_009244185.4	+	3	160866235	160866332	97	8
NC_071992.2	160898017	160898614	2	1	+	NC_071992.2	160898099	160898299	160898378	160898518	ADCK5	XM_024251342.3	+	2	160898299	160898378	79	4
NC_071992.2	160898017	160898614	2	1	+	NC_071992.2	160898104	160898299	160898378	160898518	ADCK5	XM_024251346.3	+	2	160898299	160898378	79	2
NC_071992.2	160898866	160899337	2	1	+	NC_071992.2	160899026	160899109	160899188	160899269	ADCK5	XM_024251342.3	+	2	160899109	160899188	79	6
NC_071992.2	160899191	160900127	3	1	+	NC_071992.2	160899503	160899594	160899679	160899931	ADCK5	XM_024251342.3	+	3	160899594	160899679	85	6
NC_071992.2	160899191	160900127	3	1	+	NC_071992.2	160899679	160899931	160900010	160900126	ADCK5	XM_024251342.3	+	3	160899931	160900010	79	6
NC_071992.2	160906592	160906982	-2	1	-	NC_071992.2	160906794	160906916	160906658	160906709	CPSF1	XM_024251340.3	-	2	160906709	160906794	85	6
NC_071992.2	160907196	160907589	-1	1	-	NC_071992.2	160907367	160907477	160907198	160907291	CPSF1	XM_024251340.3	-	1	160907291	160907367	76	6
NC_071992.2	160921158	160922238	-1	1	-	NC_071992.2	160921471	160921602	160921239	160921293	SLC39A4	XM_024251138.3	-	1	160921293	160921471	178	2
NC_071992.2	160945266	160945917	-1	1	-	NC_071992.2	160945648	160945811	160945452	160945575	TONSL	XM_024251168.3	-	1	160945575	160945648	73	5
NC_071992.2	160952560	160953322	-3	1	-	NC_071992.2	160953109	160953204	160952786	160952928	TONSL	XM_024251168.3	-	3	160952928	160953109	181	3
NC_071992.2	160978221	160978743	1	1	+	NC_071992.2	160978255	160978363	160978475	160978632	KIFC2	XM_024251623.3	+	1	160978363	160978475	112	1
NC_071992.2	160981225	160981699	2	1	+	NC_071992.2	160981336	160981459	160981553	160981682	KIFC2	XM_024251623.3	+	2	160981459	160981553	94	1
NC_071992.2	161007377	161007722	3	1	+	NC_071992.2	161007430	161007500	161007576	161007721	PPP1R16A	XM_054519309.2	+	3	161007500	161007576	76	2
NC_071992.2	161013846	161014995	1	1	+	NC_071992.2	161013928	161014171	161014788	161014962	GPT	XM_054519303.2	+	1	161014171	161014788	617	2
NC_071992.2	161018957	161019317	3	1	+	NC_071992.2	161018962	161019101	161019192	161019316	MFSD3	XM_024250908.3	+	3	161019101	161019192	91	1
NC_071992.2	1844562	1844940	1	1	+	NC_071992.2	1844652	1844740	1844822	1844872	MYOM2	XM_054561155.2	+	1	1844740	1844822	82	1
NC_071992.2	23850838	23851063	2	1	+	NC_071992.2	23850877	23850910	23851022	23851063	NPM2	XM_024251219.3	+	2	23850910	23851022	112	1
NC_071992.2	23911706	23912189	3	1	+	NC_071992.2	23911731	23911835	23911932	23912054	FHIP2B	XM_002818865.6	+	3	23911835	23911932	97	3
NC_071992.2	23915540	23916401	3	1	+	NC_071992.2	23915657	23915747	23915925	23916068	FHIP2B	XM_002818865.6	+	3	23915747	23915925	178	3
NC_071992.2	23934088	23934853	-3	1	-	NC_071992.2	23934484	23934649	23934246	23934315	HR	XM_002818867.6	-	3	23934315	23934484	169	4
NC_071992.2	23952642	23953227	-1	1	-	NC_071992.2	23953032	23953167	23952745	23952899	REEP4	NM_001135532.1	-	1	23952899	23953032	133	1
NC_071992.2	39789228	39789810	1	1	+	NC_071992.2	39789256	39789405	39789535	39789696	ADGRA2	XM_002818997.6	+	1	39789405	39789535	130	3
NC_071992.2	62433681	62434209	-1	1	-	NC_071992.2	62433908	62434032	62433683	62433832	PRKDC	XM_024251025.3	-	1	62433832	62433908	76	4
NC_071993.2	100125178	100125595	-1	1	-	NC_071993.2	100125437	100125595	100125221	100125319	MYOF	XM_024253372.3	-	1	100125319	100125437	118	2
NC_071993.2	101376369	101376747	1	1	+	NC_071993.2	101376370	101376509	101376597	101376735	HELLS	XM_024253832.3	+	1	101376509	101376597	88	5
NC_071993.2	102278347	102279001	-1	1	-	NC_071993.2	102278873	102278987	102278594	102278719	SORBS1	NM_001135270.3	-	1	102278719	102278873	154	17
NC_071993.2	102554027	102554537	-3	1	-	NC_071993.2	102554270	102554465	102554046	102554167	ALDH18A1	NM_001133028.1	-	3	102554167	102554270	103	11
NC_071993.2	103802453	103803845	3	1	+	NC_071993.2	103803342	103803418	103803707	103803780	LCOR	XM_024253143.3	+	3	103803418	103803707	289	2
NC_071993.2	104334669	104335122	-2	1	-	NC_071993.2	104334999	104335104	104334711	104334818	RRP12	XM_024253428.3	-	2	104334818	104334999	181	2
NC_071993.2	104337776	104338598	-3	1	-	NC_071993.2	104338479	104338543	104338226	104338388	RRP12	XM_024253428.3	-	3	104338388	104338479	91	2
NC_071993.2	107426835	107427537	-2	1	-	NC_071993.2	107427195	107427509	107426890	107426948	SEC31B	XM_054522779.2	-	2	107426948	107427195	247	1
NC_071993.2	109442481	109442793	1	1	+	NC_071993.2	109442510	109442681	109442778	109442793	MFSD13A	XM_054523452.2	+	1	109442681	109442778	97	1
NC_071993.2	109838065	109838347	2	1	+	NC_071993.2	109838135	109838197	109838303	109838346	BORCS7	NM_001131358.1	+	2	109838197	109838303	106	1
NC_071993.2	119989149	119989938	1	1	+	NC_071993.2	119989216	119989404	119989666	119989732	TCF7L2	XM_024253437.3	+	1	119989404	119989666	262	48
NC_071993.2	126363363	126366078	-2	1	-	NC_071993.2	126365551	126366036	126363979	126364527	LOC134762021	XM_063727454.1	-	2	126364527	126365551	1024	1
NC_071993.2	126633221	126633551	-3	1	-	NC_071993.2	126633413	126633508	126633223	126633307	TIAL1	XM_024253636.3	-	3	126633307	126633413	106	5
NC_071993.2	13336339	13336666	2	1	+	NC_071993.2	13336350	13336460	13336548	13336665	MCM10	XM_024254132.3	+	2	13336460	13336548	88	4
NC_071993.2	13450423	13450786	-1	1	-	NC_071993.2	13450608	13450720	13450424	13450490	RBIS	XM_024254003.2	-	1	13450490	13450608	118	1
NC_071993.2	137080512	137081253	-2	1	-	NC_071993.2	137080817	137080950	137080549	137080705	EBF3	XM_003777657.5	-	2	137080705	137080817	112	11
NC_071993.2	139356252	139359726	1	1	+	NC_071993.2	139357500	139357670	139358187	139358366	LOC134762019	XM_063727452.1	+	1	139357670	139358187	517	1
NC_071993.2	139356367	139359391	2	1	+	NC_071993.2	139356650	139356822	139358368	139358697	LOC134762019	XM_063727452.1	+	2	139356822	139358368	1546	1
NC_071993.2	139356367	139359391	2	1	+	NC_071993.2	139358368	139358697	139358858	139358959	LOC134762019	XM_063727452.1	+	2	139358697	139358858	161	1
NC_071993.2	140038433	140039021	-3	1	-	NC_071993.2	140038839	140038973	140038584	140038763	CFAP46	XM_024253782.3	-	3	140038763	140038839	76	1
NC_071993.2	140390544	140391348	1	1	+	NC_071993.2	140390873	140390944	140391029	140391090	KNDC1	XM_024253726.3	+	1	140390944	140391029	85	2
NC_071993.2	140431990	140433316	2	1	+	NC_071993.2	140432087	140432714	140432844	140433316	UTF1	XM_003777660.4	+	2	140432714	140432844	130	1
NC_071993.2	140441739	140442591	1	1	+	NC_071993.2	140441930	140442090	140442214	140442591	VENTX	XM_024253952.3	+	1	140442090	140442214	124	1
NC_071993.2	140476585	140477890	-1	1	-	NC_071993.2	140477814	140477890	140477306	140477495	ADAM8	XM_024253720.3	-	1	140477495	140477814	319	3
NC_071993.2	140476585	140477890	-1	1	-	NC_071993.2	140477306	140477495	140477009	140477071	ADAM8	XM_024253720.3	-	1	140477071	140477306	235	3
NC_071993.2	140476585	140477890	-1	1	-	NC_071993.2	140477009	140477071	140476850	140476918	ADAM8	XM_024253720.3	-	1	140476918	140477009	91	3
NC_071993.2	140687983	140688727	2	1	+	NC_071993.2	140688375	140688448	140688687	140688698	LOC100450633	XM_054523507.1	+	2	140688448	140688687	239	1
NC_071993.2	140786027	140786546	-3	1	-	NC_071993.2	140786380	140786490	140786136	140786223	SYCE1	XM_002821306.4	-	3	140786223	140786380	157	3
NC_071993.2	140798885	140799377	-3	1	-	NC_071993.2	140799202	140799257	140798886	140798995	LOC100441695	XM_009236064.2	-	3	140798995	140799202	207	1
NC_071993.2	49490918	49491065	3	1	+	NC_071993.2	49490936	49490973	49491049	49491065	FXYD4	XM_054523259.2	+	3	49490973	49491049	76	12
NC_071993.2	53091931	53092684	2	1	+	NC_071993.2	53092209	53092266	53092354	53092609	LOC134762040	XM_063727550.1	+	2	53092266	53092354	88	1
NC_071993.2	57221747	57222146	-3	1	-	NC_071993.2	57221958	57222088	57221748	57221870	BMPR1A	XM_002820729.6	-	3	57221870	57221958	88	25
NC_071993.2	64522224	64523595	1	1	+	NC_071993.2	64522605	64522820	64522857	64523173	LOC100446733	XM_063727235.1	+	1	64522820	64522857	37	1
NC_071993.2	64522224	64523595	1	1	+	NC_071993.2	64522857	64523173	64523246	64523514	LOC100446733	XM_063727235.1	+	1	64523173	64523246	73	1
NC_071993.2	70161750	70162122	1	1	+	NC_071993.2	70161790	70161893	70162011	70162105	CAMK2G	XM_024254173.3	+	1	70161893	70162011	118	13
NC_071993.2	70232210	70232669	3	1	+	NC_071993.2	70232336	70232438	70232547	70232669	NDST2	XM_054522443.2	+	3	70232438	70232547	109	4
NC_071993.2	70243632	70244337	-2	1	-	NC_071993.2	70243957	70244158	70243634	70243809	ZSWIM8	XM_024254195.3	-	2	70243809	70243957	148	14
NC_071993.2	70245279	70245789	-2	1	-	NC_071993.2	70245595	70245767	70245310	70245417	ZSWIM8	XM_024254195.3	-	2	70245417	70245595	178	14
NC_071993.2	70787250	70787661	1	1	+	NC_071993.2	70787280	70787367	70787482	70787660	ECD	NM_001131934.1	+	1	70787367	70787482	115	2
NC_071993.2	72170460	72171843	-2	1	-	NC_071993.2	72171426	72171677	72171186	72171347	CDH23	XM_054522498.2	-	2	72171347	72171426	79	1
NC_071993.2	73455566	73456037	-3	1	-	NC_071993.2	73455924	73456023	73455606	73455710	PALD1	XM_024254226.3	-	3	73455710	73455924	214	9
NC_071993.2	73457254	73457821	-1	1	-	NC_071993.2	73457661	73457821	73457372	73457447	PALD1	XM_024254226.3	-	1	73457447	73457661	214	9
NC_071993.2	75773824	75774169	2	1	+	NC_071993.2	75773837	75773905	75774074	75774168	DNA2	XM_024253493.3	+	2	75773905	75774074	169	4
NC_071993.2	75814110	75814515	1	1	+	NC_071993.2	75814185	75814301	75814380	75814489	DNA2	XM_024253493.3	+	1	75814301	75814380	79	5
NC_071993.2	87955584	87955923	1	1	+	NC_071993.2	87955620	87955788	87955885	87955923	ZWINT	XM_003777592.3	+	1	87955788	87955885	97	2
NC_071993.2	87955584	87955923	1	1	+	NC_071993.2	87955657	87955788	87955885	87955923	ZWINT	XM_003777593.3	+	1	87955788	87955885	97	2
NC_071993.2	87955584	87955923	1	1	+	NC_071993.2	87955639	87955788	87955885	87955923	ZWINT	XM_009245589.4	+	1	87955788	87955885	97	2
NC_071994.2	1002610	1013347	2	1	+	NC_071994.2	1002798	1003912	1004591	1005239	MUC2	XM_054526173.1	+	2	1003912	1004591	679	1
NC_071994.2	1002610	1013347	2	1	+	NC_071994.2	1004591	1005239	1005297	1005692	MUC2	XM_054526173.1	+	2	1005239	1005297	58	1
NC_071994.2	1002610	1013347	2	1	+	NC_071994.2	1005297	1005692	1006020	1007178	MUC2	XM_054526173.1	+	2	1005692	1006020	328	1
NC_071994.2	1002610	1013347	2	1	+	NC_071994.2	1006020	1007178	1007494	1007667	MUC2	XM_054526173.1	+	2	1007178	1007494	316	1
NC_071994.2	1002610	1013347	2	1	+	NC_071994.2	1007494	1007667	1007785	1010151	MUC2	XM_054526173.1	+	2	1007667	1007785	118	1
NC_071994.2	1002610	1013347	2	1	+	NC_071994.2	1007785	1010151	1010536	1011870	MUC2	XM_054526173.1	+	2	1010151	1010536	385	1
NC_071994.2	1002610	1013347	2	1	+	NC_071994.2	1010536	1011870	1012066	1012821	MUC2	XM_054526173.1	+	2	1011870	1012066	196	1
NC_071994.2	1002610	1013347	2	1	+	NC_071994.2	1012066	1012821	1012894	1013204	MUC2	XM_054526173.1	+	2	1012821	1012894	73	1
NC_071994.2	10097873	10098308	-2	1	-	NC_071994.2	10098159	10098282	10097875	10097990	SLC22A12	XM_002821564.4	-	2	10097990	10098159	169	3
NC_071994.2	10102214	10102838	-2	1	-	NC_071994.2	10102460	10102614	10102216	10102384	SLC22A12	XM_002821564.4	-	2	10102384	10102460	76	1
NC_071994.2	10102214	10102838	-2	1	-	NC_071994.2	10102562	10102614	10102216	10102384	SLC22A12	XM_009246184.3	-	2	10102384	10102562	178	1
NC_071994.2	1022623	1023277	2	1	+	NC_071994.2	1022762	1022890	1023128	1023167	MUC2	XM_054526173.1	+	2	1022890	1023128	238	1
NC_071994.2	102805016	102807188	3	1	+	NC_071994.2	102805305	102805461	102806104	102806736	LOC134762125	XM_063728295.1	+	3	102805461	102806104	643	1
NC_071994.2	102805016	102807188	3	1	+	NC_071994.2	102806104	102806736	102806941	102806984	LOC134762125	XM_063728295.1	+	3	102806736	102806941	205	1
NC_071994.2	10349319	10349907	-1	1	-	NC_071994.2	10349631	10349837	10349403	10349471	CCDC88B	XM_024254789.3	-	1	10349471	10349631	160	1
NC_071994.2	10363646	10364639	-2	1	-	NC_071994.2	10363983	10364177	10363823	10363892	CCDC88B	XM_024254789.3	-	2	10363892	10363983	91	1
NC_071994.2	10408116	10408662	-1	1	-	NC_071994.2	10408464	10408587	10408186	10408346	KCNK4	XM_009246193.3	-	1	10408346	10408464	118	1
NC_071994.2	10435195	10435564	-3	1	-	NC_071994.2	10435478	10435564	10435196	10435396	PLCB3	XM_024255240.3	-	3	10435396	10435478	82	1
NC_071994.2	10438574	10439288	-2	1	-	NC_071994.2	10439138	10439237	10438940	10439044	PLCB3	XM_024255240.3	-	2	10439044	10439138	94	1
NC_071994.2	10438574	10439288	-2	1	-	NC_071994.2	10438940	10439044	10438635	10438726	PLCB3	XM_024255240.3	-	2	10438726	10438940	214	1
NC_071994.2	10439801	10440404	-2	1	-	NC_071994.2	10440180	10440334	10439928	10440089	PLCB3	XM_024255240.3	-	2	10440089	10440180	91	1
NC_071994.2	10468628	10468997	-2	1	-	NC_071994.2	10468837	10468923	10468629	10468737	DNAJC4	XM_024255257.2	-	2	10468737	10468837	100	2
NC_071994.2	10475567	10476875	-2	1	-	NC_071994.2	10476525	10476599	10475691	10476188	NUDT22	XM_054525717.2	-	2	10476188	10476525	337	3
NC_071994.2	10475567	10476875	-2	1	-	NC_071994.2	10476525	10476677	10475691	10476188	NUDT22	XM_054525720.2	-	2	10476188	10476525	337	1
NC_071994.2	10477844	10478657	3	1	+	NC_071994.2	10477864	10478033	10478118	10478292	TRPT1	XM_002821592.4	+	3	10478033	10478118	85	6
NC_071994.2	10477844	10478657	3	1	+	NC_071994.2	10478118	10478292	10478494	10478550	TRPT1	XM_002821592.4	+	3	10478292	10478494	202	11
NC_071994.2	10477844	10478657	3	1	+	NC_071994.2	10477864	10478039	10478118	10478292	TRPT1	XM_009246202.3	+	3	10478039	10478118	79	5
NC_071994.2	10479346	10479940	-3	1	-	NC_071994.2	10479647	10479788	10479347	10479523	FERMT3	XM_054525708.1	-	3	10479523	10479647	124	2
NC_071994.2	105412555	105413002	2	1	+	NC_071994.2	105412584	105412838	105412947	105412988	BIRC2	XM_009246993.4	+	2	105412838	105412947	109	3
NC_071994.2	10887549	10888236	-1	1	-	NC_071994.2	10887909	10888034	10887561	10887761	SPINDOC	XM_002821606.5	-	1	10887761	10887909	148	3
NC_071994.2	1089199	1089856	2	1	+	NC_071994.2	1089215	1089341	1089600	1089855	MUC5AC	XM_054524087.1	+	2	1089341	1089600	259	1
NC_071994.2	1096249	1113430	2	1	+	NC_071994.2	1096326	1099278	1099879	1100136	MUC5AC	XM_054524087.1	+	2	1099278	1099879	601	1
NC_071994.2	1096249	1113430	2	1	+	NC_071994.2	1099879	1100136	1101193	1102728	MUC5AC	XM_054524087.1	+	2	1100136	1101193	1057	1
NC_071994.2	1096249	1113430	2	1	+	NC_071994.2	1101193	1102728	1102819	1103852	MUC5AC	XM_054524087.1	+	2	1102728	1102819	91	1
NC_071994.2	1096249	1113430	2	1	+	NC_071994.2	1102819	1103852	1104627	1105767	MUC5AC	XM_054524087.1	+	2	1103852	1104627	775	1
NC_071994.2	1096249	1113430	2	1	+	NC_071994.2	1104627	1105767	1105864	1106158	MUC5AC	XM_054524087.1	+	2	1105767	1105864	97	1
NC_071994.2	1096249	1113430	2	1	+	NC_071994.2	1105864	1106158	1107566	1107881	MUC5AC	XM_054524087.1	+	2	1106158	1107566	1408	1
NC_071994.2	1096249	1113430	2	1	+	NC_071994.2	1107566	1107881	1112070	1113425	MUC5AC	XM_054524087.1	+	2	1107881	1112070	4189	1
NC_071994.2	1116446	1117649	3	1	+	NC_071994.2	1116776	1116954	1117499	1117602	MUC5AC	XM_054524087.1	+	3	1116954	1117499	545	1
NC_071994.2	11736886	11737510	2	1	+	NC_071994.2	11737123	11737326	11737414	11737510	SLC22A8	NM_001132489.1	+	2	11737326	11737414	88	1
NC_071994.2	117794995	117795739	2	1	+	NC_071994.2	117795360	117795443	117795528	117795674	LOC100453368	XM_054525501.1	+	2	117795443	117795528	85	1
NC_071994.2	11896346	11896859	3	1	+	NC_071994.2	11896399	11896544	11896662	11896718	WDR74	XM_002821634.5	+	3	11896544	11896662	118	1
NC_071994.2	11928508	11928832	2	1	+	NC_071994.2	11928509	11928578	11928723	11928811	NXF1	XM_024255102.3	+	2	11928578	11928723	145	2
NC_071994.2	11951894	11952530	-2	1	-	NC_071994.2	11952110	11952260	11951903	11951953	TAF6L	XM_024255105.3	-	2	11951953	11952110	157	2
NC_071994.2	120061591	120062056	2	1	+	NC_071994.2	120061634	120061688	120061824	120061947	APOC3	XM_002822516.4	+	2	120061688	120061824	136	1
NC_071994.2	120407863	120408226	2	1	+	NC_071994.2	120407897	120407998	120408101	120408184	SIDT2	XM_024254730.3	+	2	120407998	120408101	103	3
NC_071994.2	12055156	12055699	-3	1	-	NC_071994.2	12055403	12055636	12055157	12055315	LOC100455801	XM_003777737.5	-	3	12055315	12055403	88	1
NC_071994.2	12057188	12057644	3	1	+	NC_071994.2	12057222	12057371	12057450	12057612	LBHD1	XM_009246241.3	+	3	12057371	12057450	79	1
NC_071994.2	120621747	120622512	1	1	+	NC_071994.2	120621793	120621876	120621994	120622062	CEP164	XM_054525139.1	+	1	120621876	120621994	118	25
NC_071994.2	12103639	12103990	2	1	+	NC_071994.2	12103640	12103753	12103877	12103989	GANAB	XM_054524223.2	+	2	12103753	12103877	124	4
NC_071994.2	121886949	121887468	-1	1	-	NC_071994.2	121887381	121887430	121887054	121887248	TREH	XM_002822558.3	-	1	121887248	121887381	133	1
NC_071994.2	122262361	122263018	-3	1	-	NC_071994.2	122262761	122262848	122262533	122262655	HYOU1	NM_001133010.1	-	3	122262655	122262761	106	8
NC_071994.2	122266580	122267222	-2	1	-	NC_071994.2	122266932	122267124	122266590	122266724	HYOU1	NM_001133010.1	-	2	122266724	122266932	208	8
NC_071994.2	122283612	122284101	1	1	+	NC_071994.2	122283683	122283831	122283928	122284063	VPS11	NM_001132789.2	+	1	122283831	122283928	97	2
NC_071994.2	122283612	122284101	1	1	+	NC_071994.2	122283660	122283831	122283928	122284063	VPS11	XM_054523791.2	+	1	122283831	122283928	97	1
NC_071994.2	122307215	122307584	3	1	+	NC_071994.2	122307237	122307323	122307414	122307584	HMBS	XM_009247151.4	+	3	122307323	122307414	91	2
NC_071994.2	122348017	122348425	2	1	+	NC_071994.2	122348139	122348216	122348304	122348424	HINFP	XM_002822574.5	+	2	122348216	122348304	88	6
NC_071994.2	122348017	122348425	2	1	+	NC_071994.2	122348109	122348216	122348304	122348424	HINFP	XM_009247154.3	+	2	122348216	122348304	88	4
NC_071994.2	122348017	122348425	2	1	+	NC_071994.2	122348204	122348216	122348304	122348424	HINFP	XM_054525239.2	+	2	122348216	122348304	88	1
NC_071994.2	122532343	122532913	-3	1	-	NC_071994.2	122532704	122532822	122532460	122532601	MCAM	XM_002822585.6	-	3	122532601	122532704	103	3
NC_071994.2	128085208	128085922	2	1	+	NC_071994.2	128085363	128085386	128085721	128085860	ROBO3	XM_054523645.2	+	2	128085386	128085721	335	7
NC_071994.2	128294040	128294439	1	1	+	NC_071994.2	128294140	128294233	128294360	128294438	SLC37A2	XM_054525347.2	+	1	128294233	128294360	127	3
NC_071994.2	13310272	13310848	-3	1	-	NC_071994.2	13310599	13310684	13310314	13310505	MYRF	XM_024255813.2	-	3	13310505	13310599	94	5
NC_071994.2	13310272	13310848	-3	1	-	NC_071994.2	13310599	13310687	13310314	13310505	MYRF	XM_054524249.1	-	3	13310505	13310599	94	5
NC_071994.2	133689930	133690518	-1	1	-	NC_071994.2	133690237	133690409	133689932	133690107	ADAMTS8	XM_002833636.4	-	1	133690107	133690237	130	1
NC_071994.2	13598996	13599485	-2	1	-	NC_071994.2	13599177	13599290	13598998	13599092	SAXO4	XM_024254878.3	-	2	13599092	13599177	85	3
NC_071994.2	1363800	1364292	1	1	+	NC_071994.2	1363863	1363896	1364092	1364160	BRSK2	XM_024255299.3	+	1	1363896	1364092	196	10
NC_071994.2	137208668	137209646	-2	1	-	NC_071994.2	137209320	137209462	137208909	137209049	IGSF9B	XM_024255491.3	-	2	137209049	137209320	271	5
NC_071994.2	13738491	13739121	-1	1	-	NC_071994.2	13738759	13738792	13738558	13738647	TKFC	XM_002821683.6	-	1	13738647	13738759	112	2
NC_071994.2	1377677	1378340	3	1	+	NC_071994.2	1377891	1378071	1378141	1378230	BRSK2	XM_024255299.3	+	3	1378071	1378141	70	10
NC_071994.2	14273009	14273534	3	1	+	NC_071994.2	14273251	14273324	14273442	14273504	PRPF19	XM_024255689.3	+	3	14273324	14273442	118	1
NC_071994.2	14300028	14300916	-1	1	-	NC_071994.2	14300349	14300427	14300115	14300234	ZP1	XM_002821702.4	-	1	14300234	14300349	115	2
NC_071994.2	14304083	14304527	-2	1	-	NC_071994.2	14304258	14304445	14304085	14304182	ZP1	XM_002821702.4	-	2	14304182	14304258	76	1
NC_071994.2	14304083	14304527	-2	1	-	NC_071994.2	14304258	14304392	14304085	14304182	ZP1	XM_054524294.1	-	2	14304182	14304258	76	1
NC_071994.2	1546207	1546927	2	1	+	NC_071994.2	1546208	1546407	1546585	1546927	LOC112135542	XM_054523999.1	+	2	1546407	1546585	178	1
NC_071994.2	1559739	1561035	1	1	+	NC_071994.2	1559754	1559894	1560105	1560632	LOC112135545	XM_054524000.1	+	1	1559894	1560105	211	1
NC_071994.2	173436	174174	1	1	+	NC_071994.2	173559	173770	174077	174174	PGGHG	XM_024241355.3	+	1	173770	174077	307	4
NC_071994.2	17919724	17920135	2	1	+	NC_071994.2	17919829	17919884	17920017	17920093	SLC43A1	XM_009246350.4	+	2	17919884	17920017	133	6
NC_071994.2	18092667	18093552	1	1	+	NC_071994.2	18092764	18092869	18093155	18093345	SSRP1	XM_002821791.5	+	1	18092869	18093155	286	1
NC_071994.2	1826204	1826762	3	1	+	NC_071994.2	1826250	1826343	1826440	1826603	SYT8	XM_009246016.3	+	3	1826343	1826440	97	1
NC_071994.2	18706027	18706909	2	1	+	NC_071994.2	18706089	18706400	18706580	18706766	LOC100440365	XM_024255014.2	+	2	18706400	18706580	180	1
NC_071994.2	1873844	1874390	3	1	+	NC_071994.2	1873845	1873937	1874193	1874236	LSP1	XM_024255660.3	+	3	1873937	1874193	256	9
NC_071994.2	1877021	1877459	3	1	+	NC_071994.2	1877136	1877213	1877373	1877459	LSP1	XM_024255660.3	+	3	1877213	1877373	160	9
NC_071994.2	19793174	19793738	3	1	+	NC_071994.2	19793283	19793442	19793554	19793690	MYBPC3	XM_024255310.2	+	3	19793442	19793554	112	1
NC_071994.2	1985162	1986536	-2	1	-	NC_071994.2	1985714	1986536	1985483	1985617	LOC100452997	XM_024255762.2	-	2	1985617	1985714	97	1
NC_071994.2	19864950	19865430	-1	1	-	NC_071994.2	19865251	19865430	19864959	19865058	NR1H3	XM_003777773.5	-	1	19865058	19865251	193	9
NC_071994.2	19892377	19892830	-3	1	-	NC_071994.2	19892684	19892783	19892422	19892599	DDB2	XM_002821818.6	-	3	19892599	19892684	85	2
NC_071994.2	20386051	20386483	2	1	+	NC_071994.2	20386052	20386240	20386331	20386468	CKAP5	XM_024255070.3	+	2	20386240	20386331	91	10
NC_071994.2	20459137	20459752	2	1	+	NC_071994.2	20459302	20459392	20459597	20459674	ARHGAP1	NM_001131430.1	+	2	20459392	20459597	205	1
NC_071994.2	20761306	20762596	-3	1	-	NC_071994.2	20761669	20761836	20761387	20761548	MDK	XM_024254825.3	-	3	20761548	20761669	121	4
NC_071994.2	20769281	20769683	-2	1	-	NC_071994.2	20769456	20769518	20769283	20769356	DGKZ	XM_024254812.3	-	2	20769356	20769456	100	13
NC_071994.2	20772301	20772895	-3	1	-	NC_071994.2	20772689	20772760	20772470	20772586	DGKZ	XM_024254812.3	-	3	20772586	20772689	103	13
NC_071994.2	21230471	21231365	3	1	+	NC_071994.2	21230605	21230685	21230821	21230973	PEX16	XM_024255919.3	+	3	21230685	21230821	136	1
NC_071994.2	22211658	22212372	1	1	+	NC_071994.2	22211854	22211950	22212065	22212372	TP53I11	XM_009246387.4	+	1	22211950	22212065	115	8
NC_071994.2	23064993	23065719	-1	1	-	NC_071994.2	23065549	23065691	23064994	23065164	ACCS	XM_009246443.4	-	1	23065164	23065549	385	2
NC_071994.2	23064993	23065719	-1	1	-	NC_071994.2	23065549	23065691	23065071	23065164	ACCS	XM_054524462.2	-	1	23065164	23065549	385	2
NC_071994.2	2421385	2422057	-3	1	-	NC_071994.2	2421816	2421908	2421443	2421701	TRPM5	XM_024255547.3	-	3	2421701	2421816	115	2
NC_071994.2	2423055	2424597	-1	1	-	NC_071994.2	2423854	2424204	2423641	2423781	TRPM5	XM_024255547.3	-	1	2423781	2423854	73	2
NC_071994.2	259869	260292	1	1	+	NC_071994.2	259957	260052	260131	260221	B4GALNT4	XM_024241358.3	+	1	260052	260131	79	4
NC_071994.2	260282	260615	3	1	+	NC_071994.2	260296	260396	260547	260614	B4GALNT4	XM_024241358.3	+	3	260396	260547	151	4
NC_071994.2	262204	263008	2	1	+	NC_071994.2	262233	262367	262858	262958	B4GALNT4	XM_024241358.3	+	2	262367	262858	491	4
NC_071994.2	286632	287286	1	1	+	NC_071994.2	286774	286927	287093	287285	PKP3	XM_024241356.3	+	1	286927	287093	166	3
NC_071994.2	2896979	2897471	-2	1	-	NC_071994.2	2897201	2897336	2896980	2897113	CDKN1C	XM_054524119.1	-	2	2897113	2897201	88	2
NC_071994.2	308968	309649	-3	1	-	NC_071994.2	309470	309574	309106	309142	ANO9	XM_054524031.1	-	3	309142	309470	328	1
NC_071994.2	3401694	3402411	1	1	+	NC_071994.2	3401695	3401789	3401874	3402411	LOC100940192	XM_054524480.1	+	1	3401789	3401874	85	1
NC_071994.2	439214	439985	3	1	+	NC_071994.2	439484	439580	439659	439859	LRRC56	XM_054524051.2	+	3	439580	439659	79	13
NC_071994.2	440439	441411	1	1	+	NC_071994.2	440710	440881	441230	441406	LRRC56	XM_054524051.2	+	1	440881	441230	349	5
NC_071994.2	440439	441411	1	1	+	NC_071994.2	440710	440860	441230	441406	LRRC56	XM_054524053.2	+	1	440860	441230	370	4
NC_071994.2	445346	446009	-2	1	-	NC_071994.2	445734	445853	445471	445667	LMNTD2	XM_054524046.2	-	2	445667	445734	67	4
NC_071994.2	445346	446009	-2	1	-	NC_071994.2	445734	445853	445491	445667	LMNTD2	XM_054524050.2	-	2	445667	445734	67	1
NC_071994.2	509492	510248	-2	1	-	NC_071994.2	509982	510182	509546	509630	CDHR5	XM_024255262.2	-	2	509630	509982	352	1
NC_071994.2	59527727	59528702	3	1	+	NC_071994.2	59527728	59528075	59528436	59528702	LOC112135553	XM_054525484.1	+	3	59528075	59528436	361	1
NC_071994.2	59783890	59784556	2	1	+	NC_071994.2	59783903	59784037	59784323	59784485	ABCC8	XM_024255696.2	+	2	59784037	59784323	286	13
NC_071994.2	611479	611926	2	1	+	NC_071994.2	611486	611612	611802	611890	EPS8L2	NM_001131916.1	+	2	611612	611802	190	10
NC_071994.2	62971383	62971902	-1	1	-	NC_071994.2	62971644	62971814	62971389	62971556	SPON1	XM_002822007.4	-	1	62971556	62971644	88	1
NC_071994.2	66483007	66483739	2	1	+	NC_071994.2	66483029	66483244	66483329	66483587	EIF4G2	XM_054524662.2	+	2	66483244	66483329	85	1
NC_071994.2	6877859	6878792	-2	1	-	NC_071994.2	6878481	6878620	6878082	6878172	TCIRG1	XM_024255882.3	-	2	6878172	6878481	309	1
NC_071994.2	692766	694254	-1	1	-	NC_071994.2	693976	694101	692928	693075	PIDD1	XM_024255469.3	-	1	693075	693976	901	3
NC_071994.2	692766	694254	-1	1	-	NC_071994.2	693976	694101	692928	692991	PIDD1	XM_024255471.3	-	1	692991	693976	985	2
NC_071994.2	694557	695151	-1	1	-	NC_071994.2	694710	694919	694571	694625	PIDD1	XM_024255469.3	-	1	694625	694710	85	5
NC_071994.2	7023866	7024442	3	1	+	NC_071994.2	7023975	7024044	7024117	7024384	TBX10	XM_054524979.2	+	3	7024044	7024117	73	1
NC_071994.2	70755749	70756910	3	1	+	NC_071994.2	70755787	70756665	70756789	70756902	DCHS1	XM_024255869.3	+	3	70756665	70756789	124	1
NC_071994.2	70774451	70774913	-2	1	-	NC_071994.2	70774649	70774745	70774472	70774555	ILK	NM_001133202.1	-	2	70774555	70774649	94	1
NC_071994.2	710398	710863	2	1	+	NC_071994.2	710565	710663	710790	710863	RPLP2	XM_002821338.6	+	2	710663	710790	127	2
NC_071994.2	7219627	7220134	-3	1	-	NC_071994.2	7219834	7219934	7219629	7219719	RPS6KB2	XM_002821446.6	-	3	7219719	7219834	115	2
NC_071994.2	7344842	7345166	-2	1	-	NC_071994.2	7344999	7345127	7344844	7344890	SSH3	XM_024255510.3	-	2	7344890	7344999	109	4
NC_071994.2	7353191	7353524	-2	1	-	NC_071994.2	7353429	7353490	7353193	7353323	ANKRD13D	XM_024255859.3	-	2	7353323	7353429	106	6
NC_071994.2	7361510	7361882	-2	1	-	NC_071994.2	7361837	7361882	7361612	7361755	ANKRD13D	XM_024255859.3	-	2	7361755	7361837	82	6
NC_071994.2	736257	737031	1	1	+	NC_071994.2	736630	736734	736840	736998	CD151	XM_002821342.5	+	1	736734	736840	106	6
NC_071994.2	7370413	7371559	-3	1	-	NC_071994.2	7371401	7371531	7370537	7370603	GRK2	XM_002821452.5	-	3	7370603	7371401	798	1
NC_071994.2	74247070	74247544	2	1	+	NC_071994.2	74247092	74247280	74247398	74247533	FOLR2	XM_009246801.2	+	2	74247280	74247398	118	1
NC_071994.2	74259688	74260054	2	1	+	NC_071994.2	74259713	74259794	74259927	74260016	INPPL1	XM_024255306.3	+	2	74259794	74259927	133	8
NC_071994.2	74264316	74264625	1	1	+	NC_071994.2	74264317	74264450	74264538	74264625	INPPL1	XM_024255306.3	+	1	74264450	74264538	88	4
NC_071994.2	74627012	74627363	-2	1	-	NC_071994.2	74627244	74627318	74627067	74627108	PDE2A	XM_024255368.3	-	2	74627108	74627244	136	7
NC_071994.2	765154	765583	2	1	+	NC_071994.2	765230	765361	765449	765532	TSPAN4	NM_001132211.2	+	2	765361	765449	88	9
NC_071994.2	7812962	7814249	3	1	+	NC_071994.2	7813583	7813823	7813938	7814187	PC	XM_024255591.3	+	3	7813823	7813938	115	7
NC_071994.2	7821619	7822192	-3	1	-	NC_071994.2	7821782	7822002	7821620	7821682	TOP6BL	XM_054525566.2	-	3	7821682	7821782	100	8
NC_071994.2	8094422	8094971	-2	1	-	NC_071994.2	8094822	8094956	8094546	8094725	ACTN3	XM_002821470.6	-	2	8094725	8094822	97	2
NC_071994.2	8159439	8159808	-1	1	-	NC_071994.2	8159662	8159724	8159441	8159565	DPP3	NM_001131850.1	-	1	8159565	8159662	97	4
NC_071994.2	8233211	8233814	-2	1	-	NC_071994.2	8233601	8233703	8233213	8233480	NPAS4	XM_063728369.1	-	2	8233480	8233601	121	1
NC_071994.2	8318089	8318536	2	1	+	NC_071994.2	8318125	8318252	8318412	8318491	BRMS1	XM_003779990.4	+	2	8318252	8318412	160	4
NC_071994.2	8393312	8393741	-2	1	-	NC_071994.2	8393616	8393724	8393367	8393525	KLC2	XM_009246110.4	-	2	8393525	8393616	91	7
NC_071994.2	8395027	8395633	-3	1	-	NC_071994.2	8395433	8395534	8395184	8395339	KLC2	NM_001132044.1	-	3	8395339	8395433	94	1
NC_071994.2	8395027	8395633	-3	1	-	NC_071994.2	8395433	8395534	8395166	8395339	KLC2	XM_009246110.4	-	3	8395339	8395433	94	7
NC_071994.2	8425273	8425936	-3	1	-	NC_071994.2	8425591	8425745	8425288	8425398	PACS1	XM_024255124.2	-	3	8425398	8425591	193	1
NC_071994.2	8635584	8636010	1	1	+	NC_071994.2	8635619	8635762	8635946	8636009	CATSPER1	XM_054525601.1	+	1	8635762	8635946	184	1
NC_071994.2	8655540	8655930	1	1	+	NC_071994.2	8655562	8655648	8655790	8655898	EIF1AD	NM_001133798.1	+	1	8655648	8655790	142	2
NC_071994.2	8689775	8690261	-2	1	-	NC_071994.2	8690041	8690165	8689838	8689953	SART1	XM_024255728.3	-	2	8689953	8690041	88	1
NC_071994.2	8690792	8691434	-2	1	-	NC_071994.2	8691207	8691349	8690868	8691074	SART1	XM_024255728.3	-	2	8691074	8691207	133	1
NC_071994.2	8709643	8710774	-3	1	-	NC_071994.2	8709964	8710685	8709645	8709792	TSGA10IP	XM_054525603.1	-	3	8709792	8709964	172	1
NC_071994.2	8779129	8779804	-3	1	-	NC_071994.2	8779591	8779671	8779145	8779209	CTSW	XM_002821499.4	-	3	8779209	8779591	382	1
NC_071994.2	8779589	8780327	-2	1	-	NC_071994.2	8779950	8780104	8779754	8779850	CTSW	XM_002821499.4	-	2	8779850	8779950	100	1
NC_071994.2	8799557	8800082	-2	1	-	NC_071994.2	8799894	8799992	8799660	8799728	MUS81	XM_024254918.3	-	2	8799728	8799894	166	6
NC_071994.2	9021640	9022174	-3	1	-	NC_071994.2	9022043	9022154	9021850	9021958	SIPA1	XM_024254838.2	-	3	9021958	9022043	85	2
NC_071994.2	9021640	9022174	-3	1	-	NC_071994.2	9021850	9021958	9021664	9021765	SIPA1	XM_024254838.2	-	3	9021765	9021850	85	2
NC_071994.2	9035874	9036489	-1	1	-	NC_071994.2	9036232	9036462	9035876	9036150	PCNX3	XM_002821508.6	-	1	9036150	9036232	82	11
NC_071994.2	9063611	9064478	3	1	+	NC_071994.2	9063677	9063825	9063931	9064106	MAP3K11	XM_002821509.6	+	3	9063825	9063931	106	1
NC_071994.2	9090317	9091037	-2	1	-	NC_071994.2	9090566	9090634	9090319	9090481	EHBP1L1	XM_002821511.5	-	2	9090481	9090566	85	4
NC_071994.2	9090317	9091037	-2	1	-	NC_071994.2	9090566	9090634	9090366	9090481	EHBP1L1	XM_009246141.4	-	2	9090481	9090566	85	2
NC_071994.2	9117668	9118901	3	1	+	NC_071994.2	9117766	9117968	9118687	9118809	LTBP3	XM_024254848.3	+	3	9117968	9118687	719	2
NC_071994.2	9117668	9118901	3	1	+	NC_071994.2	9117739	9117968	9118687	9118809	LTBP3	XM_063728370.1	+	3	9117968	9118687	719	2
NC_071994.2	9118138	9118516	2	1	+	NC_071994.2	9118139	9118244	9118413	9118505	LTBP3	XM_024254848.3	+	2	9118244	9118413	169	4
NC_071994.2	9131933	9132548	3	1	+	NC_071994.2	9132172	9132303	9132400	9132548	LTBP3	XM_024254848.3	+	3	9132303	9132400	97	4
NC_071994.2	9133272	9133938	-1	1	-	NC_071994.2	9133747	9133818	9133445	9133623	SCYL1	XM_063728373.1	-	1	9133623	9133747	124	2
NC_071994.2	9133272	9133938	-1	1	-	NC_071994.2	9133445	9133623	9133303	9133357	SCYL1	XM_063728373.1	-	1	9133357	9133445	88	3
NC_071994.2	9133272	9133938	-1	1	-	NC_071994.2	9133747	9133815	9133445	9133623	SCYL1	XM_063728374.1	-	1	9133623	9133747	124	1
NC_071994.2	914734	929251	-3	1	-	NC_071994.2	918844	918859	914971	918624	LOC129048549	XM_054523995.1	-	3	918624	918844	220	1
NC_071994.2	914734	929251	-3	1	-	NC_071994.2	928708	928935	920230	921129	LOC100440362	XM_054523996.1	-	3	921129	928708	7579	1
NC_071994.2	935649	936432	-1	1	-	NC_071994.2	936094	936235	935899	936009	LOC100440362	XM_054523996.1	-	1	936009	936094	85	1
NC_071994.2	937595	938264	-2	1	-	NC_071994.2	938058	938152	937778	937910	LOC100440362	XM_054523996.1	-	2	937910	938058	148	1
NC_071994.2	9470527	9471214	-3	1	-	NC_071994.2	9470705	9470950	9470529	9470632	LOC100444149	XM_024255613.2	-	3	9470632	9470705	73	1
NC_071994.2	9476644	9477124	-3	1	-	NC_071994.2	9476969	9477034	9476827	9476884	CAPN1	NM_001133589.1	-	3	9476884	9476969	85	5
NC_071994.2	9511359	9512160	-1	1	-	NC_071994.2	9511969	9512140	9511560	9511890	SPDYC	XM_054525652.1	-	1	9511890	9511969	79	3
NC_071994.2	9511359	9512160	-1	1	-	NC_071994.2	9511560	9511890	9511360	9511391	SPDYC	XM_054525652.1	-	1	9511391	9511560	169	3
NC_071994.2	9576102	9576453	-1	1	-	NC_071994.2	9576296	9576417	9576118	9576205	VPS51	XM_024254936.3	-	1	9576205	9576296	91	4
NC_071994.2	9577818	9579375	-1	1	-	NC_071994.2	9579171	9579317	9578876	9579095	VPS51	XM_024254936.3	-	1	9579095	9579171	76	4
NC_071994.2	9577818	9579375	-1	1	-	NC_071994.2	9578876	9579095	9577984	9578701	VPS51	XM_024254936.3	-	1	9578701	9578876	175	4
NC_071994.2	9616615	9617341	2	1	+	NC_071994.2	9616664	9617098	9617264	9617341	CDCA5	XM_024255705.3	+	2	9617098	9617264	166	1
NC_071994.2	96633837	96634200	1	1	+	NC_071994.2	96633838	96633934	96634016	96634186	CEP295	XM_024255922.2	+	1	96633934	96634016	82	10
NC_071994.2	96633837	96634200	1	1	+	NC_071994.2	96633838	96633934	96634019	96634186	CEP295	XM_054524927.1	+	1	96633934	96634019	85	5
NC_071994.2	9783856	9784456	2	1	+	NC_071994.2	9783930	9784094	9784197	9784337	ATG2A	XM_024255901.2	+	2	9784094	9784197	103	2
NC_071994.2	9793429	9794617	2	1	+	NC_071994.2	9793454	9793624	9793971	9794185	ATG2A	XM_024255901.2	+	2	9793624	9793971	347	2
NC_071994.2	9797901	9798294	1	1	+	NC_071994.2	9797962	9798046	9798158	9798293	ATG2A	XM_024255901.2	+	1	9798046	9798158	112	2
NC_071994.2	9859296	9859800	1	1	+	NC_071994.2	9859447	9859536	9859678	9859799	CDC42BPG	XM_002821544.6	+	1	9859536	9859678	142	2
NC_071994.2	9861440	9861902	3	1	+	NC_071994.2	9861468	9861566	9861645	9861704	CDC42BPG	XM_002821544.6	+	3	9861566	9861645	79	2
NC_071994.2	9891014	9891911	3	1	+	NC_071994.2	9891051	9891215	9891432	9891911	MEN1	XM_009246171.3	+	3	9891215	9891432	217	2
NC_071994.2	9894436	9894802	2	1	+	NC_071994.2	9894503	9894550	9894638	9894680	MAP4K2	XM_024255929.3	+	2	9894550	9894638	88	4
NC_071994.2	9898266	9898977	1	1	+	NC_071994.2	9898425	9898458	9898579	9898684	MAP4K2	XM_024255929.3	+	1	9898458	9898579	121	2
NC_071994.2	9898266	9898977	1	1	+	NC_071994.2	9898579	9898684	9898766	9898854	MAP4K2	XM_024255929.3	+	1	9898684	9898766	82	1
NC_071994.2	9898266	9898977	1	1	+	NC_071994.2	9898425	9898684	9898766	9898854	MAP4K2	XM_054525669.2	+	1	9898684	9898766	82	1
NC_071994.2	9898266	9898977	1	1	+	NC_071994.2	9898425	9898684	9898790	9898854	MAP4K2	XM_063728380.1	+	1	9898684	9898790	106	1
NC_071994.2	9898266	9898977	1	1	+	NC_071994.2	9898579	9898684	9898790	9898854	MAP4K2	XM_063728381.1	+	1	9898684	9898790	106	1
NC_071994.2	9898853	9899213	3	1	+	NC_071994.2	9898935	9898976	9899064	9899148	MAP4K2	XM_024255929.3	+	3	9898976	9899064	88	4
NC_071994.2	9899327	9899906	3	1	+	NC_071994.2	9899403	9899463	9899566	9899683	MAP4K2	XM_024255929.3	+	3	9899463	9899566	103	4
NC_071994.2	991416	992229	1	1	+	NC_071994.2	991637	991774	991865	992029	MUC2	XM_054526173.1	+	1	991774	991865	91	1
NC_071995.2	107256940	107257294	-2	1	-	NC_071995.2	107257192	107257269	107256998	107257056	SART3	NM_001131386.1	-	2	107257056	107257192	136	2
NC_071995.2	107803882	107804683	2	1	+	NC_071995.2	107804195	107804275	107804375	107804594	USP30	XM_024257433.3	+	2	107804275	107804375	100	5
NC_071995.2	107956084	107956531	2	1	+	NC_071995.2	107956141	107956240	107956331	107956438	ACACB	XM_024257188.3	+	2	107956240	107956331	91	3
NC_071995.2	109253552	109254947	-1	1	-	NC_071995.2	109254028	109254374	109253712	109253931	GPN3	XM_002823732.6	-	1	109253931	109254028	97	1
NC_071995.2	110526389	110526920	3	1	+	NC_071995.2	110526486	110526623	110526732	110526822	ACAD10	XM_024256397.3	+	3	110526623	110526732	109	1
NC_071995.2	110973600	110974350	-3	1	-	NC_071995.2	110974159	110974262	110973661	110973882	HECTD4	XM_024256625.3	-	3	110973882	110974159	277	7
NC_071995.2	111919080	111919770	1	1	+	NC_071995.2	111919129	111919287	111919666	111919755	DTX1	XM_024257413.2	+	1	111919287	111919666	379	1
NC_071995.2	111989330	111989897	-1	1	-	NC_071995.2	111989645	111989875	111989487	111989560	DDX54	XM_002823782.5	-	1	111989560	111989645	85	1
NC_071995.2	112100136	112100664	1	1	+	NC_071995.2	112100218	112100334	112100539	112100663	TPCN1	XM_024256416.3	+	1	112100334	112100539	205	4
NC_071995.2	112222203	112222668	-3	1	-	NC_071995.2	112222465	112222604	112222274	112222365	SDS	XM_002823793.5	-	3	112222365	112222465	100	1
NC_071995.2	11865591	11866986	-3	1	-	NC_071995.2	11865933	11866607	11865592	11865869	LOC103891982	XM_054526823.2	-	3	11865869	11865933	64	1
NC_071995.2	11865591	11866986	-3	1	-	NC_071995.2	11866374	11866607	11865933	11866247	LOC103891982	XM_054526824.2	-	3	11866247	11866374	127	1
NC_071995.2	11865591	11866986	-3	1	-	NC_071995.2	11865933	11866247	11865592	11865869	LOC103891982	XM_054526824.2	-	3	11865869	11865933	64	1
NC_071995.2	118942461	118942917	-3	1	-	NC_071995.2	118942749	118942873	118942528	118942652	RAB35	XM_002823847.5	-	3	118942652	118942749	97	1
NC_071995.2	119041675	119042092	-2	1	-	NC_071995.2	119041991	119042078	119041727	119041873	RPLP0	XM_002823848.6	-	2	119041873	119041991	118	1
NC_071995.2	119219122	119219950	-2	1	-	NC_071995.2	119219418	119219476	119219218	119219258	MSI1	XM_024256954.2	-	2	119219258	119219418	160	4
NC_071995.2	120666822	120667596	1	1	+	NC_071995.2	120666887	120666951	120667288	120667356	TMEM120B	XM_024256435.3	+	1	120666951	120667288	337	2
NC_071995.2	120673024	120673522	-2	1	-	NC_071995.2	120673319	120673428	120673106	120673240	RHOF	XM_002823893.6	-	2	120673240	120673319	79	2
NC_071995.2	120697101	120698226	1	1	+	NC_071995.2	120697303	120697476	120697690	120697788	SETD1B	XM_024256438.3	+	1	120697476	120697690	214	2
NC_071995.2	120709471	120710353	2	1	+	NC_071995.2	120709589	120709850	120709926	120710257	SETD1B	XM_024256438.3	+	2	120709850	120709926	76	2
NC_071995.2	120719518	120720154	2	1	+	NC_071995.2	120719555	120719674	120719753	120719890	SETD1B	XM_024256438.3	+	2	120719674	120719753	79	2
NC_071995.2	121720853	121721345	3	1	+	NC_071995.2	121720880	121720955	121721091	121721231	HIP1R	NM_001131671.1	+	3	121720955	121721091	136	3
NC_071995.2	121723908	121724439	1	1	+	NC_071995.2	121723936	121724083	121724183	121724269	HIP1R	NM_001131671.1	+	1	121724083	121724183	100	3
NC_071995.2	121847382	121848021	1	1	+	NC_071995.2	121847444	121847571	121847755	121848012	OGFOD2	XM_002823920.6	+	1	121847571	121847755	184	2
NC_071995.2	121847382	121848021	1	1	+	NC_071995.2	121847533	121847571	121847755	121848012	OGFOD2	XM_054528404.2	+	1	121847571	121847755	184	2
NC_071995.2	122676968	122677370	3	1	+	NC_071995.2	122676969	122677085	122677167	122677269	DNAH10	XM_054527692.2	+	3	122677085	122677167	82	1
NC_071995.2	123824208	123824973	-3	1	-	NC_071995.2	123824419	123824513	123824258	123824331	DHX37	XM_024257373.3	-	3	123824331	123824419	88	3
NC_071995.2	123828074	123828569	-1	1	-	NC_071995.2	123828338	123828462	123828131	123828247	DHX37	XM_024257373.3	-	1	123828247	123828338	91	3
NC_071995.2	123843201	123844083	-3	1	-	NC_071995.2	123843574	123843675	123843243	123843357	DHX37	XM_024257373.3	-	3	123843357	123843574	217	3
NC_071995.2	130821584	130822316	3	1	+	NC_071995.2	130821734	130821816	130821913	130822065	MMP17	XM_024257487.3	+	3	130821816	130821913	97	4
NC_071995.2	130903060	130903609	2	1	+	NC_071995.2	130903225	130903334	130903449	130903592	ULK1	XM_024257284.3	+	2	130903334	130903449	115	2
NC_071995.2	131131716	131132484	1	1	+	NC_071995.2	131131777	131131884	131132137	131132286	NOC4L	XM_024256846.3	+	1	131131884	131132137	253	1
NC_071995.2	131536820	131537957	3	1	+	NC_071995.2	131537040	131537276	131537374	131537957	LOC103892170	XM_054528473.2	+	3	131537276	131537374	98	1
NC_071995.2	131554202	131555036	3	1	+	NC_071995.2	131554297	131554612	131554706	131554911	FBRSL1	XM_024257217.3	+	3	131554612	131554706	94	13
NC_071995.2	131554202	131555036	3	1	+	NC_071995.2	131554297	131554612	131554709	131554911	FBRSL1	XM_054528460.2	+	3	131554612	131554709	97	1
NC_071995.2	131642291	131642945	-1	1	-	NC_071995.2	131642673	131642753	131642460	131642582	POLE	XM_024256531.3	-	1	131642582	131642673	91	4
NC_071995.2	131653529	131654078	-1	1	-	NC_071995.2	131653955	131654057	131653670	131653816	POLE	XM_024256531.3	-	1	131653816	131653955	139	4
NC_071995.2	131699108	131700134	3	1	+	NC_071995.2	131699449	131699574	131700000	131700133	PGAM5	XM_009248432.4	+	3	131699574	131700000	426	1
NC_071995.2	131699108	131700134	3	1	+	NC_071995.2	131699449	131699574	131700003	131700133	PGAM5	XM_009248433.4	+	3	131699574	131700003	429	1
NC_071995.2	13857501	13858059	1	1	+	NC_071995.2	13857550	13857646	13857752	13857892	EMP1	XM_024257412.3	+	1	13857646	13857752	106	1
NC_071995.2	21996283	21996562	-2	1	-	NC_071995.2	21996422	21996457	21996285	21996346	LOC100456619	XM_063712058.1	-	2	21996346	21996422	76	5
NC_071995.2	2640026	2640674	3	1	+	NC_071995.2	2640291	2640350	2640498	2640557	CACNA1C	XM_054526646.2	+	3	2640350	2640498	148	1
NC_071995.2	28613226	28613733	1	1	+	NC_071995.2	28613227	28613329	28613501	28613562	STK38L	XM_009247570.4	+	1	28613329	28613501	172	5
NC_071995.2	38089258	38100541	2	1	+	NC_071995.2	38089329	38094410	38094621	38100416	MUC19	XM_054528500.1	+	2	38094410	38094621	211	1
NC_071995.2	38118537	38118822	1	1	+	NC_071995.2	38118560	38118613	38118734	38118787	MUC19	XM_054528500.1	+	1	38118613	38118734	121	1
NC_071995.2	3854238	3854526	-3	1	-	NC_071995.2	3854452	3854524	3854240	3854370	PARP11	XM_024257271.3	-	3	3854370	3854452	82	5
NC_071995.2	42511821	42512235	-3	1	-	NC_071995.2	42512181	42512232	42511899	42512027	NELL2	XM_024256353.2	-	3	42512027	42512181	154	2
NC_071995.2	45499559	45500177	-1	1	-	NC_071995.2	45499860	45500047	45499637	45499727	HDAC7	XM_024257183.3	-	1	45499727	45499860	133	4
NC_071995.2	45847838	45848147	3	1	+	NC_071995.2	45847860	45847959	45848041	45848146	PFKM	NM_001132193.1	+	3	45847959	45848041	82	7
NC_071995.2	46541468	46541999	-1	1	-	NC_071995.2	46541739	46541880	46541493	46541621	ADCY6	XM_024257029.3	-	1	46541621	46541739	118	5
NC_071995.2	46791439	46792000	-2	1	-	NC_071995.2	46791745	46791877	46791539	46791666	KMT2D	XM_024256441.3	-	2	46791666	46791745	79	6
NC_071995.2	46792527	46793028	-3	1	-	NC_071995.2	46792797	46792972	46792564	46792694	KMT2D	XM_024256441.3	-	3	46792694	46792797	103	6
NC_071995.2	46865770	46866229	-2	1	-	NC_071995.2	46866040	46866123	46865867	46865943	LMBR1L	NM_001131930.1	-	2	46865943	46866040	97	8
NC_071995.2	46950782	46951328	-1	1	-	NC_071995.2	46951082	46951304	46950807	46950955	TUBA1A	XM_003778011.5	-	1	46950955	46951082	127	1
NC_071995.2	47098961	47099438	3	1	+	NC_071995.2	47099091	47099219	47099325	47099408	TROAP	XM_054527926.1	+	3	47099219	47099325	106	1
NC_071995.2	47319494	47320037	3	1	+	NC_071995.2	47319517	47319674	47319777	47319984	KCNH3	XM_024256988.2	+	3	47319674	47319777	103	1
NC_071995.2	47572616	47573123	-1	1	-	NC_071995.2	47572989	47573072	47572722	47572835	NCKAP5L	XM_054527948.2	-	1	47572835	47572989	154	1
NC_071995.2	47859529	47859916	2	1	+	NC_071995.2	47859566	47859727	47859818	47859915	SMARCD1	XM_002823208.5	+	2	47859727	47859818	91	4
NC_071995.2	47902960	47903299	-2	1	-	NC_071995.2	47903171	47903299	47902962	47903068	CERS5	XM_002823211.6	-	2	47903068	47903171	103	3
NC_071995.2	48121901	48128549	-1	1	-	NC_071995.2	48123873	48128494	48121903	48123548	FAM186A	XM_054527966.1	-	1	48123548	48123873	325	1
NC_071995.2	50856739	50857147	2	1	+	NC_071995.2	50856869	50856991	50857082	50857146	TNS2	XM_024256783.3	+	2	50856991	50857082	91	8
NC_071995.2	50900101	50900668	2	1	+	NC_071995.2	50900136	50900281	50900465	50900584	IGFBP6	XM_002823306.5	+	2	50900281	50900465	184	1
NC_071995.2	51088319	51088721	3	1	+	NC_071995.2	51088341	51088456	51088637	51088720	ESPL1	XM_024257504.2	+	3	51088456	51088637	181	6
NC_071995.2	51215575	51216421	2	1	+	NC_071995.2	51215763	51215945	51216183	51216374	AMHR2	XM_002823318.5	+	2	51215945	51216183	238	3
NC_071995.2	51215575	51216421	2	1	+	NC_071995.2	51215597	51215945	51216183	51216374	AMHR2	XM_054527993.2	+	2	51215945	51216183	238	5
NC_071995.2	52202668	52203010	-2	1	-	NC_071995.2	52202955	52203000	52202670	52202771	ITGA5	XM_024256718.3	-	2	52202771	52202955	184	2
NC_071995.2	52207652	52208234	-1	1	-	NC_071995.2	52208004	52208116	52207751	52207871	ITGA5	XM_024256718.3	-	1	52207871	52208004	133	2
NC_071995.2	52306796	52307123	3	1	+	NC_071995.2	52306821	52306869	52306966	52307122	NCKAP1L	XM_002823349.4	+	3	52306869	52306966	97	2
NC_071995.2	53594969	53595809	-1	1	-	NC_071995.2	53595344	53595405	53595027	53595196	ITGA7	XM_024256537.2	-	1	53595196	53595344	148	8
NC_071995.2	53832632	53833505	3	1	+	NC_071995.2	53832859	53832908	53833263	53833337	DGKA	NM_001132072.2	+	3	53832908	53833263	355	5
NC_071995.2	53832632	53833505	3	1	+	NC_071995.2	53832986	53833046	53833263	53833337	DGKA	XM_009247866.3	+	3	53833046	53833263	217	2
NC_071995.2	54261899	54262427	-1	1	-	NC_071995.2	54262311	54262409	54262073	54262208	STAT2	XM_002823396.5	-	1	54262208	54262311	103	4
NC_071995.2	55121688	55122309	1	1	+	NC_071995.2	55121729	55121854	55122059	55122187	LRP1	XM_024256754.3	+	1	55121854	55122059	205	1
NC_071995.2	55406665	55407460	-2	1	-	NC_071995.2	55407302	55407400	55406944	55407085	ARHGAP9	XM_024256449.3	-	2	55407085	55407302	217	1
NC_071995.2	55406665	55407460	-2	1	-	NC_071995.2	55406944	55407085	55406752	55406859	ARHGAP9	XM_024256449.3	-	2	55406859	55406944	85	1
NC_071995.2	55406665	55407460	-2	1	-	NC_071995.2	55406944	55407400	55406752	55406859	ARHGAP9	XM_054528138.2	-	2	55406859	55406944	85	2
NC_071995.2	55455655	55456288	2	1	+	NC_071995.2	55455713	55456129	55456235	55456287	MBD6	XM_024256451.3	+	2	55456129	55456235	106	4
NC_071995.2	55455655	55456288	2	1	+	NC_071995.2	55455716	55456129	55456235	55456287	MBD6	XM_024256453.3	+	2	55456129	55456235	106	3
NC_071995.2	55500451	55501294	2	1	+	NC_071995.2	55500572	55500778	55501091	55501237	KIF5A	NM_001132440.1	+	2	55500778	55501091	313	2
NC_071995.2	55542354	55542894	1	1	+	NC_071995.2	55542468	55542534	55542790	55542893	ARHGEF25	XM_024256907.3	+	1	55542534	55542790	256	10
NC_071995.2	55557832	55558372	-2	1	-	NC_071995.2	55558177	55558275	55557842	55558032	B4GALNT1	XM_024256904.3	-	2	55558032	55558177	145	6
NC_071995.2	55557832	55558372	-2	1	-	NC_071995.2	55558177	55558297	55557842	55558032	B4GALNT1	XM_063712178.1	-	2	55558032	55558177	145	1
NC_071995.2	55648429	55648909	2	1	+	NC_071995.2	55648572	55648672	55648853	55648904	OS9	NM_001132097.1	+	2	55648672	55648853	181	4
NC_071995.2	5662088	5662769	-1	1	-	NC_071995.2	5662557	5662614	5662312	5662412	ANO2	XM_054526733.2	-	1	5662412	5662557	145	2
NC_071995.2	6384737	6385640	-1	1	-	NC_071995.2	6385211	6385499	6384738	6385045	TNFRSF1A	XM_002822808.5	-	1	6385045	6385211	166	1
NC_071995.2	6388492	6389011	-2	1	-	NC_071995.2	6388792	6388941	6388494	6388572	TNFRSF1A	XM_002822808.5	-	2	6388572	6388792	220	1
NC_071995.2	64228562	64228931	3	1	+	NC_071995.2	64228563	64228625	64228713	64228877	IRAK3	XM_024257436.3	+	3	64228625	64228713	88	13
NC_071995.2	6585026	6585563	3	1	+	NC_071995.2	6585073	6585231	6585481	6585563	NCAPD2	XM_024256483.3	+	3	6585231	6585481	250	2
NC_071995.2	6603705	6604554	-3	1	-	NC_071995.2	6604255	6604375	6603895	6603987	IFFO1	XM_009247365.4	-	3	6603987	6604255	268	2
NC_071995.2	6603705	6604554	-3	1	-	NC_071995.2	6604255	6604375	6603895	6603990	IFFO1	XM_024256486.3	-	3	6603990	6604255	265	4
NC_071995.2	6606285	6606858	-3	1	-	NC_071995.2	6606769	6606829	6606523	6606618	IFFO1	XM_009247365.4	-	3	6606618	6606769	151	6
NC_071995.2	6709083	6709512	-3	1	-	NC_071995.2	6709362	6709476	6709085	6709193	ING4	XM_024257301.2	-	3	6709193	6709362	169	4
NC_071995.2	6709083	6709512	-3	1	-	NC_071995.2	6709362	6709476	6709085	6709190	ING4	XM_024257302.2	-	3	6709190	6709362	172	2
NC_071995.2	6709083	6709512	-3	1	-	NC_071995.2	6709371	6709476	6709085	6709193	ING4	XM_024257303.2	-	3	6709193	6709371	178	1
NC_071995.2	6709083	6709512	-3	1	-	NC_071995.2	6709371	6709476	6709085	6709190	ING4	XM_024257304.2	-	3	6709190	6709371	181	1
NC_071995.2	67693245	67693656	-3	1	-	NC_071995.2	67693579	67693656	67693315	67693467	BEST3	XM_002823512.4	-	3	67693467	67693579	112	2
NC_071995.2	6894204	6894789	1	1	+	NC_071995.2	6894343	6894544	6894629	6894760	P3H3	XM_002822836.6	+	1	6894544	6894629	85	2
NC_071995.2	6901453	6902053	2	1	+	NC_071995.2	6901725	6901842	6901951	6902026	P3H3	XM_002822836.6	+	2	6901842	6901951	109	2
NC_071995.2	7005268	7005778	2	1	+	NC_071995.2	7005375	7005555	7005748	7005778	ATN1	XM_024257164.3	+	2	7005555	7005748	193	2
NC_071995.2	7026338	7026704	3	1	+	NC_071995.2	7026361	7026512	7026612	7026703	PTPN6	XM_002822826.5	+	3	7026512	7026612	100	3
NC_071995.2	7043557	7044166	-2	1	-	NC_071995.2	7043870	7044017	7043639	7043797	LPCAT3	XM_002822828.6	-	2	7043797	7043870	73	1
NC_071995.2	86515147	86515540	-2	1	-	NC_071995.2	86515352	86515452	86515192	86515279	CEP290	XM_002823564.6	-	2	86515279	86515352	73	12
NC_071995.2	9438391	9439291	2	1	+	NC_071995.2	9438671	9438779	9438885	9439016	DDX11	XM_054526785.2	+	2	9438779	9438885	106	9
NC_071995.2	94438016	94438364	-1	1	-	NC_071995.2	94438201	94438364	94438018	94438098	CCDC38	XM_002823608.4	-	1	94438098	94438201	103	2
NC_071996.2	104504609	104504999	-1	1	-	NC_071996.2	104504862	104504951	104504623	104504732	FLACC1	XM_054549643.2	-	1	104504732	104504862	130	3
NC_071996.2	104504609	104504999	-1	1	-	NC_071996.2	104504862	104504951	104504610	104504732	FLACC1	XM_054549647.2	-	1	104504732	104504862	130	2
NC_071996.2	121235889	121236399	-3	1	-	NC_071996.2	121236315	121236386	121235891	121236059	TNS1	XM_024243113.3	-	3	121236059	121236315	256	20
NC_071996.2	121699572	121700127	-3	1	-	NC_071996.2	121699924	121700014	121699574	121699728	AAMP	NM_001131816.1	-	3	121699728	121699924	196	2
NC_071996.2	121700221	121700740	-2	1	-	NC_071996.2	121700617	121700700	121700384	121700499	AAMP	NM_001131816.1	-	2	121700499	121700617	118	2
NC_071996.2	122237904	122238387	1	1	+	NC_071996.2	122237905	122238117	122238271	122238387	LOC100451841	XM_024243809.3	+	1	122238117	122238271	154	1
NC_071996.2	122439086	122439872	-1	1	-	NC_071996.2	122439586	122439762	122439237	122439303	CFAP65	XM_054549852.2	-	1	122439303	122439586	283	1
NC_071996.2	122456840	122457782	-1	1	-	NC_071996.2	122457527	122457749	122456943	122457208	CFAP65	XM_009238123.4	-	1	122457208	122457527	319	2
NC_071996.2	122595227	122595785	-1	1	-	NC_071996.2	122595645	122595768	122595380	122595494	SLC23A3	XM_002812871.3	-	1	122595494	122595645	151	2
NC_071996.2	122602157	122602550	-1	1	-	NC_071996.2	122602413	122602533	122602203	122602331	CNPPD1	NM_001133422.1	-	1	122602331	122602413	82	4
NC_071996.2	122673051	122673603	1	1	+	NC_071996.2	122673103	122673236	122673405	122673525	STK16	XM_002812886.6	+	1	122673236	122673405	169	6
NC_071996.2	122714509	122714920	-2	1	-	NC_071996.2	122714819	122714892	122714510	122714578	PTPRN	NM_001132510.1	-	2	122714578	122714819	241	7
NC_071996.2	122895155	122896262	3	1	+	NC_071996.2	122895235	122895339	122895898	122896104	SPEG	XM_024243784.2	+	3	122895339	122895898	559	8
NC_071996.2	122960109	122960601	1	1	+	NC_071996.2	122960202	122960293	122960378	122960457	ASIC4	XM_024243788.3	+	1	122960293	122960378	85	2
NC_071996.2	122980528	122981623	-2	1	-	NC_071996.2	122981176	122981463	122980714	122980989	OBSL1	XM_024243789.3	-	2	122980989	122981176	187	4
NC_071996.2	123029338	123029899	2	1	+	NC_071996.2	123029475	123029578	123029714	123029809	STK11IP	XM_024243829.2	+	2	123029578	123029714	136	6
NC_071996.2	128290295	128290601	-1	1	-	NC_071996.2	128290451	128290565	128290297	128290363	DOCK10	XM_024243209.3	-	1	128290363	128290451	88	7
NC_071996.2	134433073	134433898	2	1	+	NC_071996.2	134433095	134433205	134433638	134433788	ITM2C	NM_001133620.1	+	2	134433205	134433638	433	1
NC_071996.2	135459573	135460566	-3	1	-	NC_071996.2	135460306	135460395	135459574	135459861	NPPC	XM_002812985.6	-	3	135459861	135460306	445	1
NC_071996.2	135866775	135867444	1	1	+	NC_071996.2	135867005	135867135	135867268	135867372	DIS3L2	XM_024243284.3	+	1	135867135	135867268	133	2
NC_071996.2	135908392	135908950	2	1	+	NC_071996.2	135908507	135908641	135908741	135908813	LOC100436725	XM_063713124.1	+	2	135908641	135908741	100	1
NC_071996.2	135938443	135939004	2	1	+	NC_071996.2	135938561	135938695	135938795	135938867	ALPG	XM_002812987.4	+	2	135938695	135938795	100	1
NC_071996.2	136015937	136016708	-1	1	-	NC_071996.2	136016487	136016597	136016307	136016399	ECEL1	XM_002812990.5	-	1	136016399	136016487	88	2
NC_071996.2	136053485	136054409	3	1	+	NC_071996.2	136054049	136054148	136054236	136054395	PRSS56	XM_002812991.5	+	3	136054148	136054236	88	2
NC_071996.2	136055252	136055897	3	1	+	NC_071996.2	136055299	136055472	136055566	136055730	PRSS56	XM_002812991.5	+	3	136055472	136055566	94	1
NC_071996.2	136055252	136055897	3	1	+	NC_071996.2	136055296	136055472	136055566	136055730	PRSS56	XM_054549993.2	+	3	136055472	136055566	94	1
NC_071996.2	136059726	136060326	1	1	+	NC_071996.2	136059868	136059977	136060107	136060262	CHRND	XM_024243172.3	+	1	136059977	136060107	130	1
NC_071996.2	137333615	137334143	3	1	+	NC_071996.2	137333643	137333762	137333961	137334083	MROH2A	XM_054550011.1	+	3	137333762	137333961	199	1
NC_071996.2	141369256	141369607	2	1	+	NC_071996.2	141369310	141369493	141369584	141369606	RBM44	XM_054550061.1	+	2	141369493	141369584	91	1
NC_071996.2	141711922	141713266	2	1	+	NC_071996.2	141712530	141712792	141712868	141712976	ERFE	XM_024243553.3	+	2	141712792	141712868	76	3
NC_071996.2	141711922	141713266	2	1	+	NC_071996.2	141712530	141712792	141712868	141712972	ERFE	XM_054550071.2	+	2	141712792	141712868	76	3
NC_071996.2	141711922	141713266	2	1	+	NC_071996.2	141712868	141712972	141713063	141713153	ERFE	XM_054550071.2	+	2	141712972	141713063	91	3
NC_071996.2	141743353	141743650	-2	1	-	NC_071996.2	141743530	141743595	141743380	141743427	ILKAP	XM_063713192.1	-	2	141743427	141743530	103	2
NC_071996.2	141787800	141788622	-3	1	-	NC_071996.2	141788374	141788454	141788040	141788121	HES6	XM_024243891.3	-	3	141788121	141788374	253	2
NC_071996.2	141787800	141788622	-3	1	-	NC_071996.2	141788374	141788454	141788080	141788121	HES6	XM_024243892.3	-	3	141788121	141788374	253	1
NC_071996.2	144619461	144620880	1	1	+	NC_071996.2	144619567	144619704	144619822	144620179	CROCC2	XM_024243599.3	+	1	144619704	144619822	118	1
NC_071996.2	144619461	144620880	1	1	+	NC_071996.2	144619822	144620179	144620411	144620595	CROCC2	XM_024243599.3	+	1	144620179	144620411	232	1
NC_071996.2	144690069	144690909	1	1	+	NC_071996.2	144690392	144690505	144690617	144690730	SNED1	XM_024243748.3	+	1	144690505	144690617	112	4
NC_071996.2	16944547	16944931	-2	1	-	NC_071996.2	16944736	16944915	16944548	16944657	CCDC74B	XM_054549075.2	-	2	16944657	16944736	79	1
NC_071996.2	16945558	16947235	-2	1	-	NC_071996.2	16946848	16946892	16945711	16946247	CCDC74B	XM_054549073.2	-	2	16946247	16946848	601	3
NC_071996.2	16945558	16947235	-2	1	-	NC_071996.2	16946848	16946892	16945711	16945959	CCDC74B	XM_054549074.2	-	2	16945959	16946848	889	1
NC_071996.2	16945558	16947235	-2	1	-	NC_071996.2	16946848	16946892	16945711	16945761	CCDC74B	XM_054549077.1	-	2	16945761	16946848	1087	1
NC_071996.2	17200864	17201392	2	1	+	NC_071996.2	17201128	17201201	17201283	17201392	IMP4	XM_054549083.2	+	2	17201201	17201283	82	3
NC_071996.2	21013394	21014066	-1	1	-	NC_071996.2	21013739	21013937	21013565	21013639	TEX51	XM_054549150.2	-	1	21013639	21013739	100	35
NC_071996.2	28079243	28079621	-1	1	-	NC_071996.2	28079479	28079599	28079259	28079346	EPB41L5	XM_024243163.3	-	1	28079346	28079479	133	5
NC_071996.2	53949672	53950197	-3	1	-	NC_071996.2	53950051	53950155	53949703	53949807	NEB	XM_024243154.3	-	3	53949807	53950051	244	2
NC_071996.2	54108452	54108905	-1	1	-	NC_071996.2	54108783	54108890	54108576	54108689	NEB	XM_024243154.3	-	1	54108689	54108783	94	2
NC_071996.2	54115413	54115851	-3	1	-	NC_071996.2	54115681	54115788	54115474	54115587	NEB	XM_024243154.3	-	3	54115587	54115681	94	2
NC_071996.2	55055295	55055568	1	1	+	NC_071996.2	55055296	55055364	55055467	55055547	FMNL2	XM_024243820.3	+	1	55055364	55055467	103	11
NC_071996.2	64748543	64748933	-1	1	-	NC_071996.2	64748820	64748910	64748544	64748720	IFIH1	XM_024243484.3	-	1	64748720	64748820	100	1
NC_071996.2	71408619	71409012	1	1	+	NC_071996.2	71408647	71408745	71408842	71408967	NOSTRIN	XM_054549437.2	+	1	71408745	71408842	97	4
NC_071996.2	79858976	79859264	3	1	+	NC_071996.2	79859005	79859127	79859215	79859264	HNRNPA3	NM_001131794.1	+	3	79859127	79859215	88	6
NC_071996.2	81219028	81219940	-2	1	-	NC_071996.2	81219280	81219867	81219088	81219192	TTN	XM_063712900.1	-	2	81219192	81219280	88	1
NC_071996.2	81219963	81220758	-3	1	-	NC_071996.2	81220413	81220703	81220035	81220322	TTN	XM_063712900.1	-	3	81220322	81220413	91	1
NC_071996.2	81245481	81246285	-3	1	-	NC_071996.2	81245913	81246212	81245487	81245795	TTN	XM_063712900.1	-	3	81245795	81245913	118	1
NC_071996.2	81254177	81254891	-1	1	-	NC_071996.2	81254537	81254833	81254236	81254422	TTN	XM_063712900.1	-	1	81254422	81254537	115	1
NC_071996.2	81261194	81261923	-1	1	-	NC_071996.2	81261587	81261853	81261200	81261478	TTN	XM_063712900.1	-	1	81261478	81261587	109	1
NC_071996.2	81261909	81262494	-3	1	-	NC_071996.2	81262326	81262494	81261960	81262226	TTN	XM_063712900.1	-	3	81262226	81262326	100	1
NC_071996.2	81270924	81271491	-3	1	-	NC_071996.2	81271197	81271463	81270967	81271106	TTN	XM_063712900.1	-	3	81271106	81271197	91	1
NC_071996.2	81359552	81360365	-1	1	-	NC_071996.2	81359957	81360235	81359555	81359836	TTN	XM_063712900.1	-	1	81359836	81359957	121	1
NC_071996.2	81362508	81363246	-3	1	-	NC_071996.2	81362928	81363206	81362556	81362834	TTN	XM_063712900.1	-	3	81362834	81362928	94	1
NC_071997.2	103569810	103570110	1	1	+	NC_071997.2	103569843	103569933	103570045	103570109	ALK	XM_024242328.2	+	1	103569933	103570045	112	1
NC_071997.2	105341652	105342216	-3	1	-	NC_071997.2	105341953	105342159	105341701	105341835	KRTCAP3	XM_002812179.4	-	3	105341835	105341953	118	2
NC_071997.2	105405963	105407514	1	1	+	NC_071997.2	105406007	105406594	105406691	105407514	ZNF513	XM_002812181.4	+	1	105406594	105406691	97	2
NC_071997.2	105405963	105407514	1	1	+	NC_071997.2	105406007	105406594	105406691	105407367	ZNF513	XM_054547710.1	+	1	105406594	105406691	97	2
NC_071997.2	105480267	105480705	-3	1	-	NC_071997.2	105480471	105480595	105480268	105480350	TRIM54	NM_001131364.1	-	3	105480350	105480471	121	7
NC_071997.2	105529261	105529954	2	1	+	NC_071997.2	105529305	105529451	105529554	105529707	SLC30A3	XM_002812189.6	+	2	105529451	105529554	103	4
NC_071997.2	105544544	105544952	-1	1	-	NC_071997.2	105544797	105544952	105544599	105544700	CAD	XM_002812188.5	-	1	105544700	105544797	97	2
NC_071997.2	105655902	105656358	1	1	+	NC_071997.2	105655926	105656099	105656247	105656319	PREB	XM_002812195.5	+	1	105656099	105656247	148	1
NC_071997.2	105658700	105659123	-1	1	-	NC_071997.2	105658968	105659013	105658702	105658814	ABHD1	XM_003775956.3	-	1	105658814	105658968	154	1
NC_071997.2	105719288	105719816	-1	1	-	NC_071997.2	105719640	105719752	105719290	105719336	AGBL5	XM_024242840.3	-	1	105719336	105719640	304	1
NC_071997.2	106314446	106316108	3	1	+	NC_071997.2	106314468	106314587	106315008	106315169	OTOF	XM_024242384.2	+	3	106314587	106315008	421	1
NC_071997.2	106314446	106316108	3	1	+	NC_071997.2	106315008	106315169	106315281	106315443	OTOF	XM_024242384.2	+	3	106315169	106315281	112	1
NC_071997.2	106314446	106316108	3	1	+	NC_071997.2	106315281	106315443	106315927	106316057	OTOF	XM_024242384.2	+	3	106315443	106315927	484	1
NC_071997.2	106317118	106318105	2	1	+	NC_071997.2	106317527	106317556	106317956	106318087	OTOF	XM_024242384.2	+	2	106317556	106317956	400	1
NC_071997.2	108781697	108782246	-1	1	-	NC_071997.2	108782150	108782228	108781926	108782056	MFSD2B	XM_002812238.5	-	1	108782056	108782150	94	1
NC_071997.2	109098039	109098804	-3	1	-	NC_071997.2	109098579	109098777	109098267	109098449	KLHL29	XM_009237502.4	-	3	109098449	109098579	130	2
NC_071997.2	111754274	111754721	3	1	+	NC_071997.2	111754316	111754433	111754536	111754682	APOB	XM_024242617.2	+	3	111754433	111754536	103	1
NC_071997.2	112634120	112634558	3	1	+	NC_071997.2	112634124	112634235	112634287	112634558	LOC100433760	XM_024242645.2	+	3	112634235	112634287	52	1
NC_071997.2	123508908	123509634	-3	1	-	NC_071997.2	123509506	123509594	123508945	123509067	ASAP2	XM_024242392.3	-	3	123509067	123509506	439	5
NC_071997.2	22937861	22938269	-1	1	-	NC_071997.2	22938159	22938224	22937862	22937918	LOC129047285	XM_063713508.1	-	1	22937918	22938159	241	1
NC_071997.2	24914138	24914519	3	1	+	NC_071997.2	24914184	24914295	24914395	24914483	CIAO1	XM_024242576.3	+	3	24914295	24914395	100	1
NC_071997.2	25199297	25200572	3	1	+	NC_071997.2	25199676	25199773	25200074	25200233	ARID5A	XM_002811661.6	+	3	25199773	25200074	301	2
NC_071997.2	25822625	25823063	-1	1	-	NC_071997.2	25822902	25823003	25822722	25822793	KANSL3	XM_002811664.6	-	1	25822793	25822902	109	18
NC_071997.2	26072871	26073975	-3	1	-	NC_071997.2	26073822	26073892	26072872	26073698	SEMA4C	XM_024242780.2	-	3	26073698	26073822	124	6
NC_071997.2	26077758	26078205	-3	1	-	NC_071997.2	26078122	26078184	26077921	26078019	SEMA4C	XM_024242780.2	-	3	26078019	26078122	103	6
NC_071997.2	26393082	26393577	-3	1	-	NC_071997.2	26393374	26393527	26393110	26393280	TMEM131	XM_024242527.3	-	3	26393280	26393374	94	6
NC_071997.2	29315835	29316771	-3	1	-	NC_071997.2	29316387	29316699	29315872	29316257	AFF3	XM_054547811.2	-	3	29316257	29316387	130	7
NC_071997.2	29315835	29316771	-3	1	-	NC_071997.2	29316387	29316639	29315872	29316257	AFF3	XM_054547817.2	-	3	29316257	29316387	130	2
NC_071997.2	30353253	30353736	-3	1	-	NC_071997.2	30353590	30353719	30353335	30353433	TBC1D8	XM_024242238.3	-	3	30353433	30353590	157	4
NC_071997.2	39318500	39318908	-1	1	-	NC_071997.2	39318677	39318802	39318506	39318580	EDAR	XM_002811754.3	-	1	39318580	39318677	97	1
NC_071997.2	42650621	42651332	3	1	+	NC_071997.2	42651040	42651157	42651236	42651331	NT5DC4	XM_054547939.2	+	3	42651157	42651236	79	1
NC_071997.2	43635640	43636207	2	1	+	NC_071997.2	43635686	43635740	43635864	43636207	LOC103889794	unassigned_transcript_426	+	2	43635740	43635864	124	1
NC_071997.2	45558539	45558998	-1	1	-	NC_071997.2	45558822	45558998	45558603	45558737	KDM3A	XM_024242499.3	-	1	45558737	45558822	85	1
NC_071997.2	46672449	46673307	1	1	+	NC_071997.2	46672510	46672602	46673140	46673272	CAPG	XM_002811830.5	+	1	46672602	46673140	538	9
NC_071997.2	46699798	46700344	-2	1	-	NC_071997.2	46700170	46700293	46699813	46699935	ELMOD3	XM_024241931.3	-	2	46699935	46700170	235	11
NC_071997.2	46743884	46745681	3	1	+	NC_071997.2	46744140	46744185	46744417	46745123	TGOLN2	NM_001132337.1	+	3	46744185	46744417	232	2
NC_071997.2	46743884	46745681	3	1	+	NC_071997.2	46744417	46745123	46745298	46745594	TGOLN2	NM_001132337.1	+	3	46745123	46745298	175	2
NC_071997.2	46743884	46745681	3	1	+	NC_071997.2	46744140	46744185	46744417	46745594	TGOLN2	XM_003779822.5	+	3	46744185	46744417	232	5
NC_071997.2	46937065	46938439	-2	1	-	NC_071997.2	46937948	46938193	46937435	46937562	TCF7L1	XM_024242221.3	-	2	46937562	46937948	386	2
NC_071997.2	57807874	57808360	-2	1	-	NC_071997.2	57808247	57808327	57807950	57808141	TTC31	XM_002811862.6	-	2	57808141	57808247	106	5
NC_071997.2	57874249	57874621	-2	1	-	NC_071997.2	57874457	57874531	57874250	57874378	WDR54	XM_002811870.4	-	2	57874378	57874457	79	4
NC_071997.2	58935490	58936801	-2	1	-	NC_071997.2	58936315	58936787	58935664	58935816	ALMS1	XM_054548051.2	-	2	58935816	58936315	499	6
NC_071997.2	60236019	60236712	1	1	+	NC_071997.2	60236110	60236139	60236263	60236487	LOC100446166	XM_009237184.3	+	1	60236139	60236263	124	1
NC_071997.2	70905481	70905976	2	1	+	NC_071997.2	70905482	70905620	70905783	70905964	XPO1	XM_024242167.2	+	2	70905620	70905783	163	8
NC_071997.2	71459944	71460286	2	1	+	NC_071997.2	71460060	71460136	71460230	71460285	PUS10	XM_024242629.2	+	2	71460136	71460230	94	19
NC_071997.2	84030719	84031001	-1	1	-	NC_071997.2	84030900	84031001	84030721	84030809	PPP1R21	XM_024242684.3	-	1	84030809	84030900	91	5
NC_071997.2	95831799	95832165	1	1	+	NC_071997.2	95831825	95831911	95831999	95832165	STRN	XM_002812138.6	+	1	95831911	95831999	88	3
NC_071998.2	104552829	104553174	-3	1	-	NC_071998.2	104553039	104553174	104552835	104552918	ALAD	NM_001133663.2	-	3	104552918	104553039	121	5
NC_071998.2	104572200	104572458	-3	1	-	NC_071998.2	104572378	104572443	104572202	104572287	POLE3	NM_001133412.1	-	3	104572287	104572378	91	1
NC_071998.2	105160182	105161151	1	1	+	NC_071998.2	105160460	105160537	105161084	105161122	ZNF618	XM_009244775.4	+	1	105160537	105161084	547	46
NC_071998.2	116151434	116151719	3	1	+	NC_071998.2	116151456	116151503	116151594	116151719	WDR38	XM_002820202.6	+	3	116151503	116151594	91	3
NC_071998.2	116151434	116151719	3	1	+	NC_071998.2	116151456	116151503	116151594	116151687	WDR38	XM_054520607.2	+	3	116151503	116151594	91	2
NC_071998.2	118830900	118831668	-3	1	-	NC_071998.2	118831474	118831629	118830934	118831050	NIBAN2	XM_024252148.3	-	3	118831050	118831474	424	3
NC_071998.2	119040381	119041299	1	1	+	NC_071998.2	119040585	119040675	119040880	119041023	TTC16	XM_002820237.4	+	1	119040675	119040880	205	3
NC_071998.2	119582108	119582825	-1	1	-	NC_071998.2	119582361	119582579	119582171	119582273	GOLGA2	XM_002820259.6	-	1	119582273	119582361	88	4
NC_071998.2	119591551	119591911	-2	1	-	NC_071998.2	119591852	119591911	119591588	119591668	GOLGA2	XM_002820259.6	-	2	119591668	119591852	184	2
NC_071998.2	119677875	119678409	1	1	+	NC_071998.2	119677931	119678095	119678183	119678329	SLC27A4	NM_001131490.1	+	1	119678095	119678183	88	2
NC_071998.2	119677875	119678409	1	1	+	NC_071998.2	119677931	119678005	119678183	119678329	SLC27A4	XM_024251693.3	+	1	119678005	119678183	178	1
NC_071998.2	119751277	119751613	2	1	+	NC_071998.2	119751324	119751400	119751506	119751612	CERCAM	XM_054521146.2	+	2	119751400	119751506	106	4
NC_071998.2	119855824	119856304	2	1	+	NC_071998.2	119855865	119856007	119856113	119856303	GLE1	NM_001132194.1	+	2	119856007	119856113	106	1
NC_071998.2	120027950	120028520	3	1	+	NC_071998.2	120028135	120028244	120028356	120028499	PKN3	XM_002820266.6	+	3	120028244	120028356	112	6
NC_071998.2	120034488	120034935	1	1	+	NC_071998.2	120034511	120034653	120034735	120034842	PKN3	XM_002820266.6	+	1	120034653	120034735	82	5
NC_071998.2	120064710	120065361	-3	1	-	NC_071998.2	120065152	120065266	120064861	120065007	ZER1	NM_001132264.1	-	3	120065007	120065152	145	10
NC_071998.2	120311796	120312363	1	1	+	NC_071998.2	120311797	120312024	120312139	120312270	NUP188	XM_002820283.6	+	1	120312024	120312139	115	2
NC_071998.2	121675481	121676063	3	1	+	NC_071998.2	121675483	121675613	121675911	121676058	HMCN2	XM_054520713.2	+	3	121675613	121675911	298	1
NC_071998.2	122365519	122365987	2	1	+	NC_071998.2	122365602	122365790	122365869	122365986	LAMC3	XM_002820309.3	+	2	122365790	122365869	79	1
NC_071998.2	122423401	122424574	2	1	+	NC_071998.2	122423813	122423843	122423985	122424046	AIF1L	NM_001131585.1	+	2	122423843	122423985	142	1
NC_071998.2	122859930	122861223	-3	1	-	NC_071998.2	122860810	122860917	122860242	122860401	UCK1	NM_001132809.2	-	3	122860401	122860810	409	3
NC_071998.2	122915739	122916792	-3	1	-	NC_071998.2	122916310	122916388	122916103	122916204	RAPGEF1	XM_024252194.3	-	3	122916204	122916310	106	4
NC_071998.2	124406703	124407261	1	1	+	NC_071998.2	124406768	124406848	124407071	124407168	GTF3C5	XM_024252107.3	+	1	124406848	124407071	223	1
NC_071998.2	124791973	124792450	2	1	+	NC_071998.2	124792061	124792212	124792324	124792387	ADAMTS13	XM_054520800.2	+	2	124792212	124792324	112	4
NC_071998.2	124833823	124834573	-2	1	-	NC_071998.2	124834422	124834518	124833983	124834130	SLC2A6	XM_063714512.1	-	2	124834130	124834422	292	3
NC_071998.2	126924418	126925000	2	1	+	NC_071998.2	126924612	126924716	126924987	126925000	PAEP	XM_024252255.3	+	2	126924716	126924987	271	4
NC_071998.2	127047178	127047484	2	1	+	NC_071998.2	127047255	127047356	127047465	127047484	LCN9	XM_054519656.1	+	2	127047356	127047465	109	1
NC_071998.2	127578822	127579581	-3	1	-	NC_071998.2	127579186	127579337	127578930	127579098	LHX3	XM_002820383.4	-	3	127579098	127579186	88	3
NC_071998.2	127632511	127634848	-2	1	-	NC_071998.2	127634464	127634832	127632512	127633926	CCDC187	XM_054520912.2	-	2	127633926	127634464	538	13
NC_071998.2	127632511	127634848	-2	1	-	NC_071998.2	127634464	127634829	127632512	127633926	CCDC187	XM_054520915.2	-	2	127633926	127634464	538	2
NC_071998.2	127749371	127750304	-1	1	-	NC_071998.2	127749807	127749986	127749579	127749722	CARD9	XM_024252867.3	-	1	127749722	127749807	85	5
NC_071998.2	127766745	127767174	-3	1	-	NC_071998.2	127767004	127767110	127766747	127766841	SNAPC4	XM_024252806.3	-	3	127766841	127767004	163	7
NC_071998.2	127889775	127890573	-3	1	-	NC_071998.2	127890408	127890540	127889820	127890077	NOTCH1	XM_024252710.3	-	3	127890077	127890408	331	3
NC_071998.2	128061245	128062070	3	1	+	NC_071998.2	128061274	128061369	128061529	128061690	EGFL7	XM_024252244.3	+	3	128061369	128061529	160	1
NC_071998.2	128067869	128068736	-1	1	-	NC_071998.2	128068427	128068560	128067954	128068129	AGPAT2	XM_002820394.6	-	1	128068129	128068427	298	2
NC_071998.2	128136918	128137629	-3	1	-	NC_071998.2	128137329	128137439	128136981	128137082	LCN6	XM_002820398.2	-	3	128137082	128137329	247	1
NC_071998.2	128149971	128150364	-3	1	-	NC_071998.2	128150187	128150291	128150019	128150108	LCN8	XM_063714127.1	-	3	128150108	128150187	79	2
NC_071998.2	128198754	128199252	1	1	+	NC_071998.2	128198794	128198919	128199043	128199097	CCDC183	XM_063714548.1	+	1	128198919	128199043	124	2
NC_071998.2	128250723	128251224	1	1	+	NC_071998.2	128250724	128250943	128251016	128251153	MAMDC4	XM_063714109.1	+	1	128250943	128251016	73	1
NC_071998.2	128338601	128339060	3	1	+	NC_071998.2	128338747	128338848	128338933	128339060	C8G	XM_054521242.2	+	3	128338848	128338933	85	2
NC_071998.2	128338601	128339060	3	1	+	NC_071998.2	128338747	128338848	128338933	128338971	C8G	XM_054521243.2	+	3	128338848	128338933	85	2
NC_071998.2	128338601	128339060	3	1	+	NC_071998.2	128338933	128338971	128339050	128339060	C8G	XM_054521243.2	+	3	128338971	128339050	79	1
NC_071998.2	128338601	128339060	3	1	+	NC_071998.2	128338933	128338971	128339053	128339060	C8G	XM_054521244.2	+	3	128338971	128339053	82	1
NC_071998.2	128388809	128389148	3	1	+	NC_071998.2	128388934	128389018	128389112	128389148	PAXX	XM_002820411.3	+	3	128389018	128389112	94	1
NC_071998.2	128405063	128405951	-1	1	-	NC_071998.2	128405760	128405934	128405126	128405249	ABCA2	XM_024252341.3	-	1	128405249	128405760	511	1
NC_071998.2	128407675	128408980	-2	1	-	NC_071998.2	128408611	128408731	128408089	128408325	ABCA2	XM_024252341.3	-	2	128408325	128408611	286	1
NC_071998.2	128407675	128408980	-2	1	-	NC_071998.2	128408089	128408325	128407753	128407959	ABCA2	XM_024252341.3	-	2	128407959	128408089	130	1
NC_071998.2	128409343	128409841	-2	1	-	NC_071998.2	128409613	128409809	128409352	128409534	ABCA2	XM_024252341.3	-	2	128409534	128409613	79	1
NC_071998.2	128410229	128410709	-1	1	-	NC_071998.2	128410514	128410678	128410231	128410411	ABCA2	XM_024252341.3	-	1	128410411	128410514	103	1
NC_071998.2	128444701	128445529	-2	1	-	NC_071998.2	128445269	128445428	128444960	128445187	ENTPD2	XM_024252367.3	-	2	128445187	128445269	82	1
NC_071998.2	128507768	128508974	-1	1	-	NC_071998.2	128508842	128508955	128508352	128508515	DPP7	NM_001133691.1	-	1	128508515	128508842	327	4
NC_071998.2	128507768	128508974	-1	1	-	NC_071998.2	128508352	128508515	128507847	128507982	DPP7	NM_001133691.1	-	1	128507982	128508352	370	4
NC_071998.2	128552924	128553713	3	1	+	NC_071998.2	128553140	128553261	128553334	128553508	GRIN1	XM_024252345.3	+	3	128553261	128553334	73	6
NC_071998.2	128558161	128558647	2	1	+	NC_071998.2	128558285	128558449	128558528	128558646	GRIN1	XM_024252345.3	+	2	128558449	128558528	79	6
NC_071998.2	128587838	128588213	-1	1	-	NC_071998.2	128587983	128588089	128587839	128587898	TPRN	XM_002820423.5	-	1	128587898	128587983	85	1
NC_071998.2	128611614	128612214	1	1	+	NC_071998.2	128611646	128611792	128611886	128612004	NDOR1	XM_024252360.3	+	1	128611792	128611886	94	2
NC_071998.2	128642972	128643944	-1	1	-	NC_071998.2	128643590	128643804	128643258	128643508	CIMIP2A	XM_024252378.3	-	1	128643508	128643590	82	1
NC_071998.2	128642972	128643944	-1	1	-	NC_071998.2	128643258	128643508	128643044	128643170	CIMIP2A	XM_024252378.3	-	1	128643170	128643258	88	1
NC_071998.2	128650151	128650817	3	1	+	NC_071998.2	128650285	128650373	128650488	128650791	STPG3	XM_002820433.6	+	3	128650373	128650488	115	3
NC_071998.2	128842168	128842645	-2	1	-	NC_071998.2	128842364	128842636	128842171	128842288	ENTPD8	XM_054521289.1	-	2	128842288	128842364	76	1
NC_071998.2	128853347	128853782	-1	1	-	NC_071998.2	128853719	128853752	128853531	128853601	NSMF	XM_024252362.3	-	1	128853601	128853719	118	6
NC_071998.2	128861623	128862031	-2	1	-	NC_071998.2	128861861	128861964	128861624	128861704	PNPLA7	XM_054521298.2	-	2	128861704	128861861	157	1
NC_071998.2	128911630	128912284	-2	1	-	NC_071998.2	128912165	128912265	128911796	128911942	PNPLA7	XM_054521298.2	-	2	128911942	128912165	223	1
NC_071998.2	22029208	22030084	-2	1	-	NC_071998.2	22029655	22029814	22029340	22029495	NPR2	XM_024252690.3	-	2	22029495	22029655	160	1
NC_071998.2	22099001	22099307	-1	1	-	NC_071998.2	22099162	22099268	22099003	22099071	CREB3	XM_002819639.6	-	1	22099071	22099162	91	1
NC_071998.2	22123240	22123600	2	1	+	NC_071998.2	22123279	22123372	22123475	22123564	TLN1	XM_002819645.6	+	2	22123372	22123475	103	2
NC_071998.2	22127620	22128121	2	1	+	NC_071998.2	22127639	22127809	22127894	22128043	TLN1	XM_002819645.6	+	2	22127809	22127894	85	2
NC_071998.2	22148350	22148779	2	1	+	NC_071998.2	22148372	22148505	22148599	22148716	TPM2	XM_002819646.6	+	2	22148505	22148599	94	5
NC_071998.2	22153841	22154297	-1	1	-	NC_071998.2	22154153	22154297	22154012	22154038	CA9	XM_002819647.5	-	1	22154038	22154153	115	2
NC_071998.2	22157686	22158562	-2	1	-	NC_071998.2	22158352	22158522	22158077	22158219	CA9	XM_002819647.5	-	2	22158219	22158352	133	2
NC_071998.2	22157686	22158562	-2	1	-	NC_071998.2	22158077	22158219	22157894	22157986	CA9	XM_002819647.5	-	2	22157986	22158077	91	2
NC_071998.2	22183595	22184492	3	1	+	NC_071998.2	22183708	22183843	22183928	22183986	SIT1	XM_002819650.6	+	3	22183843	22183928	85	1
NC_071998.2	22183595	22184492	3	1	+	NC_071998.2	22183928	22183986	22184098	22184159	SIT1	XM_002819650.6	+	3	22183986	22184098	112	1
NC_071998.2	22183595	22184492	3	1	+	NC_071998.2	22184098	22184159	22184262	22184492	SIT1	XM_002819650.6	+	3	22184159	22184262	103	2
NC_071998.2	22183595	22184492	3	1	+	NC_071998.2	22183708	22183986	22184098	22184159	SIT1	XM_009244296.3	+	3	22183986	22184098	112	1
NC_071998.2	22271196	22271883	1	1	+	NC_071998.2	22271225	22271412	22271587	22271617	CIMIP2B	XM_024252489.3	+	1	22271412	22271587	175	1
NC_071998.2	22271196	22271883	1	1	+	NC_071998.2	22271587	22271617	22271780	22271883	CIMIP2B	XM_024252489.3	+	1	22271617	22271780	163	1
NC_071998.2	22753031	22753487	3	1	+	NC_071998.2	22753074	22753218	22753342	22753421	STOML2	XM_002819653.5	+	3	22753218	22753342	124	2
NC_071998.2	22858408	22859470	-2	1	-	NC_071998.2	22858799	22859400	22858409	22858639	DNAJB5	XM_024252763.3	-	2	22858639	22858799	160	5
NC_071998.2	24488861	24489407	3	1	+	NC_071998.2	24488995	24489129	24489214	24489377	NOL6	XM_002819694.6	+	3	24489129	24489214	85	11
NC_071998.2	37145941	37146343	2	1	+	NC_071998.2	37145980	37146086	37146237	37146331	HACD4	XM_054519810.2	+	2	37146086	37146237	151	1
NC_071998.2	53245514	53246189	3	1	+	NC_071998.2	53245557	53245767	53245924	53246024	LOC100455286	XM_024252606.3	+	3	53245767	53245924	157	1
NC_071998.2	55887954	55888401	1	1	+	NC_071998.2	55887979	55888072	55888334	55888400	PUM3	XM_002819822.5	+	1	55888072	55888334	262	2
NC_071998.2	67827633	67827894	1	1	+	NC_071998.2	67827634	67827679	67827770	67827893	VPS13A	XM_024252431.3	+	1	67827679	67827770	91	6
NC_071998.2	78458246	78461477	3	1	+	NC_071998.2	78458363	78459594	78460675	78461477	LOC100435406	XM_054521057.2	+	3	78459594	78460675	1081	2
NC_071998.2	79264942	79265455	-2	1	-	NC_071998.2	79265110	79265226	79264943	79265004	LOC129047762	XM_054519639.2	-	2	79265004	79265110	106	1
NC_071998.2	79269564	79269996	-3	1	-	NC_071998.2	79269897	79269987	79269613	79269788	LOC129047762	XM_054519639.2	-	3	79269788	79269897	109	1
NC_071998.2	82192696	82193017	2	1	+	NC_071998.2	82192721	82192893	82192969	82193012	SEMA4D	XM_024252004.3	+	2	82192893	82192969	76	18
NC_071998.2	84181902	84182439	1	1	+	NC_071998.2	84182066	84182185	84182279	84182389	WNK2	XM_054520248.2	+	1	84182185	84182279	94	1
NC_071998.2	84235664	84236315	3	1	+	NC_071998.2	84235759	84235870	84236267	84236315	WNK2	XM_054520246.2	+	3	84235870	84236267	397	1
NC_071998.2	90070882	90071338	2	1	+	NC_071998.2	90070922	90071062	90071258	90071326	COL15A1	XM_002820027.6	+	2	90071062	90071258	196	3
NC_071999.2	104206666	104206948	2	1	+	NC_071999.2	104206667	104206778	104206863	104206918	IPO5	XM_002824379.6	+	2	104206778	104206863	85	4
NC_071999.2	106171220	106172012	3	1	+	NC_071999.2	106171279	106171442	106171656	106172012	ZIC2	XM_002824393.4	+	3	106171442	106171656	214	1
NC_071999.2	107313631	107314126	-2	1	-	NC_071999.2	107313884	107314004	107313656	107313787	NALCN	XM_024231054.3	-	2	107313787	107313884	97	7
NC_071999.2	116475165	116475426	-3	1	-	NC_071999.2	116475337	116475426	116475193	116475237	COL4A1	XM_024230972.3	-	3	116475237	116475337	100	1
NC_071999.2	116764330	116764819	2	1	+	NC_071999.2	116764395	116764541	116764698	116764814	COL4A2	XM_024230971.3	+	2	116764541	116764698	157	2
NC_071999.2	119352985	119353657	2	1	+	NC_071999.2	119353039	119353157	119353503	119353595	MCF2L	XM_054529272.2	+	2	119353157	119353503	346	6
NC_071999.2	119352985	119353657	2	1	+	NC_071999.2	119353039	119353157	119353503	119353586	MCF2L	XM_054529273.2	+	2	119353157	119353503	346	2
NC_071999.2	119381785	119383171	2	1	+	NC_071999.2	119381825	119381948	119382579	119383171	F7	XM_054529291.2	+	2	119381948	119382579	631	2
NC_071999.2	21191878	21192157	2	1	+	NC_071999.2	21191984	21192019	21192095	21192156	LOC134759922	XM_063715079.1	+	2	21192019	21192095	76	1
NC_071999.2	22905382	22905862	2	1	+	NC_071999.2	22905476	22905547	22905752	22905861	SAP18	NM_001135537.1	+	2	22905547	22905752	205	1
NC_071999.2	32958997	32959354	-2	1	-	NC_071999.2	32959201	32959333	32959006	32959110	FLT3	XM_024230909.3	-	2	32959110	32959201	91	1
NC_071999.2	41995859	41996279	-1	1	-	NC_071999.2	41996115	41996271	41995965	41996021	SUPT20H	NM_001135503.1	-	1	41996021	41996115	94	51
NC_071999.2	53472458	53472986	-1	1	-	NC_071999.2	53472795	53472953	53472549	53472656	RCBTB2	NM_001131702.1	-	1	53472656	53472795	139	9
NC_071999.2	57130788	57131076	-3	1	-	NC_071999.2	57130983	57131076	57130798	57130895	NEK3	XM_024230830.3	-	3	57130895	57130983	88	7
NC_071999.2	57130788	57131076	-3	1	-	NC_071999.2	57130983	57131025	57130798	57130895	NEK3	XM_063714922.1	-	3	57130895	57130983	88	1
NC_071999.2	57776575	57779845	-2	1	-	NC_071999.2	57777152	57779782	57776767	57776974	PCDH8	XM_002824309.5	-	2	57776974	57777152	178	1
NC_071999.2	57776575	57779845	-2	1	-	NC_071999.2	57777443	57779782	57776767	57776974	PCDH8	XM_002824310.5	-	2	57776974	57777443	469	1
NC_072000.2	100936466	100936808	3	1	+	NC_072000.2	100936471	100936560	100936651	100936789	PAPOLA	XM_024231395.3	+	3	100936560	100936651	91	6
NC_072000.2	104146453	104147059	2	1	+	NC_072000.2	104146528	104146594	104146892	104147059	LOC100440873	XM_024231330.3	+	2	104146594	104146892	298	2
NC_072000.2	106647822	106648302	-3	1	-	NC_072000.2	106647933	106648176	106647823	106647842	MOK	XM_054530565.2	-	3	106647842	106647933	91	1
NC_072000.2	106924935	106927557	1	1	+	NC_072000.2	106924942	106925122	106925321	106927557	LOC129049873	XM_063715744.1	+	1	106925122	106925321	199	1
NC_072000.2	107358698	107359391	3	1	+	NC_072000.2	107358750	107358912	107359241	107359328	AMN	XM_054530621.2	+	3	107358912	107359241	329	1
NC_072000.2	107368099	107368780	-2	1	-	NC_072000.2	107368535	107368632	107368354	107368438	CDC42BPB	XM_002825127.6	-	2	107368438	107368535	97	4
NC_072000.2	107526948	107527479	1	1	+	NC_072000.2	107527023	107527134	107527336	107527458	EXOC3L4	XM_024231856.3	+	1	107527134	107527336	202	1
NC_072000.2	107555218	107555827	2	1	+	NC_072000.2	107555381	107555536	107555705	107555826	TNFAIP2	XM_024231841.3	+	2	107555536	107555705	169	3
NC_072000.2	108630523	108631507	2	1	+	NC_072000.2	108630573	108630835	108630926	108631109	KIF26A	XM_054530581.2	+	2	108630835	108630926	91	4
NC_072000.2	109213210	109214569	2	1	+	NC_072000.2	109213328	109213469	109213671	109214414	INF2	XM_054530585.2	+	2	109213469	109213671	202	5
NC_072000.2	109283144	109283636	-1	1	-	NC_072000.2	109283385	109283516	109283247	109283312	AKT1	XM_024231565.3	-	1	109283312	109283385	73	5
NC_072000.2	109471072	109471456	-2	1	-	NC_072000.2	109471301	109471359	109471097	109471195	AHNAK2	XM_024231542.3	-	2	109471195	109471301	106	2
NC_072000.2	109659799	109660462	-2	1	-	NC_072000.2	109660298	109660344	109660037	109660210	JAG2	XM_024231549.2	-	2	109660210	109660298	88	2
NC_072000.2	109660531	109661239	-2	1	-	NC_072000.2	109661032	109661145	109660690	109660803	JAG2	XM_024231549.2	-	2	109660803	109661032	229	2
NC_072000.2	109979884	109980766	2	1	+	NC_072000.2	109979931	109980071	109980306	109980400	CRIP2	NM_001132772.1	+	2	109980071	109980306	235	3
NC_072000.2	109979884	109980766	2	1	+	NC_072000.2	109980306	109980400	109980620	109980677	CRIP2	NM_001132772.1	+	2	109980400	109980620	220	3
NC_072000.2	110106791	110107748	-1	1	-	NC_072000.2	110107421	110107744	110106896	110107216	LOC112128735	unassigned_transcript_522	-	1	110107216	110107421	205	1
NC_072000.2	110178185	110179001	-1	1	-	NC_072000.2	110178611	110178920	110178191	110178505	LOC129049952	unassigned_transcript_524	-	1	110178505	110178611	106	1
NC_072000.2	24451630	24451969	-2	1	-	NC_072000.2	24451861	24451897	24451691	24451755	NDRG2	XM_063715289.1	-	2	24451755	24451861	106	1
NC_072000.2	24534771	24535224	1	1	+	NC_072000.2	24534823	24534933	24535051	24535197	TMEM253	XM_063715471.1	+	1	24534933	24535051	118	1
NC_072000.2	26427538	26427868	-2	1	-	NC_072000.2	26427706	26427825	26427540	26427609	RBM23	NM_001131279.1	-	2	26427609	26427706	97	6
NC_072000.2	26427538	26427868	-2	1	-	NC_072000.2	26427706	26427825	26427539	26427609	RBM23	XM_009248915.4	-	2	26427609	26427706	97	2
NC_072000.2	26431200	26431596	-3	1	-	NC_072000.2	26431444	26431596	26431225	26431362	RBM23	NM_001131279.1	-	3	26431362	26431444	82	8
NC_072000.2	26576599	26577337	-2	1	-	NC_072000.2	26577124	26577235	26576623	26576871	CDH24	XM_009248928.4	-	2	26576871	26577124	253	7
NC_072000.2	26934760	26935570	-2	1	-	NC_072000.2	26935229	26935372	26934823	26934979	MYH6	XM_024231446.3	-	2	26934979	26935229	250	1
NC_072000.2	26962164	26962599	-3	1	-	NC_072000.2	26962326	26962482	26962166	26962193	LOC100448828	XM_024231447.2	-	3	26962193	26962326	133	2
NC_072000.2	27599277	27599715	1	1	+	NC_072000.2	27599370	27599463	27599557	27599655	CARMIL3	XM_024231619.3	+	1	27599463	27599557	94	11
NC_072000.2	27613646	27614225	3	1	+	NC_072000.2	27613743	27613817	27613983	27614066	CPNE6	NM_001134170.1	+	3	27613817	27613983	166	1
NC_072000.2	27616256	27616949	3	1	+	NC_072000.2	27616318	27616451	27616593	27616829	CPNE6	NM_001134170.1	+	3	27616451	27616593	142	1
NC_072000.2	27687248	27687527	-1	1	-	NC_072000.2	27687497	27687527	27687312	27687409	PSME2	XM_002824602.5	-	1	27687409	27687497	88	1
NC_072000.2	27697649	27698003	3	1	+	NC_072000.2	27697692	27697790	27697881	27697970	RNF31	XM_024231410.3	+	3	27697790	27697881	91	3
NC_072000.2	27705221	27705797	3	1	+	NC_072000.2	27705222	27705405	27705637	27705767	IRF9	XM_009248969.4	+	3	27705405	27705637	232	4
NC_072000.2	27707948	27708506	3	1	+	NC_072000.2	27708101	27708216	27708376	27708506	IRF9	XM_054529912.2	+	3	27708216	27708376	160	2
NC_072000.2	27715469	27715844	3	1	+	NC_072000.2	27715544	27715686	27715771	27715843	REC8	XM_009248971.4	+	3	27715686	27715771	85	3
NC_072000.2	27730003	27730450	-2	1	-	NC_072000.2	27730295	27730424	27730028	27730207	IPO4	NM_001131166.2	-	2	27730207	27730295	88	6
NC_072000.2	27751974	27752484	-3	1	-	NC_072000.2	27752311	27752425	27752007	27752142	CHMP4A	XM_054529925.2	-	3	27752142	27752311	169	1
NC_072000.2	27756010	27756355	-2	1	-	NC_072000.2	27756201	27756308	27756019	27756104	MDP1	XM_024231511.3	-	2	27756104	27756201	97	1
NC_072000.2	27756010	27756355	-2	1	-	NC_072000.2	27756201	27756308	27756011	27756104	MDP1	XM_024231512.3	-	2	27756104	27756201	97	1
NC_072000.2	27778933	27779365	2	1	+	NC_072000.2	27779022	27779128	27779297	27779339	GMPR2	XM_009248951.3	+	2	27779128	27779297	169	6
NC_072000.2	27796030	27796795	-2	1	-	NC_072000.2	27796393	27796674	27796085	27796245	TGM1	XM_002824604.4	-	2	27796245	27796393	148	1
NC_072000.2	27808781	27809747	-1	1	-	NC_072000.2	27809259	27809347	27809049	27809165	RABGGTA	NM_001133624.1	-	1	27809165	27809259	94	1
NC_072000.2	27809753	27810299	-1	1	-	NC_072000.2	27810114	27810215	27809903	27810008	RABGGTA	NM_001133624.1	-	1	27810008	27810114	106	1
NC_072000.2	27809753	27810299	-1	1	-	NC_072000.2	27809903	27810008	27809758	27809809	RABGGTA	NM_001133624.1	-	1	27809809	27809903	94	1
NC_072000.2	27841309	27842341	2	1	+	NC_072000.2	27841346	27841592	27841800	27842243	NOP9	XM_002824611.6	+	2	27841592	27841800	208	4
NC_072000.2	27871009	27871720	-2	1	-	NC_072000.2	27871506	27871654	27871316	27871427	ADCY4	XM_009248981.4	-	2	27871427	27871506	79	1
NC_072000.2	27950589	27951183	1	1	+	NC_072000.2	27950637	27950767	27950915	27951011	NYNRIN	XM_002824618.6	+	1	27950767	27950915	148	2
NC_072000.2	77501046	77501838	1	1	+	NC_072000.2	77501244	77501304	77501659	77501761	PAPLN	XM_054530793.2	+	1	77501304	77501659	355	12
NC_072000.2	77523645	77524053	1	1	+	NC_072000.2	77523675	77523841	77524025	77524053	PAPLN	XM_054530796.2	+	1	77523841	77524025	184	2
NC_072000.2	78535873	78536362	-2	1	-	NC_072000.2	78536072	78536193	78535875	78535966	ABCD4	XM_024231644.3	-	2	78535966	78536072	106	7
NC_072000.2	81219487	81219889	2	1	+	NC_072000.2	81219551	81219613	81219695	81219889	LOC129049943	XM_054530881.2	+	2	81219613	81219695	82	1
NC_072001.2	14286254	14286611	3	1	+	NC_072001.2	14286276	14286504	14286592	14286611	LOC100456617	XM_054531980.2	+	3	14286504	14286592	88	15
NC_072001.2	14453375	14453969	-1	1	-	NC_072001.2	14453910	14453969	14453646	14453726	LOC129050238	XM_054532000.2	-	1	14453726	14453910	184	3
NC_072001.2	14535938	14536196	-1	1	-	NC_072001.2	14536149	14536196	14535980	14536064	LOC129050237	XM_054531996.1	-	1	14536064	14536149	85	8
NC_072001.2	15528134	15528563	-1	1	-	NC_072001.2	15528435	15528542	15528152	15528239	LOC129050254	XM_054532049.2	-	1	15528239	15528435	196	2
NC_072001.2	15531086	15531680	-1	1	-	NC_072001.2	15531621	15531680	15531357	15531437	LOC129050254	XM_054532049.2	-	1	15531437	15531621	184	2
NC_072001.2	15619908	15620166	-3	1	-	NC_072001.2	15620119	15620166	15619950	15620034	LOC129050255	XM_054532053.2	-	3	15620034	15620119	85	3
NC_072001.2	16192470	16192992	-3	1	-	NC_072001.2	16192815	16192902	16192612	16192718	LOC129050265	XM_054532067.2	-	3	16192718	16192815	97	1
NC_072001.2	16393657	16393915	2	1	+	NC_072001.2	16393658	16393705	16393790	16393874	LOC129050273	XM_054532092.1	+	2	16393705	16393790	85	8
NC_072001.2	16475847	16476441	1	1	+	NC_072001.2	16475848	16475907	16476091	16476171	LOC129050272	XM_054532083.2	+	1	16475907	16476091	184	7
NC_072001.2	16622671	16623160	2	1	+	NC_072001.2	16622756	16622827	16622954	16623007	LOC129050269	XM_063716429.1	+	2	16622827	16622954	127	1
NC_072001.2	16897450	16898989	2	1	+	NC_072001.2	16897674	16897771	16897949	16898989	LOC100431912	XM_054532167.2	+	2	16897771	16897949	178	1
NC_072001.2	17161517	17162147	-1	1	-	NC_072001.2	17162030	17162130	17161518	17161699	LOC129050293	XM_054532165.2	-	1	17161699	17162030	331	1
NC_072001.2	17460517	17461222	-2	1	-	NC_072001.2	17461062	17461138	17460707	17460755	LOC129050278	XM_063716430.1	-	2	17460755	17461062	307	1
NC_072001.2	17741341	17741971	2	1	+	NC_072001.2	17741359	17741459	17741790	17741971	LOC129050294	XM_054532166.2	+	2	17741459	17741790	331	2
NC_072001.2	18218801	18219059	3	1	+	NC_072001.2	18218802	18218849	18218934	18219018	LOC129050274	XM_054532100.2	+	3	18218849	18218934	85	8
NC_072001.2	18301118	18301712	3	1	+	NC_072001.2	18301119	18301178	18301362	18301442	LOC129050270	XM_054532077.2	+	3	18301178	18301362	184	1
NC_072001.2	18880606	18881236	-2	1	-	NC_072001.2	18881119	18881219	18880607	18880788	LOC100456653	XM_054545939.2	-	2	18880788	18881119	331	1
NC_072001.2	19339533	19340127	-3	1	-	NC_072001.2	19340068	19340127	19339804	19339884	LOC129053823	XM_054545913.2	-	3	19339884	19340068	184	6
NC_072001.2	19421964	19422222	-3	1	-	NC_072001.2	19422175	19422222	19422006	19422090	LOC129050320	XM_054532284.2	-	3	19422090	19422175	85	5
NC_072001.2	20913550	20914144	-2	1	-	NC_072001.2	20914085	20914144	20913821	20913901	LOC129050319	XM_054532273.1	-	2	20913901	20914085	184	3
NC_072001.2	20996041	20996299	-2	1	-	NC_072001.2	20996252	20996299	20996083	20996167	LOC129050324	XM_054532315.1	-	2	20996167	20996252	85	8
NC_072001.2	21485834	21486464	-1	1	-	NC_072001.2	21486347	21486447	21485835	21486016	LOC129050384	XM_054532422.2	-	1	21486016	21486347	331	1
NC_072001.2	22058758	22059280	-2	1	-	NC_072001.2	22059103	22059196	22058900	22059006	LOC100438855	XM_063716432.1	-	2	22059006	22059103	97	1
NC_072001.2	22261401	22261659	1	1	+	NC_072001.2	22261402	22261449	22261534	22261618	LOC129050323	XM_054532306.1	+	1	22261449	22261534	85	8
NC_072001.2	22343581	22344175	2	1	+	NC_072001.2	22343582	22343641	22343825	22343905	LOC100435531	XM_054532279.1	+	2	22343641	22343825	184	4
NC_072001.2	22512815	22513172	-1	1	-	NC_072001.2	22512923	22513151	22512816	22512835	LOC129050013	XM_063716104.1	-	1	22512835	22512923	88	1
NC_072001.2	22889173	22889800	-2	1	-	NC_072001.2	22889683	22889783	22889174	22889352	LOC129050314	XM_054532227.2	-	2	22889352	22889683	331	5
NC_072001.2	23476205	23476727	-1	1	-	NC_072001.2	23476550	23476637	23476347	23476453	LOC112131509	XM_054532194.2	-	1	23476453	23476550	97	1
NC_072001.2	23677395	23677653	1	1	+	NC_072001.2	23677396	23677443	23677528	23677612	LOC129050321	XM_054532288.1	+	1	23677443	23677528	85	8
NC_072001.2	23759704	23760298	2	1	+	NC_072001.2	23759705	23759764	23759948	23760028	LOC129050315	XM_054532244.2	+	2	23759764	23759948	184	6
NC_072001.2	24025092	24025530	-3	1	-	NC_072001.2	24025331	24025510	24025114	24025243	LOC103889472	XM_054532398.2	-	3	24025243	24025331	88	1
NC_072001.2	24321136	24321394	2	1	+	NC_072001.2	24321137	24321184	24321269	24321353	LOC112131820	XM_054545837.2	+	2	24321184	24321269	85	8
NC_072001.2	24404040	24404634	1	1	+	NC_072001.2	24404041	24404100	24404284	24404364	LOC129050317	XM_054532263.2	+	1	24404100	24404284	184	4
NC_072001.2	24698540	24700079	3	1	+	NC_072001.2	24698764	24698861	24699039	24700079	LOC100445850	XM_054532421.2	+	3	24698861	24699039	178	1
NC_072001.2	30813820	30814279	2	1	+	NC_072001.2	30813821	30813880	30814064	30814144	GOLGA8S	XM_054532449.1	+	2	30813880	30814064	184	1
NC_072001.2	30815305	30815566	2	1	+	NC_072001.2	30815306	30815357	30815442	30815525	GOLGA8S	XM_054532449.1	+	2	30815357	30815442	85	1
NC_072001.2	30820883	30821516	3	1	+	NC_072001.2	30820901	30821001	30821344	30821516	GOLGA8S	XM_054532449.1	+	3	30821001	30821344	343	1
NC_072001.2	31048565	31048922	-1	1	-	NC_072001.2	31048673	31048901	31048566	31048585	LOC129050027	XM_054531308.2	-	1	31048585	31048673	88	1
NC_072001.2	31103515	31103872	2	1	+	NC_072001.2	31103537	31103765	31103853	31103872	LOC103889486	XM_054532452.1	+	2	31103765	31103853	88	1
NC_072001.2	31340194	31340821	-2	1	-	NC_072001.2	31340704	31340804	31340195	31340367	LOC100452651	XM_054532483.2	-	2	31340367	31340704	337	1
NC_072001.2	31346119	31346380	-2	1	-	NC_072001.2	31346333	31346379	31346161	31346245	LOC100452651	XM_054532483.2	-	2	31346245	31346333	88	1
NC_072001.2	31347453	31347843	-3	1	-	NC_072001.2	31347784	31347843	31347523	31347600	LOC100452651	XM_054532483.2	-	3	31347600	31347784	184	1
NC_072001.2	32785940	32786297	3	1	+	NC_072001.2	32785962	32786190	32786278	32786297	LOC103889485	XM_063716124.1	+	3	32786190	32786278	88	2
NC_072001.2	32906883	32907504	1	1	+	NC_072001.2	32906901	32907001	32907332	32907504	LOC100457464	XM_054532484.2	+	1	32907001	32907332	331	1
NC_072001.2	34559405	34560032	-1	1	-	NC_072001.2	34559915	34560015	34559406	34559578	LOC100451396	XM_054532497.1	-	1	34559578	34559915	337	3
NC_072001.2	34649180	34649438	-1	1	-	NC_072001.2	34649391	34649438	34649222	34649306	LOC100449919	XM_054532490.2	-	1	34649306	34649391	85	9
NC_072001.2	34933138	34933465	2	1	+	NC_072001.2	34933139	34933198	34933382	34933462	LOC129050450	XM_054532530.1	+	2	34933198	34933382	184	2
NC_072001.2	34940225	34940846	3	1	+	NC_072001.2	34940243	34940343	34940674	34940846	LOC129050450	XM_054532530.1	+	3	34940343	34940674	331	2
NC_072001.2	35067513	35067879	1	1	+	NC_072001.2	35067514	35067573	35067757	35067837	LOC112131969	XM_054532532.2	+	1	35067573	35067757	184	2
NC_072001.2	35068991	35069249	3	1	+	NC_072001.2	35068992	35069039	35069124	35069208	LOC112131969	XM_054532532.2	+	3	35069039	35069124	85	3
NC_072001.2	35147645	35148239	3	1	+	NC_072001.2	35147646	35147705	35147889	35147969	LOC129050449	XM_054532521.2	+	3	35147705	35147889	184	5
NC_072001.2	35154729	35155356	1	1	+	NC_072001.2	35154747	35154847	35155184	35155356	LOC129050449	XM_054532521.2	+	1	35154847	35155184	337	6
NC_072001.2	35298831	35299089	1	1	+	NC_072001.2	35298832	35298879	35298964	35299048	LOC129050448	XM_054532511.2	+	1	35298879	35298964	85	9
NC_072001.2	37150502	37150760	-1	1	-	NC_072001.2	37150713	37150760	37150544	37150628	LOC100439374	XM_054532577.1	-	1	37150628	37150713	85	2
NC_072001.2	37261955	37262582	-1	1	-	NC_072001.2	37262465	37262565	37261956	37262128	LOC129050460	XM_054532571.2	-	1	37262128	37262465	337	4
NC_072001.2	37269073	37269667	-2	1	-	NC_072001.2	37269608	37269667	37269344	37269424	LOC129050460	XM_054532571.2	-	2	37269424	37269608	184	4
NC_072001.2	37348908	37349529	-3	1	-	NC_072001.2	37349412	37349512	37348909	37349081	LOC129050461	XM_054532573.2	-	3	37349081	37349412	331	3
NC_072001.2	37354841	37355102	-1	1	-	NC_072001.2	37355055	37355102	37354883	37354967	LOC129050461	XM_054532573.2	-	1	37354967	37355055	88	3
NC_072001.2	42944641	42945205	-2	1	-	NC_072001.2	42945119	42945142	42944902	42944974	SRP14	NM_001131937.1	-	2	42944974	42945119	145	1
NC_072001.2	43170807	43171728	1	1	+	NC_072001.2	43170928	43171425	43171570	43171703	PAK6	NM_001132552.1	+	1	43171425	43171570	145	2
NC_072001.2	43172009	43172495	3	1	+	NC_072001.2	43172048	43172174	43172253	43172378	PAK6	NM_001132552.1	+	3	43172174	43172253	79	2
NC_072001.2	43190231	43190579	-1	1	-	NC_072001.2	43190486	43190561	43190243	43190287	PLCB2	XM_024232487.2	-	1	43190287	43190486	199	3
NC_072001.2	43190231	43190579	-1	1	-	NC_072001.2	43190486	43190561	43190243	43190284	PLCB2	XM_054531383.1	-	1	43190284	43190486	202	1
NC_072001.2	43195116	43195548	-3	1	-	NC_072001.2	43195386	43195548	43195162	43195274	PLCB2	XM_024232487.2	-	3	43195274	43195386	112	4
NC_072001.2	43195116	43195548	-3	1	-	NC_072001.2	43195398	43195548	43195162	43195274	PLCB2	XM_024232488.2	-	3	43195274	43195398	124	1
NC_072001.2	43675906	43676731	-2	1	-	NC_072001.2	43676555	43676640	43676209	43676305	DNAJC17	XM_009249727.4	-	2	43676305	43676555	250	1
NC_072001.2	43761683	43762580	3	1	+	NC_072001.2	43761721	43761939	43762408	43762533	SPINT1	XM_024232720.3	+	3	43761939	43762408	469	1
NC_072001.2	43761683	43762580	3	1	+	NC_072001.2	43761721	43761891	43762408	43762533	SPINT1	XM_024232722.3	+	3	43761891	43762408	517	1
NC_072001.2	44002124	44002511	-1	1	-	NC_072001.2	44002316	44002485	44002158	44002225	INO80	XM_024232717.3	-	1	44002225	44002316	91	3
NC_072001.2	44406919	44407387	2	1	+	NC_072001.2	44406935	44407031	44407107	44407323	ITPKA	XM_024232634.3	+	2	44407031	44407107	76	1
NC_072001.2	44409455	44410133	-1	1	-	NC_072001.2	44409801	44409891	44409456	44409701	LTK	XM_054532607.1	-	1	44409701	44409801	100	1
NC_072001.2	44416578	44417061	-3	1	-	NC_072001.2	44416863	44417019	44416605	44416787	LTK	XM_054532607.1	-	3	44416787	44416863	76	1
NC_072001.2	44428598	44429498	-1	1	-	NC_072001.2	44429244	44429445	44428720	44428829	RPAP1	NM_001133997.2	-	1	44428829	44429244	415	6
NC_072001.2	44749061	44749742	3	1	+	NC_072001.2	44749139	44749284	44749399	44749593	MAPKBP1	XM_002825335.4	+	3	44749284	44749399	115	2
NC_072001.2	44763201	44763837	1	1	+	NC_072001.2	44763326	44763421	44763665	44763741	JMJD7	NM_001204225.3	+	1	44763421	44763665	244	1
NC_072001.2	44782447	44783218	-2	1	-	NC_072001.2	44782785	44782981	44782460	44782664	SPTBN5	XM_009249756.3	-	2	44782664	44782785	121	1
NC_072001.2	44785933	44786452	-2	1	-	NC_072001.2	44786297	44786387	44786009	44786155	SPTBN5	XM_009249756.3	-	2	44786155	44786297	142	1
NC_072001.2	44809251	44809959	-3	1	-	NC_072001.2	44809759	44809959	44809417	44809626	SPTBN5	XM_009249756.3	-	3	44809626	44809759	133	1
NC_072001.2	45002566	45003199	-2	1	-	NC_072001.2	45003055	45003162	45002734	45002928	PLA2G4D	XM_024232772.2	-	2	45002928	45003055	127	1
NC_072001.2	45085866	45086454	-3	1	-	NC_072001.2	45086251	45086387	45086017	45086145	PLA2G4F	XM_002825342.4	-	3	45086145	45086251	106	1
NC_072001.2	45669668	45670055	-1	1	-	NC_072001.2	45669867	45670000	45669670	45669773	CDAN1	XM_024232508.3	-	1	45669773	45669867	94	7
NC_072001.2	45676157	45676757	-1	1	-	NC_072001.2	45676528	45676731	45676163	45676332	CDAN1	XM_024232508.3	-	1	45676332	45676528	196	2
NC_072001.2	45676157	45676757	-1	1	-	NC_072001.2	45676528	45676734	45676163	45676332	CDAN1	XM_024232509.3	-	1	45676332	45676528	196	4
NC_072001.2	46075278	46075791	1	1	+	NC_072001.2	46075394	46075518	46075747	46075790	TMEM62	XM_024232398.3	+	1	46075518	46075747	229	2
NC_072001.2	46107935	46108523	3	1	+	NC_072001.2	46108026	46108134	46108324	46108383	CCNDBP1	NM_001131130.2	+	3	46108134	46108324	190	1
NC_072001.2	46183323	46184286	-3	1	-	NC_072001.2	46183857	46184036	46183506	46183751	TGM5	XM_002825368.5	-	3	46183751	46183857	106	1
NC_072001.2	46440679	46449346	2	1	+	NC_072001.2	46440680	46448858	46449000	46449220	MAP1A	XM_002825374.6	+	2	46448858	46449000	142	1
NC_072001.2	46440679	46449346	2	1	+	NC_072001.2	46440830	46448858	46449000	46449220	MAP1A	XM_024232534.3	+	2	46448858	46449000	142	1
NC_072001.2	46609869	46610256	1	1	+	NC_072001.2	46609894	46609979	46610094	46610217	LOC100435206	XM_002825384.6	+	1	46609979	46610094	115	3
NC_072001.2	48005014	48005590	-2	1	-	NC_072001.2	48005302	48005527	48005121	48005214	DUOX2	XM_024232482.2	-	2	48005214	48005302	88	2
NC_072001.2	48011976	48013257	-3	1	-	NC_072001.2	48012537	48012738	48012265	48012431	DUOX2	XM_024232482.2	-	3	48012431	48012537	106	2
NC_072001.2	48036162	48037344	1	1	+	NC_072001.2	48036586	48036787	48036890	48037056	DUOX1	XM_024232805.2	+	1	48036787	48036890	103	1
NC_072001.2	51052043	51052382	3	1	+	NC_072001.2	51052066	51052149	51052243	51052346	SLC24A5	XM_024232515.2	+	3	51052149	51052243	94	1
NC_072001.2	69456570	69457068	1	1	+	NC_072001.2	69456597	69456751	69456848	69457026	DIS3L	NM_001133251.2	+	1	69456751	69456848	97	1
NC_072001.2	75520174	75521023	-2	1	-	NC_072001.2	75520555	75520687	75520318	75520467	CELF6	XM_024232484.3	-	2	75520467	75520555	88	12
NC_072001.2	75520174	75521023	-2	1	-	NC_072001.2	75520555	75520687	75520318	75520464	CELF6	XM_024232486.3	-	2	75520464	75520555	91	3
NC_072001.2	76558113	76559991	-3	1	-	NC_072001.2	76559718	76559882	76558114	76559579	HCN4	XM_024232616.3	-	3	76559579	76559718	139	1
NC_072001.2	77671448	77672210	-1	1	-	NC_072001.2	77671956	77672048	77671673	77671757	SEMA7A	XM_002825657.5	-	1	77671757	77671956	199	1
NC_072001.2	77837963	77838989	3	1	+	NC_072001.2	77838170	77838453	77838580	77838834	ARID3B	XM_009250020.4	+	3	77838453	77838580	127	2
NC_072001.2	78582492	78583167	-3	1	-	NC_072001.2	78582990	78583069	78582685	78582764	MAN2C1	NM_001133946.1	-	3	78582764	78582990	226	8
NC_072001.2	78582492	78583167	-3	1	-	NC_072001.2	78582685	78582764	78582494	78582603	MAN2C1	NM_001133946.1	-	3	78582603	78582685	82	8
NC_072001.2	78582492	78583167	-3	1	-	NC_072001.2	78582990	78583069	78582685	78582833	MAN2C1	XM_024232200.3	-	3	78582833	78582990	157	5
NC_072001.2	78582492	78583167	-3	1	-	NC_072001.2	78582685	78582833	78582494	78582603	MAN2C1	XM_024232200.3	-	3	78582603	78582685	82	5
NC_072001.2	78582492	78583167	-3	1	-	NC_072001.2	78582990	78583069	78582685	78582890	MAN2C1	XM_054531215.2	-	3	78582890	78582990	100	8
NC_072001.2	78582492	78583167	-3	1	-	NC_072001.2	78582685	78582890	78582494	78582603	MAN2C1	XM_054531215.2	-	3	78582603	78582685	82	8
NC_072001.2	78995224	78995494	2	1	+	NC_072001.2	78995225	78995275	78995372	78995453	LOC129050518	XM_054532942.2	+	2	78995275	78995372	97	4
NC_072001.2	81294539	81294839	-1	1	-	NC_072001.2	81294649	81294757	81294540	81294564	LOC100451733	XM_054531673.2	-	1	81294564	81294649	85	1
NC_072001.2	81656661	81657093	1	1	+	NC_072001.2	81656681	81656781	81656881	81657093	DNAJA4	XM_002825716.4	+	1	81656781	81656881	100	1
NC_072001.2	82158428	82159274	-1	1	-	NC_072001.2	82159071	82159154	82158610	82158734	ADAMTS7	XM_024232755.3	-	1	82158734	82159071	337	4
NC_072001.2	87381805	87382747	2	1	+	NC_072001.2	87381863	87382045	87382127	87382410	AP3B2	XM_024232511.3	+	2	87382045	87382127	82	4
NC_072001.2	87398941	87399394	2	1	+	NC_072001.2	87398965	87399139	87399320	87399380	AP3B2	XM_024232511.3	+	2	87399139	87399320	181	4
NC_072001.2	87843980	87844379	-1	1	-	NC_072001.2	87844184	87844282	87843982	87844093	SLC28A1	XM_024232293.2	-	1	87844093	87844184	91	2
NC_072001.2	87852913	87853669	-2	1	-	NC_072001.2	87853430	87853598	87853106	87853303	SLC28A1	XM_024232293.2	-	2	87853303	87853430	127	2
NC_072001.2	92403827	92404580	-1	1	-	NC_072001.2	92404221	92404341	92403927	92404013	POLG	XM_024232414.3	-	1	92404013	92404221	208	2
NC_072001.2	92716943	92717780	-1	1	-	NC_072001.2	92717537	92717735	92717096	92717242	KIF7	XM_024232632.3	-	1	92717242	92717537	295	7
NC_072001.2	93311804	93312878	3	1	+	NC_072001.2	93312318	93312528	93312631	93312746	SEMA4B	XM_009250150.4	+	3	93312528	93312631	103	3
NC_072001.2	94035873	94036416	1	1	+	NC_072001.2	94035985	94035990	94036201	94036362	UNC45A	NM_001133911.1	+	1	94035990	94036201	211	1
NC_072001.2	94056377	94056884	3	1	+	NC_072001.2	94056446	94056563	94056672	94056827	UNC45A	NM_001133911.1	+	3	94056563	94056672	109	1
NC_072002.2	60535542	60535968	-1	1	-	NC_072002.2	60535763	60535913	60535543	60535621	ATP5F1A	NM_001133374.1	-	1	60535621	60535763	142	1
NC_072002.2	61413806	61415999	-2	1	-	NC_072002.2	61413998	61415519	61413807	61413922	LOC134760334	XM_063717004.1	-	2	61413922	61413998	76	1
NC_072002.2	61425588	61427781	-1	1	-	NC_072002.2	61425780	61427301	61425589	61425704	LOC134760335	XM_063717005.1	-	1	61425704	61425780	76	1
NC_072002.2	61431479	61433672	-2	1	-	NC_072002.2	61431671	61433192	61431480	61431595	LOC134760336	XM_063717006.1	-	2	61431595	61431671	76	1
NC_072002.2	61437370	61439563	-3	1	-	NC_072002.2	61437562	61439083	61437371	61437486	LOC134760337	XM_063717007.1	-	3	61437486	61437562	76	1
NC_072002.2	61443259	61445452	-3	1	-	NC_072002.2	61443451	61444972	61443260	61443375	LOC129051568	XM_063717008.1	-	3	61443375	61443451	76	1
NC_072002.2	61449147	61451340	-1	1	-	NC_072002.2	61449339	61450860	61449148	61449263	LOC129051569	XM_063717009.1	-	1	61449263	61449339	76	1
NC_072002.2	61455035	61457228	-2	1	-	NC_072002.2	61455227	61456748	61455036	61455151	LOC129051581	XM_063717010.1	-	2	61455151	61455227	76	1
NC_072002.2	61460924	61463117	-2	1	-	NC_072002.2	61461116	61462637	61460925	61461040	LOC134760338	XM_063717011.1	-	2	61461040	61461116	76	1
NC_072002.2	61466813	61469006	-2	1	-	NC_072002.2	61467005	61468526	61466814	61466929	LOC134760339	XM_063717012.1	-	2	61466929	61467005	76	1
NC_072002.2	61519789	61521982	-3	1	-	NC_072002.2	61519981	61521502	61519790	61519905	LOC129051573	XM_063717014.1	-	3	61519905	61519981	76	1
NC_072002.2	61537451	61539644	-2	1	-	NC_072002.2	61537643	61539164	61537452	61537567	LOC129051584	XM_063717015.1	-	2	61537567	61537643	76	1
NC_072002.2	61555104	61557297	-1	1	-	NC_072002.2	61555296	61556817	61555105	61555220	LOC129051561	XM_063717016.1	-	1	61555220	61555296	76	1
NC_072002.2	61560994	61563187	-3	1	-	NC_072002.2	61561186	61562707	61560995	61561110	LOC134760341	XM_063717017.1	-	3	61561110	61561186	76	1
NC_072002.2	61566880	61569073	-3	1	-	NC_072002.2	61567072	61568593	61566881	61566996	LOC134760342	XM_063717018.1	-	3	61566996	61567072	76	1
NC_072002.2	61578659	61580852	-2	1	-	NC_072002.2	61578851	61580372	61578660	61578775	LOC129051586	XM_054537876.2	-	2	61578775	61578851	76	1
NC_072002.2	61584550	61586743	-3	1	-	NC_072002.2	61584742	61586263	61584551	61584666	LOC129051575	XM_063717019.1	-	3	61584666	61584742	76	1
NC_072002.2	61625792	61627985	-2	1	-	NC_072002.2	61625971	61627505	61625793	61625895	LOC129051577	XM_063717020.1	-	2	61625895	61625971	76	1
NC_072002.2	61643468	61645661	-2	1	-	NC_072002.2	61643647	61645181	61643469	61643571	LOC134760343	XM_063717021.1	-	2	61643571	61643647	76	1
NC_072002.2	61672903	61675096	-3	1	-	NC_072002.2	61673095	61674616	61672904	61673019	LOC134760347	XM_063717025.1	-	3	61673019	61673095	76	1
NC_072002.2	61696463	61698656	-2	1	-	NC_072002.2	61696642	61698176	61696464	61696566	LOC134760349	XM_063717027.1	-	2	61696566	61696642	76	1
NC_072002.2	61708232	61710425	-2	1	-	NC_072002.2	61708424	61709945	61708233	61708348	LOC134760350	XM_063717028.1	-	2	61708348	61708424	76	1
NC_072002.2	61714120	61716313	-3	1	-	NC_072002.2	61714312	61715833	61714121	61714236	LOC129051574	XM_063717029.1	-	3	61714236	61714312	76	1
NC_072002.2	61720014	61722210	-1	1	-	NC_072002.2	61720209	61721730	61720015	61720130	LOC134760351	XM_063717030.1	-	1	61720130	61720209	79	1
NC_072002.2	61725910	61728103	-3	1	-	NC_072002.2	61726102	61727623	61725911	61726026	LOC134760352	XM_063717031.1	-	3	61726026	61726102	76	1
NC_072002.2	61737691	61739884	-3	1	-	NC_072002.2	61737883	61739404	61737692	61737807	LOC134760353	XM_063717032.1	-	3	61737807	61737883	76	1
NC_072002.2	61743582	61745775	-1	1	-	NC_072002.2	61743774	61745295	61743583	61743698	LOC129051576	XM_063717033.1	-	1	61743698	61743774	76	1
NC_072002.2	61767147	61769343	-1	1	-	NC_072002.2	61767329	61768863	61767148	61767250	LOC134760354	XM_063717034.1	-	1	61767250	61767329	79	1
NC_072002.2	65042572	65043124	-3	1	-	NC_072002.2	65042998	65043080	65042714	65042754	MBD1	XM_024235868.3	-	3	65042754	65042998	244	50
NC_072002.2	65049002	65049761	-2	1	-	NC_072002.2	65049552	65049648	65049141	65049293	CXXC1	XM_024236066.2	-	2	65049293	65049552	259	5
NC_072002.2	65049977	65050622	-2	1	-	NC_072002.2	65050182	65050389	65049993	65050103	CXXC1	XM_024236066.2	-	2	65050103	65050182	79	5
NC_072002.2	72543802	72544087	-3	1	-	NC_072002.2	72543980	72544052	72543804	72543874	ATP8B1	XM_024235976.3	-	3	72543874	72543980	106	8
NC_072002.2	74751338	74751881	3	1	+	NC_072002.2	74751492	74751559	74751743	74751880	PMAIP1	XM_054538034.2	+	3	74751559	74751743	184	1
NC_072003.2	11154081	11154582	-3	1	-	NC_072003.2	11154364	11154532	11154087	11154240	GRIN2A	XM_054533449.1	-	3	11154240	11154364	124	2
NC_072003.2	12213481	12214177	2	1	+	NC_072003.2	12213501	12213647	12213888	12213983	CIITA	XM_009250460.4	+	2	12213647	12213888	241	3
NC_072003.2	126657	127335	-3	1	-	NC_072003.2	127180	127255	127010	127110	RHBDF1	XM_054533240.2	-	3	127110	127180	70	3
NC_072003.2	126657	127335	-3	1	-	NC_072003.2	127010	127110	126733	126886	RHBDF1	XM_054533240.2	-	3	126886	127010	124	3
NC_072003.2	12749508	12749847	1	1	+	NC_072003.2	12749569	12749661	12749740	12749836	PDXDC1	XM_024233141.3	+	1	12749661	12749740	79	5
NC_072003.2	1291961	1292816	3	1	+	NC_072003.2	1292162	1292279	1292436	1292591	CACNA1H	XM_024234022.3	+	3	1292279	1292436	157	2
NC_072003.2	1295670	1296216	1	1	+	NC_072003.2	1295773	1295841	1295977	1296161	CACNA1H	XM_024234022.3	+	1	1295841	1295977	136	2
NC_072003.2	1296331	1296796	2	1	+	NC_072003.2	1296364	1296490	1296665	1296790	CACNA1H	XM_024234022.3	+	2	1296490	1296665	175	2
NC_072003.2	12996608	12997322	3	1	+	NC_072003.2	12996908	12997073	12997152	12997286	LOC112131381	XM_054534708.2	+	3	12997073	12997152	79	1
NC_072003.2	1299975	1300611	1	1	+	NC_072003.2	1300141	1300250	1300410	1300543	CACNA1H	XM_024234022.3	+	1	1300250	1300410	160	2
NC_072003.2	130503	131121	-3	1	-	NC_072003.2	130759	130968	130561	130683	RHBDF1	XM_054533240.2	-	3	130683	130759	76	3
NC_072003.2	1315484	1315910	-1	1	-	NC_072003.2	1315811	1315871	1315486	1315657	LOC100294628	NM_001159812.1	-	1	1315657	1315811	154	3
NC_072003.2	132407	132836	-1	1	-	NC_072003.2	132675	132815	132475	132605	RHBDF1	XM_054533240.2	-	1	132605	132675	70	1
NC_072003.2	132407	132836	-1	1	-	NC_072003.2	132675	132791	132475	132605	RHBDF1	XM_063717122.1	-	1	132605	132675	70	2
NC_072003.2	1332472	1332898	2	1	+	NC_072003.2	1332491	1332572	1332726	1332897	TPSD1	NM_001202501.3	+	2	1332572	1332726	154	1
NC_072003.2	1358734	1359271	-2	1	-	NC_072003.2	1359017	1359180	1358735	1358887	LOC100454376	XM_063717816.1	-	2	1358887	1359017	130	1
NC_072003.2	1373772	1374306	-3	1	-	NC_072003.2	1374043	1374203	1373773	1373940	LOC100456082	XM_024234059.2	-	3	1373940	1374043	103	1
NC_072003.2	1375175	1375733	-1	1	-	NC_072003.2	1375532	1375592	1375177	1375357	LOC100456082	XM_024234059.2	-	1	1375357	1375532	175	1
NC_072003.2	1442451	1442886	1	1	+	NC_072003.2	1442536	1442595	1442743	1442809	BAIAP3	XM_024233922.3	+	1	1442595	1442743	148	3
NC_072003.2	1444012	1444480	2	1	+	NC_072003.2	1444151	1444258	1444343	1444438	BAIAP3	XM_024233922.3	+	2	1444258	1444343	85	3
NC_072003.2	1446338	1446662	3	1	+	NC_072003.2	1446351	1446448	1446548	1446599	BAIAP3	XM_024233922.3	+	3	1446448	1446548	100	3
NC_072003.2	145330	146251	2	1	+	NC_072003.2	145409	145677	146002	146125	MPG	XM_002825900.5	+	2	145677	146002	325	1
NC_072003.2	1453970	1454189	3	1	+	NC_072003.2	1453995	1454046	1454131	1454188	GNPTG	XM_002825949.5	+	3	1454046	1454131	85	4
NC_072003.2	1463647	1464082	2	1	+	NC_072003.2	1463779	1463872	1463948	1464062	GNPTG	XM_002825949.5	+	2	1463872	1463948	76	4
NC_072003.2	1539906	1540488	-3	1	-	NC_072003.2	1540246	1540347	1540036	1540164	CCDC154	XM_024233499.3	-	3	1540164	1540246	82	6
NC_072003.2	1548612	1549281	-3	1	-	NC_072003.2	1548910	1548969	1548646	1548822	CLCN7	XM_024233500.3	-	3	1548822	1548910	88	2
NC_072003.2	1607119	1607692	2	1	+	NC_072003.2	1607236	1607324	1607502	1607593	TELO2	XM_002825956.3	+	2	1607324	1607502	178	13
NC_072003.2	1630867	1631662	-2	1	-	NC_072003.2	1631423	1631551	1631114	1631296	IFT140	XM_009250289.3	-	2	1631296	1631423	127	8
NC_072003.2	16868912	16869626	3	1	+	NC_072003.2	16869212	16869377	16869456	16869590	LOC129047196	XM_054534755.2	+	3	16869377	16869456	79	1
NC_072003.2	18226030	18226525	2	1	+	NC_072003.2	18226047	18226165	18226244	18226525	LOC129050976	XM_063717317.1	+	2	18226165	18226244	79	1
NC_072003.2	1870496	1871615	3	1	+	NC_072003.2	1870927	1871109	1871495	1871614	MAPK8IP3	XM_024233610.3	+	3	1871109	1871495	386	16
NC_072003.2	1872740	1873157	3	1	+	NC_072003.2	1872757	1872870	1873024	1873062	MAPK8IP3	XM_024233610.3	+	3	1872870	1873024	154	15
NC_072003.2	2077789	2078530	2	1	+	NC_072003.2	2077790	2077837	2077952	2078093	TBL3	XM_002825981.6	+	2	2077837	2077952	115	1
NC_072003.2	21291151	21291670	-2	1	-	NC_072003.2	21291532	21291670	21291338	21291447	SMG1	XM_024241381.3	-	2	21291447	21291532	85	7
NC_072003.2	2147648	2148098	-1	1	-	NC_072003.2	2147857	2147962	2147649	2147769	NTHL1	XM_002825987.3	-	1	2147769	2147857	88	3
NC_072003.2	2147648	2148098	-1	1	-	NC_072003.2	2147857	2147965	2147649	2147769	NTHL1	XM_063717499.1	-	1	2147769	2147857	88	3
NC_072003.2	2198771	2200232	-1	1	-	NC_072003.2	2199927	2200217	2199717	2199851	PKD1	XM_054534558.2	-	1	2199851	2199927	76	6
NC_072003.2	2198771	2200232	-1	1	-	NC_072003.2	2199717	2199851	2199327	2199632	PKD1	XM_054534558.2	-	1	2199632	2199717	85	6
NC_072003.2	2198771	2200232	-1	1	-	NC_072003.2	2199327	2199632	2198772	2199236	PKD1	XM_054534558.2	-	1	2199236	2199327	91	6
NC_072003.2	2203002	2203548	-3	1	-	NC_072003.2	2203312	2203514	2203045	2203239	PKD1	XM_054534558.2	-	3	2203239	2203312	73	8
NC_072003.2	2210182	2210932	-2	1	-	NC_072003.2	2210728	2210898	2210193	2210403	PKD1	XM_054534558.2	-	2	2210403	2210728	325	9
NC_072003.2	2212250	2213132	-1	1	-	NC_072003.2	2212704	2212956	2212385	2212580	PKD1	XM_054534558.2	-	1	2212580	2212704	124	9
NC_072003.2	2213523	2214978	-3	1	-	NC_072003.2	2214771	2214915	2213589	2214209	PKD1	XM_054534558.2	-	3	2214209	2214771	562	9
NC_072003.2	2221306	2225485	-2	1	-	NC_072003.2	2221751	2225370	2221382	2221531	PKD1	XM_054534558.2	-	2	2221531	2221751	220	9
NC_072003.2	2229440	2230244	-1	1	-	NC_072003.2	2230023	2230138	2229488	2229614	PKD1	XM_054534558.2	-	1	2229614	2230023	409	8
NC_072003.2	2282132	2283116	3	1	+	NC_072003.2	2282244	2282336	2282553	2282586	TRAF7	XM_024233786.3	+	3	2282336	2282553	217	5
NC_072003.2	2287036	2287456	2	1	+	NC_072003.2	2287061	2287192	2287277	2287396	TRAF7	XM_024233786.3	+	2	2287192	2287277	85	5
NC_072003.2	2290457	2292962	-1	1	-	NC_072003.2	2292824	2292962	2290556	2292562	CASKIN1	XM_024233785.2	-	1	2292562	2292824	262	2
NC_072003.2	2295777	2296350	-3	1	-	NC_072003.2	2296159	2296247	2295999	2296083	CASKIN1	XM_024233785.2	-	3	2296083	2296159	76	2
NC_072003.2	2300405	2301404	-1	1	-	NC_072003.2	2301176	2301273	2300481	2300626	CASKIN1	XM_024233785.2	-	1	2300626	2301176	550	2
NC_072003.2	2345524	2346748	2	1	+	NC_072003.2	2345924	2346012	2346262	2346373	DNASE1L2	XM_024233989.2	+	2	2346012	2346262	250	1
NC_072003.2	237207	237774	1	1	+	NC_072003.2	237342	237546	237649	237774	HBM	XM_003778523.2	+	1	237546	237649	103	1
NC_072003.2	2389949	2390561	-1	1	-	NC_072003.2	2390334	2390462	2389980	2390174	ABCA3	XM_024233883.3	-	1	2390174	2390334	160	4
NC_072003.2	2406132	2407026	-3	1	-	NC_072003.2	2406655	2406809	2406280	2406435	ABCA3	XM_024233883.3	-	3	2406435	2406655	220	4
NC_072003.2	24231517	24232231	-2	1	-	NC_072003.2	24231767	24231932	24231554	24231688	LOC129050720	XM_054533625.1	-	2	24231688	24231767	79	1
NC_072003.2	2435076	2435595	-3	1	-	NC_072003.2	2435512	2435565	2435109	2435373	ABCA3	XM_024233883.3	-	3	2435373	2435512	139	2
NC_072003.2	2599244	2600123	3	1	+	NC_072003.2	2599481	2599571	2599746	2599857	TEDC2	XM_002826006.6	+	3	2599571	2599746	175	4
NC_072003.2	2599244	2600123	3	1	+	NC_072003.2	2599412	2599571	2599746	2599857	TEDC2	XM_054534598.2	+	3	2599571	2599746	175	3
NC_072003.2	2609315	2610560	3	1	+	NC_072003.2	2609334	2610261	2610334	2610522	NTN3	XM_002826007.4	+	3	2610261	2610334	73	1
NC_072003.2	26623977	26624544	-3	1	-	NC_072003.2	26624221	26624374	26623979	26624109	EARS2	XM_024233282.3	-	3	26624109	26624221	112	3
NC_072003.2	2665400	2665970	3	1	+	NC_072003.2	2665471	2665559	2665647	2665791	AMDHD2	XM_024233457.3	+	3	2665559	2665647	88	5
NC_072003.2	27658067	27658400	3	1	+	NC_072003.2	27658094	27658190	27658317	27658395	RBBP6	XM_024233466.3	+	3	27658190	27658317	127	2
NC_072003.2	2908748	2909432	3	1	+	NC_072003.2	2908783	2908943	2909160	2909432	LOC100460091	XM_054534617.1	+	3	2908943	2909160	217	8
NC_072003.2	2933972	2935013	-1	1	-	NC_072003.2	2934608	2934671	2934485	2934511	PRSS21	XM_024233707.2	-	1	2934511	2934608	97	2
NC_072003.2	2933972	2935013	-1	1	-	NC_072003.2	2934485	2934511	2933974	2934139	PRSS21	XM_024233707.2	-	1	2934139	2934485	346	2
NC_072003.2	2951412	2951934	-3	1	-	NC_072003.2	2951640	2951703	2951418	2951441	PRSS41	XM_054534626.1	-	3	2951441	2951640	199	1
NC_072003.2	2979527	2980010	-1	1	-	NC_072003.2	2979676	2979789	2979528	2979534	SRRM2	XM_009250357.4	-	1	2979534	2979676	142	1
NC_072003.2	2979527	2980010	-1	1	-	NC_072003.2	2979676	2979786	2979528	2979534	SRRM2	XM_063717520.1	-	1	2979534	2979676	142	1
NC_072003.2	3132532	3133582	-2	1	-	NC_072003.2	3133366	3133472	3133061	3133233	PKMYT1	XM_002826028.6	-	2	3133233	3133366	133	3
NC_072003.2	3132532	3133582	-2	1	-	NC_072003.2	3133061	3133233	3132816	3132973	PKMYT1	XM_002826028.6	-	2	3132973	3133061	88	3
NC_072003.2	3151997	3152897	3	1	+	NC_072003.2	3152224	3152259	3152626	3152655	GREP1	XM_054534645.1	+	3	3152259	3152626	367	1
NC_072003.2	3151997	3152897	3	1	+	NC_072003.2	3152626	3152655	3152752	3152784	GREP1	XM_054534645.1	+	3	3152655	3152752	97	1
NC_072003.2	31533476	31533698	-1	1	-	NC_072003.2	31533623	31533652	31533478	31533535	LAT	XM_003778589.5	-	1	31533535	31533623	88	1
NC_072003.2	3154519	3154720	2	1	+	NC_072003.2	3154539	3154568	3154647	3154679	GREP1	XM_054534645.1	+	2	3154568	3154647	79	1
NC_072003.2	3155367	3155796	1	1	+	NC_072003.2	3155459	3155500	3155585	3155617	GREP1	XM_054534645.1	+	1	3155500	3155585	85	1
NC_072003.2	3155367	3155796	1	1	+	NC_072003.2	3155585	3155617	3155699	3155752	GREP1	XM_054534645.1	+	1	3155617	3155699	82	1
NC_072003.2	31558505	31558958	-1	1	-	NC_072003.2	31558814	31558958	31558575	31558684	NFATC2IP	XM_002826272.4	-	1	31558684	31558814	130	2
NC_072003.2	3156237	3156633	1	1	+	NC_072003.2	3156359	3156394	3156536	3156568	GREP1	XM_054534645.1	+	1	3156394	3156536	142	1
NC_072003.2	3158195	3158945	3	1	+	NC_072003.2	3158344	3158373	3158698	3158829	GREP1	XM_054534645.1	+	3	3158373	3158698	325	1
NC_072003.2	31681422	31682070	-3	1	-	NC_072003.2	31681899	31681971	31681621	31681808	ATXN2L	XM_002826274.5	-	3	31681808	31681899	91	41
NC_072003.2	31800691	31804003	2	1	+	NC_072003.2	31800692	31803649	31803734	31804002	APOBR	XM_002826282.6	+	2	31803649	31803734	85	1
NC_072003.2	31809296	31809827	-1	1	-	NC_072003.2	31809516	31809712	31809333	31809431	IL27	XM_063717320.1	-	1	31809431	31809516	85	1
NC_072003.2	3181333	3181621	2	1	+	NC_072003.2	3181353	3181487	3181569	3181621	TNFRSF12A	XM_002826034.4	+	2	3181487	3181569	82	1
NC_072003.2	31912360	31912822	-2	1	-	NC_072003.2	31912597	31912722	31912412	31912509	LOC100459213	XM_009250601.4	-	2	31912509	31912597	88	3
NC_072003.2	31961150	31961546	-1	1	-	NC_072003.2	31961424	31961546	31961198	31961327	CORO1A	XM_024234038.3	-	1	31961327	31961424	97	1
NC_072003.2	32034267	32034735	1	1	+	NC_072003.2	32034362	32034480	32034565	32034654	GDPD3	XM_002826298.4	+	1	32034480	32034565	85	1
NC_072003.2	32137047	32137638	1	1	+	NC_072003.2	32137247	32137326	32137528	32137602	DOC2A	XM_054533782.2	+	1	32137326	32137528	202	4
NC_072003.2	32139415	32140309	2	1	+	NC_072003.2	32139505	32139631	32140126	32140207	DOC2A	XM_054533782.2	+	2	32139631	32140126	495	4
NC_072003.2	32155264	32156095	-2	1	-	NC_072003.2	32155865	32156047	32155265	32155783	TAOK2	XM_009250618.4	-	2	32155783	32155865	82	1
NC_072003.2	3215724	3216258	1	1	+	NC_072003.2	3215897	3216073	3216173	3216257	MMP25	XM_024233832.3	+	1	3216073	3216173	100	1
NC_072003.2	32318969	32319320	-1	1	-	NC_072003.2	32319197	32319320	32318987	32319118	MVP	NM_001132424.1	-	1	32319118	32319197	79	3
NC_072003.2	32346041	32347109	-1	1	-	NC_072003.2	32347044	32347079	32346318	32346404	MAZ	XM_024233455.3	-	1	32346404	32347044	640	2
NC_072003.2	3243577	3243910	2	1	+	NC_072003.2	3243599	3243637	3243776	3243835	LOC100460404	XM_024233839.3	+	2	3243637	3243776	139	9
NC_072003.2	3249645	3250422	-3	1	-	NC_072003.2	3250167	3250406	3249646	3249891	LOC112129443	XM_063717443.1	-	3	3249891	3250167	276	1
NC_072003.2	32552252	32552765	-1	1	-	NC_072003.2	32552565	32552679	32552376	32552441	TBC1D10B	XM_002826330.6	-	1	32552441	32552565	124	1
NC_072003.2	32570455	32570764	2	1	+	NC_072003.2	32570521	32570569	32570663	32570764	MYL11	XM_024233968.3	+	2	32570569	32570663	94	2
NC_072003.2	32800472	32801279	-1	1	-	NC_072003.2	32800793	32800997	32800481	32800594	ZNF689	XM_002826345.4	-	1	32800594	32800793	199	1
NC_072003.2	32888088	32888895	-3	1	-	NC_072003.2	32888557	32888851	32888131	32888313	LOC100458004	XM_054534410.1	-	3	32888313	32888557	244	1
NC_072003.2	32901447	32902149	1	1	+	NC_072003.2	32901527	32901700	32901791	32902113	SRCAP	XM_024233827.3	+	1	32901700	32901791	91	7
NC_072003.2	32949216	32949669	-3	1	-	NC_072003.2	32949547	32949617	32949235	32949351	CFAP119	NM_001205008.1	-	3	32949351	32949547	196	4
NC_072003.2	33191743	33192313	2	1	+	NC_072003.2	33191773	33191872	33192008	33192170	HSD3B7	XM_002826357.5	+	2	33191872	33192008	136	4
NC_072003.2	33332486	33333428	3	1	+	NC_072003.2	33332487	33332627	33332736	33332829	KAT8	XM_002826372.5	+	3	33332627	33332736	109	2
NC_072003.2	33332486	33333428	3	1	+	NC_072003.2	33332736	33332829	33333215	33333369	KAT8	XM_002826372.5	+	3	33332829	33333215	386	2
NC_072003.2	33598855	33599137	2	1	+	NC_072003.2	33598856	33598972	33599057	33599136	ITGAX	XM_024233562.3	+	2	33598972	33599057	85	1
NC_072003.2	33604058	33604544	3	1	+	NC_072003.2	33604206	33604313	33604431	33604514	ITGAX	XM_024233562.3	+	3	33604313	33604431	118	1
NC_072003.2	33642060	33642543	1	1	+	NC_072003.2	33642220	33642299	33642399	33642482	ITGAD	XM_024233563.2	+	1	33642299	33642399	100	2
NC_072003.2	33647230	33647662	2	1	+	NC_072003.2	33647300	33647407	33647519	33647596	ITGAD	XM_024233563.2	+	2	33647407	33647519	112	2
NC_072003.2	33700986	33701664	1	1	+	NC_072003.2	33701008	33701089	33701381	33701529	TGFB1I1	XM_002834028.6	+	1	33701089	33701381	292	3
NC_072003.2	33714562	33715120	2	1	+	NC_072003.2	33714692	33714818	33714897	33715120	SLC5A2	XM_054533033.2	+	2	33714818	33714897	79	1
NC_072003.2	3433110	3433872	-3	1	-	NC_072003.2	3433827	3433859	3433111	3433661	MEFV	XM_003778553.4	-	3	3433661	3433827	166	1
NC_072003.2	353387	354005	-1	1	-	NC_072003.2	353891	353941	353589	353695	RGS11	XM_024233303.3	-	1	353695	353891	196	2
NC_072003.2	364985	365510	3	1	+	NC_072003.2	365062	365243	365343	365453	PDIA2	NM_001131813.1	+	3	365243	365343	100	2
NC_072003.2	457599	458235	-3	1	-	NC_072003.2	457996	458174	457780	457926	PGAP6	XM_002825914.5	-	3	457926	457996	70	5
NC_072003.2	457599	458235	-3	1	-	NC_072003.2	457996	458174	457780	457905	PGAP6	XM_054533257.2	-	3	457905	457996	91	1
NC_072003.2	4814519	4815605	-1	1	-	NC_072003.2	4815378	4815440	4814520	4814867	UBALD1	XM_002826081.5	-	1	4814867	4815378	511	1
NC_072003.2	4985478	4986330	-3	1	-	NC_072003.2	4985773	4985890	4985587	4985682	SEPTIN12	XM_024233894.3	-	3	4985682	4985773	91	6
NC_072003.2	4995111	4995651	1	1	+	NC_072003.2	4995157	4995280	4995371	4995651	SMIM22	XM_009250438.3	+	1	4995280	4995371	91	4
NC_072003.2	4995111	4995651	1	1	+	NC_072003.2	4995157	4995280	4995371	4995471	SMIM22	XM_009250439.3	+	1	4995280	4995371	91	3
NC_072003.2	4995111	4995651	1	1	+	NC_072003.2	4995371	4995471	4995613	4995651	SMIM22	XM_009250439.3	+	1	4995471	4995613	142	3
NC_072003.2	4995111	4995651	1	1	+	NC_072003.2	4995157	4995280	4995371	4995456	SMIM22	XM_054533418.2	+	1	4995280	4995371	91	3
NC_072003.2	4995111	4995651	1	1	+	NC_072003.2	4995371	4995456	4995613	4995651	SMIM22	XM_054533418.2	+	1	4995456	4995613	157	3
NC_072003.2	5098783	5099251	-2	1	-	NC_072003.2	5099006	5099167	5098796	5098903	PPL	XM_024233896.3	-	2	5098903	5099006	103	1
NC_072003.2	5199423	5199819	1	1	+	NC_072003.2	5199518	5199606	5199718	5199788	SEC14L5	XM_054533421.2	+	1	5199606	5199718	112	2
NC_072003.2	55858896	55859610	1	1	+	NC_072003.2	55858915	55858942	55859522	55859610	MT2A	NM_001133593.2	+	1	55858942	55859522	580	1
NC_072003.2	56739223	56740252	-2	1	-	NC_072003.2	56739931	56740045	56739535	56739654	DOK4	NM_001132343.1	-	2	56739654	56739931	277	11
NC_072003.2	56739223	56740252	-2	1	-	NC_072003.2	56739535	56739654	56739225	56739414	DOK4	NM_001132343.1	-	2	56739414	56739535	121	11
NC_072003.2	57020446	57021028	2	1	+	NC_072003.2	57020485	57020556	57020734	57020884	KATNB1	XM_024233862.3	+	2	57020556	57020734	178	12
NC_072003.2	57020877	57021510	1	1	+	NC_072003.2	57021028	57021218	57021339	57021469	KATNB1	XM_024233862.3	+	1	57021218	57021339	121	12
NC_072003.2	57039414	57040158	-3	1	-	NC_072003.2	57039847	57039990	57039502	57039741	KIFC3	NM_001133269.1	-	3	57039741	57039847	106	1
NC_072003.2	602601	603654	1	1	+	NC_072003.2	602761	602916	603100	603240	RAB11FIP3	XM_002825916.6	+	1	602916	603100	184	2
NC_072003.2	636223	636907	2	1	+	NC_072003.2	636482	636660	636901	636907	CAPN15	XM_054533267.2	+	2	636660	636901	241	1
NC_072003.2	662010	662736	1	1	+	NC_072003.2	662126	662279	662436	662547	PIGQ	XM_054533271.2	+	1	662279	662436	157	11
NC_072003.2	66481154	66481817	3	1	+	NC_072003.2	66481304	66481343	66481524	66481657	CES4A	XM_054534422.1	+	3	66481343	66481524	181	1
NC_072003.2	665029	665920	2	1	+	NC_072003.2	665286	665347	665759	665801	PIGQ	XM_054533271.2	+	2	665347	665759	412	3
NC_072003.2	66614879	66615443	3	1	+	NC_072003.2	66614900	66614979	66615271	66615365	PHAF1	XM_002826524.6	+	3	66614979	66615271	292	5
NC_072003.2	66648102	66648765	1	1	+	NC_072003.2	66648278	66648405	66648505	66648629	HSF4	XM_002826521.5	+	1	66648405	66648505	100	3
NC_072003.2	66651328	66651682	2	1	+	NC_072003.2	66651373	66651478	66651578	66651643	HSF4	XM_002826521.5	+	2	66651478	66651578	100	3
NC_072003.2	66667101	66667602	-3	1	-	NC_072003.2	66667391	66667515	66667102	66667309	EXOC3L1	XM_009250815.4	-	3	66667309	66667391	82	1
NC_072003.2	66667801	66668218	-2	1	-	NC_072003.2	66668066	66668195	66667841	66667963	EXOC3L1	XM_009250815.4	-	2	66667963	66668066	103	1
NC_072003.2	66680491	66680860	2	1	+	NC_072003.2	66680604	66680648	66680748	66680860	E2F4	XM_002826529.4	+	2	66680648	66680748	100	1
NC_072003.2	66684677	66685124	3	1	+	NC_072003.2	66684702	66684803	66684900	66685008	ELMO3	XM_002826530.5	+	3	66684803	66684900	97	4
NC_072003.2	66685687	66686587	2	1	+	NC_072003.2	66686040	66686122	66686210	66686296	ELMO3	XM_002826530.5	+	2	66686122	66686210	88	2
NC_072003.2	66685687	66686587	2	1	+	NC_072003.2	66686210	66686296	66686378	66686587	ELMO3	XM_002826530.5	+	2	66686296	66686378	82	4
NC_072003.2	66685687	66686587	2	1	+	NC_072003.2	66685832	66686122	66686210	66686296	ELMO3	XM_063717664.1	+	2	66686122	66686210	88	2
NC_072003.2	66690992	66691496	-1	1	-	NC_072003.2	66691293	66691496	66691014	66691157	LOC100439294	XM_054534921.2	-	1	66691157	66691293	136	6
NC_072003.2	66712257	66712791	-3	1	-	NC_072003.2	66712536	66712698	66712263	66712460	FHOD1	XM_002826533.5	-	3	66712460	66712536	76	2
NC_072003.2	66763367	66763994	3	1	+	NC_072003.2	66763368	66763481	66763653	66763751	PLEKHG4	XM_024233888.3	+	3	66763481	66763653	172	18
NC_072003.2	66763367	66763994	3	1	+	NC_072003.2	66763653	66763751	66763845	66763993	PLEKHG4	XM_024233888.3	+	3	66763751	66763845	94	18
NC_072003.2	66763367	66763994	3	1	+	NC_072003.2	66763368	66763481	66763845	66763993	PLEKHG4	XM_054534941.2	+	3	66763481	66763845	364	2
NC_072003.2	66767918	66768566	3	1	+	NC_072003.2	66767919	66768008	66768090	66768311	PLEKHG4	XM_024233888.3	+	3	66768008	66768090	82	20
NC_072003.2	66768310	66768877	2	1	+	NC_072003.2	66768395	66768565	66768647	66768824	PLEKHG4	XM_024233888.3	+	2	66768565	66768647	82	20
NC_072003.2	66875764	66876466	-2	1	-	NC_072003.2	66876098	66876317	66875765	66875989	ZDHHC1	XM_054534952.2	-	2	66875989	66876098	109	2
NC_072003.2	66875764	66876466	-2	1	-	NC_072003.2	66876098	66876178	66875765	66875989	ZDHHC1	XM_054534957.2	-	2	66875989	66876098	109	2
NC_072003.2	66875764	66876466	-2	1	-	NC_072003.2	66876098	66876158	66875765	66875989	ZDHHC1	XM_054534962.2	-	2	66875989	66876098	109	3
NC_072003.2	66917132	66917729	3	1	+	NC_072003.2	66917167	66917352	66917458	66917595	HSD11B2	XM_024233232.3	+	3	66917352	66917458	106	1
NC_072003.2	66920057	66920621	-1	1	-	NC_072003.2	66920490	66920567	66920187	66920363	ATP6V0D1	NM_001133069.1	-	1	66920363	66920490	127	2
NC_072003.2	67023077	67023314	3	1	+	NC_072003.2	67023108	67023171	67023268	67023311	RIPOR1	XM_024233765.3	+	3	67023171	67023268	97	9
NC_072003.2	67024365	67026132	1	1	+	NC_072003.2	67024479	67024608	67024693	67026111	RIPOR1	XM_024233765.3	+	1	67024608	67024693	85	9
NC_072003.2	67132194	67132680	1	1	+	NC_072003.2	67132300	67132440	67132573	67132639	CARMIL2	XM_054534974.2	+	1	67132440	67132573	133	1
NC_072003.2	67143802	67144381	-2	1	-	NC_072003.2	67144082	67144381	67143803	67143964	ENKD1	XM_054534985.1	-	2	67143964	67144082	118	1
NC_072003.2	67370936	67371632	3	1	+	NC_072003.2	67371178	67371367	67371470	67371617	EDC4	XM_002826591.4	+	3	67371367	67371470	103	4
NC_072003.2	67372878	67373268	1	1	+	NC_072003.2	67372915	67373095	67373195	67373267	EDC4	XM_002826591.4	+	1	67373095	67373195	100	4
NC_072003.2	67373513	67373930	3	1	+	NC_072003.2	67373545	67373732	67373808	67373929	EDC4	XM_002826591.4	+	3	67373732	67373808	76	4
NC_072003.2	67374923	67375376	3	1	+	NC_072003.2	67375034	67375138	67375223	67375375	EDC4	XM_002826591.4	+	3	67375138	67375223	85	4
NC_072003.2	67375622	67376291	3	1	+	NC_072003.2	67375626	67375803	67375912	67376067	EDC4	XM_002826591.4	+	3	67375803	67375912	109	2
NC_072003.2	67375622	67376291	3	1	+	NC_072003.2	67375912	67376067	67376170	67376285	EDC4	XM_002826591.4	+	3	67376067	67376170	103	2
NC_072003.2	67375622	67376291	3	1	+	NC_072003.2	67375626	67376067	67376170	67376285	EDC4	XM_009250836.3	+	3	67376067	67376170	103	2
NC_072003.2	67376380	67376932	2	1	+	NC_072003.2	67376387	67376552	67376637	67376823	EDC4	XM_002826591.4	+	2	67376552	67376637	85	4
NC_072003.2	68644213	68644855	2	1	+	NC_072003.2	68644388	68644559	68644665	68644756	UTP4	NM_001132505.2	+	2	68644559	68644665	106	4
NC_072003.2	68811963	68812473	1	1	+	NC_072003.2	68812108	68812219	68812325	68812472	VPS4A	XM_002826584.5	+	1	68812219	68812325	106	1
NC_072003.2	68814711	68815026	1	1	+	NC_072003.2	68814732	68814793	68814899	68815018	VPS4A	XM_002826584.5	+	1	68814793	68814899	106	1
NC_072003.2	69171175	69171607	2	1	+	NC_072003.2	69171219	69171353	69171480	69171532	NFAT5	NM_001374188.1	+	2	69171353	69171480	127	6
NC_072003.2	69428650	69429391	2	1	+	NC_072003.2	69428737	69428812	69429095	69429166	WWP2	NM_001132777.1	+	2	69428812	69429095	283	3
NC_072003.2	71675000	71675654	-1	1	-	NC_072003.2	71675333	71675541	71675082	71675236	DHX38	NM_001133228.1	-	1	71675236	71675333	97	1
NC_072003.2	723972	724932	-3	1	-	NC_072003.2	724580	724776	724102	724264	METTL26	XM_002825923.5	-	3	724264	724580	316	6
NC_072003.2	723972	724932	-3	1	-	NC_072003.2	724580	724776	724008	724264	METTL26	XM_009250251.4	-	3	724264	724580	316	3
NC_072003.2	723972	724932	-3	1	-	NC_072003.2	724580	724776	723974	724264	METTL26	XM_054533285.2	-	3	724264	724580	316	2
NC_072003.2	740972	742085	3	1	+	NC_072003.2	740994	741170	741541	741711	WDR90	XM_024234020.2	+	3	741170	741541	371	13
NC_072003.2	74500609	74501401	-2	1	-	NC_072003.2	74501216	74501319	74500868	74500946	LOC100447221	XM_024233186.2	-	2	74500946	74501216	270	1
NC_072003.2	746469	747036	1	1	+	NC_072003.2	746562	746692	746762	746878	WDR90	XM_024234020.2	+	1	746692	746762	70	12
NC_072003.2	749861	750359	3	1	+	NC_072003.2	749862	749977	750211	750342	WDR90	XM_024234020.2	+	3	749977	750211	234	13
NC_072003.2	756695	757331	3	1	+	NC_072003.2	756720	756894	756991	757121	WDR90	XM_024234020.2	+	3	756894	756991	97	13
NC_072003.2	762333	762711	1	1	+	NC_072003.2	762405	762489	762568	762710	RHOT2	NM_001159816.2	+	1	762489	762568	79	10
NC_072003.2	763391	764093	3	1	+	NC_072003.2	763410	763532	763635	763837	RHOT2	NM_001159816.2	+	3	763532	763635	103	9
NC_072003.2	763391	764093	3	1	+	NC_072003.2	763410	763532	763635	764093	RHOT2	XM_063717110.1	+	3	763532	763635	103	1
NC_072003.2	76594285	76594840	2	1	+	NC_072003.2	76594486	76594558	76594769	76594840	SYCE1L	XM_024233628.3	+	2	76594558	76594769	211	3
NC_072003.2	76594285	76594840	2	1	+	NC_072003.2	76594486	76594558	76594664	76594840	SYCE1L	XM_054534169.1	+	2	76594558	76594664	106	1
NC_072003.2	766922	767690	3	1	+	NC_072003.2	766992	767153	767322	767546	RHBDL1	XM_024233321.3	+	3	767153	767322	169	3
NC_072003.2	773817	774201	-3	1	-	NC_072003.2	774009	774128	773854	773921	JMJD8	XM_002825928.5	-	3	773921	774009	88	4
NC_072003.2	775791	776553	-3	1	-	NC_072003.2	776391	776495	775969	776309	WDR24	XM_024233325.3	-	3	776309	776391	82	1
NC_072003.2	805737	807009	1	1	+	NC_072003.2	806044	806147	806343	806743	METRN	XM_002825934.6	+	1	806147	806343	196	2
NC_072003.2	811378	812629	2	1	+	NC_072003.2	811394	812218	812378	812482	ANTKMT	XM_024233329.3	+	2	812218	812378	160	3
NC_072003.2	816129	816744	-3	1	-	NC_072003.2	816601	816687	816220	816387	CCDC78	XM_054533306.2	-	3	816387	816601	214	1
NC_072003.2	83587904	83588318	-1	1	-	NC_072003.2	83588222	83588303	83587935	83588032	TAF1C	XM_009250993.4	-	1	83588032	83588222	190	8
NC_072003.2	83587904	83588318	-1	1	-	NC_072003.2	83588222	83588240	83587935	83588032	TAF1C	XM_024233239.3	-	1	83588032	83588222	190	2
NC_072003.2	876147	876741	-3	1	-	NC_072003.2	876544	876667	876267	876369	RPUSD1	XM_024233334.3	-	3	876369	876544	175	1
NC_072003.2	876147	876741	-3	1	-	NC_072003.2	876544	876667	876258	876369	RPUSD1	XM_054534431.2	-	3	876369	876544	175	1
NC_072003.2	88158835	88159222	2	1	+	NC_072003.2	88158853	88158912	88159081	88159147	CTU2	XM_054534286.2	+	2	88158912	88159081	169	1
NC_072003.2	88163214	88163532	1	1	+	NC_072003.2	88163332	88163390	88163466	88163532	CTU2	XM_024233975.3	+	1	88163390	88163466	76	3
NC_072003.2	88164211	88164694	-2	1	-	NC_072003.2	88164478	88164557	88164213	88164399	PIEZO1	XM_024233970.3	-	2	88164399	88164478	79	5
NC_072003.2	88164804	88165296	-3	1	-	NC_072003.2	88165084	88165176	88164839	88165011	PIEZO1	XM_024233970.3	-	3	88165011	88165084	73	5
NC_072003.2	88181064	88181892	-3	1	-	NC_072003.2	88181636	88181818	88181205	88181338	PIEZO1	XM_024233970.3	-	3	88181338	88181636	298	5
NC_072003.2	88183504	88184065	-2	1	-	NC_072003.2	88183946	88184046	88183553	88183813	PIEZO1	XM_024233970.3	-	2	88183813	88183946	133	4
NC_072003.2	88183504	88184065	-2	1	-	NC_072003.2	88183946	88183984	88183553	88183813	PIEZO1	XM_063717407.1	-	2	88183813	88183946	133	1
NC_072003.2	88184652	88185435	-3	1	-	NC_072003.2	88185040	88185126	88184871	88184958	PIEZO1	XM_024233970.3	-	3	88184958	88185040	82	4
NC_072003.2	88185215	88186061	-1	1	-	NC_072003.2	88185884	88186052	88185246	88185417	PIEZO1	XM_024233970.3	-	1	88185417	88185884	467	4
NC_072003.2	88252422	88252818	1	1	+	NC_072003.2	88252450	88252590	88252681	88252817	CDT1	XM_024233976.3	+	1	88252590	88252681	91	1
NC_072003.2	88649680	88650577	-2	1	-	NC_072003.2	88650259	88650404	88649728	88649942	SLC22A31	XM_054534341.2	-	2	88649942	88650259	317	4
NC_072003.2	886848	887142	1	1	+	NC_072003.2	886870	886927	887009	887142	CHTF18	XM_054534437.2	+	1	886927	887009	82	3
NC_072003.2	89038669	89039641	2	1	+	NC_072003.2	89038748	89038834	89039126	89039185	CPNE7	XM_024233183.3	+	2	89038834	89039126	292	17
NC_072003.2	89043186	89044125	1	1	+	NC_072003.2	89043211	89043262	89043638	89043761	CPNE7	XM_063717422.1	+	1	89043262	89043638	376	3
NC_072003.2	89043186	89044125	1	1	+	NC_072003.2	89043211	89043262	89043644	89044125	CPNE7	XM_063717427.1	+	1	89043262	89043644	382	2
NC_072003.2	89043190	89043808	2	1	+	NC_072003.2	89043330	89043463	89043638	89043808	CPNE7	XM_054534353.2	+	2	89043463	89043638	175	1
NC_072003.2	89043190	89043808	2	1	+	NC_072003.2	89043330	89043463	89043638	89043761	CPNE7	XM_063717429.1	+	2	89043463	89043638	175	1
NC_072003.2	89087631	89088447	1	1	+	NC_072003.2	89087956	89088132	89088223	89088307	DPEP1	XM_054534355.2	+	1	89088132	89088223	91	4
NC_072003.2	89166033	89166444	-3	1	-	NC_072003.2	89166303	89166395	89166035	89166197	VPS9D1	XM_024233408.3	-	3	89166197	89166303	106	4
NC_072003.2	89166040	89166736	-2	1	-	NC_072003.2	89166303	89166395	89166042	89166197	VPS9D1	XM_054534372.2	-	2	89166197	89166303	106	2
NC_072003.2	89450091	89450604	1	1	+	NC_072003.2	89450113	89450313	89450392	89450586	LOC100442118	XM_054534390.2	+	1	89450313	89450392	79	1
NC_072004.2	10358688	10359054	-3	1	-	NC_072004.2	10358923	10359046	10358690	10358826	MYH8	XM_024235577.3	-	3	10358826	10358923	97	4
NC_072004.2	10367754	10368063	-3	1	-	NC_072004.2	10367950	10368042	10367760	10367823	MYH8	XM_024235577.3	-	3	10367823	10367950	127	4
NC_072004.2	10397601	10398114	-3	1	-	NC_072004.2	10397950	10398075	10397689	10397859	MYH4	XM_054535445.2	-	3	10397859	10397950	91	4
NC_072004.2	10601860	10602490	-2	1	-	NC_072004.2	10602320	10602490	10601911	10602217	MYH3	XM_002827037.5	-	2	10602217	10602320	103	1
NC_072004.2	11652612	11653443	1	1	+	NC_072004.2	11652680	11652876	11652985	11653409	DNAH9	XM_024235511.3	+	1	11652876	11652985	109	1
NC_072004.2	1263050	1263629	-1	1	-	NC_072004.2	1263364	1263477	1263212	1263288	MYO1C	XM_002826804.6	-	1	1263288	1263364	76	8
NC_072004.2	12991957	12992308	-2	1	-	NC_072004.2	12992135	12992273	12991971	12992053	ELAC2	XM_024234322.3	-	2	12992053	12992135	82	3
NC_072004.2	1450531	1451044	-2	1	-	NC_072004.2	1450885	1450978	1450676	1450782	RILP	XM_002826809.4	-	2	1450782	1450885	103	3
NC_072004.2	1543017	1544046	1	1	+	NC_072004.2	1543102	1543140	1543261	1543323	SERPINF2	XM_002826816.4	+	1	1543140	1543261	121	1
NC_072004.2	1543017	1544046	1	1	+	NC_072004.2	1543261	1543323	1543600	1543801	SERPINF2	XM_002826816.4	+	1	1543323	1543600	277	1
NC_072004.2	16029015	16029351	-3	1	-	NC_072004.2	16029262	16029333	16029017	16029099	LOC129051223	XM_063718390.1	-	3	16029099	16029262	163	1
NC_072004.2	16085809	16087207	-2	1	-	NC_072004.2	16086281	16086304	16085901	16086064	LOC100437426	XM_063718672.1	-	2	16086064	16086281	217	1
NC_072004.2	16225855	16226191	2	1	+	NC_072004.2	16225874	16225945	16226108	16226190	LOC129051142	XM_063718043.1	+	2	16225945	16226108	163	1
NC_072004.2	16299997	16300588	2	1	+	NC_072004.2	16300172	16300279	16300397	16300492	LOC134759407	XM_063718045.1	+	2	16300279	16300397	118	1
NC_072004.2	16351225	16351669	2	1	+	NC_072004.2	16351242	16351391	16351557	16351669	LOC100936061	XM_063718391.1	+	2	16351391	16351557	166	1
NC_072004.2	17446498	17446942	-2	1	-	NC_072004.2	17446777	17446926	17446499	17446611	LOC100443707	XM_054536257.2	-	2	17446611	17446777	166	3
NC_072004.2	17497599	17498190	-3	1	-	NC_072004.2	17497909	17498016	17497696	17497791	LOC100458449	XM_063718408.1	-	3	17497791	17497909	118	1
NC_072004.2	17580975	17581311	-3	1	-	NC_072004.2	17581222	17581293	17580977	17581059	LOC129051213	XM_054536250.2	-	3	17581059	17581222	163	3
NC_072004.2	17637781	17638837	-2	1	-	NC_072004.2	17638706	17638820	17637873	17638036	LOC100456623	XM_063719040.1	-	2	17638036	17638706	670	1
NC_072004.2	17784519	17784855	1	1	+	NC_072004.2	17784538	17784609	17784772	17784854	LOC129051019	XM_063718409.1	+	1	17784609	17784772	163	7
NC_072004.2	17983010	17983559	3	1	+	NC_072004.2	17983180	17983293	17983393	17983558	TOP3A	NM_001374260.1	+	3	17983293	17983393	100	12
NC_072004.2	18021359	18021977	3	1	+	NC_072004.2	18021405	18021544	18021629	18021866	FLII	NM_001133498.1	+	3	18021544	18021629	85	5
NC_072004.2	18095753	18096743	-1	1	-	NC_072004.2	18096389	18096522	18095871	18096004	MYO15A	XM_024234893.3	-	1	18096004	18096389	385	2
NC_072004.2	18108139	18108565	-2	1	-	NC_072004.2	18108479	18108552	18108141	18108223	MYO15A	XM_024234893.3	-	2	18108223	18108479	256	2
NC_072004.2	18110872	18111247	-2	1	-	NC_072004.2	18111079	18111190	18110914	18110988	MYO15A	XM_024234893.3	-	2	18110988	18111079	91	2
NC_072004.2	1844149	1845451	2	1	+	NC_072004.2	1844393	1844576	1844955	1845451	OVCA2	XM_009251116.3	+	2	1844576	1844955	379	1
NC_072004.2	18775056	18775872	1	1	+	NC_072004.2	18775222	18775507	18775793	18775872	RASD1	XM_009251363.4	+	1	18775507	18775793	286	1
NC_072004.2	19398241	19398985	2	1	+	NC_072004.2	19398335	19398434	19398810	19398959	LOC129054739	XM_063719042.1	+	2	19398434	19398810	376	1
NC_072004.2	19577079	19577664	-3	1	-	NC_072004.2	19577383	19577490	19577167	19577262	LOC129056792	XM_054546861.2	-	3	19577262	19577383	121	1
NC_072004.2	19653673	19654009	-2	1	-	NC_072004.2	19653920	19653991	19653675	19653757	LOC100434797	XM_054546858.2	-	2	19653757	19653920	163	3
NC_072004.2	19860714	19861050	1	1	+	NC_072004.2	19860733	19860804	19860967	19861049	LOC129056808	XM_063718051.1	+	1	19860804	19860967	163	1
NC_072004.2	19937834	19938425	3	1	+	NC_072004.2	19938009	19938116	19938234	19938329	LOC129051030	XM_063718052.1	+	3	19938116	19938234	118	1
NC_072004.2	20772494	20773112	3	1	+	NC_072004.2	20772779	20772876	20772982	20773095	SLC47A1	NM_001131190.2	+	3	20772876	20772982	106	3
NC_072004.2	24585302	24586247	3	1	+	NC_072004.2	24585384	24585673	24585760	24585931	LOC134760522	XM_063718461.1	+	3	24585673	24585760	87	1
NC_072004.2	2503168	2503999	-2	1	-	NC_072004.2	2503763	2503843	2503556	2503681	CLUH	XM_024235306.3	-	2	2503681	2503763	82	3
NC_072004.2	2506490	2506982	-1	1	-	NC_072004.2	2506725	2506877	2506569	2506631	CLUH	XM_024235306.3	-	1	2506631	2506725	94	3
NC_072004.2	3526824	3527226	-3	1	-	NC_072004.2	3527056	3527119	3526870	3526977	ITGAE	XM_024235430.3	-	3	3526977	3527056	79	3
NC_072004.2	3744093	3745332	-3	1	-	NC_072004.2	3745021	3745125	3744693	3744831	ATP2A3	XM_002826855.5	-	3	3744831	3745021	190	5
NC_072004.2	3744093	3745332	-3	1	-	NC_072004.2	3744693	3744831	3744135	3744215	ATP2A3	XM_002826855.5	-	3	3744215	3744693	478	5
NC_072004.2	41657118	41657391	-3	1	-	NC_072004.2	41657359	41657379	41657120	41657202	LOC100939790	XM_054535607.2	-	3	41657202	41657359	157	1
NC_072004.2	41657118	41657391	-3	1	-	NC_072004.2	41657365	41657379	41657120	41657202	LOC100939790	XM_054535608.2	-	3	41657202	41657365	163	1
NC_072004.2	42390295	42391240	-2	1	-	NC_072004.2	42390979	42391098	42390559	42390903	VTN	NM_001133591.2	-	2	42390903	42390979	76	1
NC_072004.2	42390295	42391240	-2	1	-	NC_072004.2	42390559	42390903	42390341	42390480	VTN	NM_001133591.2	-	2	42390480	42390559	79	1
NC_072004.2	42390295	42391240	-2	1	-	NC_072004.2	42390979	42391098	42390341	42390903	VTN	XM_054535249.2	-	2	42390903	42390979	76	1
NC_072004.2	42675495	42676164	-3	1	-	NC_072004.2	42675942	42676116	42675610	42675809	ALDOC	XM_024235013.3	-	3	42675809	42675942	133	2
NC_072004.2	42732600	42733161	-3	1	-	NC_072004.2	42733014	42733113	42732670	42732872	BLTP2	XM_009251430.3	-	3	42732872	42733014	142	2
NC_072004.2	42732600	42733161	-3	1	-	NC_072004.2	42733014	42733113	42732670	42732869	BLTP2	XM_054536513.2	-	3	42732869	42733014	145	1
NC_072004.2	42814021	42814459	-2	1	-	NC_072004.2	42814289	42814370	42814126	42814216	RAB34	XM_009251434.3	-	2	42814216	42814289	73	9
NC_072004.2	42814021	42814459	-2	1	-	NC_072004.2	42814313	42814370	42814126	42814216	RAB34	XM_024235020.3	-	2	42814216	42814313	97	7
NC_072004.2	42980235	42980931	-3	1	-	NC_072004.2	42980791	42980904	42980572	42980691	FLOT2	XM_002827187.6	-	3	42980691	42980791	100	6
NC_072004.2	42999018	42999990	-3	1	-	NC_072004.2	42999774	42999897	42999267	42999578	DHRS13	XM_002827189.6	-	3	42999578	42999774	196	1
NC_072004.2	43192516	43193155	-2	1	-	NC_072004.2	43192943	43193066	43192658	43192858	MYO18A	XM_024234823.3	-	2	43192858	43192943	85	17
NC_072004.2	43219032	43219935	-3	1	-	NC_072004.2	43219627	43219803	43219083	43219296	MYO18A	XM_024234823.3	-	3	43219296	43219627	331	14
NC_072004.2	43673074	43673422	-2	1	-	NC_072004.2	43673258	43673344	43673076	43673149	GIT1	XM_024234715.3	-	2	43673149	43673258	109	4
NC_072004.2	43705071	43705689	1	1	+	NC_072004.2	43705108	43705243	43705352	43705476	ANKRD13B	XM_024235514.3	+	1	43705243	43705352	109	3
NC_072004.2	43705071	43705689	1	1	+	NC_072004.2	43705352	43705476	43705561	43705606	ANKRD13B	XM_024235514.3	+	1	43705476	43705561	85	3
NC_072004.2	43713078	43713618	-3	1	-	NC_072004.2	43713289	43713519	43713079	43713198	CORO6	XM_024235517.3	-	3	43713198	43713289	91	5
NC_072004.2	43713078	43713618	-3	1	-	NC_072004.2	43713289	43713519	43713079	43713201	CORO6	XM_054536602.2	-	3	43713201	43713289	88	3
NC_072004.2	43713964	43714459	-2	1	-	NC_072004.2	43714283	43714387	43714047	43714192	CORO6	XM_024235517.3	-	2	43714192	43714283	91	8
NC_072004.2	4469247	4471035	-3	1	-	NC_072004.2	4469497	4470933	4469248	4469337	PELP1	XM_024234620.3	-	3	4469337	4469497	160	1
NC_072004.2	4518107	4518386	3	1	+	NC_072004.2	4518129	4518212	4518306	4518385	ARRB2	XM_024234157.3	+	3	4518212	4518306	94	1
NC_072004.2	4539325	4539916	2	1	+	NC_072004.2	4539432	4539666	4539760	4539915	ZMYND15	XM_002826872.5	+	2	4539666	4539760	94	1
NC_072004.2	4541911	4542424	2	1	+	NC_072004.2	4542033	4542121	4542212	4542310	ZMYND15	XM_002826872.5	+	2	4542121	4542212	91	1
NC_072004.2	4601304	4601772	1	1	+	NC_072004.2	4601362	4601506	4601633	4601772	PSMB6	XM_002826878.6	+	1	4601506	4601633	127	1
NC_072004.2	4610970	4611654	1	1	+	NC_072004.2	4611157	4611265	4611368	4611498	PLD2	XM_002826875.5	+	1	4611265	4611368	103	2
NC_072004.2	4612362	4612767	1	1	+	NC_072004.2	4612485	4612590	4612681	4612746	PLD2	XM_002826875.5	+	1	4612590	4612681	91	2
NC_072004.2	46941335	46941740	3	1	+	NC_072004.2	46941417	46941492	46941565	46941740	TMEM98	XM_063718094.1	+	3	46941492	46941565	73	1
NC_072004.2	4697904	4698507	1	1	+	NC_072004.2	4698106	4698129	4698253	4698416	MINK1	XM_024234999.3	+	1	4698129	4698253	124	5
NC_072004.2	4698990	4699476	1	1	+	NC_072004.2	4698991	4699128	4699342	4699450	MINK1	XM_024234999.3	+	1	4699128	4699342	214	13
NC_072004.2	4703753	4704293	-1	1	-	NC_072004.2	4704089	4704275	4703898	4704004	CHRNE	XM_054536016.2	-	1	4704004	4704089	85	1
NC_072004.2	4747930	4748419	-2	1	-	NC_072004.2	4748223	4748375	4747932	4748138	SLC25A11	NM_001131157.2	-	2	4748138	4748223	85	1
NC_072004.2	4762217	4762547	3	1	+	NC_072004.2	4762252	4762310	4762473	4762542	ENO3	XM_003778719.5	+	3	4762310	4762473	163	2
NC_072004.2	4812963	4813269	1	1	+	NC_072004.2	4813048	4813113	4813192	4813267	KIF1C	NM_001374305.1	+	1	4813113	4813192	79	4
NC_072004.2	49143663	49144215	-3	1	-	NC_072004.2	49144095	49144176	49143673	49143734	RAD51D	NM_001131849.1	-	3	49143734	49144095	361	4
NC_072004.2	4945365	4945701	1	1	+	NC_072004.2	4945384	4945455	4945618	4945700	USP6	XM_054536048.2	+	1	4945455	4945618	163	1
NC_072004.2	4953122	4953992	3	1	+	NC_072004.2	4953169	4953321	4953604	4953743	USP6	XM_054536048.2	+	3	4953321	4953604	283	1
NC_072004.2	52428857	52429784	-1	1	-	NC_072004.2	52429328	52429554	52428954	52429231	LHX1	XM_002827306.5	-	1	52429231	52429328	97	1
NC_072004.2	52922346	52922682	1	1	+	NC_072004.2	52922364	52922436	52922599	52922681	LOC129051369	XM_063718703.1	+	1	52922436	52922599	163	5
NC_072004.2	52922346	52922682	1	1	+	NC_072004.2	52922365	52922436	52922599	52922681	LOC129051369	XM_063718707.1	+	1	52922436	52922599	163	2
NC_072004.2	53095083	53095419	-3	1	-	NC_072004.2	53095330	53095402	53095085	53095167	LOC129051378	XM_063718760.1	-	3	53095167	53095330	163	4
NC_072004.2	53095083	53095419	-3	1	-	NC_072004.2	53095330	53095401	53095085	53095167	LOC129051378	XM_063718762.1	-	3	53095167	53095330	163	2
NC_072004.2	53254763	53255099	-1	1	-	NC_072004.2	53255010	53255081	53254765	53254847	LOC100462373	XM_054536877.2	-	1	53254847	53255010	163	5
NC_072004.2	53589110	53589446	3	1	+	NC_072004.2	53589128	53589200	53589363	53589445	LOC129047324	XM_054536956.2	+	3	53589200	53589363	163	7
NC_072004.2	53730169	53730505	-2	1	-	NC_072004.2	53730416	53730488	53730171	53730253	LOC129051386	XM_063718782.1	-	2	53730253	53730416	163	1
NC_072004.2	57558156	57559200	1	1	+	NC_072004.2	57558259	57558636	57558721	57558960	TSPOAP1	XM_009251571.4	+	1	57558636	57558721	85	15
NC_072004.2	57621960	57623073	-3	1	-	NC_072004.2	57622913	57623030	57622399	57622528	LPO	XM_054535654.2	-	3	57622528	57622913	385	1
NC_072004.2	58619632	58620616	-2	1	-	NC_072004.2	58620043	58620083	58619634	58619715	MSI2	XM_024234807.3	-	2	58619715	58620043	328	6
NC_072004.2	65495943	65496756	-3	1	-	NC_072004.2	65496508	65496662	65496286	65496429	SPATA20	XM_002827373.5	-	3	65496429	65496508	79	5
NC_072004.2	65495943	65496756	-3	1	-	NC_072004.2	65496286	65496429	65495985	65496186	SPATA20	XM_002827373.5	-	3	65496186	65496286	100	5
NC_072004.2	65524357	65524702	-2	1	-	NC_072004.2	65524565	65524680	65524359	65524474	MYCBPAP	XM_024235624.3	-	2	65524474	65524565	91	14
NC_072004.2	65571210	65571888	-3	1	-	NC_072004.2	65571493	65571561	65571211	65571258	ACSF2	NM_001132466.1	-	3	65571258	65571493	235	4
NC_072004.2	65571731	65572157	-1	1	-	NC_072004.2	65571954	65572095	65571756	65571866	ACSF2	NM_001132466.1	-	1	65571866	65571954	88	4
NC_072004.2	65691359	65691917	-1	1	-	NC_072004.2	65691654	65691870	65691390	65691566	XYLT2	XM_024235524.3	-	1	65691566	65691654	88	2
NC_072004.2	65768162	65768885	-1	1	-	NC_072004.2	65768478	65768673	65768163	65768273	TMEM92	XM_002834288.5	-	1	65768273	65768478	205	13
NC_072004.2	65862809	65863373	3	1	+	NC_072004.2	65862858	65863100	65863230	65863373	COL1A1	XM_024234928.3	+	3	65863100	65863230	130	1
NC_072004.2	65971280	65972123	-1	1	-	NC_072004.2	65971812	65971961	65971609	65971706	ITGA3	XM_002834284.6	-	1	65971706	65971812	106	1
NC_072004.2	6861758	6862169	3	1	+	NC_072004.2	6861798	6861818	6862002	6862096	C19H17orf49	XM_002826930.6	+	3	6861818	6862002	184	5
NC_072004.2	69694171	69694606	-2	1	-	NC_072004.2	69694390	69694485	69694173	69694278	MED1	XM_024235074.3	-	2	69694278	69694390	112	4
NC_072004.2	69936933	69937341	1	1	+	NC_072004.2	69937048	69937125	69937246	69937299	STARD3	NM_001132100.1	+	1	69937125	69937246	121	10
NC_072004.2	69991776	69993153	1	1	+	NC_072004.2	69991934	69992068	69992429	69992497	ERBB2	XM_024234394.3	+	1	69992068	69992429	361	8
NC_072004.2	69991776	69993153	1	1	+	NC_072004.2	69992429	69992497	69992702	69992817	ERBB2	XM_024234394.3	+	1	69992497	69992702	205	8
NC_072004.2	69991776	69993153	1	1	+	NC_072004.2	69992702	69992817	69992956	69993097	ERBB2	XM_024234394.3	+	1	69992817	69992956	139	8
NC_072004.2	70027252	70027978	2	1	+	NC_072004.2	70027472	70027570	70027829	70027909	GRB7	XM_002827639.6	+	2	70027570	70027829	259	4
NC_072004.2	7022902	7023865	-2	1	-	NC_072004.2	7023718	7023804	7023482	7023633	ASGR1	NM_001131984.1	-	2	7023633	7023718	85	4
NC_072004.2	70300218	70301451	-3	1	-	NC_072004.2	70300761	70300841	70300273	70300421	MED24	XM_009251834.4	-	3	70300421	70300761	340	8
NC_072004.2	70300218	70301451	-3	1	-	NC_072004.2	70300761	70300838	70300273	70300421	MED24	XM_009251835.4	-	3	70300421	70300761	340	5
NC_072004.2	70471664	70472141	3	1	+	NC_072004.2	70471684	70471781	70471890	70472012	RAPGEFL1	NM_001132496.1	+	3	70471781	70471890	109	2
NC_072004.2	7052823	7053441	-3	1	-	NC_072004.2	7053198	7053367	7052959	7053095	DLG4	XM_024234381.3	-	3	7053095	7053198	103	18
NC_072004.2	7102019	7102400	3	1	+	NC_072004.2	7102080	7102173	7102339	7102399	ELP5	XM_024235220.3	+	3	7102173	7102339	166	1
NC_072004.2	71049601	71049988	-2	1	-	NC_072004.2	71049827	71049988	71049620	71049745	KRT26	XM_009251810.3	-	2	71049745	71049827	82	2
NC_072004.2	71143128	71143818	-3	1	-	NC_072004.2	71143570	71143731	71143351	71143476	KRT12	XM_024235254.3	-	3	71143476	71143570	94	1
NC_072004.2	71454939	71455632	-3	1	-	NC_072004.2	71455310	71455548	71454940	71455147	LOC100452524	XM_063719035.1	-	3	71455147	71455310	163	1
NC_072004.2	71454939	71455632	-3	1	-	NC_072004.2	71455310	71455548	71454940	71455090	LOC100452524	XM_063719036.1	-	3	71455090	71455310	220	1
NC_072004.2	7166611	7167061	2	1	+	NC_072004.2	7166774	7166905	7167002	7167061	EIF5A	XM_002826950.6	+	2	7166905	7167002	97	1
NC_072004.2	7168572	7168932	-3	1	-	NC_072004.2	7168809	7168898	7168642	7168721	GPS2	XM_024234639.3	-	3	7168721	7168809	88	6
NC_072004.2	71704280	71704811	-1	1	-	NC_072004.2	71704686	71704811	71704288	71704508	LOC100443946	XM_002827549.5	-	1	71704508	71704686	178	1
NC_072004.2	7172643	7173507	-3	1	-	NC_072004.2	7172901	7173013	7172645	7172810	NEURL4	XM_002826952.5	-	3	7172810	7172901	91	2
NC_072004.2	7178730	7179180	-3	1	-	NC_072004.2	7179075	7179151	7178912	7178990	NEURL4	XM_002826952.5	-	3	7178990	7179075	85	2
NC_072004.2	7181570	7182074	-1	1	-	NC_072004.2	7181849	7181960	7181667	7181755	NEURL4	XM_002826952.5	-	1	7181755	7181849	94	2
NC_072004.2	72038416	72039289	-2	1	-	NC_072004.2	72038888	72039147	72038439	72038677	JUP	XM_054546393.2	-	2	72038677	72038888	211	6
NC_072004.2	7211392	7211818	2	1	+	NC_072004.2	7211535	7211615	7211730	7211817	TMEM95	XM_002826955.4	+	2	7211615	7211730	115	4
NC_072004.2	7211392	7211818	2	1	+	NC_072004.2	7211511	7211615	7211730	7211817	TMEM95	XM_054536141.2	+	2	7211615	7211730	115	2
NC_072004.2	72382875	72383763	-3	1	-	NC_072004.2	72383466	72383592	72383028	72383219	DHX58	NM_001131127.1	-	3	72383219	72383466	247	3
NC_072004.2	72389676	72390462	-3	1	-	NC_072004.2	72390006	72390120	72389731	72389794	KAT2A	XM_024234413.3	-	3	72389794	72390006	212	2
NC_072004.2	7243835	7244120	3	1	+	NC_072004.2	7243915	7244010	7244098	7244120	TNK1	XM_054536150.2	+	3	7244010	7244098	88	1
NC_072004.2	72438545	72439250	-1	1	-	NC_072004.2	72439071	72439109	72438547	72438899	KCNH4	XM_009251745.4	-	1	72438899	72439071	172	1
NC_072004.2	72566477	72567095	3	1	+	NC_072004.2	72566578	72566708	72566943	72567094	LOC100461695	XM_002827517.5	+	3	72566708	72566943	235	4
NC_072004.2	72829905	72830583	1	1	+	NC_072004.2	72830104	72830293	72830378	72830442	COASY	XM_009251734.3	+	1	72830293	72830378	85	4
NC_072004.2	72832379	72833084	3	1	+	NC_072004.2	72832545	72832586	72833043	72833079	MLX	NM_001134100.1	+	3	72832586	72833043	457	2
NC_072004.2	72832379	72833084	3	1	+	NC_072004.2	72832545	72832748	72833043	72833079	MLX	XM_009251731.3	+	3	72832748	72833043	295	2
NC_072004.2	72879578	72880265	3	1	+	NC_072004.2	72879660	72879809	72880071	72880223	TUBG1	NM_001132127.1	+	3	72879809	72880071	262	2
NC_072004.2	72939549	72940059	-3	1	-	NC_072004.2	72939939	72940018	72939648	72939839	PLEKHH3	XM_024235633.3	-	3	72939839	72939939	100	8
NC_072004.2	72950851	72951529	2	1	+	NC_072004.2	72951062	72951209	72951288	72951491	CNTNAP1	XM_002827502.6	+	2	72951209	72951288	79	1
NC_072004.2	73066093	73066663	2	1	+	NC_072004.2	73066094	73066154	73066254	73066662	WNK4	XM_063718215.1	+	2	73066154	73066254	100	4
NC_072004.2	73285896	73286364	1	1	+	NC_072004.2	73285939	73286086	73286159	73286265	IFI35	XM_002827489.6	+	1	73286086	73286159	73	1
NC_072004.2	73291266	73291746	-3	1	-	NC_072004.2	73291515	73291685	73291320	73291409	VAT1	XM_002827487.5	-	3	73291409	73291515	106	1
NC_072004.2	7350374	7351526	3	1	+	NC_072004.2	7350415	7350551	7350645	7350818	POLR2A	XM_024235007.3	+	3	7350551	7350645	94	1
NC_072004.2	7350374	7351526	3	1	+	NC_072004.2	7350645	7350818	7350969	7351250	POLR2A	XM_024235007.3	+	3	7350818	7350969	151	1
NC_072004.2	7364597	7365161	3	1	+	NC_072004.2	7364724	7364910	7365043	7365156	POLR2A	XM_024235007.3	+	3	7364910	7365043	133	1
NC_072004.2	73830356	73831232	-1	1	-	NC_072004.2	73831088	73831162	73830866	73830934	ETV4	XM_024234640.3	-	1	73830934	73831088	154	6
NC_072004.2	73830356	73831232	-1	1	-	NC_072004.2	73830866	73830934	73830486	73830658	ETV4	XM_024234640.3	-	1	73830658	73830866	208	9
NC_072004.2	73830356	73831232	-1	1	-	NC_072004.2	73831103	73831162	73830866	73830934	ETV4	XM_024234642.3	-	1	73830934	73831103	169	3
NC_072004.2	73846047	73846482	-3	1	-	NC_072004.2	73846347	73846440	73846053	73846100	ETV4	XM_024234640.3	-	3	73846100	73846347	247	8
NC_072004.2	7415038	7415545	2	1	+	NC_072004.2	7415206	7415353	7415483	7415530	SENP3	NM_001205134.1	+	2	7415353	7415483	130	3
NC_072004.2	74191828	74192479	-2	1	-	NC_072004.2	74192312	74192443	74192098	74192203	MPP2	XM_002827457.6	-	2	74192203	74192312	109	11
NC_072004.2	74193717	74194329	-3	1	-	NC_072004.2	74194051	74194203	74193751	74193900	MPP2	XM_002827457.6	-	3	74193900	74194051	151	11
NC_072004.2	74382192	74382747	1	1	+	NC_072004.2	74382351	74382492	74382721	74382747	G6PC3	XM_024235439.3	+	1	74382492	74382721	229	1
NC_072004.2	74399481	74399979	-3	1	-	NC_072004.2	74399811	74399957	74399602	74399714	HDAC5	XM_024235132.3	-	3	74399714	74399811	97	5
NC_072004.2	74399481	74399979	-3	1	-	NC_072004.2	74399826	74399957	74399602	74399714	HDAC5	XM_024235134.3	-	3	74399714	74399826	112	4
NC_072004.2	74617194	74617935	1	1	+	NC_072004.2	74617472	74617620	74617786	74617871	RUNDC3A	NM_001133363.1	+	1	74617620	74617786	166	3
NC_072004.2	74617194	74617935	1	1	+	NC_072004.2	74617487	74617620	74617786	74617871	RUNDC3A	XM_024234248.2	+	1	74617620	74617786	166	3
NC_072004.2	74617194	74617935	1	1	+	NC_072004.2	74617484	74617620	74617786	74617871	RUNDC3A	XM_054535231.1	+	1	74617620	74617786	166	1
NC_072004.2	74624400	74624691	-3	1	-	NC_072004.2	74624592	74624672	74624401	74624513	SLC25A39	XM_002827435.6	-	3	74624513	74624592	79	8
NC_072004.2	74655741	74656611	1	1	+	NC_072004.2	74655781	74655918	74656042	74656167	GRN	NM_001133217.1	+	1	74655918	74656042	124	1
NC_072004.2	74689480	74690713	-2	1	-	NC_072004.2	74690350	74690515	74690078	74690127	ITGA2B	XM_002827433.6	-	2	74690127	74690350	223	1
NC_072004.2	74689480	74690713	-2	1	-	NC_072004.2	74690078	74690127	74689735	74689863	ITGA2B	XM_002827433.6	-	2	74689863	74690078	215	1
NC_072004.2	75053220	75053949	1	1	+	NC_072004.2	75053304	75053374	75053612	75053736	DBF4B	XM_024235610.3	+	1	75053374	75053612	238	1
NC_072004.2	75053220	75053949	1	1	+	NC_072004.2	75053304	75053412	75053572	75053736	DBF4B	XM_063718240.1	+	1	75053412	75053572	160	1
NC_072004.2	75221457	75222135	-3	1	-	NC_072004.2	75221884	75221944	75221584	75221679	GFAP	NM_001132319.1	-	3	75221679	75221884	205	2
NC_072004.2	75290477	75293894	-1	1	-	NC_072004.2	75291902	75292018	75291040	75291706	LOC129051176	XM_063719066.1	-	1	75291706	75291902	196	1
NC_072004.2	75422242	75422830	-2	1	-	NC_072004.2	75422609	75422775	75422290	75422425	PLCD3	XM_024234659.3	-	2	75422425	75422609	184	4
NC_072004.2	75575794	75576802	-2	1	-	NC_072004.2	75576178	75576531	75575864	75575970	MAP3K14	XM_002827401.5	-	2	75575970	75576178	208	2
NC_072004.2	75712640	75713021	-1	1	-	NC_072004.2	75712923	75713003	75712767	75712850	ARHGAP27	NM_001132747.1	-	1	75712850	75712923	73	1
NC_072004.2	7647659	7648205	3	1	+	NC_072004.2	7647740	7647872	7647999	7648138	LOC100440409	XM_054536196.2	+	3	7647872	7647999	127	1
NC_072004.2	7663950	7664478	1	1	+	NC_072004.2	7663951	7664101	7664318	7664466	LOC100440409	XM_054536196.2	+	1	7664101	7664318	217	1
NC_072004.2	7669818	7670481	1	1	+	NC_072004.2	7669835	7669983	7670122	7670305	LOC100440409	XM_054536196.2	+	1	7669983	7670122	139	1
NC_072004.2	7678554	7679049	1	1	+	NC_072004.2	7678582	7678758	7678855	7678929	LOC100440409	XM_054536196.2	+	1	7678758	7678855	97	1
NC_072004.2	7693208	7694003	3	1	+	NC_072004.2	7693352	7693571	7693674	7693766	KDM6B	XM_054536181.2	+	3	7693571	7693674	103	18
NC_072004.2	7754262	7754865	1	1	+	NC_072004.2	7754471	7754592	7754698	7754833	CHD3	XM_024234334.3	+	1	7754592	7754698	106	21
NC_072004.2	7757609	7758740	3	1	+	NC_072004.2	7757791	7757954	7758210	7758336	CHD3	XM_024234338.3	+	3	7757954	7758210	256	7
NC_072004.2	78095038	78095827	2	1	+	NC_072004.2	78095121	78095294	78095487	78095651	MRC2	XM_054537226.2	+	2	78095294	78095487	193	1
NC_072004.2	7887997	7888504	2	1	+	NC_072004.2	7888007	7888153	7888238	7888457	ALOX15B	XM_002826992.4	+	2	7888153	7888238	85	1
NC_072004.2	7895526	7896024	1	1	+	NC_072004.2	7895614	7895700	7895854	7896023	ALOX15B	XM_002826992.4	+	1	7895700	7895854	154	1
NC_072004.2	78962835	78963345	1	1	+	NC_072004.2	78962851	78962938	78963098	78963241	LOC100453767	XM_009251949.4	+	1	78962938	78963098	160	1
NC_072004.2	78992291	78993635	3	1	+	NC_072004.2	78992950	78993149	78993294	78993546	KCNH6	XM_024235098.3	+	3	78993149	78993294	145	6
NC_072004.2	79284405	79284855	-3	1	-	NC_072004.2	79284756	79284855	79284462	79284656	FTSJ3	NM_001132195.2	-	3	79284656	79284756	100	4
NC_072004.2	79289352	79289880	1	1	+	NC_072004.2	79289353	79289409	79289491	79289721	PSMC5	NM_001133945.1	+	1	79289409	79289491	82	2
NC_072004.2	79290654	79291101	1	1	+	NC_072004.2	79290727	79290837	79290943	79291029	PSMC5	NM_001133945.1	+	1	79290837	79290943	106	2
NC_072004.2	79293632	79294079	-1	1	-	NC_072004.2	79293927	79294022	79293696	79293797	SMARCD2	XM_024234363.3	-	1	79293797	79293927	130	2
NC_072004.2	79449886	79450600	2	1	+	NC_072004.2	79449905	79449980	79450167	79450273	PRR29	XM_024235458.3	+	2	79449980	79450167	187	3
NC_072004.2	79452707	79453271	3	1	+	NC_072004.2	79452766	79452836	79453032	79453270	PRR29	XM_054537254.2	+	3	79452836	79453032	196	1
NC_072004.2	7996037	7996565	-1	1	-	NC_072004.2	7996413	7996544	7996061	7996166	PER1	XM_024234496.3	-	1	7996166	7996413	247	6
NC_072004.2	8080355	8081138	-1	1	-	NC_072004.2	8080647	8080971	8080470	8080559	CTC1	NM_001131079.1	-	1	8080559	8080647	88	1
NC_072004.2	8113000	8113528	2	1	+	NC_072004.2	8113070	8113195	8113328	8113459	PFAS	NM_001133493.1	+	2	8113195	8113328	133	1
NC_072004.2	8113734	8114610	1	1	+	NC_072004.2	8113753	8113983	8114146	8114326	PFAS	NM_001133493.1	+	1	8113983	8114146	163	1
NC_072004.2	8113734	8114610	1	1	+	NC_072004.2	8114146	8114326	8114414	8114497	PFAS	NM_001133493.1	+	1	8114326	8114414	88	1
NC_072004.2	8167365	8167707	1	1	+	NC_072004.2	8167366	8167458	8167546	8167706	ARHGEF15	XM_002827006.5	+	1	8167458	8167546	88	1
NC_072004.2	82727762	82728047	-1	1	-	NC_072004.2	82727988	82728047	82727772	82727900	PSMD12	NM_001132029.1	-	1	82727900	82727988	88	1
NC_072004.2	8787822	8788362	-3	1	-	NC_072004.2	8788068	8788200	8787824	8787893	PIK3R6	XM_024235287.3	-	3	8787893	8788068	175	1
NC_072004.2	89612333	89612633	3	1	+	NC_072004.2	89612394	89612396	89612568	89612628	RPL38	XM_009251997.4	+	3	89612396	89612568	172	5
NC_072004.2	89756686	89757451	2	1	+	NC_072004.2	89756813	89757083	89757165	89757286	KIF19	XM_002827792.4	+	2	89757083	89757165	82	3
NC_072004.2	90165954	90166170	1	1	+	NC_072004.2	90165958	90166014	90166093	90166169	RAB37	XM_024234617.3	+	1	90166014	90166093	79	3
NC_072004.2	90283305	90283911	-3	1	-	NC_072004.2	90283563	90283733	90283306	90283433	FDXR	XM_024235167.3	-	3	90283433	90283563	130	14
NC_072004.2	90286514	90287276	-1	1	-	NC_072004.2	90286923	90287045	90286608	90286721	FDXR	XM_024235167.3	-	1	90286721	90286923	202	10
NC_072004.2	90292427	90292859	-1	1	-	NC_072004.2	90292665	90292768	90292503	90292574	FDXR	XM_063718269.1	-	1	90292574	90292665	91	1
NC_072004.2	90549434	90549875	-1	1	-	NC_072004.2	90549695	90549809	90549435	90549586	NT5C	XM_002827820.5	-	1	90549586	90549695	109	1
NC_072004.2	90906874	90907627	2	1	+	NC_072004.2	90906970	90907072	90907280	90907366	TMEM94	XM_024234802.3	+	2	90907072	90907280	208	12
NC_072004.2	90911004	90911943	1	1	+	NC_072004.2	90911225	90911327	90911433	90911650	TMEM94	XM_024234802.3	+	1	90911327	90911433	106	15
NC_072004.2	90912424	90913183	2	1	+	NC_072004.2	90912647	90912785	90913035	90913150	TMEM94	XM_024234802.3	+	2	90912785	90913035	250	15
NC_072004.2	90915863	90916469	3	1	+	NC_072004.2	90915921	90916069	90916190	90916284	TMEM94	XM_024234802.3	+	3	90916069	90916190	121	6
NC_072004.2	90915863	90916469	3	1	+	NC_072004.2	90916190	90916284	90916375	90916468	TMEM94	XM_024234802.3	+	3	90916284	90916375	91	6
NC_072004.2	90915863	90916469	3	1	+	NC_072004.2	90915921	90916069	90916190	90916468	TMEM94	XM_054537333.2	+	3	90916069	90916190	121	9
NC_072004.2	90921042	90921810	-3	1	-	NC_072004.2	90921610	90921720	90921147	90921285	CASKIN2	XM_024234805.3	-	3	90921285	90921610	325	3
NC_072004.2	91006026	91008435	1	1	+	NC_072004.2	91006150	91007386	91007489	91008434	MYO15B	XM_063718940.1	+	1	91007386	91007489	103	1
NC_072004.2	91020969	91021692	1	1	+	NC_072004.2	91021060	91021137	91021575	91021620	MYO15B	XM_063718940.1	+	1	91021137	91021575	438	1
NC_072004.2	91043433	91043916	1	1	+	NC_072004.2	91043447	91043592	91043800	91043915	MYO15B	XM_063718940.1	+	1	91043592	91043800	208	1
NC_072004.2	91146123	91146693	1	1	+	NC_072004.2	91146227	91146309	91146436	91146537	ITGB4	XM_024235250.3	+	1	91146309	91146436	127	9
NC_072004.2	91256387	91256729	-1	1	-	NC_072004.2	91256577	91256633	91256389	91256486	UNC13D	XM_024234924.3	-	1	91256486	91256577	91	2
NC_072004.2	91256622	91257318	-3	1	-	NC_072004.2	91257181	91257298	91256951	91257075	UNC13D	XM_024234924.3	-	3	91257075	91257181	106	2
NC_072004.2	91256622	91257318	-3	1	-	NC_072004.2	91256951	91257075	91256716	91256806	UNC13D	XM_024234924.3	-	3	91256806	91256951	145	2
NC_072004.2	91260360	91260759	-3	1	-	NC_072004.2	91260616	91260720	91260409	91260501	UNC13D	XM_024234924.3	-	3	91260501	91260616	115	2
NC_072004.2	91263169	91263574	-2	1	-	NC_072004.2	91263434	91263493	91263277	91263343	UNC13D	XM_024234924.3	-	2	91263343	91263434	91	2
NC_072004.2	91293793	91295005	-2	1	-	NC_072004.2	91294720	91294794	91293794	91294431	TRIM47	XM_002827848.4	-	2	91294431	91294720	289	1
NC_072004.2	91295194	91296178	-2	1	-	NC_072004.2	91295582	91295812	91295221	91295419	TRIM47	XM_002827848.4	-	2	91295419	91295582	163	1
NC_072004.2	91311137	91311806	-1	1	-	NC_072004.2	91311483	91311716	91311227	91311401	TRIM65	XM_024234645.2	-	1	91311401	91311483	82	2
NC_072004.2	91331192	91331735	-1	1	-	NC_072004.2	91331562	91331699	91331351	91331468	FBF1	XM_024234647.3	-	1	91331468	91331562	94	44
NC_072004.2	91332271	91333009	-2	1	-	NC_072004.2	91332665	91332787	91332395	91332580	FBF1	XM_024234647.3	-	2	91332580	91332665	85	44
NC_072004.2	91419790	91420219	2	1	+	NC_072004.2	91419817	91419937	91420043	91420213	CDK3	XM_054537373.2	+	2	91419937	91420043	106	3
NC_072004.2	91429508	91429913	-1	1	-	NC_072004.2	91429809	91429892	91429575	91429685	EVPL	XM_024234710.3	-	1	91429685	91429809	124	1
NC_072004.2	91432711	91433242	-2	1	-	NC_072004.2	91433024	91433162	91432713	91432906	EVPL	XM_024234710.3	-	2	91432906	91433024	118	1
NC_072004.2	91439017	91439701	-2	1	-	NC_072004.2	91439534	91439695	91439123	91439218	EVPL	XM_024234710.3	-	2	91439218	91439534	316	1
NC_072004.2	91705271	91705823	-1	1	-	NC_072004.2	91705527	91705691	91705273	91705394	QRICH2	XM_054537382.2	-	1	91705394	91705527	133	10
NC_072004.2	91705826	91706315	-1	1	-	NC_072004.2	91706070	91706192	91705893	91705967	QRICH2	XM_054537382.2	-	1	91705967	91706070	103	10
NC_072004.2	91810181	91810751	3	1	+	NC_072004.2	91810369	91810521	91810603	91810697	SPHK1	XM_054537392.2	+	3	91810521	91810603	82	2
NC_072004.2	91902796	91903672	-2	1	-	NC_072004.2	91903280	91903475	91903004	91903207	RHBDF2	XM_024235491.3	-	2	91903207	91903280	73	10
NC_072004.2	93568584	93569256	1	1	+	NC_072004.2	93568677	93568800	93569158	93569255	TMC8	XM_024234670.3	+	1	93568800	93569158	358	1
NC_072004.2	93633619	93634171	2	1	+	NC_072004.2	93633749	93633853	93633953	93634001	AFMID	XM_054535799.1	+	2	93633853	93633953	100	1
NC_072004.2	93635964	93636528	1	1	+	NC_072004.2	93636044	93636116	93636309	93636406	AFMID	XM_002827890.5	+	1	93636116	93636309	193	7
NC_072004.2	93669003	93669753	1	1	+	NC_072004.2	93669191	93669304	93669647	93669733	TMEM235	XM_054537447.2	+	1	93669304	93669647	343	1
NC_072004.2	93893023	93893716	-2	1	-	NC_072004.2	93893402	93893497	93893025	93893242	DNAH17	XM_063718301.1	-	2	93893242	93893402	160	1
NC_072004.2	93917524	93918304	-2	1	-	NC_072004.2	93917912	93918194	93917648	93917821	DNAH17	XM_063718301.1	-	2	93917821	93917912	91	1
NC_072004.2	94005872	94006427	-1	1	-	NC_072004.2	94006206	94006398	94005893	94005992	DNAH17	XM_063718301.1	-	1	94005992	94006206	214	1
NC_072004.2	95244535	95245498	-2	1	-	NC_072004.2	95244792	95244857	95244599	95244665	CBX8	XM_002827908.6	-	2	95244665	95244792	127	1
NC_072004.2	95568327	95568945	1	1	+	NC_072004.2	95568455	95568606	95568796	95568944	GAA	NM_001132912.2	+	1	95568606	95568796	190	2
NC_072004.2	95684428	95685412	-2	1	-	NC_072004.2	95685013	95685118	95684595	95684745	SGSH	XM_024234879.3	-	2	95684745	95685013	268	1
NC_072004.2	96347387	96348545	3	1	+	NC_072004.2	96347496	96347561	96347859	96348050	RPTOR	XM_024235062.3	+	3	96347561	96347859	298	6
NC_072004.2	96592126	96592591	-2	1	-	NC_072004.2	96592331	96592415	96592128	96592249	AATK	XM_063718340.1	-	2	96592249	96592331	82	3
NC_072004.2	96700952	96701774	-1	1	-	NC_072004.2	96701507	96701600	96701009	96701104	TEPSIN	XM_063718997.1	-	1	96701104	96701507	403	2
NC_072004.2	96704141	96704549	3	1	+	NC_072004.2	96704148	96704231	96704352	96704462	NDUFAF8	XM_002827935.6	+	3	96704231	96704352	121	1
NC_072004.2	96926663	96927125	3	1	+	NC_072004.2	96926712	96926816	96926904	96927060	BAHCC1	XM_054535905.2	+	3	96926816	96926904	88	4
NC_072004.2	96926663	96927125	3	1	+	NC_072004.2	96926712	96926792	96926904	96927060	BAHCC1	XM_054535906.2	+	3	96926792	96926904	112	1
NC_072004.2	96928593	96930225	1	1	+	NC_072004.2	96928619	96928795	96928946	96930123	BAHCC1	XM_054535905.2	+	1	96928795	96928946	151	4
NC_072004.2	96928593	96930225	1	1	+	NC_072004.2	96928619	96928795	96928970	96930123	BAHCC1	XM_063718345.1	+	1	96928795	96928970	175	1
NC_072004.2	96930597	96931851	1	1	+	NC_072004.2	96930817	96931053	96931648	96931851	BAHCC1	XM_054535905.2	+	1	96931053	96931648	595	5
NC_072004.2	97147425	97148013	1	1	+	NC_072004.2	97147470	97147552	97147802	97147881	CCDC137	XM_009252140.4	+	1	97147552	97147802	250	1
NC_072004.2	97168163	97168841	3	1	+	NC_072004.2	97168337	97168415	97168488	97168586	HGS	XM_024234389.3	+	3	97168415	97168488	73	4
NC_072004.2	97168163	97168841	3	1	+	NC_072004.2	97168488	97168586	97168704	97168799	HGS	XM_024234389.3	+	3	97168586	97168704	118	4
NC_072004.2	97169737	97170139	2	1	+	NC_072004.2	97169756	97169899	97169996	97170055	HGS	XM_024234389.3	+	2	97169899	97169996	97	2
NC_072004.2	97170827	97171871	3	1	+	NC_072004.2	97171156	97171328	97171623	97171797	HGS	XM_024234389.3	+	3	97171328	97171623	295	4
NC_072004.2	97189974	97190457	1	1	+	NC_072004.2	97190023	97190137	97190228	97190276	SLC25A10	XM_009252144.4	+	1	97190137	97190228	91	3
NC_072004.2	97191160	97191664	2	1	+	NC_072004.2	97191352	97191395	97191549	97191619	SLC25A10	XM_009252144.4	+	2	97191395	97191549	154	3
NC_072004.2	97230250	97231264	2	1	+	NC_072004.2	97230263	97230325	97231112	97231214	GCGR	XM_054537407.1	+	2	97230325	97231112	787	1
NC_072004.2	97232083	97232674	2	1	+	NC_072004.2	97232244	97232351	97232430	97232551	GCGR	XM_054537407.1	+	2	97232351	97232430	79	1
NC_072004.2	97247433	97247730	-3	1	-	NC_072004.2	97247684	97247691	97247472	97247590	MCRIP1	XM_024234329.3	-	3	97247590	97247684	94	5
NC_072004.2	97329484	97329934	-2	1	-	NC_072004.2	97329851	97329916	97329534	97329622	PCYT2	XM_024234508.3	-	2	97329622	97329851	229	3
NC_072004.2	97331751	97332345	-3	1	-	NC_072004.2	97332235	97332319	97332016	97332060	PCYT2	XM_024234508.3	-	3	97332060	97332235	175	5
NC_072004.2	97338404	97338980	-1	1	-	NC_072004.2	97338744	97338980	97338537	97338617	SIRT7	XM_024234510.3	-	1	97338617	97338744	127	2
NC_072004.2	97379704	97380409	-2	1	-	NC_072004.2	97380153	97380344	97379920	97380020	NOTUM	XM_024234514.3	-	2	97380020	97380153	133	1
NC_072004.2	97449200	97449725	3	1	+	NC_072004.2	97449201	97449271	97449509	97449687	LRRC45	XM_024234519.3	+	3	97449271	97449509	238	1
NC_072004.2	97452452	97452833	3	1	+	NC_072004.2	97452494	97452629	97452717	97452794	LRRC45	XM_024234519.3	+	3	97452629	97452717	88	1
NC_072004.2	97473888	97474734	-3	1	-	NC_072004.2	97474537	97474702	97473890	97473975	RFNG	XM_002827969.5	-	3	97473975	97474537	562	1
NC_072004.2	97481478	97482156	1	1	+	NC_072004.2	97481497	97481634	97481707	97481841	GPS1	XM_024234535.3	+	1	97481634	97481707	73	12
NC_072004.2	97485593	97485872	-1	1	-	NC_072004.2	97485759	97485855	97485595	97485677	DUS1L	XM_002827968.5	-	1	97485677	97485759	82	3
NC_072004.2	97510724	97511387	-1	1	-	NC_072004.2	97511281	97511372	97510967	97511118	FASN	XM_024234548.3	-	1	97511118	97511281	163	2
NC_072004.2	97511416	97512613	-2	1	-	NC_072004.2	97512466	97512588	97511869	97512070	FASN	XM_024234548.3	-	2	97512070	97512466	396	2
NC_072004.2	97515961	97516645	-2	1	-	NC_072004.2	97516297	97516476	97516009	97516212	FASN	XM_024234548.3	-	2	97516212	97516297	85	2
NC_072004.2	97516440	97517298	-3	1	-	NC_072004.2	97517088	97517279	97516926	97517006	FASN	XM_024234548.3	-	3	97517006	97517088	82	2
NC_072004.2	97521853	97522462	-2	1	-	NC_072004.2	97522240	97522440	97521892	97522014	FASN	XM_024234548.3	-	2	97522014	97522240	226	2
NC_072004.2	97580725	97582999	-2	1	-	NC_072004.2	97582774	97582987	97580726	97580784	CCDC57	XM_054537425.2	-	2	97580784	97582774	1990	1
NC_072004.2	97867797	97868277	1	1	+	NC_072004.2	97867801	97867917	97868059	97868242	HEXD	XM_063718349.1	+	1	97867917	97868059	142	1
NC_072005.2	10013359	10013656	-3	1	-	NC_072005.2	10013588	10013632	10013390	10013443	COL5A3	XM_009252766.4	-	3	10013443	10013588	145	2
NC_072005.2	1006262	1006652	3	1	+	NC_072005.2	1006315	1006403	1006533	1006652	ATP5F1D	XM_002828371.6	+	3	1006403	1006533	130	2
NC_072005.2	10121555	10122113	3	1	+	NC_072005.2	10121619	10121742	10121941	10121990	SHFL	XM_002828644.5	+	3	10121742	10121941	199	2
NC_072005.2	10145129	10145825	3	1	+	NC_072005.2	10145149	10145278	10145360	10145529	P2RY11	NM_001131346.1	+	3	10145278	10145360	82	3
NC_072005.2	10145129	10145825	3	1	+	NC_072005.2	10145360	10145529	10145608	10145825	P2RY11	NM_001131346.1	+	3	10145529	10145608	79	2
NC_072005.2	10145129	10145825	3	1	+	NC_072005.2	10145360	10145529	10145608	10145685	P2RY11	XM_054538267.1	+	3	10145529	10145608	79	1
NC_072005.2	1016060	1016801	3	1	+	NC_072005.2	1016187	1016315	1016400	1016714	MIDN	XM_024236991.3	+	3	1016315	1016400	85	3
NC_072005.2	10286136	10286469	1	1	+	NC_072005.2	10286206	10286262	10286350	10286416	MRPL4	XM_002828648.5	+	1	10286262	10286350	88	1
NC_072005.2	10325136	10326006	1	1	+	NC_072005.2	10325186	10325455	10325603	10325923	ICAM5	XM_024238397.3	+	1	10325455	10325603	148	1
NC_072005.2	10349424	10350114	-1	1	-	NC_072005.2	10349859	10349913	10349541	10349708	FDX2	XM_063719929.1	-	1	10349708	10349859	151	1
NC_072005.2	10354907	10355576	-2	1	-	NC_072005.2	10355331	10355542	10354938	10355234	RAVER1	XM_024236839.3	-	2	10355234	10355331	97	3
NC_072005.2	10354907	10355576	-2	1	-	NC_072005.2	10355331	10355542	10355141	10355234	RAVER1	XM_024236840.3	-	2	10355234	10355331	97	3
NC_072005.2	10354907	10355576	-2	1	-	NC_072005.2	10355141	10355234	10354938	10355065	RAVER1	XM_024236840.3	-	2	10355065	10355141	76	3
NC_072005.2	10357319	10357901	-2	1	-	NC_072005.2	10357689	10357880	10357460	10357589	RAVER1	XM_024236839.3	-	2	10357589	10357689	100	6
NC_072005.2	10394296	10395007	-3	1	-	NC_072005.2	10394686	10394821	10394447	10394601	TYK2	XM_024237709.3	-	3	10394601	10394686	85	8
NC_072005.2	10591291	10591867	2	1	+	NC_072005.2	10591469	10591547	10591617	10591693	ATG4D	XM_024237036.3	+	2	10591547	10591617	70	2
NC_072005.2	10672550	10673003	3	1	+	NC_072005.2	10672658	10672742	10672875	10672985	SLC44A2	NM_001133264.1	+	3	10672742	10672875	133	1
NC_072005.2	10673038	10673350	2	1	+	NC_072005.2	10673075	10673135	10673226	10673349	SLC44A2	NM_001133264.1	+	2	10673135	10673226	91	1
NC_072005.2	10755122	10755701	3	1	+	NC_072005.2	10755386	10755461	10755591	10755700	QTRT1	XM_024238291.3	+	3	10755461	10755591	130	1
NC_072005.2	10963412	10963937	3	1	+	NC_072005.2	10963625	10963762	10963847	10963936	CARM1	XM_024237075.3	+	3	10963762	10963847	85	4
NC_072005.2	10966615	10967128	-3	1	-	NC_072005.2	10966943	10967109	10966685	10966867	YIPF2	XM_024237078.3	-	3	10966867	10966943	76	4
NC_072005.2	11102981	11103650	3	1	+	NC_072005.2	11103099	11103231	11103391	11103533	SMARCA4	XM_024236467.3	+	3	11103231	11103391	160	13
NC_072005.2	11211749	11212277	-2	1	-	NC_072005.2	11211942	11212142	11211771	11211860	KANK2	XM_024237171.3	-	2	11211860	11211942	82	15
NC_072005.2	11249920	11250562	-3	1	-	NC_072005.2	11250236	11250428	11250011	11250154	DOCK6	XM_024237575.3	-	3	11250154	11250236	82	8
NC_072005.2	11263756	11264518	-3	1	-	NC_072005.2	11264126	11264239	11263868	11264038	DOCK6	XM_024237575.3	-	3	11264038	11264126	88	8
NC_072005.2	11286306	11286789	-1	1	-	NC_072005.2	11286601	11286667	11286352	11286501	DOCK6	XM_024237575.3	-	1	11286501	11286601	100	8
NC_072005.2	1135547	1135970	3	1	+	NC_072005.2	1135548	1135623	1135879	1135929	PWWP3A	XM_024237860.3	+	3	1135623	1135879	256	5
NC_072005.2	11440951	11441242	-3	1	-	NC_072005.2	11441159	11441191	11440953	11441074	RGL3	XM_002828691.5	-	3	11441074	11441159	85	2
NC_072005.2	11445692	11446220	-2	1	-	NC_072005.2	11446074	11446216	11445771	11445986	RGL3	XM_002828691.5	-	2	11445986	11446074	88	2
NC_072005.2	11460139	11461306	-3	1	-	NC_072005.2	11461076	11461232	11460281	11460436	ODAD3	XM_024236866.3	-	3	11460436	11461076	640	2
NC_072005.2	11473151	11473679	3	1	+	NC_072005.2	11473224	11473302	11473495	11473611	PRKCSH	XM_024236871.3	+	3	11473302	11473495	193	27
NC_072005.2	11487362	11487782	3	1	+	NC_072005.2	11487446	11487545	11487636	11487782	PRKCSH	XM_024236871.3	+	3	11487545	11487636	91	27
NC_072005.2	12104269	12105853	2	1	+	NC_072005.2	12104808	12104847	12105328	12105853	LOC100433361	XM_063719982.1	+	2	12104847	12105328	481	1
NC_072005.2	1218823	1219294	2	1	+	NC_072005.2	1218929	1219019	1219113	1219293	APC2	XM_024236781.3	+	2	1219019	1219113	94	6
NC_072005.2	1254485	1255283	-2	1	-	NC_072005.2	1254861	1255033	1254573	1254785	PCSK4	XM_024236783.3	-	2	1254785	1254861	76	8
NC_072005.2	12709817	12710216	3	1	+	NC_072005.2	12709946	12710013	12710107	12710215	WDR83	XM_002828729.5	+	3	12710013	12710107	94	3
NC_072005.2	12726250	12726469	-3	1	-	NC_072005.2	12726404	12726469	12726251	12726322	FBXW9	XM_002828725.6	-	3	12726322	12726404	82	2
NC_072005.2	1277152	1277641	-3	1	-	NC_072005.2	1277371	1277431	1277154	1277262	ADAMTSL5	XM_063719246.1	-	3	1277262	1277371	109	2
NC_072005.2	1277543	1278155	-2	1	-	NC_072005.2	1277852	1277924	1277646	1277740	ADAMTSL5	XM_063719246.1	-	2	1277740	1277852	112	1
NC_072005.2	1277543	1278155	-2	1	-	NC_072005.2	1277852	1277924	1277646	1277737	ADAMTSL5	XM_063719247.1	-	2	1277737	1277852	115	1
NC_072005.2	12802502	12802931	-2	1	-	NC_072005.2	12802751	12802833	12802566	12802669	HOOK2	XM_002828733.6	-	2	12802669	12802751	82	4
NC_072005.2	12802502	12802931	-2	1	-	NC_072005.2	12802751	12802833	12802566	12802666	HOOK2	XM_009252847.4	-	2	12802666	12802751	85	1
NC_072005.2	12912555	12913125	-1	1	-	NC_072005.2	12912858	12913022	12912703	12912767	DNASE2	NM_001131328.1	-	1	12912767	12912858	91	1
NC_072005.2	12926284	12926938	2	1	+	NC_072005.2	12926340	12926483	12926625	12926687	GCDH	NM_001134139.1	+	2	12926483	12926625	142	1
NC_072005.2	12965038	12965395	-3	1	-	NC_072005.2	12965246	12965344	12965040	12965158	FARSA	NM_001133695.2	-	3	12965158	12965246	88	1
NC_072005.2	13147722	13148487	-1	1	-	NC_072005.2	13147957	13148026	13147738	13147872	TRMT1	XM_009252868.4	-	1	13147872	13147957	85	3
NC_072005.2	13251536	13252142	-2	1	-	NC_072005.2	13251924	13252062	13251651	13251764	CACNA1A	XM_054538643.2	-	2	13251764	13251924	160	5
NC_072005.2	1389083	1390001	-2	1	-	NC_072005.2	1389627	1389785	1389422	1389545	TCF3	XM_054538595.2	-	2	1389545	1389627	82	13
NC_072005.2	1389083	1390001	-2	1	-	NC_072005.2	1389627	1389782	1389422	1389545	TCF3	XM_063719838.1	-	2	1389545	1389627	82	6
NC_072005.2	1391550	1392531	-1	1	-	NC_072005.2	1392193	1392362	1391976	1392108	TCF3	XM_054538595.2	-	1	1392108	1392193	85	19
NC_072005.2	13951680	13952070	1	1	+	NC_072005.2	13951787	13951902	13951993	13952058	CC2D1A	XM_002828766.5	+	1	13951902	13951993	91	13
NC_072005.2	13952582	13953110	3	1	+	NC_072005.2	13952634	13952768	13952871	13953105	CC2D1A	XM_002828766.5	+	3	13952768	13952871	103	13
NC_072005.2	13968173	13969295	3	1	+	NC_072005.2	13968174	13968300	13969198	13969274	CC2D1A	XM_002828766.5	+	3	13968300	13969198	898	13
NC_072005.2	13998622	13999714	2	1	+	NC_072005.2	13998708	13999142	13999245	13999336	DCAF15	XM_063719309.1	+	2	13999142	13999245	103	3
NC_072005.2	13998622	13999714	2	1	+	NC_072005.2	13999245	13999336	13999430	13999558	DCAF15	XM_063719309.1	+	2	13999336	13999430	94	3
NC_072005.2	14006073	14006487	-1	1	-	NC_072005.2	14006287	14006405	14006075	14006184	RFX1	XM_054538675.2	-	1	14006184	14006287	103	9
NC_072005.2	14078672	14079245	3	1	+	NC_072005.2	14078777	14078934	14079022	14079179	IL27RA	XM_024238353.3	+	3	14078934	14079022	88	1
NC_072005.2	14078672	14079245	3	1	+	NC_072005.2	14078777	14078934	14079007	14079179	IL27RA	XM_054538682.2	+	3	14078934	14079007	73	1
NC_072005.2	14088347	14088983	3	1	+	NC_072005.2	14088406	14088507	14088580	14088738	IL27RA	XM_024238353.3	+	3	14088507	14088580	73	2
NC_072005.2	14201014	14201512	-3	1	-	NC_072005.2	14201474	14201512	14201140	14201323	ADGRL1	XM_054538691.2	-	3	14201323	14201474	151	4
NC_072005.2	14443308	14443926	1	1	+	NC_072005.2	14443309	14443486	14443571	14443678	ADGRE5	XM_024237543.3	+	1	14443486	14443571	85	7
NC_072005.2	14451430	14451805	-3	1	-	NC_072005.2	14451638	14451769	14451432	14451541	DDX39A	XM_002828787.6	-	3	14451541	14451638	97	3
NC_072005.2	14607478	14607799	2	1	+	NC_072005.2	14607501	14607604	14607683	14607798	TECR	XM_024238431.3	+	2	14607604	14607683	79	2
NC_072005.2	14608757	14609366	3	1	+	NC_072005.2	14608761	14608818	14608897	14608985	TECR	XM_024238431.3	+	3	14608818	14608897	79	3
NC_072005.2	15104587	15105589	2	1	+	NC_072005.2	15104765	15105119	15105405	15105589	LOC100450805	XM_024237578.3	+	2	15105119	15105405	286	1
NC_072005.2	15306548	15307100	3	1	+	NC_072005.2	15306600	15306726	15306856	15307079	SYDE1	XM_024237353.3	+	3	15306726	15306856	130	1
NC_072005.2	15306548	15307100	3	1	+	NC_072005.2	15306600	15306726	15306919	15307079	SYDE1	XM_024237354.3	+	3	15306726	15306919	193	2
NC_072005.2	15374909	15375584	-2	1	-	NC_072005.2	15375425	15375557	15375086	15375343	NOTCH3	XM_002828820.6	-	2	15375343	15375425	82	1
NC_072005.2	15380894	15381521	-2	1	-	NC_072005.2	15381353	15381504	15381002	15381115	NOTCH3	XM_002828820.6	-	2	15381115	15381353	238	1
NC_072005.2	15387468	15387978	-1	1	-	NC_072005.2	15387831	15387953	15387510	15387743	NOTCH3	XM_002828820.6	-	1	15387743	15387831	88	1
NC_072005.2	15653145	15653982	-1	1	-	NC_072005.2	15653653	15653779	15653452	15653550	RASAL3	XM_054545993.1	-	1	15653550	15653653	103	1
NC_072005.2	1568137	1568701	-3	1	-	NC_072005.2	1568624	1568655	1568362	1568530	ATP8B3	XM_054538605.2	-	3	1568530	1568624	94	3
NC_072005.2	1568137	1568701	-3	1	-	NC_072005.2	1568624	1568655	1568374	1568530	ATP8B3	XM_054538606.2	-	3	1568530	1568624	94	1
NC_072005.2	15778813	15779401	2	1	+	NC_072005.2	15778987	15779120	15779217	15779281	LOC100459978	XM_024237193.2	+	2	15779120	15779217	97	1
NC_072005.2	15821039	15821582	3	1	+	NC_072005.2	15821269	15821333	15821499	15821581	LOC100461079	XM_002828836.4	+	3	15821333	15821499	166	1
NC_072005.2	1688972	1689656	3	1	+	NC_072005.2	1689064	1689192	1689499	1689655	SCAMP4	NM_001131705.2	+	3	1689192	1689499	307	1
NC_072005.2	1688972	1689656	3	1	+	NC_072005.2	1689189	1689192	1689499	1689655	SCAMP4	XM_054538338.2	+	3	1689192	1689499	307	1
NC_072005.2	17102559	17103321	-1	1	-	NC_072005.2	17103075	17103180	17102877	17102987	CPAMD8	XM_054539883.2	-	1	17102987	17103075	88	5
NC_072005.2	17108565	17109294	-1	1	-	NC_072005.2	17108920	17109075	17108779	17108841	CPAMD8	XM_054539883.2	-	1	17108841	17108920	79	5
NC_072005.2	17220822	17221323	-1	1	-	NC_072005.2	17221080	17221245	17220952	17221004	CPAMD8	XM_054539883.2	-	1	17221004	17221080	76	6
NC_072005.2	17547082	17547679	2	1	+	NC_072005.2	17547192	17547278	17547366	17547568	GTPBP3	XM_024238318.3	+	2	17547278	17547366	88	4
NC_072005.2	17706094	17706553	2	1	+	NC_072005.2	17706198	17706359	17706483	17706552	SLC27A1	XM_002828895.6	+	2	17706359	17706483	124	4
NC_072005.2	17762330	17762810	3	1	+	NC_072005.2	17762490	17762606	17762697	17762804	NIBAN3	XM_024236440.3	+	3	17762606	17762697	91	4
NC_072005.2	18066649	18067156	-3	1	-	NC_072005.2	18066902	18067024	18066651	18066808	JAK3	XM_024236446.3	-	3	18066808	18066902	94	1
NC_072005.2	18110671	18111148	2	1	+	NC_072005.2	18110756	18110842	18110951	18111147	SLC5A5	XM_002828906.4	+	2	18110842	18110951	109	1
NC_072005.2	1815468	1816137	-1	1	-	NC_072005.2	1815886	1815941	1815706	1815801	MKNK2	XM_024236564.3	-	1	1815801	1815886	85	3
NC_072005.2	1819462	1819966	-3	1	-	NC_072005.2	1819852	1819939	1819615	1819716	MKNK2	XM_024236564.3	-	3	1819716	1819852	136	3
NC_072005.2	18358141	18358582	2	1	+	NC_072005.2	18358153	18358285	18358391	18358556	MAST3	XM_024238129.3	+	2	18358285	18358391	106	46
NC_072005.2	18401206	18401467	2	1	+	NC_072005.2	18401270	18401323	18401408	18401467	IFI30	XM_002828916.6	+	2	18401323	18401408	85	2
NC_072005.2	18481428	18492363	-1	1	-	NC_072005.2	18489010	18492072	18481429	18482352	IQCN	XM_054539927.2	-	1	18482352	18489010	6658	1
NC_072005.2	18660193	18660961	-3	1	-	NC_072005.2	18660617	18660832	18660341	18660505	ISYNA1	XM_024238199.3	-	3	18660505	18660617	112	3
NC_072005.2	18805112	18805442	3	1	+	NC_072005.2	18805165	18805267	18805352	18805442	UBA52	NM_001131235.2	+	3	18805267	18805352	85	4
NC_072005.2	18824326	18824917	-3	1	-	NC_072005.2	18824609	18824796	18824428	18824470	CRLF1	XM_024236974.3	-	3	18824470	18824609	139	7
NC_072005.2	18843936	18844458	1	1	+	NC_072005.2	18843961	18844105	18844193	18844284	TMEM59L	XM_002828939.5	+	1	18844105	18844193	88	1
NC_072005.2	19017801	19018671	-1	1	-	NC_072005.2	19018597	19018671	19018168	19018272	COMP	XM_024236658.3	-	1	19018272	19018597	325	1
NC_072005.2	19017801	19018671	-1	1	-	NC_072005.2	19018168	19018272	19017970	19018077	COMP	XM_024236658.3	-	1	19018077	19018168	91	1
NC_072005.2	19727966	19728593	3	1	+	NC_072005.2	19728021	19728152	19728318	19728485	GATAD2A	XM_024236477.3	+	3	19728152	19728318	166	19
NC_072005.2	19767401	19768004	3	1	+	NC_072005.2	19767534	19767647	19767726	19767876	YJEFN3	XM_009253048.4	+	3	19767647	19767726	79	10
NC_072005.2	1985835	1986438	1	1	+	NC_072005.2	1985860	1985961	1986163	1986300	DOT1L	XM_024237254.3	+	1	1985961	1986163	202	4
NC_072005.2	19876734	19877265	-1	1	-	NC_072005.2	19876965	19877077	19876755	19876844	GMIP	XM_002828973.5	-	1	19876844	19876965	121	2
NC_072005.2	19876734	19877265	-1	1	-	NC_072005.2	19876965	19877077	19876755	19876835	GMIP	XM_054538788.2	-	1	19876835	19876965	130	2
NC_072005.2	19879779	19880706	-1	1	-	NC_072005.2	19880332	19880396	19880122	19880229	GMIP	XM_002828973.5	-	1	19880229	19880332	103	4
NC_072005.2	19885445	19885970	-2	1	-	NC_072005.2	19885668	19885811	19885446	19885553	ATP13A1	XM_024236819.3	-	2	19885553	19885668	115	2
NC_072005.2	19887084	19887609	-1	1	-	NC_072005.2	19887429	19887543	19887145	19887341	ATP13A1	XM_024236819.3	-	1	19887341	19887429	88	3
NC_072005.2	19893762	19894791	-1	1	-	NC_072005.2	19894611	19894768	19894036	19894211	ATP13A1	XM_024236819.3	-	1	19894211	19894611	400	3
NC_072005.2	2117503	2118310	2	1	+	NC_072005.2	2117708	2117782	2118188	2118250	SPPL2B	XM_024236711.3	+	2	2117782	2118188	406	6
NC_072005.2	2206772	2207534	-2	1	-	NC_072005.2	2207349	2207519	2207142	2207267	LMNB2	XM_024236743.3	-	2	2207267	2207349	82	3
NC_072005.2	3158668	3159244	2	1	+	NC_072005.2	3158846	3158987	3159072	3159218	CELF5	XM_024238224.3	+	2	3158987	3159072	85	18
NC_072005.2	3427734	3428379	1	1	+	NC_072005.2	3427863	3428101	3428192	3428317	TEKTIP1	XM_024237695.3	+	1	3428101	3428192	91	1
NC_072005.2	3431849	3432275	-2	1	-	NC_072005.2	3432150	3432242	3431967	3432059	MFSD12	XM_003779026.5	-	2	3432059	3432150	91	2
NC_072005.2	35104419	35104941	1	1	+	NC_072005.2	35104474	35104619	35104743	35104878	CCNE1	XM_024238347.3	+	1	35104619	35104743	124	4
NC_072005.2	3528733	3529342	-3	1	-	NC_072005.2	3529041	3529179	3528735	3528767	PIP5K1C	XM_024237659.3	-	3	3528767	3529041	274	2
NC_072005.2	3646760	3647345	-2	1	-	NC_072005.2	3647046	3647132	3646791	3646952	APBA3	XM_002828450.6	-	2	3646952	3647046	94	5
NC_072005.2	3678829	3680023	-3	1	-	NC_072005.2	3679772	3679831	3679313	3679426	MATK	XM_024237102.3	-	3	3679426	3679772	346	1
NC_072005.2	37939440	37939689	-1	1	-	NC_072005.2	37939636	37939689	37939492	37939557	ANKRD27	NM_001131293.1	-	1	37939557	37939636	79	6
NC_072005.2	37939440	37939689	-1	1	-	NC_072005.2	37939636	37939686	37939492	37939557	ANKRD27	XM_054538255.2	-	1	37939557	37939636	79	3
NC_072005.2	38132500	38132878	2	1	+	NC_072005.2	38132533	38132686	38132771	38132837	TDRD12	XM_054538838.2	+	2	38132686	38132771	85	4
NC_072005.2	38158832	38159381	-2	1	-	NC_072005.2	38159177	38159302	38158834	38158933	SLC7A9	XM_002829022.4	-	2	38158933	38159177	244	1
NC_072005.2	3838540	3839485	2	1	+	NC_072005.2	3838613	3838661	3839328	3839484	NMRK2	XM_024237377.3	+	2	3838661	3839328	667	2
NC_072005.2	3838540	3839485	2	1	+	NC_072005.2	3838598	3838661	3839328	3839484	NMRK2	XM_054539355.2	+	2	3838661	3839328	667	2
NC_072005.2	3932020	3932596	2	1	+	NC_072005.2	3932071	3932161	3932279	3932407	PIAS4	XM_024237982.2	+	2	3932161	3932279	118	1
NC_072005.2	3947563	3948241	2	1	+	NC_072005.2	3947743	3947873	3947985	3948241	PIAS4	XM_024237982.2	+	2	3947873	3947985	112	1
NC_072005.2	40436459	40436948	3	1	+	NC_072005.2	40436605	40436723	40436805	40436947	GRAMD1A	XM_024237425.3	+	3	40436723	40436805	82	2
NC_072005.2	40538561	40538822	3	1	+	NC_072005.2	40538630	40538667	40538809	40538822	FXYD3	XM_024236934.2	+	3	40538667	40538809	142	2
NC_072005.2	40566410	40566821	3	1	+	NC_072005.2	40566544	40566618	40566730	40566772	FXYD7	XM_024237326.3	+	3	40566618	40566730	112	1
NC_072005.2	40566410	40566821	3	1	+	NC_072005.2	40566544	40566618	40566730	40566763	FXYD7	XM_054538872.2	+	3	40566618	40566730	112	1
NC_072005.2	40686323	40687313	3	1	+	NC_072005.2	40686661	40686779	40686879	40687079	USF2	XM_024237849.3	+	3	40686779	40686879	100	3
NC_072005.2	40695606	40696254	1	1	+	NC_072005.2	40695776	40695870	40696024	40696254	USF2	XM_024237849.3	+	1	40695870	40696024	154	1
NC_072005.2	40695606	40696254	1	1	+	NC_072005.2	40695776	40695870	40696024	40696152	USF2	XM_024237850.3	+	1	40695870	40696024	154	3
NC_072005.2	40982259	40983054	-1	1	-	NC_072005.2	40982938	40982949	40982704	40982847	ATP4A	XM_024237552.3	-	1	40982847	40982938	91	1
NC_072005.2	41063623	41064046	2	1	+	NC_072005.2	41063652	41063717	41063793	41063968	RBM42	XM_002829075.6	+	2	41063717	41063793	76	1
NC_072005.2	41063623	41064046	2	1	+	NC_072005.2	41063652	41063717	41063814	41063968	RBM42	XM_054540148.2	+	2	41063717	41063814	97	1
NC_072005.2	41160898	41161312	2	1	+	NC_072005.2	41160933	41161117	41161193	41161282	KMT2B	XM_024236889.3	+	2	41161117	41161193	76	3
NC_072005.2	41177144	41177573	-2	1	-	NC_072005.2	41177487	41177561	41177225	41177321	U2AF1L4	XM_024236895.3	-	2	41177321	41177487	166	1
NC_072005.2	41213050	41213524	2	1	+	NC_072005.2	41213096	41213218	41213306	41213383	ARHGAP33	XM_024238346.2	+	2	41213218	41213306	88	27
NC_072005.2	41215240	41215753	2	1	+	NC_072005.2	41215255	41215399	41215645	41215752	ARHGAP33	XM_024238346.2	+	2	41215399	41215645	246	27
NC_072005.2	41269593	41270046	-1	1	-	NC_072005.2	41269903	41269978	41269659	41269752	NPHS1	XM_024237461.3	-	1	41269752	41269903	151	1
NC_072005.2	41283088	41283547	-3	1	-	NC_072005.2	41283322	41283462	41283106	41283246	NPHS1	XM_024237461.3	-	3	41283246	41283322	76	1
NC_072005.2	41313534	41314368	1	1	+	NC_072005.2	41313589	41313747	41313826	41313954	APLP1	XM_009232473.4	+	1	41313747	41313826	79	2
NC_072005.2	41342139	41342787	1	1	+	NC_072005.2	41342198	41342263	41342621	41342752	HCST	XM_002829092.6	+	1	41342263	41342621	358	5
NC_072005.2	41443999	41444770	-3	1	-	NC_072005.2	41444555	41444749	41444228	41444476	SYNE4	XM_063720049.1	-	3	41444476	41444555	79	1
NC_072005.2	41527244	41527829	3	1	+	NC_072005.2	41527497	41527608	41527699	41527762	WDR62	XM_024236512.3	+	3	41527608	41527699	91	9
NC_072005.2	41539187	41540345	3	1	+	NC_072005.2	41539280	41539406	41539488	41539539	WDR62	XM_024236512.3	+	3	41539406	41539488	82	9
NC_072005.2	41539187	41540345	3	1	+	NC_072005.2	41539488	41539539	41539675	41540313	WDR62	XM_024236512.3	+	3	41539539	41539675	136	9
NC_072005.2	41561830	41562220	2	1	+	NC_072005.2	41561892	41561964	41562109	41562220	TBCB	XM_024236794.3	+	2	41561964	41562109	145	1
NC_072005.2	4238738	4239371	-2	1	-	NC_072005.2	4238996	4239166	4238816	4238908	STAP2	XM_024237062.3	-	2	4238908	4238996	88	4
NC_072005.2	4268407	4268878	2	1	+	NC_072005.2	4268546	4268618	4268694	4268770	MPND	XM_024237166.3	+	2	4268618	4268694	76	5
NC_072005.2	43905006	43905810	1	1	+	NC_072005.2	43905064	43905148	43905709	43905810	C20H19orf33	XM_002829157.4	+	1	43905148	43905709	561	1
NC_072005.2	4401213	4401519	1	1	+	NC_072005.2	4401238	4401354	4401436	4401507	HDGFL2	XM_024237106.2	+	1	4401354	4401436	82	5
NC_072005.2	4406861	4407560	3	1	+	NC_072005.2	4407007	4407082	4407191	4407500	HDGFL2	XM_024237106.2	+	3	4407082	4407191	109	5
NC_072005.2	44099578	44100178	2	1	+	NC_072005.2	44099713	44099827	44099915	44100047	RYR1	XM_054540360.2	+	2	44099827	44099915	88	3
NC_072005.2	44211808	44212177	-3	1	-	NC_072005.2	44212058	44212116	44211936	44211979	MAP4K1	XM_024237026.3	-	3	44211979	44212058	79	1
NC_072005.2	44211808	44212177	-3	1	-	NC_072005.2	44211936	44211979	44211810	44211857	MAP4K1	XM_024237026.3	-	3	44211857	44211936	79	1
NC_072005.2	44334353	44334881	-2	1	-	NC_072005.2	44334578	44334694	44334435	44334493	CAPN12	XM_054540365.2	-	2	44334493	44334578	85	1
NC_072005.2	44337515	44337932	-2	1	-	NC_072005.2	44337804	44337880	44337627	44337689	CAPN12	XM_054540365.2	-	2	44337689	44337804	115	1
NC_072005.2	44417480	44417945	-2	1	-	NC_072005.2	44417706	44417871	44417481	44417624	LGALS4	XM_024238240.3	-	2	44417624	44417706	82	1
NC_072005.2	44432023	44432563	-3	1	-	NC_072005.2	44432386	44432434	44432135	44432199	ECH1	NM_001131175.1	-	3	44432199	44432386	187	1
NC_072005.2	44445619	44446159	-3	1	-	NC_072005.2	44445982	44446030	44445731	44445795	LOC100449591	XM_024236881.3	-	3	44445795	44445982	187	1
NC_072005.2	44503788	44504397	-1	1	-	NC_072005.2	44504071	44504126	44503790	44503866	SIRT2	NM_001132047.1	-	1	44503866	44504071	205	4
NC_072005.2	44503788	44504397	-1	1	-	NC_072005.2	44504071	44504126	44503790	44503818	SIRT2	XM_054538367.2	-	1	44503818	44504071	253	1
NC_072005.2	44547223	44547985	-3	1	-	NC_072005.2	44547743	44547836	44547362	44547427	SARS2	NM_001131602.1	-	3	44547427	44547743	316	4
NC_072005.2	44732855	44733212	3	1	+	NC_072005.2	44732938	44733000	44733097	44733211	ACP7	XM_054540382.2	+	3	44733000	44733097	97	1
NC_072005.2	44733307	44733622	2	1	+	NC_072005.2	44733308	44733415	44733509	44733566	ACP7	XM_024237824.3	+	2	44733415	44733509	94	1
NC_072005.2	44878797	44879247	-1	1	-	NC_072005.2	44879158	44879229	44878942	44879085	LOC100459239	XM_009232577.4	-	1	44879085	44879158	73	1
NC_072005.2	45018255	45018903	-1	1	-	NC_072005.2	45018750	45018840	45018256	45018671	PAF1	NM_001132162.1	-	1	45018671	45018750	79	2
NC_072005.2	45090869	45091244	3	1	+	NC_072005.2	45090988	45091057	45091175	45091243	SUPT5H	NM_001133581.1	+	3	45091057	45091175	118	4
NC_072005.2	45118177	45118675	2	1	+	NC_072005.2	45118223	45118327	45118433	45118531	TIMM50	NM_001132241.1	+	2	45118327	45118433	106	4
NC_072005.2	45148157	45148505	3	1	+	NC_072005.2	45148263	45148337	45148431	45148505	SELENOV	NM_001199976.2	+	3	45148337	45148431	94	1
NC_072005.2	45600744	45601314	-1	1	-	NC_072005.2	45601150	45601296	45600925	45601065	DYRK1B	XM_054540428.2	-	1	45601065	45601150	85	3
NC_072005.2	45667273	45668935	-3	1	-	NC_072005.2	45668335	45668908	45667325	45667941	FCGBP	XM_024238152.3	-	3	45667941	45668335	394	1
NC_072005.2	45684685	45686347	-3	1	-	NC_072005.2	45685747	45686320	45684737	45685353	FCGBP	XM_024238152.3	-	3	45685353	45685747	394	1
NC_072005.2	46014051	46014612	-1	1	-	NC_072005.2	46014403	46014561	46014167	46014318	CCNP	XM_063719501.1	-	1	46014318	46014403	85	1
NC_072005.2	46159625	46160051	3	1	+	NC_072005.2	46159632	46159658	46159758	46159832	PLD3	NM_001133399.1	+	3	46159658	46159758	100	50
NC_072005.2	46373151	46373538	1	1	+	NC_072005.2	46373259	46373304	46373419	46373492	SHKBP1	XM_024236523.3	+	1	46373304	46373419	115	2
NC_072005.2	46402505	46402904	3	1	+	NC_072005.2	46402591	46402665	46402762	46402884	LTBP4	XM_024236526.3	+	3	46402665	46402762	97	28
NC_072005.2	46404524	46405064	3	1	+	NC_072005.2	46404607	46404756	46404871	46404990	LTBP4	XM_024236526.3	+	3	46404756	46404871	115	28
NC_072005.2	46405885	46406602	2	1	+	NC_072005.2	46405899	46406030	46406115	46406240	LTBP4	XM_024236526.3	+	2	46406030	46406115	85	22
NC_072005.2	46688946	46689729	1	1	+	NC_072005.2	46689011	46689198	46689388	46689529	LOC100457779	XM_002829256.6	+	1	46689198	46689388	190	1
NC_072005.2	46760626	46761280	2	1	+	NC_072005.2	46760691	46760878	46761068	46761209	LOC100458142	XM_002829257.6	+	2	46760878	46761068	190	1
NC_072005.2	46968849	46969470	1	1	+	NC_072005.2	46968943	46969084	46969265	46969470	LOC100459240	XM_024238230.3	+	1	46969084	46969265	181	1
NC_072005.2	46993888	46994353	2	1	+	NC_072005.2	46993920	46994000	46994136	46994251	AXL	XM_024236493.3	+	2	46994000	46994136	136	2
NC_072005.2	47000826	47001705	1	1	+	NC_072005.2	47000881	47001091	47001407	47001546	AXL	XM_024236493.3	+	1	47001091	47001407	316	2
NC_072005.2	47812526	47812928	3	1	+	NC_072005.2	47812608	47812704	47812783	47812818	ARHGEF1	XM_024237141.3	+	3	47812704	47812783	79	2
NC_072005.2	47812526	47812928	3	1	+	NC_072005.2	47812608	47812704	47812789	47812818	ARHGEF1	XM_063719511.1	+	3	47812704	47812789	85	3
NC_072005.2	47820207	47820813	1	1	+	NC_072005.2	47820278	47820424	47820665	47820747	ARHGEF1	XM_024237141.3	+	1	47820424	47820665	241	7
NC_072005.2	47822260	47822932	2	1	+	NC_072005.2	47822417	47822492	47822598	47822765	ARHGEF1	XM_024237141.3	+	2	47822492	47822598	106	7
NC_072005.2	47896416	47896869	-1	1	-	NC_072005.2	47896633	47896808	47896418	47896554	ATP1A3	XM_024237140.3	-	1	47896554	47896633	79	2
NC_072005.2	48042812	48043370	-2	1	-	NC_072005.2	48043199	48043264	48043032	48043066	POU2F2	XM_024237147.3	-	2	48043066	48043199	133	7
NC_072005.2	48042812	48043370	-2	1	-	NC_072005.2	48043199	48043256	48043032	48043066	POU2F2	XM_054540524.2	-	2	48043066	48043199	133	2
NC_072005.2	48157919	48158468	-2	1	-	NC_072005.2	48158364	48158447	48158112	48158222	GSK3A	XM_002829294.5	-	2	48158222	48158364	142	1
NC_072005.2	48213883	48214687	2	1	+	NC_072005.2	48213918	48214211	48214308	48214633	CIC	XM_024241684.3	+	2	48214211	48214308	97	11
NC_072005.2	48213883	48214687	2	1	+	NC_072005.2	48213918	48214211	48214311	48214633	CIC	XM_054540500.2	+	2	48214211	48214311	100	6
NC_072005.2	48213883	48214687	2	1	+	NC_072005.2	48213921	48214211	48214308	48214633	CIC	XM_063719521.1	+	2	48214211	48214308	97	5
NC_072005.2	48213883	48214687	2	1	+	NC_072005.2	48213921	48214211	48214311	48214633	CIC	XM_063719524.1	+	2	48214211	48214311	100	4
NC_072005.2	48235796	48236468	3	1	+	NC_072005.2	48236103	48236204	48236304	48236388	TMEM145	XM_024237144.3	+	3	48236204	48236304	100	2
NC_072005.2	48235796	48236468	3	1	+	NC_072005.2	48236103	48236162	48236304	48236388	TMEM145	XM_054540534.2	+	3	48236162	48236304	142	2
NC_072005.2	48256292	48256958	3	1	+	NC_072005.2	48256500	48256680	48256762	48256850	MEGF8	XM_024237135.3	+	3	48256680	48256762	82	5
NC_072005.2	48265857	48266382	1	1	+	NC_072005.2	48265900	48266044	48266129	48266292	MEGF8	XM_024237135.3	+	1	48266044	48266129	85	5
NC_072005.2	48328473	48329538	-1	1	-	NC_072005.2	48329218	48329403	48328785	48329079	LIPE	XM_002829298.6	-	1	48329079	48329218	139	3
NC_072005.2	4857294	4857975	1	1	+	NC_072005.2	4857312	4857435	4857523	4857630	UHRF1	XM_024237711.3	+	1	4857435	4857523	88	3
NC_072005.2	49511542	49512361	-3	1	-	NC_072005.2	49512245	49512332	49511792	49511848	PHLDB3	XM_024237570.3	-	3	49511848	49512245	397	3
NC_072005.2	49512414	49512846	-1	1	-	NC_072005.2	49512660	49512759	49512416	49512506	PHLDB3	XM_024237570.3	-	1	49512506	49512660	154	3
NC_072005.2	49781001	49781673	-1	1	-	NC_072005.2	49781334	49781598	49781143	49781240	SMG9	XM_009232713.4	-	1	49781240	49781334	94	9
NC_072005.2	50800636	50801254	2	1	+	NC_072005.2	50800844	50801048	50801154	50801242	BCL3	XM_024237897.3	+	2	50801048	50801154	106	1
NC_072005.2	50865200	50865833	3	1	+	NC_072005.2	50865620	50865737	50865831	50865833	BCAM	XM_024237899.3	+	3	50865737	50865831	94	1
NC_072005.2	50930968	50931508	2	1	+	NC_072005.2	50931142	50931205	50931338	50931424	NECTIN2	XM_024237900.3	+	2	50931205	50931338	133	1
NC_072005.2	51187723	51188359	2	1	+	NC_072005.2	51187808	51187958	51188049	51188204	PPP1R37	XM_002829392.6	+	2	51187958	51188049	91	2
NC_072005.2	51274471	51274765	-3	1	-	NC_072005.2	51274664	51274765	51274473	51274573	EXOC3L2	XM_024238159.3	-	3	51274573	51274664	91	1
NC_072005.2	5132821	5133730	-3	1	-	NC_072005.2	5133473	5133648	5133272	5133391	PTPRS	XM_024236858.3	-	3	5133391	5133473	82	14
NC_072005.2	5138822	5139389	-2	1	-	NC_072005.2	5139189	5139282	5138868	5139083	PTPRS	XM_024236858.3	-	2	5139083	5139189	106	14
NC_072005.2	51398904	51399357	1	1	+	NC_072005.2	51398956	51399046	51399125	51399162	KLC3	NM_001132668.1	+	1	51399046	51399125	79	5
NC_072005.2	51435636	51436683	-1	1	-	NC_072005.2	51436531	51436662	51436044	51436210	PPP1R13L	XM_024236418.3	-	1	51436210	51436531	321	2
NC_072005.2	51445488	51446343	-1	1	-	NC_072005.2	51446157	51446255	51445987	51446078	PPP1R13L	XM_024236418.3	-	1	51446078	51446157	79	2
NC_072005.2	51538430	51538841	-2	1	-	NC_072005.2	51538659	51538797	51538448	51538517	RTN2	XM_024238094.2	-	2	51538517	51538659	142	1
NC_072005.2	51544986	51545871	-1	1	-	NC_072005.2	51545361	51545840	51545001	51545255	RTN2	XM_024238094.2	-	1	51545255	51545361	106	1
NC_072005.2	51576862	51577096	2	1	+	NC_072005.2	51576863	51576920	51577062	51577096	VASP	XM_009232778.4	+	2	51576920	51577062	142	4
NC_072005.2	51727229	51727535	3	1	+	NC_072005.2	51727250	51727319	51727446	51727534	GIPR	XM_024237383.3	+	3	51727319	51727446	127	2
NC_072005.2	52077114	52077585	1	1	+	NC_072005.2	52077183	52077322	52077506	52077584	CCDC61	XM_024238350.3	+	1	52077322	52077506	184	3
NC_072005.2	52312034	52312835	3	1	+	NC_072005.2	52312092	52312116	52312591	52312834	IGFL1	XM_054540742.1	+	3	52312116	52312591	475	1
NC_072005.2	52321009	52321576	-3	1	-	NC_072005.2	52321423	52321487	52321051	52321113	LOC100441404	XM_024238161.2	-	3	52321113	52321423	310	1
NC_072005.2	52479900	52480620	1	1	+	NC_072005.2	52479919	52479984	52480303	52480401	PPP5C	NM_001133996.1	+	1	52479984	52480303	319	1
NC_072005.2	52484818	52485241	2	1	+	NC_072005.2	52484841	52484881	52484987	52485165	PPP5C	NM_001133996.1	+	2	52484881	52484987	106	1
NC_072005.2	52840243	52841125	-3	1	-	NC_072005.2	52840825	52840938	52840385	52840500	STRN4	XM_024238408.3	-	3	52840500	52840825	325	2
NC_072005.2	52840243	52841125	-3	1	-	NC_072005.2	52840825	52840938	52840385	52840479	STRN4	XM_024238409.3	-	3	52840479	52840825	346	2
NC_072005.2	53379270	53380245	1	1	+	NC_072005.2	53379271	53379372	53379538	53379789	CCDC9	XM_024238119.3	+	1	53379372	53379538	166	6
NC_072005.2	53389844	53391452	3	1	+	NC_072005.2	53390258	53390304	53390404	53390539	CCDC9	XM_024238119.3	+	3	53390304	53390404	100	7
NC_072005.2	53389844	53391452	3	1	+	NC_072005.2	53390404	53390539	53390933	53391038	CCDC9	XM_024238119.3	+	3	53390539	53390933	394	7
NC_072005.2	54486566	54486929	-2	1	-	NC_072005.2	54486744	54486907	54486568	54486665	ODAD1	XM_024237978.3	-	2	54486665	54486744	79	11
NC_072005.2	54491433	54493563	-1	1	-	NC_072005.2	54493233	54493420	54492930	54493064	ODAD1	XM_024237978.3	-	1	54493064	54493233	169	10
NC_072005.2	54491433	54493563	-1	1	-	NC_072005.2	54493233	54493401	54492930	54493064	ODAD1	XM_063720177.1	-	1	54493064	54493233	169	1
NC_072005.2	54684358	54684982	-3	1	-	NC_072005.2	54684727	54684862	54684430	54684567	LMTK3	XM_024237356.3	-	3	54684567	54684727	160	1
NC_072005.2	54837834	54838341	-1	1	-	NC_072005.2	54838107	54838179	54837862	54838016	CA11	NM_001135496.1	-	1	54838016	54838107	91	1
NC_072005.2	54996323	54997016	-2	1	-	NC_072005.2	54996903	54996988	54996549	54996689	BCAT2	NM_001131336.1	-	2	54996689	54996903	214	4
NC_072005.2	54996323	54997016	-2	1	-	NC_072005.2	54996549	54996689	54996399	54996473	BCAT2	NM_001131336.1	-	2	54996473	54996549	76	4
NC_072005.2	54996323	54997016	-2	1	-	NC_072005.2	54996903	54996988	54996585	54996689	BCAT2	XM_063719090.1	-	2	54996689	54996903	214	1
NC_072005.2	54996323	54997016	-2	1	-	NC_072005.2	54996585	54996689	54996399	54996473	BCAT2	XM_063719090.1	-	2	54996473	54996585	112	1
NC_072005.2	54999600	55000047	-1	1	-	NC_072005.2	54999907	55000026	54999602	54999765	BCAT2	NM_001131336.1	-	1	54999765	54999907	142	5
NC_072005.2	55183585	55184449	-3	1	-	NC_072005.2	55184006	55184191	55183618	55183762	GYS1	NM_001132465.1	-	3	55183762	55184006	244	3
NC_072005.2	551913	552813	1	1	+	NC_072005.2	551989	552135	552535	552645	PTBP1	XM_024236637.3	+	1	552135	552535	400	4
NC_072005.2	55334020	55334626	2	1	+	NC_072005.2	55334054	55334217	55334347	55334474	PPFIA3	XM_054540916.2	+	2	55334217	55334347	130	3
NC_072005.2	55346821	55349362	-3	1	-	NC_072005.2	55347082	55349101	55346936	55347006	HRC	XM_024238164.3	-	3	55347006	55347082	76	2
NC_072005.2	55378016	55378808	3	1	+	NC_072005.2	55378047	55378391	55378548	55378682	TRPM4	XM_024237050.3	+	3	55378391	55378548	157	2
NC_072005.2	55378016	55378808	3	1	+	NC_072005.2	55378071	55378391	55378548	55378682	TRPM4	XM_054540922.2	+	3	55378391	55378548	157	1
NC_072005.2	55527267	55528227	1	1	+	NC_072005.2	55527637	55527717	55527856	55527928	CD37	XM_054540940.2	+	1	55527717	55527856	139	2
NC_072005.2	55547476	55547791	-3	1	-	NC_072005.2	55547633	55547749	55547478	55547536	TEAD2	XM_002829545.5	-	3	55547536	55547633	97	14
NC_072005.2	55547476	55547791	-3	1	-	NC_072005.2	55547642	55547749	55547478	55547536	TEAD2	XM_003779221.5	-	3	55547536	55547642	106	10
NC_072005.2	55557725	55558403	3	1	+	NC_072005.2	55557762	55557902	55558047	55558139	DKKL1	XM_002829547.6	+	3	55557902	55558047	145	10
NC_072005.2	555972	556464	1	1	+	NC_072005.2	556067	556159	556247	556463	PTBP1	XM_024236637.3	+	1	556159	556247	88	4
NC_072005.2	55631484	55632222	-1	1	-	NC_072005.2	55631859	55631969	55631536	55631663	SLC17A7	XM_024238107.2	-	1	55631663	55631859	196	3
NC_072005.2	55634191	55634863	-3	1	-	NC_072005.2	55634479	55634565	55634246	55634388	SLC17A7	XM_024238107.2	-	3	55634388	55634479	91	4
NC_072005.2	55681899	55682322	1	1	+	NC_072005.2	55682024	55682202	55682278	55682322	FLT3LG	XM_024238114.3	+	1	55682202	55682278	76	3
NC_072005.2	55757113	55757989	-3	1	-	NC_072005.2	55757719	55757878	55757504	55757622	NOSIP	XM_002829557.6	-	3	55757622	55757719	97	2
NC_072005.2	55795543	55799182	2	1	+	NC_072005.2	55795596	55795757	55795839	55799155	PRR12	XM_054540979.2	+	2	55795757	55795839	82	1
NC_072005.2	55864689	55865148	-1	1	-	NC_072005.2	55864881	55865052	55864726	55864796	IRF3	XM_009232903.4	-	1	55864796	55864881	85	6
NC_072005.2	55883454	55883829	1	1	+	NC_072005.2	55883455	55883610	55883725	55883788	PRMT1	NM_001132788.1	+	1	55883610	55883725	115	5
NC_072005.2	55905574	55906228	2	1	+	NC_072005.2	55905725	55905802	55906016	55906123	CPT1C	NM_001132026.1	+	2	55905802	55906016	214	1
NC_072005.2	56070285	56071356	1	1	+	NC_072005.2	56071027	56071164	56071273	56071355	PTOV1	XM_054541026.2	+	1	56071164	56071273	109	5
NC_072005.2	56079210	56079531	-1	1	-	NC_072005.2	56079483	56079531	56079331	56079401	PNKP	XM_002829586.6	-	1	56079401	56079483	82	4
NC_072005.2	56101236	56101614	1	1	+	NC_072005.2	56101253	56101353	56101453	56101552	TBC1D17	XM_009232924.4	+	1	56101353	56101453	100	3
NC_072005.2	56493963	56494482	-1	1	-	NC_072005.2	56494284	56494407	56493976	56494094	LOC100455134	XM_024236580.3	-	1	56494094	56494284	190	1
NC_072005.2	56539676	56540531	3	1	+	NC_072005.2	56539912	56540120	56540388	56540531	NR1H2	NM_001131353.1	+	3	56540120	56540388	268	3
NC_072005.2	56559128	56559920	3	1	+	NC_072005.2	56559235	56559401	56559675	56559779	POLD1	XM_024237906.3	+	3	56559401	56559675	274	2
NC_072005.2	56572743	56573217	1	1	+	NC_072005.2	56572825	56572957	56573039	56573152	POLD1	XM_024237906.3	+	1	56572957	56573039	82	2
NC_072005.2	56620308	56620863	1	1	+	NC_072005.2	56620309	56620468	56620667	56620803	MYBPC2	XM_024238165.3	+	1	56620468	56620667	199	2
NC_072005.2	56878136	56878781	-2	1	-	NC_072005.2	56878610	56878718	56878227	56878378	SHANK1	XM_054538941.2	-	2	56878378	56878610	232	3
NC_072005.2	56880686	56881388	-2	1	-	NC_072005.2	56881101	56881355	56880711	56880914	SHANK1	XM_054538941.2	-	2	56880914	56881101	187	3
NC_072005.2	56957111	56957309	-2	1	-	NC_072005.2	56957235	56957294	56957112	56957120	SMIM47	XM_054538954.2	-	2	56957120	56957235	115	1
NC_072005.2	56961604	56962129	2	1	+	NC_072005.2	56961851	56961955	56962031	56962117	ACP4	XM_063719622.1	+	2	56961955	56962031	76	1
NC_072005.2	56965981	56966398	2	1	+	NC_072005.2	56966029	56966207	56966286	56966398	ACP4	XM_063719622.1	+	2	56966207	56966286	79	1
NC_072005.2	57545712	57546717	-1	1	-	NC_072005.2	57546390	57546668	57545733	57546029	VSIG10L	XM_002829644.5	-	1	57546029	57546390	361	1
NC_072005.2	57937779	57938172	1	1	+	NC_072005.2	57937802	57937879	57938009	57938118	SPACA6	XM_024238265.3	+	1	57937879	57938009	130	8
NC_072005.2	5814034	5814652	-3	1	-	NC_072005.2	5814535	5814627	5814082	5814204	NDUFA11	XM_024236474.3	-	3	5814204	5814535	331	1
NC_072005.2	5831906	5832614	3	1	+	NC_072005.2	5832234	5832440	5832516	5832614	CAPS	XM_024236472.3	+	3	5832440	5832516	76	2
NC_072005.2	60481067	60481571	-2	1	-	NC_072005.2	60481428	60481497	60481128	60481346	TFPT	XM_002829725.4	-	2	60481346	60481428	82	2
NC_072005.2	60522005	60522626	3	1	+	NC_072005.2	60522030	60522417	60522502	60522625	CNOT3	XM_009233091.4	+	3	60522417	60522502	85	10
NC_072005.2	60590801	60591092	-2	1	-	NC_072005.2	60590946	60590998	60590802	60590852	LILRB3	XM_054538976.2	-	2	60590852	60590946	94	1
NC_072005.2	60656839	60657640	-3	1	-	NC_072005.2	60657313	60657597	60656968	60657165	LILRB5	XM_054539001.1	-	3	60657165	60657313	148	1
NC_072005.2	60838933	60839383	-3	1	-	NC_072005.2	60839176	60839213	60838934	60838986	LOC100460725	XM_054539005.2	-	3	60838986	60839176	190	1
NC_072005.2	60922365	60922818	1	1	+	NC_072005.2	60922471	60922613	60922755	60922800	TTYH1	XM_024237761.3	+	1	60922613	60922755	142	2
NC_072005.2	60945132	60946056	1	1	+	NC_072005.2	60945229	60945358	60945440	60945647	LENG8	XM_002829741.6	+	1	60945358	60945440	82	7
NC_072005.2	60945132	60946056	1	1	+	NC_072005.2	60945229	60945358	60945440	60946056	LENG8	XM_024237757.3	+	1	60945358	60945440	82	8
NC_072005.2	61035110	61035497	3	1	+	NC_072005.2	61035148	61035200	61035309	61035497	LOC100432983	XM_009233102.4	+	3	61035200	61035309	109	1
NC_072005.2	6114252	6114564	1	1	+	NC_072005.2	6114302	6114394	6114482	6114564	ACSBG2	XM_054539451.1	+	1	6114394	6114482	88	1
NC_072005.2	61584190	61584646	-3	1	-	NC_072005.2	61584521	61584623	61584302	61584406	PPP1R12C	XM_024237950.3	-	3	61584406	61584521	115	2
NC_072005.2	61584699	61585038	-1	1	-	NC_072005.2	61584862	61584947	61584701	61584741	PPP1R12C	XM_024237950.3	-	1	61584741	61584862	121	1
NC_072005.2	61584699	61585038	-1	1	-	NC_072005.2	61584862	61584944	61584701	61584741	PPP1R12C	XM_024237951.3	-	1	61584741	61584862	121	1
NC_072005.2	61625655	61626072	-1	1	-	NC_072005.2	61625836	61625926	61625657	61625697	TNNT1	XM_024237580.3	-	1	61625697	61625836	139	2
NC_072005.2	61653880	61654690	-3	1	-	NC_072005.2	61654535	61654660	61654307	61654429	DNAAF3	XM_009233134.4	-	3	61654429	61654535	106	8
NC_072005.2	61792428	61792800	1	1	+	NC_072005.2	61792587	61792620	61792702	61792770	BRSK1	XM_024238330.3	+	1	61792620	61792702	82	2
NC_072005.2	6303033	6303768	-1	1	-	NC_072005.2	6303438	6303732	6303034	6303353	PSPN	XM_024238212.3	-	1	6303353	6303438	85	1
NC_072005.2	6309737	6310355	-2	1	-	NC_072005.2	6310217	6310278	6310022	6310141	GTF2F1	XM_054539460.2	-	2	6310141	6310217	76	1
NC_072005.2	6309737	6310355	-2	1	-	NC_072005.2	6310022	6310141	6309807	6309880	GTF2F1	XM_054539460.2	-	2	6309880	6310022	142	2
NC_072005.2	6309737	6310355	-2	1	-	NC_072005.2	6310217	6310275	6310022	6310141	GTF2F1	XM_054539462.2	-	2	6310141	6310217	76	1
NC_072005.2	63273639	63274074	1	1	+	NC_072005.2	63273640	63273766	63273884	63273979	ZNF470	XM_024237905.3	+	1	63273766	63273884	118	1
NC_072005.2	63273639	63274074	1	1	+	NC_072005.2	63273733	63273766	63273884	63273979	ZNF470	XM_054539164.2	+	1	63273766	63273884	118	1
NC_072005.2	63424	63979	-3	1	-	NC_072005.2	63702	63826	63478	63566	MIER2	XM_009252505.4	-	3	63566	63702	136	5
NC_072005.2	63424	63979	-3	1	-	NC_072005.2	63723	63826	63478	63566	MIER2	XM_054538510.2	-	3	63566	63723	157	3
NC_072005.2	6343150	6344098	-3	1	-	NC_072005.2	6343504	6343581	6343151	6343425	KHSRP	XM_024236684.3	-	3	6343425	6343504	79	2
NC_072005.2	6343150	6344098	-3	1	-	NC_072005.2	6343504	6343581	6343265	6343425	KHSRP	XM_024236685.3	-	3	6343425	6343504	79	4
NC_072005.2	6358625	6359285	-2	1	-	NC_072005.2	6358935	6359087	6358650	6358757	SLC25A41	XM_024236686.3	-	2	6358757	6358935	178	3
NC_072005.2	6405711	6406092	-1	1	-	NC_072005.2	6405967	6406068	6405757	6405882	DENND1C	XM_024236692.3	-	1	6405882	6405967	85	1
NC_072005.2	64769640	64770114	-1	1	-	NC_072005.2	64769973	64770093	64769760	64769864	C20H19orf18	XM_002829893.4	-	1	64769864	64769973	109	2
NC_072005.2	64819392	64819764	-1	1	-	NC_072005.2	64819620	64819745	64819394	64819532	LOC103888735	XM_054539273.2	-	1	64819532	64819620	88	1
NC_072005.2	649774	650803	-3	1	-	NC_072005.2	650582	650706	649978	650101	R3HDM4	XM_024236886.3	-	3	650101	650582	481	3
NC_072005.2	65354356	65354857	2	1	+	NC_072005.2	65354385	65354497	65354720	65354852	TRIM28	XM_024237070.3	+	2	65354497	65354720	223	1
NC_072005.2	65357047	65357776	2	1	+	NC_072005.2	65357448	65357554	65357651	65357687	TRIM28	XM_024237070.3	+	2	65357554	65357651	97	1
NC_072005.2	65360658	65361402	-1	1	-	NC_072005.2	65361178	65361357	65360975	65361105	CHMP2A	XM_002829934.5	-	1	65361105	65361178	73	2
NC_072005.2	65360658	65361402	-1	1	-	NC_072005.2	65360975	65361105	65360826	65360887	CHMP2A	XM_002829934.5	-	1	65360887	65360975	88	2
NC_072005.2	6644643	6645063	-1	1	-	NC_072005.2	6644865	6644948	6644645	6644780	C3	XM_024236762.3	-	1	6644780	6644865	85	2
NC_072005.2	6650873	6651257	-2	1	-	NC_072005.2	6651047	6651137	6650875	6650926	C3	XM_024236762.3	-	2	6650926	6651047	121	2
NC_072005.2	6651168	6651633	-1	1	-	NC_072005.2	6651475	6651633	6651262	6651321	C3	XM_024236762.3	-	1	6651321	6651475	154	2
NC_072005.2	6676207	6677389	-3	1	-	NC_072005.2	6677096	6677305	6676748	6676954	C3	XM_024236762.3	-	3	6676954	6677096	142	2
NC_072005.2	6680378	6680810	-2	1	-	NC_072005.2	6680674	6680768	6680483	6680565	C3	XM_024236762.3	-	2	6680565	6680674	109	2
NC_072005.2	6697258	6697870	-3	1	-	NC_072005.2	6697798	6697847	6697516	6697599	GPR108	XM_054539470.2	-	3	6697599	6697798	199	1
NC_072005.2	6697258	6697870	-3	1	-	NC_072005.2	6697516	6697599	6697304	6697428	GPR108	XM_054539470.2	-	3	6697428	6697516	88	1
NC_072005.2	6697302	6697977	-1	1	-	NC_072005.2	6697798	6697847	6697516	6697599	GPR108	XM_024236764.3	-	1	6697599	6697798	199	1
NC_072005.2	6697302	6697977	-1	1	-	NC_072005.2	6697516	6697599	6697304	6697428	GPR108	XM_024236764.3	-	1	6697428	6697516	88	1
NC_072005.2	6716155	6716869	2	1	+	NC_072005.2	6716371	6716503	6716729	6716868	TRIP10	NM_001131801.1	+	2	6716503	6716729	226	4
NC_072005.2	6874449	6874992	1	1	+	NC_072005.2	6874556	6874711	6874835	6874954	ADGRE1	XM_054539475.2	+	1	6874711	6874835	124	4
NC_072005.2	6875495	6876143	3	1	+	NC_072005.2	6875707	6875862	6875986	6876105	ADGRE1	XM_054539475.2	+	3	6875862	6875986	124	4
NC_072005.2	6876781	6877306	2	1	+	NC_072005.2	6876870	6877025	6877149	6877268	ADGRE1	XM_054539475.2	+	2	6877025	6877149	124	4
NC_072005.2	6877910	6878459	3	1	+	NC_072005.2	6878023	6878178	6878302	6878421	ADGRE1	XM_054539475.2	+	3	6878178	6878302	124	4
NC_072005.2	6918439	6919054	2	1	+	NC_072005.2	6918481	6918649	6918782	6918886	ADGRE1	XM_054539475.2	+	2	6918649	6918782	133	1
NC_072005.2	740899	742072	2	1	+	NC_072005.2	740990	741133	741358	741482	WDR18	XM_009252527.3	+	2	741133	741358	225	1
NC_072005.2	7522990	7523491	2	1	+	NC_072005.2	7523147	7523314	7523393	7523470	PNPLA6	NM_001131527.1	+	2	7523314	7523393	79	10
NC_072005.2	7541219	7541750	3	1	+	NC_072005.2	7541337	7541433	7541530	7541639	PNPLA6	NM_001131527.1	+	3	7541433	7541530	97	10
NC_072005.2	757800	758382	1	1	+	NC_072005.2	757878	757993	758162	758313	GRIN3B	XM_024237704.3	+	1	757993	758162	169	2
NC_072005.2	7590018	7591050	1	1	+	NC_072005.2	7590356	7590495	7590580	7590673	CAMSAP3	XM_024237129.3	+	1	7590495	7590580	85	5
NC_072005.2	7597303	7597897	2	1	+	NC_072005.2	7597386	7597504	7597595	7597897	CAMSAP3	XM_024237129.3	+	2	7597504	7597595	91	5
NC_072005.2	7599782	7600691	-2	1	-	NC_072005.2	7600392	7600514	7599784	7599913	XAB2	XM_024238043.2	-	2	7599913	7600392	479	1
NC_072005.2	7605651	7606227	-1	1	-	NC_072005.2	7606066	7606200	7605808	7605972	XAB2	XM_024238043.2	-	1	7605972	7606066	94	1
NC_072005.2	761625	762669	-1	1	-	NC_072005.2	762534	762644	762138	762260	TMEM259	XM_024237706.3	-	1	762260	762534	274	4
NC_072005.2	761625	762669	-1	1	-	NC_072005.2	762138	762260	761787	761844	TMEM259	XM_024237706.3	-	1	761844	762138	294	4
NC_072005.2	7622435	7622939	3	1	+	NC_072005.2	7622522	7622579	7622739	7622804	STXBP2	NM_001131428.1	+	3	7622579	7622739	160	5
NC_072005.2	7658223	7658673	1	1	+	NC_072005.2	7658492	7658545	7658660	7658673	MCEMP1	XM_054539502.2	+	1	7658545	7658660	115	2
NC_072005.2	7855919	7856618	3	1	+	NC_072005.2	7856109	7856204	7856370	7856465	EVI5L	XM_024238025.3	+	3	7856204	7856370	166	3
NC_072005.2	7902831	7903803	1	1	+	NC_072005.2	7902913	7903092	7903183	7903263	MAP2K7	XM_002828569.4	+	1	7903092	7903183	91	3
NC_072005.2	7904037	7904385	1	1	+	NC_072005.2	7904106	7904151	7904254	7904385	MAP2K7	XM_002828569.4	+	1	7904151	7904254	103	3
NC_072005.2	7907942	7909124	3	1	+	NC_072005.2	7908219	7908494	7908573	7908887	TGFBR3L	XM_002828575.4	+	3	7908494	7908573	79	2
NC_072005.2	794232	795150	1	1	+	NC_072005.2	794303	794442	794695	794811	ABCA7	XM_024238278.3	+	1	794442	794695	253	9
NC_072005.2	805438	805957	2	1	+	NC_072005.2	805456	805587	805690	805829	ABCA7	XM_024238278.3	+	2	805587	805690	103	9
NC_072005.2	8131062	8131560	-1	1	-	NC_072005.2	8131383	8131520	8131212	8131262	FBN3	XM_054539523.2	-	1	8131262	8131383	121	15
NC_072005.2	817713	819993	1	1	+	NC_072005.2	819661	819795	819877	819980	ABCA7	XM_024238278.3	+	1	819795	819877	82	4
NC_072005.2	8301819	8302299	-1	1	-	NC_072005.2	8302131	8302280	8301820	8301959	CD320	XM_054541346.2	-	1	8301959	8302131	172	1
NC_072005.2	835771	836758	2	1	+	NC_072005.2	835805	835942	836030	836220	ARHGAP45	NM_001133892.1	+	2	835942	836030	88	9
NC_072005.2	835771	836758	2	1	+	NC_072005.2	836030	836220	836356	836480	ARHGAP45	NM_001133892.1	+	2	836220	836356	136	6
NC_072005.2	835771	836758	2	1	+	NC_072005.2	836356	836480	836565	836648	ARHGAP45	NM_001133892.1	+	2	836480	836565	85	5
NC_072005.2	835771	836758	2	1	+	NC_072005.2	836030	836220	836356	836648	ARHGAP45	XM_024236387.3	+	2	836220	836356	136	3
NC_072005.2	8529569	8530037	-2	1	-	NC_072005.2	8529842	8529956	8529579	8529748	MYO1F	XM_024238289.3	-	2	8529748	8529842	94	1
NC_072005.2	8550535	8550916	-3	1	-	NC_072005.2	8550797	8550877	8550596	8550682	MYO1F	XM_024238289.3	-	3	8550682	8550797	115	1
NC_072005.2	8588606	8588999	-2	1	-	NC_072005.2	8588828	8588954	8588608	8588737	ADAMTS10	XM_024238097.3	-	2	8588737	8588828	91	4
NC_072005.2	862426	862795	2	1	+	NC_072005.2	862567	862591	862724	862783	GPX4	XM_003780417.5	+	2	862591	862724	133	2
NC_072005.2	865508	865934	-2	1	-	NC_072005.2	865779	865873	865602	865694	SBNO2	XM_024237948.3	-	2	865694	865779	85	3
NC_072005.2	868446	868860	-1	1	-	NC_072005.2	868659	868794	868468	868580	SBNO2	XM_024237948.3	-	1	868580	868659	79	3
NC_072005.2	878565	879366	-1	1	-	NC_072005.2	879109	879260	878683	878773	SBNO2	XM_024237948.3	-	1	878773	879109	336	3
NC_072005.2	8923519	8923924	-3	1	-	NC_072005.2	8923775	8923899	8923521	8923588	MUC16	XM_063719903.1	-	3	8923588	8923775	187	1
NC_072005.2	997621	998350	-3	1	-	NC_072005.2	997977	998116	997699	997763	CBARP	XM_024236585.3	-	3	997763	997977	214	2
NC_072005.2	9983331	9984078	-1	1	-	NC_072005.2	9983569	9983808	9983332	9983475	COL5A3	XM_009252766.4	-	1	9983475	9983569	94	1
NC_072005.2	9990698	9991136	-2	1	-	NC_072005.2	9990900	9990935	9990699	9990746	COL5A3	XM_054539623.2	-	2	9990746	9990900	154	1
NC_072006.2	12313995	12314571	-2	1	-	NC_072006.2	12314362	12314454	12314197	12314280	RRBP1	XM_054541598.2	-	2	12314280	12314362	82	6
NC_072006.2	31764596	31765532	3	1	+	NC_072006.2	31764649	31765188	31765276	31765422	GFRA4	XM_024239100.2	+	3	31765188	31765276	88	1
NC_072006.2	31764596	31765532	3	1	+	NC_072006.2	31764649	31764994	31765288	31765422	GFRA4	XM_024239101.2	+	3	31764994	31765288	294	1
NC_072006.2	32197291	32197876	2	1	+	NC_072006.2	32197316	32197409	32197518	32197643	SLC4A11	XM_009233413.4	+	2	32197409	32197518	109	15
NC_072006.2	32197291	32197876	2	1	+	NC_072006.2	32197518	32197643	32197731	32197844	SLC4A11	XM_009233413.4	+	2	32197643	32197731	88	9
NC_072006.2	32353052	32353598	-3	1	-	NC_072006.2	32353190	32353391	32353053	32353105	OXT	XM_002830099.3	-	3	32353105	32353190	85	1
NC_072006.2	32378421	32379093	-2	1	-	NC_072006.2	32378897	32379043	32378677	32378800	MRPS26	XM_002830100.5	-	2	32378800	32378897	97	1
NC_072006.2	32564692	32565298	-1	1	-	NC_072006.2	32565107	32565238	32564883	32565010	VPS16	XM_009233421.3	-	1	32565010	32565107	97	1
NC_072006.2	32567412	32568663	-2	1	-	NC_072006.2	32568018	32568106	32567677	32567774	VPS16	XM_009233421.3	-	2	32567774	32568018	244	1
NC_072006.2	32567412	32568663	-2	1	-	NC_072006.2	32567677	32567774	32567461	32567589	VPS16	XM_009233421.3	-	2	32567589	32567677	88	1
NC_072006.2	32673615	32674194	-2	1	-	NC_072006.2	32673865	32673998	32673645	32673771	EBF4	XM_024239143.3	-	2	32673771	32673865	94	3
NC_072006.2	35391791	35392373	-3	1	-	NC_072006.2	35391939	35392312	35391792	35391830	DEFB125	XM_002830170.3	-	3	35391830	35391939	109	1
NC_072006.2	37245594	37246563	1	1	+	NC_072006.2	37245614	37245676	37246043	37246562	BPIFB4	XM_024239000.2	+	1	37245676	37246043	367	1
NC_072006.2	38729902	38730460	2	1	+	NC_072006.2	38730042	38730097	38730185	38730291	MAP1LC3A	XM_009233520.3	+	2	38730097	38730185	88	5
NC_072006.2	39081958	39082501	2	1	+	NC_072006.2	39082027	39082118	39082314	39082417	ACSS2	XM_024238753.3	+	2	39082118	39082314	196	2
NC_072006.2	39164774	39165254	3	1	+	NC_072006.2	39164841	39165017	39165108	39165253	MYH7B	XM_054542188.2	+	3	39165017	39165108	91	3
NC_072006.2	39167474	39168521	3	1	+	NC_072006.2	39167552	39167901	39168282	39168397	MYH7B	XM_054542188.2	+	3	39167901	39168282	381	3
NC_072006.2	39169693	39170149	2	1	+	NC_072006.2	39169739	39169843	39169925	39170020	MYH7B	XM_054542188.2	+	2	39169843	39169925	82	3
NC_072006.2	39644192	39644798	3	1	+	NC_072006.2	39644222	39644349	39644545	39644714	CEP250	XM_024238891.3	+	3	39644349	39644545	196	16
NC_072006.2	39719925	39720399	1	1	+	NC_072006.2	39720076	39720172	39720251	39720315	ERGIC3	NM_001132658.1	+	1	39720172	39720251	79	2
NC_072006.2	39723277	39723688	-1	1	-	NC_072006.2	39723382	39723665	39723278	39723297	LOC100938343	XM_054542219.1	-	1	39723297	39723382	85	1
NC_072006.2	39766547	39766817	-3	1	-	NC_072006.2	39766734	39766796	39766568	39766652	LOC100938343	XM_054542203.2	-	3	39766652	39766734	82	18
NC_072006.2	41233405	41233780	-1	1	-	NC_072006.2	41233699	41233763	41233462	41233590	RBL1	XM_002830276.6	-	1	41233590	41233699	109	1
NC_072006.2	49456422	49459041	1	1	+	NC_072006.2	49456472	49458217	49458578	49459041	LOC100440921	XM_054542387.1	+	1	49458217	49458578	361	1
NC_072006.2	49456422	49459041	1	1	+	NC_072006.2	49456472	49458037	49458578	49459041	LOC100440921	XM_054542388.1	+	1	49458037	49458578	541	1
NC_072006.2	49569628	49570054	-1	1	-	NC_072006.2	49569910	49570032	49569691	49569813	MATN4	NM_001168565.1	-	1	49569813	49569910	97	1
NC_072006.2	49584813	49585488	1	1	+	NC_072006.2	49584850	49585005	49585366	49585488	RBPJL	XM_024238443.2	+	1	49585005	49585366	361	1
NC_072006.2	49687611	49688169	1	1	+	NC_072006.2	49687630	49687816	49687991	49688168	PIGT	NM_001132530.1	+	1	49687816	49687991	175	4
NC_072006.2	49687611	49688169	1	1	+	NC_072006.2	49687630	49687816	49687991	49688128	PIGT	XM_063720432.1	+	1	49687816	49687991	175	2
NC_072006.2	49690247	49691150	3	1	+	NC_072006.2	49690322	49690449	49690765	49690865	PIGT	NM_001132530.1	+	3	49690449	49690765	316	4
NC_072006.2	50087896	50088493	2	1	+	NC_072006.2	50087942	50088146	50088255	50088314	UBE2C	XM_002830362.5	+	2	50088146	50088255	109	1
NC_072006.2	50174719	50175205	-1	1	-	NC_072006.2	50174894	50175058	50174721	50174788	PLTP	NM_001133818.1	-	1	50174788	50174894	106	2
NC_072006.2	50218979	50219387	3	1	+	NC_072006.2	50219031	50219117	50219202	50219386	PCIF1	XM_054541493.2	+	3	50219117	50219202	85	4
NC_072006.2	50317507	50317828	2	1	+	NC_072006.2	50317527	50317625	50317770	50317827	SLC12A5	XM_002830378.5	+	2	50317625	50317770	145	3
NC_072006.2	50330846	50331455	3	1	+	NC_072006.2	50331023	50331156	50331367	50331455	SLC12A5	XM_002830378.5	+	3	50331156	50331367	211	3
NC_072006.2	50402383	50402632	2	1	+	NC_072006.2	50402415	50402501	50402613	50402632	CD40	XM_054541858.2	+	2	50402501	50402613	112	1
NC_072006.2	50464275	50464917	-2	1	-	NC_072006.2	50464762	50464883	50464524	50464641	CDH22	XM_024238983.2	-	2	50464641	50464762	121	1
NC_072006.2	54930714	54931092	-2	1	-	NC_072006.2	54930940	54931065	54930716	54930861	RIPOR3	XM_054542320.2	-	2	54930861	54930940	79	3
NC_072006.2	61032626	61033331	3	1	+	NC_072006.2	61032675	61033160	61033275	61033326	TFAP2C	XM_024239145.3	+	3	61033160	61033275	115	3
NC_072006.2	61961429	61962167	3	1	+	NC_072006.2	61961617	61961820	61961950	61962137	PCK1	NM_001133286.1	+	3	61961820	61961950	130	1
NC_072006.2	66727495	66728047	2	1	+	NC_072006.2	66727518	66727675	66727856	66727958	ADRM1	XM_054541931.1	+	2	66727675	66727856	181	16
NC_072006.2	66729243	66729831	-2	1	-	NC_072006.2	66729586	66729719	66729396	66729489	LAMA5	XM_054541928.2	-	2	66729489	66729586	97	3
NC_072006.2	66733734	66734355	-2	1	-	NC_072006.2	66734154	66734333	66733924	66734072	LAMA5	XM_054541928.2	-	2	66734072	66734154	82	3
NC_072006.2	66735458	66736529	-3	1	-	NC_072006.2	66735999	66736140	66735788	66735890	LAMA5	XM_054541928.2	-	3	66735890	66735999	109	3
NC_072006.2	66735786	66739575	-2	1	-	NC_072006.2	66739354	66739550	66736792	66736908	LAMA5	XM_054541928.2	-	2	66736908	66739354	2446	3
NC_072006.2	66735786	66739575	-2	1	-	NC_072006.2	66736792	66736908	66736472	66736626	LAMA5	XM_054541928.2	-	2	66736626	66736792	166	3
NC_072006.2	66756414	66756852	-2	1	-	NC_072006.2	66756721	66756773	66756525	66756630	LAMA5	XM_054541928.2	-	2	66756630	66756721	91	3
NC_072006.2	67260384	67260936	1	1	+	NC_072006.2	67260409	67260462	67260796	67260849	COL9A3	XM_024238931.3	+	1	67260462	67260796	334	1
NC_072006.2	67289970	67290285	-2	1	-	NC_072006.2	67290076	67290217	67289971	67290003	TCFL5	XM_063720576.1	-	2	67290003	67290076	73	1
NC_072006.2	67686516	67687401	1	1	+	NC_072006.2	67686590	67686689	67687083	67687164	BIRC7	XM_003779398.3	+	1	67686689	67687083	394	1
NC_072006.2	67686516	67687401	1	1	+	NC_072006.2	67686590	67686689	67686798	67687164	BIRC7	XM_054542341.2	+	1	67686689	67686798	109	1
NC_072006.2	67686516	67687401	1	1	+	NC_072006.2	67686590	67686841	67687257	67687302	BIRC7	XM_054542342.2	+	1	67686841	67687257	416	1
NC_072006.2	67686516	67687401	1	1	+	NC_072006.2	67686590	67686689	67686798	67686841	BIRC7	XM_054542344.2	+	1	67686689	67686798	109	1
NC_072006.2	67686516	67687401	1	1	+	NC_072006.2	67686798	67686841	67687257	67687302	BIRC7	XM_054542344.2	+	1	67686841	67687257	416	1
NC_072006.2	68013897	68014497	-2	1	-	NC_072006.2	68014251	68014407	68014008	68014175	HELZ2	XM_024238766.3	-	2	68014175	68014251	76	1
NC_072006.2	68014540	68015050	-1	1	-	NC_072006.2	68014883	68015017	68014559	68014777	HELZ2	XM_024238766.3	-	1	68014777	68014883	106	1
NC_072006.2	68136435	68136837	1	1	+	NC_072006.2	68136650	68136688	68136758	68136836	RTEL1	NM_001131457.1	+	1	68136688	68136758	70	9
NC_072006.2	68157591	68158092	1	1	+	NC_072006.2	68157638	68157790	68158088	68158092	RTEL1	XM_054541400.2	+	1	68157790	68158088	298	2
NC_072006.2	68198360	68198636	3	1	+	NC_072006.2	68198396	68198477	68198583	68198635	LIME1	XM_054541482.1	+	3	68198477	68198583	106	1
NC_072006.2	68198481	68199432	1	1	+	NC_072006.2	68198548	68198635	68198756	68199072	LIME1	XM_024238524.2	+	1	68198635	68198756	121	1
NC_072006.2	68203251	68203539	1	1	+	NC_072006.2	68203252	68203343	68203431	68203539	SLC2A4RG	XM_024238795.3	+	1	68203343	68203431	88	1
NC_072006.2	68431722	68432178	-2	1	-	NC_072006.2	68431972	68432096	68431801	68431893	ZNF512B	XM_024238769.3	-	2	68431893	68431972	79	5
NC_072006.2	68432089	68432668	-1	1	-	NC_072006.2	68432503	68432574	68432254	68432400	ZNF512B	XM_024238769.3	-	1	68432400	68432503	103	5
NC_072006.2	68432937	68433885	-2	1	-	NC_072006.2	68433757	68433885	68433023	68433663	ZNF512B	XM_024238769.3	-	2	68433663	68433757	94	5
NC_072006.2	68461580	68462216	3	1	+	NC_072006.2	68461626	68461802	68462034	68462189	PRPF6	NM_001131843.1	+	3	68461802	68462034	232	2
NC_072006.2	68550557	68551625	-3	1	-	NC_072006.2	68550969	68551577	68550744	68550866	LKAAEAR1	XM_002830552.6	-	3	68550866	68550969	103	1
NC_072006.2	68550557	68551625	-3	1	-	NC_072006.2	68550969	68551577	68550558	68550866	LKAAEAR1	XM_009233841.2	-	3	68550866	68550969	103	1
NC_072006.2	68550557	68551625	-3	1	-	NC_072006.2	68550969	68551370	68550558	68550866	LKAAEAR1	XM_054541982.2	-	3	68550866	68550969	103	2
NC_072006.2	68550557	68551625	-3	1	-	NC_072006.2	68550969	68551370	68550744	68550866	LKAAEAR1	XM_054541984.2	-	3	68550866	68550969	103	2
NC_072007.2	39289745	39290069	3	1	+	NC_072007.2	39289827	39289902	39289996	39290055	LOC100446570	XM_024239408.3	+	3	39289902	39289996	94	1
NC_072007.2	43821120	43821528	-1	1	-	NC_072007.2	43821406	43821521	43821121	43821309	GART	XM_024239466.3	-	1	43821309	43821406	97	3
NC_072007.2	52258722	52259469	-1	1	-	NC_072007.2	52259290	52259391	52259016	52259160	PRDM15	XM_054542567.2	-	1	52259160	52259290	130	1
NC_072007.2	52258722	52259469	-1	1	-	NC_072007.2	52259016	52259160	52258753	52258880	PRDM15	XM_054542567.2	-	1	52258880	52259016	136	1
NC_072007.2	52898199	52898619	-1	1	-	NC_072007.2	52898470	52898583	52898262	52898367	RSPH1	XM_002830729.4	-	1	52898367	52898470	103	3
NC_072007.2	53135364	53136066	1	1	+	NC_072007.2	53135699	53135878	53135999	53136053	PDE9A	XM_024239428.3	+	1	53135878	53135999	121	4
NC_072007.2	54695082	54695613	1	1	+	NC_072007.2	54695131	54695265	54695584	54695584	PFKL	XM_063720784.1	+	1	54695265	54695584	319	1
NC_072007.2	54963512	54964445	3	1	+	NC_072007.2	54963585	54963890	54964017	54964445	LOC100448286	XM_024239315.3	+	3	54963890	54964017	127	1
NC_072007.2	54969545	54970859	-2	1	-	NC_072007.2	54970257	54970502	54969546	54970145	LOC100444342	XM_002830771.5	-	2	54970145	54970257	112	1
NC_072007.2	54969545	54970859	-2	1	-	NC_072007.2	54970227	54970502	54969546	54970100	LOC100444342	XM_024239318.3	-	2	54970100	54970227	127	1
NC_072007.2	54969545	54970859	-2	1	-	NC_072007.2	54970227	54970502	54970071	54970148	LOC100444342	XM_024239319.3	-	2	54970148	54970227	79	1
NC_072007.2	54969545	54970859	-2	1	-	NC_072007.2	54970071	54970148	54969546	54969974	LOC100444342	XM_024239319.3	-	2	54969974	54970071	97	1
NC_072007.2	54969545	54970859	-2	1	-	NC_072007.2	54970257	54970502	54970062	54970145	LOC100444342	XM_063720922.1	-	2	54970145	54970257	112	1
NC_072007.2	54969545	54970859	-2	1	-	NC_072007.2	54970062	54970145	54969546	54969839	LOC100444342	XM_063720922.1	-	2	54969839	54970062	223	1
NC_072007.2	54980837	54982382	-2	1	-	NC_072007.2	54981648	54982178	54981319	54981563	LOC100444935	XM_024239304.3	-	2	54981563	54981648	85	1
NC_072007.2	55072681	55073167	-3	1	-	NC_072007.2	55072848	55073047	55072682	55072787	LOC112130480	XM_024239334.3	-	3	55072787	55072848	61	1
NC_072007.2	55072681	55073167	-3	1	-	NC_072007.2	55072865	55073047	55072682	55072816	LOC112130480	XM_024239335.3	-	3	55072816	55072865	49	1
NC_072007.2	55072681	55073167	-3	1	-	NC_072007.2	55072908	55073047	55072682	55072847	LOC112130480	XM_024239336.3	-	3	55072847	55072908	61	1
NC_072007.2	55899974	55900796	3	1	+	NC_072007.2	55899999	55900034	55900389	55900478	LOC100457565	XM_054542644.2	+	3	55900034	55900389	355	3
NC_072007.2	56412790	56413366	2	1	+	NC_072007.2	56412812	56412877	56413316	56413351	COL6A1	XM_024239367.3	+	2	56412877	56413316	439	1
NC_072007.2	56539760	56540354	3	1	+	NC_072007.2	56539788	56539850	56540025	56540060	COL6A2	XM_024239346.3	+	3	56539850	56540025	175	2
NC_072008.2	107221161	107228673	1	1	+	NC_072008.2	107221214	107226789	107226910	107226975	ARMCX4	XM_054544851.2	+	1	107226789	107226910	121	1
NC_072008.2	107221161	107228673	1	1	+	NC_072008.2	107226910	107226975	107227300	107228673	ARMCX4	XM_054544851.2	+	1	107226975	107227300	325	1
NC_072008.2	107565711	107566350	-2	1	-	NC_072008.2	107566114	107566194	107565903	107565972	LOC100451207	XM_063721079.1	-	2	107565972	107566114	142	1
NC_072008.2	107596	108736	-1	1	-	NC_072008.2	108392	108494	107705	107779	LOC129053148	XM_024241572.3	-	1	107779	108392	613	4
NC_072008.2	113930373	113930784	-2	1	-	NC_072008.2	113930638	113930784	113930375	113930541	PSMD10	XM_002831976.6	-	2	113930541	113930638	97	1
NC_072008.2	114412098	114412536	1	1	+	NC_072008.2	114412099	114412134	114412225	114412266	COL4A5	XM_054544950.2	+	1	114412134	114412225	91	5
NC_072008.2	114412098	114412536	1	1	+	NC_072008.2	114412225	114412266	114412435	114412527	COL4A5	XM_054544950.2	+	1	114412266	114412435	169	5
NC_072008.2	121021637	121024913	3	1	+	NC_072008.2	121021659	121022235	121022365	121024913	RBMXL3	XM_054544984.1	+	3	121022235	121022365	130	1
NC_072008.2	13370574	13371759	-2	1	-	NC_072008.2	13371406	13371639	13370575	13371141	ATXN3L	XM_054544338.1	-	2	13371141	13371406	265	1
NC_072008.2	139286116	139286725	-1	1	-	NC_072008.2	139286413	139286588	139286117	139286316	GPC4	XM_024240980.3	-	1	139286316	139286413	97	1
NC_072008.2	148096764	148099023	1	1	+	NC_072008.2	148097005	148098078	148098121	148099023	LOC100936035	XM_024240444.3	+	1	148098078	148098121	43	1
NC_072008.2	159663521	159670703	-3	1	-	NC_072008.2	159666986	159670421	159665465	159666049	LOC129053100	XM_054545216.1	-	3	159666049	159666986	937	1
NC_072008.2	159663521	159670703	-3	1	-	NC_072008.2	159665465	159666049	159663522	159665410	LOC129053100	XM_054545216.1	-	3	159665410	159665465	55	1
NC_072008.2	159831677	159838391	3	1	+	NC_072008.2	159831960	159835557	159835702	159835962	LOC129053101	XM_054545217.1	+	3	159835557	159835702	145	1
NC_072008.2	159831677	159838391	3	1	+	NC_072008.2	159835702	159835962	159836125	159836448	LOC129053101	XM_054545217.1	+	3	159835962	159836125	163	1
NC_072008.2	159831677	159838391	3	1	+	NC_072008.2	159836125	159836448	159836503	159838391	LOC129053101	XM_054545217.1	+	3	159836448	159836503	55	1
NC_072008.2	160339682	160340066	3	1	+	NC_072008.2	160339701	160339826	160339908	160340024	PLXNB3	XM_024240645.3	+	3	160339826	160339908	82	15
NC_072008.2	160342793	160343561	3	1	+	NC_072008.2	160342851	160343090	160343178	160343336	PLXNB3	XM_024240645.3	+	3	160343090	160343178	88	4
NC_072008.2	160342793	160343561	3	1	+	NC_072008.2	160343178	160343336	160343409	160343560	PLXNB3	XM_024240645.3	+	3	160343336	160343409	73	4
NC_072008.2	160342793	160343561	3	1	+	NC_072008.2	160342851	160343090	160343178	160343560	PLXNB3	XM_063721121.1	+	3	160343090	160343178	88	11
NC_072008.2	160347010	160347763	2	1	+	NC_072008.2	160347133	160347208	160347338	160347412	PLXNB3	XM_024240645.3	+	2	160347208	160347338	130	5
NC_072008.2	160347010	160347763	2	1	+	NC_072008.2	160347133	160347399	160347673	160347763	PLXNB3	XM_063721122.1	+	2	160347399	160347673	274	2
NC_072008.2	160347010	160347763	2	1	+	NC_072008.2	160347133	160347208	160347338	160347399	PLXNB3	XM_063721126.1	+	2	160347208	160347338	130	1
NC_072008.2	160347010	160347763	2	1	+	NC_072008.2	160347338	160347399	160347673	160347763	PLXNB3	XM_063721126.1	+	2	160347399	160347673	274	1
NC_072008.2	160351384	160352161	2	1	+	NC_072008.2	160351697	160351862	160351965	160351990	SRPK3	XM_009235405.2	+	2	160351862	160351965	103	1
NC_072008.2	160428585	160429230	-2	1	-	NC_072008.2	160429041	160429196	160428594	160428728	L1CAM	XM_003779758.4	-	2	160428728	160429041	313	4
NC_072008.2	160429525	160430215	-1	1	-	NC_072008.2	160429807	160429929	160429540	160429713	L1CAM	XM_003779758.4	-	1	160429713	160429807	94	4
NC_072008.2	160431985	160432681	-1	1	-	NC_072008.2	160432495	160432605	160432051	160432248	L1CAM	XM_003779758.4	-	1	160432248	160432495	247	4
NC_072008.2	160432995	160433508	-2	1	-	NC_072008.2	160433256	160433422	160432997	160433153	L1CAM	XM_003779758.4	-	2	160433153	160433256	103	4
NC_072008.2	160435409	160436012	-3	1	-	NC_072008.2	160435754	160435876	160435487	160435657	L1CAM	XM_003779758.4	-	3	160435657	160435754	97	4
NC_072008.2	160477430	160477922	-3	1	-	NC_072008.2	160477703	160477776	160477432	160477615	ARHGAP4	XM_024240754.3	-	3	160477615	160477703	88	2
NC_072008.2	160478377	160478932	-1	1	-	NC_072008.2	160478821	160478881	160478614	160478691	ARHGAP4	XM_024240754.3	-	1	160478691	160478821	130	3
NC_072008.2	160478377	160478932	-1	1	-	NC_072008.2	160478614	160478691	160478392	160478526	ARHGAP4	XM_024240754.3	-	1	160478526	160478614	88	3
NC_072008.2	160480869	160481829	-2	1	-	NC_072008.2	160481482	160481583	160481113	160481304	ARHGAP4	XM_024240754.3	-	2	160481304	160481482	178	2
NC_072008.2	160502160	160502490	-2	1	-	NC_072008.2	160502379	160502466	160502161	160502294	RENBP	XM_024240783.3	-	2	160502294	160502379	85	2
NC_072008.2	160590479	160591187	-3	1	-	NC_072008.2	160591010	160591145	160590764	160590931	IRAK1	XM_009235413.3	-	3	160590931	160591010	79	2
NC_072008.2	160590479	160591187	-3	1	-	NC_072008.2	160590764	160590931	160590530	160590661	IRAK1	XM_009235413.3	-	3	160590661	160590764	103	3
NC_072008.2	160590479	160591187	-3	1	-	NC_072008.2	160590764	160591145	160590530	160590661	IRAK1	XM_054545245.2	-	3	160590661	160590764	103	1
NC_072008.2	160853684	160854548	-3	1	-	NC_072008.2	160854392	160854514	160854020	160854286	FLNA	XM_024241128.3	-	3	160854286	160854392	106	2
NC_072008.2	160853684	160854548	-3	1	-	NC_072008.2	160854020	160854286	160853723	160853860	FLNA	XM_024241128.3	-	3	160853860	160854020	160	2
NC_072008.2	160863532	160864123	-1	1	-	NC_072008.2	160863994	160864084	160863731	160863900	FLNA	XM_024241128.3	-	1	160863900	160863994	94	2
NC_072008.2	160883008	160883431	2	1	+	NC_072008.2	160883028	160883132	160883280	160883357	EMD	XM_003779765.4	+	2	160883132	160883280	148	1
NC_072008.2	160924612	160924957	2	1	+	NC_072008.2	160924710	160924772	160924890	160924942	TAFAZZIN	XM_002832305.4	+	2	160924772	160924890	118	6
NC_072008.2	160948297	160948624	2	1	+	NC_072008.2	160948330	160948384	160948475	160948624	GDI1	NM_001133216.1	+	2	160948384	160948475	91	1
NC_072008.2	160955555	160956260	3	1	+	NC_072008.2	160955735	160955789	160955937	160955985	FAM50A	XM_024240581.3	+	3	160955789	160955937	148	2
NC_072008.2	160966329	160968576	1	1	+	NC_072008.2	160966357	160966950	160967269	160967808	PLXNA3	XM_024240483.3	+	1	160966950	160967269	319	2
NC_072008.2	160966329	160968576	1	1	+	NC_072008.2	160966357	160966950	160967269	160968490	PLXNA3	XM_054545270.2	+	1	160966950	160967269	319	1
NC_072008.2	160972273	160973026	2	1	+	NC_072008.2	160972291	160972411	160972517	160972653	PLXNA3	XM_024240483.3	+	2	160972411	160972517	106	3
NC_072008.2	160973177	160973663	3	1	+	NC_072008.2	160973198	160973291	160973373	160973612	PLXNA3	XM_024240483.3	+	3	160973291	160973373	82	3
NC_072008.2	160973610	160974147	1	1	+	NC_072008.2	160973686	160973829	160973908	160974142	PLXNA3	XM_024240483.3	+	1	160973829	160973908	79	3
NC_072008.2	160974782	160975244	3	1	+	NC_072008.2	160974803	160974869	160974963	160975109	PLXNA3	XM_024240483.3	+	3	160974869	160974963	94	3
NC_072008.2	161038870	161039350	-1	1	-	NC_072008.2	161039051	161039286	161038872	161038948	G6PD	XM_002832311.4	-	1	161038948	161039051	103	4
NC_072008.2	18996824	18997613	-3	1	-	NC_072008.2	18997152	18997230	18996911	18997040	PHKA2	XM_002831440.5	-	3	18997040	18997152	112	6
NC_072008.2	23897032	23897512	2	1	+	NC_072008.2	23897096	23897147	23897238	23897321	SAT1	XM_002831459.4	+	2	23897147	23897238	91	1
NC_072008.2	23898693	23899032	1	1	+	NC_072008.2	23898767	23898868	23898962	23899002	SAT1	XM_002831459.4	+	1	23898868	23898962	94	1
NC_072008.2	27610787	27613397	-3	1	-	NC_072008.2	27611131	27613325	27610788	27611067	PPP4R3C	XM_002831482.3	-	3	27611067	27611131	64	1
NC_072008.2	28018150	28019302	2	1	+	NC_072008.2	28018259	28018397	28018515	28019302	LOC100443128	XM_009234687.3	+	2	28018397	28018515	118	1
NC_072008.2	41620394	41620844	3	1	+	NC_072008.2	41620435	41620616	41620710	41620827	DDX3X	XM_002831550.5	+	3	41620616	41620710	94	2
NC_072008.2	47008807	47009188	-1	1	-	NC_072008.2	47009075	47009163	47008868	47008981	SLC9A7	XM_009234775.3	-	1	47008981	47009075	94	6
NC_072008.2	47554917	47555496	1	1	+	NC_072008.2	47555074	47555134	47555288	47555464	RBM10	XM_024240905.3	+	1	47555134	47555288	154	8
NC_072008.2	47555805	47556378	1	1	+	NC_072008.2	47555864	47556024	47556196	47556293	RBM10	XM_024240905.3	+	1	47556024	47556196	172	4
NC_072008.2	47555805	47556378	1	1	+	NC_072008.2	47555864	47556021	47556196	47556293	RBM10	XM_024240906.3	+	1	47556021	47556196	175	4
NC_072008.2	47557124	47557847	3	1	+	NC_072008.2	47557191	47557377	47557483	47557622	RBM10	XM_024240905.3	+	3	47557377	47557483	106	8
NC_072008.2	47557124	47557847	3	1	+	NC_072008.2	47557483	47557622	47557725	47557842	RBM10	XM_024240905.3	+	3	47557622	47557725	103	8
NC_072008.2	47575243	47575735	2	1	+	NC_072008.2	47575252	47575420	47575523	47575657	UBA1	XM_009234782.4	+	2	47575420	47575523	103	6
NC_072008.2	47577111	47577717	1	1	+	NC_072008.2	47577315	47577405	47577517	47577649	UBA1	XM_009234782.4	+	1	47577405	47577517	112	6
NC_072008.2	47837041	47837599	-1	1	-	NC_072008.2	47837398	47837524	47837047	47837142	ZNF41	NM_001133553.1	-	1	47837142	47837398	256	3
NC_072008.2	47837041	47837599	-1	1	-	NC_072008.2	47837398	47837540	47837047	47837142	ZNF41	XM_009234755.4	-	1	47837142	47837398	256	3
NC_072008.2	47837041	47837599	-1	1	-	NC_072008.2	47837398	47837564	47837047	47837142	ZNF41	XM_063721008.1	-	1	47837142	47837398	256	1
NC_072008.2	48607471	48607873	-1	1	-	NC_072008.2	48607739	48607873	48607486	48607600	LOC129047243	XM_002831588.1	-	1	48607600	48607739	139	1
NC_072008.2	48727450	48727852	2	1	+	NC_072008.2	48727451	48727585	48727724	48727838	LOC100441307	XM_054544210.1	+	2	48727585	48727724	139	1
NC_072008.2	48982769	48983216	3	1	+	NC_072008.2	48982771	48982874	48982965	48983162	FTSJ1	XM_024240743.3	+	3	48982874	48982965	91	1
NC_072008.2	48982769	48983216	3	1	+	NC_072008.2	48982777	48982874	48982965	48983162	FTSJ1	XM_024240744.3	+	3	48982874	48982965	91	1
NC_072008.2	48982769	48983216	3	1	+	NC_072008.2	48982771	48982874	48982965	48983216	FTSJ1	XM_054544506.2	+	3	48982874	48982965	91	1
NC_072008.2	48982769	48983216	3	1	+	NC_072008.2	48982777	48982874	48982965	48983216	FTSJ1	XM_054544507.2	+	3	48982874	48982965	91	1
NC_072008.2	49010152	49011010	2	1	+	NC_072008.2	49010156	49010223	49010458	49010630	PORCN	XM_054544510.2	+	2	49010223	49010458	235	3
NC_072008.2	49014804	49015374	1	1	+	NC_072008.2	49014918	49015043	49015203	49015303	PORCN	XM_002831598.4	+	1	49015043	49015203	160	14
NC_072008.2	49016338	49016704	2	1	+	NC_072008.2	49016403	49016479	49016576	49016639	PORCN	XM_002831598.4	+	2	49016479	49016576	97	14
NC_072008.2	49102006	49102612	2	1	+	NC_072008.2	49102103	49102283	49102386	49102527	WDR13	NM_001131260.1	+	2	49102283	49102386	103	4
NC_072008.2	49317482	49318082	3	1	+	NC_072008.2	49317512	49317640	49317836	49318004	HDAC6	XM_024240537.3	+	3	49317640	49317836	196	8
NC_072008.2	49413444	49414188	-2	1	-	NC_072008.2	49413900	49414013	49413445	49413563	OTUD5	XM_009234831.4	-	2	49413563	49413900	337	4
NC_072008.2	49413444	49414188	-2	1	-	NC_072008.2	49413900	49414013	49413445	49413566	OTUD5	XM_024240757.3	-	2	49413566	49413900	334	4
NC_072008.2	49456843	49457386	-1	1	-	NC_072008.2	49457198	49457360	49457015	49457098	KCND1	XM_002831616.4	-	1	49457098	49457198	100	2
NC_072008.2	49471489	49472038	-1	1	-	NC_072008.2	49471880	49471975	49471700	49471756	GRIPAP1	XM_024240964.2	-	1	49471756	49471880	124	4
NC_072008.2	49477860	49478685	-2	1	-	NC_072008.2	49478584	49478661	49478056	49478148	GRIPAP1	XM_024240964.2	-	2	49478148	49478584	436	4
NC_072008.2	49648562	49649360	3	1	+	NC_072008.2	49648587	49648916	49649016	49649187	MAGIX	XM_009234835.4	+	3	49648916	49649016	100	3
NC_072008.2	49648562	49649360	3	1	+	NC_072008.2	49648689	49648916	49649016	49649187	MAGIX	XM_054544539.2	+	3	49648916	49649016	100	2
NC_072008.2	49706518	49707262	-1	1	-	NC_072008.2	49706927	49707134	49706716	49706836	CACNA1F	XM_054544543.1	-	1	49706836	49706927	91	1
NC_072008.2	49706518	49707262	-1	1	-	NC_072008.2	49706716	49706836	49706520	49706601	CACNA1F	XM_054544543.1	-	1	49706601	49706716	115	1
NC_072008.2	49712045	49712501	-3	1	-	NC_072008.2	49712262	49712458	49712047	49712150	CACNA1F	XM_054544543.1	-	3	49712150	49712262	112	1
NC_072008.2	49727668	49728286	2	1	+	NC_072008.2	49727897	49727963	49728063	49728241	CCDC22	XM_024241100.3	+	2	49727963	49728063	100	1
NC_072008.2	49733782	49734652	2	1	+	NC_072008.2	49733975	49734070	49734317	49734376	CCDC22	XM_024241100.3	+	2	49734070	49734317	247	1
NC_072008.2	49736146	49736623	-1	1	-	NC_072008.2	49736474	49736575	49736147	49736293	FOXP3	XM_054544544.2	-	1	49736293	49736474	181	1
NC_072008.2	49741515	49741974	-2	1	-	NC_072008.2	49741691	49741778	49741517	49741621	FOXP3	XM_054544544.2	-	2	49741621	49741691	70	1
NC_072008.2	55056482	55057025	3	1	+	NC_072008.2	55056504	55056812	55056933	55056996	MAGED2	NM_001131194.2	+	3	55056812	55056933	121	3
NC_072008.2	55058596	55058953	2	1	+	NC_072008.2	55058623	55058702	55058796	55058838	MAGED2	NM_001131194.2	+	2	55058702	55058796	94	3
NC_072008.2	55204455	55204836	1	1	+	NC_072008.2	55204486	55204590	55204705	55204768	TRO	XM_002831699.6	+	1	55204590	55204705	115	6
NC_072008.2	55206415	55206775	2	1	+	NC_072008.2	55206445	55206524	55206618	55206660	TRO	XM_002831699.6	+	2	55206524	55206618	94	6
NC_072008.2	6533294	6533894	-3	1	-	NC_072008.2	6533769	6533867	6533295	6533579	LOC100437634	NM_001427482.1	-	3	6533579	6533769	190	1
NC_072008.2	73549781	73550288	3	1	+	NC_072008.2	73549814	73549990	73550174	73550288	STARD8	XM_024240381.3	+	3	73549990	73550174	184	5
NC_072008.2	75074033	75074750	3	1	+	NC_072008.2	75074198	75074397	75074599	75074750	AWAT1	XM_024241118.2	+	3	75074397	75074599	202	1
NC_072008.2	75264291	75264708	1	1	+	NC_072008.2	75264537	75264565	75264659	75264708	GDPD2	XM_002831762.5	+	1	75264565	75264659	94	2
NC_072008.2	75934169	75934589	-3	1	-	NC_072008.2	75934550	75934574	75934358	75934444	CXHXorf65	XM_009234963.3	-	3	75934444	75934550	106	2
NC_072008.2	75965230	75965626	2	1	+	NC_072008.2	75965231	75965308	75965399	75965453	MED12	NM_001131081.2	+	2	75965308	75965399	91	2
NC_072008.2	75965230	75965626	2	1	+	NC_072008.2	75965399	75965453	75965529	75965616	MED12	NM_001131081.2	+	2	75965453	75965529	76	2
NC_072008.2	75965230	75965626	2	1	+	NC_072008.2	75965231	75965308	75965399	75965616	MED12	XM_009234957.4	+	2	75965308	75965399	91	2
NC_072009.2	4126455	4126881	1	1	+	NC_072009.2	4126478	4126659	4126729	4126846	DDX3Y	NM_001131248.1	+	1	4126659	4126729	70	2
NC_072009.2	9619748	9621467	-1	1	-	NC_072009.2	9620869	9621296	9619749	9620445	LOC129053360	XM_054545391.1	-	1	9620445	9620869	424	1
NC_085928.1	101125385	101126072	3	1	+	NC_085928.1	101125635	101125718	101125845	101125938	TKT	NM_001133521.1	+	3	101125718	101125845	127	1
NC_085928.1	101540088	101541003	1	1	+	NC_085928.1	101540119	101540235	101540512	101540680	ITIH4	NM_001133371.2	+	1	101540235	101540512	277	2
NC_085928.1	101540088	101541003	1	1	+	NC_085928.1	101540512	101540680	101540762	101540887	ITIH4	NM_001133371.2	+	1	101540680	101540762	82	2
NC_085928.1	101562581	101563076	-2	1	-	NC_085928.1	101562870	101563055	101562583	101562722	ITIH3	NM_001132118.1	-	2	101562722	101562870	148	2
NC_085928.1	101835197	101835548	3	1	+	NC_085928.1	101835303	101835363	101835445	101835547	NT5DC2	XM_002813643.6	+	3	101835363	101835445	82	2
NC_085928.1	101839589	101839997	-2	1	-	NC_085928.1	101839782	101839931	101839596	101839700	STAB1	XM_024244405.3	-	2	101839700	101839782	82	1
NC_085928.1	101846854	101847373	-3	1	-	NC_085928.1	101847130	101847325	101846917	101847012	STAB1	XM_024244405.3	-	3	101847012	101847130	118	1
NC_085928.1	101857239	101857647	-1	1	-	NC_085928.1	101857513	101857626	101857360	101857413	STAB1	XM_024244405.3	-	1	101857413	101857513	100	1
NC_085928.1	101858145	101858616	-1	1	-	NC_085928.1	101858419	101858556	101858152	101858292	STAB1	XM_024244405.3	-	1	101858292	101858419	127	1
NC_085928.1	101860437	101861190	-1	1	-	NC_085928.1	101861058	101861127	101860572	101860667	STAB1	XM_024244405.3	-	1	101860667	101861058	391	1
NC_085928.1	101911556	101911916	3	1	+	NC_085928.1	101911667	101911803	101911888	101911916	TNNC1	XM_002813653.6	+	3	101911803	101911888	85	1
NC_085928.1	101955026	101955308	3	1	+	NC_085928.1	101955121	101955150	101955253	101955307	BAP1	XM_002813655.4	+	3	101955150	101955253	103	4
NC_085928.1	101973515	101973959	-2	1	-	NC_085928.1	101973813	101973932	101973531	101973680	DNAH1	XM_054552144.2	-	2	101973680	101973813	133	1
NC_085928.1	102011135	102012149	-2	1	-	NC_085928.1	102011603	102011801	102011271	102011524	DNAH1	XM_054552144.2	-	2	102011524	102011603	79	1
NC_085928.1	102382336	102382867	-3	1	-	NC_085928.1	102382583	102382643	102382337	102382498	ACY1	NM_001131201.2	-	3	102382498	102382583	85	2
NC_085928.1	102410683	102411346	2	1	+	NC_085928.1	102410813	102410929	102411128	102411259	PCBP4	XM_002813669.5	+	2	102410929	102411128	199	8
NC_085928.1	10242858	10243206	1	1	+	NC_085928.1	10242886	10242972	10243069	10243141	TPRA1	XM_024244256.3	+	1	10242972	10243069	97	5
NC_085928.1	102437722	102438052	2	1	+	NC_085928.1	102437780	102437853	102437962	102438052	RRP9	XM_002813677.6	+	2	102437853	102437962	109	1
NC_085928.1	104069630	104070182	3	1	+	NC_085928.1	104069764	104069813	104070000	104070089	CACNA2D2	XM_024244800.3	+	3	104069813	104070000	187	12
NC_085928.1	104079815	104080340	3	1	+	NC_085928.1	104079923	104080020	104080249	104080339	CACNA2D2	XM_024244800.3	+	3	104080020	104080249	229	12
NC_085928.1	104082741	104083461	1	1	+	NC_085928.1	104083160	104083242	104083324	104083461	CACNA2D2	XM_024244800.3	+	1	104083242	104083324	82	6
NC_085928.1	104082741	104083461	1	1	+	NC_085928.1	104083153	104083242	104083324	104083461	CACNA2D2	XM_024244802.3	+	1	104083242	104083324	82	6
NC_085928.1	104097983	104098637	3	1	+	NC_085928.1	104098109	104098198	104098298	104098466	NPRL2	XM_054550704.2	+	3	104098198	104098298	100	4
NC_085928.1	104097983	104098637	3	1	+	NC_085928.1	104098109	104098200	104098303	104098466	NPRL2	XM_054550705.2	+	3	104098200	104098303	103	1
NC_085928.1	104157074	104157518	3	1	+	NC_085928.1	104157153	104157281	104157360	104157455	IFRD2	XM_009238989.4	+	3	104157281	104157360	79	1
NC_085928.1	104174261	104174663	-2	1	-	NC_085928.1	104174544	104174663	104174372	104174465	SEMA3B	XM_024244742.3	-	2	104174465	104174544	79	6
NC_085928.1	104250698	104251241	-2	1	-	NC_085928.1	104250998	104251151	104250699	104250886	GNAT1	XM_003776241.4	-	2	104250886	104250998	112	1
NC_085928.1	104262339	104262693	-1	1	-	NC_085928.1	104262579	104262693	104262341	104262410	SEMA3F	XM_024245378.3	-	1	104262410	104262579	169	4
NC_085928.1	104584091	104584856	3	1	+	NC_085928.1	104584301	104584439	104584578	104584698	CAMKV	XM_024245396.3	+	3	104584439	104584578	139	2
NC_085928.1	104753052	104753568	-1	1	-	NC_085928.1	104753353	104753467	104753164	104753268	RNF123	XM_024245239.3	-	1	104753268	104753353	85	10
NC_085928.1	104765645	104766065	3	1	+	NC_085928.1	104765720	104765856	104765938	104766058	MST1	XM_002813744.6	+	3	104765856	104765938	82	3
NC_085928.1	104765645	104766065	3	1	+	NC_085928.1	104765720	104765856	104765938	104766054	MST1	XM_054550745.2	+	3	104765856	104765938	82	2
NC_085928.1	104771021	104771306	-2	1	-	NC_085928.1	104771189	104771272	104771027	104771107	APEH	XM_024245247.3	-	2	104771107	104771189	82	3
NC_085928.1	104778236	104778692	-2	1	-	NC_085928.1	104778546	104778557	104778338	104778470	APEH	XM_024245247.3	-	2	104778470	104778546	76	2
NC_085928.1	105328940	105329435	3	1	+	NC_085928.1	105329013	105329201	105329295	105329358	LAMB2	XM_024245044.3	+	3	105329201	105329295	94	2
NC_085928.1	105336031	105336625	2	1	+	NC_085928.1	105336090	105336307	105336416	105336512	LAMB2	XM_024245044.3	+	2	105336307	105336416	109	2
NC_085928.1	105344765	105345359	3	1	+	NC_085928.1	105344767	105344987	105345072	105345267	USP19	XM_024245047.3	+	3	105344987	105345072	85	27
NC_085928.1	105344765	105345359	3	1	+	NC_085928.1	105344773	105344987	105345072	105345267	USP19	XM_024245051.3	+	3	105344987	105345072	85	16
NC_085928.1	105435504	105435924	1	1	+	NC_085928.1	105435625	105435715	105435815	105435910	IMPDH2	XM_009239016.4	+	1	105435715	105435815	100	2
NC_085928.1	105443626	105444205	2	1	+	NC_085928.1	105443663	105443827	105443909	105444204	DALRD3	XM_009239019.4	+	2	105443827	105443909	82	12
NC_085928.1	105754483	105754966	2	1	+	NC_085928.1	105754562	105754649	105754740	105754965	IP6K2	XM_054552175.1	+	2	105754649	105754740	91	6
NC_085928.1	105857781	105858228	1	1	+	NC_085928.1	105857822	105857968	105858056	105858172	COL7A1	XM_024245435.3	+	1	105857968	105858056	88	5
NC_085928.1	105859465	105860053	2	1	+	NC_085928.1	105859473	105859598	105859701	105859844	COL7A1	XM_024245435.3	+	2	105859598	105859701	103	5
NC_085928.1	105863291	105863756	3	1	+	NC_085928.1	105863391	105863517	105863602	105863748	COL7A1	XM_024245435.3	+	3	105863517	105863602	85	5
NC_085928.1	105864876	105865197	1	1	+	NC_085928.1	105864964	105865044	105865135	105865170	COL7A1	XM_024245435.3	+	1	105865044	105865135	91	5
NC_085928.1	105866383	105866719	2	1	+	NC_085928.1	105866465	105866524	105866657	105866692	COL7A1	XM_024245435.3	+	2	105866524	105866657	133	5
NC_085928.1	105870004	105870655	2	1	+	NC_085928.1	105870410	105870490	105870563	105870598	COL7A1	XM_024245435.3	+	2	105870490	105870563	73	5
NC_085928.1	105871229	105871841	3	1	+	NC_085928.1	105871566	105871628	105871716	105871760	COL7A1	XM_024245435.3	+	3	105871628	105871716	88	5
NC_085928.1	105874428	105875010	1	1	+	NC_085928.1	105874534	105874734	105874831	105874866	COL7A1	XM_024245435.3	+	1	105874734	105874831	97	5
NC_085928.1	105877502	105877736	3	1	+	NC_085928.1	105877515	105877550	105877632	105877673	COL7A1	XM_024245435.3	+	3	105877550	105877632	82	5
NC_085928.1	107046457	107047915	2	1	+	NC_085928.1	107046586	107046787	107047300	107047822	SCAP	XM_024244269.3	+	2	107046787	107047300	513	3
NC_085928.1	107046457	107047915	2	1	+	NC_085928.1	107046586	107046787	107047303	107047822	SCAP	XM_024244270.3	+	2	107046787	107047303	516	3
NC_085928.1	107051598	107052309	-1	1	-	NC_085928.1	107052154	107052267	107051599	107052075	PTPN23	XM_009239086.4	-	1	107052075	107052154	79	6
NC_085928.1	107052779	107055386	-2	1	-	NC_085928.1	107055001	107055180	107053095	107054907	PTPN23	XM_009239086.4	-	2	107054907	107055001	94	6
NC_085928.1	107052779	107055386	-2	1	-	NC_085928.1	107053095	107054907	107052814	107052998	PTPN23	XM_009239086.4	-	2	107052998	107053095	97	6
NC_085928.1	107055127	107055688	-3	1	-	NC_085928.1	107055518	107055672	107055267	107055418	PTPN23	XM_009239086.4	-	3	107055418	107055518	100	6
NC_085928.1	107057992	107058586	-3	1	-	NC_085928.1	107058479	107058559	107058272	107058403	PTPN23	XM_009239086.4	-	3	107058403	107058479	76	6
NC_085928.1	107057992	107058586	-3	1	-	NC_085928.1	107058272	107058403	107058134	107058181	PTPN23	XM_009239086.4	-	3	107058181	107058272	91	6
NC_085928.1	107452699	107453101	-3	1	-	NC_085928.1	107452928	107453086	107452701	107452849	NBEAL2	XM_024244840.3	-	3	107452849	107452928	79	5
NC_085928.1	107472204	107472663	-1	1	-	NC_085928.1	107472455	107472583	107472259	107472340	NBEAL2	XM_024244840.3	-	1	107472340	107472455	115	5
NC_085928.1	107542619	107543210	3	1	+	NC_085928.1	107542870	107542931	107543175	107543209	CCDC12	XM_009239098.4	+	3	107542931	107543175	244	9
NC_085928.1	107609797	107610034	2	1	+	NC_085928.1	107609820	107609897	107610009	107610034	MYL3	NM_001134025.1	+	2	107609897	107610009	112	7
NC_085928.1	107717681	107718332	3	1	+	NC_085928.1	107717787	107717889	107718034	107718258	LOC112132656	XM_054552185.2	+	3	107717889	107718034	145	1
NC_085928.1	10802919	10803825	-1	1	-	NC_085928.1	10803398	10803565	10803046	10803139	PLXNA1	XM_024244726.3	-	1	10803139	10803398	259	3
NC_085928.1	10805469	10805979	-1	1	-	NC_085928.1	10805725	10805918	10805471	10805622	PLXNA1	XM_024244726.3	-	1	10805622	10805725	103	3
NC_085928.1	10814785	10815442	-3	1	-	NC_085928.1	10815092	10815215	10814857	10815010	PLXNA1	XM_024244726.3	-	3	10815010	10815092	82	3
NC_085928.1	111797516	111798035	3	1	+	NC_085928.1	111797595	111797708	111797838	111798032	HHATL	XM_002813876.6	+	3	111797708	111797838	130	1
NC_085928.1	11331452	11331836	3	1	+	NC_085928.1	11331483	11331611	11331774	11331835	UROC1	XM_024244865.3	+	3	11331611	11331774	163	2
NC_085928.1	114026342	114026939	-2	1	-	NC_085928.1	114026738	114026891	114026405	114026524	ZNF619	XM_054552250.2	-	2	114026524	114026738	214	1
NC_085928.1	115375680	115376289	-1	1	-	NC_085928.1	115375932	115376052	115375696	115375763	TTC21A	XM_024244283.3	-	1	115375763	115375932	169	17
NC_085928.1	115383778	115384342	-3	1	-	NC_085928.1	115384166	115384238	115383959	115384069	TTC21A	XM_024244283.3	-	3	115384069	115384166	97	15
NC_085928.1	116231706	116232027	-1	1	-	NC_085928.1	116231890	116232010	116231708	116231802	SLC22A13	XM_002813925.4	-	1	116231802	116231890	88	1
NC_085928.1	116396172	116396490	-1	1	-	NC_085928.1	116396269	116396392	116396173	116396175	DLEC1	XM_054552314.2	-	1	116396175	116396269	94	4
NC_085928.1	134561438	134562026	3	1	+	NC_085928.1	134561574	134561715	134561797	134561993	SGO1	XM_002814011.6	+	3	134561715	134561797	82	6
NC_085928.1	139894603	139894861	2	1	+	NC_085928.1	139894604	139894639	139894757	139894793	COL6A5	XM_024244913.3	+	2	139894639	139894757	118	1
NC_085928.1	15148358	15148997	3	1	+	NC_085928.1	15148383	15148608	15148750	15148968	SEMA5B	XM_003776152.5	+	3	15148608	15148750	142	6
NC_085928.1	15149208	15149958	1	1	+	NC_085928.1	15149468	15149638	15149741	15149890	SEMA5B	XM_003776152.5	+	1	15149638	15149741	103	5
NC_085928.1	15149208	15149958	1	1	+	NC_085928.1	15149468	15149638	15149744	15149890	SEMA5B	XM_054551393.2	+	1	15149638	15149744	106	1
NC_085928.1	152159803	152160253	2	1	+	NC_085928.1	152159855	152160020	152160102	152160244	PLS1	NM_001132109.1	+	2	152160020	152160102	82	6
NC_085928.1	159349478	159349823	-2	1	-	NC_085928.1	159349739	159349805	159349571	159349648	COMMD2	NM_001133165.1	-	2	159349648	159349739	91	1
NC_085928.1	170252685	170253081	-1	1	-	NC_085928.1	170252896	170253065	170252758	170252802	KPNA4	XM_002814246.6	-	1	170252802	170252896	94	1
NC_085928.1	17661878	17662319	3	1	+	NC_085928.1	17661930	17661932	17662083	17662139	FSTL1	NM_001132366.1	+	3	17661932	17662083	151	1
NC_085928.1	18298858	18299593	-3	1	-	NC_085928.1	18299191	18299333	18298873	18298989	NR1I2	XM_002813243.4	-	3	18298989	18299191	202	1
NC_085928.1	189221321	189221681	-2	1	-	NC_085928.1	189221614	189221681	189221323	189221478	KCNMB3	XM_054553025.1	-	2	189221478	189221614	136	1
NC_085928.1	190605937	190606441	2	1	+	NC_085928.1	190605970	190606094	190606203	190606402	TTC14	XM_002814320.6	+	2	190606094	190606203	109	3
NC_085928.1	194142402	194142960	1	1	+	NC_085928.1	194142476	194142577	194142749	194142856	EIF2B5	XM_002814349.6	+	1	194142577	194142749	172	1
NC_085928.1	194188201	194188492	2	1	+	NC_085928.1	194188264	194188344	194188432	194188491	ABCF3	NM_001132359.1	+	2	194188344	194188432	88	2
NC_085928.1	194240648	194241455	3	1	+	NC_085928.1	194240676	194240865	194240971	194241315	VWA5B2	XM_054553074.2	+	3	194240865	194240971	106	2
NC_085928.1	194327436	194328042	1	1	+	NC_085928.1	194327440	194327625	194327812	194328009	EIF4G1	XM_009239608.4	+	1	194327625	194327812	187	8
NC_085928.1	194327436	194328042	1	1	+	NC_085928.1	194327437	194327625	194327812	194328009	EIF4G1	XM_024244561.3	+	1	194327625	194327812	187	9
NC_085928.1	194345709	194346411	1	1	+	NC_085928.1	194345764	194345857	194346107	194346289	FAM131A	XM_009239611.4	+	1	194345857	194346107	250	1
NC_085928.1	194345709	194346411	1	1	+	NC_085928.1	194345788	194345857	194346107	194346289	FAM131A	XM_024244568.3	+	1	194345857	194346107	250	6
NC_085928.1	194361794	194362610	-2	1	-	NC_085928.1	194362017	194362150	194361834	194361911	CLCN2	XM_002814361.5	-	2	194361911	194362017	106	3
NC_085928.1	194383773	194384844	1	1	+	NC_085928.1	194384032	194384179	194384405	194384508	CHRD	XM_024244576.3	+	1	194384179	194384405	226	2
NC_085928.1	194384830	194385499	2	1	+	NC_085928.1	194384948	194385077	194385210	194385338	CHRD	XM_024244576.3	+	2	194385077	194385210	133	2
NC_085928.1	194386318	194386759	2	1	+	NC_085928.1	194386347	194386487	194386569	194386651	CHRD	XM_024244576.3	+	2	194386487	194386569	82	2
NC_085928.1	194587218	194588274	1	1	+	NC_085928.1	194587477	194587692	194587804	194587953	EPHB3	XM_024244578.3	+	1	194587692	194587804	112	1
NC_085928.1	194587218	194588274	1	1	+	NC_085928.1	194587804	194587953	194588047	194588240	EPHB3	XM_024244578.3	+	1	194587953	194588047	94	1
NC_085928.1	196101897	196102539	-1	1	-	NC_085928.1	196102360	196102478	196102137	196102224	ETV5	XM_002814375.6	-	1	196102224	196102360	136	1
NC_085928.1	196101897	196102539	-1	1	-	NC_085928.1	196102137	196102224	196101960	196102007	ETV5	XM_002814375.6	-	1	196102007	196102137	130	3
NC_085928.1	196101897	196102539	-1	1	-	NC_085928.1	196102360	196102404	196102137	196102224	ETV5	XM_002814376.5	-	1	196102224	196102360	136	2
NC_085928.1	201389089	201389971	2	1	+	NC_085928.1	201389130	201389657	201389757	201389971	CCDC50	XM_063722394.1	+	2	201389657	201389757	100	1
NC_085928.1	204689027	204689504	-2	1	-	NC_085928.1	204689403	204689504	204689169	204689312	LSG1	XM_024244460.3	-	2	204689312	204689403	91	1
NC_085928.1	205847328	205848120	-1	1	-	NC_085928.1	205847865	205847966	205847376	205847609	MUC4	XM_063722433.1	-	1	205847609	205847865	256	1
NC_085928.1	205852943	205853531	-2	1	-	NC_085928.1	205853222	205853401	205852949	205853074	MUC4	XM_063722433.1	-	2	205853074	205853222	148	1
NC_085928.1	206330663	206332376	-2	1	-	NC_085928.1	206330895	206332243	206330703	206330798	TNK2	XM_002814443.4	-	2	206330798	206330895	97	15
NC_085928.1	207379893	207380304	1	1	+	NC_085928.1	207379895	207380000	207380154	207380292	SENP5	XM_002814465.4	+	1	207380000	207380154	154	2
NC_085928.1	208665558	208665858	-1	1	-	NC_085928.1	208665759	208665795	208665627	208665670	LOC100457577	XM_063722441.1	-	1	208665670	208665759	89	1
NC_085928.1	209281955	209283332	-2	1	-	NC_085928.1	209282501	209283209	209282103	209282168	LOC134761134	XM_063722655.1	-	2	209282168	209282501	333	1
NC_085928.1	24508063	24508591	-3	1	-	NC_085928.1	24508361	24508466	24508160	24508270	SIDT1	XM_024244686.3	-	3	24508270	24508361	91	1
NC_085928.1	24846120	24846672	-1	1	-	NC_085928.1	24846412	24846644	24846122	24846198	BOC	XM_054551514.2	-	1	24846198	24846412	214	10
NC_085928.1	25197780	25198527	1	1	+	NC_085928.1	25197833	25198150	25198274	25198522	CD200R1	XM_002813283.4	+	1	25198150	25198274	124	2
NC_085928.1	262812	263373	-1	1	-	NC_085928.1	263095	263281	262855	262992	ST3GAL6	NM_001131431.1	-	1	262992	263095	103	8
NC_085928.1	28887457	28887820	2	1	+	NC_085928.1	28887458	28887471	28887655	28887700	DPPA2	XM_024244959.3	+	2	28887471	28887655	184	1
NC_085928.1	5990393	5990807	-2	1	-	NC_085928.1	5990661	5990765	5990460	5990561	NUP210	XM_024244326.3	-	2	5990561	5990661	100	2
NC_085928.1	68816579	68817143	-2	1	-	NC_085928.1	68817032	68817115	68816756	68816851	CRELD1	XM_002813459.6	-	2	68816851	68817032	181	2
NC_085928.1	68832735	68833170	-1	1	-	NC_085928.1	68832970	68833151	68832826	68832876	IL17RC	XM_002813452.5	-	1	68832876	68832970	94	8
NC_085928.1	68832735	68833170	-1	1	-	NC_085928.1	68832970	68833151	68832826	68832873	IL17RC	XM_063721894.1	-	1	68832873	68832970	97	1
NC_085928.1	68950941	68951544	-1	1	-	NC_085928.1	68951345	68951514	68950971	68951023	TTLL3	XM_054551775.2	-	1	68951023	68951345	322	4
NC_085928.1	79924645	79925101	2	1	+	NC_085928.1	79924692	79924850	79924950	79925099	CNTN3	XM_024245434.3	+	2	79924850	79924950	100	3
NC_085928.1	8208461	8208878	3	1	+	NC_085928.1	8208484	8208591	8208685	8208797	PLXND1	XM_024244918.3	+	3	8208591	8208685	94	2
NC_085928.1	90420904	90421759	-3	1	-	NC_085928.1	90421390	90421699	90421087	90421155	ATXN7	XM_024245446.3	-	3	90421155	90421390	235	20
NC_085928.1	96195968	96196646	-2	1	-	NC_085928.1	96196454	96196606	96196229	96196351	FLNB	XM_063722021.1	-	2	96196351	96196454	103	3
NC_085929.1	22787147	22787399	-2	1	-	NC_085929.1	22787343	22787371	22787168	22787240	LOC100449536	XM_054543008.2	-	2	22787240	22787343	103	1
NC_085929.1	24248995	24249850	2	1	+	NC_085929.1	24248996	24249391	24249428	24249850	BCL2L13	XM_009234083.4	+	2	24249391	24249428	37	1
NC_085929.1	24311379	24311829	-1	1	-	NC_085929.1	24311643	24311716	24311380	24311561	MICAL3	XM_054543023.2	-	1	24311561	24311643	82	16
NC_085929.1	24977070	24977514	1	1	+	NC_085929.1	24977166	24977254	24977330	24977514	PRODH	XM_024240005.3	+	1	24977254	24977330	76	1
NC_085929.1	24983847	24984357	-1	1	-	NC_085929.1	24984217	24984309	24983960	24984120	DGCR6	NM_001132542.2	-	1	24984120	24984217	97	1
NC_085929.1	25648475	25648868	-2	1	-	NC_085929.1	25648745	25648790	25648571	25648627	LOC100938552	XM_063722761.1	-	2	25648627	25648745	118	1
NC_085929.1	26102809	26103598	-3	1	-	NC_085929.1	26103382	26103532	26102810	26103267	LOC100936295	XM_024239748.2	-	3	26103267	26103382	115	1
NC_085929.1	26476537	26477053	2	1	+	NC_085929.1	26476602	26476756	26476889	26476994	TOP3B	XM_002834627.6	+	2	26476756	26476889	133	7
NC_085929.1	26971856	26972243	3	1	+	NC_085929.1	26971982	26972054	26972202	26972242	TMEM191C	XM_003780184.4	+	3	26972054	26972202	148	4
NC_085929.1	26997515	26998154	-2	1	-	NC_085929.1	26997962	26998081	26997702	26997781	PI4KA	XM_024240188.3	-	2	26997781	26997962	181	2
NC_085929.1	27251651	27252224	3	1	+	NC_085929.1	27251839	27251915	27252027	27252144	LZTR1	XM_063722727.1	+	3	27251915	27252027	112	3
NC_085929.1	27269587	27270364	2	1	+	NC_085929.1	27269733	27269859	27269950	27270099	LZTR1	NM_001133445.1	+	2	27269859	27269950	91	2
NC_085929.1	27296687	27297587	3	1	+	NC_085929.1	27296969	27297103	27297203	27297312	LOC100445728	XM_024240069.3	+	3	27297103	27297203	100	2
NC_085929.1	27302742	27303192	-1	1	-	NC_085929.1	27303021	27303129	27302743	27302915	SLC7A4	XM_009236835.4	-	1	27302915	27303021	106	3
NC_085929.1	27623044	27623908	2	1	+	NC_085929.1	27623079	27623180	27623388	27623907	SCARF2	XM_024240179.3	+	2	27623180	27623388	208	3
NC_085929.1	27942179	27943109	3	1	+	NC_085929.1	27942234	27942363	27942577	27942684	CCDC188	XM_054543638.1	+	3	27942363	27942577	214	3
NC_085929.1	27943179	27943947	1	1	+	NC_085929.1	27943180	27943239	27943897	27943946	CCDC188	XM_024240119.2	+	1	27943239	27943897	658	12
NC_085929.1	28933518	28934928	1	1	+	NC_085929.1	28933782	28933920	28934449	28934533	SLC25A1	XM_024239975.3	+	1	28933920	28934449	529	2
NC_085929.1	28965069	28965960	1	1	+	NC_085929.1	28965163	28965421	28965533	28965786	GSC2	XM_002830840.5	+	1	28965421	28965533	112	1
NC_085929.1	29576171	29576591	-2	1	-	NC_085929.1	29576429	29576572	29576177	29576335	SUSD2	XM_063722976.1	-	2	29576335	29576429	94	1
NC_085929.1	29980877	29981612	3	1	+	NC_085929.1	29980996	29981185	29981312	29981612	LOC129052797	XM_063722788.1	+	3	29981185	29981312	127	1
NC_085929.1	30710695	30711247	2	1	+	NC_085929.1	30710723	30710763	30711004	30711223	CHCHD10	XM_002830908.5	+	2	30710763	30711004	241	1
NC_085929.1	30994490	30998630	-2	1	-	NC_085929.1	30997164	30998630	30996570	30997085	LOC112130606	XM_063722943.1	-	2	30997085	30997164	79	1
NC_085929.1	35660486	35660957	3	1	+	NC_085929.1	35660620	35660712	35660797	35660886	EMID1	XM_054543287.2	+	3	35660712	35660797	85	4
NC_085929.1	35660486	35660957	3	1	+	NC_085929.1	35660662	35660712	35660797	35660886	EMID1	XM_054543289.2	+	3	35660712	35660797	85	2
NC_085929.1	35663218	35663608	2	1	+	NC_085929.1	35663333	35663395	35663501	35663545	EMID1	XM_054543287.2	+	2	35663395	35663501	106	6
NC_085929.1	35758856	35759435	-2	1	-	NC_085929.1	35759285	35759371	35758857	35759194	AP1B1	XM_024239953.3	-	2	35759194	35759285	91	6
NC_085929.1	35758856	35759435	-2	1	-	NC_085929.1	35759285	35759371	35759040	35759194	AP1B1	XM_024239956.3	-	2	35759194	35759285	91	4
NC_085929.1	36932835	36933192	-1	1	-	NC_085929.1	36933052	36933158	36932837	36932976	SEC14L4	XM_002831008.4	-	1	36932976	36933052	76	6
NC_085929.1	36966198	36966897	-1	1	-	NC_085929.1	36966549	36966718	36966199	36966308	SEC14L6	XM_002831013.5	-	1	36966308	36966549	241	1
NC_085929.1	36966808	36967165	-3	1	-	NC_085929.1	36967025	36967131	36966810	36966949	SEC14L6	XM_002831013.5	-	3	36966949	36967025	76	1
NC_085929.1	37018602	37019214	-1	1	-	NC_085929.1	37019011	37019177	37018711	37018872	PES1	XM_002831011.4	-	1	37018872	37019011	139	1
NC_085929.1	37330669	37331296	2	1	+	NC_085929.1	37330783	37330837	37331093	37331239	OSBP2	NM_001133036.1	+	2	37330837	37331093	256	9
NC_085929.1	37330669	37331296	2	1	+	NC_085929.1	37330783	37330837	37331123	37331239	OSBP2	XM_054542966.2	+	2	37330837	37331123	286	2
NC_085929.1	37536232	37536589	2	1	+	NC_085929.1	37536260	37536412	37536491	37536566	SMTN	NM_001132647.1	+	2	37536412	37536491	79	7
NC_085929.1	37732238	37732811	-2	1	-	NC_085929.1	37732571	37732687	37732358	37732477	PIK3IP1	NM_001131746.1	-	2	37732477	37732571	94	1
NC_085929.1	38056065	38056584	1	1	+	NC_085929.1	38056284	38056395	38056483	38056584	SFI1	XM_009234280.4	+	1	38056395	38056483	88	50
NC_085929.1	38348846	38349380	3	1	+	NC_085929.1	38348870	38348952	38349091	38349380	DEPDC5	XM_024239716.3	+	3	38348952	38349091	139	14
NC_085929.1	43274332	43274731	-3	1	-	NC_085929.1	43274593	43274704	43274393	43274472	IFT27	XM_054543373.2	-	3	43274472	43274593	121	1
NC_085929.1	44154221	44154764	3	1	+	NC_085929.1	44154381	44154521	44154606	44154687	GGA1	XM_024239706.3	+	3	44154521	44154606	85	3
NC_085929.1	44623032	44623446	-1	1	-	NC_085929.1	44623256	44623369	44623033	44623135	BAIAP2L2	XM_063723055.1	-	1	44623135	44623256	121	1
NC_085929.1	45245789	45246662	-2	1	-	NC_085929.1	45246413	45246588	45246101	45246238	SUN2	XM_002831140.6	-	2	45246238	45246413	175	4
NC_085929.1	45484746	45485517	1	1	+	NC_085929.1	45484885	45485164	45485372	45485516	APOBEC3B	XM_009234378.4	+	1	45485164	45485372	208	1
NC_085929.1	46840494	46840941	1	1	+	NC_085929.1	46840519	46840588	46840736	46840883	ADSL	XM_002831167.6	+	1	46840588	46840736	148	2
NC_085929.1	46886735	46887461	3	1	+	NC_085929.1	46886805	46886859	46886989	46887116	SGSM3	NM_001132023.1	+	3	46886859	46886989	130	13
NC_085929.1	46886735	46887461	3	1	+	NC_085929.1	46886989	46887116	46887201	46887356	SGSM3	NM_001132023.1	+	3	46887116	46887201	85	13
NC_085929.1	47996597	47997320	3	1	+	NC_085929.1	47996625	47996747	47996979	47997134	ACO2	XM_002831184.6	+	3	47996747	47996979	232	1
NC_085929.1	48379213	48380422	-3	1	-	NC_085929.1	48379873	48380304	48379214	48379596	SHISA8	XM_024240071.3	-	3	48379596	48379873	277	1
NC_085929.1	51410606	51411398	-2	1	-	NC_085929.1	51411137	51411212	51410700	51410803	PHF21B	XM_024240157.3	-	2	51410803	51411137	334	5
NC_085929.1	51732166	51732769	-3	1	-	NC_085929.1	51732590	51732667	51732194	51732295	KIAA0930	XM_002831254.6	-	3	51732295	51732590	295	3
NC_085929.1	56689342	56691352	2	1	+	NC_085929.1	56690610	56690719	56690933	56691302	PIM3	XM_002831286.5	+	2	56690719	56690933	214	1
NC_085929.1	56943990	56944560	-1	1	-	NC_085929.1	56944240	56944434	56944029	56944161	TUBGCP6	XM_002831298.5	-	1	56944161	56944240	79	2
NC_085929.1	56975015	56975936	-2	1	-	NC_085929.1	56975242	56975346	56975017	56975085	HDAC10	XM_024240162.3	-	2	56975085	56975242	157	14
NC_085929.1	56981165	56981714	-2	1	-	NC_085929.1	56981573	56981687	56981297	56981368	MAPK12	XM_024240148.3	-	2	56981368	56981573	205	4
NC_085929.1	56992384	56993056	-3	1	-	NC_085929.1	56992931	56992978	56992738	56992852	MAPK11	XM_024239876.3	-	3	56992852	56992931	79	5
NC_085929.1	56993042	56993300	-2	1	-	NC_085929.1	56993178	56993289	56993061	56993090	MAPK11	XM_024239876.3	-	2	56993090	56993178	88	3
NC_085929.1	56993373	56993985	-1	1	-	NC_085929.1	56993623	56993752	56993375	56993433	MAPK11	XM_024239876.3	-	1	56993433	56993623	190	5
NC_085929.1	57008949	57009561	-1	1	-	NC_085929.1	57009301	57009409	57009023	57009159	PLXNB2	NM_001132237.1	-	1	57009159	57009301	142	18
NC_085929.1	57038083	57040009	-3	1	-	NC_085929.1	57039185	57039238	57038757	57038866	DENND6B	XM_024240227.3	-	3	57038866	57039185	319	9
NC_085929.1	57038083	57040009	-3	1	-	NC_085929.1	57038757	57038866	57038324	57038426	DENND6B	XM_024240227.3	-	3	57038426	57038757	331	9
NC_085929.1	57038083	57040009	-3	1	-	NC_085929.1	57038324	57038426	57038144	57038218	DENND6B	XM_024240227.3	-	3	57038218	57038324	106	9
NC_085929.1	57153724	57154285	2	1	+	NC_085929.1	57153748	57153805	57154079	57154203	PPP6R2	XM_024239679.3	+	2	57153805	57154079	274	48
NC_085929.1	57172026	57172749	-1	1	-	NC_085929.1	57172384	57172565	57172117	57172296	SBF1	XM_009234525.4	-	1	57172296	57172384	88	6
NC_085929.1	57176106	57176610	-1	1	-	NC_085929.1	57176411	57176589	57176148	57176284	SBF1	XM_009234525.4	-	1	57176284	57176411	127	6
NC_085929.1	57181708	57182302	-3	1	-	NC_085929.1	57181970	57182078	57181781	57181894	SBF1	XM_009234525.4	-	3	57181894	57181970	76	6
NC_085929.1	57182557	57183460	-3	1	-	NC_085929.1	57183158	57183268	57182798	57182821	SBF1	XM_054543876.2	-	3	57182821	57183158	337	2
NC_085929.1	57203768	57204326	3	1	+	NC_085929.1	57203853	57204015	57204238	57204305	MIOX	NM_001131282.2	+	3	57204015	57204238	223	1
NC_085929.1	57222261	57222669	-1	1	-	NC_085929.1	57222483	57222651	57222263	57222374	LMF2	XM_024240108.3	-	1	57222374	57222483	109	1
NC_085929.1	57238837	57239146	2	1	+	NC_085929.1	57238854	57238907	57239049	57239119	NCAPH2	XM_002831305.5	+	2	57238907	57239049	142	4
NC_085929.1	57247704	57248241	-1	1	-	NC_085929.1	57247992	57248113	57247767	57247907	CIMAP1B	XM_054543915.2	-	1	57247907	57247992	85	1
NC_085929.1	57247715	57248426	-2	1	-	NC_085929.1	57248246	57248350	57247992	57248113	CIMAP1B	XM_024239742.3	-	2	57248113	57248246	133	4
NC_085929.1	57247715	57248426	-2	1	-	NC_085929.1	57247992	57248113	57247767	57247907	CIMAP1B	XM_024239742.3	-	2	57247907	57247992	85	4
NC_085929.1	57294758	57295412	-2	1	-	NC_085929.1	57295200	57295334	57294933	57295085	CPT1B	XM_024239711.3	-	2	57295085	57295200	115	4
NC_085929.1	57350271	57350817	-1	1	-	NC_085929.1	57350703	57350805	57350272	57350588	ARSA	XM_024240094.3	-	1	57350588	57350703	115	3
NC_085929.1	57404908	57405301	2	1	+	NC_085929.1	57404924	57405032	57405108	57405259	SHANK3	XM_024240093.3	+	2	57405032	57405108	76	1
