sequence	Cluster
lcl|NC_071985.2_cds_XP_024110122.1_78	4
lcl|NC_071985.2_cds_XP_054405874.1_108	2
lcl|NC_071985.2_cds_XP_024102199.2_131	2
lcl|NC_071985.2_cds_XP_054406032.1_156	2
lcl|NC_071985.2_cds_XP_009245546.2_194	3
lcl|NC_071985.2_cds_XP_024091551.2_225	3
lcl|NC_071985.2_cds_XP_054416820.1_229	4
lcl|NC_071985.2_cds_XP_054416953.1_247	2
lcl|NC_071985.2_cds_XP_054417034.1_261	2
lcl|NC_071985.2_cds_NP_001359294.1_265	4
lcl|NC_071985.2_cds_XP_024088978.1_269	2
lcl|NC_071985.2_cds_XP_024095740.2_273	2
lcl|NC_071985.2_cds_XP_024106979.2_287	2
lcl|NC_071985.2_cds_XP_024108751.2_288	2
lcl|NC_071985.2_cds_XP_009250069.1_306	3
lcl|NC_071985.2_cds_XP_024088129.2_319	2
lcl|NC_071985.2_cds_XP_024110028.2_332	2
lcl|NC_071985.2_cds_XP_054417324.1_334	4
lcl|NC_071985.2_cds_XP_002809341.1_339	2
lcl|NC_071985.2_cds_XP_054417408.1_340	4
lcl|NC_071985.2_cds_XP_024105171.2_353	4
lcl|NC_071985.2_cds_XP_024111130.2_377	2
lcl|NC_071985.2_cds_XP_002809368.3_397	4
lcl|NC_071985.2_cds_XP_054417777.1_405	3
lcl|NC_071985.2_cds_XP_054374725.1_447	3
lcl|NC_071985.2_cds_XP_054375286.1_518	2
lcl|NC_071985.2_cds_XP_054375301.1_545	4
lcl|NC_071985.2_cds_XP_024101750.1_547	3
lcl|NC_071985.2_cds_XP_063572506.1_589	4
lcl|NC_071985.2_cds_XP_054375508.1_607	4
lcl|NC_071985.2_cds_XP_054375767.1_646	3
lcl|NC_071985.2_cds_XP_009235622.1_653	3
lcl|NC_071985.2_cds_XP_024111630.2_665	4
lcl|NC_071985.2_cds_XP_063581120.1_667	4
lcl|NC_071985.2_cds_XP_024089675.2_683	2
lcl|NC_071985.2_cds_XP_002809484.2_710	2
lcl|NC_071985.2_cds_XP_054376195.1_719	3
lcl|NC_071985.2_cds_XP_024095075.2_753	4
lcl|NC_071985.2_cds_XP_024106386.2_761	2
lcl|NC_071985.2_cds_XP_054376447.1_764	4
lcl|NC_071985.2_cds_XP_054376521.1_788	4
lcl|NC_071985.2_cds_XP_002809534.4_832	3
lcl|NC_071985.2_cds_XP_024095131.1_871	3
lcl|NC_071985.2_cds_XP_054377233.1_892	2
lcl|NC_071985.2_cds_XP_054377313.1_909	3
lcl|NC_071985.2_cds_XP_009236620.2_912	3
lcl|NC_071985.2_cds_XP_054377533.1_931	4
lcl|NC_071985.2_cds_XP_009236657.1_943	4
lcl|NC_071985.2_cds_XP_024094561.1_1016	4
lcl|NC_071985.2_cds_XP_009236923.2_1038	4
lcl|NC_071985.2_cds_XP_024087753.1_1092	3
lcl|NC_071985.2_cds_NP_001124990.1_1103	4
lcl|NC_071985.2_cds_XP_054378285.1_1112	4
lcl|NC_071985.2_cds_XP_009237182.1_1136	3
lcl|NC_071985.2_cds_XP_054378394.1_1143	4
lcl|NC_071985.2_cds_XP_054378596.1_1195	3
lcl|NC_071985.2_cds_XP_054378646.1_1201	3
lcl|NC_071985.2_cds_XP_054378745.1_1227	3
lcl|NC_071985.2_cds_XP_024102460.1_1256	3
lcl|NC_071985.2_cds_XP_024102859.1_1269	3
lcl|NC_071985.2_cds_XP_054379106.1_1287	4
lcl|NC_071985.2_cds_XP_024087525.1_1304	3
lcl|NC_071985.2_cds_XP_054379216.1_1317	4
lcl|NC_071985.2_cds_XP_054404242.2_1348	4
lcl|NC_071985.2_cds_XP_054379452.1_1363	4
lcl|NC_071985.2_cds_XP_054379460.1_1366	3
lcl|NC_071985.2_cds_XP_063582054.1_1386	2
lcl|NC_071985.2_cds_XP_024093530.2_1396	2
lcl|NC_071985.2_cds_XP_002809695.3_1406	2
lcl|NC_071985.2_cds_XP_024112225.1_1421	4
lcl|NC_071985.2_cds_XP_054379793.1_1444	4
lcl|NC_071985.2_cds_XP_024094412.1_1448	3
lcl|NC_071985.2_cds_XP_024109889.2_1449	2
lcl|NC_071985.2_cds_XP_002809715.2_1468	2
lcl|NC_071985.2_cds_XP_054379872.1_1469	4
lcl|NC_071985.2_cds_XP_024101619.2_1536	3
lcl|NC_071985.2_cds_XP_054404330.1_1537	4
lcl|NC_071985.2_cds_XP_002809737.3_1540	4
lcl|NC_071985.2_cds_XP_009238348.2_1545	2
lcl|NC_071985.2_cds_XP_002809741.2_1565	3
lcl|NC_071985.2_cds_XP_054380211.1_1569	2
lcl|NC_071985.2_cds_XP_063582276.1_1601	4
lcl|NC_071985.2_cds_XP_063582315.1_1614	3
lcl|NC_071985.2_cds_XP_009238479.3_1616	3
lcl|NC_071985.2_cds_XP_002809755.1_1619	3
lcl|NC_071985.2_cds_XP_054380497.1_1647	4
lcl|NC_071985.2_cds_XP_054380586.1_1657	3
lcl|NC_071985.2_cds_XP_024095402.2_1670	4
lcl|NC_071985.2_cds_XP_063572879.1_1693	3
lcl|NC_071985.2_cds_XP_054406513.1_1723	3
lcl|NC_071985.2_cds_XP_054406561.1_1733	4
lcl|NC_071985.2_cds_XP_002809798.3_1747	3
lcl|NC_071985.2_cds_XP_024107616.1_1775	3
lcl|NC_071985.2_cds_XP_054380758.1_1785	3
lcl|NC_071985.2_cds_XP_054380787.1_1789	4
lcl|NC_071985.2_cds_XP_024088098.2_1792	3
lcl|NC_071985.2_cds_XP_024106938.1_1803	4
lcl|NC_071985.2_cds_XP_024086930.2_1811	3
lcl|NC_071985.2_cds_XP_024101222.1_1821	3
lcl|NC_071985.2_cds_XP_024088000.1_1852	3
lcl|NC_071985.2_cds_XP_024095720.2_1896	2
lcl|NC_071985.2_cds_XP_003775543.1_1908	2
lcl|NC_071985.2_cds_XP_024104981.2_1919	4
lcl|NC_071985.2_cds_XP_024101433.2_1950	3
lcl|NC_071985.2_cds_XP_024088137.3_1968	4
lcl|NC_071985.2_cds_XP_009239346.2_1996	3
lcl|NC_071985.2_cds_XP_024095203.2_2008	4
lcl|NC_071985.2_cds_XP_024112599.2_2058	2
lcl|NC_071985.2_cds_XP_024109455.2_2067	4
lcl|NC_071985.2_cds_NP_001126090.2_2083	4
lcl|NC_071985.2_cds_XP_024103725.1_2136	3
lcl|NC_071985.2_cds_XP_024102685.2_2204	3
lcl|NC_071985.2_cds_XP_002809949.3_2236	3
lcl|NC_071985.2_cds_XP_054389706.1_2276	3
lcl|NC_071985.2_cds_XP_024102171.1_2295	3
lcl|NC_071985.2_cds_NP_001125304.1_2298	3
lcl|NC_071985.2_cds_XP_054383069.1_2307	3
lcl|NC_071985.2_cds_XP_024110798.2_2368	3
lcl|NC_071985.2_cds_XP_054404609.1_2397	4
lcl|NC_071985.2_cds_XP_054406900.1_2403	3
lcl|NC_071985.2_cds_XP_002810048.3_2428	3
lcl|NC_071985.2_cds_XP_002810049.3_2433	3
lcl|NC_071985.2_cds_XP_002810064.3_2455	3
lcl|NC_071985.2_cds_XP_024103722.2_2456	3
lcl|NC_071985.2_cds_XP_024088043.2_2466	3
lcl|NC_071985.2_cds_XP_002810073.1_2499	3
lcl|NC_071985.2_cds_XP_054407397.1_2534	3
lcl|NC_071985.2_cds_XP_054407513.1_2565	3
lcl|NC_071985.2_cds_XP_054401492.1_2623	3
lcl|NC_071985.2_cds_XP_024100813.2_2629	3
lcl|NC_071985.2_cds_XP_054407658.1_2669	3
lcl|NC_071985.2_cds_XP_054407980.1_2696	3
lcl|NC_071985.2_cds_XP_054408103.1_2734	3
lcl|NC_071985.2_cds_XP_054408455.1_2804	4
lcl|NC_071985.2_cds_XP_054408590.1_2832	3
lcl|NC_071985.2_cds_XP_024088723.1_2879	3
lcl|NC_071985.2_cds_XP_063573552.1_2910	3
lcl|NC_071985.2_cds_XP_054408862.1_2931	3
lcl|NC_071985.2_cds_XP_009242097.1_2958	3
lcl|NC_071985.2_cds_XP_024101673.1_2960	2
lcl|NC_071985.2_cds_XP_024107845.1_3066	4
lcl|NC_071985.2_cds_XP_024095044.1_3069	2
lcl|NC_071985.2_cds_XP_024099183.1_3070	4
lcl|NC_071985.2_cds_XP_054384120.1_3121	3
lcl|NC_071985.2_cds_XP_024092306.1_3124	3
lcl|NC_071985.2_cds_XP_054384226.1_3143	3
lcl|NC_071985.2_cds_XP_009242767.1_3152	3
lcl|NC_071985.2_cds_XP_063573664.1_3180	3
lcl|NC_071985.2_cds_XP_024102253.1_3241	3
lcl|NC_071985.2_cds_XP_063573844.1_3275	4
lcl|NC_071985.2_cds_XP_024105341.1_3299	3
lcl|NC_071985.2_cds_XP_054384317.1_3335	3
lcl|NC_071985.2_cds_XP_054409465.1_3400	3
lcl|NC_071985.2_cds_XP_054409492.1_3408	3
lcl|NC_071985.2_cds_XP_002810364.2_3440	3
lcl|NC_071985.2_cds_XP_009243406.3_3442	3
lcl|NC_071985.2_cds_XP_063571399.1_3464	3
lcl|NC_071985.2_cds_XP_009243797.4_3496	3
lcl|NC_071985.2_cds_XP_024104725.2_3521	3
lcl|NC_071985.2_cds_XP_024104744.2_3528	4
lcl|NC_071985.2_cds_XP_024090231.2_3548	3
lcl|NC_071985.2_cds_XP_054384971.1_3550	4
lcl|NC_071985.2_cds_XP_024103305.2_3552	2
lcl|NC_071985.2_cds_XP_024112912.2_3554	4
lcl|NC_071985.2_cds_XP_063578514.1_3567	3
lcl|NC_071985.2_cds_XP_054385148.1_3590	2
lcl|NC_071985.2_cds_XP_054409834.1_3597	3
lcl|NC_071985.2_cds_XP_054409853.1_3602	2
lcl|NC_071985.2_cds_XP_054409888.1_3614	3
lcl|NC_071985.2_cds_XP_024087709.2_3636	4
lcl|NC_071985.2_cds_XP_024090539.2_3641	2
lcl|NC_071985.2_cds_XP_024103547.2_3664	3
lcl|NC_071985.2_cds_XP_024105682.1_3699	2
lcl|NC_071985.2_cds_XP_009244855.2_3769	3
lcl|NC_071985.2_cds_XP_002810520.3_3781	2
lcl|NC_071985.2_cds_XP_009244935.2_3805	3
lcl|NC_071985.2_cds_XP_024106148.2_3833	2
lcl|NC_071985.2_cds_XP_054386048.1_3850	3
lcl|NC_071985.2_cds_XP_054386137.1_3856	4
lcl|NC_071985.2_cds_XP_063574283.1_3867	3
lcl|NC_071985.2_cds_XP_024101245.2_3886	4
lcl|NC_071985.2_cds_XP_054386475.1_3915	2
lcl|NC_071985.2_cds_XP_054386604.1_3947	3
lcl|NC_071985.2_cds_XP_024089127.2_4004	2
lcl|NC_071985.2_cds_NP_001126169.1_4017	3
lcl|NC_071985.2_cds_XP_009245995.2_4072	4
lcl|NC_071985.2_cds_XP_024106370.2_4076	4
lcl|NC_071985.2_cds_XP_002810637.3_4079	2
lcl|NC_071985.2_cds_XP_063574487.1_4080	4
lcl|NC_071985.2_cds_XP_063574523.1_4107	2
lcl|NC_071985.2_cds_XP_054387035.1_4123	2
lcl|NC_071985.2_cds_XP_024093028.2_4154	2
lcl|NC_071985.2_cds_XP_054387209.1_4161	2
lcl|NC_071985.2_cds_NP_001153258.1_4166	4
lcl|NC_071985.2_cds_XP_054387275.1_4180	2
lcl|NC_071985.2_cds_XP_054387304.1_4190	2
lcl|NC_071985.2_cds_XP_054387396.1_4223	3
lcl|NC_071985.2_cds_XP_024111495.2_4254	2
lcl|NC_071985.2_cds_XP_003775699.3_4268	4
lcl|NC_071985.2_cds_XP_002810694.3_4269	4
lcl|NC_071985.2_cds_XP_024094218.2_4270	4
lcl|NC_071985.2_cds_XP_002810699.3_4314	4
lcl|NC_071985.2_cds_XP_054388022.1_4327	4
lcl|NC_071985.2_cds_XP_002810705.3_4328	2
lcl|NC_071985.2_cds_XP_024090207.1_4388	3
lcl|NC_071985.2_cds_XP_054388481.1_4415	4
lcl|NC_071985.2_cds_XP_054390706.1_4478	2
lcl|NC_071985.2_cds_XP_054388873.1_4485	3
lcl|NC_071985.2_cds_XP_054388962.1_4522	2
lcl|NC_071985.2_cds_XP_024111116.2_4557	2
lcl|NC_071985.2_cds_NP_001191784.1_4558	4
lcl|NC_071985.2_cds_XP_054388988.1_4559	4
lcl|NC_071985.2_cds_XP_024107720.2_4594	4
lcl|NC_071985.2_cds_XP_054389253.1_4623	4
lcl|NC_071985.2_cds_XP_024102140.2_4644	2
lcl|NC_071985.2_cds_XP_024102829.1_4673	2
lcl|NC_071985.2_cds_XP_054389526.1_4681	3
lcl|NC_071985.2_cds_XP_024101832.1_4697	4
lcl|NC_071985.2_cds_XP_024089105.1_4712	4
lcl|NC_071985.2_cds_XP_024089692.1_4722	4
lcl|NC_071985.2_cds_XP_054389617.1_4742	2
lcl|NC_071985.2_cds_XP_002810796.3_4755	4
lcl|NC_071985.2_cds_XP_024095347.2_4757	4
lcl|NC_071985.2_cds_XP_054389725.1_4759	4
lcl|NC_071985.2_cds_XP_063568297.1_4836	3
lcl|NC_071985.2_cds_XP_054390254.1_4872	3
lcl|NC_071985.2_cds_XP_054390629.1_4953	4
lcl|NC_071985.2_cds_XP_054410697.1_5007	2
lcl|NC_071985.2_cds_XP_024093789.1_5031	4
lcl|NC_071985.2_cds_XP_024104188.2_5033	3
lcl|NC_071985.2_cds_XP_024104181.2_5047	3
lcl|NC_071985.2_cds_XP_009248379.1_5058	3
lcl|NC_071985.2_cds_XP_054410842.1_5089	4
lcl|NC_071985.2_cds_XP_054391054.1_5170	2
lcl|NC_071985.2_cds_XP_054391395.1_5262	3
lcl|NC_071985.2_cds_XP_054378913.1_5275	3
lcl|NC_071985.2_cds_XP_002810951.2_5322	2
lcl|NC_071985.2_cds_XP_054391665.1_5330	3
lcl|NC_071985.2_cds_XP_009249319.3_5339	3
lcl|NC_071985.2_cds_XP_054379925.1_5465	3
lcl|NC_071985.2_cds_XP_009249563.2_5498	3
lcl|NC_071985.2_cds_XP_054392442.1_5523	3
lcl|NC_071985.2_cds_XP_024107542.2_5528	3
lcl|NC_071985.2_cds_XP_009249657.2_5543	3
lcl|NC_071985.2_cds_XP_054392667.1_5547	3
lcl|NC_071985.2_cds_XP_009249844.3_5589	4
lcl|NC_071985.2_cds_XP_024112707.2_5620	4
lcl|NC_071985.2_cds_NP_001125258.1_5702	2
lcl|NC_071985.2_cds_XP_063571056.1_5781	3
lcl|NC_071985.2_cds_XP_024091461.2_5801	3
lcl|NC_071985.2_cds_XP_054393716.1_5814	2
lcl|NC_071985.2_cds_XP_024108401.1_5839	4
lcl|NC_071985.2_cds_XP_024093579.2_5841	4
lcl|NC_071985.2_cds_XP_024104148.1_5864	3
lcl|NC_071985.2_cds_XP_024104296.1_5882	4
lcl|NC_071985.2_cds_XP_002811103.1_5907	3
lcl|NC_071985.2_cds_XP_009250855.1_5913	3
lcl|NC_071985.2_cds_XP_063575441.1_5917	3
lcl|NC_071985.2_cds_XP_024091245.1_5922	3
lcl|NC_071985.2_cds_XP_024102096.1_5932	4
lcl|NC_071985.2_cds_XP_002811116.3_5940	2
lcl|NC_071985.2_cds_XP_054393886.1_5952	4
lcl|NC_071985.2_cds_XP_009250965.2_5964	2
lcl|NC_071985.2_cds_XP_024088421.1_5978	3
lcl|NC_071985.2_cds_XP_054394050.1_5992	4
lcl|NC_071985.2_cds_XP_024095315.2_6004	4
lcl|NC_071985.2_cds_XP_054394121.1_6009	3
lcl|NC_071985.2_cds_XP_024104492.2_6048	2
lcl|NC_071985.2_cds_XP_003775795.3_6084	3
lcl|NC_071985.2_cds_XP_063569736.1_6199	4
lcl|NC_071985.2_cds_XP_054386867.1_6208	3
lcl|NC_071985.2_cds_XP_024107969.1_6223	3
lcl|NC_071985.2_cds_NP_001127595.1_6271	3
lcl|NC_071985.2_cds_XP_054394456.1_6283	2
lcl|NC_071985.2_cds_XP_054394519.1_6309	3
lcl|NC_071985.2_cds_XP_054395084.1_6438	3
lcl|NC_071985.2_cds_XP_002811250.3_6452	3
lcl|NC_071985.2_cds_XP_063570183.1_6469	4
lcl|NC_071985.2_cds_XP_024105668.2_6500	3
lcl|NC_071985.2_cds_XP_054395555.1_6518	3
lcl|NC_071985.2_cds_NP_001126712.1_6605	4
lcl|NC_071985.2_cds_XP_024108842.1_6622	4
lcl|NC_071985.2_cds_XP_024089898.2_6656	4
lcl|NC_071985.2_cds_XP_054411843.1_6667	4
lcl|NC_071985.2_cds_XP_024106251.1_6678	2
lcl|NC_071985.2_cds_XP_024087953.1_6683	2
lcl|NC_071985.2_cds_XP_024086771.2_6691	4
lcl|NC_071985.2_cds_XP_002811371.3_6692	3
lcl|NC_071985.2_cds_XP_063570552.1_6701	3
lcl|NC_071985.2_cds_XP_054402724.1_6709	2
lcl|NC_071985.2_cds_XP_054934522.1_6711	4
lcl|NC_071985.2_cds_XP_063575717.1_6733	2
lcl|NC_071985.2_cds_XP_054402861.1_6788	2
lcl|NC_071985.2_cds_XP_054396391.1_6809	4
lcl|NC_071985.2_cds_NP_001126319.1_6865	3
lcl|NC_071985.2_cds_XP_024106903.1_6874	3
lcl|NC_071985.2_cds_XP_063580144.1_6900	2
lcl|NC_071985.2_cds_NP_001127607.1_6911	3
lcl|NC_071985.2_cds_XP_054412144.1_6924	4
lcl|NC_071985.2_cds_XP_024091161.2_6946	3
lcl|NC_071985.2_cds_XP_063575998.1_6956	4
lcl|NC_071985.2_cds_XP_063575994.1_6960	4
lcl|NC_071985.2_cds_XP_024087413.2_7003	2
lcl|NC_071985.2_cds_XP_002811483.3_7028	3
lcl|NC_071985.2_cds_XP_024108634.2_7061	4
lcl|NC_071985.2_cds_XP_054397204.1_7113	4
lcl|NC_071985.2_cds_XP_054397402.1_7119	2
lcl|NC_071985.2_cds_XP_054397426.1_7125	2
lcl|NC_071985.2_cds_XP_024108657.2_7177	3
lcl|NC_071985.2_cds_NP_001125249.1_7207	4
lcl|NC_071985.2_cds_XP_054397657.1_7214	4
lcl|NC_071985.2_cds_XP_009233544.2_7244	2
lcl|NC_071985.2_cds_XP_024108864.1_7251	3
lcl|NC_071985.2_cds_XP_024108898.3_7254	2
lcl|NC_071985.2_cds_XP_054412487.1_7260	4
lcl|NC_071985.2_cds_XP_024094482.2_7264	2
lcl|NC_071985.2_cds_XP_054412607.1_7291	3
lcl|NC_071985.2_cds_XP_063571219.1_7298	2
lcl|NC_071985.2_cds_XP_002811573.4_7311	2
lcl|NC_071985.2_cds_XP_024109054.1_7321	2
lcl|NC_071985.2_cds_XP_054412871.1_7355	4
lcl|NC_071985.2_cds_XP_024087582.2_7405	2
lcl|NC_071985.2_cds_XP_054413070.1_7415	4
lcl|NC_071985.2_cds_XP_002811604.4_7437	4
lcl|NC_071985.2_cds_XP_054398023.1_7443	2
lcl|NC_071985.2_cds_XP_054397923.1_7455	2
lcl|NC_071985.2_cds_XP_024109843.2_7487	2
lcl|NC_071985.2_cds_XP_054398159.1_7492	4
lcl|NC_071985.2_cds_XP_024110522.2_7520	4
lcl|NC_071985.2_cds_XP_054398442.1_7542	3
lcl|NC_071985.2_cds_XP_024089927.2_7598	2
lcl|NC_071985.2_cds_XP_054413121.1_7601	2
lcl|NC_071985.2_cds_XP_063571802.1_7625	4
lcl|NC_071985.2_cds_XP_054413449.1_7665	4
lcl|NC_071985.2_cds_XP_063572162.1_7768	2
lcl|NC_071985.2_cds_XP_024111307.2_7807	2
lcl|NC_071985.2_cds_XP_054414061.1_7814	2
lcl|NC_071985.2_cds_XP_054414252.1_7873	2
lcl|NC_071985.2_cds_XP_063572310.1_7900	2
lcl|NC_085928.1_cds_XP_024100247.3_7945	4
lcl|NC_085928.1_cds_XP_054407189.2_7959	4
lcl|NC_085928.1_cds_XP_054407220.2_8001	3
lcl|NC_085928.1_cds_XP_054407222.1_8004	2
lcl|NC_085928.1_cds_XP_024100094.2_8016	4
lcl|NC_085928.1_cds_XP_024100252.1_8022	2
lcl|NC_085928.1_cds_XP_054407236.1_8032	3
lcl|NC_085928.1_cds_XP_054407237.2_8042	3
lcl|NC_085928.1_cds_XP_054407244.2_8045	4
lcl|NC_085928.1_cds_XP_024101104.3_8049	4
lcl|NC_085928.1_cds_XP_024100686.2_8093	2
lcl|NC_085928.1_cds_XP_054406512.2_8115	3
lcl|NC_085928.1_cds_XP_009236687.1_8144	3
lcl|NC_085928.1_cds_XP_054406542.2_8158	4
lcl|NC_085928.1_cds_XP_002813214.4_8205	3
lcl|NC_085928.1_cds_XP_024100494.3_8218	2
lcl|NC_085928.1_cds_XP_054407301.1_8240	2
lcl|NC_085928.1_cds_XP_063577619.1_8251	3
lcl|NC_085928.1_cds_XP_054407330.2_8289	4
lcl|NC_085928.1_cds_XP_054407332.2_8303	3
lcl|NC_085928.1_cds_XP_024100530.3_8327	2
lcl|NC_085928.1_cds_XP_063577794.1_8332	4
lcl|NC_085928.1_cds_XP_054407365.2_8348	2
lcl|NC_085928.1_cds_XP_054407371.2_8359	4
lcl|NC_085928.1_cds_XP_063577799.1_8371	2
lcl|NC_085928.1_cds_XP_054407376.2_8374	4
lcl|NC_085928.1_cds_XP_063578711.1_8395	4
lcl|NC_085928.1_cds_XP_024099973.2_8405	3
lcl|NC_085928.1_cds_XP_024100880.3_8435	3
lcl|NC_085928.1_cds_XP_024100646.3_8443	2
lcl|NC_085928.1_cds_XP_002813300.3_8492	4
lcl|NC_085928.1_cds_XP_009236790.3_8571	3
lcl|NC_085928.1_cds_XP_024099983.3_8589	3
lcl|NC_085928.1_cds_NP_001125403.1_8595	3
lcl|NC_085928.1_cds_XP_054407486.2_8606	3
lcl|NC_085928.1_cds_XP_063577835.1_8614	4
lcl|NC_085928.1_cds_XP_024100356.3_8633	3
lcl|NC_085928.1_cds_XP_054407500.2_8651	4
lcl|NC_085928.1_cds_XP_063577846.1_8676	4
lcl|NC_085928.1_cds_XP_054407525.2_8702	2
lcl|NC_085928.1_cds_XP_024100367.3_8712	2
lcl|NC_085928.1_cds_XP_002813365.2_8718	3
lcl|NC_085928.1_cds_XP_002813368.4_8721	3
lcl|NC_085928.1_cds_XP_024100291.1_8748	2
lcl|NC_085928.1_cds_XP_054407551.1_8766	2
lcl|NC_085928.1_cds_XP_024101119.3_8805	2
lcl|NC_085928.1_cds_NP_001126209.1_8808	3
lcl|NC_085928.1_cds_XP_054407562.1_8813	3
lcl|NC_085928.1_cds_XP_002813389.4_8830	4
lcl|NC_085928.1_cds_XP_024100913.3_8831	4
lcl|NC_085928.1_cds_XP_054407596.1_8909	4
lcl|NC_085928.1_cds_NP_001126051.1_8931	4
lcl|NC_085928.1_cds_XP_054407608.1_8936	2
lcl|NC_085928.1_cds_XP_054407631.2_8963	4
lcl|NC_085928.1_cds_XP_054407647.2_8993	2
lcl|NC_085928.1_cds_XP_054407661.2_9012	3
lcl|NC_085928.1_cds_XP_054407705.1_9068	2
lcl|NC_085928.1_cds_XP_024100032.3_9107	3
lcl|NC_085928.1_cds_XP_002813497.3_9112	2
lcl|NC_085928.1_cds_XP_054407744.1_9165	3
lcl|NC_085928.1_cds_XP_009237008.1_9211	3
lcl|NC_085928.1_cds_XP_054407813.1_9254	3
lcl|NC_085928.1_cds_XP_002813524.1_9277	4
lcl|NC_085928.1_cds_NP_001125005.1_9293	2
lcl|NC_085928.1_cds_XP_009237048.3_9302	4
lcl|NC_085928.1_cds_XP_054407851.2_9318	4
lcl|NC_085928.1_cds_XP_024099719.1_9324	4
lcl|NC_085928.1_cds_XP_054402821.1_9339	4
lcl|NC_085928.1_cds_XP_024101202.3_9348	2
lcl|NC_085928.1_cds_XP_002813562.2_9352	2
lcl|NC_085928.1_cds_XP_054407864.2_9430	4
lcl|NC_085928.1_cds_XP_024100299.1_9441	2
lcl|NC_085928.1_cds_XP_024100153.2_9465	2
lcl|NC_085928.1_cds_XP_054406267.2_9469	2
lcl|NC_085928.1_cds_XP_024100844.2_9508	2
lcl|NC_085928.1_cds_XP_054407885.1_9512	4
lcl|NC_085928.1_cds_XP_054407890.2_9524	2
lcl|NC_085928.1_cds_XP_054407920.1_9557	4
lcl|NC_085928.1_cds_XP_024100203.1_9582	4
lcl|NC_085928.1_cds_XP_054406603.1_9616	2
lcl|NC_085928.1_cds_XP_063578091.1_9670	4
lcl|NC_085928.1_cds_XP_054407973.1_9683	2
lcl|NC_085928.1_cds_XP_054407975.1_9704	2
lcl|NC_085928.1_cds_XP_009237167.3_9740	2
lcl|NC_085928.1_cds_XP_009237151.3_9761	4
lcl|NC_085928.1_cds_XP_054408008.1_9768	4
lcl|NC_085928.1_cds_XP_054408024.1_9792	2
lcl|NC_085928.1_cds_XP_054408026.1_9813	4
lcl|NC_085928.1_cds_XP_054408046.2_9828	3
lcl|NC_085928.1_cds_XP_063577671.1_9839	4
lcl|NC_085928.1_cds_NP_001125590.1_9842	4
lcl|NC_085928.1_cds_NP_001126282.1_9843	4
lcl|NC_085928.1_cds_XP_054406334.2_9849	3
lcl|NC_085928.1_cds_XP_054408055.2_9864	3
lcl|NC_085928.1_cds_XP_024100173.3_9916	3
lcl|NC_085928.1_cds_XP_002813687.3_9918	2
lcl|NC_085928.1_cds_XP_002813700.2_9922	3
lcl|NC_085928.1_cds_XP_054408119.2_9938	3
lcl|NC_085928.1_cds_XP_054408127.2_9954	2
lcl|NC_085928.1_cds_XP_024100110.1_10007	3
lcl|NC_085928.1_cds_XP_002813739.5_10013	3
lcl|NC_085928.1_cds_XP_063578547.1_10019	3
lcl|NC_085928.1_cds_XP_024100261.1_10026	2
lcl|NC_085928.1_cds_XP_054406640.1_10035	3
lcl|NC_085928.1_cds_XP_054406664.1_10054	2
lcl|NC_085928.1_cds_XP_024100374.1_10120	3
lcl|NC_085928.1_cds_XP_024100799.1_10128	3
lcl|NC_085928.1_cds_XP_054406704.1_10135	3
lcl|NC_085928.1_cds_XP_024101156.1_10142	3
lcl|NC_085928.1_cds_XP_024101007.1_10158	3
lcl|NC_085928.1_cds_XP_054406706.2_10175	3
lcl|NC_085928.1_cds_XP_054406726.1_10181	3
lcl|NC_085928.1_cds_NP_001125307.1_10199	3
lcl|NC_085928.1_cds_XP_024100812.3_10222	3
lcl|NC_085928.1_cds_XP_054406746.2_10247	3
lcl|NC_085928.1_cds_XP_063578577.1_10268	3
lcl|NC_085928.1_cds_NP_001127369.1_10297	3
lcl|NC_085928.1_cds_XP_063578169.1_10338	3
lcl|NC_085928.1_cds_XP_054408152.2_10363	3
lcl|NC_085928.1_cds_XP_063578596.1_10389	4
lcl|NC_085928.1_cds_XP_054406800.2_10395	3
lcl|NC_085928.1_cds_XP_054406376.1_10441	4
lcl|NC_085928.1_cds_XP_054406197.1_10491	3
lcl|NC_085928.1_cds_XP_054406835.1_10493	3
lcl|NC_085928.1_cds_XP_024100037.2_10513	3
lcl|NC_085928.1_cds_XP_009237363.4_10520	3
lcl|NC_085928.1_cds_XP_002813857.2_10537	3
lcl|NC_085928.1_cds_XP_054406869.2_10542	3
lcl|NC_085928.1_cds_XP_024101191.3_10572	3
lcl|NC_085928.1_cds_XP_002813881.4_10589	3
lcl|NC_085928.1_cds_XP_002813891.1_10606	4
lcl|NC_085928.1_cds_XP_024100579.1_10631	4
lcl|NC_085928.1_cds_XP_009237402.1_10656	4
lcl|NC_085928.1_cds_XP_054406929.1_10684	4
lcl|NC_085928.1_cds_XP_024100865.3_10698	2
lcl|NC_085928.1_cds_XP_024100262.3_10757	2
lcl|NC_085928.1_cds_XP_024100207.3_10779	3
lcl|NC_085928.1_cds_XP_054406377.2_10790	4
lcl|NC_085928.1_cds_XP_002813953.3_10835	4
lcl|NC_085928.1_cds_XP_002813962.4_10851	3
lcl|NC_085928.1_cds_XP_054408246.1_10879	4
lcl|NC_085928.1_cds_XP_024100707.3_10893	4
lcl|NC_085928.1_cds_XP_009237473.2_10896	4
lcl|NC_085928.1_cds_XP_054408258.2_10899	4
lcl|NC_085928.1_cds_XP_054408289.2_10952	4
lcl|NC_085928.1_cds_XP_054408306.2_10969	2
lcl|NC_085928.1_cds_XP_054408309.2_10988	3
lcl|NC_085928.1_cds_XP_054408335.2_11007	4
lcl|NC_085928.1_cds_XP_054406324.1_11030	4
lcl|NC_085928.1_cds_XP_054406251.2_11036	2
lcl|NC_085928.1_cds_XP_054408350.1_11038	3
lcl|NC_085928.1_cds_XP_003776339.5_11104	2
lcl|NC_085928.1_cds_XP_024100723.1_11126	4
lcl|NC_085928.1_cds_XP_024100398.1_11179	2
lcl|NC_085928.1_cds_XP_054408429.2_11200	2
lcl|NC_085928.1_cds_XP_009237542.1_11229	3
lcl|NC_085928.1_cds_XP_024100968.1_11286	2
lcl|NC_085928.1_cds_XP_024101124.3_11295	4
lcl|NC_085928.1_cds_XP_054408500.2_11299	4
lcl|NC_085928.1_cds_XP_002814070.2_11325	2
lcl|NC_085928.1_cds_XP_009237568.1_11371	3
lcl|NC_085928.1_cds_XP_054408552.2_11422	4
lcl|NC_085928.1_cds_XP_024100681.3_11423	4
lcl|NC_085928.1_cds_XP_024100649.3_11424	4
lcl|NC_085928.1_cds_NP_001125926.1_11427	3
lcl|NC_085928.1_cds_XP_054408554.1_11430	3
lcl|NC_085928.1_cds_XP_009237597.3_11488	2
lcl|NC_085928.1_cds_XP_054408591.2_11498	2
lcl|NC_085928.1_cds_XP_002814104.4_11534	3
lcl|NC_085928.1_cds_XP_024100031.1_11561	3
lcl|NC_085928.1_cds_XP_024100783.1_11564	4
lcl|NC_085928.1_cds_XP_024100079.1_11573	3
lcl|NC_085928.1_cds_NP_001126948.2_11631	3
lcl|NC_085928.1_cds_XP_054408672.1_11661	3
lcl|NC_085928.1_cds_NP_001126604.1_11672	3
lcl|NC_085928.1_cds_XP_024100907.2_11680	4
lcl|NC_085928.1_cds_XP_024100070.1_11693	4
lcl|NC_085928.1_cds_XP_024100736.1_11743	2
lcl|NC_085928.1_cds_XP_024100779.2_11803	3
lcl|NC_085928.1_cds_XP_024100771.1_11804	3
lcl|NC_085928.1_cds_XP_024099924.1_11823	2
lcl|NC_085928.1_cds_XP_009237675.2_11885	2
lcl|NC_085928.1_cds_XP_002814206.2_11887	2
lcl|NC_085928.1_cds_XP_024100134.3_11889	4
lcl|NC_085928.1_cds_XP_002814211.3_11891	4
lcl|NC_085928.1_cds_XP_054408802.2_11925	2
lcl|NC_085928.1_cds_XP_002814236.4_11951	4
lcl|NC_085928.1_cds_XP_024100973.2_12007	2
lcl|NC_085928.1_cds_XP_024100726.2_12008	2
lcl|NC_085928.1_cds_XP_054408853.1_12013	3
lcl|NC_085928.1_cds_XP_024100787.2_12043	4
lcl|NC_085928.1_cds_XP_024099989.1_12112	2
lcl|NC_085928.1_cds_XP_024100521.3_12144	2
lcl|NC_085928.1_cds_XP_009237771.2_12145	3
lcl|NC_085928.1_cds_XP_054408919.2_12154	2
lcl|NC_085928.1_cds_XP_024100523.2_12160	4
lcl|NC_085928.1_cds_XP_054408934.1_12182	2
lcl|NC_085928.1_cds_XP_009237789.1_12225	3
lcl|NC_085928.1_cds_XP_054408961.2_12248	3
lcl|NC_085928.1_cds_XP_009237816.3_12251	4
lcl|NC_085928.1_cds_NP_001125934.2_12258	4
lcl|NC_085928.1_cds_XP_024100567.3_12277	3
lcl|NC_085928.1_cds_XP_054408978.1_12279	4
lcl|NC_085928.1_cds_XP_024100632.1_12316	3
lcl|NC_085928.1_cds_XP_024100899.1_12340	2
lcl|NC_085928.1_cds_XP_002814379.2_12356	2
lcl|NC_085928.1_cds_XP_024100103.3_12368	2
lcl|NC_085928.1_cds_XP_009237860.4_12385	2
lcl|NC_085928.1_cds_XP_054409034.1_12403	4
lcl|NC_085928.1_cds_XP_024100476.2_12423	4
lcl|NC_085928.1_cds_XP_054409049.2_12437	3
lcl|NC_085928.1_cds_XP_024100322.2_12442	3
lcl|NC_085928.1_cds_NP_001125887.1_12446	3
lcl|NC_085928.1_cds_XP_054409051.1_12447	3
lcl|NC_085928.1_cds_XP_002814407.1_12472	3
lcl|NC_085928.1_cds_XP_024100344.2_12485	3
lcl|NC_085928.1_cds_XP_024100346.2_12487	3
lcl|NC_085928.1_cds_XP_024100596.3_12489	3
lcl|NC_085928.1_cds_NP_001126034.1_12495	4
lcl|NC_085928.1_cds_XP_002814472.2_12637	4
lcl|NC_085928.1_cds_XP_024100312.2_12638	4
lcl|NC_085928.1_cds_XP_054406955.2_12660	3
lcl|NC_085928.1_cds_XP_063578503.1_12709	4
lcl|NC_085928.1_cds_XP_063578504.1_12711	4
lcl|NC_085928.1_cds_XP_054406987.2_12717	3
lcl|NC_085928.1_cds_XP_024096975.1_12801	3
lcl|NC_085928.1_cds_XP_063578510.1_12819	4
lcl|NC_085928.1_cds_XP_054407060.2_12828	4
lcl|NC_071988.2_cds_XP_009237985.3_12887	4
lcl|NC_071988.2_cds_XP_054409614.1_12890	2
lcl|NC_071988.2_cds_XP_024101749.1_12901	2
lcl|NC_071988.2_cds_XP_063578660.1_12927	2
lcl|NC_071988.2_cds_XP_063579331.1_12933	2
lcl|NC_071988.2_cds_XP_002814554.3_12989	4
lcl|NC_071988.2_cds_XP_063579346.1_12999	3
lcl|NC_071988.2_cds_XP_054410886.2_13004	2
lcl|NC_071988.2_cds_XP_063579340.1_13010	2
lcl|NC_071988.2_cds_XP_002814567.2_13051	2
lcl|NC_071988.2_cds_XP_024101641.3_13081	4
lcl|NC_071988.2_cds_XP_063579361.1_13087	2
lcl|NC_071988.2_cds_NP_001128151.1_13128	2
lcl|NC_071988.2_cds_XP_024102095.3_13154	2
lcl|NC_071988.2_cds_XP_024101833.2_13167	2
lcl|NC_071988.2_cds_XP_063578643.1_13197	4
lcl|NC_071988.2_cds_NP_001127593.2_13209	4
lcl|NC_071988.2_cds_XP_002814606.5_13212	2
lcl|NC_071988.2_cds_XP_054409672.2_13215	4
lcl|NC_071988.2_cds_XP_024102346.3_13223	2
lcl|NC_071988.2_cds_XP_024102076.3_13236	2
lcl|NC_071988.2_cds_XP_009238069.4_13274	2
lcl|NC_071988.2_cds_XP_024101825.3_13301	2
lcl|NC_071988.2_cds_XP_054409687.1_13304	2
lcl|NC_071988.2_cds_XP_054409691.2_13319	2
lcl|NC_071988.2_cds_XP_054409702.2_13364	2
lcl|NC_071988.2_cds_XP_024102217.3_13398	2
lcl|NC_071988.2_cds_XP_054409754.1_13402	2
lcl|NC_071988.2_cds_XP_054409738.2_13406	2
lcl|NC_071988.2_cds_XP_054410955.1_13424	2
lcl|NC_071988.2_cds_XP_002814682.4_13436	2
lcl|NC_071988.2_cds_XP_054409764.2_13471	2
lcl|NC_071988.2_cds_XP_054409779.1_13502	2
lcl|NC_071988.2_cds_XP_054409786.2_13506	2
lcl|NC_071988.2_cds_XP_054409788.2_13518	2
lcl|NC_071988.2_cds_XP_054409791.2_13522	4
lcl|NC_071988.2_cds_XP_003776485.4_13523	4
lcl|NC_071988.2_cds_XP_024101611.3_13533	2
lcl|NC_071988.2_cds_XP_024102052.2_13577	3
lcl|NC_071988.2_cds_XP_024101889.2_13590	2
lcl|NC_071988.2_cds_XP_003776490.2_13591	2
lcl|NC_071988.2_cds_XP_002814733.3_13608	3
lcl|NC_071988.2_cds_XP_054409805.1_13612	2
lcl|NC_071988.2_cds_XP_054409829.2_13660	4
lcl|NC_071988.2_cds_XP_054409837.1_13688	4
lcl|NC_071988.2_cds_XP_024101492.3_13724	4
lcl|NC_071988.2_cds_XP_024101500.2_13746	4
lcl|NC_071988.2_cds_XP_002814769.1_13748	2
lcl|NC_071988.2_cds_XP_054409860.2_13771	2
lcl|NC_071988.2_cds_XP_054409876.1_13801	2
lcl|NC_071988.2_cds_XP_009238237.3_13809	2
lcl|NC_071988.2_cds_XP_002814793.1_13813	4
lcl|NC_071988.2_cds_XP_054409889.1_13855	3
lcl|NC_071988.2_cds_XP_063579502.1_13874	3
lcl|NC_071988.2_cds_XP_024101634.1_13879	3
lcl|NC_071988.2_cds_XP_054409957.1_13907	2
lcl|NC_071988.2_cds_XP_054409945.2_13920	4
lcl|NC_071988.2_cds_XP_054409972.1_13930	2
lcl|NC_071988.2_cds_NP_001126679.1_13942	3
lcl|NC_071988.2_cds_XP_024101324.1_13956	2
lcl|NC_071988.2_cds_XP_002814831.1_13986	4
lcl|NC_071988.2_cds_XP_024102193.1_13994	2
lcl|NC_071988.2_cds_XP_054409986.1_13995	4
lcl|NC_071988.2_cds_XP_002814839.2_14065	4
lcl|NC_071988.2_cds_XP_002814882.3_14158	4
lcl|NC_071988.2_cds_XP_024102030.2_14169	3
lcl|NC_071988.2_cds_XP_054410016.1_14176	3
lcl|NC_071988.2_cds_XP_054410018.1_14191	2
lcl|NC_071988.2_cds_XP_063579529.1_14262	2
lcl|NC_071988.2_cds_XP_054410040.1_14308	4
lcl|NC_071988.2_cds_XP_054410069.1_14322	4
lcl|NC_071988.2_cds_XP_054410078.1_14366	3
lcl|NC_071988.2_cds_XP_002814955.1_14375	3
lcl|NC_071988.2_cds_XP_024101368.2_14488	3
lcl|NC_071988.2_cds_XP_002814975.2_14491	2
lcl|NC_071988.2_cds_XP_002814981.2_14512	4
lcl|NC_071988.2_cds_XP_054410103.1_14538	3
lcl|NC_071988.2_cds_XP_024101785.2_14564	4
lcl|NC_071988.2_cds_XP_024101599.2_14597	4
lcl|NC_071988.2_cds_XP_024102224.2_14615	4
lcl|NC_071988.2_cds_XP_024101658.2_14624	2
lcl|NC_071988.2_cds_XP_024101772.2_14630	4
lcl|NC_071988.2_cds_XP_024101812.2_14632	2
lcl|NC_071988.2_cds_XP_054410125.1_14637	3
lcl|NC_071988.2_cds_XP_063579576.1_14659	3
lcl|NC_071988.2_cds_XP_054410138.1_14687	4
lcl|NC_071988.2_cds_XP_054410140.1_14689	2
lcl|NC_071988.2_cds_XP_024101769.1_14707	3
lcl|NC_071988.2_cds_NP_001361068.1_14710	2
lcl|NC_071988.2_cds_XP_009238476.1_14734	2
lcl|NC_071988.2_cds_XP_063579615.1_14791	4
lcl|NC_071988.2_cds_XP_024102022.2_14793	4
lcl|NC_071988.2_cds_XP_024101800.2_14805	4
lcl|NC_071988.2_cds_XP_054409488.1_14809	4
lcl|NC_071988.2_cds_NP_001125103.1_14813	2
lcl|NC_071988.2_cds_XP_024101550.2_14847	4
lcl|NC_071988.2_cds_XP_002815071.3_14855	3
lcl|NC_071988.2_cds_XP_024101587.1_14876	3
lcl|NC_071988.2_cds_XP_024102008.2_14973	2
lcl|NC_071988.2_cds_XP_002815105.3_14989	4
lcl|NC_071988.2_cds_NP_001126365.1_15004	4
lcl|NC_071988.2_cds_XP_054410301.1_15016	4
lcl|NC_071988.2_cds_XP_024101721.2_15036	2
lcl|NC_071988.2_cds_XP_054410351.1_15081	4
lcl|NC_071988.2_cds_XP_054410366.1_15119	4
lcl|NC_071988.2_cds_XP_024101838.2_15125	4
lcl|NC_071988.2_cds_XP_003776567.3_15127	2
lcl|NC_071988.2_cds_XP_024101659.2_15138	4
lcl|NC_071988.2_cds_XP_024101569.2_15141	4
lcl|NC_071988.2_cds_XP_002815137.3_15146	2
lcl|NC_071988.2_cds_XP_009238557.1_15158	3
lcl|NC_071988.2_cds_XP_054410399.1_15190	2
lcl|NC_071988.2_cds_XP_054410425.1_15192	3
lcl|NC_071988.2_cds_XP_002815167.5_15240	3
lcl|NC_071988.2_cds_XP_024102035.2_15251	2
lcl|NC_071988.2_cds_XP_024101937.2_15252	2
lcl|NC_071988.2_cds_XP_054410443.1_15258	3
lcl|NC_071988.2_cds_XP_024102115.1_15264	2
lcl|NC_071988.2_cds_NP_001153257.1_15266	2
lcl|NC_071988.2_cds_XP_024101706.1_15285	2
lcl|NC_071988.2_cds_XP_009238592.3_15302	3
lcl|NC_071988.2_cds_XP_054410478.1_15321	2
lcl|NC_071988.2_cds_XP_054410481.1_15328	4
lcl|NC_071988.2_cds_NP_001126952.1_15355	2
lcl|NC_071988.2_cds_XP_002815203.3_15364	4
lcl|NC_071988.2_cds_XP_024102087.1_15384	4
lcl|NC_071988.2_cds_NP_001127308.1_15407	4
lcl|NC_071988.2_cds_XP_002815217.2_15413	2
lcl|NC_071988.2_cds_XP_024101699.1_15417	2
lcl|NC_071988.2_cds_XP_024101961.2_15420	4
lcl|NC_071988.2_cds_XP_009238622.3_15448	3
lcl|NC_071988.2_cds_XP_024101951.2_15461	4
lcl|NC_071988.2_cds_XP_024101900.2_15501	3
lcl|NC_071988.2_cds_XP_054409532.1_15520	3
lcl|NC_071988.2_cds_XP_054409537.1_15535	4
lcl|NC_071988.2_cds_XP_002815261.1_15551	4
lcl|NC_071988.2_cds_XP_024102135.1_15568	4
lcl|NC_071988.2_cds_XP_009238659.3_15593	2
lcl|NC_071988.2_cds_XP_024102167.2_15611	2
lcl|NC_071988.2_cds_XP_009238668.3_15617	4
lcl|NC_071988.2_cds_XP_054410608.1_15648	4
lcl|NC_071988.2_cds_XP_054410626.1_15676	4
lcl|NC_071988.2_cds_XP_024101864.1_15680	2
lcl|NC_071988.2_cds_XP_024101778.1_15715	4
lcl|NC_071988.2_cds_XP_024101808.2_15750	4
lcl|NC_071988.2_cds_XP_054410650.1_15758	4
lcl|NC_071988.2_cds_XP_054410652.1_15763	2
lcl|NC_071988.2_cds_XP_054410659.1_15769	2
lcl|NC_071988.2_cds_NP_001125455.1_15790	2
lcl|NC_071988.2_cds_XP_024101621.2_15803	3
lcl|NC_071988.2_cds_XP_054409333.1_15813	2
lcl|NC_071988.2_cds_XP_054410710.1_15874	3
lcl|NC_071988.2_cds_XP_054410714.1_15880	2
lcl|NC_071988.2_cds_XP_054409555.1_15904	2
lcl|NC_071988.2_cds_XP_002815374.1_15942	4
lcl|NC_071988.2_cds_XP_002815382.4_15954	3
lcl|NC_071988.2_cds_XP_054409388.1_15955	4
lcl|NC_071988.2_cds_XP_054410772.1_16025	2
lcl|NC_071988.2_cds_XP_054410773.1_16047	2
lcl|NC_071988.2_cds_XP_054410787.1_16075	4
lcl|NC_071988.2_cds_XP_024102316.1_16093	2
lcl|NC_071988.2_cds_XP_009238793.2_16125	2
lcl|NC_071989.2_cds_XP_054411280.1_16145	4
lcl|NC_071989.2_cds_XP_063580586.1_16160	4
lcl|NC_071989.2_cds_XP_024103238.2_16208	2
lcl|NC_071989.2_cds_XP_054411338.1_16212	2
lcl|NC_071989.2_cds_XP_054411361.1_16259	2
lcl|NC_071989.2_cds_XP_024103034.2_16261	2
lcl|NC_071989.2_cds_XP_054411371.1_16277	2
lcl|NC_071989.2_cds_XP_024103022.2_16290	2
lcl|NC_071989.2_cds_XP_002815474.1_16308	3
lcl|NC_071989.2_cds_XP_054411386.1_16315	2
lcl|NC_071989.2_cds_XP_024103279.2_16320	2
lcl|NC_071989.2_cds_XP_024103441.2_16321	2
lcl|NC_071989.2_cds_XP_024102722.2_16353	2
lcl|NC_071989.2_cds_XP_054411252.1_16374	4
lcl|NC_071989.2_cds_XP_024103066.1_16391	2
lcl|NC_071989.2_cds_XP_054411426.1_16398	4
lcl|NC_071989.2_cds_XP_054410990.1_16406	2
lcl|NC_071989.2_cds_XP_024103402.2_16414	4
lcl|NC_071989.2_cds_XP_002815524.3_16425	4
lcl|NC_071989.2_cds_XP_054411443.1_16455	2
lcl|NC_071989.2_cds_XP_024102795.1_16491	2
lcl|NC_071989.2_cds_XP_024103167.2_16499	2
lcl|NC_071989.2_cds_XP_024103176.2_16507	4
lcl|NC_071989.2_cds_XP_024102756.1_16509	3
lcl|NC_071989.2_cds_XP_003776627.2_16517	3
lcl|NC_071989.2_cds_XP_054411473.1_16521	2
lcl|NC_071989.2_cds_XP_024102699.2_16527	4
lcl|NC_071989.2_cds_XP_009238938.3_16535	2
lcl|NC_071989.2_cds_XP_054411487.1_16543	4
lcl|NC_071989.2_cds_XP_002815564.3_16558	4
lcl|NC_071989.2_cds_NP_001125756.1_16561	4
lcl|NC_071989.2_cds_XP_024102867.2_16563	4
lcl|NC_071989.2_cds_XP_024102947.2_16564	4
lcl|NC_071989.2_cds_XP_002815589.3_16646	2
lcl|NC_071989.2_cds_XP_024102609.2_16649	3
lcl|NC_071989.2_cds_XP_002815595.2_16657	4
lcl|NC_071989.2_cds_XP_009238987.3_16697	2
lcl|NC_071989.2_cds_XP_024103409.1_16698	2
lcl|NC_071989.2_cds_XP_024102830.1_16731	4
lcl|NC_071989.2_cds_XP_002815621.2_16736	2
lcl|NC_071989.2_cds_XP_024102990.3_16790	2
lcl|NC_071989.2_cds_XP_054411579.1_16802	3
lcl|NC_071989.2_cds_XP_024103073.2_16827	3
lcl|NC_071989.2_cds_XP_054412395.2_16860	2
lcl|NC_071989.2_cds_XP_054412399.2_16872	2
lcl|NC_071989.2_cds_XP_002815676.4_16971	4
lcl|NC_071989.2_cds_XP_024103205.3_16979	2
lcl|NC_071989.2_cds_XP_024102626.3_16988	4
lcl|NC_071989.2_cds_NP_001360861.1_16993	3
lcl|NC_071989.2_cds_XP_063580028.1_17013	2
lcl|NC_071989.2_cds_XP_054411612.1_17042	4
lcl|NC_071989.2_cds_NP_001126511.1_17043	3
lcl|NC_071989.2_cds_XP_063580091.1_17054	4
lcl|NC_071989.2_cds_XP_002815707.1_17080	2
lcl|NC_071989.2_cds_XP_002815729.2_17110	3
lcl|NC_071989.2_cds_XP_024103299.2_17136	2
lcl|NC_071989.2_cds_XP_002815734.4_17151	4
lcl|NC_071989.2_cds_XP_024103393.3_17158	4
lcl|NC_071989.2_cds_XP_002815747.4_17163	2
lcl|NC_071989.2_cds_XP_063579930.1_17188	2
lcl|NC_071989.2_cds_XP_024102720.1_17199	4
lcl|NC_071989.2_cds_XP_002815763.3_17255	4
lcl|NC_071989.2_cds_XP_054411013.1_17266	2
lcl|NC_071989.2_cds_XP_054411711.1_17330	4
lcl|NC_071989.2_cds_XP_054412414.2_17370	2
lcl|NC_071989.2_cds_XP_024102891.2_17379	2
lcl|NC_071989.2_cds_XP_024102896.1_17388	2
lcl|NC_071989.2_cds_XP_024102855.1_17402	4
lcl|NC_071989.2_cds_XP_054411105.2_17474	4
lcl|NC_071989.2_cds_NP_001124597.1_17477	4
lcl|NC_071989.2_cds_XP_024102718.2_17478	3
lcl|NC_071989.2_cds_XP_054411732.1_17487	2
lcl|NC_071989.2_cds_XP_002815813.3_17496	3
lcl|NC_071989.2_cds_XP_054411743.1_17529	3
lcl|NC_071989.2_cds_XP_002815820.1_17595	2
lcl|NC_071989.2_cds_XP_002815825.2_17615	2
lcl|NC_071989.2_cds_XP_054411791.1_17628	2
lcl|NC_071989.2_cds_XP_063579919.1_17651	4
lcl|NC_071989.2_cds_XP_054411091.1_17658	3
lcl|NC_071989.2_cds_XP_024102406.2_17660	2
lcl|NC_071989.2_cds_XP_002815846.1_17690	2
lcl|NC_071989.2_cds_XP_054411814.2_17700	4
lcl|NC_071989.2_cds_XP_054411826.1_17706	2
lcl|NC_071989.2_cds_XP_054411849.2_17745	4
lcl|NC_071989.2_cds_XP_054411855.2_17757	3
lcl|NC_071989.2_cds_XP_054411856.1_17761	4
lcl|NC_071989.2_cds_XP_054411864.2_17779	4
lcl|NC_071989.2_cds_XP_002815887.3_17789	2
lcl|NC_071989.2_cds_XP_024102746.2_17792	3
lcl|NC_071989.2_cds_XP_054411871.2_17795	2
lcl|NC_071989.2_cds_NP_001359333.1_17799	2
lcl|NC_071989.2_cds_XP_054411874.1_17819	3
lcl|NC_071989.2_cds_NP_001125068.2_17838	2
lcl|NC_071989.2_cds_XP_002815909.3_17894	3
lcl|NC_071989.2_cds_XP_054411914.2_17917	3
lcl|NC_071989.2_cds_XP_063580333.1_17925	3
lcl|NC_071989.2_cds_NP_001125029.1_17940	3
lcl|NC_071989.2_cds_XP_024102939.2_17943	4
lcl|NC_071989.2_cds_XP_024103435.1_18011	3
lcl|NC_071989.2_cds_XP_002815939.2_18030	4
lcl|NC_071989.2_cds_XP_024103038.1_18035	3
lcl|NC_071989.2_cds_XP_054412361.1_18081	2
lcl|NC_071989.2_cds_XP_024102978.1_18114	3
lcl|NC_071989.2_cds_NP_001126650.1_18132	3
lcl|NC_071989.2_cds_XP_024103287.2_18133	3
lcl|NC_071989.2_cds_XP_024103015.3_18152	3
lcl|NC_071989.2_cds_XP_024102734.1_18161	3
lcl|NC_071989.2_cds_XP_009239355.1_18181	3
lcl|NC_071989.2_cds_XP_002815990.3_18202	2
lcl|NC_071989.2_cds_XP_024103310.1_18245	2
lcl|NC_071989.2_cds_XP_024102844.3_18258	3
lcl|NC_071989.2_cds_XP_024102848.1_18262	3
lcl|NC_071989.2_cds_XP_024102474.1_18322	2
lcl|NC_071989.2_cds_XP_063579928.1_18346	2
lcl|NC_071989.2_cds_XP_003776730.3_18348	2
lcl|NC_071989.2_cds_XP_054411964.2_18357	2
lcl|NC_071989.2_cds_XP_054411963.2_18359	2
lcl|NC_071989.2_cds_XP_063580574.1_18361	2
lcl|NC_071989.2_cds_XP_054411962.1_18362	2
lcl|NC_071989.2_cds_XP_063580575.1_18366	3
lcl|NC_071989.2_cds_XP_024103443.3_18388	3
lcl|NC_071989.2_cds_XP_024103362.1_18391	3
lcl|NC_071989.2_cds_XP_024102840.2_18396	4
lcl|NC_071989.2_cds_XP_063580372.1_18460	3
lcl|NC_071989.2_cds_XP_054403019.1_18462	3
lcl|NC_071989.2_cds_XP_024102905.1_18467	2
lcl|NC_071989.2_cds_XP_002816096.2_18502	4
lcl|NC_071989.2_cds_XP_024103079.2_18518	3
lcl|NC_071989.2_cds_XP_063580381.1_18534	3
lcl|NC_071989.2_cds_XP_002816115.3_18574	4
lcl|NC_071989.2_cds_XP_024102931.3_18579	2
lcl|NC_071989.2_cds_XP_009239448.3_18585	3
lcl|NC_071989.2_cds_XP_024103185.3_18589	4
lcl|NC_071989.2_cds_XP_002816120.3_18590	2
lcl|NC_071989.2_cds_XP_009239460.4_18602	4
lcl|NC_071989.2_cds_XP_063580393.1_18619	2
lcl|NC_071989.2_cds_XP_024103117.3_18682	4
lcl|NC_071989.2_cds_XP_054412090.2_18705	3
lcl|NC_071989.2_cds_XP_024103499.1_18731	3
lcl|NC_071989.2_cds_XP_002816156.2_18749	4
lcl|NC_071989.2_cds_XP_003780483.2_18753	3
lcl|NC_071989.2_cds_XP_054411093.1_18783	3
lcl|NC_071989.2_cds_XP_024103448.2_18792	3
lcl|NC_071989.2_cds_XP_054412154.2_18847	4
lcl|NC_071989.2_cds_XP_054412162.2_18866	4
lcl|NC_071989.2_cds_XP_024103219.1_18886	3
lcl|NC_071989.2_cds_XP_024102820.1_18899	4
lcl|NC_071989.2_cds_XP_009239547.4_18907	4
lcl|NC_071989.2_cds_XP_054412195.1_18931	4
lcl|NC_071989.2_cds_XP_002816236.3_18962	3
lcl|NC_071989.2_cds_XP_063580467.1_18972	4
lcl|NC_071989.2_cds_XP_024102766.2_19035	3
lcl|NC_071989.2_cds_XP_024102922.2_19101	3
lcl|NC_071989.2_cds_XP_063580587.1_19127	3
lcl|NC_071989.2_cds_XP_024102936.2_19130	3
lcl|NC_071989.2_cds_XP_002816291.2_19141	2
lcl|NC_071989.2_cds_XP_054412300.1_19142	4
lcl|NC_071989.2_cds_XP_024102790.2_19163	4
lcl|NC_071989.2_cds_XP_063580663.1_19205	4
lcl|NC_071989.2_cds_XP_002816347.3_19238	2
lcl|NC_071989.2_cds_XP_009239631.4_19247	2
lcl|NC_071989.2_cds_XP_024102819.1_19279	3
lcl|NC_071989.2_cds_XP_003776777.1_19308	4
lcl|NC_071989.2_cds_XP_024102878.3_19338	4
lcl|NC_071989.2_cds_XP_054412654.1_19355	4
lcl|NC_071990.2_cds_NP_001126186.1_19404	2
lcl|NC_071990.2_cds_NP_001126223.1_19468	3
lcl|NC_071990.2_cds_XP_054413141.2_19509	2
lcl|NC_071990.2_cds_XP_054413145.2_19521	4
lcl|NC_071990.2_cds_XP_002816443.4_19524	2
lcl|NC_071990.2_cds_XP_002816470.4_19591	4
lcl|NC_071990.2_cds_XP_024104676.3_19598	2
lcl|NC_071990.2_cds_XP_054413204.1_19681	4
lcl|NC_071990.2_cds_XP_054413224.2_19704	2
lcl|NC_071990.2_cds_XP_024104333.1_19712	4
lcl|NC_071990.2_cds_XP_009239730.2_19719	3
lcl|NC_071990.2_cds_XP_063581460.1_19769	4
lcl|NC_071990.2_cds_XP_054413263.2_19773	4
lcl|NC_071990.2_cds_XP_054413274.2_19796	4
lcl|NC_071990.2_cds_XP_054412975.2_19818	4
lcl|NC_071990.2_cds_XP_024103847.2_19924	4
lcl|NC_071990.2_cds_XP_024104512.3_20043	3
lcl|NC_071990.2_cds_XP_024103638.1_20077	3
lcl|NC_071990.2_cds_XP_024103904.3_20158	3
lcl|NC_071990.2_cds_XP_054414609.1_20160	3
lcl|NC_071990.2_cds_XP_002816680.3_20173	3
lcl|NC_071990.2_cds_XP_024103914.3_20186	4
lcl|NC_071990.2_cds_XP_024104696.3_20196	3
lcl|NC_071990.2_cds_XP_063581500.1_20213	4
lcl|NC_071990.2_cds_XP_054413059.2_20215	4
lcl|NC_071990.2_cds_XP_024103609.3_20229	3
lcl|NC_071990.2_cds_XP_024103963.2_20301	3
lcl|NC_071990.2_cds_XP_024103965.1_20305	3
lcl|NC_071990.2_cds_XP_024104083.1_20381	3
lcl|NC_071990.2_cds_XP_024104082.1_20384	4
lcl|NC_071990.2_cds_XP_063581266.1_20388	3
lcl|NC_071990.2_cds_XP_054414686.2_20406	3
lcl|NC_071990.2_cds_XP_024104011.2_20424	3
lcl|NC_071990.2_cds_XP_054414691.2_20436	3
lcl|NC_071990.2_cds_XP_054414692.2_20439	3
lcl|NC_071990.2_cds_XP_054414693.2_20441	3
lcl|NC_071990.2_cds_XP_024104526.2_20484	4
lcl|NC_071990.2_cds_XP_054413339.1_20501	3
lcl|NC_071990.2_cds_XP_054413352.2_20531	3
lcl|NC_071990.2_cds_XP_054413367.1_20586	3
lcl|NC_071990.2_cds_XP_024103829.1_20594	3
lcl|NC_071990.2_cds_XP_024104728.1_20605	2
lcl|NC_071990.2_cds_XP_009240043.2_20638	3
lcl|NC_071990.2_cds_XP_054414702.1_20650	2
lcl|NC_071990.2_cds_XP_024104917.1_20659	3
lcl|NC_071990.2_cds_XP_024104007.3_20728	4
lcl|NC_071990.2_cds_XP_054413402.1_20736	3
lcl|NC_071990.2_cds_XP_024104127.3_20766	4
lcl|NC_071990.2_cds_XP_024103637.1_20799	3
lcl|NC_071990.2_cds_XP_024104913.2_20805	3
lcl|NC_071990.2_cds_XP_063580835.1_20821	2
lcl|NC_071990.2_cds_XP_054414747.1_20836	3
lcl|NC_071990.2_cds_XP_002816933.4_20940	4
lcl|NC_071990.2_cds_XP_054413464.1_20968	4
lcl|NC_071990.2_cds_XP_024104264.2_20977	2
lcl|NC_071990.2_cds_XP_024104636.3_20990	4
lcl|NC_071990.2_cds_XP_002816948.2_21009	3
lcl|NC_071990.2_cds_XP_024103578.3_21029	3
lcl|NC_071990.2_cds_XP_063581311.1_21045	3
lcl|NC_071990.2_cds_XP_054413501.2_21054	3
lcl|NC_071990.2_cds_XP_063581318.1_21059	2
lcl|NC_071990.2_cds_XP_009240188.4_21077	3
lcl|NC_071990.2_cds_XP_054413518.2_21078	3
lcl|NC_071990.2_cds_XP_024103871.1_21115	4
lcl|NC_071990.2_cds_XP_054413574.1_21220	2
lcl|NC_071990.2_cds_XP_009240212.3_21231	4
lcl|NC_071990.2_cds_XP_002817009.3_21234	4
lcl|NC_071990.2_cds_XP_054413590.1_21245	4
lcl|NC_071990.2_cds_XP_024104185.3_21276	4
lcl|NC_071990.2_cds_XP_002817065.3_21320	4
lcl|NC_071990.2_cds_XP_009240253.3_21322	2
lcl|NC_071990.2_cds_XP_054413629.2_21336	2
lcl|NC_071990.2_cds_XP_054412914.2_21346	2
lcl|NC_071990.2_cds_XP_054412744.1_21367	3
lcl|NC_071990.2_cds_XP_054413641.1_21390	2
lcl|NC_071990.2_cds_NP_001361280.1_21396	4
lcl|NC_071990.2_cds_XP_024104743.3_21398	2
lcl|NC_071990.2_cds_XP_054413655.2_21406	2
lcl|NC_071990.2_cds_XP_002817092.3_21407	2
lcl|NC_071990.2_cds_XP_054412949.2_21410	2
lcl|NC_071990.2_cds_XP_054413667.2_21448	2
lcl|NC_071990.2_cds_XP_024104488.3_21498	2
lcl|NC_071990.2_cds_XP_024104305.3_21531	3
lcl|NC_071990.2_cds_XP_063580934.1_21536	4
lcl|NC_071990.2_cds_XP_024103808.3_21541	4
lcl|NC_071990.2_cds_XP_063580940.1_21544	2
lcl|NC_071990.2_cds_XP_054413743.1_21556	2
lcl|NC_071990.2_cds_XP_002817124.2_21576	2
lcl|NC_071990.2_cds_XP_024104691.3_21588	2
lcl|NC_071990.2_cds_XP_054413758.1_21605	3
lcl|NC_071990.2_cds_XP_054413762.1_21617	3
lcl|NC_071990.2_cds_XP_054413007.2_21658	3
lcl|NC_071990.2_cds_XP_024104870.3_21675	2
lcl|NC_071990.2_cds_XP_054412805.1_21704	3
lcl|NC_071990.2_cds_XP_024104451.3_21729	2
lcl|NC_071990.2_cds_XP_024104428.3_21816	3
lcl|NC_071990.2_cds_XP_002817201.4_21821	2
lcl|NC_071990.2_cds_XP_054413851.2_21829	4
lcl|NC_071990.2_cds_XP_024104151.1_21846	4
lcl|NC_071990.2_cds_XP_009240375.3_21873	2
lcl|NC_071990.2_cds_XP_024104271.2_21916	3
lcl|NC_071990.2_cds_XP_054413887.1_21920	3
lcl|NC_071990.2_cds_XP_054413890.1_21933	2
lcl|NC_071990.2_cds_XP_009240392.4_21962	2
lcl|NC_071990.2_cds_XP_063581000.1_21977	2
lcl|NC_071990.2_cds_XP_024104861.3_22009	2
lcl|NC_071990.2_cds_XP_024104042.2_22048	3
lcl|NC_071990.2_cds_XP_063581016.1_22056	2
lcl|NC_071990.2_cds_XP_024104604.1_22067	3
lcl|NC_071990.2_cds_XP_024104748.3_22135	2
lcl|NC_071990.2_cds_XP_054414016.2_22154	4
lcl|NC_071990.2_cds_XP_054414037.2_22181	4
lcl|NC_071990.2_cds_XP_002817324.4_22207	4
lcl|NC_071990.2_cds_XP_024104589.1_22208	2
lcl|NC_071990.2_cds_XP_063581035.1_22212	4
lcl|NC_071990.2_cds_XP_002817338.4_22232	3
lcl|NC_071990.2_cds_XP_024104805.3_22237	2
lcl|NC_071990.2_cds_XP_024104327.3_22244	2
lcl|NC_071990.2_cds_XP_054414102.1_22305	3
lcl|NC_071990.2_cds_XP_054414111.1_22340	2
lcl|NC_071990.2_cds_XP_054412703.1_22351	2
lcl|NC_071990.2_cds_XP_054414119.2_22352	4
lcl|NC_071990.2_cds_XP_054412727.1_22410	2
lcl|NC_071990.2_cds_XP_024104273.1_22426	3
lcl|NC_071990.2_cds_NP_001126732.1_22427	4
lcl|NC_071990.2_cds_XP_024104684.2_22428	2
lcl|NC_071990.2_cds_XP_063581059.1_22483	3
lcl|NC_071990.2_cds_XP_002817455.2_22499	3
lcl|NC_071990.2_cds_XP_054414178.1_22508	2
lcl|NC_071990.2_cds_XP_024104540.2_22533	4
lcl|NC_071990.2_cds_XP_024104816.2_22542	4
lcl|NC_071990.2_cds_XP_063581079.1_22560	4
lcl|NC_071990.2_cds_XP_024104759.1_22579	4
lcl|NC_071990.2_cds_XP_024104458.3_22584	2
lcl|NC_071990.2_cds_XP_024103600.3_22666	3
lcl|NC_071990.2_cds_XP_009240623.2_22677	3
lcl|NC_071990.2_cds_XP_024104306.2_22682	2
lcl|NC_071990.2_cds_XP_002817508.5_22686	2
lcl|NC_071990.2_cds_XP_024103900.2_22687	2
lcl|NC_071990.2_cds_XP_054414254.2_22697	4
lcl|NC_071990.2_cds_XP_009240630.2_22724	3
lcl|NC_071990.2_cds_XP_054414293.2_22755	4
lcl|NC_071990.2_cds_XP_002817535.4_22770	2
lcl|NC_071990.2_cds_XP_054414303.2_22790	2
lcl|NC_071990.2_cds_XP_063581140.1_22822	2
lcl|NC_071990.2_cds_XP_054414333.2_22833	2
lcl|NC_071990.2_cds_XP_054414340.2_22843	2
lcl|NC_071990.2_cds_XP_003777000.4_22864	4
lcl|NC_071990.2_cds_XP_024104158.3_22878	4
lcl|NC_071990.2_cds_XP_024104967.3_22914	2
lcl|NC_071990.2_cds_XP_024104001.2_22936	4
lcl|NC_071990.2_cds_XP_009240694.3_22946	2
lcl|NC_071990.2_cds_XP_024104017.3_22979	2
lcl|NC_071990.2_cds_XP_054414430.2_23034	3
lcl|NC_071990.2_cds_XP_024104045.1_23080	4
lcl|NC_071990.2_cds_XP_054414486.1_23110	3
lcl|NC_071990.2_cds_XP_063581196.1_23149	4
lcl|NC_071991.2_cds_XP_024097014.1_23172	2
lcl|NC_071991.2_cds_XP_054401559.1_23174	2
lcl|NC_071991.2_cds_XP_024097074.2_23245	4
lcl|NC_071991.2_cds_XP_024097046.1_23251	2
lcl|NC_071991.2_cds_XP_054401642.1_23351	2
lcl|NC_071991.2_cds_XP_024097079.1_23371	4
lcl|NC_071991.2_cds_XP_024097057.2_23372	4
lcl|NC_071991.2_cds_XP_024097077.2_23378	2
lcl|NC_071991.2_cds_XP_054401635.1_23382	4
lcl|NC_071991.2_cds_XP_063581971.1_23409	2
lcl|NC_071991.2_cds_XP_002817717.1_23417	4
lcl|NC_071991.2_cds_XP_054416114.1_23437	4
lcl|NC_071991.2_cds_XP_024105782.1_23443	2
lcl|NC_071991.2_cds_XP_054416104.1_23463	2
lcl|NC_071991.2_cds_XP_024105778.2_23484	2
lcl|NC_071991.2_cds_XP_024105779.2_23499	2
lcl|NC_071991.2_cds_XP_054416140.1_23507	4
lcl|NC_071991.2_cds_XP_024105919.2_23542	2
lcl|NC_071991.2_cds_NP_001126656.1_23545	2
lcl|NC_071991.2_cds_XP_054416158.1_23554	2
lcl|NC_071991.2_cds_XP_054416164.1_23576	4
lcl|NC_071991.2_cds_XP_054416165.1_23627	4
lcl|NC_071991.2_cds_XP_024105252.2_23732	3
lcl|NC_071991.2_cds_XP_054416242.1_23759	4
lcl|NC_071991.2_cds_XP_063581994.1_23789	4
lcl|NC_071991.2_cds_XP_054416259.1_23798	2
lcl|NC_071991.2_cds_XP_054416280.1_23812	4
lcl|NC_071991.2_cds_XP_054416282.1_23814	3
lcl|NC_071991.2_cds_XP_024106137.2_23816	3
lcl|NC_071991.2_cds_XP_024105115.1_23827	3
lcl|NC_071991.2_cds_XP_054416281.1_23838	4
lcl|NC_071991.2_cds_XP_054416092.1_23844	3
lcl|NC_071991.2_cds_XP_054416295.1_23845	4
lcl|NC_071991.2_cds_XP_054416093.1_23846	4
lcl|NC_071991.2_cds_XP_024105021.2_23882	2
lcl|NC_071991.2_cds_XP_024105494.2_23966	4
lcl|NC_071991.2_cds_XP_002817876.4_23970	2
lcl|NC_071991.2_cds_XP_054416349.1_23991	2
lcl|NC_071991.2_cds_XP_024105708.1_24012	2
lcl|NC_071991.2_cds_XP_024106019.2_24027	4
lcl|NC_071991.2_cds_XP_009240976.2_24033	2
lcl|NC_071991.2_cds_XP_002817908.4_24084	2
lcl|NC_071991.2_cds_XP_054416391.1_24091	3
lcl|NC_071991.2_cds_XP_024105283.2_24107	2
lcl|NC_071991.2_cds_XP_054415125.1_24143	2
lcl|NC_071991.2_cds_XP_024105212.2_24362	4
lcl|NC_071991.2_cds_XP_054415141.1_24371	4
lcl|NC_071991.2_cds_XP_054415173.1_24418	4
lcl|NC_071991.2_cds_XP_063582058.1_24445	4
lcl|NC_071991.2_cds_XP_063582059.1_24448	4
lcl|NC_071991.2_cds_XP_024106091.1_24469	2
lcl|NC_071991.2_cds_XP_063582068.1_24477	3
lcl|NC_071991.2_cds_XP_024105580.1_24485	3
lcl|NC_071991.2_cds_XP_002818033.1_24500	3
lcl|NC_071991.2_cds_XP_054414852.1_24506	3
lcl|NC_071991.2_cds_XP_024105665.1_24519	4
lcl|NC_071991.2_cds_XP_024105248.2_24543	3
lcl|NC_071991.2_cds_NP_001127150.1_24572	4
lcl|NC_071991.2_cds_XP_054414854.1_24593	4
lcl|NC_071991.2_cds_XP_009241115.3_24606	4
lcl|NC_071991.2_cds_XP_024105591.1_24636	2
lcl|NC_071991.2_cds_NP_001127254.2_24645	3
lcl|NC_071991.2_cds_XP_054415253.1_24651	2
lcl|NC_071991.2_cds_XP_024105264.2_24704	2
lcl|NC_071991.2_cds_XP_054415292.1_24725	2
lcl|NC_071991.2_cds_XP_024105947.1_24751	2
lcl|NC_071991.2_cds_XP_024105840.2_24790	4
lcl|NC_071991.2_cds_XP_024105447.2_24818	2
lcl|NC_071991.2_cds_XP_024105882.2_24934	2
lcl|NC_071991.2_cds_XP_054415358.1_24966	3
lcl|NC_071991.2_cds_XP_024106097.2_25015	2
lcl|NC_071991.2_cds_XP_054415377.1_25024	4
lcl|NC_071991.2_cds_XP_002818217.3_25032	2
lcl|NC_071991.2_cds_XP_024106206.1_25037	4
lcl|NC_071991.2_cds_XP_054414978.1_25049	3
lcl|NC_071991.2_cds_XP_054415029.1_25072	2
lcl|NC_071991.2_cds_XP_002818226.1_25076	2
lcl|NC_071991.2_cds_XP_063582137.1_25125	4
lcl|NC_071991.2_cds_XP_002818243.3_25127	4
lcl|NC_071991.2_cds_XP_009241253.1_25133	3
lcl|NC_071991.2_cds_NP_001128962.1_25183	2
lcl|NC_071991.2_cds_XP_002818254.3_25190	3
lcl|NC_071991.2_cds_XP_054415432.1_25226	4
lcl|NC_071991.2_cds_XP_063581808.1_25254	3
lcl|NC_071991.2_cds_XP_024105613.2_25274	2
lcl|NC_071991.2_cds_XP_024105954.2_25283	4
lcl|NC_071991.2_cds_XP_002818257.3_25290	4
lcl|NC_071991.2_cds_XP_024106052.1_25301	2
lcl|NC_071991.2_cds_XP_054415470.1_25316	4
lcl|NC_071991.2_cds_XP_002818262.2_25359	4
lcl|NC_071991.2_cds_XP_054415464.1_25373	2
lcl|NC_071991.2_cds_XP_054415508.1_25410	2
lcl|NC_071991.2_cds_XP_024105821.2_25426	4
lcl|NC_071991.2_cds_XP_054415518.1_25448	2
lcl|NC_071991.2_cds_XP_024105421.1_25466	3
lcl|NC_071991.2_cds_XP_054415540.1_25467	2
lcl|NC_071991.2_cds_XP_002818330.2_25492	2
lcl|NC_071991.2_cds_NP_001125703.1_25495	4
lcl|NC_071991.2_cds_XP_024105578.2_25507	4
lcl|NC_071991.2_cds_XP_024105025.1_25512	2
lcl|NC_071991.2_cds_XP_054415560.1_25527	2
lcl|NC_071991.2_cds_XP_002818350.3_25554	2
lcl|NC_071991.2_cds_XP_009241372.1_25559	2
lcl|NC_071991.2_cds_XP_024106131.2_25567	4
lcl|NC_071991.2_cds_XP_054415585.1_25594	2
lcl|NC_071991.2_cds_XP_024106126.2_25632	4
lcl|NC_071991.2_cds_XP_002818371.3_25637	4
lcl|NC_071991.2_cds_XP_063581834.1_25682	4
lcl|NC_071991.2_cds_XP_054416751.1_25693	4
lcl|NC_071991.2_cds_XP_002818382.2_25704	2
lcl|NC_071991.2_cds_XP_009241417.3_25786	2
lcl|NC_071991.2_cds_XP_024105656.2_25788	4
lcl|NC_071991.2_cds_XP_054415651.1_25817	2
lcl|NC_071991.2_cds_XP_054415656.1_25863	2
lcl|NC_071991.2_cds_XP_002818408.3_25891	2
lcl|NC_071991.2_cds_XP_009241440.2_25926	4
lcl|NC_071991.2_cds_NP_001162017.1_25955	4
lcl|NC_071991.2_cds_NP_001162027.1_25956	4
lcl|NC_071991.2_cds_XP_009241447.3_25972	2
lcl|NC_071991.2_cds_XP_002818423.3_25980	3
lcl|NC_071991.2_cds_XP_054415701.1_25992	2
lcl|NC_071991.2_cds_XP_054415723.1_26039	4
lcl|NC_071991.2_cds_NP_001128946.1_26065	3
lcl|NC_071991.2_cds_XP_054415730.1_26072	2
lcl|NC_071991.2_cds_XP_024105714.1_26118	3
lcl|NC_071991.2_cds_XP_009241486.2_26135	3
lcl|NC_071991.2_cds_XP_054415781.1_26141	3
lcl|NC_071991.2_cds_NP_001127272.1_26145	3
lcl|NC_071991.2_cds_XP_024106167.1_26155	3
lcl|NC_071991.2_cds_XP_024105309.1_26202	3
lcl|NC_071991.2_cds_XP_024105609.2_26221	3
lcl|NC_071991.2_cds_XP_054414813.1_26227	4
lcl|NC_071991.2_cds_XP_054415802.1_26237	4
lcl|NC_071991.2_cds_XP_054415814.1_26280	4
lcl|NC_071991.2_cds_XP_024105652.2_26315	3
lcl|NC_071991.2_cds_XP_024105747.1_26336	2
lcl|NC_071991.2_cds_XP_054416643.1_26347	4
lcl|NC_071991.2_cds_NP_001125393.1_26353	4
lcl|NC_071991.2_cds_XP_002818569.1_26361	3
lcl|NC_071991.2_cds_XP_024105190.1_26390	4
lcl|NC_071991.2_cds_XP_024106107.1_26396	2
lcl|NC_071991.2_cds_XP_054415857.1_26415	4
lcl|NC_071991.2_cds_XP_054415886.1_26483	3
lcl|NC_071991.2_cds_XP_024105743.2_26490	3
lcl|NC_071991.2_cds_XP_054415907.1_26557	3
lcl|NC_071991.2_cds_XP_024105237.2_26588	3
lcl|NC_071991.2_cds_XP_024106103.2_26595	3
lcl|NC_071991.2_cds_XP_063582257.1_26605	3
lcl|NC_071991.2_cds_XP_009241633.3_26611	3
lcl|NC_071991.2_cds_XP_009241649.3_26638	4
lcl|NC_071991.2_cds_NP_001127265.1_26646	4
lcl|NC_071991.2_cds_XP_024106128.1_26693	2
lcl|NC_071991.2_cds_XP_054416701.1_26701	4
lcl|NC_071991.2_cds_XP_054416690.1_26717	4
lcl|NC_071991.2_cds_XP_054416767.1_26730	3
lcl|NC_071991.2_cds_XP_024106185.1_26767	2
lcl|NC_071991.2_cds_XP_054415950.1_26771	3
lcl|NC_071991.2_cds_NP_001125144.1_26788	3
lcl|NC_071991.2_cds_XP_063582273.1_26800	3
lcl|NC_071991.2_cds_XP_054415958.1_26814	4
lcl|NC_071991.2_cds_XP_054415989.1_26903	3
lcl|NC_071991.2_cds_XP_024105643.2_26920	2
lcl|NC_071991.2_cds_XP_054416017.1_26923	2
lcl|NC_071991.2_cds_XP_054416022.1_26944	2
lcl|NC_071991.2_cds_XP_024106070.2_26984	2
lcl|NC_071991.2_cds_XP_024105428.1_26987	2
lcl|NC_071991.2_cds_XP_054416063.1_27007	4
lcl|NC_071991.2_cds_XP_024105854.2_27015	2
lcl|NC_071991.2_cds_XP_009241759.3_27019	2
lcl|NC_071991.2_cds_XP_054416074.1_27024	2
lcl|NC_071992.2_cds_XP_063582563.1_27066	2
lcl|NC_071992.2_cds_XP_024107365.3_27073	2
lcl|NC_071992.2_cds_XP_054417130.2_27079	2
lcl|NC_071992.2_cds_XP_024107197.3_27080	4
lcl|NC_071992.2_cds_XP_054417131.2_27081	2
lcl|NC_071992.2_cds_XP_054402123.1_27201	4
lcl|NC_071992.2_cds_XP_024106876.2_27219	2
lcl|NC_071992.2_cds_XP_024107058.1_27230	3
lcl|NC_071992.2_cds_XP_002818871.4_27233	4
lcl|NC_071992.2_cds_XP_024106753.3_27250	2
lcl|NC_071992.2_cds_NP_001125928.1_27309	2
lcl|NC_071992.2_cds_XP_054417212.2_27316	2
lcl|NC_071992.2_cds_XP_054417254.2_27381	4
lcl|NC_071992.2_cds_XP_054416883.1_27438	3
lcl|NC_071992.2_cds_XP_063582638.1_27460	3
lcl|NC_071992.2_cds_XP_002818918.1_27470	4
lcl|NC_071992.2_cds_XP_054417295.2_27478	3
lcl|NC_071992.2_cds_XP_002818933.4_27516	3
lcl|NC_071992.2_cds_XP_024106991.2_27576	2
lcl|NC_071992.2_cds_XP_024106679.3_27580	4
lcl|NC_071992.2_cds_XP_002818963.2_27587	2
lcl|NC_071992.2_cds_NP_001127536.1_27609	4
lcl|NC_071992.2_cds_XP_024107346.2_27670	3
lcl|NC_071992.2_cds_XP_054416904.2_27686	2
lcl|NC_071992.2_cds_XP_024107014.2_27715	2
lcl|NC_071992.2_cds_XP_054417001.2_27719	2
lcl|NC_071992.2_cds_XP_002819035.1_27759	4
lcl|NC_071992.2_cds_XP_054417075.2_27765	4
lcl|NC_071992.2_cds_XP_002819043.4_27776	2
lcl|NC_071992.2_cds_XP_002819044.3_27781	4
lcl|NC_071992.2_cds_XP_054417414.2_27813	2
lcl|NC_071992.2_cds_XP_063582409.1_27833	4
lcl|NC_071992.2_cds_XP_054417432.1_27858	4
lcl|NC_071992.2_cds_XP_009242013.2_27883	3
lcl|NC_071992.2_cds_XP_054417438.1_27897	2
lcl|NC_071992.2_cds_XP_054417481.2_27955	2
lcl|NC_071992.2_cds_XP_024106931.3_27966	3
lcl|NC_071992.2_cds_XP_024107086.3_28101	4
lcl|NC_071992.2_cds_XP_024106793.2_28116	2
lcl|NC_071992.2_cds_XP_002819111.5_28117	2
lcl|NC_071992.2_cds_XP_002819118.4_28143	2
lcl|NC_071992.2_cds_XP_054417573.2_28157	4
lcl|NC_071992.2_cds_XP_002819123.4_28170	2
lcl|NC_071992.2_cds_XP_054417599.2_28215	2
lcl|NC_071992.2_cds_XP_002819134.2_28222	3
lcl|NC_071992.2_cds_XP_024106976.2_28258	2
lcl|NC_071992.2_cds_XP_024106961.2_28266	3
lcl|NC_071992.2_cds_XP_009242113.3_28362	3
lcl|NC_071992.2_cds_XP_054417662.2_28385	2
lcl|NC_071992.2_cds_XP_024107340.1_28407	2
lcl|NC_071992.2_cds_XP_024107354.1_28410	2
lcl|NC_071992.2_cds_XP_009242126.4_28420	4
lcl|NC_071992.2_cds_XP_002819210.4_28438	4
lcl|NC_071992.2_cds_XP_024106857.1_28446	2
lcl|NC_071992.2_cds_XP_002819221.3_28480	2
lcl|NC_071992.2_cds_XP_009242138.3_28481	4
lcl|NC_071992.2_cds_XP_024107030.3_28553	2
lcl|NC_071992.2_cds_XP_009242172.4_28584	2
lcl|NC_071992.2_cds_XP_024107269.2_28621	2
lcl|NC_071992.2_cds_XP_024106760.1_28651	2
lcl|NC_071992.2_cds_XP_009242216.2_28737	3
lcl|NC_071992.2_cds_XP_002819322.3_28749	3
lcl|NC_071992.2_cds_XP_063582796.1_28766	3
lcl|NC_071992.2_cds_XP_024107015.3_28773	3
lcl|NC_071992.2_cds_XP_009242204.3_28783	2
lcl|NC_071992.2_cds_XP_009242238.2_28793	2
lcl|NC_071992.2_cds_XP_024106599.1_28844	4
lcl|NC_071992.2_cds_XP_002819360.4_28851	2
lcl|NC_071992.2_cds_XP_054375179.2_28865	4
lcl|NC_071992.2_cds_XP_054375191.1_28889	2
lcl|NC_071992.2_cds_XP_054375206.1_28904	2
lcl|NC_071992.2_cds_XP_024106981.1_28916	2
lcl|NC_071992.2_cds_XP_024106545.1_28950	3
lcl|NC_071992.2_cds_XP_063582820.1_29004	2
lcl|NC_071992.2_cds_NP_001126606.1_29046	2
lcl|NC_071992.2_cds_XP_009242297.3_29048	4
lcl|NC_071992.2_cds_XP_054416877.1_29056	3
lcl|NC_071992.2_cds_XP_024106837.3_29105	2
lcl|NC_071992.2_cds_XP_002819416.3_29108	4
lcl|NC_071992.2_cds_XP_009242324.2_29138	4
lcl|NC_071992.2_cds_XP_054374767.2_29141	3
lcl|NC_071992.2_cds_XP_024107208.3_29149	4
lcl|NC_071992.2_cds_XP_024106743.3_29152	2
lcl|NC_071992.2_cds_XP_024106366.1_29157	4
lcl|NC_071992.2_cds_XP_024106303.3_29168	2
lcl|NC_071992.2_cds_XP_024106618.2_29188	2
lcl|NC_071992.2_cds_XP_024106434.3_29200	3
lcl|NC_071992.2_cds_XP_024107040.1_29212	2
lcl|NC_071992.2_cds_XP_054374784.2_29213	4
lcl|NC_071992.2_cds_XP_024106388.1_29232	3
lcl|NC_071992.2_cds_XP_024106784.3_29272	4
lcl|NC_071992.2_cds_XP_024106977.3_29286	2
lcl|NC_071992.2_cds_XP_009242378.3_29294	4
lcl|NC_071992.2_cds_XP_024106818.2_29321	3
lcl|NC_071992.2_cds_XP_024107023.3_29339	4
lcl|NC_071992.2_cds_XP_024107168.3_29351	3
lcl|NC_071992.2_cds_XP_054374841.2_29355	4
lcl|NC_071992.2_cds_XP_054374847.2_29362	3
lcl|NC_071992.2_cds_XP_009242404.2_29367	2
lcl|NC_071992.2_cds_XP_024106756.1_29374	2
lcl|NC_071992.2_cds_XP_063582898.1_29390	2
lcl|NC_071992.2_cds_XP_024107076.3_29413	2
lcl|NC_071992.2_cds_XP_024106916.3_29437	4
lcl|NC_071992.2_cds_XP_054374914.2_29446	2
lcl|NC_071992.2_cds_XP_054374938.2_29475	2
lcl|NC_071992.2_cds_XP_024106636.3_29562	4
lcl|NC_071992.2_cds_XP_024106650.3_29570	2
lcl|NC_071992.2_cds_XP_054375027.2_29614	2
lcl|NC_071992.2_cds_XP_054375018.1_29634	3
lcl|NC_071992.2_cds_XP_063582982.1_29653	2
lcl|NC_071992.2_cds_XP_063582983.1_29666	2
lcl|NC_071992.2_cds_XP_024106807.3_29684	3
lcl|NC_071992.2_cds_XP_054375219.2_29692	2
lcl|NC_071992.2_cds_XP_063583009.1_29698	2
lcl|NC_071992.2_cds_XP_054375237.2_29711	2
lcl|NC_071992.2_cds_XP_024106950.2_29739	3
lcl|NC_071992.2_cds_XP_024107108.2_29780	2
lcl|NC_071992.2_cds_XP_024106936.2_29786	2
lcl|NC_071992.2_cds_XP_063583042.1_29814	3
lcl|NC_071992.2_cds_XP_024107377.1_29836	2
lcl|NC_071993.2_cds_XP_063583528.1_29915	2
lcl|NC_071993.2_cds_XP_054377639.1_29949	4
lcl|NC_071993.2_cds_XP_054377830.1_29983	4
lcl|NC_071993.2_cds_XP_054377851.1_30015	4
lcl|NC_071993.2_cds_XP_054377864.1_30042	4
lcl|NC_071993.2_cds_NP_001124799.1_30048	4
lcl|NC_071993.2_cds_XP_024109391.2_30049	2
lcl|NC_071993.2_cds_XP_024109980.1_30055	2
lcl|NC_071993.2_cds_XP_054377890.1_30093	4
lcl|NC_071993.2_cds_XP_024109589.1_30109	3
lcl|NC_071993.2_cds_NP_001126339.1_30111	2
lcl|NC_071993.2_cds_XP_024109900.2_30144	4
lcl|NC_071993.2_cds_XP_024110093.2_30213	2
lcl|NC_071993.2_cds_NP_001125149.1_30272	2
lcl|NC_071993.2_cds_XP_024109685.2_30274	4
lcl|NC_071993.2_cds_XP_024109836.2_30283	4
lcl|NC_071993.2_cds_XP_024109473.2_30301	2
lcl|NC_071993.2_cds_XP_024109501.2_30331	4
lcl|NC_071993.2_cds_XP_024109644.1_30337	2
lcl|NC_071993.2_cds_XP_054378019.1_30341	2
lcl|NC_071993.2_cds_XP_024109239.1_30345	2
lcl|NC_071993.2_cds_XP_054378031.1_30392	3
lcl|NC_071993.2_cds_XP_024109180.2_30408	4
lcl|NC_071993.2_cds_XP_054378063.1_30429	2
lcl|NC_071993.2_cds_XP_002820654.2_30438	4
lcl|NC_071993.2_cds_XP_024109549.2_30440	4
lcl|NC_071993.2_cds_XP_054379136.1_30500	2
lcl|NC_071993.2_cds_XP_002820661.3_30506	2
lcl|NC_071993.2_cds_XP_002820664.3_30541	2
lcl|NC_071993.2_cds_XP_054378086.1_30549	2
lcl|NC_071993.2_cds_XP_054378104.1_30589	4
lcl|NC_071993.2_cds_XP_024109622.2_30590	4
lcl|NC_071993.2_cds_XP_054377455.1_30612	4
lcl|NC_071993.2_cds_XP_054377320.1_30647	4
lcl|NC_071993.2_cds_XP_002820681.2_30674	3
lcl|NC_071993.2_cds_XP_024109327.1_30676	2
lcl|NC_071993.2_cds_XP_054378113.1_30681	2
lcl|NC_071993.2_cds_XP_054378115.1_30682	2
lcl|NC_071993.2_cds_XP_063583113.1_30737	4
lcl|NC_071993.2_cds_XP_024109284.2_30770	2
lcl|NC_071993.2_cds_XP_054378168.2_30886	4
lcl|NC_071993.2_cds_NP_001127670.1_30922	3
lcl|NC_071993.2_cds_XP_002820699.2_30926	2
lcl|NC_071993.2_cds_NP_001125099.1_31035	3
lcl|NC_071993.2_cds_XP_063583513.1_31069	4
lcl|NC_071993.2_cds_XP_009234307.2_31080	2
lcl|NC_071993.2_cds_XP_002820745.3_31124	4
lcl|NC_071993.2_cds_XP_063583624.1_31135	4
lcl|NC_071993.2_cds_XP_024109991.3_31189	4
lcl|NC_071993.2_cds_XP_002820757.4_31209	4
lcl|NC_071993.2_cds_XP_024109704.3_31216	3
lcl|NC_071993.2_cds_NP_001125086.1_31234	2
lcl|NC_071993.2_cds_XP_054378303.2_31258	2
lcl|NC_071993.2_cds_XP_063583657.1_31289	4
lcl|NC_071993.2_cds_XP_009243676.3_31291	3
lcl|NC_071993.2_cds_XP_054378314.1_31294	4
lcl|NC_071993.2_cds_XP_024108925.1_31297	2
lcl|NC_071993.2_cds_XP_063583660.1_31315	4
lcl|NC_071993.2_cds_XP_024109350.3_31413	4
lcl|NC_071993.2_cds_XP_024109754.1_31430	3
lcl|NC_071993.2_cds_XP_009243710.4_31432	3
lcl|NC_071993.2_cds_XP_054378387.1_31438	2
lcl|NC_071993.2_cds_XP_002820847.5_31473	4
lcl|NC_071993.2_cds_XP_024109838.1_31497	3
lcl|NC_071993.2_cds_XP_054378418.1_31546	3
lcl|NC_071993.2_cds_XP_024109963.2_31557	3
lcl|NC_071993.2_cds_NP_001126728.1_31571	3
lcl|NC_071993.2_cds_XP_024109064.1_31572	3
lcl|NC_071993.2_cds_XP_054379264.1_31577	3
lcl|NC_071993.2_cds_XP_054379301.2_31632	3
lcl|NC_071993.2_cds_XP_054378473.2_31709	3
lcl|NC_071993.2_cds_XP_024109767.2_31718	3
lcl|NC_071993.2_cds_XP_063583697.1_31741	3
lcl|NC_071993.2_cds_XP_063583426.1_31747	3
lcl|NC_071993.2_cds_XP_054377435.1_31790	2
lcl|NC_071993.2_cds_XP_024109478.3_31804	4
lcl|NC_071993.2_cds_XP_024109262.2_31827	2
lcl|NC_071993.2_cds_XP_054379337.1_31833	2
lcl|NC_071993.2_cds_XP_024109259.3_31838	4
lcl|NC_071993.2_cds_XP_024109261.2_31851	2
lcl|NC_071993.2_cds_XP_024110009.3_31881	4
lcl|NC_071993.2_cds_XP_002820939.2_31883	3
lcl|NC_071993.2_cds_XP_054378512.1_31901	4
lcl|NC_071993.2_cds_XP_054378516.2_31905	2
lcl|NC_071993.2_cds_XP_024108758.1_31930	4
lcl|NC_071993.2_cds_XP_054377753.2_31962	4
lcl|NC_071993.2_cds_XP_024109450.1_32002	4
lcl|NC_071993.2_cds_XP_054378556.2_32035	4
lcl|NC_071993.2_cds_XP_024109791.3_32126	2
lcl|NC_071993.2_cds_XP_024109627.1_32150	3
lcl|NC_071993.2_cds_XP_002821019.1_32152	2
lcl|NC_071993.2_cds_XP_009243901.1_32180	2
lcl|NC_071993.2_cds_XP_002821023.1_32183	3
lcl|NC_071993.2_cds_XP_063583737.1_32199	4
lcl|NC_071993.2_cds_XP_024109628.3_32204	4
lcl|NC_071993.2_cds_XP_009243911.4_32217	3
lcl|NC_071993.2_cds_XP_054378635.2_32218	4
lcl|NC_071993.2_cds_XP_054378647.2_32237	2
lcl|NC_071993.2_cds_XP_054378652.2_32240	2
lcl|NC_071993.2_cds_XP_063583116.1_32272	3
lcl|NC_071993.2_cds_XP_024109536.3_32295	2
lcl|NC_071993.2_cds_XP_024109585.3_32336	2
lcl|NC_071993.2_cds_XP_024108911.2_32342	4
lcl|NC_071993.2_cds_XP_024109482.3_32356	2
lcl|NC_071993.2_cds_XP_063583457.1_32371	3
lcl|NC_071993.2_cds_XP_009243944.3_32428	3
lcl|NC_071993.2_cds_XP_009243977.2_32517	2
lcl|NC_071993.2_cds_XP_002821105.2_32542	4
lcl|NC_071993.2_cds_XP_009243980.4_32545	4
lcl|NC_071993.2_cds_XP_054378754.2_32582	4
lcl|NC_071993.2_cds_XP_024108683.3_32590	3
lcl|NC_071993.2_cds_XP_024109372.1_32593	3
lcl|NC_071993.2_cds_NP_001361276.1_32608	3
lcl|NC_071993.2_cds_XP_009244003.1_32670	2
lcl|NC_071993.2_cds_XP_024109132.3_32684	3
lcl|NC_071993.2_cds_XP_054379397.2_32694	3
lcl|NC_071993.2_cds_XP_024109998.1_32712	3
lcl|NC_071993.2_cds_XP_054379409.2_32720	3
lcl|NC_071993.2_cds_XP_002821156.1_32790	2
lcl|NC_071993.2_cds_XP_024109322.1_32817	3
lcl|NC_071993.2_cds_XP_063583798.1_32848	3
lcl|NC_071993.2_cds_XP_024109609.1_32859	2
lcl|NC_071993.2_cds_XP_024109503.3_32861	4
lcl|NC_071993.2_cds_XP_054378788.2_32874	2
lcl|NC_071993.2_cds_XP_002821179.2_32888	4
lcl|NC_071993.2_cds_XP_024109502.1_32889	2
lcl|NC_071993.2_cds_XP_054378810.2_32892	2
lcl|NC_071993.2_cds_NP_001126947.1_32936	3
lcl|NC_071993.2_cds_XP_002821189.3_32937	4
lcl|NC_071993.2_cds_XP_024109741.1_33054	4
lcl|NC_071993.2_cds_XP_002821207.4_33066	2
lcl|NC_071993.2_cds_XP_024108825.3_33072	2
lcl|NC_071993.2_cds_XP_054378877.2_33075	2
lcl|NC_071993.2_cds_XP_054378883.1_33084	4
lcl|NC_071993.2_cds_XP_024109914.2_33097	2
lcl|NC_071993.2_cds_XP_002821229.3_33153	2
lcl|NC_071993.2_cds_XP_009244114.1_33169	3
lcl|NC_071993.2_cds_NP_001361274.1_33200	3
lcl|NC_071993.2_cds_XP_024109469.2_33216	3
lcl|NC_071993.2_cds_NP_001124693.2_33222	4
lcl|NC_071993.2_cds_XP_054378952.2_33253	4
lcl|NC_071993.2_cds_XP_063583309.1_33303	4
lcl|NC_071993.2_cds_XP_024109103.3_33398	2
lcl|NC_071993.2_cds_XP_024109807.3_33403	2
lcl|NC_071993.2_cds_XP_024109634.3_33442	4
lcl|NC_071993.2_cds_XP_054379029.2_33445	2
lcl|NC_071993.2_cds_XP_024109201.3_33464	4
lcl|NC_071993.2_cds_XP_024109587.2_33497	2
lcl|NC_071993.2_cds_XP_024109550.2_33518	2
lcl|NC_071993.2_cds_XP_024109494.2_33520	4
lcl|NC_071993.2_cds_XP_009244231.2_33528	2
lcl|NC_071993.2_cds_XP_054379482.1_33560	3
lcl|NC_071994.2_cds_XP_024097119.2_33594	2
lcl|NC_071994.2_cds_XP_054379999.1_33605	2
lcl|NC_071994.2_cds_XP_054380039.1_33662	3
lcl|NC_071994.2_cds_XP_024111030.2_33675	4
lcl|NC_071994.2_cds_XP_063583945.1_33685	2
lcl|NC_071994.2_cds_XP_024111237.2_33712	3
lcl|NC_071994.2_cds_NP_001125028.1_33748	2
lcl|NC_071994.2_cds_XP_054379970.1_33750	4
lcl|NC_071994.2_cds_XP_054379971.1_33751	4
lcl|NC_071994.2_cds_XP_054382148.1_33752	4
lcl|NC_071994.2_cds_XP_054380062.1_33753	4
lcl|NC_071994.2_cds_XP_054380063.1_33760	2
lcl|NC_071994.2_cds_XP_024111315.2_33816	2
lcl|NC_071994.2_cds_XP_063584420.1_33859	4
lcl|NC_071994.2_cds_XP_054380132.1_33904	4
lcl|NC_071994.2_cds_XP_054380139.1_33932	2
lcl|NC_071994.2_cds_XP_054380161.1_33940	4
lcl|NC_071994.2_cds_XP_024111064.3_33960	2
lcl|NC_071994.2_cds_XP_054379839.1_34006	2
lcl|NC_071994.2_cds_XP_063584122.1_34021	2
lcl|NC_071994.2_cds_XP_024111152.1_34028	2
lcl|NC_071994.2_cds_XP_024111517.2_34068	2
lcl|NC_071994.2_cds_XP_024110861.1_34117	3
lcl|NC_071994.2_cds_XP_054381550.1_34158	3
lcl|NC_071994.2_cds_XP_002821514.2_34174	4
lcl|NC_071994.2_cds_XP_054381555.1_34176	3
lcl|NC_071994.2_cds_XP_024110892.1_34233	2
lcl|NC_071994.2_cds_XP_024110893.1_34237	3
lcl|NC_071994.2_cds_XP_003777754.3_34275	3
lcl|NC_071994.2_cds_XP_024110606.1_34289	2
lcl|NC_071994.2_cds_XP_024110611.2_34300	3
lcl|NC_071994.2_cds_XP_002821555.1_34302	3
lcl|NC_071994.2_cds_XP_002821557.2_34308	3
lcl|NC_071994.2_cds_XP_063584440.1_34313	2
lcl|NC_071994.2_cds_XP_054381617.1_34365	3
lcl|NC_071994.2_cds_XP_024111669.2_34397	3
lcl|NC_071994.2_cds_XP_002821590.3_34401	3
lcl|NC_071994.2_cds_XP_054381644.1_34405	4
lcl|NC_071994.2_cds_XP_024111443.2_34424	3
lcl|NC_071994.2_cds_XP_054381656.1_34433	2
lcl|NC_071994.2_cds_XP_024110557.2_34470	3
lcl|NC_071994.2_cds_XP_024111008.1_34486	3
lcl|NC_071994.2_cds_XP_054379686.1_34557	4
lcl|NC_071994.2_cds_XP_002821698.1_34636	3
lcl|NC_071994.2_cds_XP_054380198.1_34637	3
lcl|NC_071994.2_cds_XP_024110844.1_34649	3
lcl|NC_071994.2_cds_XP_054379544.1_34653	3
lcl|NC_071994.2_cds_XP_024110848.2_34663	4
lcl|NC_071994.2_cds_XP_024111617.1_34688	3
lcl|NC_071994.2_cds_XP_024111581.2_34725	3
lcl|NC_071994.2_cds_XP_024111699.1_34734	2
lcl|NC_071994.2_cds_NP_001126613.1_34774	3
lcl|NC_071994.2_cds_XP_024110808.2_34775	4
lcl|NC_071994.2_cds_XP_054380263.1_34803	3
lcl|NC_071994.2_cds_XP_054379937.1_34964	3
lcl|NC_071994.2_cds_XP_002821835.3_35021	3
lcl|NC_071994.2_cds_XP_054381716.1_35041	2
lcl|NC_071994.2_cds_NP_001126067.2_35043	3
lcl|NC_071994.2_cds_XP_024110897.1_35045	2
lcl|NC_071994.2_cds_XP_054381719.1_35051	4
lcl|NC_071994.2_cds_XP_024111078.2_35128	3
lcl|NC_071994.2_cds_XP_063584183.1_35162	3
lcl|NC_071994.2_cds_XP_024111175.2_35209	3
lcl|NC_071994.2_cds_XP_054381779.1_35211	3
lcl|NC_071994.2_cds_XP_009244690.2_35264	3
lcl|NC_071994.2_cds_XP_054380362.1_35294	3
lcl|NC_071994.2_cds_XP_063584530.1_35360	4
lcl|NC_071994.2_cds_XP_054380446.1_35424	4
lcl|NC_071994.2_cds_XP_054380462.1_35454	4
lcl|NC_071994.2_cds_XP_002821940.2_35532	2
lcl|NC_071994.2_cds_XP_024111288.1_35533	3
lcl|NC_071994.2_cds_XP_054380483.1_35549	4
lcl|NC_071994.2_cds_XP_024111385.2_35552	3
lcl|NC_071994.2_cds_XP_024111292.2_35567	3
lcl|NC_071994.2_cds_XP_054380495.1_35572	2
lcl|NC_071994.2_cds_XP_054380508.1_35606	4
lcl|NC_071994.2_cds_XP_024111325.1_35630	4
lcl|NC_071994.2_cds_XP_002821984.4_35638	2
lcl|NC_071994.2_cds_XP_024111597.3_35651	4
lcl|NC_071994.2_cds_XP_024111174.2_35669	2
lcl|NC_071994.2_cds_XP_054381810.1_35718	4
lcl|NC_071994.2_cds_XP_002822008.1_35730	4
lcl|NC_071994.2_cds_XP_024111695.2_35752	3
lcl|NC_071994.2_cds_XP_063584586.1_35783	3
lcl|NC_071994.2_cds_XP_054381837.1_35826	3
lcl|NC_071994.2_cds_XP_024110490.2_35829	3
lcl|NC_071994.2_cds_XP_054381838.1_35830	4
lcl|NC_071994.2_cds_NP_001125626.1_35874	2
lcl|NC_071994.2_cds_XP_054381889.1_35879	4
lcl|NC_071994.2_cds_XP_054379637.1_35885	4
lcl|NC_071994.2_cds_XP_054381907.1_35939	2
lcl|NC_071994.2_cds_XP_003777852.2_35942	3
lcl|NC_071994.2_cds_XP_002822053.3_35950	2
lcl|NC_071994.2_cds_XP_063567322.1_36003	4
lcl|NC_071994.2_cds_XP_009244891.1_36022	3
lcl|NC_071994.2_cds_XP_054380637.1_36036	3
lcl|NC_071994.2_cds_XP_002822077.2_36037	2
lcl|NC_071994.2_cds_XP_009244897.3_36039	4
lcl|NC_071994.2_cds_XP_054380645.1_36059	3
lcl|NC_071994.2_cds_XP_024110736.1_36088	3
lcl|NC_071994.2_cds_XP_024110876.1_36095	3
lcl|NC_071994.2_cds_XP_024111255.1_36101	4
lcl|NC_071994.2_cds_XP_063583928.1_36129	3
lcl|NC_071994.2_cds_XP_054380687.1_36143	3
lcl|NC_071994.2_cds_XP_054379832.1_36217	4
lcl|NC_071994.2_cds_XP_024111507.1_36235	3
lcl|NC_071994.2_cds_XP_024111637.2_36276	3
lcl|NC_071994.2_cds_XP_054380736.1_36288	3
lcl|NC_071994.2_cds_XP_024110311.2_36320	3
lcl|NC_071994.2_cds_XP_054381923.1_36479	3
lcl|NC_071994.2_cds_XP_009245068.2_36521	3
lcl|NC_071994.2_cds_XP_054381966.1_36570	3
lcl|NC_071994.2_cds_XP_054381971.1_36588	2
lcl|NC_071994.2_cds_XP_054381983.1_36599	3
lcl|NC_071994.2_cds_XP_024110858.1_36636	3
lcl|NC_071994.2_cds_XP_063584274.1_36686	4
lcl|NC_071994.2_cds_XP_054380816.1_36778	3
lcl|NC_071994.2_cds_XP_024110928.2_36810	4
lcl|NC_071994.2_cds_XP_002822324.1_36838	2
lcl|NC_071994.2_cds_XP_024111079.2_36858	3
lcl|NC_071994.2_cds_XP_054380834.1_36877	2
lcl|NC_071994.2_cds_XP_054382056.1_36900	3
lcl|NC_071994.2_cds_XP_054380842.1_36919	4
lcl|NC_071994.2_cds_XP_009245164.1_36932	3
lcl|NC_071994.2_cds_XP_054382077.1_36954	4
lcl|NC_071994.2_cds_XP_054379896.1_37022	4
lcl|NC_071994.2_cds_XP_024111058.2_37105	2
lcl|NC_071994.2_cds_XP_054380877.1_37163	4
lcl|NC_071994.2_cds_XP_024111690.2_37189	2
lcl|NC_071994.2_cds_XP_024111425.2_37236	4
lcl|NC_071994.2_cds_XP_002822409.3_37249	4
lcl|NC_071994.2_cds_XP_009245239.2_37250	4
lcl|NC_071994.2_cds_XP_002822418.3_37293	4
lcl|NC_071994.2_cds_XP_054380941.1_37305	4
lcl|NC_071994.2_cds_XP_002822431.1_37308	4
lcl|NC_071994.2_cds_XP_002822433.2_37312	2
lcl|NC_071994.2_cds_XP_024111625.1_37313	2
lcl|NC_071994.2_cds_XP_024111660.2_37316	2
lcl|NC_071994.2_cds_XP_054379721.1_37357	3
lcl|NC_071994.2_cds_XP_054379806.1_37382	4
lcl|NC_071994.2_cds_XP_024111657.2_37406	2
lcl|NC_071994.2_cds_XP_054380971.1_37423	2
lcl|NC_071994.2_cds_XP_024110822.2_37424	2
lcl|NC_071994.2_cds_XP_024111570.2_37454	4
lcl|NC_071994.2_cds_XP_054379792.1_37457	3
lcl|NC_071994.2_cds_XP_024111668.2_37461	4
lcl|NC_071994.2_cds_XP_002822488.2_37469	4
lcl|NC_071994.2_cds_NP_001124763.1_37499	4
lcl|NC_071994.2_cds_XP_054381053.1_37565	3
lcl|NC_071994.2_cds_XP_054381076.1_37620	3
lcl|NC_071994.2_cds_XP_054381476.1_37642	4
lcl|NC_071994.2_cds_XP_009245370.2_37664	3
lcl|NC_071994.2_cds_XP_024110498.1_37670	4
lcl|NC_071994.2_cds_XP_054381114.1_37680	3
lcl|NC_071994.2_cds_XP_024110710.2_37705	4
lcl|NC_071994.2_cds_XP_054379938.1_37743	3
lcl|NC_071994.2_cds_XP_063567479.1_37757	3
lcl|NC_071994.2_cds_XP_063567501.1_37808	3
lcl|NC_071994.2_cds_XP_054381197.1_37841	3
lcl|NC_071994.2_cds_XP_024110339.1_37863	3
lcl|NC_071994.2_cds_NP_001126261.2_37867	3
lcl|NC_071994.2_cds_XP_009245435.2_37896	3
lcl|NC_071994.2_cds_XP_002822650.2_37913	3
lcl|NC_071994.2_cds_XP_002822637.2_37945	3
lcl|NC_071994.2_cds_XP_024111674.1_37951	4
lcl|NC_071994.2_cds_XP_063567541.1_37964	4
lcl|NC_071994.2_cds_XP_024110815.2_37983	3
lcl|NC_071994.2_cds_XP_024111438.2_38033	2
lcl|NC_071994.2_cds_XP_054379620.1_38107	2
lcl|NC_071994.2_cds_XP_063567554.1_38115	4
lcl|NC_071994.2_cds_XP_054381310.1_38122	2
lcl|NC_071994.2_cds_XP_024110772.1_38219	3
lcl|NC_071994.2_cds_XP_054381394.1_38282	3
lcl|NC_071994.2_cds_XP_024110559.2_38301	3
lcl|NC_071994.2_cds_XP_009245530.2_38313	2
lcl|NC_071994.2_cds_XP_002822743.3_38324	2
lcl|NC_071994.2_cds_XP_002833682.3_38336	2
lcl|NC_071994.2_cds_XP_002833683.1_38337	3
lcl|NC_071994.2_cds_XP_002822755.2_38339	3
lcl|NC_071994.2_cds_XP_054381431.1_38349	3
lcl|NC_071994.2_cds_XP_024110931.2_38354	3
lcl|NC_071995.2_cds_XP_054382602.1_38380	2
lcl|NC_071995.2_cds_XP_024112193.1_38393	3
lcl|NC_071995.2_cds_XP_024112202.2_38402	3
lcl|NC_071995.2_cds_XP_054383781.1_38408	3
lcl|NC_071995.2_cds_XP_054383791.1_38451	3
lcl|NC_071995.2_cds_XP_054383835.1_38502	4
lcl|NC_071995.2_cds_XP_054382621.1_38514	4
lcl|NC_071995.2_cds_XP_054382670.1_38590	4
lcl|NC_071995.2_cds_XP_054382693.1_38615	4
lcl|NC_071995.2_cds_XP_054382708.1_38633	3
lcl|NC_071995.2_cds_NP_001233206.1_38635	4
lcl|NC_071995.2_cds_XP_024112251.2_38655	3
lcl|NC_071995.2_cds_XP_063567775.1_38689	3
lcl|NC_071995.2_cds_NP_001127051.1_38774	3
lcl|NC_071995.2_cds_XP_024112932.2_38792	3
lcl|NC_071995.2_cds_XP_024112086.2_38818	3
lcl|NC_071995.2_cds_XP_063568076.1_38834	4
lcl|NC_071995.2_cds_XP_054382725.1_38840	4
lcl|NC_071995.2_cds_XP_054382753.1_38881	3
lcl|NC_071995.2_cds_XP_054382754.1_38886	3
lcl|NC_071995.2_cds_NP_001126929.1_38901	3
lcl|NC_071995.2_cds_XP_002822921.2_38902	4
lcl|NC_071995.2_cds_XP_054383770.1_38903	4
lcl|NC_071995.2_cds_XP_054382760.1_38907	3
lcl|NC_071995.2_cds_XP_054382814.1_39032	3
lcl|NC_071995.2_cds_XP_002823014.3_39069	4
lcl|NC_071995.2_cds_XP_054382845.1_39075	3
lcl|NC_071995.2_cds_XP_002823018.2_39082	3
lcl|NC_071995.2_cds_XP_024113150.2_39107	4
lcl|NC_071995.2_cds_XP_024112666.2_39140	4
lcl|NC_071995.2_cds_XP_054382880.1_39154	2
lcl|NC_071995.2_cds_XP_024113065.2_39181	4
lcl|NC_071995.2_cds_XP_054382915.1_39195	3
lcl|NC_071995.2_cds_XP_024112980.1_39218	4
lcl|NC_071995.2_cds_XP_054382292.1_39228	2
lcl|NC_071995.2_cds_XP_054382939.1_39263	2
lcl|NC_071995.2_cds_XP_024112506.2_39323	2
lcl|NC_071995.2_cds_XP_054383004.1_39372	3
lcl|NC_071995.2_cds_XP_024113222.2_39404	4
lcl|NC_071995.2_cds_XP_009245862.2_39408	2
lcl|NC_071995.2_cds_XP_002823120.1_39411	3
lcl|NC_071995.2_cds_XP_054383014.1_39412	2
lcl|NC_071995.2_cds_XP_054383046.1_39475	4
lcl|NC_071995.2_cds_XP_002823135.2_39483	2
lcl|NC_071995.2_cds_XP_054383060.1_39497	3
lcl|NC_071995.2_cds_XP_009245873.2_39512	4
lcl|NC_071995.2_cds_XP_024113159.1_39534	4
lcl|NC_071995.2_cds_XP_054383079.1_39556	3
lcl|NC_071995.2_cds_XP_054383097.1_39567	2
lcl|NC_071995.2_cds_XP_054384475.1_39570	4
lcl|NC_071995.2_cds_XP_054382276.1_39571	4
lcl|NC_071995.2_cds_XP_002823151.4_39576	2
lcl|NC_071995.2_cds_XP_054383123.1_39626	4
lcl|NC_071995.2_cds_XP_054382575.1_39663	2
lcl|NC_071995.2_cds_XP_024112478.1_39672	4
lcl|NC_071995.2_cds_XP_002823175.1_39677	3
lcl|NC_071995.2_cds_XP_054383153.1_39680	2
lcl|NC_071995.2_cds_XP_063567691.1_39729	3
lcl|NC_071995.2_cds_XP_024112951.2_39735	3
lcl|NC_071995.2_cds_XP_054383164.1_39750	3
lcl|NC_071995.2_cds_XP_063567627.1_39766	3
lcl|NC_071995.2_cds_XP_024112798.1_39801	3
lcl|NC_071995.2_cds_XP_054382313.1_39808	3
lcl|NC_071995.2_cds_XP_054383178.1_39828	3
lcl|NC_071995.2_cds_XP_024112756.1_39859	3
lcl|NC_071995.2_cds_XP_054383909.1_39865	4
lcl|NC_071995.2_cds_XP_054383917.1_39870	3
lcl|NC_071995.2_cds_XP_009245964.1_39889	3
lcl|NC_071995.2_cds_XP_024112823.2_39896	3
lcl|NC_071995.2_cds_XP_054383941.1_39939	4
lcl|NC_071995.2_cds_XP_009245998.2_39957	2
lcl|NC_071995.2_cds_XP_054383217.1_40051	3
lcl|NC_071995.2_cds_XP_054383232.1_40055	4
lcl|NC_071995.2_cds_XP_054383949.1_40136	4
lcl|NC_071995.2_cds_XP_024113272.1_40164	3
lcl|NC_071995.2_cds_NP_001125309.1_40250	3
lcl|NC_071995.2_cds_XP_063568229.1_40334	3
lcl|NC_071995.2_cds_XP_002823395.1_40340	3
lcl|NC_071995.2_cds_XP_024112305.2_40385	3
lcl|NC_071995.2_cds_XP_009246148.2_40442	3
lcl|NC_071995.2_cds_XP_024111913.1_40451	3
lcl|NC_071995.2_cds_NP_001153254.1_40470	3
lcl|NC_071995.2_cds_XP_002823440.1_40480	3
lcl|NC_071995.2_cds_XP_054383278.1_40494	3
lcl|NC_071995.2_cds_XP_002823442.3_40501	3
lcl|NC_071995.2_cds_XP_002823445.3_40508	3
lcl|NC_071995.2_cds_XP_054384062.1_40542	3
lcl|NC_071995.2_cds_XP_054384094.1_40567	4
lcl|NC_071995.2_cds_XP_024112696.2_40578	3
lcl|NC_071995.2_cds_NP_001126709.1_40584	3
lcl|NC_071995.2_cds_XP_024112522.2_40585	3
lcl|NC_071995.2_cds_XP_054382409.1_40597	4
lcl|NC_071995.2_cds_XP_002823476.2_40614	3
lcl|NC_071995.2_cds_XP_063568245.1_40618	3
lcl|NC_071995.2_cds_XP_024112219.1_40622	4
lcl|NC_071995.2_cds_XP_054382397.1_40630	3
lcl|NC_071995.2_cds_XP_054383291.1_40669	2
lcl|NC_071995.2_cds_XP_063568249.1_40684	4
lcl|NC_071995.2_cds_XP_002823502.2_40691	4
lcl|NC_071995.2_cds_XP_002823509.1_40700	2
lcl|NC_071995.2_cds_XP_024112742.2_40707	2
lcl|NC_071995.2_cds_XP_009246260.2_40720	4
lcl|NC_071995.2_cds_NP_001125829.1_40738	2
lcl|NC_071995.2_cds_XP_024112139.2_40746	2
lcl|NC_071995.2_cds_XP_024113137.2_40749	2
lcl|NC_071995.2_cds_XP_009246273.3_40781	2
lcl|NC_071995.2_cds_XP_054383361.1_40794	4
lcl|NC_071995.2_cds_NP_001126520.1_40808	3
lcl|NC_071995.2_cds_XP_024112472.1_40836	2
lcl|NC_071995.2_cds_XP_009246302.3_40874	4
lcl|NC_071995.2_cds_XP_024113112.2_40880	4
lcl|NC_071995.2_cds_XP_002823562.3_40922	4
lcl|NC_071995.2_cds_XP_002823565.1_40923	2
lcl|NC_071995.2_cds_XP_002823568.4_40939	2
lcl|NC_071995.2_cds_XP_054382344.1_40979	3
lcl|NC_071995.2_cds_XP_002823588.2_40996	4
lcl|NC_071995.2_cds_XP_024112616.2_41002	4
lcl|NC_071995.2_cds_XP_024113172.2_41028	2
lcl|NC_071995.2_cds_NP_001360905.1_41031	2
lcl|NC_071995.2_cds_XP_024112721.1_41032	4
lcl|NC_071995.2_cds_XP_063567696.1_41050	4
lcl|NC_071995.2_cds_XP_002823597.1_41071	4
lcl|NC_071995.2_cds_NP_001127446.1_41075	2
lcl|NC_071995.2_cds_XP_063568278.1_41086	2
lcl|NC_071995.2_cds_XP_054383439.1_41126	2
lcl|NC_071995.2_cds_XP_024113063.2_41128	4
lcl|NC_071995.2_cds_XP_054383461.1_41162	3
lcl|NC_071995.2_cds_XP_024112984.2_41174	3
lcl|NC_071995.2_cds_XP_002823641.3_41202	2
lcl|NC_071995.2_cds_XP_024113282.2_41233	3
lcl|NC_071995.2_cds_XP_054383503.1_41292	2
lcl|NC_071995.2_cds_XP_054384128.1_41312	3
lcl|NC_071995.2_cds_XP_024111933.1_41331	4
lcl|NC_071995.2_cds_XP_024112991.1_41338	2
lcl|NC_071995.2_cds_XP_024112944.2_41345	3
lcl|NC_071995.2_cds_XP_054383517.1_41356	4
lcl|NC_071995.2_cds_XP_024112949.2_41366	4
lcl|NC_071995.2_cds_XP_054383527.1_41370	4
lcl|NC_071995.2_cds_XP_002823695.2_41388	4
lcl|NC_071995.2_cds_XP_024112527.2_41422	4
lcl|NC_071995.2_cds_NP_001359175.1_41469	3
lcl|NC_071995.2_cds_XP_003778156.1_41494	2
lcl|NC_071995.2_cds_XP_024113248.2_41528	2
lcl|NC_071995.2_cds_NP_001124858.1_41555	3
lcl|NC_071995.2_cds_XP_054383593.1_41568	4
lcl|NC_071995.2_cds_XP_024112956.2_41586	4
lcl|NC_071995.2_cds_XP_002823772.4_41591	4
lcl|NC_071995.2_cds_XP_063568317.1_41603	3
lcl|NC_071995.2_cds_XP_024113283.2_41638	2
lcl|NC_071995.2_cds_XP_024112208.2_41685	3
lcl|NC_071995.2_cds_XP_024113197.2_41739	2
lcl|NC_071995.2_cds_XP_054384238.1_41793	2
lcl|NC_071995.2_cds_XP_024112165.2_41803	4
lcl|NC_071995.2_cds_XP_002823808.1_41817	4
lcl|NC_071995.2_cds_XP_002823810.3_41820	4
lcl|NC_071995.2_cds_XP_002823815.3_41833	3
lcl|NC_071995.2_cds_XP_024112393.2_41846	2
lcl|NC_071995.2_cds_XP_024112461.1_41866	3
lcl|NC_071995.2_cds_XP_002823828.2_41875	2
lcl|NC_071995.2_cds_XP_024112184.1_41887	3
lcl|NC_071995.2_cds_XP_054383626.1_41906	4
lcl|NC_071995.2_cds_XP_054383629.1_41919	4
lcl|NC_071995.2_cds_XP_054383638.1_41953	4
lcl|NC_071995.2_cds_XP_063568334.1_41954	4
lcl|NC_071995.2_cds_XP_009246570.1_41968	3
lcl|NC_071995.2_cds_XP_024112712.2_41988	2
lcl|NC_071995.2_cds_XP_024112166.2_41993	3
lcl|NC_071995.2_cds_XP_054382434.1_41997	4
lcl|NC_071995.2_cds_XP_054384311.1_42081	2
lcl|NC_071995.2_cds_XP_054384313.1_42088	3
lcl|NC_071995.2_cds_XP_024111834.1_42095	4
lcl|NC_071995.2_cds_XP_024112548.1_42101	2
lcl|NC_071995.2_cds_XP_054384326.1_42143	4
lcl|NC_071995.2_cds_XP_063568023.1_42156	2
lcl|NC_071995.2_cds_NP_001125143.1_42165	2
lcl|NC_071995.2_cds_XP_063568346.1_42206	2
lcl|NC_071995.2_cds_XP_024112788.2_42219	2
lcl|NC_071995.2_cds_XP_024112624.2_42245	3
lcl|NC_071995.2_cds_XP_003778203.2_42285	4
lcl|NC_071995.2_cds_XP_054383667.1_42287	2
lcl|NC_071995.2_cds_XP_054383686.1_42363	2
lcl|NC_071995.2_cds_XP_024113141.2_42394	2
lcl|NC_071995.2_cds_XP_054383709.1_42401	4
lcl|NC_071995.2_cds_XP_009246675.3_42405	4
lcl|NC_071995.2_cds_XP_024113301.2_42418	4
lcl|NC_071995.2_cds_XP_024112526.1_42425	2
lcl|NC_071995.2_cds_XP_054383715.1_42429	4
lcl|NC_071995.2_cds_XP_024112150.2_42451	4
lcl|NC_071995.2_cds_XP_024112698.2_42454	2
lcl|NC_071995.2_cds_XP_024113052.2_42468	2
lcl|NC_071995.2_cds_XP_054384411.1_42473	2
lcl|NC_071995.2_cds_XP_054384434.1_42506	2
lcl|NC_071995.2_cds_XP_024112299.1_42523	3
lcl|NC_071995.2_cds_XP_024112446.1_42531	2
lcl|NC_071995.2_cds_XP_024113118.2_42537	2
lcl|NC_071995.2_cds_XP_024112532.1_42606	4
lcl|NC_071996.2_cds_XP_063568729.1_42632	4
lcl|NC_071996.2_cds_XP_024098768.2_42640	4
lcl|NC_071996.2_cds_XP_054405076.2_42700	4
lcl|NC_071996.2_cds_XP_024099301.2_42709	4
lcl|NC_071996.2_cds_XP_024099453.3_42716	4
lcl|NC_071996.2_cds_XP_024099176.3_42725	3
lcl|NC_071996.2_cds_XP_024099218.1_42729	3
lcl|NC_071996.2_cds_XP_002812412.2_42756	2
lcl|NC_071996.2_cds_XP_063568716.1_42766	4
lcl|NC_071996.2_cds_XP_054405161.2_42842	4
lcl|NC_071996.2_cds_XP_063568788.1_42850	3
lcl|NC_071996.2_cds_XP_024099487.3_42883	2
lcl|NC_071996.2_cds_XP_054405203.1_42907	2
lcl|NC_071996.2_cds_XP_002812458.3_42925	4
lcl|NC_071996.2_cds_XP_054405246.2_42988	4
lcl|NC_071996.2_cds_XP_054405282.1_43031	4
lcl|NC_071996.2_cds_XP_063568834.1_43032	3
lcl|NC_071996.2_cds_XP_054405283.1_43039	4
lcl|NC_071996.2_cds_XP_054404522.1_43055	4
lcl|NC_071996.2_cds_XP_024099033.2_43084	4
lcl|NC_071996.2_cds_XP_024099324.3_43092	4
lcl|NC_071996.2_cds_XP_024099585.3_43102	4
lcl|NC_071996.2_cds_XP_024098645.1_43115	2
lcl|NC_071996.2_cds_XP_054405322.2_43146	4
lcl|NC_071996.2_cds_XP_024099370.1_43171	4
lcl|NC_071996.2_cds_XP_063568872.1_43193	2
lcl|NC_071996.2_cds_XP_024098922.3_43196	4
lcl|NC_071996.2_cds_XP_054404849.2_43206	2
lcl|NC_071996.2_cds_XP_009235985.2_43224	2
lcl|NC_071996.2_cds_XP_002812541.5_43257	4
lcl|NC_071996.2_cds_XP_054404873.1_43280	4
lcl|NC_071996.2_cds_XP_024099104.3_43297	4
lcl|NC_071996.2_cds_XP_054404904.2_43327	3
lcl|NC_071996.2_cds_XP_002812561.4_43364	2
lcl|NC_071996.2_cds_XP_024098730.3_43367	2
lcl|NC_071996.2_cds_XP_063568904.1_43404	3
lcl|NC_071996.2_cds_XP_024099252.3_43419	4
lcl|NC_071996.2_cds_XP_054405373.2_43432	4
lcl|NC_071996.2_cds_XP_009236060.2_43441	2
lcl|NC_071996.2_cds_XP_054405387.1_43447	4
lcl|NC_071996.2_cds_XP_054405397.2_43455	4
lcl|NC_071996.2_cds_XP_024099468.3_43469	2
lcl|NC_071996.2_cds_XP_009236064.1_43473	4
lcl|NC_071996.2_cds_XP_024099146.3_43478	4
lcl|NC_071996.2_cds_XP_063568916.1_43485	4
lcl|NC_071996.2_cds_XP_063568917.1_43487	2
lcl|NC_071996.2_cds_XP_054405430.2_43509	4
lcl|NC_071996.2_cds_XP_054405431.2_43515	4
lcl|NC_071996.2_cds_XP_024098817.3_43576	2
lcl|NC_071996.2_cds_XP_063568934.1_43579	4
lcl|NC_071996.2_cds_XP_024098928.1_43630	2
lcl|NC_071996.2_cds_XP_054404797.1_43635	3
lcl|NC_071996.2_cds_NP_001125971.1_43665	4
lcl|NC_071996.2_cds_XP_054405512.1_43740	3
lcl|NC_071996.2_cds_XP_054405517.1_43749	4
lcl|NC_071996.2_cds_XP_063568970.1_43800	4
lcl|NC_071996.2_cds_XP_054405534.1_43801	3
lcl|NC_071996.2_cds_NP_001125780.1_43814	4
lcl|NC_071996.2_cds_XP_002812692.1_43818	2
lcl|NC_071996.2_cds_NP_001361162.1_43824	2
lcl|NC_071996.2_cds_XP_054405541.1_43852	2
lcl|NC_071996.2_cds_XP_009236164.3_43861	4
lcl|NC_071996.2_cds_XP_054405547.1_43862	4
lcl|NC_071996.2_cds_XP_024099080.2_43865	3
lcl|NC_071996.2_cds_XP_024098995.1_43912	3
lcl|NC_071996.2_cds_XP_002812712.1_43913	2
lcl|NC_071996.2_cds_XP_024099496.2_43921	2
lcl|NC_071996.2_cds_XP_054404630.1_43942	2
lcl|NC_071996.2_cds_XP_024099028.2_44027	4
lcl|NC_071996.2_cds_XP_024099101.2_44053	3
lcl|NC_071996.2_cds_XP_054405575.1_44055	4
lcl|NC_071996.2_cds_XP_024099641.2_44064	3
lcl|NC_071996.2_cds_NP_001127553.1_44094	3
lcl|NC_071996.2_cds_XP_054405592.2_44098	2
lcl|NC_071996.2_cds_XP_054405595.1_44110	2
lcl|NC_071996.2_cds_XP_024098960.2_44114	3
lcl|NC_071996.2_cds_XP_024099689.1_44133	2
lcl|NC_071996.2_cds_XP_024099407.2_44155	4
lcl|NC_071996.2_cds_NP_001125740.1_44157	4
lcl|NC_071996.2_cds_NP_001126964.1_44234	3
lcl|NC_071996.2_cds_XP_054405627.1_44243	2
lcl|NC_071996.2_cds_XP_024099001.1_44253	3
lcl|NC_071996.2_cds_XP_054405643.1_44259	4
lcl|NC_071996.2_cds_XP_002812799.1_44267	3
lcl|NC_071996.2_cds_XP_054405004.1_44304	3
lcl|NC_071996.2_cds_XP_054405011.1_44372	3
lcl|NC_071996.2_cds_XP_024099063.2_44387	3
lcl|NC_071996.2_cds_XP_063569057.1_44398	4
lcl|NC_071996.2_cds_XP_054405649.1_44403	4
lcl|NC_071996.2_cds_XP_024099633.2_44423	3
lcl|NC_071996.2_cds_XP_054405688.1_44523	3
lcl|NC_071996.2_cds_XP_054405700.1_44544	4
lcl|NC_071996.2_cds_XP_054405751.1_44594	4
lcl|NC_071996.2_cds_XP_002812850.2_44607	2
lcl|NC_071996.2_cds_XP_024099518.1_44626	3
lcl|NC_071996.2_cds_XP_024099346.2_44655	4
lcl|NC_071996.2_cds_XP_009236347.3_44676	3
lcl|NC_071996.2_cds_XP_002812877.2_44690	4
lcl|NC_071996.2_cds_XP_024098883.3_44715	4
lcl|NC_071996.2_cds_XP_002812896.2_44759	3
lcl|NC_071996.2_cds_XP_063569123.1_44761	4
lcl|NC_071996.2_cds_XP_024098824.2_44784	3
lcl|NC_071996.2_cds_NP_001125715.2_44802	3
lcl|NC_071996.2_cds_XP_024099464.2_44806	3
lcl|NC_071996.2_cds_XP_054405827.1_44814	4
lcl|NC_071996.2_cds_XP_002812920.1_44836	3
lcl|NC_071996.2_cds_XP_024098774.1_44837	3
lcl|NC_071996.2_cds_XP_024098709.2_44881	3
lcl|NC_071996.2_cds_XP_024099552.2_44897	2
lcl|NC_071996.2_cds_XP_024099557.2_44916	2
lcl|NC_071996.2_cds_XP_024099597.1_44922	3
lcl|NC_071996.2_cds_XP_024098694.1_44929	3
lcl|NC_071996.2_cds_XP_024099272.2_44934	4
lcl|NC_071996.2_cds_XP_024098977.2_44979	4
lcl|NC_071996.2_cds_XP_002812977.2_44982	3
lcl|NC_071996.2_cds_XP_054405884.1_45002	4
lcl|NC_071996.2_cds_XP_024098890.2_45005	4
lcl|NC_071996.2_cds_XP_054405893.1_45059	4
lcl|NC_071996.2_cds_XP_024098837.1_45118	3
lcl|NC_071996.2_cds_XP_054405922.1_45135	4
lcl|NC_071996.2_cds_XP_054404460.1_45151	4
lcl|NC_071996.2_cds_NP_001126695.1_45181	3
lcl|NC_071996.2_cds_XP_054404705.1_45183	4
lcl|NC_071996.2_cds_XP_063569193.1_45235	4
lcl|NC_071996.2_cds_XP_009236507.2_45257	2
lcl|NC_071996.2_cds_XP_054405983.1_45284	4
lcl|NC_071996.2_cds_XP_024099387.1_45290	2
lcl|NC_071996.2_cds_XP_063569202.1_45292	2
lcl|NC_071996.2_cds_XP_054405986.1_45311	4
lcl|NC_071996.2_cds_XP_024099163.1_45315	4
lcl|NC_071996.2_cds_XP_009236536.3_45319	4
lcl|NC_071996.2_cds_XP_054405989.1_45338	2
lcl|NC_071996.2_cds_XP_009236553.3_45355	4
lcl|NC_071996.2_cds_XP_009236555.3_45373	4
lcl|NC_071996.2_cds_XP_054406009.1_45389	2
lcl|NC_071996.2_cds_XP_054406036.1_45434	2
lcl|NC_071996.2_cds_XP_024099363.2_45446	2
lcl|NC_071996.2_cds_XP_024099654.2_45461	4
lcl|NC_071996.2_cds_XP_054406066.1_45488	2
lcl|NC_071996.2_cds_XP_054406079.1_45512	3
lcl|NC_071996.2_cds_XP_054406104.1_45542	4
lcl|NC_071996.2_cds_XP_024099367.2_45546	2
lcl|NC_071996.2_cds_XP_024099516.2_45548	4
lcl|NC_071996.2_cds_XP_054406109.1_45557	4
lcl|NC_071996.2_cds_XP_063568636.1_45572	4
lcl|NC_071996.2_cds_XP_054406112.1_45587	4
lcl|NC_071996.2_cds_XP_054406141.1_45620	2
lcl|NC_071996.2_cds_XP_054406142.1_45623	4
lcl|NC_071997.2_cds_XP_024098461.2_45655	4
lcl|NC_071997.2_cds_XP_054402966.1_45667	2
lcl|NC_071997.2_cds_XP_054402979.1_45670	4
lcl|NC_071997.2_cds_XP_063569364.1_45696	2
lcl|NC_071997.2_cds_XP_054403086.1_45722	2
lcl|NC_071997.2_cds_XP_054403101.1_45739	4
lcl|NC_071997.2_cds_XP_054403102.1_45741	4
lcl|NC_071997.2_cds_NP_001124556.2_45765	3
lcl|NC_071997.2_cds_XP_063569395.1_45780	2
lcl|NC_071997.2_cds_XP_054403120.1_45799	3
lcl|NC_071997.2_cds_XP_024097905.2_45814	4
lcl|NC_071997.2_cds_XP_063569584.1_45859	3
lcl|NC_071997.2_cds_XP_024098295.2_45885	2
lcl|NC_071997.2_cds_XP_024098122.2_45888	4
lcl|NC_071997.2_cds_XP_054403206.1_45892	3
lcl|NC_071997.2_cds_XP_024098236.2_45910	2
lcl|NC_071997.2_cds_XP_024098034.1_45917	2
lcl|NC_071997.2_cds_XP_054403219.1_45976	2
lcl|NC_071997.2_cds_XP_054403224.1_45979	4
lcl|NC_071997.2_cds_XP_054403261.1_46014	4
lcl|NC_071997.2_cds_XP_054403214.1_46029	2
lcl|NC_071997.2_cds_XP_024098506.1_46032	3
lcl|NC_071997.2_cds_XP_024097727.1_46046	4
lcl|NC_071997.2_cds_XP_054403786.1_46058	4
lcl|NC_071997.2_cds_XP_024098006.2_46089	2
lcl|NC_071997.2_cds_XP_063569458.1_46096	2
lcl|NC_071997.2_cds_XP_054403329.1_46128	3
lcl|NC_071997.2_cds_XP_024098458.2_46211	4
lcl|NC_071997.2_cds_XP_054403830.1_46240	2
lcl|NC_071997.2_cds_XP_063569612.1_46263	2
lcl|NC_071997.2_cds_XP_054403870.1_46282	2
lcl|NC_071997.2_cds_XP_024098492.1_46305	2
lcl|NC_071997.2_cds_XP_002811811.2_46340	4
lcl|NC_071997.2_cds_XP_063569631.1_46362	3
lcl|NC_071997.2_cds_XP_054401337.1_46365	2
lcl|NC_071997.2_cds_XP_024098570.2_46374	4
lcl|NC_071997.2_cds_XP_054403908.1_46375	4
lcl|NC_071997.2_cds_NP_001128800.1_46381	3
lcl|NC_071997.2_cds_XP_054403918.1_46405	3
lcl|NC_071997.2_cds_XP_002811851.3_46456	2
lcl|NC_071997.2_cds_XP_024098267.2_46484	2
lcl|NC_071997.2_cds_XP_024097757.2_46498	4
lcl|NC_071997.2_cds_XP_024098032.2_46576	4
lcl|NC_071997.2_cds_XP_054402390.1_46582	3
lcl|NC_071997.2_cds_XP_024098325.1_46621	3
lcl|NC_071997.2_cds_XP_009235434.2_46663	3
lcl|NC_071997.2_cds_XP_054402629.1_46693	3
lcl|NC_071997.2_cds_XP_054404002.1_46705	4
lcl|NC_071997.2_cds_XP_002811944.5_46716	3
lcl|NC_071997.2_cds_XP_054404021.1_46734	3
lcl|NC_071997.2_cds_XP_054404026.1_46751	3
lcl|NC_071997.2_cds_XP_024097939.1_46759	2
lcl|NC_071997.2_cds_XP_054402638.1_46764	3
lcl|NC_071997.2_cds_XP_054402635.1_46798	3
lcl|NC_071997.2_cds_XP_054404042.1_46801	3
lcl|NC_071997.2_cds_XP_009235487.2_46915	4
lcl|NC_071997.2_cds_XP_054404102.1_46983	2
lcl|NC_071997.2_cds_XP_054404110.1_47013	2
lcl|NC_071997.2_cds_XP_024098510.1_47019	2
lcl|NC_071997.2_cds_XP_054403442.1_47088	2
lcl|NC_071997.2_cds_XP_054403485.1_47114	2
lcl|NC_071997.2_cds_XP_054403489.1_47123	3
lcl|NC_071997.2_cds_XP_024098515.1_47174	2
lcl|NC_071997.2_cds_NP_001360808.1_47224	3
lcl|NC_071997.2_cds_XP_009235566.1_47261	2
lcl|NC_071997.2_cds_XP_054402273.1_47293	2
lcl|NC_071997.2_cds_XP_054403519.1_47307	4
lcl|NC_071997.2_cds_XP_024098476.1_47309	4
lcl|NC_071997.2_cds_XP_002812082.1_47326	2
lcl|NC_071997.2_cds_XP_054404170.1_47350	2
lcl|NC_071997.2_cds_XP_009235601.1_47419	2
lcl|NC_071997.2_cds_XP_002812092.3_47424	3
lcl|NC_071997.2_cds_XP_054404186.1_47426	2
lcl|NC_071997.2_cds_XP_024098465.1_47442	2
lcl|NC_071997.2_cds_XP_063569779.1_47490	3
lcl|NC_071997.2_cds_NP_001127248.1_47493	2
lcl|NC_071997.2_cds_XP_063569784.1_47522	2
lcl|NC_071997.2_cds_XP_024098090.2_47526	4
lcl|NC_071997.2_cds_XP_054403586.1_47555	4
lcl|NC_071997.2_cds_XP_054401955.1_47560	3
lcl|NC_071997.2_cds_XP_009235642.1_47597	2
lcl|NC_071997.2_cds_XP_024098134.1_47606	2
lcl|NC_071997.2_cds_XP_024098565.1_47610	2
lcl|NC_071997.2_cds_XP_024098494.2_47614	3
lcl|NC_071997.2_cds_XP_024097784.1_47671	3
lcl|NC_071997.2_cds_XP_002812169.2_47681	2
lcl|NC_071997.2_cds_XP_024098427.1_47693	3
lcl|NC_071997.2_cds_XP_024097803.2_47715	4
lcl|NC_071997.2_cds_XP_024097978.1_47733	2
lcl|NC_071997.2_cds_NP_001127328.1_47746	2
lcl|NC_071997.2_cds_XP_024097922.1_47765	2
lcl|NC_071997.2_cds_XP_024097940.3_47771	4
lcl|NC_071997.2_cds_XP_063569568.1_47795	3
lcl|NC_071997.2_cds_XP_024098096.2_47818	4
lcl|NC_071997.2_cds_XP_002812206.3_47830	4
lcl|NC_071997.2_cds_XP_054403659.1_47831	4
lcl|NC_071997.2_cds_XP_054403661.1_47842	4
lcl|NC_071997.2_cds_XP_054403669.1_47874	4
lcl|NC_071997.2_cds_XP_054403675.1_47886	3
lcl|NC_071997.2_cds_XP_024097753.1_47909	3
lcl|NC_071997.2_cds_XP_054403695.1_47934	3
lcl|NC_071997.2_cds_XP_002812243.1_47965	3
lcl|NC_071997.2_cds_XP_002812245.1_47967	3
lcl|NC_071997.2_cds_XP_024098152.2_47988	3
lcl|NC_071997.2_cds_XP_009235744.2_47994	4
lcl|NC_071997.2_cds_XP_024098084.2_48000	2
lcl|NC_071997.2_cds_XP_024098078.1_48008	4
lcl|NC_071997.2_cds_XP_024098136.1_48036	2
lcl|NC_071997.2_cds_XP_024098015.2_48058	4
lcl|NC_071997.2_cds_XP_054404269.1_48068	4
lcl|NC_071997.2_cds_XP_054404279.1_48077	3
lcl|NC_071997.2_cds_XP_054404305.1_48139	3
lcl|NC_071997.2_cds_XP_009235777.3_48144	4
lcl|NC_071997.2_cds_XP_054404311.1_48146	2
lcl|NC_071997.2_cds_XP_024098385.2_48147	4
lcl|NC_071997.2_cds_XP_054404313.1_48156	3
lcl|NC_071997.2_cds_XP_054404327.1_48194	2
lcl|NC_071997.2_cds_XP_054404338.1_48216	4
lcl|NC_071997.2_cds_XP_054404336.1_48222	2
lcl|NC_071997.2_cds_XP_002812318.3_48228	2
lcl|NC_071997.2_cds_XP_024097899.2_48237	3
lcl|NC_071997.2_cds_XP_054404346.1_48247	4
lcl|NC_071997.2_cds_XP_054404360.1_48267	2
lcl|NC_071997.2_cds_XP_002812333.1_48280	2
lcl|NC_071997.2_cds_XP_024098160.1_48343	2
lcl|NC_071997.2_cds_XP_054404386.1_48356	2
lcl|NC_071997.2_cds_XP_054404421.1_48428	2
lcl|NC_071997.2_cds_XP_024097933.2_48439	2
lcl|NC_071997.2_cds_XP_063569876.1_48442	4
lcl|NC_071998.2_cds_XP_063570201.1_48498	4
lcl|NC_071998.2_cds_XP_054375636.1_48499	4
lcl|NC_071998.2_cds_XP_054375639.1_48505	2
lcl|NC_071998.2_cds_XP_024108389.2_48507	2
lcl|NC_071998.2_cds_XP_054375647.2_48508	4
lcl|NC_071998.2_cds_XP_054375650.2_48509	4
lcl|NC_071998.2_cds_XP_063570204.1_48514	2
lcl|NC_071998.2_cds_XP_063570209.1_48516	2
lcl|NC_071998.2_cds_XP_002819650.4_48539	4
lcl|NC_071998.2_cds_XP_002819653.5_48541	3
lcl|NC_071998.2_cds_XP_054375308.2_48596	3
lcl|NC_071998.2_cds_XP_024108325.3_48612	2
lcl|NC_071998.2_cds_XP_054376917.2_48626	3
lcl|NC_071998.2_cds_XP_024108458.2_48647	3
lcl|NC_071998.2_cds_XP_002819683.2_48653	3
lcl|NC_071998.2_cds_XP_002819691.2_48657	3
lcl|NC_071998.2_cds_NP_001127352.2_48682	3
lcl|NC_071998.2_cds_XP_054375382.2_48687	3
lcl|NC_071998.2_cds_XP_009242579.2_48714	3
lcl|NC_071998.2_cds_XP_009242590.4_48737	4
lcl|NC_071998.2_cds_XP_002819707.3_48751	4
lcl|NC_071998.2_cds_XP_002819709.4_48752	4
lcl|NC_071998.2_cds_XP_024107743.3_48829	4
lcl|NC_071998.2_cds_XP_063570221.1_48843	3
lcl|NC_071998.2_cds_XP_054375714.2_48880	3
lcl|NC_071998.2_cds_XP_024108029.2_48896	3
lcl|NC_071998.2_cds_XP_002819759.4_48930	3
lcl|NC_071998.2_cds_XP_002819762.3_48933	3
lcl|NC_071998.2_cds_XP_002819761.2_48935	2
lcl|NC_071998.2_cds_NP_001126764.1_48937	3
lcl|NC_071998.2_cds_XP_024107566.1_48952	4
lcl|NC_071998.2_cds_XP_063570253.1_49024	3
lcl|NC_071998.2_cds_XP_024107684.1_49057	3
lcl|NC_071998.2_cds_XP_024107645.2_49068	2
lcl|NC_071998.2_cds_XP_054377020.2_49076	4
lcl|NC_071998.2_cds_XP_024108472.3_49088	2
lcl|NC_071998.2_cds_XP_063570261.1_49107	4
lcl|NC_071998.2_cds_XP_054375803.2_49124	2
lcl|NC_071998.2_cds_XP_054375823.2_49156	4
lcl|NC_071998.2_cds_XP_024107941.1_49195	2
lcl|NC_071998.2_cds_XP_054375877.1_49237	4
lcl|NC_071998.2_cds_XP_054375912.1_49274	3
lcl|NC_071998.2_cds_XP_002819850.1_49301	3
lcl|NC_071998.2_cds_XP_002819851.1_49304	2
lcl|NC_071998.2_cds_XP_009242735.3_49308	2
lcl|NC_071998.2_cds_XP_024107731.2_49311	3
lcl|NC_071998.2_cds_NP_001125600.1_49333	2
lcl|NC_071998.2_cds_XP_054375956.2_49351	4
lcl|NC_071998.2_cds_XP_054375973.2_49359	4
lcl|NC_071998.2_cds_XP_054375974.2_49376	4
lcl|NC_071998.2_cds_XP_024107452.1_49380	2
lcl|NC_071998.2_cds_XP_063569985.1_49411	4
lcl|NC_071998.2_cds_XP_024108328.3_49416	4
lcl|NC_071998.2_cds_XP_063570306.1_49437	2
lcl|NC_071998.2_cds_XP_024108656.3_49449	2
lcl|NC_071998.2_cds_XP_024108357.2_49466	2
lcl|NC_071998.2_cds_XP_024107817.3_49479	4
lcl|NC_071998.2_cds_XP_002819908.3_49486	4
lcl|NC_071998.2_cds_XP_024108070.3_49516	4
lcl|NC_071998.2_cds_XP_063570317.1_49536	4
lcl|NC_071998.2_cds_XP_054375475.2_49557	4
lcl|NC_071998.2_cds_XP_054376044.2_49565	2
lcl|NC_071998.2_cds_XP_054376064.1_49602	4
lcl|NC_071998.2_cds_XP_054376065.1_49603	4
lcl|NC_071998.2_cds_XP_054376070.2_49626	3
lcl|NC_071998.2_cds_XP_024107864.3_49648	2
lcl|NC_071998.2_cds_XP_024108356.2_49653	3
lcl|NC_071998.2_cds_XP_054376128.2_49694	4
lcl|NC_071998.2_cds_XP_002819968.4_49707	4
lcl|NC_071998.2_cds_XP_054377040.1_49734	2
lcl|NC_071998.2_cds_XP_009242899.3_49749	2
lcl|NC_071998.2_cds_XP_054377041.2_49759	4
lcl|NC_071998.2_cds_XP_024108466.1_49769	2
lcl|NC_071998.2_cds_XP_024107772.1_49787	4
lcl|NC_071998.2_cds_NP_001361179.1_49813	2
lcl|NC_071998.2_cds_XP_024108366.3_49858	4
lcl|NC_071998.2_cds_XP_024107624.3_49861	4
lcl|NC_071998.2_cds_XP_054376223.2_49899	2
lcl|NC_071998.2_cds_XP_024107690.1_49914	2
lcl|NC_071998.2_cds_XP_024108399.3_49919	4
lcl|NC_071998.2_cds_XP_009242925.3_49937	4
lcl|NC_071998.2_cds_XP_063570363.1_49942	4
lcl|NC_071998.2_cds_XP_024108524.3_49968	4
lcl|NC_071998.2_cds_XP_024108181.3_49973	4
lcl|NC_071998.2_cds_XP_063570395.1_50029	4
lcl|NC_071998.2_cds_NP_001127391.1_50040	2
lcl|NC_071998.2_cds_XP_024108367.3_50072	3
lcl|NC_071998.2_cds_XP_024108513.1_50074	4
lcl|NC_071998.2_cds_XP_024108248.1_50080	2
lcl|NC_071998.2_cds_XP_002820073.4_50085	4
lcl|NC_071998.2_cds_XP_002820084.3_50102	4
lcl|NC_071998.2_cds_NP_001125045.1_50108	3
lcl|NC_071998.2_cds_XP_054376354.1_50133	3
lcl|NC_071998.2_cds_XP_009242981.4_50138	4
lcl|NC_071998.2_cds_XP_024108272.3_50145	3
lcl|NC_071998.2_cds_XP_054376368.2_50166	3
lcl|NC_071998.2_cds_XP_063570404.1_50193	4
lcl|NC_071998.2_cds_NP_001360858.1_50217	3
lcl|NC_071998.2_cds_XP_002820124.6_50223	2
lcl|NC_071998.2_cds_XP_024108567.2_50226	2
lcl|NC_071998.2_cds_NP_001360871.1_50230	2
lcl|NC_071998.2_cds_XP_054375555.2_50234	4
lcl|NC_071998.2_cds_XP_054376395.2_50262	4
lcl|NC_071998.2_cds_XP_054376415.1_50264	4
lcl|NC_071998.2_cds_XP_009243020.3_50284	2
lcl|NC_071998.2_cds_XP_054376418.1_50295	4
lcl|NC_071998.2_cds_XP_009243041.2_50335	3
lcl|NC_071998.2_cds_XP_002820174.2_50367	4
lcl|NC_071998.2_cds_XP_024108292.2_50406	2
lcl|NC_071998.2_cds_XP_024108197.3_50435	4
lcl|NC_071998.2_cds_XP_024107837.3_50441	4
lcl|NC_071998.2_cds_XP_054376491.2_50451	2
lcl|NC_071998.2_cds_XP_009243065.4_50479	4
lcl|NC_071998.2_cds_XP_024107878.3_50481	4
lcl|NC_071998.2_cds_XP_054376510.2_50482	2
lcl|NC_071998.2_cds_XP_002820202.4_50505	4
lcl|NC_071998.2_cds_XP_024108622.3_50525	4
lcl|NC_071998.2_cds_XP_054376526.2_50529	4
lcl|NC_071998.2_cds_XP_054377047.1_50556	2
lcl|NC_071998.2_cds_XP_024108203.1_50628	3
lcl|NC_071998.2_cds_XP_024107500.1_50639	3
lcl|NC_071998.2_cds_XP_024108071.3_50661	3
lcl|NC_071998.2_cds_XP_063570484.1_50666	4
lcl|NC_071998.2_cds_XP_054376559.2_50694	3
lcl|NC_071998.2_cds_XP_054376596.2_50745	4
lcl|NC_071998.2_cds_XP_024108048.3_50813	4
lcl|NC_071998.2_cds_XP_002820283.2_50848	4
lcl|NC_071998.2_cds_XP_054376652.1_50864	3
lcl|NC_071998.2_cds_XP_009243164.4_50940	4
lcl|NC_071998.2_cds_XP_054377114.1_50967	2
lcl|NC_071998.2_cds_XP_009243176.4_50978	3
lcl|NC_071998.2_cds_XP_009243181.4_50999	2
lcl|NC_071998.2_cds_XP_054377126.1_51024	3
lcl|NC_071998.2_cds_XP_054377127.2_51041	3
lcl|NC_071998.2_cds_XP_054377132.2_51069	3
lcl|NC_071998.2_cds_XP_002820329.2_51107	3
lcl|NC_071998.2_cds_NP_001126647.1_51165	2
lcl|NC_071998.2_cds_XP_054376688.1_51195	3
lcl|NC_071998.2_cds_XP_024107872.2_51206	4
lcl|NC_071998.2_cds_XP_002820355.3_51212	4
lcl|NC_071998.2_cds_XP_054376691.1_51214	3
lcl|NC_071998.2_cds_XP_054376701.2_51232	3
lcl|NC_071998.2_cds_XP_054376718.2_51281	4
lcl|NC_071998.2_cds_XP_063570570.1_51302	3
lcl|NC_071998.2_cds_XP_002820363.6_51307	3
lcl|NC_071998.2_cds_XP_024107446.1_51345	3
lcl|NC_071998.2_cds_XP_024108061.2_51359	4
lcl|NC_071998.2_cds_XP_054376775.1_51415	3
lcl|NC_071998.2_cds_XP_002820396.4_51432	4
lcl|NC_071998.2_cds_XP_054375316.1_51453	4
lcl|NC_071998.2_cds_XP_024107613.3_51469	4
lcl|NC_071998.2_cds_XP_009243288.3_51478	2
lcl|NC_071998.2_cds_XP_063570601.1_51510	2
lcl|NC_071998.2_cds_XP_054376871.2_51517	2
lcl|NC_071998.2_cds_XP_054376887.2_51553	4
lcl|NC_071998.2_cds_XP_063570644.1_51573	4
lcl|NC_071998.2_cds_XP_024107750.3_51601	2
lcl|NC_071998.2_cds_XP_024108478.3_51609	2
lcl|NC_071998.2_cds_XP_024108562.1_51640	2
lcl|NC_071998.2_cds_XP_063570179.1_51644	3
lcl|NC_071998.2_cds_XP_024108109.1_51672	2
lcl|NC_071998.2_cds_XP_054377232.1_51694	2
lcl|NC_071998.2_cds_XP_024108123.1_51699	2
lcl|NC_071998.2_cds_XP_063570656.1_51723	2
lcl|NC_071998.2_cds_XP_054377294.1_51772	4
lcl|NC_071998.2_cds_XP_054376903.1_51789	2
lcl|NC_071999.2_cds_XP_054385334.2_51819	1
lcl|NC_071999.2_cds_NP_001127262.1_51839	2
lcl|NC_071999.2_cds_NP_001127246.1_51857	3
lcl|NC_071999.2_cds_XP_054384743.1_51877	4
lcl|NC_071999.2_cds_XP_054384768.1_51919	2
lcl|NC_071999.2_cds_XP_009246752.3_51923	2
lcl|NC_071999.2_cds_XP_054402056.1_51943	1
lcl|NC_071999.2_cds_XP_054385355.2_51965	2
lcl|NC_071999.2_cds_XP_054385362.2_51975	4
lcl|NC_071999.2_cds_XP_063570885.1_52026	3
lcl|NC_071999.2_cds_XP_054385430.1_52027	2
lcl|NC_071999.2_cds_XP_063570826.1_52042	4
lcl|NC_071999.2_cds_XP_054385493.2_52060	4
lcl|NC_071999.2_cds_XP_054385415.1_52061	2
lcl|NC_071999.2_cds_XP_054385442.1_52084	2
lcl|NC_071999.2_cds_XP_063570751.1_52096	4
lcl|NC_071999.2_cds_XP_054384797.1_52131	2
lcl|NC_071999.2_cds_XP_024086677.3_52202	4
lcl|NC_071999.2_cds_XP_024086664.2_52204	3
lcl|NC_071999.2_cds_XP_024086675.1_52209	4
lcl|NC_071999.2_cds_XP_024113350.2_52218	3
lcl|NC_071999.2_cds_XP_024086541.3_52239	2
lcl|NC_071999.2_cds_NP_001126639.1_52265	2
lcl|NC_071999.2_cds_XP_054384857.1_52273	4
lcl|NC_071999.2_cds_XP_024086835.3_52278	2
lcl|NC_071999.2_cds_NP_001361210.1_52286	2
lcl|NC_071999.2_cds_XP_054384864.1_52298	3
lcl|NC_071999.2_cds_XP_024086695.3_52315	2
lcl|NC_071999.2_cds_XP_024086607.3_52318	2
lcl|NC_071999.2_cds_XP_054384878.2_52329	3
lcl|NC_071999.2_cds_XP_054384706.1_52403	3
lcl|NC_071999.2_cds_XP_002824225.1_52441	4
lcl|NC_071999.2_cds_XP_054384907.1_52445	4
lcl|NC_071999.2_cds_XP_024086666.3_52449	2
lcl|NC_071999.2_cds_XP_002824239.1_52453	2
lcl|NC_071999.2_cds_XP_054384915.1_52481	2
lcl|NC_071999.2_cds_XP_024086681.3_52486	2
lcl|NC_071999.2_cds_XP_054384925.1_52487	2
lcl|NC_071999.2_cds_XP_002824265.2_52497	3
lcl|NC_071999.2_cds_NP_001126956.1_52546	3
lcl|NC_071999.2_cds_XP_024086623.2_52585	3
lcl|NC_071999.2_cds_XP_024086805.3_52623	2
lcl|NC_071999.2_cds_XP_002824310.2_52650	2
lcl|NC_071999.2_cds_XP_024113358.3_52669	2
lcl|NC_071999.2_cds_XP_024113471.1_52740	2
lcl|NC_071999.2_cds_XP_054385034.2_52753	4
lcl|NC_071999.2_cds_XP_063570719.1_52761	4
lcl|NC_071999.2_cds_NP_001126283.1_52789	4
lcl|NC_071999.2_cds_XP_002824355.1_52804	2
lcl|NC_071999.2_cds_XP_054385054.1_52826	2
lcl|NC_071999.2_cds_NP_001361140.1_52832	2
lcl|NC_071999.2_cds_XP_024086700.3_52850	4
lcl|NC_071999.2_cds_XP_024086682.1_52855	4
lcl|NC_071999.2_cds_XP_003778263.3_52867	2
lcl|NC_071999.2_cds_XP_054385088.1_52908	2
lcl|NC_071999.2_cds_XP_054385103.2_52933	4
lcl|NC_071999.2_cds_XP_054385110.1_52993	2
lcl|NC_071999.2_cds_XP_063570901.1_52998	4
lcl|NC_071999.2_cds_XP_024113361.1_53061	3
lcl|NC_071999.2_cds_XP_002824398.3_53075	4
lcl|NC_071999.2_cds_XP_009246995.3_53076	2
lcl|NC_071999.2_cds_XP_024086760.2_53108	2
lcl|NC_071999.2_cds_XP_024086603.1_53128	2
lcl|NC_071999.2_cds_XP_024086766.1_53132	2
lcl|NC_071999.2_cds_XP_054385140.1_53153	2
lcl|NC_071999.2_cds_XP_054384650.1_53158	2
lcl|NC_071999.2_cds_XP_054384538.1_53188	2
lcl|NC_071999.2_cds_XP_024086829.1_53246	2
lcl|NC_071999.2_cds_XP_054384644.1_53255	2
lcl|NC_071999.2_cds_XP_009247041.2_53263	4
lcl|NC_071999.2_cds_XP_063571093.1_53289	2
lcl|NC_071999.2_cds_XP_024113400.1_53304	3
lcl|NC_071999.2_cds_XP_024086652.2_53314	2
lcl|NC_071999.2_cds_XP_024086711.3_53324	2
lcl|NC_071999.2_cds_XP_024086740.3_53325	4
lcl|NC_071999.2_cds_XP_024086739.1_53326	4
lcl|NC_071999.2_cds_XP_054385227.1_53360	2
lcl|NC_071999.2_cds_NP_001361084.1_53402	2
lcl|NC_071999.2_cds_XP_024086816.3_53403	2
lcl|NC_071999.2_cds_XP_054385247.2_53413	2
lcl|NC_071999.2_cds_XP_054385274.2_53447	2
lcl|NC_071999.2_cds_XP_054385293.1_53488	2
lcl|NC_072000.2_cds_XP_063571427.1_53567	4
lcl|NC_072000.2_cds_XP_063571477.1_53581	4
lcl|NC_072000.2_cds_XP_063571500.1_53621	3
lcl|NC_072000.2_cds_XP_063571524.1_53678	3
lcl|NC_072000.2_cds_XP_063571577.1_53717	4
lcl|NC_072000.2_cds_XP_063571568.1_53724	3
lcl|NC_072000.2_cds_XP_063571542.1_53741	3
lcl|NC_072000.2_cds_XP_063571569.1_53753	3
lcl|NC_072000.2_cds_XP_024087283.2_53862	3
lcl|NC_072000.2_cds_XP_024087214.3_53907	3
lcl|NC_072000.2_cds_XP_024087215.1_53908	3
lcl|NC_072000.2_cds_XP_063571601.1_53912	3
lcl|NC_072000.2_cds_XP_009234456.3_53916	3
lcl|NC_072000.2_cds_XP_054385872.1_53931	4
lcl|NC_072000.2_cds_XP_024087178.2_53973	3
lcl|NC_072000.2_cds_XP_009247220.2_53990	3
lcl|NC_072000.2_cds_XP_009247256.3_54033	3
lcl|NC_072000.2_cds_XP_054385908.2_54036	3
lcl|NC_072000.2_cds_XP_002824664.4_54042	3
lcl|NC_072000.2_cds_XP_063571619.1_54079	2
lcl|NC_072000.2_cds_XP_024087369.1_54114	2
lcl|NC_072000.2_cds_XP_063571887.1_54134	3
lcl|NC_072000.2_cds_XP_002824702.2_54144	2
lcl|NC_072000.2_cds_XP_054385963.2_54151	3
lcl|NC_072000.2_cds_XP_054385968.1_54157	2
lcl|NC_072000.2_cds_XP_054385986.1_54183	2
lcl|NC_072000.2_cds_XP_054386005.1_54218	3
lcl|NC_072000.2_cds_XP_054386032.2_54260	2
lcl|NC_072000.2_cds_NP_001128150.1_54271	2
lcl|NC_072000.2_cds_XP_024087548.3_54298	3
lcl|NC_072000.2_cds_XP_054386040.1_54307	3
lcl|NC_072000.2_cds_XP_024087786.2_54321	2
lcl|NC_072000.2_cds_XP_024087691.2_54324	2
lcl|NC_072000.2_cds_XP_024087422.3_54330	2
lcl|NC_072000.2_cds_XP_003778340.4_54344	2
lcl|NC_072000.2_cds_XP_063571906.1_54355	2
lcl|NC_072000.2_cds_XP_002824770.1_54366	2
lcl|NC_072000.2_cds_XP_054386629.1_54394	2
lcl|NC_072000.2_cds_XP_054386621.1_54406	2
lcl|NC_072000.2_cds_XP_002824778.1_54414	4
lcl|NC_072000.2_cds_XP_063571644.1_54419	2
lcl|NC_072000.2_cds_XP_063571914.1_54448	4
lcl|NC_072000.2_cds_XP_024087695.3_54482	2
lcl|NC_072000.2_cds_XP_002824807.3_54502	3
lcl|NC_072000.2_cds_XP_002824811.3_54510	2
lcl|NC_072000.2_cds_XP_054386111.2_54525	3
lcl|NC_072000.2_cds_XP_009247394.3_54602	2
lcl|NC_072000.2_cds_XP_024087652.3_54616	3
lcl|NC_072000.2_cds_XP_002824846.3_54629	2
lcl|NC_072000.2_cds_XP_054386666.1_54632	2
lcl|NC_072000.2_cds_XP_024087629.3_54652	2
lcl|NC_072000.2_cds_XP_024087195.3_54663	2
lcl|NC_072000.2_cds_XP_054385806.2_54707	2
lcl|NC_072000.2_cds_XP_024087552.1_54719	3
lcl|NC_072000.2_cds_XP_054386162.2_54739	4
lcl|NC_072000.2_cds_XP_054385762.2_54753	4
lcl|NC_072000.2_cds_XP_054386190.2_54785	3
lcl|NC_072000.2_cds_XP_054386189.2_54790	3
lcl|NC_072000.2_cds_XP_054385705.1_54822	4
lcl|NC_072000.2_cds_XP_024087790.2_54873	3
lcl|NC_072000.2_cds_XP_024087669.3_54887	3
lcl|NC_072000.2_cds_XP_063571664.1_54918	3
lcl|NC_072000.2_cds_XP_009247467.3_54921	4
lcl|NC_072000.2_cds_XP_024087433.1_54961	4
lcl|NC_072000.2_cds_XP_054386246.1_54993	3
lcl|NC_072000.2_cds_XP_054386250.2_54994	3
lcl|NC_072000.2_cds_XP_054386275.1_55011	4
lcl|NC_072000.2_cds_XP_024087388.1_55066	3
lcl|NC_072000.2_cds_XP_054386768.2_55079	3
lcl|NC_072000.2_cds_XP_024087747.3_55142	3
lcl|NC_072000.2_cds_XP_063571976.1_55159	3
lcl|NC_072000.2_cds_XP_024087714.3_55224	4
lcl|NC_072000.2_cds_XP_024087234.2_55238	3
lcl|NC_072000.2_cds_XP_024086908.3_55263	2
lcl|NC_072000.2_cds_XP_024087635.1_55278	3
lcl|NC_072000.2_cds_XP_054385726.2_55323	3
lcl|NC_072000.2_cds_XP_054386869.2_55400	4
lcl|NC_072000.2_cds_XP_054385646.2_55435	3
lcl|NC_072000.2_cds_XP_054386291.2_55485	3
lcl|NC_072000.2_cds_XP_054386305.2_55508	4
lcl|NC_072000.2_cds_XP_024087451.1_55544	2
lcl|NC_072000.2_cds_XP_054386325.2_55564	2
lcl|NC_072000.2_cds_XP_024087726.3_55626	3
lcl|NC_072000.2_cds_XP_054386384.1_55634	4
lcl|NC_072000.2_cds_XP_024087063.2_55640	2
lcl|NC_072000.2_cds_XP_054386386.1_55672	4
lcl|NC_072000.2_cds_XP_024087638.3_55676	2
lcl|NC_072000.2_cds_XP_024087702.3_55677	2
lcl|NC_072000.2_cds_XP_024087120.3_55697	2
lcl|NC_072000.2_cds_XP_002825085.4_55710	2
lcl|NC_072000.2_cds_XP_024087305.2_55733	4
lcl|NC_072000.2_cds_XP_054386404.2_55744	4
lcl|NC_072000.2_cds_NP_001125038.1_55779	3
lcl|NC_072000.2_cds_XP_002825109.2_55787	2
lcl|NC_072000.2_cds_XP_024087398.1_55826	2
lcl|NC_072000.2_cds_XP_054386453.2_55836	4
lcl|NC_072000.2_cds_XP_024087677.3_55839	4
lcl|NC_072000.2_cds_XP_024087600.3_55858	3
lcl|NC_072000.2_cds_XP_024087832.1_55884	2
lcl|NC_072000.2_cds_XP_054386484.1_55903	4
lcl|NC_072000.2_cds_XP_054386520.1_55935	4
lcl|NC_072000.2_cds_XP_024087564.3_55951	2
lcl|NC_072000.2_cds_XP_024087229.3_55999	2
lcl|NC_072000.2_cds_XP_024087231.2_56005	4
lcl|NC_072000.2_cds_XP_054386891.1_56023	2
lcl|NC_072000.2_cds_XP_024087270.2_56075	2
lcl|NC_072000.2_cds_XP_024087447.2_56078	3
lcl|NC_072000.2_cds_XP_054386556.2_56082	3
lcl|NC_072000.2_cds_XP_063571823.1_56092	3
lcl|NC_072000.2_cds_XP_024087313.3_56106	3
lcl|NC_072000.2_cds_XP_024087310.3_56112	4
lcl|NC_072000.2_cds_XP_024087317.1_56125	2
lcl|NC_072000.2_cds_XP_063571829.1_56145	2
lcl|NC_072001.2_cds_XP_009247872.1_56265	2
lcl|NC_072001.2_cds_XP_054387932.1_56271	2
lcl|NC_072001.2_cds_XP_054387987.1_56337	3
lcl|NC_072001.2_cds_XP_054388044.1_56452	3
lcl|NC_072001.2_cds_XP_063572592.1_56496	3
lcl|NC_072001.2_cds_XP_054388149.1_56691	3
lcl|NC_072001.2_cds_XP_054388398.1_56745	2
lcl|NC_072001.2_cds_NP_001124965.2_56751	2
lcl|NC_072001.2_cds_XP_054387329.1_56764	2
lcl|NC_072001.2_cds_XP_054387247.1_56774	2
lcl|NC_072001.2_cds_XP_002825257.3_56790	4
lcl|NC_072001.2_cds_XP_009247884.3_56792	3
lcl|NC_072001.2_cds_XP_054388435.1_56812	3
lcl|NC_072001.2_cds_XP_009247907.2_56844	2
lcl|NC_072001.2_cds_XP_063572180.1_56859	4
lcl|NC_072001.2_cds_XP_054388463.1_56863	2
lcl|NC_072001.2_cds_XP_024088514.2_56906	3
lcl|NC_072001.2_cds_XP_024088370.2_56913	4
lcl|NC_072001.2_cds_XP_024088408.2_56924	4
lcl|NC_072001.2_cds_XP_009247932.3_56959	3
lcl|NC_072001.2_cds_XP_024088571.2_56965	3
lcl|NC_072001.2_cds_XP_024088185.1_56986	3
lcl|NC_072001.2_cds_XP_054387347.1_57018	4
lcl|NC_072001.2_cds_XP_063572644.1_57023	4
lcl|NC_072001.2_cds_XP_024088044.1_57031	2
lcl|NC_072001.2_cds_XP_054387355.1_57041	3
lcl|NC_072001.2_cds_XP_024088255.2_57050	3
lcl|NC_072001.2_cds_XP_002825348.3_57060	3
lcl|NC_072001.2_cds_XP_024088545.2_57085	4
lcl|NC_072001.2_cds_XP_002825363.1_57107	3
lcl|NC_072001.2_cds_XP_024088485.1_57111	3
lcl|NC_072001.2_cds_XP_054388582.1_57142	3
lcl|NC_072001.2_cds_XP_009248015.2_57143	3
lcl|NC_072001.2_cds_NP_001361197.1_57152	3
lcl|NC_072001.2_cds_XP_024088114.2_57153	3
lcl|NC_072001.2_cds_XP_054388600.1_57173	3
lcl|NC_072001.2_cds_XP_009248031.3_57177	3
lcl|NC_072001.2_cds_XP_002825388.3_57182	3
lcl|NC_072001.2_cds_XP_054387080.1_57185	4
lcl|NC_072001.2_cds_XP_054388607.1_57191	4
lcl|NC_072001.2_cds_XP_024088262.2_57208	2
lcl|NC_072001.2_cds_XP_054388624.1_57218	4
lcl|NC_072001.2_cds_XP_054388645.1_57233	3
lcl|NC_072001.2_cds_XP_054388635.1_57238	3
lcl|NC_072001.2_cds_XP_024088467.2_57245	4
lcl|NC_072001.2_cds_XP_002825417.2_57280	3
lcl|NC_072001.2_cds_XP_054388668.1_57298	3
lcl|NC_072001.2_cds_XP_002825420.4_57303	3
lcl|NC_072001.2_cds_XP_054388698.1_57329	3
lcl|NC_072001.2_cds_XP_054388711.1_57345	3
lcl|NC_072001.2_cds_XP_063572696.1_57352	3
lcl|NC_072001.2_cds_XP_024088122.2_57389	2
lcl|NC_072001.2_cds_XP_024088251.1_57410	3
lcl|NC_072001.2_cds_XP_024088573.2_57414	3
lcl|NC_072001.2_cds_XP_024087948.1_57453	4
lcl|NC_072001.2_cds_XP_002825462.2_57476	4
lcl|NC_072001.2_cds_XP_024088047.1_57481	4
lcl|NC_072001.2_cds_XP_054387401.1_57498	3
lcl|NC_072001.2_cds_XP_002825471.1_57516	2
lcl|NC_072001.2_cds_XP_054386995.1_57548	4
lcl|NC_072001.2_cds_XP_002825492.4_57568	3
lcl|NC_072001.2_cds_XP_054387441.1_57579	2
lcl|NC_072001.2_cds_XP_002825494.2_57583	2
lcl|NC_072001.2_cds_XP_054387447.1_57600	2
lcl|NC_072001.2_cds_XP_024088292.2_57633	2
lcl|NC_072001.2_cds_XP_024088286.2_57639	3
lcl|NC_072001.2_cds_XP_024088437.2_57658	2
lcl|NC_072001.2_cds_XP_054387263.1_57665	4
lcl|NC_072001.2_cds_XP_063572234.1_57666	3
lcl|NC_072001.2_cds_XP_054387481.1_57703	3
lcl|NC_072001.2_cds_XP_002825526.4_57718	3
lcl|NC_072001.2_cds_XP_024088432.1_57723	4
lcl|NC_072001.2_cds_XP_054387508.1_57725	3
lcl|NC_072001.2_cds_XP_054387518.2_57739	2
lcl|NC_072001.2_cds_XP_054387536.1_57768	3
lcl|NC_072001.2_cds_XP_024088155.1_57797	3
lcl|NC_072001.2_cds_XP_024087870.1_57798	2
lcl|NC_072001.2_cds_XP_024088126.1_57814	4
lcl|NC_072001.2_cds_NP_001361181.1_57829	2
lcl|NC_072001.2_cds_XP_054387555.1_57843	3
lcl|NC_072001.2_cds_XP_024088193.1_57854	3
lcl|NC_072001.2_cds_XP_054388730.1_57920	3
lcl|NC_072001.2_cds_XP_002825605.2_57956	3
lcl|NC_072001.2_cds_XP_024088322.2_57991	3
lcl|NC_072001.2_cds_XP_063572243.1_58002	3
lcl|NC_072001.2_cds_XP_024088337.1_58008	3
lcl|NC_072001.2_cds_XP_024088459.2_58019	4
lcl|NC_072001.2_cds_XP_024088458.2_58028	2
lcl|NC_072001.2_cds_XP_054388793.1_58037	4
lcl|NC_072001.2_cds_NP_001126723.1_58042	4
lcl|NC_072001.2_cds_XP_054387568.1_58094	4
lcl|NC_072001.2_cds_XP_054387591.1_58125	2
lcl|NC_072001.2_cds_XP_024088092.2_58140	4
lcl|NC_072001.2_cds_XP_024088354.1_58157	3
lcl|NC_072001.2_cds_XP_002825660.4_58180	2
lcl|NC_072001.2_cds_XP_024088241.3_58198	2
lcl|NC_072001.2_cds_XP_024088216.3_58212	3
lcl|NC_072001.2_cds_XP_054387621.2_58277	3
lcl|NC_072001.2_cds_XP_024088384.1_58296	4
lcl|NC_072001.2_cds_XP_024088249.2_58322	2
lcl|NC_072001.2_cds_XP_054388857.2_58337	2
lcl|NC_072001.2_cds_XP_054388894.1_58424	3
lcl|NC_072001.2_cds_XP_054387190.2_58470	3
lcl|NC_072001.2_cds_XP_024088645.1_58471	3
lcl|NC_072001.2_cds_XP_009248321.3_58493	3
lcl|NC_072001.2_cds_XP_063572057.1_58533	3
lcl|NC_072001.2_cds_NP_001127216.2_58559	3
lcl|NC_072001.2_cds_XP_054403028.1_58626	2
lcl|NC_072001.2_cds_XP_024088351.1_58651	2
lcl|NC_072001.2_cds_XP_054387675.1_58681	3
lcl|NC_072001.2_cds_XP_024088317.2_58685	4
lcl|NC_072001.2_cds_XP_054387681.1_58689	4
lcl|NC_072001.2_cds_XP_063572336.1_58732	4
lcl|NC_072001.2_cds_XP_002825796.4_58743	4
lcl|NC_072001.2_cds_XP_002825798.1_58747	4
lcl|NC_072001.2_cds_NP_001125853.2_58749	4
lcl|NC_072001.2_cds_XP_054387704.1_58781	4
lcl|NC_072001.2_cds_XP_003778553.3_58798	4
lcl|NC_072001.2_cds_XP_054387742.1_58822	3
lcl|NC_072001.2_cds_XP_003780094.3_58843	3
lcl|NC_072001.2_cds_XP_024088052.1_58847	4
lcl|NC_072001.2_cds_XP_054387773.1_58874	3
lcl|NC_072001.2_cds_XP_002825827.2_58886	3
lcl|NC_072001.2_cds_XP_054387797.1_58909	4
lcl|NC_072001.2_cds_XP_002825846.3_58927	3
lcl|NC_072001.2_cds_XP_024088182.2_58934	3
lcl|NC_072001.2_cds_XP_024088397.2_58950	4
lcl|NC_072001.2_cds_XP_024088400.2_58958	2
lcl|NC_072001.2_cds_XP_024088297.1_58971	4
lcl|NC_072001.2_cds_XP_063572377.1_58984	4
lcl|NC_072001.2_cds_XP_009248429.3_58998	3
lcl|NC_072001.2_cds_XP_024088576.2_59003	2
lcl|NC_072001.2_cds_XP_009248431.1_59014	3
lcl|NC_072001.2_cds_XP_054387860.1_59016	3
lcl|NC_072001.2_cds_NP_001127383.1_59027	2
lcl|NC_072001.2_cds_XP_024087962.1_59069	3
lcl|NC_072001.2_cds_XP_002825913.1_59075	2
lcl|NC_072001.2_cds_XP_009248462.2_59084	4
lcl|NC_072001.2_cds_XP_002825920.4_59090	2
lcl|NC_072001.2_cds_XP_024088677.2_59198	2
lcl|NC_072001.2_cds_XP_024088173.2_59209	4
lcl|NC_072001.2_cds_XP_024088526.2_59220	2
lcl|NC_072002.2_cds_XP_024091598.3_59274	2
lcl|NC_072002.2_cds_XP_063572903.1_59312	2
lcl|NC_072002.2_cds_XP_054394138.2_59331	4
lcl|NC_072002.2_cds_XP_054393600.2_59351	4
lcl|NC_072002.2_cds_XP_024091562.1_59367	2
lcl|NC_072002.2_cds_XP_024091698.1_59404	2
lcl|NC_072002.2_cds_XP_024091623.2_59420	2
lcl|NC_072002.2_cds_XP_054393514.1_59430	4
lcl|NC_072002.2_cds_XP_054393641.2_59438	4
lcl|NC_072002.2_cds_XP_054393482.2_59460	2
lcl|NC_072002.2_cds_XP_054393654.1_59492	2
lcl|NC_072002.2_cds_XP_054393669.2_59513	3
lcl|NC_072002.2_cds_XP_054393675.1_59521	2
lcl|NC_072002.2_cds_XP_054393674.2_59524	2
lcl|NC_072002.2_cds_XP_063573057.1_59527	2
lcl|NC_072002.2_cds_XP_024091694.1_59558	2
lcl|NC_072002.2_cds_XP_054394156.1_59560	4
lcl|NC_072002.2_cds_XP_024091880.1_59578	2
lcl|NC_072002.2_cds_XP_024091667.1_59587	3
lcl|NC_072002.2_cds_XP_024091552.2_59594	3
lcl|NC_072002.2_cds_XP_024091594.3_59611	2
lcl|NC_072002.2_cds_XP_054393687.2_59617	4
lcl|NC_072002.2_cds_XP_054393715.1_59653	4
lcl|NC_072002.2_cds_XP_054393724.2_59673	2
lcl|NC_072002.2_cds_XP_024091575.1_59677	2
lcl|NC_072002.2_cds_NP_001125845.1_59689	2
lcl|NC_072002.2_cds_XP_002828184.3_59693	2
lcl|NC_072002.2_cds_XP_024091935.2_59695	2
lcl|NC_072002.2_cds_XP_002828185.2_59697	2
lcl|NC_072002.2_cds_XP_024091722.2_59699	4
lcl|NC_072002.2_cds_XP_002828187.3_59700	4
lcl|NC_072002.2_cds_XP_024091709.3_59701	4
lcl|NC_072002.2_cds_XP_024091800.3_59702	4
lcl|NC_072002.2_cds_XP_024091804.2_59718	2
lcl|NC_072002.2_cds_XP_002828201.4_59731	3
lcl|NC_072002.2_cds_XP_054393751.1_59735	4
lcl|NC_072002.2_cds_XP_024091718.2_59742	4
lcl|NC_072002.2_cds_XP_054394180.2_59822	3
lcl|NC_072002.2_cds_XP_024091839.2_59824	3
lcl|NC_072002.2_cds_NP_001124784.2_59826	4
lcl|NC_072002.2_cds_XP_002828227.1_59908	2
lcl|NC_072002.2_cds_XP_002828231.3_59916	4
lcl|NC_072002.2_cds_XP_024091719.3_59920	4
lcl|NC_072002.2_cds_XP_054393809.2_59927	3
lcl|NC_072002.2_cds_XP_054393815.2_59937	3
lcl|NC_072002.2_cds_XP_024091854.2_60003	2
lcl|NC_072002.2_cds_XP_024091581.2_60056	4
lcl|NC_072002.2_cds_XP_024091695.3_60132	4
lcl|NC_072002.2_cds_XP_054393986.2_60218	4
lcl|NC_072002.2_cds_XP_024091744.3_60234	4
lcl|NC_072002.2_cds_XP_054393466.1_60240	2
lcl|NC_072002.2_cds_XP_054393991.2_60250	4
lcl|NC_072002.2_cds_XP_024091671.2_60253	4
lcl|NC_072002.2_cds_XP_054394018.2_60308	2
lcl|NC_072002.2_cds_XP_054394017.2_60310	2
lcl|NC_072002.2_cds_XP_002828319.5_60318	2
lcl|NC_072002.2_cds_XP_002828320.4_60320	2
lcl|NC_072002.2_cds_XP_002828344.2_60367	2
lcl|NC_072002.2_cds_XP_054394048.2_60388	2
lcl|NC_072002.2_cds_XP_054394072.2_60426	2
lcl|NC_072002.2_cds_XP_009250755.4_60429	2
lcl|NC_072002.2_cds_XP_024091761.3_60434	2
lcl|NC_072002.2_cds_XP_063572873.1_60445	3
lcl|NC_072002.2_cds_XP_054394083.2_60452	2
lcl|NC_072002.2_cds_XP_024091582.3_60462	2
lcl|NC_072002.2_cds_XP_009250766.2_60463	2
lcl|NC_072002.2_cds_XP_024091583.1_60475	2
lcl|NC_072002.2_cds_XP_024091821.3_60483	2
lcl|NC_072002.2_cds_XP_009250775.3_60509	3
lcl|NC_072003.2_cds_XP_054389215.1_60517	2
lcl|NC_072003.2_cds_XP_024089076.2_60557	2
lcl|NC_072003.2_cds_XP_063573203.1_60581	2
lcl|NC_072003.2_cds_XP_063573213.1_60626	2
lcl|NC_072003.2_cds_XP_054390414.1_60689	2
lcl|NC_072003.2_cds_XP_024089790.2_60703	2
lcl|NC_072003.2_cds_XP_024089690.2_60724	3
lcl|NC_072003.2_cds_XP_063573532.1_60759	2
lcl|NC_072003.2_cds_XP_054390454.1_60771	2
lcl|NC_072003.2_cds_XP_054390459.1_60778	3
lcl|NC_072003.2_cds_XP_054390480.1_60796	2
lcl|NC_072003.2_cds_XP_024089858.2_60877	2
lcl|NC_072003.2_cds_XP_054390539.1_60888	2
lcl|NC_072003.2_cds_XP_054390533.1_60918	2
lcl|NC_072003.2_cds_XP_054390556.1_60935	2
lcl|NC_072003.2_cds_XP_054390563.1_60944	2
lcl|NC_072003.2_cds_XP_024089651.2_60961	4
lcl|NC_072003.2_cds_XP_054390603.1_61026	3
lcl|NC_072003.2_cds_XP_024089421.2_61170	4
lcl|NC_072003.2_cds_XP_054389314.1_61171	2
lcl|NC_072003.2_cds_XP_054389328.1_61190	2
lcl|NC_072003.2_cds_XP_024089615.2_61192	4
lcl|NC_072003.2_cds_XP_024088781.2_61197	4
lcl|NC_072003.2_cds_XP_024088847.2_61207	3
lcl|NC_072003.2_cds_XP_002826141.2_61247	4
lcl|NC_072003.2_cds_XP_024089667.1_61335	3
lcl|NC_072003.2_cds_XP_024089664.1_61338	3
lcl|NC_072003.2_cds_XP_024089274.1_61424	2
lcl|NC_072003.2_cds_XP_054389424.1_61428	4
lcl|NC_072003.2_cds_XP_024089333.1_61460	4
lcl|NC_072003.2_cds_XP_054389449.1_61476	2
lcl|NC_072003.2_cds_XP_054390668.1_61513	3
lcl|NC_072003.2_cds_XP_054390680.1_61524	4
lcl|NC_072003.2_cds_XP_054390686.1_61527	1
lcl|NC_072003.2_cds_XP_054390685.1_61538	1
lcl|NC_072003.2_cds_XP_024097158.2_61554	4
lcl|NC_072003.2_cds_XP_002826187.3_61563	2
lcl|NC_072003.2_cds_XP_054390705.1_61575	4
lcl|NC_072003.2_cds_XP_054390712.1_61590	2
lcl|NC_072003.2_cds_XP_054390718.1_61594	2
lcl|NC_072003.2_cds_XP_054390730.1_61609	3
lcl|NC_072003.2_cds_XP_054389471.1_61611	1
lcl|NC_072003.2_cds_XP_024097219.2_61620	2
lcl|NC_072003.2_cds_XP_063573677.1_61622	4
lcl|NC_072003.2_cds_XP_063573672.1_61633	4
lcl|NC_072003.2_cds_XP_054389494.1_61640	2
lcl|NC_072003.2_cds_XP_024097221.1_61657	2
lcl|NC_072003.2_cds_XP_054389518.1_61685	1
lcl|NC_072003.2_cds_XP_024097232.1_61688	2
lcl|NC_072003.2_cds_XP_054390733.1_61698	1
lcl|NC_072003.2_cds_XP_054390741.1_61714	1
lcl|NC_072003.2_cds_XP_063573698.1_61723	1
lcl|NC_072003.2_cds_XP_063573717.1_61744	1
lcl|NC_072003.2_cds_XP_024097149.1_61758	3
lcl|NC_072003.2_cds_XP_024097211.2_61775	4
lcl|NC_072003.2_cds_XP_009248795.1_61782	2
lcl|NC_072003.2_cds_NP_001126088.1_61787	4
lcl|NC_072003.2_cds_XP_054389527.1_61880	4
lcl|NC_072003.2_cds_XP_063573267.1_61898	1
lcl|NC_072003.2_cds_XP_054389600.1_61903	3
lcl|NC_072003.2_cds_XP_063573270.1_61908	1
lcl|NC_072003.2_cds_XP_054389566.1_61918	4
lcl|NC_072003.2_cds_XP_054389601.1_61929	2
lcl|NC_072003.2_cds_XP_024089471.2_61935	4
lcl|NC_072003.2_cds_XP_054389611.1_61952	4
lcl|NC_072003.2_cds_XP_063573388.1_61965	1
lcl|NC_072003.2_cds_XP_002826284.2_61981	4
lcl|NC_072003.2_cds_XP_054389629.1_61987	4
lcl|NC_072003.2_cds_XP_054389632.1_61994	2
lcl|NC_072003.2_cds_XP_054389633.1_62002	3
lcl|NC_072003.2_cds_XP_024088942.2_62015	2
lcl|NC_072003.2_cds_XP_024089712.2_62027	3
lcl|NC_072003.2_cds_XP_054389651.1_62038	4
lcl|NC_072003.2_cds_NP_001124552.1_62046	4
lcl|NC_072003.2_cds_XP_054389658.1_62047	4
lcl|NC_072003.2_cds_XP_054389668.1_62071	3
lcl|NC_072003.2_cds_XP_002826319.1_62095	3
lcl|NC_072003.2_cds_XP_054389686.1_62138	3
lcl|NC_072003.2_cds_XP_024088801.1_62150	3
lcl|NC_072003.2_cds_XP_002826328.2_62163	4
lcl|NC_072003.2_cds_XP_009248892.1_62230	3
lcl|NC_072003.2_cds_XP_002826365.3_62241	4
lcl|NC_072003.2_cds_XP_024088813.1_62252	3
lcl|NC_072003.2_cds_XP_024089734.1_62295	3
lcl|NC_072003.2_cds_XP_002826399.3_62312	3
lcl|NC_072003.2_cds_XP_054390846.1_62316	3
lcl|NC_072003.2_cds_NP_001125651.1_62344	3
lcl|NC_072003.2_cds_XP_002826402.3_62347	4
lcl|NC_072003.2_cds_XP_024089116.2_62359	3
lcl|NC_072003.2_cds_XP_054389768.1_62376	3
lcl|NC_072003.2_cds_XP_024089354.1_62403	4
lcl|NC_072003.2_cds_XP_024089330.2_62404	4
lcl|NC_072003.2_cds_XP_024089331.1_62405	3
lcl|NC_072003.2_cds_XP_024089759.1_62410	2
lcl|NC_072003.2_cds_XP_024089109.2_62489	4
lcl|NC_072003.2_cds_XP_054389179.1_62517	2
lcl|NC_072003.2_cds_XP_054389833.1_62529	4
lcl|NC_072003.2_cds_XP_024088966.2_62531	4
lcl|NC_072003.2_cds_XP_024088831.1_62532	2
lcl|NC_072003.2_cds_XP_024089550.1_62541	2
lcl|NC_072003.2_cds_XP_024089817.1_62547	2
lcl|NC_072003.2_cds_XP_009248981.2_62578	4
lcl|NC_072003.2_cds_XP_024089547.2_62602	4
lcl|NC_072003.2_cds_NP_001124871.1_62604	2
lcl|NC_072003.2_cds_XP_054389877.1_62610	4
lcl|NC_072003.2_cds_XP_024089200.2_62617	3
lcl|NC_072003.2_cds_XP_054389894.1_62637	2
lcl|NC_072003.2_cds_XP_054389897.1_62657	2
lcl|NC_072003.2_cds_NP_001126031.1_62713	3
lcl|NC_072003.2_cds_XP_024088788.2_62718	4
lcl|NC_072003.2_cds_XP_054389915.1_62725	3
lcl|NC_072003.2_cds_XP_024089467.2_62799	2
lcl|NC_072003.2_cds_XP_024089435.2_62818	4
lcl|NC_072003.2_cds_XP_024089164.1_62863	3
lcl|NC_072003.2_cds_XP_002826579.2_62989	3
lcl|NC_072003.2_cds_XP_002826580.1_62990	3
lcl|NC_072003.2_cds_XP_054390915.1_62994	3
lcl|NC_072003.2_cds_XP_002826581.1_63016	4
lcl|NC_072003.2_cds_XP_024089533.2_63040	3
lcl|NC_072003.2_cds_XP_054390949.1_63051	2
lcl|NC_072003.2_cds_XP_009249111.1_63096	3
lcl|NC_072003.2_cds_XP_002826605.3_63113	3
lcl|NC_072003.2_cds_XP_024089525.2_63136	3
lcl|NC_072003.2_cds_NP_001127374.1_63226	4
lcl|NC_072003.2_cds_XP_024089035.2_63228	4
lcl|NC_072003.2_cds_NP_001361117.1_63258	2
lcl|NC_072003.2_cds_XP_063573187.1_63268	3
lcl|NC_072003.2_cds_XP_024089156.2_63273	4
lcl|NC_072003.2_cds_XP_063573429.1_63277	4
lcl|NC_072003.2_cds_NP_001126700.1_63287	3
lcl|NC_072003.2_cds_XP_024089582.2_63299	4
lcl|NC_072003.2_cds_XP_002826652.3_63331	3
lcl|NC_072003.2_cds_XP_054390064.1_63399	4
lcl|NC_072003.2_cds_NP_001125500.1_63419	3
lcl|NC_072003.2_cds_XP_063573812.1_63426	3
lcl|NC_072003.2_cds_XP_024088780.1_63459	3
lcl|NC_072003.2_cds_XP_054390101.1_63475	2
lcl|NC_072003.2_cds_XP_054390107.1_63497	2
lcl|NC_072003.2_cds_XP_054390120.1_63514	3
lcl|NC_072003.2_cds_XP_024089301.2_63554	4
lcl|NC_072003.2_cds_XP_009249241.1_63570	2
lcl|NC_072003.2_cds_XP_054391044.1_63621	4
lcl|NC_072003.2_cds_XP_024089717.1_63631	2
lcl|NC_072003.2_cds_NP_001126959.1_63653	3
lcl|NC_072003.2_cds_XP_054390178.1_63659	4
lcl|NC_072003.2_cds_XP_009249268.2_63662	3
lcl|NC_072003.2_cds_XP_054390188.1_63680	4
lcl|NC_072003.2_cds_XP_024088946.2_63711	2
lcl|NC_072003.2_cds_XP_024089431.2_63778	2
lcl|NC_072003.2_cds_XP_054390255.1_63830	4
lcl|NC_072003.2_cds_XP_063573471.1_63831	2
lcl|NC_072003.2_cds_XP_054390256.1_63837	2
lcl|NC_072003.2_cds_XP_024089738.2_63853	2
lcl|NC_072003.2_cds_XP_054390283.1_63927	4
lcl|NC_072003.2_cds_XP_024089183.2_63979	4
lcl|NC_072003.2_cds_XP_054390403.1_63997	2
lcl|NC_072004.2_cds_XP_002826837.3_64049	4
lcl|NC_072004.2_cds_XP_054391318.2_64069	4
lcl|NC_072004.2_cds_XP_063574442.1_64091	3
lcl|NC_072004.2_cds_XP_002826853.2_64098	2
lcl|NC_072004.2_cds_XP_002826856.1_64103	3
lcl|NC_072004.2_cds_XP_024090920.3_64105	3
lcl|NC_072004.2_cds_NP_001125708.1_64120	3
lcl|NC_072004.2_cds_NP_001361028.1_64130	2
lcl|NC_072004.2_cds_XP_054391338.1_64178	4
lcl|NC_072004.2_cds_XP_024091198.3_64193	4
lcl|NC_072004.2_cds_XP_054391354.1_64203	2
lcl|NC_072004.2_cds_XP_024090951.3_64205	3
lcl|NC_072004.2_cds_XP_054391355.2_64213	2
lcl|NC_072004.2_cds_XP_024091016.3_64222	2
lcl|NC_072004.2_cds_XP_024090388.3_64228	3
lcl|NC_072004.2_cds_XP_002826921.3_64250	3
lcl|NC_072004.2_cds_XP_054391986.2_64252	3
lcl|NC_072004.2_cds_XP_063574035.1_64287	3
lcl|NC_072004.2_cds_NP_001361234.1_64298	3
lcl|NC_072004.2_cds_XP_054392023.2_64318	3
lcl|NC_072004.2_cds_XP_024091436.3_64319	4
lcl|NC_072004.2_cds_XP_002826946.3_64324	2
lcl|NC_072004.2_cds_XP_063574046.1_64348	4
lcl|NC_072004.2_cds_XP_024091177.3_64361	2
lcl|NC_072004.2_cds_XP_054392048.2_64362	2
lcl|NC_072004.2_cds_XP_054392047.2_64367	3
lcl|NC_072004.2_cds_XP_009249513.3_64460	3
lcl|NC_072004.2_cds_XP_024090640.3_64490	2
lcl|NC_072004.2_cds_XP_054392135.2_64498	4
lcl|NC_072004.2_cds_XP_009249523.3_64508	3
lcl|NC_072004.2_cds_XP_024090775.1_64518	3
lcl|NC_072004.2_cds_XP_054392171.2_64543	3
lcl|NC_072004.2_cds_XP_054392156.1_64546	3
lcl|NC_072004.2_cds_XP_024090102.2_64569	3
lcl|NC_072004.2_cds_XP_009249539.3_64597	3
lcl|NC_072004.2_cds_XP_024091122.3_64605	2
lcl|NC_072004.2_cds_XP_024090918.3_64608	4
lcl|NC_072004.2_cds_XP_024090265.3_64614	3
lcl|NC_072004.2_cds_NP_001124551.1_64635	3
lcl|NC_072004.2_cds_NP_001126965.1_64636	3
lcl|NC_072004.2_cds_XP_002827052.4_64640	3
lcl|NC_072004.2_cds_XP_009249560.2_64656	3
lcl|NC_072004.2_cds_XP_054391389.2_64689	3
lcl|NC_072004.2_cds_XP_024090834.3_64703	2
lcl|NC_072004.2_cds_XP_054393416.2_64726	4
lcl|NC_072004.2_cds_XP_024091346.3_64729	4
lcl|NC_072004.2_cds_XP_054391421.2_64731	3
lcl|NC_072004.2_cds_XP_054391419.1_64735	3
lcl|NC_072004.2_cds_XP_003778788.3_64736	3
lcl|NC_072004.2_cds_XP_002827083.2_64737	4
lcl|NC_072004.2_cds_XP_024091279.3_64762	4
lcl|NC_072004.2_cds_XP_024090083.2_64772	4
lcl|NC_072004.2_cds_XP_054392204.2_64815	4
lcl|NC_072004.2_cds_XP_054392211.2_64832	4
lcl|NC_072004.2_cds_XP_063574460.1_64840	3
lcl|NC_072004.2_cds_XP_063574113.1_64844	3
lcl|NC_072004.2_cds_XP_054392236.2_64877	3
lcl|NC_072004.2_cds_XP_009249615.1_64900	4
lcl|NC_072004.2_cds_XP_063574476.1_64912	3
lcl|NC_072004.2_cds_XP_063574479.1_64916	3
lcl|NC_072004.2_cds_XP_003778809.4_64927	4
lcl|NC_072004.2_cds_XP_054391192.2_64933	3
lcl|NC_072004.2_cds_XP_063573983.1_64943	2
lcl|NC_072004.2_cds_XP_024090225.1_64950	3
lcl|NC_072004.2_cds_XP_024090662.3_64953	2
lcl|NC_072004.2_cds_XP_054391465.2_64969	3
lcl|NC_072004.2_cds_XP_063574118.1_64972	4
lcl|NC_072004.2_cds_XP_054391479.2_65005	3
lcl|NC_072004.2_cds_XP_063574490.1_65026	3
lcl|NC_072004.2_cds_XP_063574121.1_65032	3
lcl|NC_072004.2_cds_XP_024097283.1_65117	3
lcl|NC_072004.2_cds_XP_054392273.1_65123	3
lcl|NC_072004.2_cds_XP_054392281.1_65134	4
lcl|NC_072004.2_cds_XP_054392301.1_65161	4
lcl|NC_072004.2_cds_XP_054391578.1_65289	2
lcl|NC_072004.2_cds_XP_054391579.2_65298	4
lcl|NC_072004.2_cds_XP_054392490.2_65352	3
lcl|NC_072004.2_cds_XP_009249705.1_65357	3
lcl|NC_072004.2_cds_XP_024090785.1_65362	3
lcl|NC_072004.2_cds_XP_002827236.1_65431	2
lcl|NC_072004.2_cds_XP_054392543.2_65435	3
lcl|NC_072004.2_cds_XP_063574132.1_65447	3
lcl|NC_072004.2_cds_XP_024090604.1_65459	3
lcl|NC_072004.2_cds_XP_024090354.1_65482	4
lcl|NC_072004.2_cds_XP_054392562.2_65490	4
lcl|NC_072004.2_cds_XP_024090642.1_65506	2
lcl|NC_072004.2_cds_XP_054392590.2_65550	2
lcl|NC_072004.2_cds_XP_054392599.2_65572	2
lcl|NC_072004.2_cds_XP_063574650.1_65577	3
lcl|NC_072004.2_cds_XP_009249767.3_65613	3
lcl|NC_072004.2_cds_XP_024091103.2_65637	2
lcl|NC_072004.2_cds_XP_054392620.1_65645	3
lcl|NC_072004.2_cds_XP_054392643.1_65678	3
lcl|NC_072004.2_cds_XP_002827306.2_65679	3
lcl|NC_072004.2_cds_XP_024090721.3_65680	4
lcl|NC_072004.2_cds_XP_009249800.4_65693	4
lcl|NC_072004.2_cds_XP_024091264.1_65698	4
lcl|NC_072004.2_cds_NP_001126334.1_65701	3
lcl|NC_072004.2_cds_XP_002827313.4_65720	4
lcl|NC_072004.2_cds_XP_063573930.1_65817	3
lcl|NC_072004.2_cds_XP_024090808.3_65873	4
lcl|NC_072004.2_cds_XP_054392724.1_65927	3
lcl|NC_072004.2_cds_XP_063574823.1_66057	4
lcl|NC_072004.2_cds_NP_001126706.1_66077	4
lcl|NC_072004.2_cds_XP_063574821.1_66083	3
lcl|NC_072004.2_cds_XP_024090492.1_66093	3
lcl|NC_072004.2_cds_XP_024091389.3_66112	2
lcl|NC_072004.2_cds_XP_024091380.1_66118	3
lcl|NC_072004.2_cds_XP_024090741.3_66121	2
lcl|NC_072004.2_cds_XP_054393003.1_66148	3
lcl|NC_072004.2_cds_XP_002827364.3_66159	3
lcl|NC_072004.2_cds_XP_024090074.1_66168	3
lcl|NC_072004.2_cds_XP_054393009.1_66179	4
lcl|NC_072004.2_cds_XP_054391169.1_66181	3
lcl|NC_072004.2_cds_XP_009249845.2_66191	3
lcl|NC_072004.2_cds_XP_063574183.1_66201	3
lcl|NC_072004.2_cds_XP_024090960.2_66259	4
lcl|NC_072004.2_cds_XP_024090471.2_66321	3
lcl|NC_072004.2_cds_XP_024091105.1_66348	3
lcl|NC_072004.2_cds_XP_054402535.1_66351	3
lcl|NC_072004.2_cds_XP_054402540.2_66369	4
lcl|NC_072004.2_cds_XP_024091292.1_66393	3
lcl|NC_072004.2_cds_XP_024090696.2_66409	3
lcl|NC_072004.2_cds_XP_002834330.2_66417	3
lcl|NC_072004.2_cds_XP_054402319.2_66469	4
lcl|NC_072004.2_cds_XP_063574234.1_66536	4
lcl|NC_072004.2_cds_XP_024090796.1_66545	3
lcl|NC_072004.2_cds_XP_054402266.1_66553	3
lcl|NC_072004.2_cds_XP_024091295.3_66555	4
lcl|NC_072004.2_cds_XP_024090616.1_66564	2
lcl|NC_072004.2_cds_XP_054402291.2_66577	2
lcl|NC_072004.2_cds_XP_024090857.1_66584	4
lcl|NC_072004.2_cds_XP_024090842.2_66622	3
lcl|NC_072004.2_cds_XP_024090848.3_66661	3
lcl|NC_072004.2_cds_XP_024090163.3_66691	3
lcl|NC_072004.2_cds_XP_009250109.1_66730	3
lcl|NC_072004.2_cds_XP_024090653.1_66769	3
lcl|NC_072004.2_cds_XP_024090256.1_66906	3
lcl|NC_072004.2_cds_XP_024090181.1_66939	3
lcl|NC_072004.2_cds_XP_009250020.4_66946	4
lcl|NC_072004.2_cds_XP_054402174.2_66965	2
lcl|NC_072004.2_cds_NP_001126661.1_66972	3
lcl|NC_072004.2_cds_XP_002827548.2_67001	3
lcl|NC_072004.2_cds_XP_063574285.1_67008	3
lcl|NC_072004.2_cds_XP_009249975.3_67065	4
lcl|NC_072004.2_cds_XP_024090045.2_67085	3
lcl|NC_072004.2_cds_XP_009249960.1_67101	3
lcl|NC_072004.2_cds_XP_024090900.3_67157	3
lcl|NC_072004.2_cds_XP_054391241.1_67207	3
lcl|NC_072004.2_cds_XP_002827479.2_67226	3
lcl|NC_072004.2_cds_XP_002827478.3_67227	4
lcl|NC_072004.2_cds_XP_054393075.2_67235	2
lcl|NC_072004.2_cds_NP_001126566.1_67263	3
lcl|NC_072004.2_cds_XP_063574311.1_67270	4
lcl|NC_072004.2_cds_XP_024090560.1_67320	2
lcl|NC_072004.2_cds_XP_002827447.2_67331	4
lcl|NC_072004.2_cds_NP_001361018.1_67337	4
lcl|NC_072004.2_cds_XP_024090261.1_67346	3
lcl|NC_072004.2_cds_XP_054393148.2_67392	3
lcl|NC_072004.2_cds_XP_063574924.1_67414	4
lcl|NC_072004.2_cds_XP_054393201.1_67432	2
lcl|NC_072004.2_cds_XP_054393211.2_67442	4
lcl|NC_072004.2_cds_XP_054393212.1_67445	3
lcl|NC_072004.2_cds_XP_024091151.2_67459	2
lcl|NC_072004.2_cds_XP_024090866.3_67463	4
lcl|NC_072004.2_cds_NP_001126368.1_67491	3
lcl|NC_072004.2_cds_XP_024089958.3_67495	3
lcl|NC_072004.2_cds_XP_024090701.3_67521	4
lcl|NC_072004.2_cds_XP_024091149.3_67529	2
lcl|NC_072004.2_cds_XP_024090702.3_67531	4
lcl|NC_072004.2_cds_XP_063574933.1_67542	2
lcl|NC_072004.2_cds_XP_024090705.1_67559	2
lcl|NC_072004.2_cds_XP_054393233.1_67610	3
lcl|NC_072004.2_cds_XP_024090797.2_67624	3
lcl|NC_072004.2_cds_XP_063574965.1_67635	2
lcl|NC_072004.2_cds_XP_024090538.2_67693	4
lcl|NC_072004.2_cds_XP_024090540.3_67696	4
lcl|NC_072004.2_cds_XP_024090541.3_67699	4
lcl|NC_072004.2_cds_XP_002827805.4_67701	2
lcl|NC_072004.2_cds_XP_002827824.3_67722	2
lcl|NC_072004.2_cds_XP_024091399.3_67733	4
lcl|NC_072004.2_cds_XP_002827838.3_67749	2
lcl|NC_072004.2_cds_XP_024091190.2_67786	2
lcl|NC_072004.2_cds_XP_054393308.2_67889	4
lcl|NC_072004.2_cds_XP_054393313.2_67899	3
lcl|NC_072004.2_cds_XP_024090041.2_67903	3
lcl|NC_072004.2_cds_XP_063575010.1_67906	2
lcl|NC_072004.2_cds_NP_001126651.1_67907	3
lcl|NC_072004.2_cds_XP_063575018.1_67915	3
lcl|NC_072004.2_cds_XP_024090692.1_67932	3
lcl|NC_072004.2_cds_XP_054393335.1_67942	3
lcl|NC_072004.2_cds_XP_024090478.3_67992	2
lcl|NC_072004.2_cds_XP_054393357.2_68011	3
lcl|NC_072004.2_cds_XP_002827914.4_68031	3
lcl|NC_072004.2_cds_XP_054391755.2_68101	4
lcl|NC_072004.2_cds_XP_063574371.1_68158	2
lcl|NC_072004.2_cds_XP_009250363.3_68166	4
lcl|NC_072004.2_cds_XP_054391820.2_68225	4
lcl|NC_072004.2_cds_NP_001126384.1_68227	3
lcl|NC_072004.2_cds_NP_001125936.1_68230	2
lcl|NC_072004.2_cds_XP_063574401.1_68259	4
lcl|NC_072004.2_cds_XP_024090830.1_68271	2
lcl|NC_072004.2_cds_XP_063574410.1_68293	2
lcl|NC_072004.2_cds_XP_024091404.3_68296	2
lcl|NC_072004.2_cds_XP_063573915.1_68306	4
lcl|NC_072004.2_cds_XP_054391880.2_68310	4
lcl|NC_072004.2_cds_XP_024090656.3_68321	3
lcl|NC_072004.2_cds_XP_054393397.2_68406	2
lcl|NC_072004.2_cds_XP_024090317.2_68409	3
lcl|NC_072004.2_cds_XP_054391888.1_68451	2
lcl|NC_072005.2_cds_XP_024092548.2_68507	2
lcl|NC_072005.2_cds_XP_063575880.1_68537	2
lcl|NC_072005.2_cds_XP_063575879.1_68552	2
lcl|NC_072005.2_cds_XP_024094046.3_68559	2
lcl|NC_072005.2_cds_XP_024092155.2_68570	2
lcl|NC_072005.2_cds_XP_024093716.1_68580	2
lcl|NC_072005.2_cds_XP_054394546.2_68655	2
lcl|NC_072005.2_cds_XP_063575330.1_68720	4
lcl|NC_072005.2_cds_XP_003779064.4_68722	4
lcl|NC_072005.2_cds_XP_024093021.3_68748	2
lcl|NC_072005.2_cds_XP_024093022.2_68752	2
lcl|NC_072005.2_cds_XP_054395262.2_68772	2
lcl|NC_072005.2_cds_XP_063575335.1_68794	2
lcl|NC_072005.2_cds_XP_054395316.2_68862	4
lcl|NC_072005.2_cds_XP_024093325.3_68870	2
lcl|NC_072005.2_cds_XP_054395322.2_68883	4
lcl|NC_072005.2_cds_NP_001125547.1_68893	2
lcl|NC_072005.2_cds_XP_054395339.2_68916	2
lcl|NC_072005.2_cds_XP_024092613.3_68949	4
lcl|NC_072005.2_cds_XP_054395373.2_68961	4
lcl|NC_072005.2_cds_XP_024092881.2_68968	2
lcl|NC_072005.2_cds_XP_024092224.1_68975	2
lcl|NC_072005.2_cds_XP_024093479.3_68984	2
lcl|NC_072005.2_cds_XP_024092858.3_68987	2
lcl|NC_072005.2_cds_XP_054395389.1_69005	2
lcl|NC_072005.2_cds_XP_002828543.1_69012	2
lcl|NC_072005.2_cds_XP_009250908.1_69013	2
lcl|NC_072005.2_cds_XP_054394277.1_69054	2
lcl|NC_072005.2_cds_XP_024092530.3_69136	4
lcl|NC_072005.2_cds_XP_024092799.1_69148	3
lcl|NC_072005.2_cds_XP_054395450.2_69149	4
lcl|NC_072005.2_cds_XP_024092868.1_69167	2
lcl|NC_072005.2_cds_XP_024093381.2_69170	2
lcl|NC_072005.2_cds_XP_009250961.1_69196	2
lcl|NC_072005.2_cds_XP_054395466.1_69199	2
lcl|NC_072005.2_cds_XP_024093811.1_69204	3
lcl|NC_072005.2_cds_XP_024093795.2_69233	3
lcl|NC_072005.2_cds_XP_063575962.1_69256	3
lcl|NC_072005.2_cds_XP_054395519.2_69276	2
lcl|NC_072005.2_cds_XP_024094057.2_69300	4
lcl|NC_072005.2_cds_XP_024093865.3_69302	2
lcl|NC_072005.2_cds_XP_063575973.1_69326	4
lcl|NC_072005.2_cds_XP_009251041.4_69420	3
lcl|NC_072005.2_cds_XP_054395601.2_69436	4
lcl|NC_072005.2_cds_XP_024094165.3_69452	2
lcl|NC_072005.2_cds_XP_054395620.1_69468	3
lcl|NC_072005.2_cds_XP_063576001.1_69474	2
lcl|NC_072005.2_cds_XP_024092725.1_69490	4
lcl|NC_072005.2_cds_XP_024092414.2_69504	4
lcl|NC_072005.2_cds_XP_054395651.1_69524	2
lcl|NC_072005.2_cds_XP_063576004.1_69537	4
lcl|NC_072005.2_cds_XP_024092941.2_69556	2
lcl|NC_072005.2_cds_XP_063576008.1_69569	3
lcl|NC_072005.2_cds_XP_054395751.1_69700	4
lcl|NC_072005.2_cds_XP_054395753.2_69706	4
lcl|NC_072005.2_cds_XP_024094204.3_69718	4
lcl|NC_072005.2_cds_XP_024092159.3_69773	2
lcl|NC_072005.2_cds_XP_024092447.2_69786	2
lcl|NC_072005.2_cds_XP_024093974.1_69814	2
lcl|NC_072005.2_cds_XP_054394619.2_69858	2
lcl|NC_072005.2_cds_XP_024094035.1_69873	2
lcl|NC_072005.2_cds_XP_054394632.2_69887	3
lcl|NC_072005.2_cds_XP_054394650.1_69918	2
lcl|NC_072005.2_cds_XP_054394666.1_69937	3
lcl|NC_072005.2_cds_XP_063575382.1_69940	4
lcl|NC_072005.2_cds_XP_063575390.1_69951	2
lcl|NC_072005.2_cds_XP_002828866.2_70008	3
lcl|NC_072005.2_cds_XP_024092566.1_70011	2
lcl|NC_072005.2_cds_XP_054394684.1_70026	3
lcl|NC_072005.2_cds_XP_054401968.1_70031	2
lcl|NC_072005.2_cds_XP_063575409.1_70062	2
lcl|NC_072005.2_cds_XP_024093361.1_70077	4
lcl|NC_072005.2_cds_XP_024093178.3_70087	4
lcl|NC_072005.2_cds_XP_024092997.1_70088	2
lcl|NC_072005.2_cds_XP_054395858.2_70094	3
lcl|NC_072005.2_cds_XP_024092541.3_70106	4
lcl|NC_072005.2_cds_XP_024092540.2_70134	2
lcl|NC_072005.2_cds_XP_054394702.2_70161	2
lcl|NC_072005.2_cds_XP_002828949.6_70165	2
lcl|NC_072005.2_cds_XP_054394715.2_70167	3
lcl|NC_072005.2_cds_XP_024092214.2_70178	2
lcl|NC_072005.2_cds_XP_054395883.2_70223	3
lcl|NC_072005.2_cds_XP_054395902.2_70247	4
lcl|NC_072005.2_cds_XP_024092757.1_70324	2
lcl|NC_072005.2_cds_XP_054395944.2_70351	4
lcl|NC_072005.2_cds_XP_054394738.2_70384	2
lcl|NC_072005.2_cds_XP_002829018.2_70427	2
lcl|NC_072005.2_cds_XP_002829019.3_70442	3
lcl|NC_072005.2_cds_XP_054394760.1_70445	2
lcl|NC_072005.2_cds_XP_054396029.2_70465	4
lcl|NC_072005.2_cds_XP_063576110.1_70547	4
lcl|NC_072005.2_cds_XP_024093058.3_70561	4
lcl|NC_072005.2_cds_XP_054395952.2_70571	4
lcl|NC_072005.2_cds_XP_054394791.2_70679	2
lcl|NC_072005.2_cds_XP_002829062.3_70698	2
lcl|NC_072005.2_cds_NP_001125007.1_70699	4
lcl|NC_072005.2_cds_NP_001124765.1_70718	4
lcl|NC_072005.2_cds_XP_054394813.2_70724	2
lcl|NC_072005.2_cds_XP_024094056.2_70737	4
lcl|NC_072005.2_cds_XP_054394822.2_70740	2
lcl|NC_072005.2_cds_NP_001127205.1_70769	3
lcl|NC_072005.2_cds_XP_054394869.1_70877	4
lcl|NC_072005.2_cds_XP_024093320.2_70899	2
lcl|NC_072005.2_cds_XP_024092657.3_70924	3
lcl|NC_072005.2_cds_XP_054396140.1_70967	3
lcl|NC_072005.2_cds_XP_024093229.3_70979	4
lcl|NC_072005.2_cds_XP_024092280.3_71010	3
lcl|NC_072005.2_cds_XP_024093710.3_71099	3
lcl|NC_072005.2_cds_XP_054396280.2_71219	4
lcl|NC_072005.2_cds_XP_054396284.2_71225	4
lcl|NC_072005.2_cds_XP_024092788.2_71226	4
lcl|NC_072005.2_cds_XP_054396299.1_71261	2
lcl|NC_072005.2_cds_XP_054396335.2_71293	2
lcl|NC_072005.2_cds_XP_054394448.2_71300	4
lcl|NC_072005.2_cds_XP_024092309.3_71389	3
lcl|NC_072005.2_cds_XP_024092140.3_71406	3
lcl|NC_072005.2_cds_XP_024093920.3_71437	3
lcl|NC_072005.2_cds_XP_063575556.1_71443	4
lcl|NC_072005.2_cds_XP_024093328.3_71453	3
lcl|NC_072005.2_cds_XP_054394887.1_71475	2
lcl|NC_072005.2_cds_XP_024092201.3_71548	3
lcl|NC_072005.2_cds_XP_024092856.2_71554	2
lcl|NC_072005.2_cds_XP_054396408.2_71568	2
lcl|NC_072005.2_cds_XP_024092261.2_71630	3
lcl|NC_072005.2_cds_XP_054396436.1_71632	3
lcl|NC_072005.2_cds_XP_063575581.1_71706	3
lcl|NC_072005.2_cds_XP_024092908.3_71717	3
lcl|NC_072005.2_cds_XP_054396484.2_71722	2
lcl|NC_072005.2_cds_XP_024092129.1_71723	3
lcl|NC_072005.2_cds_XP_054396473.2_71745	3
lcl|NC_072005.2_cds_XP_024092903.1_71778	3
lcl|NC_072005.2_cds_XP_002829344.5_71784	4
lcl|NC_072005.2_cds_XP_054396630.2_71992	4
lcl|NC_072005.2_cds_XP_063575647.1_72061	2
lcl|NC_072005.2_cds_XP_024092186.3_72089	2
lcl|NC_072005.2_cds_XP_054396695.1_72118	2
lcl|NC_072005.2_cds_XP_024092832.1_72206	2
lcl|NC_072005.2_cds_XP_024092589.1_72229	3
lcl|NC_072005.2_cds_XP_054396753.2_72259	3
lcl|NC_072005.2_cds_XP_003779259.4_72284	3
lcl|NC_072005.2_cds_XP_024093955.1_72305	2
lcl|NC_072005.2_cds_XP_024093086.3_72316	4
lcl|NC_072005.2_cds_XP_054396791.2_72318	2
lcl|NC_072005.2_cds_XP_024092288.3_72341	4
lcl|NC_072005.2_cds_XP_009231112.4_72342	2
lcl|NC_072005.2_cds_XP_024092184.1_72380	2
lcl|NC_072005.2_cds_XP_024093124.2_72391	2
lcl|NC_072005.2_cds_XP_024092862.3_72414	2
lcl|NC_072005.2_cds_XP_054396891.1_72512	3
lcl|NC_072005.2_cds_XP_024092818.3_72516	2
lcl|NC_072005.2_cds_XP_054396954.1_72616	3
lcl|NC_072005.2_cds_XP_054396957.2_72619	2
lcl|NC_072005.2_cds_XP_054396966.1_72650	2
lcl|NC_072005.2_cds_XP_024092558.2_72674	3
lcl|NC_072005.2_cds_XP_009231202.4_72719	4
lcl|NC_072005.2_cds_XP_054394906.1_72734	2
lcl|NC_072005.2_cds_XP_063576294.1_72746	2
lcl|NC_072005.2_cds_XP_024093933.3_72752	3
lcl|NC_072005.2_cds_XP_054394916.1_72778	2
lcl|NC_072005.2_cds_XP_002829690.4_72847	4
lcl|NC_072005.2_cds_XP_054397086.2_72944	4
lcl|NC_072005.2_cds_XP_054397090.2_72953	4
lcl|NC_072005.2_cds_XP_024093813.3_72983	3
lcl|NC_072005.2_cds_XP_063576322.1_73077	4
lcl|NC_072005.2_cds_XP_009231342.4_73094	4
lcl|NC_072005.2_cds_XP_024093821.3_73123	3
lcl|NC_072005.2_cds_XP_024093288.2_73181	4
lcl|NC_072005.2_cds_XP_024093525.2_73274	3
lcl|NC_072005.2_cds_XP_063575870.1_73313	4
lcl|NC_072005.2_cds_XP_024093539.3_73324	4
lcl|NC_072005.2_cds_XP_054395033.2_73326	2
lcl|NC_072005.2_cds_XP_063575871.1_73355	4
lcl|NC_072005.2_cds_XP_024092487.2_73372	4
lcl|NC_072005.2_cds_XP_054395052.2_73387	4
lcl|NC_072005.2_cds_XP_063575767.1_73402	2
lcl|NC_072005.2_cds_XP_024094080.2_73404	4
lcl|NC_072005.2_cds_XP_024094009.1_73426	2
lcl|NC_072005.2_cds_XP_024092737.3_73450	4
lcl|NC_072005.2_cds_XP_002829854.4_73464	2
lcl|NC_072005.2_cds_XP_024092933.1_73465	2
lcl|NC_072005.2_cds_XP_009231434.4_73468	4
lcl|NC_072005.2_cds_XP_024093372.3_73469	4
lcl|NC_072005.2_cds_XP_009231459.3_73542	2
lcl|NC_072005.2_cds_XP_009231469.3_73554	3
lcl|NC_072005.2_cds_XP_002829897.2_73579	4
lcl|NC_072005.2_cds_XP_054397255.2_73695	4
lcl|NC_072005.2_cds_XP_024092838.1_73825	3
lcl|NC_072006.2_cds_XP_024094512.2_73849	3
lcl|NC_072006.2_cds_XP_024094755.1_73866	4
lcl|NC_072006.2_cds_XP_054397546.2_73869	2
lcl|NC_072006.2_cds_XP_002829998.1_73900	2
lcl|NC_072006.2_cds_XP_009231583.3_73922	2
lcl|NC_072006.2_cds_XP_054397564.2_73961	3
lcl|NC_072006.2_cds_XP_054397573.2_73972	4
lcl|NC_072006.2_cds_XP_054397596.2_74044	4
lcl|NC_072006.2_cds_XP_054397601.2_74057	4
lcl|NC_072006.2_cds_XP_054397606.2_74064	2
lcl|NC_072006.2_cds_NP_001126942.1_74078	2
lcl|NC_072006.2_cds_NP_001126731.1_74150	2
lcl|NC_072006.2_cds_XP_054397635.1_74158	2
lcl|NC_072006.2_cds_XP_024094678.2_74261	3
lcl|NC_072006.2_cds_XP_063576779.1_74265	4
lcl|NC_072006.2_cds_XP_024094628.1_74281	3
lcl|NC_072006.2_cds_XP_024094640.2_74283	3
lcl|NC_072006.2_cds_XP_063576807.1_74298	2
lcl|NC_072006.2_cds_XP_009231696.1_74329	3
lcl|NC_072006.2_cds_XP_024094738.2_74349	4
lcl|NC_072006.2_cds_XP_054398084.1_74552	3
lcl|NC_072006.2_cds_XP_054398097.1_74572	4
lcl|NC_072006.2_cds_XP_054398108.1_74591	4
lcl|NC_072006.2_cds_XP_024094897.3_74633	3
lcl|NC_072006.2_cds_XP_063576686.1_74655	2
lcl|NC_072006.2_cds_XP_024094451.3_74682	3
lcl|NC_072006.2_cds_XP_054398163.1_74694	3
lcl|NC_072006.2_cds_XP_024094659.2_74724	3
lcl|NC_072006.2_cds_XP_054398178.1_74762	3
lcl|NC_072006.2_cds_XP_024094249.1_74772	3
lcl|NC_072006.2_cds_XP_063576709.1_74808	4
lcl|NC_072006.2_cds_XP_054397485.1_74826	3
lcl|NC_072006.2_cds_XP_009231833.3_74900	2
lcl|NC_072006.2_cds_XP_002830322.2_74904	2
lcl|NC_072006.2_cds_XP_024094877.2_74907	4
lcl|NC_072006.2_cds_NP_001127219.1_74928	4
lcl|NC_072006.2_cds_XP_024094865.2_74934	4
lcl|NC_072006.2_cds_XP_063576582.1_74937	3
lcl|NC_072006.2_cds_XP_024094397.2_74958	3
lcl|NC_072006.2_cds_XP_054398237.1_74966	4
lcl|NC_072006.2_cds_XP_009231860.2_75009	4
lcl|NC_072006.2_cds_XP_054398283.1_75016	3
lcl|NC_072006.2_cds_XP_024094620.2_75023	3
lcl|NC_072006.2_cds_XP_024094774.2_75030	3
lcl|NC_072006.2_cds_XP_024094650.1_75226	3
lcl|NC_072006.2_cds_XP_002830424.1_75230	3
lcl|NC_072006.2_cds_XP_024094345.1_75290	2
lcl|NC_072006.2_cds_XP_024094377.2_75322	2
lcl|NC_072006.2_cds_XP_024094382.2_75337	4
lcl|NC_072006.2_cds_XP_024094644.1_75343	2
lcl|NC_072006.2_cds_XP_024094657.2_75346	4
lcl|NC_072006.2_cds_NP_001125921.1_75348	2
lcl|NC_072006.2_cds_XP_024094391.2_75365	4
lcl|NC_072006.2_cds_XP_002830449.1_75369	4
lcl|NC_072006.2_cds_XP_054398295.1_75393	2
lcl|NC_072006.2_cds_XP_002830462.1_75400	3
lcl|NC_072006.2_cds_XP_002830470.2_75413	2
lcl|NC_072006.2_cds_XP_054398305.1_75415	2
lcl|NC_072006.2_cds_XP_002830474.3_75417	2
lcl|NC_072006.2_cds_XP_054397848.1_75429	4
lcl|NC_072006.2_cds_XP_024094773.2_75431	2
lcl|NC_072006.2_cds_XP_063576637.1_75494	3
lcl|NC_072006.2_cds_XP_024094787.2_75531	4
lcl|NC_072006.2_cds_XP_024094627.2_75539	4
lcl|NC_072006.2_cds_XP_024094833.2_75550	4
lcl|NC_072006.2_cds_XP_024094904.2_75552	2
lcl|NC_072006.2_cds_XP_054397903.1_75590	2
lcl|NC_072006.2_cds_NP_001361231.1_75614	2
lcl|NC_072006.2_cds_XP_063576643.1_75648	4
lcl|NC_072006.2_cds_XP_054398333.1_75656	2
lcl|NC_072006.2_cds_XP_024094534.2_75664	2
lcl|NC_072006.2_cds_XP_054397373.1_75672	4
lcl|NC_072006.2_cds_XP_024094537.1_75722	4
lcl|NC_072006.2_cds_NP_001125315.1_75726	3
lcl|NC_072006.2_cds_XP_054397961.1_75751	3
lcl|NC_072007.2_cds_XP_063576916.1_75795	4
lcl|NC_072007.2_cds_XP_054398807.2_75820	4
lcl|NC_072007.2_cds_XP_024095253.1_75829	4
lcl|NC_072007.2_cds_XP_024095247.2_75841	2
lcl|NC_072007.2_cds_XP_024095250.3_75859	4
lcl|NC_072007.2_cds_XP_063576934.1_75864	4
lcl|NC_072007.2_cds_XP_063576855.1_75895	2
lcl|NC_072007.2_cds_XP_063576937.1_75897	2
lcl|NC_072007.2_cds_XP_002830634.4_75901	3
lcl|NC_072007.2_cds_XP_063576872.1_75930	4
lcl|NC_072007.2_cds_XP_024095216.1_75969	2
lcl|NC_072007.2_cds_XP_002830674.3_75990	3
lcl|NC_072007.2_cds_XP_002830680.4_76003	2
lcl|NC_072007.2_cds_XP_054398730.2_76018	3
lcl|NC_072007.2_cds_XP_024095228.3_76028	2
lcl|NC_072007.2_cds_XP_024095234.2_76057	4
lcl|NC_072007.2_cds_XP_054398751.2_76060	3
lcl|NC_072007.2_cds_XP_024095039.1_76072	4
lcl|NC_072007.2_cds_XP_024095297.3_76116	4
lcl|NC_072007.2_cds_XP_054398375.2_76118	2
lcl|NC_072007.2_cds_XP_009232223.4_76126	2
lcl|NC_072007.2_cds_XP_054398468.2_76147	2
lcl|NC_072007.2_cds_XP_024095134.3_76203	2
lcl|NC_072007.2_cds_XP_054398534.1_76260	4
lcl|NC_072007.2_cds_XP_054398542.2_76284	2
lcl|NC_072007.2_cds_XP_024095274.1_76287	4
lcl|NC_072007.2_cds_XP_063576982.1_76289	4
lcl|NC_072007.2_cds_XP_063576895.1_76381	4
lcl|NC_072007.2_cds_NP_001129000.1_76389	3
lcl|NC_072007.2_cds_XP_054398388.2_76404	3
lcl|NC_072007.2_cds_XP_024095046.3_76409	2
lcl|NC_072007.2_cds_XP_054398619.2_76478	4
lcl|NC_072007.2_cds_XP_024095135.1_76541	4
lcl|NC_072007.2_cds_XP_024095114.3_76542	4
lcl|NC_072007.2_cds_XP_009232350.4_76552	3
lcl|NC_072007.2_cds_XP_063577008.1_76557	2
lcl|NC_072007.2_cds_XP_054398692.2_76573	4
lcl|NC_085929.1_cds_XP_054398983.2_76617	2
lcl|NC_085929.1_cds_XP_024095833.3_76626	2
lcl|NC_085929.1_cds_XP_054398991.2_76635	2
lcl|NC_085929.1_cds_XP_054398998.2_76663	4
lcl|NC_085929.1_cds_XP_063578822.1_76685	4
lcl|NC_085929.1_cds_XP_054399020.2_76688	4
lcl|NC_085929.1_cds_XP_063578825.1_76691	4
lcl|NC_085929.1_cds_XP_063578829.1_76694	4
lcl|NC_085929.1_cds_XP_054399040.2_76703	4
lcl|NC_085929.1_cds_XP_002830947.3_76704	2
lcl|NC_085929.1_cds_XP_024095473.1_76759	2
lcl|NC_085929.1_cds_XP_009235105.4_76778	2
lcl|NC_085929.1_cds_XP_054399060.2_76789	2
lcl|NC_085929.1_cds_XP_063578799.1_76793	2
lcl|NC_085929.1_cds_XP_024095947.3_76828	2
lcl|NC_085929.1_cds_XP_054399632.1_76901	2
lcl|NC_085929.1_cds_XP_054399067.1_76957	3
lcl|NC_085929.1_cds_XP_054399077.2_76966	3
lcl|NC_085929.1_cds_XP_054399088.1_76984	2
lcl|NC_085929.1_cds_XP_063579043.1_76995	4
lcl|NC_085929.1_cds_XP_054399114.1_77031	2
lcl|NC_085929.1_cds_XP_002830966.4_77055	3
lcl|NC_085929.1_cds_XP_024095793.3_77187	2
lcl|NC_085929.1_cds_XP_024095796.3_77188	2
lcl|NC_085929.1_cds_XP_024095798.3_77197	4
lcl|NC_085929.1_cds_XP_024095646.3_77216	3
lcl|NC_085929.1_cds_XP_024095560.3_77218	4
lcl|NC_085929.1_cds_NP_001126744.1_77236	4
lcl|NC_085929.1_cds_XP_024095994.3_77243	2
lcl|NC_085929.1_cds_XP_024095421.3_77247	4
lcl|NC_085929.1_cds_XP_054399243.2_77281	4
lcl|NC_085929.1_cds_XP_054399274.1_77326	3
lcl|NC_085929.1_cds_XP_002831036.3_77333	2
lcl|NC_085929.1_cds_XP_054398930.1_77377	3
lcl|NC_085929.1_cds_XP_054398939.1_77450	2
lcl|NC_085929.1_cds_XP_024095432.2_77460	3
lcl|NC_085929.1_cds_XP_054398906.2_77463	3
lcl|NC_085929.1_cds_XP_063578911.1_77472	3
lcl|NC_085929.1_cds_XP_054399308.1_77497	4
lcl|NC_085929.1_cds_XP_024095805.3_77502	3
lcl|NC_085929.1_cds_XP_002831078.2_77573	4
lcl|NC_085929.1_cds_XP_024095492.1_77580	3
lcl|NC_085929.1_cds_XP_024095456.3_77647	3
lcl|NC_085929.1_cds_XP_024095764.3_77707	2
lcl|NC_085929.1_cds_XP_024095993.3_77726	4
lcl|NC_085929.1_cds_XP_054399364.2_77769	2
lcl|NC_085929.1_cds_XP_054399378.2_77783	4
lcl|NC_085929.1_cds_XP_054399394.2_77808	3
lcl|NC_085929.1_cds_XP_054399459.2_77974	2
lcl|NC_085929.1_cds_XP_024095500.1_77992	4
lcl|NC_085929.1_cds_XP_009232686.2_78018	3
lcl|NC_085929.1_cds_XP_054399489.2_78047	3
lcl|NC_085929.1_cds_XP_054399492.1_78054	2
lcl|NC_085929.1_cds_XP_002831229.2_78061	3
lcl|NC_085929.1_cds_XP_003779614.5_78081	4
lcl|NC_085929.1_cds_XP_024095643.3_78084	4
lcl|NC_085929.1_cds_XP_024095436.3_78087	2
lcl|NC_085929.1_cds_XP_054399503.2_78099	4
lcl|NC_085929.1_cds_XP_024095701.3_78134	3
lcl|NC_085929.1_cds_XP_054399730.1_78200	4
lcl|NC_085929.1_cds_XP_054399733.2_78209	2
lcl|NC_085929.1_cds_XP_024095826.2_78274	4
lcl|NC_085929.1_cds_XP_024095843.2_78301	2
lcl|NC_085929.1_cds_XP_054399786.1_78314	2
lcl|NC_085929.1_cds_XP_054399799.1_78342	2
lcl|NC_085929.1_cds_XP_024095828.2_78346	2
lcl|NC_085929.1_cds_XP_024095949.3_78364	2
lcl|NC_085929.1_cds_XP_002831344.2_78397	3
lcl|NC_085929.1_cds_XP_024095365.1_78425	2
lcl|NC_085929.1_cds_XP_054399853.2_78449	3
lcl|NC_085929.1_cds_XP_054399851.2_78502	3
lcl|NC_085929.1_cds_XP_002831355.4_78526	4
lcl|NC_085929.1_cds_XP_024095861.3_78542	2
lcl|NC_072008.2_cds_XP_024097321.2_78632	4
lcl|NC_072008.2_cds_XP_054400273.1_78651	2
lcl|NC_072008.2_cds_XP_002831416.3_78692	2
lcl|NC_072008.2_cds_XP_024096605.2_78695	2
lcl|NC_072008.2_cds_XP_002831420.2_78712	4
lcl|NC_072008.2_cds_XP_054400310.1_78718	4
lcl|NC_072008.2_cds_XP_063577413.1_78724	4
lcl|NC_072008.2_cds_XP_063577409.1_78725	2
lcl|NC_072008.2_cds_XP_024096563.1_78743	2
lcl|NC_072008.2_cds_XP_063577300.1_78760	4
lcl|NC_072008.2_cds_XP_002831473.1_78823	2
lcl|NC_072008.2_cds_XP_054400346.1_78842	4
lcl|NC_072008.2_cds_XP_002831486.2_78862	2
lcl|NC_072008.2_cds_XP_009232913.2_78865	4
lcl|NC_072008.2_cds_XP_054400363.1_78867	2
lcl|NC_072008.2_cds_XP_024096099.1_78914	3
lcl|NC_072008.2_cds_XP_002831501.1_78933	4
lcl|NC_072008.2_cds_XP_024096545.1_78959	2
lcl|NC_072008.2_cds_XP_002831512.3_78986	3
lcl|NC_072008.2_cds_XP_054400404.1_78999	3
lcl|NC_072008.2_cds_XP_024096483.2_79051	2
lcl|NC_072008.2_cds_XP_024096881.2_79100	4
lcl|NC_072008.2_cds_XP_054400443.1_79114	2
lcl|NC_072008.2_cds_XP_063577457.1_79142	2
lcl|NC_072008.2_cds_XP_054400452.1_79152	2
lcl|NC_072008.2_cds_XP_054400459.1_79178	3
lcl|NC_072008.2_cds_XP_024096262.1_79192	2
lcl|NC_072008.2_cds_XP_024096673.1_79276	3
lcl|NC_072008.2_cds_XP_054400125.1_79286	3
lcl|NC_072008.2_cds_XP_024096682.2_79296	3
lcl|NC_072008.2_cds_XP_024096307.2_79408	3
lcl|NC_072008.2_cds_XP_024096732.1_79448	3
lcl|NC_072008.2_cds_XP_054400518.1_79487	3
lcl|NC_072008.2_cds_XP_024096508.1_79508	4
lcl|NC_072008.2_cds_XP_054400531.1_79510	3
lcl|NC_072008.2_cds_XP_024096174.2_79512	2
lcl|NC_072008.2_cds_XP_009233129.3_79513	4
lcl|NC_072008.2_cds_XP_063577058.1_79605	3
lcl|NC_072008.2_cds_XP_024096237.1_79608	3
lcl|NC_072008.2_cds_XP_024096342.1_79616	3
lcl|NC_072008.2_cds_XP_054400564.1_79645	3
lcl|NC_072008.2_cds_XP_054400580.1_79662	3
lcl|NC_072008.2_cds_XP_054400588.1_79666	3
lcl|NC_072008.2_cds_XP_054400592.1_79673	3
lcl|NC_072008.2_cds_XP_024096244.1_79684	3
lcl|NC_072008.2_cds_XP_024096669.2_79696	4
lcl|NC_072008.2_cds_XP_002831745.2_79701	3
lcl|NC_072008.2_cds_XP_002831775.1_79783	3
lcl|NC_072008.2_cds_XP_002831786.2_79796	3
lcl|NC_072008.2_cds_XP_024096750.1_79816	3
lcl|NC_072008.2_cds_XP_009233214.2_79836	2
lcl|NC_072008.2_cds_XP_054400651.1_79847	3
lcl|NC_072008.2_cds_XP_024096341.1_79878	3
lcl|NC_072008.2_cds_XP_054400672.1_79881	3
lcl|NC_072008.2_cds_XP_024096461.1_79892	4
lcl|NC_072008.2_cds_XP_009233232.2_79902	3
lcl|NC_072008.2_cds_XP_054400124.1_79906	3
lcl|NC_072008.2_cds_XP_024096898.1_79916	3
lcl|NC_072008.2_cds_XP_024096588.1_79925	3
lcl|NC_072008.2_cds_NP_001127296.2_79931	3
lcl|NC_072008.2_cds_XP_054400680.1_79942	4
lcl|NC_072008.2_cds_XP_002831842.2_79952	3
lcl|NC_072008.2_cds_XP_002831850.3_79962	3
lcl|NC_072008.2_cds_XP_002831865.2_79994	3
lcl|NC_072008.2_cds_XP_054400724.1_80012	4
lcl|NC_072008.2_cds_XP_002831876.3_80016	3
lcl|NC_072008.2_cds_XP_024096285.1_80025	3
lcl|NC_072008.2_cds_XP_002831882.2_80036	3
lcl|NC_072008.2_cds_XP_024096659.1_80071	3
lcl|NC_072008.2_cds_XP_009233306.2_80149	2
lcl|NC_072008.2_cds_XP_054400804.1_80171	2
lcl|NC_072008.2_cds_XP_024096421.1_80182	2
lcl|NC_072008.2_cds_XP_024096913.1_80240	3
lcl|NC_072008.2_cds_XP_054400826.1_80258	3
lcl|NC_072008.2_cds_XP_054400848.1_80324	4
lcl|NC_072008.2_cds_NP_001126271.1_80344	4
lcl|NC_072008.2_cds_XP_054400897.1_80444	3
lcl|NC_072008.2_cds_NP_001127030.2_80456	2
lcl|NC_072008.2_cds_XP_002832007.1_80460	3
lcl|NC_072008.2_cds_XP_054400906.1_80466	3
lcl|NC_072008.2_cds_XP_054400911.1_80483	3
lcl|NC_072008.2_cds_XP_054400920.1_80517	4
lcl|NC_072008.2_cds_XP_054400925.1_80520	3
lcl|NC_072008.2_cds_XP_002832028.2_80525	4
lcl|NC_072008.2_cds_XP_002832066.3_80527	4
lcl|NC_072008.2_cds_XP_003779749.2_80557	4
lcl|NC_072008.2_cds_XP_024096444.1_80591	3
lcl|NC_072008.2_cds_XP_002832050.1_80604	4
lcl|NC_072008.2_cds_XP_024096809.1_80610	3
lcl|NC_072008.2_cds_XP_054400959.1_80620	4
lcl|NC_072008.2_cds_XP_024096726.1_80646	4
lcl|NC_072008.2_cds_XP_054400969.1_80649	2
lcl|NC_072008.2_cds_XP_002832083.1_80659	3
lcl|NC_072008.2_cds_XP_054400991.1_80704	2
lcl|NC_072008.2_cds_XP_002832117.1_80718	4
lcl|NC_072008.2_cds_XP_063577327.1_80742	2
lcl|NC_072008.2_cds_XP_024096351.1_80753	3
lcl|NC_072008.2_cds_XP_054401014.1_80778	4
lcl|NC_072008.2_cds_XP_024096119.1_80794	3
lcl|NC_072008.2_cds_NP_001125941.1_80802	4
lcl|NC_072008.2_cds_XP_024096830.1_80816	3
lcl|NC_072008.2_cds_XP_024096843.1_80852	4
lcl|NC_072008.2_cds_XP_054401058.1_80881	3
lcl|NC_072008.2_cds_XP_003779783.1_80968	4
lcl|NC_072008.2_cds_XP_024096313.2_81002	2
lcl|NC_072008.2_cds_XP_002832207.3_81003	4
lcl|NC_072008.2_cds_XP_054401119.1_81040	2
lcl|NC_072008.2_cds_XP_063577111.1_81049	2
lcl|NC_072008.2_cds_XP_054400220.1_81072	3
lcl|NC_072008.2_cds_XP_054400221.1_81073	3
lcl|NC_072008.2_cds_XP_002832253.2_81079	2
lcl|NC_072008.2_cds_XP_024096901.2_81087	4
lcl|NC_072008.2_cds_XP_054401136.1_81113	4
lcl|NC_072008.2_cds_XP_054401191.1_81258	4
lcl|NC_072008.2_cds_XP_054401192.1_81261	4
lcl|NC_072008.2_cds_XP_054401194.1_81272	4
lcl|NC_072008.2_cds_XP_063577191.1_81296	3
lcl|NC_072008.2_cds_XP_063577205.1_81322	4
lcl|NC_072008.2_cds_XP_024096522.1_81325	2
lcl|NC_072008.2_cds_XP_063577207.1_81341	3
lcl|NC_072008.2_cds_XP_024096896.1_81362	3
lcl|NC_072008.2_cds_XP_054401245.1_81396	3
lcl|NC_072008.2_cds_XP_024096329.1_81418	4
lcl|NC_072009.2_cds_XP_054401299.1_81513	2
lcl|NC_072009.2_cds_XP_054401438.1_81544	2
lcl|NC_072009.2_cds_XP_054401478.1_81562	3
lcl|NC_072009.2_cds_XP_054401474.1_81564	3
lcl|NC_072009.2_cds_XP_054401272.1_81565	4
lcl|NC_072009.2_cds_XP_054401267.1_81578	3
lcl|NC_072009.2_cds_XP_054401340.1_81653	3
lcl|NC_072009.2_cds_XP_054401348.1_81677	3
lcl|NC_072009.2_cds_XP_054401349.1_81678	3
