seqname	GC	AT	GC_skew	GC3	GC_avg_stretch	AT_avg_stretch
lcl|NC_071985.2_cds_XP_024110122.1_78	51.98	48.02	0.06988	67.98	3.80	3.68
lcl|NC_071985.2_cds_XP_054405874.1_108	41.68	58.32	0.05890	33.15	3.67	4.25
lcl|NC_071985.2_cds_XP_024102199.2_131	62.29	37.71	-0.04798	78.42	4.53	3.58
lcl|NC_071985.2_cds_XP_054406032.1_156	39.34	60.66	0.05945	34.87	3.76	4.47
lcl|NC_071985.2_cds_XP_009245546.2_194	43.22	56.78	0.02031	32.85	3.45	4.08
lcl|NC_071985.2_cds_XP_024091551.2_225	42.27	57.73	0.06331	37.07	3.59	4.16
lcl|NC_071985.2_cds_XP_054416820.1_229	41.95	58.05	0.05025	41.52	3.38	4.33
lcl|NC_071985.2_cds_XP_054416953.1_247	58.55	41.45	-0.09887	55.65	4.92	4.01
lcl|NC_071985.2_cds_XP_054417034.1_261	46.10	53.9	0.07184	48.72	3.69	4.09
lcl|NC_071985.2_cds_NP_001359294.1_265	46.92	53.08	0.09428	48.03	3.69	4.12
lcl|NC_071985.2_cds_XP_024088978.1_269	53.97	46.03	0.05590	71.51	3.94	3.62
lcl|NC_071985.2_cds_XP_024095740.2_273	42.07	57.93	0.04100	44.66	3.63	4.25
lcl|NC_071985.2_cds_XP_024106979.2_287	57.26	42.74	-0.00840	65.71	4.14	3.57
lcl|NC_071985.2_cds_XP_024108751.2_288	40.93	59.07	0.03556	36.19	3.41	4.38
lcl|NC_071985.2_cds_XP_009250069.1_306	39.19	60.81	0.17152	30.21	3.38	4.30
lcl|NC_071985.2_cds_XP_024088129.2_319	48.38	51.62	0.08411	50.74	4.78	4.41
lcl|NC_071985.2_cds_XP_024110028.2_332	57.22	42.78	-0.01959	61.96	4.79	3.88
lcl|NC_071985.2_cds_XP_054417324.1_334	51.21	48.79	-0.04860	58.56	3.83	4.00
lcl|NC_071985.2_cds_XP_002809341.1_339	45.78	54.22	-0.02011	41.88	4.30	4.48
lcl|NC_071985.2_cds_XP_054417408.1_340	51.88	48.12	-0.00407	57.36	3.88	3.97
lcl|NC_071985.2_cds_XP_024105171.2_353	55.03	44.97	0.05099	56.45	3.86	3.71
lcl|NC_071985.2_cds_XP_024111130.2_377	46.45	53.55	0.04319	47.57	4.20	4.22
lcl|NC_071985.2_cds_XP_002809368.3_397	50.78	49.22	0.01076	59.15	3.74	3.90
lcl|NC_071985.2_cds_XP_054417777.1_405	44.10	55.9	0.03908	40.68	3.65	4.19
lcl|NC_071985.2_cds_XP_054374725.1_447	64.10	35.9	0.08132	78.33	4.42	3.39
lcl|NC_071985.2_cds_XP_054375286.1_518	41.77	58.23	0.06269	36.62	3.55	4.29
lcl|NC_071985.2_cds_XP_054375301.1_545	62.30	37.7	0.04672	71.93	4.44	3.49
lcl|NC_071985.2_cds_XP_024101750.1_547	51.23	48.77	0.08846	64.43	3.86	3.92
lcl|NC_071985.2_cds_XP_063572506.1_589	51.45	48.55	-0.10015	40.31	3.72	3.78
lcl|NC_071985.2_cds_XP_054375508.1_607	37.21	62.79	0.03628	33.48	3.36	4.57
lcl|NC_071985.2_cds_XP_054375767.1_646	45.36	54.64	0.09061	39.37	3.63	4.04
lcl|NC_071985.2_cds_XP_009235622.1_653	48.28	51.72	0.02190	44.32	3.69	4.12
lcl|NC_071985.2_cds_XP_024111630.2_665	43.27	56.73	-0.09776	48.89	3.44	4.11
lcl|NC_071985.2_cds_XP_063581120.1_667	47.28	52.72	-0.04208	51.62	3.65	4.13
lcl|NC_071985.2_cds_XP_024089675.2_683	43.70	56.3	0.08014	37.47	3.61	4.31
lcl|NC_071985.2_cds_XP_002809484.2_710	43.74	56.26	0.06506	39.31	3.52	4.30
lcl|NC_071985.2_cds_XP_054376195.1_719	42.13	57.87	0.10984	36.58	3.42	4.18
lcl|NC_071985.2_cds_XP_024095075.2_753	45.87	54.13	-0.02570	42.80	3.53	4.07
lcl|NC_071985.2_cds_XP_024106386.2_761	40.93	59.07	0.15272	40.82	3.53	4.25
lcl|NC_071985.2_cds_XP_054376447.1_764	54.32	45.68	-0.00930	67.59	3.96	3.88
lcl|NC_071985.2_cds_XP_054376521.1_788	42.88	57.12	0.09222	35.68	3.77	4.16
lcl|NC_071985.2_cds_XP_002809534.4_832	43.27	56.73	-0.00480	40.29	3.39	3.94
lcl|NC_071985.2_cds_XP_024095131.1_871	52.49	47.51	0.06607	65.15	3.99	3.81
lcl|NC_071985.2_cds_XP_054377233.1_892	38.73	61.27	0.08850	31.56	3.42	4.48
lcl|NC_071985.2_cds_XP_054377313.1_909	60.50	39.5	0.03617	69.65	4.09	3.52
lcl|NC_071985.2_cds_XP_009236620.2_912	57.64	42.36	-0.06025	76.07	4.11	3.60
lcl|NC_071985.2_cds_XP_054377533.1_931	49.23	50.77	-0.01423	46.72	3.87	3.96
lcl|NC_071985.2_cds_XP_009236657.1_943	47.09	52.91	-0.00518	41.26	3.79	3.88
lcl|NC_071985.2_cds_XP_024094561.1_1016	53.30	46.7	-0.03734	66.79	3.95	3.75
lcl|NC_071985.2_cds_XP_009236923.2_1038	55.29	44.71	-0.10026	71.71	3.78	3.65
lcl|NC_071985.2_cds_XP_024087753.1_1092	52.83	47.17	0.05292	61.18	4.06	3.74
lcl|NC_071985.2_cds_NP_001124990.1_1103	60.33	39.67	-0.04777	73.10	4.11	3.39
lcl|NC_071985.2_cds_XP_054378285.1_1112	57.82	42.18	-0.04891	70.69	4.14	3.62
lcl|NC_071985.2_cds_XP_009237182.1_1136	56.96	43.04	-0.05798	72.17	4.05	3.58
lcl|NC_071985.2_cds_XP_054378394.1_1143	60.50	39.5	-0.08337	71.51	4.22	3.71
lcl|NC_071985.2_cds_XP_054378596.1_1195	41.77	58.23	0.05537	37.55	3.44	4.18
lcl|NC_071985.2_cds_XP_054378646.1_1201	50.67	49.33	0.02860	60.14	3.67	3.66
lcl|NC_071985.2_cds_XP_054378745.1_1227	60.93	39.07	0.06884	76.16	4.26	3.40
lcl|NC_071985.2_cds_XP_024102460.1_1256	47.92	52.08	0.06258	47.70	3.76	3.96
lcl|NC_071985.2_cds_XP_024102859.1_1269	51.09	48.91	0.05625	50.19	3.92	3.83
lcl|NC_071985.2_cds_XP_054379106.1_1287	60.54	39.46	-0.08861	73.56	4.07	3.49
lcl|NC_071985.2_cds_XP_024087525.1_1304	50.96	49.04	0.00565	55.76	3.88	3.89
lcl|NC_071985.2_cds_XP_054379216.1_1317	58.05	41.95	-0.07835	66.79	4.15	3.57
lcl|NC_071985.2_cds_XP_054404242.2_1348	60.37	39.63	0.03303	73.82	3.96	3.52
lcl|NC_071985.2_cds_XP_054379452.1_1363	56.02	43.98	-0.04251	77.12	3.90	3.46
lcl|NC_071985.2_cds_XP_054379460.1_1366	59.19	40.81	0.02038	77.93	4.25	3.50
lcl|NC_071985.2_cds_XP_063582054.1_1386	41.47	58.53	0.01957	34.08	3.52	4.22
lcl|NC_071985.2_cds_XP_024093530.2_1396	38.10	61.9	0.10451	29.96	3.35	4.31
lcl|NC_071985.2_cds_XP_002809695.3_1406	47.19	52.81	-0.00315	46.82	4.28	4.00
lcl|NC_071985.2_cds_XP_024112225.1_1421	41.14	58.86	-0.02914	37.18	3.54	4.51
lcl|NC_071985.2_cds_XP_054379793.1_1444	45.29	54.71	0.00152	45.52	3.42	4.17
lcl|NC_071985.2_cds_XP_024094412.1_1448	37.40	62.6	0.05779	27.91	3.33	4.54
lcl|NC_071985.2_cds_XP_024109889.2_1449	36.76	63.24	0.04727	30.96	3.50	4.57
lcl|NC_071985.2_cds_XP_002809715.2_1468	39.45	60.55	0.10425	28.08	3.45	4.38
lcl|NC_071985.2_cds_XP_054379872.1_1469	40.75	59.25	0.02134	38.35	3.52	4.32
lcl|NC_071985.2_cds_XP_024101619.2_1536	42.62	57.38	0.10321	32.79	3.75	4.05
lcl|NC_071985.2_cds_XP_054404330.1_1537	50.18	49.82	-0.33367	42.16	3.59	3.87
lcl|NC_071985.2_cds_XP_002809737.3_1540	45.23	54.77	0.03177	38.44	3.54	4.08
lcl|NC_071985.2_cds_XP_009238348.2_1545	37.06	62.94	0.04102	33.98	3.36	4.39
lcl|NC_071985.2_cds_XP_002809741.2_1565	51.31	48.69	0.08531	56.08	3.74	3.85
lcl|NC_071985.2_cds_XP_054380211.1_1569	42.40	57.6	0.10853	37.30	3.74	4.30
lcl|NC_071985.2_cds_XP_063582276.1_1601	49.39	50.61	-0.09072	48.92	3.70	3.90
lcl|NC_071985.2_cds_XP_063582315.1_1614	52.85	47.15	0.07977	55.61	3.80	3.58
lcl|NC_071985.2_cds_XP_009238479.3_1616	51.25	48.75	0.07276	53.76	3.96	3.66
lcl|NC_071985.2_cds_XP_002809755.1_1619	44.57	55.43	0.09776	38.11	3.60	4.08
lcl|NC_071985.2_cds_XP_054380497.1_1647	44.62	55.38	-0.02282	55.71	3.45	4.07
lcl|NC_071985.2_cds_XP_054380586.1_1657	54.58	45.42	-0.01466	69.23	3.98	3.86
lcl|NC_071985.2_cds_XP_024095402.2_1670	64.81	35.19	-0.00759	70.74	4.44	3.40
lcl|NC_071985.2_cds_XP_063572879.1_1693	42.78	57.22	0.04358	34.91	3.61	4.09
lcl|NC_071985.2_cds_XP_054406513.1_1723	43.18	56.82	0.05365	40.64	3.47	4.10
lcl|NC_071985.2_cds_XP_054406561.1_1733	39.79	60.21	0.09558	39.50	3.55	4.34
lcl|NC_071985.2_cds_XP_002809798.3_1747	51.00	49	0.00436	50.17	3.65	3.85
lcl|NC_071985.2_cds_XP_024107616.1_1775	49.74	50.26	-0.00312	53.88	3.70	3.92
lcl|NC_071985.2_cds_XP_054380758.1_1785	55.11	44.89	0.00000	56.64	3.76	3.85
lcl|NC_071985.2_cds_XP_054380787.1_1789	56.08	43.92	-0.01916	68.23	4.05	3.56
lcl|NC_071985.2_cds_XP_024088098.2_1792	54.06	45.94	0.00619	59.77	3.78	3.54
lcl|NC_071985.2_cds_XP_024106938.1_1803	56.12	43.88	0.00437	67.03	3.94	3.61
lcl|NC_071985.2_cds_XP_024086930.2_1811	58.97	41.03	0.07565	73.69	4.11	3.62
lcl|NC_071985.2_cds_XP_024101222.1_1821	43.50	56.5	0.13328	43.35	3.35	4.03
lcl|NC_071985.2_cds_XP_024088000.1_1852	48.28	51.72	-0.04988	40.18	3.51	3.87
lcl|NC_071985.2_cds_XP_024095720.2_1896	35.04	64.96	0.07363	33.39	3.42	4.82
lcl|NC_071985.2_cds_XP_003775543.1_1908	39.07	60.93	0.04419	29.56	3.48	4.46
lcl|NC_071985.2_cds_XP_024104981.2_1919	48.08	51.92	-0.01833	50.80	3.83	3.86
lcl|NC_071985.2_cds_XP_024101433.2_1950	46.75	53.25	-0.06614	33.06	3.53	4.02
lcl|NC_071985.2_cds_XP_024088137.3_1968	40.41	59.59	0.00861	44.55	3.44	4.35
lcl|NC_071985.2_cds_XP_009239346.2_1996	42.62	57.38	-0.02230	40.02	3.45	4.21
lcl|NC_071985.2_cds_XP_024095203.2_2008	45.07	54.93	-0.09923	45.52	3.50	4.04
lcl|NC_071985.2_cds_XP_024112599.2_2058	44.14	55.86	0.03221	33.80	3.41	4.25
lcl|NC_071985.2_cds_XP_024109455.2_2067	43.91	56.09	0.01225	53.13	3.49	4.22
lcl|NC_071985.2_cds_NP_001126090.2_2083	57.53	42.47	0.11996	71.65	3.88	3.58
lcl|NC_071985.2_cds_XP_024103725.1_2136	50.19	49.81	-0.00078	58.18	3.64	3.68
lcl|NC_071985.2_cds_XP_024102685.2_2204	62.65	37.35	-0.03015	67.77	4.23	3.36
lcl|NC_071985.2_cds_XP_002809949.3_2236	58.13	41.87	0.11875	58.40	3.95	3.45
lcl|NC_071985.2_cds_XP_054389706.1_2276	48.95	51.05	0.03091	52.43	3.69	3.75
lcl|NC_071985.2_cds_XP_024102171.1_2295	51.88	48.12	-0.00561	64.37	3.69	3.96
lcl|NC_071985.2_cds_NP_001125304.1_2298	56.81	43.19	0.00920	73.07	3.96	3.27
lcl|NC_071985.2_cds_XP_054383069.1_2307	63.22	36.78	-0.06644	68.66	4.35	3.38
lcl|NC_071985.2_cds_XP_024110798.2_2368	48.57	51.43	0.12365	53.53	3.63	3.79
lcl|NC_071985.2_cds_XP_054404609.1_2397	53.51	46.49	-0.08400	55.02	3.95	3.79
lcl|NC_071985.2_cds_XP_054406900.1_2403	56.94	43.06	-0.04335	63.16	3.97	3.73
lcl|NC_071985.2_cds_XP_002810048.3_2428	62.88	37.12	-0.08887	68.88	4.16	3.38
lcl|NC_071985.2_cds_XP_002810049.3_2433	60.94	39.06	-0.04509	74.50	4.08	3.44
lcl|NC_071985.2_cds_XP_002810064.3_2455	59.09	40.91	0.17582	61.42	4.27	3.68
lcl|NC_071985.2_cds_XP_024103722.2_2456	61.95	38.05	0.02183	67.11	4.22	3.38
lcl|NC_071985.2_cds_XP_024088043.2_2466	56.54	43.46	0.00829	68.83	3.81	3.66
lcl|NC_071985.2_cds_XP_002810073.1_2499	55.46	44.54	-0.02482	64.80	3.81	3.58
lcl|NC_071985.2_cds_XP_054407397.1_2534	58.68	41.32	0.00616	68.61	4.24	3.49
lcl|NC_071985.2_cds_XP_054407513.1_2565	50.29	49.71	0.03322	50.11	3.73	3.73
lcl|NC_071985.2_cds_XP_054401492.1_2623	44.04	55.96	-0.00663	39.93	3.53	4.07
lcl|NC_071985.2_cds_XP_024100813.2_2629	62.35	37.65	-0.05269	67.88	4.47	3.79
lcl|NC_071985.2_cds_XP_054407658.1_2669	55.96	44.04	0.02101	60.15	3.87	3.44
lcl|NC_071985.2_cds_XP_054407980.1_2696	63.53	36.47	-0.01444	74.43	4.38	3.35
lcl|NC_071985.2_cds_XP_054408103.1_2734	61.69	38.31	-0.04621	66.59	4.10	3.69
lcl|NC_071985.2_cds_XP_054408455.1_2804	51.55	48.45	-0.01120	55.98	3.77	3.84
lcl|NC_071985.2_cds_XP_054408590.1_2832	54.57	45.43	-0.01969	73.31	3.96	3.50
lcl|NC_071985.2_cds_XP_024088723.1_2879	52.90	47.1	-0.09204	51.88	3.96	3.65
lcl|NC_071985.2_cds_XP_063573552.1_2910	44.98	55.02	0.01922	44.04	3.59	4.11
lcl|NC_071985.2_cds_XP_054408862.1_2931	61.96	38.04	-0.07107	67.11	4.31	3.40
lcl|NC_071985.2_cds_XP_009242097.1_2958	53.00	47	-0.00170	62.88	3.77	3.74
lcl|NC_071985.2_cds_XP_024101673.1_2960	60.48	39.52	0.03166	75.99	4.41	3.62
lcl|NC_071985.2_cds_XP_024107845.1_3066	54.87	45.13	-0.00260	47.95	3.73	3.67
lcl|NC_071985.2_cds_XP_024095044.1_3069	59.39	40.61	0.26680	71.48	4.47	4.03
lcl|NC_071985.2_cds_XP_024099183.1_3070	47.88	52.12	0.06000	39.67	3.49	3.82
lcl|NC_071985.2_cds_XP_054384120.1_3121	58.86	41.14	0.17310	68.44	4.16	3.43
lcl|NC_071985.2_cds_XP_024092306.1_3124	51.41	48.59	-0.06722	51.69	3.65	3.75
lcl|NC_071985.2_cds_XP_054384226.1_3143	54.31	45.69	-0.01949	65.53	3.92	3.53
lcl|NC_071985.2_cds_XP_009242767.1_3152	60.70	39.3	-0.04187	64.37	4.15	3.56
lcl|NC_071985.2_cds_XP_063573664.1_3180	64.53	35.47	-0.08458	70.47	5.00	3.53
lcl|NC_071985.2_cds_XP_024102253.1_3241	50.52	49.48	0.02776	52.33	3.78	3.69
lcl|NC_071985.2_cds_XP_063573844.1_3275	64.32	35.68	-0.09030	67.01	4.47	3.40
lcl|NC_071985.2_cds_XP_024105341.1_3299	50.87	49.13	-0.14119	47.95	3.78	3.88
lcl|NC_071985.2_cds_XP_054384317.1_3335	55.41	44.59	0.09622	58.89	3.79	3.56
lcl|NC_071985.2_cds_XP_054409465.1_3400	56.11	43.89	-0.11556	53.40	4.03	3.80
lcl|NC_071985.2_cds_XP_054409492.1_3408	47.64	52.36	0.11635	48.91	3.75	4.17
lcl|NC_071985.2_cds_XP_002810364.2_3440	54.99	45.01	0.02543	56.08	3.97	3.56
lcl|NC_071985.2_cds_XP_009243406.3_3442	59.72	40.28	0.12989	63.36	4.20	3.51
lcl|NC_071985.2_cds_XP_063571399.1_3464	52.03	47.97	0.03260	56.45	3.73	3.64
lcl|NC_071985.2_cds_XP_009243797.4_3496	54.73	45.27	0.01332	56.41	3.91	3.60
lcl|NC_071985.2_cds_XP_024104725.2_3521	42.06	57.94	0.02922	39.34	3.41	4.24
lcl|NC_071985.2_cds_XP_024104744.2_3528	45.20	54.8	0.11526	44.35	3.61	3.87
lcl|NC_071985.2_cds_XP_024090231.2_3548	47.89	52.11	0.00892	47.26	3.65	3.69
lcl|NC_071985.2_cds_XP_054384971.1_3550	49.79	50.21	0.02260	56.03	3.58	3.83
lcl|NC_071985.2_cds_XP_024103305.2_3552	57.01	42.99	0.05515	69.09	4.15	3.84
lcl|NC_071985.2_cds_XP_024112912.2_3554	59.06	40.94	0.01748	76.37	3.99	3.47
lcl|NC_071985.2_cds_XP_063578514.1_3567	49.52	50.48	0.04287	54.94	3.81	3.71
lcl|NC_071985.2_cds_XP_054385148.1_3590	33.78	66.22	0.16364	28.56	3.41	4.53
lcl|NC_071985.2_cds_XP_054409834.1_3597	42.37	57.63	0.02200	40.22	3.44	4.14
lcl|NC_071985.2_cds_XP_054409853.1_3602	48.73	51.27	0.02138	44.18	4.44	3.98
lcl|NC_071985.2_cds_XP_054409888.1_3614	50.68	49.32	-0.12160	49.61	3.78	3.99
lcl|NC_071985.2_cds_XP_024087709.2_3636	45.93	54.07	0.06170	40.89	3.93	4.13
lcl|NC_071985.2_cds_XP_024090539.2_3641	45.00	55	-0.01042	44.75	3.78	4.12
lcl|NC_071985.2_cds_XP_024103547.2_3664	57.24	42.76	-0.02784	69.82	4.14	3.52
lcl|NC_071985.2_cds_XP_024105682.1_3699	45.84	54.16	0.03107	43.53	4.13	4.16
lcl|NC_071985.2_cds_XP_009244855.2_3769	56.31	43.69	0.05085	53.07	4.30	3.66
lcl|NC_071985.2_cds_XP_002810520.3_3781	55.20	44.8	0.01876	69.51	4.27	3.57
lcl|NC_071985.2_cds_XP_009244935.2_3805	60.68	39.32	-0.01498	79.89	4.28	3.59
lcl|NC_071985.2_cds_XP_024106148.2_3833	52.04	47.96	0.05564	56.00	4.72	4.05
lcl|NC_071985.2_cds_XP_054386048.1_3850	61.34	38.66	-0.04826	72.64	4.32	3.39
lcl|NC_071985.2_cds_XP_054386137.1_3856	53.32	46.68	-0.07028	64.00	3.75	3.64
lcl|NC_071985.2_cds_XP_063574283.1_3867	42.89	57.11	0.07780	33.79	3.63	4.13
lcl|NC_071985.2_cds_XP_024101245.2_3886	43.17	56.83	-0.04797	39.55	3.46	4.32
lcl|NC_071985.2_cds_XP_054386475.1_3915	42.28	57.72	0.09655	42.13	3.55	4.36
lcl|NC_071985.2_cds_XP_054386604.1_3947	51.81	48.19	0.12770	28.37	3.88	3.97
lcl|NC_071985.2_cds_XP_024089127.2_4004	40.31	59.69	0.08954	31.64	3.42	4.32
lcl|NC_071985.2_cds_NP_001126169.1_4017	44.44	55.56	0.07018	38.11	3.57	4.09
lcl|NC_071985.2_cds_XP_009245995.2_4072	40.13	59.87	0.01504	33.31	3.31	4.39
lcl|NC_071985.2_cds_XP_024106370.2_4076	52.57	47.43	-0.03067	63.76	3.81	3.86
lcl|NC_071985.2_cds_XP_002810637.3_4079	41.90	58.1	0.10967	35.75	3.71	4.17
lcl|NC_071985.2_cds_XP_063574487.1_4080	55.43	44.57	-0.03114	66.17	3.94	3.70
lcl|NC_071985.2_cds_XP_063574523.1_4107	35.82	64.18	0.16211	29.92	3.26	4.42
lcl|NC_071985.2_cds_XP_054387035.1_4123	42.36	57.64	0.07845	39.77	3.54	4.01
lcl|NC_071985.2_cds_XP_024093028.2_4154	38.82	61.18	0.06609	30.06	3.44	4.43
lcl|NC_071985.2_cds_XP_054387209.1_4161	38.67	61.33	0.02098	33.27	3.35	4.35
lcl|NC_071985.2_cds_NP_001153258.1_4166	49.59	50.41	-0.02108	54.01	3.73	4.06
lcl|NC_071985.2_cds_XP_054387275.1_4180	35.44	64.56	0.11255	27.30	3.30	4.49
lcl|NC_071985.2_cds_XP_054387304.1_4190	38.42	61.58	0.03549	30.24	3.40	4.36
lcl|NC_071985.2_cds_XP_054387396.1_4223	42.30	57.7	-0.04771	47.26	3.38	4.22
lcl|NC_071985.2_cds_XP_024111495.2_4254	39.70	60.3	0.10315	29.24	3.57	4.40
lcl|NC_071985.2_cds_XP_003775699.3_4268	40.04	59.96	0.01821	31.84	3.53	4.36
lcl|NC_071985.2_cds_XP_002810694.3_4269	44.92	55.08	0.00892	41.20	3.60	4.07
lcl|NC_071985.2_cds_XP_024094218.2_4270	42.09	57.91	-0.01174	37.39	3.50	4.44
lcl|NC_071985.2_cds_XP_002810699.3_4314	47.74	52.26	0.13599	28.10	3.65	4.12
lcl|NC_071985.2_cds_XP_054388022.1_4327	41.10	58.9	0.00717	38.67	3.64	4.43
lcl|NC_071985.2_cds_XP_002810705.3_4328	49.33	50.67	0.06893	47.13	4.62	4.39
lcl|NC_071985.2_cds_XP_024090207.1_4388	41.10	58.9	0.05936	39.19	3.47	4.25
lcl|NC_071985.2_cds_XP_054388481.1_4415	43.22	56.78	-0.00832	41.24	3.51	4.26
lcl|NC_071985.2_cds_XP_054390706.1_4478	38.89	61.11	0.08280	30.25	3.43	4.40
lcl|NC_071985.2_cds_XP_054388873.1_4485	41.30	58.7	0.06786	31.31	3.32	4.27
lcl|NC_071985.2_cds_XP_054388962.1_4522	38.70	61.3	-0.03757	31.98	3.89	4.55
lcl|NC_071985.2_cds_XP_024111116.2_4557	48.52	51.48	0.19055	42.23	3.74	4.13
lcl|NC_071985.2_cds_NP_001191784.1_4558	43.38	56.62	0.01838	38.88	3.49	4.26
lcl|NC_071985.2_cds_XP_054388988.1_4559	41.59	58.41	-0.06246	39.29	3.49	4.46
lcl|NC_071985.2_cds_XP_024107720.2_4594	44.69	55.31	-0.01562	41.24	3.66	4.03
lcl|NC_071985.2_cds_XP_054389253.1_4623	47.89	52.11	-0.05323	49.02	3.50	4.19
lcl|NC_071985.2_cds_XP_024102140.2_4644	40.13	59.87	0.06954	31.84	3.64	4.32
lcl|NC_071985.2_cds_XP_024102829.1_4673	38.59	61.41	0.02074	36.36	3.33	4.43
lcl|NC_071985.2_cds_XP_054389526.1_4681	51.13	48.87	-0.02623	50.54	3.93	3.81
lcl|NC_071985.2_cds_XP_024101832.1_4697	47.82	52.18	0.04406	59.57	3.70	4.18
lcl|NC_071985.2_cds_XP_024089105.1_4712	49.78	50.22	-0.03466	55.92	3.97	3.91
lcl|NC_071985.2_cds_XP_024089692.1_4722	49.17	50.83	-0.09747	50.91	3.85	3.94
lcl|NC_071985.2_cds_XP_054389617.1_4742	41.53	58.47	0.01958	34.99	3.48	4.21
lcl|NC_071985.2_cds_XP_002810796.3_4755	58.30	41.7	-0.02411	65.86	3.90	3.51
lcl|NC_071985.2_cds_XP_024095347.2_4757	38.13	61.87	0.25956	34.52	3.36	4.50
lcl|NC_071985.2_cds_XP_054389725.1_4759	45.12	54.88	0.08863	38.32	3.60	4.22
lcl|NC_071985.2_cds_XP_063568297.1_4836	44.21	55.79	0.06259	42.49	3.84	4.11
lcl|NC_071985.2_cds_XP_054390254.1_4872	57.32	42.68	-0.03480	72.85	3.83	3.68
lcl|NC_071985.2_cds_XP_054390629.1_4953	58.92	41.08	-0.00815	69.96	4.25	3.57
lcl|NC_071985.2_cds_XP_054410697.1_5007	40.81	59.19	0.04842	34.42	3.48	4.44
lcl|NC_071985.2_cds_XP_024093789.1_5031	50.58	49.42	-0.03295	52.79	3.62	3.59
lcl|NC_071985.2_cds_XP_024104188.2_5033	58.95	41.05	0.03003	63.62	4.04	3.40
lcl|NC_071985.2_cds_XP_024104181.2_5047	43.90	56.1	0.07561	39.06	3.43	4.11
lcl|NC_071985.2_cds_XP_009248379.1_5058	44.37	55.63	0.09483	44.34	3.71	4.08
lcl|NC_071985.2_cds_XP_054410842.1_5089	42.99	57.01	0.04211	35.89	3.42	4.00
lcl|NC_071985.2_cds_XP_054391054.1_5170	41.43	58.57	-0.04994	34.13	3.41	4.26
lcl|NC_071985.2_cds_XP_054391395.1_5262	57.67	42.33	-0.04449	61.46	4.09	3.71
lcl|NC_071985.2_cds_XP_054378913.1_5275	57.12	42.88	-0.00052	56.65	4.17	3.65
lcl|NC_071985.2_cds_XP_002810951.2_5322	55.59	44.41	-0.03236	60.79	4.36	3.74
lcl|NC_071985.2_cds_XP_054391665.1_5330	59.77	40.23	0.05772	72.55	4.26	3.42
lcl|NC_071985.2_cds_XP_009249319.3_5339	61.74	38.26	-0.08341	72.43	4.14	3.35
lcl|NC_071985.2_cds_XP_054379925.1_5465	56.41	43.59	-0.04635	69.22	3.82	3.45
lcl|NC_071985.2_cds_XP_009249563.2_5498	50.17	49.83	0.07548	54.27	3.82	3.67
lcl|NC_071985.2_cds_XP_054392442.1_5523	60.68	39.32	-0.01759	76.36	4.26	3.39
lcl|NC_071985.2_cds_XP_024107542.2_5528	58.56	41.44	-0.04969	63.08	4.07	3.46
lcl|NC_071985.2_cds_XP_009249657.2_5543	61.63	38.37	0.01519	72.96	4.43	3.41
lcl|NC_071985.2_cds_XP_054392667.1_5547	47.88	52.12	0.05954	57.47	3.58	3.97
lcl|NC_071985.2_cds_XP_009249844.3_5589	40.18	59.82	0.13597	39.21	3.56	4.32
lcl|NC_071985.2_cds_XP_024112707.2_5620	59.62	40.38	-0.13635	64.73	4.10	3.62
lcl|NC_071985.2_cds_NP_001125258.1_5702	39.79	60.21	0.03762	33.42	3.64	4.32
lcl|NC_071985.2_cds_XP_063571056.1_5781	46.60	53.4	0.08194	47.52	3.56	3.93
lcl|NC_071985.2_cds_XP_024091461.2_5801	50.50	49.5	0.08101	58.65	3.98	3.88
lcl|NC_071985.2_cds_XP_054393716.1_5814	66.24	33.76	0.01047	79.68	4.65	3.39
lcl|NC_071985.2_cds_XP_024108401.1_5839	57.64	42.36	-0.05343	79.13	4.21	3.41
lcl|NC_071985.2_cds_XP_024093579.2_5841	62.09	37.91	-0.11738	76.82	4.09	3.39
lcl|NC_071985.2_cds_XP_024104148.1_5864	49.41	50.59	0.05716	47.18	3.84	3.96
lcl|NC_071985.2_cds_XP_024104296.1_5882	66.27	33.73	-0.02031	73.16	4.71	3.50
lcl|NC_071985.2_cds_XP_002811103.1_5907	45.61	54.39	0.02886	39.72	3.57	4.13
lcl|NC_071985.2_cds_XP_009250855.1_5913	54.59	45.41	-0.01277	66.09	4.00	3.60
lcl|NC_071985.2_cds_XP_063575441.1_5917	47.83	52.17	0.02991	45.48	3.64	3.98
lcl|NC_071985.2_cds_XP_024091245.1_5922	43.33	56.67	0.16992	39.63	3.47	4.01
lcl|NC_071985.2_cds_XP_024102096.1_5932	49.68	50.32	0.01342	54.19	3.61	3.91
lcl|NC_071985.2_cds_XP_002811116.3_5940	42.39	57.61	0.01975	37.99	3.55	4.19
lcl|NC_071985.2_cds_XP_054393886.1_5952	36.41	63.59	0.02395	32.05	3.25	4.52
lcl|NC_071985.2_cds_XP_009250965.2_5964	38.31	61.69	0.00394	32.88	3.50	4.60
lcl|NC_071985.2_cds_XP_024088421.1_5978	66.84	33.16	-0.02494	79.39	4.88	3.20
lcl|NC_071985.2_cds_XP_054394050.1_5992	57.48	42.52	-0.05510	68.70	3.98	3.50
lcl|NC_071985.2_cds_XP_024095315.2_6004	52.91	47.09	0.06578	55.75	3.66	3.76
lcl|NC_071985.2_cds_XP_054394121.1_6009	61.30	38.7	-0.14180	67.46	4.19	3.37
lcl|NC_071985.2_cds_XP_024104492.2_6048	60.48	39.52	0.01704	62.78	5.37	3.71
lcl|NC_071985.2_cds_XP_003775795.3_6084	66.03	33.97	-0.14799	67.49	4.61	3.21
lcl|NC_071985.2_cds_XP_063569736.1_6199	61.70	38.3	-0.00827	66.00	4.09	3.37
lcl|NC_071985.2_cds_XP_054386867.1_6208	64.59	35.41	-0.03043	75.91	4.49	3.42
lcl|NC_071985.2_cds_XP_024107969.1_6223	63.75	36.25	0.08880	56.98	4.27	3.42
lcl|NC_071985.2_cds_NP_001127595.1_6271	51.81	48.19	-0.00488	48.86	3.69	3.83
lcl|NC_071985.2_cds_XP_054394456.1_6283	61.21	38.79	-0.04048	78.66	4.49	3.51
lcl|NC_071985.2_cds_XP_054394519.1_6309	45.76	54.24	0.04490	42.37	3.63	4.11
lcl|NC_071985.2_cds_XP_054395084.1_6438	66.75	33.25	-0.10786	74.47	4.60	3.28
lcl|NC_071985.2_cds_XP_002811250.3_6452	63.74	36.26	-0.01014	77.19	4.52	3.41
lcl|NC_071985.2_cds_XP_063570183.1_6469	59.53	40.47	-0.09923	81.59	4.19	3.58
lcl|NC_071985.2_cds_XP_024105668.2_6500	59.80	40.2	-0.08696	64.50	4.61	3.60
lcl|NC_071985.2_cds_XP_054395555.1_6518	62.69	37.31	-0.00979	68.69	4.13	3.49
lcl|NC_071985.2_cds_NP_001126712.1_6605	50.40	49.6	-0.12824	38.78	4.03	4.08
lcl|NC_071985.2_cds_XP_024108842.1_6622	57.19	42.81	0.03445	70.31	3.99	3.63
lcl|NC_071985.2_cds_XP_024089898.2_6656	60.15	39.85	0.01896	73.29	4.22	3.62
lcl|NC_071985.2_cds_XP_054411843.1_6667	48.84	51.16	0.06717	51.25	3.71	3.91
lcl|NC_071985.2_cds_XP_024106251.1_6678	50.86	49.14	0.07357	46.05	4.28	4.10
lcl|NC_071985.2_cds_XP_024087953.1_6683	58.60	41.4	-0.03512	78.54	4.20	3.47
lcl|NC_071985.2_cds_XP_024086771.2_6691	64.98	35.02	-0.04233	83.90	4.80	3.38
lcl|NC_071985.2_cds_XP_002811371.3_6692	50.97	49.03	-0.00633	58.79	3.68	3.68
lcl|NC_071985.2_cds_XP_063570552.1_6701	64.31	35.69	-0.07186	75.89	4.20	3.36
lcl|NC_071985.2_cds_XP_054402724.1_6709	42.44	57.56	0.14026	40.64	3.69	4.19
lcl|NC_071985.2_cds_XP_054934522.1_6711	60.24	39.76	-0.02257	75.41	4.50	3.61
lcl|NC_071985.2_cds_XP_063575717.1_6733	48.29	51.71	-0.00824	43.30	3.93	4.06
lcl|NC_071985.2_cds_XP_054402861.1_6788	61.28	38.72	0.01510	80.67	4.28	3.35
lcl|NC_071985.2_cds_XP_054396391.1_6809	59.38	40.62	-0.06741	74.01	4.12	3.63
lcl|NC_071985.2_cds_NP_001126319.1_6865	53.39	46.61	0.02943	63.89	3.94	3.72
lcl|NC_071985.2_cds_XP_024106903.1_6874	51.68	48.32	-0.01324	59.70	3.78	3.77
lcl|NC_071985.2_cds_XP_063580144.1_6900	58.35	41.65	-0.07566	84.73	4.10	3.35
lcl|NC_071985.2_cds_NP_001127607.1_6911	63.07	36.93	-0.01756	81.12	4.21	3.60
lcl|NC_071985.2_cds_XP_054412144.1_6924	63.51	36.49	-0.04891	78.20	4.38	3.54
lcl|NC_071985.2_cds_XP_024091161.2_6946	67.59	32.41	0.15088	82.52	4.53	3.36
lcl|NC_071985.2_cds_XP_063575998.1_6956	49.86	50.14	0.04409	54.65	3.71	4.06
lcl|NC_071985.2_cds_XP_063575994.1_6960	50.12	49.88	0.03682	54.91	3.69	4.06
lcl|NC_071985.2_cds_XP_024087413.2_7003	62.12	37.88	0.01194	81.14	4.41	3.33
lcl|NC_071985.2_cds_XP_002811483.3_7028	52.01	47.99	-0.02817	48.65	3.91	3.91
lcl|NC_071985.2_cds_XP_024108634.2_7061	60.13	39.87	-0.03261	76.08	4.05	3.53
lcl|NC_071985.2_cds_XP_054397204.1_7113	50.05	49.95	0.10171	63.99	3.80	4.06
lcl|NC_071985.2_cds_XP_054397402.1_7119	61.48	38.52	0.00744	79.86	4.23	3.55
lcl|NC_071985.2_cds_XP_054397426.1_7125	48.93	51.07	-0.03214	46.50	4.10	4.30
lcl|NC_071985.2_cds_XP_024108657.2_7177	47.00	53	0.02731	48.44	3.73	3.98
lcl|NC_071985.2_cds_NP_001125249.1_7207	54.56	45.44	0.00000	69.06	3.99	3.61
lcl|NC_071985.2_cds_XP_054397657.1_7214	65.11	34.89	0.04793	73.40	4.21	3.31
lcl|NC_071985.2_cds_XP_009233544.2_7244	62.50	37.5	-0.08116	81.41	4.40	3.38
lcl|NC_071985.2_cds_XP_024108864.1_7251	52.99	47.01	-0.00740	63.29	3.79	3.76
lcl|NC_071985.2_cds_XP_024108898.3_7254	49.69	50.31	-0.04106	54.10	3.61	4.03
lcl|NC_071985.2_cds_XP_054412487.1_7260	59.72	40.28	-0.03111	61.51	4.00	3.51
lcl|NC_071985.2_cds_XP_024094482.2_7264	64.63	35.37	-0.09980	84.97	4.81	3.62
lcl|NC_071985.2_cds_XP_054412607.1_7291	48.56	51.44	0.02682	52.34	3.62	3.99
lcl|NC_071985.2_cds_XP_063571219.1_7298	50.14	49.86	-0.06194	54.24	3.77	4.14
lcl|NC_071985.2_cds_XP_002811573.4_7311	56.65	43.35	0.04014	71.89	4.22	3.92
lcl|NC_071985.2_cds_XP_024109054.1_7321	60.54	39.46	-0.02318	84.50	4.29	3.44
lcl|NC_071985.2_cds_XP_054412871.1_7355	60.85	39.15	-0.15984	67.46	4.37	3.72
lcl|NC_071985.2_cds_XP_024087582.2_7405	51.34	48.66	-0.05553	52.84	3.92	3.86
lcl|NC_071985.2_cds_XP_054413070.1_7415	57.04	42.96	-0.02519	70.82	4.09	3.82
lcl|NC_071985.2_cds_XP_002811604.4_7437	58.00	42	-0.04983	73.40	3.81	3.60
lcl|NC_071985.2_cds_XP_054398023.1_7443	64.45	35.55	0.00145	81.67	4.54	3.53
lcl|NC_071985.2_cds_XP_054397923.1_7455	71.65	28.35	-0.06145	87.66	5.74	3.39
lcl|NC_071985.2_cds_XP_024109843.2_7487	59.28	40.72	0.05321	82.30	4.46	3.53
lcl|NC_071985.2_cds_XP_054398159.1_7492	60.46	39.54	-0.04162	72.51	4.08	3.55
lcl|NC_071985.2_cds_XP_024110522.2_7520	48.41	51.59	0.04080	49.38	3.87	4.18
lcl|NC_071985.2_cds_XP_054398442.1_7542	67.21	32.79	0.01629	75.87	4.48	3.22
lcl|NC_071985.2_cds_XP_024089927.2_7598	62.44	37.56	-0.07602	82.08	4.55	3.73
lcl|NC_071985.2_cds_XP_054413121.1_7601	70.32	29.68	-0.00529	83.36	4.97	3.37
lcl|NC_071985.2_cds_XP_063571802.1_7625	65.13	34.87	-0.02234	80.20	4.56	3.36
lcl|NC_071985.2_cds_XP_054413449.1_7665	59.37	40.63	-0.00772	76.56	4.17	3.52
lcl|NC_071985.2_cds_XP_063572162.1_7768	68.94	31.06	0.03817	84.75	5.03	3.09
lcl|NC_071985.2_cds_XP_024111307.2_7807	65.49	34.51	-0.01313	85.23	4.52	3.39
lcl|NC_071985.2_cds_XP_054414061.1_7814	64.27	35.73	0.05707	85.17	4.60	3.35
lcl|NC_071985.2_cds_XP_054414252.1_7873	67.72	32.28	0.00566	79.66	4.70	3.26
lcl|NC_071985.2_cds_XP_063572310.1_7900	69.88	30.12	-0.05996	82.15	5.22	3.41
lcl|NC_085928.1_cds_XP_024100247.3_7945	40.33	59.67	0.07316	33.93	3.58	4.42
lcl|NC_085928.1_cds_XP_054407189.2_7959	47.72	52.28	0.04629	47.08	3.87	3.97
lcl|NC_085928.1_cds_XP_054407220.2_8001	62.19	37.81	-0.02769	76.39	4.24	3.38
lcl|NC_085928.1_cds_XP_054407222.1_8004	63.87	36.13	-0.09153	81.97	4.76	3.42
lcl|NC_085928.1_cds_XP_024100094.2_8016	58.86	41.14	-0.06363	74.09	4.06	3.48
lcl|NC_085928.1_cds_XP_024100252.1_8022	63.42	36.58	-0.01366	75.06	4.31	3.38
lcl|NC_085928.1_cds_XP_054407236.1_8032	53.14	46.86	0.10950	57.94	3.87	3.75
lcl|NC_085928.1_cds_XP_054407237.2_8042	63.02	36.98	0.00252	75.81	4.17	3.40
lcl|NC_085928.1_cds_XP_054407244.2_8045	53.86	46.14	-0.06421	66.67	4.04	3.68
lcl|NC_085928.1_cds_XP_024101104.3_8049	57.55	42.45	0.05819	66.73	4.01	3.55
lcl|NC_085928.1_cds_XP_024100686.2_8093	63.38	36.62	-0.06171	84.53	4.73	3.41
lcl|NC_085928.1_cds_XP_054406512.2_8115	52.46	47.54	0.02785	66.85	3.87	3.72
lcl|NC_085928.1_cds_XP_009236687.1_8144	53.64	46.36	0.00710	67.77	3.85	3.62
lcl|NC_085928.1_cds_XP_054406542.2_8158	52.09	47.91	-0.03518	65.18	3.88	4.12
lcl|NC_085928.1_cds_XP_002813214.4_8205	58.90	41.1	0.02439	76.80	4.22	3.39
lcl|NC_085928.1_cds_XP_024100494.3_8218	62.59	37.41	-0.04493	83.95	4.37	3.28
lcl|NC_085928.1_cds_XP_054407301.1_8240	62.61	37.39	-0.05875	68.60	5.13	3.93
lcl|NC_085928.1_cds_XP_063577619.1_8251	56.63	43.37	0.08996	70.87	4.02	3.44
lcl|NC_085928.1_cds_XP_054407330.2_8289	51.79	48.21	-0.13560	51.10	4.26	3.72
lcl|NC_085928.1_cds_XP_054407332.2_8303	53.09	46.91	0.01995	65.77	3.87	3.70
lcl|NC_085928.1_cds_XP_024100530.3_8327	41.30	58.7	0.00338	33.44	3.80	4.32
lcl|NC_085928.1_cds_XP_063577794.1_8332	55.63	44.37	0.04318	65.48	3.86	3.51
lcl|NC_085928.1_cds_XP_054407365.2_8348	62.08	37.92	-0.00626	84.46	4.91	3.44
lcl|NC_085928.1_cds_XP_054407371.2_8359	63.43	36.57	-0.05185	77.11	4.37	3.37
lcl|NC_085928.1_cds_XP_063577799.1_8371	42.96	57.04	0.08528	44.78	3.65	4.26
lcl|NC_085928.1_cds_XP_054407376.2_8374	43.50	56.5	0.07252	43.57	3.50	4.10
lcl|NC_085928.1_cds_XP_063578711.1_8395	54.09	45.91	-0.06055	69.79	3.79	3.68
lcl|NC_085928.1_cds_XP_024099973.2_8405	41.38	58.62	0.13997	39.83	3.38	4.18
lcl|NC_085928.1_cds_XP_024100880.3_8435	41.69	58.31	0.09707	35.85	3.54	4.24
lcl|NC_085928.1_cds_XP_024100646.3_8443	41.79	58.21	0.04570	32.86	3.44	4.18
lcl|NC_085928.1_cds_XP_002813300.3_8492	54.63	45.37	-0.03751	57.46	3.82	3.69
lcl|NC_085928.1_cds_XP_009236790.3_8571	45.49	54.51	0.16614	48.24	3.41	4.12
lcl|NC_085928.1_cds_XP_024099983.3_8589	44.02	55.98	-0.13725	34.87	3.43	4.09
lcl|NC_085928.1_cds_NP_001125403.1_8595	43.19	56.81	0.04779	36.10	3.45	4.01
lcl|NC_085928.1_cds_XP_054407486.2_8606	41.10	58.9	0.13687	39.40	3.48	4.12
lcl|NC_085928.1_cds_XP_063577835.1_8614	59.95	40.05	-0.07920	68.41	4.51	3.74
lcl|NC_085928.1_cds_XP_024100356.3_8633	52.68	47.32	0.04458	60.57	3.81	3.62
lcl|NC_085928.1_cds_XP_054407500.2_8651	34.72	65.28	0.02447	31.44	3.32	4.70
lcl|NC_085928.1_cds_XP_063577846.1_8676	46.33	53.67	0.02123	47.98	3.55	4.08
lcl|NC_085928.1_cds_XP_054407525.2_8702	39.60	60.4	0.09693	39.57	3.65	4.48
lcl|NC_085928.1_cds_XP_024100367.3_8712	39.73	60.27	0.06114	36.68	3.43	4.45
lcl|NC_085928.1_cds_XP_002813365.2_8718	38.18	61.82	0.05679	32.97	3.41	4.30
lcl|NC_085928.1_cds_XP_002813368.4_8721	46.24	53.76	0.14478	52.10	3.56	3.85
lcl|NC_085928.1_cds_XP_024100291.1_8748	44.02	55.98	0.06752	39.38	3.46	4.21
lcl|NC_085928.1_cds_XP_054407551.1_8766	46.22	53.78	-0.07704	37.33	3.56	4.11
lcl|NC_085928.1_cds_XP_024101119.3_8805	42.26	57.74	0.05829	37.18	3.52	4.26
lcl|NC_085928.1_cds_NP_001126209.1_8808	43.42	56.58	0.07939	36.91	3.81	4.08
lcl|NC_085928.1_cds_XP_054407562.1_8813	37.94	62.06	0.03183	32.22	3.38	4.35
lcl|NC_085928.1_cds_XP_002813389.4_8830	44.80	55.2	0.04545	42.85	3.48	3.95
lcl|NC_085928.1_cds_XP_024100913.3_8831	46.68	53.32	-0.22684	33.56	3.59	4.02
lcl|NC_085928.1_cds_XP_054407596.1_8909	42.85	57.15	0.03592	42.49	3.44	4.17
lcl|NC_085928.1_cds_NP_001126051.1_8931	40.42	59.58	-0.02955	37.46	3.35	3.92
lcl|NC_085928.1_cds_XP_054407608.1_8936	48.78	51.22	0.00087	42.49	3.71	4.12
lcl|NC_085928.1_cds_XP_054407631.2_8963	48.78	51.22	-0.00567	42.24	3.64	3.97
lcl|NC_085928.1_cds_XP_054407647.2_8993	39.24	60.76	0.08782	31.19	3.54	4.31
lcl|NC_085928.1_cds_XP_054407661.2_9012	47.24	52.76	0.04633	49.70	3.57	3.90
lcl|NC_085928.1_cds_XP_054407705.1_9068	58.09	41.91	0.01199	78.46	4.13	3.65
lcl|NC_085928.1_cds_XP_024100032.3_9107	44.10	55.9	0.02134	48.14	3.37	4.00
lcl|NC_085928.1_cds_XP_002813497.3_9112	66.94	33.06	-0.06180	69.58	4.61	3.31
lcl|NC_085928.1_cds_XP_054407744.1_9165	59.30	40.7	-0.03926	71.29	4.38	3.69
lcl|NC_085928.1_cds_XP_009237008.1_9211	57.83	42.17	0.00138	69.90	4.30	3.57
lcl|NC_085928.1_cds_XP_054407813.1_9254	49.42	50.58	-0.05486	44.53	3.67	3.84
lcl|NC_085928.1_cds_XP_002813524.1_9277	55.61	44.39	-0.04959	71.27	4.45	3.92
lcl|NC_085928.1_cds_NP_001125005.1_9293	50.70	49.3	-0.01282	59.15	4.04	3.71
lcl|NC_085928.1_cds_XP_009237048.3_9302	49.02	50.98	0.05050	59.93	3.78	3.90
lcl|NC_085928.1_cds_XP_054407851.2_9318	44.50	55.5	0.07367	39.53	3.66	4.11
lcl|NC_085928.1_cds_XP_024099719.1_9324	42.60	57.4	0.06160	37.61	3.61	4.13
lcl|NC_085928.1_cds_XP_054402821.1_9339	42.17	57.83	0.04449	36.46	3.28	4.17
lcl|NC_085928.1_cds_XP_024101202.3_9348	44.77	55.23	0.09407	39.36	3.67	4.07
lcl|NC_085928.1_cds_XP_002813562.2_9352	61.01	38.99	0.01895	80.79	4.74	3.89
lcl|NC_085928.1_cds_XP_054407864.2_9430	46.72	53.28	0.00945	49.13	3.58	3.97
lcl|NC_085928.1_cds_XP_024100299.1_9441	40.47	59.53	0.10961	32.00	3.36	4.05
lcl|NC_085928.1_cds_XP_024100153.2_9465	57.20	42.8	-0.02882	67.95	4.12	3.51
lcl|NC_085928.1_cds_XP_054406267.2_9469	54.76	45.24	0.05700	58.26	4.07	3.80
lcl|NC_085928.1_cds_XP_024100844.2_9508	49.79	50.21	0.06432	50.10	3.81	4.16
lcl|NC_085928.1_cds_XP_054407885.1_9512	57.12	42.88	0.01740	67.59	4.04	3.68
lcl|NC_085928.1_cds_XP_054407890.2_9524	53.02	46.98	-0.12332	52.24	4.38	3.80
lcl|NC_085928.1_cds_XP_054407920.1_9557	50.23	49.77	0.05273	56.89	4.09	3.94
lcl|NC_085928.1_cds_XP_024100203.1_9582	49.52	50.48	0.01304	54.36	3.74	3.97
lcl|NC_085928.1_cds_XP_054406603.1_9616	44.74	55.26	-0.05309	41.71	3.52	4.23
lcl|NC_085928.1_cds_XP_063578091.1_9670	55.79	44.21	0.03098	64.08	4.05	3.63
lcl|NC_085928.1_cds_XP_054407973.1_9683	42.40	57.6	0.08550	38.89	3.69	4.10
lcl|NC_085928.1_cds_XP_054407975.1_9704	39.22	60.78	0.09118	34.33	3.46	4.34
lcl|NC_085928.1_cds_XP_009237167.3_9740	39.64	60.36	0.07801	33.81	3.96	4.36
lcl|NC_085928.1_cds_XP_009237151.3_9761	38.18	61.82	0.06667	32.95	3.36	4.46
lcl|NC_085928.1_cds_XP_054408008.1_9768	46.88	53.12	0.07425	52.96	3.65	3.88
lcl|NC_085928.1_cds_XP_054408024.1_9792	48.16	51.84	0.05290	55.43	3.90	3.99
lcl|NC_085928.1_cds_XP_054408026.1_9813	48.95	51.05	-0.00684	57.85	3.75	4.04
lcl|NC_085928.1_cds_XP_054408046.2_9828	49.61	50.39	0.08023	48.19	4.14	4.05
lcl|NC_085928.1_cds_XP_063577671.1_9839	57.16	42.84	-0.04050	69.98	3.99	3.55
lcl|NC_085928.1_cds_NP_001125590.1_9842	53.94	46.06	0.02528	71.70	4.00	3.54
lcl|NC_085928.1_cds_NP_001126282.1_9843	55.88	44.12	0.01243	72.04	3.94	3.55
lcl|NC_085928.1_cds_XP_054406334.2_9849	47.96	52.04	0.03942	49.19	3.59	3.94
lcl|NC_085928.1_cds_XP_054408055.2_9864	44.90	55.1	0.03716	43.29	3.73	4.37
lcl|NC_085928.1_cds_XP_024100173.3_9916	62.52	37.48	-0.01161	74.41	4.10	3.32
lcl|NC_085928.1_cds_XP_002813687.3_9918	60.27	39.73	-0.04737	76.16	4.14	3.64
lcl|NC_085928.1_cds_XP_002813700.2_9922	63.97	36.03	0.00771	75.77	4.36	3.33
lcl|NC_085928.1_cds_XP_054408119.2_9938	57.13	42.87	-0.03556	79.98	3.94	3.52
lcl|NC_085928.1_cds_XP_054408127.2_9954	61.51	38.49	-0.11075	80.62	4.18	3.53
lcl|NC_085928.1_cds_XP_024100110.1_10007	60.98	39.02	-0.04571	73.54	4.05	3.31
lcl|NC_085928.1_cds_XP_002813739.5_10013	54.25	45.75	-0.01214	59.88	3.88	3.66
lcl|NC_085928.1_cds_XP_063578547.1_10019	48.49	51.51	0.03338	49.48	3.65	3.95
lcl|NC_085928.1_cds_XP_024100261.1_10026	64.98	35.02	-0.01324	75.42	4.93	3.56
lcl|NC_085928.1_cds_XP_054406640.1_10035	51.58	48.42	-0.01310	62.02	3.81	3.80
lcl|NC_085928.1_cds_XP_054406664.1_10054	58.48	41.52	-0.01576	76.84	4.38	3.51
lcl|NC_085928.1_cds_XP_024100374.1_10120	47.98	52.02	0.12485	43.33	3.78	3.94
lcl|NC_085928.1_cds_XP_024100799.1_10128	59.96	40.04	-0.02538	65.98	4.07	3.39
lcl|NC_085928.1_cds_XP_054406704.1_10135	57.33	42.67	-0.09259	62.20	3.76	3.56
lcl|NC_085928.1_cds_XP_024101156.1_10142	58.57	41.43	0.00225	65.94	3.93	3.42
lcl|NC_085928.1_cds_XP_024101007.1_10158	59.42	40.58	-0.03694	75.93	4.12	3.47
lcl|NC_085928.1_cds_XP_054406706.2_10175	62.95	37.05	-0.07495	65.10	4.22	3.49
lcl|NC_085928.1_cds_XP_054406726.1_10181	58.00	42	-0.11353	65.62	3.96	3.51
lcl|NC_085928.1_cds_NP_001125307.1_10199	49.59	50.41	0.03905	55.08	3.63	3.90
lcl|NC_085928.1_cds_XP_024100812.3_10222	60.27	39.73	0.02638	62.12	4.00	3.41
lcl|NC_085928.1_cds_XP_054406746.2_10247	58.80	41.2	0.01990	64.96	4.02	3.53
lcl|NC_085928.1_cds_XP_063578577.1_10268	54.78	45.22	0.00873	63.76	3.80	3.59
lcl|NC_085928.1_cds_NP_001127369.1_10297	58.26	41.74	0.07394	62.21	3.88	3.48
lcl|NC_085928.1_cds_XP_063578169.1_10338	62.91	37.09	-0.01620	70.68	4.54	3.46
lcl|NC_085928.1_cds_XP_054408152.2_10363	64.95	35.05	0.10892	57.05	4.33	3.37
lcl|NC_085928.1_cds_XP_063578596.1_10389	54.93	45.07	-0.03052	58.20	4.11	4.11
lcl|NC_085928.1_cds_XP_054406800.2_10395	61.67	38.33	-0.01923	70.79	4.18	3.53
lcl|NC_085928.1_cds_XP_054406376.1_10441	48.05	51.95	0.00748	43.64	3.65	3.96
lcl|NC_085928.1_cds_XP_054406197.1_10491	61.01	38.99	0.00820	74.96	4.41	3.54
lcl|NC_085928.1_cds_XP_054406835.1_10493	49.08	50.92	0.03823	44.15	4.06	4.00
lcl|NC_085928.1_cds_XP_024100037.2_10513	61.85	38.15	-0.03747	75.47	4.28	3.51
lcl|NC_085928.1_cds_XP_009237363.4_10520	62.72	37.28	-0.11753	73.05	4.37	3.28
lcl|NC_085928.1_cds_XP_002813857.2_10537	42.68	57.32	0.03198	34.56	3.54	4.19
lcl|NC_085928.1_cds_XP_054406869.2_10542	61.64	38.36	-0.04657	71.66	4.15	3.36
lcl|NC_085928.1_cds_XP_024101191.3_10572	62.05	37.95	0.03266	78.83	3.95	3.36
lcl|NC_085928.1_cds_XP_002813881.4_10589	57.99	42.01	0.09289	72.01	3.91	3.56
lcl|NC_085928.1_cds_XP_002813891.1_10606	54.72	45.28	-0.06550	68.46	3.87	3.78
lcl|NC_085928.1_cds_XP_024100579.1_10631	41.01	58.99	0.10357	40.46	3.38	4.14
lcl|NC_085928.1_cds_XP_009237402.1_10656	43.66	56.34	0.08500	43.56	3.64	3.91
lcl|NC_085928.1_cds_XP_054406929.1_10684	48.97	51.03	0.06069	51.55	3.66	3.87
lcl|NC_085928.1_cds_XP_024100865.3_10698	38.73	61.27	0.09664	33.10	3.77	4.53
lcl|NC_085928.1_cds_XP_024100262.3_10757	42.53	57.47	0.07116	35.70	3.60	4.25
lcl|NC_085928.1_cds_XP_024100207.3_10779	57.37	42.63	-0.03544	70.60	4.06	3.67
lcl|NC_085928.1_cds_XP_054406377.2_10790	45.14	54.86	0.00000	45.88	3.53	4.15
lcl|NC_085928.1_cds_XP_002813953.3_10835	54.81	45.19	0.03819	61.51	4.03	3.67
lcl|NC_085928.1_cds_XP_002813962.4_10851	60.64	39.36	-0.02299	64.69	4.05	3.47
lcl|NC_085928.1_cds_XP_054408246.1_10879	52.13	47.87	0.02043	68.05	3.83	3.91
lcl|NC_085928.1_cds_XP_024100707.3_10893	44.12	55.88	-0.00422	52.18	3.51	4.14
lcl|NC_085928.1_cds_XP_009237473.2_10896	50.58	49.42	-0.04640	62.45	3.80	3.85
lcl|NC_085928.1_cds_XP_054408258.2_10899	56.53	43.47	-0.07384	75.72	4.00	3.66
lcl|NC_085928.1_cds_XP_054408289.2_10952	56.03	43.97	-0.03129	67.32	3.96	3.75
lcl|NC_085928.1_cds_XP_054408306.2_10969	53.75	46.25	0.05188	64.42	4.09	3.86
lcl|NC_085928.1_cds_XP_054408309.2_10988	38.48	61.52	0.15650	37.05	3.33	4.32
lcl|NC_085928.1_cds_XP_054408335.2_11007	49.76	50.24	0.07424	59.47	3.70	3.90
lcl|NC_085928.1_cds_XP_054406324.1_11030	50.69	49.31	-0.06148	50.41	3.80	4.06
lcl|NC_085928.1_cds_XP_054406251.2_11036	46.93	53.07	-0.02016	42.90	3.90	4.38
lcl|NC_085928.1_cds_XP_054408350.1_11038	44.54	55.46	0.04717	35.71	3.71	4.24
lcl|NC_085928.1_cds_XP_003776339.5_11104	63.90	36.1	-0.00840	78.71	5.15	3.35
lcl|NC_085928.1_cds_XP_024100723.1_11126	54.80	45.2	0.01231	62.98	4.27	3.88
lcl|NC_085928.1_cds_XP_024100398.1_11179	42.59	57.41	0.05466	35.63	3.66	4.30
lcl|NC_085928.1_cds_XP_054408429.2_11200	42.74	57.26	0.03154	42.97	3.65	4.32
lcl|NC_085928.1_cds_XP_009237542.1_11229	38.78	61.22	0.15584	31.78	3.54	4.45
lcl|NC_085928.1_cds_XP_024100968.1_11286	47.78	52.22	0.00084	48.74	4.25	4.21
lcl|NC_085928.1_cds_XP_024101124.3_11295	42.49	57.51	0.10442	34.53	3.50	4.18
lcl|NC_085928.1_cds_XP_054408500.2_11299	45.39	54.61	-0.02384	48.51	3.66	4.07
lcl|NC_085928.1_cds_XP_002814070.2_11325	46.01	53.99	0.07643	48.40	4.37	4.22
lcl|NC_085928.1_cds_XP_009237568.1_11371	43.58	56.42	0.05982	33.39	3.49	4.06
lcl|NC_085928.1_cds_XP_054408552.2_11422	49.51	50.49	0.11665	50.96	3.81	4.00
lcl|NC_085928.1_cds_XP_024100681.3_11423	44.01	55.99	0.08191	41.84	3.56	4.17
lcl|NC_085928.1_cds_XP_024100649.3_11424	48.59	51.41	0.10478	48.87	3.79	3.96
lcl|NC_085928.1_cds_NP_001125926.1_11427	43.34	56.66	0.01302	38.56	3.43	4.24
lcl|NC_085928.1_cds_XP_054408554.1_11430	42.14	57.86	0.12540	36.69	3.40	4.24
lcl|NC_085928.1_cds_XP_009237597.3_11488	40.95	59.05	0.07363	35.43	3.41	4.32
lcl|NC_085928.1_cds_XP_054408591.2_11498	44.57	55.43	0.07038	42.38	4.11	4.25
lcl|NC_085928.1_cds_XP_002814104.4_11534	41.49	58.51	0.03996	33.90	3.42	4.27
lcl|NC_085928.1_cds_XP_024100031.1_11561	54.92	45.08	-0.02403	68.32	3.90	3.57
lcl|NC_085928.1_cds_XP_024100783.1_11564	41.18	58.82	0.00844	39.36	3.57	4.24
lcl|NC_085928.1_cds_XP_024100079.1_11573	41.73	58.27	0.12437	38.13	3.48	4.19
lcl|NC_085928.1_cds_NP_001126948.2_11631	56.07	43.93	-0.01206	68.21	4.16	3.47
lcl|NC_085928.1_cds_XP_054408672.1_11661	40.96	59.04	0.06991	38.94	3.64	4.36
lcl|NC_085928.1_cds_NP_001126604.1_11672	43.70	56.3	0.13036	41.46	3.50	4.05
lcl|NC_085928.1_cds_XP_024100907.2_11680	54.81	45.19	0.00636	67.78	4.03	3.58
lcl|NC_085928.1_cds_XP_024100070.1_11693	45.71	54.29	-0.03171	47.16	3.61	4.10
lcl|NC_085928.1_cds_XP_024100736.1_11743	40.62	59.38	0.06847	38.31	3.89	4.44
lcl|NC_085928.1_cds_XP_024100779.2_11803	39.83	60.17	0.04269	32.21	3.38	4.53
lcl|NC_085928.1_cds_XP_024100771.1_11804	39.99	60.01	0.05452	34.78	3.47	4.34
lcl|NC_085928.1_cds_XP_024099924.1_11823	39.77	60.23	0.09357	29.71	3.61	4.38
lcl|NC_085928.1_cds_XP_009237675.2_11885	38.26	61.74	0.10825	29.19	3.44	4.38
lcl|NC_085928.1_cds_XP_002814206.2_11887	44.25	55.75	0.04798	45.77	3.76	4.34
lcl|NC_085928.1_cds_XP_024100134.3_11889	41.89	58.11	0.04595	40.15	3.69	4.11
lcl|NC_085928.1_cds_XP_002814211.3_11891	40.67	59.33	0.03513	36.76	3.53	4.30
lcl|NC_085928.1_cds_XP_054408802.2_11925	48.13	51.87	-0.03017	49.66	3.87	4.01
lcl|NC_085928.1_cds_XP_002814236.4_11951	44.54	55.46	-0.08749	41.93	3.51	4.03
lcl|NC_085928.1_cds_XP_024100973.2_12007	50.90	49.1	0.01504	57.29	4.21	4.06
lcl|NC_085928.1_cds_XP_024100726.2_12008	40.75	59.25	0.16181	34.62	3.94	4.34
lcl|NC_085928.1_cds_XP_054408853.1_12013	46.01	53.99	0.01160	48.22	3.62	4.01
lcl|NC_085928.1_cds_XP_024100787.2_12043	44.64	55.36	-0.01164	48.32	3.47	4.00
lcl|NC_085928.1_cds_XP_024099989.1_12112	36.57	63.43	0.12385	29.19	3.93	4.63
lcl|NC_085928.1_cds_XP_024100521.3_12144	39.27	60.73	0.01903	31.27	3.50	4.29
lcl|NC_085928.1_cds_XP_009237771.2_12145	48.02	51.98	-0.02626	48.98	3.73	4.12
lcl|NC_085928.1_cds_XP_054408919.2_12154	37.47	62.53	0.07219	30.31	3.30	4.31
lcl|NC_085928.1_cds_XP_024100523.2_12160	41.58	58.42	0.04475	40.13	3.47	4.29
lcl|NC_085928.1_cds_XP_054408934.1_12182	45.37	54.63	-0.00651	44.16	3.68	4.02
lcl|NC_085928.1_cds_XP_009237789.1_12225	47.20	52.8	-0.16260	37.65	3.59	4.02
lcl|NC_085928.1_cds_XP_054408961.2_12248	49.40	50.6	0.07486	51.29	3.74	3.96
lcl|NC_085928.1_cds_XP_009237816.3_12251	44.47	55.53	0.05021	46.79	3.62	4.23
lcl|NC_085928.1_cds_NP_001125934.2_12258	48.58	51.42	-0.01936	46.39	3.61	3.98
lcl|NC_085928.1_cds_XP_024100567.3_12277	38.30	61.7	0.05082	29.72	3.43	4.48
lcl|NC_085928.1_cds_XP_054408978.1_12279	43.76	56.24	-0.00722	37.44	3.51	4.14
lcl|NC_085928.1_cds_XP_024100632.1_12316	39.01	60.99	0.06954	35.08	3.36	4.35
lcl|NC_085928.1_cds_XP_024100899.1_12340	48.50	51.5	0.05967	51.62	3.92	3.98
lcl|NC_085928.1_cds_XP_002814379.2_12356	37.86	62.14	0.14821	34.69	3.66	4.40
lcl|NC_085928.1_cds_XP_024100103.3_12368	38.94	61.06	0.05814	33.28	3.39	4.54
lcl|NC_085928.1_cds_XP_009237860.4_12385	48.07	51.93	0.05100	53.54	3.87	4.24
lcl|NC_085928.1_cds_XP_054409034.1_12403	49.02	50.98	-0.04190	45.80	3.58	3.82
lcl|NC_085928.1_cds_XP_024100476.2_12423	51.67	48.33	0.02737	62.38	3.73	3.90
lcl|NC_085928.1_cds_XP_054409049.2_12437	66.27	33.73	-0.07106	71.51	4.48	3.47
lcl|NC_085928.1_cds_XP_024100322.2_12442	57.43	42.57	0.03217	72.29	3.99	3.47
lcl|NC_085928.1_cds_NP_001125887.1_12446	52.62	47.38	0.10105	59.41	3.79	3.57
lcl|NC_085928.1_cds_XP_054409051.1_12447	56.24	43.76	0.00553	58.21	4.08	3.83
lcl|NC_085928.1_cds_XP_002814407.1_12472	59.25	40.75	-0.03254	70.19	4.16	3.25
lcl|NC_085928.1_cds_XP_024100344.2_12485	66.11	33.89	0.02532	72.38	4.60	3.45
lcl|NC_085928.1_cds_XP_024100346.2_12487	60.22	39.78	-0.03272	74.95	4.17	3.42
lcl|NC_085928.1_cds_XP_024100596.3_12489	41.74	58.26	0.04980	39.17	3.35	4.16
lcl|NC_085928.1_cds_NP_001126034.1_12495	49.78	50.22	0.00693	51.40	3.66	3.93
lcl|NC_085928.1_cds_XP_002814472.2_12637	46.07	53.93	0.01902	51.27	3.62	3.96
lcl|NC_085928.1_cds_XP_024100312.2_12638	46.14	53.86	0.04647	49.46	3.51	4.03
lcl|NC_085928.1_cds_XP_054406955.2_12660	40.15	59.85	0.06737	36.04	3.38	4.40
lcl|NC_085928.1_cds_XP_063578503.1_12709	59.71	40.29	-0.03609	74.87	4.14	3.63
lcl|NC_085928.1_cds_XP_063578504.1_12711	51.10	48.9	0.10934	52.17	4.23	3.04
lcl|NC_085928.1_cds_XP_054406987.2_12717	66.55	33.45	-0.04566	80.43	4.69	3.37
lcl|NC_085928.1_cds_XP_024096975.1_12801	41.46	58.54	0.05291	32.47	3.51	4.28
lcl|NC_085928.1_cds_XP_063578510.1_12819	61.19	38.81	-0.13355	73.88	4.14	3.55
lcl|NC_085928.1_cds_XP_054407060.2_12828	56.47	43.53	-0.03147	68.02	4.16	3.75
lcl|NC_071988.2_cds_XP_009237985.3_12887	38.95	61.05	0.05103	34.21	3.24	3.81
lcl|NC_071988.2_cds_XP_054409614.1_12890	52.92	47.08	0.03638	58.87	3.83	4.20
lcl|NC_071988.2_cds_XP_024101749.1_12901	57.52	42.48	0.03047	83.06	4.27	3.61
lcl|NC_071988.2_cds_XP_063578660.1_12927	61.11	38.89	-0.02098	74.74	4.48	3.70
lcl|NC_071988.2_cds_XP_063579331.1_12933	67.40	32.6	0.02973	82.16	4.70	3.27
lcl|NC_071988.2_cds_XP_002814554.3_12989	52.54	47.46	0.07385	59.66	3.92	3.96
lcl|NC_071988.2_cds_XP_063579346.1_12999	46.10	53.9	0.04494	45.39	3.88	4.36
lcl|NC_071988.2_cds_XP_054410886.2_13004	63.82	36.18	0.01645	80.09	4.36	3.59
lcl|NC_071988.2_cds_XP_063579340.1_13010	54.81	45.19	-0.01422	60.19	4.52	4.07
lcl|NC_071988.2_cds_XP_002814567.2_13051	51.90	48.1	0.12725	60.96	4.02	3.84
lcl|NC_071988.2_cds_XP_024101641.3_13081	52.51	47.49	-0.02330	58.79	3.96	3.84
lcl|NC_071988.2_cds_XP_063579361.1_13087	57.36	42.64	0.03938	65.71	4.40	4.21
lcl|NC_071988.2_cds_NP_001128151.1_13128	64.30	35.7	0.01978	81.15	4.41	3.51
lcl|NC_071988.2_cds_XP_024102095.3_13154	61.38	38.62	0.00507	79.71	4.77	3.80
lcl|NC_071988.2_cds_XP_024101833.2_13167	42.37	57.63	0.10139	35.63	3.44	4.14
lcl|NC_071988.2_cds_XP_063578643.1_13197	61.28	38.72	-0.06818	75.57	4.21	3.54
lcl|NC_071988.2_cds_NP_001127593.2_13209	61.88	38.12	-0.06530	87.09	4.43	3.31
lcl|NC_071988.2_cds_XP_002814606.5_13212	56.51	43.49	0.15871	73.21	4.20	3.87
lcl|NC_071988.2_cds_XP_054409672.2_13215	58.88	41.12	0.09166	65.43	4.16	3.68
lcl|NC_071988.2_cds_XP_024102346.3_13223	58.98	41.02	0.07684	73.51	4.34	3.91
lcl|NC_071988.2_cds_XP_024102076.3_13236	55.34	44.66	0.07651	65.44	4.29	4.08
lcl|NC_071988.2_cds_XP_009238069.4_13274	41.61	58.39	0.02683	36.74	3.49	4.43
lcl|NC_071988.2_cds_XP_024101825.3_13301	44.08	55.92	0.13020	35.24	3.84	4.15
lcl|NC_071988.2_cds_XP_054409687.1_13304	60.63	39.37	-0.09963	62.80	5.88	3.99
lcl|NC_071988.2_cds_XP_054409691.2_13319	45.07	54.93	0.05254	42.56	3.59	4.21
lcl|NC_071988.2_cds_XP_054409702.2_13364	42.76	57.24	0.02250	44.69	3.61	4.21
lcl|NC_071988.2_cds_XP_024102217.3_13398	58.62	41.38	0.09856	70.91	4.22	3.80
lcl|NC_071988.2_cds_XP_054409754.1_13402	39.49	60.51	0.12438	33.40	3.62	4.31
lcl|NC_071988.2_cds_XP_054409738.2_13406	36.50	63.5	0.00244	28.24	3.74	4.67
lcl|NC_071988.2_cds_XP_054410955.1_13424	47.00	53	0.01014	49.38	3.75	4.11
lcl|NC_071988.2_cds_XP_002814682.4_13436	47.35	52.65	0.03408	46.90	3.98	4.12
lcl|NC_071988.2_cds_XP_054409764.2_13471	48.47	51.53	0.02122	52.20	4.00	4.10
lcl|NC_071988.2_cds_XP_054409779.1_13502	49.96	50.04	0.02694	46.56	4.72	4.20
lcl|NC_071988.2_cds_XP_054409786.2_13506	56.74	43.26	0.01934	69.59	4.49	3.91
lcl|NC_071988.2_cds_XP_054409788.2_13518	39.30	60.7	0.07417	35.21	3.42	4.37
lcl|NC_071988.2_cds_XP_054409791.2_13522	41.63	58.37	0.00529	40.09	3.55	4.27
lcl|NC_071988.2_cds_XP_003776485.4_13523	45.90	54.1	0.02917	51.00	3.78	4.08
lcl|NC_071988.2_cds_XP_024101611.3_13533	50.22	49.78	-0.01510	56.78	3.98	4.08
lcl|NC_071988.2_cds_XP_024102052.2_13577	42.89	57.11	0.06366	41.18	3.41	4.12
lcl|NC_071988.2_cds_XP_024101889.2_13590	41.11	58.89	0.09668	38.12	3.48	4.38
lcl|NC_071988.2_cds_XP_003776490.2_13591	49.38	50.62	-0.00388	58.28	3.98	4.14
lcl|NC_071988.2_cds_XP_002814733.3_13608	41.13	58.87	0.05875	37.37	3.44	4.38
lcl|NC_071988.2_cds_XP_054409805.1_13612	38.47	61.53	0.08023	31.23	3.40	4.41
lcl|NC_071988.2_cds_XP_054409829.2_13660	49.93	50.07	0.07541	50.21	3.65	3.82
lcl|NC_071988.2_cds_XP_054409837.1_13688	42.12	57.88	0.06114	41.63	3.42	4.22
lcl|NC_071988.2_cds_XP_024101492.3_13724	45.51	54.49	0.01626	47.58	3.58	3.94
lcl|NC_071988.2_cds_XP_024101500.2_13746	49.28	50.72	0.04540	53.31	3.72	3.94
lcl|NC_071988.2_cds_XP_002814769.1_13748	45.13	54.87	0.09385	32.42	3.77	4.01
lcl|NC_071988.2_cds_XP_054409860.2_13771	42.15	57.85	0.02350	38.56	3.62	4.26
lcl|NC_071988.2_cds_XP_054409876.1_13801	38.99	61.01	0.04214	30.33	3.29	4.26
lcl|NC_071988.2_cds_XP_009238237.3_13809	37.37	62.63	0.08333	27.81	3.40	4.55
lcl|NC_071988.2_cds_XP_002814793.1_13813	46.97	53.03	0.07514	45.52	3.93	4.05
lcl|NC_071988.2_cds_XP_054409889.1_13855	46.50	53.5	-0.01897	45.68	3.59	4.03
lcl|NC_071988.2_cds_XP_063579502.1_13874	41.53	58.47	0.11475	36.17	3.50	4.36
lcl|NC_071988.2_cds_XP_024101634.1_13879	45.44	54.56	0.07119	40.67	3.56	4.17
lcl|NC_071988.2_cds_XP_054409957.1_13907	39.33	60.67	0.05701	33.55	3.20	4.55
lcl|NC_071988.2_cds_XP_054409945.2_13920	59.17	40.83	0.07758	66.52	4.34	3.71
lcl|NC_071988.2_cds_XP_054409972.1_13930	37.95	62.05	0.12702	30.76	3.42	4.32
lcl|NC_071988.2_cds_NP_001126679.1_13942	40.14	59.86	0.09176	36.75	3.44	4.24
lcl|NC_071988.2_cds_XP_024101324.1_13956	41.72	58.28	-0.05472	34.71	3.43	4.36
lcl|NC_071988.2_cds_XP_002814831.1_13986	47.21	52.79	0.06868	50.85	3.64	4.03
lcl|NC_071988.2_cds_XP_024102193.1_13994	44.79	55.21	0.02740	47.24	3.62	4.05
lcl|NC_071988.2_cds_XP_054409986.1_13995	47.81	52.19	0.04901	54.56	3.63	3.96
lcl|NC_071988.2_cds_XP_002814839.2_14065	48.01	51.99	-0.00552	49.04	3.72	3.99
lcl|NC_071988.2_cds_XP_002814882.3_14158	44.53	55.47	-0.10020	34.91	3.52	4.25
lcl|NC_071988.2_cds_XP_024102030.2_14169	46.05	53.95	0.02279	50.28	3.49	4.06
lcl|NC_071988.2_cds_XP_054410016.1_14176	46.35	53.65	0.04545	43.52	3.49	4.07
lcl|NC_071988.2_cds_XP_054410018.1_14191	47.17	52.83	0.01330	36.41	3.74	3.90
lcl|NC_071988.2_cds_XP_063579529.1_14262	39.52	60.48	0.07304	33.71	3.47	4.35
lcl|NC_071988.2_cds_XP_054410040.1_14308	42.51	57.49	0.10340	40.53	3.53	4.16
lcl|NC_071988.2_cds_XP_054410069.1_14322	59.14	40.86	-0.03814	64.53	4.21	3.59
lcl|NC_071988.2_cds_XP_054410078.1_14366	51.18	48.82	-0.00909	55.32	3.77	3.81
lcl|NC_071988.2_cds_XP_002814955.1_14375	45.93	54.07	-0.02528	39.81	3.95	4.13
lcl|NC_071988.2_cds_XP_024101368.2_14488	46.51	53.49	-0.06062	39.37	3.53	4.06
lcl|NC_071988.2_cds_XP_002814975.2_14491	38.20	61.8	0.02896	33.63	3.43	4.38
lcl|NC_071988.2_cds_XP_002814981.2_14512	40.27	59.73	0.06617	36.24	3.62	4.42
lcl|NC_071988.2_cds_XP_054410103.1_14538	45.61	54.39	0.01587	43.84	3.62	4.13
lcl|NC_071988.2_cds_XP_024101785.2_14564	42.69	57.31	0.02802	37.68	3.44	4.19
lcl|NC_071988.2_cds_XP_024101599.2_14597	52.23	47.77	-0.12670	53.40	3.87	3.79
lcl|NC_071988.2_cds_XP_024102224.2_14615	47.09	52.91	0.23111	48.38	3.23	3.71
lcl|NC_071988.2_cds_XP_024101658.2_14624	52.08	47.92	0.08058	59.03	4.85	4.02
lcl|NC_071988.2_cds_XP_024101772.2_14630	44.66	55.34	0.04532	43.78	3.85	4.19
lcl|NC_071988.2_cds_XP_024101812.2_14632	45.69	54.31	0.04963	46.00	4.36	4.21
lcl|NC_071988.2_cds_XP_054410125.1_14637	46.02	53.98	0.06409	48.62	3.63	4.09
lcl|NC_071988.2_cds_XP_063579576.1_14659	46.69	53.31	0.04449	47.75	3.69	3.95
lcl|NC_071988.2_cds_XP_054410138.1_14687	39.21	60.79	0.01319	34.78	3.47	4.33
lcl|NC_071988.2_cds_XP_054410140.1_14689	43.69	56.31	-0.00942	37.24	3.50	4.10
lcl|NC_071988.2_cds_XP_024101769.1_14707	46.10	53.9	0.03443	47.82	3.49	3.94
lcl|NC_071988.2_cds_NP_001361068.1_14710	37.26	62.74	0.10549	31.97	3.47	4.32
lcl|NC_071988.2_cds_XP_009238476.1_14734	51.77	48.23	-0.00609	56.78	3.94	3.86
lcl|NC_071988.2_cds_XP_063579615.1_14791	44.85	55.15	0.02071	47.83	3.54	4.06
lcl|NC_071988.2_cds_XP_024102022.2_14793	59.86	40.14	-0.04493	67.28	4.16	3.62
lcl|NC_071988.2_cds_XP_024101800.2_14805	43.60	56.4	0.05435	39.57	4.13	4.22
lcl|NC_071988.2_cds_XP_054409488.1_14809	49.01	50.99	0.06815	47.55	3.74	4.06
lcl|NC_071988.2_cds_NP_001125103.1_14813	45.38	54.62	0.05342	48.75	3.88	4.24
lcl|NC_071988.2_cds_XP_024101550.2_14847	35.23	64.77	0.12815	31.61	3.30	4.36
lcl|NC_071988.2_cds_XP_002815071.3_14855	44.92	55.08	-0.07818	40.74	3.47	4.03
lcl|NC_071988.2_cds_XP_024101587.1_14876	41.98	58.02	-0.03552	37.58	3.42	4.31
lcl|NC_071988.2_cds_XP_024102008.2_14973	44.75	55.25	-0.11581	35.04	3.88	4.07
lcl|NC_071988.2_cds_XP_002815105.3_14989	46.87	53.13	0.12235	42.85	3.54	4.16
lcl|NC_071988.2_cds_NP_001126365.1_15004	45.09	54.91	0.04938	47.39	3.70	4.32
lcl|NC_071988.2_cds_XP_054410301.1_15016	47.33	52.67	0.04114	48.21	3.61	4.12
lcl|NC_071988.2_cds_XP_024101721.2_15036	38.18	61.82	0.04923	31.99	3.34	4.33
lcl|NC_071988.2_cds_XP_054410351.1_15081	47.58	52.42	0.01295	43.73	3.65	3.81
lcl|NC_071988.2_cds_XP_054410366.1_15119	42.32	57.68	-0.05373	42.02	3.49	4.16
lcl|NC_071988.2_cds_XP_024101838.2_15125	43.14	56.86	-0.04156	45.88	3.57	4.20
lcl|NC_071988.2_cds_XP_003776567.3_15127	54.18	45.82	0.10722	52.16	4.16	3.98
lcl|NC_071988.2_cds_XP_024101659.2_15138	47.32	52.68	-0.08583	44.58	3.45	3.87
lcl|NC_071988.2_cds_XP_024101569.2_15141	51.48	48.52	-0.05593	48.26	3.74	3.75
lcl|NC_071988.2_cds_XP_002815137.3_15146	39.32	60.68	0.04025	30.26	3.28	4.32
lcl|NC_071988.2_cds_XP_009238557.1_15158	43.11	56.89	0.05560	43.95	3.60	4.15
lcl|NC_071988.2_cds_XP_054410399.1_15190	50.50	49.5	0.02463	62.47	4.22	4.03
lcl|NC_071988.2_cds_XP_054410425.1_15192	41.45	58.55	0.02573	31.84	3.39	4.14
lcl|NC_071988.2_cds_XP_002815167.5_15240	44.85	55.15	0.13051	39.04	3.71	4.14
lcl|NC_071988.2_cds_XP_024102035.2_15251	42.77	57.23	0.11281	31.05	3.53	4.19
lcl|NC_071988.2_cds_XP_024101937.2_15252	45.66	54.34	0.01304	42.78	3.70	4.17
lcl|NC_071988.2_cds_XP_054410443.1_15258	42.55	57.45	0.05124	37.87	3.49	4.23
lcl|NC_071988.2_cds_XP_024102115.1_15264	39.83	60.17	0.12040	34.84	3.55	4.22
lcl|NC_071988.2_cds_NP_001153257.1_15266	38.96	61.04	0.01498	31.20	3.38	4.36
lcl|NC_071988.2_cds_XP_024101706.1_15285	45.64	54.36	0.03239	37.38	4.56	4.28
lcl|NC_071988.2_cds_XP_009238592.3_15302	51.84	48.16	0.10273	61.38	3.77	3.75
lcl|NC_071988.2_cds_XP_054410478.1_15321	59.89	40.11	-0.01420	72.40	4.54	3.53
lcl|NC_071988.2_cds_XP_054410481.1_15328	44.57	55.43	0.00329	43.05	3.59	4.21
lcl|NC_071988.2_cds_NP_001126952.1_15355	38.45	61.55	0.14800	35.29	3.59	4.29
lcl|NC_071988.2_cds_XP_002815203.3_15364	56.26	43.74	-0.07910	60.74	3.99	3.71
lcl|NC_071988.2_cds_XP_024102087.1_15384	51.04	48.96	0.02887	61.64	3.95	3.91
lcl|NC_071988.2_cds_NP_001127308.1_15407	43.84	56.16	0.02996	43.34	3.47	4.12
lcl|NC_071988.2_cds_XP_002815217.2_15413	44.11	55.89	-0.00363	41.75	3.61	4.31
lcl|NC_071988.2_cds_XP_024101699.1_15417	41.31	58.69	0.11877	37.32	4.04	4.12
lcl|NC_071988.2_cds_XP_024101961.2_15420	50.96	49.04	-0.03486	56.38	3.95	3.81
lcl|NC_071988.2_cds_XP_009238622.3_15448	45.39	54.61	0.03353	36.71	3.85	3.97
lcl|NC_071988.2_cds_XP_024101951.2_15461	53.90	46.1	-0.08108	63.63	3.93	3.75
lcl|NC_071988.2_cds_XP_024101900.2_15501	42.75	57.25	0.13548	39.60	3.71	4.07
lcl|NC_071988.2_cds_XP_054409532.1_15520	43.02	56.98	0.04607	37.64	3.48	4.10
lcl|NC_071988.2_cds_XP_054409537.1_15535	47.87	52.13	-0.04836	39.72	3.92	4.13
lcl|NC_071988.2_cds_XP_002815261.1_15551	52.02	47.98	-0.03198	61.61	3.79	3.66
lcl|NC_071988.2_cds_XP_024102135.1_15568	56.73	43.27	-0.04339	61.51	4.21	4.06
lcl|NC_071988.2_cds_XP_009238659.3_15593	46.11	53.89	-0.02200	47.45	3.81	4.17
lcl|NC_071988.2_cds_XP_024102167.2_15611	49.32	50.68	-0.01004	50.28	4.11	4.06
lcl|NC_071988.2_cds_XP_009238668.3_15617	47.44	52.56	0.10373	43.94	3.60	4.00
lcl|NC_071988.2_cds_XP_054410608.1_15648	44.68	55.32	0.12986	47.23	3.78	4.01
lcl|NC_071988.2_cds_XP_054410626.1_15676	50.40	49.6	0.05323	51.46	3.65	3.89
lcl|NC_071988.2_cds_XP_024101864.1_15680	45.32	54.68	0.03630	43.07	3.63	4.02
lcl|NC_071988.2_cds_XP_024101778.1_15715	42.02	57.98	0.07390	41.27	3.25	4.30
lcl|NC_071988.2_cds_XP_024101808.2_15750	44.84	55.16	0.11144	42.01	3.73	3.91
lcl|NC_071988.2_cds_XP_054410650.1_15758	39.32	60.68	0.05836	36.99	3.44	4.36
lcl|NC_071988.2_cds_XP_054410652.1_15763	39.13	60.87	0.09327	37.65	3.37	4.44
lcl|NC_071988.2_cds_XP_054410659.1_15769	55.18	44.82	-0.10611	55.25	4.52	3.73
lcl|NC_071988.2_cds_NP_001125455.1_15790	54.37	45.63	-0.04000	50.96	3.88	3.93
lcl|NC_071988.2_cds_XP_024101621.2_15803	39.19	60.81	0.15679	28.66	3.44	4.32
lcl|NC_071988.2_cds_XP_054409333.1_15813	43.71	56.29	0.10642	40.25	3.50	4.28
lcl|NC_071988.2_cds_XP_054410710.1_15874	43.33	56.67	0.04541	41.67	3.53	4.30
lcl|NC_071988.2_cds_XP_054410714.1_15880	40.84	59.16	0.08380	31.33	3.46	4.36
lcl|NC_071988.2_cds_XP_054409555.1_15904	49.01	50.99	0.03576	52.07	3.96	3.99
lcl|NC_071988.2_cds_XP_002815374.1_15942	47.79	52.21	0.06027	48.83	3.65	4.05
lcl|NC_071988.2_cds_XP_002815382.4_15954	42.95	57.05	0.02669	41.36	3.64	4.24
lcl|NC_071988.2_cds_XP_054409388.1_15955	54.43	45.57	-0.05208	62.22	4.06	3.98
lcl|NC_071988.2_cds_XP_054410772.1_16025	47.96	52.04	0.08311	51.69	4.94	4.21
lcl|NC_071988.2_cds_XP_054410773.1_16047	33.88	66.12	0.03899	31.00	3.26	4.56
lcl|NC_071988.2_cds_XP_054410787.1_16075	51.64	48.36	-0.10323	53.67	3.88	3.93
lcl|NC_071988.2_cds_XP_024102316.1_16093	39.85	60.15	-0.08133	43.31	3.41	4.39
lcl|NC_071988.2_cds_XP_009238793.2_16125	46.12	53.88	0.02042	46.14	3.71	4.02
lcl|NC_071989.2_cds_XP_054411280.1_16145	63.24	36.76	-0.01363	74.83	4.30	3.67
lcl|NC_071989.2_cds_XP_063580586.1_16160	61.71	38.29	-0.04491	86.07	4.43	3.32
lcl|NC_071989.2_cds_XP_024103238.2_16208	61.47	38.53	-0.01851	84.78	4.48	3.54
lcl|NC_071989.2_cds_XP_054411338.1_16212	65.37	34.63	-0.02790	81.73	4.58	3.43
lcl|NC_071989.2_cds_XP_054411361.1_16259	54.52	45.48	0.01332	60.48	4.09	3.87
lcl|NC_071989.2_cds_XP_024103034.2_16261	43.79	56.21	0.04535	36.58	3.58	4.28
lcl|NC_071989.2_cds_XP_054411371.1_16277	51.62	48.38	-0.01797	66.70	3.99	4.11
lcl|NC_071989.2_cds_XP_024103022.2_16290	55.50	44.5	-0.02011	66.79	4.04	3.78
lcl|NC_071989.2_cds_XP_002815474.1_16308	45.44	54.56	0.07729	41.93	3.49	4.24
lcl|NC_071989.2_cds_XP_054411386.1_16315	59.31	40.69	-0.08805	68.98	4.61	3.77
lcl|NC_071989.2_cds_XP_024103279.2_16320	45.67	54.33	0.06969	50.77	3.80	4.15
lcl|NC_071989.2_cds_XP_024103441.2_16321	54.12	45.88	0.02228	66.10	4.28	3.97
lcl|NC_071989.2_cds_XP_024102722.2_16353	51.76	48.24	0.03858	65.22	3.86	3.88
lcl|NC_071989.2_cds_XP_054411252.1_16374	52.76	47.24	0.11018	59.27	4.16	3.73
lcl|NC_071989.2_cds_XP_024103066.1_16391	48.05	51.95	-0.03734	47.49	3.72	4.14
lcl|NC_071989.2_cds_XP_054411426.1_16398	55.45	44.55	-0.00889	58.29	3.93	3.83
lcl|NC_071989.2_cds_XP_054410990.1_16406	46.01	53.99	-0.02742	34.44	3.77	4.08
lcl|NC_071989.2_cds_XP_024103402.2_16414	52.48	47.52	0.00913	57.50	3.64	3.67
lcl|NC_071989.2_cds_XP_002815524.3_16425	43.93	56.07	0.05336	45.77	3.63	4.09
lcl|NC_071989.2_cds_XP_054411443.1_16455	40.89	59.11	0.03408	36.25	3.49	4.42
lcl|NC_071989.2_cds_XP_024102795.1_16491	39.85	60.15	0.04682	31.80	3.48	4.33
lcl|NC_071989.2_cds_XP_024103167.2_16499	39.93	60.07	0.01662	32.07	3.40	4.38
lcl|NC_071989.2_cds_XP_024103176.2_16507	41.24	58.76	0.06977	38.69	3.65	4.29
lcl|NC_071989.2_cds_XP_024102756.1_16509	42.29	57.71	0.02378	34.41	3.44	4.24
lcl|NC_071989.2_cds_XP_003776627.2_16517	52.94	47.06	0.03990	60.30	3.83	3.80
lcl|NC_071989.2_cds_XP_054411473.1_16521	39.22	60.78	0.03881	32.22	3.47	4.42
lcl|NC_071989.2_cds_XP_024102699.2_16527	43.87	56.13	-0.03331	45.87	3.46	4.08
lcl|NC_071989.2_cds_XP_009238938.3_16535	40.35	59.65	0.00763	33.47	3.52	4.33
lcl|NC_071989.2_cds_XP_054411487.1_16543	45.97	54.03	-0.01054	40.04	3.77	4.12
lcl|NC_071989.2_cds_XP_002815564.3_16558	45.66	54.34	0.01828	43.74	3.68	3.99
lcl|NC_071989.2_cds_NP_001125756.1_16561	45.26	54.74	0.12042	40.05	3.57	4.19
lcl|NC_071989.2_cds_XP_024102867.2_16563	46.30	53.7	0.02224	52.77	3.53	3.95
lcl|NC_071989.2_cds_XP_024102947.2_16564	44.81	55.19	0.05122	43.43	3.60	3.93
lcl|NC_071989.2_cds_XP_002815589.3_16646	51.28	48.72	-0.06176	57.92	4.44	4.19
lcl|NC_071989.2_cds_XP_024102609.2_16649	43.84	56.16	-0.02964	39.53	3.62	4.11
lcl|NC_071989.2_cds_XP_002815595.2_16657	41.44	58.56	0.04158	37.71	3.73	4.34
lcl|NC_071989.2_cds_XP_009238987.3_16697	40.19	59.81	0.06982	33.02	3.74	4.44
lcl|NC_071989.2_cds_XP_024103409.1_16698	39.63	60.37	0.15323	32.31	3.72	4.36
lcl|NC_071989.2_cds_XP_024102830.1_16731	40.17	59.83	0.00355	33.12	3.40	4.42
lcl|NC_071989.2_cds_XP_002815621.2_16736	48.77	51.23	0.03080	44.07	4.43	3.89
lcl|NC_071989.2_cds_XP_024102990.3_16790	54.11	45.89	-0.00561	59.44	5.13	4.11
lcl|NC_071989.2_cds_XP_054411579.1_16802	39.59	60.41	0.06542	35.22	3.25	4.33
lcl|NC_071989.2_cds_XP_024103073.2_16827	45.97	54.03	0.07652	42.93	3.58	4.18
lcl|NC_071989.2_cds_XP_054412395.2_16860	38.87	61.13	0.01812	30.70	3.44	4.54
lcl|NC_071989.2_cds_XP_054412399.2_16872	55.88	44.12	-0.05158	58.70	4.20	3.83
lcl|NC_071989.2_cds_XP_002815676.4_16971	43.37	56.63	0.00933	45.97	3.62	4.07
lcl|NC_071989.2_cds_XP_024103205.3_16979	40.65	59.35	0.12652	31.54	3.58	4.22
lcl|NC_071989.2_cds_XP_024102626.3_16988	49.52	50.48	-0.02708	49.17	3.88	3.84
lcl|NC_071989.2_cds_NP_001360861.1_16993	41.31	58.69	0.03052	37.15	3.34	4.39
lcl|NC_071989.2_cds_XP_063580028.1_17013	48.05	51.95	0.03819	49.77	3.76	4.08
lcl|NC_071989.2_cds_XP_054411612.1_17042	37.96	62.04	0.05732	30.57	3.26	4.41
lcl|NC_071989.2_cds_NP_001126511.1_17043	43.87	56.13	0.05983	39.37	3.38	4.04
lcl|NC_071989.2_cds_XP_063580091.1_17054	37.45	62.55	0.07129	31.15	3.45	4.35
lcl|NC_071989.2_cds_XP_002815707.1_17080	41.71	58.29	0.08316	43.27	3.42	4.26
lcl|NC_071989.2_cds_XP_002815729.2_17110	41.46	58.54	0.09104	37.08	3.54	4.27
lcl|NC_071989.2_cds_XP_024103299.2_17136	52.84	47.16	0.06174	53.48	4.64	3.95
lcl|NC_071989.2_cds_XP_002815734.4_17151	42.54	57.46	0.02175	34.14	3.43	4.11
lcl|NC_071989.2_cds_XP_024103393.3_17158	54.87	45.13	0.03937	62.71	4.04	3.96
lcl|NC_071989.2_cds_XP_002815747.4_17163	37.23	62.77	0.07326	27.34	3.39	4.40
lcl|NC_071989.2_cds_XP_063579930.1_17188	41.90	58.1	0.05801	39.24	3.71	4.57
lcl|NC_071989.2_cds_XP_024102720.1_17199	48.30	51.7	-0.03233	53.72	4.07	4.16
lcl|NC_071989.2_cds_XP_002815763.3_17255	43.22	56.78	-0.01931	33.33	3.46	4.09
lcl|NC_071989.2_cds_XP_054411013.1_17266	44.18	55.82	0.07991	37.31	4.11	4.41
lcl|NC_071989.2_cds_XP_054411711.1_17330	42.46	57.54	0.07958	36.31	3.45	4.24
lcl|NC_071989.2_cds_XP_054412414.2_17370	39.84	60.16	0.00249	41.28	3.34	4.33
lcl|NC_071989.2_cds_XP_024102891.2_17379	37.23	62.77	0.10304	32.45	3.40	4.59
lcl|NC_071989.2_cds_XP_024102896.1_17388	50.52	49.48	0.05945	54.25	4.69	4.15
lcl|NC_071989.2_cds_XP_024102855.1_17402	41.15	58.85	0.07660	34.57	3.35	4.23
lcl|NC_071989.2_cds_XP_054411105.2_17474	45.14	54.86	0.03191	47.42	3.57	4.11
lcl|NC_071989.2_cds_NP_001124597.1_17477	42.77	57.23	0.01865	44.95	3.54	4.15
lcl|NC_071989.2_cds_XP_024102718.2_17478	41.68	58.32	0.04599	42.40	3.49	4.18
lcl|NC_071989.2_cds_XP_054411732.1_17487	38.49	61.51	0.14066	29.98	3.40	4.49
lcl|NC_071989.2_cds_XP_002815813.3_17496	44.92	55.08	0.07306	40.00	3.42	4.13
lcl|NC_071989.2_cds_XP_054411743.1_17529	39.90	60.1	0.06437	29.55	3.45	4.44
lcl|NC_071989.2_cds_XP_002815820.1_17595	40.79	59.21	0.01356	38.78	3.53	4.43
lcl|NC_071989.2_cds_XP_002815825.2_17615	41.44	58.56	0.02873	35.04	3.63	4.38
lcl|NC_071989.2_cds_XP_054411791.1_17628	41.81	58.19	-0.00999	29.91	3.51	4.13
lcl|NC_071989.2_cds_XP_063579919.1_17651	56.09	43.91	0.07026	69.75	3.97	3.62
lcl|NC_071989.2_cds_XP_054411091.1_17658	42.04	57.96	0.10903	33.26	3.65	4.10
lcl|NC_071989.2_cds_XP_024102406.2_17660	56.54	43.46	-0.08815	67.41	5.07	4.10
lcl|NC_071989.2_cds_XP_002815846.1_17690	45.07	54.93	0.01343	49.75	4.12	4.39
lcl|NC_071989.2_cds_XP_054411814.2_17700	52.16	47.84	-0.05976	61.16	4.06	3.88
lcl|NC_071989.2_cds_XP_054411826.1_17706	40.07	59.93	0.01883	30.50	3.44	4.30
lcl|NC_071989.2_cds_XP_054411849.2_17745	48.81	51.19	-0.03912	51.06	3.56	3.89
lcl|NC_071989.2_cds_XP_054411855.2_17757	42.31	57.69	0.00774	36.15	3.36	4.16
lcl|NC_071989.2_cds_XP_054411856.1_17761	50.94	49.06	0.01730	51.88	3.94	4.00
lcl|NC_071989.2_cds_XP_054411864.2_17779	53.32	46.68	0.00712	54.78	3.77	3.90
lcl|NC_071989.2_cds_XP_002815887.3_17789	46.52	53.48	0.08166	43.44	4.76	4.32
lcl|NC_071989.2_cds_XP_024102746.2_17792	49.49	50.51	0.08763	49.23	3.80	3.71
lcl|NC_071989.2_cds_XP_054411871.2_17795	51.05	48.95	0.08422	49.47	4.46	3.95
lcl|NC_071989.2_cds_NP_001359333.1_17799	52.06	47.94	0.01813	58.78	4.55	3.96
lcl|NC_071989.2_cds_XP_054411874.1_17819	42.70	57.3	0.06099	38.28	3.40	4.26
lcl|NC_071989.2_cds_NP_001125068.2_17838	42.59	57.41	0.06237	37.45	3.66	4.18
lcl|NC_071989.2_cds_XP_002815909.3_17894	37.78	62.22	0.15995	35.49	3.46	4.43
lcl|NC_071989.2_cds_XP_054411914.2_17917	66.63	33.37	-0.04516	70.22	4.90	3.29
lcl|NC_071989.2_cds_XP_063580333.1_17925	46.25	53.75	-0.03529	42.35	3.50	3.87
lcl|NC_071989.2_cds_NP_001125029.1_17940	42.09	57.91	0.14689	38.76	3.64	4.20
lcl|NC_071989.2_cds_XP_024102939.2_17943	56.66	43.34	-0.03280	68.92	4.03	3.54
lcl|NC_071989.2_cds_XP_024103435.1_18011	60.84	39.16	0.03281	72.22	4.12	3.50
lcl|NC_071989.2_cds_XP_002815939.2_18030	44.52	55.48	-0.12526	37.20	3.58	3.86
lcl|NC_071989.2_cds_XP_024103038.1_18035	42.88	57.12	0.23401	36.79	3.62	4.10
lcl|NC_071989.2_cds_XP_054412361.1_18081	51.02	48.98	-0.02267	65.61	3.87	3.99
lcl|NC_071989.2_cds_XP_024102978.1_18114	39.76	60.24	0.12143	32.06	3.34	4.32
lcl|NC_071989.2_cds_NP_001126650.1_18132	48.77	51.23	0.08087	42.78	3.55	3.76
lcl|NC_071989.2_cds_XP_024103287.2_18133	49.76	50.24	-0.01504	55.11	3.72	3.64
lcl|NC_071989.2_cds_XP_024103015.3_18152	51.84	48.16	0.03212	52.44	3.95	3.74
lcl|NC_071989.2_cds_XP_024102734.1_18161	50.00	50	0.08168	55.41	3.76	3.91
lcl|NC_071989.2_cds_XP_009239355.1_18181	42.41	57.59	0.14211	32.70	3.38	4.31
lcl|NC_071989.2_cds_XP_002815990.3_18202	69.85	30.15	-0.07851	74.48	5.22	3.53
lcl|NC_071989.2_cds_XP_024103310.1_18245	65.92	34.08	-0.03407	82.03	5.46	3.65
lcl|NC_071989.2_cds_XP_024102844.3_18258	58.54	41.46	-0.03472	67.68	3.83	3.48
lcl|NC_071989.2_cds_XP_024102848.1_18262	46.05	53.95	0.00590	34.87	3.69	4.04
lcl|NC_071989.2_cds_XP_024102474.1_18322	55.75	44.25	-0.00593	63.39	3.99	3.86
lcl|NC_071989.2_cds_XP_063579928.1_18346	54.80	45.2	-0.03989	63.65	4.06	4.25
lcl|NC_071989.2_cds_XP_003776730.3_18348	53.45	46.55	-0.02568	56.94	3.97	4.01
lcl|NC_071989.2_cds_XP_054411964.2_18357	53.24	46.76	-0.02239	60.79	4.30	4.29
lcl|NC_071989.2_cds_XP_054411963.2_18359	53.09	46.91	0.00825	60.57	4.03	4.27
lcl|NC_071989.2_cds_XP_063580574.1_18361	55.87	44.13	-0.03051	66.59	4.33	4.16
lcl|NC_071989.2_cds_XP_054411962.1_18362	55.36	44.64	-0.01045	62.85	4.15	3.68
lcl|NC_071989.2_cds_XP_063580575.1_18366	50.68	49.32	-0.02596	48.33	4.06	3.70
lcl|NC_071989.2_cds_XP_024103443.3_18388	60.61	39.39	-0.03377	68.58	4.16	3.44
lcl|NC_071989.2_cds_XP_024103362.1_18391	59.53	40.47	-0.06015	70.27	4.21	3.31
lcl|NC_071989.2_cds_XP_024102840.2_18396	57.12	42.88	-0.02711	65.88	3.87	3.47
lcl|NC_071989.2_cds_XP_063580372.1_18460	42.31	57.69	0.12584	41.63	3.45	4.23
lcl|NC_071989.2_cds_XP_054403019.1_18462	45.42	54.58	-0.00484	37.01	3.87	4.08
lcl|NC_071989.2_cds_XP_024102905.1_18467	47.10	52.9	-0.02219	39.07	3.81	4.41
lcl|NC_071989.2_cds_XP_002816096.2_18502	43.19	56.81	0.18222	38.15	3.49	4.23
lcl|NC_071989.2_cds_XP_024103079.2_18518	45.75	54.25	0.06250	42.98	3.65	4.08
lcl|NC_071989.2_cds_XP_063580381.1_18534	54.78	45.22	0.02319	64.18	3.75	3.74
lcl|NC_071989.2_cds_XP_002816115.3_18574	61.29	38.71	-0.05263	69.70	4.09	3.34
lcl|NC_071989.2_cds_XP_024102931.3_18579	48.97	51.03	0.03874	63.65	3.73	3.96
lcl|NC_071989.2_cds_XP_009239448.3_18585	54.09	45.91	-0.01239	60.79	3.79	3.77
lcl|NC_071989.2_cds_XP_024103185.3_18589	57.58	42.42	-0.03962	73.85	3.90	3.45
lcl|NC_071989.2_cds_XP_002816120.3_18590	58.24	41.76	-0.03206	74.98	4.03	3.48
lcl|NC_071989.2_cds_XP_009239460.4_18602	59.66	40.34	0.04570	62.11	4.03	3.63
lcl|NC_071989.2_cds_XP_063580393.1_18619	58.71	41.29	-0.09886	80.80	4.23	3.56
lcl|NC_071989.2_cds_XP_024103117.3_18682	52.57	47.43	-0.03819	60.02	3.85	3.78
lcl|NC_071989.2_cds_XP_054412090.2_18705	50.38	49.62	0.07648	60.41	3.83	3.72
lcl|NC_071989.2_cds_XP_024103499.1_18731	57.10	42.9	-0.00053	64.18	4.55	3.70
lcl|NC_071989.2_cds_XP_002816156.2_18749	48.99	51.01	0.01533	49.57	3.75	3.86
lcl|NC_071989.2_cds_XP_003780483.2_18753	45.48	54.52	0.08487	47.45	3.47	4.03
lcl|NC_071989.2_cds_XP_054411093.1_18783	53.53	46.47	-0.02824	72.40	3.92	3.59
lcl|NC_071989.2_cds_XP_024103448.2_18792	57.74	42.26	-0.00801	66.17	4.37	3.56
lcl|NC_071989.2_cds_XP_054412154.2_18847	51.93	48.07	-0.06327	63.93	3.70	3.66
lcl|NC_071989.2_cds_XP_054412162.2_18866	54.50	45.5	-0.04166	66.63	3.96	3.65
lcl|NC_071989.2_cds_XP_024103219.1_18886	57.07	42.93	0.04258	69.69	3.91	3.69
lcl|NC_071989.2_cds_XP_024102820.1_18899	58.71	41.29	-0.07377	77.43	4.03	3.59
lcl|NC_071989.2_cds_XP_009239547.4_18907	49.58	50.42	0.02866	65.57	3.74	3.69
lcl|NC_071989.2_cds_XP_054412195.1_18931	42.63	57.37	-0.00493	43.47	3.36	4.22
lcl|NC_071989.2_cds_XP_002816236.3_18962	57.93	42.07	0.05344	78.12	4.09	3.51
lcl|NC_071989.2_cds_XP_063580467.1_18972	59.15	40.85	0.01319	70.85	4.43	3.53
lcl|NC_071989.2_cds_XP_024102766.2_19035	62.83	37.17	-0.05053	70.43	4.41	3.37
lcl|NC_071989.2_cds_XP_024102922.2_19101	47.10	52.9	0.03778	42.48	3.65	4.01
lcl|NC_071989.2_cds_XP_063580587.1_19127	61.69	38.31	0.08538	72.94	4.21	3.40
lcl|NC_071989.2_cds_XP_024102936.2_19130	62.91	37.09	-0.06851	81.73	4.14	3.54
lcl|NC_071989.2_cds_XP_002816291.2_19141	62.25	37.75	0.03284	63.60	4.72	3.42
lcl|NC_071989.2_cds_XP_054412300.1_19142	58.91	41.09	-0.02146	76.88	3.97	3.35
lcl|NC_071989.2_cds_XP_024102790.2_19163	52.11	47.89	-0.12753	53.27	3.79	3.89
lcl|NC_071989.2_cds_XP_063580663.1_19205	45.23	54.77	0.00080	45.85	3.54	4.10
lcl|NC_071989.2_cds_XP_002816347.3_19238	64.96	35.04	-0.02981	84.62	4.71	3.41
lcl|NC_071989.2_cds_XP_009239631.4_19247	62.76	37.24	-0.03944	80.03	4.50	3.42
lcl|NC_071989.2_cds_XP_024102819.1_19279	60.64	39.36	-0.12721	68.46	4.38	3.63
lcl|NC_071989.2_cds_XP_003776777.1_19308	59.53	40.47	0.00806	79.06	4.06	3.57
lcl|NC_071989.2_cds_XP_024102878.3_19338	62.07	37.93	0.00945	82.77	4.35	3.31
lcl|NC_071989.2_cds_XP_054412654.1_19355	44.12	55.88	0.09136	46.73	3.44	4.20
lcl|NC_071990.2_cds_NP_001126186.1_19404	44.97	55.03	0.03846	46.59	3.66	4.15
lcl|NC_071990.2_cds_NP_001126223.1_19468	40.71	59.29	0.11454	34.82	3.64	4.40
lcl|NC_071990.2_cds_XP_054413141.2_19509	62.50	37.5	-0.07038	76.76	4.60	3.41
lcl|NC_071990.2_cds_XP_054413145.2_19521	37.75	62.25	0.08577	37.53	3.28	4.43
lcl|NC_071990.2_cds_XP_002816443.4_19524	48.24	51.76	0.10346	58.43	3.75	3.99
lcl|NC_071990.2_cds_XP_002816470.4_19591	53.85	46.15	-0.05708	62.04	3.93	3.68
lcl|NC_071990.2_cds_XP_024104676.3_19598	46.01	53.99	-0.07754	40.68	3.68	4.14
lcl|NC_071990.2_cds_XP_054413204.1_19681	56.41	43.59	0.00273	66.77	4.38	3.73
lcl|NC_071990.2_cds_XP_054413224.2_19704	44.58	55.42	-0.04667	33.00	3.46	4.22
lcl|NC_071990.2_cds_XP_024104333.1_19712	48.19	51.81	0.07392	50.39	3.65	4.01
lcl|NC_071990.2_cds_XP_009239730.2_19719	50.51	49.49	0.04796	51.41	4.02	3.99
lcl|NC_071990.2_cds_XP_063581460.1_19769	49.62	50.38	0.04473	53.86	3.66	3.91
lcl|NC_071990.2_cds_XP_054413263.2_19773	51.52	48.48	0.01565	56.09	3.94	3.85
lcl|NC_071990.2_cds_XP_054413274.2_19796	50.14	49.86	-0.00060	54.76	3.73	3.95
lcl|NC_071990.2_cds_XP_054412975.2_19818	46.73	53.27	0.02298	47.90	3.63	4.12
lcl|NC_071990.2_cds_XP_024103847.2_19924	52.38	47.62	-0.18673	49.61	3.71	3.72
lcl|NC_071990.2_cds_XP_024104512.3_20043	38.16	61.84	0.09091	32.28	3.39	4.38
lcl|NC_071990.2_cds_XP_024103638.1_20077	56.20	43.8	-0.00986	70.06	4.23	3.52
lcl|NC_071990.2_cds_XP_024103904.3_20158	53.88	46.12	0.12491	64.46	4.13	3.89
lcl|NC_071990.2_cds_XP_054414609.1_20160	56.94	43.06	0.00380	52.32	4.26	3.76
lcl|NC_071990.2_cds_XP_002816680.3_20173	56.62	43.38	0.08732	64.98	3.99	3.59
lcl|NC_071990.2_cds_XP_024103914.3_20186	54.91	45.09	-0.06840	52.31	3.80	3.77
lcl|NC_071990.2_cds_XP_024104696.3_20196	62.25	37.75	0.00762	74.29	4.41	3.43
lcl|NC_071990.2_cds_XP_063581500.1_20213	48.40	51.6	-0.21230	40.45	3.54	3.81
lcl|NC_071990.2_cds_XP_054413059.2_20215	55.16	44.84	-0.28583	54.55	3.42	3.60
lcl|NC_071990.2_cds_XP_024103609.3_20229	59.99	40.01	0.10646	69.66	3.96	3.50
lcl|NC_071990.2_cds_XP_024103963.2_20301	61.82	38.18	-0.08085	53.99	4.34	3.38
lcl|NC_071990.2_cds_XP_024103965.1_20305	59.90	40.1	-0.05338	58.57	4.34	3.54
lcl|NC_071990.2_cds_XP_024104083.1_20381	52.87	47.13	-0.02262	61.48	3.79	3.75
lcl|NC_071990.2_cds_XP_024104082.1_20384	61.69	38.31	-0.09885	68.13	3.99	3.38
lcl|NC_071990.2_cds_XP_063581266.1_20388	61.50	38.5	0.00469	71.52	4.17	3.46
lcl|NC_071990.2_cds_XP_054414686.2_20406	62.90	37.1	0.05074	71.99	4.71	3.38
lcl|NC_071990.2_cds_XP_024104011.2_20424	58.59	41.41	0.00182	67.44	4.00	3.44
lcl|NC_071990.2_cds_XP_054414691.2_20436	58.28	41.72	0.00229	70.03	4.02	3.52
lcl|NC_071990.2_cds_XP_054414692.2_20439	58.38	41.62	0.00196	70.37	4.03	3.51
lcl|NC_071990.2_cds_XP_054414693.2_20441	65.31	34.69	0.00046	76.76	4.54	3.40
lcl|NC_071990.2_cds_XP_024104526.2_20484	62.92	37.08	-0.04946	64.60	4.08	3.38
lcl|NC_071990.2_cds_XP_054413339.1_20501	57.16	42.84	0.08681	65.34	3.87	3.68
lcl|NC_071990.2_cds_XP_054413352.2_20531	65.04	34.96	0.07506	54.64	4.34	3.28
lcl|NC_071990.2_cds_XP_054413367.1_20586	59.42	40.58	-0.01836	69.79	4.36	3.45
lcl|NC_071990.2_cds_XP_024103829.1_20594	58.56	41.44	-0.01193	84.77	4.32	3.36
lcl|NC_071990.2_cds_XP_024104728.1_20605	60.79	39.21	-0.06667	82.26	4.10	3.29
lcl|NC_071990.2_cds_XP_009240043.2_20638	52.01	47.99	-0.02044	55.48	3.87	3.66
lcl|NC_071990.2_cds_XP_054414702.1_20650	58.17	41.83	-0.03489	67.95	4.20	3.64
lcl|NC_071990.2_cds_XP_024104917.1_20659	56.83	43.17	-0.01858	67.43	4.09	3.55
lcl|NC_071990.2_cds_XP_024104007.3_20728	45.45	54.55	-0.03927	51.29	3.43	4.03
lcl|NC_071990.2_cds_XP_054413402.1_20736	56.66	43.34	0.00521	65.65	4.04	3.46
lcl|NC_071990.2_cds_XP_024104127.3_20766	62.20	37.8	0.01626	68.20	4.16	3.55
lcl|NC_071990.2_cds_XP_024103637.1_20799	51.59	48.41	0.08501	62.68	3.78	3.64
lcl|NC_071990.2_cds_XP_024104913.2_20805	61.54	38.46	-0.04816	78.45	4.33	3.48
lcl|NC_071990.2_cds_XP_063580835.1_20821	40.74	59.26	0.08551	39.04	3.58	4.40
lcl|NC_071990.2_cds_XP_054414747.1_20836	56.62	43.38	0.01256	73.93	4.09	3.64
lcl|NC_071990.2_cds_XP_002816933.4_20940	64.11	35.89	-0.19688	65.39	4.45	3.56
lcl|NC_071990.2_cds_XP_054413464.1_20968	59.22	40.78	-0.11660	68.64	4.29	3.70
lcl|NC_071990.2_cds_XP_024104264.2_20977	41.70	58.3	0.07874	36.79	3.46	4.26
lcl|NC_071990.2_cds_XP_024104636.3_20990	48.10	51.9	-0.09056	45.78	3.59	4.07
lcl|NC_071990.2_cds_XP_002816948.2_21009	62.56	37.44	0.04943	65.95	4.58	3.62
lcl|NC_071990.2_cds_XP_024103578.3_21029	59.26	40.74	0.01417	71.05	3.99	3.55
lcl|NC_071990.2_cds_XP_063581311.1_21045	60.10	39.9	0.02505	72.09	3.98	3.44
lcl|NC_071990.2_cds_XP_054413501.2_21054	58.06	41.94	0.00604	68.37	4.02	3.55
lcl|NC_071990.2_cds_XP_063581318.1_21059	65.44	34.56	-0.01082	76.13	4.78	3.28
lcl|NC_071990.2_cds_XP_009240188.4_21077	49.42	50.58	-0.01952	45.81	3.95	3.96
lcl|NC_071990.2_cds_XP_054413518.2_21078	61.54	38.46	-0.01062	71.28	4.11	3.39
lcl|NC_071990.2_cds_XP_024103871.1_21115	47.47	52.53	0.01282	51.62	3.60	3.88
lcl|NC_071990.2_cds_XP_054413574.1_21220	43.44	56.56	0.12363	41.52	3.95	4.47
lcl|NC_071990.2_cds_XP_009240212.3_21231	45.83	54.17	-0.04248	52.70	3.51	4.02
lcl|NC_071990.2_cds_XP_002817009.3_21234	44.97	55.03	-0.03011	50.38	3.43	4.06
lcl|NC_071990.2_cds_XP_054413590.1_21245	49.55	50.45	-0.07387	63.52	3.70	3.99
lcl|NC_071990.2_cds_XP_024104185.3_21276	48.21	51.79	0.02952	48.88	3.61	3.92
lcl|NC_071990.2_cds_XP_002817065.3_21320	48.39	51.61	-0.25572	43.06	3.65	3.79
lcl|NC_071990.2_cds_XP_009240253.3_21322	40.18	59.82	-0.03607	33.99	3.44	4.23
lcl|NC_071990.2_cds_XP_054413629.2_21336	46.73	53.27	0.15711	29.96	3.63	4.18
lcl|NC_071990.2_cds_XP_054412914.2_21346	41.59	58.41	0.09468	38.98	3.49	4.27
lcl|NC_071990.2_cds_XP_054412744.1_21367	40.33	59.67	0.06386	35.45	3.48	4.25
lcl|NC_071990.2_cds_XP_054413641.1_21390	39.70	60.3	0.07610	30.13	3.45	4.36
lcl|NC_071990.2_cds_NP_001361280.1_21396	40.13	59.87	-0.00079	33.52	3.36	4.49
lcl|NC_071990.2_cds_XP_024104743.3_21398	43.73	56.27	0.07107	41.89	3.48	4.16
lcl|NC_071990.2_cds_XP_054413655.2_21406	52.04	47.96	0.13965	33.19	3.66	4.04
lcl|NC_071990.2_cds_XP_002817092.3_21407	56.36	43.64	0.11867	38.07	4.06	3.76
lcl|NC_071990.2_cds_XP_054412949.2_21410	37.94	62.06	0.00170	29.61	3.45	4.37
lcl|NC_071990.2_cds_XP_054413667.2_21448	50.80	49.2	0.03808	46.85	4.24	3.94
lcl|NC_071990.2_cds_XP_024104488.3_21498	51.01	48.99	0.00990	52.16	4.22	3.96
lcl|NC_071990.2_cds_XP_024104305.3_21531	40.57	59.43	0.04432	36.93	3.58	4.38
lcl|NC_071990.2_cds_XP_063580934.1_21536	46.74	53.26	0.05045	39.48	3.72	4.09
lcl|NC_071990.2_cds_XP_024103808.3_21541	44.23	55.77	0.09745	44.07	3.68	4.13
lcl|NC_071990.2_cds_XP_063580940.1_21544	37.36	62.64	0.07680	29.81	3.68	4.61
lcl|NC_071990.2_cds_XP_054413743.1_21556	41.14	58.86	0.12161	37.87	3.64	4.39
lcl|NC_071990.2_cds_XP_002817124.2_21576	41.66	58.34	0.08564	32.44	3.57	4.35
lcl|NC_071990.2_cds_XP_024104691.3_21588	37.19	62.81	0.02827	30.72	3.51	4.52
lcl|NC_071990.2_cds_XP_054413758.1_21605	39.38	60.62	0.10278	31.21	3.38	4.30
lcl|NC_071990.2_cds_XP_054413762.1_21617	41.79	58.21	0.01893	38.05	3.40	4.13
lcl|NC_071990.2_cds_XP_054413007.2_21658	49.94	50.06	-0.10228	35.39	3.88	3.97
lcl|NC_071990.2_cds_XP_024104870.3_21675	37.44	62.56	0.11409	31.93	3.37	4.36
lcl|NC_071990.2_cds_XP_054412805.1_21704	39.17	60.83	0.06300	34.62	3.53	4.35
lcl|NC_071990.2_cds_XP_024104451.3_21729	38.78	61.22	0.03281	30.86	3.55	4.44
lcl|NC_071990.2_cds_XP_024104428.3_21816	47.96	52.04	0.08071	50.00	3.57	3.94
lcl|NC_071990.2_cds_XP_002817201.4_21821	37.47	62.53	0.08838	29.20	3.36	4.43
lcl|NC_071990.2_cds_XP_054413851.2_21829	56.67	43.33	0.01030	67.79	4.18	3.83
lcl|NC_071990.2_cds_XP_024104151.1_21846	44.24	55.76	0.10407	40.44	3.46	4.01
lcl|NC_071990.2_cds_XP_009240375.3_21873	39.71	60.29	0.02564	36.58	3.45	4.30
lcl|NC_071990.2_cds_XP_024104271.2_21916	40.38	59.62	0.04748	34.87	3.40	4.28
lcl|NC_071990.2_cds_XP_054413887.1_21920	44.04	55.96	0.02914	45.54	3.55	4.10
lcl|NC_071990.2_cds_XP_054413890.1_21933	42.01	57.99	0.07626	36.72	3.41	4.19
lcl|NC_071990.2_cds_XP_009240392.4_21962	49.98	50.02	0.01998	48.71	4.23	3.93
lcl|NC_071990.2_cds_XP_063581000.1_21977	60.79	39.21	-0.10018	70.05	5.35	4.20
lcl|NC_071990.2_cds_XP_024104861.3_22009	45.41	54.59	-0.00708	45.98	3.94	4.25
lcl|NC_071990.2_cds_XP_024104042.2_22048	60.46	39.54	0.02114	69.32	4.03	3.49
lcl|NC_071990.2_cds_XP_063581016.1_22056	38.87	61.13	0.10719	33.33	3.43	4.51
lcl|NC_071990.2_cds_XP_024104604.1_22067	43.43	56.57	0.05156	41.96	3.77	4.19
lcl|NC_071990.2_cds_XP_024104748.3_22135	39.75	60.25	-0.01339	31.87	3.50	4.35
lcl|NC_071990.2_cds_XP_054414016.2_22154	47.11	52.89	0.03801	48.68	3.72	4.08
lcl|NC_071990.2_cds_XP_054414037.2_22181	47.62	52.38	0.01924	52.24	3.52	3.97
lcl|NC_071990.2_cds_XP_002817324.4_22207	41.41	58.59	-0.05199	44.99	3.39	4.17
lcl|NC_071990.2_cds_XP_024104589.1_22208	46.25	53.75	-0.06439	45.53	3.86	4.03
lcl|NC_071990.2_cds_XP_063581035.1_22212	42.21	57.79	0.03719	39.24	3.41	4.32
lcl|NC_071990.2_cds_XP_002817338.4_22232	46.69	53.31	0.06059	45.93	3.52	3.87
lcl|NC_071990.2_cds_XP_024104805.3_22237	41.32	58.68	0.10719	38.37	3.92	4.26
lcl|NC_071990.2_cds_XP_024104327.3_22244	37.62	62.38	0.04749	33.00	3.27	4.46
lcl|NC_071990.2_cds_XP_054414102.1_22305	43.58	56.42	0.07056	43.80	3.53	4.23
lcl|NC_071990.2_cds_XP_054414111.1_22340	61.63	38.37	0.05593	72.91	5.08	4.09
lcl|NC_071990.2_cds_XP_054412703.1_22351	45.85	54.15	0.01343	42.82	3.68	4.06
lcl|NC_071990.2_cds_XP_054414119.2_22352	46.77	53.23	0.05230	43.80	3.66	4.02
lcl|NC_071990.2_cds_XP_054412727.1_22410	47.89	52.11	0.08748	46.93	3.72	4.02
lcl|NC_071990.2_cds_XP_024104273.1_22426	43.18	56.82	-0.00618	42.47	3.52	4.16
lcl|NC_071990.2_cds_NP_001126732.1_22427	42.52	57.48	0.01704	39.82	3.50	4.44
lcl|NC_071990.2_cds_XP_024104684.2_22428	43.95	56.05	0.02211	43.20	4.08	4.34
lcl|NC_071990.2_cds_XP_063581059.1_22483	39.23	60.77	0.04890	33.28	3.35	4.17
lcl|NC_071990.2_cds_XP_002817455.2_22499	42.37	57.63	0.07679	31.34	3.57	4.20
lcl|NC_071990.2_cds_XP_054414178.1_22508	46.00	54	0.05424	47.67	3.80	4.14
lcl|NC_071990.2_cds_XP_024104540.2_22533	55.59	44.41	0.00606	67.81	3.96	3.66
lcl|NC_071990.2_cds_XP_024104816.2_22542	56.29	43.71	-0.08056	57.56	4.03	3.72
lcl|NC_071990.2_cds_XP_063581079.1_22560	42.66	57.34	0.05941	44.98	3.57	4.27
lcl|NC_071990.2_cds_XP_024104759.1_22579	41.89	58.11	-0.03053	44.44	3.44	4.20
lcl|NC_071990.2_cds_XP_024104458.3_22584	49.26	50.74	-0.04093	47.45	3.64	3.76
lcl|NC_071990.2_cds_XP_024103600.3_22666	44.98	55.02	0.08985	46.58	3.57	4.12
lcl|NC_071990.2_cds_XP_009240623.2_22677	42.78	57.22	0.06710	39.55	3.45	4.19
lcl|NC_071990.2_cds_XP_024104306.2_22682	54.92	45.08	-0.03504	67.87	4.03	3.60
lcl|NC_071990.2_cds_XP_002817508.5_22686	40.95	59.05	0.04590	36.71	3.48	4.20
lcl|NC_071990.2_cds_XP_024103900.2_22687	43.77	56.23	0.03170	37.03	3.51	4.28
lcl|NC_071990.2_cds_XP_054414254.2_22697	55.68	44.32	0.00212	62.86	4.07	3.82
lcl|NC_071990.2_cds_XP_009240630.2_22724	42.35	57.65	-0.05358	30.33	3.45	4.21
lcl|NC_071990.2_cds_XP_054414293.2_22755	50.20	49.8	-0.01746	55.16	3.73	3.80
lcl|NC_071990.2_cds_XP_002817535.4_22770	51.35	48.65	0.13464	47.65	3.96	3.80
lcl|NC_071990.2_cds_XP_054414303.2_22790	46.81	53.19	0.08309	51.68	3.60	3.97
lcl|NC_071990.2_cds_XP_063581140.1_22822	46.12	53.88	-0.00107	33.48	3.95	4.10
lcl|NC_071990.2_cds_XP_054414333.2_22833	51.18	48.82	0.00377	58.98	3.74	3.94
lcl|NC_071990.2_cds_XP_054414340.2_22843	60.94	39.06	-0.04139	67.48	5.24	3.62
lcl|NC_071990.2_cds_XP_003777000.4_22864	55.76	44.24	0.00642	64.39	4.14	3.84
lcl|NC_071990.2_cds_XP_024104158.3_22878	59.30	40.7	-0.07317	71.11	4.31	3.83
lcl|NC_071990.2_cds_XP_024104967.3_22914	58.92	41.08	-0.09299	61.28	4.34	3.81
lcl|NC_071990.2_cds_XP_024104001.2_22936	52.07	47.93	0.04803	59.79	3.92	3.99
lcl|NC_071990.2_cds_XP_009240694.3_22946	47.22	52.78	0.07530	47.60	3.79	4.00
lcl|NC_071990.2_cds_XP_024104017.3_22979	54.44	45.56	-0.03540	57.35	5.32	4.01
lcl|NC_071990.2_cds_XP_054414430.2_23034	50.42	49.58	0.01892	50.88	4.02	4.12
lcl|NC_071990.2_cds_XP_024104045.1_23080	58.85	41.15	0.00628	75.87	4.18	3.64
lcl|NC_071990.2_cds_XP_054414486.1_23110	51.74	48.26	0.03960	53.35	3.90	4.14
lcl|NC_071990.2_cds_XP_063581196.1_23149	47.26	52.74	-0.00533	48.38	3.61	4.27
lcl|NC_071991.2_cds_XP_024097014.1_23172	66.08	33.92	-0.04773	82.48	4.72	3.81
lcl|NC_071991.2_cds_XP_054401559.1_23174	53.86	46.14	0.06995	60.60	4.12	3.97
lcl|NC_071991.2_cds_XP_024097074.2_23245	65.14	34.86	-0.04158	74.58	4.55	3.71
lcl|NC_071991.2_cds_XP_024097046.1_23251	64.69	35.31	-0.03716	87.22	4.49	3.39
lcl|NC_071991.2_cds_XP_054401642.1_23351	66.63	33.37	-0.02857	80.77	4.39	3.35
lcl|NC_071991.2_cds_XP_024097079.1_23371	59.08	40.92	0.02101	82.08	4.24	3.56
lcl|NC_071991.2_cds_XP_024097057.2_23372	59.98	40.02	-0.03616	72.44	4.64	3.75
lcl|NC_071991.2_cds_XP_024097077.2_23378	65.95	34.05	-0.04946	85.08	4.54	3.35
lcl|NC_071991.2_cds_XP_054401635.1_23382	66.67	33.33	-0.07363	84.34	4.81	3.56
lcl|NC_071991.2_cds_XP_063581971.1_23409	68.09	31.91	-0.02451	81.28	5.00	3.42
lcl|NC_071991.2_cds_XP_002817717.1_23417	48.74	51.26	-0.00962	50.54	3.93	3.98
lcl|NC_071991.2_cds_XP_054416114.1_23437	45.73	54.27	0.07113	53.62	3.74	4.29
lcl|NC_071991.2_cds_XP_024105782.1_23443	45.81	54.19	0.05902	45.89	3.75	4.09
lcl|NC_071991.2_cds_XP_054416104.1_23463	55.18	44.82	-0.05273	57.64	4.59	3.88
lcl|NC_071991.2_cds_XP_024105778.2_23484	65.48	34.52	-0.07001	80.71	4.77	3.35
lcl|NC_071991.2_cds_XP_024105779.2_23499	71.39	28.61	0.07265	86.03	5.41	3.23
lcl|NC_071991.2_cds_XP_054416140.1_23507	45.70	54.3	0.07410	53.54	3.71	4.28
lcl|NC_071991.2_cds_XP_024105919.2_23542	52.88	47.12	-0.04107	58.58	4.09	4.06
lcl|NC_071991.2_cds_NP_001126656.1_23545	63.87	36.13	0.05909	82.68	4.37	3.41
lcl|NC_071991.2_cds_XP_054416158.1_23554	53.17	46.83	-0.03502	67.03	3.98	3.92
lcl|NC_071991.2_cds_XP_054416164.1_23576	55.74	44.26	0.15525	75.52	3.97	3.83
lcl|NC_071991.2_cds_XP_054416165.1_23627	49.37	50.63	0.05466	54.29	3.58	3.98
lcl|NC_071991.2_cds_XP_024105252.2_23732	53.06	46.94	0.00358	61.70	3.90	3.65
lcl|NC_071991.2_cds_XP_054416242.1_23759	68.53	31.47	-0.06059	75.92	4.88	3.36
lcl|NC_071991.2_cds_XP_063581994.1_23789	63.06	36.94	-0.02363	78.00	4.57	3.40
lcl|NC_071991.2_cds_XP_054416259.1_23798	64.84	35.16	0.08735	75.67	4.60	3.57
lcl|NC_071991.2_cds_XP_054416280.1_23812	58.22	41.78	-0.13260	68.83	4.01	3.72
lcl|NC_071991.2_cds_XP_054416282.1_23814	62.62	37.38	0.00317	76.24	4.45	3.52
lcl|NC_071991.2_cds_XP_024106137.2_23816	64.95	35.05	-0.00280	77.27	4.56	3.31
lcl|NC_071991.2_cds_XP_024105115.1_23827	58.22	41.78	0.09197	70.70	4.28	3.70
lcl|NC_071991.2_cds_XP_054416281.1_23838	51.40	48.6	-0.43919	54.20	3.63	3.55
lcl|NC_071991.2_cds_XP_054416092.1_23844	52.77	47.23	-0.32990	59.63	3.85	3.66
lcl|NC_071991.2_cds_XP_054416295.1_23845	54.83	45.17	-0.35610	49.94	3.80	3.37
lcl|NC_071991.2_cds_XP_054416093.1_23846	49.89	50.11	-0.23890	45.57	3.50	3.78
lcl|NC_071991.2_cds_XP_024105021.2_23882	61.64	38.36	-0.04479	73.42	4.94	3.73
lcl|NC_071991.2_cds_XP_024105494.2_23966	54.91	45.09	0.03977	66.28	3.92	3.79
lcl|NC_071991.2_cds_XP_002817876.4_23970	61.52	38.48	-0.19383	63.58	4.48	3.66
lcl|NC_071991.2_cds_XP_054416349.1_23991	47.58	52.42	0.05675	56.35	3.67	3.95
lcl|NC_071991.2_cds_XP_024105708.1_24012	44.11	55.89	0.05749	39.84	3.61	4.19
lcl|NC_071991.2_cds_XP_024106019.2_24027	60.01	39.99	-0.01945	76.00	4.22	3.61
lcl|NC_071991.2_cds_XP_009240976.2_24033	63.83	36.17	0.10224	83.95	4.66	3.31
lcl|NC_071991.2_cds_XP_002817908.4_24084	64.32	35.68	-0.16961	76.02	4.57	3.51
lcl|NC_071991.2_cds_XP_054416391.1_24091	46.92	53.08	0.12647	50.03	3.77	3.95
lcl|NC_071991.2_cds_XP_024105283.2_24107	61.41	38.59	-0.19064	63.01	4.41	3.62
lcl|NC_071991.2_cds_XP_054415125.1_24143	61.15	38.85	-0.16137	68.33	4.43	3.55
lcl|NC_071991.2_cds_XP_024105212.2_24362	53.89	46.11	-0.02656	66.23	3.96	4.04
lcl|NC_071991.2_cds_XP_054415141.1_24371	56.15	43.85	-0.04770	57.96	3.90	3.80
lcl|NC_071991.2_cds_XP_054415173.1_24418	41.62	58.38	-0.01678	45.28	3.61	4.47
lcl|NC_071991.2_cds_XP_063582058.1_24445	52.05	47.95	-0.03553	56.30	3.75	4.04
lcl|NC_071991.2_cds_XP_063582059.1_24448	58.16	41.84	-0.05119	67.99	4.08	3.77
lcl|NC_071991.2_cds_XP_024106091.1_24469	59.55	40.45	-0.01049	76.52	4.50	3.80
lcl|NC_071991.2_cds_XP_063582068.1_24477	63.79	36.21	-0.15233	63.15	4.18	3.15
lcl|NC_071991.2_cds_XP_024105580.1_24485	61.24	38.76	0.00748	79.10	4.39	3.34
lcl|NC_071991.2_cds_XP_002818033.1_24500	63.41	36.59	-0.14384	73.62	4.44	3.30
lcl|NC_071991.2_cds_XP_054414852.1_24506	55.82	44.18	-0.01494	70.45	4.03	3.71
lcl|NC_071991.2_cds_XP_024105665.1_24519	59.64	40.36	-0.10943	78.32	4.19	3.49
lcl|NC_071991.2_cds_XP_024105248.2_24543	62.06	37.94	-0.00186	78.67	4.32	3.42
lcl|NC_071991.2_cds_NP_001127150.1_24572	56.44	43.56	0.06844	69.96	4.13	3.96
lcl|NC_071991.2_cds_XP_054414854.1_24593	56.02	43.98	0.00000	66.40	3.97	3.88
lcl|NC_071991.2_cds_XP_009241115.3_24606	58.32	41.68	-0.11641	67.36	4.28	3.58
lcl|NC_071991.2_cds_XP_024105591.1_24636	52.28	47.72	0.00464	49.17	4.68	4.43
lcl|NC_071991.2_cds_NP_001127254.2_24645	41.87	58.13	0.15270	43.16	3.47	4.45
lcl|NC_071991.2_cds_XP_054415253.1_24651	48.07	51.93	0.08696	43.81	3.70	3.91
lcl|NC_071991.2_cds_XP_024105264.2_24704	42.17	57.83	-0.00138	32.37	3.47	4.26
lcl|NC_071991.2_cds_XP_054415292.1_24725	43.77	56.23	0.02811	43.45	3.83	4.40
lcl|NC_071991.2_cds_XP_024105947.1_24751	42.53	57.47	0.03972	36.04	3.53	4.10
lcl|NC_071991.2_cds_XP_024105840.2_24790	50.03	49.97	-0.02094	50.18	3.56	3.66
lcl|NC_071991.2_cds_XP_024105447.2_24818	58.11	41.89	-0.02946	77.67	4.17	3.84
lcl|NC_071991.2_cds_XP_024105882.2_24934	46.43	53.57	0.05416	50.11	3.78	4.10
lcl|NC_071991.2_cds_XP_054415358.1_24966	39.75	60.25	0.19574	37.89	3.55	4.49
lcl|NC_071991.2_cds_XP_024106097.2_25015	46.68	53.32	0.07270	50.23	4.13	4.09
lcl|NC_071991.2_cds_XP_054415377.1_25024	44.51	55.49	0.05638	47.08	3.71	4.18
lcl|NC_071991.2_cds_XP_002818217.3_25032	42.32	57.68	0.10958	38.39	3.51	4.36
lcl|NC_071991.2_cds_XP_024106206.1_25037	39.35	60.65	0.04866	34.82	3.55	4.47
lcl|NC_071991.2_cds_XP_054414978.1_25049	50.32	49.68	0.00845	49.04	3.65	3.93
lcl|NC_071991.2_cds_XP_054415029.1_25072	38.37	61.63	0.08062	33.07	3.57	4.42
lcl|NC_071991.2_cds_XP_002818226.1_25076	41.99	58.01	-0.06530	37.72	3.42	4.33
lcl|NC_071991.2_cds_XP_063582137.1_25125	42.66	57.34	0.07685	37.02	3.50	4.30
lcl|NC_071991.2_cds_XP_002818243.3_25127	51.17	48.83	0.08783	52.18	3.90	3.85
lcl|NC_071991.2_cds_XP_009241253.1_25133	41.92	58.08	0.19900	33.37	3.35	4.27
lcl|NC_071991.2_cds_NP_001128962.1_25183	40.91	59.09	0.12558	32.88	3.26	4.20
lcl|NC_071991.2_cds_XP_002818254.3_25190	49.56	50.44	0.15054	37.57	3.74	4.00
lcl|NC_071991.2_cds_XP_054415432.1_25226	44.61	55.39	0.08370	42.47	3.59	3.92
lcl|NC_071991.2_cds_XP_063581808.1_25254	58.75	41.25	0.09264	32.29	4.05	3.52
lcl|NC_071991.2_cds_XP_024105613.2_25274	38.86	61.14	0.07733	33.47	3.25	4.32
lcl|NC_071991.2_cds_XP_024105954.2_25283	37.52	62.48	0.02130	35.77	3.45	4.45
lcl|NC_071991.2_cds_XP_002818257.3_25290	36.29	63.71	0.05133	33.01	3.35	4.46
lcl|NC_071991.2_cds_XP_024106052.1_25301	42.60	57.4	0.04814	35.20	3.62	4.32
lcl|NC_071991.2_cds_XP_054415470.1_25316	44.83	55.17	0.02456	36.88	3.42	4.14
lcl|NC_071991.2_cds_XP_002818262.2_25359	32.48	67.52	-0.02980	26.83	3.28	4.94
lcl|NC_071991.2_cds_XP_054415464.1_25373	38.06	61.94	0.15350	31.82	3.44	4.33
lcl|NC_071991.2_cds_XP_054415508.1_25410	37.71	62.29	0.10171	32.18	3.45	4.71
lcl|NC_071991.2_cds_XP_024105821.2_25426	40.25	59.75	-0.10429	36.15	3.52	4.32
lcl|NC_071991.2_cds_XP_054415518.1_25448	46.11	53.89	0.10819	43.98	3.76	4.22
lcl|NC_071991.2_cds_XP_024105421.1_25466	44.26	55.74	0.12757	43.33	3.50	4.16
lcl|NC_071991.2_cds_XP_054415540.1_25467	45.27	54.73	0.11124	44.71	3.75	4.11
lcl|NC_071991.2_cds_XP_002818330.2_25492	46.02	53.98	0.05204	45.92	4.05	4.10
lcl|NC_071991.2_cds_NP_001125703.1_25495	51.36	48.64	-0.03097	65.00	4.02	3.68
lcl|NC_071991.2_cds_XP_024105578.2_25507	45.07	54.93	-0.07967	34.18	3.59	4.10
lcl|NC_071991.2_cds_XP_024105025.1_25512	40.69	59.31	0.09227	37.00	3.49	4.44
lcl|NC_071991.2_cds_XP_054415560.1_25527	55.17	44.83	0.00165	56.81	4.63	3.87
lcl|NC_071991.2_cds_XP_002818350.3_25554	45.19	54.81	0.04778	43.11	4.36	4.41
lcl|NC_071991.2_cds_XP_009241372.1_25559	42.38	57.62	0.03784	45.25	3.82	4.25
lcl|NC_071991.2_cds_XP_024106131.2_25567	39.05	60.95	0.10179	41.32	3.32	4.35
lcl|NC_071991.2_cds_XP_054415585.1_25594	41.66	58.34	0.00000	42.34	3.42	4.22
lcl|NC_071991.2_cds_XP_024106126.2_25632	48.02	51.98	0.01264	50.30	3.71	3.92
lcl|NC_071991.2_cds_XP_002818371.3_25637	43.63	56.37	-0.11102	30.79	3.59	4.23
lcl|NC_071991.2_cds_XP_063581834.1_25682	52.89	47.11	-0.17428	54.49	3.91	3.92
lcl|NC_071991.2_cds_XP_054416751.1_25693	49.02	50.98	-0.05596	52.18	3.78	3.89
lcl|NC_071991.2_cds_XP_002818382.2_25704	50.68	49.32	-0.01371	61.11	4.07	4.01
lcl|NC_071991.2_cds_XP_009241417.3_25786	49.24	50.76	0.07500	50.36	3.75	3.94
lcl|NC_071991.2_cds_XP_024105656.2_25788	47.98	52.02	0.01262	46.65	3.70	3.98
lcl|NC_071991.2_cds_XP_054415651.1_25817	45.54	54.46	0.02860	41.99	3.67	4.23
lcl|NC_071991.2_cds_XP_054415656.1_25863	47.15	52.85	0.01303	52.12	3.85	4.15
lcl|NC_071991.2_cds_XP_002818408.3_25891	37.73	62.27	0.08819	27.27	3.34	4.27
lcl|NC_071991.2_cds_XP_009241440.2_25926	43.55	56.45	-0.00434	44.33	3.49	4.21
lcl|NC_071991.2_cds_NP_001162017.1_25955	41.57	58.43	0.05143	42.34	3.53	4.24
lcl|NC_071991.2_cds_NP_001162027.1_25956	48.68	51.32	-0.01235	47.06	3.74	4.09
lcl|NC_071991.2_cds_XP_009241447.3_25972	42.23	57.77	-0.00692	40.70	3.50	4.19
lcl|NC_071991.2_cds_XP_002818423.3_25980	42.13	57.87	-0.00956	36.02	3.44	4.17
lcl|NC_071991.2_cds_XP_054415701.1_25992	45.00	55	0.07675	43.82	3.89	4.17
lcl|NC_071991.2_cds_XP_054415723.1_26039	46.25	53.75	0.01784	48.65	3.65	4.07
lcl|NC_071991.2_cds_NP_001128946.1_26065	54.26	45.74	0.04653	61.58	3.94	3.58
lcl|NC_071991.2_cds_XP_054415730.1_26072	69.63	30.37	-0.08298	76.78	5.10	3.41
lcl|NC_071991.2_cds_XP_024105714.1_26118	53.29	46.71	0.18365	66.25	3.94	3.80
lcl|NC_071991.2_cds_XP_009241486.2_26135	62.26	37.74	0.01060	78.10	4.38	3.20
lcl|NC_071991.2_cds_XP_054415781.1_26141	67.18	32.82	-0.04475	74.79	4.29	3.22
lcl|NC_071991.2_cds_NP_001127272.1_26145	46.97	53.03	0.03533	47.29	3.49	3.87
lcl|NC_071991.2_cds_XP_024106167.1_26155	52.30	47.7	0.01832	63.59	4.05	3.86
lcl|NC_071991.2_cds_XP_024105309.1_26202	44.65	55.35	0.03425	45.99	3.40	3.82
lcl|NC_071991.2_cds_XP_024105609.2_26221	56.75	43.25	-0.01860	76.62	3.97	3.54
lcl|NC_071991.2_cds_XP_054414813.1_26227	48.39	51.61	0.02102	56.89	3.58	3.93
lcl|NC_071991.2_cds_XP_054415802.1_26237	50.47	49.53	-0.08096	49.29	3.83	4.30
lcl|NC_071991.2_cds_XP_054415814.1_26280	41.07	58.93	-0.00176	40.02	3.59	4.24
lcl|NC_071991.2_cds_XP_024105652.2_26315	44.76	55.24	0.03247	41.28	3.53	4.03
lcl|NC_071991.2_cds_XP_024105747.1_26336	46.69	53.31	-0.04891	43.58	4.35	4.38
lcl|NC_071991.2_cds_XP_054416643.1_26347	52.86	47.14	-0.07926	59.27	4.09	3.88
lcl|NC_071991.2_cds_NP_001125393.1_26353	49.19	50.81	-0.02642	52.24	3.94	4.21
lcl|NC_071991.2_cds_XP_002818569.1_26361	49.46	50.54	-0.10900	45.47	4.16	4.16
lcl|NC_071991.2_cds_XP_024105190.1_26390	56.85	43.15	-0.17164	70.14	4.06	3.80
lcl|NC_071991.2_cds_XP_024106107.1_26396	44.00	56	0.06763	41.45	3.94	4.29
lcl|NC_071991.2_cds_XP_054415857.1_26415	55.71	44.29	0.02251	66.53	3.96	3.61
lcl|NC_071991.2_cds_XP_054415886.1_26483	49.58	50.42	-0.01121	56.37	3.75	3.97
lcl|NC_071991.2_cds_XP_024105743.2_26490	44.52	55.48	-0.10291	42.15	3.56	4.08
lcl|NC_071991.2_cds_XP_054415907.1_26557	62.06	37.94	0.00579	70.10	4.24	3.42
lcl|NC_071991.2_cds_XP_024105237.2_26588	55.85	44.15	-0.02354	64.71	4.03	3.61
lcl|NC_071991.2_cds_XP_024106103.2_26595	59.81	40.19	0.02795	69.60	4.19	3.38
lcl|NC_071991.2_cds_XP_063582257.1_26605	58.27	41.73	0.01533	68.49	3.84	3.38
lcl|NC_071991.2_cds_XP_009241633.3_26611	54.56	45.44	0.02717	61.93	3.95	3.69
lcl|NC_071991.2_cds_XP_009241649.3_26638	56.73	43.27	-0.03298	59.90	3.87	3.62
lcl|NC_071991.2_cds_NP_001127265.1_26646	50.40	49.6	-0.02383	58.56	3.91	3.85
lcl|NC_071991.2_cds_XP_024106128.1_26693	62.52	37.48	-0.05295	78.08	4.78	3.42
lcl|NC_071991.2_cds_XP_054416701.1_26701	65.44	34.56	-0.03313	66.92	4.15	3.45
lcl|NC_071991.2_cds_XP_054416690.1_26717	57.12	42.88	0.03006	71.11	4.01	3.79
lcl|NC_071991.2_cds_XP_054416767.1_26730	66.29	33.71	-0.01885	73.24	4.33	3.22
lcl|NC_071991.2_cds_XP_024106185.1_26767	65.86	34.14	-0.07955	86.79	5.08	3.27
lcl|NC_071991.2_cds_XP_054415950.1_26771	64.90	35.1	-0.05106	78.21	4.60	3.36
lcl|NC_071991.2_cds_NP_001125144.1_26788	62.93	37.07	-0.00299	78.23	4.49	3.42
lcl|NC_071991.2_cds_XP_063582273.1_26800	64.30	35.7	-0.00112	79.33	4.75	3.42
lcl|NC_071991.2_cds_XP_054415958.1_26814	55.73	44.27	0.11141	68.11	4.16	3.65
lcl|NC_071991.2_cds_XP_054415989.1_26903	45.85	54.15	-0.03120	36.98	3.67	4.01
lcl|NC_071991.2_cds_XP_024105643.2_26920	52.95	47.05	-0.01310	66.24	4.19	4.15
lcl|NC_071991.2_cds_XP_054416017.1_26923	48.32	51.68	-0.01158	50.00	3.68	4.26
lcl|NC_071991.2_cds_XP_054416022.1_26944	54.88	45.12	-0.06561	52.54	4.22	3.80
lcl|NC_071991.2_cds_XP_024106070.2_26984	54.07	45.93	0.12401	63.60	4.47	4.02
lcl|NC_071991.2_cds_XP_024105428.1_26987	45.60	54.4	0.05327	49.35	3.76	4.21
lcl|NC_071991.2_cds_XP_054416063.1_27007	62.51	37.49	-0.07319	73.08	4.36	3.45
lcl|NC_071991.2_cds_XP_024105854.2_27015	43.59	56.41	0.11096	45.80	3.66	4.26
lcl|NC_071991.2_cds_XP_009241759.3_27019	52.02	47.98	0.03030	59.40	4.33	3.79
lcl|NC_071991.2_cds_XP_054416074.1_27024	49.37	50.63	0.14694	51.37	3.87	4.04
lcl|NC_071992.2_cds_XP_063582563.1_27066	62.27	37.73	-0.05124	80.28	4.51	3.72
lcl|NC_071992.2_cds_XP_024107365.3_27073	53.48	46.52	0.01297	62.45	3.99	4.00
lcl|NC_071992.2_cds_XP_054417130.2_27079	53.47	46.53	0.07512	64.95	3.93	3.90
lcl|NC_071992.2_cds_XP_024107197.3_27080	50.74	49.26	-0.01640	54.22	3.68	3.92
lcl|NC_071992.2_cds_XP_054417131.2_27081	44.80	55.2	0.02371	43.08	3.72	4.16
lcl|NC_071992.2_cds_XP_054402123.1_27201	62.87	37.13	0.09878	64.95	4.23	3.49
lcl|NC_071992.2_cds_XP_024106876.2_27219	50.38	49.62	-0.00648	45.56	4.17	4.11
lcl|NC_071992.2_cds_XP_024107058.1_27230	61.73	38.27	-0.02769	78.06	4.41	3.64
lcl|NC_071992.2_cds_XP_002818871.4_27233	63.41	36.59	-0.08511	74.68	4.47	3.62
lcl|NC_071992.2_cds_XP_024106753.3_27250	50.56	49.44	-0.01423	57.03	3.81	3.91
lcl|NC_071992.2_cds_NP_001125928.1_27309	42.93	57.07	0.00550	40.83	3.52	4.07
lcl|NC_071992.2_cds_XP_054417212.2_27316	40.39	59.61	0.09380	30.57	3.36	4.21
lcl|NC_071992.2_cds_XP_054417254.2_27381	49.17	50.83	0.04499	48.87	3.71	3.92
lcl|NC_071992.2_cds_XP_054416883.1_27438	47.70	52.3	-0.06822	56.11	3.57	3.78
lcl|NC_071992.2_cds_XP_063582638.1_27460	65.10	34.9	-0.00688	70.70	4.32	3.41
lcl|NC_071992.2_cds_XP_002818918.1_27470	60.05	39.95	-0.02250	79.33	4.46	3.40
lcl|NC_071992.2_cds_XP_054417295.2_27478	48.46	51.54	0.04520	52.36	3.63	3.94
lcl|NC_071992.2_cds_XP_002818933.4_27516	59.09	40.91	0.01535	66.38	4.06	3.51
lcl|NC_071992.2_cds_XP_024106991.2_27576	54.83	45.17	0.15938	65.71	4.24	3.88
lcl|NC_071992.2_cds_XP_024106679.3_27580	48.01	51.99	-0.00557	59.33	3.71	4.04
lcl|NC_071992.2_cds_XP_002818963.2_27587	41.70	58.3	0.03357	33.69	3.37	4.24
lcl|NC_071992.2_cds_NP_001127536.1_27609	56.20	43.8	-0.00646	75.45	4.00	3.59
lcl|NC_071992.2_cds_XP_024107346.2_27670	56.67	43.33	-0.03964	72.17	3.98	3.75
lcl|NC_071992.2_cds_XP_054416904.2_27686	52.81	47.19	0.06153	57.19	4.39	3.93
lcl|NC_071992.2_cds_XP_024107014.2_27715	35.94	64.06	0.00584	29.44	3.37	4.45
lcl|NC_071992.2_cds_XP_054417001.2_27719	39.11	60.89	0.09972	35.82	3.36	4.47
lcl|NC_071992.2_cds_XP_002819035.1_27759	51.89	48.11	-0.01010	57.44	3.77	3.80
lcl|NC_071992.2_cds_XP_054417075.2_27765	44.05	55.95	-0.04193	47.94	3.52	3.97
lcl|NC_071992.2_cds_XP_002819043.4_27776	66.87	33.13	-0.05287	83.79	4.96	3.55
lcl|NC_071992.2_cds_XP_002819044.3_27781	55.38	44.62	-0.00943	59.64	4.07	3.68
lcl|NC_071992.2_cds_XP_054417414.2_27813	44.54	55.46	0.04910	40.81	3.59	4.02
lcl|NC_071992.2_cds_XP_063582409.1_27833	57.26	42.74	0.00335	71.54	4.01	3.67
lcl|NC_071992.2_cds_XP_054417432.1_27858	50.35	49.65	0.04606	51.89	3.91	3.83
lcl|NC_071992.2_cds_XP_009242013.2_27883	45.56	54.44	0.11055	39.56	3.89	4.05
lcl|NC_071992.2_cds_XP_054417438.1_27897	41.37	58.63	0.04812	33.98	3.65	4.36
lcl|NC_071992.2_cds_XP_054417481.2_27955	58.22	41.78	0.00447	71.40	4.17	3.54
lcl|NC_071992.2_cds_XP_024106931.3_27966	49.19	50.81	0.01418	50.37	3.62	3.96
lcl|NC_071992.2_cds_XP_024107086.3_28101	50.52	49.48	0.05301	49.62	3.80	3.99
lcl|NC_071992.2_cds_XP_024106793.2_28116	45.82	54.18	0.05074	48.87	3.75	4.29
lcl|NC_071992.2_cds_XP_002819111.5_28117	50.12	49.88	0.01617	53.24	3.93	3.94
lcl|NC_071992.2_cds_XP_002819118.4_28143	52.05	47.95	-0.02800	55.87	4.11	3.96
lcl|NC_071992.2_cds_XP_054417573.2_28157	47.13	52.87	-0.01471	46.12	3.55	3.98
lcl|NC_071992.2_cds_XP_002819123.4_28170	37.22	62.78	0.10387	30.28	3.44	4.37
lcl|NC_071992.2_cds_XP_054417599.2_28215	39.51	60.49	0.05864	33.83	3.60	4.48
lcl|NC_071992.2_cds_XP_002819134.2_28222	41.18	58.82	0.15071	35.36	3.44	4.16
lcl|NC_071992.2_cds_XP_024106976.2_28258	45.71	54.29	0.02517	46.23	4.09	4.36
lcl|NC_071992.2_cds_XP_024106961.2_28266	48.84	51.16	0.04302	48.67	3.71	3.98
lcl|NC_071992.2_cds_XP_009242113.3_28362	46.15	53.85	0.06958	39.67	3.89	4.04
lcl|NC_071992.2_cds_XP_054417662.2_28385	42.82	57.18	0.08630	34.42	3.60	4.14
lcl|NC_071992.2_cds_XP_024107340.1_28407	40.29	59.71	0.06708	34.65	3.44	4.22
lcl|NC_071992.2_cds_XP_024107354.1_28410	43.95	56.05	0.08825	44.68	3.62	4.16
lcl|NC_071992.2_cds_XP_009242126.4_28420	46.88	53.12	0.02349	51.70	3.75	4.07
lcl|NC_071992.2_cds_XP_002819210.4_28438	51.04	48.96	0.00154	55.95	4.10	4.14
lcl|NC_071992.2_cds_XP_024106857.1_28446	49.76	50.24	-0.02789	50.03	3.73	3.93
lcl|NC_071992.2_cds_XP_002819221.3_28480	40.71	59.29	0.05848	41.34	3.57	4.41
lcl|NC_071992.2_cds_XP_009242138.3_28481	50.18	49.82	-0.00655	57.57	3.80	4.02
lcl|NC_071992.2_cds_XP_024107030.3_28553	47.93	52.07	-0.08979	47.03	3.67	4.06
lcl|NC_071992.2_cds_XP_009242172.4_28584	49.68	50.32	0.12221	47.77	4.81	4.28
lcl|NC_071992.2_cds_XP_024107269.2_28621	36.14	63.86	0.09171	29.25	3.73	4.46
lcl|NC_071992.2_cds_XP_024106760.1_28651	40.48	59.52	0.07226	31.85	3.29	4.17
lcl|NC_071992.2_cds_XP_009242216.2_28737	46.47	53.53	0.10666	40.62	4.20	4.60
lcl|NC_071992.2_cds_XP_002819322.3_28749	39.79	60.21	0.06308	34.74	3.56	4.48
lcl|NC_071992.2_cds_XP_063582796.1_28766	37.98	62.02	0.05010	30.30	3.25	4.52
lcl|NC_071992.2_cds_XP_024107015.3_28773	41.83	58.17	0.05582	31.49	3.56	4.30
lcl|NC_071992.2_cds_XP_009242204.3_28783	43.02	56.98	0.10425	41.55	4.30	4.71
lcl|NC_071992.2_cds_XP_009242238.2_28793	40.60	59.4	0.04204	36.04	3.75	4.35
lcl|NC_071992.2_cds_XP_024106599.1_28844	51.31	48.69	0.03191	60.08	3.73	3.83
lcl|NC_071992.2_cds_XP_002819360.4_28851	50.28	49.72	0.05821	50.44	3.66	4.14
lcl|NC_071992.2_cds_XP_054375179.2_28865	43.60	56.4	0.00320	40.49	3.62	4.23
lcl|NC_071992.2_cds_XP_054375191.1_28889	38.54	61.46	0.04167	34.73	3.39	4.53
lcl|NC_071992.2_cds_XP_054375206.1_28904	44.57	55.43	0.10939	41.49	5.00	4.45
lcl|NC_071992.2_cds_XP_024106981.1_28916	42.47	57.53	0.14687	33.61	3.44	4.31
lcl|NC_071992.2_cds_XP_024106545.1_28950	44.20	55.8	0.07730	33.71	3.57	4.07
lcl|NC_071992.2_cds_XP_063582820.1_29004	45.11	54.89	0.08373	37.54	3.69	4.02
lcl|NC_071992.2_cds_NP_001126606.1_29046	43.72	56.28	0.10461	31.98	3.42	4.21
lcl|NC_071992.2_cds_XP_009242297.3_29048	46.93	53.07	-0.05055	47.83	3.66	4.02
lcl|NC_071992.2_cds_XP_054416877.1_29056	40.91	59.09	0.07349	31.16	3.38	4.18
lcl|NC_071992.2_cds_XP_024106837.3_29105	42.45	57.55	0.03685	31.85	3.42	4.16
lcl|NC_071992.2_cds_XP_002819416.3_29108	47.44	52.56	0.00488	47.34	3.66	4.03
lcl|NC_071992.2_cds_XP_009242324.2_29138	45.27	54.73	0.01608	46.18	3.62	4.12
lcl|NC_071992.2_cds_XP_054374767.2_29141	40.84	59.16	0.03781	38.74	3.39	4.27
lcl|NC_071992.2_cds_XP_024107208.3_29149	48.23	51.77	0.04538	42.01	3.78	4.06
lcl|NC_071992.2_cds_XP_024106743.3_29152	38.38	61.62	0.07678	30.72	3.46	4.19
lcl|NC_071992.2_cds_XP_024106366.1_29157	54.93	45.07	-0.04272	64.32	3.86	3.84
lcl|NC_071992.2_cds_XP_024106303.3_29168	39.64	60.36	0.05984	34.93	3.39	4.40
lcl|NC_071992.2_cds_XP_024106618.2_29188	40.39	59.61	0.05571	31.69	3.48	4.18
lcl|NC_071992.2_cds_XP_024106434.3_29200	41.28	58.72	0.09101	32.30	3.57	4.33
lcl|NC_071992.2_cds_XP_024107040.1_29212	41.64	58.36	0.01145	36.00	3.51	4.11
lcl|NC_071992.2_cds_XP_054374784.2_29213	49.24	50.76	0.01958	56.83	3.66	3.90
lcl|NC_071992.2_cds_XP_024106388.1_29232	42.61	57.39	-0.00742	45.34	3.39	4.20
lcl|NC_071992.2_cds_XP_024106784.3_29272	47.90	52.1	-0.06399	49.39	3.76	4.06
lcl|NC_071992.2_cds_XP_024106977.3_29286	53.41	46.59	-0.00399	66.29	4.18	3.87
lcl|NC_071992.2_cds_XP_009242378.3_29294	56.28	43.72	0.02578	65.64	4.49	3.71
lcl|NC_071992.2_cds_XP_024106818.2_29321	42.32	57.68	0.07538	35.94	3.43	4.19
lcl|NC_071992.2_cds_XP_024107023.3_29339	54.57	45.43	0.00816	59.28	3.81	3.65
lcl|NC_071992.2_cds_XP_024107168.3_29351	53.62	46.38	0.01949	64.87	3.84	3.98
lcl|NC_071992.2_cds_XP_054374841.2_29355	49.36	50.64	-0.01871	53.20	3.64	4.00
lcl|NC_071992.2_cds_XP_054374847.2_29362	62.22	37.78	0.09073	51.43	4.31	3.43
lcl|NC_071992.2_cds_XP_009242404.2_29367	55.47	44.53	-0.02406	68.15	3.97	3.83
lcl|NC_071992.2_cds_XP_024106756.1_29374	56.40	43.6	-0.02462	72.45	4.36	3.98
lcl|NC_071992.2_cds_XP_063582898.1_29390	46.82	53.18	0.06437	46.82	3.70	3.96
lcl|NC_071992.2_cds_XP_024107076.3_29413	56.05	43.95	0.00140	73.24	4.10	4.18
lcl|NC_071992.2_cds_XP_024106916.3_29437	61.31	38.69	-0.09076	83.92	4.10	3.49
lcl|NC_071992.2_cds_XP_054374914.2_29446	63.72	36.28	-0.02613	74.57	4.52	3.62
lcl|NC_071992.2_cds_XP_054374938.2_29475	66.91	33.09	-0.04182	86.30	4.88	3.35
lcl|NC_071992.2_cds_XP_024106636.3_29562	64.97	35.03	-0.10484	74.27	4.59	3.45
lcl|NC_071992.2_cds_XP_024106650.3_29570	69.78	30.22	-0.01775	78.38	4.84	3.26
lcl|NC_071992.2_cds_XP_054375027.2_29614	69.35	30.65	0.00622	82.47	5.08	3.35
lcl|NC_071992.2_cds_XP_054375018.1_29634	66.85	33.15	0.02046	78.18	4.55	3.50
lcl|NC_071992.2_cds_XP_063582982.1_29653	69.89	30.11	0.02521	90.29	5.13	3.43
lcl|NC_071992.2_cds_XP_063582983.1_29666	66.40	33.6	0.08871	87.40	4.56	3.26
lcl|NC_071992.2_cds_XP_024106807.3_29684	66.70	33.3	0.07086	74.93	4.38	3.24
lcl|NC_071992.2_cds_XP_054375219.2_29692	66.09	33.91	0.00655	80.65	4.69	3.41
lcl|NC_071992.2_cds_XP_063583009.1_29698	66.63	33.37	-0.03848	77.75	4.80	3.43
lcl|NC_071992.2_cds_XP_054375237.2_29711	66.08	33.92	-0.02411	81.97	4.45	3.36
lcl|NC_071992.2_cds_XP_024106950.2_29739	63.62	36.38	-0.02629	81.20	4.25	3.48
lcl|NC_071992.2_cds_XP_024107108.2_29780	62.18	37.82	-0.00852	83.08	4.44	3.29
lcl|NC_071992.2_cds_XP_024106936.2_29786	67.28	32.72	-0.02485	79.47	4.55	3.36
lcl|NC_071992.2_cds_XP_063583042.1_29814	65.24	34.76	-0.00647	71.97	4.37	3.47
lcl|NC_071992.2_cds_XP_024107377.1_29836	65.50	34.5	-0.04427	87.89	4.66	3.50
lcl|NC_071993.2_cds_XP_063583528.1_29915	57.63	42.37	0.01664	68.91	4.01	3.74
lcl|NC_071993.2_cds_XP_054377639.1_29949	58.53	41.47	0.07084	74.28	4.26	3.93
lcl|NC_071993.2_cds_XP_054377830.1_29983	42.51	57.49	0.00085	37.31	3.51	4.08
lcl|NC_071993.2_cds_XP_054377851.1_30015	52.68	47.32	0.05354	62.97	3.76	3.66
lcl|NC_071993.2_cds_XP_054377864.1_30042	52.06	47.94	0.04354	58.47	4.20	3.95
lcl|NC_071993.2_cds_NP_001124799.1_30048	55.28	44.72	0.00895	68.61	4.07	3.75
lcl|NC_071993.2_cds_XP_024109391.2_30049	46.84	53.16	0.00791	53.23	3.78	4.02
lcl|NC_071993.2_cds_XP_024109980.1_30055	49.93	50.07	0.01576	53.00	4.25	4.01
lcl|NC_071993.2_cds_XP_054377890.1_30093	48.73	51.27	-0.02572	47.59	4.09	4.25
lcl|NC_071993.2_cds_XP_024109589.1_30109	41.14	58.86	0.12158	38.10	3.61	4.21
lcl|NC_071993.2_cds_NP_001126339.1_30111	52.72	47.28	0.00069	59.24	4.11	3.88
lcl|NC_071993.2_cds_XP_024109900.2_30144	48.61	51.39	0.05956	51.43	3.78	4.13
lcl|NC_071993.2_cds_XP_024110093.2_30213	57.22	42.78	-0.02390	70.28	4.28	3.69
lcl|NC_071993.2_cds_NP_001125149.1_30272	56.72	43.28	-0.03166	65.99	4.24	3.88
lcl|NC_071993.2_cds_XP_024109685.2_30274	47.24	52.76	0.01799	47.91	3.80	4.17
lcl|NC_071993.2_cds_XP_024109836.2_30283	46.63	53.37	-0.03384	46.24	3.72	4.00
lcl|NC_071993.2_cds_XP_024109473.2_30301	43.06	56.94	0.10072	40.91	3.54	4.23
lcl|NC_071993.2_cds_XP_024109501.2_30331	44.61	55.39	0.04765	41.59	3.48	4.08
lcl|NC_071993.2_cds_XP_024109644.1_30337	41.74	58.26	0.10936	42.17	3.47	4.44
lcl|NC_071993.2_cds_XP_054378019.1_30341	55.83	44.17	-0.07046	59.42	5.36	4.38
lcl|NC_071993.2_cds_XP_024109239.1_30345	44.80	55.2	-0.04646	33.94	3.67	4.18
lcl|NC_071993.2_cds_XP_054378031.1_30392	42.24	57.76	0.08797	38.23	3.69	4.32
lcl|NC_071993.2_cds_XP_024109180.2_30408	50.82	49.18	-0.05668	52.83	3.86	3.90
lcl|NC_071993.2_cds_XP_054378063.1_30429	44.53	55.47	-0.02407	38.49	3.50	4.12
lcl|NC_071993.2_cds_XP_002820654.2_30438	51.89	48.11	-0.02588	57.89	4.09	3.92
lcl|NC_071993.2_cds_XP_024109549.2_30440	40.45	59.55	0.04728	38.43	3.46	4.34
lcl|NC_071993.2_cds_XP_054379136.1_30500	37.17	62.83	0.13731	32.02	3.70	4.51
lcl|NC_071993.2_cds_XP_002820661.3_30506	41.44	58.56	0.00731	36.14	3.77	4.30
lcl|NC_071993.2_cds_XP_002820664.3_30541	47.59	52.41	-0.01832	53.97	4.31	4.54
lcl|NC_071993.2_cds_XP_054378086.1_30549	43.35	56.65	0.12141	39.23	3.79	4.46
lcl|NC_071993.2_cds_XP_054378104.1_30589	52.66	47.34	0.03027	57.86	3.92	3.72
lcl|NC_071993.2_cds_XP_024109622.2_30590	56.46	43.54	0.02954	57.98	4.06	3.64
lcl|NC_071993.2_cds_XP_054377455.1_30612	46.06	53.94	-0.06579	47.07	3.42	4.08
lcl|NC_071993.2_cds_XP_054377320.1_30647	43.48	56.52	0.02273	35.05	3.46	4.08
lcl|NC_071993.2_cds_XP_002820681.2_30674	40.97	59.03	0.06820	35.18	3.45	4.32
lcl|NC_071993.2_cds_XP_024109327.1_30676	40.46	59.54	0.15385	35.58	3.43	4.25
lcl|NC_071993.2_cds_XP_054378113.1_30681	44.60	55.4	-0.00893	39.19	3.81	4.17
lcl|NC_071993.2_cds_XP_054378115.1_30682	36.31	63.69	0.04298	26.76	3.32	4.35
lcl|NC_071993.2_cds_XP_063583113.1_30737	49.26	50.74	0.02853	54.70	3.91	3.98
lcl|NC_071993.2_cds_XP_024109284.2_30770	49.30	50.7	0.07723	48.05	3.81	3.98
lcl|NC_071993.2_cds_XP_054378168.2_30886	40.34	59.66	0.05951	38.25	3.33	3.92
lcl|NC_071993.2_cds_NP_001127670.1_30922	46.18	53.82	0.16133	47.20	3.64	4.13
lcl|NC_071993.2_cds_XP_002820699.2_30926	60.34	39.66	-0.02176	77.35	4.34	3.68
lcl|NC_071993.2_cds_NP_001125099.1_31035	48.40	51.6	0.06317	45.79	3.71	3.96
lcl|NC_071993.2_cds_XP_063583513.1_31069	60.97	39.03	-0.08225	63.24	4.18	3.52
lcl|NC_071993.2_cds_XP_009234307.2_31080	38.42	61.58	0.06232	31.49	3.45	4.72
lcl|NC_071993.2_cds_XP_002820745.3_31124	62.52	37.48	-0.02522	77.95	4.30	3.38
lcl|NC_071993.2_cds_XP_063583624.1_31135	51.56	48.44	0.05362	55.15	3.76	3.88
lcl|NC_071993.2_cds_XP_024109991.3_31189	55.42	44.58	-0.03305	66.81	3.80	3.60
lcl|NC_071993.2_cds_XP_002820757.4_31209	57.10	42.9	-0.06585	61.49	3.99	3.59
lcl|NC_071993.2_cds_XP_024109704.3_31216	46.94	53.06	0.10741	46.92	3.60	4.06
lcl|NC_071993.2_cds_NP_001125086.1_31234	44.93	55.07	0.05998	41.04	3.71	4.01
lcl|NC_071993.2_cds_XP_054378303.2_31258	62.81	37.19	0.06034	77.26	4.45	3.49
lcl|NC_071993.2_cds_XP_063583657.1_31289	62.40	37.6	-0.15943	75.47	4.11	3.77
lcl|NC_071993.2_cds_XP_009243676.3_31291	41.41	58.59	0.12038	35.17	3.52	4.25
lcl|NC_071993.2_cds_XP_054378314.1_31294	57.15	42.85	-0.02905	75.29	3.87	3.59
lcl|NC_071993.2_cds_XP_024108925.1_31297	40.65	59.35	-0.02973	32.92	3.52	4.29
lcl|NC_071993.2_cds_XP_063583660.1_31315	57.55	42.45	-0.05615	69.83	3.96	3.57
lcl|NC_071993.2_cds_XP_024109350.3_31413	61.45	38.55	-0.18687	74.86	4.41	3.56
lcl|NC_071993.2_cds_XP_024109754.1_31430	49.56	50.44	0.03772	59.24	3.67	4.08
lcl|NC_071993.2_cds_XP_009243710.4_31432	59.17	40.83	0.01819	75.05	4.22	3.57
lcl|NC_071993.2_cds_XP_054378387.1_31438	49.84	50.16	-0.02700	60.87	4.03	3.95
lcl|NC_071993.2_cds_XP_002820847.5_31473	48.11	51.89	-0.00433	49.13	3.60	4.05
lcl|NC_071993.2_cds_XP_024109838.1_31497	52.25	47.75	0.07476	52.33	3.84	4.01
lcl|NC_071993.2_cds_XP_054378418.1_31546	55.31	44.69	-0.07879	63.35	3.94	3.72
lcl|NC_071993.2_cds_XP_024109963.2_31557	59.94	40.06	-0.00671	60.62	4.14	3.51
lcl|NC_071993.2_cds_NP_001126728.1_31571	54.32	45.68	-0.05935	55.47	3.80	3.54
lcl|NC_071993.2_cds_XP_024109064.1_31572	62.95	37.05	-0.13698	59.71	4.51	3.63
lcl|NC_071993.2_cds_XP_054379264.1_31577	50.92	49.08	-0.01587	50.75	3.58	3.61
lcl|NC_071993.2_cds_XP_054379301.2_31632	44.61	55.39	0.06321	42.39	3.57	3.88
lcl|NC_071993.2_cds_XP_054378473.2_31709	58.59	41.41	-0.06082	77.21	4.15	3.33
lcl|NC_071993.2_cds_XP_024109767.2_31718	62.72	37.28	-0.06180	80.66	4.21	3.48
lcl|NC_071993.2_cds_XP_063583697.1_31741	62.84	37.16	-0.00735	74.90	4.21	3.39
lcl|NC_071993.2_cds_XP_063583426.1_31747	62.58	37.42	-0.00062	81.91	4.16	3.33
lcl|NC_071993.2_cds_XP_054377435.1_31790	53.40	46.6	0.12255	66.81	3.93	3.73
lcl|NC_071993.2_cds_XP_024109478.3_31804	55.58	44.42	0.12884	71.54	4.01	3.54
lcl|NC_071993.2_cds_XP_024109262.2_31827	47.14	52.86	0.01286	44.95	4.22	4.05
lcl|NC_071993.2_cds_XP_054379337.1_31833	41.91	58.09	0.06639	33.04	3.58	4.15
lcl|NC_071993.2_cds_XP_024109259.3_31838	43.84	56.16	-0.06143	38.69	3.57	4.21
lcl|NC_071993.2_cds_XP_024109261.2_31851	40.20	59.8	0.07973	36.90	3.45	4.43
lcl|NC_071993.2_cds_XP_024110009.3_31881	50.13	49.87	-0.08981	49.70	3.78	3.75
lcl|NC_071993.2_cds_XP_002820939.2_31883	39.67	60.33	0.12311	32.04	3.49	4.30
lcl|NC_071993.2_cds_XP_054378512.1_31901	44.38	55.62	0.04946	43.64	3.53	4.10
lcl|NC_071993.2_cds_XP_054378516.2_31905	40.06	59.94	-0.00356	30.97	3.34	4.41
lcl|NC_071993.2_cds_XP_024108758.1_31930	50.39	49.61	-0.06904	55.56	3.90	4.01
lcl|NC_071993.2_cds_XP_054377753.2_31962	44.76	55.24	-0.01401	39.87	3.67	4.11
lcl|NC_071993.2_cds_XP_024109450.1_32002	47.42	52.58	-0.03965	44.62	3.73	4.02
lcl|NC_071993.2_cds_XP_054378556.2_32035	44.68	55.32	0.06224	38.47	3.65	4.09
lcl|NC_071993.2_cds_XP_024109791.3_32126	34.96	65.04	0.11192	29.07	3.32	4.60
lcl|NC_071993.2_cds_XP_024109627.1_32150	44.16	55.84	0.08668	33.85	3.94	4.13
lcl|NC_071993.2_cds_XP_002821019.1_32152	41.46	58.54	0.06736	34.11	3.50	4.38
lcl|NC_071993.2_cds_XP_009243901.1_32180	41.57	58.43	0.00157	39.80	3.69	4.35
lcl|NC_071993.2_cds_XP_002821023.1_32183	38.38	61.62	0.11093	32.17	3.53	4.44
lcl|NC_071993.2_cds_XP_063583737.1_32199	47.28	52.72	0.04336	50.70	3.76	4.06
lcl|NC_071993.2_cds_XP_024109628.3_32204	43.93	56.07	0.10247	49.83	3.62	4.23
lcl|NC_071993.2_cds_XP_009243911.4_32217	50.78	49.22	0.00000	54.90	3.67	3.77
lcl|NC_071993.2_cds_XP_054378635.2_32218	46.40	53.6	0.01394	49.78	3.60	4.07
lcl|NC_071993.2_cds_XP_054378647.2_32237	54.97	45.03	0.06003	55.12	5.14	4.44
lcl|NC_071993.2_cds_XP_054378652.2_32240	38.19	61.81	0.16765	35.71	3.57	4.53
lcl|NC_071993.2_cds_XP_063583116.1_32272	51.87	48.13	-0.10133	52.49	3.82	4.08
lcl|NC_071993.2_cds_XP_024109536.3_32295	36.25	63.75	0.02167	28.48	3.36	4.59
lcl|NC_071993.2_cds_XP_024109585.3_32336	55.63	44.37	0.05903	67.78	4.21	3.73
lcl|NC_071993.2_cds_XP_024108911.2_32342	47.40	52.6	0.00941	43.71	3.80	4.05
lcl|NC_071993.2_cds_XP_024109482.3_32356	61.16	38.84	-0.03417	77.22	4.22	3.49
lcl|NC_071993.2_cds_XP_063583457.1_32371	58.81	41.19	0.02177	72.97	3.96	3.51
lcl|NC_071993.2_cds_XP_009243944.3_32428	55.29	44.71	-0.04413	61.50	3.85	3.55
lcl|NC_071993.2_cds_XP_009243977.2_32517	61.97	38.03	0.00000	75.42	4.85	3.72
lcl|NC_071993.2_cds_XP_002821105.2_32542	47.61	52.39	-0.00725	57.37	3.55	4.01
lcl|NC_071993.2_cds_XP_009243980.4_32545	51.14	48.86	-0.00289	55.45	3.77	3.98
lcl|NC_071993.2_cds_XP_054378754.2_32582	54.79	45.21	-0.05057	58.69	3.73	3.68
lcl|NC_071993.2_cds_XP_024108683.3_32590	41.27	58.73	0.01292	36.53	3.71	4.32
lcl|NC_071993.2_cds_XP_024109372.1_32593	59.56	40.44	-0.03846	64.34	4.01	3.52
lcl|NC_071993.2_cds_NP_001361276.1_32608	64.58	35.42	0.00257	77.24	4.49	3.20
lcl|NC_071993.2_cds_XP_009244003.1_32670	44.38	55.62	0.11220	41.22	3.75	4.10
lcl|NC_071993.2_cds_XP_024109132.3_32684	57.62	42.38	-0.07644	54.47	3.98	3.42
lcl|NC_071993.2_cds_XP_054379397.2_32694	53.10	46.9	-0.05005	59.66	3.88	3.63
lcl|NC_071993.2_cds_XP_024109998.1_32712	61.49	38.51	0.01805	69.26	4.38	3.54
lcl|NC_071993.2_cds_XP_054379409.2_32720	64.00	36	-0.05183	70.44	4.38	3.18
lcl|NC_071993.2_cds_XP_002821156.1_32790	57.23	42.77	-0.00798	74.54	4.81	3.95
lcl|NC_071993.2_cds_XP_024109322.1_32817	52.63	47.37	0.07000	63.64	3.93	3.75
lcl|NC_071993.2_cds_XP_063583798.1_32848	59.65	40.35	-0.00797	73.91	4.21	3.40
lcl|NC_071993.2_cds_XP_024109609.1_32859	40.02	59.98	0.13805	36.78	3.40	4.31
lcl|NC_071993.2_cds_XP_024109503.3_32861	59.59	40.41	-0.01943	53.91	4.27	3.58
lcl|NC_071993.2_cds_XP_054378788.2_32874	40.73	59.27	0.11242	41.69	3.50	4.20
lcl|NC_071993.2_cds_XP_002821179.2_32888	45.13	54.87	0.16244	54.30	3.65	4.12
lcl|NC_071993.2_cds_XP_024109502.1_32889	54.07	45.93	0.03931	63.04	4.44	3.68
lcl|NC_071993.2_cds_XP_054378810.2_32892	52.13	47.87	0.03664	58.97	4.22	3.72
lcl|NC_071993.2_cds_NP_001126947.1_32936	38.89	61.11	0.20338	34.98	3.43	4.30
lcl|NC_071993.2_cds_XP_002821189.3_32937	56.65	43.35	-0.01006	61.07	4.16	3.68
lcl|NC_071993.2_cds_XP_024109741.1_33054	51.10	48.9	0.05612	60.10	3.72	3.94
lcl|NC_071993.2_cds_XP_002821207.4_33066	39.84	60.16	0.00563	33.37	3.30	4.32
lcl|NC_071993.2_cds_XP_024108825.3_33072	36.23	63.77	0.14227	31.15	3.38	4.62
lcl|NC_071993.2_cds_XP_054378877.2_33075	39.60	60.4	0.07627	35.14	3.27	4.38
lcl|NC_071993.2_cds_XP_054378883.1_33084	57.42	42.58	-0.00617	71.43	3.88	3.51
lcl|NC_071993.2_cds_XP_024109914.2_33097	42.44	57.56	0.07001	35.80	3.91	4.27
lcl|NC_071993.2_cds_XP_002821229.3_33153	48.34	51.66	0.00537	48.14	4.38	4.14
lcl|NC_071993.2_cds_XP_009244114.1_33169	47.02	52.98	0.20102	39.12	3.86	4.01
lcl|NC_071993.2_cds_NP_001361274.1_33200	43.86	56.14	0.05228	43.03	3.67	4.22
lcl|NC_071993.2_cds_XP_024109469.2_33216	45.17	54.83	0.03614	43.92	3.58	4.05
lcl|NC_071993.2_cds_NP_001124693.2_33222	50.77	49.23	0.04294	58.15	3.95	3.91
lcl|NC_071993.2_cds_XP_054378952.2_33253	57.30	42.7	0.00040	55.15	3.83	3.70
lcl|NC_071993.2_cds_XP_063583309.1_33303	56.54	43.46	0.05381	59.86	3.78	3.51
lcl|NC_071993.2_cds_XP_024109103.3_33398	62.37	37.63	-0.06028	69.69	4.33	3.66
lcl|NC_071993.2_cds_XP_024109807.3_33403	42.97	57.03	0.03935	40.90	3.77	4.30
lcl|NC_071993.2_cds_XP_024109634.3_33442	53.84	46.16	-0.00068	57.11	4.03	3.83
lcl|NC_071993.2_cds_XP_054379029.2_33445	48.20	51.8	0.02925	59.48	3.75	4.15
lcl|NC_071993.2_cds_XP_024109201.3_33464	47.23	52.77	-0.01561	42.86	3.61	3.94
lcl|NC_071993.2_cds_XP_024109587.2_33497	58.06	41.94	0.13053	72.93	4.24	3.84
lcl|NC_071993.2_cds_XP_024109550.2_33518	58.45	41.55	0.04104	73.83	4.16	3.93
lcl|NC_071993.2_cds_XP_024109494.2_33520	64.14	35.86	-0.05360	80.57	4.41	3.61
lcl|NC_071993.2_cds_XP_009244231.2_33528	57.70	42.3	-0.01599	78.63	4.25	4.04
lcl|NC_071993.2_cds_XP_054379482.1_33560	67.82	32.18	0.07383	74.68	4.66	3.42
lcl|NC_071994.2_cds_XP_024097119.2_33594	67.41	32.59	0.02212	86.13	4.97	3.36
lcl|NC_071994.2_cds_XP_054379999.1_33605	66.83	33.17	0.01955	82.60	5.13	3.61
lcl|NC_071994.2_cds_XP_054380039.1_33662	63.01	36.99	0.02533	71.88	4.26	3.49
lcl|NC_071994.2_cds_XP_024111030.2_33675	64.58	35.42	-0.11287	73.52	4.55	3.44
lcl|NC_071994.2_cds_XP_063583945.1_33685	65.00	35	-0.01373	83.00	4.60	3.31
lcl|NC_071994.2_cds_XP_024111237.2_33712	66.26	33.74	-0.04583	77.06	4.39	3.15
lcl|NC_071994.2_cds_NP_001125028.1_33748	56.43	43.57	-0.03202	73.65	4.42	3.92
lcl|NC_071994.2_cds_XP_054379970.1_33750	57.81	42.19	-0.51839	60.06	3.69	3.25
lcl|NC_071994.2_cds_XP_054379971.1_33751	62.13	37.87	-0.20697	77.16	4.13	3.29
lcl|NC_071994.2_cds_XP_054382148.1_33752	61.60	38.4	-0.37751	72.71	4.00	3.44
lcl|NC_071994.2_cds_XP_054380062.1_33753	60.58	39.42	-0.21205	69.89	4.27	3.56
lcl|NC_071994.2_cds_XP_054380063.1_33760	63.47	36.53	-0.07347	81.97	4.90	3.69
lcl|NC_071994.2_cds_XP_024111315.2_33816	63.47	36.53	0.03330	84.75	4.51	3.40
lcl|NC_071994.2_cds_XP_063584420.1_33859	62.84	37.16	-0.02351	82.39	4.18	3.41
lcl|NC_071994.2_cds_XP_054380132.1_33904	59.20	40.8	-0.06487	70.98	4.41	3.68
lcl|NC_071994.2_cds_XP_054380139.1_33932	49.66	50.34	0.05187	50.50	3.83	3.87
lcl|NC_071994.2_cds_XP_054380161.1_33940	56.15	43.85	-0.02185	80.80	4.28	3.70
lcl|NC_071994.2_cds_XP_024111064.3_33960	60.63	39.37	0.02156	71.71	4.40	3.72
lcl|NC_071994.2_cds_XP_054379839.1_34006	44.79	55.21	0.05017	45.06	3.68	4.05
lcl|NC_071994.2_cds_XP_063584122.1_34021	63.31	36.69	-0.04421	84.28	4.46	3.49
lcl|NC_071994.2_cds_XP_024111152.1_34028	42.63	57.37	0.12092	39.62	3.71	4.43
lcl|NC_071994.2_cds_XP_024111517.2_34068	64.31	35.69	-0.04246	78.31	4.44	3.46
lcl|NC_071994.2_cds_XP_024110861.1_34117	52.25	47.75	0.03346	59.16	3.85	3.86
lcl|NC_071994.2_cds_XP_054381550.1_34158	62.93	37.07	0.07665	77.86	4.32	3.53
lcl|NC_071994.2_cds_XP_002821514.2_34174	56.22	43.78	-0.06564	68.67	4.06	3.67
lcl|NC_071994.2_cds_XP_054381555.1_34176	59.76	40.24	0.02128	77.53	4.21	3.46
lcl|NC_071994.2_cds_XP_024110892.1_34233	57.39	42.61	-0.02895	70.82	4.24	3.76
lcl|NC_071994.2_cds_XP_024110893.1_34237	56.14	43.86	0.06826	61.72	4.13	3.74
lcl|NC_071994.2_cds_XP_003777754.3_34275	67.31	32.69	-0.00958	76.22	4.77	3.32
lcl|NC_071994.2_cds_XP_024110606.1_34289	67.56	32.44	-0.03027	80.15	4.65	3.28
lcl|NC_071994.2_cds_XP_024110611.2_34300	63.34	36.66	-0.06224	76.30	4.36	3.38
lcl|NC_071994.2_cds_XP_002821555.1_34302	66.67	33.33	-0.02712	75.59	4.72	3.29
lcl|NC_071994.2_cds_XP_002821557.2_34308	62.17	37.83	0.16011	65.75	4.52	3.78
lcl|NC_071994.2_cds_XP_063584440.1_34313	67.25	32.75	-0.03218	81.67	5.04	3.26
lcl|NC_071994.2_cds_XP_054381617.1_34365	65.11	34.89	0.01164	75.96	4.70	3.62
lcl|NC_071994.2_cds_XP_024111669.2_34397	63.59	36.41	-0.06130	77.13	4.45	3.39
lcl|NC_071994.2_cds_XP_002821590.3_34401	64.86	35.14	0.02715	78.54	4.51	3.41
lcl|NC_071994.2_cds_XP_054381644.1_34405	61.09	38.91	-0.04689	75.84	4.17	3.25
lcl|NC_071994.2_cds_XP_024111443.2_34424	56.82	43.18	0.00487	76.39	4.04	3.66
lcl|NC_071994.2_cds_XP_054381656.1_34433	64.47	35.53	-0.02320	81.76	4.94	3.36
lcl|NC_071994.2_cds_XP_024110557.2_34470	67.83	32.17	0.13621	78.34	4.50	3.64
lcl|NC_071994.2_cds_XP_024111008.1_34486	62.00	38	0.01350	81.38	4.37	3.46
lcl|NC_071994.2_cds_XP_054379686.1_34557	41.63	58.37	0.00084	35.92	3.31	4.11
lcl|NC_071994.2_cds_XP_002821698.1_34636	59.93	40.07	-0.03490	58.63	4.08	3.63
lcl|NC_071994.2_cds_XP_054380198.1_34637	54.67	45.33	0.04540	60.39	3.84	3.59
lcl|NC_071994.2_cds_XP_024110844.1_34649	61.61	38.39	0.03375	65.38	4.59	3.58
lcl|NC_071994.2_cds_XP_054379544.1_34653	60.99	39.01	0.01208	62.54	4.02	3.56
lcl|NC_071994.2_cds_XP_024110848.2_34663	49.23	50.77	0.12017	51.84	3.98	4.01
lcl|NC_071994.2_cds_XP_024111617.1_34688	61.25	38.75	0.07075	75.08	4.27	3.54
lcl|NC_071994.2_cds_XP_024111581.2_34725	63.45	36.55	-0.14911	80.21	4.45	3.42
lcl|NC_071994.2_cds_XP_024111699.1_34734	62.90	37.1	-0.07310	82.47	4.56	3.26
lcl|NC_071994.2_cds_NP_001126613.1_34774	51.71	48.29	0.02712	63.80	3.90	3.65
lcl|NC_071994.2_cds_XP_024110808.2_34775	62.17	37.83	-0.09071	65.45	4.29	3.35
lcl|NC_071994.2_cds_XP_054380263.1_34803	66.63	33.37	-0.01783	73.89	4.64	3.50
lcl|NC_071994.2_cds_XP_054379937.1_34964	51.05	48.95	0.07846	51.22	3.85	3.73
lcl|NC_071994.2_cds_XP_002821835.3_35021	62.58	37.42	0.07820	64.51	4.04	3.41
lcl|NC_071994.2_cds_XP_054381716.1_35041	50.78	49.22	-0.00377	54.56	4.01	3.89
lcl|NC_071994.2_cds_NP_001126067.2_35043	44.64	55.36	0.05588	42.62	3.65	4.05
lcl|NC_071994.2_cds_XP_024110897.1_35045	47.43	52.57	0.02483	35.43	3.89	4.04
lcl|NC_071994.2_cds_XP_054381719.1_35051	43.67	56.33	-0.04982	47.44	3.36	4.16
lcl|NC_071994.2_cds_XP_024111078.2_35128	61.05	38.95	0.03726	76.47	4.22	3.49
lcl|NC_071994.2_cds_XP_063584183.1_35162	53.28	46.72	0.01746	60.38	3.85	3.67
lcl|NC_071994.2_cds_XP_024111175.2_35209	56.63	43.37	0.02594	66.89	4.00	3.44
lcl|NC_071994.2_cds_XP_054381779.1_35211	44.42	55.58	0.06397	43.41	3.47	4.02
lcl|NC_071994.2_cds_XP_009244690.2_35264	57.17	42.83	-0.06732	61.51	3.82	3.62
lcl|NC_071994.2_cds_XP_054380362.1_35294	64.35	35.65	-0.05877	79.85	4.57	3.51
lcl|NC_071994.2_cds_XP_063584530.1_35360	57.80	42.2	0.01266	75.93	4.07	3.67
lcl|NC_071994.2_cds_XP_054380446.1_35424	46.25	53.75	0.00179	47.02	3.65	4.02
lcl|NC_071994.2_cds_XP_054380462.1_35454	48.38	51.62	0.02996	54.95	3.62	3.94
lcl|NC_071994.2_cds_XP_002821940.2_35532	62.44	37.56	-0.02497	82.36	4.54	3.70
lcl|NC_071994.2_cds_XP_024111288.1_35533	50.81	49.19	0.02174	59.65	3.79	3.84
lcl|NC_071994.2_cds_XP_054380483.1_35549	54.84	45.16	-0.11801	57.27	4.09	3.70
lcl|NC_071994.2_cds_XP_024111385.2_35552	43.39	56.61	-0.01200	35.53	3.51	4.20
lcl|NC_071994.2_cds_XP_024111292.2_35567	41.97	58.03	-0.11233	31.73	4.06	4.32
lcl|NC_071994.2_cds_XP_054380495.1_35572	33.43	66.57	0.08093	27.99	3.21	4.64
lcl|NC_071994.2_cds_XP_054380508.1_35606	42.79	57.21	0.03316	39.79	3.43	4.26
lcl|NC_071994.2_cds_XP_024111325.1_35630	37.63	62.37	-0.00296	31.15	3.37	4.20
lcl|NC_071994.2_cds_XP_002821984.4_35638	44.54	55.46	-0.03774	44.64	3.91	4.22
lcl|NC_071994.2_cds_XP_024111597.3_35651	41.93	58.07	0.01982	44.87	3.52	4.27
lcl|NC_071994.2_cds_XP_024111174.2_35669	46.04	53.96	0.12791	49.61	4.18	4.27
lcl|NC_071994.2_cds_XP_054381810.1_35718	55.78	44.22	-0.07308	65.77	3.99	3.59
lcl|NC_071994.2_cds_XP_002822008.1_35730	48.12	51.88	-0.06943	47.12	3.64	4.18
lcl|NC_071994.2_cds_XP_024111695.2_35752	55.29	44.71	0.04680	70.61	3.98	3.61
lcl|NC_071994.2_cds_XP_063584586.1_35783	43.51	56.49	0.07390	39.91	3.55	3.92
lcl|NC_071994.2_cds_XP_054381837.1_35826	61.62	38.38	-0.07009	71.03	4.03	3.33
lcl|NC_071994.2_cds_XP_024110490.2_35829	56.53	43.47	-0.00924	65.94	4.03	3.63
lcl|NC_071994.2_cds_XP_054381838.1_35830	57.84	42.16	-0.07153	76.61	3.94	3.60
lcl|NC_071994.2_cds_NP_001125626.1_35874	39.30	60.7	-0.00201	31.32	3.34	4.31
lcl|NC_071994.2_cds_XP_054381889.1_35879	58.33	41.67	-0.00401	68.30	4.07	3.73
lcl|NC_071994.2_cds_XP_054379637.1_35885	48.58	51.42	-0.04646	47.84	3.72	4.14
lcl|NC_071994.2_cds_XP_054381907.1_35939	49.29	50.71	0.02660	47.53	4.29	4.18
lcl|NC_071994.2_cds_XP_003777852.2_35942	39.94	60.06	0.05862	35.22	3.40	4.26
lcl|NC_071994.2_cds_XP_002822053.3_35950	57.83	42.17	0.00247	67.59	4.17	3.80
lcl|NC_071994.2_cds_XP_063567322.1_36003	53.97	46.03	-0.02530	61.14	3.83	3.68
lcl|NC_071994.2_cds_XP_009244891.1_36022	39.95	60.05	0.17768	34.23	3.43	4.29
lcl|NC_071994.2_cds_XP_054380637.1_36036	45.82	54.18	0.01481	43.69	3.59	3.90
lcl|NC_071994.2_cds_XP_002822077.2_36037	44.12	55.88	0.10425	40.97	3.71	4.18
lcl|NC_071994.2_cds_XP_009244897.3_36039	56.17	43.83	0.00259	59.89	4.01	3.68
lcl|NC_071994.2_cds_XP_054380645.1_36059	45.59	54.41	0.00676	43.74	3.61	4.03
lcl|NC_071994.2_cds_XP_024110736.1_36088	40.26	59.74	0.07251	34.65	3.55	4.29
lcl|NC_071994.2_cds_XP_024110876.1_36095	50.34	49.66	0.00257	59.63	3.82	3.69
lcl|NC_071994.2_cds_XP_024111255.1_36101	52.45	47.55	0.03342	56.57	3.93	3.92
lcl|NC_071994.2_cds_XP_063583928.1_36129	58.80	41.2	-0.02751	68.95	4.31	3.61
lcl|NC_071994.2_cds_XP_054380687.1_36143	55.08	44.92	-0.06261	61.14	3.86	3.64
lcl|NC_071994.2_cds_XP_054379832.1_36217	52.00	48	0.02729	56.11	3.72	3.74
lcl|NC_071994.2_cds_XP_024111507.1_36235	42.49	57.51	0.11782	45.70	3.43	4.25
lcl|NC_071994.2_cds_XP_024111637.2_36276	61.29	38.71	-0.03034	60.43	4.15	3.37
lcl|NC_071994.2_cds_XP_054380736.1_36288	56.06	43.94	-0.02543	63.33	3.79	3.60
lcl|NC_071994.2_cds_XP_024110311.2_36320	59.88	40.12	-0.02087	62.11	4.14	3.49
lcl|NC_071994.2_cds_XP_054381923.1_36479	47.52	52.48	-0.03459	42.02	3.59	3.93
lcl|NC_071994.2_cds_XP_009245068.2_36521	59.53	40.47	0.07281	70.35	3.97	3.53
lcl|NC_071994.2_cds_XP_054381966.1_36570	60.96	39.04	-0.01676	73.09	4.34	3.45
lcl|NC_071994.2_cds_XP_054381971.1_36588	58.80	41.2	-0.03735	80.02	4.33	3.48
lcl|NC_071994.2_cds_XP_054381983.1_36599	62.37	37.63	0.01363	75.33	4.34	3.42
lcl|NC_071994.2_cds_XP_024110858.1_36636	64.23	35.77	-0.02838	71.97	4.41	3.55
lcl|NC_071994.2_cds_XP_063584274.1_36686	48.46	51.54	-0.05349	47.51	3.55	3.83
lcl|NC_071994.2_cds_XP_054380816.1_36778	47.44	52.56	-0.13337	41.65	3.61	3.99
lcl|NC_071994.2_cds_XP_024110928.2_36810	59.12	40.88	-0.03003	82.90	4.20	3.46
lcl|NC_071994.2_cds_XP_002822324.1_36838	43.27	56.73	0.15919	39.25	3.80	4.10
lcl|NC_071994.2_cds_XP_024111079.2_36858	47.20	52.8	0.01685	47.41	3.51	4.08
lcl|NC_071994.2_cds_XP_054380834.1_36877	61.86	38.14	0.01639	76.74	4.58	3.41
lcl|NC_071994.2_cds_XP_054382056.1_36900	57.09	42.91	-0.03786	70.12	4.27	3.56
lcl|NC_071994.2_cds_XP_054380842.1_36919	38.16	61.84	-0.06160	30.72	3.24	4.38
lcl|NC_071994.2_cds_XP_009245164.1_36932	43.19	56.81	0.06953	29.46	3.78	4.19
lcl|NC_071994.2_cds_XP_054382077.1_36954	44.89	55.11	0.03977	42.84	3.54	4.22
lcl|NC_071994.2_cds_XP_054379896.1_37022	42.37	57.63	0.04638	37.07	3.43	4.18
lcl|NC_071994.2_cds_XP_024111058.2_37105	53.65	46.35	0.00975	64.08	4.35	3.75
lcl|NC_071994.2_cds_XP_054380877.1_37163	47.86	52.14	0.01925	52.22	3.82	4.10
lcl|NC_071994.2_cds_XP_024111690.2_37189	40.52	59.48	0.00712	32.28	3.44	4.18
lcl|NC_071994.2_cds_XP_024111425.2_37236	46.06	53.94	0.00811	49.22	3.54	3.93
lcl|NC_071994.2_cds_XP_002822409.3_37249	45.49	54.51	0.01890	49.59	3.73	4.13
lcl|NC_071994.2_cds_XP_009245239.2_37250	56.60	43.4	-0.01671	64.84	4.01	3.69
lcl|NC_071994.2_cds_XP_002822418.3_37293	51.88	48.12	-0.13887	51.91	3.91	3.89
lcl|NC_071994.2_cds_XP_054380941.1_37305	45.14	54.86	0.04762	37.60	3.46	4.04
lcl|NC_071994.2_cds_XP_002822431.1_37308	43.01	56.99	0.02214	40.91	3.51	4.22
lcl|NC_071994.2_cds_XP_002822433.2_37312	58.90	41.1	-0.05079	63.46	5.09	3.94
lcl|NC_071994.2_cds_XP_024111625.1_37313	43.45	56.55	0.06337	45.06	3.90	4.27
lcl|NC_071994.2_cds_XP_024111660.2_37316	37.59	62.41	-0.02454	28.48	3.67	4.65
lcl|NC_071994.2_cds_XP_054379721.1_37357	38.74	61.26	0.10189	30.96	3.50	4.40
lcl|NC_071994.2_cds_XP_054379806.1_37382	44.08	55.92	0.11223	43.63	3.42	3.88
lcl|NC_071994.2_cds_XP_024111657.2_37406	39.82	60.18	0.17790	36.35	3.41	4.20
lcl|NC_071994.2_cds_XP_054380971.1_37423	40.32	59.68	-0.08581	29.87	3.47	4.27
lcl|NC_071994.2_cds_XP_024110822.2_37424	38.71	61.29	0.08056	34.61	3.34	4.37
lcl|NC_071994.2_cds_XP_024111570.2_37454	42.47	57.53	-0.02694	36.72	3.38	4.15
lcl|NC_071994.2_cds_XP_054379792.1_37457	43.25	56.75	0.11384	43.15	3.58	4.13
lcl|NC_071994.2_cds_XP_024111668.2_37461	46.82	53.18	-0.02011	46.21	3.76	4.02
lcl|NC_071994.2_cds_XP_002822488.2_37469	46.17	53.83	-0.04543	46.48	3.79	4.09
lcl|NC_071994.2_cds_NP_001124763.1_37499	53.24	46.76	-0.06288	57.24	3.93	4.03
lcl|NC_071994.2_cds_XP_054381053.1_37565	57.34	42.66	-0.06755	68.22	4.16	3.56
lcl|NC_071994.2_cds_XP_054381076.1_37620	44.56	55.44	0.03680	41.90	3.60	3.99
lcl|NC_071994.2_cds_XP_054381476.1_37642	43.99	56.01	0.05277	52.41	3.40	4.15
lcl|NC_071994.2_cds_XP_009245370.2_37664	55.52	44.48	-0.08151	60.22	4.30	3.90
lcl|NC_071994.2_cds_XP_024110498.1_37670	55.37	44.63	-0.06128	75.57	4.03	3.49
lcl|NC_071994.2_cds_XP_054381114.1_37680	56.74	43.26	0.05351	64.20	3.87	3.55
lcl|NC_071994.2_cds_XP_024110710.2_37705	61.10	38.9	-0.10757	80.09	4.44	3.42
lcl|NC_071994.2_cds_XP_054379938.1_37743	45.73	54.27	-0.05299	51.63	3.58	4.00
lcl|NC_071994.2_cds_XP_063567479.1_37757	48.04	51.96	-0.04539	43.77	3.98	4.00
lcl|NC_071994.2_cds_XP_063567501.1_37808	62.81	37.19	-0.01146	71.53	4.33	3.49
lcl|NC_071994.2_cds_XP_054381197.1_37841	65.62	34.38	-0.09380	76.93	4.68	3.42
lcl|NC_071994.2_cds_XP_024110339.1_37863	55.44	44.56	0.11712	65.03	4.02	3.68
lcl|NC_071994.2_cds_NP_001126261.2_37867	53.86	46.14	-0.03285	67.94	3.99	3.58
lcl|NC_071994.2_cds_XP_009245435.2_37896	62.02	37.98	-0.01322	73.46	4.41	3.55
lcl|NC_071994.2_cds_XP_002822650.2_37913	50.88	49.12	-0.06291	49.34	3.90	3.89
lcl|NC_071994.2_cds_XP_002822637.2_37945	45.48	54.52	0.06546	41.04	3.53	3.84
lcl|NC_071994.2_cds_XP_024111674.1_37951	57.99	42.01	-0.05586	76.70	4.32	3.77
lcl|NC_071994.2_cds_XP_063567541.1_37964	52.76	47.24	-0.00327	65.82	3.88	3.95
lcl|NC_071994.2_cds_XP_024110815.2_37983	52.39	47.61	0.03131	62.44	3.84	3.78
lcl|NC_071994.2_cds_XP_024111438.2_38033	56.04	43.96	-0.06897	71.91	4.27	3.52
lcl|NC_071994.2_cds_XP_054379620.1_38107	63.24	36.76	-0.00898	68.23	4.33	3.37
lcl|NC_071994.2_cds_XP_063567554.1_38115	63.03	36.97	-0.08709	67.96	4.09	3.58
lcl|NC_071994.2_cds_XP_054381310.1_38122	43.25	56.75	0.02758	38.75	3.49	4.35
lcl|NC_071994.2_cds_XP_024110772.1_38219	47.49	52.51	0.00054	42.93	3.59	3.93
lcl|NC_071994.2_cds_XP_054381394.1_38282	49.65	50.35	-0.06195	46.66	3.72	3.92
lcl|NC_071994.2_cds_XP_024110559.2_38301	54.49	45.51	-0.07110	56.00	3.81	3.69
lcl|NC_071994.2_cds_XP_009245530.2_38313	54.31	45.69	-0.06737	62.58	4.10	3.87
lcl|NC_071994.2_cds_XP_002822743.3_38324	61.72	38.28	0.00189	83.64	4.43	3.36
lcl|NC_071994.2_cds_XP_002833682.3_38336	64.38	35.62	0.01340	79.64	4.75	3.65
lcl|NC_071994.2_cds_XP_002833683.1_38337	63.79	36.21	-0.00879	80.02	4.53	3.55
lcl|NC_071994.2_cds_XP_002822755.2_38339	52.30	47.7	-0.01155	53.37	3.62	3.57
lcl|NC_071994.2_cds_XP_054381431.1_38349	63.27	36.73	-0.09171	75.87	4.51	3.45
lcl|NC_071994.2_cds_XP_024110931.2_38354	48.12	51.88	0.01756	54.24	3.67	3.96
lcl|NC_071995.2_cds_XP_054382602.1_38380	65.32	34.68	-0.06084	82.70	4.85	3.45
lcl|NC_071995.2_cds_XP_024112193.1_38393	46.42	53.58	0.12611	44.53	3.72	3.91
lcl|NC_071995.2_cds_XP_024112202.2_38402	59.54	40.46	0.01948	74.16	4.10	3.47
lcl|NC_071995.2_cds_XP_054383781.1_38408	49.70	50.3	-0.10626	40.56	3.84	3.88
lcl|NC_071995.2_cds_XP_054383791.1_38451	47.51	52.49	0.15536	52.81	3.62	3.84
lcl|NC_071995.2_cds_XP_054383835.1_38502	56.74	43.26	-0.00465	75.22	4.10	3.74
lcl|NC_071995.2_cds_XP_054382621.1_38514	56.04	43.96	-0.04665	74.09	4.27	3.75
lcl|NC_071995.2_cds_XP_054382670.1_38590	46.21	53.79	-0.00713	53.57	3.86	3.96
lcl|NC_071995.2_cds_XP_054382693.1_38615	48.27	51.73	0.03537	51.92	3.61	3.61
lcl|NC_071995.2_cds_XP_054382708.1_38633	51.92	48.08	0.00900	64.16	4.09	3.70
lcl|NC_071995.2_cds_NP_001233206.1_38635	58.33	41.67	0.02153	72.46	4.05	3.48
lcl|NC_071995.2_cds_XP_024112251.2_38655	52.60	47.4	-0.00361	58.23	3.77	3.63
lcl|NC_071995.2_cds_XP_063567775.1_38689	51.14	48.86	0.08664	56.62	3.90	3.81
lcl|NC_071995.2_cds_NP_001127051.1_38774	56.93	43.07	0.03067	71.48	4.13	3.42
lcl|NC_071995.2_cds_XP_024112932.2_38792	63.27	36.73	-0.20550	61.92	4.29	3.36
lcl|NC_071995.2_cds_XP_024112086.2_38818	58.44	41.56	-0.00117	71.81	4.04	3.29
lcl|NC_071995.2_cds_XP_063568076.1_38834	49.56	50.44	0.19310	46.95	3.56	3.92
lcl|NC_071995.2_cds_XP_054382725.1_38840	49.17	50.83	0.17937	43.96	3.53	3.75
lcl|NC_071995.2_cds_XP_054382753.1_38881	49.59	50.41	-0.00968	55.90	3.61	3.75
lcl|NC_071995.2_cds_XP_054382754.1_38886	56.49	43.51	-0.09122	56.16	3.77	3.63
lcl|NC_071995.2_cds_NP_001126929.1_38901	49.45	50.55	-0.03291	54.44	3.59	3.77
lcl|NC_071995.2_cds_XP_002822921.2_38902	47.98	52.02	-0.02903	51.42	3.59	3.96
lcl|NC_071995.2_cds_XP_054383770.1_38903	43.93	56.07	-0.00626	45.47	3.48	4.01
lcl|NC_071995.2_cds_XP_054382760.1_38907	57.97	42.03	0.08214	68.01	4.17	3.65
lcl|NC_071995.2_cds_XP_054382814.1_39032	46.15	53.85	0.06708	42.48	3.55	4.05
lcl|NC_071995.2_cds_XP_002823014.3_39069	54.14	45.86	-0.03151	70.77	4.00	3.60
lcl|NC_071995.2_cds_XP_054382845.1_39075	43.70	56.3	-0.06061	30.48	3.42	4.23
lcl|NC_071995.2_cds_XP_002823018.2_39082	44.82	55.18	0.03186	51.77	3.63	4.09
lcl|NC_071995.2_cds_XP_024113150.2_39107	44.10	55.9	-0.01366	46.43	3.53	4.44
lcl|NC_071995.2_cds_XP_024112666.2_39140	39.39	60.61	-0.00968	36.11	3.34	4.41
lcl|NC_071995.2_cds_XP_054382880.1_39154	43.55	56.45	0.02442	38.99	3.72	4.17
lcl|NC_071995.2_cds_XP_024113065.2_39181	52.14	47.86	0.01119	53.54	4.37	4.08
lcl|NC_071995.2_cds_XP_054382915.1_39195	54.55	45.45	0.09668	75.68	3.87	3.61
lcl|NC_071995.2_cds_XP_024112980.1_39218	42.77	57.23	0.01659	41.74	3.46	4.15
lcl|NC_071995.2_cds_XP_054382292.1_39228	42.17	57.83	0.01841	34.05	3.47	4.36
lcl|NC_071995.2_cds_XP_054382939.1_39263	42.00	58	0.05831	41.30	3.53	4.31
lcl|NC_071995.2_cds_XP_024112506.2_39323	43.01	56.99	0.08204	45.41	3.54	4.20
lcl|NC_071995.2_cds_XP_054383004.1_39372	44.76	55.24	0.11769	43.64	3.63	3.94
lcl|NC_071995.2_cds_XP_024113222.2_39404	44.97	55.03	0.06621	41.53	3.60	4.31
lcl|NC_071995.2_cds_XP_009245862.2_39408	51.11	48.89	0.00483	59.58	4.12	3.95
lcl|NC_071995.2_cds_XP_002823120.1_39411	41.78	58.22	0.07610	40.27	3.43	4.21
lcl|NC_071995.2_cds_XP_054383014.1_39412	44.90	55.1	-0.03739	40.20	3.47	4.00
lcl|NC_071995.2_cds_XP_054383046.1_39475	44.91	55.09	-0.00510	46.41	3.45	4.12
lcl|NC_071995.2_cds_XP_002823135.2_39483	38.51	61.49	-0.04115	31.33	3.23	4.27
lcl|NC_071995.2_cds_XP_054383060.1_39497	49.51	50.49	0.06331	58.24	3.88	3.92
lcl|NC_071995.2_cds_XP_009245873.2_39512	46.54	53.46	0.04462	44.15	3.91	3.94
lcl|NC_071995.2_cds_XP_024113159.1_39534	53.26	46.74	-0.01419	61.46	3.94	3.83
lcl|NC_071995.2_cds_XP_054383079.1_39556	42.19	57.81	0.10638	36.56	3.56	4.19
lcl|NC_071995.2_cds_XP_054383097.1_39567	40.37	59.63	0.08522	38.86	3.32	4.36
lcl|NC_071995.2_cds_XP_054384475.1_39570	48.09	51.91	0.09541	27.32	3.46	3.85
lcl|NC_071995.2_cds_XP_054382276.1_39571	43.87	56.13	0.04996	38.57	3.63	4.07
lcl|NC_071995.2_cds_XP_002823151.4_39576	52.94	47.06	0.11111	60.27	4.52	3.88
lcl|NC_071995.2_cds_XP_054383123.1_39626	43.40	56.6	0.06421	37.30	3.64	4.21
lcl|NC_071995.2_cds_XP_054382575.1_39663	46.83	53.17	0.07429	46.44	3.62	3.98
lcl|NC_071995.2_cds_XP_024112478.1_39672	43.13	56.87	-0.01161	47.85	3.52	4.13
lcl|NC_071995.2_cds_XP_002823175.1_39677	43.80	56.2	-0.04474	31.30	3.52	4.10
lcl|NC_071995.2_cds_XP_054383153.1_39680	40.00	60	0.05031	29.58	3.47	4.21
lcl|NC_071995.2_cds_XP_063567691.1_39729	60.89	39.11	-0.01553	74.05	4.06	3.32
lcl|NC_071995.2_cds_XP_024112951.2_39735	64.01	35.99	-0.06457	73.08	4.41	3.32
lcl|NC_071995.2_cds_XP_054383164.1_39750	63.35	36.65	0.05654	45.20	4.31	3.31
lcl|NC_071995.2_cds_XP_063567627.1_39766	53.29	46.71	0.09905	58.24	3.92	3.56
lcl|NC_071995.2_cds_XP_024112798.1_39801	59.20	40.8	0.01445	76.13	4.41	3.40
lcl|NC_071995.2_cds_XP_054382313.1_39808	52.60	47.4	0.10946	58.05	3.67	3.76
lcl|NC_071995.2_cds_XP_054383178.1_39828	59.99	40.01	-0.09165	60.81	4.13	3.47
lcl|NC_071995.2_cds_XP_024112756.1_39859	64.05	35.95	-0.05329	76.94	4.47	3.35
lcl|NC_071995.2_cds_XP_054383909.1_39865	55.18	44.82	0.02593	68.69	3.76	3.69
lcl|NC_071995.2_cds_XP_054383917.1_39870	58.67	41.33	0.01768	66.56	4.11	3.45
lcl|NC_071995.2_cds_XP_009245964.1_39889	54.88	45.12	0.03188	68.42	4.07	3.56
lcl|NC_071995.2_cds_XP_024112823.2_39896	65.47	34.53	-0.07018	70.26	4.43	3.30
lcl|NC_071995.2_cds_XP_054383941.1_39939	49.23	50.77	-0.10508	50.53	3.74	4.08
lcl|NC_071995.2_cds_XP_009245998.2_39957	50.27	49.73	0.02941	48.86	3.89	3.84
lcl|NC_071995.2_cds_XP_054383217.1_40051	49.23	50.77	0.01814	53.21	3.71	3.87
lcl|NC_071995.2_cds_XP_054383232.1_40055	48.66	51.34	0.03527	61.89	3.76	3.85
lcl|NC_071995.2_cds_XP_054383949.1_40136	62.39	37.61	-0.09996	69.38	4.29	3.28
lcl|NC_071995.2_cds_XP_024113272.1_40164	57.68	42.32	-0.01580	64.07	3.98	3.58
lcl|NC_071995.2_cds_NP_001125309.1_40250	58.98	41.02	0.00000	62.15	4.15	3.55
lcl|NC_071995.2_cds_XP_063568229.1_40334	59.06	40.94	-0.05495	68.23	4.08	3.46
lcl|NC_071995.2_cds_XP_002823395.1_40340	49.63	50.37	-0.02969	60.48	3.61	3.62
lcl|NC_071995.2_cds_XP_024112305.2_40385	60.62	39.38	0.03235	71.73	4.16	3.49
lcl|NC_071995.2_cds_XP_009246148.2_40442	53.74	46.26	0.04203	58.08	3.97	3.59
lcl|NC_071995.2_cds_XP_024111913.1_40451	55.37	44.63	0.03564	60.72	4.06	3.63
lcl|NC_071995.2_cds_NP_001153254.1_40470	55.32	44.68	-0.02998	59.07	4.05	3.58
lcl|NC_071995.2_cds_XP_002823440.1_40480	57.38	42.62	-0.01187	63.88	4.06	3.42
lcl|NC_071995.2_cds_XP_054383278.1_40494	51.31	48.69	-0.00699	58.64	3.62	3.72
lcl|NC_071995.2_cds_XP_002823442.3_40501	52.54	47.46	-0.00223	64.08	3.79	3.69
lcl|NC_071995.2_cds_XP_002823445.3_40508	53.22	46.78	0.07907	60.07	3.84	3.72
lcl|NC_071995.2_cds_XP_054384062.1_40542	54.38	45.62	-0.02306	57.22	3.75	3.64
lcl|NC_071995.2_cds_XP_054384094.1_40567	55.43	44.57	-0.39794	39.15	4.20	3.66
lcl|NC_071995.2_cds_XP_024112696.2_40578	52.27	47.73	0.09957	66.76	3.80	3.62
lcl|NC_071995.2_cds_NP_001126709.1_40584	57.78	42.22	-0.03401	70.05	4.01	3.40
lcl|NC_071995.2_cds_XP_024112522.2_40585	59.95	40.05	-0.01566	77.07	4.12	3.34
lcl|NC_071995.2_cds_XP_054382409.1_40597	52.42	47.58	-0.08323	56.50	3.88	4.05
lcl|NC_071995.2_cds_XP_002823476.2_40614	59.53	40.47	-0.10774	59.98	4.07	3.48
lcl|NC_071995.2_cds_XP_063568245.1_40618	53.72	46.28	0.02877	60.82	3.83	3.60
lcl|NC_071995.2_cds_XP_024112219.1_40622	63.84	36.16	-0.20250	56.33	4.37	3.75
lcl|NC_071995.2_cds_XP_054382397.1_40630	53.69	46.31	0.06579	68.30	4.05	3.64
lcl|NC_071995.2_cds_XP_054383291.1_40669	64.74	35.26	-0.03582	72.00	4.85	3.72
lcl|NC_071995.2_cds_XP_063568249.1_40684	52.01	47.99	0.05786	61.34	3.64	3.80
lcl|NC_071995.2_cds_XP_002823502.2_40691	48.15	51.85	0.00247	50.00	3.87	4.04
lcl|NC_071995.2_cds_XP_002823509.1_40700	38.80	61.2	0.05687	33.81	3.43	4.18
lcl|NC_071995.2_cds_XP_024112742.2_40707	41.46	58.54	0.02574	32.83	3.51	4.36
lcl|NC_071995.2_cds_XP_009246260.2_40720	47.67	52.33	-0.02511	51.93	3.69	4.01
lcl|NC_071995.2_cds_NP_001125829.1_40738	40.98	59.02	0.07601	37.49	3.66	4.26
lcl|NC_071995.2_cds_XP_024112139.2_40746	54.92	45.08	0.06277	59.24	4.57	4.03
lcl|NC_071995.2_cds_XP_024113137.2_40749	51.97	48.03	0.07314	51.86	4.84	4.20
lcl|NC_071995.2_cds_XP_009246273.3_40781	41.70	58.3	0.08303	37.59	3.54	4.30
lcl|NC_071995.2_cds_XP_054383361.1_40794	49.61	50.39	0.04596	50.56	3.72	3.91
lcl|NC_071995.2_cds_NP_001126520.1_40808	39.91	60.09	0.04749	32.25	3.43	4.20
lcl|NC_071995.2_cds_XP_024112472.1_40836	41.54	58.46	0.12652	35.10	3.45	4.27
lcl|NC_071995.2_cds_XP_009246302.3_40874	47.27	52.73	-0.02477	48.19	3.77	4.10
lcl|NC_071995.2_cds_XP_024113112.2_40880	47.61	52.39	-0.00253	51.65	3.67	3.96
lcl|NC_071995.2_cds_XP_002823562.3_40922	47.10	52.9	-0.12237	51.32	3.57	4.01
lcl|NC_071995.2_cds_XP_002823565.1_40923	41.02	58.98	0.04777	34.07	3.71	4.26
lcl|NC_071995.2_cds_XP_002823568.4_40939	47.66	52.34	0.08497	52.34	4.06	4.58
lcl|NC_071995.2_cds_XP_054382344.1_40979	39.29	60.71	0.07722	31.24	3.28	4.27
lcl|NC_071995.2_cds_XP_002823588.2_40996	48.44	51.56	-0.03255	44.88	3.69	4.16
lcl|NC_071995.2_cds_XP_024112616.2_41002	47.15	52.85	-0.02544	43.26	3.57	4.03
lcl|NC_071995.2_cds_XP_024113172.2_41028	41.97	58.03	0.08937	31.23	3.61	4.22
lcl|NC_071995.2_cds_NP_001360905.1_41031	41.02	58.98	0.05821	35.91	3.43	4.17
lcl|NC_071995.2_cds_XP_024112721.1_41032	38.68	61.32	-0.02061	30.52	3.38	4.58
lcl|NC_071995.2_cds_XP_063567696.1_41050	44.73	55.27	0.08768	38.87	3.39	3.96
lcl|NC_071995.2_cds_XP_002823597.1_41071	46.71	53.29	-0.01961	51.37	3.56	4.07
lcl|NC_071995.2_cds_NP_001127446.1_41075	42.29	57.71	0.02949	39.57	3.63	4.38
lcl|NC_071995.2_cds_XP_063568278.1_41086	35.43	64.57	0.10779	28.91	3.32	4.67
lcl|NC_071995.2_cds_XP_054383439.1_41126	35.12	64.88	0.17121	28.89	3.41	4.59
lcl|NC_071995.2_cds_XP_024113063.2_41128	37.16	62.84	0.04510	31.58	3.41	4.62
lcl|NC_071995.2_cds_XP_054383461.1_41162	40.35	59.65	0.12730	31.22	3.58	4.36
lcl|NC_071995.2_cds_XP_024112984.2_41174	38.64	61.36	0.12279	33.64	3.46	4.27
lcl|NC_071995.2_cds_XP_002823641.3_41202	49.37	50.63	0.01033	57.43	4.41	4.26
lcl|NC_071995.2_cds_XP_024113282.2_41233	42.25	57.75	0.04683	40.15	3.58	4.23
lcl|NC_071995.2_cds_XP_054383503.1_41292	39.22	60.78	0.02258	35.93	3.58	4.47
lcl|NC_071995.2_cds_XP_054384128.1_41312	41.06	58.94	0.07790	38.14	3.40	4.24
lcl|NC_071995.2_cds_XP_024111933.1_41331	45.08	54.92	-0.03393	42.22	3.58	4.08
lcl|NC_071995.2_cds_XP_024112991.1_41338	38.22	61.78	0.01844	30.29	3.40	4.38
lcl|NC_071995.2_cds_XP_024112944.2_41345	38.71	61.29	-0.02593	33.55	3.28	4.39
lcl|NC_071995.2_cds_XP_054383517.1_41356	45.74	54.26	0.03413	47.53	3.81	4.04
lcl|NC_071995.2_cds_XP_024112949.2_41366	41.54	58.46	0.02880	42.61	3.58	4.19
lcl|NC_071995.2_cds_XP_054383527.1_41370	46.12	53.88	0.08344	46.52	3.65	3.84
lcl|NC_071995.2_cds_XP_002823695.2_41388	42.30	57.7	0.04015	42.91	3.42	4.24
lcl|NC_071995.2_cds_XP_024112527.2_41422	50.83	49.17	0.01645	55.82	3.69	3.85
lcl|NC_071995.2_cds_NP_001359175.1_41469	38.10	61.9	0.04769	36.03	3.41	4.48
lcl|NC_071995.2_cds_XP_003778156.1_41494	44.06	55.94	0.08072	44.18	3.72	4.27
lcl|NC_071995.2_cds_XP_024113248.2_41528	60.03	39.97	-0.00704	74.39	4.78	3.78
lcl|NC_071995.2_cds_NP_001124858.1_41555	52.78	47.22	0.13055	59.67	3.98	3.74
lcl|NC_071995.2_cds_XP_054383593.1_41568	55.92	44.08	-0.04589	65.53	4.08	3.96
lcl|NC_071995.2_cds_XP_024112956.2_41586	55.75	44.25	-0.00705	71.37	4.02	3.74
lcl|NC_071995.2_cds_XP_002823772.4_41591	46.11	53.89	0.05018	52.69	3.70	4.11
lcl|NC_071995.2_cds_XP_063568317.1_41603	51.99	48.01	-0.01283	61.88	3.71	3.95
lcl|NC_071995.2_cds_XP_024113283.2_41638	59.67	40.33	-0.07495	82.80	4.45	3.41
lcl|NC_071995.2_cds_XP_024112208.2_41685	48.42	51.58	0.04686	51.97	3.72	3.97
lcl|NC_071995.2_cds_XP_024113197.2_41739	63.57	36.43	-0.03456	78.01	4.65	3.88
lcl|NC_071995.2_cds_XP_054384238.1_41793	50.33	49.67	-0.13235	42.95	4.07	4.13
lcl|NC_071995.2_cds_XP_024112165.2_41803	53.43	46.57	-0.00057	59.17	3.77	4.01
lcl|NC_071995.2_cds_XP_002823808.1_41817	50.98	49.02	0.00142	48.91	4.04	4.01
lcl|NC_071995.2_cds_XP_002823810.3_41820	46.74	53.26	0.09957	46.78	3.73	4.44
lcl|NC_071995.2_cds_XP_002823815.3_41833	42.00	58	0.08320	42.03	3.54	4.36
lcl|NC_071995.2_cds_XP_024112393.2_41846	53.27	46.73	-0.02416	59.67	4.01	3.94
lcl|NC_071995.2_cds_XP_024112461.1_41866	59.42	40.58	-0.01184	73.94	4.16	3.35
lcl|NC_071995.2_cds_XP_002823828.2_41875	63.73	36.27	0.04260	80.66	4.95	3.85
lcl|NC_071995.2_cds_XP_024112184.1_41887	55.98	44.02	-0.07435	77.62	4.14	3.78
lcl|NC_071995.2_cds_XP_054383626.1_41906	55.72	44.28	0.06946	68.27	3.97	3.57
lcl|NC_071995.2_cds_XP_054383629.1_41919	49.56	50.44	-0.03722	48.76	3.58	3.92
lcl|NC_071995.2_cds_XP_054383638.1_41953	56.82	43.18	-0.04313	71.89	4.07	3.49
lcl|NC_071995.2_cds_XP_063568334.1_41954	57.73	42.27	-0.12944	74.66	4.17	3.60
lcl|NC_071995.2_cds_XP_009246570.1_41968	46.48	53.52	0.09953	53.85	3.64	4.11
lcl|NC_071995.2_cds_XP_024112712.2_41988	52.42	47.58	0.03995	62.30	3.94	3.83
lcl|NC_071995.2_cds_XP_024112166.2_41993	57.34	42.66	0.02654	71.29	3.90	3.51
lcl|NC_071995.2_cds_XP_054382434.1_41997	62.93	37.07	-0.07896	72.69	4.23	3.35
lcl|NC_071995.2_cds_XP_054384311.1_42081	58.91	41.09	0.00889	76.81	4.35	3.73
lcl|NC_071995.2_cds_XP_054384313.1_42088	64.51	35.49	-0.11111	76.16	4.72	3.41
lcl|NC_071995.2_cds_XP_024111834.1_42095	46.66	53.34	0.04326	50.43	3.62	4.11
lcl|NC_071995.2_cds_XP_024112548.1_42101	61.24	38.76	-0.15230	77.11	4.65	3.64
lcl|NC_071995.2_cds_XP_054384326.1_42143	45.92	54.08	0.11376	51.57	3.59	4.02
lcl|NC_071995.2_cds_XP_063568023.1_42156	40.35	59.65	0.05794	39.10	3.47	4.28
lcl|NC_071995.2_cds_NP_001125143.1_42165	62.52	37.48	0.05935	82.13	4.43	3.35
lcl|NC_071995.2_cds_XP_063568346.1_42206	63.35	36.65	-0.05605	82.17	4.52	3.43
lcl|NC_071995.2_cds_XP_024112788.2_42219	40.32	59.68	0.01048	33.73	3.44	4.25
lcl|NC_071995.2_cds_XP_024112624.2_42245	40.91	59.09	0.11864	32.14	3.59	4.41
lcl|NC_071995.2_cds_XP_003778203.2_42285	47.76	52.24	0.03420	59.28	3.84	4.30
lcl|NC_071995.2_cds_XP_054383667.1_42287	49.19	50.81	0.07601	60.73	3.87	4.14
lcl|NC_071995.2_cds_XP_054383686.1_42363	65.61	34.39	-0.09795	80.80	4.70	3.57
lcl|NC_071995.2_cds_XP_024113141.2_42394	61.08	38.92	0.03669	76.00	4.44	3.57
lcl|NC_071995.2_cds_XP_054383709.1_42401	52.98	47.02	0.03940	64.09	3.84	3.87
lcl|NC_071995.2_cds_XP_009246675.3_42405	60.08	39.92	0.03452	77.73	4.36	3.47
lcl|NC_071995.2_cds_XP_024113301.2_42418	54.64	45.36	0.05935	70.00	3.99	3.82
lcl|NC_071995.2_cds_XP_024112526.1_42425	44.78	55.22	0.03972	44.43	3.82	4.28
lcl|NC_071995.2_cds_XP_054383715.1_42429	60.09	39.91	0.01278	71.20	4.41	3.66
lcl|NC_071995.2_cds_XP_024112150.2_42451	55.97	44.03	-0.10440	73.32	3.94	3.73
lcl|NC_071995.2_cds_XP_024112698.2_42454	56.14	43.86	-0.01533	59.98	4.32	3.95
lcl|NC_071995.2_cds_XP_024113052.2_42468	65.56	34.44	-0.11466	82.87	4.55	3.44
lcl|NC_071995.2_cds_XP_054384411.1_42473	58.90	41.1	-0.05545	65.85	4.30	3.83
lcl|NC_071995.2_cds_XP_054384434.1_42506	72.24	27.76	-0.11535	84.56	5.90	3.23
lcl|NC_071995.2_cds_XP_024112299.1_42523	55.81	44.19	0.00235	72.72	4.06	3.70
lcl|NC_071995.2_cds_XP_024112446.1_42531	52.91	47.09	0.04424	55.00	4.35	4.10
lcl|NC_071995.2_cds_XP_024113118.2_42537	59.02	40.98	0.08390	74.01	4.15	3.73
lcl|NC_071995.2_cds_XP_024112532.1_42606	41.77	58.23	0.07239	38.71	3.26	3.80
lcl|NC_071996.2_cds_XP_063568729.1_42632	49.53	50.47	0.02052	59.94	3.79	4.20
lcl|NC_071996.2_cds_XP_024098768.2_42640	58.89	41.11	-0.12133	75.38	4.09	3.72
lcl|NC_071996.2_cds_XP_054405076.2_42700	59.87	40.13	0.03020	67.88	4.28	3.48
lcl|NC_071996.2_cds_XP_024099301.2_42709	64.81	35.19	-0.01671	71.93	4.29	3.23
lcl|NC_071996.2_cds_XP_024099453.3_42716	49.38	50.62	0.02693	57.42	3.96	4.19
lcl|NC_071996.2_cds_XP_024099176.3_42725	43.55	56.45	0.09145	44.44	3.58	4.16
lcl|NC_071996.2_cds_XP_024099218.1_42729	53.57	46.43	-0.16762	48.15	3.86	3.57
lcl|NC_071996.2_cds_XP_002812412.2_42756	53.90	46.1	0.03793	43.16	4.29	4.04
lcl|NC_071996.2_cds_XP_063568716.1_42766	59.82	40.18	-0.03846	82.20	4.20	3.66
lcl|NC_071996.2_cds_XP_054405161.2_42842	49.99	50.01	-0.01826	57.64	3.76	3.85
lcl|NC_071996.2_cds_XP_063568788.1_42850	48.74	51.26	0.01086	48.83	3.79	4.08
lcl|NC_071996.2_cds_XP_024099487.3_42883	66.33	33.67	-0.12782	79.65	4.61	3.35
lcl|NC_071996.2_cds_XP_054405203.1_42907	39.82	60.18	0.00534	32.31	3.44	4.42
lcl|NC_071996.2_cds_XP_002812458.3_42925	43.08	56.92	-0.06164	44.71	3.50	4.17
lcl|NC_071996.2_cds_XP_054405246.2_42988	49.16	50.84	-0.03609	48.36	3.73	3.85
lcl|NC_071996.2_cds_XP_054405282.1_43031	41.70	58.3	0.01544	39.23	3.46	4.11
lcl|NC_071996.2_cds_XP_063568834.1_43032	44.56	55.44	0.10153	38.38	3.48	4.03
lcl|NC_071996.2_cds_XP_054405283.1_43039	42.43	57.57	0.04613	38.48	3.36	4.20
lcl|NC_071996.2_cds_XP_054404522.1_43055	46.99	53.01	-0.14500	39.91	3.64	4.13
lcl|NC_071996.2_cds_XP_024099033.2_43084	53.23	46.77	-0.02696	63.28	3.66	3.73
lcl|NC_071996.2_cds_XP_024099324.3_43092	49.68	50.32	0.05720	47.11	3.66	3.85
lcl|NC_071996.2_cds_XP_024099585.3_43102	42.87	57.13	0.11588	38.24	3.54	4.22
lcl|NC_071996.2_cds_XP_024098645.1_43115	46.61	53.39	-0.03112	49.59	3.69	4.10
lcl|NC_071996.2_cds_XP_054405322.2_43146	46.82	53.18	-0.09942	40.05	3.58	4.03
lcl|NC_071996.2_cds_XP_024099370.1_43171	49.65	50.35	0.11142	61.90	3.93	4.16
lcl|NC_071996.2_cds_XP_063568872.1_43193	37.90	62.1	0.06581	28.88	3.49	4.51
lcl|NC_071996.2_cds_XP_024098922.3_43196	45.47	54.53	0.02467	53.90	3.46	4.03
lcl|NC_071996.2_cds_XP_054404849.2_43206	44.54	55.46	0.04283	45.05	3.74	4.05
lcl|NC_071996.2_cds_XP_009235985.2_43224	43.07	56.93	0.10781	34.87	3.91	4.12
lcl|NC_071996.2_cds_XP_002812541.5_43257	44.87	55.13	0.06830	45.25	3.58	4.06
lcl|NC_071996.2_cds_XP_054404873.1_43280	50.18	49.82	-0.03456	50.04	3.74	3.96
lcl|NC_071996.2_cds_XP_024099104.3_43297	53.65	46.35	0.00965	58.00	3.97	3.93
lcl|NC_071996.2_cds_XP_054404904.2_43327	41.79	58.21	0.07549	31.50	3.35	4.03
lcl|NC_071996.2_cds_XP_002812561.4_43364	42.41	57.59	0.08850	39.58	3.55	4.22
lcl|NC_071996.2_cds_XP_024098730.3_43367	45.81	54.19	0.08022	44.49	3.83	4.29
lcl|NC_071996.2_cds_XP_063568904.1_43404	43.68	56.32	0.10067	39.40	3.42	4.05
lcl|NC_071996.2_cds_XP_024099252.3_43419	41.39	58.61	0.09890	40.16	3.64	4.22
lcl|NC_071996.2_cds_XP_054405373.2_43432	43.54	56.46	-0.05083	42.99	3.51	4.09
lcl|NC_071996.2_cds_XP_009236060.2_43441	43.90	56.1	-0.07336	36.53	3.90	4.36
lcl|NC_071996.2_cds_XP_054405387.1_43447	43.01	56.99	0.06507	47.18	3.45	4.08
lcl|NC_071996.2_cds_XP_054405397.2_43455	42.51	57.49	0.06099	46.16	3.46	4.16
lcl|NC_071996.2_cds_XP_024099468.3_43469	39.81	60.19	0.08582	32.57	3.37	4.49
lcl|NC_071996.2_cds_XP_009236064.1_43473	41.96	58.04	0.06482	44.23	3.46	4.20
lcl|NC_071996.2_cds_XP_024099146.3_43478	41.49	58.51	0.04927	43.49	3.43	4.24
lcl|NC_071996.2_cds_XP_063568916.1_43485	37.79	62.21	0.06080	37.73	3.35	4.51
lcl|NC_071996.2_cds_XP_063568917.1_43487	39.75	60.25	0.03966	33.33	3.49	4.35
lcl|NC_071996.2_cds_XP_054405430.2_43509	45.64	54.36	0.08177	45.46	3.53	3.92
lcl|NC_071996.2_cds_XP_054405431.2_43515	46.66	53.34	0.06162	46.02	3.57	3.98
lcl|NC_071996.2_cds_XP_024098817.3_43576	43.86	56.14	0.06142	40.20	4.21	4.25
lcl|NC_071996.2_cds_XP_063568934.1_43579	46.57	53.43	0.01507	47.89	3.72	4.22
lcl|NC_071996.2_cds_XP_024098928.1_43630	44.26	55.74	0.09517	41.48	4.05	4.36
lcl|NC_071996.2_cds_XP_054404797.1_43635	47.72	52.28	0.00455	50.98	3.91	4.30
lcl|NC_071996.2_cds_NP_001125971.1_43665	40.40	59.6	-0.01890	37.69	3.30	4.43
lcl|NC_071996.2_cds_XP_054405512.1_43740	48.50	51.5	0.05224	53.21	3.62	3.99
lcl|NC_071996.2_cds_XP_054405517.1_43749	46.08	53.92	0.02185	46.35	3.67	4.02
lcl|NC_071996.2_cds_XP_063568970.1_43800	44.13	55.87	0.04375	36.59	3.50	4.08
lcl|NC_071996.2_cds_XP_054405534.1_43801	43.95	56.05	0.08036	45.06	3.59	4.24
lcl|NC_071996.2_cds_NP_001125780.1_43814	39.13	60.87	0.08716	32.45	3.48	4.31
lcl|NC_071996.2_cds_XP_002812692.1_43818	42.08	57.92	0.11350	38.72	3.96	4.52
lcl|NC_071996.2_cds_NP_001361162.1_43824	45.00	55	0.07349	37.54	3.67	4.13
lcl|NC_071996.2_cds_XP_054405541.1_43852	39.65	60.35	0.00741	36.65	3.54	4.14
lcl|NC_071996.2_cds_XP_009236164.3_43861	39.53	60.47	-0.08635	33.11	3.49	4.31
lcl|NC_071996.2_cds_XP_054405547.1_43862	34.81	65.19	0.00014	28.30	3.34	4.68
lcl|NC_071996.2_cds_XP_024099080.2_43865	44.80	55.2	0.06950	40.23	3.77	4.15
lcl|NC_071996.2_cds_XP_024098995.1_43912	56.87	43.13	0.11067	26.86	4.00	3.70
lcl|NC_071996.2_cds_XP_002812712.1_43913	55.93	44.07	0.13071	28.87	4.05	3.77
lcl|NC_071996.2_cds_XP_024099496.2_43921	37.14	62.86	0.02564	29.90	3.28	4.57
lcl|NC_071996.2_cds_XP_054404630.1_43942	36.26	63.74	0.06334	29.44	3.33	4.65
lcl|NC_071996.2_cds_XP_024099028.2_44027	43.68	56.32	0.07517	48.64	3.57	4.20
lcl|NC_071996.2_cds_XP_024099101.2_44053	40.55	59.45	0.07353	37.52	3.44	4.34
lcl|NC_071996.2_cds_XP_054405575.1_44055	51.20	48.8	0.01656	52.19	3.72	3.91
lcl|NC_071996.2_cds_XP_024099641.2_44064	41.66	58.34	0.13842	42.89	3.44	4.16
lcl|NC_071996.2_cds_NP_001127553.1_44094	42.25	57.75	0.06679	38.83	3.53	4.18
lcl|NC_071996.2_cds_XP_054405592.2_44098	42.48	57.52	-0.06374	38.75	4.07	4.21
lcl|NC_071996.2_cds_XP_054405595.1_44110	47.29	52.71	0.07134	46.46	3.71	3.97
lcl|NC_071996.2_cds_XP_024098960.2_44114	45.11	54.89	0.06781	36.58	3.68	4.15
lcl|NC_071996.2_cds_XP_024099689.1_44133	45.41	54.59	0.09712	46.62	3.98	4.04
lcl|NC_071996.2_cds_XP_024099407.2_44155	34.87	65.13	0.06748	30.69	3.30	4.53
lcl|NC_071996.2_cds_NP_001125740.1_44157	47.47	52.53	0.06345	49.44	3.59	4.06
lcl|NC_071996.2_cds_NP_001126964.1_44234	46.96	53.04	-0.04732	44.81	3.46	3.89
lcl|NC_071996.2_cds_XP_054405627.1_44243	35.30	64.7	-0.01674	28.75	3.59	4.77
lcl|NC_071996.2_cds_XP_024099001.1_44253	47.17	52.83	0.09207	44.69	3.54	3.97
lcl|NC_071996.2_cds_XP_054405643.1_44259	51.31	48.69	0.02032	53.00	3.69	3.81
lcl|NC_071996.2_cds_XP_002812799.1_44267	45.46	54.54	-0.00917	41.39	3.58	4.09
lcl|NC_071996.2_cds_XP_054405004.1_44304	39.67	60.33	0.03023	35.72	3.37	4.31
lcl|NC_071996.2_cds_XP_054405011.1_44372	50.85	49.15	-0.21063	45.14	3.86	3.90
lcl|NC_071996.2_cds_XP_024099063.2_44387	50.07	49.93	0.05407	46.76	3.86	3.84
lcl|NC_071996.2_cds_XP_063569057.1_44398	55.51	44.49	-0.03222	68.78	4.07	3.55
lcl|NC_071996.2_cds_XP_054405649.1_44403	52.59	47.41	-0.11256	54.21	3.78	3.93
lcl|NC_071996.2_cds_XP_024099633.2_44423	39.45	60.55	0.09613	31.11	3.45	4.36
lcl|NC_071996.2_cds_XP_054405688.1_44523	44.62	55.38	0.02290	42.55	3.56	4.12
lcl|NC_071996.2_cds_XP_054405700.1_44544	46.17	53.83	0.02616	38.72	3.51	3.97
lcl|NC_071996.2_cds_XP_054405751.1_44594	51.73	48.27	-0.00849	56.36	3.78	3.79
lcl|NC_071996.2_cds_XP_002812850.2_44607	39.47	60.53	-0.00598	33.77	3.36	4.35
lcl|NC_071996.2_cds_XP_024099518.1_44626	47.08	52.92	0.03732	47.52	3.52	3.91
lcl|NC_071996.2_cds_XP_024099346.2_44655	42.85	57.15	-0.03686	45.61	3.45	4.26
lcl|NC_071996.2_cds_XP_009236347.3_44676	51.36	48.64	-0.02933	52.42	3.76	3.73
lcl|NC_071996.2_cds_XP_002812877.2_44690	52.15	47.85	-0.04685	58.74	3.69	3.77
lcl|NC_071996.2_cds_XP_024098883.3_44715	60.98	39.02	-0.07985	68.92	4.15	3.39
lcl|NC_071996.2_cds_XP_002812896.2_44759	56.51	43.49	0.04073	71.55	3.99	3.41
lcl|NC_071996.2_cds_XP_063569123.1_44761	42.39	57.61	0.04000	38.76	3.38	4.13
lcl|NC_071996.2_cds_XP_024098824.2_44784	59.17	40.83	-0.09650	65.31	4.05	3.48
lcl|NC_071996.2_cds_NP_001125715.2_44802	56.13	43.87	-0.05325	62.39	3.69	3.57
lcl|NC_071996.2_cds_XP_024099464.2_44806	52.27	47.73	-0.10169	59.14	3.68	3.75
lcl|NC_071996.2_cds_XP_054405827.1_44814	58.02	41.98	-0.05247	76.39	4.03	3.74
lcl|NC_071996.2_cds_XP_002812920.1_44836	58.14	41.86	0.05163	70.38	4.13	3.54
lcl|NC_071996.2_cds_XP_024098774.1_44837	58.02	41.98	-0.08208	69.88	4.13	3.78
lcl|NC_071996.2_cds_XP_024098709.2_44881	62.73	37.27	-0.03792	70.85	4.18	3.72
lcl|NC_071996.2_cds_XP_024099552.2_44897	67.21	32.79	-0.02383	77.88	4.82	3.29
lcl|NC_071996.2_cds_XP_024099557.2_44916	66.16	33.84	0.06295	78.18	4.88	3.29
lcl|NC_071996.2_cds_XP_024099597.1_44922	61.59	38.41	-0.01149	69.07	4.02	3.57
lcl|NC_071996.2_cds_XP_024098694.1_44929	62.40	37.6	-0.02166	76.48	4.29	3.30
lcl|NC_071996.2_cds_XP_024099272.2_44934	49.61	50.39	0.06875	55.02	3.66	3.91
lcl|NC_071996.2_cds_XP_024098977.2_44979	43.55	56.45	-0.01949	46.95	3.54	4.15
lcl|NC_071996.2_cds_XP_002812977.2_44982	62.77	37.23	-0.06712	71.44	4.35	3.40
lcl|NC_071996.2_cds_XP_054405884.1_45002	58.58	41.42	0.10229	38.44	4.02	3.71
lcl|NC_071996.2_cds_XP_024098890.2_45005	56.13	43.87	0.08955	34.47	3.91	3.79
lcl|NC_071996.2_cds_XP_054405893.1_45059	49.29	50.71	0.00757	51.83	3.59	3.80
lcl|NC_071996.2_cds_XP_024098837.1_45118	44.71	55.29	0.05586	37.94	3.55	4.07
lcl|NC_071996.2_cds_XP_054405922.1_45135	47.22	52.78	0.16626	47.56	3.68	3.91
lcl|NC_071996.2_cds_XP_054404460.1_45151	44.10	55.9	0.07860	43.47	3.68	4.43
lcl|NC_071996.2_cds_NP_001126695.1_45181	43.01	56.99	0.09342	39.94	3.53	4.13
lcl|NC_071996.2_cds_XP_054404705.1_45183	52.83	47.17	-0.02529	61.86	3.96	3.75
lcl|NC_071996.2_cds_XP_063569193.1_45235	54.29	45.71	-0.02724	61.36	4.07	3.82
lcl|NC_071996.2_cds_XP_009236507.2_45257	49.11	50.89	0.13375	44.80	3.75	4.03
lcl|NC_071996.2_cds_XP_054405983.1_45284	55.56	44.44	-0.06373	70.34	4.18	3.92
lcl|NC_071996.2_cds_XP_024099387.1_45290	57.23	42.77	0.02301	71.28	4.16	3.74
lcl|NC_071996.2_cds_XP_063569202.1_45292	44.36	55.64	0.08128	43.67	3.75	4.11
lcl|NC_071996.2_cds_XP_054405986.1_45311	55.87	44.13	0.01992	75.92	3.92	3.64
lcl|NC_071996.2_cds_XP_024099163.1_45315	50.19	49.81	0.02506	66.22	3.83	4.06
lcl|NC_071996.2_cds_XP_009236536.3_45319	56.92	43.08	-0.03767	75.10	4.07	3.74
lcl|NC_071996.2_cds_XP_054405989.1_45338	62.64	37.36	0.00046	77.43	4.72	3.72
lcl|NC_071996.2_cds_XP_009236553.3_45355	44.50	55.5	0.08781	52.03	3.77	4.05
lcl|NC_071996.2_cds_XP_009236555.3_45373	54.24	45.76	0.05773	59.79	3.98	3.70
lcl|NC_071996.2_cds_XP_054406009.1_45389	48.42	51.58	0.17018	48.01	3.96	3.90
lcl|NC_071996.2_cds_XP_054406036.1_45434	36.56	63.44	0.04935	29.25	3.47	4.52
lcl|NC_071996.2_cds_XP_024099363.2_45446	69.09	30.91	-0.02446	83.60	4.90	3.08
lcl|NC_071996.2_cds_XP_024099654.2_45461	56.65	43.35	-0.04829	66.61	4.07	3.90
lcl|NC_071996.2_cds_XP_054406066.1_45488	63.06	36.94	-0.04656	78.90	4.47	3.51
lcl|NC_071996.2_cds_XP_054406079.1_45512	59.72	40.28	0.00581	73.96	4.12	3.41
lcl|NC_071996.2_cds_XP_054406104.1_45542	61.13	38.87	-0.03041	81.43	4.25	3.58
lcl|NC_071996.2_cds_XP_024099367.2_45546	66.67	33.33	0.13645	81.32	4.37	3.53
lcl|NC_071996.2_cds_XP_024099516.2_45548	63.88	36.12	-0.04723	78.29	4.34	3.33
lcl|NC_071996.2_cds_XP_054406109.1_45557	58.28	41.72	0.05223	66.74	3.92	3.57
lcl|NC_071996.2_cds_XP_063568636.1_45572	53.16	46.84	0.05002	62.97	3.97	3.91
lcl|NC_071996.2_cds_XP_054406112.1_45587	53.60	46.4	-0.04033	61.94	3.89	3.77
lcl|NC_071996.2_cds_XP_054406141.1_45620	61.63	38.37	0.02010	76.54	4.21	3.60
lcl|NC_071996.2_cds_XP_054406142.1_45623	61.66	38.34	-0.12719	75.56	4.04	3.62
lcl|NC_071997.2_cds_XP_024098461.2_45655	63.07	36.93	-0.00633	80.36	4.41	3.20
lcl|NC_071997.2_cds_XP_054402966.1_45667	40.59	59.41	0.10505	30.99	3.58	4.30
lcl|NC_071997.2_cds_XP_054402979.1_45670	42.99	57.01	0.04184	45.70	3.45	4.22
lcl|NC_071997.2_cds_XP_063569364.1_45696	40.65	59.35	0.09364	30.80	3.55	4.30
lcl|NC_071997.2_cds_XP_054403086.1_45722	40.62	59.38	0.09972	31.05	3.58	4.28
lcl|NC_071997.2_cds_XP_054403101.1_45739	39.91	60.09	0.11613	33.18	3.24	4.34
lcl|NC_071997.2_cds_XP_054403102.1_45741	40.11	59.89	0.11218	32.92	3.18	4.27
lcl|NC_071997.2_cds_NP_001124556.2_45765	52.60	47.4	0.02966	65.98	3.75	3.59
lcl|NC_071997.2_cds_XP_063569395.1_45780	40.62	59.38	0.10252	31.14	3.61	4.28
lcl|NC_071997.2_cds_XP_054403120.1_45799	56.45	43.55	-0.06632	59.98	3.83	3.40
lcl|NC_071997.2_cds_XP_024097905.2_45814	55.20	44.8	-0.05634	72.98	4.03	3.74
lcl|NC_071997.2_cds_XP_063569584.1_45859	62.30	37.7	0.01891	76.40	4.56	3.40
lcl|NC_071997.2_cds_XP_024098295.2_45885	45.06	54.94	-0.08249	40.87	3.94	4.36
lcl|NC_071997.2_cds_XP_024098122.2_45888	48.78	51.22	0.03641	54.52	3.79	3.97
lcl|NC_071997.2_cds_XP_054403206.1_45892	54.65	45.35	-0.00561	66.19	3.84	3.79
lcl|NC_071997.2_cds_XP_024098236.2_45910	65.79	34.21	-0.00205	73.05	5.31	3.93
lcl|NC_071997.2_cds_XP_024098034.1_45917	40.16	59.84	0.11792	36.80	3.85	4.33
lcl|NC_071997.2_cds_XP_054403219.1_45976	40.74	59.26	0.10552	31.25	3.57	4.31
lcl|NC_071997.2_cds_XP_054403224.1_45979	42.88	57.12	0.03933	45.43	3.45	4.25
lcl|NC_071997.2_cds_XP_054403261.1_46014	42.66	57.34	0.03953	45.21	3.44	4.25
lcl|NC_071997.2_cds_XP_054403214.1_46029	40.69	59.31	0.10236	31.23	3.57	4.31
lcl|NC_071997.2_cds_XP_024098506.1_46032	39.61	60.39	0.25293	33.42	3.49	4.37
lcl|NC_071997.2_cds_XP_024097727.1_46046	43.27	56.73	0.03589	36.26	3.39	4.12
lcl|NC_071997.2_cds_XP_054403786.1_46058	55.40	44.6	-0.07737	63.98	4.13	3.85
lcl|NC_071997.2_cds_XP_024098006.2_46089	53.49	46.51	0.01240	67.65	3.93	3.87
lcl|NC_071997.2_cds_XP_063569458.1_46096	40.18	59.82	0.04802	34.61	3.55	4.33
lcl|NC_071997.2_cds_XP_054403329.1_46128	50.06	49.94	0.06750	51.33	3.68	3.97
lcl|NC_071997.2_cds_XP_024098458.2_46211	54.86	45.14	-0.00494	68.64	4.04	3.92
lcl|NC_071997.2_cds_XP_054403830.1_46240	40.65	59.35	0.10468	30.80	3.57	4.30
lcl|NC_071997.2_cds_XP_063569612.1_46263	36.93	63.07	0.11111	33.59	3.41	4.53
lcl|NC_071997.2_cds_XP_054403870.1_46282	40.07	59.93	0.10189	29.18	3.52	4.26
lcl|NC_071997.2_cds_XP_024098492.1_46305	64.36	35.64	-0.05806	75.65	4.66	3.51
lcl|NC_071997.2_cds_XP_002811811.2_46340	42.60	57.4	0.02746	39.06	3.43	4.20
lcl|NC_071997.2_cds_XP_063569631.1_46362	45.00	55	0.00526	41.99	3.57	3.99
lcl|NC_071997.2_cds_XP_054401337.1_46365	48.20	51.8	-0.00275	50.65	3.74	4.08
lcl|NC_071997.2_cds_XP_024098570.2_46374	42.53	57.47	-0.00198	31.12	3.44	4.36
lcl|NC_071997.2_cds_XP_054403908.1_46375	54.64	45.36	0.02122	57.85	3.86	3.62
lcl|NC_071997.2_cds_NP_001128800.1_46381	46.24	53.76	0.05076	49.30	3.68	4.01
lcl|NC_071997.2_cds_XP_054403918.1_46405	60.81	39.19	0.00663	68.37	4.01	3.43
lcl|NC_071997.2_cds_XP_002811851.3_46456	45.39	54.61	0.06509	42.70	3.96	4.06
lcl|NC_071997.2_cds_XP_024098267.2_46484	44.48	55.52	0.04762	41.75	3.49	3.97
lcl|NC_071997.2_cds_XP_024097757.2_46498	53.90	46.1	0.03198	66.71	4.00	3.76
lcl|NC_071997.2_cds_XP_024098032.2_46576	41.45	58.55	0.03906	38.64	3.48	4.29
lcl|NC_071997.2_cds_XP_054402390.1_46582	50.15	49.85	0.09116	53.84	3.94	3.81
lcl|NC_071997.2_cds_XP_024098325.1_46621	55.99	44.01	0.10895	70.59	3.86	3.38
lcl|NC_071997.2_cds_XP_009235434.2_46663	61.34	38.66	0.01167	65.27	4.31	3.45
lcl|NC_071997.2_cds_XP_054402629.1_46693	56.92	43.08	0.08242	64.82	3.88	3.38
lcl|NC_071997.2_cds_XP_054404002.1_46705	55.00	45	-0.03553	69.48	3.97	3.69
lcl|NC_071997.2_cds_XP_002811944.5_46716	61.65	38.35	-0.06024	70.47	4.20	3.43
lcl|NC_071997.2_cds_XP_054404021.1_46734	48.05	51.95	-0.15015	45.56	3.48	3.77
lcl|NC_071997.2_cds_XP_054404026.1_46751	44.13	55.87	-0.04914	36.51	3.53	4.10
lcl|NC_071997.2_cds_XP_024097939.1_46759	68.00	32	0.00839	81.51	5.20	3.29
lcl|NC_071997.2_cds_XP_054402638.1_46764	64.62	35.38	-0.04494	71.29	4.36	3.44
lcl|NC_071997.2_cds_XP_054402635.1_46798	57.29	42.71	0.00655	73.04	4.15	3.58
lcl|NC_071997.2_cds_XP_054404042.1_46801	39.46	60.54	0.08835	29.31	3.37	4.24
lcl|NC_071997.2_cds_XP_009235487.2_46915	52.19	47.81	-0.11230	50.23	3.78	3.84
lcl|NC_071997.2_cds_XP_054404102.1_46983	36.87	63.13	0.05200	31.08	3.86	4.53
lcl|NC_071997.2_cds_XP_054404110.1_47013	41.36	58.64	0.07019	32.58	3.45	4.11
lcl|NC_071997.2_cds_XP_024098510.1_47019	38.34	61.66	0.03289	31.90	3.29	4.68
lcl|NC_071997.2_cds_XP_054403442.1_47088	41.99	58.01	0.08763	36.93	3.60	4.25
lcl|NC_071997.2_cds_XP_054403485.1_47114	37.00	63	0.07577	32.53	3.46	4.56
lcl|NC_071997.2_cds_XP_054403489.1_47123	40.52	59.48	0.05597	34.89	3.38	4.31
lcl|NC_071997.2_cds_XP_024098515.1_47174	58.61	41.39	-0.03401	69.62	4.48	3.90
lcl|NC_071997.2_cds_NP_001360808.1_47224	39.14	60.86	0.04609	35.18	3.47	4.64
lcl|NC_071997.2_cds_XP_009235566.1_47261	37.89	62.11	0.07332	33.09	3.33	4.51
lcl|NC_071997.2_cds_XP_054402273.1_47293	45.53	54.47	0.00797	39.11	4.59	4.24
lcl|NC_071997.2_cds_XP_054403519.1_47307	49.34	50.66	0.10487	52.43	3.75	4.05
lcl|NC_071997.2_cds_XP_024098476.1_47309	53.40	46.6	0.06624	68.71	3.87	3.68
lcl|NC_071997.2_cds_XP_002812082.1_47326	42.41	57.59	0.03836	39.15	3.81	4.17
lcl|NC_071997.2_cds_XP_054404170.1_47350	50.16	49.84	0.05045	55.29	3.91	4.07
lcl|NC_071997.2_cds_XP_009235601.1_47419	42.03	57.97	0.07564	32.70	4.10	4.53
lcl|NC_071997.2_cds_XP_002812092.3_47424	45.00	55	0.11522	41.23	3.85	4.21
lcl|NC_071997.2_cds_XP_054404186.1_47426	42.62	57.38	0.11020	40.29	3.84	4.14
lcl|NC_071997.2_cds_XP_024098465.1_47442	59.80	40.2	0.03699	78.58	4.07	3.71
lcl|NC_071997.2_cds_XP_063569779.1_47490	56.64	43.36	-0.05680	71.83	4.13	3.54
lcl|NC_071997.2_cds_NP_001127248.1_47493	42.44	57.56	0.11041	40.06	3.63	4.15
lcl|NC_071997.2_cds_XP_063569784.1_47522	43.24	56.76	0.01342	39.22	3.42	4.33
lcl|NC_071997.2_cds_XP_024098090.2_47526	44.27	55.73	0.04817	44.83	3.44	4.10
lcl|NC_071997.2_cds_XP_054403586.1_47555	43.71	56.29	0.03533	36.66	3.46	4.24
lcl|NC_071997.2_cds_XP_054401955.1_47560	46.27	53.73	0.10186	48.81	3.63	3.92
lcl|NC_071997.2_cds_XP_009235642.1_47597	40.52	59.48	0.02206	32.29	3.49	4.29
lcl|NC_071997.2_cds_XP_024098134.1_47606	40.38	59.62	-0.03094	30.88	3.50	4.54
lcl|NC_071997.2_cds_XP_024098565.1_47610	53.39	46.61	-0.04373	60.39	4.71	4.15
lcl|NC_071997.2_cds_XP_024098494.2_47614	43.83	56.17	0.07397	39.34	3.50	4.17
lcl|NC_071997.2_cds_XP_024097784.1_47671	42.61	57.39	0.01844	36.59	3.52	3.92
lcl|NC_071997.2_cds_XP_002812169.2_47681	39.21	60.79	0.15713	36.21	3.46	4.35
lcl|NC_071997.2_cds_XP_024098427.1_47693	44.34	55.66	0.03338	33.20	3.60	4.14
lcl|NC_071997.2_cds_XP_024097803.2_47715	53.29	46.71	0.00483	58.34	4.01	3.90
lcl|NC_071997.2_cds_XP_024097978.1_47733	52.66	47.34	0.03420	53.34	4.30	3.71
lcl|NC_071997.2_cds_NP_001127328.1_47746	43.48	56.52	0.06812	42.18	3.66	4.13
lcl|NC_071997.2_cds_XP_024097922.1_47765	43.63	56.37	0.01564	35.33	3.58	4.15
lcl|NC_071997.2_cds_XP_024097940.3_47771	45.17	54.83	0.03816	52.20	3.52	4.17
lcl|NC_071997.2_cds_XP_063569568.1_47795	53.57	46.43	0.02425	63.27	3.88	3.75
lcl|NC_071997.2_cds_XP_024098096.2_47818	58.30	41.7	0.01164	68.48	4.21	3.72
lcl|NC_071997.2_cds_XP_002812206.3_47830	58.24	41.76	-0.06437	63.87	3.87	3.58
lcl|NC_071997.2_cds_XP_054403659.1_47831	60.52	39.48	-0.01512	73.14	4.10	3.60
lcl|NC_071997.2_cds_XP_054403661.1_47842	54.46	45.54	-0.03251	65.33	3.84	3.59
lcl|NC_071997.2_cds_XP_054403669.1_47874	44.11	55.89	-0.00039	38.09	3.54	4.10
lcl|NC_071997.2_cds_XP_054403675.1_47886	51.09	48.91	0.10332	56.46	3.60	3.80
lcl|NC_071997.2_cds_XP_024097753.1_47909	54.20	45.8	-0.05462	52.41	3.85	3.68
lcl|NC_071997.2_cds_XP_054403695.1_47934	57.44	42.56	0.01423	65.05	3.94	3.51
lcl|NC_071997.2_cds_XP_002812243.1_47965	67.19	32.81	0.08976	73.25	4.82	3.58
lcl|NC_071997.2_cds_XP_002812245.1_47967	55.54	44.46	-0.09337	58.40	4.23	3.58
lcl|NC_071997.2_cds_XP_024098152.2_47988	59.11	40.89	0.01552	79.78	4.26	3.36
lcl|NC_071997.2_cds_XP_009235744.2_47994	59.96	40.04	-0.09138	70.27	3.91	3.35
lcl|NC_071997.2_cds_XP_024098084.2_48000	67.92	32.08	-0.09142	79.09	5.19	3.41
lcl|NC_071997.2_cds_XP_024098078.1_48008	49.99	50.01	-0.05576	46.62	3.71	3.77
lcl|NC_071997.2_cds_XP_024098136.1_48036	60.04	39.96	0.09701	74.18	4.42	3.54
lcl|NC_071997.2_cds_XP_024098015.2_48058	58.44	41.56	-0.02067	79.29	4.16	3.46
lcl|NC_071997.2_cds_XP_054404269.1_48068	46.76	53.24	-0.07860	42.44	3.56	4.00
lcl|NC_071997.2_cds_XP_054404279.1_48077	44.57	55.43	0.03922	43.72	3.68	4.17
lcl|NC_071997.2_cds_XP_054404305.1_48139	42.23	57.77	0.09841	33.85	3.72	4.32
lcl|NC_071997.2_cds_XP_009235777.3_48144	61.91	38.09	-0.07068	77.85	4.51	3.56
lcl|NC_071997.2_cds_XP_054404311.1_48146	33.64	66.36	0.11316	25.43	3.30	4.96
lcl|NC_071997.2_cds_XP_024098385.2_48147	43.33	56.67	-0.05567	47.00	3.54	4.20
lcl|NC_071997.2_cds_XP_054404313.1_48156	45.68	54.32	0.00664	32.48	3.50	4.15
lcl|NC_071997.2_cds_XP_054404327.1_48194	42.82	57.18	0.13270	40.13	3.58	4.08
lcl|NC_071997.2_cds_XP_054404338.1_48216	38.79	61.21	0.02757	32.41	3.32	4.20
lcl|NC_071997.2_cds_XP_054404336.1_48222	37.39	62.61	0.14286	30.49	3.51	4.59
lcl|NC_071997.2_cds_XP_002812318.3_48228	34.22	65.78	0.08403	30.28	3.52	4.73
lcl|NC_071997.2_cds_XP_024097899.2_48237	45.98	54.02	0.03912	44.48	3.64	4.09
lcl|NC_071997.2_cds_XP_054404346.1_48247	51.81	48.19	-0.00857	58.71	3.83	3.90
lcl|NC_071997.2_cds_XP_054404360.1_48267	57.62	42.38	-0.06081	73.44	4.28	3.87
lcl|NC_071997.2_cds_XP_002812333.1_48280	40.10	59.9	0.13944	37.22	3.85	4.31
lcl|NC_071997.2_cds_XP_024098160.1_48343	52.00	48	-0.01082	59.58	4.01	3.95
lcl|NC_071997.2_cds_XP_054404386.1_48356	45.17	54.83	0.05090	42.59	3.62	4.11
lcl|NC_071997.2_cds_XP_054404421.1_48428	53.62	46.38	0.07588	65.24	4.08	3.93
lcl|NC_071997.2_cds_XP_024097933.2_48439	58.36	41.64	-0.04821	74.54	4.28	3.76
lcl|NC_071997.2_cds_XP_063569876.1_48442	60.28	39.72	-0.04307	70.74	4.32	3.49
lcl|NC_071998.2_cds_XP_063570201.1_48498	40.71	59.29	0.07049	36.99	3.50	3.98
lcl|NC_071998.2_cds_XP_054375636.1_48499	52.90	47.1	-0.11324	54.13	3.81	3.69
lcl|NC_071998.2_cds_XP_054375639.1_48505	38.22	61.78	0.10870	37.39	3.62	4.79
lcl|NC_071998.2_cds_XP_024108389.2_48507	52.81	47.19	0.04381	54.77	4.24	4.05
lcl|NC_071998.2_cds_XP_054375647.2_48508	52.91	47.09	-0.11192	53.95	3.80	3.69
lcl|NC_071998.2_cds_XP_054375650.2_48509	41.10	58.9	0.06809	37.26	3.53	3.94
lcl|NC_071998.2_cds_XP_063570204.1_48514	54.16	45.84	0.04847	56.48	4.41	3.87
lcl|NC_071998.2_cds_XP_063570209.1_48516	38.63	61.37	0.10345	37.52	3.62	4.72
lcl|NC_071998.2_cds_XP_002819650.4_48539	53.57	46.43	-0.05093	58.50	3.91	3.77
lcl|NC_071998.2_cds_XP_002819653.5_48541	56.39	43.61	0.00408	67.88	4.15	3.68
lcl|NC_071998.2_cds_XP_054375308.2_48596	48.94	51.06	0.06171	49.71	3.81	4.00
lcl|NC_071998.2_cds_XP_024108325.3_48612	47.30	52.7	0.02060	45.13	3.91	4.05
lcl|NC_071998.2_cds_XP_054376917.2_48626	61.68	38.32	-0.14913	70.05	4.28	3.52
lcl|NC_071998.2_cds_XP_024108458.2_48647	54.64	45.36	0.02095	60.02	4.09	3.69
lcl|NC_071998.2_cds_XP_002819683.2_48653	55.14	44.86	0.05668	60.78	3.80	3.61
lcl|NC_071998.2_cds_XP_002819691.2_48657	57.24	42.76	0.02680	62.16	3.77	3.49
lcl|NC_071998.2_cds_NP_001127352.2_48682	61.28	38.72	-0.06561	64.07	4.14	3.50
lcl|NC_071998.2_cds_XP_054375382.2_48687	43.72	56.28	0.02246	41.92	3.60	4.18
lcl|NC_071998.2_cds_XP_009242579.2_48714	57.67	42.33	-0.04989	62.17	3.92	3.49
lcl|NC_071998.2_cds_XP_009242590.4_48737	54.66	45.34	-0.12705	53.43	3.76	3.60
lcl|NC_071998.2_cds_XP_002819707.3_48751	52.56	47.44	-0.12524	55.05	3.71	3.85
lcl|NC_071998.2_cds_XP_002819709.4_48752	53.09	46.91	-0.11466	55.54	3.77	3.85
lcl|NC_071998.2_cds_XP_024107743.3_48829	50.31	49.69	-0.00737	50.73	3.76	3.98
lcl|NC_071998.2_cds_XP_063570221.1_48843	52.83	47.17	-0.13100	49.83	3.68	3.68
lcl|NC_071998.2_cds_XP_054375714.2_48880	58.68	41.32	-0.03330	67.16	3.93	3.59
lcl|NC_071998.2_cds_XP_024108029.2_48896	48.32	51.68	0.04492	45.14	3.56	3.92
lcl|NC_071998.2_cds_XP_002819759.4_48930	46.88	53.12	0.09719	46.65	3.63	3.91
lcl|NC_071998.2_cds_XP_002819762.3_48933	42.26	57.74	0.06938	32.12	3.74	4.26
lcl|NC_071998.2_cds_XP_002819761.2_48935	40.28	59.72	0.08490	40.82	3.46	4.25
lcl|NC_071998.2_cds_NP_001126764.1_48937	47.27	52.73	0.04279	47.75	3.64	4.02
lcl|NC_071998.2_cds_XP_024107566.1_48952	47.67	52.33	0.03915	49.51	3.67	3.94
lcl|NC_071998.2_cds_XP_063570253.1_49024	45.01	54.99	0.01850	42.69	3.39	4.08
lcl|NC_071998.2_cds_XP_024107684.1_49057	41.30	58.7	0.03173	33.28	3.46	4.14
lcl|NC_071998.2_cds_XP_024107645.2_49068	38.46	61.54	0.04174	32.15	3.45	4.36
lcl|NC_071998.2_cds_XP_054377020.2_49076	57.63	42.37	-0.02356	66.05	4.14	3.73
lcl|NC_071998.2_cds_XP_024108472.3_49088	39.99	60.01	0.14455	38.10	3.87	4.43
lcl|NC_071998.2_cds_XP_063570261.1_49107	50.07	49.93	-0.03772	55.27	3.61	3.89
lcl|NC_071998.2_cds_XP_054375803.2_49124	41.47	58.53	0.09988	39.67	3.51	4.33
lcl|NC_071998.2_cds_XP_054375823.2_49156	47.37	52.63	-0.00418	50.75	3.62	3.94
lcl|NC_071998.2_cds_XP_024107941.1_49195	45.44	54.56	0.09993	37.58	3.56	4.11
lcl|NC_071998.2_cds_XP_054375877.1_49237	46.66	53.34	-0.00074	44.86	3.63	4.04
lcl|NC_071998.2_cds_XP_054375912.1_49274	46.65	53.35	0.09234	47.75	3.62	4.09
lcl|NC_071998.2_cds_XP_002819850.1_49301	41.08	58.92	0.12546	35.80	3.49	4.46
lcl|NC_071998.2_cds_XP_002819851.1_49304	42.71	57.29	-0.03899	33.78	3.86	4.38
lcl|NC_071998.2_cds_XP_009242735.3_49308	48.61	51.39	0.03009	48.16	4.26	4.03
lcl|NC_071998.2_cds_XP_024107731.2_49311	46.23	53.77	0.01873	45.08	3.65	4.16
lcl|NC_071998.2_cds_NP_001125600.1_49333	38.72	61.28	0.10334	34.42	3.40	4.50
lcl|NC_071998.2_cds_XP_054375956.2_49351	57.89	42.11	-0.13544	63.27	4.33	3.65
lcl|NC_071998.2_cds_XP_054375973.2_49359	46.42	53.58	-0.01941	46.65	3.33	3.90
lcl|NC_071998.2_cds_XP_054375974.2_49376	47.75	52.25	0.09904	46.45	3.86	3.97
lcl|NC_071998.2_cds_XP_024107452.1_49380	50.89	49.11	0.04416	55.51	4.16	3.98
lcl|NC_071998.2_cds_XP_063569985.1_49411	51.97	48.03	0.04981	58.97	3.82	3.72
lcl|NC_071998.2_cds_XP_024108328.3_49416	49.41	50.59	-0.00932	58.24	3.69	4.03
lcl|NC_071998.2_cds_XP_063570306.1_49437	53.21	46.79	0.05566	56.82	4.28	3.97
lcl|NC_071998.2_cds_XP_024108656.3_49449	60.54	39.46	0.01577	76.85	4.51	3.86
lcl|NC_071998.2_cds_XP_024108357.2_49466	40.15	59.85	0.13525	36.83	3.84	4.44
lcl|NC_071998.2_cds_XP_024107817.3_49479	50.26	49.74	-0.01493	60.88	3.81	3.81
lcl|NC_071998.2_cds_XP_002819908.3_49486	45.26	54.74	0.04311	43.57	3.56	4.16
lcl|NC_071998.2_cds_XP_024108070.3_49516	45.67	54.33	0.02929	50.99	3.69	4.09
lcl|NC_071998.2_cds_XP_063570317.1_49536	53.21	46.79	0.04313	60.75	3.83	3.73
lcl|NC_071998.2_cds_XP_054375475.2_49557	46.53	53.47	0.03813	43.16	3.55	3.99
lcl|NC_071998.2_cds_XP_054376044.2_49565	37.14	62.86	0.07231	30.20	3.38	4.55
lcl|NC_071998.2_cds_XP_054376064.1_49602	47.55	52.45	-0.10424	47.26	3.62	3.97
lcl|NC_071998.2_cds_XP_054376065.1_49603	47.79	52.21	-0.09323	48.11	3.54	3.98
lcl|NC_071998.2_cds_XP_054376070.2_49626	40.20	59.8	0.13124	35.01	3.58	4.16
lcl|NC_071998.2_cds_XP_024107864.3_49648	50.06	49.94	0.00159	60.31	3.78	3.89
lcl|NC_071998.2_cds_XP_024108356.2_49653	40.58	59.42	0.06615	33.23	3.94	4.42
lcl|NC_071998.2_cds_XP_054376128.2_49694	41.69	58.31	0.10047	37.57	3.50	4.28
lcl|NC_071998.2_cds_XP_002819968.4_49707	53.09	46.91	-0.01624	64.71	3.89	3.72
lcl|NC_071998.2_cds_XP_054377040.1_49734	62.73	37.27	0.06027	84.26	4.47	3.19
lcl|NC_071998.2_cds_XP_009242899.3_49749	41.00	59	0.11405	37.90	3.38	4.13
lcl|NC_071998.2_cds_XP_054377041.2_49759	44.17	55.83	0.06730	45.15	3.52	4.06
lcl|NC_071998.2_cds_XP_024108466.1_49769	61.30	38.7	-0.06336	78.92	4.54	3.63
lcl|NC_071998.2_cds_XP_024107772.1_49787	55.54	44.46	-0.01530	72.07	4.04	3.93
lcl|NC_071998.2_cds_NP_001361179.1_49813	46.26	53.74	-0.01515	45.68	3.89	4.12
lcl|NC_071998.2_cds_XP_024108366.3_49858	53.24	46.76	-0.12029	54.14	3.74	3.68
lcl|NC_071998.2_cds_XP_024107624.3_49861	40.11	59.89	0.01784	37.06	3.30	4.19
lcl|NC_071998.2_cds_XP_054376223.2_49899	66.23	33.77	-0.08293	75.28	4.78	3.46
lcl|NC_071998.2_cds_XP_024107690.1_49914	56.54	43.46	-0.03056	61.75	4.28	3.77
lcl|NC_071998.2_cds_XP_024108399.3_49919	58.17	41.83	-0.04623	75.43	4.15	3.62
lcl|NC_071998.2_cds_XP_009242925.3_49937	62.25	37.75	-0.04353	64.60	4.23	3.32
lcl|NC_071998.2_cds_XP_063570363.1_49942	50.80	49.2	0.02062	53.98	3.68	3.93
lcl|NC_071998.2_cds_XP_024108524.3_49968	55.91	44.09	-0.06328	66.97	4.32	3.95
lcl|NC_071998.2_cds_XP_024108181.3_49973	39.65	60.35	0.05366	34.82	3.46	4.25
lcl|NC_071998.2_cds_XP_063570395.1_50029	51.42	48.58	0.07002	66.55	3.78	3.89
lcl|NC_071998.2_cds_NP_001127391.1_50040	43.77	56.23	0.04366	43.59	3.51	4.07
lcl|NC_071998.2_cds_XP_024108367.3_50072	60.67	39.33	0.02306	77.93	4.28	3.61
lcl|NC_071998.2_cds_XP_024108513.1_50074	54.85	45.15	-0.07226	71.87	4.40	3.95
lcl|NC_071998.2_cds_XP_024108248.1_50080	60.95	39.05	0.01850	68.55	4.62	3.94
lcl|NC_071998.2_cds_XP_002820073.4_50085	57.93	42.07	0.00331	52.84	4.11	3.79
lcl|NC_071998.2_cds_XP_002820084.3_50102	48.69	51.31	0.00963	45.87	3.69	3.97
lcl|NC_071998.2_cds_NP_001125045.1_50108	42.54	57.46	0.01095	40.75	3.44	4.40
lcl|NC_071998.2_cds_XP_054376354.1_50133	47.49	52.51	0.16156	51.88	3.47	3.77
lcl|NC_071998.2_cds_XP_009242981.4_50138	51.67	48.33	-0.01618	60.30	4.05	3.76
lcl|NC_071998.2_cds_XP_024108272.3_50145	38.84	61.16	0.13610	33.97	3.47	4.44
lcl|NC_071998.2_cds_XP_054376368.2_50166	50.25	49.75	0.03662	60.56	3.69	3.69
lcl|NC_071998.2_cds_XP_063570404.1_50193	50.56	49.44	-0.07388	58.60	3.83	3.76
lcl|NC_071998.2_cds_NP_001360858.1_50217	45.84	54.16	0.07256	45.99	3.53	4.01
lcl|NC_071998.2_cds_XP_002820124.6_50223	51.55	48.45	-0.00296	57.62	4.52	3.96
lcl|NC_071998.2_cds_XP_024108567.2_50226	53.78	46.22	-0.06474	57.44	4.67	3.98
lcl|NC_071998.2_cds_NP_001360871.1_50230	47.78	52.22	-0.01374	52.84	3.88	4.16
lcl|NC_071998.2_cds_XP_054375555.2_50234	53.06	46.94	0.03311	56.40	3.89	3.70
lcl|NC_071998.2_cds_XP_054376395.2_50262	48.12	51.88	0.02451	45.53	3.71	3.97
lcl|NC_071998.2_cds_XP_054376415.1_50264	49.42	50.58	-0.02504	53.71	3.53	3.80
lcl|NC_071998.2_cds_XP_009243020.3_50284	44.85	55.15	0.05314	41.39	3.55	4.12
lcl|NC_071998.2_cds_XP_054376418.1_50295	36.20	63.8	0.00427	30.11	3.46	4.63
lcl|NC_071998.2_cds_XP_009243041.2_50335	51.47	48.53	-0.00403	51.83	3.83	3.77
lcl|NC_071998.2_cds_XP_002820174.2_50367	59.73	40.27	-0.00714	72.24	4.13	3.44
lcl|NC_071998.2_cds_XP_024108292.2_50406	57.35	42.65	0.00000	73.93	3.96	3.92
lcl|NC_071998.2_cds_XP_024108197.3_50435	64.84	35.16	0.02044	63.08	4.45	3.41
lcl|NC_071998.2_cds_XP_024107837.3_50441	62.51	37.49	-0.07101	66.23	4.15	3.28
lcl|NC_071998.2_cds_XP_054376491.2_50451	64.68	35.32	-0.04200	78.41	4.65	3.54
lcl|NC_071998.2_cds_XP_009243065.4_50479	54.79	45.21	0.01633	61.68	3.87	3.62
lcl|NC_071998.2_cds_XP_024107878.3_50481	56.72	43.28	-0.05199	66.58	4.25	3.62
lcl|NC_071998.2_cds_XP_054376510.2_50482	59.12	40.88	-0.00588	73.25	4.53	3.42
lcl|NC_071998.2_cds_XP_002820202.4_50505	48.08	51.92	0.09297	53.96	3.67	4.02
lcl|NC_071998.2_cds_XP_024108622.3_50525	40.44	59.56	0.04114	36.66	3.48	4.39
lcl|NC_071998.2_cds_XP_054376526.2_50529	43.11	56.89	0.10616	42.80	3.53	4.12
lcl|NC_071998.2_cds_XP_054377047.1_50556	62.72	37.28	-0.04150	81.36	4.57	3.40
lcl|NC_071998.2_cds_XP_024108203.1_50628	44.21	55.79	-0.01834	35.23	3.49	4.01
lcl|NC_071998.2_cds_XP_024107500.1_50639	43.68	56.32	0.09558	43.27	3.59	4.20
lcl|NC_071998.2_cds_XP_024108071.3_50661	67.49	32.51	-0.01994	74.77	4.42	3.23
lcl|NC_071998.2_cds_XP_063570484.1_50666	58.60	41.4	-0.12275	66.98	4.35	3.72
lcl|NC_071998.2_cds_XP_054376559.2_50694	65.81	34.19	-0.00885	77.70	4.58	3.37
lcl|NC_071998.2_cds_XP_054376596.2_50745	45.59	54.41	0.04079	40.86	3.62	4.06
lcl|NC_071998.2_cds_XP_024108048.3_50813	50.08	49.92	0.00371	53.30	3.84	4.13
lcl|NC_071998.2_cds_XP_002820283.2_50848	59.85	40.15	-0.02458	79.21	4.16	3.47
lcl|NC_071998.2_cds_XP_054376652.1_50864	62.35	37.65	-0.07419	76.61	4.31	3.27
lcl|NC_071998.2_cds_XP_009243164.4_50940	60.88	39.12	-0.10526	70.11	4.26	3.45
lcl|NC_071998.2_cds_XP_054377114.1_50967	59.58	40.42	-0.01682	79.19	4.61	3.67
lcl|NC_071998.2_cds_XP_009243176.4_50978	57.16	42.84	0.10547	67.41	4.17	3.68
lcl|NC_071998.2_cds_XP_009243181.4_50999	54.44	45.56	0.09323	67.36	3.90	3.68
lcl|NC_071998.2_cds_XP_054377126.1_51024	53.12	46.88	0.08686	64.49	3.91	3.58
lcl|NC_071998.2_cds_XP_054377127.2_51041	63.45	36.55	-0.00524	75.39	4.38	3.37
lcl|NC_071998.2_cds_XP_054377132.2_51069	59.39	40.61	0.03905	72.64	4.16	3.45
lcl|NC_071998.2_cds_XP_002820329.2_51107	52.31	47.69	-0.01951	59.75	3.82	3.79
lcl|NC_071998.2_cds_NP_001126647.1_51165	60.69	39.31	-0.00962	79.43	4.29	3.31
lcl|NC_071998.2_cds_XP_054376688.1_51195	64.53	35.47	-0.00378	76.55	4.39	3.31
lcl|NC_071998.2_cds_XP_024107872.2_51206	58.41	41.59	-0.00248	69.04	4.13	3.60
lcl|NC_071998.2_cds_XP_002820355.3_51212	64.72	35.28	-0.03595	77.92	4.36	3.26
lcl|NC_071998.2_cds_XP_054376691.1_51214	52.12	47.88	-0.09527	45.53	3.68	3.88
lcl|NC_071998.2_cds_XP_054376701.2_51232	59.09	40.91	0.01515	64.55	4.16	3.56
lcl|NC_071998.2_cds_XP_054376718.2_51281	56.83	43.17	-0.04872	69.46	4.13	3.80
lcl|NC_071998.2_cds_XP_063570570.1_51302	41.17	58.83	0.04742	37.08	3.44	4.24
lcl|NC_071998.2_cds_XP_002820363.6_51307	43.77	56.23	0.13901	43.92	3.72	4.21
lcl|NC_071998.2_cds_XP_024107446.1_51345	50.30	49.7	-0.02958	52.36	3.68	3.82
lcl|NC_071998.2_cds_XP_024108061.2_51359	60.06	39.94	-0.07842	75.68	3.99	3.53
lcl|NC_071998.2_cds_XP_054376775.1_51415	65.15	34.85	0.02875	74.75	4.35	3.42
lcl|NC_071998.2_cds_XP_002820396.4_51432	64.44	35.56	0.03157	82.72	4.49	3.39
lcl|NC_071998.2_cds_XP_054375316.1_51453	56.29	43.71	0.03252	78.15	4.25	3.76
lcl|NC_071998.2_cds_XP_024107613.3_51469	64.29	35.71	0.03182	60.29	4.65	3.41
lcl|NC_071998.2_cds_XP_009243288.3_51478	63.43	36.57	0.05277	71.60	4.42	3.51
lcl|NC_071998.2_cds_XP_063570601.1_51510	62.32	37.68	-0.07399	90.13	4.66	3.48
lcl|NC_071998.2_cds_XP_054376871.2_51517	56.65	43.35	0.02351	67.36	4.16	3.92
lcl|NC_071998.2_cds_XP_054376887.2_51553	65.96	34.04	-0.02239	73.05	4.34	3.36
lcl|NC_071998.2_cds_XP_063570644.1_51573	63.91	36.09	0.00205	72.16	4.27	3.93
lcl|NC_071998.2_cds_XP_024107750.3_51601	57.45	42.55	-0.05066	57.02	4.09	3.84
lcl|NC_071998.2_cds_XP_024108478.3_51609	65.53	34.47	-0.07221	85.57	4.48	3.26
lcl|NC_071998.2_cds_XP_024108562.1_51640	73.76	26.24	-0.12303	88.43	6.18	3.35
lcl|NC_071998.2_cds_XP_063570179.1_51644	66.42	33.58	-0.03782	74.45	4.42	3.47
lcl|NC_071998.2_cds_XP_024108109.1_51672	63.25	36.75	-0.05712	86.49	4.45	3.32
lcl|NC_071998.2_cds_XP_054377232.1_51694	61.44	38.56	-0.02798	85.04	4.44	3.40
lcl|NC_071998.2_cds_XP_024108123.1_51699	62.64	37.36	0.05416	82.96	4.41	3.52
lcl|NC_071998.2_cds_XP_063570656.1_51723	66.70	33.3	0.02106	82.12	4.38	3.26
lcl|NC_071998.2_cds_XP_054377294.1_51772	58.06	41.94	0.00473	69.39	4.22	3.76
lcl|NC_071998.2_cds_XP_054376903.1_51789	60.41	39.59	-0.01183	78.61	4.78	3.59
lcl|NC_071999.2_cds_XP_054385334.2_51819	49.98	50.02	-0.16338	37.99	3.55	4.27
lcl|NC_071999.2_cds_NP_001127262.1_51839	43.75	56.25	0.19115	43.79	3.68	4.39
lcl|NC_071999.2_cds_NP_001127246.1_51857	39.70	60.3	0.02255	32.87	3.42	4.36
lcl|NC_071999.2_cds_XP_054384743.1_51877	38.45	61.55	0.11269	29.86	3.40	4.57
lcl|NC_071999.2_cds_XP_054384768.1_51919	42.30	57.7	0.03010	40.10	3.59	4.19
lcl|NC_071999.2_cds_XP_009246752.3_51923	61.27	38.73	-0.04752	76.07	4.72	3.77
lcl|NC_071999.2_cds_XP_054402056.1_51943	49.81	50.19	-0.16955	36.50	3.55	4.23
lcl|NC_071999.2_cds_XP_054385355.2_51965	38.83	61.17	0.04676	33.30	3.58	4.48
lcl|NC_071999.2_cds_XP_054385362.2_51975	57.74	42.26	0.00792	68.30	4.11	3.69
lcl|NC_071999.2_cds_XP_063570885.1_52026	51.46	48.54	0.00132	65.27	3.81	3.77
lcl|NC_071999.2_cds_XP_054385430.1_52027	38.81	61.19	0.11067	31.51	3.51	4.52
lcl|NC_071999.2_cds_XP_063570826.1_52042	44.82	55.18	-0.00555	43.14	3.59	4.16
lcl|NC_071999.2_cds_XP_054385493.2_52060	51.22	48.78	0.00626	65.48	3.82	3.78
lcl|NC_071999.2_cds_XP_054385415.1_52061	38.91	61.09	0.11089	31.80	3.49	4.51
lcl|NC_071999.2_cds_XP_054385442.1_52084	42.58	57.42	0.07754	39.11	3.54	4.33
lcl|NC_071999.2_cds_XP_063570751.1_52096	44.97	55.03	-0.00599	43.45	3.58	4.11
lcl|NC_071999.2_cds_XP_054384797.1_52131	48.05	51.95	0.05134	55.85	3.79	4.05
lcl|NC_071999.2_cds_XP_024086677.3_52202	43.33	56.67	0.05074	44.36	3.58	4.24
lcl|NC_071999.2_cds_XP_024086664.2_52204	48.31	51.69	0.00544	44.37	4.43	4.17
lcl|NC_071999.2_cds_XP_024086675.1_52209	45.18	54.82	-0.00826	48.99	3.60	4.14
lcl|NC_071999.2_cds_XP_024113350.2_52218	52.87	47.13	0.01873	55.36	3.97	3.76
lcl|NC_071999.2_cds_XP_024086541.3_52239	39.61	60.39	-0.00769	30.62	3.37	4.41
lcl|NC_071999.2_cds_NP_001126639.1_52265	40.94	59.06	0.10521	36.67	3.78	4.33
lcl|NC_071999.2_cds_XP_054384857.1_52273	47.76	52.24	-0.03490	52.19	3.74	4.15
lcl|NC_071999.2_cds_XP_024086835.3_52278	35.82	64.18	0.02751	26.43	3.41	4.56
lcl|NC_071999.2_cds_NP_001361210.1_52286	37.56	62.44	0.09159	31.90	3.37	4.36
lcl|NC_071999.2_cds_XP_054384864.1_52298	39.43	60.57	0.05552	32.77	3.53	4.44
lcl|NC_071999.2_cds_XP_024086695.3_52315	53.77	46.23	-0.05753	64.86	4.43	4.15
lcl|NC_071999.2_cds_XP_024086607.3_52318	53.50	46.5	0.00671	61.76	3.90	3.60
lcl|NC_071999.2_cds_XP_054384878.2_52329	42.95	57.05	0.05550	37.30	3.69	4.23
lcl|NC_071999.2_cds_XP_054384706.1_52403	45.08	54.92	-0.11780	36.98	3.49	3.97
lcl|NC_071999.2_cds_XP_002824225.1_52441	40.86	59.14	0.06433	38.71	3.38	4.39
lcl|NC_071999.2_cds_XP_054384907.1_52445	42.86	57.14	0.02848	43.95	3.38	4.21
lcl|NC_071999.2_cds_XP_024086666.3_52449	50.40	49.6	0.00647	53.71	3.90	3.98
lcl|NC_071999.2_cds_XP_002824239.1_52453	48.56	51.44	-0.29463	35.41	3.71	4.01
lcl|NC_071999.2_cds_XP_054384915.1_52481	37.41	62.59	0.08665	34.78	3.44	4.48
lcl|NC_071999.2_cds_XP_024086681.3_52486	45.91	54.09	0.03142	43.58	3.88	4.04
lcl|NC_071999.2_cds_XP_054384925.1_52487	47.42	52.58	0.06381	46.02	3.80	4.14
lcl|NC_071999.2_cds_XP_002824265.2_52497	39.99	60.01	0.04382	31.76	3.25	4.27
lcl|NC_071999.2_cds_NP_001126956.1_52546	50.64	49.36	-0.08789	39.96	3.89	3.99
lcl|NC_071999.2_cds_XP_024086623.2_52585	45.31	54.69	0.14991	34.22	3.53	3.94
lcl|NC_071999.2_cds_XP_024086805.3_52623	52.55	47.45	-0.00422	53.22	4.80	3.96
lcl|NC_071999.2_cds_XP_002824310.2_52650	39.00	61	-0.01932	33.58	4.00	4.57
lcl|NC_071999.2_cds_XP_024113358.3_52669	43.04	56.96	-0.00775	32.36	3.45	4.23
lcl|NC_071999.2_cds_XP_024113471.1_52740	41.97	58.03	-0.00358	35.59	3.64	4.29
lcl|NC_071999.2_cds_XP_054385034.2_52753	53.36	46.64	0.02158	62.13	3.67	3.80
lcl|NC_071999.2_cds_XP_063570719.1_52761	42.70	57.3	0.14458	39.14	3.76	4.31
lcl|NC_071999.2_cds_NP_001126283.1_52789	53.90	46.1	0.00507	59.72	3.90	3.81
lcl|NC_071999.2_cds_XP_002824355.1_52804	69.03	30.97	-0.00541	82.17	5.26	3.33
lcl|NC_071999.2_cds_XP_054385054.1_52826	58.74	41.26	-0.03914	73.45	4.36	3.63
lcl|NC_071999.2_cds_NP_001361140.1_52832	42.04	57.96	0.08101	40.95	3.77	4.43
lcl|NC_071999.2_cds_XP_024086700.3_52850	48.58	51.42	0.01368	50.16	3.88	4.03
lcl|NC_071999.2_cds_XP_024086682.1_52855	45.56	54.44	-0.01418	45.64	3.64	3.94
lcl|NC_071999.2_cds_XP_003778263.3_52867	40.91	59.09	0.08411	35.77	3.76	4.39
lcl|NC_071999.2_cds_XP_054385088.1_52908	50.60	49.4	-0.01318	56.74	4.11	4.24
lcl|NC_071999.2_cds_XP_054385103.2_52933	45.94	54.06	0.05408	43.86	3.60	4.07
lcl|NC_071999.2_cds_XP_054385110.1_52993	44.14	55.86	0.05116	36.54	3.63	4.22
lcl|NC_071999.2_cds_XP_063570901.1_52998	44.87	55.13	-0.01634	41.55	4.34	4.18
lcl|NC_071999.2_cds_XP_024113361.1_53061	42.66	57.34	0.03884	31.38	3.53	4.28
lcl|NC_071999.2_cds_XP_002824398.3_53075	39.83	60.17	-0.10139	35.99	3.56	4.41
lcl|NC_071999.2_cds_XP_009246995.3_53076	55.61	44.39	-0.08750	71.53	4.65	3.85
lcl|NC_071999.2_cds_XP_024086760.2_53108	44.57	55.43	0.07276	46.68	3.65	4.29
lcl|NC_071999.2_cds_XP_024086603.1_53128	47.85	52.15	0.03354	51.20	4.61	4.19
lcl|NC_071999.2_cds_XP_024086766.1_53132	37.38	62.62	0.09465	32.37	3.60	4.76
lcl|NC_071999.2_cds_XP_054385140.1_53153	43.34	56.66	0.06409	39.78	3.85	4.27
lcl|NC_071999.2_cds_XP_054384650.1_53158	54.66	45.34	-0.00906	68.06	4.25	3.77
lcl|NC_071999.2_cds_XP_054384538.1_53188	47.65	52.35	-0.00324	56.39	3.70	3.98
lcl|NC_071999.2_cds_XP_024086829.1_53246	46.24	53.76	0.04881	53.27	3.64	4.23
lcl|NC_071999.2_cds_XP_054384644.1_53255	42.61	57.39	0.05156	34.18	3.67	4.28
lcl|NC_071999.2_cds_XP_009247041.2_53263	38.05	61.95	0.03351	31.83	3.37	4.31
lcl|NC_071999.2_cds_XP_063571093.1_53289	43.93	56.07	0.10176	39.57	3.57	4.11
lcl|NC_071999.2_cds_XP_024113400.1_53304	37.81	62.19	0.12595	31.39	3.48	4.49
lcl|NC_071999.2_cds_XP_024086652.2_53314	51.46	48.54	-0.04929	58.86	4.57	4.06
lcl|NC_071999.2_cds_XP_024086711.3_53324	72.61	27.39	-0.08998	91.17	5.96	3.42
lcl|NC_071999.2_cds_XP_024086740.3_53325	59.98	40.02	0.10749	44.67	4.17	3.67
lcl|NC_071999.2_cds_XP_024086739.1_53326	63.11	36.89	0.08541	54.64	4.37	3.47
lcl|NC_071999.2_cds_XP_054385227.1_53360	50.68	49.32	-0.01163	58.45	3.97	3.97
lcl|NC_071999.2_cds_NP_001361084.1_53402	48.57	51.43	0.03401	52.31	3.79	4.22
lcl|NC_071999.2_cds_XP_024086816.3_53403	52.19	47.81	0.01820	67.48	3.88	4.15
lcl|NC_071999.2_cds_XP_054385247.2_53413	59.26	40.74	0.04940	77.37	4.26	3.75
lcl|NC_071999.2_cds_XP_054385274.2_53447	62.49	37.51	0.06471	68.03	4.16	3.69
lcl|NC_071999.2_cds_XP_054385293.1_53488	55.77	44.23	0.00931	77.60	4.07	3.95
lcl|NC_072000.2_cds_XP_063571427.1_53567	49.54	50.46	0.04139	53.95	3.63	4.07
lcl|NC_072000.2_cds_XP_063571477.1_53581	49.79	50.21	0.03024	53.33	3.67	4.06
lcl|NC_072000.2_cds_XP_063571500.1_53621	56.06	43.94	0.01167	61.32	3.84	3.62
lcl|NC_072000.2_cds_XP_063571524.1_53678	62.22	37.78	0.03342	63.49	4.24	3.37
lcl|NC_072000.2_cds_XP_063571577.1_53717	48.46	51.54	0.03153	50.66	3.83	3.82
lcl|NC_072000.2_cds_XP_063571568.1_53724	43.67	56.33	0.15368	47.14	3.48	4.07
lcl|NC_072000.2_cds_XP_063571542.1_53741	49.15	50.85	0.01650	48.46	3.71	3.96
lcl|NC_072000.2_cds_XP_063571569.1_53753	57.99	42.01	-0.04950	58.85	3.85	3.56
lcl|NC_072000.2_cds_XP_024087283.2_53862	53.72	46.28	0.07084	50.70	3.99	3.68
lcl|NC_072000.2_cds_XP_024087214.3_53907	57.65	42.35	0.09866	82.53	4.10	3.50
lcl|NC_072000.2_cds_XP_024087215.1_53908	57.32	42.68	0.09823	81.25	4.01	3.54
lcl|NC_072000.2_cds_XP_063571601.1_53912	59.99	40.01	-0.13330	62.38	4.11	3.46
lcl|NC_072000.2_cds_XP_009234456.3_53916	58.15	41.85	-0.05098	67.05	4.04	3.43
lcl|NC_072000.2_cds_XP_054385872.1_53931	61.09	38.91	-0.04762	72.36	4.30	3.26
lcl|NC_072000.2_cds_XP_024087178.2_53973	59.99	40.01	-0.01191	67.01	4.17	3.76
lcl|NC_072000.2_cds_XP_009247220.2_53990	59.77	40.23	-0.00515	70.54	4.11	3.51
lcl|NC_072000.2_cds_XP_009247256.3_54033	59.18	40.82	-0.05225	75.51	4.23	3.51
lcl|NC_072000.2_cds_XP_054385908.2_54036	63.14	36.86	-0.06565	65.18	4.34	3.34
lcl|NC_072000.2_cds_XP_002824664.4_54042	59.21	40.79	-0.01275	69.25	4.07	3.58
lcl|NC_072000.2_cds_XP_063571619.1_54079	48.51	51.49	0.02595	50.70	4.17	4.11
lcl|NC_072000.2_cds_XP_024087369.1_54114	42.51	57.49	0.10931	31.37	3.43	4.12
lcl|NC_072000.2_cds_XP_063571887.1_54134	43.48	56.52	0.02088	33.85	3.55	4.07
lcl|NC_072000.2_cds_XP_002824702.2_54144	37.33	62.67	0.03862	28.61	3.45	4.49
lcl|NC_072000.2_cds_XP_054385963.2_54151	44.41	55.59	0.03816	42.52	3.44	3.94
lcl|NC_072000.2_cds_XP_054385968.1_54157	59.50	40.5	-0.03864	74.24	5.17	3.98
lcl|NC_072000.2_cds_XP_054385986.1_54183	40.64	59.36	0.10078	31.06	3.50	4.28
lcl|NC_072000.2_cds_XP_054386005.1_54218	40.82	59.18	-0.00946	32.32	3.41	4.36
lcl|NC_072000.2_cds_XP_054386032.2_54260	42.43	57.57	0.02831	40.75	4.10	4.56
lcl|NC_072000.2_cds_NP_001128150.1_54271	38.88	61.12	0.08125	26.87	3.44	4.26
lcl|NC_072000.2_cds_XP_024087548.3_54298	47.72	52.28	-0.04613	29.01	3.73	4.11
lcl|NC_072000.2_cds_XP_054386040.1_54307	43.15	56.85	0.02785	34.93	3.79	4.31
lcl|NC_072000.2_cds_XP_024087786.2_54321	37.51	62.49	0.07626	30.33	3.56	4.56
lcl|NC_072000.2_cds_XP_024087691.2_54324	35.83	64.17	0.03612	29.39	3.33	4.62
lcl|NC_072000.2_cds_XP_024087422.3_54330	44.87	55.13	0.07748	39.28	3.88	4.29
lcl|NC_072000.2_cds_XP_003778340.4_54344	58.19	41.81	0.02915	64.14	5.29	3.97
lcl|NC_072000.2_cds_XP_063571906.1_54355	38.81	61.19	0.13421	32.61	3.61	4.21
lcl|NC_072000.2_cds_XP_002824770.1_54366	40.16	59.84	-0.00623	31.88	3.55	4.47
lcl|NC_072000.2_cds_XP_054386629.1_54394	40.72	59.28	0.00189	34.06	3.58	4.26
lcl|NC_072000.2_cds_XP_054386621.1_54406	46.09	53.91	0.15022	50.49	3.56	4.07
lcl|NC_072000.2_cds_XP_002824778.1_54414	49.25	50.75	0.03272	60.85	3.87	3.98
lcl|NC_072000.2_cds_XP_063571644.1_54419	58.31	41.69	-0.05852	71.32	4.53	3.67
lcl|NC_072000.2_cds_XP_063571914.1_54448	54.87	45.13	-0.07659	57.98	4.00	3.64
lcl|NC_072000.2_cds_XP_024087695.3_54482	49.96	50.04	0.03116	50.32	4.59	4.35
lcl|NC_072000.2_cds_XP_002824807.3_54502	40.60	59.4	0.10982	30.65	3.39	4.38
lcl|NC_072000.2_cds_XP_002824811.3_54510	38.41	61.59	0.07992	28.34	3.34	4.42
lcl|NC_072000.2_cds_XP_054386111.2_54525	38.58	61.42	0.18080	35.71	3.25	4.27
lcl|NC_072000.2_cds_XP_009247394.3_54602	38.63	61.37	0.18433	29.89	3.51	4.39
lcl|NC_072000.2_cds_XP_024087652.3_54616	41.42	58.58	0.01158	31.27	3.66	4.17
lcl|NC_072000.2_cds_XP_002824846.3_54629	59.27	40.73	0.03356	68.26	4.76	3.70
lcl|NC_072000.2_cds_XP_054386666.1_54632	44.15	55.85	0.03989	44.67	3.79	4.05
lcl|NC_072000.2_cds_XP_024087629.3_54652	36.16	63.84	0.02096	33.78	3.23	4.60
lcl|NC_072000.2_cds_XP_024087195.3_54663	39.62	60.38	0.04635	34.96	3.43	4.23
lcl|NC_072000.2_cds_XP_054385806.2_54707	40.19	59.81	-0.00195	31.96	3.40	4.25
lcl|NC_072000.2_cds_XP_024087552.1_54719	46.17	53.83	0.02920	51.67	3.75	4.12
lcl|NC_072000.2_cds_XP_054386162.2_54739	42.55	57.45	0.08116	45.48	3.56	4.31
lcl|NC_072000.2_cds_XP_054385762.2_54753	48.98	51.02	0.06206	49.84	3.99	3.93
lcl|NC_072000.2_cds_XP_054386190.2_54785	61.64	38.36	0.02028	74.71	4.35	3.48
lcl|NC_072000.2_cds_XP_054386189.2_54790	58.85	41.15	0.09290	77.72	4.07	3.45
lcl|NC_072000.2_cds_XP_054385705.1_54822	47.36	52.64	0.01097	40.05	3.59	3.78
lcl|NC_072000.2_cds_XP_024087790.2_54873	57.14	42.86	-0.00256	66.89	3.75	3.49
lcl|NC_072000.2_cds_XP_024087669.3_54887	53.77	46.23	-0.02703	59.51	3.76	3.53
lcl|NC_072000.2_cds_XP_063571664.1_54918	57.28	42.72	-0.02994	76.15	4.18	3.53
lcl|NC_072000.2_cds_XP_009247467.3_54921	53.98	46.02	-0.05828	58.22	3.87	3.69
lcl|NC_072000.2_cds_XP_024087433.1_54961	51.84	48.16	0.05997	61.93	3.71	3.73
lcl|NC_072000.2_cds_XP_054386246.1_54993	59.73	40.27	-0.01854	70.19	4.31	3.54
lcl|NC_072000.2_cds_XP_054386250.2_54994	46.33	53.67	-0.00276	42.74	3.60	4.00
lcl|NC_072000.2_cds_XP_054386275.1_55011	50.23	49.77	-0.02279	54.07	3.64	3.84
lcl|NC_072000.2_cds_XP_024087388.1_55066	44.08	55.92	0.19355	34.95	3.57	4.08
lcl|NC_072000.2_cds_XP_054386768.2_55079	64.62	35.38	-0.00850	72.73	4.26	3.28
lcl|NC_072000.2_cds_XP_024087747.3_55142	51.22	48.78	-0.01901	57.84	3.74	3.66
lcl|NC_072000.2_cds_XP_063571976.1_55159	60.40	39.6	-0.03094	68.17	4.10	3.69
lcl|NC_072000.2_cds_XP_024087714.3_55224	64.01	35.99	-0.01229	73.65	4.52	3.45
lcl|NC_072000.2_cds_XP_024087234.2_55238	50.69	49.31	-0.03093	40.61	4.15	3.85
lcl|NC_072000.2_cds_XP_024086908.3_55263	40.61	59.39	0.09780	36.36	3.41	4.32
lcl|NC_072000.2_cds_XP_024087635.1_55278	50.47	49.53	0.09321	52.02	4.03	3.96
lcl|NC_072000.2_cds_XP_054385726.2_55323	47.44	52.56	-0.05094	46.60	3.70	3.99
lcl|NC_072000.2_cds_XP_054386869.2_55400	57.15	42.85	-0.04895	69.42	4.38	3.62
lcl|NC_072000.2_cds_XP_054385646.2_55435	52.78	47.22	-0.01949	63.09	3.82	3.73
lcl|NC_072000.2_cds_XP_054386291.2_55485	44.18	55.82	0.14956	43.47	3.49	3.92
lcl|NC_072000.2_cds_XP_054386305.2_55508	52.92	47.08	-0.08044	59.71	3.71	3.60
lcl|NC_072000.2_cds_XP_024087451.1_55544	54.89	45.11	-0.02222	64.26	4.35	4.01
lcl|NC_072000.2_cds_XP_054386325.2_55564	42.17	57.83	0.16147	34.52	3.71	4.31
lcl|NC_072000.2_cds_XP_024087726.3_55626	50.62	49.38	0.09214	57.94	3.63	3.91
lcl|NC_072000.2_cds_XP_054386384.1_55634	54.61	45.39	-0.06738	61.31	4.01	3.70
lcl|NC_072000.2_cds_XP_024087063.2_55640	46.93	53.07	0.09178	46.18	4.08	4.35
lcl|NC_072000.2_cds_XP_054386386.1_55672	60.54	39.46	0.03609	78.71	4.29	3.69
lcl|NC_072000.2_cds_XP_024087638.3_55676	40.21	59.79	0.07356	36.69	3.59	4.59
lcl|NC_072000.2_cds_XP_024087702.3_55677	38.43	61.57	0.02340	34.08	3.36	4.26
lcl|NC_072000.2_cds_XP_024087120.3_55697	37.85	62.15	0.12811	32.78	3.47	4.34
lcl|NC_072000.2_cds_XP_002825085.4_55710	62.78	37.22	-0.08993	78.50	4.56	3.39
lcl|NC_072000.2_cds_XP_024087305.2_55733	46.61	53.39	-0.04096	40.79	3.61	4.23
lcl|NC_072000.2_cds_XP_054386404.2_55744	48.05	51.95	-0.03337	51.27	3.70	3.89
lcl|NC_072000.2_cds_NP_001125038.1_55779	49.53	50.47	0.05790	53.26	3.57	3.88
lcl|NC_072000.2_cds_XP_002825109.2_55787	39.74	60.26	-0.01344	34.44	3.70	4.37
lcl|NC_072000.2_cds_XP_024087398.1_55826	42.80	57.2	0.03524	40.30	3.66	4.24
lcl|NC_072000.2_cds_XP_054386453.2_55836	48.90	51.1	0.00198	53.68	3.58	4.01
lcl|NC_072000.2_cds_XP_024087677.3_55839	60.49	39.51	0.09545	78.15	4.10	3.49
lcl|NC_072000.2_cds_XP_024087600.3_55858	43.50	56.5	0.01216	37.81	3.60	4.19
lcl|NC_072000.2_cds_XP_024087832.1_55884	68.57	31.43	-0.03748	89.61	5.40	3.68
lcl|NC_072000.2_cds_XP_054386484.1_55903	49.46	50.54	0.02663	52.57	3.59	3.70
lcl|NC_072000.2_cds_XP_054386520.1_55935	58.41	41.59	-0.09106	72.35	4.06	3.34
lcl|NC_072000.2_cds_XP_024087564.3_55951	51.27	48.73	0.06198	62.21	3.83	3.82
lcl|NC_072000.2_cds_XP_024087229.3_55999	56.82	43.18	0.05283	56.96	4.40	4.01
lcl|NC_072000.2_cds_XP_024087231.2_56005	55.71	44.29	0.04407	63.53	4.04	3.85
lcl|NC_072000.2_cds_XP_054386891.1_56023	53.84	46.16	0.06549	64.38	3.92	3.95
lcl|NC_072000.2_cds_XP_024087270.2_56075	54.54	45.46	-0.04538	58.02	4.03	4.10
lcl|NC_072000.2_cds_XP_024087447.2_56078	47.05	52.95	0.07582	50.33	4.06	4.25
lcl|NC_072000.2_cds_XP_054386556.2_56082	70.25	29.75	-0.02626	79.53	4.96	3.50
lcl|NC_072000.2_cds_XP_063571823.1_56092	65.48	34.52	-0.05183	80.43	4.43	3.37
lcl|NC_072000.2_cds_XP_024087313.3_56106	66.94	33.06	-0.02787	78.62	4.68	3.28
lcl|NC_072000.2_cds_XP_024087310.3_56112	58.83	41.17	0.04826	69.59	4.25	3.66
lcl|NC_072000.2_cds_XP_024087317.1_56125	66.05	33.95	0.02566	82.89	4.78	3.62
lcl|NC_072000.2_cds_XP_063571829.1_56145	62.39	37.61	-0.04374	84.73	4.31	3.47
lcl|NC_072001.2_cds_XP_009247872.1_56265	44.25	55.75	0.06755	46.00	3.75	4.21
lcl|NC_072001.2_cds_XP_054387932.1_56271	54.00	46	0.00757	72.39	4.07	3.87
lcl|NC_072001.2_cds_XP_054387987.1_56337	58.48	41.52	-0.12010	74.89	3.80	3.69
lcl|NC_072001.2_cds_XP_054388044.1_56452	55.49	44.51	0.38351	80.31	3.86	3.86
lcl|NC_072001.2_cds_XP_063572592.1_56496	56.23	43.77	0.14926	77.07	3.73	3.66
lcl|NC_072001.2_cds_XP_054388149.1_56691	57.11	42.89	-0.01646	75.09	3.70	3.69
lcl|NC_072001.2_cds_XP_054388398.1_56745	53.83	46.17	0.06829	58.99	3.99	3.87
lcl|NC_072001.2_cds_NP_001124965.2_56751	54.95	45.05	0.02097	64.84	4.11	3.94
lcl|NC_072001.2_cds_XP_054387329.1_56764	57.48	42.52	-0.02050	73.07	4.08	3.72
lcl|NC_072001.2_cds_XP_054387247.1_56774	39.35	60.65	0.11412	36.87	3.43	4.32
lcl|NC_072001.2_cds_XP_002825257.3_56790	55.07	44.93	-0.19476	51.73	4.08	3.97
lcl|NC_072001.2_cds_XP_009247884.3_56792	63.67	36.33	-0.15669	65.37	4.44	3.83
lcl|NC_072001.2_cds_XP_054388435.1_56812	46.17	53.83	-0.03141	36.57	3.75	4.06
lcl|NC_072001.2_cds_XP_009247907.2_56844	47.25	52.75	0.06168	48.53	3.84	4.13
lcl|NC_072001.2_cds_XP_063572180.1_56859	49.47	50.53	0.03701	57.91	3.81	3.87
lcl|NC_072001.2_cds_XP_054388463.1_56863	66.17	33.83	0.04292	81.58	5.35	3.62
lcl|NC_072001.2_cds_XP_024088514.2_56906	38.84	61.16	0.07383	29.62	3.60	4.30
lcl|NC_072001.2_cds_XP_024088370.2_56913	51.18	48.82	-0.01920	52.70	3.89	3.94
lcl|NC_072001.2_cds_XP_024088408.2_56924	50.09	49.91	0.04349	59.64	3.78	3.83
lcl|NC_072001.2_cds_XP_009247932.3_56959	48.05	51.95	0.01145	51.61	3.74	3.89
lcl|NC_072001.2_cds_XP_024088571.2_56965	54.99	45.01	0.02478	50.52	3.89	3.54
lcl|NC_072001.2_cds_XP_024088185.1_56986	41.66	58.34	-0.00054	38.29	3.55	4.21
lcl|NC_072001.2_cds_XP_054387347.1_57018	49.49	50.51	-0.02355	55.83	3.66	3.72
lcl|NC_072001.2_cds_XP_063572644.1_57023	53.87	46.13	0.01165	63.26	3.87	3.54
lcl|NC_072001.2_cds_XP_024088044.1_57031	47.64	52.36	0.03902	51.27	4.06	4.09
lcl|NC_072001.2_cds_XP_054387355.1_57041	43.47	56.53	0.04866	39.20	3.47	4.13
lcl|NC_072001.2_cds_XP_024088255.2_57050	57.70	42.3	0.03361	76.14	4.29	3.56
lcl|NC_072001.2_cds_XP_002825348.3_57060	64.60	35.4	-0.10408	77.19	4.39	3.37
lcl|NC_072001.2_cds_XP_024088545.2_57085	37.25	62.75	0.04287	32.28	3.35	4.40
lcl|NC_072001.2_cds_XP_002825363.1_57107	61.26	38.74	0.00223	75.26	4.29	3.38
lcl|NC_072001.2_cds_XP_024088485.1_57111	47.81	52.19	0.03717	50.74	3.66	3.93
lcl|NC_072001.2_cds_XP_054388582.1_57142	64.23	35.77	0.05003	73.40	4.81	3.49
lcl|NC_072001.2_cds_XP_009248015.2_57143	60.16	39.84	-0.06200	65.42	3.92	3.44
lcl|NC_072001.2_cds_NP_001361197.1_57152	59.18	40.82	0.02781	67.79	4.07	3.48
lcl|NC_072001.2_cds_XP_024088114.2_57153	44.12	55.88	0.02713	37.58	3.46	3.96
lcl|NC_072001.2_cds_XP_054388600.1_57173	58.06	41.94	-0.02389	64.86	3.94	3.61
lcl|NC_072001.2_cds_XP_009248031.3_57177	64.39	35.61	0.08737	79.25	4.23	3.35
lcl|NC_072001.2_cds_XP_002825388.3_57182	59.73	40.27	-0.00591	73.65	3.98	3.35
lcl|NC_072001.2_cds_XP_054387080.1_57185	49.28	50.72	-0.00603	60.42	3.60	3.73
lcl|NC_072001.2_cds_XP_054388607.1_57191	46.05	53.95	0.03956	47.21	3.45	4.02
lcl|NC_072001.2_cds_XP_024088262.2_57208	44.89	55.11	0.02804	39.49	3.55	4.09
lcl|NC_072001.2_cds_XP_054388624.1_57218	51.80	48.2	-0.00602	52.07	3.63	3.78
lcl|NC_072001.2_cds_XP_054388645.1_57233	61.25	38.75	0.00220	68.80	4.40	3.54
lcl|NC_072001.2_cds_XP_054388635.1_57238	47.66	52.34	-0.00486	43.36	3.49	3.94
lcl|NC_072001.2_cds_XP_024088467.2_57245	41.81	58.19	0.06333	38.74	3.39	4.21
lcl|NC_072001.2_cds_XP_002825417.2_57280	50.37	49.63	0.10939	49.59	3.69	3.81
lcl|NC_072001.2_cds_XP_054388668.1_57298	48.50	51.5	0.06630	43.06	3.60	3.75
lcl|NC_072001.2_cds_XP_002825420.4_57303	56.03	43.97	-0.01409	56.81	3.94	3.51
lcl|NC_072001.2_cds_XP_054388698.1_57329	53.01	46.99	0.01307	56.54	3.63	3.66
lcl|NC_072001.2_cds_XP_054388711.1_57345	59.37	40.63	-0.04373	62.13	3.93	3.57
lcl|NC_072001.2_cds_XP_063572696.1_57352	51.28	48.72	0.04067	54.05	3.61	3.63
lcl|NC_072001.2_cds_XP_024088122.2_57389	44.39	55.61	0.01935	47.79	3.75	4.31
lcl|NC_072001.2_cds_XP_024088251.1_57410	58.88	41.12	-0.03099	75.08	4.14	3.57
lcl|NC_072001.2_cds_XP_024088573.2_57414	60.14	39.86	-0.03929	78.29	4.25	3.48
lcl|NC_072001.2_cds_XP_024087948.1_57453	46.34	53.66	-0.08273	45.72	3.56	4.02
lcl|NC_072001.2_cds_XP_002825462.2_57476	44.70	55.3	0.06712	46.36	3.61	4.04
lcl|NC_072001.2_cds_XP_024088047.1_57481	49.01	50.99	0.07791	48.75	3.72	3.79
lcl|NC_072001.2_cds_XP_054387401.1_57498	40.68	59.32	0.12452	36.82	3.52	4.29
lcl|NC_072001.2_cds_XP_002825471.1_57516	43.22	56.78	0.01190	36.12	3.44	4.18
lcl|NC_072001.2_cds_XP_054386995.1_57548	41.69	58.31	0.06702	43.50	3.47	4.37
lcl|NC_072001.2_cds_XP_002825492.4_57568	40.78	59.22	0.04310	33.60	3.44	4.25
lcl|NC_072001.2_cds_XP_054387441.1_57579	38.34	61.66	0.05855	31.12	3.39	4.41
lcl|NC_072001.2_cds_XP_002825494.2_57583	39.54	60.46	0.05481	34.53	3.67	4.36
lcl|NC_072001.2_cds_XP_054387447.1_57600	41.15	58.85	0.02910	31.65	3.45	4.22
lcl|NC_072001.2_cds_XP_024088292.2_57633	45.53	54.47	0.06174	54.04	3.62	4.05
lcl|NC_072001.2_cds_XP_024088286.2_57639	45.99	54.01	0.03975	52.08	3.68	3.95
lcl|NC_072001.2_cds_XP_024088437.2_57658	38.84	61.16	-0.02296	31.83	3.64	4.34
lcl|NC_072001.2_cds_XP_054387263.1_57665	42.10	57.9	0.08356	40.14	3.47	4.34
lcl|NC_072001.2_cds_XP_063572234.1_57666	41.40	58.6	0.08052	38.71	3.49	4.17
lcl|NC_072001.2_cds_XP_054387481.1_57703	38.77	61.23	0.14228	33.45	3.34	4.28
lcl|NC_072001.2_cds_XP_002825526.4_57718	46.05	53.95	-0.03145	41.62	3.64	4.13
lcl|NC_072001.2_cds_XP_024088432.1_57723	41.11	58.89	0.01351	33.71	3.37	4.26
lcl|NC_072001.2_cds_XP_054387508.1_57725	45.49	54.51	-0.11535	39.08	3.61	3.88
lcl|NC_072001.2_cds_XP_054387518.2_57739	38.70	61.3	-0.04707	30.11	3.58	4.41
lcl|NC_072001.2_cds_XP_054387536.1_57768	51.70	48.3	0.12945	60.31	3.77	3.85
lcl|NC_072001.2_cds_XP_024088155.1_57797	44.86	55.14	0.20747	34.59	3.70	4.09
lcl|NC_072001.2_cds_XP_024087870.1_57798	46.35	53.65	-0.07736	34.16	3.70	3.87
lcl|NC_072001.2_cds_XP_024088126.1_57814	48.54	51.46	0.05015	58.61	3.88	4.12
lcl|NC_072001.2_cds_NP_001361181.1_57829	38.39	61.61	0.01060	29.70	3.50	4.66
lcl|NC_072001.2_cds_XP_054387555.1_57843	39.57	60.43	0.07358	35.34	3.43	4.42
lcl|NC_072001.2_cds_XP_024088193.1_57854	55.09	44.91	0.03355	61.97	3.82	3.64
lcl|NC_072001.2_cds_XP_054388730.1_57920	47.27	52.73	0.08671	41.08	3.55	3.92
lcl|NC_072001.2_cds_XP_002825605.2_57956	53.64	46.36	-0.00352	55.95	3.86	3.66
lcl|NC_072001.2_cds_XP_024088322.2_57991	56.11	43.89	0.02788	66.98	3.83	3.53
lcl|NC_072001.2_cds_XP_063572243.1_58002	63.33	36.67	-0.03663	73.84	4.44	3.47
lcl|NC_072001.2_cds_XP_024088337.1_58008	41.11	58.89	0.07761	35.31	3.54	4.40
lcl|NC_072001.2_cds_XP_024088459.2_58019	51.51	48.49	0.02017	56.74	3.66	3.72
lcl|NC_072001.2_cds_XP_024088458.2_58028	39.95	60.05	0.01006	31.66	3.59	4.29
lcl|NC_072001.2_cds_XP_054388793.1_58037	60.21	39.79	-0.05968	68.97	4.01	3.57
lcl|NC_072001.2_cds_NP_001126723.1_58042	46.16	53.84	0.05133	47.39	3.68	4.07
lcl|NC_072001.2_cds_XP_054387568.1_58094	44.64	55.36	-0.03989	47.05	3.55	4.20
lcl|NC_072001.2_cds_XP_054387591.1_58125	66.70	33.3	-0.00777	75.13	5.44	3.66
lcl|NC_072001.2_cds_XP_024088092.2_58140	56.46	43.54	-0.02383	75.11	3.94	3.58
lcl|NC_072001.2_cds_XP_024088354.1_58157	42.74	57.26	0.09440	38.15	3.36	4.06
lcl|NC_072001.2_cds_XP_002825660.4_58180	39.49	60.51	0.17549	38.97	3.74	4.36
lcl|NC_072001.2_cds_XP_024088241.3_58198	59.43	40.57	0.02700	70.73	4.30	3.48
lcl|NC_072001.2_cds_XP_024088216.3_58212	42.53	57.47	0.03891	40.39	3.58	4.20
lcl|NC_072001.2_cds_XP_054387621.2_58277	48.22	51.78	-0.05410	44.74	3.75	4.10
lcl|NC_072001.2_cds_XP_024088384.1_58296	65.59	34.41	-0.12611	81.41	4.81	3.54
lcl|NC_072001.2_cds_XP_024088249.2_58322	64.40	35.6	-0.04103	80.18	4.55	3.27
lcl|NC_072001.2_cds_XP_054388857.2_58337	65.55	34.45	0.01814	74.80	4.71	3.54
lcl|NC_072001.2_cds_XP_054388894.1_58424	63.62	36.38	-0.14770	65.90	4.07	3.43
lcl|NC_072001.2_cds_XP_054387190.2_58470	61.39	38.61	-0.01310	73.28	4.06	3.39
lcl|NC_072001.2_cds_XP_024088645.1_58471	48.67	51.33	0.00860	51.02	3.73	4.00
lcl|NC_072001.2_cds_XP_009248321.3_58493	63.98	36.02	-0.04328	74.21	4.24	3.37
lcl|NC_072001.2_cds_XP_063572057.1_58533	43.59	56.41	0.05789	37.99	3.59	4.14
lcl|NC_072001.2_cds_NP_001127216.2_58559	47.75	52.25	-0.04952	46.17	3.61	3.89
lcl|NC_072001.2_cds_XP_054403028.1_58626	53.24	46.76	0.05722	63.76	4.37	4.06
lcl|NC_072001.2_cds_XP_024088351.1_58651	40.59	59.41	0.08936	29.74	3.42	4.30
lcl|NC_072001.2_cds_XP_054387675.1_58681	66.05	33.95	-0.04577	77.21	4.54	3.33
lcl|NC_072001.2_cds_XP_024088317.2_58685	54.45	45.55	-0.05791	73.93	3.94	3.91
lcl|NC_072001.2_cds_XP_054387681.1_58689	52.09	47.91	-0.05513	64.67	3.80	3.98
lcl|NC_072001.2_cds_XP_063572336.1_58732	52.40	47.6	0.01596	64.74	3.88	3.75
lcl|NC_072001.2_cds_XP_002825796.4_58743	55.05	44.95	-0.05836	58.19	3.78	3.71
lcl|NC_072001.2_cds_XP_002825798.1_58747	51.24	48.76	-0.03123	61.68	3.71	3.96
lcl|NC_072001.2_cds_NP_001125853.2_58749	44.93	55.07	0.07478	42.02	3.57	4.20
lcl|NC_072001.2_cds_XP_054387704.1_58781	50.29	49.71	0.05202	50.23	3.74	3.98
lcl|NC_072001.2_cds_XP_003778553.3_58798	51.42	48.58	-0.04886	58.19	3.89	3.75
lcl|NC_072001.2_cds_XP_054387742.1_58822	57.49	42.51	0.00206	70.52	4.10	3.60
lcl|NC_072001.2_cds_XP_003780094.3_58843	61.45	38.55	0.05815	67.08	4.31	3.38
lcl|NC_072001.2_cds_XP_024088052.1_58847	57.12	42.88	-0.07685	64.75	3.95	3.61
lcl|NC_072001.2_cds_XP_054387773.1_58874	48.95	51.05	0.07306	47.86	3.71	3.80
lcl|NC_072001.2_cds_XP_002825827.2_58886	54.21	45.79	-0.02635	70.12	3.78	3.73
lcl|NC_072001.2_cds_XP_054387797.1_58909	57.29	42.71	0.01011	54.71	4.05	3.52
lcl|NC_072001.2_cds_XP_002825846.3_58927	43.06	56.94	0.05183	45.45	3.45	4.03
lcl|NC_072001.2_cds_XP_024088182.2_58934	60.45	39.55	0.03872	73.45	4.35	3.60
lcl|NC_072001.2_cds_XP_024088397.2_58950	51.38	48.62	-0.03797	50.94	4.01	3.95
lcl|NC_072001.2_cds_XP_024088400.2_58958	65.87	34.13	0.10090	83.56	4.83	3.33
lcl|NC_072001.2_cds_XP_024088297.1_58971	56.61	43.39	-0.08273	80.27	4.05	3.72
lcl|NC_072001.2_cds_XP_063572377.1_58984	62.35	37.65	-0.04860	77.05	4.49	3.45
lcl|NC_072001.2_cds_XP_009248429.3_58998	45.88	54.12	0.06135	51.27	3.59	4.14
lcl|NC_072001.2_cds_XP_024088576.2_59003	39.87	60.13	0.01887	34.84	3.47	4.36
lcl|NC_072001.2_cds_XP_009248431.1_59014	61.99	38.01	0.06436	79.40	4.17	3.13
lcl|NC_072001.2_cds_XP_054387860.1_59016	58.95	41.05	-0.05757	74.30	4.05	3.41
lcl|NC_072001.2_cds_NP_001127383.1_59027	58.85	41.15	0.10475	73.76	4.25	3.51
lcl|NC_072001.2_cds_XP_024087962.1_59069	45.78	54.22	0.11779	47.12	3.59	4.18
lcl|NC_072001.2_cds_XP_002825913.1_59075	45.28	54.72	0.05695	51.88	3.70	4.27
lcl|NC_072001.2_cds_XP_009248462.2_59084	54.78	45.22	-0.00712	71.35	4.09	3.73
lcl|NC_072001.2_cds_XP_002825920.4_59090	57.26	42.74	0.14424	61.75	4.50	3.67
lcl|NC_072001.2_cds_XP_024088677.2_59198	61.98	38.02	0.01724	74.71	4.78	3.77
lcl|NC_072001.2_cds_XP_024088173.2_59209	57.19	42.81	-0.01995	73.41	4.05	3.94
lcl|NC_072001.2_cds_XP_024088526.2_59220	59.14	40.86	0.02909	70.04	4.69	3.90
lcl|NC_072002.2_cds_XP_024091598.3_59274	42.63	57.37	0.03142	35.26	3.48	4.28
lcl|NC_072002.2_cds_XP_063572903.1_59312	48.59	51.41	0.12020	47.56	4.13	4.01
lcl|NC_072002.2_cds_XP_054394138.2_59331	47.03	52.97	0.02497	57.34	3.63	4.31
lcl|NC_072002.2_cds_XP_054393600.2_59351	39.18	60.82	0.15107	36.71	3.67	4.35
lcl|NC_072002.2_cds_XP_024091562.1_59367	45.78	54.22	0.05666	44.06	3.60	4.23
lcl|NC_072002.2_cds_XP_024091698.1_59404	35.97	64.03	0.04313	26.81	3.28	4.45
lcl|NC_072002.2_cds_XP_024091623.2_59420	63.85	36.15	0.02335	76.19	4.81	3.64
lcl|NC_072002.2_cds_XP_054393514.1_59430	49.68	50.32	0.00090	54.38	3.87	3.92
lcl|NC_072002.2_cds_XP_054393641.2_59438	51.09	48.91	0.03885	55.21	3.79	3.91
lcl|NC_072002.2_cds_XP_054393482.2_59460	49.25	50.75	0.07859	51.85	3.96	4.01
lcl|NC_072002.2_cds_XP_054393654.1_59492	59.00	41	-0.06759	73.31	4.32	3.84
lcl|NC_072002.2_cds_XP_054393669.2_59513	49.21	50.79	0.07177	52.14	3.83	4.00
lcl|NC_072002.2_cds_XP_054393675.1_59521	48.61	51.39	-0.00734	51.18	3.75	3.89
lcl|NC_072002.2_cds_XP_054393674.2_59524	56.46	43.54	0.03531	63.02	4.60	3.83
lcl|NC_072002.2_cds_XP_063573057.1_59527	38.83	61.17	0.10047	29.28	3.75	4.59
lcl|NC_072002.2_cds_XP_024091694.1_59558	37.59	62.41	0.18455	33.28	3.36	4.37
lcl|NC_072002.2_cds_XP_054394156.1_59560	49.64	50.36	-0.02456	54.39	3.82	3.92
lcl|NC_072002.2_cds_XP_024091880.1_59578	37.37	62.63	0.06032	30.49	3.16	4.55
lcl|NC_072002.2_cds_XP_024091667.1_59587	45.91	54.09	0.16222	38.03	3.71	3.91
lcl|NC_072002.2_cds_XP_024091552.2_59594	39.62	60.38	0.05352	31.58	3.53	4.31
lcl|NC_072002.2_cds_XP_024091594.3_59611	49.48	50.52	-0.01318	57.82	3.78	4.00
lcl|NC_072002.2_cds_XP_054393687.2_59617	51.10	48.9	0.03753	53.34	3.91	4.00
lcl|NC_072002.2_cds_XP_054393715.1_59653	48.41	51.59	-0.04625	55.67	3.64	3.76
lcl|NC_072002.2_cds_XP_054393724.2_59673	46.60	53.4	-0.06036	40.14	4.00	4.07
lcl|NC_072002.2_cds_XP_024091575.1_59677	61.70	38.3	-0.02183	78.64	5.20	3.77
lcl|NC_072002.2_cds_NP_001125845.1_59689	46.23	53.77	0.00795	43.88	3.67	4.20
lcl|NC_072002.2_cds_XP_002828184.3_59693	42.18	57.82	0.06256	36.12	3.81	4.46
lcl|NC_072002.2_cds_XP_024091935.2_59695	42.79	57.21	0.05009	36.70	3.78	4.44
lcl|NC_072002.2_cds_XP_002828185.2_59697	41.75	58.25	0.02944	35.53	3.54	4.33
lcl|NC_072002.2_cds_XP_024091722.2_59699	43.48	56.52	0.06637	36.63	3.56	4.21
lcl|NC_072002.2_cds_XP_002828187.3_59700	44.60	55.4	0.07538	40.54	3.63	4.20
lcl|NC_072002.2_cds_XP_024091709.3_59701	45.20	54.8	0.03392	37.90	3.51	4.20
lcl|NC_072002.2_cds_XP_024091800.3_59702	43.85	56.15	0.04212	37.35	3.60	4.13
lcl|NC_072002.2_cds_XP_024091804.2_59718	40.11	59.89	0.02140	30.76	3.54	4.37
lcl|NC_072002.2_cds_XP_002828201.4_59731	52.45	47.55	-0.06812	57.92	3.75	3.73
lcl|NC_072002.2_cds_XP_054393751.1_59735	36.29	63.71	0.13651	33.18	3.31	4.75
lcl|NC_072002.2_cds_XP_024091718.2_59742	45.91	54.09	-0.07141	39.96	3.67	4.05
lcl|NC_072002.2_cds_XP_054394180.2_59822	44.26	55.74	0.09754	39.08	3.55	4.09
lcl|NC_072002.2_cds_XP_024091839.2_59824	52.65	47.35	0.00563	58.62	4.13	3.71
lcl|NC_072002.2_cds_NP_001124784.2_59826	54.30	45.7	0.02118	61.74	4.02	3.94
lcl|NC_072002.2_cds_XP_002828227.1_59908	41.37	58.63	0.10526	38.74	3.55	4.40
lcl|NC_072002.2_cds_XP_002828231.3_59916	53.14	46.86	-0.06127	60.43	3.96	3.72
lcl|NC_072002.2_cds_XP_024091719.3_59920	55.34	44.66	-0.12099	70.90	3.92	3.36
lcl|NC_072002.2_cds_XP_054393809.2_59927	47.65	52.35	0.00081	51.45	3.59	4.00
lcl|NC_072002.2_cds_XP_054393815.2_59937	54.27	45.73	0.12436	72.11	3.95	3.70
lcl|NC_072002.2_cds_XP_024091854.2_60003	67.62	32.38	-0.05785	79.29	6.33	3.93
lcl|NC_072002.2_cds_XP_024091581.2_60056	52.63	47.37	0.00278	68.80	3.88	3.79
lcl|NC_072002.2_cds_XP_024091695.3_60132	48.83	51.17	-0.05045	45.23	3.60	3.93
lcl|NC_072002.2_cds_XP_054393986.2_60218	46.28	53.72	0.01256	41.05	3.67	4.17
lcl|NC_072002.2_cds_XP_024091744.3_60234	45.42	54.58	0.01641	49.68	3.66	4.15
lcl|NC_072002.2_cds_XP_054393466.1_60240	48.38	51.62	-0.01501	51.49	3.90	4.02
lcl|NC_072002.2_cds_XP_054393991.2_60250	47.89	52.11	0.02875	45.67	3.55	4.04
lcl|NC_072002.2_cds_XP_024091671.2_60253	50.14	49.86	-0.09291	56.57	3.72	3.97
lcl|NC_072002.2_cds_XP_054394018.2_60308	40.22	59.78	0.02957	38.41	3.37	4.24
lcl|NC_072002.2_cds_XP_054394017.2_60310	44.87	55.13	0.05463	39.73	3.90	4.08
lcl|NC_072002.2_cds_XP_002828319.5_60318	54.78	45.22	-0.04649	54.67	4.92	3.84
lcl|NC_072002.2_cds_XP_002828320.4_60320	58.74	41.26	-0.02126	66.63	5.03	3.88
lcl|NC_072002.2_cds_XP_002828344.2_60367	40.15	59.85	0.07264	37.29	3.58	4.53
lcl|NC_072002.2_cds_XP_054394048.2_60388	43.58	56.42	-0.01063	41.51	3.46	4.10
lcl|NC_072002.2_cds_XP_054394072.2_60426	47.86	52.14	0.08860	48.09	4.09	4.11
lcl|NC_072002.2_cds_XP_009250755.4_60429	58.53	41.47	-0.06286	78.11	4.20	3.55
lcl|NC_072002.2_cds_XP_024091761.3_60434	65.92	34.08	-0.00348	80.07	4.97	3.51
lcl|NC_072002.2_cds_XP_063572873.1_60445	47.08	52.92	0.62217	27.12	4.11	3.90
lcl|NC_072002.2_cds_XP_054394083.2_60452	53.47	46.53	-0.04562	61.59	3.98	4.00
lcl|NC_072002.2_cds_XP_024091582.3_60462	68.37	31.63	-0.10264	87.07	5.45	3.62
lcl|NC_072002.2_cds_XP_009250766.2_60463	51.91	48.09	0.07592	61.15	4.22	3.89
lcl|NC_072002.2_cds_XP_024091583.1_60475	65.22	34.78	-0.15989	80.28	4.83	3.67
lcl|NC_072002.2_cds_XP_024091821.3_60483	63.72	36.28	0.07442	75.80	4.67	3.73
lcl|NC_072002.2_cds_XP_009250775.3_60509	50.00	50	-0.02901	50.80	3.87	4.03
lcl|NC_072003.2_cds_XP_054389215.1_60517	62.64	37.36	-0.04931	79.96	4.44	3.20
lcl|NC_072003.2_cds_XP_024089076.2_60557	62.10	37.9	0.04143	75.12	4.36	3.70
lcl|NC_072003.2_cds_XP_063573203.1_60581	68.36	31.64	-0.02162	83.66	4.71	3.11
lcl|NC_072003.2_cds_XP_063573213.1_60626	65.79	34.21	-0.02653	78.85	4.48	3.45
lcl|NC_072003.2_cds_XP_054390414.1_60689	67.07	32.93	0.02277	82.37	4.79	3.24
lcl|NC_072003.2_cds_XP_024089790.2_60703	64.75	35.25	-0.04513	84.87	4.64	3.55
lcl|NC_072003.2_cds_XP_024089690.2_60724	63.95	36.05	0.01097	81.65	4.18	3.25
lcl|NC_072003.2_cds_XP_063573532.1_60759	65.81	34.19	0.03329	81.92	4.52	3.37
lcl|NC_072003.2_cds_XP_054390454.1_60771	59.06	40.94	0.05170	77.38	4.27	3.76
lcl|NC_072003.2_cds_XP_054390459.1_60778	63.11	36.89	-0.05318	73.61	4.71	3.31
lcl|NC_072003.2_cds_XP_054390480.1_60796	62.69	37.31	0.02778	81.72	4.47	3.38
lcl|NC_072003.2_cds_XP_024089858.2_60877	66.67	33.33	-0.06339	80.55	4.91	3.64
lcl|NC_072003.2_cds_XP_054390539.1_60888	60.14	39.86	-0.04634	78.49	4.21	3.52
lcl|NC_072003.2_cds_XP_054390533.1_60918	66.87	33.13	-0.02272	83.24	4.61	3.50
lcl|NC_072003.2_cds_XP_054390556.1_60935	69.35	30.65	-0.05577	82.12	5.21	3.39
lcl|NC_072003.2_cds_XP_054390563.1_60944	66.03	33.97	0.01687	80.55	4.59	3.50
lcl|NC_072003.2_cds_XP_024089651.2_60961	60.22	39.78	-0.04610	82.23	4.25	3.69
lcl|NC_072003.2_cds_XP_054390603.1_61026	55.54	44.46	-0.15112	45.04	4.03	3.54
lcl|NC_072003.2_cds_XP_024089421.2_61170	62.85	37.15	-0.00995	79.36	4.25	3.54
lcl|NC_072003.2_cds_XP_054389314.1_61171	58.64	41.36	0.00372	64.69	4.17	3.63
lcl|NC_072003.2_cds_XP_054389328.1_61190	56.64	43.36	-0.10791	63.12	4.07	3.74
lcl|NC_072003.2_cds_XP_024089615.2_61192	57.44	42.56	-0.02536	77.28	4.28	3.82
lcl|NC_072003.2_cds_XP_024088781.2_61197	58.43	41.57	0.05954	65.71	4.06	3.72
lcl|NC_072003.2_cds_XP_024088847.2_61207	63.78	36.22	-0.01943	75.60	4.18	3.43
lcl|NC_072003.2_cds_XP_002826141.2_61247	59.05	40.95	-0.04873	68.35	4.10	3.67
lcl|NC_072003.2_cds_XP_024089667.1_61335	53.64	46.36	0.00219	56.87	3.79	3.95
lcl|NC_072003.2_cds_XP_024089664.1_61338	60.12	39.88	0.13853	80.71	4.29	3.32
lcl|NC_072003.2_cds_XP_024089274.1_61424	43.19	56.81	0.11686	45.33	3.67	4.29
lcl|NC_072003.2_cds_XP_054389424.1_61428	52.15	47.85	-0.02007	67.85	3.89	3.73
lcl|NC_072003.2_cds_XP_024089333.1_61460	61.90	38.1	-0.02820	73.65	4.33	3.43
lcl|NC_072003.2_cds_XP_054389449.1_61476	54.35	45.65	-0.05130	68.52	4.06	4.25
lcl|NC_072003.2_cds_XP_054390668.1_61513	44.13	55.87	0.04176	43.36	3.50	4.11
lcl|NC_072003.2_cds_XP_054390680.1_61524	62.84	37.16	0.00586	76.50	4.14	3.30
lcl|NC_072003.2_cds_XP_054390686.1_61527	49.13	50.87	-0.25967	31.03	3.45	4.45
lcl|NC_072003.2_cds_XP_054390685.1_61538	49.16	50.84	-0.26118	31.03	3.48	4.52
lcl|NC_072003.2_cds_XP_024097158.2_61554	51.52	48.48	-0.15176	52.09	3.75	3.77
lcl|NC_072003.2_cds_XP_002826187.3_61563	45.33	54.67	0.03288	44.06	3.82	4.23
lcl|NC_072003.2_cds_XP_054390705.1_61575	54.28	45.72	0.04651	66.86	4.03	3.72
lcl|NC_072003.2_cds_XP_054390712.1_61590	40.50	59.5	0.08383	34.98	3.43	4.45
lcl|NC_072003.2_cds_XP_054390718.1_61594	53.37	46.63	-0.03919	60.53	4.41	4.03
lcl|NC_072003.2_cds_XP_054390730.1_61609	62.92	37.08	0.00431	76.09	4.14	3.31
lcl|NC_072003.2_cds_XP_054389471.1_61611	48.89	51.11	-0.26013	30.84	3.47	4.48
lcl|NC_072003.2_cds_XP_024097219.2_61620	51.97	48.03	0.02377	61.59	3.98	3.77
lcl|NC_072003.2_cds_XP_063573677.1_61622	60.02	39.98	-0.01020	72.11	3.88	3.39
lcl|NC_072003.2_cds_XP_063573672.1_61633	55.88	44.12	-0.01995	76.85	4.07	3.58
lcl|NC_072003.2_cds_XP_054389494.1_61640	56.02	43.98	0.12364	76.18	3.99	3.62
lcl|NC_072003.2_cds_XP_024097221.1_61657	47.40	52.6	-0.06452	48.11	3.74	4.06
lcl|NC_072003.2_cds_XP_054389518.1_61685	48.75	51.25	-0.26243	30.60	3.47	4.39
lcl|NC_072003.2_cds_XP_024097232.1_61688	61.43	38.57	-0.01525	78.15	4.82	3.44
lcl|NC_072003.2_cds_XP_054390733.1_61698	49.10	50.9	-0.20836	33.88	3.53	4.38
lcl|NC_072003.2_cds_XP_054390741.1_61714	48.83	51.17	-0.17034	35.52	3.53	4.23
lcl|NC_072003.2_cds_XP_063573698.1_61723	48.46	51.54	-0.15152	36.65	3.54	4.24
lcl|NC_072003.2_cds_XP_063573717.1_61744	49.01	50.99	-0.18075	36.04	3.57	4.23
lcl|NC_072003.2_cds_XP_024097149.1_61758	44.18	55.82	0.06595	40.54	3.54	4.07
lcl|NC_072003.2_cds_XP_024097211.2_61775	47.88	52.12	-0.06077	55.46	3.54	3.92
lcl|NC_072003.2_cds_XP_009248795.1_61782	40.24	59.76	0.06943	32.66	3.46	4.11
lcl|NC_072003.2_cds_NP_001126088.1_61787	49.00	51	-0.03599	60.68	3.81	3.95
lcl|NC_072003.2_cds_XP_054389527.1_61880	49.17	50.83	0.01575	61.22	3.76	3.81
lcl|NC_072003.2_cds_XP_063573267.1_61898	49.37	50.63	-0.17692	35.75	3.54	4.29
lcl|NC_072003.2_cds_XP_054389600.1_61903	62.78	37.22	0.00272	76.09	4.14	3.31
lcl|NC_072003.2_cds_XP_063573270.1_61908	49.45	50.55	-0.25387	32.10	3.50	4.37
lcl|NC_072003.2_cds_XP_054389566.1_61918	50.47	49.53	-0.07798	52.77	3.74	3.96
lcl|NC_072003.2_cds_XP_054389601.1_61929	55.70	44.3	-0.04614	60.56	4.49	3.76
lcl|NC_072003.2_cds_XP_024089471.2_61935	53.29	46.71	-0.02005	63.78	3.82	3.77
lcl|NC_072003.2_cds_XP_054389611.1_61952	51.85	48.15	-0.01669	64.45	3.77	3.72
lcl|NC_072003.2_cds_XP_063573388.1_61965	49.52	50.48	-0.14882	36.16	3.49	4.14
lcl|NC_072003.2_cds_XP_002826284.2_61981	42.66	57.34	-0.01119	35.64	3.50	4.29
lcl|NC_072003.2_cds_XP_054389629.1_61987	61.27	38.73	-0.04700	71.71	4.07	3.62
lcl|NC_072003.2_cds_XP_054389632.1_61994	41.03	58.97	-0.01495	31.46	3.50	4.42
lcl|NC_072003.2_cds_XP_054389633.1_62002	48.46	51.54	0.01786	43.41	3.66	3.95
lcl|NC_072003.2_cds_XP_024088942.2_62015	54.12	45.88	-0.09916	54.20	4.10	3.91
lcl|NC_072003.2_cds_XP_024089712.2_62027	49.31	50.69	0.09218	49.28	3.62	3.90
lcl|NC_072003.2_cds_XP_054389651.1_62038	59.66	40.34	-0.02689	70.77	3.91	3.67
lcl|NC_072003.2_cds_NP_001124552.1_62046	56.03	43.97	0.03637	69.62	3.93	3.75
lcl|NC_072003.2_cds_XP_054389658.1_62047	55.30	44.7	-0.01167	64.91	4.11	3.88
lcl|NC_072003.2_cds_XP_054389668.1_62071	52.05	47.95	-0.05289	62.65	3.87	3.73
lcl|NC_072003.2_cds_XP_002826319.1_62095	58.55	41.45	-0.00114	77.05	4.07	3.39
lcl|NC_072003.2_cds_XP_054389686.1_62138	60.26	39.74	-0.14644	60.29	4.58	3.51
lcl|NC_072003.2_cds_XP_024088801.1_62150	54.30	45.7	0.04768	70.79	3.88	3.81
lcl|NC_072003.2_cds_XP_002826328.2_62163	64.31	35.69	0.29532	64.67	4.07	3.44
lcl|NC_072003.2_cds_XP_009248892.1_62230	62.76	37.24	0.02707	72.98	4.40	3.54
lcl|NC_072003.2_cds_XP_002826365.3_62241	63.31	36.69	-0.07806	73.59	4.37	3.39
lcl|NC_072003.2_cds_XP_024088813.1_62252	61.30	38.7	0.07178	74.50	4.33	3.44
lcl|NC_072003.2_cds_XP_024089734.1_62295	55.51	44.49	0.03487	68.40	4.08	3.59
lcl|NC_072003.2_cds_XP_002826399.3_62312	68.43	31.57	-0.14881	70.57	5.18	3.42
lcl|NC_072003.2_cds_XP_054390846.1_62316	58.59	41.41	-0.09899	55.29	4.11	3.66
lcl|NC_072003.2_cds_NP_001125651.1_62344	59.85	40.15	0.10617	72.75	4.41	3.50
lcl|NC_072003.2_cds_XP_002826402.3_62347	63.50	36.5	-0.11365	82.70	4.46	3.62
lcl|NC_072003.2_cds_XP_024089116.2_62359	62.69	37.31	-0.09776	71.19	4.54	3.58
lcl|NC_072003.2_cds_XP_054389768.1_62376	62.10	37.9	-0.02791	67.80	4.10	3.31
lcl|NC_072003.2_cds_XP_024089354.1_62403	55.95	44.05	0.00465	70.19	4.07	3.67
lcl|NC_072003.2_cds_XP_024089330.2_62404	57.81	42.19	-0.02346	74.11	4.04	3.78
lcl|NC_072003.2_cds_XP_024089331.1_62405	57.78	42.22	0.00496	72.31	3.98	3.56
lcl|NC_072003.2_cds_XP_024089759.1_62410	67.86	32.14	-0.02906	71.87	4.68	3.36
lcl|NC_072003.2_cds_XP_024089109.2_62489	39.12	60.88	0.10764	35.78	3.59	4.32
lcl|NC_072003.2_cds_XP_054389179.1_62517	43.54	56.46	0.03149	41.50	3.63	4.19
lcl|NC_072003.2_cds_XP_054389833.1_62529	50.47	49.53	0.01871	61.05	3.69	3.69
lcl|NC_072003.2_cds_XP_024088966.2_62531	52.21	47.79	0.00092	66.81	3.81	3.88
lcl|NC_072003.2_cds_XP_024088831.1_62532	47.89	52.11	0.05142	47.41	3.91	4.16
lcl|NC_072003.2_cds_XP_024089550.1_62541	45.19	54.81	0.01809	42.59	3.92	4.24
lcl|NC_072003.2_cds_XP_024089817.1_62547	59.22	40.78	-0.06843	82.52	4.15	3.61
lcl|NC_072003.2_cds_XP_009248981.2_62578	60.81	39.19	-0.01521	82.33	4.31	3.35
lcl|NC_072003.2_cds_XP_024089547.2_62602	58.89	41.11	-0.00272	71.85	3.94	3.56
lcl|NC_072003.2_cds_NP_001124871.1_62604	42.70	57.3	0.08157	39.29	3.44	4.32
lcl|NC_072003.2_cds_XP_054389877.1_62610	53.87	46.13	-0.12629	61.00	3.94	3.83
lcl|NC_072003.2_cds_XP_024089200.2_62617	40.96	59.04	0.02695	31.67	3.41	4.25
lcl|NC_072003.2_cds_XP_054389894.1_62637	45.31	54.69	0.01483	42.24	3.90	4.31
lcl|NC_072003.2_cds_XP_054389897.1_62657	40.21	59.79	0.06136	35.35	3.50	4.46
lcl|NC_072003.2_cds_NP_001126031.1_62713	51.57	48.43	0.02568	58.91	3.81	3.96
lcl|NC_072003.2_cds_XP_024088788.2_62718	59.13	40.87	-0.09422	79.41	4.04	3.49
lcl|NC_072003.2_cds_XP_054389915.1_62725	59.64	40.36	-0.02289	72.40	3.97	3.41
lcl|NC_072003.2_cds_XP_024089467.2_62799	57.18	42.82	0.03398	80.80	4.24	3.66
lcl|NC_072003.2_cds_XP_024089435.2_62818	59.10	40.9	0.04063	72.42	4.29	3.70
lcl|NC_072003.2_cds_XP_024089164.1_62863	45.19	54.81	-0.01485	43.58	3.44	4.09
lcl|NC_072003.2_cds_XP_002826579.2_62989	60.85	39.15	-0.04000	68.99	4.43	3.34
lcl|NC_072003.2_cds_XP_002826580.1_62990	58.53	41.47	-0.00698	72.58	3.97	3.49
lcl|NC_072003.2_cds_XP_054390915.1_62994	62.10	37.9	0.01807	71.18	4.09	3.36
lcl|NC_072003.2_cds_XP_002826581.1_63016	53.87	46.13	-0.05474	65.16	3.73	3.65
lcl|NC_072003.2_cds_XP_024089533.2_63040	61.14	38.86	-0.10878	67.31	4.22	3.45
lcl|NC_072003.2_cds_XP_054390949.1_63051	64.65	35.35	-0.01976	72.47	4.57	3.39
lcl|NC_072003.2_cds_XP_009249111.1_63096	59.30	40.7	-0.03597	66.69	3.95	3.57
lcl|NC_072003.2_cds_XP_002826605.3_63113	59.55	40.45	0.00103	78.73	4.36	3.62
lcl|NC_072003.2_cds_XP_024089525.2_63136	46.37	53.63	-0.10775	33.09	3.74	3.97
lcl|NC_072003.2_cds_NP_001127374.1_63226	51.57	48.43	-0.03075	57.30	3.98	3.85
lcl|NC_072003.2_cds_XP_024089035.2_63228	50.06	49.94	0.05225	52.28	3.89	3.77
lcl|NC_072003.2_cds_NP_001361117.1_63258	44.88	55.12	-0.10749	39.79	3.59	4.06
lcl|NC_072003.2_cds_XP_063573187.1_63268	56.09	43.91	-0.02519	69.30	4.02	3.64
lcl|NC_072003.2_cds_XP_024089156.2_63273	56.25	43.75	-0.07862	65.63	4.20	3.68
lcl|NC_072003.2_cds_XP_063573429.1_63277	50.08	49.92	0.08500	65.82	3.66	3.78
lcl|NC_072003.2_cds_NP_001126700.1_63287	56.54	43.46	0.08401	69.71	4.02	3.69
lcl|NC_072003.2_cds_XP_024089582.2_63299	47.63	52.37	-0.06909	53.75	3.60	3.85
lcl|NC_072003.2_cds_XP_002826652.3_63331	49.62	50.38	-0.00939	54.08	3.72	3.83
lcl|NC_072003.2_cds_XP_054390064.1_63399	49.71	50.29	-0.03809	59.31	3.73	3.84
lcl|NC_072003.2_cds_NP_001125500.1_63419	49.40	50.6	0.05152	53.12	3.57	3.73
lcl|NC_072003.2_cds_XP_063573812.1_63426	64.64	35.36	0.04731	74.30	4.32	3.29
lcl|NC_072003.2_cds_XP_024088780.1_63459	53.25	46.75	0.08269	61.30	3.77	3.59
lcl|NC_072003.2_cds_XP_054390101.1_63475	50.68	49.32	0.08774	58.99	4.13	4.09
lcl|NC_072003.2_cds_XP_054390107.1_63497	53.98	46.02	-0.02091	60.96	3.92	3.79
lcl|NC_072003.2_cds_XP_054390120.1_63514	66.27	33.73	-0.06747	77.97	4.54	3.22
lcl|NC_072003.2_cds_XP_024089301.2_63554	45.25	54.75	0.06246	43.32	3.55	4.18
lcl|NC_072003.2_cds_XP_009249241.1_63570	51.25	48.75	0.02608	53.85	4.04	4.10
lcl|NC_072003.2_cds_XP_054391044.1_63621	57.40	42.6	0.01938	66.33	3.77	3.42
lcl|NC_072003.2_cds_XP_024089717.1_63631	52.19	47.81	0.01110	69.59	3.92	3.76
lcl|NC_072003.2_cds_NP_001126959.1_63653	51.82	48.18	0.02382	58.78	3.85	3.89
lcl|NC_072003.2_cds_XP_054390178.1_63659	55.06	44.94	0.06695	54.48	3.80	3.99
lcl|NC_072003.2_cds_XP_009249268.2_63662	65.40	34.6	-0.07117	74.32	4.29	3.52
lcl|NC_072003.2_cds_XP_054390188.1_63680	56.38	43.62	0.11654	70.87	4.09	3.88
lcl|NC_072003.2_cds_XP_024088946.2_63711	66.78	33.22	-0.04522	80.64	4.85	3.32
lcl|NC_072003.2_cds_XP_024089431.2_63778	60.03	39.97	-0.09541	72.64	4.63	3.75
lcl|NC_072003.2_cds_XP_054390255.1_63830	66.57	33.43	-0.07756	72.46	4.56	3.48
lcl|NC_072003.2_cds_XP_063573471.1_63831	73.04	26.96	-0.13549	87.43	6.20	3.69
lcl|NC_072003.2_cds_XP_054390256.1_63837	59.67	40.33	0.05922	64.60	4.38	3.89
lcl|NC_072003.2_cds_XP_024089738.2_63853	63.84	36.16	-0.04018	87.03	4.38	3.36
lcl|NC_072003.2_cds_XP_054390283.1_63927	57.32	42.68	0.02602	71.09	4.30	4.01
lcl|NC_072003.2_cds_XP_024089183.2_63979	55.06	44.94	-0.02910	62.74	3.82	4.01
lcl|NC_072003.2_cds_XP_054390403.1_63997	64.62	35.38	-0.05450	82.96	4.78	3.54
lcl|NC_072004.2_cds_XP_002826837.3_64049	56.37	43.63	-0.01954	72.90	3.80	3.66
lcl|NC_072004.2_cds_XP_054391318.2_64069	63.67	36.33	-0.03010	83.16	5.31	3.58
lcl|NC_072004.2_cds_XP_063574442.1_64091	59.10	40.9	0.03261	76.51	4.24	3.74
lcl|NC_072004.2_cds_XP_002826853.2_64098	66.78	33.22	-0.00975	73.10	4.58	3.17
lcl|NC_072004.2_cds_XP_002826856.1_64103	52.28	47.72	-0.03985	67.38	3.93	3.59
lcl|NC_072004.2_cds_XP_024090920.3_64105	63.78	36.22	-0.00269	77.65	4.36	3.43
lcl|NC_072004.2_cds_NP_001125708.1_64120	52.70	47.3	0.06726	58.17	3.89	3.62
lcl|NC_072004.2_cds_NP_001361028.1_64130	59.95	40.05	0.01540	77.36	4.14	3.63
lcl|NC_072004.2_cds_XP_054391338.1_64178	56.75	43.25	-0.00839	78.57	3.98	3.58
lcl|NC_072004.2_cds_XP_024091198.3_64193	55.22	44.78	0.00919	66.07	4.12	3.73
lcl|NC_072004.2_cds_XP_054391354.1_64203	63.09	36.91	0.02017	81.00	4.36	3.44
lcl|NC_072004.2_cds_XP_024090951.3_64205	51.96	48.04	0.02013	57.95	3.84	4.06
lcl|NC_072004.2_cds_XP_054391355.2_64213	53.97	46.03	0.01935	61.58	4.00	3.67
lcl|NC_072004.2_cds_XP_024091016.3_64222	61.21	38.79	0.01191	80.09	4.31	3.58
lcl|NC_072004.2_cds_XP_024090388.3_64228	61.25	38.75	-0.04030	61.19	4.35	3.68
lcl|NC_072004.2_cds_XP_002826921.3_64250	57.32	42.68	-0.02864	70.99	4.01	3.62
lcl|NC_072004.2_cds_XP_054391986.2_64252	60.78	39.22	0.00450	75.48	4.28	3.58
lcl|NC_072004.2_cds_XP_063574035.1_64287	59.56	40.44	-0.08185	63.81	4.12	3.38
lcl|NC_072004.2_cds_NP_001361234.1_64298	60.45	39.55	0.03696	69.57	4.37	3.64
lcl|NC_072004.2_cds_XP_054392023.2_64318	48.66	51.34	0.02224	51.37	3.76	4.07
lcl|NC_072004.2_cds_XP_024091436.3_64319	41.95	58.05	0.11612	38.53	3.44	3.74
lcl|NC_072004.2_cds_XP_002826946.3_64324	43.45	56.55	0.16089	42.41	3.48	4.15
lcl|NC_072004.2_cds_XP_063574046.1_64348	56.01	43.99	0.00118	65.59	3.77	3.74
lcl|NC_072004.2_cds_XP_024091177.3_64361	63.32	36.68	-0.04212	81.64	4.45	3.25
lcl|NC_072004.2_cds_XP_054392048.2_64362	47.88	52.12	-0.00748	44.04	3.61	3.92
lcl|NC_072004.2_cds_XP_054392047.2_64367	64.04	35.96	0.30393	58.39	4.22	3.44
lcl|NC_072004.2_cds_XP_009249513.3_64460	60.61	39.39	0.04856	68.59	4.26	3.54
lcl|NC_072004.2_cds_XP_024090640.3_64490	66.15	33.85	-0.08970	81.96	4.87	3.51
lcl|NC_072004.2_cds_XP_054392135.2_64498	55.01	44.99	-0.26824	55.15	3.90	3.67
lcl|NC_072004.2_cds_XP_009249523.3_64508	64.66	35.34	-0.04228	64.53	4.55	3.37
lcl|NC_072004.2_cds_XP_024090775.1_64518	56.37	43.63	-0.11551	68.80	4.07	3.54
lcl|NC_072004.2_cds_XP_054392171.2_64543	54.33	45.67	-0.00143	70.01	3.94	3.69
lcl|NC_072004.2_cds_XP_054392156.1_64546	64.22	35.78	-0.12488	68.96	4.68	3.44
lcl|NC_072004.2_cds_XP_024090102.2_64569	56.46	43.54	0.07474	63.11	4.42	3.85
lcl|NC_072004.2_cds_XP_009249539.3_64597	59.22	40.78	0.03830	62.85	4.22	3.42
lcl|NC_072004.2_cds_XP_024091122.3_64605	65.16	34.84	-0.02224	78.44	4.74	3.47
lcl|NC_072004.2_cds_XP_024090918.3_64608	59.40	40.6	-0.09309	74.41	4.19	3.52
lcl|NC_072004.2_cds_XP_024090265.3_64614	63.36	36.64	-0.10440	70.16	4.35	3.44
lcl|NC_072004.2_cds_NP_001124551.1_64635	56.98	43.02	-0.06724	61.82	3.86	3.52
lcl|NC_072004.2_cds_NP_001126965.1_64636	61.61	38.39	0.04808	68.11	4.19	3.44
lcl|NC_072004.2_cds_XP_002827052.4_64640	63.18	36.82	-0.14429	66.83	4.16	3.26
lcl|NC_072004.2_cds_XP_009249560.2_64656	50.77	49.23	0.10624	57.57	4.09	3.96
lcl|NC_072004.2_cds_XP_054391389.2_64689	61.21	38.79	-0.07257	75.51	4.10	3.65
lcl|NC_072004.2_cds_XP_024090834.3_64703	60.68	39.32	-0.03030	70.20	4.49	3.43
lcl|NC_072004.2_cds_XP_054393416.2_64726	52.69	47.31	0.11726	70.55	3.85	3.85
lcl|NC_072004.2_cds_XP_024091346.3_64729	48.14	51.86	0.10025	56.83	3.72	3.89
lcl|NC_072004.2_cds_XP_054391421.2_64731	49.07	50.93	0.10318	59.17	3.61	3.70
lcl|NC_072004.2_cds_XP_054391419.1_64735	49.73	50.27	0.10366	61.29	3.70	3.79
lcl|NC_072004.2_cds_XP_003778788.3_64736	50.27	49.73	0.12257	62.41	3.78	3.85
lcl|NC_072004.2_cds_XP_002827083.2_64737	51.90	48.1	0.11251	67.70	3.82	3.64
lcl|NC_072004.2_cds_XP_024091279.3_64762	51.98	48.02	0.02187	63.67	3.91	3.80
lcl|NC_072004.2_cds_XP_024090083.2_64772	52.55	47.45	-0.14267	55.93	4.00	3.83
lcl|NC_072004.2_cds_XP_054392204.2_64815	47.65	52.35	0.02170	56.95	3.73	3.89
lcl|NC_072004.2_cds_XP_054392211.2_64832	39.07	60.93	0.11601	35.89	3.52	4.32
lcl|NC_072004.2_cds_XP_063574460.1_64840	49.37	50.63	0.02879	52.45	3.70	4.03
lcl|NC_072004.2_cds_XP_063574113.1_64844	49.12	50.88	0.03412	52.16	3.67	4.04
lcl|NC_072004.2_cds_XP_054392236.2_64877	48.41	51.59	-0.02507	41.20	3.69	4.09
lcl|NC_072004.2_cds_XP_009249615.1_64900	39.61	60.39	0.07198	35.03	3.28	4.05
lcl|NC_072004.2_cds_XP_063574476.1_64912	49.14	50.86	0.03458	52.09	3.68	4.03
lcl|NC_072004.2_cds_XP_063574479.1_64916	49.07	50.93	0.03226	51.96	3.66	4.03
lcl|NC_072004.2_cds_XP_003778809.4_64927	52.84	47.16	-0.05851	64.39	3.75	3.81
lcl|NC_072004.2_cds_XP_054391192.2_64933	54.39	45.61	0.02924	61.64	3.89	3.75
lcl|NC_072004.2_cds_XP_063573983.1_64943	59.83	40.17	0.01375	81.96	4.11	3.44
lcl|NC_072004.2_cds_XP_024090225.1_64950	62.69	37.31	-0.01847	74.46	4.27	3.43
lcl|NC_072004.2_cds_XP_024090662.3_64953	62.75	37.25	-0.06815	77.09	4.57	3.44
lcl|NC_072004.2_cds_XP_054391465.2_64969	65.31	34.69	-0.06678	75.36	4.44	3.31
lcl|NC_072004.2_cds_XP_063574118.1_64972	64.02	35.98	-0.08601	76.22	4.45	3.42
lcl|NC_072004.2_cds_XP_054391479.2_65005	60.41	39.59	0.07402	74.70	4.02	3.53
lcl|NC_072004.2_cds_XP_063574490.1_65026	49.02	50.98	0.03229	51.96	3.72	4.04
lcl|NC_072004.2_cds_XP_063574121.1_65032	49.05	50.95	0.03275	52.09	3.70	4.05
lcl|NC_072004.2_cds_XP_024097283.1_65117	49.15	50.85	-0.03074	47.25	3.89	4.11
lcl|NC_072004.2_cds_XP_054392273.1_65123	50.63	49.37	0.06235	54.04	3.97	3.86
lcl|NC_072004.2_cds_XP_054392281.1_65134	40.57	59.43	0.10934	38.18	3.56	4.23
lcl|NC_072004.2_cds_XP_054392301.1_65161	56.23	43.77	0.06659	61.43	3.98	3.74
lcl|NC_072004.2_cds_XP_054391578.1_65289	60.71	39.29	-0.01891	75.24	4.43	3.42
lcl|NC_072004.2_cds_XP_054391579.2_65298	57.60	42.4	-0.03210	74.09	4.06	3.50
lcl|NC_072004.2_cds_XP_054392490.2_65352	50.76	49.24	0.02169	53.92	3.61	3.76
lcl|NC_072004.2_cds_XP_009249705.1_65357	51.68	48.32	-0.00260	58.45	3.77	3.66
lcl|NC_072004.2_cds_XP_024090785.1_65362	52.62	47.38	0.06163	62.07	3.94	3.81
lcl|NC_072004.2_cds_XP_002827236.1_65431	55.29	44.71	-0.07019	62.29	4.17	3.59
lcl|NC_072004.2_cds_XP_054392543.2_65435	60.18	39.82	-0.10558	67.96	4.05	3.37
lcl|NC_072004.2_cds_XP_063574132.1_65447	59.76	40.24	0.07255	76.46	4.15	3.45
lcl|NC_072004.2_cds_XP_024090604.1_65459	44.41	55.59	0.05618	41.02	3.60	4.07
lcl|NC_072004.2_cds_XP_024090354.1_65482	49.09	50.91	-0.02667	50.10	3.56	3.73
lcl|NC_072004.2_cds_XP_054392562.2_65490	41.43	58.57	0.06410	40.31	3.43	4.22
lcl|NC_072004.2_cds_XP_024090642.1_65506	47.33	52.67	0.03111	45.69	4.57	3.98
lcl|NC_072004.2_cds_XP_054392590.2_65550	42.95	57.05	-0.01169	40.98	3.42	4.16
lcl|NC_072004.2_cds_XP_054392599.2_65572	36.15	63.85	0.04848	28.62	3.35	4.51
lcl|NC_072004.2_cds_XP_063574650.1_65577	48.60	51.4	-0.11538	44.34	3.68	4.10
lcl|NC_072004.2_cds_XP_009249767.3_65613	45.58	54.42	0.01816	52.23	3.82	3.97
lcl|NC_072004.2_cds_XP_024091103.2_65637	66.70	33.3	-0.05253	83.44	4.77	3.33
lcl|NC_072004.2_cds_XP_054392620.1_65645	52.32	47.68	0.03102	61.73	3.80	3.64
lcl|NC_072004.2_cds_XP_054392643.1_65678	56.64	43.36	0.05689	73.79	3.93	3.47
lcl|NC_072004.2_cds_XP_002827306.2_65679	44.62	55.38	0.05528	48.21	3.68	4.08
lcl|NC_072004.2_cds_XP_024090721.3_65680	46.52	53.48	0.03622	50.66	3.62	4.22
lcl|NC_072004.2_cds_XP_009249800.4_65693	45.58	54.42	0.05375	48.55	3.59	4.17
lcl|NC_072004.2_cds_XP_024091264.1_65698	44.40	55.6	0.07401	47.21	3.68	4.07
lcl|NC_072004.2_cds_NP_001126334.1_65701	46.18	53.82	0.01289	49.26	3.66	3.85
lcl|NC_072004.2_cds_XP_002827313.4_65720	61.56	38.44	-0.02028	69.35	4.14	3.27
lcl|NC_072004.2_cds_XP_063573930.1_65817	49.93	50.07	-0.12515	44.56	3.66	4.00
lcl|NC_072004.2_cds_XP_024090808.3_65873	46.94	53.06	-0.02508	40.04	3.73	4.08
lcl|NC_072004.2_cds_XP_054392724.1_65927	47.60	52.4	0.05865	49.87	3.60	3.84
lcl|NC_072004.2_cds_XP_063574823.1_66057	56.88	43.12	-0.03078	68.07	3.84	3.50
lcl|NC_072004.2_cds_NP_001126706.1_66077	48.48	51.52	-0.03200	48.05	3.67	4.05
lcl|NC_072004.2_cds_XP_063574821.1_66083	44.80	55.2	0.06342	42.62	3.51	4.08
lcl|NC_072004.2_cds_XP_024090492.1_66093	50.19	49.81	-0.03073	47.32	3.69	3.88
lcl|NC_072004.2_cds_XP_024091389.3_66112	38.78	61.22	0.04749	31.14	3.44	4.39
lcl|NC_072004.2_cds_XP_024091380.1_66118	43.02	56.98	0.05595	38.42	3.45	4.07
lcl|NC_072004.2_cds_XP_024090741.3_66121	42.50	57.5	-0.02488	30.90	3.42	4.25
lcl|NC_072004.2_cds_XP_054393003.1_66148	42.19	57.81	0.06854	38.68	3.45	4.14
lcl|NC_072004.2_cds_XP_002827364.3_66159	48.39	51.61	0.00972	42.64	3.81	3.97
lcl|NC_072004.2_cds_XP_024090074.1_66168	43.91	56.09	0.10522	35.73	3.71	4.10
lcl|NC_072004.2_cds_XP_054393009.1_66179	47.61	52.39	0.01448	48.37	3.75	3.99
lcl|NC_072004.2_cds_XP_054391169.1_66181	52.05	47.95	-0.06861	53.77	3.83	3.57
lcl|NC_072004.2_cds_XP_009249845.2_66191	53.22	46.78	-0.00932	58.26	3.86	3.70
lcl|NC_072004.2_cds_XP_063574183.1_66201	63.45	36.55	0.03054	69.26	4.33	3.51
lcl|NC_072004.2_cds_XP_024090960.2_66259	50.48	49.52	-0.07036	55.72	3.97	3.89
lcl|NC_072004.2_cds_XP_024090471.2_66321	46.09	53.91	0.13109	41.20	3.65	3.96
lcl|NC_072004.2_cds_XP_024091105.1_66348	57.92	42.08	-0.02750	75.00	4.06	3.58
lcl|NC_072004.2_cds_XP_054402535.1_66351	61.49	38.51	-0.04788	79.49	4.38	3.52
lcl|NC_072004.2_cds_XP_054402540.2_66369	55.47	44.53	0.01362	64.73	4.05	3.67
lcl|NC_072004.2_cds_XP_024091292.1_66393	63.36	36.64	-0.00486	78.41	4.53	3.36
lcl|NC_072004.2_cds_XP_024090696.2_66409	64.96	35.04	-0.00665	47.24	4.43	3.31
lcl|NC_072004.2_cds_XP_002834330.2_66417	60.58	39.42	-0.01046	76.62	4.41	3.57
lcl|NC_072004.2_cds_XP_054402319.2_66469	51.04	48.96	-0.00655	63.70	3.87	3.89
lcl|NC_072004.2_cds_XP_063574234.1_66536	60.48	39.52	-0.03658	74.80	3.99	3.30
lcl|NC_072004.2_cds_XP_024090796.1_66545	47.02	52.98	0.08650	47.09	3.64	3.99
lcl|NC_072004.2_cds_XP_054402266.1_66553	46.31	53.69	0.05280	44.66	3.91	4.09
lcl|NC_072004.2_cds_XP_024091295.3_66555	58.50	41.5	0.05353	60.97	3.90	3.72
lcl|NC_072004.2_cds_XP_024090616.1_66564	66.33	33.67	-0.04008	78.28	5.11	3.63
lcl|NC_072004.2_cds_XP_054402291.2_66577	67.47	32.53	-0.04818	82.60	5.09	3.41
lcl|NC_072004.2_cds_XP_024090857.1_66584	64.05	35.95	-0.08754	73.49	4.41	3.58
lcl|NC_072004.2_cds_XP_024090842.2_66622	46.68	53.32	-0.06180	44.09	3.67	3.89
lcl|NC_072004.2_cds_XP_024090848.3_66661	50.41	49.59	-0.05632	47.55	3.87	3.85
lcl|NC_072004.2_cds_XP_024090163.3_66691	61.54	38.46	-0.01601	73.69	4.29	3.48
lcl|NC_072004.2_cds_XP_009250109.1_66730	57.39	42.61	-0.04602	75.46	4.00	3.53
lcl|NC_072004.2_cds_XP_024090653.1_66769	39.27	60.73	0.10249	36.23	3.33	4.24
lcl|NC_072004.2_cds_XP_024090256.1_66906	55.51	44.49	0.02649	67.13	4.11	3.50
lcl|NC_072004.2_cds_XP_024090181.1_66939	59.35	40.65	-0.03485	76.49	4.43	3.59
lcl|NC_072004.2_cds_XP_009250020.4_66946	61.95	38.05	-0.10465	75.05	4.28	3.45
lcl|NC_072004.2_cds_XP_054402174.2_66965	53.58	46.42	0.02874	65.47	4.29	3.75
lcl|NC_072004.2_cds_NP_001126661.1_66972	46.78	53.22	0.02891	56.09	3.70	4.17
lcl|NC_072004.2_cds_XP_002827548.2_67001	58.48	41.52	-0.04115	68.45	4.18	3.54
lcl|NC_072004.2_cds_XP_063574285.1_67008	61.35	38.65	-0.09258	66.31	4.39	3.49
lcl|NC_072004.2_cds_XP_009249975.3_67065	41.18	58.82	0.07251	36.00	3.36	4.19
lcl|NC_072004.2_cds_XP_024090045.2_67085	48.79	51.21	0.02906	48.34	3.69	3.91
lcl|NC_072004.2_cds_XP_009249960.1_67101	50.72	49.28	0.04844	57.33	3.71	3.65
lcl|NC_072004.2_cds_XP_024090900.3_67157	61.80	38.2	-0.00288	75.36	4.18	3.42
lcl|NC_072004.2_cds_XP_054391241.1_67207	60.11	39.89	-0.04936	77.25	4.23	3.52
lcl|NC_072004.2_cds_XP_002827479.2_67226	60.81	39.19	0.02126	72.05	4.31	3.57
lcl|NC_072004.2_cds_XP_002827478.3_67227	51.88	48.12	-0.05908	48.23	3.81	4.02
lcl|NC_072004.2_cds_XP_054393075.2_67235	39.77	60.23	-0.04332	31.54	3.52	4.42
lcl|NC_072004.2_cds_NP_001126566.1_67263	51.73	48.27	0.02914	62.38	3.96	3.85
lcl|NC_072004.2_cds_XP_063574311.1_67270	62.09	37.91	-0.07624	73.47	4.17	3.55
lcl|NC_072004.2_cds_XP_024090560.1_67320	60.82	39.18	-0.04685	76.17	4.76	3.49
lcl|NC_072004.2_cds_XP_002827447.2_67331	59.39	40.61	-0.04440	69.20	3.96	3.66
lcl|NC_072004.2_cds_NP_001361018.1_67337	59.07	40.93	-0.04325	73.51	4.23	3.81
lcl|NC_072004.2_cds_XP_024090261.1_67346	52.11	47.89	-0.05726	51.08	3.88	3.86
lcl|NC_072004.2_cds_XP_054393148.2_67392	48.38	51.62	-0.10277	45.09	3.68	4.05
lcl|NC_072004.2_cds_XP_063574924.1_67414	36.92	63.08	0.18937	35.53	3.35	4.50
lcl|NC_072004.2_cds_XP_054393201.1_67432	63.11	36.89	-0.00642	81.76	4.42	3.46
lcl|NC_072004.2_cds_XP_054393211.2_67442	47.62	52.38	0.04793	45.34	3.67	4.03
lcl|NC_072004.2_cds_XP_054393212.1_67445	51.04	48.96	-0.06097	50.58	3.77	3.84
lcl|NC_072004.2_cds_XP_024091151.2_67459	59.74	40.26	-0.03751	80.37	4.35	3.62
lcl|NC_072004.2_cds_XP_024090866.3_67463	61.31	38.69	-0.11803	80.20	4.19	3.36
lcl|NC_072004.2_cds_NP_001126368.1_67491	48.50	51.5	0.11516	44.54	3.75	3.84
lcl|NC_072004.2_cds_XP_024089958.3_67495	52.28	47.72	0.15625	57.64	3.76	3.65
lcl|NC_072004.2_cds_XP_024090701.3_67521	57.50	42.5	-0.04323	84.32	4.11	3.46
lcl|NC_072004.2_cds_XP_024091149.3_67529	55.68	44.32	-0.04412	69.70	4.07	3.64
lcl|NC_072004.2_cds_XP_024090702.3_67531	49.50	50.5	0.00418	53.81	3.81	4.02
lcl|NC_072004.2_cds_XP_063574933.1_67542	43.26	56.74	0.05000	38.24	3.50	4.08
lcl|NC_072004.2_cds_XP_024090705.1_67559	58.81	41.19	0.00604	71.09	4.32	3.63
lcl|NC_072004.2_cds_XP_054393233.1_67610	40.28	59.72	0.14167	38.27	3.61	4.29
lcl|NC_072004.2_cds_XP_024090797.2_67624	45.70	54.3	-0.07767	40.74	3.68	4.03
lcl|NC_072004.2_cds_XP_063574965.1_67635	45.49	54.51	0.01717	41.74	4.05	4.13
lcl|NC_072004.2_cds_XP_024090538.2_67693	42.44	57.56	0.04988	43.96	3.53	4.23
lcl|NC_072004.2_cds_XP_024090540.3_67696	42.44	57.56	0.06622	44.31	3.52	4.21
lcl|NC_072004.2_cds_XP_024090541.3_67699	39.41	60.59	0.02666	40.11	3.43	4.46
lcl|NC_072004.2_cds_XP_002827805.4_67701	36.01	63.99	0.06592	30.19	3.34	4.63
lcl|NC_072004.2_cds_XP_002827824.3_67722	53.99	46.01	-0.05601	62.39	4.08	3.67
lcl|NC_072004.2_cds_XP_024091399.3_67733	62.03	37.97	-0.07072	80.67	4.31	3.43
lcl|NC_072004.2_cds_XP_002827838.3_67749	63.56	36.44	-0.01627	81.68	4.65	3.35
lcl|NC_072004.2_cds_XP_024091190.2_67786	66.99	33.01	-0.04498	85.96	4.82	3.23
lcl|NC_072004.2_cds_XP_054393308.2_67889	60.53	39.47	-0.09427	78.82	4.09	3.37
lcl|NC_072004.2_cds_XP_054393313.2_67899	65.74	34.26	-0.08451	72.63	4.67	3.40
lcl|NC_072004.2_cds_XP_024090041.2_67903	63.73	36.27	-0.01025	79.73	4.23	3.27
lcl|NC_072004.2_cds_XP_063575010.1_67906	65.49	34.51	0.00917	78.02	4.55	3.49
lcl|NC_072004.2_cds_NP_001126651.1_67907	58.43	41.57	0.01439	67.31	4.04	3.46
lcl|NC_072004.2_cds_XP_063575018.1_67915	63.16	36.84	-0.04401	82.56	4.42	3.35
lcl|NC_072004.2_cds_XP_024090692.1_67932	62.63	37.37	-0.04390	81.39	4.17	3.49
lcl|NC_072004.2_cds_XP_054393335.1_67942	62.14	37.86	0.02985	71.91	4.27	3.47
lcl|NC_072004.2_cds_XP_024090478.3_67992	64.88	35.12	0.08664	86.92	4.56	3.40
lcl|NC_072004.2_cds_XP_054393357.2_68011	56.51	43.49	0.05668	54.27	4.02	3.45
lcl|NC_072004.2_cds_XP_002827914.4_68031	60.05	39.95	0.02015	75.06	4.35	3.43
lcl|NC_072004.2_cds_XP_054391755.2_68101	55.02	44.98	-0.02944	54.63	3.96	3.82
lcl|NC_072004.2_cds_XP_063574371.1_68158	55.27	44.73	0.01135	76.88	4.09	3.83
lcl|NC_072004.2_cds_XP_009250363.3_68166	57.49	42.51	-0.05046	67.23	3.97	3.77
lcl|NC_072004.2_cds_XP_054391820.2_68225	57.97	42.03	0.07861	75.56	4.16	3.76
lcl|NC_072004.2_cds_NP_001126384.1_68227	64.57	35.43	-0.08017	84.26	4.54	3.39
lcl|NC_072004.2_cds_NP_001125936.1_68230	63.32	36.68	0.06024	84.68	4.24	3.49
lcl|NC_072004.2_cds_XP_063574401.1_68259	53.41	46.59	0.01352	66.47	3.90	3.91
lcl|NC_072004.2_cds_XP_024090830.1_68271	58.96	41.04	-0.04020	77.47	4.13	3.82
lcl|NC_072004.2_cds_XP_063574410.1_68293	68.53	31.47	-0.04045	82.37	4.70	3.20
lcl|NC_072004.2_cds_XP_024091404.3_68296	65.68	34.32	0.10393	83.39	4.44	3.65
lcl|NC_072004.2_cds_XP_063573915.1_68306	63.75	36.25	0.07450	75.49	4.46	3.55
lcl|NC_072004.2_cds_XP_054391880.2_68310	68.38	31.62	-0.03813	82.90	4.99	3.37
lcl|NC_072004.2_cds_XP_024090656.3_68321	65.15	34.85	-0.04640	77.66	4.65	3.54
lcl|NC_072004.2_cds_XP_054393397.2_68406	65.09	34.91	-0.02835	85.90	4.38	3.27
lcl|NC_072004.2_cds_XP_024090317.2_68409	59.73	40.27	0.07558	68.11	4.05	3.76
lcl|NC_072004.2_cds_XP_054391888.1_68451	57.35	42.65	0.03989	68.79	4.02	3.94
lcl|NC_072005.2_cds_XP_024092548.2_68507	69.18	30.82	-0.07859	93.59	6.85	3.28
lcl|NC_072005.2_cds_XP_063575880.1_68537	64.57	35.43	-0.06370	88.01	4.44	3.56
lcl|NC_072005.2_cds_XP_063575879.1_68552	70.23	29.77	-0.05073	85.59	5.30	3.40
lcl|NC_072005.2_cds_XP_024094046.3_68559	64.22	35.78	-0.00290	78.41	4.46	3.42
lcl|NC_072005.2_cds_XP_024092155.2_68570	65.21	34.79	0.02852	83.61	4.62	3.33
lcl|NC_072005.2_cds_XP_024093716.1_68580	66.08	33.92	-0.02874	87.36	5.00	3.26
lcl|NC_072005.2_cds_XP_054394546.2_68655	71.56	28.44	-0.05530	85.97	5.51	3.31
lcl|NC_072005.2_cds_XP_063575330.1_68720	59.57	40.43	-0.02640	81.40	4.22	3.67
lcl|NC_072005.2_cds_XP_003779064.4_68722	66.31	33.69	-0.04165	82.12	5.03	3.44
lcl|NC_072005.2_cds_XP_024093021.3_68748	58.31	41.69	-0.01081	81.99	4.26	3.61
lcl|NC_072005.2_cds_XP_024093022.2_68752	64.89	35.11	-0.08823	80.41	4.96	3.79
lcl|NC_072005.2_cds_XP_054395262.2_68772	65.02	34.98	0.01221	79.30	4.37	3.61
lcl|NC_072005.2_cds_XP_063575335.1_68794	40.16	59.84	0.08642	32.49	3.63	4.28
lcl|NC_072005.2_cds_XP_054395316.2_68862	59.17	40.83	-0.15985	65.66	4.13	3.59
lcl|NC_072005.2_cds_XP_024093325.3_68870	63.26	36.74	0.03460	75.78	4.60	3.26
lcl|NC_072005.2_cds_XP_054395322.2_68883	66.50	33.5	-0.05586	76.43	4.44	3.50
lcl|NC_072005.2_cds_NP_001125547.1_68893	60.42	39.58	0.02119	84.40	4.65	3.55
lcl|NC_072005.2_cds_XP_054395339.2_68916	64.54	35.46	0.11033	73.70	4.69	3.60
lcl|NC_072005.2_cds_XP_024092613.3_68949	57.53	42.47	0.08970	69.98	4.33	3.80
lcl|NC_072005.2_cds_XP_054395373.2_68961	61.62	38.38	0.07310	70.81	4.34	3.27
lcl|NC_072005.2_cds_XP_024092881.2_68968	68.73	31.27	-0.04201	84.70	5.24	3.29
lcl|NC_072005.2_cds_XP_024092224.1_68975	59.24	40.76	-0.04726	80.29	4.33	3.63
lcl|NC_072005.2_cds_XP_024093479.3_68984	62.98	37.02	0.08205	83.22	4.59	3.59
lcl|NC_072005.2_cds_XP_024092858.3_68987	63.40	36.6	-0.00232	83.73	4.61	3.54
lcl|NC_072005.2_cds_XP_054395389.1_69005	62.33	37.67	-0.03315	80.58	4.60	3.52
lcl|NC_072005.2_cds_XP_002828543.1_69012	57.93	42.07	0.17129	63.73	4.45	3.98
lcl|NC_072005.2_cds_XP_009250908.1_69013	56.21	43.79	0.18734	59.04	4.38	3.92
lcl|NC_072005.2_cds_XP_054394277.1_69054	60.34	39.66	-0.09981	76.36	4.22	3.73
lcl|NC_072005.2_cds_XP_024092530.3_69136	55.99	44.01	-0.01181	73.98	3.94	3.62
lcl|NC_072005.2_cds_XP_024092799.1_69148	55.52	44.48	0.03903	73.05	3.93	3.65
lcl|NC_072005.2_cds_XP_054395450.2_69149	49.33	50.67	-0.03661	58.73	3.73	3.71
lcl|NC_072005.2_cds_XP_024092868.1_69167	55.27	44.73	0.00654	70.72	4.10	3.71
lcl|NC_072005.2_cds_XP_024093381.2_69170	61.40	38.6	0.00533	77.77	4.53	3.72
lcl|NC_072005.2_cds_XP_009250961.1_69196	63.98	36.02	-0.00076	79.81	4.50	3.60
lcl|NC_072005.2_cds_XP_054395466.1_69199	67.16	32.84	-0.05549	79.52	4.99	3.47
lcl|NC_072005.2_cds_XP_024093811.1_69204	61.45	38.55	0.01521	83.41	4.66	3.41
lcl|NC_072005.2_cds_XP_024093795.2_69233	68.15	31.85	-0.31278	60.88	4.77	3.18
lcl|NC_072005.2_cds_XP_063575962.1_69256	61.61	38.39	0.00988	73.02	4.18	3.33
lcl|NC_072005.2_cds_XP_054395519.2_69276	70.58	29.42	-0.00957	79.84	5.12	3.19
lcl|NC_072005.2_cds_XP_024094057.2_69300	60.05	39.95	0.01313	81.53	4.47	3.43
lcl|NC_072005.2_cds_XP_024093865.3_69302	64.37	35.63	-0.03002	78.62	4.50	3.40
lcl|NC_072005.2_cds_XP_063575973.1_69326	56.18	43.82	-0.16428	70.00	3.65	3.51
lcl|NC_072005.2_cds_XP_009251041.4_69420	65.23	34.77	0.07931	58.13	4.60	3.38
lcl|NC_072005.2_cds_XP_054395601.2_69436	56.32	43.68	-0.00103	67.86	4.12	3.81
lcl|NC_072005.2_cds_XP_024094165.3_69452	68.47	31.53	0.03158	77.41	4.88	3.50
lcl|NC_072005.2_cds_XP_054395620.1_69468	61.65	38.35	-0.00954	77.65	4.21	3.67
lcl|NC_072005.2_cds_XP_063576001.1_69474	60.61	39.39	-0.04965	74.40	4.37	3.55
lcl|NC_072005.2_cds_XP_024092725.1_69490	58.03	41.97	0.03131	67.30	4.37	3.73
lcl|NC_072005.2_cds_XP_024092414.2_69504	59.09	40.91	-0.06218	79.79	4.52	3.48
lcl|NC_072005.2_cds_XP_054395651.1_69524	60.91	39.09	-0.01629	78.15	4.50	3.67
lcl|NC_072005.2_cds_XP_063576004.1_69537	59.04	40.96	-0.02164	77.12	4.11	3.56
lcl|NC_072005.2_cds_XP_024092941.2_69556	65.39	34.61	-0.02779	76.80	4.46	3.33
lcl|NC_072005.2_cds_XP_063576008.1_69569	61.22	38.78	-0.05137	76.41	4.35	3.54
lcl|NC_072005.2_cds_XP_054395751.1_69700	40.88	59.12	0.05359	38.12	3.14	3.73
lcl|NC_072005.2_cds_XP_054395753.2_69706	41.24	58.76	0.06888	36.68	3.23	3.86
lcl|NC_072005.2_cds_XP_024094204.3_69718	40.78	59.22	0.07554	36.30	3.23	3.84
lcl|NC_072005.2_cds_XP_024092159.3_69773	60.67	39.33	-0.02940	75.10	4.36	3.65
lcl|NC_072005.2_cds_XP_024092447.2_69786	59.35	40.65	-0.07966	78.78	4.29	3.70
lcl|NC_072005.2_cds_XP_024093974.1_69814	63.72	36.28	-0.08686	77.61	4.62	3.58
lcl|NC_072005.2_cds_XP_054394619.2_69858	59.69	40.31	-0.03493	75.45	4.72	3.89
lcl|NC_072005.2_cds_XP_024094035.1_69873	65.20	34.8	-0.02517	82.27	4.69	3.59
lcl|NC_072005.2_cds_XP_054394632.2_69887	63.32	36.68	-0.02530	72.94	4.56	3.32
lcl|NC_072005.2_cds_XP_054394650.1_69918	67.06	32.94	-0.08064	83.87	4.74	3.30
lcl|NC_072005.2_cds_XP_054394666.1_69937	62.72	37.28	-0.09214	82.66	4.62	3.43
lcl|NC_072005.2_cds_XP_063575382.1_69940	59.12	40.88	-0.04541	73.73	4.03	3.55
lcl|NC_072005.2_cds_XP_063575390.1_69951	64.09	35.91	0.02938	79.60	4.78	3.67
lcl|NC_072005.2_cds_XP_002828866.2_70008	66.35	33.65	-0.03505	74.12	4.60	3.29
lcl|NC_072005.2_cds_XP_024092566.1_70011	61.07	38.93	-0.17790	72.65	4.59	3.80
lcl|NC_072005.2_cds_XP_054394684.1_70026	65.49	34.51	-0.05521	76.19	4.47	3.43
lcl|NC_072005.2_cds_XP_054401968.1_70031	66.07	33.93	-0.00997	74.51	4.68	3.33
lcl|NC_072005.2_cds_XP_063575409.1_70062	54.73	45.27	-0.04336	63.21	3.94	3.80
lcl|NC_072005.2_cds_XP_024093361.1_70077	64.51	35.49	-0.14477	81.57	4.91	3.68
lcl|NC_072005.2_cds_XP_024093178.3_70087	57.71	42.29	-0.00042	69.83	4.08	3.57
lcl|NC_072005.2_cds_XP_024092997.1_70088	61.01	38.99	0.00895	83.02	4.50	3.70
lcl|NC_072005.2_cds_XP_054395858.2_70094	61.28	38.72	-0.00555	74.69	4.38	3.58
lcl|NC_072005.2_cds_XP_024092541.3_70106	60.35	39.65	-0.01305	80.63	4.38	3.80
lcl|NC_072005.2_cds_XP_024092540.2_70134	67.13	32.87	0.01890	83.48	5.12	3.58
lcl|NC_072005.2_cds_XP_054394702.2_70161	57.58	42.42	0.00579	78.22	4.07	3.58
lcl|NC_072005.2_cds_XP_002828949.6_70165	68.23	31.77	-0.07156	80.94	4.78	3.30
lcl|NC_072005.2_cds_XP_054394715.2_70167	63.07	36.93	-0.05344	74.83	4.35	3.59
lcl|NC_072005.2_cds_XP_024092214.2_70178	61.93	38.07	-0.04608	75.94	4.51	3.56
lcl|NC_072005.2_cds_XP_054395883.2_70223	63.91	36.09	-0.08853	77.05	4.76	3.29
lcl|NC_072005.2_cds_XP_054395902.2_70247	62.07	37.93	-0.09055	70.58	4.27	3.47
lcl|NC_072005.2_cds_XP_024092757.1_70324	60.29	39.71	0.00881	79.91	4.44	3.97
lcl|NC_072005.2_cds_XP_054395944.2_70351	51.76	48.24	0.01546	53.78	3.91	4.04
lcl|NC_072005.2_cds_XP_054394738.2_70384	61.26	38.74	-0.00081	67.06	4.16	3.46
lcl|NC_072005.2_cds_XP_002829018.2_70427	68.86	31.14	-0.04229	81.78	4.78	3.46
lcl|NC_072005.2_cds_XP_002829019.3_70442	64.64	35.36	-0.02222	74.24	4.63	3.35
lcl|NC_072005.2_cds_XP_054394760.1_70445	62.48	37.52	-0.06178	81.80	4.47	3.33
lcl|NC_072005.2_cds_XP_054396029.2_70465	38.32	61.68	-0.08221	33.85	3.23	3.91
lcl|NC_072005.2_cds_XP_063576110.1_70547	38.92	61.08	0.03670	36.62	3.22	3.77
lcl|NC_072005.2_cds_XP_024093058.3_70561	35.87	64.13	0.00231	30.77	3.26	4.00
lcl|NC_072005.2_cds_XP_054395952.2_70571	37.07	62.93	-0.02735	31.94	3.13	4.08
lcl|NC_072005.2_cds_XP_054394791.2_70679	61.11	38.89	-0.03320	78.48	4.39	3.54
lcl|NC_072005.2_cds_XP_002829062.3_70698	56.56	43.44	-0.09150	74.86	4.14	3.60
lcl|NC_072005.2_cds_NP_001125007.1_70699	43.99	56.01	0.04051	41.72	3.59	3.96
lcl|NC_072005.2_cds_NP_001124765.1_70718	52.17	47.83	-0.00061	60.89	3.83	3.97
lcl|NC_072005.2_cds_XP_054394813.2_70724	43.78	56.22	0.04877	44.08	3.63	4.41
lcl|NC_072005.2_cds_XP_024094056.2_70737	49.03	50.97	0.02553	47.10	3.84	3.90
lcl|NC_072005.2_cds_XP_054394822.2_70740	69.91	30.09	-0.05876	79.93	5.18	3.30
lcl|NC_072005.2_cds_NP_001127205.1_70769	55.34	44.66	-0.03712	59.66	3.95	3.82
lcl|NC_072005.2_cds_XP_054394869.1_70877	54.80	45.2	0.00000	67.69	3.86	3.56
lcl|NC_072005.2_cds_XP_024093320.2_70899	59.91	40.09	-0.01611	80.02	4.12	3.58
lcl|NC_072005.2_cds_XP_024092657.3_70924	63.64	36.36	-0.04800	66.25	4.82	3.53
lcl|NC_072005.2_cds_XP_054396140.1_70967	64.72	35.28	-0.08248	69.65	4.39	3.41
lcl|NC_072005.2_cds_XP_024093229.3_70979	62.00	38	-0.00173	72.14	4.30	3.51
lcl|NC_072005.2_cds_XP_024092280.3_71010	60.13	39.87	-0.05275	73.88	4.06	3.39
lcl|NC_072005.2_cds_XP_024093710.3_71099	41.12	58.88	0.00000	30.16	3.25	3.77
lcl|NC_072005.2_cds_XP_054396280.2_71219	45.61	54.39	0.19258	49.08	3.56	4.04
lcl|NC_072005.2_cds_XP_054396284.2_71225	47.31	52.69	0.13751	52.69	3.68	3.95
lcl|NC_072005.2_cds_XP_024092788.2_71226	63.37	36.63	-0.08511	80.34	4.55	3.42
lcl|NC_072005.2_cds_XP_054396299.1_71261	56.13	43.87	-0.05775	76.50	4.17	3.68
lcl|NC_072005.2_cds_XP_054396335.2_71293	60.27	39.73	0.02190	78.09	4.43	3.58
lcl|NC_072005.2_cds_XP_054394448.2_71300	60.25	39.75	-0.04521	84.05	4.40	3.33
lcl|NC_072005.2_cds_XP_024092309.3_71389	60.57	39.43	-0.09992	61.67	4.17	3.44
lcl|NC_072005.2_cds_XP_024092140.3_71406	58.24	41.76	0.04577	71.88	4.22	3.43
lcl|NC_072005.2_cds_XP_024093920.3_71437	63.72	36.28	-0.00290	75.08	4.26	3.23
lcl|NC_072005.2_cds_XP_063575556.1_71443	41.34	58.66	0.05179	34.22	3.48	3.87
lcl|NC_072005.2_cds_XP_024093328.3_71453	39.32	60.68	0.07411	33.29	3.30	3.86
lcl|NC_072005.2_cds_XP_054394887.1_71475	68.47	31.53	-0.02533	82.73	5.37	3.32
lcl|NC_072005.2_cds_XP_024092201.3_71548	63.40	36.6	0.10471	69.47	4.36	3.40
lcl|NC_072005.2_cds_XP_024092856.2_71554	65.84	34.16	0.12205	81.07	4.79	3.43
lcl|NC_072005.2_cds_XP_054396408.2_71568	66.32	33.68	-0.03041	73.29	4.68	3.31
lcl|NC_072005.2_cds_XP_024092261.2_71630	60.19	39.81	0.00248	69.61	4.03	3.38
lcl|NC_072005.2_cds_XP_054396436.1_71632	57.98	42.02	-0.02255	65.63	4.25	3.58
lcl|NC_072005.2_cds_XP_063575581.1_71706	62.93	37.07	0.00381	76.54	4.42	3.81
lcl|NC_072005.2_cds_XP_024092908.3_71717	59.14	40.86	-0.02835	82.15	4.15	3.36
lcl|NC_072005.2_cds_XP_054396484.2_71722	62.80	37.2	-0.06569	82.91	4.71	3.43
lcl|NC_072005.2_cds_XP_024092129.1_71723	62.65	37.35	-0.08551	67.52	4.30	3.37
lcl|NC_072005.2_cds_XP_054396473.2_71745	66.42	33.58	-0.09273	68.22	4.49	3.31
lcl|NC_072005.2_cds_XP_024092903.1_71778	65.73	34.27	-0.02181	74.98	4.53	3.41
lcl|NC_072005.2_cds_XP_002829344.5_71784	61.29	38.71	-0.08375	69.39	4.32	3.51
lcl|NC_072005.2_cds_XP_054396630.2_71992	42.56	57.44	0.13453	40.59	3.41	4.04
lcl|NC_072005.2_cds_XP_063575647.1_72061	68.38	31.62	-0.04892	87.86	4.82	3.38
lcl|NC_072005.2_cds_XP_024092186.3_72089	67.74	32.26	-0.11002	78.75	5.09	3.53
lcl|NC_072005.2_cds_XP_054396695.1_72118	62.12	37.88	0.07818	75.79	4.58	3.51
lcl|NC_072005.2_cds_XP_024092832.1_72206	61.17	38.83	-0.04278	78.38	4.53	3.36
lcl|NC_072005.2_cds_XP_024092589.1_72229	47.62	52.38	-0.00047	53.87	3.87	3.92
lcl|NC_072005.2_cds_XP_054396753.2_72259	62.90	37.1	-0.00357	71.33	4.61	3.50
lcl|NC_072005.2_cds_XP_003779259.4_72284	63.00	37	-0.04625	78.58	4.41	3.35
lcl|NC_072005.2_cds_XP_024093955.1_72305	64.79	35.21	0.01562	87.42	4.81	3.85
lcl|NC_072005.2_cds_XP_024093086.3_72316	62.11	37.89	-0.05051	74.56	4.41	3.78
lcl|NC_072005.2_cds_XP_054396791.2_72318	71.07	28.93	-0.21046	84.10	5.42	3.42
lcl|NC_072005.2_cds_XP_024092288.3_72341	60.07	39.93	0.01689	73.37	4.09	3.41
lcl|NC_072005.2_cds_XP_009231112.4_72342	67.34	32.66	0.15527	79.34	5.02	3.44
lcl|NC_072005.2_cds_XP_024092184.1_72380	70.66	29.34	-0.05646	87.28	5.78	3.56
lcl|NC_072005.2_cds_XP_024093124.2_72391	71.18	28.82	-0.03846	81.86	5.52	3.25
lcl|NC_072005.2_cds_XP_024092862.3_72414	68.71	31.29	0.00050	79.56	5.57	3.50
lcl|NC_072005.2_cds_XP_054396891.1_72512	62.77	37.23	0.07358	77.38	4.32	3.39
lcl|NC_072005.2_cds_XP_024092818.3_72516	63.21	36.79	0.01997	78.35	4.53	3.50
lcl|NC_072005.2_cds_XP_054396954.1_72616	67.65	32.35	-0.11611	72.61	4.81	3.62
lcl|NC_072005.2_cds_XP_054396957.2_72619	68.78	31.22	-0.06174	78.57	5.18	3.44
lcl|NC_072005.2_cds_XP_054396966.1_72650	61.28	38.72	-0.05673	82.21	4.52	3.61
lcl|NC_072005.2_cds_XP_024092558.2_72674	63.68	36.32	-0.11069	71.68	4.65	3.56
lcl|NC_072005.2_cds_XP_009231202.4_72719	49.12	50.88	-0.00391	54.61	3.51	3.68
lcl|NC_072005.2_cds_XP_054394906.1_72734	64.11	35.89	0.12251	79.82	4.60	3.50
lcl|NC_072005.2_cds_XP_063576294.1_72746	64.32	35.68	-0.01037	83.64	4.48	3.25
lcl|NC_072005.2_cds_XP_024093933.3_72752	57.98	42.02	0.07469	75.59	4.25	3.44
lcl|NC_072005.2_cds_XP_054394916.1_72778	68.83	31.17	-0.09144	78.99	5.14	3.49
lcl|NC_072005.2_cds_XP_002829690.4_72847	64.62	35.38	-0.06543	71.25	4.74	3.60
lcl|NC_072005.2_cds_XP_054397086.2_72944	40.67	59.33	0.05430	36.19	3.41	3.95
lcl|NC_072005.2_cds_XP_054397090.2_72953	39.49	60.51	0.04007	34.88	3.27	3.91
lcl|NC_072005.2_cds_XP_024093813.3_72983	40.41	59.59	0.03832	35.40	3.22	3.76
lcl|NC_072005.2_cds_XP_063576322.1_73077	43.39	56.61	0.00941	40.98	3.50	3.68
lcl|NC_072005.2_cds_XP_009231342.4_73094	41.18	58.82	0.02021	36.03	3.23	3.83
lcl|NC_072005.2_cds_XP_024093821.3_73123	39.55	60.45	0.04340	33.37	3.16	3.73
lcl|NC_072005.2_cds_XP_024093288.2_73181	57.48	42.52	0.01582	74.04	4.00	3.67
lcl|NC_072005.2_cds_XP_024093525.2_73274	62.29	37.71	-0.10048	73.64	4.33	3.35
lcl|NC_072005.2_cds_XP_063575870.1_73313	54.46	45.54	-0.11609	59.07	3.76	3.67
lcl|NC_072005.2_cds_XP_024093539.3_73324	52.81	47.19	0.04200	67.60	4.09	3.58
lcl|NC_072005.2_cds_XP_054395033.2_73326	52.79	47.21	0.05282	65.41	3.93	3.76
lcl|NC_072005.2_cds_XP_063575871.1_73355	58.13	41.87	0.00831	68.36	3.96	3.55
lcl|NC_072005.2_cds_XP_024092487.2_73372	62.02	37.98	-0.03961	77.66	4.29	3.28
lcl|NC_072005.2_cds_XP_054395052.2_73387	61.87	38.13	-0.12087	71.85	4.18	3.40
lcl|NC_072005.2_cds_XP_063575767.1_73402	71.20	28.8	-0.12077	83.40	5.41	3.42
lcl|NC_072005.2_cds_XP_024094080.2_73404	64.78	35.22	-0.17814	67.40	4.38	3.26
lcl|NC_072005.2_cds_XP_024094009.1_73426	71.80	28.2	-0.09776	88.20	5.68	3.15
lcl|NC_072005.2_cds_XP_024092737.3_73450	45.36	54.64	0.06519	52.32	3.54	4.02
lcl|NC_072005.2_cds_XP_002829854.4_73464	44.58	55.42	0.02097	50.00	3.47	4.12
lcl|NC_072005.2_cds_XP_024092933.1_73465	49.75	50.25	0.02626	61.31	3.99	3.94
lcl|NC_072005.2_cds_XP_009231434.4_73468	46.73	53.27	0.04164	54.07	3.57	3.90
lcl|NC_072005.2_cds_XP_024093372.3_73469	48.34	51.66	0.00125	56.90	3.60	4.09
lcl|NC_072005.2_cds_XP_009231459.3_73542	46.34	53.66	0.05132	45.11	3.87	3.76
lcl|NC_072005.2_cds_XP_009231469.3_73554	48.47	51.53	0.07892	50.00	3.57	3.70
lcl|NC_072005.2_cds_XP_002829897.2_73579	41.18	58.82	0.03369	42.28	3.36	4.29
lcl|NC_072005.2_cds_XP_054397255.2_73695	43.11	56.89	0.05926	39.52	3.52	4.05
lcl|NC_072005.2_cds_XP_024092838.1_73825	62.25	37.75	0.01088	70.85	4.53	3.55
lcl|NC_072006.2_cds_XP_024094512.2_73849	41.51	58.49	0.12237	33.21	3.40	4.13
lcl|NC_072006.2_cds_XP_024094755.1_73866	44.37	55.63	0.04321	46.34	3.52	4.15
lcl|NC_072006.2_cds_XP_054397546.2_73869	44.64	55.36	0.08440	45.58	3.92	4.23
lcl|NC_072006.2_cds_XP_002829998.1_73900	53.98	46.02	0.01317	64.48	4.19	3.90
lcl|NC_072006.2_cds_XP_009231583.3_73922	37.14	62.86	0.25238	32.24	3.54	4.42
lcl|NC_072006.2_cds_XP_054397564.2_73961	46.81	53.19	0.07065	49.28	3.58	4.18
lcl|NC_072006.2_cds_XP_054397573.2_73972	59.60	40.4	0.13785	72.55	4.32	3.90
lcl|NC_072006.2_cds_XP_054397596.2_74044	55.54	44.46	-0.01597	68.07	4.13	3.96
lcl|NC_072006.2_cds_XP_054397601.2_74057	47.68	52.32	-0.07736	55.09	3.69	4.17
lcl|NC_072006.2_cds_XP_054397606.2_74064	47.42	52.58	0.01427	50.53	3.64	4.26
lcl|NC_072006.2_cds_NP_001126942.1_74078	44.34	55.66	0.08142	37.33	3.39	4.19
lcl|NC_072006.2_cds_NP_001126731.1_74150	58.61	41.39	0.04178	83.89	4.31	3.62
lcl|NC_072006.2_cds_XP_054397635.1_74158	59.70	40.3	0.12540	70.86	4.17	3.67
lcl|NC_072006.2_cds_XP_024094678.2_74261	62.98	37.02	-0.09502	72.57	4.15	3.28
lcl|NC_072006.2_cds_XP_063576779.1_74265	66.01	33.99	-0.01980	74.73	4.38	3.26
lcl|NC_072006.2_cds_XP_024094628.1_74281	50.01	49.99	0.04011	54.09	4.00	4.06
lcl|NC_072006.2_cds_XP_024094640.2_74283	47.40	52.6	-0.01015	51.78	3.75	3.97
lcl|NC_072006.2_cds_XP_063576807.1_74298	59.92	40.08	-0.09871	79.36	4.33	3.65
lcl|NC_072006.2_cds_XP_009231696.1_74329	57.18	42.82	0.04511	68.33	4.01	3.58
lcl|NC_072006.2_cds_XP_024094738.2_74349	52.36	47.64	0.01639	63.41	3.94	3.94
lcl|NC_072006.2_cds_XP_054398084.1_74552	53.80	46.2	0.01407	51.98	3.72	3.65
lcl|NC_072006.2_cds_XP_054398097.1_74572	56.08	43.92	0.04873	67.44	4.27	3.71
lcl|NC_072006.2_cds_XP_054398108.1_74591	54.55	45.45	-0.01758	72.52	3.91	3.70
lcl|NC_072006.2_cds_XP_024094897.3_74633	60.78	39.22	-0.11482	73.57	4.32	3.56
lcl|NC_072006.2_cds_XP_063576686.1_74655	42.33	57.67	0.06702	36.17	3.51	4.24
lcl|NC_072006.2_cds_XP_024094451.3_74682	51.33	48.67	-0.15066	47.85	3.81	3.99
lcl|NC_072006.2_cds_XP_054398163.1_74694	62.23	37.77	0.11763	82.46	4.33	3.47
lcl|NC_072006.2_cds_XP_024094659.2_74724	57.12	42.88	0.17048	66.23	3.80	3.69
lcl|NC_072006.2_cds_XP_054398178.1_74762	60.43	39.57	0.02956	69.86	4.38	3.52
lcl|NC_072006.2_cds_XP_024094249.1_74772	50.49	49.51	0.00404	45.75	3.90	3.91
lcl|NC_072006.2_cds_XP_063576709.1_74808	48.60	51.4	0.07786	53.21	3.90	3.99
lcl|NC_072006.2_cds_XP_054397485.1_74826	58.28	41.72	-0.00908	73.24	4.28	3.38
lcl|NC_072006.2_cds_XP_009231833.3_74900	63.79	36.21	0.06650	80.52	4.65	3.39
lcl|NC_072006.2_cds_XP_002830322.2_74904	40.93	59.07	0.05632	34.86	3.65	4.49
lcl|NC_072006.2_cds_XP_024094877.2_74907	49.61	50.39	-0.02479	56.48	3.81	4.00
lcl|NC_072006.2_cds_NP_001127219.1_74928	48.42	51.58	-0.02023	52.71	3.62	4.13
lcl|NC_072006.2_cds_XP_024094865.2_74934	59.67	40.33	-0.05581	66.44	3.90	3.58
lcl|NC_072006.2_cds_XP_063576582.1_74937	45.18	54.82	0.00481	42.27	3.56	4.18
lcl|NC_072006.2_cds_XP_024094397.2_74958	56.60	43.4	-0.01545	73.99	4.01	3.39
lcl|NC_072006.2_cds_XP_054398237.1_74966	54.19	45.81	-0.04561	59.78	3.77	3.88
lcl|NC_072006.2_cds_XP_009231860.2_75009	59.60	40.4	-0.01449	72.20	4.04	3.49
lcl|NC_072006.2_cds_XP_054398283.1_75016	49.99	50.01	0.05340	54.24	3.75	3.89
lcl|NC_072006.2_cds_XP_024094620.2_75023	55.85	44.15	-0.03394	69.63	3.97	3.63
lcl|NC_072006.2_cds_XP_024094774.2_75030	59.05	40.95	-0.04257	67.05	4.13	3.43
lcl|NC_072006.2_cds_XP_024094650.1_75226	61.23	38.77	-0.07512	68.32	4.26	3.52
lcl|NC_072006.2_cds_XP_002830424.1_75230	57.89	42.11	0.00505	74.82	4.11	3.40
lcl|NC_072006.2_cds_XP_024094345.1_75290	51.99	48.01	-0.03708	60.88	4.03	4.00
lcl|NC_072006.2_cds_XP_024094377.2_75322	46.94	53.06	-0.00450	43.21	3.69	4.03
lcl|NC_072006.2_cds_XP_024094382.2_75337	56.90	43.1	-0.06092	76.16	4.29	3.77
lcl|NC_072006.2_cds_XP_024094644.1_75343	59.60	40.4	-0.00202	81.57	4.20	3.50
lcl|NC_072006.2_cds_XP_024094657.2_75346	47.72	52.28	0.02073	53.92	3.66	3.99
lcl|NC_072006.2_cds_NP_001125921.1_75348	38.92	61.08	-0.02203	34.77	3.35	4.47
lcl|NC_072006.2_cds_XP_024094391.2_75365	51.50	48.5	0.02057	60.29	3.69	3.69
lcl|NC_072006.2_cds_XP_002830449.1_75369	54.99	45.01	-0.07128	70.08	4.06	3.61
lcl|NC_072006.2_cds_XP_054398295.1_75393	60.85	39.15	0.03341	76.87	4.22	3.57
lcl|NC_072006.2_cds_XP_002830462.1_75400	43.76	56.24	-0.00691	41.52	3.45	4.05
lcl|NC_072006.2_cds_XP_002830470.2_75413	61.34	38.66	-0.13967	73.00	4.42	3.77
lcl|NC_072006.2_cds_XP_054398305.1_75415	55.38	44.62	0.00172	72.71	4.03	3.60
lcl|NC_072006.2_cds_XP_002830474.3_75417	57.18	42.82	-0.05420	66.89	4.03	3.58
lcl|NC_072006.2_cds_XP_054397848.1_75429	52.01	47.99	-0.06502	63.48	4.01	3.73
lcl|NC_072006.2_cds_XP_024094773.2_75431	48.73	51.27	-0.00826	49.16	4.00	4.28
lcl|NC_072006.2_cds_XP_063576637.1_75494	50.02	49.98	-0.01189	52.13	3.92	3.96
lcl|NC_072006.2_cds_XP_024094787.2_75531	62.01	37.99	-0.02715	65.83	4.31	3.61
lcl|NC_072006.2_cds_XP_024094627.2_75539	34.09	65.91	0.08759	27.32	3.22	4.65
lcl|NC_072006.2_cds_XP_024094833.2_75550	59.98	40.02	-0.06667	78.84	4.37	3.48
lcl|NC_072006.2_cds_XP_024094904.2_75552	66.79	33.21	-0.10221	72.51	6.95	4.11
lcl|NC_072006.2_cds_XP_054397903.1_75590	66.78	33.22	-0.04545	81.14	4.56	3.31
lcl|NC_072006.2_cds_NP_001361231.1_75614	58.97	41.03	0.00076	61.88	4.38	3.84
lcl|NC_072006.2_cds_XP_063576643.1_75648	66.62	33.38	-0.02595	77.42	4.38	3.37
lcl|NC_072006.2_cds_XP_054398333.1_75656	64.16	35.84	-0.02857	84.06	4.87	3.39
lcl|NC_072006.2_cds_XP_024094534.2_75664	66.64	33.36	0.00151	84.04	4.47	3.30
lcl|NC_072006.2_cds_XP_054397373.1_75672	62.97	37.03	-0.00075	75.71	4.41	3.27
lcl|NC_072006.2_cds_XP_024094537.1_75722	62.45	37.55	-0.03318	75.03	4.36	3.41
lcl|NC_072006.2_cds_NP_001125315.1_75726	56.40	43.6	0.12547	67.30	4.07	3.70
lcl|NC_072006.2_cds_XP_054397961.1_75751	58.32	41.68	-0.01208	69.84	3.93	3.64
lcl|NC_072007.2_cds_XP_063576916.1_75795	41.05	58.95	0.05366	32.66	3.23	4.08
lcl|NC_072007.2_cds_XP_054398807.2_75820	41.58	58.42	0.05397	41.30	3.54	4.29
lcl|NC_072007.2_cds_XP_024095253.1_75829	41.96	58.04	0.00069	35.63	3.38	4.12
lcl|NC_072007.2_cds_XP_024095247.2_75841	39.72	60.28	0.09971	34.49	3.44	4.33
lcl|NC_072007.2_cds_XP_024095250.3_75859	41.18	58.82	0.05079	35.00	3.41	4.38
lcl|NC_072007.2_cds_XP_063576934.1_75864	41.91	58.09	0.09862	36.38	3.50	4.20
lcl|NC_072007.2_cds_XP_063576855.1_75895	54.41	45.59	0.05615	60.25	4.25	3.72
lcl|NC_072007.2_cds_XP_063576937.1_75897	57.61	42.39	0.01678	65.84	4.42	3.90
lcl|NC_072007.2_cds_XP_002830634.4_75901	39.53	60.47	0.04465	35.02	3.49	4.36
lcl|NC_072007.2_cds_XP_063576872.1_75930	46.68	53.32	0.00978	54.79	3.79	4.04
lcl|NC_072007.2_cds_XP_024095216.1_75969	53.89	46.11	0.03263	63.51	3.99	3.94
lcl|NC_072007.2_cds_XP_002830674.3_75990	49.75	50.25	-0.10437	36.38	3.76	3.99
lcl|NC_072007.2_cds_XP_002830680.4_76003	55.12	44.88	0.01358	67.46	4.12	4.18
lcl|NC_072007.2_cds_XP_054398730.2_76018	45.11	54.89	0.02821	36.27	3.84	4.09
lcl|NC_072007.2_cds_XP_024095228.3_76028	43.03	56.97	0.12068	38.45	4.79	4.28
lcl|NC_072007.2_cds_XP_024095234.2_76057	46.82	53.18	0.09014	38.87	3.66	4.09
lcl|NC_072007.2_cds_XP_054398751.2_76060	48.32	51.68	0.01687	41.74	3.68	3.92
lcl|NC_072007.2_cds_XP_024095039.1_76072	48.42	51.58	0.02887	50.20	3.77	4.05
lcl|NC_072007.2_cds_XP_024095297.3_76116	52.20	47.8	-0.02778	63.07	3.87	3.92
lcl|NC_072007.2_cds_XP_054398375.2_76118	40.22	59.78	0.11562	36.42	3.50	4.34
lcl|NC_072007.2_cds_XP_009232223.4_76126	52.69	47.31	0.03931	60.45	4.10	3.83
lcl|NC_072007.2_cds_XP_054398468.2_76147	41.20	58.8	0.06961	37.43	3.59	4.40
lcl|NC_072007.2_cds_XP_024095134.3_76203	40.33	59.67	0.12251	30.72	3.60	4.34
lcl|NC_072007.2_cds_XP_054398534.1_76260	52.77	47.23	-0.03539	61.68	3.92	3.82
lcl|NC_072007.2_cds_XP_054398542.2_76284	59.51	40.49	-0.00664	76.48	4.36	3.59
lcl|NC_072007.2_cds_XP_024095274.1_76287	46.58	53.42	-0.05164	45.74	3.73	4.08
lcl|NC_072007.2_cds_XP_063576982.1_76289	59.73	40.27	-0.04558	74.47	4.05	3.61
lcl|NC_072007.2_cds_XP_063576895.1_76381	51.77	48.23	-0.01277	62.22	3.89	3.87
lcl|NC_072007.2_cds_NP_001129000.1_76389	56.58	43.42	0.04103	71.71	4.02	3.85
lcl|NC_072007.2_cds_XP_054398388.2_76404	62.81	37.19	0.07143	78.44	4.21	3.34
lcl|NC_072007.2_cds_XP_024095046.3_76409	61.02	38.98	-0.00400	85.97	4.36	3.52
lcl|NC_072007.2_cds_XP_054398619.2_76478	68.88	31.12	0.00036	71.14	4.91	3.18
lcl|NC_072007.2_cds_XP_024095135.1_76541	64.37	35.63	0.05284	76.77	4.68	3.53
lcl|NC_072007.2_cds_XP_024095114.3_76542	65.78	34.22	0.01937	81.18	4.67	3.29
lcl|NC_072007.2_cds_XP_009232350.4_76552	53.63	46.37	0.04550	58.76	3.95	3.90
lcl|NC_072007.2_cds_XP_063577008.1_76557	56.26	43.74	0.11853	64.57	4.14	3.92
lcl|NC_072007.2_cds_XP_054398692.2_76573	57.93	42.07	0.00473	65.95	4.10	3.66
lcl|NC_085929.1_cds_XP_054398983.2_76617	43.23	56.77	0.10112	36.48	3.81	4.20
lcl|NC_085929.1_cds_XP_024095833.3_76626	63.09	36.91	-0.05186	79.91	4.61	3.70
lcl|NC_085929.1_cds_XP_054398991.2_76635	55.79	44.21	-0.03018	56.93	4.09	3.71
lcl|NC_085929.1_cds_XP_054398998.2_76663	58.72	41.28	0.01045	70.75	4.20	3.65
lcl|NC_085929.1_cds_XP_063578822.1_76685	59.94	40.06	-0.14558	59.47	4.06	3.60
lcl|NC_085929.1_cds_XP_054399020.2_76688	59.89	40.11	-0.14218	59.55	4.06	3.60
lcl|NC_085929.1_cds_XP_063578825.1_76691	59.98	40.02	-0.13143	60.16	4.07	3.67
lcl|NC_085929.1_cds_XP_063578829.1_76694	60.01	39.99	-0.13863	59.61	4.10	3.63
lcl|NC_085929.1_cds_XP_054399040.2_76703	59.92	40.08	-0.13788	60.09	4.08	3.66
lcl|NC_085929.1_cds_XP_002830947.3_76704	61.14	38.86	0.00643	82.70	4.46	3.49
lcl|NC_085929.1_cds_XP_024095473.1_76759	59.06	40.94	-0.02289	78.68	4.15	3.79
lcl|NC_085929.1_cds_XP_009235105.4_76778	63.31	36.69	0.02238	73.28	4.52	3.63
lcl|NC_085929.1_cds_XP_054399060.2_76789	55.94	44.06	-0.03255	72.01	4.12	3.68
lcl|NC_085929.1_cds_XP_063578799.1_76793	60.37	39.63	0.05968	79.71	4.29	3.49
lcl|NC_085929.1_cds_XP_024095947.3_76828	72.29	27.71	-0.02591	85.21	5.41	3.13
lcl|NC_085929.1_cds_XP_054399632.1_76901	65.07	34.93	0.05538	74.97	4.53	3.41
lcl|NC_085929.1_cds_XP_054399067.1_76957	56.27	43.73	-0.00108	62.96	3.83	3.69
lcl|NC_085929.1_cds_XP_054399077.2_76966	51.83	48.17	0.03087	63.00	3.76	3.78
lcl|NC_085929.1_cds_XP_054399088.1_76984	46.79	53.21	0.06609	44.04	3.57	4.03
lcl|NC_085929.1_cds_XP_063579043.1_76995	59.31	40.69	-0.13612	58.77	4.11	3.53
lcl|NC_085929.1_cds_XP_054399114.1_77031	46.72	53.28	0.04531	45.17	3.59	3.97
lcl|NC_085929.1_cds_XP_002830966.4_77055	58.60	41.4	-0.02334	70.56	4.08	3.66
lcl|NC_085929.1_cds_XP_024095793.3_77187	43.46	56.54	0.03490	42.32	3.60	4.27
lcl|NC_085929.1_cds_XP_024095796.3_77188	57.73	42.27	-0.00704	75.81	4.07	3.51
lcl|NC_085929.1_cds_XP_024095798.3_77197	59.08	40.92	0.03532	64.60	4.18	3.65
lcl|NC_085929.1_cds_XP_024095646.3_77216	57.81	42.19	0.08119	69.68	3.97	3.61
lcl|NC_085929.1_cds_XP_024095560.3_77218	58.02	41.98	-0.08744	71.12	4.14	3.53
lcl|NC_085929.1_cds_NP_001126744.1_77236	54.53	45.47	0.05470	71.96	3.90	3.71
lcl|NC_085929.1_cds_XP_024095994.3_77243	68.55	31.45	-0.04950	80.69	5.07	3.65
lcl|NC_085929.1_cds_XP_024095421.3_77247	55.77	44.23	-0.03925	63.58	4.08	3.76
lcl|NC_085929.1_cds_XP_054399243.2_77281	61.96	38.04	-0.04290	74.64	4.51	3.52
lcl|NC_085929.1_cds_XP_054399274.1_77326	58.13	41.87	-0.02681	77.24	4.00	3.48
lcl|NC_085929.1_cds_XP_002831036.3_77333	59.67	40.33	0.10391	70.10	4.50	3.63
lcl|NC_085929.1_cds_XP_054398930.1_77377	52.48	47.52	0.03062	55.31	3.69	3.59
lcl|NC_085929.1_cds_XP_054398939.1_77450	62.01	37.99	0.00757	78.33	4.47	3.30
lcl|NC_085929.1_cds_XP_024095432.2_77460	53.37	46.63	0.02902	61.28	3.96	3.75
lcl|NC_085929.1_cds_XP_054398906.2_77463	63.33	36.67	-0.00677	71.09	4.33	3.33
lcl|NC_085929.1_cds_XP_063578911.1_77472	63.32	36.68	-0.09811	69.35	4.11	3.37
lcl|NC_085929.1_cds_XP_054399308.1_77497	52.04	47.96	-0.01931	48.05	3.76	3.64
lcl|NC_085929.1_cds_XP_024095805.3_77502	57.94	42.06	0.04490	68.21	4.07	3.76
lcl|NC_085929.1_cds_XP_002831078.2_77573	44.45	55.55	0.00836	40.85	3.45	4.09
lcl|NC_085929.1_cds_XP_024095492.1_77580	53.10	46.9	-0.01292	62.28	3.90	3.79
lcl|NC_085929.1_cds_XP_024095456.3_77647	58.86	41.14	0.00594	74.48	4.03	3.49
lcl|NC_085929.1_cds_XP_024095764.3_77707	59.24	40.76	0.10473	84.60	4.23	3.55
lcl|NC_085929.1_cds_XP_024095993.3_77726	63.27	36.73	-0.08909	74.36	4.18	3.42
lcl|NC_085929.1_cds_XP_054399364.2_77769	67.11	32.89	0.08094	81.12	4.79	3.48
lcl|NC_085929.1_cds_XP_054399378.2_77783	63.21	36.79	-0.11427	69.62	4.22	3.42
lcl|NC_085929.1_cds_XP_054399394.2_77808	63.37	36.63	-0.05311	73.94	4.26	3.50
lcl|NC_085929.1_cds_XP_054399459.2_77974	63.56	36.44	-0.05680	83.35	4.80	3.49
lcl|NC_085929.1_cds_XP_024095500.1_77992	52.85	47.15	0.00438	50.27	3.88	3.78
lcl|NC_085929.1_cds_XP_009232686.2_78018	62.00	38	-0.12201	72.75	4.44	3.57
lcl|NC_085929.1_cds_XP_054399489.2_78047	51.35	48.65	-0.10783	49.59	3.73	3.89
lcl|NC_085929.1_cds_XP_054399492.1_78054	70.27	29.73	-0.04916	81.32	4.85	3.38
lcl|NC_085929.1_cds_XP_002831229.2_78061	60.63	39.37	-0.03429	81.08	4.24	3.56
lcl|NC_085929.1_cds_XP_003779614.5_78081	52.70	47.3	0.14341	53.19	3.65	3.73
lcl|NC_085929.1_cds_XP_024095643.3_78084	55.06	44.94	-0.05983	66.27	3.70	3.65
lcl|NC_085929.1_cds_XP_024095436.3_78087	60.60	39.4	-0.04011	70.19	4.40	3.55
lcl|NC_085929.1_cds_XP_054399503.2_78099	55.81	44.19	-0.07123	64.33	3.75	3.49
lcl|NC_085929.1_cds_XP_024095701.3_78134	52.17	47.83	-0.00521	49.26	3.80	3.74
lcl|NC_085929.1_cds_XP_054399730.1_78200	60.35	39.65	-0.04715	77.53	4.25	3.40
lcl|NC_085929.1_cds_XP_054399733.2_78209	45.36	54.64	0.00670	50.85	3.86	4.28
lcl|NC_085929.1_cds_XP_024095826.2_78274	39.37	60.63	0.14521	37.94	3.59	4.21
lcl|NC_085929.1_cds_XP_024095843.2_78301	47.90	52.1	-0.02686	53.68	4.49	4.19
lcl|NC_085929.1_cds_XP_054399786.1_78314	63.82	36.18	-0.03169	82.58	4.63	3.50
lcl|NC_085929.1_cds_XP_054399799.1_78342	58.06	41.94	0.02985	71.16	4.39	4.02
lcl|NC_085929.1_cds_XP_024095828.2_78346	55.69	44.31	-0.00511	71.08	4.12	4.05
lcl|NC_085929.1_cds_XP_024095949.3_78364	50.17	49.83	0.10672	55.82	4.21	4.22
lcl|NC_085929.1_cds_XP_002831344.2_78397	61.03	38.97	0.00188	75.46	4.18	3.56
lcl|NC_085929.1_cds_XP_024095365.1_78425	62.81	37.19	-0.01702	86.30	4.42	3.39
lcl|NC_085929.1_cds_XP_054399853.2_78449	59.95	40.05	0.02532	71.36	4.14	3.54
lcl|NC_085929.1_cds_XP_054399851.2_78502	64.14	35.86	-0.00055	80.92	4.30	3.21
lcl|NC_085929.1_cds_XP_002831355.4_78526	70.05	29.95	-0.08645	73.40	5.08	3.33
lcl|NC_085929.1_cds_XP_024095861.3_78542	69.45	30.55	-0.06454	82.24	5.55	3.25
lcl|NC_072008.2_cds_XP_024097321.2_78632	51.57	48.43	-0.06048	56.76	3.82	3.72
lcl|NC_072008.2_cds_XP_054400273.1_78651	52.61	47.39	-0.10522	65.83	4.16	3.72
lcl|NC_072008.2_cds_XP_002831416.3_78692	63.72	36.28	-0.03785	74.34	4.44	3.56
lcl|NC_072008.2_cds_XP_024096605.2_78695	60.26	39.74	-0.00272	70.44	4.49	3.92
lcl|NC_072008.2_cds_XP_002831420.2_78712	57.71	42.29	-0.03199	64.82	4.43	3.88
lcl|NC_072008.2_cds_XP_054400310.1_78718	51.79	48.21	0.02373	55.70	3.81	3.86
lcl|NC_072008.2_cds_XP_063577413.1_78724	40.80	59.2	-0.07799	46.03	3.57	4.36
lcl|NC_072008.2_cds_XP_063577409.1_78725	39.25	60.75	-0.06731	42.45	3.43	4.58
lcl|NC_072008.2_cds_XP_024096563.1_78743	41.63	58.37	0.08458	38.30	3.67	4.24
lcl|NC_072008.2_cds_XP_063577300.1_78760	38.05	61.95	0.06149	34.02	3.43	4.44
lcl|NC_072008.2_cds_XP_002831473.1_78823	52.30	47.7	-0.10571	50.79	4.08	3.85
lcl|NC_072008.2_cds_XP_054400346.1_78842	47.86	52.14	-0.08808	47.76	3.62	3.93
lcl|NC_072008.2_cds_XP_002831486.2_78862	51.62	48.38	0.01776	60.28	3.89	3.89
lcl|NC_072008.2_cds_XP_009232913.2_78865	45.42	54.58	-0.08868	47.35	3.67	4.11
lcl|NC_072008.2_cds_XP_054400363.1_78867	52.98	47.02	0.04463	61.81	4.37	4.09
lcl|NC_072008.2_cds_XP_024096099.1_78914	44.19	55.81	0.04665	41.06	3.64	4.34
lcl|NC_072008.2_cds_XP_002831501.1_78933	47.73	52.27	-0.06206	59.73	3.92	4.05
lcl|NC_072008.2_cds_XP_024096545.1_78959	44.70	55.3	0.08060	43.11	3.52	4.05
lcl|NC_072008.2_cds_XP_002831512.3_78986	55.57	44.43	-0.04993	48.14	3.80	3.94
lcl|NC_072008.2_cds_XP_054400404.1_78999	42.97	57.03	0.11346	41.02	3.57	4.10
lcl|NC_072008.2_cds_XP_024096483.2_79051	38.49	61.51	-0.01985	33.57	3.44	4.58
lcl|NC_072008.2_cds_XP_024096881.2_79100	46.90	53.1	0.48654	40.00	3.70	4.22
lcl|NC_072008.2_cds_XP_054400443.1_79114	53.93	46.07	-0.04931	57.87	3.91	3.66
lcl|NC_072008.2_cds_XP_063577457.1_79142	46.87	53.13	-0.08081	42.29	3.87	4.03
lcl|NC_072008.2_cds_XP_054400452.1_79152	41.16	58.84	0.05879	33.85	3.55	4.20
lcl|NC_072008.2_cds_XP_054400459.1_79178	44.44	55.56	0.05949	42.02	3.42	4.10
lcl|NC_072008.2_cds_XP_024096262.1_79192	44.63	55.37	-0.03659	38.72	3.61	4.14
lcl|NC_072008.2_cds_XP_024096673.1_79276	60.88	39.12	-0.00055	72.89	4.14	3.46
lcl|NC_072008.2_cds_XP_054400125.1_79286	56.13	43.87	-0.01873	67.48	3.99	3.52
lcl|NC_072008.2_cds_XP_024096682.2_79296	56.46	43.54	0.00897	70.36	4.01	3.52
lcl|NC_072008.2_cds_XP_024096307.2_79408	57.94	42.06	-0.01894	62.80	3.90	3.71
lcl|NC_072008.2_cds_XP_024096732.1_79448	56.57	43.43	0.15465	68.41	3.99	3.63
lcl|NC_072008.2_cds_XP_054400518.1_79487	55.91	44.09	-0.01378	70.26	4.01	3.65
lcl|NC_072008.2_cds_XP_024096508.1_79508	46.47	53.53	0.05201	50.29	3.47	3.84
lcl|NC_072008.2_cds_XP_054400531.1_79510	45.63	54.37	-0.01094	58.06	3.49	4.02
lcl|NC_072008.2_cds_XP_024096174.2_79512	49.34	50.66	-0.02586	49.36	3.94	3.85
lcl|NC_072008.2_cds_XP_009233129.3_79513	53.64	46.36	-0.02073	56.64	3.81	3.65
lcl|NC_072008.2_cds_XP_063577058.1_79605	58.21	41.79	0.05503	67.71	4.19	3.70
lcl|NC_072008.2_cds_XP_024096237.1_79608	63.26	36.74	-0.08917	72.33	4.63	3.46
lcl|NC_072008.2_cds_XP_024096342.1_79616	50.49	49.51	0.16640	65.24	4.01	3.71
lcl|NC_072008.2_cds_XP_054400564.1_79645	51.42	48.58	-0.02774	52.54	3.81	3.74
lcl|NC_072008.2_cds_XP_054400580.1_79662	52.92	47.08	0.03432	60.40	3.92	3.59
lcl|NC_072008.2_cds_XP_054400588.1_79666	54.87	45.13	-0.04435	55.47	4.15	3.85
lcl|NC_072008.2_cds_XP_054400592.1_79673	43.61	56.39	0.00128	35.62	3.50	4.04
lcl|NC_072008.2_cds_XP_024096244.1_79684	61.02	38.98	-0.06303	70.89	4.33	3.39
lcl|NC_072008.2_cds_XP_024096669.2_79696	54.67	45.33	-0.13968	59.97	3.87	3.52
lcl|NC_072008.2_cds_XP_002831745.2_79701	54.56	45.44	0.01536	53.21	3.53	3.68
lcl|NC_072008.2_cds_XP_002831775.1_79783	55.56	44.44	0.00264	54.53	3.80	3.55
lcl|NC_072008.2_cds_XP_002831786.2_79796	50.30	49.7	-0.03246	53.05	3.74	3.73
lcl|NC_072008.2_cds_XP_024096750.1_79816	50.86	49.14	0.04343	56.37	3.66	3.77
lcl|NC_072008.2_cds_XP_009233214.2_79836	58.47	41.53	-0.00691	65.16	4.46	3.58
lcl|NC_072008.2_cds_XP_054400651.1_79847	60.04	39.96	-0.02047	68.62	4.09	3.48
lcl|NC_072008.2_cds_XP_024096341.1_79878	46.34	53.66	0.09959	48.50	3.48	3.98
lcl|NC_072008.2_cds_XP_054400672.1_79881	54.57	45.43	0.05137	63.36	4.13	3.80
lcl|NC_072008.2_cds_XP_024096461.1_79892	40.17	59.83	0.10753	38.88	3.42	4.17
lcl|NC_072008.2_cds_XP_009233232.2_79902	54.64	45.36	-0.04892	61.96	3.89	3.55
lcl|NC_072008.2_cds_XP_054400124.1_79906	57.56	42.44	-0.09550	69.02	4.17	3.52
lcl|NC_072008.2_cds_XP_024096898.1_79916	55.97	44.03	-0.02520	64.70	4.06	3.56
lcl|NC_072008.2_cds_XP_024096588.1_79925	47.21	52.79	0.09417	46.96	3.70	3.89
lcl|NC_072008.2_cds_NP_001127296.2_79931	44.95	55.05	0.03399	41.17	3.41	4.12
lcl|NC_072008.2_cds_XP_054400680.1_79942	56.18	43.82	-0.10119	58.13	3.82	3.70
lcl|NC_072008.2_cds_XP_002831842.2_79952	40.53	59.47	0.08218	34.29	3.47	4.35
lcl|NC_072008.2_cds_XP_002831850.3_79962	47.04	52.96	0.01580	46.16	3.56	3.93
lcl|NC_072008.2_cds_XP_002831865.2_79994	44.98	55.02	0.00244	46.80	3.46	4.07
lcl|NC_072008.2_cds_XP_054400724.1_80012	40.49	59.51	0.05949	36.77	3.52	4.37
lcl|NC_072008.2_cds_XP_002831876.3_80016	57.31	42.69	-0.06497	62.32	4.10	3.78
lcl|NC_072008.2_cds_XP_024096285.1_80025	38.11	61.89	0.18316	31.33	3.35	4.32
lcl|NC_072008.2_cds_XP_002831882.2_80036	42.04	57.96	0.06920	36.71	3.33	4.16
lcl|NC_072008.2_cds_XP_024096659.1_80071	43.21	56.79	0.11510	34.22	3.52	4.29
lcl|NC_072008.2_cds_XP_009233306.2_80149	45.32	54.68	-0.06838	42.27	3.49	3.81
lcl|NC_072008.2_cds_XP_054400804.1_80171	40.59	59.41	0.01226	36.08	4.07	4.26
lcl|NC_072008.2_cds_XP_024096421.1_80182	56.22	43.78	-0.06914	71.63	4.22	3.61
lcl|NC_072008.2_cds_XP_024096913.1_80240	54.42	45.58	-0.02941	62.42	3.69	3.78
lcl|NC_072008.2_cds_XP_054400826.1_80258	53.42	46.58	0.23606	49.14	3.71	3.99
lcl|NC_072008.2_cds_XP_054400848.1_80324	47.35	52.65	0.20726	45.42	3.67	4.20
lcl|NC_072008.2_cds_NP_001126271.1_80344	47.91	52.09	0.12106	45.17	3.85	4.10
lcl|NC_072008.2_cds_XP_054400897.1_80444	45.88	54.12	0.05596	40.09	3.54	4.12
lcl|NC_072008.2_cds_NP_001127030.2_80456	43.19	56.81	0.04599	40.07	3.65	4.46
lcl|NC_072008.2_cds_XP_002832007.1_80460	39.76	60.24	0.10247	36.31	3.31	4.30
lcl|NC_072008.2_cds_XP_054400906.1_80466	46.38	53.62	0.06820	47.76	3.83	3.99
lcl|NC_072008.2_cds_XP_054400911.1_80483	57.69	42.31	-0.04731	65.73	4.02	3.65
lcl|NC_072008.2_cds_XP_054400920.1_80517	57.29	42.71	0.07084	41.25	3.87	3.70
lcl|NC_072008.2_cds_XP_054400925.1_80520	55.40	44.6	0.05639	28.71	3.79	3.70
lcl|NC_072008.2_cds_XP_002832028.2_80525	56.95	43.05	0.01113	52.54	4.25	3.88
lcl|NC_072008.2_cds_XP_002832066.3_80527	47.46	52.54	0.04750	50.32	3.58	3.95
lcl|NC_072008.2_cds_XP_003779749.2_80557	50.71	49.29	-0.10743	46.00	3.48	3.65
lcl|NC_072008.2_cds_XP_024096444.1_80591	45.52	54.48	-0.02452	38.94	3.53	4.06
lcl|NC_072008.2_cds_XP_002832050.1_80604	48.31	51.69	-0.03609	57.95	3.65	4.01
lcl|NC_072008.2_cds_XP_024096809.1_80610	54.76	45.24	-0.07434	51.70	3.66	3.67
lcl|NC_072008.2_cds_XP_054400959.1_80620	65.00	35	0.00098	74.30	4.53	3.29
lcl|NC_072008.2_cds_XP_024096726.1_80646	41.25	58.75	0.05924	31.07	3.59	4.12
lcl|NC_072008.2_cds_XP_054400969.1_80649	40.05	59.95	0.01110	38.02	3.66	4.33
lcl|NC_072008.2_cds_XP_002832083.1_80659	48.07	51.93	-0.03958	45.84	3.60	3.87
lcl|NC_072008.2_cds_XP_054400991.1_80704	39.56	60.44	0.04876	38.65	3.36	4.34
lcl|NC_072008.2_cds_XP_002832117.1_80718	45.96	54.04	0.07780	50.28	3.63	3.84
lcl|NC_072008.2_cds_XP_063577327.1_80742	39.35	60.65	0.09949	34.99	3.53	4.25
lcl|NC_072008.2_cds_XP_024096351.1_80753	39.45	60.55	0.14514	34.12	3.42	4.26
lcl|NC_072008.2_cds_XP_054401014.1_80778	47.02	52.98	0.02046	47.37	3.66	3.96
lcl|NC_072008.2_cds_XP_024096119.1_80794	41.83	58.17	0.13095	38.56	3.76	4.22
lcl|NC_072008.2_cds_NP_001125941.1_80802	45.75	54.25	0.01059	48.99	3.61	3.99
lcl|NC_072008.2_cds_XP_024096830.1_80816	58.66	41.34	-0.10022	62.32	4.00	3.58
lcl|NC_072008.2_cds_XP_024096843.1_80852	51.76	48.24	-0.00960	56.56	3.81	3.75
lcl|NC_072008.2_cds_XP_054401058.1_80881	39.05	60.95	0.05126	37.77	3.42	4.34
lcl|NC_072008.2_cds_XP_003779783.1_80968	42.01	57.99	-0.03972	36.37	3.61	4.24
lcl|NC_072008.2_cds_XP_024096313.2_81002	45.69	54.31	0.07206	42.40	3.66	4.18
lcl|NC_072008.2_cds_XP_002832207.3_81003	42.35	57.65	-0.18284	36.89	3.37	4.15
lcl|NC_072008.2_cds_XP_054401119.1_81040	38.81	61.19	0.11519	36.44	3.43	4.45
lcl|NC_072008.2_cds_XP_063577111.1_81049	39.50	60.5	0.03659	36.37	3.46	4.25
lcl|NC_072008.2_cds_XP_054400220.1_81072	53.19	46.81	-0.20564	55.78	3.89	3.80
lcl|NC_072008.2_cds_XP_054400221.1_81073	53.18	46.82	-0.20311	55.74	3.90	3.81
lcl|NC_072008.2_cds_XP_002832253.2_81079	44.30	55.7	-0.01274	47.83	3.71	4.28
lcl|NC_072008.2_cds_XP_024096901.2_81087	47.20	52.8	-0.07679	53.43	3.73	3.87
lcl|NC_072008.2_cds_XP_054401136.1_81113	48.32	51.68	-0.13471	49.16	3.54	3.80
lcl|NC_072008.2_cds_XP_054401191.1_81258	59.65	40.35	-0.05529	56.06	4.22	3.46
lcl|NC_072008.2_cds_XP_054401192.1_81261	59.79	40.21	-0.05727	56.05	4.21	3.46
lcl|NC_072008.2_cds_XP_054401194.1_81272	60.89	39.11	-0.01517	78.70	4.26	3.36
lcl|NC_072008.2_cds_XP_063577191.1_81296	65.09	34.91	-0.05843	77.78	4.37	3.34
lcl|NC_072008.2_cds_XP_063577205.1_81322	59.43	40.57	-0.03165	76.87	4.13	3.55
lcl|NC_072008.2_cds_XP_024096522.1_81325	64.80	35.2	0.04074	81.10	4.66	3.57
lcl|NC_072008.2_cds_XP_063577207.1_81341	62.73	37.27	-0.11633	72.30	4.24	3.67
lcl|NC_072008.2_cds_XP_024096896.1_81362	61.48	38.52	0.02088	75.83	4.30	3.35
lcl|NC_072008.2_cds_XP_054401245.1_81396	61.99	38.01	-0.06969	78.45	4.30	3.32
lcl|NC_072008.2_cds_XP_024096329.1_81418	42.66	57.34	-0.00797	41.28	3.44	4.16
lcl|NC_072009.2_cds_XP_054401299.1_81513	39.82	60.18	0.06488	31.78	3.47	4.36
lcl|NC_072009.2_cds_XP_054401438.1_81544	42.04	57.96	-0.00274	34.62	3.42	4.30
lcl|NC_072009.2_cds_XP_054401478.1_81562	56.95	43.05	-0.09057	61.47	3.76	3.80
lcl|NC_072009.2_cds_XP_054401474.1_81564	56.95	43.05	-0.09057	61.47	3.76	3.80
lcl|NC_072009.2_cds_XP_054401272.1_81565	51.41	48.59	-0.09837	63.20	4.04	3.71
lcl|NC_072009.2_cds_XP_054401267.1_81578	52.84	47.16	0.06186	57.40	3.74	3.78
lcl|NC_072009.2_cds_XP_054401340.1_81653	48.64	51.36	-0.03811	43.82	3.84	4.20
lcl|NC_072009.2_cds_XP_054401348.1_81677	48.71	51.29	-0.03937	43.91	3.84	4.20
lcl|NC_072009.2_cds_XP_054401349.1_81678	48.35	51.65	-0.04294	42.96	3.83	4.24
