chr	start	end	frame	filler	strand	chr	first_exon_start	last_exon_end	gene	transcript	exon_strand	exon_frame	exon_count	upstream_len_in_scfr	downstream_len_in_scfr	first_exon_number	last_exon_number	gene_tx_count	first_exon_tx_count	last_exon_tx_count	first_exon_order	last_exon_order	first_exon_sharing	last_exon_sharing	first_exon_splicing	last_exon_splicing	first_exon_overlap	last_exon_overlap	merged_txs
NC_060925.1	1063725	1064214	1	1	+	NC_060925.1	1063890	1064209	MIB2	NM_001170686.4	+	1	2	164	5	16	17	29	28	28	middle	middle	0.966	0.966	alternative	alternative	181	65	28
NC_060925.1	1066611	1068417	1	1	+	NC_060925.1	1066723	1067417	MMP23B	NM_006983.2	+	1	2	111	1000	1	2	3	3	3	first	middle	1.000	1.000	constitutive	constitutive	155	130	3
NC_060925.1	109302947	109303934	3	1	+	NC_060925.1	109303236	109303835	CELSR2	NM_001408.3	+	3	2	288	99	24	25	1	1	1	middle	middle	1.000	1.000	constitutive	constitutive	174	112	1
NC_060925.1	109304077	109304548	2	1	+	NC_060925.1	109304182	109304518	CELSR2	NM_001408.3	+	2	2	104	30	27	28	1	1	1	middle	middle	1.000	1.000	constitutive	constitutive	126	122	1
NC_060925.1	109305609	109306467	1	1	+	NC_060925.1	109305629	109306466	CELSR2	NM_001408.3	+	1	3	19	1	31	33	1	1	1	middle	middle	1.000	1.000	constitutive	constitutive	194	234	1
NC_060925.1	109662545	109663664	3	1	+	NC_060925.1	109662954	109663514	AMPD2	NM_001257361.2	+	3	2	408	150	15	16	5	5	5	middle	middle	1.000	1.000	constitutive	constitutive	173	110	5
NC_060925.1	109687129	109687717	2	1	+	NC_060925.1	109687259	109687555	GSTM4	NM_000850.5	+	2	2	129	162	6	7	4	4	4	middle	middle	1.000	1.000	constitutive	constitutive	95	110	4
NC_060925.1	109696528	109697080	2	1	+	NC_060925.1	109696562	109696946	GSTM2	XM_047443675.1	+	2	2	33	134	1	2	1	1	1	first	middle	1.000	1.000	constitutive	constitutive	35	75	1
NC_060925.1	109699637	109700129	3	1	+	NC_060925.1	109699779	109700075	GSTM2	XM_047443675.1	+	3	2	141	54	6	7	1	1	1	middle	middle	1.000	1.000	constitutive	constitutive	95	110	1
NC_060925.1	11224363	11224858	-3	1	-	NC_060925.1	11224409	11224657	MAD2L2	NM_001127325.2	-	3	2	201	45	1	2	3	3	3	first	middle	1.000	1.000	constitutive	constitutive	39	118	3
NC_060925.1	112723007	112723439	-2	1	-	NC_060925.1	112723009	112723400	PPM1J	NM_005167.7	-	2	2	39	1	8	9	1	1	1	middle	middle	1.000	1.000	constitutive	constitutive	107	151	1
NC_060925.1	1188675	1189128	-1	1	-	NC_060925.1	1188705	1189097	NADK	NM_001198993.2	-	1	2	31	29	7	8	11	11	11	middle	middle	1.000	1.000	constitutive	constitutive	154	99	11
NC_060925.1	1352306	1353089	-2	1	-	NC_060925.1	1352307	1352853	TMEM52	NM_178545.4	-	2	2	236	0	4	5	3	3	3	middle	last	1.000	1.000	constitutive	constitutive	178	277	3
NC_060925.1	1353465	1353777	-1	1	-	NC_060925.1	1353467	1353678	TMEM52	NM_178545.4	-	1	2	99	1	1	2	3	1	1	first	middle	0.333	0.333	unique	unique	77	49	1
NC_060925.1	1353465	1353777	-1	1	-	NC_060925.1	1353467	1353678	TMEM52	XM_054336258.1	-	1	2	99	1	1	2	3	2	2	first	middle	0.667	0.667	alternative	alternative	74	43	2
NC_060925.1	1361052	1361556	-1	1	-	NC_060925.1	1361169	1361545	CFAP74	NM_001304360.2	-	1	2	11	116	28	29	1	1	1	middle	middle	1.000	1.000	constitutive	constitutive	134	109	1
NC_060925.1	144966908	144967508	-2	1	-	NC_060925.1	144967035	144967389	PIAS3	NM_006099.3	-	2	2	119	126	12	13	1	1	1	middle	middle	1.000	1.000	constitutive	constitutive	133	37	1
NC_060925.1	149048027	149048594	-2	1	-	NC_060925.1	149048028	149048497	SF3B4	NM_005850.5	-	2	2	97	0	5	6	2	2	2	middle	last	1.000	1.000	constitutive	constitutive	173	184	2
NC_060925.1	149391778	149392429	-3	1	-	NC_060925.1	149391992	149392395	APH1A	NM_001077628.3	-	3	2	34	213	4	5	5	5	5	middle	middle	1.000	1.000	constitutive	constitutive	122	127	5
NC_060925.1	149634634	149635138	2	1	+	NC_060925.1	149634675	149635022	ECM1	NM_001202858.2	+	2	2	40	116	4	5	3	1	3	middle	middle	0.333	1.000	unique	constitutive	167	80	1
NC_060925.1	149634634	149635138	2	1	+	NC_060925.1	149634762	149635022	ECM1	NM_004425.4	+	2	2	127	116	4	5	3	2	3	middle	middle	0.667	1.000	alternative	constitutive	80	80	2
NC_060925.1	149680645	149681488	2	1	+	NC_060925.1	149680653	149681369	ADAMTSL4	NM_001288607.2	+	2	3	7	119	9	11	20	20	1	middle	middle	1.000	0.050	constitutive	unique	172	73	1
NC_060925.1	149680645	149681488	2	1	+	NC_060925.1	149680653	149681369	ADAMTSL4	NM_001288608.2	+	2	3	7	119	9	11	20	20	19	middle	middle	1.000	0.950	constitutive	alternative	172	185	19
NC_060925.1	150551518	150552187	-3	1	-	NC_060925.1	150551530	150552120	POGZ	NM_001194937.2	-	3	2	67	11	5	6	17	16	6	middle	middle	0.941	0.353	alternative	alternative	290	191	6
NC_060925.1	150551518	150552187	-3	1	-	NC_060925.1	150551530	150552120	POGZ	NM_001410860.1	-	3	2	67	11	6	7	17	16	10	middle	middle	0.941	0.588	alternative	alternative	290	218	10
NC_060925.1	150659302	150659602	2	1	+	NC_060925.1	150659303	150659601	CGN	NM_020770.3	+	2	2	0	1	16	17	2	2	2	middle	middle	1.000	1.000	constitutive	constitutive	83	118	2
NC_060925.1	150829154	150829826	-2	1	-	NC_060925.1	150829208	150829747	CELF3	NM_001172648.4	-	2	2	79	53	10	11	5	4	5	middle	middle	0.800	1.000	alternative	constitutive	137	143	4
NC_060925.1	150829154	150829826	-2	1	-	NC_060925.1	150829208	150829744	CELF3	NM_001291106.2	-	2	2	82	53	10	11	5	1	5	middle	middle	0.200	1.000	unique	constitutive	134	143	1
NC_060925.1	151336645	151357084	-3	1	-	NC_060925.1	151336646	151356961	LOC124905679	NM_001422216.1	-	3	4	123	0	1	4	1	1	1	first	last	1.000	1.000	constitutive	constitutive	3762	8788	1
NC_060925.1	152826444	152826852	1	1	+	NC_060925.1	152826453	152826786	NPR1	NM_000906.4	+	1	2	8	66	17	18	3	2	2	middle	middle	0.667	0.667	alternative	alternative	123	68	2
NC_060925.1	152909582	152909966	3	1	+	NC_060925.1	152909594	152909965	INTS3	NM_001324475.2	+	3	2	11	1	27	28	2	2	2	middle	middle	1.000	1.000	constitutive	constitutive	100	72	2
NC_060925.1	152910080	152910521	3	1	+	NC_060925.1	152910179	152910521	INTS3	NM_001324475.2	+	3	2	98	0	29	30	2	2	2	middle	last	1.000	1.000	constitutive	constitutive	156	74	2
NC_060925.1	15383251	15383749	-3	1	-	NC_060925.1	15383252	15383700	ZBTB17	NM_001242884.2	-	3	2	49	0	12	13	10	5	10	middle	last	0.500	1.000	alternative	constitutive	89	280	5
NC_060925.1	15383251	15383749	-3	1	-	NC_060925.1	15383252	15383721	ZBTB17	NM_001287603.2	-	3	2	28	0	13	14	10	5	10	middle	last	0.500	1.000	alternative	constitutive	110	280	5
NC_060925.1	15385234	15386212	-3	1	-	NC_060925.1	15385580	15386119	ZBTB17	NM_001242884.2	-	3	2	93	345	5	6	10	10	10	middle	middle	1.000	1.000	constitutive	constitutive	142	300	10
NC_060925.1	154086609	154087272	-1	1	-	NC_060925.1	154086778	154087073	PBXIP1	NM_001317734.2	-	1	2	199	168	6	7	3	3	3	middle	middle	1.000	1.000	constitutive	constitutive	70	131	3
NC_060925.1	154105208	154105970	-2	1	-	NC_060925.1	154105307	154105878	SHC1	NM_001130040.2	-	2	3	92	98	8	10	42	32	19	middle	middle	0.762	0.452	alternative	alternative	198	134	13
NC_060925.1	154105208	154105970	-2	1	-	NC_060925.1	154105307	154105878	SHC1	NM_001130041.2	-	2	3	92	98	8	10	42	32	23	middle	middle	0.762	0.548	alternative	alternative	198	131	19
NC_060925.1	154105208	154105970	-2	1	-	NC_060925.1	154105307	154105905	SHC1	XM_054338218.1	-	2	3	65	98	8	10	42	10	19	middle	middle	0.238	0.452	alternative	alternative	225	134	6
NC_060925.1	154105208	154105970	-2	1	-	NC_060925.1	154105307	154105905	SHC1	XM_054338219.1	-	2	3	65	98	8	10	42	10	23	middle	middle	0.238	0.548	alternative	alternative	225	131	4
NC_060925.1	154170539	154171199	-2	1	-	NC_060925.1	154170545	154171147	DCST2	NM_144622.3	-	2	2	52	5	4	5	5	2	4	middle	middle	0.400	0.800	alternative	alternative	197	65	2
NC_060925.1	154170539	154171199	-2	1	-	NC_060925.1	154170545	154171028	DCST2	XM_054334346.1	-	2	2	171	5	1	2	5	2	4	first	middle	0.400	0.800	alternative	alternative	78	65	2
NC_060925.1	154185218	154185641	3	1	+	NC_060925.1	154185269	154185596	DCST1	NM_001143687.2	+	3	2	50	45	9	10	2	2	2	middle	middle	1.000	1.000	constitutive	constitutive	99	95	2
NC_060925.1	154191914	154192163	3	1	+	NC_060925.1	154191916	154192162	ADAM15	NM_001261466.2	+	3	2	1	1	2	3	9	1	1	middle	middle	0.111	0.111	unique	unique	28	106	1
NC_060925.1	154225461	154225914	1	1	+	NC_060925.1	154225502	154225914	EFNA4-EFNA3	NM_001407761.1	+	1	2	40	0	4	5	1	1	1	middle	last	1.000	1.000	constitutive	constitutive	77	127	1
NC_060925.1	154225461	154225914	1	1	+	NC_060925.1	154225502	154225914	EFNA3	NM_004952.5	+	1	2	40	0	4	5	1	1	1	middle	last	1.000	1.000	constitutive	constitutive	77	127	1
NC_060925.1	154343364	154344018	-1	1	-	NC_060925.1	154343418	154343879	THBS3	NM_001252607.2	-	1	2	139	53	3	4	29	23	24	middle	middle	0.793	0.828	alternative	alternative	256	102	23
NC_060925.1	154343364	154344018	-1	1	-	NC_060925.1	154343418	154343628	THBS3	NM_001407559.1	-	1	2	390	53	1	2	29	1	24	first	middle	0.034	0.828	unique	alternative	5	102	1
NC_060925.1	154433835	154434381	-1	1	-	NC_060925.1	154433995	154434314	PKLR	NM_000298.6	-	1	2	67	159	3	4	7	7	7	middle	middle	1.000	1.000	constitutive	constitutive	91	131	7
NC_060925.1	154458069	154458531	1	1	+	NC_060925.1	154458151	154458468	FDPS	NM_001135821.2	+	1	2	81	63	8	9	7	7	7	middle	middle	1.000	1.000	constitutive	constitutive	77	134	7
NC_060925.1	154750506	154750893	1	1	+	NC_060925.1	154750548	154750881	MSTO1	NM_001256532.1	+	1	2	41	12	7	8	36	32	36	middle	middle	0.889	1.000	alternative	constitutive	117	134	32
NC_060925.1	154750506	154750893	1	1	+	NC_060925.1	154750531	154750881	MSTO1	NM_001350784.1	+	1	2	24	12	1	2	36	4	36	first	middle	0.111	1.000	alternative	constitutive	134	134	4
NC_060925.1	154751957	154752353	3	1	+	NC_060925.1	154751990	154752331	MSTO1	NM_001350773.1	+	3	2	32	22	12	13	36	7	5	middle	middle	0.194	0.139	alternative	alternative	141	109	5
NC_060925.1	154751957	154752353	3	1	+	NC_060925.1	154751990	154752298	MSTO1	XM_054337361.1	+	3	2	32	55	12	13	36	7	2	middle	middle	0.194	0.056	alternative	alternative	141	76	2
NC_060925.1	155381171	155381537	3	1	+	NC_060925.1	155381219	155381537	PMF1-BGLAP	NM_001199661.1	+	3	2	47	0	6	7	4	2	2	middle	last	0.500	0.500	alternative	alternative	69	47	2
NC_060925.1	155516563	155517028	2	1	+	NC_060925.1	155516599	155517008	RHBG	NM_001412175.1	+	2	2	35	20	3	4	3	3	3	middle	middle	1.000	1.000	constitutive	constitutive	150	147	3
NC_060925.1	155686899	155687406	-1	1	-	NC_060925.1	155686936	155687336	IQGAP3	NM_178229.5	-	1	2	70	36	17	18	10	10	7	middle	middle	1.000	0.700	constitutive	alternative	167	139	7
NC_060925.1	155686899	155687406	-1	1	-	NC_060925.1	155686936	155687336	IQGAP3	XM_054334422.1	-	1	2	70	36	18	19	10	10	3	middle	middle	1.000	0.300	constitutive	alternative	167	136	3
NC_060925.1	155699899	155700220	-3	1	-	NC_060925.1	155699908	155700179	IQGAP3	NM_178229.5	-	3	2	41	8	6	7	10	8	8	middle	middle	0.800	0.800	alternative	alternative	67	113	8
NC_060925.1	155721069	155721513	1	1	+	NC_060925.1	155721245	155721513	TTC24	XM_054334791.1	+	1	2	175	0	4	5	9	1	1	middle	last	0.111	0.111	unique	unique	97	20	1
NC_060925.1	156060944	156061565	3	1	+	NC_060925.1	156061270	156061564	LRRC71	NM_144702.3	+	3	2	325	1	3	4	17	11	11	middle	middle	0.647	0.647	alternative	alternative	128	75	11
NC_060925.1	156235996	156236665	-3	1	-	NC_060925.1	156235998	156236380	ETV3L	NM_001004341.2	-	3	2	285	1	1	2	1	1	1	first	middle	1.000	1.000	constitutive	constitutive	57	237	1
NC_060925.1	167175951	167176404	-1	1	-	NC_060925.1	167175962	167176341	ADCY10	NM_001167749.3	-	1	2	63	10	22	23	11	8	8	middle	middle	0.727	0.727	alternative	alternative	204	96	8
NC_060925.1	16806284	16807040	-2	1	-	NC_060925.1	16806399	16806919	ATP13A2	NM_001141973.3	-	2	2	121	114	13	15	43	43	31	middle	middle	1.000	0.721	constitutive	alternative	110	188	31
NC_060925.1	16806284	16807040	-2	1	-	NC_060925.1	16806414	16806919	ATP13A2	XM_054335631.1	-	2	2	121	129	13	15	43	43	12	middle	middle	1.000	0.279	constitutive	alternative	110	173	12
NC_060925.1	16810590	16810980	-1	1	-	NC_060925.1	16810668	16810956	ATP13A2	NM_001141973.3	-	1	2	24	77	9	10	43	28	43	middle	middle	0.651	1.000	alternative	constitutive	134	66	28
NC_060925.1	16810590	16810980	-1	1	-	NC_060925.1	16810668	16810929	ATP13A2	XM_054335634.1	-	1	2	51	77	9	10	43	15	43	middle	middle	0.349	1.000	alternative	constitutive	107	66	15
NC_060925.1	17041128	17042067	1	1	+	NC_060925.1	17041458	17042052	PADI1	NM_013358.3	+	1	2	329	15	9	10	7	7	7	middle	middle	1.000	1.000	constitutive	constitutive	123	107	7
NC_060925.1	182599205	182599733	3	1	+	NC_060925.1	182599377	182599728	LAMC2	NM_005562.3	+	3	2	171	5	21	22	11	10	9	middle	middle	0.909	0.818	alternative	alternative	158	99	9
NC_060925.1	182599205	182599733	3	1	+	NC_060925.1	182599377	182599733	LAMC2	NM_018891.3	+	3	2	171	0	21	22	11	10	1	middle	last	0.909	0.091	alternative	unique	158	104	1
NC_060925.1	19109345	19109942	-2	1	-	NC_060925.1	19109415	19109899	AKR7A3	NM_012067.3	-	2	2	43	69	2	3	3	3	3	middle	middle	1.000	1.000	constitutive	constitutive	187	104	3
NC_060925.1	1939375	1940428	2	1	+	NC_060925.1	1939623	1940339	PLCH2	NM_001303012.2	+	2	3	247	89	17	19	12	12	12	middle	middle	1.000	1.000	constitutive	constitutive	124	146	12
NC_060925.1	200262186	200262672	-1	1	-	NC_060925.1	200262250	200262636	KIF21B	NM_001252100.2	-	1	2	36	63	4	5	7	5	5	middle	middle	0.714	0.714	alternative	alternative	149	134	5
NC_060925.1	204328640	204329195	3	1	+	NC_060925.1	204328678	204329106	CNTN2	NM_001346083.2	+	3	2	37	89	10	11	6	6	6	middle	middle	1.000	1.000	constitutive	constitutive	150	127	6
NC_060925.1	2047089	2048094	-1	1	-	NC_060925.1	2047195	2048003	MMEL1	NM_033467.4	-	1	2	91	105	7	8	1	1	1	middle	middle	1.000	1.000	constitutive	constitutive	118	65	1
NC_060925.1	20481625	20482075	-3	1	-	NC_060925.1	20481627	20481966	DDOST	NM_005216.5	-	3	2	109	1	4	5	1	1	1	middle	middle	1.000	1.000	constitutive	constitutive	103	94	1
NC_060925.1	206733785	206734214	3	1	+	NC_060925.1	206733841	206734213	CR2	NM_001006658.3	+	3	2	55	1	3	4	2	2	2	middle	middle	1.000	1.000	constitutive	constitutive	188	99	2
NC_060925.1	208870191	208870791	-1	1	-	NC_060925.1	208870273	208870768	LAMB3	NM_000228.3	-	1	2	23	81	14	15	7	7	7	middle	middle	1.000	1.000	constitutive	constitutive	160	220	7
NC_060925.1	21647927	21648644	-2	1	-	NC_060925.1	21647929	21648423	HSPG2	NM_001291860.2	-	2	2	221	1	93	95	9	9	9	middle	middle	1.000	1.000	constitutive	constitutive	78	83	9
NC_060925.1	21651730	21652408	-3	1	-	NC_060925.1	21651838	21652234	HSPG2	NM_001291860.2	-	3	2	174	107	89	90	9	9	9	middle	middle	1.000	1.000	constitutive	constitutive	171	122	9
NC_060925.1	21654881	21655487	-2	1	-	NC_060925.1	21655023	21655370	HSPG2	NM_001291860.2	-	2	2	117	141	83	84	9	9	9	middle	middle	1.000	1.000	constitutive	constitutive	99	109	9
NC_060925.1	21657230	21657761	-2	1	-	NC_060925.1	21657275	21657733	HSPG2	NM_001291860.2	-	2	2	28	44	78	79	9	9	9	middle	middle	1.000	1.000	constitutive	constitutive	109	147	9
NC_060925.1	21671403	21672009	-1	1	-	NC_060925.1	21671494	21671898	HSPG2	NM_001291860.2	-	1	2	111	90	60	61	9	9	9	middle	middle	1.000	1.000	constitutive	constitutive	135	151	9
NC_060925.1	21678396	21679512	-1	1	-	NC_060925.1	21678409	21679244	HSPG2	NM_001291860.2	-	1	2	268	12	47	49	9	9	9	middle	middle	1.000	1.000	constitutive	constitutive	142	154	9
NC_060925.1	21683558	21684068	-2	1	-	NC_060925.1	21683633	21684033	HSPG2	NM_001291860.2	-	2	2	35	74	40	41	9	9	9	middle	middle	1.000	1.000	constitutive	constitutive	58	167	9
NC_060925.1	21708683	21709334	-2	1	-	NC_060925.1	21708823	21709261	HSPG2	NM_001291860.2	-	2	2	73	139	10	11	9	9	9	middle	middle	1.000	1.000	constitutive	constitutive	131	144	9
NC_060925.1	22425597	22426125	1	1	+	NC_060925.1	22425673	22426100	EPHA8	NM_020526.5	+	1	2	75	25	14	15	7	6	6	middle	middle	0.857	0.857	alternative	alternative	149	190	6
NC_060925.1	227004602	227005169	3	1	+	NC_060925.1	227004633	227005168	PRSS38	NM_001374657.2	+	3	2	30	1	1	2	3	3	3	first	middle	1.000	1.000	constitutive	constitutive	147	162	3
NC_060925.1	227291277	227291697	-1	1	-	NC_060925.1	227291296	227291674	C1orf35	NM_024319.4	-	1	2	23	18	3	5	1	1	1	middle	middle	1.000	1.000	constitutive	constitutive	45	72	1
NC_060925.1	227291883	227292285	-1	1	-	NC_060925.1	227291885	227292213	C1orf35	NM_024319.4	-	1	2	72	1	1	2	1	1	1	first	middle	1.000	1.000	constitutive	constitutive	93	150	1
NC_060925.1	227404274	227405543	3	1	+	NC_060925.1	227404354	227405493	OBSCN	NM_001098623.2	+	3	2	79	50	5	6	4	4	4	middle	middle	1.000	1.000	constitutive	constitutive	266	281	4
NC_060925.1	227462533	227463250	2	1	+	NC_060925.1	227462571	227463245	OBSCN	NM_001098623.2	+	2	2	37	5	17	18	4	4	4	middle	middle	1.000	1.000	constitutive	constitutive	278	266	4
NC_060925.1	227468777	227469764	3	1	+	NC_060925.1	227468983	227469600	OBSCN	NM_001098623.2	+	3	2	205	164	28	29	4	4	4	middle	middle	1.000	1.000	constitutive	constitutive	266	266	4
NC_060925.1	227525631	227526279	1	1	+	NC_060925.1	227525792	227526171	OBSCN	NM_001098623.2	+	1	2	160	108	64	65	4	4	4	middle	middle	1.000	1.000	constitutive	constitutive	122	139	4
NC_060925.1	227554814	227555642	3	1	+	NC_060925.1	227554912	227555406	OBSCN	NM_001098623.2	+	3	2	97	236	82	83	4	3	3	middle	middle	0.750	0.750	alternative	alternative	112	168	3
NC_060925.1	227564406	227565060	1	1	+	NC_060925.1	227564540	227565016	OBSCN	NM_001098623.2	+	1	2	133	44	97	98	4	3	3	middle	middle	0.750	0.750	alternative	alternative	122	170	3
NC_060925.1	227565554	227566130	3	1	+	NC_060925.1	227565631	227566129	OBSCN	NM_001098623.2	+	3	2	76	1	99	100	4	3	3	middle	middle	0.750	0.750	alternative	alternative	81	239	3
NC_060925.1	23267751	23268198	-1	1	-	NC_060925.1	23267914	23268182	ASAP3	NM_001143778.2	-	1	2	16	162	19	20	9	9	6	middle	middle	1.000	0.667	constitutive	alternative	67	107	6
NC_060925.1	23267751	23268198	-1	1	-	NC_060925.1	23267851	23268182	ASAP3	XM_054337529.1	-	1	2	16	99	20	21	9	9	3	middle	middle	1.000	0.333	constitutive	alternative	67	170	3
NC_060925.1	23628811	23629141	2	1	+	NC_060925.1	23628835	23629111	LYPLA2	NM_007260.3	+	2	2	23	30	5	6	2	2	2	middle	middle	1.000	1.000	constitutive	constitutive	70	73	2
NC_060925.1	23631099	23631582	-1	1	-	NC_060925.1	23631126	23631561	GALE	NM_000403.4	-	1	2	21	26	8	9	3	3	3	middle	middle	1.000	1.000	constitutive	constitutive	77	114	3
NC_060925.1	239620273	239622205	2	1	+	NC_060925.1	239620304	239622204	FMN2	NM_001305424.2	+	2	2	30	1	6	7	3	2	2	middle	middle	0.667	0.667	alternative	alternative	956	910	2
NC_060925.1	26003168	26003621	-2	1	-	NC_060925.1	26003169	26003549	C1orf232	NM_001364667.1	-	2	2	72	0	2	3	2	2	1	middle	last	1.000	0.500	constitutive	unique	83	185	1
NC_060925.1	26003168	26003621	-2	1	-	NC_060925.1	26003257	26003549	C1orf232	NM_001364669.2	-	2	2	72	88	2	3	2	2	1	middle	middle	1.000	0.500	constitutive	unique	83	97	1
NC_060925.1	26021114	26021573	3	1	+	NC_060925.1	26021160	26021572	CNKSR1	NM_001297647.2	+	3	2	45	1	9	10	3	2	3	middle	middle	0.667	1.000	alternative	constitutive	101	70	2
NC_060925.1	26021114	26021573	3	1	+	NC_060925.1	26021181	26021572	CNKSR1	NM_001297648.2	+	3	2	66	1	1	2	3	1	3	first	middle	0.333	1.000	unique	constitutive	80	70	1
NC_060925.1	26025826	26026417	2	1	+	NC_060925.1	26025873	26026384	CNKSR1	NM_001297647.2	+	2	2	46	33	18	20	3	3	3	middle	middle	1.000	1.000	constitutive	constitutive	61	181	3
NC_060925.1	27175042	27175516	2	1	+	NC_060925.1	27175192	27175515	TMEM222	NM_032125.3	+	2	2	149	1	4	5	2	2	2	middle	middle	1.000	1.000	constitutive	constitutive	96	130	2
NC_060925.1	27190587	27191181	1	1	+	NC_060925.1	27190634	27191001	SYTL1	NM_001193308.2	+	1	2	46	180	6	7	7	5	5	middle	middle	0.714	0.714	alternative	alternative	100	113	5
NC_060925.1	27199417	27199879	-3	1	-	NC_060925.1	27199419	27199849	MAP3K6	NM_001297609.2	-	3	2	30	1	19	20	6	5	5	middle	middle	0.833	0.833	alternative	alternative	192	138	5
NC_060925.1	27797520	27798033	1	1	+	NC_060925.1	27797521	27798033	SMPDL3B	NM_001009568.3	+	1	2	0	0	6	7	4	4	1	middle	last	1.000	0.250	constitutive	unique	180	247	1
NC_060925.1	27797520	27798033	1	1	+	NC_060925.1	27797521	27797919	SMPDL3B	NM_001304579.2	+	1	2	0	114	2	3	4	4	3	middle	middle	1.000	0.750	constitutive	alternative	180	133	3
NC_060925.1	28077967	28078288	2	1	+	NC_060925.1	28078019	28078287	ATP5IF1	NM_016311.5	+	2	2	51	1	1	2	3	3	2	first	middle	1.000	0.667	constitutive	alternative	86	91	2
NC_060925.1	28077967	28078288	2	1	+	NC_060925.1	28078019	28078288	ATP5IF1	NM_178191.3	+	2	2	51	0	1	2	3	3	1	first	last	1.000	0.333	constitutive	unique	86	92	1
NC_060925.1	28114091	28114649	3	1	+	NC_060925.1	28114119	28114628	SESN2	NM_031459.5	+	3	2	27	21	4	5	2	2	2	middle	middle	1.000	1.000	constitutive	constitutive	182	212	2
NC_060925.1	31442552	31443083	3	1	+	NC_060925.1	31442587	31443041	TINAGL1	NM_001204414.2	+	3	2	34	42	5	6	7	7	7	middle	middle	1.000	1.000	constitutive	constitutive	150	189	7
NC_060925.1	31597498	31598209	-3	1	-	NC_060925.1	31597570	31598185	ADGRB2	NM_001294335.2	-	3	3	24	71	10	12	31	31	31	middle	middle	1.000	1.000	constitutive	constitutive	194	108	31
NC_060925.1	31598851	31599463	-3	1	-	NC_060925.1	31599023	31599375	ADGRB2	NM_001294335.2	-	3	2	88	171	8	9	31	31	31	middle	middle	1.000	1.000	constitutive	constitutive	101	106	31
NC_060925.1	32070107	32070737	3	1	+	NC_060925.1	32070392	32070695	DCDC2B	NM_001099434.2	+	3	2	284	42	5	6	1	1	1	middle	middle	1.000	1.000	constitutive	constitutive	146	39	1
NC_060925.1	32086402	32086747	2	1	+	NC_060925.1	32086403	32086720	EIF3I	NM_001394168.1	+	2	2	0	27	7	8	3	3	3	middle	middle	1.000	1.000	constitutive	constitutive	110	89	3
NC_060925.1	32629428	32632260	1	1	+	NC_060925.1	32629457	32632225	NHSL3	NM_001198972.2	+	1	2	28	35	5	6	4	3	3	middle	middle	0.750	0.750	alternative	alternative	113	2561	3
NC_060925.1	3274557	3275469	1	1	+	NC_060925.1	3274708	3275436	CCDC27	NM_152492.3	+	1	2	150	33	7	8	1	1	1	middle	middle	1.000	1.000	constitutive	constitutive	366	130	1
NC_060925.1	32753036	32753654	3	1	+	NC_060925.1	32753319	32753654	HPCA	NM_002143.3	+	3	2	282	0	2	3	3	3	3	middle	last	1.000	1.000	constitutive	constitutive	105	94	3
NC_060925.1	359635	360724	2	1	+	NC_060925.1	359789	360723	SAMD11	NM_001385640.1	+	2	2	153	1	3	4	3	3	3	middle	middle	1.000	1.000	constitutive	constitutive	181	50	3
NC_060925.1	36042239	36043130	3	1	+	NC_060925.1	36042390	36043130	MAP7D1	NM_001286365.2	+	3	4	150	0	13	16	4	3	4	middle	last	0.750	1.000	alternative	constitutive	42	7	3
NC_060925.1	36042239	36043130	3	1	+	NC_060925.1	36042387	36043130	MAP7D1	NM_018067.5	+	3	4	147	0	14	17	4	1	4	middle	last	0.250	1.000	unique	constitutive	45	7	1
NC_060925.1	370581	372003	1	1	+	NC_060925.1	370881	371803	SAMD11	NM_001385640.1	+	1	2	299	200	9	11	3	3	3	middle	middle	1.000	1.000	constitutive	constitutive	115	499	3
NC_060925.1	372340	372892	2	1	+	NC_060925.1	372440	372892	SAMD11	NM_001385640.1	+	2	2	99	0	13	14	3	3	3	middle	last	1.000	1.000	constitutive	constitutive	110	242	3
NC_060925.1	37583168	37583660	-2	1	-	NC_060925.1	37583169	37583528	EPHA10	XM_054336136.1	-	2	2	132	0	13	14	5	2	2	middle	last	0.400	0.400	alternative	alternative	155	29	2
NC_060925.1	37587665	37588112	-2	1	-	NC_060925.1	37587755	37588086	EPHA10	NM_001099439.2	-	2	2	26	89	9	10	5	4	4	middle	middle	0.800	0.800	alternative	alternative	61	125	4
NC_060925.1	382443	383004	-1	1	-	NC_060925.1	382567	382867	NOC2L	NM_015658.4	-	1	2	137	123	7	8	1	1	1	middle	middle	1.000	1.000	constitutive	constitutive	78	110	1
NC_060925.1	393057	393903	1	1	+	NC_060925.1	393139	393903	KLHL17	NM_198317.3	+	1	2	81	0	11	12	7	5	5	middle	last	0.714	0.714	alternative	alternative	181	225	5
NC_060925.1	399074	400010	3	1	+	NC_060925.1	399231	399716	PLEKHN1	NM_001160184.2	+	3	3	156	294	4	6	10	10	4	middle	middle	1.000	0.400	constitutive	alternative	80	127	4
NC_060925.1	399074	400010	3	1	+	NC_060925.1	399231	399716	PLEKHN1	NM_001410697.1	+	3	2	156	294	4	5	10	10	6	middle	middle	1.000	0.600	constitutive	alternative	80	320	6
NC_060925.1	40173666	40174062	-1	1	-	NC_060925.1	40173826	40174035	COL9A2	NM_001852.4	-	1	2	27	159	23	24	6	6	6	middle	middle	1.000	1.000	constitutive	constitutive	53	71	6
NC_060925.1	40180598	40181276	-2	1	-	NC_060925.1	40180737	40181222	COL9A2	NM_001852.4	-	2	3	54	138	9	11	6	6	6	middle	middle	1.000	1.000	constitutive	constitutive	53	56	6
NC_060925.1	40183703	40183925	-2	1	-	NC_060925.1	40183713	40183895	COL9A2	NM_001852.4	-	2	2	30	9	3	4	6	3	3	middle	middle	0.500	0.500	alternative	alternative	35	62	3
NC_060925.1	402487	403078	2	1	+	NC_060925.1	402542	403073	PLEKHN1	NM_001160184.2	+	2	2	54	5	13	14	10	7	7	middle	middle	0.700	0.700	alternative	alternative	218	48	7
NC_060925.1	43208371	43208779	2	1	+	NC_060925.1	43208396	43208778	MPL	NM_005373.3	+	2	2	24	1	1	2	1	1	1	first	middle	1.000	1.000	constitutive	constitutive	78	132	1
NC_060925.1	43216962	43217586	1	1	+	NC_060925.1	43216992	43217481	MPL	NM_005373.3	+	1	2	29	105	7	8	1	1	1	middle	middle	1.000	1.000	constitutive	constitutive	184	142	1
NC_060925.1	43308874	43309762	2	1	+	NC_060925.1	43308954	43309697	SZT2	NM_001365999.1	+	2	3	79	65	47	49	2	2	2	middle	middle	1.000	1.000	constitutive	constitutive	118	84	2
NC_060925.1	43311405	43311921	1	1	+	NC_060925.1	43311469	43311856	SZT2	NM_001365999.1	+	1	2	63	65	53	54	2	2	2	middle	middle	1.000	1.000	constitutive	constitutive	166	97	2
NC_060925.1	43320271	43320730	2	1	+	NC_060925.1	43320356	43320730	SZT2	NM_001365999.1	+	2	2	84	0	71	72	2	2	2	middle	last	1.000	1.000	constitutive	constitutive	68	140	2
NC_060925.1	43321936	43322266	-3	1	-	NC_060925.1	43322051	43322266	HYI	NM_001190880.3	-	3	2	0	114	4	5	6	6	6	middle	middle	1.000	1.000	constitutive	constitutive	78	49	6
NC_060925.1	43837780	43838173	2	1	+	NC_060925.1	43837803	43838098	IPO13	NM_014652.4	+	2	2	22	75	17	18	3	3	3	middle	middle	1.000	1.000	constitutive	constitutive	58	89	3
NC_060925.1	44595361	44595811	2	1	+	NC_060925.1	44595464	44595782	ARMH1	XM_054336291.1	+	2	2	102	29	8	9	24	1	1	middle	middle	0.042	0.042	unique	unique	147	77	1
NC_060925.1	44633223	44633760	1	1	+	NC_060925.1	44633343	44633655	KIF2C	NM_001297655.2	+	1	2	119	105	17	18	6	6	6	middle	middle	1.000	1.000	constitutive	constitutive	105	113	6
NC_060925.1	44637820	44638171	2	1	+	NC_060925.1	44637821	44638171	KIF2C	NM_001297655.2	+	2	2	0	0	19	20	6	6	6	middle	last	1.000	1.000	constitutive	constitutive	123	79	6
NC_060925.1	44657002	44657746	-3	1	-	NC_060925.1	44657060	44657682	BEST4	NM_153274.3	-	3	2	64	57	3	4	3	3	3	middle	middle	1.000	1.000	constitutive	constitutive	233	154	3
NC_060925.1	44672757	44673087	1	1	+	NC_060925.1	44672776	44673086	PLK3	NM_004073.4	+	1	2	18	1	4	5	3	3	3	middle	middle	1.000	1.000	constitutive	constitutive	129	87	3
NC_060925.1	44697597	44698623	-1	1	-	NC_060925.1	44698128	44698535	PTCH2	NM_001166292.2	-	1	2	88	530	16	17	2	2	2	middle	middle	1.000	1.000	constitutive	constitutive	142	180	2
NC_060925.1	45212622	45212901	1	1	+	NC_060925.1	45212630	45212900	TOE1	NM_025077.4	+	1	2	7	1	2	3	6	5	6	middle	middle	0.833	1.000	alternative	constitutive	142	40	5
NC_060925.1	45212622	45212901	1	1	+	NC_060925.1	45212716	45212900	TOE1	XM_054334065.1	+	1	2	93	1	1	2	6	1	6	first	middle	0.167	1.000	unique	constitutive	56	40	1
NC_060925.1	46069510	46069861	-3	1	-	NC_060925.1	46069529	46069811	POMGNT1	NM_001243766.2	-	3	2	50	18	14	15	12	12	12	middle	middle	1.000	1.000	constitutive	constitutive	72	128	12
NC_060925.1	46283012	46283603	3	1	+	NC_060925.1	46283252	46283582	FAAH	NM_001441.3	+	3	2	239	21	6	7	1	1	1	middle	middle	1.000	1.000	constitutive	constitutive	40	124	1
NC_060925.1	475209	475605	1	1	+	NC_060925.1	475238	475600	AGRN	NM_001305275.2	+	1	2	28	5	13	14	9	9	9	middle	middle	1.000	1.000	constitutive	constitutive	116	164	9
NC_060925.1	476388	477240	1	1	+	NC_060925.1	476474	477034	AGRN	NM_001305275.2	+	1	2	85	206	18	19	9	9	9	middle	middle	1.000	1.000	constitutive	constitutive	338	137	9
NC_060925.1	54111226	54111913	-3	1	-	NC_060925.1	54111335	54111712	SSBP3	NM_001009955.4	-	3	2	201	108	14	15	14	14	14	middle	middle	1.000	1.000	constitutive	constitutive	78	28	14
NC_060925.1	54687545	54688421	3	1	+	NC_060925.1	54687744	54688229	CIMAP2	NM_001110533.2	+	3	2	198	192	3	4	4	4	4	middle	middle	1.000	1.000	constitutive	constitutive	164	122	4
NC_060925.1	5653904	5654816	-2	1	-	NC_060925.1	5654186	5654756	CHD5	NM_015557.3	-	2	2	60	281	23	24	1	1	1	middle	middle	1.000	1.000	constitutive	constitutive	231	110	1
NC_060925.1	5965856	5966591	3	1	+	NC_060925.1	5965895	5966450	ESPN	NM_001367473.1	+	3	2	38	141	3	4	15	8	9	middle	middle	0.533	0.600	alternative	alternative	186	182	8
NC_060925.1	5965856	5966591	3	1	+	NC_060925.1	5966025	5966450	ESPN	XM_054338984.1	+	3	2	168	141	1	2	15	1	9	first	middle	0.067	0.600	unique	alternative	56	182	1
NC_060925.1	5977186	5977948	2	1	+	NC_060925.1	5977245	5977738	ESPN	NM_001367473.1	+	2	2	58	210	10	11	15	13	13	middle	middle	0.867	0.867	alternative	alternative	145	263	13
NC_060925.1	5997010	5997661	-3	1	-	NC_060925.1	5997131	5997451	PLEKHG5	NM_001042663.3	-	3	2	210	120	11	12	8	8	8	middle	middle	1.000	1.000	constitutive	constitutive	50	149	8
NC_060925.1	6112799	6113375	3	1	+	NC_060925.1	6112869	6113296	ZBTB48	NM_001278647.2	+	3	2	69	79	5	6	14	12	12	middle	middle	0.857	0.857	alternative	alternative	86	154	12
NC_060925.1	646476	647544	-1	1	-	NC_060925.1	646915	647384	SDF4	NM_016176.6	-	1	2	160	438	4	5	5	4	4	middle	middle	0.800	0.800	alternative	alternative	158	175	4
NC_060925.1	70956453	70956726	-1	1	-	NC_060925.1	70956464	70956715	ZRANB2	NM_005455.5	-	1	2	11	10	2	3	3	3	3	middle	middle	1.000	1.000	constitutive	constitutive	52	108	3
NC_060925.1	717338	722897	3	1	+	NC_060925.1	721797	722666	SCNN1D	NM_001130413.4	+	3	3	4458	231	13	17	1	1	1	middle	middle	1.000	1.000	constitutive	constitutive	117	75	1
NC_060925.1	727684	728386	-3	1	-	NC_060925.1	727757	728179	ACAP3	NM_030649.3	-	3	2	207	72	15	16	8	8	8	middle	middle	1.000	1.000	constitutive	constitutive	208	69	8
NC_060925.1	783899	784856	-2	1	-	NC_060925.1	784394	784650	MXRA8	NM_001282582.2	-	2	2	206	494	8	9	7	7	6	middle	middle	1.000	0.857	constitutive	alternative	76	80	6
NC_060925.1	783899	784856	-2	1	-	NC_060925.1	784394	784650	MXRA8	NM_001282585.1	-	2	2	206	494	8	9	7	7	1	middle	middle	1.000	0.143	constitutive	unique	76	98	1
NC_060925.1	838592	839228	-2	1	-	NC_060925.1	838839	839147	MRPL20	NM_001318485.2	-	2	2	81	246	1	2	2	2	2	first	middle	1.000	1.000	constitutive	constitutive	86	110	2
NC_060925.1	9259201	9259915	2	1	+	NC_060925.1	9259220	9259888	PIK3CD	NM_001350234.2	+	2	2	18	27	4	5	37	37	27	middle	middle	1.000	0.730	constitutive	alternative	179	149	27
NC_060925.1	9259201	9259915	2	1	+	NC_060925.1	9259220	9259888	PIK3CD	NM_001350235.1	+	2	2	18	27	4	5	37	37	10	middle	middle	1.000	0.270	constitutive	alternative	179	62	10
NC_060925.1	9264517	9264937	2	1	+	NC_060925.1	9264544	9264936	PIK3CD	NM_001350234.2	+	2	2	26	1	14	15	37	36	36	middle	middle	0.973	0.973	alternative	alternative	99	178	36
NC_060925.1	969865	970366	-3	1	-	NC_060925.1	969866	970301	TMEM240	NM_001114748.2	-	3	2	65	0	3	4	1	1	1	middle	last	1.000	1.000	constitutive	constitutive	208	145	1
NC_060926.1	101486669	101487146	-3	1	-	NC_060926.1	101486745	101487129	TBC1D8	NM_001102426.3	-	3	2	17	75	13	14	2	2	2	middle	middle	1.000	1.000	constitutive	constitutive	129	98	2
NC_060926.1	113148282	113148879	1	1	+	NC_060926.1	113148587	113148878	NT5DC4	NM_001350494.2	+	1	2	304	1	3	4	23	22	22	middle	middle	0.957	0.957	alternative	alternative	117	95	22
NC_060926.1	113625181	113626054	2	1	+	NC_060926.1	113625316	113625802	PSD4	NM_012455.3	+	2	2	134	252	14	15	2	1	1	middle	middle	0.500	0.500	unique	unique	144	143	1
NC_060926.1	127335792	127336464	1	1	+	NC_060926.1	127335922	127336294	TEX51	NM_001322244.2	+	1	2	129	170	1	2	23	5	23	first	middle	0.217	1.000	alternative	constitutive	144	74	5
NC_060926.1	127335792	127336464	1	1	+	NC_060926.1	127335922	127336294	TEX51	NM_001410921.1	+	1	2	129	170	1	2	23	18	23	first	middle	0.783	1.000	alternative	constitutive	198	74	18
NC_060926.1	128070840	128071683	1	1	+	NC_060926.1	128070976	128071578	MYO7B	NM_001080527.2	+	1	2	135	105	42	43	12	11	11	middle	middle	0.917	0.917	alternative	alternative	185	116	11
NC_060926.1	130779861	130780389	1	1	+	NC_060926.1	130780125	130780389	IMP4	NM_001320304.2	+	1	2	263	0	8	9	16	15	16	middle	last	0.938	1.000	alternative	constitutive	73	109	15
NC_060926.1	130779861	130780389	1	1	+	NC_060926.1	130779982	130780389	IMP4	NM_001371726.1	+	1	2	120	0	7	8	16	1	16	middle	last	0.062	1.000	unique	constitutive	216	109	1
NC_060926.1	130792902	130793640	1	1	+	NC_060926.1	130793156	130793415	PTPN18	NM_014369.4	+	1	2	253	225	3	4	6	2	2	middle	middle	0.333	0.333	alternative	alternative	76	95	2
NC_060926.1	130804705	130805236	2	1	+	NC_060926.1	130804778	130805190	PTPN18	NM_001142370.2	+	2	2	72	46	7	8	6	6	6	middle	middle	1.000	1.000	constitutive	constitutive	89	88	6
NC_060926.1	152139016	152139520	-1	1	-	NC_060926.1	152139191	152139505	NEB	NM_001164507.2	-	1	2	15	174	24	25	45	45	45	middle	middle	1.000	1.000	constitutive	constitutive	107	113	45
NC_060926.1	162723855	162724245	-2	1	-	NC_060926.1	162723856	162724222	IFIH1	NM_022168.4	-	2	2	23	0	15	16	2	2	2	middle	last	1.000	1.000	constitutive	constitutive	90	176	2
NC_060926.1	169308543	169308942	1	1	+	NC_060926.1	169308571	169308891	NOSTRIN	NM_001039724.4	+	1	2	27	51	9	10	12	12	12	middle	middle	1.000	1.000	constitutive	constitutive	98	125	12
NC_060926.1	179061344	179062259	-3	1	-	NC_060926.1	179061404	179062186	TTN	NM_001256850.1	-	3	2	73	59	269	270	22	21	21	middle	middle	0.955	0.955	alternative	alternative	587	104	21
NC_060926.1	179062282	179063077	-1	1	-	NC_060926.1	179062354	179063022	TTN	NM_001256850.1	-	1	2	55	71	267	268	22	21	21	middle	middle	0.955	0.955	alternative	alternative	290	287	21
NC_060926.1	179081262	179081934	-2	1	-	NC_060926.1	179081299	179081855	TTN	NM_001256850.1	-	2	2	79	36	240	241	22	21	21	middle	middle	0.955	0.955	alternative	alternative	314	148	21
NC_060926.1	179096437	179097178	-1	1	-	NC_060926.1	179096544	179097141	TTN	NM_001256850.1	-	1	2	37	106	211	212	22	21	21	middle	middle	0.955	0.955	alternative	alternative	296	186	21
NC_060926.1	179103498	179104227	-2	1	-	NC_060926.1	179103504	179104157	TTN	NM_001256850.1	-	2	2	70	5	195	196	22	21	21	middle	middle	0.955	0.955	alternative	alternative	266	278	21
NC_060926.1	179113550	179114117	-3	1	-	NC_060926.1	179113593	179114089	TTN	NM_001256850.1	-	3	2	28	42	186	187	22	21	21	middle	middle	0.955	0.955	alternative	alternative	266	139	21
NC_060926.1	179134862	179135225	-3	1	-	NC_060926.1	179134895	179135146	TTN	NM_001256850.1	-	3	2	79	32	157	158	22	11	11	middle	middle	0.500	0.500	alternative	alternative	83	83	11
NC_060926.1	179202780	179203593	-2	1	-	NC_060926.1	179202783	179203463	TTN	NM_001256850.1	-	2	2	130	2	77	78	22	15	15	middle	middle	0.682	0.682	alternative	alternative	278	281	15
NC_060926.1	179205798	179206536	-2	1	-	NC_060926.1	179205846	179206496	TTN	NM_001256850.1	-	2	2	40	47	71	72	22	15	15	middle	middle	0.682	0.682	alternative	alternative	278	278	15
NC_060926.1	179212458	179213217	-2	1	-	NC_060926.1	179212464	179213171	TTN	NM_001256850.1	-	2	2	46	5	59	60	22	15	15	middle	middle	0.682	0.682	alternative	alternative	278	281	15
NC_060926.1	179282547	179283021	-2	1	-	NC_060926.1	179282549	179282972	TTN	NM_001256850.1	-	2	2	49	1	4	5	22	21	21	middle	middle	0.955	0.955	alternative	alternative	85	244	21
NC_060926.1	201770102	201770543	-3	1	-	NC_060926.1	201770116	201770444	FLACC1	NM_001127391.3	-	3	2	99	13	12	13	11	3	8	middle	middle	0.273	0.727	alternative	alternative	89	109	3
NC_060926.1	201770102	201770543	-3	1	-	NC_060926.1	201770116	201770513	FLACC1	NM_139163.4	-	3	2	30	13	12	13	11	6	8	middle	middle	0.545	0.727	alternative	alternative	158	109	4
NC_060926.1	201770102	201770543	-3	1	-	NC_060926.1	201770116	201770459	FLACC1	XM_054340535.1	-	3	2	84	13	12	13	11	1	8	middle	middle	0.091	0.727	unique	alternative	104	109	1
NC_060926.1	201770102	201770543	-3	1	-	NC_060926.1	201770103	201770513	FLACC1	XM_054340537.1	-	3	2	30	0	12	13	11	6	2	middle	last	0.545	0.182	alternative	alternative	158	122	2
NC_060926.1	218751369	218751888	-2	1	-	NC_060926.1	218751532	218751848	AAMP	NM_001087.5	-	2	2	40	162	6	7	2	2	2	middle	middle	1.000	1.000	constitutive	constitutive	83	115	2
NC_060926.1	219301102	219301585	2	1	+	NC_060926.1	219301103	219301585	CYP27A1	NM_000784.4	+	2	2	0	0	8	9	1	1	1	middle	last	1.000	1.000	constitutive	constitutive	212	116	1
NC_060926.1	219501743	219502529	-3	1	-	NC_060926.1	219501894	219502419	CFAP65	NM_194302.4	-	3	2	110	150	20	21	18	15	15	middle	middle	0.833	0.833	alternative	alternative	176	66	15
NC_060926.1	219656239	219656758	-1	1	-	NC_060926.1	219656353	219656741	SLC23A3	NM_001144889.2	-	1	2	17	113	6	7	3	2	2	middle	middle	0.667	0.667	alternative	alternative	123	114	2
NC_060926.1	219663157	219663550	-1	1	-	NC_060926.1	219663203	219663533	CNPPD1	NM_001321389.2	-	1	2	17	45	4	5	4	4	4	middle	middle	1.000	1.000	constitutive	constitutive	120	128	4
NC_060926.1	219774984	219775395	-2	1	-	NC_060926.1	219774985	219775367	PTPRN	NM_001199763.2	-	2	2	28	0	21	22	3	3	3	middle	last	1.000	1.000	constitutive	constitutive	73	68	3
NC_060926.1	219946466	219947096	3	1	+	NC_060926.1	219946698	219947095	SPEG	NM_001173476.2	+	3	2	231	1	1	2	43	7	43	first	middle	0.163	1.000	alternative	constitutive	68	88	7
NC_060926.1	219946466	219947096	3	1	+	NC_060926.1	219946591	219947095	SPEG	NM_001438924.1	+	3	2	124	1	8	9	43	36	43	middle	middle	0.837	1.000	alternative	constitutive	175	88	36
NC_060926.1	219973732	219974809	2	1	+	NC_060926.1	219973794	219974679	SPEG	NM_005876.5	+	2	2	61	130	35	36	43	18	18	middle	middle	0.419	0.419	alternative	alternative	167	603	18
NC_060926.1	220021672	220022164	2	1	+	NC_060926.1	220021765	220022020	ASIC4	NM_018674.6	+	2	2	92	144	7	8	6	4	4	middle	middle	0.667	0.667	alternative	alternative	91	79	4
NC_060926.1	220090549	220091140	2	1	+	NC_060926.1	220090686	220091020	STK11IP	NM_052902.4	+	2	2	136	120	8	9	7	6	6	middle	middle	0.857	0.857	alternative	alternative	103	95	6
NC_060926.1	225287244	225287568	-2	1	-	NC_060926.1	225287246	225287508	DOCK10	NM_001290263.2	-	2	2	60	1	36	37	24	24	24	middle	middle	1.000	1.000	constitutive	constitutive	114	66	24
NC_060926.1	230274548	230274944	-3	1	-	NC_060926.1	230274556	230274916	TRIP12	NM_001284214.2	-	3	2	28	7	27	28	61	58	58	middle	middle	0.951	0.951	alternative	alternative	73	199	58
NC_060926.1	232412064	232413057	-2	1	-	NC_060926.1	232412065	232412886	NPPC	NM_024409.4	-	2	2	171	0	1	2	2	2	2	first	last	1.000	1.000	constitutive	constitutive	89	287	2
NC_060926.1	232866797	232867364	3	1	+	NC_060926.1	232866921	232867227	ALPP	NM_001632.5	+	3	2	123	137	6	7	1	1	1	middle	middle	1.000	1.000	constitutive	constitutive	134	72	1
NC_060926.1	232894937	232895504	3	1	+	NC_060926.1	232895061	232895367	ALPG	NM_031313.3	+	3	2	123	137	6	7	1	1	1	middle	middle	1.000	1.000	constitutive	constitutive	134	72	1
NC_060926.1	232944661	232945267	2	1	+	NC_060926.1	232944804	232945214	ALPI	NM_001631.5	+	2	2	142	53	8	9	1	1	1	middle	middle	1.000	1.000	constitutive	constitutive	134	191	1
NC_060926.1	232971098	232972007	-3	1	-	NC_060926.1	232971277	232971896	ECEL1	NM_001290787.2	-	3	3	111	178	3	5	2	2	2	middle	middle	1.000	1.000	constitutive	constitutive	110	124	2
NC_060926.1	233008983	233009694	1	1	+	NC_060926.1	233009334	233009680	PRSS56	NM_001195129.2	+	1	2	350	14	5	6	3	3	3	middle	middle	1.000	1.000	constitutive	constitutive	99	159	3
NC_060926.1	234539715	234540066	1	1	+	NC_060926.1	234539746	234540054	SPP2	NM_006944.3	+	1	2	30	12	1	2	5	5	5	first	middle	1.000	1.000	constitutive	constitutive	84	124	5
NC_060926.1	23730643	23731408	2	1	+	NC_060926.1	23730671	23731181	KLHL29	NM_052920.2	+	2	2	27	227	7	8	4	4	4	middle	middle	1.000	1.000	constitutive	constitutive	198	182	4
NC_060926.1	238748009	238748408	-3	1	-	NC_060926.1	238748015	238748383	PER2	NM_022817.3	-	3	2	25	5	14	15	3	3	3	middle	middle	1.000	1.000	constitutive	constitutive	147	124	3
NC_060926.1	24051964	24052468	2	1	+	NC_060926.1	24051983	24052285	MFSD2B	NM_001346880.2	+	2	2	18	183	5	6	1	1	1	middle	middle	1.000	1.000	constitutive	constitutive	78	130	1
NC_060926.1	241054663	241055494	2	1	+	NC_060926.1	241054715	241055494	DUSP28	NM_001033575.1	+	2	2	51	0	1	2	2	2	2	first	last	1.000	1.000	constitutive	constitutive	392	134	2
NC_060926.1	241465480	241466293	2	1	+	NC_060926.1	241465592	241466204	CROCC2	NM_001351305.2	+	2	2	111	89	23	24	2	2	2	middle	middle	1.000	1.000	constitutive	constitutive	137	357	2
NC_060926.1	241538757	241539597	1	1	+	NC_060926.1	241539080	241539418	SNED1	NM_001080437.3	+	1	2	322	179	7	8	14	14	14	middle	middle	1.000	1.000	constitutive	constitutive	113	113	14
NC_060926.1	241722309	241723143	1	1	+	NC_060926.1	241722655	241723143	ANO7	NM_001370694.2	+	1	3	345	0	22	24	29	11	3	middle	last	0.379	0.103	alternative	alternative	119	53	3
NC_060926.1	241722309	241723143	1	1	+	NC_060926.1	241722655	241722948	ANO7	XM_054342333.1	+	1	2	345	195	23	24	29	11	11	middle	middle	0.379	0.379	alternative	alternative	119	50	8
NC_060926.1	26226577	26226973	-1	1	-	NC_060926.1	26226578	26226953	HADHA	NM_000182.5	-	1	2	20	0	19	20	1	1	1	middle	last	1.000	1.000	constitutive	constitutive	145	142	1
NC_060926.1	26511413	26512763	-3	1	-	NC_060926.1	26511764	26512742	OTOF	NM_001287489.2	-	3	3	21	350	27	29	5	5	5	middle	middle	1.000	1.000	constitutive	constitutive	119	162	5
NC_060926.1	26515116	26516640	-2	1	-	NC_060926.1	26516002	26516617	OTOF	NM_001287489.2	-	2	2	23	885	20	22	5	5	5	middle	middle	1.000	1.000	constitutive	constitutive	90	152	5
NC_060926.1	27276881	27277379	3	1	+	NC_060926.1	27276882	27277277	CAD	NM_001306079.2	+	3	2	0	102	23	24	4	4	4	middle	middle	1.000	1.000	constitutive	constitutive	182	104	4
NC_060926.1	27284256	27284664	1	1	+	NC_060926.1	27284257	27284610	CAD	NM_001306079.2	+	1	2	0	54	40	41	4	4	4	middle	middle	1.000	1.000	constitutive	constitutive	155	101	4
NC_060926.1	27484867	27485542	2	1	+	NC_060926.1	27484932	27485254	KRTCAP3	NM_001168364.2	+	2	2	64	288	2	3	4	4	4	middle	middle	1.000	1.000	constitutive	constitutive	184	59	4
NC_060926.1	27485369	27485933	3	1	+	NC_060926.1	27485427	27485885	KRTCAP3	NM_001168364.2	+	3	2	57	48	4	5	4	4	4	middle	middle	1.000	1.000	constitutive	constitutive	206	134	4
NC_060926.1	29265917	29266214	-3	1	-	NC_060926.1	29265919	29266182	ALK	NM_001353765.2	-	3	2	32	1	2	3	3	3	3	middle	middle	1.000	1.000	constitutive	constitutive	90	64	3
NC_060926.1	31246023	31246533	-2	1	-	NC_060926.1	31246025	31246415	CAPN14	NM_001145122.2	-	2	2	118	1	3	4	5	4	4	middle	middle	0.800	0.800	alternative	alternative	118	136	4
NC_060926.1	48477000	48477282	1	1	+	NC_060926.1	48477001	48477281	PPP1R21	NM_001135629.3	+	1	2	0	1	10	11	4	4	4	middle	middle	1.000	1.000	constitutive	constitutive	101	88	4
NC_060926.1	55653170	55653599	-3	1	-	NC_060926.1	55653302	55653542	PNPT1	NM_033109.5	-	3	2	57	131	16	17	4	4	4	middle	middle	1.000	1.000	constitutive	constitutive	66	89	4
NC_060926.1	60959761	60960103	-1	1	-	NC_060926.1	60959763	60959988	PUS10	NM_001322123.1	-	1	2	115	1	12	13	21	21	21	middle	middle	1.000	1.000	constitutive	constitutive	76	55	21
NC_060926.1	74480688	74481114	-2	1	-	NC_060926.1	74480689	74481037	MRPL53	NM_053050.5	-	2	2	77	0	2	3	1	1	1	middle	last	1.000	1.000	constitutive	constitutive	112	130	1
NC_060926.1	74499825	74500311	1	1	+	NC_060926.1	74499859	74500230	TTC31	NM_001376129.1	+	1	2	33	81	7	8	24	24	8	middle	middle	1.000	0.333	constitutive	alternative	80	185	8
NC_060926.1	74499825	74500311	1	1	+	NC_060926.1	74499859	74500236	TTC31	NM_001376130.1	+	1	2	33	75	7	8	24	24	15	middle	middle	1.000	0.625	constitutive	alternative	80	191	15
NC_060926.1	74499825	74500311	1	1	+	NC_060926.1	74499859	74500230	TTC31	NM_001376141.1	+	1	2	33	81	4	5	24	24	1	middle	middle	1.000	0.042	constitutive	unique	80	137	1
NC_060926.1	85135843	85136725	2	1	+	NC_060926.1	85135922	85136356	TCF7L1	NM_031283.3	+	2	2	78	369	2	3	2	2	2	middle	middle	1.000	1.000	constitutive	constitutive	63	127	2
NC_060926.1	85328408	85330043	-3	1	-	NC_060926.1	85328499	85329953	TGOLN2	NM_001206840.2	-	3	2	90	90	1	2	6	6	5	first	middle	1.000	0.833	constitutive	alternative	45	1177	5
NC_060926.1	85328408	85330043	-3	1	-	NC_060926.1	85328499	85329953	TGOLN2	NM_001206844.2	-	3	3	90	90	1	3	6	6	1	first	middle	1.000	0.167	constitutive	unique	45	296	1
NC_060926.1	96306277	96306781	2	1	+	NC_060926.1	96306357	96306773	LOC128966744	NM_001422178.1	+	2	2	79	8	13	14	2	2	1	middle	middle	1.000	0.500	constitutive	unique	70	258	1
NC_060926.1	96306277	96306781	2	1	+	NC_060926.1	96306357	96306773	LOC128966744	NM_001422179.1	+	2	2	79	8	13	14	2	2	1	middle	middle	1.000	0.500	constitutive	unique	70	240	1
NC_060926.1	96774196	96774616	2	1	+	NC_060926.1	96774233	96774532	CIAO1	NM_004804.3	+	2	2	36	84	3	4	1	1	1	middle	middle	1.000	1.000	constitutive	constitutive	111	88	1
NC_060926.1	97118823	97119261	-2	1	-	NC_060926.1	97118920	97119201	KANSL3	NM_001115016.3	-	2	2	60	96	7	8	45	45	45	middle	middle	1.000	1.000	constitutive	constitutive	101	71	45
NC_060926.1	97367259	97368363	-2	1	-	NC_060926.1	97367260	97368280	SEMA4C	NM_017789.5	-	2	2	83	0	13	14	12	9	9	middle	last	0.750	0.750	alternative	alternative	70	826	9
NC_060926.1	97371953	97372580	-3	1	-	NC_060926.1	97372296	97372559	SEMA4C	NM_017789.5	-	3	2	21	342	3	4	12	11	11	middle	middle	0.917	0.917	alternative	alternative	62	98	11
NC_060926.1	98191241	98191697	3	1	+	NC_060926.1	98191341	98191559	ZAP70	NM_001079.4	+	3	2	99	138	4	5	8	6	6	middle	middle	0.750	0.750	alternative	alternative	87	46	6
NC_060926.1	98272159	98272654	-1	1	-	NC_060926.1	98272187	98272604	TMEM131	NM_015348.2	-	1	2	50	27	14	15	8	8	8	middle	middle	1.000	1.000	constitutive	constitutive	153	170	8
NC_060927.1	116344480	116344993	2	1	+	NC_060927.1	116344591	116344897	SIDT1	NM_001308350.2	+	2	2	110	96	23	24	26	25	25	middle	middle	0.962	0.962	alternative	alternative	105	110	25
NC_060927.1	125437240	125438326	2	1	+	NC_060927.1	125437323	125438210	PARP14	NM_017554.3	+	2	2	82	116	13	14	2	1	1	middle	middle	0.500	0.500	unique	unique	206	599	1
NC_060927.1	125631042	125631792	-1	1	-	NC_060927.1	125631111	125631533	SEMA5B	NM_001031702.4	-	1	2	259	68	18	19	16	15	12	middle	middle	0.938	0.750	alternative	alternative	170	149	11
NC_060927.1	125631042	125631792	-1	1	-	NC_060927.1	125631111	125631425	SEMA5B	NM_001256348.2	-	1	2	367	68	17	18	16	1	12	middle	middle	0.062	0.750	unique	alternative	62	149	1
NC_060927.1	125631042	125631792	-1	1	-	NC_060927.1	125631111	125631533	SEMA5B	NM_001437565.1	-	1	2	259	68	18	19	16	15	4	middle	middle	0.938	0.250	alternative	alternative	170	146	4
NC_060927.1	125632004	125632892	-2	1	-	NC_060927.1	125632034	125632872	SEMA5B	NM_001031702.4	-	2	2	20	29	15	17	16	12	16	middle	middle	0.750	1.000	alternative	constitutive	147	218	12
NC_060927.1	125632004	125632892	-2	1	-	NC_060927.1	125632034	125632872	SEMA5B	NM_001437548.1	-	2	2	20	29	14	16	16	4	16	middle	middle	0.250	1.000	alternative	constitutive	144	218	4
NC_060927.1	12737877	12738375	-1	1	-	NC_060927.1	12738096	12738353	TMEM40	NM_001284406.2	-	1	2	22	218	9	10	5	5	5	middle	middle	1.000	1.000	constitutive	constitutive	71	74	5
NC_060927.1	12814346	12814991	3	1	+	NC_060927.1	12814492	12814890	CAND2	NM_001162499.2	+	3	2	145	101	6	7	4	4	4	middle	middle	1.000	1.000	constitutive	constitutive	105	142	4
NC_060927.1	129736837	129737494	2	1	+	NC_060927.1	129737065	129737423	PLXNA1	NM_032242.4	+	2	2	227	71	5	6	1	1	1	middle	middle	1.000	1.000	constitutive	constitutive	123	153	1
NC_060927.1	129746300	129746810	3	1	+	NC_060927.1	129746362	129746809	PLXNA1	NM_032242.4	+	3	2	61	1	11	12	1	1	1	middle	middle	1.000	1.000	constitutive	constitutive	193	151	1
NC_060927.1	129748917	129749862	1	1	+	NC_060927.1	129749124	129749844	PLXNA1	NM_032242.4	+	1	2	206	18	16	17	1	1	1	middle	middle	1.000	1.000	constitutive	constitutive	93	239	1
NC_060927.1	130311420	130311768	-1	1	-	NC_060927.1	130311486	130311741	TPRA1	NM_001136053.4	-	1	2	27	65	3	4	15	15	15	middle	middle	1.000	1.000	constitutive	constitutive	86	72	15
NC_060927.1	132311894	132312254	-2	1	-	NC_060927.1	132311919	132312232	PLXND1	NM_015103.3	-	2	2	22	24	21	22	7	6	6	middle	middle	0.857	0.857	alternative	alternative	107	112	6
NC_060927.1	132317036	132317489	-2	1	-	NC_060927.1	132317038	132317370	PLXND1	NM_015103.3	-	2	2	119	1	14	15	7	6	6	middle	middle	0.857	0.857	alternative	alternative	99	139	6
NC_060927.1	133170192	133170621	1	1	+	NC_060927.1	133170193	133170382	COL6A5	NM_001412157.1	+	1	2	0	239	29	30	2	2	2	middle	middle	1.000	1.000	constitutive	constitutive	35	36	2
NC_060927.1	13352171	13352585	-2	1	-	NC_060927.1	13352238	13352543	NUP210	NM_024923.4	-	2	2	42	66	19	20	6	3	3	middle	middle	0.500	0.500	alternative	alternative	104	101	3
NC_060927.1	145431189	145431654	1	1	+	NC_060927.1	145431256	145431645	PLS1	NM_001145319.2	+	1	2	66	9	6	7	16	16	16	middle	middle	1.000	1.000	constitutive	constitutive	165	142	16
NC_060927.1	152503370	152503715	-2	1	-	NC_060927.1	152503463	152503697	COMMD2	NM_016094.4	-	2	2	18	92	1	2	2	2	2	first	middle	1.000	1.000	constitutive	constitutive	66	77	2
NC_060927.1	153319165	153319627	2	1	+	NC_060927.1	153319166	153319556	EIF2A	NM_001319043.2	+	2	2	0	71	7	8	8	6	8	middle	middle	0.750	1.000	alternative	constitutive	144	116	6
NC_060927.1	153319165	153319627	2	1	+	NC_060927.1	153319277	153319556	EIF2A	NM_001319046.2	+	2	2	111	71	2	3	8	1	8	middle	middle	0.125	1.000	unique	constitutive	33	116	1
NC_060927.1	153319165	153319627	2	1	+	NC_060927.1	153319292	153319556	EIF2A	XM_054348069.1	+	2	2	126	71	1	2	8	1	8	first	middle	0.125	1.000	unique	constitutive	18	116	1
NC_060927.1	159933892	159934687	-3	1	-	NC_060927.1	159933947	159934636	CCNL1	NM_001308185.2	-	3	2	51	54	1	2	7	4	4	first	middle	0.571	0.571	alternative	alternative	302	74	4
NC_060927.1	163300345	163300732	-3	1	-	NC_060927.1	163300409	163300716	KPNA4	NM_002268.5	-	3	2	16	63	9	10	1	1	1	middle	middle	1.000	1.000	constitutive	constitutive	169	44	1
NC_060927.1	183404702	183405224	3	1	+	NC_060927.1	183404753	183405185	TTC14	NM_001042601.3	+	3	2	50	39	2	3	7	6	6	middle	middle	0.857	0.857	alternative	alternative	124	199	6
NC_060927.1	186915647	186916250	3	1	+	NC_060927.1	186915688	186916250	HTR3E	NM_001256613.2	+	3	2	40	0	8	9	5	5	5	middle	last	1.000	1.000	constitutive	constitutive	215	226	5
NC_060927.1	186990584	186991055	3	1	+	NC_060927.1	186990635	186990986	AP2M1	NM_001025205.2	+	3	2	50	69	6	7	3	3	3	middle	middle	1.000	1.000	constitutive	constitutive	119	135	3
NC_060927.1	186997637	186997928	3	1	+	NC_060927.1	186997700	186997927	ABCF3	NM_001351298.2	+	3	2	62	1	8	9	5	5	5	middle	middle	1.000	1.000	constitutive	constitutive	80	59	5
NC_060927.1	187167007	187167823	-3	1	-	NC_060927.1	187167047	187167363	CLCN2	NM_001171087.3	-	3	2	460	39	5	6	7	7	7	middle	middle	1.000	1.000	constitutive	constitutive	133	77	7
NC_060927.1	187189315	187190386	2	1	+	NC_060927.1	187189574	187190050	CHRD	NM_001304472.2	+	2	2	258	336	1	2	13	11	11	first	middle	0.846	0.846	alternative	alternative	147	103	11
NC_060927.1	187395634	187396690	2	1	+	NC_060927.1	187395893	187396656	EPHB3	NM_004443.4	+	2	3	258	34	12	14	1	1	1	middle	middle	1.000	1.000	constitutive	constitutive	215	193	1
NC_060927.1	188921236	188921797	-3	1	-	NC_060927.1	188921404	188921647	ETV5	NM_004454.3	-	3	2	150	167	1	2	1	1	1	first	middle	1.000	1.000	constitutive	constitutive	44	87	1
NC_060927.1	197349335	197349812	-2	1	-	NC_060927.1	197349477	197349812	LSG1	NM_018385.3	-	2	2	0	141	9	10	1	1	1	middle	middle	1.000	1.000	constitutive	constitutive	101	143	1
NC_060927.1	198566581	198586597	2	1	+	NC_060927.1	198566613	198586538	MUC4	NM_001322468.1	+	2	2	31	59	2	3	4	1	1	middle	middle	0.250	0.250	unique	unique	11870	6806	1
NC_060927.1	198566581	198586597	2	1	+	NC_060927.1	198566613	198586538	MUC4	NM_018406.7	+	2	24	31	59	2	25	4	1	1	middle	middle	0.250	0.250	unique	unique	2942	227	1
NC_060927.1	198600553	198601039	2	1	+	NC_060927.1	198600582	198601034	MUC4	NM_001322468.1	+	2	2	28	5	10	11	4	4	4	middle	middle	1.000	1.000	constitutive	constitutive	179	125	4
NC_060927.1	198719043	198720309	1	1	+	NC_060927.1	198719275	198720309	LOC124906326	XM_047444154.1	+	1	2	231	0	1	2	1	1	1	first	last	1.000	1.000	constitutive	constitutive	494	491	1
NC_060927.1	199734816	199735254	-1	1	-	NC_060927.1	199734846	199735154	MELTF	NM_005929.6	-	1	2	100	29	12	13	5	2	4	middle	middle	0.400	0.800	alternative	alternative	156	67	2
NC_060927.1	199734816	199735254	-1	1	-	NC_060927.1	199734846	199735151	MELTF	XM_054346562.1	-	1	2	103	29	12	13	5	2	4	middle	middle	0.400	0.800	alternative	alternative	153	67	2
NC_060927.1	200389494	200390643	-1	1	-	NC_060927.1	200389549	200390415	LOC112268458	XM_047444138.1	-	1	2	228	54	1	2	1	1	1	first	middle	1.000	1.000	constitutive	constitutive	563	164	1
NC_060927.1	20187560	20188184	-2	1	-	NC_060927.1	20187594	20188013	SGO1	NM_001012409.4	-	2	2	171	33	1	2	22	22	22	first	middle	1.000	1.000	constitutive	constitutive	141	196	22
NC_060927.1	38281061	38281382	3	1	+	NC_060927.1	38281079	38281381	SLC22A13	NM_004256.4	+	3	2	17	1	5	6	1	1	1	middle	middle	1.000	1.000	constitutive	constitutive	120	94	1
NC_060927.1	38378445	38378817	1	1	+	NC_060927.1	38378470	38378787	XYLB	XM_054348667.1	+	1	2	24	30	1	2	16	1	1	first	middle	0.062	0.062	unique	unique	124	81	1
NC_060927.1	46595318	46595942	3	1	+	NC_060927.1	46595320	46595941	CRIPTO	NM_001174136.2	+	3	2	1	1	2	3	2	2	2	middle	middle	1.000	1.000	constitutive	constitutive	134	114	2
NC_060927.1	46874644	46874881	-3	1	-	NC_060927.1	46874645	46874859	MYL3	NM_000258.3	-	3	2	22	0	5	6	6	5	6	middle	last	0.833	1.000	alternative	constitutive	77	25	5
NC_060927.1	46874644	46874881	-3	1	-	NC_060927.1	46874645	46874844	MYL3	NM_001406941.1	-	3	2	37	0	3	4	6	1	6	middle	last	0.167	1.000	unique	constitutive	62	25	1
NC_060927.1	46914579	46915530	1	1	+	NC_060927.1	46914769	46915248	PTH1R	NM_000316.3	+	1	2	189	282	6	7	7	7	7	middle	middle	1.000	1.000	constitutive	constitutive	94	195	7
NC_060927.1	46918872	46919310	1	1	+	NC_060927.1	46918917	46919181	PTH1R	NM_000316.3	+	1	2	44	129	12	13	7	5	5	middle	middle	0.714	0.714	alternative	alternative	141	41	5
NC_060927.1	46918894	46919182	2	1	+	NC_060927.1	46918921	46919181	PTH1R	XM_054347377.1	+	2	2	26	1	12	13	7	2	2	middle	middle	0.286	0.286	alternative	alternative	137	41	2
NC_060927.1	46938441	46938873	-1	1	-	NC_060927.1	46938442	46938694	CCDC12	NM_001277074.2	-	1	2	179	0	6	7	2	2	2	middle	last	1.000	1.000	constitutive	constitutive	76	79	2
NC_060927.1	46939709	46940063	-2	1	-	NC_060927.1	46939711	46940050	CCDC12	NM_001277074.2	-	2	2	13	1	4	5	2	2	2	middle	middle	1.000	1.000	constitutive	constitutive	61	34	2
NC_060927.1	47005123	47005744	2	1	+	NC_060927.1	47005204	47005743	NBEAL2	NM_001365116.2	+	2	3	80	1	3	5	14	10	10	middle	middle	0.714	0.714	alternative	alternative	128	121	10
NC_060927.1	47024631	47025033	1	1	+	NC_060927.1	47024647	47025032	NBEAL2	NM_001365116.2	+	1	2	15	1	50	51	14	11	11	middle	middle	0.786	0.786	alternative	alternative	158	148	11
NC_060927.1	47422591	47423584	2	1	+	NC_060927.1	47422745	47423170	PTPN23	NM_001304482.2	+	2	3	153	414	3	5	3	3	3	middle	middle	1.000	1.000	constitutive	constitutive	80	47	3
NC_060927.1	47425566	47426127	1	1	+	NC_060927.1	47425583	47425988	PTPN23	NM_001304482.2	+	1	2	16	139	13	14	3	3	3	middle	middle	1.000	1.000	constitutive	constitutive	154	151	3
NC_060927.1	47425868	47428388	3	1	+	NC_060927.1	47426075	47428387	PTPN23	NM_001304482.2	+	3	3	206	1	15	17	3	3	3	middle	middle	1.000	1.000	constitutive	constitutive	179	184	3
NC_060927.1	47428891	47429602	2	1	+	NC_060927.1	47428934	47429602	PTPN23	NM_001304482.2	+	2	2	42	0	20	21	3	3	3	middle	last	1.000	1.000	constitutive	constitutive	113	476	3
NC_060927.1	48468213	48468558	1	1	+	NC_060927.1	48468310	48468471	TMA7	NM_001329417.2	+	1	2	96	87	1	2	2	2	2	first	middle	1.000	1.000	constitutive	constitutive	15	55	2
NC_060927.1	48601276	48601510	-3	1	-	NC_060927.1	48601340	48601498	COL7A1	NM_000094.4	-	3	2	12	63	88	89	10	8	8	middle	middle	0.800	0.800	alternative	alternative	35	41	8
NC_060927.1	48601797	48602106	-1	1	-	NC_060927.1	48601822	48602016	COL7A1	NM_000094.4	-	1	2	90	24	85	86	10	8	8	middle	middle	0.800	0.800	alternative	alternative	35	80	8
NC_060927.1	48607199	48607874	-2	1	-	NC_060927.1	48607281	48607475	COL7A1	NM_000094.4	-	2	2	399	81	63	64	10	10	10	middle	middle	1.000	1.000	constitutive	constitutive	62	44	10
NC_060927.1	48608382	48609033	-1	1	-	NC_060927.1	48608440	48608628	COL7A1	NM_000094.4	-	1	2	405	57	58	59	10	10	10	middle	middle	1.000	1.000	constitutive	constitutive	80	35	10
NC_060927.1	48613842	48614235	-1	1	-	NC_060927.1	48613870	48614076	COL7A1	NM_000094.4	-	1	2	159	27	32	33	10	10	10	middle	middle	1.000	1.000	constitutive	constitutive	80	35	10
NC_060927.1	48615283	48615748	-3	1	-	NC_060927.1	48615292	48615649	COL7A1	NM_000094.4	-	3	2	99	8	25	26	10	10	10	middle	middle	1.000	1.000	constitutive	constitutive	126	146	10
NC_060927.1	48618963	48619551	-1	1	-	NC_060927.1	48619173	48619544	COL7A1	NM_000094.4	-	1	2	7	209	14	15	10	10	10	middle	middle	1.000	1.000	constitutive	constitutive	125	143	10
NC_060927.1	48620801	48621248	-2	1	-	NC_060927.1	48620858	48621208	COL7A1	NM_000094.4	-	2	2	40	56	9	10	10	10	10	middle	middle	1.000	1.000	constitutive	constitutive	146	116	10
NC_060927.1	49046061	49046640	-1	1	-	NC_060927.1	49046063	49046604	DALRD3	NM_001009996.3	-	1	2	36	1	1	2	10	6	6	first	middle	0.600	0.600	alternative	alternative	164	295	6
NC_060927.1	49054349	49054649	-2	1	-	NC_060927.1	49054364	49054649	IMPDH2	NM_000884.3	-	2	2	0	14	8	9	4	4	4	middle	middle	1.000	1.000	constitutive	constitutive	90	95	4
NC_060927.1	49143423	49144017	-1	1	-	NC_060927.1	49143516	49144010	USP19	NM_001199160.2	-	1	2	7	92	10	11	59	29	59	middle	middle	0.492	1.000	alternative	constitutive	214	195	29
NC_060927.1	49143423	49144017	-1	1	-	NC_060927.1	49143516	49144016	USP19	NM_001199161.2	-	1	2	1	92	10	11	59	30	59	middle	middle	0.508	1.000	alternative	constitutive	220	195	30
NC_060927.1	49144020	49144506	-1	1	-	NC_060927.1	49144119	49144423	USP19	NM_001199160.2	-	1	2	83	98	8	9	59	59	59	middle	middle	1.000	1.000	constitutive	constitutive	71	115	59
NC_060927.1	49152148	49152742	-3	1	-	NC_060927.1	49152262	49152684	LAMB2	NM_002292.4	-	3	2	58	113	22	23	2	2	2	middle	middle	1.000	1.000	constitutive	constitutive	217	96	2
NC_060927.1	49448337	49448835	-1	1	-	NC_060927.1	49448355	49448789	AMT	NM_000481.4	-	1	2	46	17	6	7	4	4	4	middle	middle	1.000	1.000	constitutive	constitutive	145	180	4
NC_060927.1	49703550	49704006	1	1	+	NC_060927.1	49703686	49703905	APEH	NM_001640.4	+	1	2	135	101	1	2	5	1	1	first	middle	0.200	0.200	unique	unique	11	132	1
NC_060927.1	49710971	49711256	3	1	+	NC_060927.1	49711006	49711251	APEH	NM_001640.4	+	3	2	34	5	16	17	5	5	5	middle	middle	1.000	1.000	constitutive	constitutive	83	80	5
NC_060927.1	49716225	49716645	-1	1	-	NC_060927.1	49716237	49716571	MST1	NM_001393581.1	-	1	2	74	11	5	6	18	18	11	middle	middle	1.000	0.611	constitutive	alternative	136	116	11
NC_060927.1	49716225	49716645	-1	1	-	NC_060927.1	49716233	49716571	MST1	NM_001393582.1	-	1	2	74	7	5	6	18	18	7	middle	middle	1.000	0.389	constitutive	alternative	136	120	7
NC_060927.1	49822339	49822999	-3	1	-	NC_060927.1	49822341	49822947	CDHR4	NM_001007540.4	-	3	2	52	1	14	15	9	7	7	middle	middle	0.778	0.778	alternative	alternative	220	142	7
NC_060927.1	49869612	49870266	-1	1	-	NC_060927.1	49869665	49870266	TRAIP	NM_005879.3	-	1	2	0	52	9	10	3	3	3	middle	middle	1.000	1.000	constitutive	constitutive	89	88	3
NC_060927.1	49890918	49891512	-1	1	-	NC_060927.1	49891077	49891474	CAMKV	NM_001320147.2	-	1	2	38	158	4	5	2	2	2	middle	middle	1.000	1.000	constitutive	constitutive	138	120	2
NC_060927.1	50300223	50300529	1	1	+	NC_060927.1	50300224	50300515	SEMA3B	NM_001005914.3	+	1	2	0	14	4	5	9	7	7	middle	middle	0.778	0.778	alternative	alternative	119	93	7
NC_060927.1	50317702	50318146	-3	1	-	NC_060927.1	50317766	50318068	IFRD2	NM_006764.5	-	3	2	78	63	10	11	1	1	1	middle	middle	1.000	1.000	constitutive	constitutive	128	95	1
NC_060927.1	50394388	50395222	-3	1	-	NC_060927.1	50394389	50394696	CACNA2D2	NM_001005505.3	-	3	2	526	0	37	38	6	2	6	middle	last	0.333	1.000	alternative	constitutive	88	137	2
NC_060927.1	50394388	50395222	-3	1	-	NC_060927.1	50394389	50394690	CACNA2D2	NM_001174051.3	-	3	2	532	0	38	39	6	4	6	middle	last	0.667	1.000	alternative	constitutive	82	137	4
NC_060927.1	50407636	50408188	-3	1	-	NC_060927.1	50407730	50408055	CACNA2D2	NM_001005505.3	-	3	2	133	93	14	15	6	6	6	middle	middle	1.000	1.000	constitutive	constitutive	49	89	6
NC_060927.1	51862470	51862770	1	1	+	NC_060927.1	51862495	51862731	IQCF3	NM_001085479.3	+	1	2	24	39	1	2	3	3	3	first	middle	1.000	1.000	constitutive	constitutive	17	47	3
NC_060927.1	51966427	51966781	-3	1	-	NC_060927.1	51966428	51966700	RRP9	NM_004704.5	-	3	2	81	0	14	15	2	2	2	middle	last	1.000	1.000	constitutive	constitutive	73	90	2
NC_060927.1	52021527	52021992	1	1	+	NC_060927.1	52021686	52021992	ACY1	NM_000666.3	+	1	2	158	0	13	14	5	5	5	middle	last	1.000	1.000	constitutive	constitutive	60	161	5
NC_060927.1	52021527	52021992	1	1	+	NC_060927.1	52021686	52021992	ABHD14A-ACY1	NM_001316331.2	+	1	2	158	0	15	16	1	1	1	middle	last	1.000	1.000	constitutive	constitutive	60	161	1
NC_060927.1	52385733	52386750	1	1	+	NC_060927.1	52386085	52386615	DNAH1	NM_015512.5	+	1	2	351	135	18	19	1	1	1	middle	middle	1.000	1.000	constitutive	constitutive	198	253	1
NC_060927.1	52442533	52442818	-3	1	-	NC_060927.1	52442535	52442724	BAP1	NM_001410772.1	-	3	2	94	1	2	3	7	7	7	middle	middle	1.000	1.000	constitutive	constitutive	29	54	7
NC_060927.1	52484178	52484535	-1	1	-	NC_060927.1	52484179	52484428	TNNC1	NM_003280.3	-	1	2	107	0	5	6	1	1	1	middle	last	1.000	1.000	constitutive	constitutive	136	28	1
NC_060927.1	52512652	52513420	2	1	+	NC_060927.1	52512653	52513420	NISCH	NM_001276293.2	+	2	2	0	0	12	13	5	4	1	middle	last	0.800	0.200	alternative	unique	113	332	1
NC_060927.1	52512652	52513420	2	1	+	NC_060927.1	52512653	52513199	NISCH	NM_001276294.2	+	2	2	0	221	12	13	5	4	3	middle	middle	0.800	0.600	alternative	alternative	113	111	3
NC_060927.1	52537590	52538166	1	1	+	NC_060927.1	52537639	52538043	STAB1	NM_015136.3	+	1	2	48	123	12	13	8	8	8	middle	middle	1.000	1.000	constitutive	constitutive	137	140	8
NC_060927.1	52548891	52549410	1	1	+	NC_060927.1	52548940	52549348	STAB1	NM_015136.3	+	1	2	48	62	38	39	8	8	8	middle	middle	1.000	1.000	constitutive	constitutive	195	95	8
NC_060927.1	52550167	52550668	2	1	+	NC_060927.1	52550217	52550521	STAB1	NM_015136.3	+	2	2	49	147	43	44	8	8	8	middle	middle	1.000	1.000	constitutive	constitutive	73	74	8
NC_060927.1	52555916	52556447	3	1	+	NC_060927.1	52555933	52556249	STAB1	NM_015136.3	+	3	2	16	198	63	64	8	6	6	middle	middle	0.750	0.750	alternative	alternative	109	119	6
NC_060927.1	52560727	52561078	-3	1	-	NC_060927.1	52560729	52560973	NT5DC2	NM_001134231.2	-	3	2	105	1	7	8	4	4	4	middle	middle	1.000	1.000	constitutive	constitutive	60	102	4
NC_060927.1	52726244	52726739	3	1	+	NC_060927.1	52726319	52726718	GNL3	NM_014366.5	+	3	2	74	21	12	13	3	3	3	middle	middle	1.000	1.000	constitutive	constitutive	136	175	3
NC_060927.1	52856983	52857898	-3	1	-	NC_060927.1	52857100	52857868	ITIH4	NM_001166449.2	-	3	3	30	116	7	9	2	2	2	middle	middle	1.000	1.000	constitutive	constitutive	116	125	2
NC_060927.1	53260811	53261510	-2	1	-	NC_060927.1	53260958	53261261	TKT	NM_001064.4	-	2	2	249	146	11	12	4	4	4	middle	middle	1.000	1.000	constitutive	constitutive	83	93	4
NC_060927.1	58190265	58190943	1	1	+	NC_060927.1	58190306	58190683	FLNB	NM_001164317.2	+	1	2	40	260	38	39	4	4	4	middle	middle	1.000	1.000	constitutive	constitutive	152	122	4
NC_060927.1	62414564	62415182	-2	1	-	NC_060927.1	62414732	62415182	FEZF2	NM_018008.4	-	2	2	0	167	2	3	1	1	1	middle	middle	1.000	1.000	constitutive	constitutive	134	132	1
NC_060927.1	74343425	74343881	-2	1	-	NC_060927.1	74343428	74343835	CNTN3	NM_001393376.1	-	2	2	46	2	14	15	6	5	5	middle	middle	0.833	0.833	alternative	alternative	158	149	5
NC_060927.1	96603851	96604346	-2	1	-	NC_060927.1	96603947	96604306	PROS1	NM_000313.4	-	2	2	40	95	5	6	3	3	3	middle	middle	1.000	1.000	constitutive	constitutive	122	131	3
NC_060928.1	1001331	1001709	1	1	+	NC_060928.1	1001392	1001672	IDUA	NM_000203.5	+	1	2	60	37	11	12	9	7	7	middle	middle	0.778	0.778	alternative	alternative	125	76	7
NC_060928.1	1002026	1002437	3	1	+	NC_060928.1	1002059	1002437	IDUA	NM_000203.5	+	3	2	32	0	13	14	9	7	7	middle	last	0.778	0.778	alternative	alternative	100	130	7
NC_060928.1	1022150	1023389	3	1	+	NC_060928.1	1022356	1023389	FGFRL1	NM_001004356.3	+	3	2	205	0	5	6	5	5	5	middle	last	1.000	1.000	constitutive	constitutive	353	439	5
NC_060928.1	106470465	106471185	-3	1	-	NC_060928.1	106470475	106471185	CENPE	NM_001286734.2	-	3	2	0	9	21	22	17	17	17	middle	middle	1.000	1.000	constitutive	constitutive	314	272	17
NC_060928.1	1169394	1170192	-3	1	-	NC_060928.1	1169671	1170158	SPON2	NM_001128325.3	-	3	2	34	276	2	3	3	3	3	middle	middle	1.000	1.000	constitutive	constitutive	223	191	3
NC_060928.1	148467907	148468303	-2	1	-	NC_060928.1	148467909	148468301	OTUD4	NM_001102653.1	-	2	2	2	1	11	12	8	6	6	middle	middle	0.750	0.750	alternative	alternative	103	186	6
NC_060928.1	155975581	155976121	-2	1	-	NC_060928.1	155975689	155976078	TMEM154	NM_152680.3	-	2	2	43	107	2	3	2	2	2	middle	middle	1.000	1.000	constitutive	constitutive	260	38	2
NC_060928.1	171536745	171537033	1	1	+	NC_060928.1	171536782	171537025	ANXA10	NM_007193.5	+	1	2	36	8	7	8	2	2	2	middle	middle	1.000	1.000	constitutive	constitutive	53	93	2
NC_060928.1	20685849	20686521	1	1	+	NC_060928.1	20686162	20686494	PACRGL	NM_001130727.3	+	1	2	312	27	1	2	28	15	28	first	middle	0.536	1.000	alternative	constitutive	51	154	15
NC_060928.1	20685849	20686521	1	1	+	NC_060928.1	20686146	20686494	PACRGL	XM_054348946.1	+	1	2	296	27	3	4	28	13	28	middle	middle	0.464	1.000	alternative	constitutive	67	154	13
NC_060928.1	2896656	2897088	1	1	+	NC_060928.1	2896657	2897004	ADD1	NM_001119.5	+	1	2	0	84	6	7	24	24	24	middle	middle	1.000	1.000	constitutive	constitutive	143	98	24
NC_060928.1	2930247	2930682	-3	1	-	NC_060928.1	2930288	2930616	SLC75A1	NM_001120.5	-	3	2	66	40	6	7	7	6	6	middle	middle	0.857	0.857	alternative	alternative	108	111	6
NC_060928.1	2930372	2930750	-1	1	-	NC_060928.1	2930373	2930616	SLC75A1	XM_054348719.1	-	1	2	134	0	6	7	7	1	1	middle	last	0.143	0.143	unique	unique	108	26	1
NC_060928.1	2931502	2932126	-2	1	-	NC_060928.1	2931569	2932126	SLC75A1	NM_001120.5	-	2	2	0	66	2	3	7	6	6	middle	middle	0.857	0.857	alternative	alternative	96	103	6
NC_060928.1	3374958	3375546	1	1	+	NC_060928.1	3375058	3375204	RGS12	NM_001394159.1	+	1	2	99	342	4	6	19	1	1	middle	middle	0.053	0.053	unique	unique	96	34	1
NC_060928.1	3499920	3500580	1	1	+	NC_060928.1	3500009	3500580	DOK7	NM_001301071.2	+	1	2	88	0	9	10	8	2	2	middle	last	0.250	0.250	alternative	alternative	152	130	2
NC_060928.1	39427650	39428169	-3	1	-	NC_060928.1	39427846	39428091	RPL9	NM_000661.5	-	3	2	78	195	1	2	2	2	2	first	middle	1.000	1.000	constitutive	constitutive	45	115	2
NC_060928.1	41230737	41231076	1	1	+	NC_060928.1	41230765	41230914	UCHL1	NM_004181.5	+	1	2	27	162	1	2	1	1	1	first	middle	1.000	1.000	constitutive	constitutive	32	11	1
NC_060928.1	48105489	48105873	-3	1	-	NC_060928.1	48105493	48105850	TEC	NM_003215.3	-	3	2	23	3	15	16	6	3	3	middle	middle	0.500	0.500	alternative	alternative	118	157	3
NC_060928.1	958730	959453	-1	1	-	NC_060928.1	958731	959309	DGKQ	NM_001347.4	-	1	2	144	0	22	23	7	3	3	middle	last	0.429	0.429	alternative	alternative	152	98	3
NC_060929.1	1229029	1229713	-3	1	-	NC_060929.1	1229477	1229661	CLPTM1L	NM_030782.5	-	3	2	52	447	14	15	3	3	3	middle	middle	1.000	1.000	constitutive	constitutive	55	44	3
NC_060929.1	133005925	133006639	-3	1	-	NC_060929.1	133006333	133006620	IRF1	NM_001354924.1	-	3	2	19	407	4	5	6	6	6	middle	middle	1.000	1.000	constitutive	constitutive	49	129	2
NC_060929.1	133005925	133006639	-3	1	-	NC_060929.1	133006027	133006620	IRF1	NM_001354925.1	-	3	3	19	101	4	6	6	6	4	middle	middle	1.000	0.667	constitutive	alternative	49	122	4
NC_060929.1	133407596	133407962	-2	1	-	NC_060929.1	133407598	133407912	AFF4	NM_014423.4	-	2	2	50	1	14	15	5	5	5	middle	middle	1.000	1.000	constitutive	constitutive	63	136	5
NC_060929.1	140871250	140871946	-3	1	-	NC_060929.1	140871343	140871760	HBEGF	NM_001945.3	-	3	2	186	92	1	2	1	1	1	first	middle	1.000	1.000	constitutive	constitutive	45	173	1
NC_060929.1	142052011	142052497	-3	1	-	NC_060929.1	142052020	142052443	DIAPH1	NM_001079812.3	-	3	2	54	8	24	25	5	5	5	middle	middle	1.000	1.000	constitutive	constitutive	164	135	5
NC_060929.1	150606727	150607156	-3	1	-	NC_060929.1	150606729	150607118	CSF1R	NM_001288705.3	-	3	2	38	1	7	8	5	5	5	middle	middle	1.000	1.000	constitutive	constitutive	115	120	5
NC_060929.1	150669919	150670630	-3	1	-	NC_060929.1	150670189	150670611	PDGFRB	NM_001355016.2	-	3	2	19	269	3	4	3	3	3	middle	middle	1.000	1.000	constitutive	constitutive	127	174	3
NC_060929.1	150741132	150741675	1	1	+	NC_060929.1	150741133	150741528	SLC6A7	NM_014228.5	+	1	2	0	147	11	12	4	4	4	middle	middle	1.000	1.000	constitutive	constitutive	99	100	4
NC_060929.1	151229387	151229861	-2	1	-	NC_060929.1	151229408	151229820	RBM22	NM_018047.3	-	2	2	41	20	9	10	1	1	1	middle	middle	1.000	1.000	constitutive	constitutive	88	131	1
NC_060929.1	155337244	155337808	2	1	+	NC_060929.1	155337254	155337709	LARP1	NM_001367713.1	+	2	2	9	99	9	10	18	18	18	middle	middle	1.000	1.000	constitutive	constitutive	123	205	18
NC_060929.1	155474888	155475164	3	1	+	NC_060929.1	155475009	155475163	MRPL22	NM_014180.4	+	3	2	120	1	1	2	2	1	1	first	middle	0.500	0.500	unique	unique	27	48	1
NC_060929.1	162673	163240	2	1	+	NC_060929.1	162746	163147	PLEKHG4B	NM_052909.5	+	2	2	72	93	15	16	1	1	1	middle	middle	1.000	1.000	constitutive	constitutive	89	230	1
NC_060929.1	176909628	176911185	1	1	+	NC_060929.1	176909911	176910928	ARL10	NM_001317948.2	+	1	2	282	257	1	2	5	5	5	first	middle	1.000	1.000	constitutive	constitutive	182	201	5
NC_060929.1	177074635	177075346	-3	1	-	NC_060929.1	177074637	177075298	RNF44	NM_014901.5	-	3	2	48	1	5	6	18	18	18	middle	middle	1.000	1.000	constitutive	constitutive	161	124	18
NC_060929.1	177122129	177122669	3	1	+	NC_060929.1	177122208	177122668	CDHR2	NM_001171976.2	+	3	2	78	1	13	14	2	2	2	middle	middle	1.000	1.000	constitutive	constitutive	161	61	2
NC_060929.1	177128756	177129629	3	1	+	NC_060929.1	177128763	177129588	CDHR2	NM_001171976.2	+	3	2	6	41	17	18	2	2	2	middle	middle	1.000	1.000	constitutive	constitutive	69	605	2
NC_060929.1	177198146	177198590	3	1	+	NC_060929.1	177198204	177198488	TSPAN17	NM_001006616.3	+	3	2	57	102	2	3	5	4	4	middle	middle	0.800	0.800	alternative	alternative	50	146	4
NC_060929.1	177422782	177423571	2	1	+	NC_060929.1	177423018	177423529	UNC5A	NM_133369.3	+	2	2	235	42	9	10	5	4	4	middle	middle	0.800	0.800	alternative	alternative	87	168	4
NC_060929.1	177424051	177425104	2	1	+	NC_060929.1	177424070	177424465	UNC5A	NM_133369.3	+	2	2	18	639	12	13	5	4	2	middle	middle	0.800	0.400	alternative	alternative	149	164	2
NC_060929.1	177424051	177425104	2	1	+	NC_060929.1	177424070	177425104	UNC5A	XM_054353748.1	+	2	2	18	0	13	14	5	4	2	middle	last	0.800	0.400	alternative	alternative	149	803	2
NC_060929.1	177427126	177427732	-3	1	-	NC_060929.1	177427128	177427673	HK3	NM_002115.3	-	3	2	59	1	16	17	3	1	1	middle	middle	0.333	0.333	unique	unique	155	233	1
NC_060929.1	177929128	177929653	2	1	+	NC_060929.1	177929205	177929567	SLC34A1	NM_001167579.2	+	2	2	76	86	2	3	2	2	2	middle	middle	1.000	1.000	constitutive	constitutive	149	128	2
NC_060929.1	177979271	177979802	3	1	+	NC_060929.1	177979324	177979781	GRK6	NM_001004105.3	+	3	2	52	21	12	13	8	8	8	middle	middle	1.000	1.000	constitutive	constitutive	208	137	8
NC_060929.1	177983929	177984631	2	1	+	NC_060929.1	177983951	177984304	GRK6	NM_001004105.3	+	2	2	21	327	14	15	8	8	8	middle	middle	1.000	1.000	constitutive	constitutive	137	134	8
NC_060929.1	178026593	178027208	-2	1	-	NC_060929.1	178026855	178027178	PDLIM7	NM_005451.5	-	2	2	30	261	10	11	3	2	2	middle	middle	0.667	0.667	alternative	alternative	120	115	2
NC_060929.1	178035252	178035771	-1	1	-	NC_060929.1	178035379	178035651	PDLIM7	NM_005451.5	-	1	2	120	126	2	3	3	3	3	middle	middle	1.000	1.000	constitutive	constitutive	151	30	3
NC_060929.1	178692765	178693353	1	1	+	NC_060929.1	178692842	178693251	RMND5B	NM_001288794.2	+	1	2	76	102	2	3	8	6	8	middle	middle	0.750	1.000	alternative	constitutive	145	140	6
NC_060929.1	178692765	178693353	1	1	+	NC_060929.1	178692883	178693251	RMND5B	XM_054353142.1	+	1	2	117	102	1	2	8	2	8	first	middle	0.250	1.000	alternative	constitutive	104	140	2
NC_060929.1	178697771	178698143	3	1	+	NC_060929.1	178697792	178698142	RMND5B	NM_001288794.2	+	3	2	20	1	7	8	8	8	8	middle	middle	1.000	1.000	constitutive	constitutive	102	154	8
NC_060929.1	178796183	178796597	-2	1	-	NC_060929.1	178796205	178796552	COL23A1	NM_173465.4	-	2	2	45	21	24	25	11	10	10	middle	middle	0.909	0.909	alternative	alternative	53	26	10
NC_060929.1	179539376	179540255	-2	1	-	NC_060929.1	179539386	179540239	GRM6	NM_000843.4	-	2	2	16	9	7	8	1	1	1	middle	middle	1.000	1.000	constitutive	constitutive	145	623	1
NC_060929.1	180350883	180351219	1	1	+	NC_060929.1	180350982	180351218	LTC4S	NM_145867.2	+	1	2	98	1	3	4	1	1	1	middle	middle	1.000	1.000	constitutive	constitutive	70	81	1
NC_060929.1	181146121	181147258	-3	1	-	NC_060929.1	181146122	181146726	SCGB3A1	NM_052863.3	-	3	2	532	0	2	3	1	1	1	middle	last	1.000	1.000	constitutive	constitutive	238	20	1
NC_060929.1	181164909	181165155	-1	1	-	NC_060929.1	181164910	181165131	FLT4	XM_054352176.1	-	1	2	24	0	29	30	10	1	1	middle	last	0.100	0.100	unique	unique	72	43	1
NC_060929.1	181174634	181176284	-2	1	-	NC_060929.1	181174887	181175635	FLT4	NM_001354989.2	-	2	2	649	252	18	20	10	10	10	middle	middle	1.000	1.000	constitutive	constitutive	104	88	10
NC_060929.1	7835915	7836371	3	1	+	NC_060929.1	7835987	7836370	MTRR	NM_001364440.2	+	3	2	71	1	12	13	12	8	8	middle	middle	0.667	0.667	alternative	alternative	92	182	8
NC_060929.1	914579	915182	3	1	+	NC_060929.1	914679	914835	NKD2	NM_001271082.2	+	3	2	99	347	1	2	6	5	5	first	middle	0.833	0.833	alternative	alternative	24	35	5
NC_060929.1	96232690	96233404	2	1	+	NC_060929.1	96232919	96233320	RHOBTB3	NM_014899.4	+	2	2	228	84	1	2	2	2	2	first	middle	1.000	1.000	constitutive	constitutive	1	225	2
NC_060930.1	110620520	110620994	3	1	+	NC_060930.1	110620581	110620922	SMPD2	NM_003080.3	+	3	2	60	72	6	7	2	2	2	middle	middle	1.000	1.000	constitutive	constitutive	82	132	2
NC_060930.1	110631643	110632495	-2	1	-	NC_060930.1	110631676	110632234	MICAL1	NM_001159291.2	-	2	2	261	32	1	2	3	2	3	first	middle	0.667	1.000	alternative	constitutive	257	207	2
NC_060930.1	110631643	110632495	-2	1	-	NC_060930.1	110631676	110632277	MICAL1	NM_001286613.2	-	2	2	218	32	2	3	3	1	3	middle	middle	0.333	1.000	unique	constitutive	300	207	1
NC_060930.1	133145784	133146387	-3	1	-	NC_060930.1	133145808	133146210	CCN2	NM_001901.4	-	3	2	177	23	1	2	1	1	1	first	middle	1.000	1.000	constitutive	constitutive	65	222	1
NC_060930.1	152009922	152010285	1	1	+	NC_060930.1	152009923	152010276	PLEKHG1	NM_001029884.3	+	1	2	0	9	8	9	10	10	10	middle	middle	1.000	1.000	constitutive	constitutive	95	86	10
NC_060930.1	159310764	159311214	1	1	+	NC_060930.1	159310789	159311179	SYNJ2	NM_001178088.2	+	1	2	24	35	6	7	15	14	14	middle	middle	0.933	0.933	alternative	alternative	149	165	14
NC_060930.1	168518760	168520026	1	1	+	NC_060930.1	168518809	168520026	CCR6	NM_001394582.1	+	1	2	48	0	1	2	3	3	3	first	last	1.000	1.000	constitutive	constitutive	8	1112	3
NC_060930.1	225917	230831	3	1	+	NC_060930.1	225936	228716	LOC124906582	XM_047444791.1	+	3	2	18	2115	1	2	1	1	1	first	middle	1.000	1.000	constitutive	constitutive	2031	346	1
NC_060930.1	30441998	30442388	3	1	+	NC_060930.1	30441999	30442383	ABCF1	NM_001025091.2	+	3	2	0	5	3	4	2	2	2	middle	middle	1.000	1.000	constitutive	constitutive	95	126	2
NC_060930.1	30454481	30454874	3	1	+	NC_060930.1	30454482	30454874	ABCF1	NM_001025091.2	+	3	2	0	0	24	25	2	2	2	middle	last	1.000	1.000	constitutive	constitutive	72	163	2
NC_060930.1	30523535	30524081	-1	1	-	NC_060930.1	30523677	30524039	DHX16	NM_001164239.2	-	1	2	42	141	11	12	6	6	6	middle	middle	1.000	1.000	constitutive	constitutive	98	152	6
NC_060930.1	30526824	30527472	-3	1	-	NC_060930.1	30526832	30527226	DHX16	NM_001164239.2	-	3	2	246	7	8	9	6	4	4	middle	middle	0.667	0.667	alternative	alternative	110	115	4
NC_060930.1	30753313	30753691	2	1	+	NC_060930.1	30753386	30753666	DDR1	NM_001202521.1	+	2	2	72	25	1	2	56	44	56	first	middle	0.786	1.000	alternative	constitutive	84	102	44
NC_060930.1	30753313	30753691	2	1	+	NC_060930.1	30753344	30753666	DDR1	NM_001410869.1	+	2	2	30	25	2	3	56	12	56	middle	middle	0.214	1.000	alternative	constitutive	126	102	12
NC_060930.1	30757633	30758185	2	1	+	NC_060930.1	30757740	30758095	DDR1	NM_001202521.1	+	2	2	106	90	8	9	56	56	56	middle	middle	1.000	1.000	constitutive	constitutive	95	151	56
NC_060930.1	30787365	30787683	1	1	+	NC_060930.1	30787387	30787657	VARS2	NM_001167733.3	+	1	2	21	26	18	19	3	3	3	middle	middle	1.000	1.000	constitutive	constitutive	68	78	3
NC_060930.1	31010280	31010835	-3	1	-	NC_060930.1	31010281	31010820	CCHCR1	NM_001105563.3	-	3	2	15	0	17	18	27	25	25	middle	last	0.926	0.926	alternative	alternative	171	121	25
NC_060930.1	31012352	31012799	-1	1	-	NC_060930.1	31012373	31012759	CCHCR1	NM_001105563.3	-	1	2	40	20	14	15	27	25	25	middle	middle	0.926	0.926	alternative	alternative	188	101	25
NC_060930.1	31212574	31213501	-2	1	-	NC_060930.1	31212580	31213051	HLA-B	NM_005514.8	-	2	2	450	5	1	2	1	1	1	first	middle	1.000	1.000	constitutive	constitutive	72	269	1
NC_060930.1	31619290	31619881	-2	1	-	NC_060930.1	31619292	31619811	VWA7	NM_025258.3	-	2	2	70	1	13	14	1	1	1	middle	middle	1.000	1.000	constitutive	constitutive	301	139	1
NC_060930.1	31620190	31620652	-2	1	-	NC_060930.1	31620205	31620561	VWA7	NM_025258.3	-	2	2	91	14	11	12	1	1	1	middle	middle	1.000	1.000	constitutive	constitutive	152	92	1
NC_060930.1	31631929	31632688	-2	1	-	NC_060930.1	31632014	31632583	VARS1	NM_006295.3	-	2	2	105	84	27	28	3	2	2	middle	middle	0.667	0.667	alternative	alternative	111	325	2
NC_060930.1	31634368	31634974	-2	1	-	NC_060930.1	31634528	31634808	VARS1	NM_006295.3	-	2	2	166	159	19	20	3	2	2	middle	middle	0.667	0.667	alternative	alternative	70	125	2
NC_060930.1	31712961	31713525	-3	1	-	NC_060930.1	31712962	31713504	NEU1	NM_000434.4	-	3	2	21	0	5	6	1	1	1	middle	last	1.000	1.000	constitutive	constitutive	222	223	1
NC_060930.1	31717890	31718421	-3	1	-	NC_060930.1	31718056	31718320	SLC44A4	NM_001178044.2	-	3	2	101	165	17	18	3	3	3	middle	middle	1.000	1.000	constitutive	constitutive	70	94	3
NC_060930.1	31733906	31734521	-1	1	-	NC_060930.1	31733908	31734327	EHMT2	NM_001289413.2	-	1	2	194	1	24	25	13	13	13	middle	middle	1.000	1.000	constitutive	constitutive	78	175	13
NC_060930.1	31797721	31798243	2	1	+	NC_060930.1	31797932	31798234	C2	NM_000063.6	+	2	2	210	9	16	17	6	5	5	middle	middle	0.833	0.833	alternative	alternative	126	49	5
NC_060930.1	31804482	31804902	1	1	+	NC_060930.1	31804546	31804809	CFB	NM_001710.6	+	1	2	63	93	16	17	1	1	1	middle	middle	1.000	1.000	constitutive	constitutive	132	49	1
NC_060930.1	31849412	31849814	3	1	+	NC_060930.1	31849413	31849806	C4A	NM_001252204.2	+	3	2	0	8	27	28	2	2	2	middle	middle	1.000	1.000	constitutive	constitutive	116	171	2
NC_060930.1	31882150	31882552	2	1	+	NC_060930.1	31882151	31882544	C4B	NM_001002029.4	+	2	2	0	8	27	28	1	1	1	middle	middle	1.000	1.000	constitutive	constitutive	116	171	1
NC_060930.1	31884824	31885382	3	1	+	NC_060930.1	31884949	31885340	C4B	NM_001002029.4	+	3	2	124	42	33	34	1	1	1	middle	middle	1.000	1.000	constitutive	constitutive	186	90	1
NC_060930.1	31896139	31896673	-2	1	-	NC_060930.1	31896155	31896522	TNXB	NM_001365276.2	-	2	2	151	15	36	37	4	4	4	middle	middle	1.000	1.000	constitutive	constitutive	143	130	4
NC_060930.1	31896872	31897385	-1	1	-	NC_060930.1	31896953	31897333	TNXB	NM_001365276.2	-	1	2	52	80	33	34	4	4	4	middle	middle	1.000	1.000	constitutive	constitutive	122	143	4
NC_060930.1	31921544	31922690	-1	1	-	NC_060930.1	31921607	31922353	TNXB	NM_001365276.2	-	1	2	337	62	15	16	4	3	3	middle	middle	0.750	0.750	alternative	alternative	314	317	3
NC_060930.1	32008844	32009180	3	1	+	NC_060930.1	32008876	32009166	PPT2	NM_001204103.2	+	3	2	31	14	3	4	3	3	3	middle	middle	1.000	1.000	constitutive	constitutive	95	107	3
NC_060930.1	32033199	32033514	1	1	+	NC_060930.1	32033200	32033514	RNF5	NM_006913.4	+	1	2	0	0	5	6	1	1	1	middle	last	1.000	1.000	constitutive	constitutive	117	94	1
NC_060930.1	32073294	32073864	-3	1	-	NC_060930.1	32073324	32073836	NOTCH4	NM_004557.4	-	3	2	28	29	6	7	1	1	1	middle	middle	1.000	1.000	constitutive	constitutive	236	155	1
NC_060930.1	32801507	32802080	3	1	+	NC_060930.1	32801707	32802080	BRD2	NM_001113182.3	+	3	2	199	0	11	12	7	5	5	middle	last	0.714	0.714	alternative	alternative	122	133	5
NC_060930.1	32986893	32987352	-3	1	-	NC_060930.1	32986902	32987337	COL11A2	NM_001424108.1	-	3	2	15	8	61	62	17	16	16	middle	middle	0.941	0.941	alternative	alternative	53	267	16
NC_060930.1	32988592	32989003	-2	1	-	NC_060930.1	32988617	32988886	COL11A2	NM_001424108.1	-	2	2	117	24	55	56	17	16	16	middle	middle	0.941	0.941	alternative	alternative	107	53	16
NC_060930.1	32991603	32992134	-3	1	-	NC_060930.1	32991679	32991963	COL11A2	NM_001424108.1	-	3	2	171	75	46	47	17	16	16	middle	middle	0.941	0.941	alternative	alternative	53	53	16
NC_060930.1	33016296	33016830	-3	1	-	NC_060930.1	33016298	33016819	RXRB	NM_001270401.2	-	3	2	11	1	8	9	6	4	6	middle	middle	0.667	1.000	alternative	constitutive	103	105	4
NC_060930.1	33016296	33016830	-3	1	-	NC_060930.1	33016298	33016807	RXRB	NM_021976.5	-	3	2	23	1	8	9	6	2	6	middle	middle	0.333	1.000	alternative	constitutive	91	105	2
NC_060930.1	33111348	33111813	1	1	+	NC_060930.1	33111536	33111812	PFDN6	NM_001185181.3	+	1	2	187	1	2	3	5	5	5	middle	middle	1.000	1.000	constitutive	constitutive	70	124	5
NC_060930.1	33116329	33116617	-2	1	-	NC_060930.1	33116339	33116573	RGL2	NM_001243738.2	-	2	2	44	9	6	7	9	9	9	middle	middle	1.000	1.000	constitutive	constitutive	84	68	9
NC_060930.1	33505429	33506242	2	1	+	NC_060930.1	33505543	33505874	ITPR3	NM_002224.4	+	2	2	113	368	37	38	6	5	5	middle	middle	0.833	0.833	alternative	alternative	108	90	5
NC_060930.1	35113250	35113862	3	1	+	NC_060930.1	35113347	35113797	ZNF76	NM_001292032.2	+	3	2	96	65	5	6	15	12	15	middle	middle	0.800	1.000	alternative	constitutive	116	75	12
NC_060930.1	35113250	35113862	3	1	+	NC_060930.1	35113334	35113797	ZNF76	XM_054356321.1	+	3	2	83	65	3	4	15	3	15	middle	middle	0.200	1.000	alternative	constitutive	129	75	3
NC_060930.1	35115390	35116197	1	1	+	NC_060930.1	35115635	35116125	ZNF76	NM_001292032.2	+	1	2	244	72	9	10	15	14	14	middle	middle	0.933	0.933	alternative	alternative	233	163	14
NC_060930.1	35956978	35957407	2	1	+	NC_060930.1	35956979	35957273	MAPK13	NM_002754.5	+	2	2	0	134	7	8	2	2	2	middle	middle	1.000	1.000	constitutive	constitutive	114	71	2
NC_060930.1	36146776	36147439	-2	1	-	NC_060930.1	36146800	36147384	BNIP5	NM_001010903.5	-	2	2	55	23	3	4	4	3	4	middle	middle	0.750	1.000	alternative	constitutive	64	243	3
NC_060930.1	36146776	36147439	-2	1	-	NC_060930.1	36146800	36147367	BNIP5	XM_054355415.1	-	2	2	72	23	1	2	4	1	4	first	middle	0.250	1.000	unique	constitutive	47	243	1
NC_060930.1	39717611	39718190	3	1	+	NC_060930.1	39717735	39718116	DAAM2	NM_001201427.2	+	3	2	123	74	17	18	16	16	16	middle	middle	1.000	1.000	constitutive	constitutive	106	88	16
NC_060930.1	41418638	41419259	3	1	+	NC_060930.1	41418804	41419203	FOXP4	NM_001012426.2	+	3	2	165	56	9	10	15	15	9	middle	middle	1.000	0.600	constitutive	alternative	83	207	9
NC_060930.1	41418638	41419259	3	1	+	NC_060930.1	41418804	41419203	FOXP4	NM_001405824.1	+	3	2	165	56	9	10	15	15	6	middle	middle	1.000	0.400	constitutive	alternative	83	171	6
NC_060930.1	42839615	42840128	3	1	+	NC_060930.1	42839762	42840095	PPP2R5D	NM_001270476.2	+	3	2	146	33	11	12	4	4	4	middle	middle	1.000	1.000	constitutive	constitutive	72	116	4
NC_060930.1	43033356	43034211	1	1	+	NC_060930.1	43033535	43034210	CUL9	NM_015089.4	+	1	3	178	1	21	23	20	18	5	middle	middle	0.900	0.250	alternative	alternative	109	160	5
NC_060930.1	43033356	43034211	1	1	+	NC_060930.1	43033535	43034210	CUL9	XM_054354820.1	+	1	2	178	1	21	22	20	18	13	middle	middle	0.900	0.650	alternative	alternative	109	490	13
NC_060930.1	43987768	43988335	2	1	+	NC_060930.1	43987820	43988335	TMEM63B	NM_001318792.1	+	2	2	51	0	22	23	20	20	20	middle	last	1.000	1.000	constitutive	constitutive	80	188	20
NC_060930.1	44016860	44017508	3	1	+	NC_060930.1	44017101	44017395	CAPN11	NM_007058.4	+	3	2	240	113	20	21	6	5	5	middle	middle	0.833	0.833	alternative	alternative	78	116	5
NC_060930.1	44094151	44094769	-2	1	-	NC_060930.1	44094194	44094690	NFKBIE	NM_004556.3	-	2	2	79	42	4	5	1	1	1	middle	middle	1.000	1.000	constitutive	constitutive	88	239	1
NC_060930.1	56487151	56487469	-2	1	-	NC_060930.1	56487153	56487469	DST	NM_001144769.5	-	2	2	0	1	13	14	11	9	9	middle	middle	0.818	0.818	alternative	alternative	95	127	9
NC_060930.1	74530141	74530957	-2	1	-	NC_060930.1	74530540	74530912	DPPA5	NM_001025290.3	-	2	2	45	398	1	2	1	1	1	first	middle	1.000	1.000	constitutive	constitutive	111	179	1
NC_060930.1	74696011	74696629	-2	1	-	NC_060930.1	74696036	74696620	EEF1A1	NM_001402.6	-	2	2	9	24	2	3	2	2	2	middle	middle	1.000	1.000	constitutive	constitutive	179	296	2
NC_060930.1	80255108	80255792	-1	1	-	NC_060930.1	80255163	80255783	PHIP	NM_017934.7	-	1	3	9	54	1	4	4	3	3	first	middle	0.750	0.750	alternative	alternative	39	59	3
NC_060931.1	101344862	101345213	3	1	+	NC_060931.1	101344891	101345192	AP4M1	NM_001363671.2	+	3	2	28	21	9	10	12	12	12	middle	middle	1.000	1.000	constitutive	constitutive	53	106	12
NC_060931.1	101817745	101818045	-3	1	-	NC_060931.1	101817747	101817995	LRCH4	XM_054358234.1	-	3	2	50	1	8	9	23	7	7	middle	middle	0.304	0.304	alternative	alternative	90	76	7
NC_060931.1	101817899	101818658	-2	1	-	NC_060931.1	101817905	101818341	LRCH4	NM_001289934.2	-	2	2	317	5	7	8	23	8	16	middle	middle	0.348	0.696	alternative	alternative	99	90	8
NC_060931.1	101817899	101818658	-2	1	-	NC_060931.1	101817905	101818399	LRCH4	XM_054358231.1	-	2	2	259	5	7	8	23	8	16	middle	middle	0.348	0.696	alternative	alternative	157	90	8
NC_060931.1	101843166	101844438	1	1	+	NC_060931.1	101843511	101844298	PCOLCE	NM_002593.4	+	1	2	344	140	2	3	1	1	1	middle	middle	1.000	1.000	constitutive	constitutive	108	258	1
NC_060931.1	101854859	101855261	3	1	+	NC_060931.1	101854948	101855261	MOSPD3	NM_001040097.2	+	3	2	88	0	4	5	7	7	7	middle	last	1.000	1.000	constitutive	constitutive	164	28	7
NC_060931.1	101866684	101867620	-3	1	-	NC_060931.1	101866844	101867572	TFR2	NM_001206855.3	-	3	2	48	159	13	14	2	2	2	middle	middle	1.000	1.000	constitutive	constitutive	227	140	2
NC_060931.1	101868019	101868415	-3	1	-	NC_060931.1	101868154	101868387	TFR2	NM_001206855.3	-	3	2	28	134	8	9	2	2	2	middle	middle	1.000	1.000	constitutive	constitutive	82	63	2
NC_060931.1	101873021	101873492	-2	1	-	NC_060931.1	101873082	101873421	TFR2	NM_001206855.3	-	2	2	71	60	2	3	2	2	2	middle	middle	1.000	1.000	constitutive	constitutive	111	122	2
NC_060931.1	101887303	101887747	-3	1	-	NC_060931.1	101887305	101887615	ACTL6B	NM_016188.5	-	3	2	132	1	8	9	1	1	1	middle	middle	1.000	1.000	constitutive	constitutive	89	61	1
NC_060931.1	101888607	101889072	-1	1	-	NC_060931.1	101888638	101888905	ACTL6B	NM_016188.5	-	1	2	167	30	6	7	1	1	1	middle	middle	1.000	1.000	constitutive	constitutive	94	106	1
NC_060931.1	101895783	101896476	-1	1	-	NC_060931.1	101895883	101896434	ACTL6B	NM_016188.5	-	1	2	42	99	1	2	1	1	1	first	middle	1.000	1.000	constitutive	constitutive	24	76	1
NC_060931.1	101922811	101923765	-3	1	-	NC_060931.1	101923382	101923710	GIGYF1	NM_001375759.1	-	3	2	55	570	17	18	10	10	10	middle	middle	1.000	1.000	constitutive	constitutive	82	140	10
NC_060931.1	101923653	101924523	-1	1	-	NC_060931.1	101923896	101924415	GIGYF1	NM_001375759.1	-	1	2	108	242	14	16	10	10	10	middle	middle	1.000	1.000	constitutive	constitutive	100	100	10
NC_060931.1	102108174	102109062	1	1	+	NC_060931.1	102108208	102108966	TRIP6	NM_003302.3	+	1	2	33	96	3	4	1	1	1	middle	middle	1.000	1.000	constitutive	constitutive	125	371	1
NC_060931.1	102124840	102125161	2	1	+	NC_060931.1	102124841	102125141	SRRT	NM_001128852.2	+	2	2	0	20	7	8	10	10	10	middle	middle	1.000	1.000	constitutive	constitutive	98	117	10
NC_060931.1	102191875	102207919	2	1	+	NC_060931.1	102191934	102207806	MUC3A	NM_005960.2	+	2	2	58	113	2	4	1	1	1	middle	middle	1.000	1.000	constitutive	constitutive	6458	2334	1
NC_060931.1	102295752	102320043	1	1	+	NC_060931.1	102295874	102306301	MUC12	NM_001164462.2	+	1	2	121	13742	2	3	1	1	1	middle	middle	1.000	1.000	constitutive	constitutive	4430	2747	1
NC_060931.1	102529746	102530421	-1	1	-	NC_060931.1	102529747	102530367	PLOD3	NM_001084.5	-	1	2	54	0	18	19	2	2	2	middle	last	1.000	1.000	constitutive	constitutive	125	152	2
NC_060931.1	102533744	102534305	-2	1	-	NC_060931.1	102533793	102534135	PLOD3	NM_001084.5	-	2	2	170	48	13	14	2	2	2	middle	middle	1.000	1.000	constitutive	constitutive	141	113	2
NC_060931.1	102535051	102535510	-3	1	-	NC_060931.1	102535053	102535412	PLOD3	NM_001084.5	-	3	2	98	1	11	12	2	2	2	middle	middle	1.000	1.000	constitutive	constitutive	104	125	2
NC_060931.1	103783352	103783898	3	1	+	NC_060931.1	103783436	103783889	LRWD1	NM_152892.3	+	3	2	83	9	2	3	2	1	1	middle	middle	0.500	0.500	unique	unique	234	116	1
NC_060931.1	103801215	103801905	-1	1	-	NC_060931.1	103801216	103801510	RASA4B	NM_001277335.2	-	1	2	395	0	19	20	9	6	6	middle	last	0.667	0.667	alternative	alternative	64	118	6
NC_060931.1	103900268	103900958	-2	1	-	NC_060931.1	103900269	103900563	RASA4	NM_001079877.2	-	2	2	395	0	19	20	13	4	4	middle	last	0.308	0.308	alternative	alternative	64	118	4
NC_060931.1	106447434	106447839	-1	1	-	NC_060931.1	106447501	106447814	SRPK2	NM_001278273.2	-	1	2	25	66	11	12	24	24	24	middle	middle	1.000	1.000	constitutive	constitutive	100	107	24
NC_060931.1	106879465	106879855	2	1	+	NC_060931.1	106879483	106879854	RINT1	NM_001346599.2	+	2	2	17	1	11	12	9	9	9	middle	middle	1.000	1.000	constitutive	constitutive	180	118	9
NC_060931.1	1088891	1090649	3	1	+	NC_060931.1	1089408	1090319	CYP2W1	NM_017781.3	+	3	3	516	330	2	4	3	3	3	middle	middle	1.000	1.000	constitutive	constitutive	162	157	3
NC_060931.1	130154010	130154670	1	1	+	NC_060931.1	130154096	130154493	FLNC	NM_001127487.2	+	1	2	85	177	12	13	2	2	2	middle	middle	1.000	1.000	constitutive	constitutive	193	113	2
NC_060931.1	130156676	130157201	3	1	+	NC_060931.1	130156722	130157192	FLNC	NM_001127487.2	+	3	2	45	9	19	20	2	2	2	middle	middle	1.000	1.000	constitutive	constitutive	117	262	2
NC_060931.1	130166366	130166888	3	1	+	NC_060931.1	130166395	130166763	FLNC	NM_001127487.2	+	3	2	28	125	37	38	2	2	2	middle	middle	1.000	1.000	constitutive	constitutive	152	122	2
NC_060931.1	142980754	142981363	-3	1	-	NC_060931.1	142980756	142981170	DENND11	NM_001080392.2	-	3	2	193	1	6	7	1	1	1	middle	middle	1.000	1.000	constitutive	constitutive	131	150	1
NC_060931.1	144270060	144270558	-1	1	-	NC_060931.1	144270099	144270505	TRPV5	NM_019841.7	-	1	2	53	38	11	12	1	1	1	middle	middle	1.000	1.000	constitutive	constitutive	165	66	1
NC_060931.1	144743857	144744373	2	1	+	NC_060931.1	144743916	144744372	ZYX	NM_001010972.2	+	2	2	58	1	6	7	5	4	4	middle	middle	0.800	0.800	alternative	alternative	169	178	4
NC_060931.1	152182000	152182390	2	1	+	NC_060931.1	152182052	152182389	NOS3	NM_000603.5	+	2	2	51	1	17	18	4	1	1	middle	middle	0.250	0.250	unique	unique	132	78	1
NC_060931.1	152196566	152196908	-2	1	-	NC_060931.1	152196568	152196853	ATG9B	NM_001317056.2	-	2	2	55	1	2	3	6	6	6	middle	middle	1.000	1.000	constitutive	constitutive	43	64	6
NC_060931.1	152224646	152225381	3	1	+	NC_060931.1	152224898	152225150	ASIC3	NM_004769.4	+	3	2	251	231	7	8	3	3	3	middle	middle	1.000	1.000	constitutive	constitutive	91	79	3
NC_060931.1	152229940	152230486	-3	1	-	NC_060931.1	152229996	152230248	CDK5	NM_001164410.3	-	3	2	238	55	2	3	2	2	2	middle	middle	1.000	1.000	constitutive	constitutive	88	67	2
NC_060931.1	152248599	152249412	1	1	+	NC_060931.1	152248724	152249304	SLC4A2	NM_001199692.3	+	1	2	124	108	20	21	4	4	4	middle	middle	1.000	1.000	constitutive	constitutive	169	173	4
NC_060931.1	152289647	152290391	3	1	+	NC_060931.1	152289880	152290269	AGAP3	NM_001042535.4	+	3	2	232	122	5	6	22	17	17	middle	middle	0.773	0.773	alternative	alternative	58	87	17
NC_060931.1	152412281	152413142	-2	1	-	NC_060931.1	152412516	152412866	SMARCD3	NM_001003801.2	-	2	2	276	234	11	12	6	6	6	middle	middle	1.000	1.000	constitutive	constitutive	122	101	6
NC_060931.1	1582711	1583197	-3	1	-	NC_060931.1	1582712	1583087	INTS1	NM_001080453.3	-	3	2	110	0	46	47	2	2	2	middle	last	1.000	1.000	constitutive	constitutive	109	112	2
NC_060931.1	1590122	1591064	-2	1	-	NC_060931.1	1590521	1591040	INTS1	NM_001080453.3	-	2	2	24	398	31	32	2	2	2	middle	middle	1.000	1.000	constitutive	constitutive	159	140	2
NC_060931.1	1597011	1597875	-1	1	-	NC_060931.1	1597288	1597659	INTS1	NM_001080453.3	-	1	2	216	276	22	23	2	2	2	middle	middle	1.000	1.000	constitutive	constitutive	179	104	2
NC_060931.1	1598772	1599483	-1	1	-	NC_060931.1	1598815	1599291	INTS1	NM_001080453.3	-	1	2	192	42	20	21	2	2	2	middle	middle	1.000	1.000	constitutive	constitutive	179	149	2
NC_060931.1	1610465	1611167	-2	1	-	NC_060931.1	1610604	1611044	INTS1	NM_001080453.3	-	2	2	123	138	8	9	2	2	2	middle	middle	1.000	1.000	constitutive	constitutive	145	141	2
NC_060931.1	1611445	1612420	-3	1	-	NC_060931.1	1611447	1612213	INTS1	NM_001080453.3	-	3	2	207	1	4	6	2	2	2	middle	middle	1.000	1.000	constitutive	constitutive	137	105	2
NC_060931.1	1661980	1662499	-3	1	-	NC_060931.1	1661982	1662326	TMEM184A	NM_001097620.2	-	3	2	173	1	4	5	1	1	1	middle	middle	1.000	1.000	constitutive	constitutive	75	91	1
NC_060931.1	26332055	26332361	-2	1	-	NC_060931.1	26332079	26332336	HNRNPA2B1	NM_001438063.1	-	2	2	25	23	5	6	14	14	14	middle	middle	1.000	1.000	constitutive	constitutive	101	80	14
NC_060931.1	2638707	2639184	1	1	+	NC_060931.1	2638827	2639183	LFNG	NM_001040167.2	+	1	2	119	1	4	5	3	3	3	middle	middle	1.000	1.000	constitutive	constitutive	153	85	3
NC_060931.1	2639564	2640335	3	1	+	NC_060931.1	2639657	2640334	LFNG	NM_001040167.2	+	3	2	92	1	6	7	3	3	3	middle	middle	1.000	1.000	constitutive	constitutive	165	85	3
NC_060931.1	31106348	31106936	3	1	+	NC_060931.1	31106478	31106814	GHRHR	NM_000823.4	+	3	2	129	122	2	3	1	1	1	middle	middle	1.000	1.000	constitutive	constitutive	102	107	1
NC_060931.1	44269310	44270000	3	1	+	NC_060931.1	44269440	44269766	AEBP1	NM_001129.5	+	3	2	129	234	13	14	3	3	3	middle	middle	1.000	1.000	constitutive	constitutive	144	85	3
NC_060931.1	47997395	47997767	-2	1	-	NC_060931.1	47997458	47997734	PKD1L1	NM_138295.5	-	2	2	33	62	38	39	2	2	2	middle	middle	1.000	1.000	constitutive	constitutive	110	72	2
NC_060931.1	4876192	4876957	2	1	+	NC_060931.1	4876261	4876805	FOXK1	NM_001037165.2	+	2	2	68	152	6	7	1	1	1	middle	middle	1.000	1.000	constitutive	constitutive	166	284	1
NC_060931.1	4902602	4902914	3	1	+	NC_060931.1	4902622	4902891	AP5Z1	NM_001364858.1	+	3	2	19	23	5	6	3	3	3	middle	middle	1.000	1.000	constitutive	constitutive	37	162	3
NC_060931.1	56240877	56241738	-1	1	-	NC_060931.1	56240878	56241576	PHKG1	NM_001258459.2	-	1	2	162	0	9	10	6	6	6	middle	last	1.000	1.000	constitutive	constitutive	125	242	6
NC_060931.1	6521270	6521846	3	1	+	NC_060931.1	6521271	6521846	RAC1	NM_006908.5	+	3	2	0	0	5	6	2	2	2	middle	last	1.000	1.000	constitutive	constitutive	159	127	2
NC_060931.1	6621655	6622426	-3	1	-	NC_060931.1	6622025	6622402	GRID2IP	NM_001145118.2	-	3	2	24	369	17	18	4	4	4	middle	middle	1.000	1.000	constitutive	constitutive	155	86	4
NC_060931.1	74797421	74798606	-2	1	-	NC_060931.1	74797508	74798582	MLXIPL	NM_032951.3	-	2	3	24	86	9	11	14	14	10	middle	middle	1.000	0.714	constitutive	alternative	531	150	10
NC_060931.1	74797421	74798606	-2	1	-	NC_060931.1	74797508	74798582	MLXIPL	XM_054358319.1	-	2	3	24	86	9	11	14	14	4	middle	middle	1.000	0.286	constitutive	alternative	531	147	4
NC_060931.1	75245667	75246759	1	1	+	NC_060931.1	75245753	75246307	ELN	NM_000501.4	+	1	2	85	452	6	8	55	55	36	middle	middle	1.000	0.655	constitutive	alternative	92	50	36
NC_060931.1	75245667	75246759	1	1	+	NC_060931.1	75245753	75246307	ELN	NM_001081753.3	+	1	2	85	452	6	8	55	55	19	middle	middle	1.000	0.345	constitutive	alternative	92	65	19
NC_060931.1	75951293	75951743	3	1	+	NC_060931.1	75951316	75951742	GTF2I	NM_001163636.3	+	3	2	22	1	23	24	6	5	5	middle	middle	0.833	0.833	alternative	alternative	65	183	5
NC_060931.1	75981394	75981736	2	1	+	NC_060931.1	75981395	75981735	NCF1	NM_000265.7	+	2	2	0	1	3	4	1	1	1	middle	middle	1.000	1.000	constitutive	constitutive	75	165	1
NC_060931.1	76226630	76226957	3	1	+	NC_060931.1	76226701	76226957	CASTOR2	NM_001145064.3	+	3	2	70	0	8	9	1	1	1	middle	last	1.000	1.000	constitutive	constitutive	94	62	1
NC_060931.1	77273469	77273898	1	1	+	NC_060931.1	77273579	77273897	POR	NM_001367562.3	+	1	2	109	1	13	14	7	7	7	middle	middle	1.000	1.000	constitutive	constitutive	145	82	7
NC_060931.1	95649653	95649956	3	1	+	NC_060931.1	95649654	95649911	COL1A2	NM_000089.4	+	3	2	0	45	27	28	1	1	1	middle	middle	1.000	1.000	constitutive	constitutive	53	53	1
NC_060931.1	99461090	99461579	-2	1	-	NC_060931.1	99461092	99461504	TECPR1	NM_015395.3	-	2	2	75	1	12	13	4	4	4	middle	middle	1.000	1.000	constitutive	constitutive	149	157	4
NC_060932.1	101087565	101087871	-2	1	-	NC_060932.1	101087580	101087871	RGS22	NM_001286692.2	-	2	2	0	14	25	26	15	12	12	middle	middle	0.800	0.800	alternative	alternative	93	80	12
NC_060932.1	143631251	143631959	3	1	+	NC_060932.1	143631334	143631737	ADGRB1	NM_001391985.1	+	3	2	82	222	14	15	19	17	17	middle	middle	0.895	0.895	alternative	alternative	75	102	17
NC_060932.1	144225322	144225820	2	1	+	NC_060932.1	144225374	144225647	LY6L	NM_001368160.2	+	2	2	51	173	1	2	1	1	1	first	middle	1.000	1.000	constitutive	constitutive	72	116	1
NC_060932.1	144360168	144360747	1	1	+	NC_060932.1	144360245	144360747	GPIHBP1	NM_178172.6	+	1	2	76	0	3	4	2	2	1	middle	last	1.000	0.500	constitutive	unique	113	256	1
NC_060932.1	144464844	144465312	-2	1	-	NC_060932.1	144464928	144465291	TOP1MT	NM_001258446.1	-	2	2	21	83	7	8	17	17	17	middle	middle	1.000	1.000	constitutive	constitutive	68	114	17
NC_060932.1	144708962	144710411	3	1	+	NC_060932.1	144709168	144710162	GSDMD	NM_001166237.1	+	3	2	205	249	2	3	2	2	2	middle	middle	1.000	1.000	constitutive	constitutive	192	168	2
NC_060932.1	144863106	144864591	-2	1	-	NC_060932.1	144863107	144864519	CCDC166	NM_001162914.1	-	2	2	72	0	1	2	1	1	1	first	last	1.000	1.000	constitutive	constitutive	443	872	1
NC_060932.1	144874217	144874745	3	1	+	NC_060932.1	144874485	144874740	MAPK15	NM_139021.3	+	3	2	267	5	3	4	8	3	8	middle	middle	0.375	1.000	alternative	constitutive	29	90	3
NC_060932.1	144874217	144874745	3	1	+	NC_060932.1	144874428	144874740	MAPK15	XM_054360092.1	+	3	2	210	5	3	4	8	5	8	middle	middle	0.625	1.000	alternative	constitutive	86	90	5
NC_060932.1	144875028	144875595	1	1	+	NC_060932.1	144875213	144875594	MAPK15	NM_139021.3	+	1	2	184	1	5	6	8	8	8	middle	middle	1.000	1.000	constitutive	constitutive	130	163	8
NC_060932.1	144945544	144946765	2	1	+	NC_060932.1	144945682	144946764	IQANK1	NM_001381874.1	+	2	4	137	1	8	12	7	2	1	middle	middle	0.286	0.143	alternative	unique	54	134	1
NC_060932.1	144945544	144946765	2	1	+	NC_060932.1	144945682	144946764	IQANK1	XM_054361002.1	+	2	3	137	1	3	6	7	2	1	middle	middle	0.286	0.143	alternative	unique	54	300	1
NC_060932.1	144948976	144949639	-1	1	-	NC_060932.1	144948978	144949576	SCRIB	NM_015356.5	-	1	3	63	1	29	31	2	2	2	middle	middle	1.000	1.000	constitutive	constitutive	107	150	2
NC_060932.1	144959812	144960436	-1	1	-	NC_060932.1	144959876	144960433	SCRIB	NM_015356.5	-	1	2	3	63	23	24	2	2	2	middle	middle	1.000	1.000	constitutive	constitutive	293	188	2
NC_060932.1	144960922	144961600	-1	1	-	NC_060932.1	144961061	144961507	SCRIB	NM_015356.5	-	1	2	93	138	20	21	2	2	2	middle	middle	1.000	1.000	constitutive	constitutive	80	257	2
NC_060932.1	144974428	144974983	-1	1	-	NC_060932.1	144974560	144974983	PUF60	NM_001136033.3	-	1	2	0	131	5	6	19	19	19	middle	middle	1.000	1.000	constitutive	constitutive	92	213	19
NC_060932.1	144993574	144994720	-1	1	-	NC_060932.1	144993740	144994456	NRBP2	NM_178564.4	-	1	2	264	165	11	14	7	7	7	middle	middle	1.000	1.000	constitutive	constitutive	132	135	7
NC_060932.1	144995400	144995868	-2	1	-	NC_060932.1	144995584	144995801	NRBP2	NM_178564.4	-	2	2	67	183	8	9	7	7	7	middle	middle	1.000	1.000	constitutive	constitutive	83	55	7
NC_060932.1	145014680	145031633	-3	1	-	NC_060932.1	145014681	145031522	EPPK1	NM_031308.4	-	3	2	111	0	1	2	1	1	1	first	last	1.000	1.000	constitutive	constitutive	6740	8510	1
NC_060932.1	145092316	145093231	-1	1	-	NC_060932.1	145092597	145093009	PLEC	NM_000445.5	-	1	2	222	280	10	11	44	44	44	middle	middle	1.000	1.000	constitutive	constitutive	95	127	44
NC_060932.1	145092983	145093478	-3	1	-	NC_060932.1	145093089	145093396	PLEC	NM_000445.5	-	3	2	82	105	8	9	44	27	44	middle	middle	0.614	1.000	alternative	constitutive	106	119	27
NC_060932.1	145092983	145093478	-3	1	-	NC_060932.1	145093089	145093396	PLEC	XM_054360661.1	-	3	2	82	105	9	10	44	17	44	middle	middle	0.386	1.000	alternative	constitutive	94	119	17
NC_060932.1	145143429	145144005	-2	1	-	NC_060932.1	145143474	145143897	PARP10	NM_001317895.2	-	2	2	108	44	5	6	3	3	2	middle	middle	1.000	0.667	constitutive	alternative	221	96	2
NC_060932.1	145143429	145144005	-2	1	-	NC_060932.1	145143501	145143897	PARP10	XM_054361377.1	-	2	2	108	71	6	7	3	3	1	middle	middle	1.000	0.333	constitutive	unique	221	69	1
NC_060932.1	145216411	145217341	-1	1	-	NC_060932.1	145216639	145217110	OPLAH	NM_017570.5	-	1	2	231	227	14	15	8	8	8	middle	middle	1.000	1.000	constitutive	constitutive	112	151	8
NC_060932.1	145218205	145219024	-1	1	-	NC_060932.1	145218299	145218999	OPLAH	NM_017570.5	-	1	2	25	93	7	9	8	8	8	middle	middle	1.000	1.000	constitutive	constitutive	138	265	8
NC_060932.1	145244770	145245418	2	1	+	NC_060932.1	145244790	145245181	GPAA1	NM_003801.4	+	2	2	19	237	5	6	1	1	1	middle	middle	1.000	1.000	constitutive	constitutive	101	196	1
NC_060932.1	145267138	145267558	2	1	+	NC_060932.1	145267139	145267470	MAF1	NM_032272.5	+	2	2	0	88	4	5	1	1	1	middle	middle	1.000	1.000	constitutive	constitutive	121	119	1
NC_060932.1	145429676	145430120	3	1	+	NC_060932.1	145429677	145429986	MROH1	NM_001288814.2	+	3	2	0	134	38	39	44	21	28	middle	middle	0.477	0.636	alternative	alternative	134	102	16
NC_060932.1	145429676	145430120	3	1	+	NC_060932.1	145429685	145429986	MROH1	XM_054361135.1	+	3	2	8	134	40	41	44	12	28	middle	middle	0.273	0.636	alternative	alternative	126	102	12
NC_060932.1	145429676	145430120	3	1	+	NC_060932.1	145429677	145430119	MROH1	XM_054361136.1	+	3	2	0	1	39	40	44	21	5	middle	middle	0.477	0.114	alternative	alternative	134	235	5
NC_060932.1	145432820	145433648	-3	1	-	NC_060932.1	145433028	145433634	BOP1	NM_015201.5	-	3	2	14	207	5	7	1	1	1	middle	middle	1.000	1.000	constitutive	constitutive	117	212	1
NC_060932.1	145486263	145486707	-2	1	-	NC_060932.1	145486306	145486652	DGAT1	NM_012079.6	-	2	2	55	42	9	11	3	3	3	middle	middle	1.000	1.000	constitutive	constitutive	103	41	3
NC_060932.1	145522367	145522859	-3	1	-	NC_060932.1	145522407	145522778	CATSPERQ	NM_001252402.3	-	3	2	81	39	3	4	3	2	2	middle	middle	0.667	0.667	alternative	alternative	195	85	2
NC_060932.1	145528154	145529471	3	1	+	NC_060932.1	145528252	145529342	SLC52A2	NM_001253815.2	+	3	2	97	129	2	3	15	9	15	middle	middle	0.600	1.000	alternative	constitutive	870	123	9
NC_060932.1	145528154	145529471	3	1	+	NC_060932.1	145528744	145529342	SLC52A2	NM_001363122.2	+	3	2	589	129	2	3	15	5	15	middle	middle	0.333	1.000	alternative	constitutive	378	123	5
NC_060932.1	145528154	145529471	3	1	+	NC_060932.1	145528386	145529342	SLC52A2	NM_001410949.1	+	3	2	231	129	1	2	15	1	15	first	middle	0.067	1.000	unique	constitutive	736	123	1
NC_060932.1	145561648	145562383	2	1	+	NC_060932.1	145561876	145562334	ADCK5	NM_174922.5	+	2	2	227	49	12	13	7	6	6	middle	middle	0.857	0.857	alternative	alternative	91	252	6
NC_060932.1	145563793	145564330	-1	1	-	NC_060932.1	145563871	145564192	CPSF1	NM_013291.3	-	1	2	138	77	31	32	9	7	9	middle	middle	0.778	1.000	alternative	constitutive	176	66	7
NC_060932.1	145563793	145564330	-1	1	-	NC_060932.1	145563871	145564192	CPSF1	XM_054360381.1	-	1	2	138	77	31	32	9	2	9	middle	middle	0.222	1.000	alternative	constitutive	167	66	2
NC_060932.1	145566355	145567645	-1	1	-	NC_060932.1	145567124	145567516	CPSF1	NM_013291.3	-	1	2	129	768	20	21	9	7	9	middle	middle	0.778	1.000	alternative	constitutive	136	174	7
NC_060932.1	145566355	145567645	-1	1	-	NC_060932.1	145567124	145567513	CPSF1	XM_054360380.1	-	1	2	132	768	20	21	9	2	9	middle	middle	0.222	1.000	alternative	constitutive	133	174	2
NC_060932.1	145568000	145568453	-3	1	-	NC_060932.1	145568114	145568450	CPSF1	NM_013291.3	-	3	2	3	113	17	18	9	8	8	middle	middle	0.889	0.889	alternative	alternative	113	141	8
NC_060932.1	145569009	145569588	-2	1	-	NC_060932.1	145569088	145569522	CPSF1	NM_013291.3	-	2	3	66	78	11	13	9	8	8	middle	middle	0.889	0.889	alternative	alternative	122	97	8
NC_060932.1	145569802	145570204	-1	1	-	NC_060932.1	145569804	145570092	CPSF1	NM_013291.3	-	1	2	112	1	8	9	9	8	8	middle	middle	0.889	0.889	alternative	alternative	110	93	8
NC_060932.1	145606186	145606840	-1	1	-	NC_060932.1	145606372	145606734	TONSL	NM_013432.5	-	1	2	106	185	15	16	4	4	4	middle	middle	1.000	1.000	constitutive	constitutive	163	123	4
NC_060932.1	145613840	145614719	-3	1	-	NC_060932.1	145613993	145614227	TONSL	NM_013432.5	-	3	2	492	152	1	2	4	2	2	first	middle	0.500	0.500	alternative	alternative	24	95	2
NC_060932.1	145668482	145668827	3	1	+	NC_060932.1	145668535	145668826	PPP1R16A	NM_001329442.2	+	3	2	52	1	2	3	22	22	22	middle	middle	1.000	1.000	constitutive	constitutive	70	145	22
NC_060932.1	145669240	145670527	2	1	+	NC_060932.1	145669861	145670377	PPP1R16A	NM_001329442.2	+	2	2	620	150	4	6	22	22	22	middle	middle	1.000	1.000	constitutive	constitutive	103	125	22
NC_060932.1	145674929	145676204	3	1	+	NC_060932.1	145675011	145676171	GPT	NM_001382664.1	+	3	2	81	33	5	8	3	3	3	middle	middle	1.000	1.000	constitutive	constitutive	243	174	3
NC_060932.1	145680129	145680489	1	1	+	NC_060932.1	145680134	145680488	SLC33A2	XM_054359687.1	+	1	2	4	1	2	3	3	1	1	middle	middle	0.333	0.333	unique	unique	139	124	1
NC_060932.1	145682921	145684181	-3	1	-	NC_060932.1	145683180	145683476	RECQL4	NM_001413017.1	-	3	2	705	258	14	15	33	32	4	middle	middle	0.970	0.121	alternative	alternative	141	64	4
NC_060932.1	145682921	145684181	-3	1	-	NC_060932.1	145682982	145683476	RECQL4	NM_001413019.1	-	3	2	705	60	13	14	33	32	28	middle	middle	0.970	0.848	alternative	alternative	141	262	28
NC_060932.1	145694572	145695178	-1	1	-	NC_060932.1	145694627	145695160	LRRC24	NM_001024678.4	-	1	2	18	54	1	2	1	1	1	first	middle	1.000	1.000	constitutive	constitutive	158	278	1
NC_060932.1	146230981	146231464	2	1	+	NC_060932.1	146231063	146231444	C8orf33	NM_023080.3	+	2	2	81	20	3	4	2	2	2	middle	middle	1.000	1.000	constitutive	constitutive	84	146	2
NC_060932.1	22299046	22299826	2	1	+	NC_060932.1	22299206	22299478	NPM2	NM_001286680.2	+	2	2	159	348	1	2	13	11	11	first	middle	0.846	0.846	alternative	alternative	57	85	11
NC_060932.1	22310411	22310636	3	1	+	NC_060932.1	22310450	22310636	NPM2	NM_001286680.2	+	3	2	38	0	7	8	13	8	8	middle	last	0.615	0.615	alternative	alternative	33	41	8
NC_060932.1	22371448	22372768	2	1	+	NC_060932.1	22371473	22372267	FHIP2B	NM_001354250.2	+	2	3	24	501	4	6	5	5	5	middle	middle	1.000	1.000	constitutive	constitutive	104	242	5
NC_060932.1	22374991	22376140	2	1	+	NC_060932.1	22375396	22375807	FHIP2B	NM_001354250.2	+	2	2	404	333	13	14	5	5	5	middle	middle	1.000	1.000	constitutive	constitutive	90	143	5
NC_060932.1	22393612	22394659	-1	1	-	NC_060932.1	22393708	22394455	HR	NM_005144.5	-	1	3	204	95	11	13	2	2	2	middle	middle	1.000	1.000	constitutive	constitutive	165	130	2
NC_060932.1	28345695	28346655	-2	1	-	NC_060932.1	28345720	28346644	NUGGC	NM_001010906.2	-	2	2	11	24	4	5	6	5	5	middle	middle	0.833	0.833	alternative	alternative	222	230	5
NC_060932.1	38109982	38110651	2	1	+	NC_060932.1	38110097	38110537	ADGRA2	NM_032777.10	+	2	2	114	114	10	11	4	4	4	middle	middle	1.000	1.000	constitutive	constitutive	149	161	4
NC_060932.1	48225407	48226043	-3	1	-	NC_060932.1	48225409	48225758	PRKDC	NM_001081640.2	-	3	2	285	1	53	54	2	2	2	middle	middle	1.000	1.000	constitutive	constitutive	124	149	2
NC_060932.1	55056890	55057178	3	1	+	NC_060932.1	55056914	55057121	RP1	NM_001375654.1	+	3	2	23	57	9	10	4	2	2	middle	middle	0.500	0.500	alternative	alternative	76	31	2
NC_060932.1	9125497	9132238	2	1	+	NC_060932.1	9125598	9132238	RP1L1	NM_178857.6	+	2	2	100	0	3	4	1	1	1	middle	last	1.000	1.000	constitutive	constitutive	3268	3179	1
NC_060932.1	92518715	92518973	3	1	+	NC_060932.1	92518725	92518967	SLC26A7	NM_001282356.2	+	3	2	9	6	16	17	4	4	4	middle	middle	1.000	1.000	constitutive	constitutive	54	103	4
NC_060933.1	101544826	101545147	-3	1	-	NC_060933.1	101544832	101545123	SEMA4D	NM_001142287.2	-	3	2	24	5	12	13	50	44	44	middle	middle	0.880	0.880	alternative	alternative	172	43	44
NC_060933.1	105839100	105840522	1	1	+	NC_060933.1	105839101	105840522	LOC124902215	XM_047445427.1	+	1	2	0	0	1	2	1	1	1	first	last	1.000	1.000	constitutive	constitutive	1090	294	1
NC_060933.1	125608870	125609125	-3	1	-	NC_060933.1	125608872	125609110	POLE3	NM_001278255.1	-	3	2	15	1	1	2	3	3	3	first	middle	1.000	1.000	constitutive	constitutive	65	85	3
NC_060933.1	126200385	126201360	1	1	+	NC_060933.1	126200663	126201331	ZNF618	NM_001318040.2	+	1	2	277	29	4	5	50	50	50	middle	middle	1.000	1.000	constitutive	constitutive	77	38	50
NC_060933.1	126290909	126291374	-2	1	-	NC_060933.1	126290996	126291305	KIF12	NM_001388308.1	-	2	2	69	86	17	18	8	7	7	middle	middle	0.875	0.875	alternative	alternative	100	118	7
NC_060933.1	126467730	126468036	1	1	+	NC_060933.1	126467785	126468035	COL27A1	XM_054364063.1	+	1	2	54	1	35	36	14	1	1	middle	middle	0.071	0.071	unique	unique	37	53	1
NC_060933.1	139927109	139927568	3	1	+	NC_060933.1	139927116	139927350	TTC16	XM_054362094.1	+	3	2	6	218	1	2	19	3	3	first	middle	0.158	0.158	alternative	alternative	17	129	3
NC_060933.1	140464841	140465558	-2	1	-	NC_060933.1	140464904	140465312	GOLGA2	NM_001366244.2	-	2	2	246	62	23	24	14	14	14	middle	middle	1.000	1.000	constitutive	constitutive	218	102	14
NC_060933.1	140562445	140562979	2	1	+	NC_060933.1	140562501	140562899	SLC27A4	NM_005094.4	+	2	2	55	80	10	11	2	2	2	middle	middle	1.000	1.000	constitutive	constitutive	164	146	2
NC_060933.1	140635817	140636144	3	1	+	NC_060933.1	140635864	140636143	CERCAM	NM_001286760.1	+	3	2	46	1	6	7	6	6	6	middle	middle	1.000	1.000	constitutive	constitutive	76	106	6
NC_060933.1	140740321	140740801	2	1	+	NC_060933.1	140740362	140740800	GLE1	NM_001003722.2	+	2	2	40	1	10	11	9	9	9	middle	middle	1.000	1.000	constitutive	constitutive	142	190	9
NC_060933.1	140815734	140816154	1	1	+	NC_060933.1	140815738	140816148	SPTAN1	NM_001130438.3	+	1	2	3	6	34	35	29	29	29	middle	middle	1.000	1.000	constitutive	constitutive	103	162	29
NC_060933.1	140917851	140918421	1	1	+	NC_060933.1	140918036	140918400	PKN3	NM_001317926.2	+	1	2	184	21	8	9	6	6	6	middle	middle	1.000	1.000	constitutive	constitutive	109	143	6
NC_060933.1	140924412	140924877	1	1	+	NC_060933.1	140924453	140924784	PKN3	NM_001317926.2	+	1	2	40	93	19	20	6	6	6	middle	middle	1.000	1.000	constitutive	constitutive	142	107	6
NC_060933.1	140955746	140956397	-2	1	-	NC_060933.1	140955897	140956302	ZER1	NM_001375954.1	-	2	2	95	150	5	6	9	9	9	middle	middle	1.000	1.000	constitutive	constitutive	114	146	9
NC_060933.1	141186571	141186955	2	1	+	NC_060933.1	141186697	141186954	NUP188	NM_015354.3	+	2	2	125	1	18	19	1	1	1	middle	middle	1.000	1.000	constitutive	constitutive	87	76	1
NC_060933.1	141208736	141209276	3	1	+	NC_060933.1	141208737	141209210	NUP188	NM_015354.3	+	3	2	0	66	40	41	1	1	1	middle	middle	1.000	1.000	constitutive	constitutive	227	131	1
NC_060933.1	142599937	142600384	2	1	+	NC_060933.1	142600007	142600327	HMCN2	NM_001291815.2	+	2	2	69	57	70	71	9	7	7	middle	middle	0.778	0.778	alternative	alternative	81	136	7
NC_060933.1	143247023	143247473	3	1	+	NC_060933.1	143247088	143247472	LAMC3	NM_006059.4	+	3	2	64	1	5	6	3	3	3	middle	middle	1.000	1.000	constitutive	constitutive	188	117	3
NC_060933.1	143304809	143305652	3	1	+	NC_060933.1	143304897	143305130	AIF1L	NM_001185095.2	+	3	2	87	522	1	2	4	3	3	first	middle	0.750	0.750	alternative	alternative	30	61	3
NC_060933.1	143797213	143797969	-3	1	-	NC_060933.1	143797280	143797565	RAPGEF1	NM_001304275.2	-	3	2	404	66	20	21	28	24	24	middle	middle	0.857	0.857	alternative	alternative	78	101	24
NC_060933.1	144873361	144873934	-3	1	-	NC_060933.1	144873476	144873910	DDX31	NM_001322340.2	-	3	2	24	114	2	3	16	14	15	middle	middle	0.875	0.938	alternative	alternative	256	75	14
NC_060933.1	144873361	144873934	-3	1	-	NC_060933.1	144873476	144873769	DDX31	NM_001322342.1	-	3	2	165	114	1	2	16	1	15	first	middle	0.062	0.938	unique	alternative	115	75	1
NC_060933.1	145570140	145570773	-1	1	-	NC_060933.1	145570209	145570407	SURF1	NM_003172.4	-	1	2	366	68	1	2	2	1	1	first	middle	0.500	0.500	unique	unique	53	51	1
NC_060933.1	145570285	145571023	2	1	+	NC_060933.1	145570547	145571022	SURF2	NM_001278928.2	+	2	2	261	1	1	2	2	2	2	first	middle	1.000	1.000	constitutive	constitutive	77	154	2
NC_060933.1	148428096	148428846	-1	1	-	NC_060933.1	148428195	148428602	LHX3	NM_001363746.1	-	1	2	244	98	4	5	4	4	4	middle	middle	1.000	1.000	constitutive	constitutive	151	168	4
NC_060933.1	148485058	148485964	-3	1	-	NC_060933.1	148485181	148485847	CCDC187	NM_001378188.1	-	3	2	117	122	24	25	2	1	1	middle	middle	0.500	0.500	unique	unique	112	76	1
NC_060933.1	148616816	148617245	-2	1	-	NC_060933.1	148616818	148617181	SNAPC4	NM_001394201.1	-	2	2	64	1	11	12	9	8	8	middle	middle	0.889	0.889	alternative	alternative	106	94	8
NC_060933.1	148688530	148688962	-3	1	-	NC_060933.1	148688532	148688962	SEC16A	NM_001276418.2	-	3	2	0	1	13	14	52	52	52	middle	middle	1.000	1.000	constitutive	constitutive	117	111	52
NC_060933.1	148988374	148988767	-3	1	-	NC_060933.1	148988422	148988694	LCN8	NM_001345934.2	-	3	2	73	47	4	5	3	3	3	middle	middle	1.000	1.000	constitutive	constitutive	104	89	3
NC_060933.1	149088377	149089400	3	1	+	NC_060933.1	149088721	149089292	MAMDC4	NM_206920.3	+	3	2	343	108	8	10	1	1	1	middle	middle	1.000	1.000	constitutive	constitutive	137	173	1
NC_060933.1	149091012	149091795	1	1	+	NC_060933.1	149091089	149091480	MAMDC4	NM_206920.3	+	1	2	76	315	16	17	1	1	1	middle	middle	1.000	1.000	constitutive	constitutive	134	133	1
NC_060933.1	149091227	149092049	3	1	+	NC_060933.1	149091549	149091978	MAMDC4	NM_206920.3	+	3	2	321	71	18	19	1	1	1	middle	middle	1.000	1.000	constitutive	constitutive	219	137	1
NC_060933.1	149092283	149092916	3	1	+	NC_060933.1	149092368	149092728	MAMDC4	NM_206920.3	+	3	2	84	188	21	22	1	1	1	middle	middle	1.000	1.000	constitutive	constitutive	90	146	1
NC_060933.1	149180679	149181138	1	1	+	NC_060933.1	149180825	149181138	C8G	NM_000606.3	+	1	3	145	0	5	7	2	1	1	middle	last	0.500	0.500	unique	unique	101	10	1
NC_060933.1	149227389	149228151	1	1	+	NC_060933.1	149227464	149228075	PAXX	NM_001329678.2	+	1	3	74	76	4	6	2	2	2	middle	middle	1.000	1.000	constitutive	constitutive	190	84	2
NC_060933.1	149242661	149243300	-2	1	-	NC_060933.1	149242833	149243285	ABCA2	NM_001411042.1	-	2	2	15	171	46	47	4	4	4	middle	middle	1.000	1.000	constitutive	constitutive	137	206	4
NC_060933.1	149245541	149246453	-2	1	-	NC_060933.1	149245604	149246436	ABCA2	NM_001411042.1	-	2	2	17	62	34	37	4	4	4	middle	middle	1.000	1.000	constitutive	constitutive	174	123	4
NC_060933.1	149246671	149247055	-3	1	-	NC_060933.1	149246683	149247008	ABCA2	NM_001411042.1	-	3	2	47	11	31	32	4	4	4	middle	middle	1.000	1.000	constitutive	constitutive	105	111	4
NC_060933.1	149248508	149249324	-2	1	-	NC_060933.1	149248586	149249228	ABCA2	NM_001411042.1	-	2	2	96	77	25	26	4	4	4	middle	middle	1.000	1.000	constitutive	constitutive	120	236	4
NC_060933.1	149249823	149250321	-1	1	-	NC_060933.1	149249832	149250289	ABCA2	NM_001411042.1	-	1	2	32	8	22	23	4	4	4	middle	middle	1.000	1.000	constitutive	constitutive	196	182	4
NC_060933.1	149250707	149251187	-2	1	-	NC_060933.1	149250709	149251156	ABCA2	NM_001411042.1	-	2	2	31	1	19	20	4	4	4	middle	middle	1.000	1.000	constitutive	constitutive	164	180	4
NC_060933.1	149251562	149252336	-2	1	-	NC_060933.1	149251614	149252319	ABCA2	NM_001411042.1	-	2	2	17	51	15	17	4	4	4	middle	middle	1.000	1.000	constitutive	constitutive	114	150	4
NC_060933.1	149286596	149287427	-2	1	-	NC_060933.1	149286855	149287323	ENTPD2	NM_001246.4	-	2	2	104	258	4	5	6	6	6	middle	middle	1.000	1.000	constitutive	constitutive	159	227	6
NC_060933.1	149300576	149301818	-2	1	-	NC_060933.1	149300577	149300894	SAPCD2	NM_178448.4	-	2	2	924	0	5	6	1	1	1	middle	last	1.000	1.000	constitutive	constitutive	116	125	1
NC_060933.1	149338686	149339394	1	1	+	NC_060933.1	149338822	149339394	MAN1B1	XM_047445468.1	+	1	2	135	0	3	4	36	1	1	middle	last	0.028	0.028	unique	unique	136	81	1
NC_060933.1	149348588	149348894	-2	1	-	NC_060933.1	149348589	149348888	DPP7	NM_001438108.1	-	2	2	6	0	11	12	7	5	5	middle	last	0.714	0.714	alternative	alternative	70	132	5
NC_060933.1	149394133	149394853	2	1	+	NC_060933.1	149394349	149394717	GRIN1	NM_000832.7	+	2	2	215	136	5	6	9	9	9	middle	middle	1.000	1.000	constitutive	constitutive	121	174	9
NC_060933.1	149429777	149430149	-2	1	-	NC_060933.1	149429778	149430028	TPRN	NM_001128228.3	-	2	2	121	0	3	4	1	1	1	middle	last	1.000	1.000	constitutive	constitutive	106	59	1
NC_060933.1	149453296	149453896	2	1	+	NC_060933.1	149453328	149453686	NDOR1	NM_001144026.3	+	2	2	31	210	11	12	4	4	4	middle	middle	1.000	1.000	constitutive	constitutive	146	118	4
NC_060933.1	149489971	149490661	2	1	+	NC_060933.1	149490105	149490635	STPG3	NM_001004353.4	+	2	2	133	26	4	5	5	5	2	middle	middle	1.000	0.400	constitutive	alternative	88	303	2
NC_060933.1	149489971	149490661	2	1	+	NC_060933.1	149490105	149490635	STPG3	NM_001256700.2	+	2	2	133	26	4	5	5	5	2	middle	middle	1.000	0.400	constitutive	alternative	88	138	2
NC_060933.1	149489971	149490661	2	1	+	NC_060933.1	149490105	149490635	STPG3	XM_054362992.1	+	2	2	133	26	4	5	5	5	1	middle	middle	1.000	0.200	constitutive	unique	88	126	1
NC_060933.1	149686571	149687375	-2	1	-	NC_060933.1	149686635	149687321	ENTPD8	NM_001033113.2	-	2	2	54	63	5	6	2	2	2	middle	middle	1.000	1.000	constitutive	constitutive	230	263	2
NC_060933.1	149688534	149689011	-1	1	-	NC_060933.1	149688537	149688855	ENTPD8	NM_001033113.2	-	1	2	156	2	1	2	2	2	2	first	middle	1.000	1.000	constitutive	constitutive	125	117	2
NC_060933.1	149702203	149702788	-3	1	-	NC_060933.1	149702537	149702758	NSMF	NM_001130969.3	-	3	2	30	333	11	12	10	10	10	middle	middle	1.000	1.000	constitutive	constitutive	33	70	10
NC_060933.1	149758266	149758920	-1	1	-	NC_060933.1	149758432	149758901	PNPLA7	NM_001098537.3	-	1	2	19	165	13	14	8	8	8	middle	middle	1.000	1.000	constitutive	constitutive	100	146	8
NC_060933.1	149865611	149866247	3	1	+	NC_060933.1	149865714	149866157	ARRDC1	NM_001317968.2	+	3	2	102	90	5	6	8	4	8	middle	middle	0.500	1.000	alternative	constitutive	182	176	4
NC_060933.1	149865611	149866247	3	1	+	NC_060933.1	149865663	149866157	ARRDC1	XM_054364158.1	+	3	2	51	90	4	5	8	4	8	middle	middle	0.500	1.000	alternative	constitutive	233	176	4
NC_060933.1	2834759	2835167	-2	1	-	NC_060933.1	2834761	2835143	PUM3	NM_014878.5	-	2	2	24	1	5	6	1	1	1	middle	middle	1.000	1.000	constitutive	constitutive	93	66	1
NC_060933.1	33941106	33941478	-1	1	-	NC_060933.1	33941107	33941478	UBAP2	NM_001282530.2	-	1	2	0	0	9	10	9	9	9	middle	last	1.000	1.000	constitutive	constitutive	191	92	9
NC_060933.1	35015355	35016438	1	1	+	NC_060933.1	35015447	35016438	DNAJB5	NM_001135004.3	+	1	2	91	0	3	4	6	6	6	middle	last	1.000	1.000	constitutive	constitutive	601	230	6
NC_060933.1	35120043	35120517	-1	1	-	NC_060933.1	35120110	35120457	STOML2	NM_001287031.2	-	1	2	60	66	6	7	4	4	4	middle	middle	1.000	1.000	constitutive	constitutive	144	79	4
NC_060933.1	35578689	35579241	1	1	+	NC_060933.1	35578870	35579240	RUSC2	NM_001135999.2	+	1	2	180	1	6	7	5	5	5	middle	middle	1.000	1.000	constitutive	constitutive	174	105	5
NC_060933.1	35670508	35671087	-3	1	-	NC_060933.1	35670509	35671073	SIT1	NM_014450.3	-	3	3	14	0	3	5	1	1	1	middle	last	1.000	1.000	constitutive	constitutive	58	230	1
NC_060933.1	35696371	35697247	2	1	+	NC_060933.1	35696412	35697040	CA9	NM_001216.3	+	2	3	40	207	3	5	3	3	3	middle	middle	1.000	1.000	constitutive	constitutive	170	92	3
NC_060933.1	35700505	35700961	2	1	+	NC_060933.1	35700506	35700791	CA9	NM_001216.3	+	2	2	0	170	8	9	3	1	1	middle	middle	0.333	0.333	unique	unique	144	26	1
NC_060933.1	35726508	35727042	-1	1	-	NC_060933.1	35726620	35727024	TLN1	NM_006289.4	-	1	2	18	111	39	40	1	1	1	middle	middle	1.000	1.000	constitutive	constitutive	170	149	1
NC_060933.1	35731418	35731778	-2	1	-	NC_060933.1	35731455	35731740	TLN1	NM_006289.4	-	2	2	38	36	30	31	1	1	1	middle	middle	1.000	1.000	constitutive	constitutive	93	89	1
NC_060933.1	35755749	35756055	1	1	+	NC_060933.1	35755789	35756054	CREB3	NM_006368.5	+	1	2	39	1	5	6	1	1	1	middle	middle	1.000	1.000	constitutive	constitutive	106	68	1
NC_060933.1	35825907	35826783	1	1	+	NC_060933.1	35826178	35826652	NPR2	NM_001378923.1	+	1	2	270	131	13	14	10	10	10	middle	middle	1.000	1.000	constitutive	constitutive	159	155	10
NC_060933.1	35829626	35830109	3	1	+	NC_060933.1	35829823	35830109	NPR2	NM_001378923.1	+	3	2	196	0	21	22	10	10	10	middle	last	1.000	1.000	constitutive	constitutive	91	62	10
NC_060933.1	89527469	89527730	3	1	+	NC_060933.1	89527470	89527729	VPS13A	NM_001018037.2	+	3	2	0	1	65	66	4	4	4	middle	middle	1.000	1.000	constitutive	constitutive	45	123	4
NC_060934.1	101372753	101373455	-2	1	-	NC_060934.1	101372808	101373427	SEC31B	NM_015490.4	-	2	2	28	54	20	21	1	1	1	middle	middle	1.000	1.000	constitutive	constitutive	314	58	1
NC_060934.1	101870111	101870843	-2	1	-	NC_060934.1	101870124	101870571	MRPL43	NM_001308396.2	-	2	2	272	12	2	3	9	9	7	middle	middle	1.000	0.778	constitutive	alternative	106	226	7
NC_060934.1	101870111	101870843	-2	1	-	NC_060934.1	101870112	101870571	MRPL43	NM_001437430.1	-	2	2	272	0	2	3	9	9	2	middle	last	1.000	0.222	constitutive	alternative	106	238	2
NC_060934.1	101895325	101895658	-3	1	-	NC_060934.1	101895326	101895636	PDZD7	XM_054366769.1	-	3	2	22	0	9	10	14	1	1	middle	last	0.071	0.071	unique	unique	91	68	1
NC_060934.1	102908424	102908781	-1	1	-	NC_060934.1	102908488	102908760	ARMH3	NM_024541.3	-	1	2	21	63	6	7	16	15	15	middle	middle	0.938	0.938	alternative	alternative	74	86	15
NC_060934.1	103305997	103306702	2	1	+	NC_060934.1	103306094	103306471	FBXL15	NM_001387294.1	+	2	2	96	231	1	2	3	2	3	first	middle	0.667	1.000	alternative	constitutive	52	153	2
NC_060934.1	103305997	103306702	2	1	+	NC_060934.1	103306016	103306471	FBXL15	XM_054366712.1	+	2	2	18	231	2	3	3	1	3	middle	middle	0.333	1.000	unique	constitutive	130	153	1
NC_060934.1	120053165	120053474	-2	1	-	NC_060934.1	120053280	120053471	SFXN4	NM_213649.2	-	2	2	3	114	7	8	4	4	4	middle	middle	1.000	1.000	constitutive	constitutive	53	56	4
NC_060934.1	120475029	120475359	-1	1	-	NC_060934.1	120475031	120475316	TIAL1	NM_001033925.2	-	1	2	43	1	8	9	13	13	13	middle	middle	1.000	1.000	constitutive	constitutive	95	84	13
NC_060934.1	130890522	130891263	-1	1	-	NC_060934.1	130890559	130890960	EBF3	NM_001005463.3	-	1	2	303	36	1	2	16	15	15	first	middle	0.938	0.938	alternative	alternative	133	156	15
NC_060934.1	133734379	133735573	-3	1	-	NC_060934.1	133734467	133735135	NKX6-2	NM_177400.3	-	3	2	438	87	1	2	2	2	2	first	middle	1.000	1.000	constitutive	constitutive	405	172	2
NC_060934.1	133795989	133797075	-1	1	-	NC_060934.1	133796140	133796529	CFAP46	NM_001200049.3	-	1	2	546	150	42	43	14	10	10	middle	middle	0.714	0.714	alternative	alternative	134	179	10
NC_060934.1	133862355	133863117	-1	1	-	NC_060934.1	133862368	133862971	CFAP46	NM_001200049.3	-	1	2	146	12	18	19	14	14	14	middle	middle	1.000	1.000	constitutive	constitutive	212	165	14
NC_060934.1	134228034	134229591	-1	1	-	NC_060934.1	134228036	134229459	ADAM8	NM_001109.5	-	1	5	132	1	5	9	7	6	7	middle	middle	0.857	1.000	alternative	constitutive	76	169	6
NC_060934.1	134228034	134229591	-1	1	-	NC_060934.1	134228036	134229051	ADAM8	NM_001164490.2	-	1	4	540	1	5	8	7	1	7	middle	middle	0.143	1.000	unique	constitutive	176	169	1
NC_060934.1	134229434	134230508	-2	1	-	NC_060934.1	134229572	134229856	ADAM8	NM_001164490.2	-	2	2	652	137	2	3	7	1	1	middle	middle	0.143	0.143	unique	unique	76	78	1
NC_060934.1	41509	41860	-3	1	-	NC_060934.1	41576	41854	TUBB8	XM_054365757.1	-	3	2	6	66	1	2	4	1	1	first	middle	0.250	0.250	unique	unique	89	110	1
NC_060934.1	50596416	50597325	-1	1	-	NC_060934.1	50596426	50596884	OGDHL	NM_001143996.2	-	1	2	441	9	7	8	13	11	13	middle	middle	0.846	1.000	alternative	constitutive	179	128	11
NC_060934.1	50596416	50597325	-1	1	-	NC_060934.1	50596426	50596854	OGDHL	NM_001347826.1	-	1	2	471	9	1	2	13	2	13	first	middle	0.154	1.000	alternative	constitutive	149	128	2
NC_060934.1	50917439	50918003	3	1	+	NC_060934.1	50917650	50917871	WASHC2A	NM_001005751.3	+	3	2	210	132	1	2	31	27	27	first	middle	0.871	0.871	alternative	alternative	2	122	27
NC_060934.1	57208760	57209099	-2	1	-	NC_060934.1	57208761	57209027	ZWINT	NM_001005413.1	-	2	2	72	0	7	8	3	1	3	middle	last	0.333	1.000	unique	constitutive	131	38	1
NC_060934.1	57208760	57209099	-2	1	-	NC_060934.1	57208761	57209064	ZWINT	NM_007057.4	-	2	2	35	0	7	8	3	2	3	middle	last	0.667	1.000	alternative	constitutive	168	38	2
NC_060934.1	69301411	69301816	-3	1	-	NC_060934.1	69301438	69301742	DNA2	NM_001080449.3	-	3	2	74	26	11	12	4	4	4	middle	middle	1.000	1.000	constitutive	constitutive	116	109	4
NC_060934.1	71401998	71402484	1	1	+	NC_060934.1	71401999	71402448	PALD1	NM_014431.3	+	1	2	0	36	5	6	7	7	7	middle	middle	1.000	1.000	constitutive	constitutive	160	75	7
NC_060934.1	72678074	72678761	3	1	+	NC_060934.1	72678241	72678732	CDH23	NM_001171933.1	+	3	2	166	29	11	12	9	3	3	middle	middle	0.333	0.333	alternative	alternative	251	161	3
NC_060934.1	74027666	74028077	-2	1	-	NC_060934.1	74027668	74028048	ECD	NM_001135752.1	-	2	2	29	1	3	4	3	3	3	middle	middle	1.000	1.000	constitutive	constitutive	87	178	3
NC_060934.1	74660744	74661254	3	1	+	NC_060934.1	74660767	74661224	ZSWIM8	NM_001242487.2	+	3	2	22	30	4	5	25	25	25	middle	middle	1.000	1.000	constitutive	constitutive	172	107	25
NC_060934.1	867724	870985	-3	1	-	NC_060934.1	867782	870913	LARP4B	XM_054365320.1	-	3	2	72	57	1	2	18	5	4	first	middle	0.278	0.222	alternative	alternative	1569	70	4
NC_060934.1	867724	870985	-3	1	-	NC_060934.1	867778	870913	LARP4B	XM_054365335.1	-	3	2	72	53	1	2	18	5	1	first	middle	0.278	0.056	alternative	unique	1569	74	1
NC_060934.1	87807044	87807443	3	1	+	NC_060934.1	87807103	87807443	BMPR1A	NM_001406559.1	+	3	2	58	0	11	12	33	33	33	middle	last	1.000	1.000	constitutive	constitutive	130	122	33
NC_060934.1	87853886	87854288	3	1	+	NC_060934.1	87853909	87854288	ADIRF	NM_006829.3	+	3	2	22	0	2	3	1	1	1	middle	last	1.000	1.000	constitutive	constitutive	62	103	1
NC_060934.1	94480382	94481117	-2	1	-	NC_060934.1	94480618	94480979	RBP4	NM_001323517.1	-	2	2	138	235	1	2	3	2	3	first	middle	0.667	1.000	alternative	constitutive	110	136	2
NC_060934.1	94480382	94481117	-2	1	-	NC_060934.1	94480618	94480922	RBP4	NM_001323518.2	-	2	2	195	235	2	3	3	1	3	middle	middle	0.333	1.000	unique	constitutive	53	136	1
NC_060934.1	95820987	95821476	1	1	+	NC_060934.1	95820988	95821471	CYP2C9	NM_000771.4	+	1	2	0	5	2	3	1	1	1	middle	middle	1.000	1.000	constitutive	constitutive	162	149	1
NC_060934.1	96220208	96220862	-2	1	-	NC_060934.1	96220455	96220848	SORBS1	NM_001034954.3	-	2	2	14	246	25	26	79	79	79	middle	middle	1.000	1.000	constitutive	constitutive	114	125	79
NC_060934.1	96492873	96493377	-1	1	-	NC_060934.1	96492886	96493305	ALDH18A1	NM_001017423.2	-	1	2	72	12	13	14	10	10	10	middle	middle	1.000	1.000	constitutive	constitutive	195	121	10
NC_060934.1	98250315	98250768	-1	1	-	NC_060934.1	98250357	98250750	RRP12	NM_001145114.1	-	1	2	18	41	21	22	7	6	6	middle	middle	0.857	0.857	alternative	alternative	105	107	6
NC_060935.1	1089848	1090634	-1	1	-	NC_060935.1	1089974	1090618	MUC6	NM_005961.3	-	1	2	16	125	28	29	3	3	2	middle	middle	1.000	0.667	constitutive	alternative	50	167	2
NC_060935.1	1089848	1090634	-1	1	-	NC_060935.1	1089849	1090618	MUC6	XM_054368851.1	-	1	2	16	0	28	29	3	3	1	middle	last	1.000	0.333	constitutive	unique	50	292	1
NC_060935.1	1095181	1096222	-2	1	-	NC_060935.1	1095689	1096025	MUC6	NM_005961.3	-	2	2	197	507	21	22	3	3	3	middle	middle	1.000	1.000	constitutive	constitutive	141	110	3
NC_060935.1	1097422	1098121	-2	1	-	NC_060935.1	1097569	1097943	MUC6	NM_005961.3	-	2	2	178	146	15	16	3	3	3	middle	middle	1.000	1.000	constitutive	constitutive	94	132	3
NC_060935.1	1151770	1152496	2	1	+	NC_060935.1	1151991	1152383	MUC2	NM_002457.5	+	2	2	220	113	12	13	1	1	1	middle	middle	1.000	1.000	constitutive	constitutive	137	164	1
NC_060935.1	1162462	1171780	2	1	+	NC_060935.1	1162650	1171574	MUC2	NM_002457.5	+	2	2	187	206	30	31	1	1	1	middle	middle	1.000	1.000	constitutive	constitutive	3234	5482	1
NC_060935.1	116845593	116846598	1	1	+	NC_060935.1	116845684	116845997	APOC3	NM_000040.3	+	1	2	90	601	1	2	1	1	1	first	middle	1.000	1.000	constitutive	constitutive	54	123	1
NC_060935.1	117197775	117198138	1	1	+	NC_060935.1	117197809	117198096	SIDT2	NM_001040455.2	+	1	2	33	42	5	6	1	1	1	middle	middle	1.000	1.000	constitutive	constitutive	101	83	1
NC_060935.1	1172710	1173568	2	1	+	NC_060935.1	1172772	1173479	MUC2	NM_002457.5	+	2	2	61	89	33	34	1	1	1	middle	middle	1.000	1.000	constitutive	constitutive	223	174	1
NC_060935.1	117838719	117839271	-3	1	-	NC_060935.1	117838818	117839129	FXYD6-FXYD2	NM_001204268.3	-	3	2	142	98	6	7	2	1	1	middle	middle	0.500	0.500	unique	unique	38	74	1
NC_060935.1	117838719	117839271	-3	1	-	NC_060935.1	117838818	117839129	FXYD2	NM_001680.5	-	3	2	142	98	2	3	2	2	2	middle	middle	1.000	1.000	constitutive	constitutive	38	74	2
NC_060935.1	1179609	1180230	1	1	+	NC_060935.1	1179718	1180191	MUC2	NM_002457.5	+	1	2	108	39	45	46	1	1	1	middle	middle	1.000	1.000	constitutive	constitutive	122	98	1
NC_060935.1	118677858	118678305	-3	1	-	NC_060935.1	118677901	118678238	TREH	NM_001301065.2	-	3	2	67	42	12	13	2	2	2	middle	middle	1.000	1.000	constitutive	constitutive	112	53	2
NC_060935.1	118679655	118680174	-3	1	-	NC_060935.1	118679760	118680136	TREH	NM_001301065.2	-	3	2	38	104	8	9	2	2	2	middle	middle	1.000	1.000	constitutive	constitutive	49	194	2
NC_060935.1	119068438	119069071	-2	1	-	NC_060935.1	119068610	119068925	HYOU1	NM_001130991.3	-	2	2	146	171	18	19	9	9	9	middle	middle	1.000	1.000	constitutive	constitutive	87	122	9
NC_060935.1	119072636	119073278	-1	1	-	NC_060935.1	119072646	119073180	HYOU1	NM_001130991.3	-	1	2	98	9	8	9	9	9	9	middle	middle	1.000	1.000	constitutive	constitutive	192	134	9
NC_060935.1	119152754	119153162	3	1	+	NC_060935.1	119152876	119153161	HINFP	NM_001243259.2	+	3	2	121	1	5	6	19	13	19	middle	middle	0.684	1.000	alternative	constitutive	77	120	13
NC_060935.1	119152754	119153162	3	1	+	NC_060935.1	119152941	119153161	HINFP	NM_001351965.2	+	3	2	186	1	1	2	19	6	19	first	middle	0.316	1.000	alternative	constitutive	12	120	6
NC_060935.1	119332324	119332894	-2	1	-	NC_060935.1	119332441	119332803	MCAM	NM_006500.3	-	2	2	91	116	9	10	5	5	5	middle	middle	1.000	1.000	constitutive	constitutive	118	141	5
NC_060935.1	119362187	119362658	-1	1	-	NC_060935.1	119362188	119362621	MFRP	NM_031433.4	-	1	2	37	0	12	13	1	1	1	middle	last	1.000	1.000	constitutive	constitutive	127	221	1
NC_060935.1	124907727	124908246	1	1	+	NC_060935.1	124907814	124908199	ROBO3	NM_001370356.1	+	1	2	86	47	5	6	8	8	8	middle	middle	1.000	1.000	constitutive	constitutive	151	110	8
NC_060935.1	124924389	124924941	-3	1	-	NC_060935.1	124924405	124924938	ROBO4	NM_001301088.2	-	3	2	3	15	2	3	4	3	3	middle	middle	0.750	0.750	alternative	alternative	120	127	3
NC_060935.1	125105793	125106192	1	1	+	NC_060935.1	125105893	125106191	SLC37A2	NM_001145290.2	+	1	2	99	1	3	4	3	3	3	middle	middle	1.000	1.000	constitutive	constitutive	93	78	3
NC_060935.1	125113622	125114141	3	1	+	NC_060935.1	125113729	125114136	SLC37A2	NM_001145290.2	+	3	2	106	5	14	15	3	2	2	middle	middle	0.667	0.667	alternative	alternative	73	78	2
NC_060935.1	1269608	1270649	3	1	+	NC_060935.1	1270116	1270427	MUC5AC	NM_001304359.2	+	3	2	507	222	44	45	1	1	1	middle	middle	1.000	1.000	constitutive	constitutive	122	98	1
NC_060935.1	1270435	1271074	2	1	+	NC_060935.1	1270613	1271006	MUC5AC	NM_001304359.2	+	2	2	177	68	46	47	1	1	1	middle	middle	1.000	1.000	constitutive	constitutive	119	69	1
NC_060935.1	1298026	1299274	2	1	+	NC_060935.1	1298275	1299025	MUC5B	NM_002458.3	+	2	3	248	249	5	7	1	1	1	middle	middle	1.000	1.000	constitutive	constitutive	114	106	1
NC_060935.1	129914013	129914286	-3	1	-	NC_060935.1	129914015	129914249	NFRKB	NM_001143835.2	-	3	2	37	1	12	13	2	2	2	middle	middle	1.000	1.000	constitutive	constitutive	79	46	2
NC_060935.1	1302155	1303580	3	1	+	NC_060935.1	1302180	1303404	MUC5B	NM_002458.3	+	3	3	24	176	13	15	1	1	1	middle	middle	1.000	1.000	constitutive	constitutive	69	164	1
NC_060935.1	1330904	1331561	3	1	+	NC_060935.1	1330932	1331261	MUC5B	NM_002458.3	+	3	2	27	300	45	46	1	1	1	middle	middle	1.000	1.000	constitutive	constitutive	86	122	1
NC_060935.1	134286730	134287432	2	1	+	NC_060935.1	134286783	134287432	VPS26B	NM_052875.5	+	2	2	52	0	5	6	2	1	1	middle	last	0.500	0.500	unique	unique	142	143	1
NC_060935.1	1517460	1517946	1	1	+	NC_060935.1	1517544	1517841	BRSK2	NM_001256627.2	+	1	2	83	105	6	7	28	28	28	middle	middle	1.000	1.000	constitutive	constitutive	33	68	28
NC_060935.1	1530578	1531238	3	1	+	NC_060935.1	1530789	1531128	BRSK2	NM_001256627.2	+	3	2	210	110	17	18	28	28	28	middle	middle	1.000	1.000	constitutive	constitutive	180	89	28
NC_060935.1	1920589	1921378	2	1	+	NC_060935.1	1920893	1921258	SYT8	NM_001290332.2	+	2	2	303	120	2	3	9	2	9	middle	middle	0.222	1.000	alternative	constitutive	105	163	2
NC_060935.1	1920589	1921378	2	1	+	NC_060935.1	1920896	1921258	SYT8	NM_001290333.2	+	2	2	306	120	2	3	9	3	9	middle	middle	0.333	1.000	alternative	constitutive	102	163	3
NC_060935.1	1920589	1921378	2	1	+	NC_060935.1	1920905	1921258	SYT8	NM_001394072.1	+	2	2	315	120	1	2	9	4	9	first	middle	0.444	1.000	alternative	constitutive	93	163	4
NC_060935.1	1973016	1973454	1	1	+	NC_060935.1	1973131	1973454	LSP1	NM_001013253.2	+	1	2	114	0	8	9	6	6	6	middle	last	1.000	1.000	constitutive	constitutive	77	86	6
NC_060935.1	3212090	3212720	-1	1	-	NC_060935.1	3212238	3212669	OSBPL5	NM_001144063.2	-	1	2	51	147	3	4	5	5	5	middle	middle	1.000	1.000	constitutive	constitutive	80	101	5
NC_060935.1	334840	335092	2	1	+	NC_060935.1	334890	335092	PGGHG	XM_054370032.1	+	2	2	49	0	9	10	9	1	1	middle	last	0.111	0.111	unique	unique	17	82	1
NC_060935.1	335324	335963	3	1	+	NC_060935.1	335447	335963	PGGHG	NM_025092.5	+	3	2	122	0	12	13	9	3	4	middle	last	0.333	0.444	alternative	alternative	211	190	3
NC_060935.1	335324	335963	3	1	+	NC_060935.1	335501	335963	PGGHG	XM_054370031.1	+	3	2	176	0	12	13	9	1	4	middle	last	0.111	0.444	unique	alternative	157	190	1
NC_060935.1	417225	417654	1	1	+	NC_060935.1	417319	417583	B4GALNT4	NM_178537.5	+	1	2	93	71	4	5	2	2	2	middle	middle	1.000	1.000	constitutive	constitutive	95	90	2
NC_060935.1	417644	418385	3	1	+	NC_060935.1	417658	418295	B4GALNT4	NM_178537.5	+	3	2	13	90	6	8	2	2	2	middle	middle	1.000	1.000	constitutive	constitutive	100	78	2
NC_060935.1	448679	449501	3	1	+	NC_060935.1	448983	449500	PKP3	NM_001303029.2	+	3	2	303	1	11	12	2	2	2	middle	middle	1.000	1.000	constitutive	constitutive	153	192	2
NC_060935.1	46058285	46059371	3	1	+	NC_060935.1	46058302	46059370	MAPK8IP1	NM_005456.4	+	3	2	16	1	5	6	1	1	1	middle	middle	1.000	1.000	constitutive	constitutive	812	75	1
NC_060935.1	46069852	46070701	-2	1	-	NC_060935.1	46070245	46070613	PEX16	NM_004813.4	-	2	2	88	392	6	7	4	4	4	middle	middle	1.000	1.000	constitutive	constitutive	80	152	4
NC_060935.1	46527253	46527847	2	1	+	NC_060935.1	46527389	46527679	DGKZ	NM_001105540.2	+	2	2	135	168	7	8	7	7	7	middle	middle	1.000	1.000	constitutive	constitutive	71	116	7
NC_060935.1	46530514	46530916	2	1	+	NC_060935.1	46530680	46530915	DGKZ	NM_001105540.2	+	2	2	165	1	17	18	7	7	7	middle	middle	1.000	1.000	constitutive	constitutive	62	73	7
NC_060935.1	46883266	46883809	2	1	+	NC_060935.1	46883322	46883661	F2	NM_000506.5	+	2	2	55	148	8	9	1	1	1	middle	middle	1.000	1.000	constitutive	constitutive	128	126	1
NC_060935.1	46907929	46908361	-2	1	-	NC_060935.1	46907945	46908361	CKAP5	NM_001008938.4	-	2	2	0	15	38	39	2	2	2	middle	middle	1.000	1.000	constitutive	constitutive	188	137	2
NC_060935.1	473537	474341	-1	1	-	NC_060935.1	473675	474143	ANO9	NM_001012302.3	-	1	2	198	137	12	14	2	2	2	middle	middle	1.000	1.000	constitutive	constitutive	104	36	2
NC_060935.1	47440815	47441490	1	1	+	NC_060935.1	47440959	47441346	MADD	NM_001135943.2	+	1	2	143	144	10	11	97	97	96	middle	middle	1.000	0.990	constitutive	alternative	103	190	96
NC_060935.1	47440815	47441490	1	1	+	NC_060935.1	47440959	47441346	MADD	NM_001376602.1	+	1	2	143	144	10	11	97	97	1	middle	middle	1.000	0.010	constitutive	unique	103	166	1
NC_060935.1	474862	475600	-2	1	-	NC_060935.1	474887	475496	ANO9	NM_001012302.3	-	2	3	104	24	9	11	2	2	2	middle	middle	1.000	1.000	constitutive	constitutive	96	82	2
NC_060935.1	47489337	47490009	-3	1	-	NC_060935.1	47489386	47489793	MYBPC3	NM_000256.3	-	3	2	216	48	31	32	1	1	1	middle	middle	1.000	1.000	constitutive	constitutive	159	136	1
NC_060935.1	47870348	47870957	-1	1	-	NC_060935.1	47870528	47870926	AGBL2	NM_024783.4	-	1	2	31	179	4	5	1	1	1	middle	middle	1.000	1.000	constitutive	constitutive	53	113	1
NC_060935.1	57282242	57283172	-1	1	-	NC_060935.1	57282450	57283031	SSRP1	NM_003146.3	-	1	2	141	207	3	4	4	4	4	middle	middle	1.000	1.000	constitutive	constitutive	105	190	4
NC_060935.1	57450892	57451339	-2	1	-	NC_060935.1	57450971	57451235	SLC43A1	NM_001198810.2	-	2	2	104	78	3	4	7	7	7	middle	middle	1.000	1.000	constitutive	constitutive	55	76	7
NC_060935.1	602484	603480	-3	1	-	NC_060935.1	602738	603379	LMNTD2	NM_173573.3	-	3	2	101	253	10	12	10	10	9	middle	middle	1.000	0.900	constitutive	alternative	183	196	9
NC_060935.1	602484	603480	-3	1	-	NC_060935.1	602758	603379	LMNTD2	XM_054368320.1	-	3	2	101	273	10	12	10	10	1	middle	middle	1.000	0.100	constitutive	unique	183	176	1
NC_060935.1	604569	605160	-3	1	-	NC_060935.1	604576	605043	LMNTD2	NM_173573.3	-	3	2	117	6	5	6	10	3	10	middle	middle	0.300	1.000	alternative	constitutive	155	68	3
NC_060935.1	604569	605160	-3	1	-	NC_060935.1	604576	605058	LMNTD2	XM_054368312.1	-	3	2	102	6	5	6	10	7	10	middle	middle	0.700	1.000	alternative	constitutive	170	68	7
NC_060935.1	60821965	60822472	2	1	+	NC_060935.1	60822167	60822471	ZP1	NM_001391943.1	+	2	2	201	1	1	2	7	3	4	first	middle	0.429	0.571	alternative	alternative	134	97	3
NC_060935.1	60821965	60822472	2	1	+	NC_060935.1	60822114	60822471	ZP1	NM_207341.4	+	2	2	148	1	5	6	7	1	4	middle	middle	0.143	0.571	unique	alternative	187	97	1
NC_060935.1	60825558	60826491	1	1	+	NC_060935.1	60826090	60826405	ZP1	NM_001391943.1	+	1	2	531	86	6	7	7	7	7	middle	middle	1.000	1.000	constitutive	constitutive	81	119	7
NC_060935.1	60851567	60852113	-1	1	-	NC_060935.1	60851739	60852086	PRPF19	NM_014502.5	-	1	2	27	171	9	10	1	1	1	middle	middle	1.000	1.000	constitutive	constitutive	75	109	1
NC_060935.1	60853529	60854054	-1	1	-	NC_060935.1	60853560	60853813	PRPF19	NM_014502.5	-	1	2	241	30	5	6	1	1	1	middle	middle	1.000	1.000	constitutive	constitutive	73	62	1
NC_060935.1	61162583	61162988	3	1	+	NC_060935.1	61162619	61162964	PGA3	NM_001079807.4	+	3	2	35	24	7	8	1	1	1	middle	middle	1.000	1.000	constitutive	constitutive	144	98	1
NC_060935.1	61181415	61181820	1	1	+	NC_060935.1	61181451	61181796	LOC128966586	NM_001422100.1	+	1	2	35	24	7	8	1	1	1	middle	middle	1.000	1.000	constitutive	constitutive	144	98	1
NC_060935.1	61200148	61200553	2	1	+	NC_060935.1	61200184	61200529	LOC124906959	NM_001422101.1	+	2	2	35	24	7	8	1	1	1	middle	middle	1.000	1.000	constitutive	constitutive	144	98	1
NC_060935.1	61218879	61219284	1	1	+	NC_060935.1	61218915	61219260	PGA4	NM_001079808.6	+	1	2	35	24	7	8	1	1	1	middle	middle	1.000	1.000	constitutive	constitutive	144	98	1
NC_060935.1	61238621	61239026	3	1	+	NC_060935.1	61238657	61239002	PGA5	NM_014224.5	+	3	2	35	24	7	8	1	1	1	middle	middle	1.000	1.000	constitutive	constitutive	144	98	1
NC_060935.1	61333997	61334624	3	1	+	NC_060935.1	61334324	61334558	TKFC	NM_001351976.2	+	3	2	326	66	15	16	22	22	22	middle	middle	1.000	1.000	constitutive	constitutive	33	89	22
NC_060935.1	61475694	61476129	1	1	+	NC_060935.1	61475836	61476128	SAXO4	NM_001170753.2	+	1	2	141	1	8	9	2	2	2	middle	middle	1.000	1.000	constitutive	constitutive	113	94	2
NC_060935.1	61760290	61760872	2	1	+	NC_060935.1	61760419	61760871	MYRF	NM_001127392.3	+	2	2	128	1	6	7	24	24	24	middle	middle	1.000	1.000	constitutive	constitutive	250	123	24
NC_060935.1	61864915	61865296	-2	1	-	NC_060935.1	61864917	61865261	FADS3	NM_021727.5	-	2	2	35	1	9	10	5	5	5	middle	middle	1.000	1.000	constitutive	constitutive	96	79	5
NC_060935.1	62128211	62128583	3	1	+	NC_060935.1	62128280	62128572	INCENP	NM_001040694.2	+	3	2	68	11	5	6	8	8	8	middle	middle	1.000	1.000	constitutive	constitutive	57	117	8
NC_060935.1	62660911	62661529	2	1	+	NC_060935.1	62661164	62661529	UQCC3	NM_001085372.3	+	2	2	252	0	1	2	1	1	1	first	last	1.000	1.000	constitutive	constitutive	119	158	1
NC_060935.1	62767030	62767663	2	1	+	NC_060935.1	62767298	62767655	TAF6L	NM_006473.4	+	2	2	267	8	3	4	3	2	2	middle	middle	0.667	0.667	alternative	alternative	150	50	2
NC_060935.1	62785428	62786058	-3	1	-	NC_060935.1	62785459	62785960	NXF1	NM_006362.5	-	3	3	98	30	14	16	5	4	4	middle	middle	0.800	0.800	alternative	alternative	107	115	4
NC_060935.1	62790700	62791024	-2	1	-	NC_060935.1	62790722	62791024	NXF1	NM_001081491.2	-	2	2	0	21	7	8	5	5	5	middle	middle	1.000	1.000	constitutive	constitutive	69	88	5
NC_060935.1	62970262	62970739	-2	1	-	NC_060935.1	62970264	62970662	SLC22A6	NM_004790.5	-	2	2	77	1	5	6	5	5	4	middle	middle	1.000	0.800	constitutive	alternative	123	115	4
NC_060935.1	62970262	62970739	-2	1	-	NC_060935.1	62970264	62970662	SLC22A6	XM_054370531.1	-	2	2	77	1	5	6	5	5	1	middle	middle	1.000	0.200	constitutive	unique	123	118	1
NC_060935.1	63903882	63904578	-3	1	-	NC_060935.1	63904009	63904307	RCOR2	NM_001363648.2	-	3	2	271	126	4	5	3	3	3	middle	middle	1.000	1.000	constitutive	constitutive	52	161	3
NC_060935.1	63985912	63987589	2	1	+	NC_060935.1	63986560	63986947	OTUB1	NM_017670.3	+	2	2	647	642	5	6	1	1	1	middle	middle	1.000	1.000	constitutive	constitutive	84	194	1
NC_060935.1	64189885	64190473	2	1	+	NC_060935.1	64189886	64190239	STIP1	NM_001282652.2	+	2	2	0	234	9	10	3	3	3	middle	middle	1.000	1.000	constitutive	constitutive	96	124	3
NC_060935.1	64212841	64213435	2	1	+	NC_060935.1	64212994	64213435	FERMT3	NM_001382361.1	+	2	2	152	0	13	14	8	8	8	middle	last	1.000	1.000	constitutive	constitutive	141	176	8
NC_060935.1	64253474	64253948	3	1	+	NC_060935.1	64253526	64253823	PLCB3	NM_000932.5	+	3	2	51	125	20	21	4	3	3	middle	middle	0.750	0.750	alternative	alternative	99	104	3
NC_060935.1	64254978	64255359	1	1	+	NC_060935.1	64254979	64255255	PLCB3	NM_000932.5	+	1	2	0	104	23	24	4	3	3	middle	middle	0.750	0.750	alternative	alternative	153	35	3
NC_060935.1	64257212	64257581	3	1	+	NC_060935.1	64257213	64257581	PLCB3	NM_000932.5	+	3	2	0	0	30	31	4	3	3	middle	last	0.750	0.750	alternative	alternative	86	200	3
NC_060935.1	64286771	64287317	3	1	+	NC_060935.1	64286847	64287248	KCNK4	NM_001317090.2	+	3	2	75	69	2	3	2	2	2	middle	middle	1.000	1.000	constitutive	constitutive	123	160	2
NC_060935.1	64290327	64290996	1	1	+	NC_060935.1	64290379	64290955	CATSPERZ	NM_001039496.2	+	1	2	51	41	1	2	1	1	1	first	middle	1.000	1.000	constitutive	constitutive	20	330	1
NC_060935.1	64330595	64331363	3	1	+	NC_060935.1	64330916	64331187	CCDC88B	NM_032251.6	+	3	2	320	176	3	4	1	1	1	middle	middle	1.000	1.000	constitutive	constitutive	111	69	1
NC_060935.1	64345105	64345723	2	1	+	NC_060935.1	64345200	64345634	CCDC88B	NM_032251.6	+	2	2	94	89	25	26	1	1	1	middle	middle	1.000	1.000	constitutive	constitutive	206	68	1
NC_060935.1	64358373	64358901	1	1	+	NC_060935.1	64358485	64358796	RPS6KA4	NM_001006944.2	+	1	2	111	105	11	12	7	2	7	middle	middle	0.286	1.000	alternative	constitutive	115	93	2
NC_060935.1	64358373	64358901	1	1	+	NC_060935.1	64358488	64358796	RPS6KA4	NM_001300802.2	+	1	2	114	105	11	12	7	2	7	middle	middle	0.286	1.000	alternative	constitutive	112	93	2
NC_060935.1	64358373	64358901	1	1	+	NC_060935.1	64358467	64358796	RPS6KA4	NM_001318361.2	+	1	2	93	105	9	10	7	3	7	middle	middle	0.429	1.000	alternative	constitutive	133	93	3
NC_060935.1	64591472	64591907	3	1	+	NC_060935.1	64591499	64591906	SLC22A12	NM_001276326.2	+	3	2	26	1	5	6	6	6	6	middle	middle	1.000	1.000	constitutive	constitutive	123	115	6
NC_060935.1	64789474	64789960	-2	1	-	NC_060935.1	64789584	64789864	MAP4K2	NM_001307990.2	-	2	2	96	109	23	24	2	2	2	middle	middle	1.000	1.000	constitutive	constitutive	60	117	2
NC_060935.1	64790418	64791003	-3	1	-	NC_060935.1	64790586	64790845	MAP4K2	NM_001307990.2	-	3	2	158	167	17	18	2	2	2	middle	middle	1.000	1.000	constitutive	constitutive	33	105	2
NC_060935.1	64823325	64823571	-3	1	-	NC_060935.1	64823326	64823550	CDC42BPG	XM_054369337.1	-	3	2	21	0	28	29	15	1	1	middle	last	0.067	0.067	unique	unique	62	38	1
NC_060935.1	64826696	64827158	-1	1	-	NC_060935.1	64826895	64827131	CDC42BPG	NM_017525.3	-	1	2	27	198	22	23	15	14	15	middle	middle	0.933	1.000	alternative	constitutive	98	59	14
NC_060935.1	64826696	64827158	-1	1	-	NC_060935.1	64826895	64827128	CDC42BPG	XM_054369325.1	-	1	2	30	198	22	23	15	1	15	middle	middle	0.067	1.000	unique	constitutive	95	59	1
NC_060935.1	64829958	64830366	-3	1	-	NC_060935.1	64830048	64830328	CDC42BPG	NM_017525.3	-	3	2	38	89	10	11	15	15	12	middle	middle	1.000	0.800	constitutive	alternative	97	80	12
NC_060935.1	64829958	64830366	-3	1	-	NC_060935.1	64830048	64830328	CDC42BPG	XM_054369326.1	-	3	2	38	89	10	11	15	15	3	middle	middle	1.000	0.200	constitutive	alternative	97	59	3
NC_060935.1	64891076	64891469	-1	1	-	NC_060935.1	64891078	64891409	ATG2A	NM_001367971.1	-	1	2	60	1	34	35	6	5	5	middle	middle	0.833	0.833	alternative	alternative	84	135	5
NC_060935.1	64895417	64896221	-1	1	-	NC_060935.1	64895498	64895918	ATG2A	NM_001367971.1	-	1	2	303	80	27	28	6	2	6	middle	middle	0.333	1.000	alternative	constitutive	164	126	2
NC_060935.1	64895417	64896221	-1	1	-	NC_060935.1	64895498	64895918	ATG2A	NM_001367972.1	-	1	2	303	80	27	28	6	4	6	middle	middle	0.667	1.000	alternative	constitutive	170	126	4
NC_060935.1	64904965	64905565	-2	1	-	NC_060935.1	64905085	64905492	ATG2A	NM_001367971.1	-	2	2	73	119	8	9	6	6	6	middle	middle	1.000	1.000	constitutive	constitutive	164	140	6
NC_060935.1	64928177	64928741	-1	1	-	NC_060935.1	64928244	64928717	GPHA2	NM_130769.4	-	1	2	24	66	1	2	3	3	3	first	middle	1.000	1.000	constitutive	constitutive	102	184	3
NC_060935.1	65046179	65046965	-1	1	-	NC_060935.1	65046500	65046858	NAALADL1	NM_005468.3	-	1	2	107	320	7	8	12	12	12	middle	middle	1.000	1.000	constitutive	constitutive	85	119	12
NC_060935.1	65050982	65051567	-1	1	-	NC_060935.1	65051157	65051532	NAALADL1	NM_005468.3	-	1	2	35	174	2	3	12	12	12	middle	middle	1.000	1.000	constitutive	constitutive	172	121	12
NC_060935.1	65076733	65077039	-2	1	-	NC_060935.1	65076764	65077002	CDCA5	NM_001433518.1	-	2	2	37	30	2	3	8	8	8	middle	middle	1.000	1.000	constitutive	constitutive	94	65	8
NC_060935.1	65100801	65102358	1	1	+	NC_060935.1	65100860	65102193	VPS51	NM_013265.4	+	1	3	58	165	3	5	1	1	1	middle	middle	1.000	1.000	constitutive	constitutive	146	717	1
NC_060935.1	65103724	65104075	2	1	+	NC_060935.1	65103761	65104060	VPS51	NM_013265.4	+	2	2	36	15	8	9	1	1	1	middle	middle	1.000	1.000	constitutive	constitutive	121	87	1
NC_060935.1	65105759	65106149	3	1	+	NC_060935.1	65105794	65106144	TM7SF2	NM_001277233.2	+	3	2	34	5	2	3	2	2	2	middle	middle	1.000	1.000	constitutive	constitutive	196	54	2
NC_060935.1	65165726	65166527	3	1	+	NC_060935.1	65165747	65166527	SPDYC	NM_001008778.3	+	3	3	20	0	4	6	2	2	2	middle	last	1.000	1.000	constitutive	constitutive	171	31	2
NC_060935.1	65201248	65201647	2	1	+	NC_060935.1	65201339	65201546	CAPN1	NM_001198868.2	+	2	2	90	101	14	15	5	5	5	middle	middle	1.000	1.000	constitutive	constitutive	65	57	5
NC_060935.1	65530152	65530578	1	1	+	NC_060935.1	65530153	65530534	SCYL1	NM_001048218.2	+	1	2	0	44	11	12	36	36	36	middle	middle	1.000	1.000	constitutive	constitutive	188	75	36
NC_060935.1	65533282	65533915	-2	1	-	NC_060935.1	65533283	65533659	LTBP3	NM_001130144.3	-	2	2	256	0	27	28	3	3	3	middle	last	1.000	1.000	constitutive	constitutive	131	148	3
NC_060935.1	65546984	65548217	-1	1	-	NC_060935.1	65547077	65548120	LTBP3	NM_001130144.3	-	1	2	97	92	3	6	3	3	3	middle	middle	1.000	1.000	constitutive	constitutive	202	122	3
NC_060935.1	65547369	65547747	-3	1	-	NC_060935.1	65547381	65547747	LTBP3	NM_001130144.3	-	3	2	0	11	4	5	3	3	3	middle	middle	1.000	1.000	constitutive	constitutive	105	92	3
NC_060935.1	65575214	65575607	3	1	+	NC_060935.1	65575291	65575606	EHBP1L1	NM_001099409.3	+	3	2	76	1	7	8	14	13	10	middle	middle	0.929	0.714	alternative	alternative	68	162	10
NC_060935.1	65575214	65575607	3	1	+	NC_060935.1	65575291	65575559	EHBP1L1	NM_001351087.2	+	3	2	76	48	7	8	14	13	3	middle	middle	0.929	0.214	alternative	alternative	68	115	3
NC_060935.1	65601427	65602294	-2	1	-	NC_060935.1	65601800	65602229	MAP3K11	NM_002419.4	-	2	2	65	372	3	4	2	2	2	middle	middle	1.000	1.000	constitutive	constitutive	148	175	2
NC_060935.1	65643710	65644091	3	1	+	NC_060935.1	65643731	65644035	SIPA1	NM_006747.4	+	3	2	20	56	10	11	9	7	7	middle	middle	0.778	0.778	alternative	alternative	111	108	7
NC_060935.1	65856327	65856915	1	1	+	NC_060935.1	65856418	65856750	MUS81	NM_001350283.2	+	1	2	90	165	4	5	6	6	6	middle	middle	1.000	1.000	constitutive	constitutive	98	68	6
NC_060935.1	65960243	65960903	3	1	+	NC_060935.1	65960340	65960667	SART1	NM_005146.5	+	3	2	96	236	10	11	2	2	2	middle	middle	1.000	1.000	constitutive	constitutive	124	115	2
NC_060935.1	65970397	65971024	2	1	+	NC_060935.1	65970527	65970898	SART1	NM_005146.5	+	2	2	129	126	13	14	2	1	1	middle	middle	0.500	0.500	unique	unique	173	110	1
NC_060935.1	65994154	65994544	-2	1	-	NC_060935.1	65994187	65994523	EIF1AD	NM_001242481.2	-	2	2	21	32	1	2	8	8	8	first	middle	1.000	1.000	constitutive	constitutive	86	108	8
NC_060935.1	66014685	66015111	-3	1	-	NC_060935.1	66014687	66015077	CATSPER1	NM_053054.4	-	3	2	34	1	6	7	3	2	2	middle	middle	0.667	0.667	alternative	alternative	143	63	2
NC_060935.1	66224640	66225078	1	1	+	NC_060935.1	66224641	66225033	PACS1	NM_018026.4	+	1	2	0	45	12	13	3	3	3	middle	middle	1.000	1.000	constitutive	constitutive	115	135	3
NC_060935.1	66227647	66228349	2	1	+	NC_060935.1	66227878	66228335	PACS1	NM_018026.4	+	2	2	230	14	16	17	3	3	3	middle	middle	1.000	1.000	constitutive	constitutive	154	110	3
NC_060935.1	66257493	66257904	1	1	+	NC_060935.1	66257524	66257892	KLC2	NM_001134774.2	+	1	2	30	12	5	6	10	10	10	middle	middle	1.000	1.000	constitutive	constitutive	101	173	10
NC_060935.1	66259310	66259781	3	1	+	NC_060935.1	66259328	66259685	KLC2	NM_001134774.2	+	3	2	17	96	10	11	10	10	10	middle	middle	1.000	1.000	constitutive	constitutive	108	158	10
NC_060935.1	66269466	66269898	1	1	+	NC_060935.1	66269467	66269898	RAB1B	NM_030981.3	+	1	2	0	0	5	6	1	1	1	middle	last	1.000	1.000	constitutive	constitutive	131	191	1
NC_060935.1	66326732	66327467	-1	1	-	NC_060935.1	66326913	66327313	RIN1	NM_001363559.2	-	1	2	154	180	8	9	6	6	6	middle	middle	1.000	1.000	constitutive	constitutive	131	151	6
NC_060935.1	66334576	66335023	-2	1	-	NC_060935.1	66334622	66334988	BRMS1	NM_001024957.2	-	2	2	35	45	3	4	4	4	4	middle	middle	1.000	1.000	constitutive	constitutive	127	79	4
NC_060935.1	66418686	66419289	1	1	+	NC_060935.1	66418798	66419288	NPAS4	NM_178864.4	+	1	2	111	1	3	4	8	6	6	middle	middle	0.750	0.750	alternative	alternative	102	267	6
NC_060935.1	66491222	66491729	3	1	+	NC_060935.1	66491445	66491728	DPP3	NM_001256670.2	+	3	2	222	1	11	12	3	3	3	middle	middle	1.000	1.000	constitutive	constitutive	62	124	3
NC_060935.1	66557458	66558007	2	1	+	NC_060935.1	66557474	66557884	ACTN3	NM_001104.4	+	2	2	15	123	16	17	2	2	2	middle	middle	1.000	1.000	constitutive	constitutive	134	179	2
NC_060935.1	66562202	66562793	-1	1	-	NC_060935.1	66562269	66562651	CTSF	NM_003793.4	-	1	2	142	66	5	6	2	2	2	middle	middle	1.000	1.000	constitutive	constitutive	113	145	2
NC_060935.1	6666999	6667464	1	1	+	NC_060935.1	6667162	6667435	ILK	NM_001014794.3	+	1	2	162	29	4	5	7	5	6	middle	middle	0.714	0.857	alternative	alternative	96	83	5
NC_060935.1	6666999	6667464	1	1	+	NC_060935.1	6667213	6667435	ILK	NM_001278442.2	+	1	2	213	29	1	2	7	1	6	first	middle	0.143	0.857	unique	alternative	45	83	1
NC_060935.1	66838932	66839505	1	1	+	NC_060935.1	66839123	66839505	TOP6BL	NM_001302084.2	+	1	2	190	0	13	14	2	2	2	middle	last	1.000	1.000	constitutive	constitutive	220	62	2
NC_060935.1	6685010	6686285	-1	1	-	NC_060935.1	6685019	6686134	DCHS1	NM_003737.4	-	1	2	151	8	13	14	1	1	1	middle	middle	1.000	1.000	constitutive	constitutive	878	113	1
NC_060935.1	66867216	66867852	-3	1	-	NC_060935.1	66867328	66867756	PC	NM_000920.4	-	3	2	96	111	3	4	13	12	12	middle	middle	0.923	0.923	alternative	alternative	165	145	12
NC_060935.1	67285451	67285823	3	1	+	NC_060935.1	67285452	67285722	ANKRD13D	NM_001347901.2	+	3	2	0	101	2	3	5	5	5	middle	middle	1.000	1.000	constitutive	constitutive	45	143	5
NC_060935.1	67402860	67403652	1	1	+	NC_060935.1	67403094	67403652	TBC1D10C	NM_001256508.1	+	1	2	233	0	7	8	16	3	3	middle	last	0.188	0.188	alternative	alternative	154	130	3
NC_060935.1	67426784	67427159	3	1	+	NC_060935.1	67426853	67427158	RPS6KB2	NM_003952.3	+	3	2	68	1	7	8	4	3	4	middle	middle	0.750	1.000	alternative	constitutive	100	90	3
NC_060935.1	67426784	67427159	3	1	+	NC_060935.1	67426938	67427158	RPS6KB2	XM_054369614.1	+	3	2	153	1	1	2	4	1	4	first	middle	0.250	1.000	unique	constitutive	15	90	1
NC_060935.1	67492728	67493190	-3	1	-	NC_060935.1	67492733	67493138	PITPNM1	NM_001130848.2	-	3	2	52	4	8	9	18	18	18	middle	middle	1.000	1.000	constitutive	constitutive	61	250	18
NC_060935.1	687885	688983	1	1	+	NC_060935.1	687952	688969	DRD4	NM_000797.4	+	1	3	66	14	2	4	1	1	1	middle	middle	1.000	1.000	constitutive	constitutive	112	215	1
NC_060935.1	69089550	69090111	1	1	+	NC_060935.1	69089572	69089883	TPCN2	NM_139075.4	+	1	2	21	228	14	15	1	1	1	middle	middle	1.000	1.000	constitutive	constitutive	119	59	1
NC_060935.1	70377016	70377544	2	1	+	NC_060935.1	70377049	70377442	PPFIA1	NM_001378006.1	+	2	2	32	102	21	22	32	32	32	middle	middle	1.000	1.000	constitutive	constitutive	81	200	32
NC_060935.1	71454212	71454839	3	1	+	NC_060935.1	71454315	71454839	KRTAP5-7	NM_001012503.2	+	3	2	102	0	1	2	1	1	1	first	last	1.000	1.000	constitutive	constitutive	328	165	1
NC_060935.1	72147464	72147938	3	1	+	NC_060935.1	72147486	72147927	FOLR2	NM_000803.5	+	3	2	21	11	2	3	6	6	6	middle	middle	1.000	1.000	constitutive	constitutive	188	135	6
NC_060935.1	72155069	72155591	3	1	+	NC_060935.1	72155097	72155463	INPPL1	XM_054368685.1	+	3	2	27	128	1	2	11	1	1	first	middle	0.091	0.091	unique	unique	17	120	1
NC_060935.1	72160032	72160398	1	1	+	NC_060935.1	72160057	72160360	INPPL1	NM_001440434.1	+	1	2	24	38	18	19	11	11	11	middle	middle	1.000	1.000	constitutive	constitutive	81	89	11
NC_060935.1	72164658	72164967	1	1	+	NC_060935.1	72164659	72164967	INPPL1	NM_001440434.1	+	1	2	0	0	27	28	11	8	8	middle	last	0.727	0.727	alternative	alternative	133	87	8
NC_060935.1	72510615	72511383	-3	1	-	NC_060935.1	72510712	72511239	PDE2A	NM_001143839.4	-	3	2	144	96	17	18	5	5	5	middle	middle	1.000	1.000	constitutive	constitutive	177	112	5
NC_060935.1	72516206	72516536	-1	1	-	NC_060935.1	72516261	72516491	PDE2A	NM_001143839.4	-	1	2	45	54	9	10	5	5	5	middle	middle	1.000	1.000	constitutive	constitutive	74	41	5
NC_060935.1	72625832	72626414	-1	1	-	NC_060935.1	72625834	72626342	ARAP1	NM_001040118.3	-	1	2	72	1	17	18	4	4	4	middle	middle	1.000	1.000	constitutive	constitutive	195	51	4
NC_060935.1	73319687	73320059	3	1	+	NC_060935.1	73319688	73320058	RELT	NM_001425248.1	+	3	2	0	1	2	3	12	8	9	middle	middle	0.667	0.750	alternative	alternative	74	166	8
NC_060935.1	73319687	73320059	3	1	+	NC_060935.1	73319736	73320058	RELT	NM_001425251.1	+	3	2	48	1	2	3	12	1	9	middle	middle	0.083	0.750	unique	alternative	26	166	1
NC_060935.1	73323196	73323718	2	1	+	NC_060935.1	73323363	73323718	RELT	XM_054370265.1	+	2	2	166	0	7	8	12	1	1	middle	last	0.083	0.083	unique	unique	91	104	1
NC_060935.1	772211	772862	3	1	+	NC_060935.1	772388	772676	EPS8L2	NM_001441192.1	+	3	2	176	186	7	8	4	4	4	middle	middle	1.000	1.000	constitutive	constitutive	142	67	4
NC_060935.1	777036	777810	1	1	+	NC_060935.1	777052	777809	EPS8L2	NM_001441192.1	+	1	2	15	1	16	18	4	4	4	middle	middle	1.000	1.000	constitutive	constitutive	119	180	4
NC_060935.1	863802	864267	1	1	+	NC_060935.1	863969	864267	RPLP2	NM_001004.4	+	1	2	166	0	3	4	1	1	1	middle	last	1.000	1.000	constitutive	constitutive	98	73	1
NC_060935.1	888222	889146	1	1	+	NC_060935.1	888625	888993	CD151	NM_001039490.2	+	1	2	402	153	4	5	5	5	5	middle	middle	1.000	1.000	constitutive	constitutive	104	158	5
NC_060936.1	108505824	108506178	-1	1	-	NC_060936.1	108505882	108506153	SART3	NM_001410983.1	-	1	2	25	57	10	11	3	3	3	middle	middle	1.000	1.000	constitutive	constitutive	77	58	3
NC_060936.1	109057162	109057990	2	1	+	NC_060936.1	109057475	109057874	USP30	NM_001301175.2	+	2	2	312	116	9	10	14	14	6	middle	middle	1.000	0.429	constitutive	alternative	80	219	6
NC_060936.1	109057162	109057990	2	1	+	NC_060936.1	109057475	109057985	USP30	XM_054373562.1	+	2	2	312	5	10	11	14	14	8	middle	middle	1.000	0.571	constitutive	alternative	80	330	8
NC_060936.1	109535450	109536236	-2	1	-	NC_060936.1	109535931	109536220	MMAB	XM_054371923.1	-	2	2	16	480	5	6	4	1	1	middle	middle	0.250	0.250	unique	unique	86	64	1
NC_060936.1	111427310	111427592	3	1	+	NC_060936.1	111427311	111427591	SH2B3	NM_001291424.1	+	3	2	0	1	2	3	11	8	10	middle	middle	0.727	0.909	alternative	alternative	101	91	8
NC_060936.1	111427310	111427592	3	1	+	NC_060936.1	111427380	111427591	SH2B3	XM_054370696.1	+	3	2	69	1	1	2	11	2	10	first	middle	0.182	0.909	alternative	alternative	32	91	2
NC_060936.1	111427793	111428420	3	1	+	NC_060936.1	111427888	111428385	SH2B3	NM_001291424.1	+	3	2	94	35	5	6	11	10	10	middle	middle	0.909	0.909	alternative	alternative	214	171	10
NC_060936.1	111723873	111724404	1	1	+	NC_060936.1	111723970	111724306	ACAD10	NM_001136538.2	+	1	2	96	98	15	16	2	2	2	middle	middle	1.000	1.000	constitutive	constitutive	137	90	2
NC_060936.1	113142131	113142698	-2	1	-	NC_060936.1	113142288	113142676	DDX54	NM_001111322.2	-	2	2	22	156	13	14	2	2	2	middle	middle	1.000	1.000	constitutive	constitutive	230	73	2
NC_060936.1	113253463	113253991	2	1	+	NC_060936.1	113253545	113253990	TPCN1	NM_001143819.3	+	2	2	81	1	11	12	13	13	13	middle	middle	1.000	1.000	constitutive	constitutive	116	124	13
NC_060936.1	120185967	120186384	-1	1	-	NC_060936.1	120186019	120186370	RPLP0	NM_001002.4	-	1	2	14	51	3	4	2	2	2	middle	middle	1.000	1.000	constitutive	constitutive	87	146	2
NC_060936.1	120355914	120356697	-1	1	-	NC_060936.1	120356010	120356268	MSI1	NM_001414485.1	-	1	2	429	95	1	2	23	6	6	first	middle	0.261	0.261	alternative	alternative	58	40	6
NC_060936.1	121435315	121436329	-3	1	-	NC_060936.1	121435442	121435966	KDM2B	NM_001005366.2	-	3	2	363	126	15	16	50	50	42	middle	middle	1.000	0.840	constitutive	alternative	86	260	42
NC_060936.1	121435315	121436329	-3	1	-	NC_060936.1	121435442	121435966	KDM2B	XM_054373502.1	-	3	2	363	126	15	16	50	50	8	middle	middle	1.000	0.160	constitutive	alternative	86	269	8
NC_060936.1	121813572	121814460	1	1	+	NC_060936.1	121813693	121814364	SETD1B	NM_001353345.2	+	1	2	120	96	7	8	3	3	3	middle	middle	1.000	1.000	constitutive	constitutive	261	334	3
NC_060936.1	121824014	121824944	3	1	+	NC_060936.1	121824180	121824731	SETD1B	NM_001353345.2	+	3	3	165	213	13	15	3	3	3	middle	middle	1.000	1.000	constitutive	constitutive	131	137	3
NC_060936.1	121938727	121939327	2	1	+	NC_060936.1	121938805	121939246	CFAP251	NM_001178003.2	+	2	2	77	81	5	6	2	2	2	middle	middle	1.000	1.000	constitutive	constitutive	111	80	2
NC_060936.1	122853332	122853857	3	1	+	NC_060936.1	122853354	122853687	HIP1R	NM_003959.3	+	3	2	21	170	19	20	3	1	1	middle	middle	0.333	0.333	unique	unique	147	86	1
NC_060936.1	122853914	122854463	3	1	+	NC_060936.1	122854090	122854451	HIP1R	NM_003959.3	+	3	2	175	12	21	22	3	1	1	middle	middle	0.333	0.333	unique	unique	107	136	1
NC_060936.1	122974905	122975544	1	1	+	NC_060936.1	122974967	122975535	OGFOD2	NM_001304833.2	+	1	2	61	9	5	6	7	2	7	middle	middle	0.286	1.000	alternative	constitutive	127	257	2
NC_060936.1	122974905	122975544	1	1	+	NC_060936.1	122975056	122975535	OGFOD2	NM_001304834.2	+	1	2	150	9	1	2	7	5	7	first	middle	0.714	1.000	alternative	constitutive	38	257	5
NC_060936.1	122982516	122983641	-1	1	-	NC_060936.1	122982961	122983354	PITPNM2	NM_001300801.2	-	1	2	287	444	22	23	31	28	27	middle	middle	0.903	0.871	alternative	alternative	183	128	27
NC_060936.1	122982516	122983641	-1	1	-	NC_060936.1	122982961	122983354	PITPNM2	NM_001384660.1	-	1	2	287	444	23	24	31	28	1	middle	middle	0.903	0.032	alternative	unique	183	47	1
NC_060936.1	13087748	13088282	3	1	+	NC_060936.1	13087773	13088115	EMP1	NM_001423.3	+	3	2	24	167	2	3	1	1	1	middle	middle	1.000	1.000	constitutive	constitutive	96	140	1
NC_060936.1	131966825	131967632	3	1	+	NC_060936.1	131967159	131967537	ULK1	NM_003565.4	+	3	2	333	95	24	25	3	3	3	middle	middle	1.000	1.000	constitutive	constitutive	172	118	3
NC_060936.1	132201741	132202359	1	1	+	NC_060936.1	132201780	132202116	NOC4L	NM_001414688.1	+	1	2	38	243	11	12	6	6	6	middle	middle	1.000	1.000	constitutive	constitutive	160	82	6
NC_060936.1	132202205	132202694	3	1	+	NC_060936.1	132202380	132202694	NOC4L	NM_001414688.1	+	3	2	174	0	13	14	6	6	6	middle	last	1.000	1.000	constitutive	constitutive	113	116	6
NC_060936.1	132619833	132620844	1	1	+	NC_060936.1	132619928	132620542	FBRSL1	NM_001142641.2	+	1	2	94	302	7	8	23	20	18	middle	middle	0.870	0.783	alternative	alternative	315	205	18
NC_060936.1	132619833	132620844	1	1	+	NC_060936.1	132619928	132620542	FBRSL1	XM_054372677.1	+	1	2	94	302	7	8	23	20	2	middle	middle	0.870	0.087	alternative	alternative	315	202	2
NC_060936.1	132707215	132707656	-3	1	-	NC_060936.1	132707300	132707593	POLE	NM_006231.4	-	3	2	63	84	28	29	6	6	6	middle	middle	1.000	1.000	constitutive	constitutive	80	122	6
NC_060936.1	132718380	132718923	-1	1	-	NC_060936.1	132718521	132718902	POLE	NM_006231.4	-	1	2	21	140	18	19	6	5	5	middle	middle	0.833	0.833	alternative	alternative	102	146	5
NC_060936.1	132725899	132726370	-3	1	-	NC_060936.1	132725901	132726370	POLE	NM_006231.4	-	3	2	0	1	10	11	6	4	5	middle	middle	0.667	0.833	alternative	alternative	110	85	4
NC_060936.1	132725899	132726370	-3	1	-	NC_060936.1	132725901	132726350	POLE	XM_054372311.1	-	3	2	20	1	2	3	6	1	5	middle	middle	0.167	0.833	unique	alternative	90	85	1
NC_060936.1	132766137	132766989	1	1	+	NC_060936.1	132766307	132766988	PGAM5	NM_001170543.2	+	1	2	169	1	3	5	3	3	2	middle	middle	1.000	0.667	constitutive	alternative	125	133	2
NC_060936.1	132766137	132766989	1	1	+	NC_060936.1	132766307	132766988	PGAM5	NM_001170544.2	+	1	2	169	1	3	5	3	3	1	middle	middle	1.000	0.333	constitutive	unique	125	130	1
NC_060936.1	132798359	132798998	-2	1	-	NC_060936.1	132798453	132798952	ANKLE2	NM_015114.3	-	2	2	46	93	4	5	8	7	7	middle	middle	0.875	0.875	alternative	alternative	193	188	7
NC_060936.1	1880745	1881348	-1	1	-	NC_060936.1	1880929	1881237	CACNA2D4	NM_172364.5	-	1	2	111	183	10	11	5	4	5	middle	middle	0.800	1.000	alternative	constitutive	89	113	4
NC_060936.1	1880745	1881348	-1	1	-	NC_060936.1	1880929	1881237	CACNA2D4	XM_054373863.1	-	1	2	111	183	10	11	5	1	5	middle	middle	0.200	1.000	unique	constitutive	98	113	1
NC_060936.1	27186648	27187155	1	1	+	NC_060936.1	27186649	27186984	STK38L	NM_015000.4	+	1	2	0	171	7	8	1	1	1	middle	middle	1.000	1.000	constitutive	constitutive	102	61	1
NC_060936.1	29349226	29349613	-3	1	-	NC_060936.1	29349236	29349612	OVCH1	NM_001353179.2	-	3	2	1	9	11	12	8	8	8	middle	middle	1.000	1.000	constitutive	constitutive	137	130	8
NC_060936.1	40441025	40444820	3	1	+	NC_060936.1	40442002	40444695	MUC19	NM_173600.2	+	3	3	976	125	58	60	1	1	1	middle	middle	1.000	1.000	constitutive	constitutive	1739	386	1
NC_060936.1	40464607	40464892	2	1	+	NC_060936.1	40464630	40464857	MUC19	NM_173600.2	+	2	2	22	35	83	84	1	1	1	middle	middle	1.000	1.000	constitutive	constitutive	53	53	1
NC_060936.1	47759877	47760438	-1	1	-	NC_060936.1	47759955	47760365	HDAC7	NM_001098416.4	-	1	2	73	77	3	4	15	13	15	middle	middle	0.867	1.000	alternative	constitutive	187	90	13
NC_060936.1	47759877	47760438	-1	1	-	NC_060936.1	47759955	47760318	HDAC7	XM_054372251.1	-	1	2	120	77	1	2	15	2	15	first	middle	0.133	1.000	alternative	constitutive	140	90	2
NC_060936.1	48737966	48738497	-2	1	-	NC_060936.1	48737991	48738378	ADCY6	NM_001390830.1	-	2	2	119	24	7	8	10	10	10	middle	middle	1.000	1.000	constitutive	constitutive	141	128	10
NC_060936.1	48989860	48990436	-3	1	-	NC_060936.1	48989975	48990313	KMT2D	NM_003482.4	-	3	2	123	114	46	47	1	1	1	middle	middle	1.000	1.000	constitutive	constitutive	132	127	1
NC_060936.1	48990963	48991464	-1	1	-	NC_060936.1	48991000	48991408	KMT2D	NM_003482.4	-	1	2	56	36	44	45	1	1	1	middle	middle	1.000	1.000	constitutive	constitutive	175	130	1
NC_060936.1	49064206	49064617	-3	1	-	NC_060936.1	49064303	49064559	LMBR1L	NM_001300750.2	-	3	2	58	96	9	10	17	17	17	middle	middle	1.000	1.000	constitutive	constitutive	83	76	17
NC_060936.1	49290999	49291464	1	1	+	NC_060936.1	49291117	49291434	TROAP	NM_001410976.1	+	1	2	117	30	8	9	14	10	10	middle	middle	0.714	0.714	alternative	alternative	128	83	10
NC_060936.1	50044317	50044704	1	1	+	NC_060936.1	50044318	50044704	ASIC1	NM_001095.4	+	1	2	0	0	10	11	12	11	11	middle	last	0.917	0.917	alternative	alternative	104	101	11
NC_060936.1	50053289	50053670	3	1	+	NC_060936.1	50053320	50053669	SMARCD1	NM_003076.5	+	3	2	30	1	8	9	5	4	4	middle	middle	0.800	0.800	alternative	alternative	161	97	4
NC_060936.1	50098808	50099147	-2	1	-	NC_060936.1	50098810	50099147	CERS5	NM_001281731.2	-	2	2	0	1	7	8	13	13	12	middle	middle	1.000	0.923	constitutive	alternative	128	106	12
NC_060936.1	52392520	52393033	-3	1	-	NC_060936.1	52392522	52393009	KRT75	NM_004693.3	-	3	2	24	1	6	7	1	1	1	middle	middle	1.000	1.000	constitutive	constitutive	125	220	1
NC_060936.1	53019804	53020224	1	1	+	NC_060936.1	53019946	53020223	TNS2	NM_001416202.1	+	1	2	141	1	9	10	9	9	9	middle	middle	1.000	1.000	constitutive	constitutive	122	64	9
NC_060936.1	53023034	53024714	3	1	+	NC_060936.1	53023081	53024625	TNS2	NM_001416202.1	+	3	2	46	89	17	18	9	4	8	middle	middle	0.444	0.889	alternative	alternative	113	1211	4
NC_060936.1	53023034	53024714	3	1	+	NC_060936.1	53023081	53024625	TNS2	NM_001416203.1	+	3	2	46	89	17	18	9	5	8	middle	middle	0.556	0.889	alternative	alternative	140	1211	4
NC_060936.1	53023034	53024714	3	1	+	NC_060936.1	53023081	53024338	TNS2	XM_054371571.1	+	3	2	46	376	17	18	9	5	1	middle	middle	0.556	0.111	alternative	unique	140	924	1
NC_060936.1	53065052	53065616	3	1	+	NC_060936.1	53065087	53065535	IGFBP6	NM_002178.3	+	3	2	34	81	2	3	2	1	1	middle	middle	0.500	0.500	unique	unique	145	119	1
NC_060936.1	54375718	54376207	-3	1	-	NC_060936.1	54375817	54376182	ITGA5	NM_002205.5	-	3	2	25	98	3	4	2	1	1	middle	middle	0.500	0.500	unique	unique	112	120	1
NC_060936.1	55663470	55663959	-1	1	-	NC_060936.1	55663528	55663906	ITGA7	NM_001144996.2	-	1	2	53	57	11	12	25	25	21	middle	middle	1.000	0.840	constitutive	alternative	61	169	21
NC_060936.1	55663470	55663959	-1	1	-	NC_060936.1	55663528	55663906	ITGA7	NM_001374465.1	-	1	2	53	57	11	12	25	25	4	middle	middle	1.000	0.160	constitutive	alternative	61	151	4
NC_060936.1	56105558	56105885	3	1	+	NC_060936.1	56105624	56105870	ESYT1	NM_001184796.2	+	3	2	65	15	20	21	2	2	2	middle	middle	1.000	1.000	constitutive	constitutive	48	89	2
NC_060936.1	56110728	56111229	1	1	+	NC_060936.1	56110827	56111228	ESYT1	NM_001184796.2	+	1	2	98	1	29	30	2	2	2	middle	middle	1.000	1.000	constitutive	constitutive	105	49	2
NC_060936.1	56126004	56126394	1	1	+	NC_060936.1	56126014	56126323	MYL6	NM_021019.5	+	1	2	9	71	1	2	2	2	2	first	middle	1.000	1.000	constitutive	constitutive	2	27	2
NC_060936.1	56152302	56152818	-1	1	-	NC_060936.1	56152447	56152714	SMARCC2	NM_001130420.3	-	1	2	104	144	4	5	13	13	13	middle	middle	1.000	1.000	constitutive	constitutive	81	92	13
NC_060936.1	5619330	5620011	-1	1	-	NC_060936.1	5619554	5619856	ANO2	NM_001278596.3	-	1	2	155	223	20	21	3	3	3	middle	middle	1.000	1.000	constitutive	constitutive	57	100	3
NC_060936.1	56291882	56292629	-2	1	-	NC_060936.1	56291938	56292353	PAN2	NM_001127460.4	-	2	2	276	55	10	11	13	13	13	middle	middle	1.000	1.000	constitutive	constitutive	128	199	13
NC_060936.1	57015857	57016247	-2	1	-	NC_060936.1	57015859	57016193	MYO1A	NM_001256041.2	-	2	2	54	1	1	2	4	4	4	first	middle	1.000	1.000	constitutive	constitutive	113	115	4
NC_060936.1	57161015	57161936	3	1	+	NC_060936.1	57161422	57161931	LRP1	NM_002332.3	+	3	2	406	5	46	47	1	1	1	middle	middle	1.000	1.000	constitutive	constitutive	128	119	1
NC_060936.1	57163208	57163841	3	1	+	NC_060936.1	57163231	57163644	LRP1	NM_002332.3	+	3	2	22	197	51	52	1	1	1	middle	middle	1.000	1.000	constitutive	constitutive	116	128	1
NC_060936.1	57443526	57443904	-1	1	-	NC_060936.1	57443580	57443904	ARHGAP9	NM_001080156.3	-	1	2	0	53	8	9	24	22	22	middle	middle	0.917	0.917	alternative	alternative	132	107	22
NC_060936.1	57531656	57532058	3	1	+	NC_060936.1	57531678	57531932	KIF5A	NM_004984.4	+	3	2	21	126	2	3	2	1	1	middle	middle	0.500	0.500	unique	unique	87	73	1
NC_060936.1	57540248	57541022	3	1	+	NC_060936.1	57540300	57540965	KIF5A	NM_001354705.2	+	3	2	51	57	11	12	2	2	2	middle	middle	1.000	1.000	constitutive	constitutive	206	146	2
NC_060936.1	57581799	57582339	1	1	+	NC_060936.1	57581913	57582338	ARHGEF25	NM_001111270.3	+	1	2	113	1	6	7	3	3	3	middle	middle	1.000	1.000	constitutive	constitutive	66	103	3
NC_060936.1	57684402	57685107	1	1	+	NC_060936.1	57684449	57685102	OS9	NM_001017956.3	+	1	3	46	5	7	9	12	6	12	middle	middle	0.500	1.000	alternative	constitutive	101	51	6
NC_060936.1	57684402	57685107	1	1	+	NC_060936.1	57684446	57685102	OS9	NM_001261420.2	+	1	3	43	5	7	9	12	5	12	middle	middle	0.417	1.000	alternative	constitutive	104	51	5
NC_060936.1	57684402	57685107	1	1	+	NC_060936.1	57684449	57685102	OS9	XM_054370840.1	+	1	2	46	5	7	8	12	1	12	middle	middle	0.083	1.000	unique	constitutive	421	51	1
NC_060936.1	6342459	6342978	-1	1	-	NC_060936.1	6342461	6342908	TNFRSF1A	NM_001065.4	-	1	2	70	1	4	5	3	1	2	middle	middle	0.333	0.667	unique	alternative	149	78	1
NC_060936.1	6342459	6342978	-1	1	-	NC_060936.1	6342461	6342906	TNFRSF1A	NM_001346091.2	-	1	2	72	1	1	2	3	1	2	first	middle	0.333	0.667	unique	alternative	147	78	1
NC_060936.1	6591151	6591775	-3	1	-	NC_060936.1	6591406	6591750	CHD4	NM_001273.5	-	3	2	25	254	31	32	3	3	2	middle	middle	1.000	0.667	constitutive	alternative	97	129	2
NC_060936.1	6591151	6591775	-3	1	-	NC_060936.1	6591400	6591750	CHD4	NM_001363606.2	-	3	2	25	248	31	32	3	3	1	middle	middle	1.000	0.333	constitutive	unique	97	135	1
NC_060936.1	6593191	6593764	-3	1	-	NC_060936.1	6593210	6593740	CHD4	NM_001273.5	-	3	3	24	18	25	27	3	3	3	middle	middle	1.000	1.000	constitutive	constitutive	180	88	3
NC_060936.1	66224485	66224854	2	1	+	NC_060936.1	66224486	66224800	IRAK3	NM_001142523.2	+	2	2	0	54	9	10	2	2	2	middle	middle	1.000	1.000	constitutive	constitutive	62	164	2
NC_060936.1	6826355	6827900	3	1	+	NC_060936.1	6826420	6827822	CD4	NM_000616.5	+	3	2	64	78	6	7	9	9	9	middle	middle	1.000	1.000	constitutive	constitutive	200	121	9
NC_060936.1	6839618	6840092	3	1	+	NC_060936.1	6839646	6840063	P3H3	NM_014262.5	+	3	2	27	29	3	4	1	1	1	middle	middle	1.000	1.000	constitutive	constitutive	201	131	1
NC_060936.1	6846752	6847352	3	1	+	NC_060936.1	6847024	6847325	P3H3	NM_014262.5	+	3	2	271	27	12	13	1	1	1	middle	middle	1.000	1.000	constitutive	constitutive	117	75	1
NC_060936.1	6952268	6952943	3	1	+	NC_060936.1	6952540	6952943	ATN1	NM_001007026.2	+	3	2	271	0	8	9	7	7	7	middle	last	1.000	1.000	constitutive	constitutive	180	30	7
NC_060936.1	6990700	6991441	-3	1	-	NC_060936.1	6990845	6991223	LPCAT3	NM_005768.6	-	3	2	218	144	10	11	1	1	1	middle	middle	1.000	1.000	constitutive	constitutive	147	158	1
NC_060936.1	71609272	71610028	-3	1	-	NC_060936.1	71609292	71610028	ZFC3H1	NM_144982.5	-	3	2	0	19	15	16	1	1	1	middle	middle	1.000	1.000	constitutive	constitutive	542	109	1
NC_060936.1	95967767	95967995	-2	1	-	NC_060936.1	95967769	95967995	HAL	NM_001258334.2	-	2	2	0	1	5	6	5	2	2	middle	middle	0.400	0.400	alternative	alternative	72	66	2
NC_060937.1	109442261	109442522	-2	1	-	NC_060937.1	109442289	109442522	COL4A1	NM_001303110.2	-	2	2	0	27	3	4	2	2	2	middle	middle	1.000	1.000	constitutive	constitutive	89	44	2
NC_060937.1	20333586	20334066	1	1	+	NC_060937.1	20333623	20334065	SAP18	NM_005870.5	+	1	2	36	1	1	2	3	2	2	first	middle	0.667	0.667	alternative	alternative	128	109	2
NC_060937.1	27256252	27256609	-3	1	-	NC_060937.1	27256261	27256588	FLT3	NM_004119.3	-	3	2	21	8	14	15	6	6	6	middle	middle	1.000	1.000	constitutive	constitutive	132	104	6
NC_060937.1	47731976	47732504	-2	1	-	NC_060937.1	47732067	47732471	RCBTB2	NM_001268.4	-	2	2	33	90	5	6	16	13	11	middle	middle	0.812	0.688	alternative	alternative	158	107	11
NC_060937.1	47731976	47732504	-2	1	-	NC_060937.1	47731977	47732471	RCBTB2	NM_001352430.2	-	2	2	33	0	5	6	16	13	2	middle	last	0.812	0.125	alternative	alternative	158	197	2
NC_060937.1	60197611	60198934	-3	1	-	NC_060937.1	60197831	60198910	LOC124907103	XM_047446222.1	-	3	3	24	219	2	4	1	1	1	middle	middle	1.000	1.000	constitutive	constitutive	185	124	1
NC_060937.1	97222372	97222654	2	1	+	NC_060937.1	97222373	97222624	IPO5	NM_002271.6	+	2	2	0	30	20	21	11	11	11	middle	middle	1.000	1.000	constitutive	constitutive	111	55	11
NC_060937.1	99195797	99196589	3	1	+	NC_060937.1	99195856	99196589	ZIC2	NM_007129.5	+	3	2	58	0	2	3	1	1	1	middle	last	1.000	1.000	constitutive	constitutive	163	356	1
NC_060938.1	100111792	100113169	-1	1	-	NC_060938.1	100111831	100112688	IGHD	unassigned_transcript_2554	-	1	2	481	38	4	5	1	1	1	middle	middle	1.000	1.000	constitutive	constitutive	323	323	1
NC_060938.1	13280616	13281255	1	1	+	NC_060938.1	13280623	13281254	POTEM	NM_001145442.1	+	1	2	6	1	1	2	1	1	1	first	middle	1.000	1.000	constitutive	constitutive	84	435	1
NC_060938.1	13745033	13745672	-3	1	-	NC_060938.1	13745035	13745666	POTEG	NM_001005356.3	-	3	2	6	1	1	2	1	1	1	first	middle	1.000	1.000	constitutive	constitutive	217	302	1
NC_060938.1	14625735	14627634	-2	1	-	NC_060938.1	14625736	14627559	KLHL33	NM_001109997.3	-	2	2	75	0	1	3	3	1	3	first	last	0.333	1.000	unique	constitutive	880	549	1
NC_060938.1	14625735	14627634	-2	1	-	NC_060938.1	14625736	14627603	KLHL33	NM_001365790.2	-	2	2	31	0	2	4	3	2	3	middle	last	0.667	1.000	alternative	constitutive	924	549	2
NC_060938.1	15217828	15218272	-1	1	-	NC_060938.1	15217898	15218246	NDRG2	NM_001282211.2	-	1	2	26	69	6	7	27	27	27	middle	middle	1.000	1.000	constitutive	constitutive	60	86	27
NC_060938.1	17099875	17100208	-1	1	-	NC_060938.1	17099877	17100165	RBM23	NM_001077351.2	-	1	2	43	1	11	12	19	18	16	middle	middle	0.947	0.842	alternative	alternative	122	69	16
NC_060938.1	17099875	17100208	-1	1	-	NC_060938.1	17099876	17100165	RBM23	XM_054376285.1	-	1	2	43	0	11	12	19	18	2	middle	last	0.947	0.105	alternative	alternative	122	70	2
NC_060938.1	17102917	17103313	-1	1	-	NC_060938.1	17102942	17103313	RBM23	NM_001077351.2	-	1	2	0	24	7	8	19	19	19	middle	middle	1.000	1.000	constitutive	constitutive	152	137	19
NC_060938.1	17249624	17250461	-3	1	-	NC_060938.1	17249648	17250359	CDH24	NM_022478.4	-	3	2	102	23	10	11	4	2	2	middle	middle	0.500	0.500	alternative	alternative	111	248	2
NC_060938.1	17255312	17255981	-3	1	-	NC_060938.1	17255366	17255972	CDH24	NM_022478.4	-	3	2	9	53	2	3	4	4	4	middle	middle	1.000	1.000	constitutive	constitutive	294	119	4
NC_060938.1	17601175	17602147	-1	1	-	NC_060938.1	17601260	17601981	MYH6	NM_002471.4	-	1	2	166	84	11	12	1	1	1	middle	middle	1.000	1.000	constitutive	constitutive	268	170	1
NC_060938.1	17631548	17632058	-3	1	-	NC_060938.1	17631558	17631997	MYH7	NM_000257.4	-	3	2	61	9	8	9	2	2	2	middle	middle	1.000	1.000	constitutive	constitutive	98	103	2
NC_060938.1	17633475	17633910	-2	1	-	NC_060938.1	17633477	17633793	MYH7	NM_000257.4	-	2	2	117	1	3	4	2	2	2	middle	middle	1.000	1.000	constitutive	constitutive	156	27	2
NC_060938.1	18258194	18258626	3	1	+	NC_060938.1	18258287	18258572	CARMIL3	NM_138360.4	+	3	2	92	54	23	24	18	18	18	middle	middle	1.000	1.000	constitutive	constitutive	93	98	18
NC_060938.1	18264614	18265106	3	1	+	NC_060938.1	18264714	18264972	CARMIL3	NM_138360.4	+	3	2	99	134	35	36	18	17	17	middle	middle	0.944	0.944	alternative	alternative	66	89	17
NC_060938.1	18272510	18273089	3	1	+	NC_060938.1	18272607	18272930	CPNE6	NM_001280558.2	+	3	2	96	159	6	7	5	5	5	middle	middle	1.000	1.000	constitutive	constitutive	74	83	5
NC_060938.1	18275133	18275826	1	1	+	NC_060938.1	18275195	18275706	CPNE6	NM_001280558.2	+	1	2	61	120	15	16	5	5	5	middle	middle	1.000	1.000	constitutive	constitutive	133	236	5
NC_060938.1	18353680	18354034	2	1	+	NC_060938.1	18353723	18354001	RNF31	NM_001310332.2	+	2	2	42	33	11	12	2	2	2	middle	middle	1.000	1.000	constitutive	constitutive	98	89	2
NC_060938.1	18361274	18361847	3	1	+	NC_060938.1	18361275	18361817	IRF9	NM_001385400.1	+	3	2	0	30	2	3	4	4	4	middle	middle	1.000	1.000	constitutive	constitutive	183	130	4
NC_060938.1	18364003	18364561	2	1	+	NC_060938.1	18364156	18364561	IRF9	NM_001385400.1	+	2	2	152	0	8	9	4	2	2	middle	last	0.500	0.500	alternative	alternative	115	130	2
NC_060938.1	18371134	18371509	2	1	+	NC_060938.1	18371209	18371508	REC8	NM_001048205.2	+	2	2	74	1	3	4	8	6	6	middle	middle	0.750	0.750	alternative	alternative	142	72	6
NC_060938.1	18379708	18380164	-1	1	-	NC_060938.1	18379823	18380153	IPO4	NM_024658.4	-	1	2	11	114	27	28	1	1	1	middle	middle	1.000	1.000	constitutive	constitutive	132	104	1
NC_060938.1	18385592	18386132	-3	1	-	NC_060938.1	18385710	18386106	IPO4	NM_024658.4	-	3	2	26	117	5	6	1	1	1	middle	middle	1.000	1.000	constitutive	constitutive	129	179	1
NC_060938.1	18435529	18435961	2	1	+	NC_060938.1	18435618	18435935	GMPR2	NM_001002000.3	+	2	2	88	26	6	7	12	12	12	middle	middle	1.000	1.000	constitutive	constitutive	106	42	12
NC_060938.1	18452970	18453735	-2	1	-	NC_060938.1	18453025	18453614	TGM1	NM_000359.3	-	2	2	121	54	11	12	1	1	1	middle	middle	1.000	1.000	constitutive	constitutive	281	160	1
NC_060938.1	18465735	18466704	-2	1	-	NC_060938.1	18466006	18466304	RABGGTA	NM_004581.5	-	2	2	400	270	12	13	2	2	2	middle	middle	1.000	1.000	constitutive	constitutive	88	116	2
NC_060938.1	18466710	18467193	-2	1	-	NC_060938.1	18466715	18467172	RABGGTA	NM_004581.5	-	2	3	21	4	8	10	2	2	2	middle	middle	1.000	1.000	constitutive	constitutive	101	51	2
NC_060938.1	18529055	18529766	-3	1	-	NC_060938.1	18529362	18529700	ADCY4	NM_001198568.2	-	3	2	66	306	5	6	3	3	3	middle	middle	1.000	1.000	constitutive	constitutive	148	111	3
NC_060938.1	18609766	18610375	2	1	+	NC_060938.1	18609814	18610188	NYNRIN	NM_025081.3	+	2	2	47	187	4	5	2	1	1	middle	middle	0.500	0.500	unique	unique	130	96	1
NC_060938.1	46853981	46854368	-3	1	-	NC_060938.1	46853989	46854296	ERO1A	NM_001382464.1	-	3	2	72	7	15	16	14	14	14	middle	middle	1.000	1.000	constitutive	constitutive	86	133	14
NC_060938.1	52430540	52430837	3	1	+	NC_060938.1	52430563	52430797	ACTR10	NM_018477.3	+	3	2	22	40	9	10	4	2	4	middle	middle	0.500	1.000	alternative	constitutive	79	73	2
NC_060938.1	52430540	52430837	3	1	+	NC_060938.1	52430542	52430797	ACTR10	XM_054376393.1	+	3	2	1	40	9	10	4	2	4	middle	middle	0.500	1.000	alternative	constitutive	100	73	2
NC_060938.1	54320956	54321937	2	1	+	NC_060938.1	54320983	54321743	PCNX4	NM_001330177.2	+	2	2	26	194	2	3	4	3	4	middle	middle	0.750	1.000	alternative	constitutive	179	487	3
NC_060938.1	54320956	54321937	2	1	+	NC_060938.1	54320996	54321743	PCNX4	NM_022495.5	+	2	2	39	194	1	2	4	1	4	first	middle	0.250	1.000	unique	constitutive	166	487	1
NC_060938.1	62004731	62005781	-3	1	-	NC_060938.1	62004773	62005723	ZFYVE26	NM_015346.4	-	3	2	58	41	10	11	5	3	3	middle	middle	0.600	0.600	alternative	alternative	608	83	3
NC_060938.1	68500393	68500759	-1	1	-	NC_060938.1	68500395	68500713	ABCD4	NM_001353591.2	-	1	2	46	1	8	9	30	30	30	middle	middle	1.000	1.000	constitutive	constitutive	121	91	30
NC_060938.1	86300487	86300613	-2	1	-	NC_060938.1	86300488	86300604	ATXN3	NM_001164774.2	-	2	2	9	0	3	4	12	5	5	middle	last	0.417	0.417	alternative	alternative	18	55	5
NC_060938.1	97166390	97166801	3	1	+	NC_060938.1	97166410	97166738	AMN	NM_001425246.1	+	3	2	19	63	8	9	3	3	3	middle	middle	1.000	1.000	constitutive	constitutive	162	87	3
NC_060938.1	97175949	97176729	-2	1	-	NC_060938.1	97176291	97176569	CDC42BPB	NM_001411054.1	-	2	2	160	341	30	31	8	4	4	middle	middle	0.500	0.500	alternative	alternative	97	84	4
NC_060938.1	98410431	98411475	1	1	+	NC_060938.1	98410583	98411474	KIF26A	NM_015656.2	+	1	3	151	1	8	10	2	2	2	middle	middle	1.000	1.000	constitutive	constitutive	262	162	2
NC_060938.1	99017760	99018093	-2	1	-	NC_060938.1	99017824	99018093	AKT1	NM_001014431.2	-	2	2	0	63	5	6	13	13	13	middle	middle	1.000	1.000	constitutive	constitutive	131	65	13
NC_060938.1	99131311	99133966	2	1	+	NC_060938.1	99131891	99133829	CEP170B	NM_001112726.3	+	2	2	579	137	10	11	10	8	8	middle	middle	0.800	0.800	alternative	alternative	90	1703	8
NC_060938.1	99131660	99132554	3	1	+	NC_060938.1	99131891	99132554	CEP170B	XM_054375893.1	+	3	2	230	0	11	12	10	2	2	middle	last	0.200	0.200	alternative	alternative	90	428	2
NC_060938.1	99177819	99178320	1	1	+	NC_060938.1	99177906	99178249	PLD4	NM_001308174.2	+	1	2	86	71	8	9	3	3	3	middle	middle	1.000	1.000	constitutive	constitutive	165	96	3
NC_060938.1	99201654	99202245	-2	1	-	NC_060938.1	99201886	99202148	AHNAK2	NM_138420.4	-	2	2	97	231	2	3	2	1	1	middle	middle	0.500	0.500	unique	unique	58	98	1
NC_060938.1	99389780	99390974	-3	1	-	NC_060938.1	99390605	99390949	JAG2	NM_002226.5	-	3	2	25	824	14	15	5	5	5	middle	middle	1.000	1.000	constitutive	constitutive	152	113	4
NC_060938.1	99389780	99390974	-3	1	-	NC_060938.1	99389976	99390949	JAG2	XM_054376004.1	-	3	4	25	195	14	17	5	5	1	middle	middle	1.000	0.200	constitutive	unique	152	113	1
NC_060938.1	99392397	99392907	-2	1	-	NC_060938.1	99392464	99392771	JAG2	NM_002226.5	-	2	2	136	66	11	12	5	5	5	middle	middle	1.000	1.000	constitutive	constitutive	46	173	5
NC_060938.1	99716670	99717354	1	1	+	NC_060938.1	99716983	99717354	MTA1	NM_001411061.1	+	1	2	312	0	19	20	21	18	18	middle	last	0.857	0.857	alternative	alternative	151	147	18
NC_060938.1	99728420	99728957	3	1	+	NC_060938.1	99728494	99728862	CRIP2	NM_001270837.2	+	3	2	73	95	6	7	3	3	3	middle	middle	1.000	1.000	constitutive	constitutive	94	57	3
NC_060939.1	18453206	18453629	-2	1	-	NC_060939.1	18453366	18453545	GOLGA6L6	NM_001145004.2	-	2	2	84	159	1	2	1	1	1	first	middle	1.000	1.000	constitutive	constitutive	17	107	1
NC_060939.1	20131006	20131447	2	1	+	NC_060939.1	20131091	20131288	GOLGA6L22	NM_001396956.1	+	2	2	84	159	1	2	2	2	2	first	middle	1.000	1.000	constitutive	constitutive	17	125	2
NC_060939.1	20982813	20983407	-1	1	-	NC_060939.1	20983084	20983407	LOC124907502	NM_001421669.1	-	1	2	0	270	3	4	4	4	4	middle	middle	1.000	1.000	constitutive	constitutive	59	80	4
NC_060939.1	21093573	21094167	1	1	+	NC_060939.1	21093574	21093897	GOLGA8S	NM_001395373.1	+	1	2	0	270	3	4	3	2	2	middle	middle	0.667	0.667	alternative	alternative	59	80	2
NC_060939.1	21100809	21101433	1	1	+	NC_060939.1	21100827	21101433	GOLGA8S	NM_001355465.2	+	1	2	17	0	9	11	3	3	3	middle	last	1.000	1.000	constitutive	constitutive	97	172	3
NC_060939.1	21172047	21174978	-1	1	-	NC_060939.1	21173022	21173366	GOLGA6L2	NM_001304388.2	-	1	2	1612	974	10	11	1	1	1	middle	middle	1.000	1.000	constitutive	constitutive	137	101	1
NC_060939.1	26100468	26100855	-1	1	-	NC_060939.1	26100628	26100765	GOLGA6L24	NM_001394758.1	-	1	2	90	159	1	2	1	1	1	first	middle	1.000	1.000	constitutive	constitutive	11	89	1
NC_060939.1	26123935	26124529	2	1	+	NC_060939.1	26123936	26124259	GOLGA8F	NM_001350920.2	+	2	2	0	270	3	4	10	7	7	middle	middle	0.700	0.700	alternative	alternative	59	80	7
NC_060939.1	26306566	26307160	-3	1	-	NC_060939.1	26306837	26307160	GOLGA8G	NM_001350919.3	-	3	2	0	270	3	4	7	4	4	middle	middle	0.571	0.571	alternative	alternative	59	80	4
NC_060939.1	26478668	26479097	-2	1	-	NC_060939.1	26478669	26479081	GOLGA8M	NM_001282468.3	-	2	2	16	0	18	19	7	5	5	middle	last	0.714	0.714	alternative	alternative	155	172	5
NC_060939.1	30399826	30400450	2	1	+	NC_060939.1	30399844	30400450	GOLGA8N	NM_001282494.2	+	2	2	17	0	17	19	1	1	1	middle	last	1.000	1.000	constitutive	constitutive	97	172	1
NC_060939.1	32597278	32597821	-3	1	-	NC_060939.1	32597287	32597766	ACTC1	NM_001406482.1	-	3	2	55	8	3	4	5	5	5	middle	middle	1.000	1.000	constitutive	constitutive	161	191	5
NC_060939.1	37844032	37844449	-3	1	-	NC_060939.1	37844146	37844386	SRP14	NM_003134.6	-	3	2	63	113	1	2	2	1	1	first	middle	0.500	0.500	unique	unique	23	72	1
NC_060939.1	38078991	38079912	1	1	+	NC_060939.1	38079112	38079887	BUB1B-PAK6	NM_001128628.3	+	1	2	120	25	3	4	2	2	2	middle	middle	1.000	1.000	constitutive	constitutive	497	133	2
NC_060939.1	38078991	38079912	1	1	+	NC_060939.1	38079112	38079887	PAK6	NM_001276717.1	+	1	2	120	25	3	4	5	5	5	middle	middle	1.000	1.000	constitutive	constitutive	497	133	5
NC_060939.1	38080195	38080681	2	1	+	NC_060939.1	38080234	38080564	BUB1B-PAK6	NM_001128628.3	+	2	2	38	117	5	6	2	2	2	middle	middle	1.000	1.000	constitutive	constitutive	126	125	2
NC_060939.1	38080195	38080681	2	1	+	NC_060939.1	38080234	38080564	PAK6	NM_001276717.1	+	2	2	38	117	5	6	5	5	5	middle	middle	1.000	1.000	constitutive	constitutive	126	125	5
NC_060939.1	38097221	38098151	-2	1	-	NC_060939.1	38097652	38098074	PLCB2	NM_001284297.2	-	2	2	77	430	27	28	30	27	27	middle	middle	0.900	0.900	alternative	alternative	165	76	27
NC_060939.1	38098026	38098461	-1	1	-	NC_060939.1	38098027	38098378	PLCB2	XM_054378213.1	-	1	2	83	0	27	28	30	1	1	middle	last	0.033	0.033	unique	unique	222	47	1
NC_060939.1	38103367	38103799	-3	1	-	NC_060939.1	38103413	38103799	PLCB2	NM_001284297.2	-	3	2	0	45	14	15	30	7	28	middle	middle	0.233	0.933	alternative	alternative	150	112	7
NC_060939.1	38103367	38103799	-3	1	-	NC_060939.1	38103413	38103799	PLCB2	NM_001284298.2	-	3	2	0	45	14	15	30	21	28	middle	middle	0.700	0.933	alternative	alternative	162	112	21
NC_060939.1	38145373	38145988	-3	1	-	NC_060939.1	38145407	38145775	CCDC9B	NM_207380.3	-	3	2	213	33	4	5	1	1	1	middle	middle	1.000	1.000	constitutive	constitutive	155	125	1
NC_060939.1	38190011	38190635	3	1	+	NC_060939.1	38190030	38190516	KNSTRN	NM_001142761.1	+	3	2	18	119	1	2	3	3	3	first	middle	1.000	1.000	constitutive	constitutive	208	94	3
NC_060939.1	38659114	38659732	2	1	+	NC_060939.1	38659149	38659652	SPINT1	NM_001032367.2	+	2	2	34	80	2	3	9	9	9	middle	middle	1.000	1.000	constitutive	constitutive	127	138	9
NC_060939.1	38679349	38680279	-3	1	-	NC_060939.1	38679704	38680159	RHOV	NM_133639.4	-	3	2	120	354	1	2	1	1	1	first	middle	1.000	1.000	constitutive	constitutive	207	58	1
NC_060939.1	38901646	38902033	-3	1	-	NC_060939.1	38901680	38902007	INO80	NM_017553.3	-	3	2	26	33	2	3	4	3	3	middle	middle	0.750	0.750	alternative	alternative	169	67	3
NC_060939.1	39307609	39308050	2	1	+	NC_060939.1	39307625	39308013	ITPKA	NM_002220.3	+	2	2	15	37	2	3	1	1	1	middle	middle	1.000	1.000	constitutive	constitutive	96	216	1
NC_060939.1	39623997	39624492	1	1	+	NC_060939.1	39624103	39624491	MAPKBP1	NM_001128608.2	+	1	2	105	1	18	19	3	3	3	middle	middle	1.000	1.000	constitutive	constitutive	111	63	3
NC_060939.1	39627797	39628481	3	1	+	NC_060939.1	39627875	39628332	MAPKBP1	NM_001128608.2	+	3	2	77	149	25	26	3	3	3	middle	middle	1.000	1.000	constitutive	constitutive	145	197	3
NC_060939.1	39641883	39642597	1	1	+	NC_060939.1	39642098	39642501	JMJD7	NM_001114632.2	+	1	2	214	96	5	6	1	1	1	middle	middle	1.000	1.000	constitutive	constitutive	95	76	1
NC_060939.1	39641883	39642597	1	1	+	NC_060939.1	39642098	39642501	JMJD7-PLA2G4B	NM_001198588.2	+	1	2	214	96	5	6	2	2	2	middle	middle	1.000	1.000	constitutive	constitutive	95	76	2
NC_060939.1	39664485	39664956	-1	1	-	NC_060939.1	39664561	39664939	SPTBN5	NM_016642.4	-	1	2	17	75	47	48	3	3	3	middle	middle	1.000	1.000	constitutive	constitutive	90	146	3
NC_060939.1	39687723	39688428	-1	1	-	NC_060939.1	39687895	39688428	SPTBN5	NM_016642.4	-	1	2	0	171	10	11	3	2	2	middle	middle	0.667	0.667	alternative	alternative	200	209	2
NC_060939.1	41328674	41337347	3	1	+	NC_060939.1	41328675	41337221	MAP1A	NM_001411089.1	+	3	2	0	126	5	6	2	1	2	middle	middle	0.500	1.000	unique	constitutive	8184	220	1
NC_060939.1	41328674	41337347	3	1	+	NC_060939.1	41328825	41337221	MAP1A	NM_002373.6	+	3	2	150	126	1	2	2	1	2	first	middle	0.500	1.000	unique	constitutive	8034	220	1
NC_060939.1	42923798	42924299	3	1	+	NC_060939.1	42923820	42924279	DUOXA2	NM_207581.4	+	3	2	21	20	2	3	2	2	2	middle	middle	1.000	1.000	constitutive	constitutive	57	134	2
NC_060939.1	66023846	66024371	-2	1	-	NC_060939.1	66023870	66023996	CALML4	NM_001031733.3	-	2	2	375	23	1	2	4	2	2	first	middle	0.500	0.500	alternative	alternative	2	30	2
NC_060939.1	70105470	70106316	-1	1	-	NC_060939.1	70105611	70105980	CELF6	NM_001172684.2	-	1	2	336	140	7	8	3	3	2	middle	middle	1.000	0.667	constitutive	alternative	132	149	2
NC_060939.1	70105470	70106316	-1	1	-	NC_060939.1	70105611	70105980	CELF6	NM_001172685.2	-	1	2	336	140	5	6	3	3	1	middle	middle	1.000	0.333	constitutive	unique	132	146	1
NC_060939.1	71141946	71142738	-1	1	-	NC_060939.1	71142090	71142579	HCN4	NM_005477.3	-	1	2	159	143	5	6	2	2	2	middle	middle	1.000	1.000	constitutive	constitutive	146	240	2
NC_060939.1	73226182	73227181	-3	1	-	NC_060939.1	73226184	73226759	MAN2C1	NM_001256494.2	-	3	3	422	1	23	25	4	4	4	middle	middle	1.000	1.000	constitutive	constitutive	79	109	4
NC_060939.1	76142597	76143029	3	1	+	NC_060939.1	76142617	76143029	DNAJA4	NM_001130182.2	+	3	2	19	0	6	7	10	10	10	middle	last	1.000	1.000	constitutive	constitutive	100	212	10
NC_060939.1	76654273	76655128	-3	1	-	NC_060939.1	76654455	76655008	ADAMTS7	NM_014272.5	-	3	2	120	181	5	6	4	3	3	middle	middle	0.750	0.750	alternative	alternative	83	124	3
NC_060939.1	80527781	80528234	-2	1	-	NC_060939.1	80527796	80528211	AP3B2	NM_001278511.2	-	2	2	23	14	18	19	5	3	3	middle	middle	0.600	0.600	alternative	alternative	174	60	3
NC_060939.1	80544464	80545292	-2	1	-	NC_060939.1	80544688	80545235	AP3B2	NM_001278511.2	-	2	2	57	223	6	7	5	3	3	middle	middle	0.600	0.600	alternative	alternative	182	283	3
NC_060939.1	82687224	82687980	1	1	+	NC_060939.1	82687296	82687788	SLC28A1	NM_001287762.2	+	1	2	71	192	12	13	22	16	16	middle	middle	0.727	0.727	alternative	alternative	168	197	16
NC_060939.1	82696741	82697140	2	1	+	NC_060939.1	82696839	82697139	SLC28A1	NM_001287761.2	+	2	2	97	1	12	13	22	16	16	middle	middle	0.727	0.727	alternative	alternative	98	111	16
NC_060939.1	88635770	88636211	3	1	+	NC_060939.1	88635852	88636154	FURIN	NM_001289823.2	+	3	2	81	57	2	3	7	7	7	middle	middle	1.000	1.000	constitutive	constitutive	98	95	7
NC_060939.1	88646554	88646965	2	1	+	NC_060939.1	88646555	88646964	FES	NM_001143783.1	+	2	2	0	1	2	3	19	19	19	middle	middle	1.000	1.000	constitutive	constitutive	96	183	19
NC_060939.1	88694796	88695342	1	1	+	NC_060939.1	88694908	88695288	UNC45A	NM_001039675.2	+	1	2	111	54	1	2	7	2	5	first	middle	0.286	0.714	alternative	alternative	5	161	2
NC_060939.1	88694796	88695342	1	1	+	NC_060939.1	88694908	88695288	UNC45A	NM_001323619.1	+	1	2	111	54	1	2	7	3	5	first	middle	0.429	0.714	alternative	alternative	50	161	3
NC_060939.1	88712452	88712950	2	1	+	NC_060939.1	88712512	88712893	UNC45A	NM_001039675.2	+	2	2	59	57	18	19	7	7	7	middle	middle	1.000	1.000	constitutive	constitutive	117	155	7
NC_060940.1	10931230	10931926	2	1	+	NC_060940.1	10931250	10931732	CIITA	NM_000246.4	+	2	2	19	194	2	3	28	17	28	middle	middle	0.607	1.000	alternative	constitutive	146	95	17
NC_060940.1	10931230	10931926	2	1	+	NC_060940.1	10931270	10931732	CIITA	NM_001379334.1	+	2	2	39	194	1	2	28	11	28	first	middle	0.393	1.000	alternative	constitutive	126	95	11
NC_060940.1	11551982	11552660	-1	1	-	NC_060940.1	11552034	11552412	LOC400499	NM_001370704.1	-	1	2	248	51	5	6	4	3	3	middle	middle	0.750	0.750	alternative	alternative	165	134	3
NC_060940.1	1215656	1216286	3	1	+	NC_060940.1	1215692	1216244	CACNA1H	NM_001005407.2	+	3	2	35	42	6	7	14	14	14	middle	middle	1.000	1.000	constitutive	constitutive	315	92	14
NC_060940.1	1225789	1226329	2	1	+	NC_060940.1	1225892	1226280	CACNA1H	NM_001005407.2	+	2	2	102	49	19	20	14	13	13	middle	middle	0.929	0.929	alternative	alternative	68	184	13
NC_060940.1	1226444	1227002	3	1	+	NC_060940.1	1226477	1226915	CACNA1H	NM_001005407.2	+	3	2	32	87	21	22	14	13	13	middle	middle	0.929	0.929	alternative	alternative	126	125	13
NC_060940.1	1237100	1237988	-1	1	-	NC_060940.1	1237101	1237651	TPSG1	NM_012467.4	-	1	2	337	0	5	6	1	1	1	middle	last	1.000	1.000	constitutive	constitutive	145	305	1
NC_060940.1	1260650	1261076	-1	1	-	NC_060940.1	1260652	1261037	TPSAB1	NM_003294.4	-	1	2	39	1	1	2	1	1	1	first	middle	1.000	1.000	constitutive	constitutive	60	171	1
NC_060940.1	1271950	1272376	2	1	+	NC_060940.1	1271969	1272375	TPSD1	NM_012217.3	+	2	2	18	1	1	2	1	1	1	first	middle	1.000	1.000	constitutive	constitutive	81	171	1
NC_060940.1	1355060	1355510	3	1	+	NC_060940.1	1355078	1355420	BAIAP3	NM_001199096.2	+	3	2	17	90	2	3	11	11	7	middle	middle	1.000	0.636	constitutive	alternative	87	80	7
NC_060940.1	1355060	1355510	3	1	+	NC_060940.1	1355078	1355420	BAIAP3	NM_001286464.2	+	3	2	17	90	2	3	11	11	4	middle	middle	1.000	0.364	constitutive	alternative	87	131	4
NC_060940.1	1357011	1357446	1	1	+	NC_060940.1	1357096	1357369	BAIAP3	NM_001199096.2	+	1	2	84	77	5	6	11	11	11	middle	middle	1.000	1.000	constitutive	constitutive	59	66	11
NC_060940.1	1360762	1361077	2	1	+	NC_060940.1	1360775	1361014	BAIAP3	NM_001199096.2	+	2	2	12	63	17	18	11	11	11	middle	middle	1.000	1.000	constitutive	constitutive	97	51	11
NC_060940.1	1362751	1363270	2	1	+	NC_060940.1	1362779	1363129	BAIAP3	NM_001199096.2	+	2	2	27	141	25	26	11	11	11	middle	middle	1.000	1.000	constitutive	constitutive	79	108	11
NC_060940.1	1363674	1364193	1	1	+	NC_060940.1	1363720	1364192	BAIAP3	NM_001199096.2	+	1	3	45	1	28	30	11	11	11	middle	middle	1.000	1.000	constitutive	constitutive	80	123	11
NC_060940.1	1368118	1368337	2	1	+	NC_060940.1	1368143	1368336	GNPTG	NM_032520.5	+	2	2	24	1	1	2	1	1	1	first	middle	1.000	1.000	constitutive	constitutive	51	57	1
NC_060940.1	1378956	1379220	1	1	+	NC_060940.1	1378957	1379220	GNPTG	NM_032520.5	+	1	2	0	0	10	11	1	1	1	middle	last	1.000	1.000	constitutive	constitutive	81	91	1
NC_060940.1	1453346	1453928	-1	1	-	NC_060940.1	1453476	1453787	CCDC154	NM_001143980.3	-	1	2	141	129	7	8	2	2	2	middle	middle	1.000	1.000	constitutive	constitutive	101	128	2
NC_060940.1	1461293	1461803	-1	1	-	NC_060940.1	1461294	1461746	CLCN7	NM_001114331.3	-	1	2	57	0	23	24	3	3	3	middle	last	1.000	1.000	constitutive	constitutive	80	83	3
NC_060940.1	1516813	1517539	2	1	+	NC_060940.1	1517083	1517440	TELO2	NM_001351846.2	+	2	2	269	99	11	12	15	13	13	middle	middle	0.867	0.867	alternative	alternative	88	91	13
NC_060940.1	15746222	15747089	-1	1	-	NC_060940.1	15746400	15746828	MYH11	NM_001040113.2	-	1	2	261	177	21	22	5	5	5	middle	middle	1.000	1.000	constitutive	constitutive	131	206	5
NC_060940.1	174321	175005	1	1	+	NC_060940.1	174529	174912	HBQ1	NM_005331.5	+	1	2	207	93	1	2	1	1	1	first	middle	1.000	1.000	constitutive	constitutive	94	204	1
NC_060940.1	1782641	1783382	3	1	+	NC_060940.1	1782734	1783127	MAPK8IP3	NM_001040439.2	+	3	2	92	255	24	25	11	11	11	middle	middle	1.000	1.000	constitutive	constitutive	67	148	11
NC_060940.1	1783618	1784032	2	1	+	NC_060940.1	1783635	1783937	MAPK8IP3	NM_001040439.2	+	2	2	16	95	27	28	11	11	11	middle	middle	1.000	1.000	constitutive	constitutive	113	38	11
NC_060940.1	1788057	1788504	-3	1	-	NC_060940.1	1788058	1788480	MRPS34	NM_001300900.2	-	3	2	24	0	2	3	2	2	1	middle	last	1.000	0.500	constitutive	unique	42	310	1
NC_060940.1	1788057	1788504	-3	1	-	NC_060940.1	1788058	1788480	MRPS34	NM_023936.2	-	3	2	24	0	2	3	2	2	1	middle	last	1.000	0.500	constitutive	unique	42	289	1
NC_060940.1	1994333	1995074	3	1	+	NC_060940.1	1994334	1994637	TBL3	NM_006453.3	+	3	2	0	437	4	5	1	1	1	middle	middle	1.000	1.000	constitutive	constitutive	47	141	1
NC_060940.1	1997850	1998249	1	1	+	NC_060940.1	1997916	1998178	TBL3	NM_006453.3	+	1	2	65	71	19	20	1	1	1	middle	middle	1.000	1.000	constitutive	constitutive	103	71	1
NC_060940.1	2107988	2108519	3	1	+	NC_060940.1	2108149	2108426	TSC2	NM_000548.5	+	3	2	160	93	39	40	47	47	46	middle	middle	1.000	0.979	constitutive	alternative	91	98	46
NC_060940.1	2107988	2108519	3	1	+	NC_060940.1	2108149	2108426	TSC2	NM_001370405.1	+	3	2	160	93	38	39	47	47	1	middle	middle	1.000	0.021	constitutive	unique	91	86	1
NC_060940.1	2109836	2110772	-1	1	-	NC_060940.1	2109837	2110697	PKD1	NM_000296.4	-	1	2	75	0	45	46	10	10	10	middle	last	1.000	1.000	constitutive	constitutive	305	464	10
NC_060940.1	2110327	2111296	-2	1	-	NC_060940.1	2110781	2111281	PKD1	NM_000296.4	-	2	2	15	453	43	44	10	10	10	middle	middle	1.000	1.000	constitutive	constitutive	290	134	10
NC_060940.1	2113444	2114170	-2	1	-	NC_060940.1	2113667	2114136	PKD1	NM_000296.4	-	2	2	34	222	36	37	10	10	10	middle	middle	1.000	1.000	constitutive	constitutive	202	194	10
NC_060940.1	2117841	2118153	-3	1	-	NC_060940.1	2117852	2118108	PKD1	NM_000296.4	-	3	2	45	10	31	32	10	10	1	middle	middle	1.000	0.100	constitutive	unique	116	49	1
NC_060940.1	2117841	2118153	-3	1	-	NC_060940.1	2117852	2118108	PKD1	NM_001009944.3	-	3	2	45	10	31	32	10	10	9	middle	middle	1.000	0.900	constitutive	alternative	116	52	9
NC_060940.1	2119975	2120758	-2	1	-	NC_060940.1	2119986	2120691	PKD1	NM_000296.4	-	2	2	67	10	27	29	10	10	10	middle	middle	1.000	1.000	constitutive	constitutive	170	210	10
NC_060940.1	2130279	2134614	-3	1	-	NC_060940.1	2130355	2134343	PKD1	NM_000296.4	-	3	2	271	75	15	16	10	10	10	middle	middle	1.000	1.000	constitutive	constitutive	3619	149	10
NC_060940.1	2140179	2141364	-3	1	-	NC_060940.1	2140263	2141317	PKD1	NM_000296.4	-	3	2	47	83	4	5	10	6	6	middle	middle	0.600	0.600	alternative	alternative	169	671	6
NC_060940.1	2196115	2196769	2	1	+	NC_060940.1	2196257	2196517	TRAF7	NM_032271.3	+	2	2	141	252	11	12	2	2	2	middle	middle	1.000	1.000	constitutive	constitutive	48	127	2
NC_060940.1	2198493	2199006	1	1	+	NC_060940.1	2198518	2198853	TRAF7	NM_032271.3	+	1	2	24	153	18	19	2	2	2	middle	middle	1.000	1.000	constitutive	constitutive	131	119	2
NC_060940.1	2208870	2209779	-3	1	-	NC_060940.1	2209176	2209743	CASKIN1	NM_020764.4	-	3	3	36	305	8	10	2	2	2	middle	middle	1.000	1.000	constitutive	constitutive	108	117	2
NC_060940.1	2231821	2232271	-2	1	-	NC_060940.1	2231822	2232163	BRICD5	NM_182563.4	-	2	2	108	0	5	6	2	2	2	middle	last	1.000	1.000	constitutive	constitutive	153	91	2
NC_060940.1	2259366	2260155	1	1	+	NC_060940.1	2259487	2260098	DNASE1L2	NM_001301680.2	+	1	2	120	57	2	4	2	2	2	middle	middle	1.000	1.000	constitutive	constitutive	88	273	2
NC_060940.1	2303442	2304054	-3	1	-	NC_060940.1	2303473	2303955	ABCA3	NM_001089.3	-	3	2	99	30	24	25	1	1	1	middle	middle	1.000	1.000	constitutive	constitutive	128	194	1
NC_060940.1	2348362	2348881	-2	1	-	NC_060940.1	2348395	2348851	ABCA3	NM_001089.3	-	2	2	30	32	1	2	1	1	1	first	middle	1.000	1.000	constitutive	constitutive	53	264	1
NC_060940.1	23805284	23805974	-1	1	-	NC_060940.1	23805286	23805681	EARS2	NM_001083614.2	-	1	2	293	1	6	7	3	3	3	middle	middle	1.000	1.000	constitutive	constitutive	153	130	3
NC_060940.1	23966821	23967310	-2	1	-	NC_060940.1	23966933	23967229	ERN2	NM_001308220.2	-	2	2	81	111	19	20	6	3	3	middle	middle	0.500	0.500	alternative	alternative	123	67	3
NC_060940.1	2484230	2484893	3	1	+	NC_060940.1	2484278	2484861	TEDC2	NM_025108.3	+	3	2	47	32	6	8	2	2	2	middle	middle	1.000	1.000	constitutive	constitutive	90	101	2
NC_060940.1	2495485	2496232	2	1	+	NC_060940.1	2495559	2496232	NTN3	NM_006181.3	+	2	2	73	0	5	6	1	1	1	middle	last	1.000	1.000	constitutive	constitutive	74	346	1
NC_060940.1	2550111	2550663	1	1	+	NC_060940.1	2550182	2550502	AMDHD2	NM_001145815.2	+	1	2	70	161	6	7	7	6	7	middle	middle	0.857	1.000	alternative	constitutive	88	144	6
NC_060940.1	2550111	2550663	1	1	+	NC_060940.1	2550262	2550502	AMDHD2	XM_054380430.1	+	1	2	150	161	1	2	7	1	7	first	middle	0.143	1.000	unique	constitutive	8	144	1
NC_060940.1	2805479	2806379	-1	1	-	NC_060940.1	2805590	2806336	PRSS33	NM_001385462.1	-	1	2	43	110	2	4	4	4	4	middle	middle	1.000	1.000	constitutive	constitutive	32	271	4
NC_060940.1	281350	281896	2	1	+	NC_060940.1	281427	281818	PDIA2	NM_006849.4	+	2	2	76	78	9	10	1	1	1	middle	middle	1.000	1.000	constitutive	constitutive	181	110	1
NC_060940.1	28891525	28892122	2	1	+	NC_060940.1	28891731	28892086	IL27	NM_145659.3	+	2	2	205	36	2	3	2	2	2	middle	middle	1.000	1.000	constitutive	constitutive	172	98	2
NC_060940.1	28897426	28900651	-2	1	-	NC_060940.1	28897428	28900651	APOBR	NM_018690.4	-	2	2	0	1	2	3	1	1	1	middle	middle	1.000	1.000	constitutive	constitutive	2870	268	1
NC_060940.1	29114647	29115478	2	1	+	NC_060940.1	29114921	29115271	ATXN2L	NM_001308230.2	+	2	2	273	207	17	18	80	80	80	middle	middle	1.000	1.000	constitutive	constitutive	72	187	80
NC_060940.1	29115572	29116196	3	1	+	NC_060940.1	29115636	29115977	ATXN2L	NM_001308230.2	+	3	2	63	219	19	20	80	80	80	middle	middle	1.000	1.000	constitutive	constitutive	129	121	80
NC_060940.1	29270875	29271124	2	1	+	NC_060940.1	29270889	29271124	LAT	NM_001014987.2	+	2	2	13	0	10	11	4	4	4	middle	last	1.000	1.000	constitutive	constitutive	65	76	4
NC_060940.1	29765475	29767905	-3	1	-	NC_060940.1	29765476	29767869	NPIPB12	NM_001355401.2	-	3	2	36	0	7	8	3	3	3	middle	last	1.000	1.000	constitutive	constitutive	570	1570	3
NC_060940.1	3000650	3001220	-1	1	-	NC_060940.1	3000679	3001096	PKMYT1	NM_001258450.2	-	1	2	124	28	5	6	14	14	14	middle	middle	1.000	1.000	constitutive	constitutive	172	157	14
NC_060940.1	30115897	30116251	2	1	+	NC_060940.1	30115898	30116231	MVP	NM_001293204.1	+	2	2	0	20	3	4	4	4	4	middle	middle	1.000	1.000	constitutive	constitutive	123	131	4
NC_060940.1	3014805	3015561	1	1	+	NC_060940.1	3014959	3015304	GREP1	NM_001396456.1	+	1	2	153	257	1	2	19	3	3	first	middle	0.158	0.158	alternative	alternative	63	32	3
NC_060940.1	3019338	3019758	1	1	+	NC_060940.1	3019487	3019645	GREP1	NM_001396456.1	+	1	2	148	113	10	11	19	15	15	middle	middle	0.789	0.789	alternative	alternative	29	32	15
NC_060940.1	3021360	3021561	1	1	+	NC_060940.1	3021380	3021520	GREP1	NM_001396456.1	+	1	2	19	41	12	13	19	15	15	middle	middle	0.789	0.789	alternative	alternative	29	32	15
NC_060940.1	3022208	3022496	3	1	+	NC_060940.1	3022300	3022452	GREP1	NM_001396456.1	+	3	2	91	44	16	17	19	18	18	middle	middle	0.947	0.947	alternative	alternative	35	32	18
NC_060940.1	3024939	3025401	1	1	+	NC_060940.1	3025037	3025204	GREP1	NM_001396456.1	+	1	2	97	197	22	23	19	19	19	middle	middle	1.000	1.000	constitutive	constitutive	32	29	19
NC_060940.1	30291805	30292396	-2	1	-	NC_060940.1	30291842	30292197	DOC2A	NM_001282062.1	-	2	2	199	36	2	3	9	9	9	middle	middle	1.000	1.000	constitutive	constitutive	79	74	9
NC_060940.1	30472690	30473266	2	1	+	NC_060940.1	30472774	30473158	CORO1A	NM_001193333.3	+	2	2	83	108	8	9	2	2	2	middle	middle	1.000	1.000	constitutive	constitutive	57	215	2
NC_060940.1	3048107	3048395	3	1	+	NC_060940.1	3048127	3048395	TNFRSF12A	NM_016639.3	+	3	2	19	0	3	4	1	1	1	middle	last	1.000	1.000	constitutive	constitutive	134	52	1
NC_060940.1	3053492	3053912	3	1	+	NC_060940.1	3053583	3053852	THOC6	NM_001142350.3	+	3	2	90	60	10	11	4	4	4	middle	middle	1.000	1.000	constitutive	constitutive	62	110	4
NC_060940.1	30609531	30612030	-3	1	-	NC_060940.1	30609532	30611994	NPIPB13	NM_001395859.2	-	3	3	36	0	7	11	3	3	2	middle	last	1.000	0.667	constitutive	alternative	1039	670	2
NC_060940.1	30609531	30612030	-3	1	-	NC_060940.1	30609532	30611994	NPIPB13	NM_001395860.2	-	3	2	36	0	7	10	3	3	1	middle	last	1.000	0.333	constitutive	unique	1039	565	1
NC_060940.1	30745616	30746126	-1	1	-	NC_060940.1	30745740	30746043	TBC1D10B	NM_015527.4	-	1	2	83	123	5	6	2	2	2	middle	middle	1.000	1.000	constitutive	constitutive	114	65	2
NC_060940.1	30763791	30764100	1	1	+	NC_060940.1	30763857	30764100	MYL11	NM_001324458.2	+	1	2	65	0	6	7	3	3	3	middle	last	1.000	1.000	constitutive	constitutive	48	101	3
NC_060940.1	30996498	30997305	-3	1	-	NC_060940.1	30996507	30997023	ZNF689	NM_138447.3	-	3	2	282	8	1	2	1	1	1	first	middle	1.000	1.000	constitutive	constitutive	204	113	1
NC_060940.1	31098472	31099174	2	1	+	NC_060940.1	31098552	31099138	SRCAP	NM_006662.3	+	2	2	79	36	9	10	1	1	1	middle	middle	1.000	1.000	constitutive	constitutive	173	322	1
NC_060940.1	31146913	31147255	-2	1	-	NC_060940.1	31146914	31147230	CFAP119	XM_054314314.1	-	2	2	25	0	5	6	9	1	1	middle	last	0.111	0.111	unique	unique	155	64	1
NC_060940.1	31367916	31368402	1	1	+	NC_060940.1	31367927	31368291	SETD1A	NM_014712.3	+	1	2	10	111	14	15	8	7	7	middle	middle	0.875	0.875	alternative	alternative	172	110	7
NC_060940.1	31496971	31497250	2	1	+	NC_060940.1	31496972	31497244	BCKDK	NM_001122957.4	+	2	2	0	6	2	3	4	4	4	middle	middle	1.000	1.000	constitutive	constitutive	68	110	4
NC_060940.1	31507644	31508076	1	1	+	NC_060940.1	31507661	31507989	KAT8	NM_032188.3	+	1	2	16	87	2	3	4	2	2	middle	middle	0.500	0.500	alternative	alternative	74	175	2
NC_060940.1	31517591	31518470	3	1	+	NC_060940.1	31517748	31518381	KAT8	NM_032188.3	+	3	2	156	89	8	10	4	4	3	middle	middle	1.000	0.750	constitutive	alternative	93	154	3
NC_060940.1	31517591	31518470	3	1	+	NC_060940.1	31517748	31518470	KAT8	NM_182958.4	+	3	2	156	0	8	10	4	4	1	middle	last	1.000	0.250	constitutive	unique	93	243	1
NC_060940.1	31759717	31760071	2	1	+	NC_060940.1	31759778	31760070	ITGAX	NM_000887.5	+	2	2	60	1	18	19	7	5	5	middle	middle	0.714	0.714	alternative	alternative	131	73	5
NC_060940.1	31764199	31764481	2	1	+	NC_060940.1	31764200	31764480	ITGAX	NM_000887.5	+	2	2	0	1	21	22	7	4	4	middle	middle	0.571	0.571	alternative	alternative	116	79	4
NC_060940.1	31767010	31767496	2	1	+	NC_060940.1	31767158	31767466	ITGAX	NM_000887.5	+	2	2	147	30	25	26	7	3	3	middle	middle	0.429	0.429	alternative	alternative	107	83	3
NC_060940.1	31815174	31815663	-3	1	-	NC_060940.1	31815175	31815566	COX6A2	NM_005205.4	-	3	2	97	0	2	3	1	1	1	middle	last	1.000	1.000	constitutive	constitutive	136	80	1
NC_060940.1	3270203	3270965	-1	1	-	NC_060940.1	3270204	3270952	MEFV	NM_000243.3	-	1	2	13	0	9	10	2	1	1	middle	last	0.500	0.500	unique	unique	32	550	1
NC_060940.1	33282056	33282374	-1	1	-	NC_060940.1	33282106	33282358	LOC124907787	unassigned_transcript_2926	-	1	2	16	49	3	4	1	1	1	middle	middle	1.000	1.000	constitutive	constitutive	56	111	1
NC_060940.1	34026422	34026740	-1	1	-	NC_060940.1	34026472	34026713	LOC124907788	unassigned_transcript_2927	-	1	2	27	49	1	2	1	1	1	first	middle	1.000	1.000	constitutive	constitutive	45	111	1
NC_060940.1	369499	370108	-2	1	-	NC_060940.1	369653	370047	PGAP6	NM_021259.3	-	2	2	61	153	10	11	2	2	2	middle	middle	1.000	1.000	constitutive	constitutive	178	146	2
NC_060940.1	4825344	4825710	1	1	+	NC_060940.1	4825430	4825710	SMIM22	NM_001253790.1	+	1	2	85	0	2	3	7	2	7	middle	last	0.286	1.000	alternative	constitutive	85	38	2
NC_060940.1	4825344	4825710	1	1	+	NC_060940.1	4825430	4825710	SMIM22	NM_001253791.1	+	1	2	85	0	2	3	7	5	7	middle	last	0.714	1.000	alternative	constitutive	100	38	5
NC_060940.1	4928270	4928957	-1	1	-	NC_060940.1	4928502	4928873	PPL	NM_002705.5	-	1	2	84	231	7	8	4	4	4	middle	middle	1.000	1.000	constitutive	constitutive	161	107	4
NC_060940.1	5030059	5030455	2	1	+	NC_060940.1	5030154	5030424	SEC14L5	NM_014692.2	+	2	2	94	31	8	9	3	3	3	middle	middle	1.000	1.000	constitutive	constitutive	88	70	3
NC_060940.1	523349	523913	3	1	+	NC_060940.1	523536	523913	RAB11FIP3	NM_001142272.2	+	3	2	186	0	10	11	9	6	6	middle	last	0.667	0.667	alternative	alternative	140	110	6
NC_060940.1	52673	53111	-1	1	-	NC_060940.1	52786	53031	RHBDF1	NM_022450.5	-	1	2	80	112	14	15	9	8	8	middle	middle	0.889	0.889	alternative	alternative	75	100	8
NC_060940.1	53581	54097	-2	1	-	NC_060940.1	53753	54076	RHBDF1	NM_022450.5	-	2	2	21	171	11	12	9	9	9	middle	middle	1.000	1.000	constitutive	constitutive	100	63	8
NC_060940.1	53581	54097	-2	1	-	NC_060940.1	53582	54076	RHBDF1	XM_054313671.1	-	2	3	21	0	10	12	9	9	1	middle	last	1.000	0.111	constitutive	unique	100	53	1
NC_060940.1	56218	56872	-2	1	-	NC_060940.1	56312	56719	RHBDF1	NM_022450.5	-	2	2	153	93	4	5	9	9	9	middle	middle	1.000	1.000	constitutive	constitutive	209	122	9
NC_060940.1	62779513	62779975	2	1	+	NC_060940.1	62779638	62779975	CETP	NM_000078.3	+	2	2	124	0	15	16	3	2	2	middle	last	0.667	0.667	alternative	alternative	85	71	2
NC_060940.1	63269981	63270806	-1	1	-	NC_060940.1	63269983	63270409	DOK4	NM_001330556.2	-	1	2	397	1	4	5	18	18	18	middle	middle	1.000	1.000	constitutive	constitutive	119	189	18
NC_060940.1	64310767	64311577	2	1	+	NC_060940.1	64310771	64311576	SETD6	NM_001160305.4	+	2	2	3	1	1	3	8	7	7	first	middle	0.875	0.875	alternative	alternative	26	141	7
NC_060940.1	64310767	64311577	2	1	+	NC_060940.1	64310771	64311330	SETD6	XM_054313966.1	+	2	2	3	247	1	2	8	1	1	first	middle	0.125	0.125	unique	unique	342	144	1
NC_060940.1	659209	660115	2	1	+	NC_060940.1	659641	659957	WDR90	NM_001438707.1	+	2	2	431	158	16	17	50	49	49	middle	middle	0.980	0.980	alternative	alternative	130	116	49
NC_060940.1	675718	676078	2	1	+	NC_060940.1	675772	676077	RHOT2	NM_001352275.2	+	2	2	53	1	12	13	30	30	30	middle	middle	1.000	1.000	constitutive	constitutive	84	142	30
NC_060940.1	676759	677470	2	1	+	NC_060940.1	676778	677205	RHOT2	NM_001352275.2	+	2	2	18	265	17	18	30	29	29	middle	middle	0.967	0.967	alternative	alternative	122	202	29
NC_060940.1	685496	686138	3	1	+	NC_060940.1	685513	685955	STUB1	NM_001293197.2	+	3	2	16	183	2	3	2	2	2	middle	middle	1.000	1.000	constitutive	constitutive	165	87	2
NC_060940.1	687205	687589	-2	1	-	NC_060940.1	687242	687516	JMJD8	NM_001005920.4	-	2	2	73	36	6	7	5	5	5	middle	middle	1.000	1.000	constitutive	constitutive	119	67	5
NC_060940.1	687368	688124	-1	1	-	NC_060940.1	687605	687984	JMJD8	NM_001005920.4	-	1	2	140	236	3	5	5	5	5	middle	middle	1.000	1.000	constitutive	constitutive	48	68	5
NC_060940.1	689277	689916	-3	1	-	NC_060940.1	689332	689858	WDR24	NM_032259.4	-	3	2	58	54	6	7	2	2	2	middle	middle	1.000	1.000	constitutive	constitutive	104	340	2
NC_060940.1	698352	698847	-3	1	-	NC_060940.1	698353	698772	FBXL16	NM_153350.4	-	3	2	75	0	4	5	1	1	1	middle	last	1.000	1.000	constitutive	constitutive	63	145	1
NC_060940.1	72959836	72960562	2	1	+	NC_060940.1	72960012	72960363	HSF4	NM_001040667.3	+	2	2	175	199	3	4	4	4	4	middle	middle	1.000	1.000	constitutive	constitutive	127	124	4
NC_060940.1	72978680	72979181	-1	1	-	NC_060940.1	72978681	72979094	EXOC3L1	NM_178516.4	-	1	2	87	0	12	13	1	1	1	middle	last	1.000	1.000	constitutive	constitutive	124	207	1
NC_060940.1	72979380	72979797	-3	1	-	NC_060940.1	72979420	72979774	EXOC3L1	NM_178516.4	-	3	2	23	39	9	10	1	1	1	middle	middle	1.000	1.000	constitutive	constitutive	129	122	1
NC_060940.1	72992038	72992404	2	1	+	NC_060940.1	72992151	72992404	E2F4	NM_001950.4	+	2	2	112	0	9	10	1	1	1	middle	last	1.000	1.000	constitutive	constitutive	44	112	1
NC_060940.1	72995572	72996016	2	1	+	NC_060940.1	72995669	72995926	ELMO3	NM_024712.5	+	2	2	96	90	9	10	2	2	2	middle	middle	1.000	1.000	constitutive	constitutive	50	122	2
NC_060940.1	72997216	72998158	2	1	+	NC_060940.1	72997611	72998158	ELMO3	NM_024712.5	+	2	3	394	0	18	20	2	2	2	middle	last	1.000	1.000	constitutive	constitutive	82	209	2
NC_060940.1	73024071	73024605	-3	1	-	NC_060940.1	73024077	73024512	FHOD1	NM_001318202.2	-	3	2	93	5	22	23	11	9	9	middle	middle	0.818	0.818	alternative	alternative	162	197	9
NC_060940.1	73031626	73032085	-2	1	-	NC_060940.1	73031759	73032052	FHOD1	NM_001318202.2	-	2	2	33	132	7	8	11	11	11	middle	middle	1.000	1.000	constitutive	constitutive	111	94	11
NC_060940.1	73076020	73076647	2	1	+	NC_060940.1	73076021	73076646	PLEKHG4	NM_001129727.3	+	2	3	0	1	6	8	14	14	14	middle	middle	1.000	1.000	constitutive	constitutive	113	148	14
NC_060940.1	73080570	73081047	1	1	+	NC_060940.1	73080571	73080963	PLEKHG4	NM_001129727.3	+	1	2	0	84	14	15	14	14	14	middle	middle	1.000	1.000	constitutive	constitutive	89	221	14
NC_060940.1	73082760	73083102	1	1	+	NC_060940.1	73082786	73083102	PLEKHG4	NM_001129727.3	+	1	2	25	0	20	21	14	12	12	middle	last	0.857	0.857	alternative	alternative	115	2	12
NC_060940.1	73189383	73189911	-3	1	-	NC_060940.1	73189384	73189833	ZDHHC1	NM_001323627.2	-	3	2	78	0	10	11	7	1	2	middle	last	0.143	0.286	unique	alternative	60	280	1
NC_060940.1	73189383	73189911	-3	1	-	NC_060940.1	73189384	73189853	ZDHHC1	XM_054380186.1	-	3	2	58	0	10	11	7	1	2	middle	last	0.143	0.286	unique	alternative	80	280	1
NC_060940.1	73233617	73234181	-1	1	-	NC_060940.1	73233747	73234127	ATP6V0D1	NM_004691.5	-	1	2	54	129	5	6	1	1	1	middle	middle	1.000	1.000	constitutive	constitutive	77	176	1
NC_060940.1	73336306	73338052	2	1	+	NC_060940.1	73336420	73338031	RIPOR1	NM_001193522.2	+	2	2	113	21	11	12	20	20	20	middle	middle	1.000	1.000	constitutive	constitutive	129	1397	20
NC_060940.1	73439268	73440783	1	1	+	NC_060940.1	73440016	73440546	CARMIL2	NM_001013838.3	+	1	2	747	237	1	3	8	8	8	first	middle	1.000	1.000	constitutive	constitutive	39	53	8
NC_060940.1	73442986	73443862	2	1	+	NC_060940.1	73443454	73443743	CARMIL2	NM_001013838.3	+	2	2	467	119	16	17	8	8	8	middle	middle	1.000	1.000	constitutive	constitutive	69	81	8
NC_060940.1	73446781	73447348	2	1	+	NC_060940.1	73446968	73447307	CARMIL2	NM_001013838.3	+	2	2	186	41	27	28	8	8	8	middle	middle	1.000	1.000	constitutive	constitutive	140	66	8
NC_060940.1	73672892	73673627	3	1	+	NC_060940.1	73672990	73673618	EDC4	NM_001427345.1	+	3	3	97	9	5	7	2	2	2	middle	middle	1.000	1.000	constitutive	constitutive	189	104	2
NC_060940.1	73674693	73675083	1	1	+	NC_060940.1	73674730	73675082	EDC4	NM_001427345.1	+	1	2	36	1	12	13	2	2	2	middle	middle	1.000	1.000	constitutive	constitutive	180	72	2
NC_060940.1	73675328	73675745	3	1	+	NC_060940.1	73675360	73675744	EDC4	NM_001427345.1	+	3	2	31	1	15	16	2	2	2	middle	middle	1.000	1.000	constitutive	constitutive	187	121	2
NC_060940.1	73676795	73677191	3	1	+	NC_060940.1	73676849	73677190	EDC4	NM_001427345.1	+	3	2	53	1	19	20	2	2	2	middle	middle	1.000	1.000	constitutive	constitutive	104	152	2
NC_060940.1	73677437	73678106	3	1	+	NC_060940.1	73677441	73678100	EDC4	NM_001427345.1	+	3	2	3	6	22	23	2	1	2	middle	middle	0.500	1.000	unique	constitutive	441	115	1
NC_060940.1	73677437	73678106	3	1	+	NC_060940.1	73677441	73678100	EDC4	NM_014329.5	+	3	3	3	6	22	24	2	1	2	middle	middle	0.500	1.000	unique	constitutive	177	115	1
NC_060940.1	73678195	73678747	2	1	+	NC_060940.1	73678202	73678638	EDC4	NM_001427345.1	+	2	2	6	109	24	25	2	2	2	middle	middle	1.000	1.000	constitutive	constitutive	165	186	2
NC_060940.1	73741140	73741719	-3	1	-	NC_060940.1	73741142	73741644	SLC12A4	NM_001145961.2	-	3	2	75	1	21	22	5	5	5	middle	middle	1.000	1.000	constitutive	constitutive	107	184	5
NC_060940.1	75117619	75118129	2	1	+	NC_060940.1	75117764	75118128	VPS4A	NM_013245.3	+	2	2	144	1	2	3	1	1	1	middle	middle	1.000	1.000	constitutive	constitutive	111	147	1
NC_060940.1	75120388	75120709	2	1	+	NC_060940.1	75120409	75120701	VPS4A	NM_013245.3	+	2	2	20	8	4	5	1	1	1	middle	middle	1.000	1.000	constitutive	constitutive	61	119	1
NC_060940.1	76475566	76476295	-2	1	-	NC_060940.1	76475776	76476274	MTSS2	NM_138383.3	-	2	2	21	209	13	14	16	13	13	middle	middle	0.812	0.812	alternative	alternative	176	165	13
NC_060940.1	77923541	77924225	3	1	+	NC_060940.1	77923655	77924114	DHX38	NM_014003.4	+	3	2	113	111	19	20	4	3	3	middle	middle	0.750	0.750	alternative	alternative	208	154	3
NC_060940.1	801292	801973	2	1	+	NC_060940.1	801541	801916	CHTF18	NM_022092.3	+	2	2	248	57	19	20	4	4	4	middle	middle	1.000	1.000	constitutive	constitutive	144	131	4
NC_060940.1	802331	802796	3	1	+	NC_060940.1	802518	802796	CHTF18	NM_022092.3	+	3	2	186	0	21	22	4	4	4	middle	last	1.000	1.000	constitutive	constitutive	57	133	4
NC_060940.1	81159297	81159672	-3	1	-	NC_060940.1	81159299	81159621	LDHD	NM_153486.4	-	3	2	51	1	9	10	2	2	2	middle	middle	1.000	1.000	constitutive	constitutive	90	111	2
NC_060940.1	81251991	81252984	-3	1	-	NC_060940.1	81252078	81252938	CTRB2	NM_001025200.4	-	3	3	46	86	2	5	1	1	1	middle	middle	1.000	1.000	constitutive	constitutive	103	180	1
NC_060940.1	81269358	81270522	1	1	+	NC_060940.1	81269513	81270373	CTRB1	NM_001329190.2	+	1	3	154	149	2	5	2	2	2	middle	middle	1.000	1.000	constitutive	constitutive	103	180	2
NC_060940.1	83268547	83269102	2	1	+	NC_060940.1	83268748	83269102	SYCE1L	NM_001129979.3	+	2	2	200	0	10	11	2	2	2	middle	last	1.000	1.000	constitutive	constitutive	72	71	2
NC_060940.1	90249452	90249929	-1	1	-	NC_060940.1	90249483	90249851	TAF1C	NM_001243156.2	-	1	2	78	30	2	3	13	6	9	middle	middle	0.462	0.692	alternative	alternative	81	97	6
NC_060940.1	90249452	90249929	-1	1	-	NC_060940.1	90249483	90249788	TAF1C	NM_139353.3	-	1	2	141	30	1	2	13	3	9	first	middle	0.231	0.692	alternative	alternative	18	97	3
NC_060940.1	90505346	90505958	3	1	+	NC_060940.1	90505571	90505931	ATP2C2	NM_001286527.3	+	3	2	224	27	12	13	6	5	6	middle	middle	0.833	1.000	alternative	constitutive	124	97	5
NC_060940.1	90505346	90505958	3	1	+	NC_060940.1	90505614	90505931	ATP2C2	XM_054314559.1	+	3	2	267	27	1	2	6	1	6	first	middle	0.167	1.000	unique	constitutive	81	97	1
NC_060940.1	94785395	94785716	3	1	+	NC_060940.1	94785516	94785716	CTU2	NM_001012759.3	+	3	2	120	0	14	15	4	3	3	middle	last	0.750	0.750	alternative	alternative	58	66	3
NC_060940.1	94786399	94787140	-2	1	-	NC_060940.1	94786401	94786745	PIEZO1	NM_001142864.4	-	2	2	395	1	49	50	1	1	1	middle	middle	1.000	1.000	constitutive	constitutive	79	186	1
NC_060940.1	94786827	94787283	-3	1	-	NC_060940.1	94786829	94787199	PIEZO1	NM_001142864.4	-	3	2	84	1	47	48	1	1	1	middle	middle	1.000	1.000	constitutive	constitutive	172	122	1
NC_060940.1	94790268	94790772	-3	1	-	NC_060940.1	94790270	94790751	PIEZO1	NM_001142864.4	-	3	2	21	1	42	43	1	1	1	middle	middle	1.000	1.000	constitutive	constitutive	214	158	1
NC_060940.1	94793265	94793838	-3	1	-	NC_060940.1	94793305	94793796	PIEZO1	NM_001142864.4	-	3	2	42	39	32	34	1	1	1	middle	middle	1.000	1.000	constitutive	constitutive	102	172	1
NC_060940.1	94796636	94797605	-1	1	-	NC_060940.1	94796752	94797426	PIEZO1	NM_001142864.4	-	1	2	179	115	25	27	1	1	1	middle	middle	1.000	1.000	constitutive	constitutive	243	171	1
NC_060940.1	94808937	94809699	-3	1	-	NC_060940.1	94809135	94809390	PIEZO1	NM_001142864.4	-	3	2	309	197	9	10	1	1	1	middle	middle	1.000	1.000	constitutive	constitutive	86	87	1
NC_060940.1	94809801	94810320	-3	1	-	NC_060940.1	94809803	94810311	PIEZO1	NM_001142864.4	-	3	2	9	1	6	7	1	1	1	middle	middle	1.000	1.000	constitutive	constitutive	168	213	1
NC_060940.1	94813656	94814403	-3	1	-	NC_060940.1	94813658	94814027	PIEZO1	NM_001142864.4	-	3	2	376	1	3	4	1	1	1	middle	middle	1.000	1.000	constitutive	constitutive	122	42	1
NC_060940.1	95720879	95721482	3	1	+	NC_060940.1	95720994	95721342	DPEP1	NM_001128141.3	+	3	2	114	140	6	7	11	11	11	middle	middle	1.000	1.000	constitutive	constitutive	176	84	11
NC_060940.1	95801225	95801636	-1	1	-	NC_060940.1	95801227	95801587	VPS9D1	NM_004913.3	-	1	2	49	1	3	4	10	6	10	middle	middle	0.600	1.000	alternative	constitutive	92	162	6
NC_060940.1	95801225	95801636	-1	1	-	NC_060940.1	95801227	95801584	VPS9D1	XM_054314446.1	-	1	2	52	1	3	4	10	4	10	middle	middle	0.400	1.000	alternative	constitutive	89	162	4
NC_060941.1	10216742	10217459	-2	1	-	NC_060941.1	10216767	10217363	MYH13	NM_003802.3	-	2	2	96	24	32	33	1	1	1	middle	middle	1.000	1.000	constitutive	constitutive	308	203	1
NC_060941.1	10313546	10313912	-2	1	-	NC_060941.1	10313548	10313904	MYH8	NM_002472.3	-	2	2	8	1	18	19	2	2	2	middle	middle	1.000	1.000	constitutive	constitutive	123	136	2
NC_060941.1	10549925	10550555	-2	1	-	NC_060941.1	10549976	10550555	MYH3	NM_002470.4	-	2	2	0	50	13	14	3	3	3	middle	middle	1.000	1.000	constitutive	constitutive	170	306	3
NC_060941.1	12902218	12902584	-3	1	-	NC_060941.1	12902224	12902522	ELAC2	NM_001165962.2	-	3	2	62	5	19	20	5	5	5	middle	middle	1.000	1.000	constitutive	constitutive	99	120	5
NC_060941.1	12909721	12910075	-3	1	-	NC_060941.1	12909735	12910040	ELAC2	NM_001165962.2	-	3	2	35	13	12	13	5	5	4	middle	middle	1.000	0.800	constitutive	alternative	138	85	4
NC_060941.1	12909721	12910075	-3	1	-	NC_060941.1	12909735	12910040	ELAC2	NM_173717.2	-	3	2	35	13	13	14	5	5	1	middle	middle	1.000	0.200	constitutive	unique	138	82	1
NC_060941.1	1358873	1360202	-2	1	-	NC_060941.1	1358898	1360059	MYO1C	NM_001080779.2	-	2	4	143	24	20	24	9	9	9	middle	middle	1.000	1.000	constitutive	constitutive	113	159	9
NC_060941.1	1537803	1538481	-1	1	-	NC_060941.1	1537990	1538295	RILP	NM_031430.3	-	1	2	186	186	2	3	1	1	1	middle	middle	1.000	1.000	constitutive	constitutive	93	106	1
NC_060941.1	15519780	15520362	-1	1	-	NC_060941.1	15519835	15520253	FBXW10B	NM_001282540.2	-	1	2	109	54	3	4	2	2	2	middle	middle	1.000	1.000	constitutive	constitutive	200	127	2
NC_060941.1	18103712	18104087	3	1	+	NC_060941.1	18103770	18104046	MYO15A	NM_016239.4	+	3	2	57	41	48	49	6	3	3	middle	middle	0.500	0.500	alternative	alternative	111	74	3
NC_060941.1	18106408	18106834	2	1	+	NC_060941.1	18106422	18106833	MYO15A	NM_016239.4	+	2	2	13	1	54	55	6	3	3	middle	middle	0.500	0.500	alternative	alternative	73	82	3
NC_060941.1	18193286	18194177	-2	1	-	NC_060941.1	18193398	18194162	FLII	NM_001256264.2	-	2	3	15	111	21	23	6	6	6	middle	middle	1.000	1.000	constitutive	constitutive	188	234	6
NC_060941.1	18231946	18232432	-3	1	-	NC_060941.1	18231948	18232326	TOP3A	NM_001320759.2	-	3	2	106	1	12	13	5	4	4	middle	middle	0.800	0.800	alternative	alternative	113	165	4
NC_060941.1	19503463	19504081	2	1	+	NC_060941.1	19503748	19504064	SLC47A1	NM_018242.3	+	2	2	284	17	8	9	1	1	1	middle	middle	1.000	1.000	constitutive	constitutive	97	113	1
NC_060941.1	19686841	19687216	-3	1	-	NC_060941.1	19686842	19687071	ALDH3A1	NM_000691.5	-	3	2	145	0	9	10	6	6	6	middle	last	1.000	1.000	constitutive	constitutive	130	11	6
NC_060941.1	2580736	2581045	-3	1	-	NC_060941.1	2580738	2581024	CLUH	NM_001366661.1	-	3	2	21	1	24	25	11	11	11	middle	middle	1.000	1.000	constitutive	constitutive	134	73	11
NC_060941.1	2581010	2581967	-2	1	-	NC_060941.1	2581122	2581814	CLUH	NM_001366661.1	-	2	2	153	111	21	23	11	11	11	middle	middle	1.000	1.000	constitutive	constitutive	125	93	11
NC_060941.1	2584257	2584776	-1	1	-	NC_060941.1	2584336	2584644	CLUH	NM_001366661.1	-	1	2	132	78	14	15	11	11	11	middle	middle	1.000	1.000	constitutive	constitutive	152	62	11
NC_060941.1	2585456	2586251	-2	1	-	NC_060941.1	2585552	2586060	CLUH	NM_001366661.1	-	2	2	191	95	11	12	11	11	6	middle	middle	1.000	0.545	constitutive	alternative	223	104	6
NC_060941.1	2585456	2586251	-2	1	-	NC_060941.1	2585552	2586060	CLUH	NM_001366662.1	-	2	2	191	95	10	11	11	11	5	middle	middle	1.000	0.455	constitutive	alternative	223	101	5
NC_060941.1	28722153	28722597	-1	1	-	NC_060941.1	28722155	28722565	NOS2	NM_000625.4	-	1	2	32	1	7	8	1	1	1	middle	middle	1.000	1.000	constitutive	constitutive	141	139	1
NC_060941.1	29311094	29311913	-2	1	-	NC_060941.1	29311140	29311897	VTN	NM_000638.4	-	2	3	16	45	2	4	1	1	1	middle	middle	1.000	1.000	constitutive	constitutive	119	139	1
NC_060941.1	29516245	29516914	-3	1	-	NC_060941.1	29516360	29516866	ALDOC	NM_005165.3	-	3	2	48	114	6	7	3	3	3	middle	middle	1.000	1.000	constitutive	constitutive	174	199	3
NC_060941.1	29574163	29574748	-3	1	-	NC_060941.1	29574203	29574643	BLTP2	NM_001321560.2	-	3	2	105	39	22	23	8	7	2	middle	middle	0.875	0.250	alternative	alternative	99	199	2
NC_060941.1	29574163	29574748	-3	1	-	NC_060941.1	29574203	29574643	BLTP2	NM_001363826.1	-	3	2	105	39	18	19	8	7	5	middle	middle	0.875	0.625	alternative	alternative	99	202	5
NC_060941.1	29657736	29658174	-1	1	-	NC_060941.1	29657841	29658085	RAB34	NM_001142624.2	-	1	2	89	104	8	9	24	8	22	middle	middle	0.333	0.917	alternative	alternative	57	90	8
NC_060941.1	29657736	29658174	-1	1	-	NC_060941.1	29657872	29658085	RAB34	NM_001142625.2	-	1	2	89	135	8	9	24	15	1	middle	middle	0.625	0.042	alternative	unique	81	59	1
NC_060941.1	29657736	29658174	-1	1	-	NC_060941.1	29657841	29658085	RAB34	NM_001144943.1	-	1	2	89	104	8	9	24	15	22	middle	middle	0.625	0.917	alternative	alternative	81	90	14
NC_060941.1	29824562	29825258	-2	1	-	NC_060941.1	29824899	29825231	FLOT2	NM_001330170.2	-	2	2	27	336	6	7	5	5	5	middle	middle	1.000	1.000	constitutive	constitutive	113	119	5
NC_060941.1	30518505	30518859	-1	1	-	NC_060941.1	30518507	30518775	GIT1	NM_001085454.2	-	1	2	84	1	17	18	5	5	5	middle	middle	1.000	1.000	constitutive	constitutive	86	73	5
NC_060941.1	30558635	30559175	-2	1	-	NC_060941.1	30558636	30559076	CORO6	NM_001351301.3	-	2	2	99	0	5	6	17	14	6	middle	last	0.824	0.353	alternative	alternative	230	119	6
NC_060941.1	30558635	30559175	-2	1	-	NC_060941.1	30558636	30559076	CORO6	NM_001388431.1	-	2	2	99	0	9	10	17	14	8	middle	last	0.824	0.471	alternative	alternative	230	122	8
NC_060941.1	30559725	30560016	-1	1	-	NC_060941.1	30559726	30559943	CORO6	XM_054317586.1	-	1	2	73	0	8	9	17	1	1	middle	last	0.059	0.059	unique	unique	104	22	1
NC_060941.1	31867638	31868868	1	1	+	NC_060941.1	31867723	31868778	ADAP2	NM_001346712.2	+	1	2	84	90	1	2	8	7	7	first	middle	0.875	0.875	alternative	alternative	93	130	7
NC_060941.1	3616443	3616863	-1	1	-	NC_060941.1	3616507	3616756	ITGAE	NM_001425071.1	-	1	2	107	63	24	25	3	3	3	middle	middle	1.000	1.000	constitutive	constitutive	63	107	3
NC_060941.1	37210585	37210924	-3	1	-	NC_060941.1	37210587	37210906	TBC1D3I	NM_001291463.2	-	3	2	18	1	1	2	1	1	1	first	middle	1.000	1.000	constitutive	constitutive	71	85	1
NC_060941.1	37273332	37273671	1	1	+	NC_060941.1	37273351	37273670	TBC1D3G	NM_001291462.2	+	1	2	18	1	1	2	5	5	5	first	middle	1.000	1.000	constitutive	constitutive	71	85	5
NC_060941.1	37334540	37334879	-2	1	-	NC_060941.1	37334542	37334861	TBC1D3H	NM_001123392.4	-	2	2	18	1	1	2	4	4	4	first	middle	1.000	1.000	constitutive	constitutive	71	85	4
NC_060941.1	37499127	37499691	-1	1	-	NC_060941.1	37499128	37499481	MYO19	NM_001033580.3	-	1	2	210	0	8	9	36	36	1	middle	last	1.000	0.028	constitutive	unique	96	133	1
NC_060941.1	37499127	37499691	-1	1	-	NC_060941.1	37499185	37499481	MYO19	NM_001163735.2	-	1	2	210	57	8	9	36	36	35	middle	middle	1.000	0.972	constitutive	alternative	96	76	35
NC_060941.1	3786441	3786741	-1	1	-	NC_060941.1	3786442	3786735	P2RX1	NM_002558.4	-	1	2	6	0	11	12	10	7	7	middle	last	0.700	0.700	alternative	alternative	101	62	7
NC_060941.1	3792452	3793226	-2	1	-	NC_060941.1	3792453	3793047	P2RX1	XM_054316295.1	-	2	2	179	0	6	7	10	2	2	middle	last	0.200	0.200	alternative	alternative	252	134	2
NC_060941.1	37926933	37928211	1	1	+	NC_060941.1	37927344	37927941	LHX1	NM_005568.5	+	1	2	410	270	2	3	3	3	3	middle	middle	1.000	1.000	constitutive	constitutive	226	277	3
NC_060941.1	3830162	3830969	-2	1	-	NC_060941.1	3830217	3830900	ATP2A3	NM_005173.4	-	2	2	69	54	13	14	18	17	17	middle	middle	0.944	0.944	alternative	alternative	218	335	17
NC_060941.1	38912961	38913300	1	1	+	NC_060941.1	38912980	38913299	TBC1D3E	NM_001291466.2	+	1	2	18	1	1	2	7	7	7	first	middle	1.000	1.000	constitutive	constitutive	71	85	7
NC_060941.1	38974155	38974494	-1	1	-	NC_060941.1	38974157	38974476	TBC1D3K	NM_001291464.2	-	1	2	18	1	1	2	9	9	9	first	middle	1.000	1.000	constitutive	constitutive	71	85	9
NC_060941.1	38992541	38992880	3	1	+	NC_060941.1	38992560	38992879	TBC1D3D	NM_001291465.2	+	3	2	18	1	1	2	9	8	8	first	middle	0.889	0.889	alternative	alternative	71	85	8
NC_060941.1	39053764	39054103	-3	1	-	NC_060941.1	39053766	39054085	TBC1D3	NM_001123391.4	-	3	2	18	1	1	2	1	1	1	first	middle	1.000	1.000	constitutive	constitutive	71	85	1
NC_060941.1	39601350	39602013	-1	1	-	NC_060941.1	39601438	39601946	PCGF2	NM_001369614.1	-	1	2	67	87	5	7	3	3	3	middle	middle	1.000	1.000	constitutive	constitutive	108	95	3
NC_060941.1	39602093	39602795	-2	1	-	NC_060941.1	39602153	39602767	PCGF2	NM_001369614.1	-	2	2	28	59	2	4	3	3	3	middle	middle	1.000	1.000	constitutive	constitutive	96	50	3
NC_060941.1	40572549	40574136	1	1	+	NC_060941.1	40572878	40574041	ERBB2	NM_001005862.3	+	1	4	328	95	3	6	31	28	29	middle	middle	0.903	0.935	alternative	alternative	134	141	27
NC_060941.1	40572549	40574136	1	1	+	NC_060941.1	40572803	40574041	ERBB2	NM_001382787.1	+	1	4	253	95	4	7	31	1	29	middle	middle	0.032	0.935	unique	alternative	209	141	1
NC_060941.1	40572549	40574136	1	1	+	NC_060941.1	40573418	40574041	ERBB2	NM_001382799.1	+	1	3	868	95	4	6	31	1	29	middle	middle	0.032	0.935	unique	alternative	23	141	1
NC_060941.1	40572549	40574136	1	1	+	NC_060941.1	40572878	40573441	ERBB2	NM_001382802.1	+	1	2	328	695	4	5	31	28	29	middle	middle	0.903	0.935	alternative	alternative	134	68	1
NC_060941.1	40579667	40580300	3	1	+	NC_060941.1	40579861	40580165	ERBB2	NM_001005862.3	+	3	2	193	135	12	13	31	29	30	middle	middle	0.935	0.968	alternative	alternative	132	90	29
NC_060941.1	40579667	40580300	3	1	+	NC_060941.1	40579831	40580165	ERBB2	NM_001382788.1	+	3	2	163	135	13	14	31	1	30	middle	middle	0.032	0.968	unique	alternative	162	90	1
NC_060941.1	40590779	40591601	3	1	+	NC_060941.1	40590855	40591601	ERBB2	NM_001005862.3	+	3	2	75	0	25	26	31	28	28	middle	last	0.903	0.903	alternative	alternative	252	352	28
NC_060941.1	40608307	40608955	2	1	+	NC_060941.1	40608449	40608886	GRB7	NM_001030002.3	+	2	2	141	69	8	9	6	6	5	middle	middle	1.000	0.833	constitutive	alternative	98	80	5
NC_060941.1	40608307	40608955	2	1	+	NC_060941.1	40608449	40608886	GRB7	XM_054315868.1	+	2	2	141	69	8	9	6	6	1	middle	middle	1.000	0.167	constitutive	unique	98	221	1
NC_060941.1	40883614	40884847	-3	1	-	NC_060941.1	40883669	40884237	MED24	NM_001079518.2	-	3	2	610	54	22	23	4	4	4	middle	middle	1.000	1.000	constitutive	constitutive	80	148	4
NC_060941.1	41054290	41054767	2	1	+	NC_060941.1	41054310	41054638	RAPGEFL1	NM_001303533.2	+	2	2	19	129	7	8	7	7	7	middle	middle	1.000	1.000	constitutive	constitutive	97	122	7
NC_060941.1	41634046	41634433	-3	1	-	NC_060941.1	41634065	41634433	KRT26	NM_181539.5	-	3	2	0	18	4	5	1	1	1	middle	middle	1.000	1.000	constitutive	constitutive	161	125	1
NC_060941.1	41643736	41644186	-3	1	-	NC_060941.1	41643812	41644171	KRT27	NM_181537.4	-	3	2	15	75	4	5	1	1	1	middle	middle	1.000	1.000	constitutive	constitutive	161	125	1
NC_060941.1	41948743	41949457	2	1	+	NC_060941.1	41948828	41949457	KRTAP4-7	NM_033061.4	+	2	2	84	0	1	2	1	1	1	first	last	1.000	1.000	constitutive	constitutive	342	121	1
NC_060941.1	42033346	42034138	-3	1	-	NC_060941.1	42033347	42034036	KRTAP4-3	NM_033187.2	-	3	2	102	0	1	2	1	1	1	first	last	1.000	1.000	constitutive	constitutive	77	506	1
NC_060941.1	42055602	42056460	1	1	+	NC_060941.1	42055684	42056460	KRTAP9-1	NM_001190460.1	+	1	2	81	0	1	2	1	1	1	first	last	1.000	1.000	constitutive	constitutive	463	285	1
NC_060941.1	42293640	42294192	-1	1	-	NC_060941.1	42293648	42294171	KRT38	NM_006771.4	-	1	2	21	7	5	6	1	1	1	middle	middle	1.000	1.000	constitutive	constitutive	125	220	1
NC_060941.1	42588452	42588929	-2	1	-	NC_060941.1	42588454	42588911	HAP1	NM_001079870.1	-	2	2	18	1	3	4	7	7	7	middle	middle	1.000	1.000	constitutive	constitutive	164	181	7
NC_060941.1	42677993	42678965	3	1	+	NC_060941.1	42678214	42678965	FKBP10	NM_021939.4	+	3	2	220	0	9	10	4	4	4	middle	last	1.000	1.000	constitutive	constitutive	163	182	4
NC_060941.1	42963955	42964783	-3	1	-	NC_060941.1	42964108	42964612	DHX58	NM_024119.3	-	3	2	171	152	5	6	5	5	5	middle	middle	1.000	1.000	constitutive	constitutive	126	191	5
NC_060941.1	43020088	43020793	-3	1	-	NC_060941.1	43020090	43020652	KCNH4	NM_012285.3	-	3	2	141	1	12	13	1	1	1	middle	middle	1.000	1.000	constitutive	constitutive	38	352	1
NC_060941.1	43185853	43186138	-3	1	-	NC_060941.1	43185896	43186133	STAT3	NM_001369512.1	-	3	2	5	42	12	13	24	24	24	middle	middle	1.000	1.000	constitutive	constitutive	93	47	24
NC_060941.1	43410020	43410581	3	1	+	NC_060941.1	43410123	43410480	HSD17B1	NM_000413.4	+	3	2	102	101	1	2	2	2	2	first	middle	1.000	1.000	constitutive	constitutive	96	167	2
NC_060941.1	43421018	43421819	3	1	+	NC_060941.1	43421149	43421765	COASY	NM_001042529.3	+	3	2	130	54	2	3	7	7	7	middle	middle	1.000	1.000	constitutive	constitutive	214	131	7
NC_060941.1	43421698	43422376	2	1	+	NC_060941.1	43421897	43422235	COASY	NM_001042529.3	+	2	2	198	141	4	5	7	6	6	middle	middle	0.857	0.857	alternative	alternative	189	64	6
NC_060941.1	43422264	43422804	1	1	+	NC_060941.1	43422415	43422756	COASY	NM_001042529.3	+	1	2	150	48	6	7	7	6	5	middle	middle	0.857	0.714	alternative	alternative	84	97	5
NC_060941.1	43422264	43422804	1	1	+	NC_060941.1	43422415	43422804	COASY	XM_054317412.1	+	1	2	150	0	6	7	7	6	1	middle	last	0.857	0.143	alternative	unique	84	10	1
NC_060941.1	43470912	43471599	1	1	+	NC_060941.1	43470994	43471557	TUBG1	NM_001070.5	+	1	2	81	42	8	9	1	1	1	middle	middle	1.000	1.000	constitutive	constitutive	149	152	1
NC_060941.1	43522639	43523647	2	1	+	NC_060941.1	43522817	43523623	TUBG2	NM_001320509.2	+	2	2	177	24	9	11	4	4	4	middle	middle	1.000	1.000	constitutive	constitutive	149	161	4
NC_060941.1	43530685	43531195	-3	1	-	NC_060941.1	43530784	43531154	PLEKHH3	NM_001411112.1	-	3	2	41	98	3	4	10	10	10	middle	middle	1.000	1.000	constitutive	constitutive	79	191	10
NC_060941.1	43542070	43542595	2	1	+	NC_060941.1	43542128	43542557	CNTNAP1	NM_003632.3	+	2	2	57	38	4	5	1	1	1	middle	middle	1.000	1.000	constitutive	constitutive	147	203	1
NC_060941.1	43870290	43870668	1	1	+	NC_060941.1	43870333	43870659	IFI35	NM_001330230.2	+	1	2	42	9	3	4	3	3	1	middle	middle	1.000	0.333	constitutive	unique	147	106	1
NC_060941.1	43870290	43870668	1	1	+	NC_060941.1	43870333	43870665	IFI35	NM_005533.5	+	1	2	42	3	3	4	3	3	2	middle	middle	1.000	0.667	constitutive	alternative	147	112	2
NC_060941.1	43875668	43876148	-2	1	-	NC_060941.1	43875722	43876087	VAT1	NM_006373.4	-	2	2	61	53	3	4	1	1	1	middle	middle	1.000	1.000	constitutive	constitutive	170	89	1
NC_060941.1	4435351	4435891	-3	1	-	NC_060941.1	4435508	4435840	MYBBP1A	NM_001105538.2	-	3	2	51	156	14	15	5	5	5	middle	middle	1.000	1.000	constitutive	constitutive	96	151	5
NC_060941.1	44666493	44667039	-1	1	-	NC_060941.1	44666556	44666906	MPP3	NM_001330233.2	-	1	2	133	62	13	14	15	5	5	middle	middle	0.333	0.333	alternative	alternative	164	80	5
NC_060941.1	44793688	44794273	-3	1	-	NC_060941.1	44793690	44794201	PPY	NM_001319209.2	-	3	2	72	1	2	3	3	3	3	middle	middle	1.000	1.000	constitutive	constitutive	190	71	2
NC_060941.1	44793688	44794273	-3	1	-	NC_060941.1	44793690	44794201	PPY	NM_002722.5	-	3	2	72	1	1	2	3	3	3	first	middle	1.000	1.000	constitutive	constitutive	190	71	1
NC_060941.1	44927658	44928213	1	1	+	NC_060941.1	44927817	44928213	G6PC3	NM_001319945.2	+	1	2	158	0	4	5	7	1	1	middle	last	0.143	0.143	unique	unique	141	26	1
NC_060941.1	44944561	44945059	-3	1	-	NC_060941.1	44944682	44945037	HDAC5	NM_001015053.2	-	3	2	22	120	7	8	14	9	14	middle	middle	0.643	1.000	alternative	constitutive	146	112	9
NC_060941.1	44944561	44945059	-3	1	-	NC_060941.1	44944682	44945037	HDAC5	XM_054314614.1	-	3	2	22	120	7	8	14	5	14	middle	middle	0.357	1.000	alternative	constitutive	131	112	5
NC_060941.1	45060723	45061104	-1	1	-	NC_060941.1	45060802	45061014	UBTF	NM_001076683.2	-	1	2	90	78	16	17	3	3	3	middle	middle	1.000	1.000	constitutive	constitutive	47	71	3
NC_060941.1	45165905	45166646	3	1	+	NC_060941.1	45166183	45166582	RUNDC3A	NM_001144825.2	+	3	2	277	64	3	4	11	5	11	middle	middle	0.455	1.000	alternative	constitutive	148	85	5
NC_060941.1	45165905	45166646	3	1	+	NC_060941.1	45166198	45166582	RUNDC3A	NM_001144826.2	+	3	2	292	64	3	4	11	3	11	middle	middle	0.273	1.000	alternative	constitutive	133	85	3
NC_060941.1	45165905	45166646	3	1	+	NC_060941.1	45166195	45166582	RUNDC3A	XM_054314752.1	+	3	2	289	64	3	4	11	3	11	middle	middle	0.273	1.000	alternative	constitutive	136	85	3
NC_060941.1	45238644	45239895	-1	1	-	NC_060941.1	45238929	45239697	ITGA2B	NM_000419.5	-	1	3	198	284	4	7	3	3	3	middle	middle	1.000	1.000	constitutive	constitutive	165	128	3
NC_060941.1	45625320	45626391	1	1	+	NC_060941.1	45625698	45626275	ADAM11	NM_002390.6	+	1	2	377	116	6	7	4	2	2	middle	middle	0.500	0.500	alternative	alternative	75	66	2
NC_060941.1	45767515	45768193	-3	1	-	NC_060941.1	45767642	45768002	GFAP	NM_001131019.3	-	3	2	191	126	2	3	4	4	4	middle	middle	1.000	1.000	constitutive	constitutive	60	95	4
NC_060941.1	4609843	4610122	2	1	+	NC_060941.1	4609865	4610121	ARRB2	NM_001257329.2	+	2	2	21	1	12	13	14	1	1	middle	middle	0.071	0.071	unique	unique	83	79	1
NC_060941.1	46258001	46258427	-2	1	-	NC_060941.1	46258173	46258409	ARHGAP27	NM_001282290.2	-	2	2	18	171	4	5	28	27	27	middle	middle	0.964	0.964	alternative	alternative	80	83	27
NC_060941.1	4633738	4634251	2	1	+	NC_060941.1	4633860	4634137	ZMYND15	NM_001136046.3	+	2	2	121	114	8	9	5	5	5	middle	middle	1.000	1.000	constitutive	constitutive	88	98	5
NC_060941.1	4697441	4698125	3	1	+	NC_060941.1	4697628	4697969	PLD2	NM_001243108.2	+	3	2	186	156	1	2	5	4	4	first	middle	0.800	0.800	alternative	alternative	108	130	4
NC_060941.1	4699534	4699885	2	1	+	NC_060941.1	4699546	4699884	PLD2	NM_001243108.2	+	2	2	11	1	7	8	5	5	5	middle	middle	1.000	1.000	constitutive	constitutive	92	152	5
NC_060941.1	4784421	4784907	1	1	+	NC_060941.1	4784422	4784881	MINK1	NM_001024937.4	+	1	2	0	26	23	24	29	29	29	middle	middle	1.000	1.000	constitutive	constitutive	137	108	29
NC_060941.1	4786413	4787106	1	1	+	NC_060941.1	4786441	4787061	MINK1	NM_001024937.4	+	1	2	27	45	29	31	29	28	28	middle	middle	0.966	0.966	alternative	alternative	149	139	28
NC_060941.1	4789108	4789648	-3	1	-	NC_060941.1	4789253	4789630	CHRNE	NM_000080.4	-	3	2	18	144	10	11	2	2	2	middle	middle	1.000	1.000	constitutive	constitutive	186	106	2
NC_060941.1	4843363	4843693	2	1	+	NC_060941.1	4843398	4843688	ENO3	NM_001374523.1	+	2	2	34	5	3	4	5	4	4	middle	middle	0.800	0.800	alternative	alternative	58	69	4
NC_060941.1	4859082	4859331	-1	1	-	NC_060941.1	4859083	4859305	CAMTA2	NM_001171166.2	-	1	2	26	0	20	21	11	10	10	middle	last	0.909	0.909	alternative	alternative	74	60	10
NC_060941.1	48670065	48670518	-1	1	-	NC_060941.1	48670066	48670432	OSBPL7	NM_145798.3	-	1	2	86	0	21	22	2	2	2	middle	last	1.000	1.000	constitutive	constitutive	122	105	2
NC_060941.1	48842932	48843298	2	1	+	NC_060941.1	48842962	48843298	CDK5RAP3	NM_001278197.2	+	2	2	29	0	13	14	7	7	6	middle	last	1.000	0.857	constitutive	alternative	171	62	6
NC_060941.1	48842932	48843298	2	1	+	NC_060941.1	48842962	48843258	CDK5RAP3	NM_001278198.2	+	2	2	29	40	6	7	7	7	1	middle	middle	1.000	0.143	constitutive	unique	171	22	1
NC_060941.1	4894090	4894429	2	1	+	NC_060941.1	4894175	4894397	KIF1C	NM_006612.6	+	2	2	84	32	8	9	2	2	2	middle	middle	1.000	1.000	constitutive	constitutive	65	75	2
NC_060941.1	5023719	5024055	1	1	+	NC_060941.1	5023738	5024054	USP6	NM_001304284.2	+	1	2	18	1	1	2	11	11	11	first	middle	1.000	1.000	constitutive	constitutive	71	82	11
NC_060941.1	50941672	50942311	2	1	+	NC_060941.1	50941793	50942148	ITGA3	NM_002204.4	+	2	2	120	163	13	14	3	3	3	middle	middle	1.000	1.000	constitutive	constitutive	149	97	3
NC_060941.1	51052571	51053135	-2	1	-	NC_060941.1	51052572	51053087	COL1A1	NM_000088.4	-	2	2	48	0	50	51	4	4	4	middle	last	1.000	1.000	constitutive	constitutive	242	143	4
NC_060941.1	51066010	51066583	-3	1	-	NC_060941.1	51066296	51066523	COL1A1	NM_000088.4	-	3	2	60	285	4	5	4	4	4	middle	middle	1.000	1.000	constitutive	constitutive	35	101	4
NC_060941.1	51145687	51146383	2	1	+	NC_060941.1	51145879	51146383	TMEM92	NM_001168215.2	+	2	2	191	0	4	5	2	2	2	middle	last	1.000	1.000	constitutive	constitutive	195	110	2
NC_060941.1	51222694	51223252	2	1	+	NC_060941.1	51222742	51223222	XYLT2	NM_022167.4	+	2	2	47	30	6	7	3	3	3	middle	middle	1.000	1.000	constitutive	constitutive	216	176	3
NC_060941.1	51329113	51329689	2	1	+	NC_060941.1	51329180	51329581	ACSF2	NM_001288968.2	+	2	2	66	108	6	7	8	8	8	middle	middle	1.000	1.000	constitutive	constitutive	118	165	8
NC_060941.1	51340392	51341028	1	1	+	NC_060941.1	51340665	51341004	ACSF2	NM_001288968.2	+	1	2	272	24	14	15	8	7	7	middle	middle	0.875	0.875	alternative	alternative	141	110	7
NC_060941.1	51388193	51388538	3	1	+	NC_060941.1	51388216	51388537	MYCBPAP	NM_001366294.2	+	3	2	22	1	8	9	10	10	10	middle	middle	1.000	1.000	constitutive	constitutive	115	115	10
NC_060941.1	51415849	51416662	2	1	+	NC_060941.1	51415944	51416621	SPATA20	NM_001258372.2	+	2	3	94	41	4	6	3	3	3	middle	middle	1.000	1.000	constitutive	constitutive	154	201	3
NC_060941.1	59147112	59147562	-1	1	-	NC_060941.1	59147176	59147525	MPO	NM_000250.2	-	1	2	37	63	4	5	1	1	1	middle	middle	1.000	1.000	constitutive	constitutive	123	129	1
NC_060941.1	59178163	59179192	-3	1	-	NC_060941.1	59178392	59179093	TSPOAP1	NM_001261835.2	-	3	2	99	228	19	20	3	3	3	middle	middle	1.000	1.000	constitutive	constitutive	377	239	3
NC_060941.1	59376030	59376735	-1	1	-	NC_060941.1	59376032	59376712	MTMR4	NM_001378066.1	-	1	2	23	1	5	7	8	8	8	middle	middle	1.000	1.000	constitutive	constitutive	160	113	8
NC_060941.1	62348672	62349179	3	1	+	NC_060941.1	62348724	62349162	TBX4	NM_001321120.2	+	3	2	51	17	6	7	5	5	5	middle	middle	1.000	1.000	constitutive	constitutive	88	229	5
NC_060941.1	63549722	63550379	3	1	+	NC_060941.1	63549725	63550233	MRC2	NM_006039.5	+	3	2	2	146	14	15	3	3	3	middle	middle	1.000	1.000	constitutive	constitutive	102	138	3
NC_060941.1	64352497	64353382	2	1	+	NC_060941.1	64352674	64353381	ACE	NM_000789.4	+	2	2	176	1	8	9	7	2	3	middle	middle	0.286	0.429	alternative	alternative	223	144	2
NC_060941.1	64352497	64353382	2	1	+	NC_060941.1	64352595	64353381	ACE	NM_001382700.1	+	2	2	97	1	5	6	7	1	3	middle	middle	0.143	0.429	unique	alternative	302	144	1
NC_060941.1	64356562	64357303	2	1	+	NC_060941.1	64356767	64357283	ACE	NM_000789.4	+	2	2	204	20	14	15	7	5	7	middle	middle	0.714	1.000	alternative	constitutive	158	87	5
NC_060941.1	64356562	64357303	2	1	+	NC_060941.1	64356779	64357283	ACE	NM_001382702.1	+	2	2	216	20	1	2	7	2	7	first	middle	0.286	1.000	alternative	constitutive	146	87	2
NC_060941.1	64696048	64696498	-3	1	-	NC_060941.1	64696105	64696498	FTSJ3	NM_017647.4	-	3	2	0	56	5	6	2	2	2	middle	middle	1.000	1.000	constitutive	constitutive	99	194	2
NC_060941.1	64700982	64701510	1	1	+	NC_060941.1	64700983	64701351	PSMC5	NM_001199163.2	+	1	2	0	159	4	5	4	4	4	middle	middle	1.000	1.000	constitutive	constitutive	56	230	4
NC_060941.1	64705259	64705706	-2	1	-	NC_060941.1	64705323	64705649	SMARCD2	NM_001098426.2	-	2	2	57	63	6	7	3	3	3	middle	middle	1.000	1.000	constitutive	constitutive	95	101	3
NC_060941.1	64815766	64816513	-3	1	-	NC_060941.1	64815782	64816414	SCN4A	NM_000334.4	-	3	2	99	15	19	20	1	1	1	middle	middle	1.000	1.000	constitutive	constitutive	278	53	1
NC_060941.1	65373714	65374086	-1	1	-	NC_060941.1	65373739	65374074	DDX5	NM_001320595.2	-	1	2	12	24	3	4	5	5	5	middle	middle	1.000	1.000	constitutive	constitutive	96	133	5
NC_060941.1	6915418	6915829	2	1	+	NC_060941.1	6915458	6915756	BACC1	NM_001142798.3	+	2	2	39	73	1	2	3	3	3	first	middle	1.000	1.000	constitutive	constitutive	20	94	3
NC_060941.1	6976228	6976873	-3	1	-	NC_060941.1	6976403	6976743	CLEC10A	NM_001330070.2	-	3	2	130	174	5	6	5	1	5	middle	middle	0.200	1.000	unique	constitutive	86	154	1
NC_060941.1	6976228	6976873	-3	1	-	NC_060941.1	6976403	6976743	CLEC10A	NM_006344.4	-	3	2	130	174	5	6	5	1	5	middle	middle	0.200	1.000	unique	constitutive	95	154	1
NC_060941.1	6976228	6976873	-3	1	-	NC_060941.1	6976403	6976824	CLEC10A	NM_182906.4	-	3	2	49	174	5	6	5	1	5	middle	middle	0.200	1.000	unique	constitutive	167	154	1
NC_060941.1	6976228	6976873	-3	1	-	NC_060941.1	6976403	6976824	CLEC10A	XM_054314700.1	-	3	2	49	174	5	6	5	2	5	middle	middle	0.400	1.000	alternative	constitutive	176	154	2
NC_060941.1	7074814	7075546	-3	1	-	NC_060941.1	7075052	7075374	ASGR1	NM_001197216.3	-	3	2	172	237	4	5	3	3	3	middle	middle	1.000	1.000	constitutive	constitutive	86	151	3
NC_060941.1	7130405	7130873	-2	1	-	NC_060941.1	7130499	7130854	DVL2	NM_004422.3	-	2	2	19	93	5	6	6	5	5	middle	middle	0.833	0.833	alternative	alternative	135	90	5
NC_060941.1	7184158	7184920	2	1	+	NC_060941.1	7184189	7184589	SLC2A4	NM_001042.3	+	2	2	30	331	2	3	1	1	1	middle	middle	1.000	1.000	constitutive	constitutive	116	172	1
NC_060941.1	7215171	7215621	1	1	+	NC_060941.1	7215334	7215621	EIF5A	NM_001143760.1	+	1	2	162	0	4	5	12	6	6	middle	last	0.500	0.500	alternative	alternative	131	59	6
NC_060941.1	7230148	7230646	-3	1	-	NC_060941.1	7230239	7230532	NEURL4	NM_001005408.2	-	3	2	114	90	5	6	2	2	2	middle	middle	1.000	1.000	constitutive	constitutive	111	88	2
NC_060941.1	7287534	7288293	1	1	+	NC_060941.1	7287748	7288292	TNK1	NM_001251902.3	+	1	2	213	1	4	5	5	4	5	middle	middle	0.800	1.000	alternative	constitutive	155	283	4
NC_060941.1	7287534	7288293	1	1	+	NC_060941.1	7287793	7288292	TNK1	XM_054317661.1	+	1	2	258	1	1	2	5	1	5	first	middle	0.200	1.000	unique	constitutive	110	283	1
NC_060941.1	7292750	7293035	3	1	+	NC_060941.1	7292830	7293035	TNK1	XM_054317660.1	+	3	2	79	0	10	11	5	1	1	middle	last	0.200	0.200	unique	unique	95	22	1
NC_060941.1	7292808	7293123	1	1	+	NC_060941.1	7292830	7293123	TNK1	NM_001251902.3	+	1	2	21	0	11	12	5	4	4	middle	last	0.800	0.800	alternative	alternative	95	110	4
NC_060941.1	7349171	7349579	3	1	+	NC_060941.1	7349187	7349468	CHRNB1	NM_000747.3	+	3	2	15	111	1	2	1	1	1	first	middle	1.000	1.000	constitutive	constitutive	57	139	1
NC_060941.1	7400230	7401391	2	1	+	NC_060941.1	7400271	7401106	POLR2A	NM_000937.5	+	2	3	40	285	3	5	1	1	1	middle	middle	1.000	1.000	constitutive	constitutive	136	281	1
NC_060941.1	7416119	7416659	3	1	+	NC_060941.1	7416222	7416654	POLR2A	NM_000937.5	+	3	2	102	5	26	27	1	1	1	middle	middle	1.000	1.000	constitutive	constitutive	186	113	1
NC_060941.1	7469533	7470040	2	1	+	NC_060941.1	7469701	7470025	SENP3	NM_015670.6	+	2	2	167	15	4	5	1	1	1	middle	middle	1.000	1.000	constitutive	constitutive	147	47	1
NC_060941.1	7481794	7482178	2	1	+	NC_060941.1	7481816	7482163	EIF4A1	NM_001204510.2	+	2	2	21	15	8	9	2	2	2	middle	middle	1.000	1.000	constitutive	constitutive	137	89	2
NC_060941.1	75094733	75095066	3	1	+	NC_060941.1	75094794	75095028	RPL38	NM_000999.4	+	3	2	60	38	1	2	2	2	2	first	middle	1.000	1.000	constitutive	constitutive	2	60	2
NC_060941.1	75242374	75243139	2	1	+	NC_060941.1	75242501	75242974	KIF19	NM_153209.4	+	2	2	126	165	13	14	9	8	4	middle	middle	0.889	0.444	alternative	alternative	270	121	4
NC_060941.1	75242374	75243139	2	1	+	NC_060941.1	75242501	75242974	KIF19	XM_054314995.1	+	2	2	126	165	13	14	9	8	4	middle	middle	0.889	0.444	alternative	alternative	270	124	4
NC_060941.1	75636748	75636964	2	1	+	NC_060941.1	75636752	75636963	RAB37	NM_001006638.3	+	2	2	3	1	7	8	5	5	5	middle	middle	1.000	1.000	constitutive	constitutive	56	76	5
NC_060941.1	76382556	76383255	1	1	+	NC_060941.1	76382598	76382994	TMEM94	NM_001321148.2	+	1	2	41	261	7	8	50	50	50	middle	middle	1.000	1.000	constitutive	constitutive	102	86	50
NC_060941.1	76386790	76387540	2	1	+	NC_060941.1	76386822	76387247	TMEM94	NM_001321148.2	+	2	2	31	293	16	17	50	50	50	middle	middle	1.000	1.000	constitutive	constitutive	102	217	50
NC_060941.1	76387926	76388763	1	1	+	NC_060941.1	76387958	76388730	TMEM94	NM_001321148.2	+	1	3	31	33	18	20	50	37	50	middle	middle	0.740	1.000	alternative	constitutive	181	115	37
NC_060941.1	76387926	76388763	1	1	+	NC_060941.1	76387961	76388730	TMEM94	NM_001351203.2	+	1	3	34	33	18	20	50	13	50	middle	middle	0.260	1.000	alternative	constitutive	178	115	13
NC_060941.1	76391486	76392053	3	1	+	NC_060941.1	76391505	76392052	TMEM94	NM_001321148.2	+	3	3	18	1	27	29	50	50	34	middle	middle	1.000	0.680	constitutive	alternative	148	93	34
NC_060941.1	76391486	76392053	3	1	+	NC_060941.1	76391505	76392052	TMEM94	XM_054317981.1	+	3	2	18	1	27	28	50	50	16	middle	middle	1.000	0.320	constitutive	alternative	148	278	16
NC_060941.1	76396614	76397382	-1	1	-	NC_060941.1	76396719	76397292	CASKIN2	NM_001142643.3	-	1	2	90	104	11	13	3	3	3	middle	middle	1.000	1.000	constitutive	constitutive	110	138	3
NC_060941.1	76464668	76465361	3	1	+	NC_060941.1	76464829	76465226	LLGL2	NM_001031803.2	+	3	2	160	135	17	18	32	30	30	middle	middle	0.938	0.938	alternative	alternative	116	166	30
NC_060941.1	76495619	76496333	3	1	+	NC_060941.1	76495710	76496270	MYO15B	NM_001309242.2	+	3	2	90	63	15	17	36	28	29	middle	middle	0.778	0.806	alternative	alternative	77	45	28
NC_060941.1	76495619	76496333	3	1	+	NC_060941.1	76495764	76496270	MYO15B	XM_054317327.1	+	3	2	144	63	1	3	36	1	29	first	middle	0.028	0.806	unique	alternative	23	45	1
NC_060941.1	76523840	76524332	-2	1	-	NC_060941.1	76523964	76524197	RECQL5	NM_004259.7	-	2	2	135	123	10	11	13	11	11	middle	middle	0.846	0.846	alternative	alternative	36	58	11
NC_060941.1	76620309	76620879	1	1	+	NC_060941.1	76620413	76620723	ITGB4	NM_000213.5	+	1	2	103	156	2	3	15	14	14	middle	middle	0.933	0.933	alternative	alternative	82	101	14
NC_060941.1	76630525	76631317	2	1	+	NC_060941.1	76630542	76630864	ITGB4	NM_000213.5	+	2	2	16	453	16	17	15	14	15	middle	middle	0.933	1.000	alternative	constitutive	122	106	14
NC_060941.1	76630525	76631317	2	1	+	NC_060941.1	76630607	76630864	ITGB4	XM_054315977.1	+	2	2	81	453	1	2	15	1	15	first	middle	0.067	1.000	unique	constitutive	57	106	1
NC_060941.1	7672004	7672373	3	1	+	NC_060941.1	7672005	7672372	DNAH2	NM_020877.5	+	3	2	0	1	22	23	12	10	10	middle	middle	0.833	0.833	alternative	alternative	161	103	10
NC_060941.1	76729161	76729503	-1	1	-	NC_060941.1	76729163	76729407	UNC13D	NM_199242.3	-	1	2	96	1	16	17	1	1	1	middle	middle	1.000	1.000	constitutive	constitutive	56	97	1
NC_060941.1	76733120	76733519	-2	1	-	NC_060941.1	76733169	76733480	UNC13D	NM_199242.3	-	2	2	39	48	10	11	1	1	1	middle	middle	1.000	1.000	constitutive	constitutive	104	92	1
NC_060941.1	76735900	76736305	-3	1	-	NC_060941.1	76736008	76736224	UNC13D	NM_199242.3	-	3	2	81	107	4	5	1	1	1	middle	middle	1.000	1.000	constitutive	constitutive	59	66	1
NC_060941.1	76767635	76768835	-2	1	-	NC_060941.1	76767636	76768624	TRIM47	NM_033452.3	-	2	2	211	0	5	6	3	3	3	middle	last	1.000	1.000	constitutive	constitutive	74	637	3
NC_060941.1	76769024	76769786	-2	1	-	NC_060941.1	76769051	76769642	TRIM47	NM_033452.3	-	2	2	144	26	3	4	3	3	3	middle	middle	1.000	1.000	constitutive	constitutive	230	198	3
NC_060941.1	76794731	76795370	-2	1	-	NC_060941.1	76794864	76795306	MRPL38	NM_032478.4	-	2	2	64	132	3	4	1	1	1	middle	middle	1.000	1.000	constitutive	constitutive	134	208	1
NC_060941.1	76806766	76807240	-3	1	-	NC_060941.1	76806856	76807204	FBF1	NM_001319193.2	-	3	2	36	89	26	27	1	1	1	middle	middle	1.000	1.000	constitutive	constitutive	137	117	1
NC_060941.1	76807777	76808515	-3	1	-	NC_060941.1	76807901	76808293	FBF1	NM_001319193.2	-	3	2	222	123	23	24	1	1	1	middle	middle	1.000	1.000	constitutive	constitutive	122	185	1
NC_060941.1	76895123	76895552	3	1	+	NC_060941.1	76895150	76895546	CDK3	NM_001258.4	+	3	2	26	6	3	4	1	1	1	middle	middle	1.000	1.000	constitutive	constitutive	120	170	1
NC_060941.1	76904869	76905241	-3	1	-	NC_060941.1	76904903	76905220	EVPL	NM_001320747.2	-	3	2	21	33	19	20	2	2	2	middle	middle	1.000	1.000	constitutive	constitutive	83	110	2
NC_060941.1	76908045	76908576	-1	1	-	NC_060941.1	76908047	76908496	EVPL	NM_001320747.2	-	1	2	80	1	16	17	2	2	2	middle	middle	1.000	1.000	constitutive	constitutive	138	193	2
NC_060941.1	76914423	76915170	-1	1	-	NC_060941.1	76914601	76915164	EVPL	NM_001320747.2	-	1	2	6	177	7	9	2	2	2	middle	middle	1.000	1.000	constitutive	constitutive	161	95	2
NC_060941.1	7711164	7711683	1	1	+	NC_060941.1	7711241	7711677	DNAH2	NM_020877.5	+	1	2	76	6	61	62	12	10	10	middle	middle	0.833	0.833	alternative	alternative	169	116	10
NC_060941.1	77176587	77177139	-1	1	-	NC_060941.1	77176589	77177007	QRICH2	NM_001388453.1	-	1	2	132	1	11	12	10	9	9	middle	middle	0.900	0.900	alternative	alternative	164	121	9
NC_060941.1	7727921	7728584	3	1	+	NC_060941.1	7727938	7728408	DNAH2	NM_020877.5	+	3	2	16	176	74	75	12	8	8	middle	middle	0.667	0.667	alternative	alternative	148	183	8
NC_060941.1	77288275	77288686	-3	1	-	NC_060941.1	77288329	77288686	UBE2O	NM_022066.4	-	3	2	0	53	16	17	8	8	8	middle	middle	1.000	1.000	constitutive	constitutive	203	57	8
NC_060941.1	7735182	7735647	1	1	+	NC_060941.1	7735191	7735646	DNAH2	NM_020877.5	+	1	2	8	1	79	80	12	8	8	middle	middle	0.667	0.667	alternative	alternative	228	151	8
NC_060941.1	77370222	77370744	-1	1	-	NC_060941.1	77370224	77370478	RHBDF2	NM_001005498.4	-	1	2	266	1	12	13	22	21	21	middle	middle	0.955	0.955	alternative	alternative	63	94	21
NC_060941.1	77375175	77376051	-1	1	-	NC_060941.1	77375383	77375854	RHBDF2	NM_001005498.4	-	1	2	197	207	3	4	22	22	22	middle	middle	1.000	1.000	constitutive	constitutive	195	203	22
NC_060941.1	7751251	7751935	2	1	+	NC_060941.1	7751395	7751809	KDM6B	NM_001080424.2	+	2	2	143	126	3	4	2	2	2	middle	middle	1.000	1.000	constitutive	constitutive	219	92	2
NC_060941.1	77833177	77833669	2	1	+	NC_060941.1	77833202	77833648	MGAT5B	NM_001199172.2	+	2	2	24	21	14	15	8	6	6	middle	middle	0.750	0.750	alternative	alternative	146	116	6
NC_060941.1	7812328	7812931	2	1	+	NC_060941.1	7812537	7812899	CHD3	NM_001005271.3	+	2	2	208	32	31	32	42	41	41	middle	middle	0.976	0.976	alternative	alternative	121	135	41
NC_060941.1	7813712	7814270	3	1	+	NC_060941.1	7813813	7814240	CHD3	NM_001005271.3	+	3	2	100	30	35	36	42	41	41	middle	middle	0.976	0.976	alternative	alternative	108	132	41
NC_060941.1	79025199	79025994	1	1	+	NC_060941.1	79025368	79025809	TMC8	NM_152468.5	+	1	2	168	185	1	2	1	1	1	first	middle	1.000	1.000	constitutive	constitutive	148	148	1
NC_060941.1	79096511	79097015	3	1	+	NC_060941.1	79096593	79096845	AFMID	NM_001392007.1	+	3	2	81	170	2	3	11	1	1	middle	middle	0.091	0.091	unique	unique	104	48	1
NC_060941.1	7917450	7918185	1	1	+	NC_060941.1	7917556	7918018	GUCY2D	NM_000180.4	+	1	2	105	167	8	9	2	2	2	middle	middle	1.000	1.000	constitutive	constitutive	206	156	2
NC_060941.1	79380307	79381087	-3	1	-	NC_060941.1	79380431	79380977	DNAH17	NM_173628.4	-	3	2	110	123	44	45	5	5	5	middle	middle	1.000	1.000	constitutive	constitutive	282	173	5
NC_060941.1	80693839	80694241	-3	1	-	NC_060941.1	80693882	80694140	CBX8	NM_020649.3	-	3	2	101	42	3	4	1	1	1	middle	middle	1.000	1.000	constitutive	constitutive	65	66	1
NC_060941.1	81008553	81009567	1	1	+	NC_060941.1	81008777	81009315	GAA	NM_000152.5	+	1	2	223	252	5	7	5	5	5	middle	middle	1.000	1.000	constitutive	constitutive	119	131	5
NC_060941.1	81114864	81115857	-1	1	-	NC_060941.1	81115040	81115563	SGSH	NM_000199.5	-	1	2	294	175	3	4	4	4	4	middle	middle	1.000	1.000	constitutive	constitutive	105	150	4
NC_060941.1	8137841	8138624	-2	1	-	NC_060941.1	8137956	8138457	CTC1	NM_001411067.1	-	2	2	167	114	13	14	15	15	15	middle	middle	1.000	1.000	constitutive	constitutive	324	89	15
NC_060941.1	8170437	8170896	1	1	+	NC_060941.1	8170438	8170827	PFAS	NM_012393.3	+	1	2	0	69	15	16	6	6	6	middle	middle	1.000	1.000	constitutive	constitutive	125	131	6
NC_060941.1	82011710	82012829	3	1	+	NC_060941.1	82011963	82012569	BAIAP2	NM_001144888.2	+	3	2	252	260	8	9	45	39	45	middle	middle	0.867	1.000	alternative	constitutive	221	201	39
NC_060941.1	82011710	82012829	3	1	+	NC_060941.1	82012050	82012569	BAIAP2	NM_001385157.1	+	3	2	339	260	1	2	45	6	45	first	middle	0.133	1.000	alternative	constitutive	134	201	6
NC_060941.1	82033162	82033516	-3	1	-	NC_060941.1	82033164	82033451	AATK	NM_001080395.3	-	3	2	65	1	8	9	2	2	2	middle	middle	1.000	1.000	constitutive	constitutive	84	121	2
NC_060941.1	82148480	82148897	3	1	+	NC_060941.1	82148487	82148801	NDUFAF8	NM_001086521.2	+	3	2	6	96	1	2	3	2	1	first	middle	0.667	0.333	alternative	unique	83	110	1
NC_060941.1	82148480	82148897	3	1	+	NC_060941.1	82148487	82148805	NDUFAF8	NM_001353402.1	+	3	2	6	92	1	2	3	2	1	first	middle	0.667	0.333	alternative	unique	83	114	1
NC_060941.1	8219085	8219796	1	1	+	NC_060941.1	8219159	8219792	ARHGEF15	NM_025014.2	+	1	2	73	4	2	3	7	6	6	middle	middle	0.857	0.857	alternative	alternative	332	54	6
NC_060941.1	8221649	8222144	3	1	+	NC_060941.1	8221650	8222143	ARHGEF15	NM_025014.2	+	3	2	0	1	6	7	7	7	7	middle	middle	1.000	1.000	constitutive	constitutive	160	152	7
NC_060941.1	8224805	8225147	3	1	+	NC_060941.1	8224806	8225146	ARHGEF15	NM_025014.2	+	3	2	0	1	10	11	7	7	7	middle	middle	1.000	1.000	constitutive	constitutive	92	160	7
NC_060941.1	82375581	82376043	1	1	+	NC_060941.1	82375630	82375978	BAHCC1	NM_001291324.3	+	1	2	48	65	19	20	6	5	6	middle	middle	0.833	1.000	alternative	constitutive	104	156	5
NC_060941.1	82375581	82376043	1	1	+	NC_060941.1	82375630	82375978	BAHCC1	XM_054316758.1	+	1	2	48	65	19	20	6	1	6	middle	middle	0.167	1.000	unique	constitutive	80	156	1
NC_060941.1	82377513	82379157	1	1	+	NC_060941.1	82377539	82379055	BAHCC1	NM_001291324.3	+	1	2	25	102	25	26	6	6	5	middle	middle	1.000	0.833	constitutive	alternative	176	1180	5
NC_060941.1	82377513	82379157	1	1	+	NC_060941.1	82377539	82379055	BAHCC1	XM_054316757.1	+	1	2	25	102	25	26	6	6	1	middle	middle	1.000	0.167	constitutive	unique	176	1156	1
NC_060941.1	82588628	82589195	3	1	+	NC_060941.1	82588652	82589063	CCDC137	NM_199287.3	+	3	2	23	132	4	5	3	2	2	middle	middle	0.667	0.667	alternative	alternative	82	79	2
NC_060941.1	82610214	82610901	1	1	+	NC_060941.1	82610397	82610859	HGS	NM_004712.5	+	1	3	182	42	9	11	1	1	1	middle	middle	1.000	1.000	constitutive	constitutive	78	95	1
NC_060941.1	82611799	82612201	2	1	+	NC_060941.1	82611818	82612117	HGS	NM_004712.5	+	2	2	18	84	13	14	1	1	1	middle	middle	1.000	1.000	constitutive	constitutive	143	59	1
NC_060941.1	82612992	82613976	1	1	+	NC_060941.1	82613261	82613902	HGS	NM_004712.5	+	1	2	268	74	16	18	1	1	1	middle	middle	1.000	1.000	constitutive	constitutive	172	174	1
NC_060941.1	82678149	82678494	1	1	+	NC_060941.1	82678175	82678493	GCGR	NM_000160.5	+	1	2	25	1	4	5	3	3	3	middle	middle	1.000	1.000	constitutive	constitutive	121	106	3
NC_060941.1	82678497	82679001	1	1	+	NC_060941.1	82678569	82678975	GCGR	NM_000160.5	+	1	2	71	26	6	7	3	3	3	middle	middle	1.000	1.000	constitutive	constitutive	156	159	3
NC_060941.1	82691413	82692079	-3	1	-	NC_060941.1	82691452	82691671	MCRIP1	NM_001093767.3	-	3	2	408	38	1	2	8	4	8	first	middle	0.500	1.000	alternative	constitutive	7	118	4
NC_060941.1	82691413	82692079	-3	1	-	NC_060941.1	82691452	82691719	MCRIP1	NM_001288798.2	-	3	2	360	38	2	3	8	4	8	middle	middle	0.500	1.000	alternative	constitutive	55	118	4
NC_060941.1	82769161	82769905	2	1	+	NC_060941.1	82769438	82769905	NPB	NM_148896.5	+	2	2	276	0	1	2	1	1	1	first	last	1.000	1.000	constitutive	constitutive	248	125	1
NC_060941.1	82771995	82773099	-1	1	-	NC_060941.1	82771996	82772895	PCYT2	NM_001184917.3	-	1	3	204	0	11	14	11	11	11	middle	last	1.000	1.000	constitutive	constitutive	65	108	11
NC_060941.1	82781114	82781690	-2	1	-	NC_060941.1	82781247	82781690	SIRT7	NM_016538.3	-	2	2	0	132	7	8	6	4	4	middle	middle	0.667	0.667	alternative	alternative	236	80	4
NC_060941.1	82823487	82824297	-1	1	-	NC_060941.1	82823808	82824232	NOTUM	NM_178493.6	-	1	2	65	320	7	8	1	1	1	middle	middle	1.000	1.000	constitutive	constitutive	191	100	1
NC_060941.1	82895128	82895635	2	1	+	NC_060941.1	82895170	82895470	LRRC45	NM_144999.4	+	2	2	41	165	9	10	2	2	2	middle	middle	1.000	1.000	constitutive	constitutive	135	77	2
NC_060941.1	82921584	82922523	1	1	+	NC_060941.1	82921656	82922380	GPS1	NM_001321089.3	+	1	3	71	143	5	7	60	27	38	middle	middle	0.450	0.633	alternative	alternative	312	60	17
NC_060941.1	82921584	82922523	1	1	+	NC_060941.1	82921668	82922380	GPS1	NM_001321090.3	+	1	3	83	143	5	7	60	33	38	middle	middle	0.550	0.633	alternative	alternative	300	60	21
NC_060941.1	82921584	82922523	1	1	+	NC_060941.1	82921668	82922380	GPS1	NM_001321091.3	+	1	3	83	143	5	7	60	33	22	middle	middle	0.550	0.367	alternative	alternative	300	57	12
NC_060941.1	82921584	82922523	1	1	+	NC_060941.1	82921656	82922380	GPS1	NM_001330541.3	+	1	3	71	143	4	6	60	27	22	middle	middle	0.450	0.367	alternative	alternative	312	57	10
NC_060941.1	82927857	82928136	-1	1	-	NC_060941.1	82927859	82928119	DUS1L	NM_022156.5	-	1	2	17	1	8	9	11	5	9	middle	middle	0.455	0.818	alternative	alternative	96	82	5
NC_060941.1	82927857	82928136	-1	1	-	NC_060941.1	82927859	82928112	DUS1L	XM_054316887.1	-	1	2	24	1	8	9	11	4	9	middle	middle	0.364	0.818	alternative	alternative	89	82	4
NC_060941.1	82948741	82949584	-3	1	-	NC_060941.1	82948756	82949569	FASN	NM_004104.5	-	3	3	15	14	34	36	2	2	2	middle	middle	1.000	1.000	constitutive	constitutive	91	242	2
NC_060941.1	82954623	82955481	-1	1	-	NC_060941.1	82955109	82955462	FASN	NM_004104.5	-	1	2	19	485	16	17	2	2	2	middle	middle	1.000	1.000	constitutive	constitutive	191	80	2
NC_060941.1	82959447	82959981	-1	1	-	NC_060941.1	82959610	82959965	FASN	NM_004104.5	-	1	2	16	162	6	7	2	2	2	middle	middle	1.000	1.000	constitutive	constitutive	115	134	2
NC_060941.1	83803849	83804617	2	1	+	NC_060941.1	83804098	83804485	TBCD	XM_047446781.1	+	2	2	248	132	31	32	29	26	26	middle	middle	0.897	0.897	alternative	alternative	158	138	26
NC_060941.1	83948273	83949041	3	1	+	NC_060941.1	83948522	83948909	LOC128966627	XM_054318128.1	+	3	2	248	132	5	6	2	1	1	middle	middle	0.500	0.500	unique	unique	158	138	1
NC_060942.1	148615	149140	-2	1	-	NC_060942.1	148804	149101	LOC124908015	NM_001421742.1	-	2	2	39	188	2	3	6	1	1	middle	middle	0.167	0.167	unique	unique	108	110	1
NC_060942.1	148701	149088	-3	1	-	NC_060942.1	148804	149082	LOC124908015	XM_047446847.1	-	3	2	6	102	1	2	6	2	2	first	middle	0.333	0.333	alternative	alternative	89	110	2
NC_060942.1	202623	203010	-3	1	-	NC_060942.1	202726	203004	TUBB8B	NM_001389610.1	-	3	2	6	102	1	2	3	1	1	first	middle	0.333	0.333	unique	unique	89	110	1
NC_060942.1	40553	41078	-1	1	-	NC_060942.1	40742	41039	LOC124908041	NM_001421730.1	-	1	2	39	188	2	3	4	1	1	middle	middle	0.250	0.250	unique	unique	108	110	1
NC_060942.1	50484336	50485251	-3	1	-	NC_060942.1	50484337	50485102	CXXC1	NM_001101654.2	-	3	3	149	0	13	15	4	4	4	middle	last	1.000	1.000	constitutive	constitutive	96	143	4
NC_060942.1	50485430	50486114	-1	1	-	NC_060942.1	50485446	50485842	CXXC1	NM_001101654.2	-	1	2	272	15	10	11	4	4	4	middle	middle	1.000	1.000	constitutive	constitutive	207	110	4
NC_060942.1	70422171	70422723	-3	1	-	NC_060942.1	70422184	70422714	RTTN	NM_173630.4	-	3	2	9	12	1	2	19	12	12	first	middle	0.632	0.632	alternative	alternative	30	187	12
NC_060942.1	94569	95094	-3	1	-	NC_060942.1	94758	95055	LOC124908013	NM_001421744.1	-	3	2	39	188	2	3	6	1	1	middle	middle	0.167	0.167	unique	unique	108	110	1
NC_060942.1	94655	95042	-1	1	-	NC_060942.1	94758	95036	LOC124908013	XM_047446841.1	-	1	2	6	102	1	2	6	2	2	first	middle	0.333	0.333	alternative	alternative	89	110	2
NC_060943.1	10086601	10087186	-1	1	-	NC_060943.1	10086602	10087078	COL5A3	NM_015719.4	-	1	2	108	0	66	67	3	3	3	middle	last	1.000	1.000	constitutive	constitutive	239	143	3
NC_060943.1	10114920	10115586	-2	1	-	NC_060943.1	10115320	10115562	COL5A3	NM_015719.4	-	2	2	24	399	26	27	3	2	2	middle	middle	0.667	0.667	alternative	alternative	44	53	2
NC_060943.1	1015247	1015766	3	1	+	NC_060943.1	1015265	1015638	ABCA7	NM_019112.4	+	3	2	17	128	18	19	18	18	18	middle	middle	1.000	1.000	constitutive	constitutive	131	139	18
NC_060943.1	10213085	10213643	3	1	+	NC_060943.1	10213149	10213520	SHFL	NM_001308277.2	+	3	2	63	123	2	3	6	4	4	middle	middle	0.667	0.667	alternative	alternative	123	49	4
NC_060943.1	1023233	1023569	3	1	+	NC_060943.1	1023314	1023569	ABCA7	XM_054319524.1	+	3	2	80	0	35	36	18	1	1	middle	last	0.056	0.056	unique	unique	129	53	1
NC_060943.1	10236756	10237371	1	1	+	NC_060943.1	10236906	10237231	PPAN-P2RY11	NM_001040664.3	+	1	2	149	140	11	12	2	2	1	middle	middle	1.000	0.500	constitutive	unique	169	77	1
NC_060943.1	10236756	10237371	1	1	+	NC_060943.1	10236906	10237293	PPAN-P2RY11	NM_001198690.2	+	1	2	149	78	11	12	2	2	1	middle	middle	1.000	0.500	constitutive	unique	169	139	1
NC_060943.1	10236756	10237371	1	1	+	NC_060943.1	10236906	10237371	PPAN	NM_001346139.1	+	1	2	149	0	11	12	3	3	3	middle	last	1.000	1.000	constitutive	constitutive	169	217	3
NC_060943.1	1027746	1028541	1	1	+	NC_060943.1	1028209	1028528	ABCA7	NM_019112.4	+	1	2	462	13	42	43	18	11	10	middle	middle	0.611	0.556	alternative	alternative	134	103	10
NC_060943.1	1027746	1028541	1	1	+	NC_060943.1	1028209	1028541	ABCA7	XM_054319523.1	+	1	2	462	0	42	43	18	11	1	middle	last	0.611	0.056	alternative	unique	134	116	1
NC_060943.1	1038313	1038736	2	1	+	NC_060943.1	1038331	1038671	ARHGAP45	NM_001258328.4	+	2	2	17	65	5	6	10	9	9	middle	middle	0.900	0.900	alternative	alternative	72	66	9
NC_060943.1	10417134	10417971	1	1	+	NC_060943.1	10417184	10417921	ICAM5	NM_003259.4	+	1	2	49	50	2	3	2	2	2	middle	middle	1.000	1.000	constitutive	constitutive	269	320	2
NC_060943.1	1044315	1044897	1	1	+	NC_060943.1	1044349	1044764	ARHGAP45	NM_001258328.4	+	1	2	33	133	12	13	10	10	10	middle	middle	1.000	1.000	constitutive	constitutive	137	190	10
NC_060943.1	10483591	10484497	-1	1	-	NC_060943.1	10483889	10484263	TYK2	NM_001385197.1	-	1	2	234	297	14	15	20	18	17	middle	middle	0.900	0.850	alternative	alternative	135	154	17
NC_060943.1	10483591	10484497	-1	1	-	NC_060943.1	10483679	10484263	TYK2	NM_001385204.1	-	1	2	234	87	14	15	20	18	1	middle	middle	0.900	0.050	alternative	unique	135	364	1
NC_060943.1	10671145	10671601	2	1	+	NC_060943.1	10671200	10671593	ATG4D	NM_001281504.2	+	2	2	54	8	1	2	3	1	3	first	middle	0.333	1.000	unique	constitutive	129	173	1
NC_060943.1	10671145	10671601	2	1	+	NC_060943.1	10671246	10671593	ATG4D	NM_032885.6	+	2	2	100	8	2	3	3	2	3	middle	middle	0.667	1.000	alternative	constitutive	83	173	2
NC_060943.1	10678186	10678774	2	1	+	NC_060943.1	10678355	10678579	ATG4D	NM_001281504.2	+	2	2	168	195	6	7	3	3	3	middle	middle	1.000	1.000	constitutive	constitutive	78	76	3
NC_060943.1	10709922	10710612	-2	1	-	NC_060943.1	10710058	10710522	AP1M2	NM_001300887.2	-	2	2	90	135	2	3	2	2	2	middle	middle	1.000	1.000	constitutive	constitutive	156	67	2
NC_060943.1	1074081	1074504	-2	1	-	NC_060943.1	1074172	1074443	SBNO2	NM_001100122.2	-	2	2	61	90	24	25	4	3	3	middle	middle	0.750	0.750	alternative	alternative	94	92	3
NC_060943.1	10838750	10839329	3	1	+	NC_060943.1	10839014	10839328	QTRT1	NM_031209.3	+	3	2	263	1	7	8	1	1	1	middle	middle	1.000	1.000	constitutive	constitutive	75	109	1
NC_060943.1	1087322	1088195	-3	1	-	NC_060943.1	1087324	1087711	SBNO2	NM_001100122.2	-	3	2	484	1	5	6	4	4	4	middle	middle	1.000	1.000	constitutive	constitutive	151	133	4
NC_060943.1	11050304	11051222	-3	1	-	NC_060943.1	11050305	11051203	YIPF2	NM_001321439.2	-	3	3	19	0	5	8	9	8	9	middle	last	0.889	1.000	alternative	constitutive	116	113	8
NC_060943.1	11050304	11051222	-3	1	-	NC_060943.1	11050305	11050688	YIPF2	NM_001321440.2	-	3	2	534	0	6	7	9	9	9	middle	last	1.000	1.000	constitutive	constitutive	182	113	1
NC_060943.1	11186650	11187310	2	1	+	NC_060943.1	11186759	11187193	SMARCA4	NM_001128844.3	+	2	2	108	117	32	33	24	24	24	middle	middle	1.000	1.000	constitutive	constitutive	132	142	24
NC_060943.1	11296852	11297380	-1	1	-	NC_060943.1	11296874	11297245	KANK2	NM_001136191.3	-	1	2	135	21	9	10	19	19	19	middle	middle	1.000	1.000	constitutive	constitutive	200	89	19
NC_060943.1	11335578	11336208	-2	1	-	NC_060943.1	11335669	11336086	DOCK6	NM_001367830.1	-	2	2	122	90	39	40	11	8	8	middle	middle	0.727	0.727	alternative	alternative	192	143	8
NC_060943.1	11349598	11350120	-1	1	-	NC_060943.1	11349710	11350081	DOCK6	NM_001367830.1	-	1	2	39	111	26	27	11	8	8	middle	middle	0.727	0.727	alternative	alternative	113	170	8
NC_060943.1	11372492	11372975	-3	1	-	NC_060943.1	11372538	11372853	DOCK6	NM_001367830.1	-	3	2	122	45	8	9	11	10	10	middle	middle	0.909	0.909	alternative	alternative	66	149	10
NC_060943.1	11533062	11533845	-2	1	-	NC_060943.1	11533396	11533841	RGL3	NM_001035223.4	-	2	2	4	333	6	7	2	2	2	middle	middle	1.000	1.000	constitutive	constitutive	142	215	2
NC_060943.1	11563567	11564095	2	1	+	NC_060943.1	11563640	11564027	PRKCSH	NM_001001329.3	+	2	2	72	68	1	2	7	7	7	first	middle	1.000	1.000	constitutive	constitutive	78	116	7
NC_060943.1	11576511	11576928	1	1	+	NC_060943.1	11576595	11576928	PRKCSH	NM_001001329.3	+	1	2	83	0	15	16	7	7	7	middle	last	1.000	1.000	constitutive	constitutive	99	143	7
NC_060943.1	11585579	11586176	-3	1	-	NC_060943.1	11585581	11586131	ELAVL3	NM_001420.4	-	3	2	45	1	4	5	4	4	4	middle	middle	1.000	1.000	constitutive	constitutive	153	225	4
NC_060943.1	1203981	1204698	-2	1	-	NC_060943.1	1204059	1204476	CBARP	NM_001393918.1	-	2	2	222	77	2	3	5	4	4	middle	middle	0.800	0.800	alternative	alternative	139	64	4
NC_060943.1	1212603	1212993	1	1	+	NC_060943.1	1212656	1212993	ATP5F1D	NM_001001975.2	+	1	2	52	0	3	4	2	2	2	middle	last	1.000	1.000	constitutive	constitutive	88	119	2
NC_060943.1	1223385	1224282	1	1	+	NC_060943.1	1223425	1224217	MIDN	NM_001388306.1	+	1	2	39	65	6	7	5	3	5	middle	middle	0.600	1.000	alternative	constitutive	159	272	3
NC_060943.1	1223385	1224282	1	1	+	NC_060943.1	1223428	1224217	MIDN	NM_001388307.1	+	1	2	42	65	5	6	5	2	5	middle	middle	0.400	1.000	alternative	constitutive	156	272	2
NC_060943.1	12797210	12797615	3	1	+	NC_060943.1	12797345	12797614	WDR83	NM_001099737.3	+	3	2	134	1	6	7	2	2	2	middle	middle	1.000	1.000	constitutive	constitutive	67	108	2
NC_060943.1	12813718	12813937	-1	1	-	NC_060943.1	12813719	12813937	FBXW9	NM_032301.3	-	1	2	0	0	9	10	2	2	2	middle	last	1.000	1.000	constitutive	constitutive	65	71	2
NC_060943.1	12897185	12897539	-3	1	-	NC_060943.1	12897275	12897539	HOOK2	NM_001100176.2	-	3	2	0	89	4	5	9	3	9	middle	middle	0.333	1.000	alternative	constitutive	50	132	3
NC_060943.1	12897185	12897539	-3	1	-	NC_060943.1	12897275	12897524	HOOK2	NM_001400043.1	-	3	2	15	89	1	2	9	6	9	first	middle	0.667	1.000	alternative	constitutive	35	132	6
NC_060943.1	13002852	13003422	-2	1	-	NC_060943.1	13002867	13003319	DNASE2	NM_001375.3	-	2	2	103	14	4	5	1	1	1	middle	middle	1.000	1.000	constitutive	constitutive	164	197	1
NC_060943.1	13016245	13016980	2	1	+	NC_060943.1	13016283	13016630	GCDH	NM_000159.4	+	2	2	37	350	3	4	2	2	2	middle	middle	1.000	1.000	constitutive	constitutive	143	62	2
NC_060943.1	13048636	13049329	-1	1	-	NC_060943.1	13048638	13049013	FARSA	NM_004461.3	-	1	2	316	1	11	12	1	1	1	middle	middle	1.000	1.000	constitutive	constitutive	77	114	1
NC_060943.1	13054709	13055066	-3	1	-	NC_060943.1	13054711	13055015	FARSA	NM_004461.3	-	3	2	51	1	3	4	1	1	1	middle	middle	1.000	1.000	constitutive	constitutive	98	118	1
NC_060943.1	13234746	13235511	-2	1	-	NC_060943.1	13234762	13235050	TRMT1	NM_001136035.4	-	2	2	461	15	9	10	6	6	6	middle	middle	1.000	1.000	constitutive	constitutive	69	134	6
NC_060943.1	13240490	13241288	-3	1	-	NC_060943.1	13240492	13241265	TRMT1	NM_001136035.4	-	3	3	23	1	2	4	6	5	5	middle	middle	0.833	0.833	alternative	alternative	55	187	5
NC_060943.1	13260361	13261693	2	1	+	NC_060943.1	13260419	13261616	NACC1	NM_052876.4	+	2	2	57	77	1	2	4	4	4	first	middle	1.000	1.000	constitutive	constitutive	945	173	4
NC_060943.1	1339197	1339620	1	1	+	NC_060943.1	1339198	1339579	PWWP3A	NM_001369789.1	+	1	2	0	41	9	10	12	9	8	middle	middle	0.750	0.667	alternative	alternative	75	50	8
NC_060943.1	1339197	1339620	1	1	+	NC_060943.1	1339198	1339579	PWWP3A	NM_001382408.1	+	1	2	0	41	9	10	12	9	1	middle	middle	0.750	0.083	alternative	unique	75	86	1
NC_060943.1	13890777	13891365	1	1	+	NC_060943.1	13890814	13891310	MRI1	NM_001031727.4	+	1	2	36	55	1	2	6	5	5	first	middle	0.833	0.833	alternative	alternative	131	238	5
NC_060943.1	14046598	14047156	2	1	+	NC_060943.1	14046716	14047081	CC2D1A	NM_001411138.1	+	2	2	117	75	13	14	10	6	10	middle	middle	0.600	1.000	alternative	constitutive	111	172	6
NC_060943.1	14046598	14047156	2	1	+	NC_060943.1	14046719	14047081	CC2D1A	XM_054321331.1	+	2	2	120	75	13	14	10	4	10	middle	middle	0.400	1.000	alternative	constitutive	108	172	4
NC_060943.1	14054007	14054349	1	1	+	NC_060943.1	14054053	14054348	CC2D1A	NM_001411138.1	+	1	2	45	1	23	24	10	10	4	middle	middle	1.000	0.400	constitutive	alternative	137	61	4
NC_060943.1	14054007	14054349	1	1	+	NC_060943.1	14054053	14054348	CC2D1A	NM_017721.5	+	1	2	45	1	23	24	10	10	6	middle	middle	1.000	0.600	constitutive	alternative	137	64	6
NC_060943.1	14055693	14056494	1	1	+	NC_060943.1	14055694	14056449	CC2D1A	NM_001411138.1	+	1	3	0	45	26	28	10	10	10	middle	middle	1.000	1.000	constitutive	constitutive	126	47	10
NC_060943.1	14085786	14086335	1	1	+	NC_060943.1	14085866	14086179	DCAF15	NM_001393637.1	+	1	2	79	156	8	9	9	9	8	middle	middle	1.000	0.889	constitutive	alternative	91	128	8
NC_060943.1	14085786	14086335	1	1	+	NC_060943.1	14085866	14086179	DCAF15	NM_001393639.1	+	1	2	79	156	8	9	9	9	1	middle	middle	1.000	0.111	constitutive	unique	91	122	1
NC_060943.1	14088981	14089446	-2	1	-	NC_060943.1	14088982	14089323	RFX1	NM_002918.5	-	2	2	123	0	19	20	9	9	9	middle	last	1.000	1.000	constitutive	constitutive	45	166	9
NC_060943.1	14092703	14093117	-3	1	-	NC_060943.1	14092705	14093035	RFX1	NM_002918.5	-	3	2	82	1	12	13	9	9	9	middle	middle	1.000	1.000	constitutive	constitutive	118	109	9
NC_060943.1	14165692	14166265	2	1	+	NC_060943.1	14165797	14166199	IL27RA	NM_004843.4	+	2	2	104	66	3	4	1	1	1	middle	middle	1.000	1.000	constitutive	constitutive	157	157	1
NC_060943.1	1423059	1423608	1	1	+	NC_060943.1	1423243	1423607	APC2	NM_001351273.1	+	1	2	183	1	2	3	9	9	9	middle	middle	1.000	1.000	constitutive	constitutive	90	180	9
NC_060943.1	1425093	1425585	1	1	+	NC_060943.1	1425144	1425495	APC2	NM_001351273.1	+	1	2	50	90	4	5	9	9	5	middle	middle	1.000	0.556	constitutive	alternative	108	113	5
NC_060943.1	1425093	1425585	1	1	+	NC_060943.1	1425144	1425495	APC2	NM_005883.3	+	1	2	50	90	4	5	9	9	4	middle	middle	1.000	0.444	constitutive	alternative	108	116	4
NC_060943.1	14283575	14284247	-3	1	-	NC_060943.1	14283577	14284112	ADGRL1	NM_001008701.3	-	3	2	135	1	14	15	21	20	20	middle	middle	0.952	0.952	alternative	alternative	209	220	20
NC_060943.1	14285849	14286425	-3	1	-	NC_060943.1	14286053	14286425	ADGRL1	NM_001008701.3	-	3	2	0	203	9	10	21	21	21	middle	middle	1.000	1.000	constitutive	constitutive	38	183	21
NC_060943.1	14515024	14515501	2	1	+	NC_060943.1	14515122	14515490	ADGRE5	NM_001025160.3	+	2	2	97	11	2	3	3	3	3	middle	middle	1.000	1.000	constitutive	constitutive	50	116	3
NC_060943.1	14533155	14533635	1	1	+	NC_060943.1	14533374	14533634	ADGRE5	NM_001025160.3	+	1	2	218	1	15	16	3	3	3	middle	middle	1.000	1.000	constitutive	constitutive	66	91	3
NC_060943.1	14535612	14535894	-2	1	-	NC_060943.1	14535613	14535858	DDX39A	NM_005804.4	-	2	2	36	0	9	10	2	2	2	middle	last	1.000	1.000	constitutive	constitutive	147	13	2
NC_060943.1	14536208	14536583	-3	1	-	NC_060943.1	14536210	14536547	DDX39A	NM_005804.4	-	3	2	36	1	6	7	2	2	2	middle	middle	1.000	1.000	constitutive	constitutive	131	109	2
NC_060943.1	1457813	1458329	-3	1	-	NC_060943.1	1457815	1458122	PCSK4	NM_001395257.1	-	3	2	207	1	4	5	26	24	24	middle	middle	0.923	0.923	alternative	alternative	128	76	24
NC_060943.1	14690522	14690843	3	1	+	NC_060943.1	14690545	14690842	TECR	NM_001321170.1	+	3	2	22	1	5	6	4	4	4	middle	middle	1.000	1.000	constitutive	constitutive	103	115	4
NC_060943.1	14691460	14691781	2	1	+	NC_060943.1	14691527	14691733	TECR	NM_001321170.1	+	2	2	66	48	8	9	4	4	4	middle	middle	1.000	1.000	constitutive	constitutive	72	43	4
NC_060943.1	14691803	14692517	3	1	+	NC_060943.1	14691807	14692404	TECR	NM_001321170.1	+	3	3	3	113	10	12	4	4	4	middle	middle	1.000	1.000	constitutive	constitutive	57	45	4
NC_060943.1	15146050	15147007	2	1	+	NC_060943.1	15146283	15146641	TEKTL1	NM_173482.3	+	2	2	232	366	4	5	1	1	1	middle	middle	1.000	1.000	constitutive	constitutive	166	95	1
NC_060943.1	15247635	15248016	-2	1	-	NC_060943.1	15247637	15247974	HACL2	NM_006844.5	-	2	2	42	1	4	5	2	2	2	middle	middle	1.000	1.000	constitutive	constitutive	138	111	2
NC_060943.1	15303760	15304435	-1	1	-	NC_060943.1	15303937	15304408	NOTCH3	NM_000435.3	-	1	2	27	176	21	22	2	2	2	middle	middle	1.000	1.000	constitutive	constitutive	132	257	2
NC_060943.1	15309721	15310348	-1	1	-	NC_060943.1	15309829	15310331	NOTCH3	NM_000435.3	-	1	2	17	107	14	15	2	2	2	middle	middle	1.000	1.000	constitutive	constitutive	151	113	2
NC_060943.1	15316299	15316809	-2	1	-	NC_060943.1	15316341	15316784	NOTCH3	NM_000435.3	-	2	2	25	41	5	6	2	2	2	middle	middle	1.000	1.000	constitutive	constitutive	122	233	2
NC_060943.1	15363614	15364394	-3	1	-	NC_060943.1	15363654	15364175	BRD4	NM_001379291.1	-	3	2	219	39	17	18	10	4	4	middle	middle	0.400	0.400	alternative	alternative	205	237	4
NC_060943.1	15549168	15550146	-2	1	-	NC_060943.1	15549170	15550019	WIZ	NM_001330395.4	-	2	2	127	1	6	7	18	18	18	middle	middle	1.000	1.000	constitutive	constitutive	419	195	18
NC_060943.1	15579134	15579554	-3	1	-	NC_060943.1	15579136	15579549	RASAL3	NM_001400377.1	-	3	2	5	1	12	13	11	8	8	middle	middle	0.727	0.727	alternative	alternative	201	118	8
NC_060943.1	15582927	15583854	-2	1	-	NC_060943.1	15583315	15583642	RASAL3	NM_001348027.2	-	2	2	212	387	6	7	11	11	11	middle	middle	1.000	1.000	constitutive	constitutive	126	98	11
NC_060943.1	15753548	15754091	3	1	+	NC_060943.1	15753778	15754090	CYP4F8	NM_007253.4	+	3	2	229	1	10	11	2	1	1	middle	middle	0.500	0.500	unique	unique	64	82	1
NC_060943.1	15783621	15783981	1	1	+	NC_060943.1	15783648	15783939	CYP4F3	NM_000896.3	+	1	2	26	42	9	10	7	6	6	middle	middle	0.857	0.857	alternative	alternative	133	64	6
NC_060943.1	1589744	1590359	-3	1	-	NC_060943.1	1589936	1590299	TCF3	NM_001136139.4	-	3	2	60	191	14	15	50	36	50	middle	middle	0.720	1.000	alternative	constitutive	158	123	36
NC_060943.1	1589744	1590359	-3	1	-	NC_060943.1	1589936	1590296	TCF3	NM_001351778.2	-	3	2	63	191	14	15	50	14	50	middle	middle	0.280	1.000	alternative	constitutive	155	123	14
NC_060943.1	17032212	17032974	-2	1	-	NC_060943.1	17032530	17032833	CPAMD8	NM_015692.5	-	2	2	141	317	38	39	13	13	13	middle	middle	1.000	1.000	constitutive	constitutive	105	110	13
NC_060943.1	17038186	17038921	-1	1	-	NC_060943.1	17038400	17038696	CPAMD8	NM_015692.5	-	1	2	225	213	33	34	13	13	13	middle	middle	1.000	1.000	constitutive	constitutive	155	62	13
NC_060943.1	17146210	17146954	-1	1	-	NC_060943.1	17146370	17146663	CPAMD8	NM_015692.5	-	1	2	291	159	4	5	13	11	11	middle	middle	0.846	0.846	alternative	alternative	165	52	11
NC_060943.1	17468033	17468726	-3	1	-	NC_060943.1	17468257	17468635	ANO8	NM_020959.3	-	3	2	91	223	2	3	1	1	1	middle	middle	1.000	1.000	constitutive	constitutive	110	132	1
NC_060943.1	17472942	17473689	1	1	+	NC_060943.1	17473202	17473578	GTPBP3	NM_001128855.3	+	1	2	259	111	3	4	4	4	4	middle	middle	1.000	1.000	constitutive	constitutive	86	202	4
NC_060943.1	1756278	1757172	-2	1	-	NC_060943.1	1756506	1757055	ATP8B3	NM_001178002.3	-	2	2	117	227	25	26	2	2	2	middle	middle	1.000	1.000	constitutive	constitutive	239	138	2
NC_060943.1	1777202	1777610	-3	1	-	NC_060943.1	1777204	1777485	ATP8B3	NM_001178002.3	-	3	2	125	1	7	8	2	2	2	middle	middle	1.000	1.000	constitutive	constitutive	72	70	2
NC_060943.1	1787919	1788738	-2	1	-	NC_060943.1	1788014	1788645	REXO1	NM_020695.4	-	2	2	93	94	12	13	9	5	5	middle	middle	0.556	0.556	alternative	alternative	110	115	5
NC_060943.1	17915099	17915645	3	1	+	NC_060943.1	17915332	17915640	FCHO1	NM_001161357.2	+	3	2	232	5	18	19	41	41	41	middle	middle	1.000	1.000	constitutive	constitutive	112	87	41
NC_060943.1	17966582	17967047	-3	1	-	NC_060943.1	17966600	17967010	JAK3	NM_000215.4	-	3	2	37	17	17	18	3	2	2	middle	middle	0.667	0.667	alternative	alternative	139	189	2
NC_060943.1	17975468	17975993	-3	1	-	NC_060943.1	17975470	17975843	JAK3	NM_000215.4	-	3	2	150	1	6	7	3	3	3	middle	middle	1.000	1.000	constitutive	constitutive	122	157	3
NC_060943.1	18144213	18144822	1	1	+	NC_060943.1	18144274	18144807	ARRDC2	NM_001025604.3	+	1	2	60	15	6	7	3	3	3	middle	middle	1.000	1.000	constitutive	constitutive	162	157	3
NC_060943.1	18268672	18269113	2	1	+	NC_060943.1	18268684	18269087	MAST3	NM_001393501.1	+	2	2	11	26	17	18	39	39	39	middle	middle	1.000	1.000	constitutive	constitutive	132	165	39
NC_060943.1	18295005	18295317	1	1	+	NC_060943.1	18295037	18295303	PIK3R2	NM_005027.4	+	1	2	31	14	3	4	1	1	1	middle	middle	1.000	1.000	constitutive	constitutive	50	131	1
NC_060943.1	18311678	18312038	3	1	+	NC_060943.1	18311841	18312038	IFI30	NM_006332.5	+	3	2	162	0	6	7	1	1	1	middle	last	1.000	1.000	constitutive	constitutive	53	59	1
NC_060943.1	18567584	18568094	3	1	+	NC_060943.1	18567763	18567995	SSBP4	NM_001009998.4	+	3	2	178	99	15	16	18	18	10	middle	middle	1.000	0.556	constitutive	alternative	28	107	10
NC_060943.1	18567584	18568094	3	1	+	NC_060943.1	18567763	18568094	SSBP4	XM_054320109.1	+	3	2	178	0	16	17	18	18	8	middle	last	1.000	0.444	constitutive	alternative	28	206	8
NC_060943.1	18748920	18749427	1	1	+	NC_060943.1	18748945	18749268	TMEM59L	NM_012109.3	+	1	2	24	159	2	3	1	1	1	middle	middle	1.000	1.000	constitutive	constitutive	144	91	1
NC_060943.1	18923640	18924510	-2	1	-	NC_060943.1	18923809	18924510	COMP	NM_000095.3	-	2	3	0	168	6	9	1	1	1	middle	middle	1.000	1.000	constitutive	constitutive	74	107	1
NC_060943.1	19014546	19015053	-2	1	-	NC_060943.1	19014547	19015006	CERS1	NM_001290265.2	-	2	2	47	0	4	5	10	10	5	middle	last	1.000	0.500	constitutive	alternative	147	110	5
NC_060943.1	19014546	19015053	-2	1	-	NC_060943.1	19014548	19015006	CERS1	NM_001387439.1	-	2	2	47	1	5	6	10	10	5	middle	middle	1.000	0.500	constitutive	alternative	147	109	5
NC_060943.1	1950760	1951636	2	1	+	NC_060943.1	1950804	1951592	CSNK1G2	NM_001319.7	+	2	4	43	44	2	5	8	8	8	middle	middle	1.000	1.000	constitutive	constitutive	40	234	8
NC_060943.1	1958988	1959891	-2	1	-	NC_060943.1	1958989	1959751	BTBD2	NM_017797.4	-	2	3	140	0	7	9	5	5	5	middle	last	1.000	1.000	constitutive	constitutive	87	158	5
NC_060943.1	19672740	19673295	1	1	+	NC_060943.1	19672825	19673167	YJEFN3	NM_001190328.2	+	1	2	84	128	4	5	7	6	6	middle	middle	0.857	0.857	alternative	alternative	113	150	6
NC_060943.1	19782934	19783459	-1	1	-	NC_060943.1	19782935	19783300	ATP13A1	NM_020410.3	-	1	2	159	0	25	26	1	1	1	middle	last	1.000	1.000	constitutive	constitutive	143	107	1
NC_060943.1	2015387	2015930	-3	1	-	NC_060943.1	2015499	2015734	MKNK2	NM_017572.4	-	3	2	196	111	8	9	2	2	2	middle	middle	1.000	1.000	constitutive	constitutive	55	95	2
NC_060943.1	2019286	2019790	-1	1	-	NC_060943.1	2019439	2019763	MKNK2	NM_017572.4	-	1	2	27	152	2	3	2	2	2	middle	middle	1.000	1.000	constitutive	constitutive	87	101	2
NC_060943.1	2070904	2071183	2	1	+	NC_060943.1	2070984	2071182	IZUMO4	NM_001031735.3	+	2	2	79	1	4	5	3	3	3	middle	middle	1.000	1.000	constitutive	constitutive	26	75	3
NC_060943.1	2224382	2225597	3	1	+	NC_060943.1	2224492	2225597	AMH	NM_000479.5	+	3	2	109	0	4	5	1	1	1	middle	last	1.000	1.000	constitutive	constitutive	159	855	1
NC_060943.1	2409589	2410348	-1	1	-	NC_060943.1	2409617	2410306	LMNB2	NM_032737.4	-	1	2	42	27	7	8	1	1	1	middle	middle	1.000	1.000	constitutive	constitutive	220	279	1
NC_060943.1	2410209	2411460	-2	1	-	NC_060943.1	2410579	2410962	LMNB2	NM_032737.4	-	2	2	498	369	5	6	1	1	1	middle	middle	1.000	1.000	constitutive	constitutive	170	125	1
NC_060943.1	258475	259030	-1	1	-	NC_060943.1	258529	258877	MIER2	NM_001346105.2	-	1	2	153	53	9	10	19	15	19	middle	middle	0.789	1.000	alternative	constitutive	124	88	15
NC_060943.1	258475	259030	-1	1	-	NC_060943.1	258529	258877	MIER2	NM_001387153.1	-	1	2	153	53	11	12	19	4	19	middle	middle	0.211	1.000	alternative	constitutive	103	88	4
NC_060943.1	3182107	3182551	2	1	+	NC_060943.1	3182257	3182551	NCLN	NM_001321463.2	+	2	2	149	0	14	15	2	2	2	middle	last	1.000	1.000	constitutive	constitutive	78	56	2
NC_060943.1	32342809	32343331	2	1	+	NC_060943.1	32342864	32343268	CCNE1	NM_001238.4	+	2	2	54	63	4	5	8	8	8	middle	middle	1.000	1.000	constitutive	constitutive	145	135	8
NC_060943.1	3257253	3257895	1	1	+	NC_060943.1	3257497	3257869	CELF5	NM_001172673.2	+	1	2	243	26	7	8	10	10	1	middle	middle	1.000	0.100	constitutive	unique	141	71	1
NC_060943.1	3257253	3257895	1	1	+	NC_060943.1	3257497	3257869	CELF5	NM_021938.4	+	1	2	243	26	7	8	10	10	9	middle	middle	1.000	0.900	constitutive	alternative	141	146	9
NC_060943.1	35161994	35162243	-3	1	-	NC_060943.1	35162046	35162243	ANKRD27	NM_032139.3	-	3	2	0	51	6	7	1	1	1	middle	middle	1.000	1.000	constitutive	constitutive	53	65	1
NC_060943.1	3521088	3521913	1	1	+	NC_060943.1	3521406	3521851	TEKTIP1	NM_001135580.2	+	1	2	317	62	2	3	3	1	3	middle	middle	0.333	1.000	unique	constitutive	238	125	1
NC_060943.1	3521088	3521913	1	1	+	NC_060943.1	3521194	3521851	TEKTIP1	XM_054319429.1	+	1	2	105	62	1	2	3	1	3	first	middle	0.333	1.000	unique	constitutive	450	125	1
NC_060943.1	3521088	3521913	1	1	+	NC_060943.1	3521482	3521851	TEKTIP1	XM_054319430.1	+	1	2	393	62	1	2	3	1	3	first	middle	0.333	1.000	unique	constitutive	162	125	1
NC_060943.1	3525325	3525751	-1	1	-	NC_060943.1	3525443	3525718	MFSD12	NM_001287529.2	-	1	2	33	117	5	6	7	7	7	middle	middle	1.000	1.000	constitutive	constitutive	92	92	7
NC_060943.1	35380845	35381394	-2	1	-	NC_060943.1	35380847	35381315	SLC7A9	NM_001126335.2	-	2	2	79	1	4	5	6	5	5	middle	middle	0.833	0.833	alternative	alternative	125	99	5
NC_060943.1	3596836	3597853	-1	1	-	NC_060943.1	3597001	3597368	CACTIN	NM_001080543.2	-	1	2	485	164	5	6	4	4	4	middle	middle	1.000	1.000	constitutive	constitutive	162	114	4
NC_060943.1	3731711	3732314	-3	1	-	NC_060943.1	3731760	3732242	APBA3	NM_004886.4	-	3	2	72	48	6	7	3	3	3	middle	middle	1.000	1.000	constitutive	constitutive	170	212	3
NC_060943.1	37563661	37564150	2	1	+	NC_060943.1	37563807	37564149	GRAMD1A	NM_001136199.3	+	2	2	145	1	11	12	15	14	14	middle	middle	0.933	0.933	alternative	alternative	118	142	14
NC_060943.1	3758636	3758999	-3	1	-	NC_060943.1	3758638	3758877	MATK	NM_001440577.1	-	3	2	122	1	9	10	6	4	6	middle	middle	0.667	1.000	alternative	constitutive	84	73	4
NC_060943.1	3758636	3758999	-3	1	-	NC_060943.1	3758638	3758877	MATK	NM_001440578.1	-	3	2	122	1	9	10	6	2	6	middle	middle	0.333	1.000	alternative	constitutive	75	73	2
NC_060943.1	37604619	37605132	1	1	+	NC_060943.1	37604748	37605131	HPN	NM_001375441.3	+	1	2	128	1	6	7	6	6	6	middle	middle	1.000	1.000	constitutive	constitutive	40	165	6
NC_060943.1	37667881	37668133	2	1	+	NC_060943.1	37667950	37668133	FXYD3	NM_001136007.2	+	2	2	68	0	8	9	14	11	11	middle	last	0.786	0.786	alternative	alternative	37	13	11
NC_060943.1	37695703	37696159	2	1	+	NC_060943.1	37695882	37696110	FXYD7	NM_022006.2	+	2	2	178	49	3	4	2	2	2	middle	middle	1.000	1.000	constitutive	constitutive	74	42	2
NC_060943.1	37810873	37811680	2	1	+	NC_060943.1	37811028	37811636	LSR	NM_001260489.2	+	2	2	154	44	5	7	10	10	5	middle	middle	1.000	0.500	constitutive	alternative	173	128	5
NC_060943.1	37810873	37811680	2	1	+	NC_060943.1	37811028	37811636	LSR	NM_001260490.2	+	2	2	154	44	3	5	10	10	5	middle	middle	1.000	0.500	constitutive	alternative	173	131	5
NC_060943.1	37823329	37823848	2	1	+	NC_060943.1	37823370	37823746	USF2	NM_001321150.2	+	2	2	40	102	6	7	6	4	3	middle	middle	0.667	0.500	alternative	alternative	94	128	3
NC_060943.1	37823329	37823848	2	1	+	NC_060943.1	37823370	37823848	USF2	XM_054321938.1	+	2	2	40	0	8	9	6	4	1	middle	last	0.667	0.167	alternative	unique	94	230	1
NC_060943.1	38100059	38100641	-3	1	-	NC_060943.1	38100116	38100540	ATP4A	NM_000704.3	-	3	2	101	56	14	15	1	1	1	middle	middle	1.000	1.000	constitutive	constitutive	150	168	1
NC_060943.1	38108303	38108714	-3	1	-	NC_060943.1	38108340	38108585	ATP4A	NM_000704.3	-	3	2	129	36	1	2	1	1	1	first	middle	1.000	1.000	constitutive	constitutive	11	143	1
NC_060943.1	38272716	38273175	1	1	+	NC_060943.1	38272751	38273100	KMT2B	NM_014727.3	+	1	2	34	75	16	17	4	4	4	middle	middle	1.000	1.000	constitutive	constitutive	184	89	4
NC_060943.1	38325467	38325941	3	1	+	NC_060943.1	38325513	38325800	ARHGAP33	NM_001172630.2	+	3	2	45	141	2	3	17	14	14	middle	middle	0.824	0.824	alternative	alternative	122	77	14
NC_060943.1	38325634	38326375	2	1	+	NC_060943.1	38325884	38326118	ARHGAP33	NM_001172630.2	+	2	2	249	257	4	5	17	14	7	middle	middle	0.824	0.412	alternative	alternative	66	59	7
NC_060943.1	38325634	38326375	2	1	+	NC_060943.1	38325884	38326118	ARHGAP33	XM_054319717.1	+	2	2	249	257	4	5	17	14	7	middle	middle	0.824	0.412	alternative	alternative	66	62	7
NC_060943.1	38389764	38390298	-2	1	-	NC_060943.1	38389857	38390213	NPHS1	NM_004646.4	-	2	2	85	92	15	16	1	1	1	middle	middle	1.000	1.000	constitutive	constitutive	140	140	1
NC_060943.1	38393677	38394325	-1	1	-	NC_060943.1	38393795	38394151	NPHS1	NM_004646.4	-	1	2	174	117	10	11	1	1	1	middle	middle	1.000	1.000	constitutive	constitutive	144	124	1
NC_060943.1	38636570	38637347	3	1	+	NC_060943.1	38637015	38637280	WDR62	NM_001083961.2	+	3	2	444	67	17	18	23	21	21	middle	middle	0.913	0.913	alternative	alternative	111	63	21
NC_060943.1	38648940	38649831	1	1	+	NC_060943.1	38648974	38649799	WDR62	NM_001083961.2	+	1	2	33	32	29	30	23	23	23	middle	middle	1.000	1.000	constitutive	constitutive	51	638	23
NC_060943.1	38656912	38657260	2	1	+	NC_060943.1	38657021	38657251	OVOL3	NM_001302757.2	+	2	2	108	9	1	2	2	2	2	first	middle	1.000	1.000	constitutive	constitutive	93	64	2
NC_060943.1	38697151	38697673	-1	1	-	NC_060943.1	38697280	38697574	COX7A1	NM_001864.4	-	1	2	99	128	2	3	1	1	1	middle	middle	1.000	1.000	constitutive	constitutive	86	84	1
NC_060943.1	390056	390983	-3	1	-	NC_060943.1	390189	390501	SHC2	NM_001387056.1	-	3	2	482	132	3	4	4	4	4	middle	middle	1.000	1.000	constitutive	constitutive	60	119	4
NC_060943.1	4020366	4020984	1	1	+	NC_060943.1	4020486	4020984	PIAS4	NM_015897.4	+	1	2	119	0	10	11	3	3	3	middle	last	1.000	1.000	constitutive	constitutive	130	256	3
NC_060943.1	41172229	41172961	2	1	+	NC_060943.1	41172331	41172961	CATSPERG	NM_001330496.2	+	2	2	101	0	26	27	2	2	2	middle	last	1.000	1.000	constitutive	constitutive	99	263	2
NC_060943.1	41265633	41266062	1	1	+	NC_060943.1	41265634	41266061	RYR1	NM_000540.3	+	1	2	0	1	21	22	6	6	6	middle	middle	1.000	1.000	constitutive	constitutive	104	103	6
NC_060943.1	41411838	41412207	-2	1	-	NC_060943.1	41411840	41412146	MAP4K1	NM_001042600.3	-	2	3	61	1	14	16	5	5	5	middle	middle	1.000	1.000	constitutive	constitutive	58	47	5
NC_060943.1	41605812	41606277	-2	1	-	NC_060943.1	41605813	41606203	LGALS4	NM_006149.4	-	2	2	74	0	9	10	2	2	2	middle	last	1.000	1.000	constitutive	constitutive	165	143	2
NC_060943.1	41620996	41621536	-1	1	-	NC_060943.1	41621108	41621407	ECH1	NM_001398.3	-	1	2	129	111	5	6	1	1	1	middle	middle	1.000	1.000	constitutive	constitutive	48	64	1
NC_060943.1	41722065	41722530	-2	1	-	NC_060943.1	41722067	41722503	SARS2	NM_001145901.2	-	2	2	27	1	10	11	2	2	2	middle	middle	1.000	1.000	constitutive	constitutive	108	45	2
NC_060943.1	41904513	41904840	1	1	+	NC_060943.1	41904566	41904839	ACP7	NM_001363687.2	+	1	2	52	1	4	5	13	3	3	middle	middle	0.231	0.231	alternative	alternative	62	114	3
NC_060943.1	41904934	41905249	2	1	+	NC_060943.1	41904935	41905193	ACP7	NM_001004318.3	+	2	2	0	56	7	8	13	8	8	middle	middle	0.615	0.615	alternative	alternative	107	57	8
NC_060943.1	42073416	42073941	1	1	+	NC_060943.1	42073417	42073902	IFNL2	NM_172138.2	+	1	2	0	39	3	4	1	1	1	middle	middle	1.000	1.000	constitutive	constitutive	77	149	1
NC_060943.1	42224826	42225312	1	1	+	NC_060943.1	42225014	42225259	PLEKHG2	NM_001351693.2	+	1	2	187	53	12	13	3	3	3	middle	middle	1.000	1.000	constitutive	constitutive	101	47	3
NC_060943.1	42262958	42263333	3	1	+	NC_060943.1	42263077	42263332	SUPT5H	NM_001111020.3	+	3	2	118	1	5	6	6	6	6	middle	middle	1.000	1.000	constitutive	constitutive	69	68	6
NC_060943.1	42290396	42290894	3	1	+	NC_060943.1	42290442	42290750	TIMM50	NM_001001563.5	+	3	2	45	144	7	8	4	4	4	middle	middle	1.000	1.000	constitutive	constitutive	104	98	4
NC_060943.1	42631489	42632596	-1	1	-	NC_060943.1	42631594	42632578	DYRK1B	NM_004714.3	-	1	3	18	104	6	8	7	7	3	middle	middle	1.000	0.429	constitutive	alternative	146	315	3
NC_060943.1	42631489	42632596	-1	1	-	NC_060943.1	42631594	42632578	DYRK1B	NM_006483.3	-	1	3	18	104	6	8	7	7	4	middle	middle	1.000	0.571	constitutive	alternative	146	195	4
NC_060943.1	42697770	42699429	-2	1	-	NC_060943.1	42697822	42699402	FCGBP	NM_003890.3	-	2	2	27	51	20	21	3	3	3	middle	middle	1.000	1.000	constitutive	constitutive	573	616	3
NC_060943.1	42713461	42715120	-1	1	-	NC_060943.1	42713513	42715093	FCGBP	NM_003890.3	-	1	2	27	51	12	13	3	3	3	middle	middle	1.000	1.000	constitutive	constitutive	573	616	3
NC_060943.1	43043555	43044098	-3	1	-	NC_060943.1	43043653	43044047	CCNP	NM_001411133.1	-	3	2	51	97	4	5	5	2	1	middle	middle	0.400	0.200	alternative	unique	158	151	1
NC_060943.1	43043555	43044098	-3	1	-	NC_060943.1	43043556	43044047	CCNP	NM_024877.4	-	3	2	51	0	4	5	5	2	1	middle	last	0.400	0.200	alternative	unique	158	248	1
NC_060943.1	4306715	4307042	3	1	+	NC_060943.1	4306750	4307042	FSD1	NM_024333.3	+	3	2	34	0	12	13	2	1	1	middle	last	0.500	0.500	unique	unique	88	107	1
NC_060943.1	4308557	4309367	-3	1	-	NC_060943.1	4308617	4308946	STAP2	NM_001013841.2	-	3	2	421	59	10	11	4	4	4	middle	middle	1.000	1.000	constitutive	constitutive	149	92	4
NC_060943.1	43186996	43187422	2	1	+	NC_060943.1	43187003	43187203	PLD3	NM_001031696.4	+	2	2	6	219	1	2	3	3	3	first	middle	1.000	1.000	constitutive	constitutive	26	74	3
NC_060943.1	43374373	43375450	2	1	+	NC_060943.1	43374770	43375269	SPTBN4	NM_020971.3	+	2	2	396	181	22	23	6	5	5	middle	middle	0.833	0.833	alternative	alternative	278	130	5
NC_060943.1	4338305	4338728	3	1	+	NC_060943.1	4338396	4338620	MPND	NM_001300862.2	+	3	2	90	108	7	8	4	3	3	middle	middle	0.750	0.750	alternative	alternative	72	76	3
NC_060943.1	43386006	43386498	1	1	+	NC_060943.1	43386051	43386373	SPTBN4	NM_020971.3	+	1	2	44	125	27	28	6	4	4	middle	middle	0.667	0.667	alternative	alternative	138	84	4
NC_060943.1	4340467	4341157	2	1	+	NC_060943.1	4340702	4341034	MPND	NM_001159846.3	+	2	2	234	123	7	8	4	3	4	middle	middle	0.750	1.000	alternative	constitutive	168	70	3
NC_060943.1	4340467	4341157	2	1	+	NC_060943.1	4340789	4341034	MPND	XM_054322440.1	+	2	2	321	123	9	10	4	1	4	middle	middle	0.250	1.000	unique	constitutive	81	70	1
NC_060943.1	43426730	43427129	3	1	+	NC_060943.1	43426816	43427109	LTBP4	NM_001042544.1	+	3	2	85	20	8	9	3	3	3	middle	middle	1.000	1.000	constitutive	constitutive	74	122	3
NC_060943.1	43428507	43429260	1	1	+	NC_060943.1	43428803	43429186	LTBP4	NM_001042544.1	+	1	2	295	74	11	12	3	3	3	middle	middle	1.000	1.000	constitutive	constitutive	149	119	3
NC_060943.1	43430101	43430602	2	1	+	NC_060943.1	43430115	43430456	LTBP4	NM_001042544.1	+	2	2	13	146	13	14	3	3	3	middle	middle	1.000	1.000	constitutive	constitutive	131	125	3
NC_060943.1	43433630	43434128	3	1	+	NC_060943.1	43433650	43434114	LTBP4	NM_001042544.1	+	3	2	19	14	19	20	3	3	3	middle	middle	1.000	1.000	constitutive	constitutive	131	125	3
NC_060943.1	43534720	43535218	-1	1	-	NC_060943.1	43534759	43535089	COQ8B	NM_001142555.3	-	1	2	129	38	2	3	2	2	2	middle	middle	1.000	1.000	constitutive	constitutive	119	66	2
NC_060943.1	44026745	44027366	3	1	+	NC_060943.1	44026839	44027366	CYP2S1	NM_030622.8	+	3	2	93	0	8	9	3	2	2	middle	last	0.667	0.667	alternative	alternative	141	205	2
NC_060943.1	44051796	44052261	1	1	+	NC_060943.1	44051828	44052159	AXL	NM_001699.6	+	1	2	31	102	5	6	3	2	2	middle	middle	0.667	0.667	alternative	alternative	80	115	2
NC_060943.1	44058750	44059629	1	1	+	NC_060943.1	44058826	44059470	AXL	NM_001278599.2	+	1	2	75	159	1	2	3	1	3	first	middle	0.333	1.000	unique	constitutive	189	139	1
NC_060943.1	44058750	44059629	1	1	+	NC_060943.1	44058805	44059470	AXL	NM_001699.6	+	1	2	54	159	7	8	3	2	3	middle	middle	0.667	1.000	alternative	constitutive	210	139	2
NC_060943.1	44713864	44714302	2	1	+	NC_060943.1	44713946	44714156	ARHGEF1	NM_001396000.1	+	2	2	81	146	9	10	13	13	13	middle	middle	1.000	1.000	constitutive	constitutive	96	35	13
NC_060943.1	44721310	44721967	2	1	+	NC_060943.1	44721381	44721850	ARHGEF1	NM_001396000.1	+	2	2	70	117	15	16	13	13	13	middle	middle	1.000	1.000	constitutive	constitutive	146	82	13
NC_060943.1	44723374	44724004	2	1	+	NC_060943.1	44723531	44723879	ARHGEF1	NM_001396000.1	+	2	2	156	125	21	22	13	12	12	middle	middle	0.923	0.923	alternative	alternative	75	167	12
NC_060943.1	4474998	4475304	1	1	+	NC_060943.1	4475023	4475292	HDGFL2	NM_001001520.3	+	1	2	24	12	5	6	7	7	7	middle	middle	1.000	1.000	constitutive	constitutive	116	71	7
NC_060943.1	4477327	4477996	2	1	+	NC_060943.1	4477443	4477936	HDGFL2	NM_001001520.3	+	2	2	115	60	8	9	7	7	7	middle	middle	1.000	1.000	constitutive	constitutive	75	309	7
NC_060943.1	44797295	44797748	-3	1	-	NC_060943.1	44797297	44797687	ATP1A3	NM_001256213.2	-	3	2	61	1	13	14	4	4	4	middle	middle	1.000	1.000	constitutive	constitutive	175	136	4
NC_060943.1	44941500	44942058	-2	1	-	NC_060943.1	44941720	44941952	POU2F2	NM_001207025.4	-	2	2	106	219	2	3	30	22	30	middle	middle	0.733	1.000	alternative	constitutive	65	34	22
NC_060943.1	44941500	44942058	-2	1	-	NC_060943.1	44941720	44941944	POU2F2	NM_001393934.1	-	2	2	114	219	1	2	30	8	30	first	middle	0.267	1.000	alternative	constitutive	57	34	8
NC_060943.1	45055562	45056336	-3	1	-	NC_060943.1	45055980	45056315	GSK3A	NM_019884.3	-	3	2	21	417	3	4	1	1	1	middle	middle	1.000	1.000	constitutive	constitutive	83	110	1
NC_060943.1	45111904	45112708	2	1	+	NC_060943.1	45111939	45112654	CIC	NM_001304815.2	+	2	2	34	54	14	15	38	23	20	middle	middle	0.605	0.526	alternative	alternative	293	325	15
NC_060943.1	45111904	45112708	2	1	+	NC_060943.1	45111939	45112654	CIC	NM_001379480.1	+	2	2	34	54	14	15	38	23	14	middle	middle	0.605	0.368	alternative	alternative	293	322	8
NC_060943.1	45111904	45112708	2	1	+	NC_060943.1	45111942	45112654	CIC	NM_001439191.1	+	2	2	37	54	14	15	38	11	20	middle	middle	0.289	0.526	alternative	alternative	290	325	5
NC_060943.1	45111904	45112708	2	1	+	NC_060943.1	45111942	45112654	CIC	XM_054320316.1	+	2	2	37	54	14	15	38	11	14	middle	middle	0.289	0.368	alternative	alternative	290	322	6
NC_060943.1	45133873	45134479	2	1	+	NC_060943.1	45134177	45134462	TMEM145	NM_001366910.1	+	2	2	303	17	5	6	5	2	5	middle	middle	0.400	1.000	alternative	constitutive	101	84	2
NC_060943.1	45133873	45134479	2	1	+	NC_060943.1	45134177	45134462	TMEM145	NM_173633.3	+	2	2	303	17	5	6	5	3	5	middle	middle	0.600	1.000	alternative	constitutive	59	84	3
NC_060943.1	45154034	45154877	3	1	+	NC_060943.1	45154419	45154769	MEGF8	NM_001271938.2	+	3	2	384	108	4	5	2	2	2	middle	middle	1.000	1.000	constitutive	constitutive	180	88	2
NC_060943.1	45163783	45164458	2	1	+	NC_060943.1	45163826	45164218	MEGF8	NM_001271938.2	+	2	2	42	240	11	12	2	2	2	middle	middle	1.000	1.000	constitutive	constitutive	144	163	2
NC_060943.1	454033	454561	2	1	+	NC_060943.1	454167	454499	MADCAM1	NM_130760.3	+	2	2	133	62	4	5	2	1	1	middle	middle	0.500	0.500	unique	unique	26	233	1
NC_060943.1	46307126	46307558	-3	1	-	NC_060943.1	46307128	46307471	PHLDB3	NM_198850.4	-	3	2	87	1	9	10	7	6	6	middle	middle	0.857	0.857	alternative	alternative	99	90	6
NC_060943.1	46570036	46570633	-1	1	-	NC_060943.1	46570178	46570633	SMG9	NM_019108.4	-	1	2	0	141	3	4	7	6	6	middle	middle	0.857	0.857	alternative	alternative	264	97	6
NC_060943.1	47581558	47582176	2	1	+	NC_060943.1	47581766	47582164	BCL3	NM_005178.5	+	2	2	207	12	4	5	8	8	8	middle	middle	1.000	1.000	constitutive	constitutive	204	88	8
NC_060943.1	47645017	47645650	2	1	+	NC_060943.1	47645437	47645650	BCAM	NM_005581.5	+	2	2	419	0	14	15	2	1	1	middle	last	0.500	0.500	unique	unique	117	2	1
NC_060943.1	47710484	47711024	3	1	+	NC_060943.1	47710658	47710940	NECTIN2	NM_001042724.2	+	3	2	173	84	7	8	3	1	1	middle	middle	0.333	0.333	unique	unique	63	86	1
NC_060943.1	48054617	48054911	-3	1	-	NC_060943.1	48054619	48054911	EXOC3L2	NM_001382422.1	-	3	2	0	1	4	5	1	1	1	middle	middle	1.000	1.000	constitutive	constitutive	101	100	1
NC_060943.1	48091325	48091637	3	1	+	NC_060943.1	48091354	48091580	MARK4	NM_001199867.2	+	3	2	28	57	5	6	3	3	3	middle	middle	1.000	1.000	constitutive	constitutive	65	70	3
NC_060943.1	48184494	48184842	-2	1	-	NC_060943.1	48184510	48184783	ERCC2	NM_000400.4	-	2	2	59	15	14	15	5	4	4	middle	middle	0.800	0.800	alternative	alternative	69	101	4
NC_060943.1	48212517	48213438	-2	1	-	NC_060943.1	48212799	48213417	PPP1R13L	NM_001142502.2	-	2	2	21	281	8	10	5	4	4	middle	middle	0.800	0.800	alternative	alternative	131	166	4
NC_060943.1	48222900	48223743	-2	1	-	NC_060943.1	48223399	48223667	PPP1R13L	NM_001142502.2	-	2	2	76	498	4	5	5	5	5	middle	middle	1.000	1.000	constitutive	constitutive	98	91	5
NC_060943.1	48315878	48316289	-3	1	-	NC_060943.1	48315896	48316245	RTN2	NM_005619.5	-	3	2	44	17	7	8	5	5	5	middle	middle	1.000	1.000	constitutive	constitutive	138	69	5
NC_060943.1	48321416	48322301	-3	1	-	NC_060943.1	48321431	48322270	RTN2	NM_005619.5	-	3	2	31	14	3	4	5	4	4	middle	middle	0.800	0.800	alternative	alternative	479	254	4
NC_060943.1	48598986	48599490	-2	1	-	NC_060943.1	48599058	48599418	DMPK	NM_001081560.3	-	2	2	72	71	11	12	11	11	11	middle	middle	1.000	1.000	constitutive	constitutive	157	97	11
NC_060943.1	48951291	48951810	-2	1	-	NC_060943.1	48951293	48951728	IGFL3	NM_207393.2	-	2	2	82	1	2	3	2	2	2	middle	middle	1.000	1.000	constitutive	constitutive	53	270	2
NC_060943.1	49057140	49057941	1	1	+	NC_060943.1	49057198	49057940	IGFL1	NM_198541.2	+	1	2	57	1	1	3	1	1	1	first	middle	1.000	1.000	constitutive	constitutive	24	243	1
NC_060943.1	4929340	4929793	2	1	+	NC_060943.1	4929358	4929676	UHRF1	NM_001048201.3	+	2	2	17	117	7	8	9	9	9	middle	middle	1.000	1.000	constitutive	constitutive	123	107	9
NC_060943.1	50085654	50086629	1	1	+	NC_060943.1	50085655	50086173	CCDC9	NM_015603.3	+	1	2	0	456	3	4	3	3	3	middle	middle	1.000	1.000	constitutive	constitutive	101	251	3
NC_060943.1	50095861	50096689	2	1	+	NC_060943.1	50095881	50096515	CCDC9	NM_015603.3	+	2	2	19	174	9	10	3	3	3	middle	middle	1.000	1.000	constitutive	constitutive	135	105	3
NC_060943.1	50529610	50530243	2	1	+	NC_060943.1	50529789	50530229	BICRA	NM_001394372.1	+	2	2	178	14	11	12	2	2	2	middle	middle	1.000	1.000	constitutive	constitutive	94	102	2
NC_060943.1	51297758	51298442	-3	1	-	NC_060943.1	51297809	51298299	ODAD1	NM_001364171.2	-	3	2	143	50	7	8	2	2	2	middle	middle	1.000	1.000	constitutive	constitutive	187	134	2
NC_060943.1	51791375	51792080	-3	1	-	NC_060943.1	51791451	51791741	BCAT2	NM_001164773.2	-	3	2	339	75	7	8	3	3	3	middle	middle	1.000	1.000	constitutive	constitutive	140	74	3
NC_060943.1	51794695	51795454	-1	1	-	NC_060943.1	51794697	51795319	BCAT2	NM_001164773.2	-	1	2	135	1	2	4	3	3	3	middle	middle	1.000	1.000	constitutive	constitutive	110	163	3
NC_060943.1	5206487	5207066	-3	1	-	NC_060943.1	5206533	5206947	PTPRS	NM_001394011.1	-	3	2	119	45	16	17	35	35	35	middle	middle	1.000	1.000	constitutive	constitutive	93	215	35
NC_060943.1	52134365	52134971	3	1	+	NC_060943.1	52134399	52134819	PPFIA3	NM_003660.4	+	3	2	33	152	16	17	4	4	4	middle	middle	1.000	1.000	constitutive	constitutive	163	127	4
NC_060943.1	52414568	52414979	3	1	+	NC_060943.1	52414590	52414979	KASH5	XM_054319892.1	+	3	2	21	0	17	18	9	1	1	middle	last	0.111	0.111	unique	unique	107	179	1
NC_060943.1	52428542	52429433	-3	1	-	NC_060943.1	52428594	52429027	SLC17A7	NM_020309.4	-	3	2	406	51	10	11	1	1	1	middle	middle	1.000	1.000	constitutive	constitutive	110	127	1
NC_060943.1	52556554	52557367	-1	1	-	NC_060943.1	52556556	52557256	NOSIP	NM_001270960.2	-	1	3	111	1	4	6	10	6	10	middle	middle	0.600	1.000	alternative	constitutive	159	187	6
NC_060943.1	52556554	52557367	-1	1	-	NC_060943.1	52556556	52557256	NOSIP	NM_001363649.3	-	1	3	111	1	4	6	10	4	10	middle	middle	0.400	1.000	alternative	constitutive	168	187	4
NC_060943.1	52594424	52598057	3	1	+	NC_060943.1	52594477	52598036	PRR12	NM_020719.3	+	3	2	52	21	3	4	1	1	1	middle	middle	1.000	1.000	constitutive	constitutive	161	3316	1
NC_060943.1	52663188	52663665	-2	1	-	NC_060943.1	52663258	52663584	IRF3	NM_001197122.2	-	2	2	81	69	2	3	18	11	11	middle	middle	0.611	0.611	alternative	alternative	171	70	11
NC_060943.1	52832163	52832607	1	1	+	NC_060943.1	52832238	52832553	MED25	NM_001378355.1	+	1	2	74	54	12	13	5	5	5	middle	middle	1.000	1.000	constitutive	constitutive	57	107	5
NC_060943.1	52853867	52854872	3	1	+	NC_060943.1	52854543	52854871	PTOV1	NM_001305105.2	+	3	2	675	1	2	3	10	8	8	middle	middle	0.800	0.800	alternative	alternative	137	82	8
NC_060943.1	52862623	52862875	-1	1	-	NC_060943.1	52862675	52862875	PNKP	NM_007254.4	-	1	2	0	51	8	9	1	1	1	middle	middle	1.000	1.000	constitutive	constitutive	48	70	1
NC_060943.1	52884578	52884956	3	1	+	NC_060943.1	52884595	52884894	TBC1D17	NM_001168222.2	+	3	2	16	62	11	12	4	4	4	middle	middle	1.000	1.000	constitutive	constitutive	100	99	4
NC_060943.1	52887550	52888846	2	1	+	NC_060943.1	52887612	52888453	TBC1D17	NM_001168222.2	+	2	3	61	393	13	15	4	3	2	middle	middle	0.750	0.500	alternative	alternative	97	86	2
NC_060943.1	52887550	52888846	2	1	+	NC_060943.1	52887612	52887970	TBC1D17	XM_054322172.1	+	2	2	61	876	14	15	4	3	3	middle	middle	0.750	0.750	alternative	alternative	97	116	1
NC_060943.1	53407784	53408336	-3	1	-	NC_060943.1	53407785	53408320	KCNC3	NM_001372305.1	-	3	2	16	0	3	4	2	2	2	middle	last	1.000	1.000	constitutive	constitutive	191	100	2
NC_060943.1	53503871	53504738	3	1	+	NC_060943.1	53503953	53504654	POLD1	NM_001256849.1	+	3	3	81	84	22	24	12	12	12	middle	middle	1.000	1.000	constitutive	constitutive	132	52	12
NC_060943.1	53545770	53546919	1	1	+	NC_060943.1	53546126	53546845	MYBPC2	NM_004533.4	+	1	2	355	74	21	23	1	1	1	middle	middle	1.000	1.000	constitutive	constitutive	167	195	1
NC_060943.1	53549058	53549613	1	1	+	NC_060943.1	53549059	53549553	MYBPC2	NM_004533.4	+	1	2	0	60	25	26	1	1	1	middle	middle	1.000	1.000	constitutive	constitutive	159	136	1
NC_060943.1	53805060	53805762	-2	1	-	NC_060943.1	53805085	53805729	SHANK1	NM_016148.5	-	2	2	33	24	1	2	4	3	3	first	middle	0.750	0.750	alternative	alternative	254	203	3
NC_060943.1	53884236	53884644	1	1	+	NC_060943.1	53884275	53884644	ACP4	NM_033068.3	+	1	2	38	0	10	11	1	1	1	middle	last	1.000	1.000	constitutive	constitutive	178	112	1
NC_060943.1	54790161	54790554	1	1	+	NC_060943.1	54790184	54790500	SPACA6	NM_001316972.2	+	1	2	22	54	5	6	4	4	4	middle	middle	1.000	1.000	constitutive	constitutive	77	109	4
NC_060943.1	567379	568549	2	1	+	NC_060943.1	567554	568322	HCN2	NM_001194.4	+	2	2	174	227	6	7	1	1	1	middle	middle	1.000	1.000	constitutive	constitutive	240	164	1
NC_060943.1	57174242	57175985	-3	1	-	NC_060943.1	57174243	57175852	OSCAR	NM_001282349.3	-	3	2	133	0	3	4	6	6	3	middle	last	1.000	0.500	constitutive	alternative	302	472	3
NC_060943.1	57174242	57175985	-3	1	-	NC_060943.1	57174434	57175852	OSCAR	NM_130771.6	-	3	2	133	191	4	5	6	6	3	middle	middle	1.000	0.500	constitutive	alternative	302	281	3
NC_060943.1	57186662	57187166	-3	1	-	NC_060943.1	57186723	57187092	TFPT	NM_001321792.2	-	3	2	74	60	3	4	3	2	3	middle	middle	0.667	1.000	alternative	constitutive	69	218	2
NC_060943.1	57186662	57187166	-3	1	-	NC_060943.1	57186723	57187085	TFPT	XM_054320762.1	-	3	2	81	60	1	2	3	1	3	first	middle	0.333	1.000	unique	constitutive	62	218	1
NC_060943.1	57298475	57299210	-3	1	-	NC_060943.1	57298749	57299070	LILRB3	NM_001081450.3	-	3	2	140	273	10	11	6	6	4	middle	middle	1.000	0.667	constitutive	alternative	37	52	4
NC_060943.1	57298475	57299210	-3	1	-	NC_060943.1	57298749	57299070	LILRB3	XM_054319652.1	-	3	2	140	273	11	12	6	6	2	middle	middle	1.000	0.333	constitutive	alternative	37	55	2
NC_060943.1	57302147	57303026	-3	1	-	NC_060943.1	57302216	57302950	LILRB3	NM_001081450.3	-	3	2	76	68	3	4	6	6	6	middle	middle	1.000	1.000	constitutive	constitutive	284	302	6
NC_060943.1	57321902	57322781	-3	1	-	NC_060943.1	57321971	57322705	LILRA6	XM_054322804.1	-	3	2	76	68	3	4	4	4	4	middle	middle	1.000	1.000	constitutive	constitutive	284	302	4
NC_060943.1	57360269	57361535	-3	1	-	NC_060943.1	57360650	57361498	LILRB2	NM_001080978.4	-	3	2	37	380	5	6	6	6	6	middle	middle	1.000	1.000	constitutive	constitutive	296	302	6
NC_060943.1	57401101	57401962	-1	1	-	NC_060943.1	57401185	57401919	LILRA5	NM_021250.4	-	1	2	43	83	4	5	4	4	2	middle	middle	1.000	0.500	constitutive	alternative	284	302	2
NC_060943.1	57401101	57401962	-1	1	-	NC_060943.1	57401102	57401919	LILRA5	NM_181879.3	-	1	2	43	0	4	5	4	4	2	middle	last	1.000	0.500	constitutive	alternative	284	385	2
NC_060943.1	57551285	57552182	3	1	+	NC_060943.1	57551382	57552182	LENG8	NM_001375638.1	+	3	2	96	0	13	14	15	15	9	middle	last	1.000	0.600	constitutive	alternative	129	589	9
NC_060943.1	57551285	57552182	3	1	+	NC_060943.1	57551382	57551800	LENG8	NM_001438286.1	+	3	2	96	382	13	14	15	15	6	middle	middle	1.000	0.400	constitutive	alternative	129	207	6
NC_060943.1	57757242	57758187	1	1	+	NC_060943.1	57757280	57758011	LILRB4	NM_001278426.4	+	1	2	37	176	3	4	26	26	26	middle	middle	1.000	1.000	constitutive	constitutive	284	299	26
NC_060943.1	57907974	57908412	1	1	+	NC_060943.1	57907994	57908412	KIR2DL4	NM_002255.6	+	1	2	19	0	7	8	1	1	1	middle	last	1.000	1.000	constitutive	constitutive	52	266	1
NC_060943.1	57960668	57961043	3	1	+	NC_060943.1	57960685	57961043	KIR3DL2	NM_001242867.2	+	3	2	16	0	7	8	2	2	2	middle	last	1.000	1.000	constitutive	constitutive	52	206	2
NC_060943.1	58176262	58176898	2	1	+	NC_060943.1	58176263	58176670	EPS8L1	NM_017729.4	+	2	2	0	228	4	5	6	6	6	middle	middle	1.000	1.000	constitutive	constitutive	126	88	6
NC_060943.1	58187110	58187449	-1	1	-	NC_060943.1	58187112	58187355	PPP1R12C	NM_001271618.2	-	1	2	94	1	16	17	4	2	4	middle	middle	0.500	1.000	alternative	constitutive	82	40	2
NC_060943.1	58187110	58187449	-1	1	-	NC_060943.1	58187112	58187358	PPP1R12C	NM_017607.4	-	1	2	91	1	16	17	4	2	4	middle	middle	0.500	1.000	alternative	constitutive	85	40	2
NC_060943.1	58227559	58228072	-1	1	-	NC_060943.1	58227561	58227830	TNNT1	NM_001126132.3	-	1	2	242	1	11	12	7	6	7	middle	middle	0.857	1.000	alternative	constitutive	90	40	6
NC_060943.1	58227559	58228072	-1	1	-	NC_060943.1	58227561	58227878	TNNT1	NM_003283.6	-	1	2	194	1	11	12	7	1	7	middle	middle	0.143	1.000	unique	constitutive	138	40	1
NC_060943.1	58254697	58255507	-1	1	-	NC_060943.1	58255124	58255477	DNAAF3	NM_001256714.1	-	1	2	30	426	7	8	4	4	4	middle	middle	1.000	1.000	constitutive	constitutive	125	122	4
NC_060943.1	58389590	58389962	3	1	+	NC_060943.1	58389749	58389932	BRSK1	NM_032430.2	+	3	2	158	30	6	7	1	1	1	middle	middle	1.000	1.000	constitutive	constitutive	33	68	1
NC_060943.1	58585663	58586611	2	1	+	NC_060943.1	58585782	58586423	SSC5D	NM_001144950.2	+	2	2	118	188	3	4	2	2	2	middle	middle	1.000	1.000	constitutive	constitutive	308	113	2
NC_060943.1	59668797	59669232	1	1	+	NC_060943.1	59668798	59669137	ZNF470	NM_001001668.4	+	1	2	0	95	2	3	3	2	3	middle	middle	0.667	1.000	alternative	constitutive	126	95	2
NC_060943.1	59668797	59669232	1	1	+	NC_060943.1	59668891	59669137	ZNF470	XM_054320971.1	+	1	2	93	95	1	2	3	1	3	first	middle	0.333	1.000	unique	constitutive	33	95	1
NC_060943.1	61070923	61071397	-1	1	-	NC_060943.1	61071043	61071376	C19orf18	NM_152474.5	-	1	2	21	119	1	2	1	1	1	first	middle	1.000	1.000	constitutive	constitutive	120	104	1
NC_060943.1	61594586	61595000	-3	1	-	NC_060943.1	61594587	61594984	SLC27A5	NM_001321196.2	-	3	2	16	0	9	10	4	2	2	middle	last	0.500	0.500	alternative	alternative	130	173	2
NC_060943.1	61645761	61646541	1	1	+	NC_060943.1	61646162	61646452	TRIM28	NM_005762.3	+	1	2	400	89	9	10	1	1	1	middle	middle	1.000	1.000	constitutive	constitutive	106	36	1
NC_060943.1	61647624	61648014	1	1	+	NC_060943.1	61647625	61647960	TRIM28	NM_005762.3	+	1	2	0	54	15	16	1	1	1	middle	middle	1.000	1.000	constitutive	constitutive	86	137	1
NC_060943.1	61649327	61649942	-3	1	-	NC_060943.1	61649328	61649861	CHMP2A	NM_014453.4	-	3	3	81	0	3	5	4	4	2	middle	last	1.000	0.500	constitutive	alternative	130	124	2
NC_060943.1	61649327	61649942	-3	1	-	NC_060943.1	61649328	61649861	CHMP2A	XM_054320574.1	-	3	2	81	0	3	4	4	4	2	middle	last	1.000	0.500	constitutive	alternative	130	315	2
NC_060943.1	6370057	6370594	-1	1	-	NC_060943.1	6370261	6370517	GTF2F1	NM_002096.3	-	1	2	77	203	8	9	2	2	2	middle	middle	1.000	1.000	constitutive	constitutive	61	119	2
NC_060943.1	6403909	6404686	-1	1	-	NC_060943.1	6403910	6404340	KHSRP	NM_001366299.1	-	1	2	346	0	18	19	3	3	1	middle	last	1.000	0.333	constitutive	unique	77	274	1
NC_060943.1	6403909	6404686	-1	1	-	NC_060943.1	6404024	6404340	KHSRP	NM_001366300.1	-	1	2	346	114	18	19	3	3	2	middle	middle	1.000	0.667	constitutive	alternative	77	160	2
NC_060943.1	6405120	6405966	-2	1	-	NC_060943.1	6405373	6405765	KHSRP	NM_001366299.1	-	2	2	201	252	13	14	3	3	3	middle	middle	1.000	1.000	constitutive	constitutive	144	160	3
NC_060943.1	6419217	6419877	-2	1	-	NC_060943.1	6419242	6419628	SLC25A41	NM_001321298.2	-	2	2	249	24	1	2	2	1	2	first	middle	0.500	1.000	unique	constitutive	101	107	1
NC_060943.1	6419217	6419877	-2	1	-	NC_060943.1	6419242	6419679	SLC25A41	NM_173637.4	-	2	2	198	24	3	4	2	1	2	middle	middle	0.500	1.000	unique	constitutive	152	107	1
NC_060943.1	648828	649605	-2	1	-	NC_060943.1	648830	649446	PRSS57	NM_001308209.2	-	2	2	159	1	1	2	2	2	1	first	middle	1.000	0.500	constitutive	unique	78	153	1
NC_060943.1	648828	649605	-2	1	-	NC_060943.1	648830	649446	PRSS57	NM_214710.5	-	2	2	159	1	1	2	2	2	1	first	middle	1.000	0.500	constitutive	unique	78	156	1
NC_060943.1	6667780	6668119	-1	1	-	NC_060943.1	6667782	6668085	C3	NM_000064.4	-	1	2	34	1	39	40	1	1	1	middle	middle	1.000	1.000	constitutive	constitutive	83	135	1
NC_060943.1	6674024	6674408	-3	1	-	NC_060943.1	6674026	6674288	C3	NM_000064.4	-	3	2	120	1	32	33	1	1	1	middle	middle	1.000	1.000	constitutive	constitutive	90	51	1
NC_060943.1	6674319	6674784	-2	1	-	NC_060943.1	6674413	6674784	C3	NM_000064.4	-	2	2	0	93	30	31	1	1	1	middle	middle	1.000	1.000	constitutive	constitutive	158	59	1
NC_060943.1	6696419	6696983	-3	1	-	NC_060943.1	6696482	6696943	C3	NM_000064.4	-	3	2	40	62	16	17	1	1	1	middle	middle	1.000	1.000	constitutive	constitutive	71	197	1
NC_060943.1	6699174	6700689	-2	1	-	NC_060943.1	6700045	6700602	C3	NM_000064.4	-	2	2	87	870	12	13	1	1	1	middle	middle	1.000	1.000	constitutive	constitutive	209	206	1
NC_060943.1	6720341	6720740	-3	1	-	NC_060943.1	6720387	6720682	GPR108	NM_001394717.1	-	3	2	58	45	15	16	18	2	2	middle	middle	0.111	0.111	alternative	alternative	83	124	2
NC_060943.1	6720385	6720868	-1	1	-	NC_060943.1	6720387	6720682	GPR108	NM_001080452.2	-	1	2	186	1	16	17	18	10	9	middle	middle	0.556	0.500	alternative	alternative	83	124	8
NC_060943.1	6720385	6720868	-1	1	-	NC_060943.1	6720387	6720634	GPR108	NM_001394720.1	-	1	2	234	1	16	17	18	1	9	middle	middle	0.056	0.500	unique	alternative	35	124	1
NC_060943.1	6720385	6720868	-1	1	-	NC_060943.1	6720387	6720682	GPR108	NM_001394722.1	-	1	2	186	1	16	17	18	10	2	middle	middle	0.556	0.111	alternative	alternative	83	67	2
NC_060943.1	6739239	6739827	1	1	+	NC_060943.1	6739329	6739826	TRIP10	NM_001288962.2	+	1	2	89	1	12	13	5	4	4	middle	middle	0.800	0.800	alternative	alternative	132	139	4
NC_060943.1	6887554	6888043	2	1	+	NC_060943.1	6887625	6888015	ADGRE1	XM_054320175.1	+	2	2	70	28	6	7	6	1	1	middle	middle	0.167	0.167	unique	unique	155	111	1
NC_060943.1	6926521	6927136	2	1	+	NC_060943.1	6926563	6926968	ADGRE1	NM_001256252.2	+	2	2	41	168	18	19	6	6	6	middle	middle	1.000	1.000	constitutive	constitutive	168	104	6
NC_060943.1	7542020	7542512	3	1	+	NC_060943.1	7542090	7542420	PNPLA6	NM_001166111.2	+	3	2	69	92	9	10	5	5	5	middle	middle	1.000	1.000	constitutive	constitutive	80	162	5
NC_060943.1	7543175	7543841	3	1	+	NC_060943.1	7543297	7543820	PNPLA6	NM_001166111.2	+	3	3	121	21	12	14	5	5	4	middle	middle	1.000	0.800	constitutive	alternative	109	77	4
NC_060943.1	7543175	7543841	3	1	+	NC_060943.1	7543297	7543664	PNPLA6	NM_001166112.2	+	3	2	121	177	12	13	5	5	5	middle	middle	1.000	1.000	constitutive	constitutive	109	167	1
NC_060943.1	758693	759578	3	1	+	NC_060943.1	758769	759416	PTBP1	NM_001411140.1	+	3	3	75	162	5	7	6	6	6	middle	middle	1.000	1.000	constitutive	constitutive	146	110	6
NC_060943.1	7611323	7612178	3	1	+	NC_060943.1	7611355	7612047	CAMSAP3	NM_001080429.3	+	3	3	31	131	8	11	2	2	2	middle	middle	1.000	1.000	constitutive	constitutive	139	73	2
NC_060943.1	762721	763240	2	1	+	NC_060943.1	762837	763239	PTBP1	NM_001411140.1	+	2	2	115	1	12	13	6	5	5	middle	middle	0.833	0.833	alternative	alternative	92	216	5
NC_060943.1	7643331	7644066	1	1	+	NC_060943.1	7643649	7643931	STXBP2	NM_001127396.3	+	1	2	317	135	11	12	4	4	4	middle	middle	1.000	1.000	constitutive	constitutive	57	65	4
NC_060943.1	7679547	7679997	1	1	+	NC_060943.1	7679810	7679997	MCEMP1	NM_174918.3	+	1	2	262	0	6	7	1	1	1	middle	last	1.000	1.000	constitutive	constitutive	59	13	1
NC_060943.1	7730704	7731538	-1	1	-	NC_060943.1	7731047	7731468	CLEC4G	NM_001244856.2	-	1	2	70	342	6	7	2	2	2	middle	middle	1.000	1.000	constitutive	constitutive	89	148	2
NC_060943.1	7862538	7863366	1	1	+	NC_060943.1	7862836	7863234	EVI5L	NM_001159944.3	+	1	2	297	132	14	15	2	2	2	middle	middle	1.000	1.000	constitutive	constitutive	140	155	2
NC_060943.1	7863694	7864390	2	1	+	NC_060943.1	7863929	7864237	EVI5L	NM_001159944.3	+	2	2	234	153	17	18	2	2	2	middle	middle	1.000	1.000	constitutive	constitutive	95	95	2
NC_060943.1	7911380	7911938	3	1	+	NC_060943.1	7911408	7911758	MAP2K7	NM_001297555.2	+	3	2	27	180	6	7	4	4	4	middle	middle	1.000	1.000	constitutive	constitutive	119	107	4
NC_060943.1	7911811	7912321	2	1	+	NC_060943.1	7911935	7912285	MAP2K7	NM_001297555.2	+	2	2	123	36	8	9	4	4	4	middle	middle	1.000	1.000	constitutive	constitutive	179	80	4
NC_060943.1	8137186	8137741	-1	1	-	NC_060943.1	8137264	8137605	FBN3	NM_001321431.2	-	1	2	136	77	10	11	10	8	8	middle	middle	0.800	0.800	alternative	alternative	143	119	8
NC_060943.1	8288994	8289528	-2	1	-	NC_060943.1	8288995	8289509	CD320	NM_001165895.2	-	2	2	19	0	3	4	2	2	2	middle	last	1.000	1.000	constitutive	constitutive	203	139	2
NC_060943.1	8478056	8478353	-3	1	-	NC_060943.1	8478058	8478338	PRAM1	NM_032152.5	-	3	2	15	1	7	8	4	4	4	middle	middle	1.000	1.000	constitutive	constitutive	162	33	4
NC_060943.1	8517767	8518235	-3	1	-	NC_060943.1	8517777	8518154	MYO1F	NM_001348355.2	-	3	2	81	9	20	21	10	8	8	middle	middle	0.800	0.800	alternative	alternative	114	169	8
NC_060943.1	8535392	8535773	-3	1	-	NC_060943.1	8535453	8535734	MYO1F	NM_001348355.2	-	3	2	39	60	11	12	10	10	10	middle	middle	1.000	1.000	constitutive	constitutive	80	86	10
NC_060943.1	9007901	9008420	-3	1	-	NC_060943.1	9007940	9008296	MUC16	NM_001401501.2	-	3	2	124	38	71	72	4	3	3	middle	middle	0.750	0.750	alternative	alternative	35	65	3
NC_060943.1	953405	954281	3	1	+	NC_060943.1	953553	954045	WDR18	NM_001372085.1	+	3	2	147	236	5	7	3	3	3	middle	middle	1.000	1.000	constitutive	constitutive	143	124	3
NC_060943.1	970279	971029	2	1	+	NC_060943.1	970525	970960	GRIN3B	NM_138690.3	+	2	2	245	69	5	6	1	1	1	middle	middle	1.000	1.000	constitutive	constitutive	115	151	1
NC_060943.1	974308	974764	-1	1	-	NC_060943.1	974410	974661	TMEM259	NM_001033026.2	-	1	2	103	101	6	7	10	10	10	middle	middle	1.000	1.000	constitutive	constitutive	100	57	10
NC_060944.1	17672154	17672730	-1	1	-	NC_060944.1	17672356	17672613	RRBP1	NM_001042576.2	-	1	2	117	201	13	14	3	3	3	middle	middle	1.000	1.000	constitutive	constitutive	92	83	3
NC_060944.1	17709261	17711652	-1	1	-	NC_060944.1	17709276	17711628	RRBP1	NM_001042576.2	-	1	2	24	14	1	2	3	2	2	first	middle	0.667	0.667	alternative	alternative	527	84	2
NC_060944.1	17709261	17711652	-1	1	-	NC_060944.1	17709267	17711628	RRBP1	NM_001365613.2	-	1	2	24	5	1	2	3	1	1	first	middle	0.333	0.333	unique	unique	1262	648	1
NC_060944.1	2694174	2694789	-1	1	-	NC_060944.1	2694406	2694669	IDH3B	NM_001258384.3	-	1	2	120	231	1	2	4	4	4	first	middle	1.000	1.000	constitutive	constitutive	35	80	4
NC_060944.1	2779627	2780443	2	1	+	NC_060944.1	2780061	2780414	EBF4	NM_001110514.2	+	2	2	433	29	10	11	7	7	7	middle	middle	1.000	1.000	constitutive	constitutive	133	126	7
NC_060944.1	2782424	2783087	3	1	+	NC_060944.1	2782527	2782986	EBF4	NM_001110514.2	+	3	2	102	101	14	15	7	7	6	middle	middle	1.000	0.857	constitutive	alternative	177	188	6
NC_060944.1	2782424	2783087	3	1	+	NC_060944.1	2782527	2782896	EBF4	XM_054323776.1	+	3	2	102	191	13	14	7	7	1	middle	middle	1.000	0.143	constitutive	unique	177	98	1
NC_060944.1	2828625	2829492	-1	1	-	NC_060944.1	2828627	2829368	CPXM1	NM_001184699.2	-	1	2	124	1	2	4	2	2	2	middle	middle	1.000	1.000	constitutive	constitutive	167	139	2
NC_060944.1	2890796	2891270	3	1	+	NC_060944.1	2890900	2891213	VPS16	NM_022575.4	+	3	2	103	57	3	4	2	2	2	middle	middle	1.000	1.000	constitutive	constitutive	97	128	2
NC_060944.1	2893364	2893892	3	1	+	NC_060944.1	2893425	2893780	VPS16	NM_022575.4	+	3	2	60	112	12	13	2	1	1	middle	middle	0.500	0.500	unique	unique	131	127	1
NC_060944.1	3261649	3262216	-3	1	-	NC_060944.1	3261682	3262192	SLC4A11	NM_001174089.2	-	3	3	24	32	9	11	17	17	13	middle	middle	1.000	0.765	constitutive	alternative	93	113	13
NC_060944.1	3261649	3262216	-3	1	-	NC_060944.1	3261883	3262192	SLC4A11	NM_001363745.2	-	3	2	24	233	9	10	17	17	17	middle	middle	1.000	1.000	constitutive	constitutive	93	125	3
NC_060944.1	33555237	33555750	1	1	+	NC_060944.1	33555427	33555749	MYLK2	NM_033118.4	+	1	2	189	1	8	9	1	1	1	middle	middle	1.000	1.000	constitutive	constitutive	70	128	1
NC_060944.1	34809659	34810616	3	1	+	NC_060944.1	34809679	34810615	BPIFB4	NM_182519.3	+	3	2	19	1	2	3	1	1	1	middle	middle	1.000	1.000	constitutive	constitutive	62	507	1
NC_060944.1	36716888	36717395	3	1	+	NC_060944.1	36716982	36717394	MYH7B	NM_020884.7	+	3	2	93	1	25	26	8	8	8	middle	middle	1.000	1.000	constitutive	constitutive	176	145	8
NC_060944.1	36720154	36720778	2	1	+	NC_060944.1	36720210	36720543	MYH7B	NM_020884.7	+	2	2	55	235	33	34	8	8	8	middle	middle	1.000	1.000	constitutive	constitutive	124	115	8
NC_060944.1	36721839	36722292	1	1	+	NC_060944.1	36721882	36722163	MYH7B	NM_020884.7	+	1	2	42	129	38	39	8	8	8	middle	middle	1.000	1.000	constitutive	constitutive	104	95	8
NC_060944.1	47638758	47639244	-1	1	-	NC_060944.1	47638760	47639097	PLTP	NM_001242920.2	-	1	2	147	1	8	9	5	5	5	middle	middle	1.000	1.000	constitutive	constitutive	164	67	5
NC_060944.1	47682034	47682442	2	1	+	NC_060944.1	47682086	47682441	PCIF1	NM_022104.4	+	2	2	51	1	11	12	5	5	5	middle	middle	1.000	1.000	constitutive	constitutive	86	184	5
NC_060944.1	47685172	47685478	-3	1	-	NC_060944.1	47685223	47685451	ZNF335	NM_022095.4	-	3	2	27	50	25	26	6	3	3	middle	middle	0.500	0.500	alternative	alternative	65	81	3
NC_060944.1	47779625	47779946	3	1	+	NC_060944.1	47779645	47779945	SLC12A5	NM_001134771.2	+	3	2	19	1	10	11	2	2	2	middle	middle	1.000	1.000	constitutive	constitutive	98	57	2
NC_060944.1	47793074	47793617	3	1	+	NC_060944.1	47793185	47793617	SLC12A5	NM_001134771.2	+	3	2	110	0	25	26	2	2	2	middle	last	1.000	1.000	constitutive	constitutive	133	88	2
NC_060944.1	47922405	47923047	-1	1	-	NC_060944.1	47922654	47923013	CDH22	NM_021248.3	-	1	2	34	248	8	9	6	3	3	middle	middle	0.500	0.500	alternative	alternative	121	117	3
NC_060944.1	52378046	52378424	-2	1	-	NC_060944.1	52378048	52378397	RIPOR3	NM_001290268.2	-	2	2	27	1	10	11	13	11	12	middle	middle	0.846	0.923	alternative	alternative	125	145	11
NC_060944.1	52378046	52378424	-2	1	-	NC_060944.1	52378048	52378391	RIPOR3	XM_054323042.1	-	2	2	33	1	1	2	13	1	12	first	middle	0.077	0.923	unique	alternative	119	145	1
NC_060944.1	53389341	53389938	-1	1	-	NC_060944.1	53389404	53389785	ATP9A	NM_006045.3	-	1	2	153	62	20	21	1	1	1	middle	middle	1.000	1.000	constitutive	constitutive	89	144	1
NC_060944.1	58408659	58409391	1	1	+	NC_060944.1	58408735	58409386	TFAP2C	NM_003222.4	+	1	2	75	5	2	3	1	1	1	middle	middle	1.000	1.000	constitutive	constitutive	485	51	1
NC_060944.1	59388228	59388615	-1	1	-	NC_060944.1	59388229	59388590	ZBP1	XM_054324082.1	-	1	2	25	0	7	8	11	1	1	middle	last	0.091	0.091	unique	unique	162	33	1
NC_060944.1	64102152	64102659	-1	1	-	NC_060944.1	64102154	64102528	LAMA5	NM_005560.6	-	1	2	131	1	72	73	9	3	8	middle	middle	0.333	0.889	alternative	alternative	135	145	3
NC_060944.1	64102152	64102659	-1	1	-	NC_060944.1	64102154	64102528	LAMA5	XM_054323442.1	-	1	2	131	1	72	73	9	5	8	middle	middle	0.556	0.889	alternative	alternative	150	145	5
NC_060944.1	64103435	64104527	-2	1	-	NC_060944.1	64103880	64104452	LAMA5	NM_005560.6	-	2	2	75	444	64	66	9	8	8	middle	middle	0.889	0.889	alternative	alternative	133	122	8
NC_060944.1	64104397	64105495	-3	1	-	NC_060944.1	64104641	64105435	LAMA5	NM_005560.6	-	3	2	60	243	62	63	9	8	8	middle	middle	0.889	0.889	alternative	alternative	136	153	8
NC_060944.1	64107336	64108179	-1	1	-	NC_060944.1	64107666	64108018	LAMA5	NM_005560.6	-	1	2	161	329	56	57	9	8	8	middle	middle	0.889	0.889	alternative	alternative	141	102	8
NC_060944.1	64108245	64108911	-1	1	-	NC_060944.1	64108340	64108773	LAMA5	NM_005560.6	-	1	2	138	94	54	55	9	8	8	middle	middle	0.889	0.889	alternative	alternative	116	154	8
NC_060944.1	64115354	64115915	-2	1	-	NC_060944.1	64115490	64115821	LAMA5	NM_005560.6	-	2	2	94	135	49	50	9	9	9	middle	middle	1.000	1.000	constitutive	constitutive	151	110	9
NC_060944.1	64129905	64130343	-1	1	-	NC_060944.1	64130016	64130264	LAMA5	NM_005560.6	-	1	2	79	110	19	20	9	9	9	middle	middle	1.000	1.000	constitutive	constitutive	52	105	9
NC_060944.1	64131067	64131805	-3	1	-	NC_060944.1	64131334	64131780	LAMA5	NM_005560.6	-	3	2	25	266	17	18	9	9	9	middle	middle	1.000	1.000	constitutive	constitutive	52	105	9
NC_060944.1	64459049	64459847	3	1	+	NC_060944.1	64459076	64459846	SLCO4A1	NM_016354.4	+	3	2	26	1	3	4	9	9	9	middle	middle	1.000	1.000	constitutive	constitutive	121	111	9
NC_060944.1	65372408	65373014	-2	1	-	NC_060944.1	65372525	65372924	HELZ2	NM_001037335.2	-	2	2	90	116	17	18	3	3	3	middle	middle	1.000	1.000	constitutive	constitutive	156	167	3
NC_060944.1	65374333	65375119	-3	1	-	NC_060944.1	65374420	65374979	HELZ2	NM_001037335.2	-	3	3	140	86	9	11	3	2	3	middle	middle	0.667	1.000	alternative	constitutive	94	161	2
NC_060944.1	65374333	65375119	-3	1	-	NC_060944.1	65374420	65374979	HELZ2	XM_054324176.1	-	3	2	140	86	9	10	3	1	3	middle	middle	0.333	1.000	unique	constitutive	310	161	1
NC_060944.1	65457945	65459001	-1	1	-	NC_060944.1	65458102	65458641	STMN3	NM_001276310.2	-	1	2	360	156	1	2	2	1	2	first	middle	0.500	1.000	unique	constitutive	81	175	1
NC_060944.1	65457945	65459001	-1	1	-	NC_060944.1	65458102	65458655	STMN3	NM_015894.4	-	1	2	346	156	2	3	2	1	2	middle	middle	0.500	1.000	unique	constitutive	95	175	1
NC_060944.1	65476340	65477276	3	1	+	NC_060944.1	65476667	65477010	RTEL1	NM_001283009.2	+	3	2	326	266	4	5	4	2	3	middle	middle	0.500	0.750	alternative	alternative	81	60	2
NC_060944.1	65476340	65477276	3	1	+	NC_060944.1	65476595	65477010	RTEL1	NM_032957.5	+	3	2	254	266	4	5	4	1	3	middle	middle	0.250	0.750	unique	alternative	153	60	1
NC_060944.1	65492058	65492295	1	1	+	NC_060944.1	65492093	65492294	RTEL1	NM_001283009.2	+	1	2	34	1	10	11	4	4	4	middle	middle	1.000	1.000	constitutive	constitutive	38	78	4
NC_060944.1	65504203	65505097	2	1	+	NC_060944.1	65504345	65504998	RTEL1	NM_001283009.2	+	2	2	141	99	25	26	4	4	4	middle	middle	1.000	1.000	constitutive	constitutive	147	142	4
NC_060944.1	65558182	65558914	2	1	+	NC_060944.1	65558249	65558770	LIME1	NM_017806.4	+	2	2	66	144	3	4	3	1	1	middle	middle	0.333	0.333	unique	unique	87	316	1
NC_060944.1	65784500	65784956	-2	1	-	NC_060944.1	65784579	65784874	ZNF512B	NM_020713.3	-	2	2	82	78	8	9	4	4	4	middle	middle	1.000	1.000	constitutive	constitutive	124	92	4
NC_060944.1	65814638	65815400	3	1	+	NC_060944.1	65814684	65815250	PRPF6	NM_012469.4	+	3	2	45	150	5	6	2	2	2	middle	middle	1.000	1.000	constitutive	constitutive	176	155	2
NC_060944.1	65857731	65858475	1	1	+	NC_060944.1	65857873	65858394	C20orf204	NM_001348090.2	+	1	2	141	81	2	3	3	3	3	middle	middle	1.000	1.000	constitutive	constitutive	275	152	3
NC_060944.1	66043365	66043761	1	1	+	NC_060944.1	66043497	66043745	MYT1	NM_004535.3	+	1	2	131	16	13	14	1	1	1	middle	middle	1.000	1.000	constitutive	constitutive	62	68	1
NC_060944.1	9486797	9487196	3	1	+	NC_060944.1	9486883	9487145	PLCB4	NM_000933.4	+	3	2	85	51	27	28	20	20	20	middle	middle	1.000	1.000	constitutive	constitutive	49	65	20
NC_060945.1	3348998	3351059	-3	1	-	NC_060945.1	3349473	3350566	LOC124908130	XM_047447007.1	-	3	2	493	474	3	4	1	1	1	middle	middle	1.000	1.000	constitutive	constitutive	155	280	1
NC_060945.1	37189107	37190004	1	1	+	NC_060945.1	37189141	37189914	ETS2	NM_001256295.2	+	1	2	33	90	1	2	3	1	1	first	middle	0.333	0.333	unique	unique	269	149	1
NC_060945.1	40977083	40978124	-3	1	-	NC_060945.1	40977084	40978124	LOC128966689	XM_054324970.1	-	3	2	0	0	3	4	1	1	1	middle	last	1.000	1.000	constitutive	constitutive	542	446	1
NC_060945.1	41776332	41777292	-2	1	-	NC_060945.1	41776498	41777292	SIK1	NM_173354.5	-	2	3	0	165	3	5	3	3	3	middle	middle	1.000	1.000	constitutive	constitutive	63	124	3
NC_060945.1	43845812	43846244	3	1	+	NC_060945.1	43845876	43846130	COL18A1	NM_001379500.1	+	3	2	63	114	10	11	3	3	3	middle	middle	1.000	1.000	constitutive	constitutive	62	86	3
NC_060945.1	43862431	43863292	2	1	+	NC_060945.1	43862474	43863065	COL18A1	NM_001379500.1	+	2	2	42	227	30	31	3	3	3	middle	middle	1.000	1.000	constitutive	constitutive	68	42	3
NC_060945.1	44360850	44361624	1	1	+	NC_060945.1	44360991	44361537	COL6A1	NM_001848.3	+	1	2	140	87	4	5	1	1	1	middle	middle	1.000	1.000	constitutive	constitutive	159	128	1
NC_060945.1	44374346	44374901	3	1	+	NC_060945.1	44374347	44374886	COL6A1	NM_001848.3	+	3	2	0	15	26	27	1	1	1	middle	middle	1.000	1.000	constitutive	constitutive	65	35	1
NC_060945.1	44498924	44499887	3	1	+	NC_060945.1	44499135	44499692	COL6A2	NM_001849.4	+	3	2	210	195	16	17	3	3	3	middle	middle	1.000	1.000	constitutive	constitutive	62	62	3
NC_060945.1	44502702	44503755	1	1	+	NC_060945.1	44502730	44503696	COL6A2	NM_001849.4	+	1	4	27	59	21	24	3	3	3	middle	middle	1.000	1.000	constitutive	constitutive	62	152	3
NC_060945.1	44524490	44525519	-3	1	-	NC_060945.1	44524557	44525361	FTCD	NM_001320412.2	-	3	2	158	66	9	10	3	3	3	middle	middle	1.000	1.000	constitutive	constitutive	129	161	3
NC_060945.1	44541196	44542345	-1	1	-	NC_060945.1	44541197	44541882	SPATC1L	NM_001142854.2	-	1	2	463	0	3	4	4	4	4	middle	last	1.000	1.000	constitutive	constitutive	151	323	4
NC_060945.1	44719751	44720219	3	1	+	NC_060945.1	44719839	44720162	PCNT	NM_001315529.2	+	3	2	87	57	1	2	2	1	2	first	middle	0.500	1.000	unique	constitutive	1	282	1
NC_060945.1	44719751	44720219	3	1	+	NC_060945.1	44719752	44720162	PCNT	NM_006031.6	+	3	2	0	57	3	4	2	1	2	middle	middle	0.500	1.000	unique	constitutive	88	282	1
NC_060945.1	44782916	44783960	3	1	+	NC_060945.1	44783026	44783891	PCNT	NM_001315529.2	+	3	2	109	69	21	22	2	2	2	middle	middle	1.000	1.000	constitutive	constitutive	229	116	2
NC_060946.1	18458410	18458881	-2	1	-	NC_060946.1	18458411	18458747	MICAL3	NM_015241.3	-	2	2	134	0	30	31	3	1	1	middle	last	0.333	0.333	unique	unique	73	181	1
NC_060946.1	19026574	19027165	2	1	+	NC_060946.1	19026601	19027060	GGTLC3	NM_001355479.1	+	2	3	26	105	3	5	1	1	1	middle	middle	1.000	1.000	constitutive	constitutive	49	113	1
NC_060946.1	19288569	19289136	-3	1	-	NC_060946.1	19288570	19288918	PRODH	NM_001195226.2	-	3	2	218	0	12	13	3	3	3	middle	last	1.000	1.000	constitutive	constitutive	88	184	3
NC_060946.1	19294577	19295246	-1	1	-	NC_060946.1	19294836	19295183	PRODH	NM_001195226.2	-	1	2	63	258	8	9	3	3	3	middle	middle	1.000	1.000	constitutive	constitutive	92	146	3
NC_060946.1	19524028	19524946	-2	1	-	NC_060946.1	19524203	19524823	GSC2	NM_005315.2	-	2	2	123	174	1	2	1	1	1	first	middle	1.000	1.000	constitutive	constitutive	258	253	1
NC_060946.1	20835288	20836152	-3	1	-	NC_060946.1	20835290	20836118	SCARF2	NM_153334.7	-	3	2	34	1	3	4	4	4	4	middle	middle	1.000	1.000	constitutive	constitutive	101	519	4
NC_060946.1	21123161	21123467	-1	1	-	NC_060946.1	21123167	21123409	PI4KA	NM_001362862.2	-	1	2	58	5	45	46	10	7	7	middle	middle	0.700	0.700	alternative	alternative	72	70	7
NC_060946.1	21138155	21138794	-1	1	-	NC_060946.1	21138342	21138721	PI4KA	NM_001362862.2	-	1	2	73	186	36	37	10	6	6	middle	middle	0.600	0.600	alternative	alternative	119	79	6
NC_060946.1	21385670	21386159	3	1	+	NC_060946.1	21385674	21385902	AIFM3	NM_001018060.3	+	3	2	3	257	12	13	4	4	4	middle	middle	1.000	1.000	constitutive	constitutive	71	63	4
NC_060946.1	21386358	21386892	1	1	+	NC_060946.1	21386507	21386812	AIFM3	NM_001018060.3	+	1	2	148	80	14	15	4	4	4	middle	middle	1.000	1.000	constitutive	constitutive	76	117	4
NC_060946.1	21404343	21405159	1	1	+	NC_060946.1	21404528	21404894	LZTR1	NM_006767.4	+	1	2	184	265	17	18	1	1	1	middle	middle	1.000	1.000	constitutive	constitutive	126	149	1
NC_060946.1	21437816	21438266	-1	1	-	NC_060946.1	21437817	21438203	SLC7A4	NM_004173.3	-	1	2	63	0	3	4	1	1	1	middle	last	1.000	1.000	constitutive	constitutive	108	172	1
NC_060946.1	21878828	21879215	-1	1	-	NC_060946.1	21878830	21879090	TMEM191C	NM_001207052.2	-	1	2	125	1	7	8	2	2	2	middle	middle	1.000	1.000	constitutive	constitutive	72	40	2
NC_060946.1	22377395	22377911	-1	1	-	NC_060946.1	22377455	22377847	TOP3B	NM_001282112.2	-	1	2	64	59	9	10	9	9	9	middle	middle	1.000	1.000	constitutive	constitutive	154	105	9
NC_060946.1	24214542	24215094	-3	1	-	NC_060946.1	24214567	24215067	CHCHD10	NM_001301339.2	-	3	2	27	24	1	2	2	2	2	first	middle	1.000	1.000	constitutive	constitutive	40	219	2
NC_060946.1	25089353	25089944	3	1	+	NC_060946.1	25089532	25089839	GGT1	NM_001288833.2	+	3	2	178	105	10	11	3	3	3	middle	middle	1.000	1.000	constitutive	constitutive	112	113	3
NC_060946.1	29697520	29697910	2	1	+	NC_060946.1	29697635	29697847	EMID1	NM_001267895.2	+	2	2	114	63	11	12	17	17	17	middle	middle	1.000	1.000	constitutive	constitutive	62	44	17
NC_060946.1	29773816	29774410	2	1	+	NC_060946.1	29773850	29774409	GAS2L1	NM_001278730.2	+	2	2	33	1	2	4	8	8	8	middle	middle	1.000	1.000	constitutive	constitutive	107	171	8
NC_060946.1	29793606	29794185	-3	1	-	NC_060946.1	29793790	29794121	AP1B1	NM_001127.4	-	3	2	64	183	19	20	8	8	8	middle	middle	1.000	1.000	constitutive	constitutive	86	154	8
NC_060946.1	30955242	30955599	-3	1	-	NC_060946.1	30955244	30955565	SEC14L4	NM_001161368.3	-	3	2	34	1	9	10	2	2	2	middle	middle	1.000	1.000	constitutive	constitutive	106	139	2
NC_060946.1	30988401	30989100	-3	1	-	NC_060946.1	30988402	30988921	SEC14L6	NM_001193336.4	-	3	2	179	0	11	12	13	5	5	middle	last	0.385	0.385	alternative	alternative	169	109	5
NC_060946.1	30989011	30989368	-2	1	-	NC_060946.1	30989013	30989334	SEC14L6	NM_001193336.4	-	2	2	34	1	9	10	13	13	13	middle	middle	1.000	1.000	constitutive	constitutive	106	139	13
NC_060946.1	31352658	31353351	1	1	+	NC_060946.1	31352772	31353228	OSBP2	NM_001282738.2	+	1	2	113	123	7	8	6	4	6	middle	middle	0.667	1.000	alternative	constitutive	54	146	4
NC_060946.1	31352658	31353351	1	1	+	NC_060946.1	31352769	31353228	OSBP2	NM_001282741.2	+	1	2	110	123	5	6	6	2	6	middle	middle	0.333	1.000	alternative	constitutive	57	146	2
NC_060946.1	32081901	32082420	1	1	+	NC_060946.1	32082120	32082420	SFI1	NM_001007467.3	+	1	2	218	0	31	32	5	5	5	middle	last	1.000	1.000	constitutive	constitutive	111	101	5
NC_060946.1	32369920	32370517	2	1	+	NC_060946.1	32370099	32370517	DEPDC5	XM_054326181.1	+	2	2	178	0	40	41	35	4	4	middle	last	0.114	0.114	alternative	alternative	82	197	4
NC_060946.1	32370075	32370609	1	1	+	NC_060946.1	32370099	32370609	DEPDC5	NM_001136029.4	+	1	2	23	0	41	42	35	21	21	middle	last	0.600	0.600	alternative	alternative	82	289	21
NC_060946.1	37953389	37954100	-1	1	-	NC_060946.1	37953615	37953982	CARD10	NM_014550.4	-	1	2	118	225	17	18	1	1	1	middle	middle	1.000	1.000	constitutive	constitutive	158	115	1
NC_060946.1	38084447	38084990	3	1	+	NC_060946.1	38084607	38084913	GGA1	NM_001001560.3	+	3	2	159	77	8	9	18	18	18	middle	middle	1.000	1.000	constitutive	constitutive	140	81	18
NC_060946.1	38184341	38188013	3	1	+	NC_060946.1	38184400	38188012	TRIOBP	NM_001039141.3	+	3	2	58	1	5	6	3	1	1	middle	middle	0.333	0.333	unique	unique	729	2588	1
NC_060946.1	38543083	38544553	-2	1	-	NC_060946.1	38543515	38544499	SLC16A8	NM_013356.3	-	2	2	54	431	1	2	3	2	2	first	middle	0.667	0.667	alternative	alternative	213	143	2
NC_060946.1	40877269	40878061	2	1	+	NC_060946.1	40877396	40877947	SGSM3	NM_001301849.2	+	2	3	126	114	8	10	15	15	15	middle	middle	1.000	1.000	constitutive	constitutive	54	155	15
NC_060946.1	40878355	40878829	2	1	+	NC_060946.1	40878450	40878808	SGSM3	NM_001301849.2	+	2	2	94	21	12	13	15	15	1	middle	middle	1.000	0.067	constitutive	unique	49	74	1
NC_060946.1	40878355	40878829	2	1	+	NC_060946.1	40878450	40878808	SGSM3	NM_001350039.2	+	2	2	94	21	14	15	15	15	14	middle	middle	1.000	0.933	constitutive	alternative	49	152	14
NC_060946.1	42616033	42616603	2	1	+	NC_060946.1	42616169	42616603	LOC124908419	XM_047447046.1	+	2	2	135	0	3	4	1	1	1	middle	last	1.000	1.000	constitutive	constitutive	42	79	1
NC_060946.1	45368882	45369602	-1	1	-	NC_060946.1	45368976	45369488	PHF21B	NM_001135862.3	-	1	2	114	93	11	12	8	7	7	middle	middle	0.875	0.875	alternative	alternative	75	103	7
NC_060946.1	46875759	46876710	-3	1	-	NC_060946.1	46876050	46876680	CELSR1	NM_001378328.1	-	3	2	30	290	15	16	6	6	6	middle	middle	1.000	1.000	constitutive	constitutive	183	101	6
NC_060946.1	50724811	50725687	-2	1	-	NC_060946.1	50724880	50725582	TUBGCP6	NM_020461.4	-	2	2	105	68	22	24	1	1	1	middle	middle	1.000	1.000	constitutive	constitutive	132	199	1
NC_060946.1	50756636	50757485	-1	1	-	NC_060946.1	50756638	50756967	HDAC10	NM_001159286.2	-	1	2	518	1	5	6	2	2	2	middle	middle	1.000	1.000	constitutive	constitutive	104	68	2
NC_060946.1	50772033	50772696	-3	1	-	NC_060946.1	50772324	50772663	MAPK11	NM_002751.7	-	3	2	33	290	10	11	2	2	2	middle	middle	1.000	1.000	constitutive	constitutive	78	173	2
NC_060946.1	50773583	50774255	-1	1	-	NC_060946.1	50773937	50774177	MAPK11	NM_002751.7	-	1	2	78	353	6	7	2	2	2	middle	middle	1.000	1.000	constitutive	constitutive	47	114	2
NC_060946.1	50774241	50774496	-3	1	-	NC_060946.1	50774260	50774485	MAPK11	NM_002751.7	-	3	2	11	18	4	5	2	1	2	middle	middle	0.500	1.000	unique	constitutive	111	29	1
NC_060946.1	50774241	50774496	-3	1	-	NC_060946.1	50774260	50774466	MAPK11	XM_054325796.1	-	3	2	30	18	1	2	2	1	2	first	middle	0.500	1.000	unique	constitutive	92	29	1
NC_060946.1	50787606	50788536	-3	1	-	NC_060946.1	50787802	50788467	PLXNB2	NM_001376864.1	-	3	2	69	195	23	24	30	29	29	middle	middle	0.967	0.967	alternative	alternative	181	66	29
NC_060946.1	50789602	50790760	-2	1	-	NC_060946.1	50789651	50790347	PLXNB2	NM_001376864.1	-	2	2	413	48	17	18	30	1	28	middle	middle	0.033	0.933	unique	alternative	366	227	1
NC_060946.1	50789602	50790760	-2	1	-	NC_060946.1	50789651	50790110	PLXNB2	NM_001376865.1	-	2	2	650	48	18	19	30	28	28	middle	middle	0.933	0.933	alternative	alternative	129	227	27
NC_060946.1	50789602	50790760	-2	1	-	NC_060946.1	50789675	50790110	PLXNB2	NM_001376883.1	-	2	2	650	72	17	18	30	28	1	middle	middle	0.933	0.033	alternative	unique	129	203	1
NC_060946.1	50790773	50791394	-1	1	-	NC_060946.1	50790847	50791242	PLXNB2	NM_001376864.1	-	1	2	152	73	14	15	30	29	28	middle	middle	0.967	0.933	alternative	alternative	108	136	28
NC_060946.1	50790773	50791394	-1	1	-	NC_060946.1	50790801	50791242	PLXNB2	XM_054325403.1	-	1	2	152	27	16	17	30	29	1	middle	middle	0.967	0.033	alternative	unique	108	182	1
NC_060946.1	50820046	50821870	-2	1	-	NC_060946.1	50820107	50820389	DENND6B	NM_001001794.4	-	2	2	1481	60	18	19	6	4	4	middle	middle	0.667	0.667	alternative	alternative	102	74	4
NC_060946.1	50821080	50821674	-3	1	-	NC_060946.1	50821210	50821488	DENND6B	NM_001001794.4	-	3	2	186	129	15	16	6	4	4	middle	middle	0.667	0.667	alternative	alternative	89	53	4
NC_060946.1	50826676	50827333	-2	1	-	NC_060946.1	50826709	50826865	DENND6B	NM_001001794.4	-	2	2	468	32	2	3	6	6	6	middle	middle	1.000	1.000	constitutive	constitutive	38	42	6
NC_060946.1	50947014	50947575	1	1	+	NC_060946.1	50947038	50947493	PPP6R2	NM_001242898.2	+	1	2	23	82	15	16	61	61	61	middle	middle	1.000	1.000	constitutive	constitutive	57	124	61
NC_060946.1	50965327	50966047	-2	1	-	NC_060946.1	50965403	50965860	SBF1	NM_001365819.1	-	2	2	187	75	29	30	4	4	4	middle	middle	1.000	1.000	constitutive	constitutive	181	179	4
NC_060946.1	50975075	50975669	-1	1	-	NC_060946.1	50975148	50975445	SBF1	NM_001365819.1	-	1	2	224	72	8	9	4	4	4	middle	middle	1.000	1.000	constitutive	constitutive	108	113	4
NC_060946.1	51032534	51032843	3	1	+	NC_060946.1	51032551	51032816	NCAPH2	NM_001185011.2	+	3	2	16	27	13	14	5	4	4	middle	middle	0.800	0.800	alternative	alternative	53	70	4
NC_060946.1	51036337	51037060	-2	1	-	NC_060946.1	51036338	51037041	TYMP	NM_001113755.3	-	2	2	19	0	7	9	5	5	5	middle	last	1.000	1.000	constitutive	constitutive	230	145	5
NC_060946.1	51041210	51041747	-1	1	-	NC_060946.1	51041273	51041619	CIMAP1B	NM_001382807.1	-	1	2	128	62	4	5	9	1	1	middle	middle	0.111	0.111	unique	unique	121	140	1
NC_060946.1	51041221	51041884	-2	1	-	NC_060946.1	51041273	51041856	CIMAP1B	NM_001014440.4	-	2	3	28	51	3	5	9	8	3	middle	middle	0.889	0.333	alternative	alternative	104	140	3
NC_060946.1	51041221	51041884	-2	1	-	NC_060946.1	51041249	51041856	CIMAP1B	NM_001382808.1	-	2	3	28	27	3	5	9	8	1	middle	middle	0.889	0.111	alternative	unique	104	164	1
NC_060946.1	51041221	51041884	-2	1	-	NC_060946.1	51041222	51041856	CIMAP1B	XM_054325644.1	-	2	2	28	0	3	4	9	8	3	middle	last	0.889	0.333	alternative	alternative	104	397	3
NC_060946.1	51041221	51041884	-2	1	-	NC_060946.1	51041498	51041856	CIMAP1B	XM_054325647.1	-	2	2	28	276	3	4	9	8	5	middle	middle	0.889	0.556	alternative	alternative	104	121	1
NC_060946.1	51081247	51081898	-2	1	-	NC_060946.1	51081419	51081820	CPT1B	NM_001145134.2	-	2	2	78	171	13	14	6	6	6	middle	middle	1.000	1.000	constitutive	constitutive	134	152	6
NC_060946.1	51135658	51136204	-2	1	-	NC_060946.1	51135659	51136192	ARSA	NM_000487.6	-	2	2	12	0	7	8	6	6	6	middle	last	1.000	1.000	constitutive	constitutive	102	316	6
NC_060946.1	51192548	51192941	3	1	+	NC_060946.1	51192564	51192899	SHANK3	NM_001372044.2	+	3	2	15	42	4	5	1	1	1	middle	middle	1.000	1.000	constitutive	constitutive	108	151	1
NC_060947.1	100762659	100763403	1	1	+	NC_060947.1	100762816	100763394	NXF2	NM_022053.4	+	1	3	156	9	6	8	1	1	1	middle	middle	1.000	1.000	constitutive	constitutive	80	88	1
NC_060947.1	100812822	100813566	-2	1	-	NC_060947.1	100812832	100813410	NXF2B	NM_001099686.3	-	2	3	156	9	6	8	1	1	1	middle	middle	1.000	1.000	constitutive	constitutive	80	88	1
NC_060947.1	107015538	107015793	1	1	+	NC_060947.1	107015539	107015706	COL4A5	NM_000495.5	+	1	2	0	87	11	12	9	9	9	middle	middle	1.000	1.000	constitutive	constitutive	35	41	9
NC_060947.1	113597997	113601246	1	1	+	NC_060947.1	113598019	113601246	RBMXL3	NM_001145346.2	+	1	2	21	0	1	2	1	1	1	first	last	1.000	1.000	constitutive	constitutive	1179	2020	1
NC_060947.1	131627633	131628242	-3	1	-	NC_060947.1	131627634	131628105	GPC4	NM_001448.3	-	3	2	137	0	8	9	1	1	1	middle	last	1.000	1.000	constitutive	constitutive	175	199	1
NC_060947.1	131630348	131630966	-3	1	-	NC_060947.1	131630544	131630926	GPC4	NM_001448.3	-	3	2	40	195	5	6	1	1	1	middle	middle	1.000	1.000	constitutive	constitutive	130	146	1
NC_060947.1	135183975	135184353	-2	1	-	NC_060947.1	135183981	135184308	RBMX	NM_001164803.2	-	2	2	45	5	3	4	2	1	1	middle	middle	0.500	0.500	unique	unique	114	125	1
NC_060947.1	151180897	151181266	2	1	+	NC_060947.1	151180922	151181265	ZNF185	NM_001178106.1	+	2	2	24	1	1	2	58	56	56	first	middle	0.966	0.966	alternative	alternative	33	123	56
NC_060947.1	151829597	151830068	3	1	+	NC_060947.1	151829598	151829967	ATP2B3	NM_001001344.3	+	3	2	0	101	12	13	12	12	12	middle	middle	1.000	1.000	constitutive	constitutive	179	87	12
NC_060947.1	152013564	152014272	1	1	+	NC_060947.1	152013756	152014272	ABCD1	XM_054326681.1	+	1	2	191	0	7	8	3	1	1	middle	last	0.333	0.333	unique	unique	145	34	1
NC_060947.1	152044405	152044789	2	1	+	NC_060947.1	152044424	152044747	PLXNB3	NM_001163257.2	+	2	2	18	42	10	11	2	2	2	middle	middle	1.000	1.000	constitutive	constitutive	125	116	2
NC_060947.1	152047467	152048238	1	1	+	NC_060947.1	152047525	152048237	PLXNB3	NM_001163257.2	+	1	3	57	1	19	21	2	2	2	middle	middle	1.000	1.000	constitutive	constitutive	239	151	2
NC_060947.1	152050850	152051396	3	1	+	NC_060947.1	152050873	152051353	PLXNB3	NM_001163257.2	+	3	2	22	43	29	30	2	2	2	middle	middle	1.000	1.000	constitutive	constitutive	172	160	2
NC_060947.1	152051298	152052039	1	1	+	NC_060947.1	152051613	152051990	PLXNB3	NM_001163257.2	+	1	2	314	49	31	32	2	2	2	middle	middle	1.000	1.000	constitutive	constitutive	147	64	2
NC_060947.1	152058670	152059180	2	1	+	NC_060947.1	152058744	152059180	SRPK3	NM_001170760.2	+	2	2	73	0	14	15	3	3	3	middle	last	1.000	1.000	constitutive	constitutive	92	181	3
NC_060947.1	152138487	152139177	-2	1	-	NC_060947.1	152138502	152138891	L1CAM	NM_000425.5	-	2	2	286	14	21	22	4	4	4	middle	middle	1.000	1.000	constitutive	constitutive	122	173	4
NC_060947.1	152140971	152141667	-2	1	-	NC_060947.1	152141037	152141591	L1CAM	NM_000425.5	-	2	2	76	65	15	16	4	4	4	middle	middle	1.000	1.000	constitutive	constitutive	110	197	4
NC_060947.1	152141981	152142494	-3	1	-	NC_060947.1	152141983	152142408	L1CAM	NM_000425.5	-	3	2	86	1	12	13	4	4	4	middle	middle	1.000	1.000	constitutive	constitutive	166	156	4
NC_060947.1	152144393	152144996	-3	1	-	NC_060947.1	152144471	152144860	L1CAM	NM_000425.5	-	3	2	136	77	5	6	4	4	4	middle	middle	1.000	1.000	constitutive	constitutive	122	170	4
NC_060947.1	152183454	152183946	-2	1	-	NC_060947.1	152183456	152183800	ARHGAP4	NM_001164741.2	-	2	2	146	1	19	20	2	2	2	middle	middle	1.000	1.000	constitutive	constitutive	73	183	2
NC_060947.1	152184400	152184955	-1	1	-	NC_060947.1	152184415	152184904	ARHGAP4	NM_001164741.2	-	1	3	51	14	14	16	2	2	2	middle	middle	1.000	1.000	constitutive	constitutive	60	134	2
NC_060947.1	152186881	152187619	-1	1	-	NC_060947.1	152187125	152187595	ARHGAP4	NM_001164741.2	-	1	2	24	243	9	10	2	2	2	middle	middle	1.000	1.000	constitutive	constitutive	101	191	2
NC_060947.1	152209005	152209317	-2	1	-	NC_060947.1	152209006	152209293	RENBP	NM_002910.6	-	2	2	24	0	10	11	2	2	2	middle	last	1.000	1.000	constitutive	constitutive	87	115	2
NC_060947.1	152292827	152293529	-3	1	-	NC_060947.1	152292878	152293493	IRAK1	NM_001025242.2	-	3	3	36	50	1	3	6	5	6	first	middle	0.833	1.000	alternative	constitutive	135	131	5
NC_060947.1	152292827	152293529	-3	1	-	NC_060947.1	152292878	152293493	IRAK1	NM_001410701.1	-	3	2	36	50	1	2	6	1	6	first	middle	0.167	1.000	unique	constitutive	381	131	1
NC_060947.1	152588378	152589242	-3	1	-	NC_060947.1	152588417	152589208	FLNA	NM_001110556.2	-	3	3	34	38	39	41	2	2	2	middle	middle	1.000	1.000	constitutive	constitutive	122	137	2
NC_060947.1	152596202	152597309	-3	1	-	NC_060947.1	152596265	152597120	FLNA	NM_001110556.2	-	3	2	189	62	21	22	2	2	2	middle	middle	1.000	1.000	constitutive	constitutive	597	173	2
NC_060947.1	152598312	152598906	-2	1	-	NC_060947.1	152598511	152598864	FLNA	NM_001110556.2	-	2	2	42	198	17	18	2	2	2	middle	middle	1.000	1.000	constitutive	constitutive	90	169	2
NC_060947.1	152616213	152616636	1	1	+	NC_060947.1	152616233	152616562	EMD	NM_000117.3	+	1	2	19	74	2	3	3	3	3	middle	middle	1.000	1.000	constitutive	constitutive	104	77	3
NC_060947.1	152686010	152686553	3	1	+	NC_060947.1	152686190	152686440	FAM50A	NM_004699.4	+	3	2	179	113	9	10	1	1	1	middle	middle	1.000	1.000	constitutive	constitutive	54	48	1
NC_060947.1	152702645	152703398	3	1	+	NC_060947.1	152702663	152703025	PLXNA3	NM_017514.5	+	3	2	17	373	14	15	2	2	2	middle	middle	1.000	1.000	constitutive	constitutive	120	136	2
NC_060947.1	152703549	152704035	1	1	+	NC_060947.1	152703570	152703984	PLXNA3	NM_017514.5	+	1	2	20	51	17	18	2	2	1	middle	middle	1.000	0.500	constitutive	unique	93	239	1
NC_060947.1	152703549	152704035	1	1	+	NC_060947.1	152703570	152703826	PLXNA3	XM_054327369.1	+	1	2	20	209	17	18	2	2	1	middle	middle	1.000	0.500	constitutive	unique	93	81	1
NC_060947.1	152703982	152704519	2	1	+	NC_060947.1	152704058	152704514	PLXNA3	NM_017514.5	+	2	2	75	5	19	20	2	1	1	middle	middle	0.500	0.500	unique	unique	143	234	1
NC_060947.1	152704038	152705172	1	1	+	NC_060947.1	152704595	152705072	PLXNA3	NM_017514.5	+	1	2	556	100	21	22	2	1	1	middle	middle	0.500	0.500	unique	unique	142	256	1
NC_060947.1	152704038	152705172	1	1	+	NC_060947.1	152704058	152704514	PLXNA3	XM_054327369.1	+	1	2	19	658	19	20	2	1	1	middle	middle	0.500	0.500	unique	unique	143	234	1
NC_060947.1	152704741	152705617	2	1	+	NC_060947.1	152705176	152705482	PLXNA3	NM_017514.5	+	2	2	434	135	23	24	2	1	1	middle	middle	0.500	0.500	unique	unique	66	146	1
NC_060947.1	177269	178637	-3	1	-	NC_060947.1	177498	178101	PPP2R3B	NM_013239.5	-	3	2	536	228	4	5	18	10	10	middle	middle	0.556	0.556	alternative	alternative	102	74	10
NC_060947.1	18489122	18489914	-3	1	-	NC_060947.1	18489209	18489528	PHKA2	NM_000292.3	-	3	2	386	86	24	25	11	11	11	middle	middle	1.000	1.000	constitutive	constitutive	78	129	11
NC_060947.1	23367277	23367724	2	1	+	NC_060947.1	23367341	23367566	SAT1	NM_002970.4	+	2	2	63	158	2	3	1	1	1	middle	middle	1.000	1.000	constitutive	constitutive	51	83	1
NC_060947.1	46589516	46590098	3	1	+	NC_060947.1	46589575	46590004	RBM10	NM_001204466.2	+	3	2	58	94	8	9	14	5	10	middle	middle	0.357	0.714	alternative	alternative	160	97	5
NC_060947.1	46589516	46590098	3	1	+	NC_060947.1	46589575	46590004	RBM10	NM_001204467.2	+	3	2	58	94	9	10	14	4	10	middle	middle	0.286	0.714	alternative	alternative	157	97	4
NC_060947.1	46589516	46590098	3	1	+	NC_060947.1	46589610	46590004	RBM10	XM_054327943.1	+	3	2	93	94	1	2	14	1	10	first	middle	0.071	0.714	unique	alternative	125	97	1
NC_060947.1	46590612	46591566	1	1	+	NC_060947.1	46590910	46591561	RBM10	NM_001204466.2	+	1	3	297	5	11	13	14	14	14	middle	middle	1.000	1.000	constitutive	constitutive	186	117	14
NC_060947.1	46608896	46609388	3	1	+	NC_060947.1	46608905	46609310	UBA1	NM_001440807.1	+	3	2	8	78	4	5	14	14	14	middle	middle	1.000	1.000	constitutive	constitutive	168	134	14
NC_060947.1	46610768	46611374	3	1	+	NC_060947.1	46610972	46611306	UBA1	NM_001440807.1	+	3	2	203	68	7	8	14	14	14	middle	middle	1.000	1.000	constitutive	constitutive	90	132	14
NC_060947.1	46972851	46973220	1	1	+	NC_060947.1	46972858	46973219	ARAF	NM_001256196.2	+	1	2	6	1	1	2	3	3	3	first	middle	1.000	1.000	constitutive	constitutive	95	103	3
NC_060947.1	47891407	47891854	2	1	+	NC_060947.1	47891409	47891800	FTSJ1	NM_001282157.2	+	2	2	1	54	5	6	9	5	5	middle	middle	0.556	0.556	alternative	alternative	103	197	3
NC_060947.1	47891407	47891854	2	1	+	NC_060947.1	47891415	47891800	FTSJ1	NM_001441196.1	+	2	2	7	54	9	10	9	4	5	middle	middle	0.444	0.556	alternative	alternative	97	197	2
NC_060947.1	47891407	47891854	2	1	+	NC_060947.1	47891409	47891854	FTSJ1	NM_001441197.1	+	2	2	1	0	9	10	9	5	4	middle	last	0.556	0.444	alternative	alternative	103	251	2
NC_060947.1	47891407	47891854	2	1	+	NC_060947.1	47891415	47891854	FTSJ1	NM_001441199.1	+	2	2	7	0	9	10	9	4	4	middle	last	0.444	0.444	alternative	alternative	97	251	2
NC_060947.1	47923138	47923708	2	1	+	NC_060947.1	47923252	47923637	PORCN	NM_001282167.2	+	2	2	113	71	5	6	20	19	19	middle	middle	0.950	0.950	alternative	alternative	125	100	19
NC_060947.1	47924664	47925042	1	1	+	NC_060947.1	47924729	47924965	PORCN	NM_001282167.2	+	1	2	64	77	7	8	20	19	19	middle	middle	0.950	0.950	alternative	alternative	76	63	19
NC_060947.1	47968170	47969985	1	1	+	NC_060947.1	47968171	47969985	TBC1D25	NM_001348262.2	+	1	2	0	0	5	6	5	5	5	middle	last	1.000	1.000	constitutive	constitutive	188	1358	5
NC_060947.1	48226604	48227204	3	1	+	NC_060947.1	48226634	48227126	HDAC6	NM_001321225.2	+	3	2	29	78	18	19	13	11	11	middle	middle	0.846	0.846	alternative	alternative	128	168	11
NC_060947.1	48377022	48377595	-2	1	-	NC_060947.1	48377041	48377569	KCND1	NM_004979.6	-	2	3	26	18	2	4	1	1	1	middle	middle	1.000	1.000	constitutive	constitutive	162	98	1
NC_060947.1	48391672	48392221	-1	1	-	NC_060947.1	48391883	48392158	GRIPAP1	NM_020137.5	-	1	2	63	210	19	20	1	1	1	middle	middle	1.000	1.000	constitutive	constitutive	95	56	1
NC_060947.1	48398067	48398703	-2	1	-	NC_060947.1	48398254	48398679	GRIPAP1	NM_020137.5	-	2	2	24	186	12	13	1	1	1	middle	middle	1.000	1.000	constitutive	constitutive	77	92	1
NC_060947.1	48634381	48635125	-1	1	-	NC_060947.1	48634383	48634997	CACNA1F	NM_001256789.3	-	1	3	128	1	15	17	5	4	4	middle	middle	0.800	0.800	alternative	alternative	207	81	4
NC_060947.1	48639897	48640353	-2	1	-	NC_060947.1	48639899	48640310	CACNA1F	NM_001256789.3	-	2	2	43	1	7	8	5	4	4	middle	middle	0.800	0.800	alternative	alternative	196	103	4
NC_060947.1	48654755	48655373	3	1	+	NC_060947.1	48654984	48655328	CCDC22	NM_014008.5	+	3	2	228	45	5	6	3	2	3	middle	middle	0.667	1.000	alternative	constitutive	66	178	2
NC_060947.1	48654755	48655373	3	1	+	NC_060947.1	48654984	48655328	CCDC22	XM_054326913.1	+	3	2	228	45	5	6	3	1	3	middle	middle	0.333	1.000	unique	constitutive	63	178	1
NC_060947.1	48660836	48661706	3	1	+	NC_060947.1	48661029	48661430	CCDC22	NM_014008.5	+	3	2	192	276	14	15	3	3	3	middle	middle	1.000	1.000	constitutive	constitutive	95	59	3
NC_060947.1	48663198	48663675	-2	1	-	NC_060947.1	48663199	48663627	FOXP3	NM_001114377.2	-	2	2	48	0	9	10	2	2	2	middle	last	1.000	1.000	constitutive	constitutive	101	146	2
NC_060947.1	48668585	48669044	-3	1	-	NC_060947.1	48668587	48668848	FOXP3	NM_001114377.2	-	3	2	196	1	3	4	2	2	2	middle	middle	1.000	1.000	constitutive	constitutive	87	104	2
NC_060947.1	53734863	53735403	1	1	+	NC_060947.1	53734873	53735403	TSR2	NM_001346789.2	+	1	2	9	0	4	5	5	1	5	middle	last	0.200	1.000	unique	constitutive	167	131	1
NC_060947.1	53734863	53735403	1	1	+	NC_060947.1	53734885	53735403	TSR2	NM_001346790.2	+	1	2	21	0	1	2	5	3	5	first	last	0.600	1.000	alternative	constitutive	155	131	3
NC_060947.1	53734863	53735403	1	1	+	NC_060947.1	53734864	53735403	TSR2	NM_058163.3	+	1	2	0	0	4	5	5	1	5	middle	last	0.200	1.000	unique	constitutive	176	131	1
NC_060947.1	54101682	54102225	1	1	+	NC_060947.1	54101704	54102196	MAGED2	NM_014599.6	+	1	2	21	29	3	4	3	3	3	middle	middle	1.000	1.000	constitutive	constitutive	308	63	3
NC_060947.1	54103801	54104158	2	1	+	NC_060947.1	54103828	54104043	MAGED2	NM_014599.6	+	2	2	26	115	7	8	3	3	3	middle	middle	1.000	1.000	constitutive	constitutive	79	42	3
NC_060947.1	54217473	54217929	1	1	+	NC_060947.1	54217579	54217861	TRO	NM_001039705.3	+	1	2	105	68	3	4	18	17	17	middle	middle	0.944	0.944	alternative	alternative	104	63	17
NC_060947.1	54219508	54219868	2	1	+	NC_060947.1	54219538	54219753	TRO	NM_001039705.3	+	2	2	29	115	7	8	18	18	18	middle	middle	1.000	1.000	constitutive	constitutive	79	42	18
NC_060947.1	6087016	6087982	-1	1	-	NC_060947.1	6087017	6087856	VCX3A	NM_016379.4	-	1	3	126	0	1	3	2	2	1	first	last	1.000	0.500	constitutive	unique	101	20	1
NC_060947.1	6087016	6087982	-1	1	-	NC_060947.1	6087017	6087856	VCX3A	XM_054327179.1	-	1	2	126	0	1	2	2	2	1	first	last	1.000	0.500	constitutive	unique	101	545	1
NC_060947.1	67157364	67157871	1	1	+	NC_060947.1	67157397	67157871	STARD8	NM_001142503.3	+	1	2	32	0	14	15	7	7	7	middle	last	1.000	1.000	constitutive	constitutive	176	114	7
NC_060947.1	67273251	67273998	1	1	+	NC_060947.1	67273307	67273998	EFNB1	NM_004429.5	+	1	2	55	0	4	5	1	1	1	middle	last	1.000	1.000	constitutive	constitutive	128	409	1
NC_060947.1	68672896	68673613	2	1	+	NC_060947.1	68673061	68673613	AWAT1	NM_001013579.3	+	2	2	164	0	6	7	1	1	1	middle	last	1.000	1.000	constitutive	constitutive	199	151	1
NC_060947.1	68859910	68860540	2	1	+	NC_060947.1	68859968	68860539	GDPD2	NM_001171191.2	+	2	2	57	1	4	6	5	5	5	middle	middle	1.000	1.000	constitutive	constitutive	93	82	5
NC_060947.1	68866134	68866395	1	1	+	NC_060947.1	68866224	68866395	GDPD2	NM_001171191.2	+	1	2	89	0	12	13	5	5	5	middle	last	1.000	1.000	constitutive	constitutive	28	49	5
NC_060947.1	69540327	69540663	-2	1	-	NC_060947.1	69540432	69540648	CXorf65	NM_001025265.3	-	2	2	15	104	1	2	2	2	2	first	middle	1.000	1.000	constitutive	constitutive	24	86	2
NC_060947.1	7396754	7397630	3	1	+	NC_060947.1	7396881	7397630	VCX	NM_001393662.1	+	3	2	126	0	1	2	2	2	2	first	last	1.000	1.000	constitutive	constitutive	101	455	2
NC_060947.1	7734716	7735451	-3	1	-	NC_060947.1	7734717	7735325	VCX2	NM_016378.3	-	3	2	126	0	1	2	1	1	1	first	last	1.000	1.000	constitutive	constitutive	101	314	1
NC_060947.1	8031912	8032848	1	1	+	NC_060947.1	8032039	8032848	VCX3B	NM_001001888.4	+	1	2	126	0	1	2	1	1	1	first	last	1.000	1.000	constitutive	constitutive	101	515	1
NC_060947.1	99932555	99940049	3	1	+	NC_060947.1	99932754	99940049	ARMCX4	NM_001256155.3	+	3	2	198	0	1	2	1	1	1	first	last	1.000	1.000	constitutive	constitutive	5447	1421	1
NC_060948.1	14892491	14893184	-1	1	-	NC_060948.1	14892492	14893058	VCY	NM_004679.4	-	1	2	126	0	1	2	1	1	1	first	last	1.000	1.000	constitutive	constitutive	101	272	1
NC_060948.1	14962820	14963513	3	1	+	NC_060948.1	14962947	14963513	VCY1B	NM_181880.2	+	3	2	126	0	1	2	1	1	1	first	last	1.000	1.000	constitutive	constitutive	101	272	1
NC_060948.1	20388182	20389019	-1	1	-	NC_060948.1	20388183	20388892	LOC102723934	XM_047447167.1	-	1	2	127	0	2	3	1	1	1	middle	last	1.000	1.000	constitutive	constitutive	11	385	1
