chr	start	end	frame	filler	strand	chr	first_exon_start	last_exon_end	gene	transcript	exon_strand	exon_frame	exon_count	upstream_len_in_scfr	downstream_len_in_scfr	first_exon_number	last_exon_number	gene_tx_count	first_exon_tx_count	last_exon_tx_count	first_exon_order	last_exon_order	first_exon_sharing	last_exon_sharing	first_exon_splicing	last_exon_splicing	first_exon_overlap	last_exon_overlap	merged_txs
NC_072373.2	113548	113986	2	1	+	NC_072373.2	113833	113964	ZNF692	XM_054484252.2	+	2	1	284	22	5	5	5	1	1	middle	middle	0.200	0.200	unique	unique	131	131	1
NC_072373.2	113548	113986	2	1	+	NC_072373.2	113708	113964	ZNF692	XM_054484278.2	+	2	2	159	22	1	2	5	2	2	first	middle	0.400	0.400	alternative	alternative	33	93	2
NC_072373.2	113548	113986	2	1	+	NC_072373.2	113918	113964	ZNF692	XM_063670512.1	+	2	1	369	22	1	1	5	1	1	first	first	0.200	0.200	unique	unique	46	46	1
NC_072373.2	185662169	185663402	3	1	+	NC_072373.2	185662295	185663082	PTCH2	XM_054490402.2	+	3	2	125	320	14	15	12	8	8	middle	middle	0.667	0.667	alternative	alternative	348	312	8
NC_072373.2	185662169	185663402	3	1	+	NC_072373.2	185662995	185663082	PTCH2	XM_054490447.2	+	3	1	825	320	15	15	12	4	4	middle	middle	0.333	0.333	alternative	alternative	87	87	4
NC_072373.2	185663480	185664335	3	1	+	NC_072373.2	185663716	185664245	PTCH2	XM_054490402.2	+	3	2	235	90	17	18	12	12	8	middle	middle	1.000	0.667	constitutive	alternative	280	137	8
NC_072373.2	185663480	185664335	3	1	+	NC_072373.2	185663716	185663996	PTCH2	XM_063656657.1	+	3	1	235	339	17	17	12	12	12	middle	middle	1.000	1.000	constitutive	constitutive	280	280	4
NC_072373.2	185676222	185676786	-1	1	-	NC_072373.2	185676452	185676618	BTBD19	XM_054490513.2	-	1	1	168	229	7	7	4	2	2	middle	middle	0.500	0.500	alternative	alternative	166	166	2
NC_072373.2	185676222	185676786	-1	1	-	NC_072373.2	185676223	185676618	BTBD19	XM_054490528.2	-	1	2	168	0	7	8	4	2	2	middle	last	0.500	0.500	alternative	alternative	125	131	2
NC_072373.2	199181441	199181798	-2	1	-	NC_072373.2	199181442	199181622	TINAGL1	XM_054465366.1	-	2	1	176	0	12	12	4	3	3	last	last	0.750	0.750	alternative	alternative	180	180	3
NC_072373.2	199181441	199181798	-2	1	-	NC_072373.2	199181706	199181751	TINAGL1	XM_054465376.1	-	2	1	47	264	10	10	4	1	1	middle	middle	0.250	0.250	unique	unique	45	45	1
NC_072373.2	209502495	209503542	1	1	+	NC_072373.2	209502763	209503116	ECE1	XM_054502654.2	+	1	2	267	426	1	2	5	1	5	first	middle	0.200	1.000	unique	constitutive	53	86	1
NC_072373.2	209502495	209503542	1	1	+	NC_072373.2	209503030	209503116	ECE1	XM_054502661.1	+	1	1	534	426	2	2	5	5	5	middle	middle	1.000	1.000	constitutive	constitutive	86	86	2
NC_072373.2	209502495	209503542	1	1	+	NC_072373.2	209503030	209503116	ECE1	XM_054502681.1	+	1	1	534	426	1	1	5	5	5	first	first	1.000	1.000	constitutive	constitutive	86	86	2
NC_072373.2	221512806	221513520	-1	1	-	NC_072373.2	221512834	221513502	PIK3CD	XM_054440295.2	-	1	2	18	27	4	5	11	10	10	middle	middle	0.909	0.909	alternative	alternative	179	149	10
NC_072373.2	221512806	221513520	-1	1	-	NC_072373.2	221512834	221512972	PIK3CD	XM_054440386.2	-	1	1	548	27	2	2	11	1	1	middle	middle	0.091	0.091	unique	unique	138	138	1
NC_072373.2	225108373	225111646	2	1	+	NC_072373.2	225111159	225111545	CHD5	XM_054441784.1	+	2	2	2785	101	39	40	4	4	2	middle	middle	1.000	0.500	constitutive	alternative	163	114	2
NC_072373.2	225108373	225111646	2	1	+	NC_072373.2	225111159	225111322	CHD5	XM_054441787.2	+	2	1	2785	324	39	39	4	4	4	middle	middle	1.000	1.000	constitutive	constitutive	163	163	2
NC_072373.2	227743878	227744454	1	1	+	NC_072373.2	227744198	227744326	LOC129009708	XM_054443131.2	+	1	1	319	128	32	32	50	31	31	middle	middle	0.620	0.620	alternative	alternative	128	128	31
NC_072373.2	227743878	227744454	1	1	+	NC_072373.2	227743982	227744168	LOC129009708	XM_063660086.1	+	1	1	103	286	35	35	50	7	7	middle	middle	0.140	0.140	alternative	alternative	186	186	7
NC_072373.2	229419167	229419500	3	1	+	NC_072373.2	229419168	229419284	LOC129010362	XM_054444518.2	+	3	1	0	216	16	16	19	18	18	middle	middle	0.947	0.947	alternative	alternative	116	116	18
NC_072373.2	229419167	229419500	3	1	+	NC_072373.2	229419484	229419500	LOC129010362	XM_063660559.1	+	3	1	316	0	16	16	19	1	1	last	last	0.053	0.053	unique	unique	16	16	1
NC_072373.2	43440849	43441329	1	1	+	NC_072373.2	43440987	43441128	CTSE	XM_054447637.1	+	1	1	137	201	7	7	2	1	1	middle	middle	0.500	0.500	unique	unique	141	141	1
NC_072373.2	43440849	43441329	1	1	+	NC_072373.2	43441230	43441328	CTSE	XM_054447647.1	+	1	1	380	1	7	7	2	1	1	middle	middle	0.500	0.500	unique	unique	98	98	1
NC_072373.2	5928197	5929001	3	1	+	NC_072373.2	5928349	5928992	CEP170	XM_054500939.2	+	3	2	151	9	8	9	22	22	14	middle	middle	1.000	0.636	constitutive	alternative	163	293	14
NC_072373.2	5928197	5929001	3	1	+	NC_072373.2	5928349	5928512	CEP170	XM_054501047.2	+	3	1	151	489	8	8	22	22	22	middle	middle	1.000	1.000	constitutive	constitutive	163	163	8
NC_072373.2	69940751	69941333	-2	1	-	NC_072373.2	69940764	69941084	CEP350	XM_063651290.1	-	2	2	249	12	1	2	16	7	3	first	middle	0.438	0.188	alternative	alternative	38	41	3
NC_072373.2	69940751	69941333	-2	1	-	NC_072373.2	69941046	69941084	CEP350	XM_063651354.1	-	2	1	249	294	1	1	16	7	7	first	first	0.438	0.438	alternative	alternative	38	38	4
NC_072373.2	92791140	92791527	1	1	+	NC_072373.2	92791259	92791290	FCRL5	XM_054480668.1	+	1	1	118	237	15	15	8	7	7	middle	middle	0.875	0.875	alternative	alternative	31	31	7
NC_072373.2	92791140	92791527	1	1	+	NC_072373.2	92791368	92791527	FCRL5	XM_054480686.2	+	1	1	227	0	17	17	8	1	1	last	last	0.125	0.125	unique	unique	159	159	1
NC_072373.2	93446862	93447375	-1	1	-	NC_072373.2	93446864	93447158	LRRC71	XM_054484048.1	-	1	2	217	1	3	4	9	9	8	middle	middle	1.000	0.889	constitutive	alternative	128	75	8
NC_072373.2	93446862	93447375	-1	1	-	NC_072373.2	93447030	93447158	LRRC71	XM_054484062.1	-	1	1	217	167	3	3	9	9	9	middle	middle	1.000	1.000	constitutive	constitutive	128	128	1
NC_072373.2	95049526	95051632	-3	1	-	NC_072373.2	95050225	95051581	RUSC1	XM_054458960.2	-	3	1	51	698	1	1	5	2	2	first	first	0.400	0.400	alternative	alternative	1356	1356	1
NC_072373.2	95049526	95051632	-3	1	-	NC_072373.2	95049544	95051581	RUSC1	XM_063657507.1	-	3	2	51	17	1	2	5	2	1	first	middle	0.400	0.200	alternative	unique	1356	410	1
NC_072373.2	95234959	95235349	-3	1	-	NC_072373.2	95234961	95235040	SLC50A1	XM_054459599.2	-	3	1	309	1	1	1	9	2	2	first	first	0.222	0.222	alternative	alternative	79	79	2
NC_072373.2	95234959	95235349	-3	1	-	NC_072373.2	95235272	95235280	SLC50A1	XM_054459664.2	-	3	1	69	312	1	1	9	1	1	first	first	0.111	0.111	unique	unique	8	8	1
NC_072373.2	95309680	95310484	-3	1	-	NC_072373.2	95309705	95310431	ADAM15	XM_054459730.2	-	3	2	53	24	19	20	17	15	5	middle	middle	0.882	0.294	alternative	alternative	69	74	5
NC_072373.2	95309680	95310484	-3	1	-	NC_072373.2	95309705	95310431	ADAM15	XM_054459738.2	-	3	2	53	24	19	20	17	15	4	middle	middle	0.882	0.235	alternative	alternative	69	71	4
NC_072373.2	95309680	95310484	-3	1	-	NC_072373.2	95310362	95310431	ADAM15	XM_054459784.2	-	3	1	53	681	19	19	17	15	15	middle	middle	0.882	0.882	alternative	alternative	69	69	5
NC_072373.2	95309680	95310484	-3	1	-	NC_072373.2	95309681	95310431	ADAM15	XM_054459842.2	-	3	2	53	0	19	20	17	15	1	middle	last	0.882	0.059	alternative	unique	69	98	1
NC_072373.2	96430405	96430771	2	1	+	NC_072373.2	96430433	96430550	DENND4B	XM_054461507.2	+	2	1	27	221	25	25	6	5	5	middle	middle	0.833	0.833	alternative	alternative	117	117	5
NC_072373.2	96430405	96430771	2	1	+	NC_072373.2	96430433	96430771	DENND4B	XM_054461509.2	+	2	2	27	0	25	26	6	1	1	middle	last	0.167	0.167	unique	unique	41	131	1
NC_072373.2	99461063	99461693	3	1	+	NC_072373.2	99461203	99461358	MINDY1	XM_054461203.2	+	3	1	139	335	8	8	9	4	4	middle	middle	0.444	0.444	alternative	alternative	155	155	4
NC_072373.2	99461063	99461693	3	1	+	NC_072373.2	99461616	99461693	MINDY1	XM_054461219.2	+	3	1	552	0	9	9	9	5	5	last	last	0.556	0.556	alternative	alternative	77	77	5
NC_072376.2	1010780	1011491	3	1	+	NC_072376.2	1011174	1011454	IDUA	XM_054485920.2	+	3	2	393	37	9	10	5	4	5	middle	middle	0.800	1.000	alternative	constitutive	125	76	4
NC_072376.2	1010780	1011491	3	1	+	NC_072376.2	1011378	1011454	IDUA	XM_054485922.2	+	3	1	597	37	11	11	5	5	5	middle	middle	1.000	1.000	constitutive	constitutive	76	76	1
NC_072376.2	140558802	140559057	-2	1	-	NC_072376.2	140558901	140559004	MFSD8	XM_054485070.2	-	2	1	53	98	10	10	12	10	10	middle	middle	0.833	0.833	alternative	alternative	103	103	10
NC_072376.2	140558802	140559057	-2	1	-	NC_072376.2	140558803	140558812	MFSD8	XM_054485078.2	-	2	1	245	0	9	9	12	2	2	last	last	0.167	0.167	alternative	alternative	9	9	2
NC_072376.2	141757921	141758146	2	1	+	NC_072376.2	141757945	141758079	C3H4orf33	XM_054486828.2	+	2	1	23	67	5	5	11	3	3	middle	middle	0.273	0.273	alternative	alternative	134	134	3
NC_072376.2	141757921	141758146	2	1	+	NC_072376.2	141758080	141758146	C3H4orf33	XM_054486833.2	+	2	1	158	0	5	5	11	1	1	last	last	0.091	0.091	unique	unique	66	66	1
NC_072376.2	164169657	164169870	-2	1	-	NC_072376.2	164169741	164169780	SH3D19	XM_054484872.2	-	2	1	90	83	2	2	22	3	3	middle	middle	0.136	0.136	alternative	alternative	39	39	1
NC_072376.2	164169657	164169870	-2	1	-	NC_072376.2	164169741	164169864	SH3D19	XM_063664182.1	-	2	2	6	83	1	2	22	2	3	first	middle	0.091	0.136	alternative	alternative	2	39	2
NC_072376.2	1750295	1750856	-3	1	-	NC_072376.2	1750398	1750557	TMEM129	XM_054486793.2	-	3	1	299	102	3	3	2	1	1	middle	middle	0.500	0.500	unique	unique	159	159	1
NC_072376.2	1750295	1750856	-3	1	-	NC_072376.2	1750296	1750311	TMEM129	XM_063663473.1	-	3	1	545	0	3	3	2	1	1	last	last	0.500	0.500	unique	unique	15	15	1
NC_072376.2	198772996	198773404	2	1	+	NC_072376.2	198773227	198773296	ANKRD37	XM_054484201.2	+	2	1	230	108	2	2	3	1	1	middle	middle	0.333	0.333	unique	unique	69	69	1
NC_072376.2	198772996	198773404	2	1	+	NC_072376.2	198773159	198773185	ANKRD37	XM_054484202.2	+	2	1	162	219	1	1	3	2	2	first	first	0.667	0.667	alternative	alternative	26	26	2
NC_072376.2	2497247	2497874	3	1	+	NC_072376.2	2497394	2497874	CFAP99	XM_054486577.2	+	3	2	146	0	14	15	7	3	1	middle	last	0.429	0.143	alternative	unique	162	113	1
NC_072376.2	2497247	2497874	3	1	+	NC_072376.2	2497394	2497556	CFAP99	XM_054486579.1	+	3	1	146	318	14	14	7	3	3	middle	middle	0.429	0.429	alternative	alternative	162	162	2
NC_072376.2	40661460	40662147	1	1	+	NC_072376.2	40661830	40661979	UCHL1	XM_054485816.2	+	1	2	369	168	1	2	3	2	1	first	middle	0.667	0.333	alternative	unique	32	11	1
NC_072376.2	40661460	40662147	1	1	+	NC_072376.2	40661830	40661862	UCHL1	XM_063663598.1	+	1	1	369	285	1	1	3	2	2	first	first	0.667	0.667	alternative	alternative	32	32	1
NC_072376.2	7869144	7869576	1	1	+	NC_072376.2	7869220	7869561	CYTL1	XM_054484782.2	+	1	2	75	15	2	3	2	2	1	middle	middle	1.000	0.500	constitutive	unique	44	128	1
NC_072376.2	7869144	7869576	1	1	+	NC_072376.2	7869220	7869264	CYTL1	XM_063663497.1	+	1	1	75	312	2	2	2	2	2	middle	middle	1.000	1.000	constitutive	constitutive	44	44	1
NC_072376.2	969653	969893	-3	1	-	NC_072376.2	969778	969878	DGKQ	XM_054485919.2	-	3	1	15	124	19	19	3	2	2	middle	middle	0.667	0.667	alternative	alternative	100	100	2
NC_072376.2	969653	969893	-3	1	-	NC_072376.2	969654	969878	DGKQ	XM_063663460.1	-	3	2	15	0	19	20	3	1	1	middle	last	0.333	0.333	unique	unique	161	2	1
NC_072377.2	1310278	1310839	-1	1	-	NC_072377.2	1310304	1310794	CLPTM1L	XM_054488592.2	-	1	2	45	25	1	2	3	2	2	first	middle	0.667	0.667	alternative	alternative	161	100	2
NC_072377.2	1310278	1310839	-1	1	-	NC_072377.2	1310304	1310464	CLPTM1L	XM_054488594.2	-	1	1	375	25	1	1	3	1	1	first	first	0.333	0.333	unique	unique	160	160	1
NC_072377.2	136797676	136798330	2	1	+	NC_072377.2	136797724	136798329	PDLIM4	XM_054489140.2	+	2	2	47	1	5	6	3	3	2	middle	middle	1.000	0.667	constitutive	alternative	163	117	2
NC_072377.2	136797676	136798330	2	1	+	NC_072377.2	136797724	136797887	PDLIM4	XM_054489142.1	+	2	1	47	443	5	5	3	3	3	middle	middle	1.000	1.000	constitutive	constitutive	163	163	1
NC_072377.2	143966779	143967268	-1	1	-	NC_072377.2	143966821	143967252	ECSCR	XM_054488920.2	-	1	2	16	41	5	6	7	4	4	middle	middle	0.571	0.571	alternative	alternative	132	205	4
NC_072377.2	143966779	143967268	-1	1	-	NC_072377.2	143967067	143967252	ECSCR	XM_054488922.2	-	1	1	16	287	6	6	7	1	1	middle	middle	0.143	0.143	unique	unique	185	185	1
NC_072377.2	143966779	143967268	-1	1	-	NC_072377.2	143967139	143967252	ECSCR	XM_054488923.2	-	1	1	16	359	6	6	7	2	2	middle	middle	0.286	0.286	alternative	alternative	113	113	2
NC_072377.2	146171048	146171381	-3	1	-	NC_072377.2	146171298	146171361	ARAP3	XM_054489346.2	-	3	1	20	249	29	29	8	6	6	middle	middle	0.750	0.750	alternative	alternative	63	63	6
NC_072377.2	146171048	146171381	-3	1	-	NC_072377.2	146171050	146171187	ARAP3	XM_054489348.2	-	3	1	194	1	30	30	8	1	1	middle	middle	0.125	0.125	unique	unique	137	137	1
NC_072377.2	146171048	146171381	-3	1	-	NC_072377.2	146171050	146171127	ARAP3	XM_063665585.1	-	3	1	254	1	30	30	8	1	1	middle	middle	0.125	0.125	unique	unique	77	77	1
NC_072377.2	165192665	165193064	-3	1	-	NC_072377.2	165192674	165192887	CCNJL	XM_054489019.2	-	3	1	177	8	3	3	4	3	3	middle	middle	0.750	0.750	alternative	alternative	213	213	2
NC_072377.2	165192665	165193064	-3	1	-	NC_072377.2	165192674	165193058	CCNJL	XM_063665329.1	-	3	2	6	8	1	2	4	1	3	first	middle	0.250	0.750	unique	alternative	56	213	1
NC_072377.2	165192665	165193064	-3	1	-	NC_072377.2	165192674	165192743	CCNJL	XM_063665331.1	-	3	1	321	8	1	1	4	1	1	first	first	0.250	0.250	unique	unique	69	69	1
NC_072377.2	181299142	181299685	2	1	+	NC_072377.2	181299263	181299414	PDLIM7	XM_054487234.2	+	2	1	120	271	2	2	18	14	14	middle	middle	0.778	0.778	alternative	alternative	151	151	14
NC_072377.2	181299142	181299685	2	1	+	NC_072377.2	181299504	181299534	PDLIM7	XM_063665624.1	+	2	1	361	151	2	2	18	3	3	middle	middle	0.167	0.167	alternative	alternative	30	30	3
NC_072377.2	184596502	184597123	-1	1	-	NC_072377.2	184596541	184596945	TBC1D9B	XM_054489713.2	-	1	2	178	38	18	19	4	4	2	middle	middle	1.000	0.500	constitutive	alternative	71	50	2
NC_072377.2	184596502	184597123	-1	1	-	NC_072377.2	184596874	184596945	TBC1D9B	XM_054489714.2	-	1	1	178	371	18	18	4	4	4	middle	middle	1.000	1.000	constitutive	constitutive	71	71	2
NC_072377.2	5322724	5323336	2	1	+	NC_072377.2	5322860	5323007	ADAMTS16	XM_054489493.2	+	2	1	135	329	22	22	5	2	2	middle	middle	0.400	0.400	alternative	alternative	147	147	2
NC_072377.2	5322724	5323336	2	1	+	NC_072377.2	5323300	5323336	ADAMTS16	XM_063664644.1	+	2	1	575	0	21	21	5	1	1	last	last	0.200	0.200	unique	unique	36	36	1
NC_072378.2	31158215	31158653	-2	1	-	NC_072378.2	31158219	31158624	CCHCR1	XM_054490310.2	-	2	2	29	3	6	7	45	43	37	middle	middle	0.956	0.822	alternative	alternative	135	110	35
NC_072378.2	31158215	31158653	-2	1	-	NC_072378.2	31158489	31158624	CCHCR1	XM_054490322.2	-	2	1	29	273	5	5	45	43	43	middle	middle	0.956	0.956	alternative	alternative	135	135	8
NC_072378.2	31158215	31158653	-2	1	-	NC_072378.2	31158219	31158494	CCHCR1	XM_063666016.1	-	2	2	159	3	1	2	45	2	37	first	middle	0.044	0.822	alternative	alternative	5	110	2
NC_072378.2	31164528	31164915	-1	1	-	NC_072378.2	31164530	31164888	CCHCR1	XM_054490310.2	-	1	2	27	1	2	3	45	13	29	middle	middle	0.289	0.644	alternative	alternative	66	213	8
NC_072378.2	31164528	31164915	-1	1	-	NC_072378.2	31164530	31164888	CCHCR1	XM_054490311.2	-	1	2	27	1	2	3	45	13	12	middle	middle	0.289	0.267	alternative	alternative	66	105	5
NC_072378.2	31164528	31164915	-1	1	-	NC_072378.2	31164530	31164837	CCHCR1	XM_054490316.2	-	1	2	78	1	1	2	45	28	29	first	middle	0.622	0.644	alternative	alternative	15	213	21
NC_072378.2	31164528	31164915	-1	1	-	NC_072378.2	31164530	31164837	CCHCR1	XM_054490321.2	-	1	2	78	1	1	2	45	28	12	first	middle	0.622	0.267	alternative	alternative	15	105	7
NC_072378.2	31164528	31164915	-1	1	-	NC_072378.2	31164530	31164582	CCHCR1	XM_054490332.2	-	1	1	333	1	1	1	45	1	1	first	first	0.022	0.022	unique	unique	52	52	1
NC_072378.2	31291711	31292356	-3	1	-	NC_072378.2	31291717	31292179	LOC129038117	XM_054490701.2	-	3	2	177	5	1	2	3	2	2	first	middle	0.667	0.667	alternative	alternative	63	269	2
NC_072378.2	31291711	31292356	-3	1	-	NC_072378.2	31291717	31291855	LOC129038117	XM_063666944.1	-	3	1	501	5	1	1	3	1	1	first	first	0.333	0.333	unique	unique	138	138	1
NC_072378.2	32496175	32496541	-3	1	-	NC_072378.2	32496379	32496487	AGER	XM_054493227.2	-	3	1	54	203	9	9	7	2	2	middle	middle	0.286	0.286	alternative	alternative	108	108	2
NC_072378.2	32496175	32496541	-3	1	-	NC_072378.2	32496206	32496332	AGER	XM_054493228.2	-	3	1	209	30	9	9	7	1	1	middle	middle	0.143	0.143	unique	unique	126	126	1
NC_072378.2	43822963	43823365	2	1	+	NC_072378.2	43823041	43823186	ABCC10	XM_054491827.2	+	2	1	77	179	18	18	9	6	6	middle	middle	0.667	0.667	alternative	alternative	145	145	6
NC_072378.2	43822963	43823365	2	1	+	NC_072378.2	43823041	43823364	ABCC10	XM_063666218.1	+	2	2	77	1	18	19	9	2	1	middle	middle	0.222	0.111	alternative	unique	129	97	1
NC_072378.2	43822963	43823365	2	1	+	NC_072378.2	43823041	43823365	ABCC10	XM_063666219.1	+	2	2	77	0	18	19	9	2	1	middle	last	0.222	0.111	alternative	unique	129	98	1
NC_072379.2	103685622	103687299	-3	1	-	NC_072379.2	103687077	103687203	SRPK2	XM_054495293.1	-	3	1	96	1454	1	1	14	4	4	first	first	0.286	0.286	alternative	alternative	126	126	4
NC_072379.2	103685622	103687299	-3	1	-	NC_072379.2	103686483	103686537	SRPK2	XM_054495294.1	-	3	1	762	860	2	2	14	4	4	middle	middle	0.286	0.286	alternative	alternative	54	54	4
NC_072379.2	103685622	103687299	-3	1	-	NC_072379.2	103686627	103686642	SRPK2	XM_054495298.1	-	3	1	657	1004	1	1	14	3	3	first	first	0.214	0.214	alternative	alternative	15	15	3
NC_072379.2	10411594	10412089	-2	1	-	NC_072379.2	10411858	10412060	MOGAT3	XM_054496441.1	-	2	1	29	263	6	6	2	1	1	middle	middle	0.500	0.500	unique	unique	202	202	1
NC_072379.2	10411594	10412089	-2	1	-	NC_072379.2	10411595	10411769	MOGAT3	XM_054496442.1	-	2	1	320	0	6	6	2	1	1	last	last	0.500	0.500	unique	unique	174	174	1
NC_072379.2	138415766	138416192	-1	1	-	NC_072379.2	138415768	138415871	KLRG2	XM_054495561.2	-	1	1	321	1	4	4	4	2	2	middle	middle	0.500	0.500	alternative	alternative	103	103	2
NC_072379.2	138415766	138416192	-1	1	-	NC_072379.2	138415923	138415994	KLRG2	XM_063667880.1	-	1	1	198	156	4	4	4	1	1	middle	middle	0.250	0.250	unique	unique	71	71	1
NC_072379.2	14280919	14281267	2	1	+	NC_072379.2	14280950	14281120	ABHD11	XM_054496690.2	+	2	1	30	147	4	4	2	1	1	middle	middle	0.500	0.500	unique	unique	170	170	1
NC_072379.2	14280919	14281267	2	1	+	NC_072379.2	14281121	14281267	ABHD11	XM_063667285.1	+	2	1	201	0	4	4	2	1	1	last	last	0.500	0.500	unique	unique	146	146	1
NC_072379.2	1569777	1570299	-3	1	-	NC_072379.2	1569779	1570126	TMEM184A	XM_054495474.1	-	3	2	173	1	4	5	3	3	2	middle	middle	1.000	0.667	constitutive	alternative	75	91	2
NC_072379.2	1569777	1570299	-3	1	-	NC_072379.2	1570051	1570126	TMEM184A	XM_054495476.2	-	3	1	173	273	5	5	3	3	3	middle	middle	1.000	1.000	constitutive	constitutive	75	75	1
NC_072379.2	9791861	9792554	-1	1	-	NC_072379.2	9791961	9792206	ACTL6B	XM_054496384.2	-	1	1	348	99	1	1	2	1	1	first	first	0.500	0.500	unique	unique	245	245	1
NC_072379.2	9791861	9792554	-1	1	-	NC_072379.2	9791961	9792512	ACTL6B	XM_054496385.2	-	1	2	42	99	1	2	2	1	1	first	middle	0.500	0.500	unique	unique	24	76	1
NC_072380.2	154427376	154428558	1	1	+	NC_072380.2	154427560	154427802	C7H8orf90	XM_054498252.2	+	1	1	183	756	1	1	2	1	1	first	first	0.500	0.500	unique	unique	242	242	1
NC_072380.2	154427376	154428558	1	1	+	NC_072380.2	154428062	154428558	C7H8orf90	XM_054498253.2	+	1	1	685	0	2	2	2	1	1	last	last	0.500	0.500	unique	unique	496	496	1
NC_072380.2	156720230	156720983	3	1	+	NC_072380.2	156720488	156720890	MAPK15	XM_054497882.2	+	3	2	257	93	9	10	3	2	3	middle	middle	0.667	1.000	alternative	constitutive	137	105	2
NC_072380.2	156720230	156720983	3	1	+	NC_072380.2	156720785	156720890	MAPK15	XM_054497884.2	+	3	1	554	93	9	9	3	3	3	middle	middle	1.000	1.000	constitutive	constitutive	105	105	1
NC_072380.2	156770554	156771520	2	1	+	NC_072380.2	156770612	156771421	IQANK1	XM_054497880.2	+	2	2	57	99	1	2	8	7	7	first	middle	0.875	0.875	alternative	alternative	458	164	6
NC_072380.2	156770554	156771520	2	1	+	NC_072380.2	156770612	156771070	IQANK1	XM_063669202.1	+	2	1	57	450	1	1	8	7	7	first	first	0.875	0.875	alternative	alternative	458	458	1
NC_072380.2	156770554	156771520	2	1	+	NC_072380.2	156770940	156771421	IQANK1	XM_063669206.1	+	2	2	385	99	3	4	8	1	7	middle	middle	0.125	0.875	unique	alternative	130	164	1
NC_072380.2	156789026	156789809	-1	1	-	NC_072380.2	156789480	156789735	SCRIB	XM_054497867.2	-	1	2	74	453	34	35	14	13	7	middle	middle	0.929	0.500	alternative	alternative	142	37	7
NC_072380.2	156789026	156789809	-1	1	-	NC_072380.2	156789593	156789735	SCRIB	XM_054497877.2	-	1	1	74	566	34	34	14	13	13	middle	middle	0.929	0.929	alternative	alternative	142	142	1
NC_072380.2	156789026	156789809	-1	1	-	NC_072380.2	156789027	156789735	SCRIB	XM_063669192.1	-	1	2	74	0	34	35	14	13	5	middle	last	0.929	0.357	alternative	alternative	142	490	5
NC_072380.2	157447973	157449221	-1	1	-	NC_072380.2	157448199	157448756	TONSL	XM_054499316.2	-	1	3	465	225	1	3	5	3	3	first	middle	0.600	0.600	alternative	alternative	24	142	3
NC_072380.2	157447973	157449221	-1	1	-	NC_072380.2	157448199	157448363	TONSL	XM_063669228.1	-	1	1	858	225	2	2	5	1	1	middle	middle	0.200	0.200	unique	unique	164	164	1
NC_072380.2	157514630	157514969	3	1	+	NC_072380.2	157514698	157514807	MFSD3	XM_054499360.2	+	3	1	67	162	4	4	4	2	2	middle	middle	0.500	0.500	alternative	alternative	109	109	2
NC_072380.2	157514630	157514969	3	1	+	NC_072380.2	157514893	157514969	MFSD3	XM_063669253.1	+	3	1	262	0	5	5	4	1	1	last	last	0.250	0.250	unique	unique	76	76	1
NC_072380.2	22117358	22117583	3	1	+	NC_072380.2	22117397	22117583	NPM2	XM_054498068.2	+	3	2	38	0	8	9	6	1	2	middle	last	0.167	0.333	unique	alternative	33	41	1
NC_072380.2	22117358	22117583	3	1	+	NC_072380.2	22117542	22117583	NPM2	XM_054498069.2	+	3	1	183	0	7	7	6	2	2	last	last	0.333	0.333	alternative	alternative	41	41	1
NC_072380.2	22219246	22219831	-2	1	-	NC_072380.2	22219349	22219771	REEP4	XM_054499113.1	-	2	2	60	102	6	7	6	4	3	middle	middle	0.667	0.500	alternative	alternative	135	154	3
NC_072380.2	22219246	22219831	-2	1	-	NC_072380.2	22219636	22219771	REEP4	XM_054499118.2	-	2	1	60	389	6	6	6	4	4	middle	middle	0.667	0.667	alternative	alternative	135	135	1
NC_072381.2	102149627	102151025	3	1	+	NC_072381.2	102150522	102150960	LCOR	XM_054503630.2	+	3	2	894	65	1	2	19	2	2	first	middle	0.105	0.105	alternative	alternative	76	73	2
NC_072381.2	102149627	102151025	3	1	+	NC_072381.2	102149766	102149862	LCOR	XM_054503631.2	+	3	1	138	1163	1	1	19	2	2	first	first	0.105	0.105	alternative	alternative	96	96	2
NC_072381.2	68496922	68497294	2	1	+	NC_072381.2	68496962	68497277	CAMK2G	XM_054437246.2	+	2	2	39	17	1	2	47	8	36	first	middle	0.170	0.766	alternative	alternative	103	94	8
NC_072381.2	68496922	68497294	2	1	+	NC_072381.2	68497183	68497277	CAMK2G	XM_054437247.1	+	2	1	260	17	2	2	47	36	36	middle	middle	0.766	0.766	alternative	alternative	94	94	28
NC_072381.2	68496922	68497294	2	1	+	NC_072381.2	68497207	68497277	CAMK2G	XM_054437253.2	+	2	1	284	17	2	2	47	8	8	middle	middle	0.170	0.170	alternative	alternative	70	70	8
NC_072381.2	68568822	68569374	-1	1	-	NC_072381.2	68569149	68569259	ZSWIM8	XM_054437296.2	-	1	1	115	326	25	25	14	6	6	middle	middle	0.429	0.429	alternative	alternative	110	110	6
NC_072381.2	68568822	68569374	-1	1	-	NC_072381.2	68568823	68569023	ZSWIM8	XM_054437300.2	-	1	1	351	0	26	26	14	8	8	last	last	0.571	0.571	alternative	alternative	200	200	8
NC_072381.2	82525320	82526112	1	1	+	NC_072381.2	82525358	82526024	ANK3	XM_054436348.2	+	1	2	37	88	40	41	7	5	7	middle	middle	0.714	1.000	alternative	constitutive	308	90	5
NC_072381.2	82525320	82526112	1	1	+	NC_072381.2	82525934	82526024	ANK3	XM_063669954.1	+	1	1	613	88	44	44	7	7	7	middle	middle	1.000	1.000	constitutive	constitutive	90	90	2
NC_072382.2	10108914	10109349	-1	1	-	NC_072382.2	10109200	10109323	SLC22A12	XM_054441167.2	-	1	1	26	285	4	4	3	3	3	middle	middle	1.000	1.000	constitutive	constitutive	123	123	1
NC_072382.2	10108914	10109349	-1	1	-	NC_072382.2	10108916	10109323	SLC22A12	XM_054441168.2	-	1	2	26	1	4	5	3	3	2	middle	middle	1.000	0.667	constitutive	alternative	123	115	2
NC_072382.2	119583461	119583869	-2	1	-	NC_072382.2	119583689	119583727	FXYD2	XM_054438079.2	-	2	1	142	227	2	2	7	5	5	middle	middle	0.714	0.714	alternative	alternative	38	38	5
NC_072382.2	119583461	119583869	-2	1	-	NC_072382.2	119583462	119583488	FXYD2	XM_063671499.1	-	2	1	381	0	3	3	7	1	1	last	last	0.143	0.143	unique	unique	26	26	1
NC_072382.2	127362132	127362753	1	1	+	NC_072382.2	127362133	127362297	STT3A	XM_054437488.2	+	1	1	0	456	7	7	4	3	3	middle	middle	0.750	0.750	alternative	alternative	164	164	3
NC_072382.2	127362132	127362753	1	1	+	NC_072382.2	127362337	127362693	STT3A	XM_054437491.1	+	1	1	204	60	1	1	4	1	1	first	first	0.250	0.250	unique	unique	356	356	1
NC_072382.2	22271618	22272257	3	1	+	NC_072382.2	22271739	22272257	TP53I11	XM_054438607.2	+	3	2	120	0	6	7	8	7	4	middle	last	0.875	0.500	alternative	alternative	96	307	4
NC_072382.2	22271618	22272257	3	1	+	NC_072382.2	22271739	22271835	TP53I11	XM_054438608.2	+	3	1	120	422	6	6	8	7	7	middle	middle	0.875	0.875	alternative	alternative	96	96	3
NC_072382.2	23125528	23126254	-3	1	-	NC_072382.2	23126084	23126226	ACCS	XM_054437890.2	-	3	1	28	555	12	12	6	4	4	middle	middle	0.667	0.667	alternative	alternative	142	142	2
NC_072382.2	23125528	23126254	-3	1	-	NC_072382.2	23125529	23126226	ACCS	XM_054437891.2	-	3	2	28	0	12	13	6	4	1	middle	last	0.667	0.167	alternative	unique	142	170	1
NC_072382.2	23125528	23126254	-3	1	-	NC_072382.2	23125606	23126226	ACCS	XM_063670968.1	-	3	2	28	77	12	13	6	4	1	middle	middle	0.667	0.167	alternative	unique	142	93	1
NC_072382.2	605529	606672	1	1	+	NC_072382.2	605550	605697	EPS8L2	XM_054437697.2	+	1	1	20	975	7	7	11	4	4	middle	middle	0.364	0.364	alternative	alternative	147	147	4
NC_072382.2	605529	606672	1	1	+	NC_072382.2	606083	606222	EPS8L2	XM_054437701.2	+	1	1	553	450	3	3	11	1	1	middle	middle	0.091	0.091	unique	unique	139	139	1
NC_072382.2	605529	606672	1	1	+	NC_072382.2	606086	606222	EPS8L2	XM_054437702.2	+	1	1	556	450	3	3	11	1	1	middle	middle	0.091	0.091	unique	unique	136	136	1
NC_072382.2	605529	606672	1	1	+	NC_072382.2	606083	606210	EPS8L2	XM_054437703.2	+	1	1	553	462	3	3	11	1	1	middle	middle	0.091	0.091	unique	unique	127	127	1
NC_072382.2	605529	606672	1	1	+	NC_072382.2	606086	606210	EPS8L2	XM_063670644.1	+	1	1	556	462	3	3	11	1	1	middle	middle	0.091	0.091	unique	unique	124	124	1
NC_072382.2	717131	717509	-2	1	-	NC_072382.2	717319	717454	PIDD1	XM_054438987.2	-	2	1	55	187	8	8	14	13	13	middle	middle	0.929	0.929	alternative	alternative	135	135	13
NC_072382.2	717131	717509	-2	1	-	NC_072382.2	717132	717454	PIDD1	XM_054438996.2	-	2	2	55	0	8	9	14	1	1	middle	last	0.071	0.071	unique	unique	118	113	1
NC_072382.2	73155017	73155740	3	1	+	NC_072382.2	73155069	73155219	INPPL1	XM_054439177.2	+	3	1	51	521	4	4	10	9	9	middle	middle	0.900	0.900	alternative	alternative	150	150	9
NC_072382.2	73155017	73155740	3	1	+	NC_072382.2	73155447	73155567	INPPL1	XM_063671215.1	+	3	1	429	173	2	2	10	1	1	middle	middle	0.100	0.100	unique	unique	120	120	1
NC_072382.2	8825269	8825761	-3	1	-	NC_072382.2	8825602	8825761	SNX32	XM_054440639.2	-	3	1	0	332	11	11	3	2	2	middle	middle	0.667	0.667	alternative	alternative	159	159	2
NC_072382.2	8825269	8825761	-3	1	-	NC_072382.2	8825433	8825518	SNX32	XM_063671706.1	-	3	1	243	163	12	12	3	1	1	middle	middle	0.333	0.333	unique	unique	85	85	1
NC_072382.2	9150179	9150845	-2	1	-	NC_072382.2	9150654	9150725	SCYL1	XM_054440681.2	-	2	1	120	474	15	15	11	6	6	middle	middle	0.545	0.545	alternative	alternative	71	71	4
NC_072382.2	9150179	9150845	-2	1	-	NC_072382.2	9150654	9150722	SCYL1	XM_054440682.2	-	2	1	123	474	15	15	11	5	5	middle	middle	0.455	0.455	alternative	alternative	68	68	4
NC_072382.2	9150179	9150845	-2	1	-	NC_072382.2	9150210	9150725	SCYL1	XM_063671715.1	-	2	3	120	30	15	17	11	6	3	middle	middle	0.545	0.273	alternative	alternative	71	54	2
NC_072382.2	9150179	9150845	-2	1	-	NC_072382.2	9150210	9150722	SCYL1	XM_063671716.1	-	2	3	123	30	15	17	11	5	3	middle	middle	0.455	0.273	alternative	alternative	68	54	1
NC_072382.2	9627464	9628190	3	1	+	NC_072382.2	9627513	9627947	CDCA5	XM_054437512.2	+	3	1	48	243	5	5	3	3	3	middle	middle	1.000	1.000	constitutive	constitutive	434	434	2
NC_072382.2	9627464	9628190	3	1	+	NC_072382.2	9627513	9628190	CDCA5	XM_054437514.2	+	3	2	48	0	5	6	3	3	1	middle	last	1.000	0.333	constitutive	unique	434	77	1
NC_072382.2	9878914	9879397	2	1	+	NC_072382.2	9879208	9879325	CDC42BPG	XM_054437556.2	+	2	1	293	72	34	34	2	1	1	middle	middle	0.500	0.500	unique	unique	117	117	1
NC_072382.2	9878914	9879397	2	1	+	NC_072382.2	9878977	9879097	CDC42BPG	XM_054437557.2	+	2	1	62	300	32	32	2	1	1	middle	middle	0.500	0.500	unique	unique	120	120	1
NC_072383.2	118825681	118826137	-2	1	-	NC_072383.2	118825748	118826093	RAB35	XM_054442453.2	-	2	2	44	66	4	5	2	2	1	middle	middle	1.000	0.500	constitutive	unique	124	124	1
NC_072383.2	118825681	118826137	-2	1	-	NC_072383.2	118825969	118826093	RAB35	XM_054442455.2	-	2	1	44	287	4	4	2	2	2	middle	middle	1.000	1.000	constitutive	constitutive	124	124	1
NC_072383.2	122138732	122139959	3	1	+	NC_072383.2	122139240	122139410	KMT5A	XM_054444779.2	+	3	1	507	549	1	1	4	1	1	first	first	0.250	0.250	unique	unique	170	170	1
NC_072383.2	122138732	122139959	3	1	+	NC_072383.2	122139661	122139782	KMT5A	XM_054444780.2	+	3	1	928	177	2	2	4	1	1	middle	middle	0.250	0.250	unique	unique	121	121	1
NC_072383.2	122138732	122139959	3	1	+	NC_072383.2	122139669	122139782	KMT5A	XM_054444781.2	+	3	1	936	177	1	1	4	1	1	first	first	0.250	0.250	unique	unique	113	113	1
NC_072383.2	131511530	131512484	3	1	+	NC_072383.2	131511714	131511886	P2RX2	XM_054444855.1	+	3	1	183	598	1	1	6	5	5	first	first	0.833	0.833	alternative	alternative	172	172	5
NC_072383.2	131511530	131512484	3	1	+	NC_072383.2	131511714	131512440	P2RX2	XM_054444859.1	+	3	2	183	44	1	2	6	1	1	first	middle	0.167	0.167	unique	unique	104	135	1
NC_072383.2	2641458	2642106	1	1	+	NC_072383.2	2641723	2641989	LOC129009980	XM_063672311.1	+	1	2	264	117	22	23	19	13	11	middle	middle	0.684	0.579	alternative	alternative	59	59	5
NC_072383.2	2641458	2642106	1	1	+	NC_072383.2	2641723	2641782	LOC129009980	XM_063672315.1	+	1	1	264	324	21	21	19	13	13	middle	middle	0.684	0.684	alternative	alternative	59	59	8
NC_072383.2	2641458	2642106	1	1	+	NC_072383.2	2641930	2641989	LOC129009980	XM_063672318.1	+	1	1	471	117	21	21	19	11	11	middle	middle	0.579	0.579	alternative	alternative	59	59	6
NC_072383.2	2869832	2870114	3	1	+	NC_072383.2	2869861	2870034	ITFG2	XM_054443619.2	+	3	1	28	80	11	11	2	1	1	middle	middle	0.500	0.500	unique	unique	173	173	1
NC_072383.2	2869832	2870114	3	1	+	NC_072383.2	2870111	2870114	ITFG2	XM_063672331.1	+	3	1	278	0	12	12	2	1	1	last	last	0.500	0.500	unique	unique	3	3	1
NC_072383.2	42384418	42384832	-2	1	-	NC_072383.2	42384496	42384624	NELL2	XM_054444612.2	-	2	1	208	77	2	2	3	3	3	middle	middle	1.000	1.000	constitutive	constitutive	128	128	2
NC_072383.2	42384418	42384832	-2	1	-	NC_072383.2	42384496	42384829	NELL2	XM_063672658.1	-	2	2	3	77	1	2	3	1	3	first	middle	0.333	1.000	unique	constitutive	51	128	1
NC_072383.2	46975780	46976779	2	1	+	NC_072383.2	46975784	46976623	DNAJC22	XM_054445493.2	+	2	1	3	156	1	1	5	5	5	first	first	1.000	1.000	constitutive	constitutive	839	839	3
NC_072383.2	46975780	46976779	2	1	+	NC_072383.2	46975784	46976774	DNAJC22	XM_054445497.2	+	2	2	3	5	1	2	5	5	2	first	middle	1.000	0.400	constitutive	alternative	839	69	2
NC_072383.2	47175992	47176535	3	1	+	NC_072383.2	47176015	47176482	KCNH3	XM_054445502.2	+	3	2	22	53	6	7	4	3	3	middle	middle	0.750	0.750	alternative	alternative	157	207	3
NC_072383.2	47175992	47176535	3	1	+	NC_072383.2	47176383	47176482	KCNH3	XM_054445505.2	+	3	1	390	53	1	1	4	1	1	first	first	0.250	0.250	unique	unique	99	99	1
NC_072383.2	47429113	47429620	-2	1	-	NC_072383.2	47429219	47429332	NCKAP5L	XM_054445542.2	-	2	1	288	105	5	5	3	3	3	middle	middle	1.000	1.000	constitutive	constitutive	113	113	2
NC_072383.2	47429113	47429620	-2	1	-	NC_072383.2	47429219	47429569	NCKAP5L	XM_054445546.2	-	2	2	51	105	1	2	3	1	3	first	middle	0.333	1.000	unique	constitutive	83	113	1
NC_072383.2	53707120	53707993	2	1	+	NC_072383.2	53707347	53707825	DGKA	XM_054441997.2	+	2	2	226	168	6	7	10	5	5	middle	middle	0.500	0.500	alternative	alternative	49	74	5
NC_072383.2	53707120	53707993	2	1	+	NC_072383.2	53707775	53707825	DGKA	XM_054442003.1	+	2	1	654	168	1	1	10	1	1	first	first	0.100	0.100	unique	unique	50	50	1
NC_072383.2	53707120	53707993	2	1	+	NC_072383.2	53707629	53707825	DGKA	XM_063646979.1	+	2	1	508	168	5	5	10	4	4	middle	middle	0.400	0.400	alternative	alternative	196	196	4
NC_072383.2	55440813	55441353	-3	1	-	NC_072383.2	55440823	55441256	B4GALNT1	XM_054443463.2	-	3	2	97	9	5	6	5	4	5	middle	middle	0.800	1.000	alternative	constitutive	98	190	4
NC_072383.2	55440813	55441353	-3	1	-	NC_072383.2	55440823	55441013	B4GALNT1	XM_054443467.2	-	3	1	340	9	6	6	5	5	5	middle	middle	1.000	1.000	constitutive	constitutive	190	190	1
NC_072383.2	67567759	67568170	-2	1	-	NC_072383.2	67567829	67568170	BEST3	XM_054445020.1	-	2	2	0	69	5	6	4	3	2	middle	middle	0.750	0.500	alternative	alternative	77	152	2
NC_072383.2	67567759	67568170	-2	1	-	NC_072383.2	67568093	67568170	BEST3	XM_054445021.1	-	2	1	0	333	2	2	4	3	3	middle	middle	0.750	0.750	alternative	alternative	77	77	1
NC_072383.2	6933648	6933924	-3	1	-	NC_072383.2	6933775	6933881	CDCA3	XM_054444487.2	-	3	1	43	126	4	4	8	6	6	middle	middle	0.750	0.750	alternative	alternative	106	106	6
NC_072383.2	6933648	6933924	-3	1	-	NC_072383.2	6933649	6933650	CDCA3	XM_054444492.2	-	3	1	274	0	4	4	8	2	2	last	last	0.250	0.250	alternative	alternative	1	1	2
NC_072383.2	9474609	9475143	1	1	+	NC_072383.2	9474935	9475143	DDX11	XM_054444081.2	+	1	1	325	0	26	26	9	7	7	last	last	0.778	0.778	alternative	alternative	208	208	7
NC_072383.2	9474609	9475143	1	1	+	NC_072383.2	9474701	9474855	DDX11	XM_054444086.2	+	1	1	91	288	25	25	9	2	2	middle	middle	0.222	0.222	alternative	alternative	154	154	2
NC_072384.2	101517801	101518191	-2	1	-	NC_072384.2	101517815	101518143	FLACC1	XM_054479099.2	-	2	2	48	13	12	13	13	13	12	middle	middle	1.000	0.923	constitutive	alternative	89	109	12
NC_072384.2	101517801	101518191	-2	1	-	NC_072384.2	101518054	101518143	FLACC1	XM_063648348.1	-	2	1	48	252	12	12	13	13	13	middle	middle	1.000	1.000	constitutive	constitutive	89	89	1
NC_072384.2	119639543	119640062	-3	1	-	NC_072384.2	119639657	119640045	LOC129031824	XM_054478591.2	-	3	2	17	113	6	7	9	2	3	middle	middle	0.222	0.333	alternative	alternative	123	114	2
NC_072384.2	119639543	119640062	-3	1	-	NC_072384.2	119639657	119639771	LOC129031824	XM_063647991.1	-	3	1	291	113	6	6	9	3	3	middle	middle	0.333	0.333	alternative	alternative	114	114	1
NC_072384.2	119646434	119646827	-3	1	-	NC_072384.2	119646480	119646810	CNPPD1	XM_054478598.1	-	3	2	17	45	4	5	10	10	5	middle	middle	1.000	0.500	constitutive	alternative	120	128	5
NC_072384.2	119646434	119646827	-3	1	-	NC_072384.2	119646690	119646810	CNPPD1	XM_054478603.2	-	3	1	17	255	4	4	10	10	10	middle	middle	1.000	1.000	constitutive	constitutive	120	120	5
NC_072384.2	120073669	120074230	2	1	+	NC_072384.2	120073806	120074140	STK11IP	XM_054478683.2	+	2	2	136	90	8	9	11	11	7	middle	middle	1.000	0.636	constitutive	alternative	103	95	7
NC_072384.2	120073669	120074230	2	1	+	NC_072384.2	120073806	120073909	STK11IP	XM_054478688.2	+	2	1	136	321	8	8	11	11	11	middle	middle	1.000	1.000	constitutive	constitutive	103	103	4
NC_072384.2	136774523	136775498	-3	1	-	NC_072384.2	136774835	136775357	GBX2	XM_054478268.2	-	3	1	141	311	1	1	2	2	2	first	first	1.000	1.000	constitutive	constitutive	522	522	1
NC_072384.2	136774523	136775498	-3	1	-	NC_072384.2	136774525	136775357	GBX2	XM_054478269.2	-	3	2	141	1	1	2	2	2	1	first	middle	1.000	0.500	constitutive	unique	522	36	1
NC_072384.2	138809583	138809880	-2	1	-	NC_072384.2	138809610	138809825	ILKAP	XM_054479421.2	-	2	2	55	26	2	3	5	4	2	middle	middle	0.800	0.400	alternative	alternative	65	47	2
NC_072384.2	138809583	138809880	-2	1	-	NC_072384.2	138809760	138809825	ILKAP	XM_054479422.1	-	2	1	55	176	2	2	5	4	4	middle	middle	0.800	0.800	alternative	alternative	65	65	2
NC_072384.2	13979121	13980798	-2	1	-	NC_072384.2	13979274	13980384	CCDC74B	XM_054479065.2	-	2	1	414	152	1	1	8	1	1	first	first	0.125	0.125	unique	unique	1110	1110	1
NC_072384.2	13979121	13980798	-2	1	-	NC_072384.2	13979274	13980455	CCDC74B	XM_054479066.2	-	2	2	343	152	2	3	8	7	2	middle	middle	0.875	0.250	alternative	alternative	44	248	2
NC_072384.2	13979121	13980798	-2	1	-	NC_072384.2	13979274	13980455	CCDC74B	XM_054479071.2	-	2	2	343	152	2	3	8	7	2	middle	middle	0.875	0.250	alternative	alternative	44	50	2
NC_072384.2	13979121	13980798	-2	1	-	NC_072384.2	13979274	13980455	CCDC74B	XM_063647279.1	-	2	2	343	152	2	3	8	7	1	middle	middle	0.875	0.125	alternative	unique	44	536	1
NC_072384.2	13979121	13980798	-2	1	-	NC_072384.2	13980411	13980455	CCDC74B	XM_063647281.1	-	2	1	343	1289	2	2	8	7	7	middle	middle	0.875	0.875	alternative	alternative	44	44	2
NC_072384.2	141729928	141730768	2	1	+	NC_072384.2	141730251	141730589	SNED1	XM_054477239.2	+	2	2	322	179	7	8	8	8	6	middle	middle	1.000	0.750	constitutive	alternative	113	113	6
NC_072384.2	141729928	141730768	2	1	+	NC_072384.2	141730251	141730364	SNED1	XM_063648419.1	+	2	1	322	404	7	7	8	8	8	middle	middle	1.000	1.000	constitutive	constitutive	113	113	2
NC_072384.2	25609892	25610258	-3	1	-	NC_072384.2	25610151	25610237	CFAP221	XM_054478757.2	-	3	1	21	258	3	3	12	8	8	middle	middle	0.667	0.667	alternative	alternative	86	86	8
NC_072384.2	25609892	25610258	-3	1	-	NC_072384.2	25609903	25609946	CFAP221	XM_054478765.1	-	3	1	312	10	1	1	12	1	1	first	first	0.083	0.083	unique	unique	43	43	1
NC_072384.2	50706297	50706660	-2	1	-	NC_072384.2	50706343	50706465	RBM43	XM_054478954.1	-	2	1	195	45	1	1	2	1	1	first	first	0.500	0.500	unique	unique	122	122	1
NC_072384.2	50706297	50706660	-2	1	-	NC_072384.2	50706535	50706537	RBM43	XM_054478955.2	-	2	1	123	237	1	1	2	1	1	first	first	0.500	0.500	unique	unique	2	2	1
NC_072384.2	90483036	90483483	1	1	+	NC_072384.2	90483283	90483483	MFSD6	XM_054476785.2	+	1	1	246	0	6	6	3	2	2	last	last	0.667	0.667	alternative	alternative	200	200	2
NC_072384.2	90483036	90483483	1	1	+	NC_072384.2	90483100	90483124	MFSD6	XM_054476787.2	+	1	1	63	359	6	6	3	1	1	middle	middle	0.333	0.333	unique	unique	24	24	1
NC_072385.2	106815701	106816157	3	1	+	NC_072385.2	106815725	106816118	PREB	XM_054476135.2	+	3	2	23	39	6	7	4	2	4	middle	middle	0.500	1.000	alternative	constitutive	173	72	2
NC_072385.2	106815701	106816157	3	1	+	NC_072385.2	106816046	106816118	PREB	XM_063648864.1	+	3	1	344	39	6	6	4	4	4	middle	middle	1.000	1.000	constitutive	constitutive	72	72	2
NC_072385.2	106879108	106879636	-2	1	-	NC_072385.2	106879460	106879572	AGBL5	XM_054476105.2	-	2	1	64	351	12	12	6	4	4	middle	middle	0.667	0.667	alternative	alternative	112	112	2
NC_072385.2	106879108	106879636	-2	1	-	NC_072385.2	106879110	106879572	AGBL5	XM_063648866.1	-	2	2	64	1	12	13	6	4	2	middle	middle	0.667	0.333	alternative	alternative	112	46	2
NC_072385.2	25094513	25094747	3	1	+	NC_072385.2	25094590	25094645	LOC129030773	XM_054476433.2	+	3	1	76	102	20	20	27	6	6	middle	middle	0.222	0.222	alternative	alternative	55	55	6
NC_072385.2	25094513	25094747	3	1	+	NC_072385.2	25094740	25094747	LOC129030773	XM_054476435.2	+	3	1	226	0	20	20	27	2	2	last	last	0.074	0.074	alternative	alternative	7	7	2
NC_072385.2	61421382	61422075	1	1	+	NC_072385.2	61421626	61421850	LOC129026320	XM_054473686.2	+	1	1	243	225	2	2	3	2	2	middle	middle	0.667	0.667	alternative	alternative	224	224	1
NC_072385.2	61421382	61422075	1	1	+	NC_072385.2	61421473	61421850	LOC129026320	XM_054473687.2	+	1	2	90	225	1	2	3	1	2	first	middle	0.333	0.667	unique	alternative	29	224	1
NC_072385.2	61421382	61422075	1	1	+	NC_072385.2	61421740	61421850	LOC129026320	XM_054473688.2	+	1	1	357	225	1	1	3	1	1	first	first	0.333	0.333	unique	unique	110	110	1
NC_072386.2	103675365	103675860	1	1	+	NC_072386.2	103675529	103675718	SLC31A2	XM_054500892.2	+	1	1	163	142	3	3	2	2	2	middle	middle	1.000	1.000	constitutive	constitutive	189	189	1
NC_072386.2	103675365	103675860	1	1	+	NC_072386.2	103675423	103675718	SLC31A2	XM_054500893.2	+	1	2	57	142	1	2	2	1	2	first	middle	0.500	1.000	unique	constitutive	12	189	1
NC_072386.2	118403397	118404315	1	1	+	NC_072386.2	118403601	118404039	TTC16	XM_054501343.2	+	1	2	203	276	3	4	4	3	2	middle	middle	0.750	0.500	alternative	alternative	90	143	2
NC_072386.2	118403397	118404315	1	1	+	NC_072386.2	118403601	118403691	TTC16	XM_054501345.2	+	1	1	203	624	3	3	4	3	3	middle	middle	0.750	0.750	alternative	alternative	90	90	1
NC_072386.2	118953330	118953690	-1	1	-	NC_072386.2	118953367	118953690	GOLGA2	XM_054501037.1	-	1	2	0	36	7	8	4	4	2	middle	middle	1.000	0.500	constitutive	alternative	59	80	2
NC_072386.2	118953330	118953690	-1	1	-	NC_072386.2	118953631	118953690	GOLGA2	XM_054501039.1	-	1	1	0	300	7	7	4	4	4	middle	middle	1.000	1.000	constitutive	constitutive	59	59	2
NC_072386.2	119612071	119612782	2	1	+	NC_072386.2	119612357	119612494	PHYHD1	XM_054501144.2	+	2	1	285	288	8	8	15	3	3	middle	middle	0.200	0.200	alternative	alternative	137	137	3
NC_072386.2	119612071	119612782	2	1	+	NC_072386.2	119612148	119612276	PHYHD1	XM_054501148.2	+	2	1	76	506	8	8	15	7	7	middle	middle	0.467	0.467	alternative	alternative	128	128	7
NC_072386.2	119612071	119612782	2	1	+	NC_072386.2	119612378	119612494	PHYHD1	XM_054501149.2	+	2	1	306	288	8	8	15	3	3	middle	middle	0.200	0.200	alternative	alternative	116	116	3
NC_072386.2	124163697	124164174	1	1	+	NC_072386.2	124163785	124164111	ADAMTS13	XM_054501769.2	+	1	2	87	63	10	11	12	11	12	middle	middle	0.917	1.000	alternative	constitutive	151	63	11
NC_072386.2	124163697	124164174	1	1	+	NC_072386.2	124164048	124164111	ADAMTS13	XM_063650017.1	+	1	1	350	63	9	9	12	12	12	middle	middle	1.000	1.000	constitutive	constitutive	63	63	1
NC_072386.2	127431022	127431847	2	1	+	NC_072386.2	127431051	127431146	EGFL7	XM_054500555.2	+	2	1	28	701	4	4	5	5	5	middle	middle	1.000	1.000	constitutive	constitutive	95	95	3
NC_072386.2	127431022	127431847	2	1	+	NC_072386.2	127431051	127431467	EGFL7	XM_054500556.2	+	2	2	28	380	4	5	5	5	2	middle	middle	1.000	0.400	constitutive	alternative	95	161	2
NC_072386.2	127756547	127756886	3	1	+	NC_072386.2	127756672	127756886	PAXX	XM_054501433.2	+	3	2	124	0	6	7	2	2	1	middle	last	1.000	0.500	constitutive	unique	84	36	1
NC_072386.2	127756547	127756886	3	1	+	NC_072386.2	127756672	127756756	PAXX	XM_054501434.2	+	3	1	124	130	6	6	2	2	2	middle	middle	1.000	1.000	constitutive	constitutive	84	84	1
NC_072386.2	127876426	127877632	-3	1	-	NC_072386.2	127876505	127877613	DPP7	XM_054502979.2	-	3	3	19	78	2	5	8	7	7	middle	middle	0.875	0.875	alternative	alternative	113	135	7
NC_072386.2	127876426	127877632	-3	1	-	NC_072386.2	127876505	127876630	DPP7	XM_054502981.2	-	3	1	1002	78	1	1	8	1	1	first	first	0.125	0.125	unique	unique	125	125	1
NC_072386.2	128201684	128202005	-2	1	-	NC_072386.2	128201685	128201724	ENTPD8	XM_054500314.2	-	2	1	281	0	9	9	7	4	4	last	last	0.571	0.571	alternative	alternative	39	39	4
NC_072386.2	128201684	128202005	-2	1	-	NC_072386.2	128201823	128201957	ENTPD8	XM_054500316.2	-	2	1	48	138	8	8	7	3	3	middle	middle	0.429	0.429	alternative	alternative	134	134	3
NC_072386.2	21343581	21343998	-1	1	-	NC_072386.2	21343777	21343955	TMEM8B	XM_054501976.2	-	1	1	43	195	10	10	7	7	7	middle	middle	1.000	1.000	constitutive	constitutive	178	178	6
NC_072386.2	21343581	21343998	-1	1	-	NC_072386.2	21343582	21343955	TMEM8B	XM_054501979.2	-	1	2	43	0	10	11	7	7	1	middle	last	1.000	0.143	constitutive	unique	178	71	1
NC_072386.2	22100872	22101862	2	1	+	NC_072386.2	22100873	22101053	STOML2	XM_054501878.2	+	2	1	0	809	1	1	2	1	1	first	first	0.500	0.500	unique	unique	180	180	1
NC_072386.2	22100872	22101862	2	1	+	NC_072386.2	22101284	22101421	STOML2	XM_054501879.2	+	2	1	411	441	2	2	2	1	1	middle	middle	0.500	0.500	unique	unique	137	137	1
NC_072386.2	36450424	36450826	2	1	+	NC_072386.2	36450463	36450569	HACD4	XM_054502386.2	+	2	1	38	257	5	5	2	2	2	middle	middle	1.000	1.000	constitutive	constitutive	106	106	1
NC_072386.2	36450424	36450826	2	1	+	NC_072386.2	36450463	36450814	HACD4	XM_054502388.2	+	2	2	38	12	5	6	2	2	1	middle	middle	1.000	0.500	constitutive	unique	106	94	1
NC_072386.2	52451675	52452350	3	1	+	NC_072386.2	52451718	52451928	LOC129043688	XM_054500538.1	+	3	1	42	422	1	1	3	2	2	first	first	0.667	0.667	alternative	alternative	210	210	1
NC_072386.2	52451675	52452350	3	1	+	NC_072386.2	52451718	52452185	LOC129043688	XM_054500540.1	+	3	2	42	165	1	2	3	2	1	first	middle	0.667	0.333	alternative	unique	210	100	1
NC_072386.2	83559052	83559703	2	1	+	NC_072386.2	83559147	83559258	WNK2	XM_054500466.2	+	2	1	94	445	24	24	36	4	4	middle	middle	0.111	0.111	alternative	alternative	111	111	3
NC_072386.2	83559052	83559703	2	1	+	NC_072386.2	83559147	83559703	WNK2	XM_054500467.2	+	2	2	94	0	24	25	36	4	1	middle	last	0.111	0.028	alternative	unique	111	48	1
NC_072386.2	99901004	99901238	-2	1	-	NC_072386.2	99901131	99901238	PTPN3	XM_054500344.2	-	2	1	0	126	2	2	7	5	5	middle	middle	0.714	0.714	alternative	alternative	107	107	5
NC_072386.2	99901004	99901238	-2	1	-	NC_072386.2	99901012	99901052	PTPN3	XM_054500348.2	-	2	1	186	7	1	1	7	1	1	first	first	0.143	0.143	unique	unique	40	40	1
NC_072387.2	109904542	109905328	2	1	+	NC_072387.2	109904601	109905328	ZIC2	XM_054447167.2	+	2	2	58	0	2	3	3	3	1	middle	last	1.000	0.333	constitutive	unique	163	350	1
NC_072387.2	109904542	109905328	2	1	+	NC_072387.2	109904601	109905321	ZIC2	XM_063651074.1	+	2	2	58	7	2	3	3	3	1	middle	middle	1.000	0.333	constitutive	unique	163	343	1
NC_072387.2	109904542	109905328	2	1	+	NC_072387.2	109904601	109904764	ZIC2	XM_063651075.1	+	2	1	58	564	2	2	3	3	3	middle	middle	1.000	1.000	constitutive	constitutive	163	163	1
NC_072387.2	123077161	123077833	2	1	+	NC_072387.2	123077215	123077771	MCF2L	XM_054447037.2	+	2	2	53	62	26	27	21	21	9	middle	middle	1.000	0.429	constitutive	alternative	118	92	9
NC_072387.2	123077161	123077833	2	1	+	NC_072387.2	123077215	123077333	MCF2L	XM_054447038.2	+	2	1	53	500	25	25	21	21	21	middle	middle	1.000	1.000	constitutive	constitutive	118	118	12
NC_072387.2	33383348	33383726	3	1	+	NC_072387.2	33383536	33383725	LOC129011430	XM_054446356.2	+	3	1	187	1	4	4	5	1	1	middle	middle	0.200	0.200	unique	unique	189	189	1
NC_072387.2	33383348	33383726	3	1	+	NC_072387.2	33383587	33383725	LOC129011430	XM_054446357.2	+	3	1	238	1	4	4	5	3	3	middle	middle	0.600	0.600	alternative	alternative	138	138	3
NC_072387.2	33383348	33383726	3	1	+	NC_072387.2	33383358	33383725	LOC129011430	XM_054446360.2	+	3	2	9	1	1	2	5	1	1	first	middle	0.200	0.200	unique	unique	65	100	1
NC_072387.2	40931346	40931613	-2	1	-	NC_072387.2	40931480	40931556	N4BP2L1	XM_054446807.2	-	2	1	57	133	6	6	9	4	4	middle	middle	0.444	0.444	alternative	alternative	76	76	4
NC_072387.2	40931346	40931613	-2	1	-	NC_072387.2	40931362	40931430	N4BP2L1	XM_054446809.2	-	2	1	183	15	4	4	9	2	2	middle	middle	0.222	0.222	alternative	alternative	68	68	2
NC_072387.2	60725012	60725300	-3	1	-	NC_072387.2	60725022	60725300	NEK3	XM_054446900.2	-	3	2	0	9	2	3	7	5	6	middle	middle	0.714	0.857	alternative	alternative	93	97	5
NC_072387.2	60725012	60725300	-3	1	-	NC_072387.2	60725022	60725249	NEK3	XM_063650900.1	-	3	2	51	9	1	2	7	1	6	first	middle	0.143	0.857	unique	alternative	42	97	1
NC_072387.2	60725012	60725300	-3	1	-	NC_072387.2	60725022	60725096	NEK3	XM_063650901.1	-	3	1	204	9	1	1	7	1	1	first	first	0.143	0.143	unique	unique	74	74	1
NC_072388.2	104087268	104087769	1	1	+	NC_072388.2	104087355	104087698	PLD4	XM_054447796.1	+	1	2	86	71	8	9	4	4	3	middle	middle	1.000	0.750	constitutive	alternative	165	96	3
NC_072388.2	104087268	104087769	1	1	+	NC_072388.2	104087355	104087520	PLD4	XM_054447799.2	+	1	1	86	249	8	8	4	4	4	middle	middle	1.000	1.000	constitutive	constitutive	165	165	1
NC_072388.2	19077473	19077812	-2	1	-	NC_072388.2	19077534	19077581	NDRG2	XM_054449740.2	-	2	1	231	60	14	14	16	15	15	middle	middle	0.938	0.938	alternative	alternative	47	47	15
NC_072388.2	19077473	19077812	-2	1	-	NC_072388.2	19077534	19077740	NDRG2	XM_063651372.1	-	2	2	72	60	14	15	16	1	1	middle	middle	0.062	0.062	unique	unique	36	64	1
NC_072388.2	75116217	75116487	1	1	+	NC_072388.2	75116370	75116424	GPATCH2L	XM_054448057.2	+	1	1	152	63	6	6	8	6	6	middle	middle	0.750	0.750	alternative	alternative	54	54	6
NC_072388.2	75116217	75116487	1	1	+	NC_072388.2	75116274	75116313	GPATCH2L	XM_054448058.2	+	1	1	56	174	6	6	8	2	2	middle	middle	0.250	0.250	alternative	alternative	39	39	2
NC_072388.2	75753469	75754051	2	1	+	NC_072388.2	75753585	75753713	LRRC74A	XM_054448073.2	+	2	1	115	338	2	2	14	14	14	middle	middle	1.000	1.000	constitutive	constitutive	128	128	13
NC_072388.2	75753469	75754051	2	1	+	NC_072388.2	75753535	75753713	LRRC74A	XM_063651927.1	+	2	2	65	338	2	3	14	1	14	middle	middle	0.071	1.000	unique	constitutive	7	128	1
NC_072388.2	98804068	98804338	2	1	+	NC_072388.2	98804069	98804179	LOC129012883	XM_054449047.2	+	2	1	0	159	12	12	3	2	2	middle	middle	0.667	0.667	alternative	alternative	110	110	2
NC_072388.2	98804068	98804338	2	1	+	NC_072388.2	98804069	98804338	LOC129012883	XM_063652067.1	+	2	2	0	0	12	13	3	1	1	middle	last	0.333	0.333	unique	unique	80	17	1
NC_072389.2	106931857	106932109	-2	1	-	NC_072389.2	106932016	106932031	LOC134738343	XM_063653065.1	-	2	1	78	158	1	1	23	1	1	first	first	0.043	0.043	unique	unique	15	15	1
NC_072389.2	106931857	106932109	-2	1	-	NC_072389.2	106931922	106931995	LOC134738343	XM_063653066.1	-	2	1	114	64	1	1	23	2	2	first	first	0.087	0.087	alternative	alternative	73	73	2
NC_072389.2	20289575	20290070	3	1	+	NC_072389.2	20289823	20289929	LOC129014661	XM_054452253.2	+	3	1	247	141	5	5	2	1	1	middle	middle	0.500	0.500	unique	unique	106	106	1
NC_072389.2	20289575	20290070	3	1	+	NC_072389.2	20289647	20289740	LOC129014661	XM_063653138.1	+	3	1	71	330	2	2	2	1	1	middle	middle	0.500	0.500	unique	unique	93	93	1
NC_072389.2	21364048	21364405	-2	1	-	NC_072389.2	21364156	21364384	LOC134737557	XM_063653121.1	-	2	1	21	107	9	9	13	13	13	middle	middle	1.000	1.000	constitutive	constitutive	228	228	12
NC_072389.2	21364048	21364405	-2	1	-	NC_072389.2	21364049	21364384	LOC134737557	XM_063653134.1	-	2	2	21	0	9	10	13	13	1	middle	last	1.000	0.077	constitutive	unique	228	19	1
NC_072389.2	22401338	22401704	3	1	+	NC_072389.2	22401339	22401662	LOC134738375	XM_063653154.1	+	3	2	0	42	3	4	3	1	3	middle	middle	0.333	1.000	unique	constitutive	59	80	1
NC_072389.2	22401338	22401704	3	1	+	NC_072389.2	22401582	22401662	LOC134738375	XM_063653155.1	+	3	1	243	42	3	3	3	3	3	middle	middle	1.000	1.000	constitutive	constitutive	80	80	2
NC_072389.2	22876442	22876799	-1	1	-	NC_072389.2	22876550	22876778	LOC134737558	XM_063653170.1	-	1	1	21	107	10	10	12	12	12	middle	middle	1.000	1.000	constitutive	constitutive	228	228	11
NC_072389.2	22876442	22876799	-1	1	-	NC_072389.2	22876443	22876778	LOC134737558	XM_063653181.1	-	1	2	21	0	10	11	12	12	1	middle	last	1.000	0.083	constitutive	unique	228	19	1
NC_072389.2	24762403	24762898	-2	1	-	NC_072389.2	24762545	24762651	LOC129028680	XM_054474314.2	-	2	1	247	141	5	5	4	3	3	middle	middle	0.750	0.750	alternative	alternative	106	106	3
NC_072389.2	24762403	24762898	-2	1	-	NC_072389.2	24762734	24762827	LOC129028680	XM_054474316.2	-	2	1	71	330	2	2	4	1	1	middle	middle	0.250	0.250	unique	unique	93	93	1
NC_072389.2	26520553	26520910	2	1	+	NC_072389.2	26520575	26520803	LOC129014675	XM_063653199.1	+	2	1	21	107	10	10	12	12	12	middle	middle	1.000	1.000	constitutive	constitutive	228	228	11
NC_072389.2	26520553	26520910	2	1	+	NC_072389.2	26520575	26520910	LOC129014675	XM_063653210.1	+	2	2	21	0	10	11	12	12	1	middle	last	1.000	0.083	constitutive	unique	228	19	1
NC_072389.2	26771878	26772244	-2	1	-	NC_072389.2	26771921	26772001	LOC129014665	XM_054452256.2	-	2	1	243	42	3	3	3	3	3	middle	middle	1.000	1.000	constitutive	constitutive	80	80	2
NC_072389.2	26771878	26772244	-2	1	-	NC_072389.2	26771921	26772244	LOC129014665	XM_054452258.2	-	2	2	0	42	3	4	3	1	3	middle	middle	0.333	1.000	unique	constitutive	59	80	1
NC_072389.2	34500420	34500777	-3	1	-	NC_072389.2	34500528	34500756	LOC129013767	XM_063652512.1	-	3	1	21	107	5	5	6	6	6	middle	middle	1.000	1.000	constitutive	constitutive	228	228	5
NC_072389.2	34500420	34500777	-3	1	-	NC_072389.2	34500421	34500756	LOC129013767	XM_063652517.1	-	3	2	21	0	5	6	6	6	1	middle	last	1.000	0.167	constitutive	unique	228	19	1
NC_072389.2	36400791	36401385	-3	1	-	NC_072389.2	36401062	36401385	LOC129014721	XM_054452393.2	-	3	2	0	270	3	4	5	5	4	middle	middle	1.000	0.800	constitutive	alternative	59	80	4
NC_072389.2	36400791	36401385	-3	1	-	NC_072389.2	36401326	36401385	LOC129014721	XM_054452397.2	-	3	1	0	534	3	3	5	5	5	middle	middle	1.000	1.000	constitutive	constitutive	59	59	1
NC_072389.2	36484859	36485225	-1	1	-	NC_072389.2	36484902	36485225	LOC129014720	XM_054452389.2	-	1	2	0	42	3	4	4	2	4	middle	middle	0.500	1.000	alternative	constitutive	59	80	2
NC_072389.2	36484859	36485225	-1	1	-	NC_072389.2	36484902	36484982	LOC129014720	XM_054452391.2	-	1	1	243	42	3	3	4	4	4	middle	middle	1.000	1.000	constitutive	constitutive	80	80	2
NC_072389.2	36983804	36984398	3	1	+	NC_072389.2	36983805	36984128	LOC129014231	XM_054451409.2	+	3	2	0	270	3	4	5	5	3	middle	middle	1.000	0.600	constitutive	alternative	59	80	3
NC_072389.2	36983804	36984398	3	1	+	NC_072389.2	36983805	36983864	LOC129014231	XM_054451412.2	+	3	1	0	534	3	3	5	5	5	middle	middle	1.000	1.000	constitutive	constitutive	59	59	2
NC_072389.2	37133283	37133649	1	1	+	NC_072389.2	37133284	37133607	LOC129014228	XM_054451401.2	+	1	2	0	42	3	4	3	1	3	middle	middle	0.333	1.000	unique	constitutive	59	80	1
NC_072389.2	37133283	37133649	1	1	+	NC_072389.2	37133527	37133607	LOC129014228	XM_054451402.2	+	1	1	243	42	3	3	3	3	3	middle	middle	1.000	1.000	constitutive	constitutive	80	80	2
NC_072389.2	37213211	37213805	3	1	+	NC_072389.2	37213212	37213535	LOC129014232	XM_054451414.2	+	3	2	0	270	3	4	3	3	2	middle	middle	1.000	0.667	constitutive	alternative	59	80	2
NC_072389.2	37213211	37213805	3	1	+	NC_072389.2	37213212	37213271	LOC129014232	XM_054451415.2	+	3	1	0	534	3	3	3	3	3	middle	middle	1.000	1.000	constitutive	constitutive	59	59	1
NC_072389.2	46051366	46052263	2	1	+	NC_072389.2	46051404	46052216	SPINT1	XM_054450286.1	+	2	2	37	47	4	6	7	5	4	middle	middle	0.714	0.571	alternative	alternative	218	125	3
NC_072389.2	46051366	46052263	2	1	+	NC_072389.2	46051404	46052216	SPINT1	XM_054450288.2	+	2	2	37	47	4	6	7	2	4	middle	middle	0.286	0.571	alternative	alternative	170	125	1
NC_072389.2	46051366	46052263	2	1	+	NC_072389.2	46051404	46051622	SPINT1	XM_054450289.2	+	2	1	37	641	4	4	7	5	5	middle	middle	0.714	0.714	alternative	alternative	218	218	2
NC_072389.2	46051366	46052263	2	1	+	NC_072389.2	46051404	46051574	SPINT1	XM_054450292.2	+	2	1	37	689	4	4	7	2	2	middle	middle	0.286	0.286	alternative	alternative	170	170	1
NC_072389.2	47071641	47072046	1	1	+	NC_072389.2	47071738	47071924	LOC129013784	XM_063652604.1	+	1	1	96	122	22	22	4	2	2	middle	middle	0.500	0.500	alternative	alternative	186	186	2
NC_072389.2	47071641	47072046	1	1	+	NC_072389.2	47072008	47072046	LOC129013784	XM_063652606.1	+	1	1	366	0	22	22	4	1	1	last	last	0.250	0.250	unique	unique	38	38	1
NC_072389.2	48373577	48374090	3	1	+	NC_072389.2	48373967	48374089	TMEM62	XM_054452136.2	+	3	1	389	1	7	7	12	10	10	middle	middle	0.833	0.833	alternative	alternative	122	122	10
NC_072389.2	48373577	48374090	3	1	+	NC_072389.2	48373693	48374089	TMEM62	XM_054452148.2	+	3	2	115	1	4	5	12	2	2	middle	middle	0.167	0.167	alternative	alternative	124	43	2
NC_072389.2	48480785	48481748	-1	1	-	NC_072389.2	48480968	48481498	TGM5	XM_054452153.1	-	1	2	250	182	2	3	2	2	1	middle	middle	1.000	0.500	constitutive	unique	179	245	1
NC_072389.2	48480785	48481748	-1	1	-	NC_072389.2	48481319	48481498	TGM5	XM_054452154.1	-	1	1	250	533	2	2	2	2	2	middle	middle	1.000	1.000	constitutive	constitutive	179	179	1
NC_072389.2	69303929	69304220	-1	1	-	NC_072389.2	69304092	69304181	DAPK2	XM_054450123.2	-	1	1	39	162	9	9	6	2	2	middle	middle	0.333	0.333	alternative	alternative	89	89	2
NC_072389.2	69303929	69304220	-1	1	-	NC_072389.2	69303930	69303975	DAPK2	XM_054450124.2	-	1	1	245	0	9	9	6	2	2	last	last	0.333	0.333	alternative	alternative	45	45	2
NC_072389.2	80930821	80931361	2	1	+	NC_072389.2	80930912	80930973	NEIL1	XM_054450045.2	+	2	1	90	388	7	7	14	7	7	middle	middle	0.500	0.500	alternative	alternative	61	61	7
NC_072389.2	80930821	80931361	2	1	+	NC_072389.2	80931137	80931302	NEIL1	XM_054450046.2	+	2	1	315	59	9	9	14	7	7	middle	middle	0.500	0.500	alternative	alternative	165	165	7
NC_072389.2	82648910	82649591	3	1	+	NC_072389.2	82649055	82649360	RCN2	XM_054452437.2	+	3	1	144	231	1	1	2	1	1	first	first	0.500	0.500	unique	unique	305	305	1
NC_072389.2	82648910	82649591	3	1	+	NC_072389.2	82649475	82649586	RCN2	XM_054452438.2	+	3	1	564	5	1	1	2	1	1	first	first	0.500	0.500	unique	unique	111	111	1
NC_072389.2	83713783	83714125	-2	1	-	NC_072389.2	83713898	83714001	LOC129013979	XM_063652415.1	-	2	1	124	114	16	16	3	2	2	middle	middle	0.667	0.667	alternative	alternative	103	103	2
NC_072389.2	83713783	83714125	-2	1	-	NC_072389.2	83713784	83713808	LOC129013979	XM_063652418.1	-	2	1	317	0	16	16	3	1	1	last	last	0.333	0.333	unique	unique	24	24	1
NC_072389.2	84675630	84675852	1	1	+	NC_072389.2	84675690	84675759	LOC129014003	XM_054450894.1	+	1	1	59	93	17	17	7	1	1	middle	middle	0.143	0.143	unique	unique	69	69	1
NC_072389.2	84675630	84675852	1	1	+	NC_072389.2	84675846	84675852	LOC129014003	XM_054450896.1	+	1	1	215	0	15	15	7	1	1	last	last	0.143	0.143	unique	unique	6	6	1
NC_072390.2	38892157	38892550	2	1	+	NC_072390.2	38892228	38892391	HRH4	XM_054460835.2	+	2	1	70	159	2	2	4	2	2	middle	middle	0.500	0.500	alternative	alternative	163	163	1
NC_072390.2	38892157	38892550	2	1	+	NC_072390.2	38892228	38892550	HRH4	XM_054460837.2	+	2	2	70	0	2	3	4	2	1	middle	last	0.500	0.250	alternative	unique	163	53	1
NC_072390.2	65110018	65110663	-3	1	-	NC_072390.2	65110034	65110430	CXXC1	XM_054460757.2	-	3	2	233	15	10	11	10	10	7	middle	middle	1.000	0.700	constitutive	alternative	207	110	7
NC_072390.2	65110018	65110663	-3	1	-	NC_072390.2	65110223	65110430	CXXC1	XM_054460767.2	-	3	1	233	204	10	10	10	10	10	middle	middle	1.000	1.000	constitutive	constitutive	207	207	3
NC_072390.2	74360487	74360820	-1	1	-	NC_072390.2	74360623	74360762	CCBE1	XM_054461201.2	-	1	1	58	135	8	8	5	3	3	middle	middle	0.600	0.600	alternative	alternative	139	139	3
NC_072390.2	74360487	74360820	-1	1	-	NC_072390.2	74360489	74360524	CCBE1	XM_063653776.1	-	1	1	296	1	8	8	5	1	1	middle	middle	0.200	0.200	unique	unique	35	35	1
NC_072390.2	74818313	74818856	3	1	+	NC_072390.2	74818467	74818524	PMAIP1	XM_054461402.2	+	3	1	153	332	1	1	2	1	1	first	first	0.500	0.500	unique	unique	57	57	1
NC_072390.2	74818313	74818856	3	1	+	NC_072390.2	74818467	74818856	PMAIP1	XM_063653778.1	+	3	2	153	0	1	2	2	1	1	first	last	0.500	0.500	unique	unique	67	138	1
NC_072391.2	1907084	1908029	3	1	+	NC_072391.2	1907150	1908029	EME2	XM_054454704.2	+	3	2	65	0	5	7	7	3	2	middle	last	0.429	0.286	alternative	alternative	93	397	1
NC_072391.2	1907084	1908029	3	1	+	NC_072391.2	1907150	1907243	EME2	XM_054454705.2	+	3	1	65	786	5	5	7	3	3	middle	middle	0.429	0.429	alternative	alternative	93	93	1
NC_072391.2	1907084	1908029	3	1	+	NC_072391.2	1907150	1908029	EME2	XM_063654871.1	+	3	3	65	0	5	8	7	3	1	middle	last	0.429	0.143	alternative	unique	93	126	1
NC_072391.2	1907084	1908029	3	1	+	NC_072391.2	1907632	1908029	EME2	XM_063654872.1	+	3	1	547	0	5	5	7	2	2	last	last	0.286	0.286	alternative	alternative	397	397	1
NC_072391.2	2070362	2071145	-1	1	-	NC_072391.2	2070837	2070985	MSRB1	XM_054454727.2	-	1	1	160	474	2	2	3	2	2	middle	middle	0.667	0.667	alternative	alternative	148	148	2
NC_072391.2	2070362	2071145	-1	1	-	NC_072391.2	2070363	2070985	MSRB1	XM_054454728.1	-	1	2	160	0	2	3	3	1	1	middle	last	0.333	0.333	unique	unique	116	109	1
NC_072391.2	2102971	2103712	2	1	+	NC_072391.2	2102972	2103275	TBL3	XM_054454743.2	+	2	2	0	437	4	5	2	1	1	middle	middle	0.500	0.500	unique	unique	47	141	1
NC_072391.2	2102971	2103712	2	1	+	NC_072391.2	2103239	2103275	TBL3	XM_063654886.1	+	2	1	267	437	1	1	2	1	1	first	first	0.500	0.500	unique	unique	36	36	1
NC_072391.2	2290999	2291320	2	1	+	NC_072391.2	2291221	2291320	RAB26	XM_054454793.2	+	2	1	221	0	9	9	5	2	2	last	last	0.400	0.400	alternative	alternative	99	99	2
NC_072391.2	2290999	2291320	2	1	+	NC_072391.2	2291036	2291122	RAB26	XM_054454794.2	+	2	1	36	198	8	8	5	1	1	middle	middle	0.200	0.200	unique	unique	86	86	1
NC_072391.2	24105560	24105794	-1	1	-	NC_072391.2	24105764	24105791	LOC129016295	XM_054455602.2	-	1	1	3	203	1	1	8	4	4	first	first	0.500	0.500	alternative	alternative	27	27	4
NC_072391.2	24105560	24105794	-1	1	-	NC_072391.2	24105562	24105584	LOC129016295	XM_063654061.1	-	1	1	210	1	1	1	8	1	1	first	first	0.125	0.125	unique	unique	22	22	1
NC_072391.2	2639417	2640164	3	1	+	NC_072391.2	2639491	2640164	NTN3	XM_054454838.2	+	3	2	73	0	5	6	6	6	2	middle	last	1.000	0.333	constitutive	alternative	74	346	2
NC_072391.2	2639417	2640164	3	1	+	NC_072391.2	2639491	2639565	NTN3	XM_063654915.1	+	3	1	73	599	4	4	6	6	6	middle	middle	1.000	1.000	constitutive	constitutive	74	74	3
NC_072391.2	2639417	2640164	3	1	+	NC_072391.2	2639491	2639938	NTN3	XM_063654916.1	+	3	2	73	226	4	5	6	6	1	middle	middle	1.000	0.167	constitutive	unique	74	120	1
NC_072391.2	31696473	31696779	1	1	+	NC_072391.2	31696474	31696642	HIRIP3	XM_054454511.2	+	1	1	0	137	5	5	3	1	1	middle	middle	0.333	0.333	unique	unique	168	168	1
NC_072391.2	31696473	31696779	1	1	+	NC_072391.2	31696474	31696724	HIRIP3	XM_054454513.2	+	1	1	0	55	5	5	3	1	1	middle	middle	0.333	0.333	unique	unique	250	250	1
NC_072391.2	31696473	31696779	1	1	+	NC_072391.2	31696725	31696779	HIRIP3	XM_054454514.2	+	1	1	251	0	5	5	3	1	1	last	last	0.333	0.333	unique	unique	54	54	1
NC_072391.2	31696639	31696996	2	1	+	NC_072391.2	31696725	31696823	HIRIP3	XM_054454511.2	+	2	1	85	173	6	6	3	1	1	middle	middle	0.333	0.333	unique	unique	98	98	1
NC_072391.2	31696639	31696996	2	1	+	NC_072391.2	31696912	31696996	HIRIP3	XM_054454513.2	+	2	1	272	0	6	6	3	1	1	last	last	0.333	0.333	unique	unique	84	84	1
NC_072391.2	31884811	31885870	-2	1	-	NC_072391.2	31885088	31885840	MAZ	XM_054454589.2	-	2	2	30	276	1	2	4	2	2	first	middle	0.500	0.500	alternative	alternative	35	86	2
NC_072391.2	31884811	31885870	-2	1	-	NC_072391.2	31885088	31885279	MAZ	XM_054454591.2	-	2	1	591	276	1	1	4	2	2	first	first	0.500	0.500	alternative	alternative	191	191	2
NC_072391.2	3244662	3245196	1	1	+	NC_072391.2	3244835	3245195	MMP25	XM_054453657.2	+	1	2	172	1	5	6	2	1	2	middle	middle	0.500	1.000	unique	constitutive	176	84	1
NC_072391.2	3244662	3245196	1	1	+	NC_072391.2	3245111	3245195	MMP25	XM_063654999.1	+	1	1	448	1	5	5	2	2	2	middle	middle	1.000	1.000	constitutive	constitutive	84	84	1
NC_072391.2	3254523	3254856	1	1	+	NC_072391.2	3254545	3254781	LOC129015533	XM_054453664.2	+	1	2	21	75	2	3	12	10	11	middle	middle	0.833	0.917	alternative	alternative	38	59	10
NC_072391.2	3254523	3254856	1	1	+	NC_072391.2	3254653	3254781	LOC129015533	XM_063655000.1	+	1	1	129	75	1	1	12	1	1	first	first	0.083	0.083	unique	unique	128	128	1
NC_072391.2	3254523	3254856	1	1	+	NC_072391.2	3254581	3254781	LOC129015533	XM_063655010.1	+	1	2	57	75	1	2	12	1	11	first	middle	0.083	0.917	unique	alternative	2	59	1
NC_072391.2	32729814	32730384	1	1	+	NC_072391.2	32729844	32730241	HSD3B7	XM_054455665.2	+	1	2	29	143	4	5	6	6	5	middle	middle	1.000	0.833	constitutive	alternative	99	162	5
NC_072391.2	32729814	32730384	1	1	+	NC_072391.2	32729844	32729943	HSD3B7	XM_054455671.2	+	1	1	29	441	4	4	6	6	6	middle	middle	1.000	1.000	constitutive	constitutive	99	99	1
NC_072391.2	399687	400212	1	1	+	NC_072391.2	399764	400155	PDIA2	XM_054454566.2	+	1	2	76	57	9	10	3	3	2	middle	middle	1.000	0.667	constitutive	alternative	181	110	2
NC_072391.2	399687	400212	1	1	+	NC_072391.2	399764	399945	PDIA2	XM_054454567.2	+	1	1	76	267	9	9	3	3	3	middle	middle	1.000	1.000	constitutive	constitutive	181	181	1
NC_072391.2	4838797	4839883	-2	1	-	NC_072391.2	4838798	4839718	UBALD1	XM_054452533.2	-	2	2	165	0	2	3	3	1	2	middle	last	0.333	0.667	unique	alternative	62	347	1
NC_072391.2	4838797	4839883	-2	1	-	NC_072391.2	4838798	4839145	UBALD1	XM_054452534.2	-	2	1	738	0	2	2	3	2	2	last	last	0.667	0.667	alternative	alternative	347	347	1
NC_072391.2	64530658	64531114	2	1	+	NC_072391.2	64530659	64530836	NOL3	XM_054453878.2	+	2	1	0	278	1	1	6	2	2	first	first	0.333	0.333	alternative	alternative	177	177	2
NC_072391.2	64530658	64531114	2	1	+	NC_072391.2	64530952	64531090	NOL3	XM_054453880.2	+	2	1	293	24	3	3	6	1	1	middle	middle	0.167	0.167	unique	unique	138	138	1
NC_072391.2	64554549	64554918	1	1	+	NC_072391.2	64554662	64554918	E2F4	XM_054453887.2	+	1	2	112	0	9	10	4	4	2	middle	last	1.000	0.500	constitutive	alternative	44	112	2
NC_072391.2	64554549	64554918	1	1	+	NC_072391.2	64554662	64554706	E2F4	XM_054453888.2	+	1	1	112	212	9	9	4	4	4	middle	middle	1.000	1.000	constitutive	constitutive	44	44	2
NC_072391.2	65017901	65018480	-1	1	-	NC_072391.2	65017900	65018306	ENKD1	XM_054453965.2	-	1	2	174	-2	4	5	2	1	2	middle	middle	0.500	1.000	unique	constitutive	125	162	1
NC_072391.2	65017901	65018480	-1	1	-	NC_072391.2	65017900	65018063	ENKD1	XM_054453966.2	-	1	1	417	-2	4	4	2	2	2	middle	middle	1.000	1.000	constitutive	constitutive	162	162	1
NC_072391.2	65314314	65314869	-3	1	-	NC_072391.2	65314316	65314420	SLC12A4	XM_054454004.2	-	3	1	449	1	16	16	20	15	15	middle	middle	0.750	0.750	alternative	alternative	104	104	15
NC_072391.2	65314314	65314869	-3	1	-	NC_072391.2	65314316	65314788	SLC12A4	XM_063654399.1	-	3	2	81	1	14	15	20	3	2	middle	middle	0.150	0.100	alternative	alternative	119	133	2
NC_072391.2	65314314	65314869	-3	1	-	NC_072391.2	65314669	65314788	SLC12A4	XM_063654404.1	-	3	1	81	354	14	14	20	3	3	middle	middle	0.150	0.150	alternative	alternative	119	119	1
NC_072391.2	65335420	65336188	-2	1	-	NC_072391.2	65335435	65335549	SLC12A4	XM_054454004.2	-	2	1	639	14	1	1	20	9	9	first	first	0.450	0.450	alternative	alternative	114	114	9
NC_072391.2	65335420	65336188	-2	1	-	NC_072391.2	65336050	65336080	SLC12A4	XM_054454006.2	-	2	1	108	629	1	1	20	1	1	first	first	0.050	0.050	unique	unique	30	30	1
NC_072391.2	671333	672017	3	1	+	NC_072391.2	671592	671770	CAPN15	XM_054455255.2	+	3	1	258	247	12	12	8	8	8	middle	middle	1.000	1.000	constitutive	constitutive	178	178	6
NC_072391.2	671333	672017	3	1	+	NC_072391.2	671592	672017	CAPN15	XM_054455257.2	+	3	2	258	0	12	13	8	8	2	middle	last	1.000	0.250	constitutive	alternative	178	6	2
NC_072391.2	700814	701705	3	1	+	NC_072391.2	701071	701586	PIGQ	XM_054455268.2	+	3	2	256	119	9	10	20	19	6	middle	middle	0.950	0.300	alternative	alternative	61	42	6
NC_072391.2	700814	701705	3	1	+	NC_072391.2	701071	701132	PIGQ	XM_054455270.2	+	3	1	256	573	9	9	20	19	19	middle	middle	0.950	0.950	alternative	alternative	61	61	13
NC_072391.2	74454852	74455407	1	1	+	NC_072391.2	74455053	74455125	SYCE1L	XM_054453732.2	+	1	1	200	282	10	10	7	7	7	middle	middle	1.000	1.000	constitutive	constitutive	72	72	2
NC_072391.2	74454852	74455407	1	1	+	NC_072391.2	74455053	74455407	SYCE1L	XM_054453733.2	+	1	2	200	0	9	10	7	7	1	middle	last	1.000	0.143	constitutive	unique	72	176	1
NC_072391.2	74454852	74455407	1	1	+	NC_072391.2	74455053	74455407	SYCE1L	XM_054453734.2	+	1	2	200	0	10	11	7	7	4	middle	last	1.000	0.571	constitutive	alternative	72	71	4
NC_072391.2	750626	750830	-1	1	-	NC_072391.2	750729	750807	METTL26	XM_054455282.2	-	1	1	23	102	5	5	14	7	7	middle	middle	0.500	0.500	alternative	alternative	78	78	7
NC_072391.2	750626	750830	-1	1	-	NC_072391.2	750627	750654	METTL26	XM_054455283.2	-	1	1	176	0	5	5	14	2	2	last	last	0.143	0.143	alternative	alternative	27	27	2
NC_072391.2	750687	751089	-3	1	-	NC_072391.2	750899	751021	METTL26	XM_054455282.2	-	3	1	68	211	4	4	14	1	1	middle	middle	0.071	0.071	unique	unique	122	122	1
NC_072391.2	750687	751089	-3	1	-	NC_072391.2	750899	750966	METTL26	XM_054455285.2	-	3	1	123	211	4	4	14	2	2	middle	middle	0.143	0.143	alternative	alternative	67	67	2
NC_072391.2	750687	751089	-3	1	-	NC_072391.2	750729	750807	METTL26	XM_054455286.2	-	3	1	282	41	4	4	14	2	2	middle	middle	0.143	0.143	alternative	alternative	78	78	2
NC_072391.2	750687	751089	-3	1	-	NC_072391.2	750899	751072	METTL26	XM_054455290.2	-	3	1	17	211	3	3	14	2	2	middle	middle	0.143	0.143	alternative	alternative	173	173	2
NC_072391.2	751425	752385	-3	1	-	NC_072391.2	751461	752229	METTL26	XM_054455283.2	-	3	2	156	35	1	2	14	11	3	first	middle	0.786	0.214	alternative	alternative	196	256	3
NC_072391.2	751425	752385	-3	1	-	NC_072391.2	751555	752229	METTL26	XM_054455285.2	-	3	2	156	129	1	2	14	11	5	first	middle	0.786	0.357	alternative	alternative	196	162	5
NC_072391.2	751425	752385	-3	1	-	NC_072391.2	752033	752229	METTL26	XM_054455290.2	-	3	1	156	607	1	1	14	11	11	first	first	0.786	0.786	alternative	alternative	196	196	3
NC_072391.2	773778	774345	1	1	+	NC_072391.2	773871	774187	WDR90	XM_054455306.2	+	1	2	92	158	15	16	21	21	19	middle	middle	1.000	0.905	constitutive	alternative	130	116	19
NC_072391.2	773778	774345	1	1	+	NC_072391.2	773871	774001	WDR90	XM_063654767.1	+	1	1	92	344	15	15	21	21	21	middle	middle	1.000	1.000	constitutive	constitutive	130	130	2
NC_072391.2	85839524	85840043	3	1	+	NC_072391.2	85839679	85839993	ZFPM1	XM_054453683.2	+	3	2	154	50	8	9	3	2	3	middle	middle	0.667	1.000	alternative	constitutive	95	140	2
NC_072391.2	85839524	85840043	3	1	+	NC_072391.2	85839853	85839993	ZFPM1	XM_054453684.2	+	3	1	328	50	8	8	3	3	3	middle	middle	1.000	1.000	constitutive	constitutive	140	140	1
NC_072391.2	86009718	86010009	-3	1	-	NC_072391.2	86009884	86009991	RNF166	XM_054453031.2	-	3	1	18	165	5	5	2	2	2	middle	middle	1.000	1.000	constitutive	constitutive	107	107	1
NC_072391.2	86009718	86010009	-3	1	-	NC_072391.2	86009719	86009991	RNF166	XM_063654191.1	-	3	2	18	0	5	6	2	2	1	middle	last	1.000	0.500	constitutive	unique	107	17	1
NC_072391.2	86505142	86506039	-2	1	-	NC_072391.2	86505190	86505866	SLC22A31	XM_054455419.2	-	2	2	173	47	5	7	4	3	4	middle	middle	0.750	1.000	alternative	constitutive	145	214	3
NC_072391.2	86505142	86506039	-2	1	-	NC_072391.2	86505190	86505404	SLC22A31	XM_054455421.2	-	2	1	635	47	6	6	4	4	4	middle	middle	1.000	1.000	constitutive	constitutive	214	214	1
NC_072391.2	86505509	86505968	-1	1	-	NC_072391.2	86505511	86505619	SLC22A31	XM_054455419.2	-	1	1	349	1	6	6	4	3	3	middle	middle	0.750	0.750	alternative	alternative	108	108	3
NC_072391.2	86505509	86505968	-1	1	-	NC_072391.2	86505688	86505777	SLC22A31	XM_054455421.2	-	1	1	191	178	5	5	4	1	1	middle	middle	0.250	0.250	unique	unique	89	89	1
NC_072391.2	86894540	86895434	3	1	+	NC_072391.2	86894565	86894616	CPNE7	XM_054455442.2	+	3	1	24	818	12	12	12	11	11	middle	middle	0.917	0.917	alternative	alternative	51	51	8
NC_072391.2	86894540	86895434	3	1	+	NC_072391.2	86894565	86895115	CPNE7	XM_063654200.1	+	3	2	24	319	12	13	12	11	1	middle	middle	0.917	0.083	alternative	unique	51	117	1
NC_072391.2	86894540	86895434	3	1	+	NC_072391.2	86894565	86895115	CPNE7	XM_063654201.1	+	3	2	24	319	12	13	12	11	2	middle	middle	0.917	0.167	alternative	alternative	51	123	2
NC_072391.2	86894544	86895162	1	1	+	NC_072391.2	86894684	86894817	CPNE7	XM_054455442.2	+	1	1	139	345	13	13	12	8	8	middle	middle	0.667	0.667	alternative	alternative	133	133	5
NC_072391.2	86894544	86895162	1	1	+	NC_072391.2	86894684	86895115	CPNE7	XM_063654203.1	+	1	2	139	47	13	14	12	8	1	middle	middle	0.667	0.083	alternative	unique	133	123	1
NC_072391.2	86894544	86895162	1	1	+	NC_072391.2	86894684	86895115	CPNE7	XM_063654204.1	+	1	2	139	47	13	14	12	8	1	middle	middle	0.667	0.083	alternative	unique	133	117	1
NC_072391.2	86894544	86895162	1	1	+	NC_072391.2	86894684	86895114	CPNE7	XM_063654205.1	+	1	2	139	48	13	14	12	8	1	middle	last	0.667	0.083	alternative	unique	133	122	1
NC_072391.2	87242097	87243027	1	1	+	NC_072391.2	87242245	87242368	DEF8	XM_054455494.2	+	1	1	147	659	1	1	12	4	4	first	first	0.333	0.333	alternative	alternative	123	123	4
NC_072391.2	87242097	87243027	1	1	+	NC_072391.2	87242767	87242939	DEF8	XM_054455503.2	+	1	1	669	88	1	1	12	1	1	first	first	0.083	0.083	unique	unique	172	172	1
NC_072391.2	902637	903231	-3	1	-	NC_072391.2	902748	903157	RPUSD1	XM_054455351.2	-	3	2	74	110	2	3	8	4	1	middle	middle	0.500	0.125	alternative	unique	123	111	1
NC_072391.2	902637	903231	-3	1	-	NC_072391.2	902757	903157	RPUSD1	XM_054455352.2	-	3	2	74	119	2	3	8	4	1	middle	middle	0.500	0.125	alternative	unique	123	102	1
NC_072391.2	902637	903231	-3	1	-	NC_072391.2	902748	902778	RPUSD1	XM_054455353.2	-	3	1	453	110	1	1	8	3	3	first	first	0.375	0.375	alternative	alternative	30	30	3
NC_072391.2	902637	903231	-3	1	-	NC_072391.2	903034	903157	RPUSD1	XM_054455355.2	-	3	1	74	396	2	2	8	4	4	middle	middle	0.500	0.500	alternative	alternative	123	123	2
NC_072391.2	902637	903231	-3	1	-	NC_072391.2	902757	902778	RPUSD1	XM_063655318.1	-	3	1	453	119	1	1	8	1	1	first	first	0.125	0.125	unique	unique	21	21	1
NC_072392.2	100006738	100007140	2	1	+	NC_072392.2	100006757	100007056	HGS	XM_054458542.2	+	2	2	18	84	13	14	4	4	2	middle	middle	1.000	0.500	constitutive	alternative	143	59	2
NC_072392.2	100006738	100007140	2	1	+	NC_072392.2	100006757	100006900	HGS	XM_063656334.1	+	2	1	18	240	13	13	4	4	4	middle	middle	1.000	1.000	constitutive	constitutive	143	143	2
NC_072392.2	100258346	100258994	3	1	+	NC_072392.2	100258920	100258993	ASPSCR1	XM_054457359.2	+	3	1	573	1	6	6	6	6	6	middle	middle	1.000	1.000	constitutive	constitutive	73	73	2
NC_072392.2	100258346	100258994	3	1	+	NC_072392.2	100258482	100258993	ASPSCR1	XM_063656347.1	+	3	2	135	1	6	7	6	4	6	middle	middle	0.667	1.000	alternative	constitutive	116	73	4
NC_072392.2	100712142	100712373	1	1	+	NC_072392.2	100712334	100712373	HEXD	XM_054456260.2	+	1	1	191	0	11	11	10	1	1	last	last	0.100	0.100	unique	unique	39	39	1
NC_072392.2	100712142	100712373	1	1	+	NC_072392.2	100712222	100712311	HEXD	XM_063656368.1	+	1	1	79	62	10	10	10	5	5	middle	middle	0.500	0.500	alternative	alternative	89	89	5
NC_072392.2	100712142	100712373	1	1	+	NC_072392.2	100712166	100712311	HEXD	XM_063656370.1	+	1	1	23	62	11	11	10	1	1	middle	middle	0.100	0.100	unique	unique	145	145	1
NC_072392.2	100712142	100712373	1	1	+	NC_072392.2	100712166	100712221	HEXD	XM_063656375.1	+	1	1	23	152	11	11	10	1	1	middle	middle	0.100	0.100	unique	unique	55	55	1
NC_072392.2	18732801	18733617	1	1	+	NC_072392.2	18732967	18733252	RASD1	XM_054459204.2	+	1	1	165	365	1	1	2	2	2	first	first	1.000	1.000	constitutive	constitutive	285	285	1
NC_072392.2	18732801	18733617	1	1	+	NC_072392.2	18732967	18733617	RASD1	XM_054459205.2	+	1	2	165	0	1	2	2	2	1	first	last	1.000	0.500	constitutive	unique	285	79	1
NC_072392.2	22998352	22998895	2	1	+	NC_072392.2	22998389	22998437	MAP2K3	XM_054457968.2	+	2	1	36	458	1	1	4	1	1	first	first	0.250	0.250	unique	unique	48	48	1
NC_072392.2	22998352	22998895	2	1	+	NC_072392.2	22998758	22998794	MAP2K3	XM_054457969.2	+	2	1	405	101	1	1	4	1	1	first	first	0.250	0.250	unique	unique	36	36	1
NC_072392.2	4604180	4604648	3	1	+	NC_072392.2	4604238	4604648	PSMB6	XM_054459355.2	+	3	2	57	0	5	6	2	2	1	middle	last	1.000	0.500	constitutive	unique	144	139	1
NC_072392.2	4604180	4604648	3	1	+	NC_072392.2	4604238	4604382	PSMB6	XM_054459356.2	+	3	1	57	266	5	5	2	2	2	middle	middle	1.000	1.000	constitutive	constitutive	144	144	1
NC_072392.2	4701957	4702560	1	1	+	NC_072392.2	4702159	4702469	MINK1	XM_054459365.2	+	1	2	201	91	22	23	33	15	33	middle	middle	0.455	1.000	alternative	constitutive	23	163	15
NC_072392.2	4701957	4702560	1	1	+	NC_072392.2	4702306	4702469	MINK1	XM_054459367.2	+	1	1	348	91	22	22	33	33	33	middle	middle	1.000	1.000	constitutive	constitutive	163	163	18
NC_072392.2	4757217	4757898	1	1	+	NC_072392.2	4757450	4757692	RNF167	XM_054459393.2	+	1	2	232	206	8	9	6	1	6	middle	middle	0.167	1.000	unique	constitutive	71	80	1
NC_072392.2	4757217	4757898	1	1	+	NC_072392.2	4757612	4757692	RNF167	XM_054459397.2	+	1	1	394	206	8	8	6	6	6	middle	middle	1.000	1.000	constitutive	constitutive	80	80	5
NC_072392.2	60493683	60494094	1	1	+	NC_072392.2	60493707	60493804	MKS1	XM_054457960.2	+	1	1	23	290	17	17	3	1	1	middle	middle	0.333	0.333	unique	unique	97	97	1
NC_072392.2	60493683	60494094	1	1	+	NC_072392.2	60493917	60494094	MKS1	XM_054457961.2	+	1	1	233	0	17	17	3	1	1	last	last	0.333	0.333	unique	unique	177	177	1
NC_072392.2	7091368	7091626	2	1	+	NC_072392.2	7091395	7091467	ACADVL	XM_054458098.2	+	2	1	26	159	16	16	3	2	2	middle	middle	0.667	0.667	alternative	alternative	72	72	2
NC_072392.2	7091368	7091626	2	1	+	NC_072392.2	7091553	7091626	ACADVL	XM_063656940.1	+	2	1	184	0	16	16	3	1	1	last	last	0.333	0.333	unique	unique	73	73	1
NC_072392.2	71645032	71646115	-2	1	-	NC_072392.2	71645033	71645674	SRCIN1	XM_054456422.2	-	2	2	441	0	21	22	8	7	3	middle	last	0.875	0.375	alternative	alternative	146	257	3
NC_072392.2	71645032	71646115	-2	1	-	NC_072392.2	71645528	71645674	SRCIN1	XM_054456425.2	-	2	1	441	495	20	20	8	7	7	middle	middle	0.875	0.875	alternative	alternative	146	146	3
NC_072392.2	71645032	71646115	-2	1	-	NC_072392.2	71645528	71645674	SRCIN1	XM_054456432.2	-	2	1	441	495	20	20	8	7	7	last	last	0.875	0.875	alternative	alternative	146	146	1
NC_072392.2	72800662	72802039	2	1	+	NC_072392.2	72800820	72801983	ERBB2	XM_054457281.2	+	2	4	157	56	4	7	10	9	9	middle	middle	0.900	0.900	alternative	alternative	134	141	9
NC_072392.2	72800662	72802039	2	1	+	NC_072392.2	72801926	72801983	ERBB2	XM_063656172.1	+	2	1	1263	56	1	1	10	1	1	first	first	0.100	0.100	unique	unique	57	57	1
NC_072392.2	73108602	73109835	-3	1	-	NC_072392.2	73108657	73109225	MED24	XM_054459811.2	-	3	2	610	54	24	25	14	8	12	middle	middle	0.571	0.857	alternative	alternative	80	148	7
NC_072392.2	73108602	73109835	-3	1	-	NC_072392.2	73108657	73109222	MED24	XM_054459812.2	-	3	2	613	54	24	25	14	6	12	middle	middle	0.429	0.857	alternative	alternative	77	148	5
NC_072392.2	73108602	73109835	-3	1	-	NC_072392.2	73109145	73109225	MED24	XM_063656881.1	-	3	1	610	542	24	24	14	8	8	middle	middle	0.571	0.571	alternative	alternative	80	80	1
NC_072392.2	73108602	73109835	-3	1	-	NC_072392.2	73109145	73109222	MED24	XM_063656882.1	-	3	1	613	542	24	24	14	6	6	middle	middle	0.429	0.429	alternative	alternative	77	77	1
NC_072392.2	75660661	75660928	2	1	+	NC_072392.2	75660783	75660880	COASY	XM_054457617.2	+	2	1	121	48	7	7	4	3	3	middle	middle	0.750	0.750	alternative	alternative	97	97	3
NC_072392.2	75660661	75660928	2	1	+	NC_072392.2	75660918	75660928	COASY	XM_054457619.2	+	2	1	256	0	7	7	4	1	1	last	last	0.250	0.250	unique	unique	10	10	1
NC_072392.2	76654708	76655149	-2	1	-	NC_072392.2	76654714	76655107	ETV4	XM_054457772.2	-	2	2	42	5	2	3	12	7	8	middle	middle	0.583	0.667	alternative	alternative	93	47	6
NC_072392.2	76654708	76655149	-2	1	-	NC_072392.2	76655014	76655107	ETV4	XM_063656399.1	-	2	1	42	305	2	2	12	7	7	middle	middle	0.583	0.583	alternative	alternative	93	93	1
NC_072392.2	76654708	76655149	-2	1	-	NC_072392.2	76654714	76655050	ETV4	XM_063656400.1	-	2	2	99	5	1	2	12	3	8	first	middle	0.250	0.667	alternative	alternative	36	47	2
NC_072392.2	76654708	76655149	-2	1	-	NC_072392.2	76655014	76655050	ETV4	XM_063656404.1	-	2	1	99	305	1	1	12	3	3	first	first	0.250	0.250	alternative	alternative	36	36	1
NC_072392.2	77291391	77291991	1	1	+	NC_072392.2	77291723	77291990	ASB16	XM_054456213.2	+	1	1	331	1	2	2	2	2	2	middle	middle	1.000	1.000	constitutive	constitutive	267	267	1
NC_072392.2	77291391	77291991	1	1	+	NC_072392.2	77291419	77291990	ASB16	XM_063656730.1	+	1	2	27	1	1	2	2	1	2	first	middle	0.500	1.000	unique	constitutive	156	267	1
NC_072392.2	7775299	7776430	2	1	+	NC_072392.2	7775481	7776026	CHD3	XM_054455806.2	+	2	2	181	404	38	39	21	11	7	middle	middle	0.524	0.333	alternative	alternative	163	126	7
NC_072392.2	7775299	7776430	2	1	+	NC_072392.2	7775481	7775644	CHD3	XM_054455814.2	+	2	1	181	786	38	38	21	11	11	middle	middle	0.524	0.524	alternative	alternative	163	163	4
NC_072392.2	77863127	77863856	3	1	+	NC_072392.2	77863211	77863319	DBF4B	XM_063656745.1	+	3	1	83	537	10	10	15	15	15	middle	middle	1.000	1.000	constitutive	constitutive	108	108	14
NC_072392.2	77863127	77863856	3	1	+	NC_072392.2	77863211	77863643	DBF4B	XM_063656762.1	+	3	2	83	213	11	12	15	15	1	middle	middle	1.000	0.067	constitutive	unique	108	164	1
NC_072392.2	81733882	81735244	2	1	+	NC_072392.2	81734906	81735148	ACE	XM_054458944.2	+	2	1	1023	96	1	1	3	1	1	first	first	0.333	0.333	unique	unique	242	242	1
NC_072392.2	81733882	81735244	2	1	+	NC_072392.2	81734453	81734707	ACE	XM_054458945.2	+	2	1	570	537	1	1	3	1	1	first	first	0.333	0.333	unique	unique	254	254	1
NC_072392.2	93107037	93107799	-3	1	-	NC_072392.2	93107131	93107568	FDXR	XM_054456307.2	-	3	2	231	93	4	5	11	7	11	middle	middle	0.636	1.000	alternative	constitutive	122	113	7
NC_072392.2	93107037	93107799	-3	1	-	NC_072392.2	93107131	93107244	FDXR	XM_063656962.1	-	3	1	555	93	4	4	11	11	11	middle	middle	1.000	1.000	constitutive	constitutive	113	113	4
NC_072392.2	93112954	93113386	-2	1	-	NC_072392.2	93113030	93113127	FDXR	XM_054456307.2	-	2	1	259	75	2	2	11	9	9	middle	middle	0.818	0.818	alternative	alternative	97	97	9
NC_072392.2	93112954	93113386	-2	1	-	NC_072392.2	93113030	93113310	FDXR	XM_054456311.2	-	2	2	76	75	2	3	11	1	1	middle	middle	0.091	0.091	unique	unique	118	71	1
NC_072392.2	93369931	93370372	-2	1	-	NC_072392.2	93369932	93370306	NT5C	XM_054456331.2	-	2	2	66	0	4	5	3	1	2	middle	last	0.333	0.667	unique	alternative	114	151	1
NC_072392.2	93369931	93370372	-2	1	-	NC_072392.2	93369932	93370083	NT5C	XM_054456332.2	-	2	1	289	0	4	4	3	2	2	last	last	0.667	0.667	alternative	alternative	151	151	1
NC_072392.2	93726916	93727669	2	1	+	NC_072392.2	93727012	93727408	TMEM94	XM_054457344.2	+	2	2	95	261	7	8	12	12	9	middle	middle	1.000	0.750	constitutive	alternative	102	86	9
NC_072392.2	93726916	93727669	2	1	+	NC_072392.2	93727012	93727114	TMEM94	XM_063657111.1	+	2	1	95	555	7	7	12	12	12	middle	middle	1.000	1.000	constitutive	constitutive	102	102	3
NC_072392.2	99536038	99536860	-2	1	-	NC_072392.2	99536593	99536686	TEPSIN	XM_054456600.2	-	2	1	174	554	3	3	9	9	9	middle	middle	1.000	1.000	constitutive	constitutive	93	93	5
NC_072392.2	99536038	99536860	-2	1	-	NC_072392.2	99536095	99536686	TEPSIN	XM_054456602.2	-	2	2	174	56	4	5	9	9	4	middle	middle	1.000	0.444	constitutive	alternative	93	95	4
NC_072393.2	1009015	1009762	2	1	+	NC_072393.2	1009142	1009675	MIDN	XM_054465310.2	+	2	2	126	87	4	5	5	3	5	middle	middle	0.600	1.000	alternative	constitutive	128	320	3
NC_072393.2	1009015	1009762	2	1	+	NC_072393.2	1009355	1009675	MIDN	XM_054465313.2	+	2	1	339	87	4	4	5	5	5	middle	middle	1.000	1.000	constitutive	constitutive	320	320	2
NC_072393.2	11422356	11422884	-2	1	-	NC_072393.2	11422378	11422749	KANK2	XM_054463961.2	-	2	2	135	21	9	10	16	16	11	middle	middle	1.000	0.688	constitutive	alternative	200	89	11
NC_072393.2	11422356	11422884	-2	1	-	NC_072393.2	11422549	11422749	KANK2	XM_054463967.2	-	2	1	135	192	9	9	16	16	16	middle	middle	1.000	1.000	constitutive	constitutive	200	200	5
NC_072393.2	11497397	11497880	-3	1	-	NC_072393.2	11497443	11497758	DOCK6	XM_054463954.2	-	3	2	122	45	8	9	5	5	4	middle	middle	1.000	0.800	constitutive	alternative	66	149	4
NC_072393.2	11497397	11497880	-3	1	-	NC_072393.2	11497692	11497758	DOCK6	XM_054463957.2	-	3	1	122	294	8	8	5	5	5	middle	middle	1.000	1.000	constitutive	constitutive	66	66	1
NC_072393.2	1269864	1270755	-2	1	-	NC_072393.2	1269970	1270030	ADAMTSL5	XM_054465392.2	-	2	1	725	105	4	4	7	4	4	middle	middle	0.571	0.571	alternative	alternative	60	60	4
NC_072393.2	1269864	1270755	-2	1	-	NC_072393.2	1270246	1270524	ADAMTSL5	XM_063658291.1	-	2	2	231	381	3	4	7	3	2	middle	middle	0.429	0.286	alternative	alternative	72	94	2
NC_072393.2	1269864	1270755	-2	1	-	NC_072393.2	1270246	1270524	ADAMTSL5	XM_063658292.1	-	2	2	231	381	3	4	7	3	1	middle	middle	0.429	0.143	alternative	unique	72	91	1
NC_072393.2	12915399	12915777	-2	1	-	NC_072393.2	12915622	12915747	DHPS	XM_054464116.2	-	2	1	30	222	8	8	4	2	2	middle	middle	0.500	0.500	alternative	alternative	125	125	2
NC_072393.2	12915399	12915777	-2	1	-	NC_072393.2	12915400	12915538	DHPS	XM_054464118.2	-	2	1	239	0	9	9	4	1	1	last	last	0.250	0.250	unique	unique	138	138	1
NC_072393.2	13116268	13116838	-1	1	-	NC_072393.2	13116283	13116735	DNASE2	XM_054464183.2	-	1	2	103	14	4	5	2	1	2	middle	middle	0.500	1.000	unique	constitutive	164	197	1
NC_072393.2	13116268	13116838	-1	1	-	NC_072393.2	13116283	13116480	DNASE2	XM_054464185.2	-	1	1	358	14	4	4	2	2	2	middle	middle	1.000	1.000	constitutive	constitutive	197	197	1
NC_072393.2	15516425	15516977	3	1	+	NC_072393.2	15516477	15516956	SYDE1	XM_054463046.2	+	3	2	51	21	5	6	3	3	1	middle	middle	1.000	0.333	constitutive	unique	126	223	1
NC_072393.2	15516425	15516977	3	1	+	NC_072393.2	15516477	15516956	SYDE1	XM_054463047.2	+	3	2	51	21	5	6	3	3	1	middle	middle	1.000	0.333	constitutive	unique	126	160	1
NC_072393.2	15516425	15516977	3	1	+	NC_072393.2	15516477	15516603	SYDE1	XM_063658737.1	+	3	1	51	374	5	5	3	3	3	middle	middle	1.000	1.000	constitutive	constitutive	126	126	1
NC_072393.2	17319586	17320315	-1	1	-	NC_072393.2	17319800	17320096	CPAMD8	XM_054465910.2	-	1	2	219	213	33	34	7	7	5	middle	middle	1.000	0.714	constitutive	alternative	155	62	5
NC_072393.2	17319586	17320315	-1	1	-	NC_072393.2	17319941	17320096	CPAMD8	XM_063658931.1	-	1	1	219	354	33	33	7	7	7	middle	middle	1.000	1.000	constitutive	constitutive	155	155	2
NC_072393.2	1810370	1810874	-3	1	-	NC_072393.2	1810523	1810847	MKNK2	XM_054465446.2	-	3	2	27	152	2	3	9	8	8	middle	middle	0.889	0.889	alternative	alternative	87	101	8
NC_072393.2	1810370	1810874	-3	1	-	NC_072393.2	1810523	1810622	MKNK2	XM_063658652.1	-	3	1	252	152	1	1	9	1	1	first	first	0.111	0.111	unique	unique	99	99	1
NC_072393.2	19034978	19035569	-3	1	-	NC_072393.2	19035080	19035448	CRLF1	XM_054466347.2	-	3	2	121	101	7	8	5	5	4	middle	middle	1.000	0.800	constitutive	alternative	187	42	4
NC_072393.2	19034978	19035569	-3	1	-	NC_072393.2	19035261	19035448	CRLF1	XM_063657473.1	-	3	1	121	282	8	8	5	5	5	middle	middle	1.000	1.000	constitutive	constitutive	187	187	1
NC_072393.2	19214925	19215807	1	1	+	NC_072393.2	19215064	19215150	CRTC1	XM_054464993.2	+	1	1	138	657	13	13	11	6	6	middle	middle	0.545	0.545	alternative	alternative	86	86	6
NC_072393.2	19214925	19215807	1	1	+	NC_072393.2	19215792	19215807	CRTC1	XM_054465001.2	+	1	1	866	0	15	15	11	1	1	last	last	0.091	0.091	unique	unique	15	15	1
NC_072393.2	19340989	19341364	-1	1	-	NC_072393.2	19341179	19341253	COPE	XM_054465029.2	-	1	1	111	189	9	9	4	4	4	middle	middle	1.000	1.000	constitutive	constitutive	74	74	2
NC_072393.2	19340989	19341364	-1	1	-	NC_072393.2	19340990	19341253	COPE	XM_054465030.2	-	1	2	111	0	9	10	4	4	2	middle	last	1.000	0.500	constitutive	alternative	74	44	2
NC_072393.2	2656752	2657187	1	1	+	NC_072393.2	2656753	2656836	LOC129021015	XM_054466087.2	+	1	1	0	351	17	17	7	7	7	middle	middle	1.000	1.000	constitutive	constitutive	83	83	5
NC_072393.2	2656752	2657187	1	1	+	NC_072393.2	2656753	2657187	LOC129021015	XM_054466092.2	+	1	2	0	0	17	18	7	7	2	middle	last	1.000	0.286	constitutive	alternative	83	176	2
NC_072393.2	3518777	3519434	-3	1	-	NC_072393.2	3518779	3519271	PIP5K1C	XM_054463724.2	-	3	2	163	1	13	14	6	6	4	middle	middle	1.000	0.667	constitutive	alternative	138	32	4
NC_072393.2	3518777	3519434	-3	1	-	NC_072393.2	3519133	3519271	PIP5K1C	XM_063658246.1	-	3	1	163	355	13	13	6	6	6	middle	middle	1.000	1.000	constitutive	constitutive	138	138	2
NC_072393.2	40553960	40554950	3	1	+	NC_072393.2	40554298	40554716	USF2	XM_054462142.2	+	3	2	337	234	3	4	3	3	2	middle	middle	1.000	0.667	constitutive	alternative	118	200	2
NC_072393.2	40553960	40554950	3	1	+	NC_072393.2	40554298	40554416	USF2	XM_054462144.2	+	3	1	337	534	3	3	3	3	3	middle	middle	1.000	1.000	constitutive	constitutive	118	118	1
NC_072393.2	40931101	40931524	2	1	+	NC_072393.2	40931130	40931446	RBM42	XM_054462087.2	+	2	2	28	78	5	6	3	2	1	middle	middle	0.667	0.333	alternative	unique	65	175	1
NC_072393.2	40931101	40931524	2	1	+	NC_072393.2	40931292	40931446	RBM42	XM_054462088.2	+	2	1	190	78	5	5	3	2	2	middle	middle	0.667	0.667	alternative	alternative	154	154	1
NC_072393.2	40931101	40931524	2	1	+	NC_072393.2	40931130	40931446	RBM42	XM_063657547.1	+	2	2	28	78	5	6	3	2	2	middle	middle	0.667	0.667	alternative	alternative	65	154	1
NC_072393.2	41044654	41045083	-1	1	-	NC_072393.2	41044938	41045071	U2AF1L4	XM_054462211.2	-	1	1	12	283	6	6	4	2	2	middle	middle	0.500	0.500	alternative	alternative	133	133	2
NC_072393.2	41044654	41045083	-1	1	-	NC_072393.2	41044950	41045071	U2AF1L4	XM_054462212.2	-	1	1	12	295	6	6	4	1	1	middle	middle	0.250	0.250	unique	unique	121	121	1
NC_072393.2	41044654	41045083	-1	1	-	NC_072393.2	41044735	41045071	U2AF1L4	XM_054462214.1	-	1	2	12	80	4	5	4	1	1	middle	middle	0.250	0.250	unique	unique	74	96	1
NC_072393.2	41084470	41085319	2	1	+	NC_072393.2	41084569	41084714	ARHGAP33	XM_054462220.2	+	2	1	98	605	17	17	29	29	29	middle	middle	1.000	1.000	constitutive	constitutive	145	145	24
NC_072393.2	41084470	41085319	2	1	+	NC_072393.2	41084569	41085246	ARHGAP33	XM_054462248.2	+	2	2	98	73	17	18	29	29	5	middle	middle	1.000	0.172	constitutive	alternative	145	354	5
NC_072393.2	41180526	41181288	1	1	+	NC_072393.2	41180581	41180946	APLP1	XM_054462265.2	+	1	2	54	342	9	10	2	1	2	middle	middle	0.500	1.000	unique	constitutive	158	128	1
NC_072393.2	41180526	41181288	1	1	+	NC_072393.2	41180818	41180946	APLP1	XM_063658656.1	+	1	1	291	342	9	9	2	2	2	middle	middle	1.000	1.000	constitutive	constitutive	128	128	1
NC_072393.2	4223810	4224368	3	1	+	NC_072393.2	4224163	4224251	FSD1	XM_054465509.2	+	3	1	352	117	12	12	2	1	1	middle	middle	0.500	0.500	unique	unique	88	88	1
NC_072393.2	4223810	4224368	3	1	+	NC_072393.2	4224347	4224368	FSD1	XM_054465511.2	+	3	1	536	0	13	13	2	1	1	last	last	0.500	0.500	unique	unique	21	21	1
NC_072393.2	43830882	43831683	1	1	+	NC_072393.2	43831003	43831683	C20H19orf33	XM_054462580.2	+	1	2	120	0	1	4	2	2	1	first	last	1.000	0.500	constitutive	unique	21	98	1
NC_072393.2	43830882	43831683	1	1	+	NC_072393.2	43831003	43831024	C20H19orf33	XM_054462581.2	+	1	1	120	659	1	1	2	2	2	first	first	1.000	1.000	constitutive	constitutive	21	21	1
NC_072393.2	44052147	44053092	1	1	+	NC_072393.2	44052343	44053053	RYR1	XM_054462589.2	+	1	2	195	39	69	70	2	2	1	middle	middle	1.000	0.500	constitutive	unique	92	14	1
NC_072393.2	44052147	44053092	1	1	+	NC_072393.2	44052343	44052435	RYR1	XM_054462590.2	+	1	1	195	657	69	69	2	2	2	middle	middle	1.000	1.000	constitutive	constitutive	92	92	1
NC_072393.2	46341927	46342644	1	1	+	NC_072393.2	46341941	46342282	LTBP4	XM_054464499.2	+	1	2	13	362	13	14	30	30	21	middle	middle	1.000	0.700	constitutive	alternative	131	125	21
NC_072393.2	46341927	46342644	1	1	+	NC_072393.2	46341941	46342072	LTBP4	XM_063658225.1	+	1	1	13	572	13	13	30	30	30	middle	middle	1.000	1.000	constitutive	constitutive	131	131	9
NC_072393.2	47730563	47730965	3	1	+	NC_072393.2	47730645	47730855	ARHGEF1	XM_054463314.2	+	3	2	81	110	9	10	9	9	6	middle	middle	1.000	0.667	constitutive	alternative	96	29	6
NC_072393.2	47730563	47730965	3	1	+	NC_072393.2	47730645	47730741	ARHGEF1	XM_063657991.1	+	3	1	81	224	9	9	9	9	9	middle	middle	1.000	1.000	constitutive	constitutive	96	96	3
NC_072393.2	5049041	5049956	3	1	+	NC_072393.2	5049114	5049336	KDM4B	XM_054462795.2	+	3	1	72	620	14	14	9	4	4	middle	middle	0.444	0.444	alternative	alternative	222	222	3
NC_072393.2	5049041	5049956	3	1	+	NC_072393.2	5049114	5049956	KDM4B	XM_054462797.2	+	3	2	72	0	14	15	9	4	1	middle	last	0.444	0.111	alternative	unique	222	172	1
NC_072393.2	51137174	51138089	-3	1	-	NC_072393.2	51137336	51137429	TRAPPC6A	XM_054463664.2	-	3	1	660	161	5	5	6	3	3	middle	middle	0.500	0.500	alternative	alternative	93	93	3
NC_072393.2	51137174	51138089	-3	1	-	NC_072393.2	51137585	51137705	TRAPPC6A	XM_063658132.1	-	3	1	384	410	4	4	6	2	2	middle	middle	0.333	0.333	alternative	alternative	120	120	2
NC_072393.2	51137174	51138089	-3	1	-	NC_072393.2	51137585	51137668	TRAPPC6A	XM_063658136.1	-	3	1	421	410	3	3	6	1	1	middle	middle	0.167	0.167	unique	unique	83	83	1
NC_072393.2	5148152	5148788	-3	1	-	NC_072393.2	5148387	5148754	PTPRS	XM_054463055.2	-	3	2	34	234	11	12	13	10	6	middle	middle	0.769	0.462	alternative	alternative	193	26	6
NC_072393.2	5148152	5148788	-3	1	-	NC_072393.2	5148561	5148754	PTPRS	XM_054463058.2	-	3	1	34	408	11	11	13	10	10	middle	middle	0.769	0.769	alternative	alternative	193	193	4
NC_072393.2	53161115	53161589	-3	1	-	NC_072393.2	53161405	53161565	ZC3H4	XM_054461911.2	-	3	1	24	289	1	1	8	4	4	first	first	0.500	0.500	alternative	alternative	160	160	4
NC_072393.2	53161115	53161589	-3	1	-	NC_072393.2	53161117	53161130	ZC3H4	XM_054461916.2	-	3	1	459	1	1	1	8	1	1	first	first	0.125	0.125	unique	unique	13	13	1
NC_072393.2	54421097	54423512	-3	1	-	NC_072393.2	54421287	54422531	ODAD1	XM_054462984.2	-	3	1	981	189	1	1	15	1	1	first	first	0.067	0.067	unique	unique	1244	1244	1
NC_072393.2	54421097	54423512	-3	1	-	NC_072393.2	54421287	54423369	ODAD1	XM_054462985.2	-	3	3	143	189	7	9	15	12	14	middle	middle	0.800	0.933	alternative	alternative	187	82	12
NC_072393.2	54421097	54423512	-3	1	-	NC_072393.2	54421287	54423350	ODAD1	XM_054462997.2	-	3	3	162	189	1	3	15	2	14	first	middle	0.133	0.933	alternative	alternative	168	82	2
NC_072393.2	55309334	55310126	3	1	+	NC_072393.2	55309365	55310000	TRPM4	XM_054464359.2	+	3	2	30	126	11	12	4	2	4	middle	middle	0.500	1.000	alternative	constitutive	344	134	2
NC_072393.2	55309334	55310126	3	1	+	NC_072393.2	55309389	55310000	TRPM4	XM_054464361.2	+	3	2	54	126	1	2	4	1	4	first	middle	0.250	1.000	unique	constitutive	320	134	1
NC_072393.2	55309334	55310126	3	1	+	NC_072393.2	55309866	55310000	TRPM4	XM_054464362.2	+	3	1	531	126	1	1	4	4	4	first	first	1.000	1.000	constitutive	constitutive	134	134	1
NC_072393.2	55459051	55460011	2	1	+	NC_072393.2	55459421	55459712	CD37	XM_054466375.2	+	2	1	369	299	2	2	8	1	1	middle	middle	0.125	0.125	unique	unique	291	291	1
NC_072393.2	55459051	55460011	2	1	+	NC_072393.2	55459421	55459535	CD37	XM_054466377.2	+	2	1	369	476	2	2	8	1	1	middle	middle	0.125	0.125	unique	unique	114	114	1
NC_072393.2	55459051	55460011	2	1	+	NC_072393.2	55459640	55459712	CD37	XM_054466378.2	+	2	1	588	299	3	3	8	4	4	middle	middle	0.500	0.500	alternative	alternative	72	72	4
NC_072393.2	55459051	55460011	2	1	+	NC_072393.2	55459190	55459535	CD37	XM_054466379.2	+	2	2	138	476	1	2	8	1	2	first	middle	0.125	0.250	unique	alternative	66	74	1
NC_072393.2	55459051	55460011	2	1	+	NC_072393.2	55459461	55459535	CD37	XM_054466380.2	+	2	1	409	476	2	2	8	2	2	middle	middle	0.250	0.250	alternative	alternative	74	74	1
NC_072393.2	55613764	55614187	2	1	+	NC_072393.2	55613889	55614067	FLT3LG	XM_054465793.2	+	2	1	124	120	6	6	20	8	8	middle	middle	0.400	0.400	alternative	alternative	178	178	3
NC_072393.2	55613764	55614187	2	1	+	NC_072393.2	55613889	55614187	FLT3LG	XM_054465794.2	+	2	2	124	0	6	7	20	8	5	middle	last	0.400	0.250	alternative	alternative	178	44	5
NC_072393.2	60559539	60559788	-2	1	-	NC_072393.2	60559684	60559736	LOC129021111	XM_063658937.1	-	2	1	52	144	13	13	8	3	3	middle	middle	0.375	0.375	alternative	alternative	52	52	2
NC_072393.2	60559539	60559788	-2	1	-	NC_072393.2	60559540	60559736	LOC129021111	XM_063658940.1	-	2	2	52	0	13	14	8	3	1	middle	last	0.375	0.125	alternative	unique	52	50	1
NC_072393.2	60715697	60716147	-3	1	-	NC_072393.2	60715940	60715977	LOC129020790	XM_054465603.2	-	3	1	170	242	7	7	5	4	4	middle	middle	0.800	0.800	alternative	alternative	37	37	3
NC_072393.2	60715697	60716147	-3	1	-	NC_072393.2	60715698	60715977	LOC129020790	XM_063657370.1	-	3	2	170	0	7	8	5	4	1	middle	last	0.800	0.200	alternative	unique	37	52	1
NC_072393.2	60799240	60799693	2	1	+	NC_072393.2	60799346	60799488	TTYH1	XM_054461874.2	+	2	1	105	205	11	11	7	5	5	middle	middle	0.714	0.714	alternative	alternative	142	142	2
NC_072393.2	60799240	60799693	2	1	+	NC_072393.2	60799346	60799675	TTYH1	XM_054461875.2	+	2	2	105	18	11	12	7	5	3	middle	middle	0.714	0.429	alternative	alternative	142	45	3
NC_072393.2	61157216	61157456	3	1	+	NC_072393.2	61157267	61157319	LOC129020027	XM_054463778.2	+	3	1	50	137	8	8	2	1	1	middle	middle	0.500	0.500	unique	unique	52	52	1
NC_072393.2	61157216	61157456	3	1	+	NC_072393.2	61157418	61157456	LOC129020027	XM_054463779.2	+	3	1	201	0	8	8	2	1	1	last	last	0.500	0.500	unique	unique	38	38	1
NC_072393.2	61729684	61730368	-1	1	-	NC_072393.2	61730279	61730343	GARIN5B	XM_054463840.2	-	1	1	25	594	5	5	4	2	2	middle	middle	0.500	0.500	alternative	alternative	64	64	2
NC_072393.2	61729684	61730368	-1	1	-	NC_072393.2	61729958	61730010	GARIN5B	XM_054463842.2	-	1	1	358	273	6	6	4	1	1	middle	middle	0.250	0.250	unique	unique	52	52	1
NC_072393.2	61729721	61730312	-3	1	-	NC_072393.2	61729958	61730010	GARIN5B	XM_054463840.2	-	3	1	302	236	7	7	4	2	2	middle	middle	0.500	0.500	alternative	alternative	52	52	2
NC_072393.2	61729721	61730312	-3	1	-	NC_072393.2	61730105	61730208	GARIN5B	XM_054463841.2	-	3	1	104	383	5	5	4	2	2	middle	middle	0.500	0.500	alternative	alternative	103	103	2
NC_072393.2	6406173	6406554	-2	1	-	NC_072393.2	6406219	6406530	DENND1C	XM_054465549.2	-	2	2	24	45	12	13	6	6	5	middle	middle	1.000	0.833	constitutive	alternative	101	125	5
NC_072393.2	6406173	6406554	-2	1	-	NC_072393.2	6406429	6406530	DENND1C	XM_054465551.2	-	2	1	24	255	12	12	6	6	6	middle	middle	1.000	1.000	constitutive	constitutive	101	101	1
NC_072393.2	852707	853898	3	1	+	NC_072393.2	853590	853784	GPX4	XM_054466107.2	+	3	1	882	114	1	1	2	1	1	first	first	0.500	0.500	unique	unique	194	194	1
NC_072393.2	852707	853898	3	1	+	NC_072393.2	852813	852896	GPX4	XM_054466108.2	+	3	1	105	1002	1	1	2	1	1	first	first	0.500	0.500	unique	unique	83	83	1
NC_072393.2	857592	857934	-2	1	-	NC_072393.2	857718	857908	SBNO2	XM_054466104.2	-	2	1	26	125	30	30	3	2	2	middle	middle	0.667	0.667	alternative	alternative	190	190	2
NC_072393.2	857592	857934	-2	1	-	NC_072393.2	857593	857908	SBNO2	XM_054466106.2	-	2	2	26	0	30	31	3	1	1	middle	last	0.333	0.333	unique	unique	186	50	1
NC_072393.2	8593060	8593453	-1	1	-	NC_072393.2	8593062	8593408	ADAMTS10	XM_054461545.2	-	1	2	45	1	19	20	6	6	5	middle	middle	1.000	0.833	constitutive	alternative	126	129	5
NC_072393.2	8593060	8593453	-1	1	-	NC_072393.2	8593282	8593408	ADAMTS10	XM_054461549.2	-	1	1	45	221	19	19	6	6	6	middle	middle	1.000	1.000	constitutive	constitutive	126	126	1
NC_072394.2	29990520	29991006	1	1	+	NC_072394.2	29990752	29990823	ADAM33	XM_054467950.2	+	1	1	231	183	8	8	12	11	11	middle	middle	0.917	0.917	alternative	alternative	71	71	11
NC_072394.2	29990520	29991006	1	1	+	NC_072394.2	29990603	29990668	ADAM33	XM_054467958.2	+	1	1	82	338	4	4	12	1	1	middle	middle	0.083	0.083	unique	unique	65	65	1
NC_072394.2	32151177	32151603	1	1	+	NC_072394.2	32151235	32151307	LOC129021974	XM_054468065.1	+	1	1	57	296	1	1	7	6	6	first	first	0.857	0.857	alternative	alternative	72	72	5
NC_072394.2	32151177	32151603	1	1	+	NC_072394.2	32151235	32151517	LOC129021974	XM_063659510.1	+	1	2	57	86	1	2	7	6	1	first	middle	0.857	0.143	alternative	unique	72	128	1
NC_072394.2	33303224	33303752	-2	1	-	NC_072394.2	33303618	33303739	RBCK1	XM_054467552.2	-	2	1	13	393	5	5	9	7	7	middle	middle	0.778	0.778	alternative	alternative	121	121	7
NC_072394.2	33303224	33303752	-2	1	-	NC_072394.2	33303355	33303528	RBCK1	XM_054467557.1	-	2	1	224	130	3	3	9	1	1	middle	middle	0.111	0.111	unique	unique	173	173	1
NC_072394.2	35846258	35846624	-2	1	-	NC_072394.2	35846259	35846289	SNTA1	XM_054467084.2	-	2	1	335	0	8	8	4	2	2	last	last	0.500	0.500	alternative	alternative	30	30	2
NC_072394.2	35846258	35846624	-2	1	-	NC_072394.2	35846391	35846578	SNTA1	XM_054467085.2	-	2	1	46	132	7	7	4	1	1	middle	middle	0.250	0.250	unique	unique	187	187	1
NC_072394.2	39494263	39494638	-3	1	-	NC_072394.2	39494320	39494621	RBL1	XM_054467759.1	-	3	2	17	56	4	5	2	1	1	middle	middle	0.500	0.500	unique	unique	64	128	1
NC_072394.2	39494263	39494638	-3	1	-	NC_072394.2	39494320	39494437	RBL1	XM_063659446.1	-	3	1	201	56	1	1	2	1	1	first	first	0.500	0.500	unique	unique	117	117	1
NC_072394.2	47869257	47869932	1	1	+	NC_072394.2	47869294	47869449	RBPJL	XM_054468111.1	+	1	1	36	483	10	10	2	2	2	middle	middle	1.000	1.000	constitutive	constitutive	155	155	1
NC_072394.2	47869257	47869932	1	1	+	NC_072394.2	47869294	47869932	RBPJL	XM_054468112.1	+	1	2	36	0	10	12	2	2	1	middle	last	1.000	0.500	constitutive	unique	155	122	1
NC_072394.2	47974688	47975591	3	1	+	NC_072394.2	47974763	47975306	PIGT	XM_054467538.2	+	3	2	74	285	3	4	5	2	4	middle	middle	0.400	0.800	alternative	alternative	127	100	2
NC_072394.2	47974688	47975591	3	1	+	NC_072394.2	47975206	47975306	PIGT	XM_054467539.2	+	3	1	517	285	3	3	5	4	4	middle	middle	0.800	0.800	alternative	alternative	100	100	2
NC_072394.2	48371048	48371645	3	1	+	NC_072394.2	48371094	48371466	UBE2C	XM_054468244.2	+	3	2	45	179	4	5	2	1	2	middle	middle	0.500	1.000	unique	constitutive	204	59	1
NC_072394.2	48371048	48371645	3	1	+	NC_072394.2	48371407	48371466	UBE2C	XM_063659370.1	+	3	1	358	179	4	4	2	2	2	middle	middle	1.000	1.000	constitutive	constitutive	59	59	1
NC_072394.2	48685325	48685589	3	1	+	NC_072394.2	48685357	48685577	CD40	XM_054468012.2	+	3	2	31	12	7	8	7	1	2	middle	middle	0.143	0.286	unique	alternative	98	28	1
NC_072394.2	48685325	48685589	3	1	+	NC_072394.2	48685357	48685577	CD40	XM_054468014.2	+	3	2	31	12	7	8	7	2	2	middle	middle	0.286	0.286	alternative	alternative	86	28	1
NC_072394.2	48685325	48685589	3	1	+	NC_072394.2	48685357	48685443	CD40	XM_054468017.2	+	3	1	31	146	7	7	7	2	2	middle	middle	0.286	0.286	alternative	alternative	86	86	1
NC_072394.2	65574247	65574562	-3	1	-	NC_072394.2	65574353	65574494	TCFL5	XM_054468038.2	-	3	1	68	105	5	5	13	13	13	middle	middle	1.000	1.000	constitutive	constitutive	141	141	12
NC_072394.2	65574247	65574562	-3	1	-	NC_072394.2	65574248	65574494	TCFL5	XM_054468042.2	-	3	2	68	0	5	6	13	13	1	middle	last	1.000	0.077	constitutive	unique	141	32	1
NC_072394.2	66435208	66435541	2	1	+	NC_072394.2	66435225	66435380	RTEL1	XM_054466582.2	+	2	1	16	161	30	30	8	4	4	middle	middle	0.500	0.500	alternative	alternative	155	155	4
NC_072394.2	66435208	66435541	2	1	+	NC_072394.2	66435487	66435541	RTEL1	XM_054466586.2	+	2	1	278	0	31	31	8	4	4	last	last	0.500	0.500	alternative	alternative	54	54	4
NC_072394.2	66435440	66435941	3	1	+	NC_072394.2	66435487	66435809	RTEL1	XM_054466582.2	+	3	1	46	132	31	31	8	2	2	middle	middle	0.250	0.250	alternative	alternative	322	322	2
NC_072394.2	66435440	66435941	3	1	+	NC_072394.2	66435487	66435941	RTEL1	XM_054466583.2	+	3	2	46	0	31	32	8	2	2	middle	last	0.250	0.250	alternative	alternative	152	4	2
NC_072394.2	66476286	66476562	1	1	+	NC_072394.2	66476322	66476403	LIME1	XM_054466591.2	+	1	1	35	159	3	3	3	3	3	middle	middle	1.000	1.000	constitutive	constitutive	81	81	2
NC_072394.2	66476286	66476562	1	1	+	NC_072394.2	66476322	66476561	LIME1	XM_054466593.2	+	1	2	35	1	3	4	3	3	1	middle	middle	1.000	0.333	constitutive	unique	81	52	1
NC_072394.2	66688119	66689064	-1	1	-	NC_072394.2	66688686	66688875	UCKL1	XM_054467412.2	-	1	1	189	566	5	5	25	25	25	middle	middle	1.000	1.000	constitutive	constitutive	189	189	24
NC_072394.2	66688119	66689064	-1	1	-	NC_072394.2	66688120	66688875	UCKL1	XM_063658963.1	-	1	2	189	0	5	7	25	25	1	middle	last	1.000	0.040	constitutive	unique	189	302	1
NC_072395.2	55691291	55691993	3	1	+	NC_072395.2	55691626	55691980	PDE9A	XM_054468898.2	+	3	2	334	13	5	6	6	2	3	middle	middle	0.333	0.500	alternative	alternative	179	54	2
NC_072395.2	55691291	55691993	3	1	+	NC_072395.2	55691926	55691980	PDE9A	XM_054468902.2	+	3	1	634	13	5	5	6	3	3	middle	middle	0.500	0.500	alternative	alternative	54	54	1
NC_072396.2	107984504	107984795	-1	1	-	NC_072396.2	107984726	107984777	LOC129024941	XM_054472271.2	-	1	1	18	221	2	2	4	2	2	middle	middle	0.500	0.500	alternative	alternative	51	51	1
NC_072396.2	107984504	107984795	-1	1	-	NC_072396.2	107984505	107984777	LOC129024941	XM_054472272.2	-	1	2	18	0	2	3	4	2	2	middle	last	0.500	0.500	alternative	alternative	51	37	1
NC_072396.2	107984504	107984795	-1	1	-	NC_072396.2	107984505	107984777	LOC129024941	XM_063660845.1	-	1	2	18	0	2	3	4	1	2	middle	last	0.250	0.500	unique	alternative	78	37	1
NC_072396.2	107984504	107984795	-1	1	-	NC_072396.2	107984700	107984777	LOC129024941	XM_063660846.1	-	1	1	18	195	2	2	4	1	1	last	last	0.250	0.250	unique	unique	77	77	1
NC_072396.2	158738853	158739417	1	1	+	NC_072396.2	158739327	158739417	PLXNB3	XM_054471261.2	+	1	1	473	0	33	33	10	5	5	last	last	0.500	0.500	alternative	alternative	90	90	4
NC_072396.2	158738853	158739417	1	1	+	NC_072396.2	158738992	158739066	PLXNB3	XM_054471264.2	+	1	1	138	351	33	33	10	3	3	middle	middle	0.300	0.300	alternative	alternative	74	74	3
NC_072396.2	158738853	158739417	1	1	+	NC_072396.2	158738992	158739417	PLXNB3	XM_054471265.2	+	1	2	138	0	33	34	10	1	5	middle	last	0.100	0.500	unique	alternative	61	90	1
NC_072396.2	158872687	158873647	-2	1	-	NC_072396.2	158872931	158873401	ARHGAP4	XM_054471727.2	-	2	2	246	243	8	9	2	1	2	middle	middle	0.500	1.000	unique	constitutive	101	191	1
NC_072396.2	158872687	158873647	-2	1	-	NC_072396.2	158872931	158873122	ARHGAP4	XM_054471728.2	-	2	1	525	243	8	8	2	2	2	middle	middle	1.000	1.000	constitutive	constitutive	191	191	1
NC_072396.2	49398569	49399427	3	1	+	NC_072396.2	49398573	49399047	PORCN	XM_054471973.2	+	3	2	3	380	1	2	15	3	3	first	middle	0.200	0.200	alternative	alternative	67	172	3
NC_072396.2	49398569	49399427	3	1	+	NC_072396.2	49398912	49399047	PORCN	XM_054471978.2	+	3	1	342	380	1	1	15	5	5	first	first	0.333	0.333	alternative	alternative	135	135	5
NC_072396.2	49398569	49399427	3	1	+	NC_072396.2	49398573	49398585	PORCN	XM_063660612.1	+	3	1	3	842	1	1	15	2	2	first	first	0.133	0.133	alternative	alternative	12	12	2
NC_072396.2	50037006	50037804	1	1	+	NC_072396.2	50037133	50037631	MAGIX	XM_054470679.2	+	1	2	126	173	4	5	9	3	9	middle	middle	0.333	1.000	alternative	constitutive	227	171	3
NC_072396.2	50037006	50037804	1	1	+	NC_072396.2	50037031	50037631	MAGIX	XM_054470682.2	+	1	2	24	173	1	2	9	4	9	first	middle	0.444	1.000	alternative	constitutive	329	171	4
NC_072396.2	50037006	50037804	1	1	+	NC_072396.2	50037460	50037631	MAGIX	XM_054470685.2	+	1	1	453	173	4	4	9	9	9	middle	middle	1.000	1.000	constitutive	constitutive	171	171	2
NC_072396.2	55566307	55566670	-2	1	-	NC_072396.2	55566535	55566607	PFKFB1	XM_054472043.2	-	2	1	63	227	14	14	5	2	2	middle	middle	0.400	0.400	alternative	alternative	72	72	2
NC_072396.2	55566307	55566670	-2	1	-	NC_072396.2	55566308	55566364	PFKFB1	XM_054472044.2	-	2	1	306	0	14	14	5	2	2	last	last	0.400	0.400	alternative	alternative	56	56	2
NC_085930.1	101578251	101579343	1	1	+	NC_085930.1	101578381	101579127	PCBP4	XM_054483679.2	+	1	2	129	216	4	6	17	10	17	middle	middle	0.588	1.000	alternative	constitutive	116	128	10
NC_085930.1	101578251	101579343	1	1	+	NC_085930.1	101578999	101579127	PCBP4	XM_054483692.2	+	1	1	747	216	5	5	17	17	17	middle	middle	1.000	1.000	constitutive	constitutive	128	128	7
NC_085930.1	103937583	103937994	1	1	+	NC_085930.1	103937729	103937865	MST1	XM_054481685.2	+	1	1	145	129	10	10	7	4	4	middle	middle	0.571	0.571	alternative	alternative	136	136	4
NC_085930.1	103937583	103937994	1	1	+	NC_085930.1	103937957	103937992	MST1	XM_054481686.2	+	1	1	373	2	12	12	7	3	3	middle	middle	0.429	0.429	alternative	alternative	35	35	3
NC_085930.1	103937893	103938202	2	1	+	NC_085930.1	103937957	103937992	MST1	XM_054481685.2	+	2	1	63	210	11	11	7	4	4	middle	middle	0.571	0.571	alternative	alternative	35	35	4
NC_085930.1	103937893	103938202	2	1	+	NC_085930.1	103938081	103938201	MST1	XM_054481686.2	+	2	1	187	1	13	13	7	3	3	middle	middle	0.429	0.429	alternative	alternative	120	120	3
NC_085930.1	104927627	104928110	3	1	+	NC_085930.1	104927884	104928109	IP6K2	XM_054481734.2	+	3	1	256	1	2	2	15	13	13	middle	middle	0.867	0.867	alternative	alternative	225	225	7
NC_085930.1	104927627	104928110	3	1	+	NC_085930.1	104927725	104928109	IP6K2	XM_063661166.1	+	3	2	97	1	2	3	15	6	13	middle	middle	0.400	0.867	alternative	alternative	68	225	6
NC_085930.1	111268782	111269217	1	1	+	NC_085930.1	111269151	111269217	LYZL4	XM_054483378.1	+	1	1	368	0	4	4	12	11	11	last	last	0.917	0.917	alternative	alternative	66	66	11
NC_085930.1	111268782	111269217	1	1	+	NC_085930.1	111268831	111269059	LYZL4	XM_063661264.1	+	1	1	48	158	1	1	12	1	1	first	first	0.083	0.083	unique	unique	228	228	1
NC_085930.1	113217073	113217670	-1	1	-	NC_085930.1	113217469	113217622	LOC129033625	XM_054482423.2	-	1	1	48	395	2	2	7	2	2	middle	middle	0.286	0.286	alternative	alternative	153	153	1
NC_085930.1	113217073	113217670	-1	1	-	NC_085930.1	113217136	113217622	LOC129033625	XM_063661269.1	-	1	2	48	62	2	3	7	2	1	middle	middle	0.286	0.143	alternative	unique	153	119	1
NC_085930.1	200614101	200614983	1	1	+	NC_085930.1	200614142	200614669	CCDC50	XM_054479926.2	+	1	1	40	314	6	6	3	2	2	middle	middle	0.667	0.667	alternative	alternative	527	527	1
NC_085930.1	200614101	200614983	1	1	+	NC_085930.1	200614142	200614983	CCDC50	XM_054479927.2	+	1	2	40	0	6	7	3	2	1	middle	last	0.667	0.333	alternative	unique	527	214	1
NC_085930.1	203880978	203881740	-2	1	-	NC_085930.1	203880980	203881116	TMEM44	XM_054483802.2	-	2	1	624	1	1	1	12	3	3	first	first	0.250	0.250	alternative	alternative	136	136	3
NC_085930.1	203880978	203881740	-2	1	-	NC_085930.1	203881466	203881611	TMEM44	XM_063662569.1	-	2	1	129	487	1	1	12	9	9	first	first	0.750	0.750	alternative	alternative	145	145	9
NC_085930.1	206141672	206143583	-3	1	-	NC_085930.1	206141712	206143252	TNK2	XM_054480440.2	-	3	2	331	39	13	14	29	29	17	middle	middle	1.000	0.586	constitutive	alternative	1348	95	17
NC_085930.1	206141672	206143583	-3	1	-	NC_085930.1	206141712	206143252	TNK2	XM_054480442.2	-	3	2	331	39	13	14	29	29	4	middle	middle	1.000	0.138	constitutive	alternative	1348	89	4
NC_085930.1	206141672	206143583	-3	1	-	NC_085930.1	206141904	206143252	TNK2	XM_063661334.1	-	3	1	331	231	13	13	29	29	29	middle	middle	1.000	1.000	constitutive	constitutive	1348	1348	8
NC_085930.1	41973320	41973683	-3	1	-	NC_085930.1	41973441	41973683	DPPA2	XM_054482629.2	-	3	2	0	120	1	2	4	1	2	first	middle	0.250	0.500	unique	alternative	13	45	1
NC_085930.1	41973320	41973683	-3	1	-	NC_085930.1	41973441	41973473	DPPA2	XM_054482630.2	-	3	1	210	120	1	1	4	2	2	first	first	0.500	0.500	alternative	alternative	32	32	2
NC_085930.1	41973320	41973683	-3	1	-	NC_085930.1	41973441	41973486	DPPA2	XM_063661402.1	-	3	1	197	120	2	2	4	2	2	middle	middle	0.500	0.500	alternative	alternative	45	45	1
NC_085930.1	67984349	67984784	-3	1	-	NC_085930.1	67984440	67984765	IL17RC	XM_054481402.2	-	3	2	19	90	11	12	17	17	12	middle	middle	1.000	0.706	constitutive	alternative	181	50	12
NC_085930.1	67984349	67984784	-3	1	-	NC_085930.1	67984584	67984765	IL17RC	XM_054481404.2	-	3	1	19	234	11	11	17	17	17	middle	middle	1.000	1.000	constitutive	constitutive	181	181	5
NC_085930.1	67994594	67995053	-3	1	-	NC_085930.1	67994657	67994731	IL17RC	XM_054481402.2	-	3	1	322	62	4	4	17	14	14	middle	middle	0.824	0.824	alternative	alternative	74	74	14
NC_085930.1	67994594	67995053	-3	1	-	NC_085930.1	67994991	67994993	IL17RC	XM_063661734.1	-	3	1	60	396	1	1	17	3	3	first	first	0.176	0.176	alternative	alternative	2	2	3
NC_085930.1	68101369	68101783	-1	1	-	NC_085930.1	68101684	68101760	TTLL3	XM_054481439.2	-	1	1	23	314	13	13	45	12	12	middle	middle	0.267	0.267	alternative	alternative	76	76	12
NC_085930.1	68101369	68101783	-1	1	-	NC_085930.1	68101370	68101507	TTLL3	XM_054481451.2	-	1	1	276	0	14	14	45	8	8	last	last	0.178	0.178	alternative	alternative	137	137	8
NC_085930.1	68101398	68101791	-2	1	-	NC_085930.1	68101684	68101760	TTLL3	XM_054481442.2	-	2	1	31	285	13	13	45	5	5	middle	middle	0.111	0.111	alternative	alternative	76	76	5
NC_085930.1	68101398	68101791	-2	1	-	NC_085930.1	68101399	68101439	TTLL3	XM_054481453.2	-	2	1	352	0	14	14	45	1	1	last	last	0.022	0.022	unique	unique	40	40	1
NC_085930.1	68101398	68101791	-2	1	-	NC_085930.1	68101399	68101507	TTLL3	XM_063661745.1	-	2	1	284	0	14	14	45	4	4	last	last	0.089	0.089	alternative	alternative	108	108	4
NC_085930.1	79092628	79093084	2	1	+	NC_085930.1	79092675	79093082	CNTN3	XM_054483033.2	+	2	2	46	2	14	15	4	4	3	middle	middle	1.000	0.750	constitutive	alternative	158	149	3
NC_085930.1	79092628	79093084	2	1	+	NC_085930.1	79092675	79092833	CNTN3	XM_063661832.1	+	2	1	46	251	14	14	4	4	4	middle	middle	1.000	1.000	constitutive	constitutive	158	158	1
NC_085930.1	89582605	89583466	-1	1	-	NC_085930.1	89582788	89583406	ATXN7	XM_054483997.2	-	1	2	60	182	1	2	7	7	5	first	middle	1.000	0.714	constitutive	alternative	315	68	5
NC_085930.1	89582605	89583466	-1	1	-	NC_085930.1	89583091	89583406	ATXN7	XM_063661882.1	-	1	1	60	485	1	1	7	7	7	first	first	1.000	1.000	constitutive	constitutive	315	315	2
NC_085931.1	31801103	31802003	3	1	+	NC_085931.1	31801385	31801526	P2RX6	XM_054469117.2	+	3	1	281	477	7	7	10	9	9	middle	middle	0.900	0.900	alternative	alternative	141	141	9
NC_085931.1	31801103	31802003	3	1	+	NC_085931.1	31801619	31801728	P2RX6	XM_054469122.2	+	3	1	515	275	7	7	10	1	1	middle	middle	0.100	0.100	unique	unique	109	109	1
NC_085931.1	32276924	32277491	3	1	+	NC_085931.1	32277188	32277348	DGCR6L	XM_054469150.2	+	3	1	263	143	2	2	8	4	4	middle	middle	0.500	0.500	alternative	alternative	160	160	1
NC_085931.1	32276924	32277491	3	1	+	NC_085931.1	32277009	32277101	DGCR6L	XM_054469151.2	+	3	1	84	390	1	1	8	2	2	first	first	0.250	0.250	alternative	alternative	92	92	2
NC_085931.1	32276924	32277491	3	1	+	NC_085931.1	32277009	32277348	DGCR6L	XM_054469154.2	+	3	2	84	143	1	2	8	3	4	first	middle	0.375	0.500	alternative	alternative	109	160	3
NC_085931.1	32447043	32447973	1	1	+	NC_085931.1	32447632	32447736	CCDC188	XM_054469165.2	+	1	1	588	237	3	3	15	6	6	middle	middle	0.400	0.400	alternative	alternative	104	104	6
NC_085931.1	32447043	32447973	1	1	+	NC_085931.1	32447098	32447548	CCDC188	XM_054469173.2	+	1	2	54	425	1	2	15	4	4	first	middle	0.267	0.267	alternative	alternative	129	107	4
NC_085931.1	32447612	32448077	3	1	+	NC_085931.1	32447904	32447960	CCDC188	XM_054469165.2	+	3	1	291	117	4	4	15	9	9	middle	middle	0.600	0.600	alternative	alternative	56	56	9
NC_085931.1	32447612	32448077	3	1	+	NC_085931.1	32447632	32447960	CCDC188	XM_054469173.2	+	3	2	19	117	3	4	15	4	2	middle	middle	0.267	0.133	alternative	alternative	104	133	2
NC_085931.1	32447612	32448077	3	1	+	NC_085931.1	32447632	32447960	CCDC188	XM_054469174.2	+	3	2	19	117	3	4	15	4	2	middle	middle	0.267	0.133	alternative	alternative	104	130	2
NC_085931.1	32448043	32448811	2	1	+	NC_085931.1	32448044	32448103	CCDC188	XM_054469165.2	+	2	1	0	708	5	5	15	15	15	middle	middle	1.000	1.000	constitutive	constitutive	59	59	10
NC_085931.1	32448043	32448811	2	1	+	NC_085931.1	32448044	32448810	CCDC188	XM_054469168.2	+	2	2	0	1	5	8	15	15	5	middle	middle	1.000	0.333	constitutive	alternative	59	49	5
NC_085931.1	32845499	32846420	-1	1	-	NC_085931.1	32845567	32846407	TBX1	XM_054469233.2	-	1	2	13	67	2	3	3	2	3	middle	middle	0.667	1.000	alternative	constitutive	83	378	2
NC_085931.1	32845499	32846420	-1	1	-	NC_085931.1	32845567	32845945	TBX1	XM_054469234.2	-	1	1	475	67	2	2	3	3	3	middle	middle	1.000	1.000	constitutive	constitutive	378	378	1
NC_085931.1	35090785	35091133	2	1	+	NC_085931.1	35090846	35090911	DERL3	XM_054469369.2	+	2	1	60	222	2	2	7	3	3	middle	middle	0.429	0.429	alternative	alternative	65	65	3
NC_085931.1	35090785	35091133	2	1	+	NC_085931.1	35090849	35090911	DERL3	XM_054469372.2	+	2	1	63	222	2	2	7	2	2	middle	middle	0.286	0.286	alternative	alternative	62	62	2
NC_085931.1	35090785	35091133	2	1	+	NC_085931.1	35090985	35091058	DERL3	XM_054469374.2	+	2	1	199	75	3	3	7	1	1	middle	middle	0.143	0.143	unique	unique	73	73	1
NC_085931.1	35310290	35316053	3	1	+	NC_085931.1	35313048	35316053	LOC129023152	XM_054469688.2	+	3	1	2757	0	1	1	1	1	1	first	first	1.000	1.000	constitutive	constitutive	3005	3005	1
NC_085931.1	35310290	35316053	3	1	+	NC_085931.1	35310291	35312019	LOC129023147	XM_063662939.1	+	3	2	0	4034	2	4	1	1	1	middle	middle	1.000	1.000	constitutive	constitutive	1196	459	1
NC_085931.1	40130582	40131053	3	1	+	NC_085931.1	40130758	40130982	EMID1	XM_054470224.2	+	3	2	175	71	7	8	6	4	6	middle	middle	0.667	1.000	alternative	constitutive	50	89	4
NC_085931.1	40130582	40131053	3	1	+	NC_085931.1	40130893	40130982	EMID1	XM_063663062.1	+	3	1	310	71	7	7	6	6	6	middle	middle	1.000	1.000	constitutive	constitutive	89	89	2
NC_085931.1	47744288	47744687	-1	1	-	NC_085931.1	47744349	47744428	IFT27	XM_054469895.2	-	1	1	259	60	2	2	2	2	2	middle	middle	1.000	1.000	constitutive	constitutive	79	79	1
NC_085931.1	47744288	47744687	-1	1	-	NC_085931.1	47744349	47744660	IFT27	XM_063663027.1	-	1	2	27	60	1	2	2	1	2	first	middle	0.500	1.000	unique	constitutive	111	79	1
NC_085931.1	61432602	61433172	-3	1	-	NC_085931.1	61432873	61432951	HDAC10	XM_054470128.2	-	3	1	221	270	17	17	16	15	15	middle	middle	0.938	0.938	alternative	alternative	78	78	15
NC_085931.1	61432602	61433172	-3	1	-	NC_085931.1	61432603	61432951	HDAC10	XM_054470133.2	-	3	2	221	0	17	18	16	1	1	middle	last	0.062	0.062	unique	unique	166	64	1
NC_085931.1	61454544	61454802	-3	1	-	NC_085931.1	61454563	61454791	MAPK11	XM_054470140.2	-	3	2	11	18	4	5	5	4	4	middle	middle	0.800	0.800	alternative	alternative	111	29	3
NC_085931.1	61454544	61454802	-3	1	-	NC_085931.1	61454680	61454791	MAPK11	XM_054470141.2	-	3	1	11	135	4	4	5	4	4	middle	middle	0.800	0.800	alternative	alternative	111	111	1
NC_085931.1	61454544	61454802	-3	1	-	NC_085931.1	61454563	61454772	MAPK11	XM_063663336.1	-	3	2	30	18	1	2	5	1	4	first	middle	0.200	0.800	unique	alternative	92	29	1
NC_085931.1	61643777	61644680	-1	1	-	NC_085931.1	61644018	61644488	SBF1	XM_054470484.2	-	1	2	192	240	5	6	6	6	2	middle	middle	1.000	0.333	constitutive	alternative	110	23	2
NC_085931.1	61643777	61644680	-1	1	-	NC_085931.1	61644378	61644488	SBF1	XM_054470485.2	-	1	1	192	600	5	5	6	6	6	middle	middle	1.000	1.000	constitutive	constitutive	110	110	4
NC_085931.1	61665897	61666233	1	1	+	NC_085931.1	61665922	61666034	MIOX	XM_054470516.1	+	1	1	24	199	9	9	2	1	1	middle	middle	0.500	0.500	unique	unique	112	112	1
NC_085931.1	61665897	61666233	1	1	+	NC_085931.1	61666136	61666233	MIOX	XM_054470517.1	+	1	1	238	0	10	10	2	1	1	last	last	0.500	0.500	unique	unique	97	97	1
