chr	start	end	frame	filler	strand	chr	first_exon_start	last_exon_end	gene	transcript	exon_strand	exon_frame	exon_count	upstream_len_in_scfr	downstream_len_in_scfr	first_exon_number	last_exon_number	gene_tx_count	first_exon_tx_count	last_exon_tx_count	first_exon_order	last_exon_order	first_exon_sharing	last_exon_sharing	first_exon_splicing	last_exon_splicing	first_exon_overlap	last_exon_overlap	merged_txs
NC_072423.2	100226592	100227222	1	1	+	NC_072423.2	100226593	100227015	OSBPL5	XM_055271577.2	+	1	2	0	207	3	4	2	2	2	middle	middle	1.000	1.000	constitutive	constitutive	80	101	2
NC_072423.2	100446538	100447123	2	1	+	NC_072423.2	100446767	100447123	CDKN1C	XM_055271736.2	+	2	2	228	0	2	3	4	2	2	middle	last	0.500	0.500	alternative	alternative	135	133	2
NC_072423.2	100917509	100918727	3	1	+	NC_072423.2	100917753	100918316	TRPM5	XM_055271817.2	+	3	2	243	411	9	10	1	1	1	middle	middle	1.000	1.000	constitutive	constitutive	350	140	1
NC_072423.2	101415142	101415472	-1	1	-	NC_072423.2	101415176	101415466	TNNT3	XM_055272022.2	-	1	2	6	33	3	4	18	4	18	middle	middle	0.222	1.000	alternative	constitutive	116	77	4
NC_072423.2	101415142	101415472	-1	1	-	NC_072423.2	101415176	101415433	TNNT3	XM_055272055.1	-	1	2	39	33	1	2	18	14	18	first	middle	0.778	1.000	alternative	constitutive	83	77	14
NC_072423.2	101439777	101440224	-2	1	-	NC_072423.2	101439778	101440101	LSP1	XM_055272183.2	-	2	2	123	0	9	10	3	3	3	middle	last	1.000	1.000	constitutive	constitutive	77	86	3
NC_072423.2	101442962	101443415	-3	1	-	NC_072423.2	101443024	101443415	LSP1	XM_055272183.2	-	3	2	0	61	5	6	3	3	3	middle	middle	1.000	1.000	constitutive	constitutive	92	43	3
NC_072423.2	101490000	101490825	-2	1	-	NC_072423.2	101490469	101490804	SYT8	XM_055294575.2	-	2	2	21	468	7	8	4	4	4	middle	middle	1.000	1.000	constitutive	constitutive	105	133	4
NC_072423.2	101683498	101684725	2	1	+	NC_072423.2	101683547	101684573	LOC129488847	XM_055291375.1	+	2	2	48	152	2	3	1	1	1	middle	middle	1.000	1.000	constitutive	constitutive	562	184	1
NC_072423.2	101692719	101693475	-2	1	-	NC_072423.2	101692720	101693247	LOC129488854	XM_063638964.1	-	2	2	228	0	3	4	1	1	1	middle	last	1.000	1.000	constitutive	constitutive	72	409	1
NC_072423.2	101830743	101831262	1	1	+	NC_072423.2	101830770	101831261	MOB2	XM_055272261.2	+	1	2	26	1	3	4	4	4	4	middle	middle	1.000	1.000	constitutive	constitutive	160	93	4
NC_072423.2	101854415	101855078	-3	1	-	NC_072423.2	101854526	101854865	BRSK2	XM_055272307.2	-	3	2	213	110	17	18	5	5	5	middle	middle	1.000	1.000	constitutive	constitutive	180	89	5
NC_072423.2	101868353	101868794	-3	1	-	NC_072423.2	101868414	101868711	BRSK2	XM_055272307.2	-	3	2	83	60	6	7	5	5	5	middle	middle	1.000	1.000	constitutive	constitutive	33	68	5
NC_072423.2	102043265	102043685	-3	1	-	NC_072423.2	102043329	102043658	MUC5B	XM_063636159.1	-	3	2	27	63	48	49	1	1	1	middle	middle	1.000	1.000	constitutive	constitutive	86	122	1
NC_072423.2	102051116	102061079	-3	1	-	NC_072423.2	102051122	102061027	MUC5B	XM_063636159.1	-	3	4	52	5	31	34	1	1	1	middle	middle	1.000	1.000	constitutive	constitutive	1970	2400	1
NC_072423.2	102074308	102075043	-1	1	-	NC_072423.2	102074411	102074884	MUC5B	XM_063636159.1	-	1	2	159	102	6	7	1	1	1	middle	middle	1.000	1.000	constitutive	constitutive	90	106	1
NC_072423.2	102730390	102731068	-1	1	-	NC_072423.2	102730651	102731028	FLNB	XM_055272418.2	-	1	2	40	260	38	39	4	4	4	middle	middle	1.000	1.000	constitutive	constitutive	152	122	4
NC_072423.2	107730739	107731252	2	1	+	NC_072423.2	107730851	107731154	TKT	XM_055274364.2	+	2	2	111	98	12	13	2	2	2	middle	middle	1.000	1.000	constitutive	constitutive	83	93	2
NC_072423.2	108141349	108141967	2	1	+	NC_072423.2	108141380	108141941	ITIH4	XM_055274098.2	+	2	2	30	26	7	8	4	4	4	middle	middle	1.000	1.000	constitutive	constitutive	116	168	4
NC_072423.2	108441424	108441775	2	1	+	NC_072423.2	108441530	108441774	NT5DC2	XM_055274386.2	+	2	2	105	1	7	8	5	5	5	middle	middle	1.000	1.000	constitutive	constitutive	60	102	5
NC_072423.2	108445818	108446235	-2	1	-	NC_072423.2	108445825	108446154	STAB1	XM_055273887.2	-	2	2	81	6	65	66	1	1	1	middle	middle	1.000	1.000	constitutive	constitutive	149	104	1
NC_072423.2	108446041	108446572	-1	1	-	NC_072423.2	108446240	108446556	STAB1	XM_055273887.2	-	1	2	16	198	63	64	1	1	1	middle	middle	1.000	1.000	constitutive	constitutive	109	119	1
NC_072423.2	108448866	108449505	-2	1	-	NC_072423.2	108449032	108449376	STAB1	XM_055273887.2	-	2	2	129	165	52	53	1	1	1	middle	middle	1.000	1.000	constitutive	constitutive	86	149	1
NC_072423.2	108453065	108453539	-3	1	-	NC_072423.2	108453128	108453536	STAB1	XM_055273887.2	-	3	2	3	62	38	39	1	1	1	middle	middle	1.000	1.000	constitutive	constitutive	195	95	1
NC_072423.2	108463501	108464170	-1	1	-	NC_072423.2	108463580	108464149	STAB1	XM_055273887.2	-	1	2	21	78	15	17	1	1	1	middle	middle	1.000	1.000	constitutive	constitutive	113	80	1
NC_072423.2	108464551	108465139	-1	1	-	NC_072423.2	108464675	108465079	STAB1	XM_055273887.2	-	1	2	60	123	12	13	1	1	1	middle	middle	1.000	1.000	constitutive	constitutive	137	140	1
NC_072423.2	108517786	108518167	2	1	+	NC_072423.2	108517918	108518167	TNNC1	XM_055274602.2	+	2	2	131	0	5	6	1	1	1	middle	last	1.000	1.000	constitutive	constitutive	136	28	1
NC_072423.2	108560995	108561280	2	1	+	NC_072423.2	108561090	108561279	BAP1	XM_055274684.2	+	2	2	94	1	2	3	8	8	8	middle	middle	1.000	1.000	constitutive	constitutive	29	54	8
NC_072423.2	108578112	108578769	-2	1	-	NC_072423.2	108578151	108578701	DNAH1	XM_055274669.2	-	2	2	68	38	64	65	1	1	1	middle	middle	1.000	1.000	constitutive	constitutive	225	195	1
NC_072423.2	108617910	108618927	-2	1	-	NC_072423.2	108618046	108618576	DNAH1	XM_055274669.2	-	2	2	351	135	19	20	1	1	1	middle	middle	1.000	1.000	constitutive	constitutive	198	253	1
NC_072423.2	108742605	108743160	1	1	+	NC_072423.2	108742678	108743088	TWF2	XM_055274857.2	+	1	2	72	72	7	8	1	1	1	middle	middle	1.000	1.000	constitutive	constitutive	150	121	1
NC_072423.2	108981793	108982309	-1	1	-	NC_072423.2	108981794	108982100	ACY1	XM_055274914.2	-	1	2	209	0	13	14	4	4	4	middle	last	1.000	1.000	constitutive	constitutive	60	161	4
NC_072423.2	109010551	109011547	2	1	+	NC_072423.2	109010681	109011430	PCBP4	XM_055275116.2	+	2	2	129	117	4	6	4	4	4	middle	middle	1.000	1.000	constitutive	constitutive	116	128	4
NC_072423.2	109034695	109035193	2	1	+	NC_072423.2	109034850	109035148	RRP9	XM_055275176.2	+	2	2	154	45	7	8	1	1	1	middle	middle	1.000	1.000	constitutive	constitutive	124	92	1
NC_072423.2	109037561	109037867	3	1	+	NC_072423.2	109037595	109037867	RRP9	XM_055275176.2	+	3	2	33	0	14	15	1	1	1	middle	last	1.000	1.000	constitutive	constitutive	73	90	1
NC_072423.2	109594515	109595211	-2	1	-	NC_072423.2	109594654	109595060	DOCK3	XM_055275626.2	-	2	2	151	138	42	43	7	7	7	middle	middle	1.000	1.000	constitutive	constitutive	166	86	7
NC_072423.2	110539576	110540218	2	1	+	NC_072423.2	110539628	110540140	CACNA2D2	XM_055275869.2	+	2	2	51	78	11	12	6	6	6	middle	middle	1.000	1.000	constitutive	constitutive	158	107	6
NC_072423.2	110540763	110541315	1	1	+	NC_072423.2	110540897	110541222	CACNA2D2	XM_055275869.2	+	1	2	133	93	14	15	6	6	6	middle	middle	1.000	1.000	constitutive	constitutive	49	89	6
NC_072423.2	110543107	110543476	2	1	+	NC_072423.2	110543183	110543407	CACNA2D2	XM_055275869.2	+	2	2	75	69	19	20	6	6	6	middle	middle	1.000	1.000	constitutive	constitutive	71	71	6
NC_072423.2	110554229	110554718	3	1	+	NC_072423.2	110554417	110554718	CACNA2D2	XM_055275869.2	+	3	2	187	0	38	39	6	5	6	middle	last	0.833	1.000	alternative	constitutive	82	137	5
NC_072423.2	110554229	110554718	3	1	+	NC_072423.2	110554410	110554718	CACNA2D2	XM_055275900.2	+	3	2	180	0	37	38	6	1	6	middle	last	0.167	1.000	unique	constitutive	89	137	1
NC_072423.2	111063698	111064292	3	1	+	NC_072423.2	111063737	111064134	CAMKV	XM_055276699.2	+	3	2	38	158	4	5	3	3	3	middle	middle	1.000	1.000	constitutive	constitutive	138	120	3
NC_072423.2	111131817	111132477	1	1	+	NC_072423.2	111131870	111132476	CDHR4	XM_055276730.2	+	1	2	52	1	14	15	9	9	9	middle	middle	1.000	1.000	constitutive	constitutive	220	142	9
NC_072423.2	111246209	111246599	3	1	+	NC_072423.2	111246254	111246588	MST1	XM_055276866.2	+	3	2	44	11	5	6	7	7	4	middle	middle	1.000	0.571	constitutive	alternative	136	116	4
NC_072423.2	111246209	111246599	3	1	+	NC_072423.2	111246254	111246592	MST1	XM_055276875.2	+	3	2	44	7	5	6	7	7	3	middle	middle	1.000	0.429	constitutive	alternative	136	120	3
NC_072423.2	111248878	111249268	2	1	+	NC_072423.2	111248881	111249223	MST1	XM_055276866.2	+	2	2	2	45	16	17	7	7	6	middle	middle	1.000	0.857	constitutive	alternative	106	139	6
NC_072423.2	111248878	111249268	2	1	+	NC_072423.2	111248881	111249166	MST1	XM_055276882.2	+	2	2	2	102	16	17	7	7	1	middle	middle	1.000	0.143	constitutive	unique	106	82	1
NC_072423.2	111251552	111251837	-3	1	-	NC_072423.2	111251558	111251803	APEH	XM_055276906.2	-	3	2	34	5	16	17	3	3	3	middle	middle	1.000	1.000	constitutive	constitutive	83	80	3
NC_072423.2	111258791	111259925	-3	1	-	NC_072423.2	111258893	111259112	APEH	XM_055276906.2	-	3	2	813	101	1	2	3	3	3	first	middle	1.000	1.000	constitutive	constitutive	11	132	3
NC_072423.2	111822980	111823508	3	1	+	NC_072423.2	111823140	111823491	LAMB2	XM_055277192.2	+	3	2	159	17	6	7	3	3	3	middle	middle	1.000	1.000	constitutive	constitutive	188	63	3
NC_072423.2	111830161	111830755	2	1	+	NC_072423.2	111830220	111830642	LAMB2	XM_055277192.2	+	2	2	58	113	23	24	3	3	3	middle	middle	1.000	1.000	constitutive	constitutive	217	96	3
NC_072423.2	111839182	111839776	2	1	+	NC_072423.2	111839184	111839684	USP19	XM_055277225.2	+	2	2	1	92	10	11	50	28	50	middle	middle	0.560	1.000	alternative	constitutive	220	195	28
NC_072423.2	111839182	111839776	2	1	+	NC_072423.2	111839190	111839684	USP19	XM_055277247.2	+	2	2	7	92	10	11	50	22	50	middle	middle	0.440	1.000	alternative	constitutive	214	195	22
NC_072423.2	111925502	111925979	3	1	+	NC_072423.2	111925623	111925908	IMPDH2	XM_055278111.2	+	3	2	120	71	8	9	5	5	5	middle	middle	1.000	1.000	constitutive	constitutive	90	95	5
NC_072423.2	111933552	111934161	1	1	+	NC_072423.2	111933619	111934160	DALRD3	XM_055277996.2	+	1	2	66	1	1	2	10	10	10	first	middle	1.000	1.000	constitutive	constitutive	164	295	10
NC_072423.2	112291784	112292393	3	1	+	NC_072423.2	112291805	112292307	NCKIPSD	XM_055277829.2	+	3	2	20	86	4	5	7	7	5	middle	middle	1.000	0.714	constitutive	alternative	204	111	5
NC_072423.2	112291784	112292393	3	1	+	NC_072423.2	112291805	112292307	NCKIPSD	XM_055277839.2	+	3	2	20	86	4	5	7	7	2	middle	middle	1.000	0.286	constitutive	alternative	204	90	2
NC_072423.2	112375014	112375824	1	1	+	NC_072423.2	112375076	112375569	UQCRC1	XM_055278097.2	+	1	2	61	255	7	8	2	2	2	middle	middle	1.000	1.000	constitutive	constitutive	115	143	2
NC_072423.2	112384262	112384709	3	1	+	NC_072423.2	112384303	112384653	COL7A1	XM_055277665.2	+	3	2	40	56	9	10	1	1	1	middle	middle	1.000	1.000	constitutive	constitutive	146	116	1
NC_072423.2	112385959	112386547	2	1	+	NC_072423.2	112385967	112386338	COL7A1	XM_055277665.2	+	2	2	7	209	14	15	1	1	1	middle	middle	1.000	1.000	constitutive	constitutive	125	143	1
NC_072423.2	112389752	112390217	3	1	+	NC_072423.2	112389852	112390209	COL7A1	XM_055277665.2	+	3	2	99	8	25	26	1	1	1	middle	middle	1.000	1.000	constitutive	constitutive	126	146	1
NC_072423.2	112391119	112391767	2	1	+	NC_072423.2	112391471	112391677	COL7A1	XM_055277665.2	+	2	2	351	90	32	33	1	1	1	middle	middle	1.000	1.000	constitutive	constitutive	80	35	1
NC_072423.2	112396505	112397156	3	1	+	NC_072423.2	112396911	112397099	COL7A1	XM_055277665.2	+	3	2	405	57	58	59	1	1	1	middle	middle	1.000	1.000	constitutive	constitutive	80	35	1
NC_072423.2	112400862	112401516	1	1	+	NC_072423.2	112401019	112401495	COL7A1	XM_055277665.2	+	1	2	156	21	73	75	1	1	1	middle	middle	1.000	1.000	constitutive	constitutive	200	62	1
NC_072423.2	112403248	112403701	2	1	+	NC_072423.2	112403303	112403677	COL7A1	XM_055277665.2	+	2	3	54	24	84	86	1	1	1	middle	middle	1.000	1.000	constitutive	constitutive	62	80	1
NC_072423.2	112563200	112563731	3	1	+	NC_072423.2	112563242	112563668	PLXNB1	XM_055278508.2	+	3	2	41	63	22	23	2	2	2	middle	middle	1.000	1.000	constitutive	constitutive	100	217	2
NC_072423.2	112569208	112569679	2	1	+	NC_072423.2	112569302	112569568	PLXNB1	XM_055278508.2	+	2	2	93	111	33	34	2	2	2	middle	middle	1.000	1.000	constitutive	constitutive	64	75	2
NC_072423.2	113590156	113592703	-1	1	-	NC_072423.2	113590551	113592584	PTPN23	XM_055279299.2	-	1	2	119	394	20	21	4	4	4	middle	middle	1.000	1.000	constitutive	constitutive	1752	184	4
NC_072423.2	113592803	113593358	-3	1	-	NC_072423.2	113592943	113593342	PTPN23	XM_055279299.2	-	3	2	16	139	17	18	4	4	4	middle	middle	1.000	1.000	constitutive	constitutive	154	151	4
NC_072423.2	113595781	113596123	-1	1	-	NC_072423.2	113595797	113596063	PTPN23	XM_055279299.2	-	1	2	60	15	8	9	4	4	4	middle	middle	1.000	1.000	constitutive	constitutive	131	47	4
NC_072423.2	114002229	114002631	-2	1	-	NC_072423.2	114002231	114002616	NBEAL2	XM_055279379.2	-	2	2	15	1	51	52	8	7	7	middle	middle	0.875	0.875	alternative	alternative	158	148	7
NC_072423.2	114015078	114015996	-2	1	-	NC_072423.2	114015109	114015924	NBEAL2	XM_055279379.2	-	2	2	72	30	13	14	8	8	8	middle	middle	1.000	1.000	constitutive	constitutive	601	132	8
NC_072423.2	114021562	114022183	-1	1	-	NC_072423.2	114021564	114022103	NBEAL2	XM_055279379.2	-	1	3	80	1	3	5	8	7	6	middle	middle	0.875	0.750	alternative	alternative	128	121	6
NC_072423.2	114021562	114022183	-1	1	-	NC_072423.2	114021564	114022103	NBEAL2	XM_055279385.2	-	1	3	80	1	3	5	8	7	1	middle	middle	0.875	0.125	alternative	unique	128	102	1
NC_072423.2	114088705	114089137	2	1	+	NC_072423.2	114088885	114089137	CCDC12	XM_063610580.1	+	2	2	179	0	6	7	8	2	2	middle	last	0.250	0.250	alternative	alternative	76	79	2
NC_072423.2	114154039	114154267	2	1	+	NC_072423.2	114154062	114154267	MYL3	XM_055279728.2	+	2	2	22	0	5	6	7	7	7	middle	last	1.000	1.000	constitutive	constitutive	77	25	7
NC_072423.2	114234658	114235309	2	1	+	NC_072423.2	114234773	114235235	LOC129488948	XM_063614941.1	+	2	2	114	74	1	2	2	2	2	first	middle	1.000	1.000	constitutive	constitutive	93	224	2
NC_072423.2	115645052	115646318	-3	1	-	NC_072423.2	115645053	115646306	LOC129483199	XM_055280231.2	-	3	2	12	0	1	2	1	1	1	first	last	1.000	1.000	constitutive	constitutive	293	761	1
NC_072423.2	118215345	118215864	1	1	+	NC_072423.2	118215424	118215861	HHATL	XM_055281231.2	+	1	2	78	3	3	4	5	5	5	middle	middle	1.000	1.000	constitutive	constitutive	113	194	5
NC_072423.2	119219635	119219932	2	1	+	NC_072423.2	119219636	119219931	ULK4	XM_055281396.2	+	2	2	0	1	27	28	8	8	8	middle	middle	1.000	1.000	constitutive	constitutive	51	144	8
NC_072423.2	121828046	121828526	-3	1	-	NC_072423.2	121828101	121828457	TTC21A	XM_055281924.2	-	3	2	69	54	27	28	14	14	14	middle	middle	1.000	1.000	constitutive	constitutive	120	67	14
NC_072423.2	121836168	121836732	-2	1	-	NC_072423.2	121836349	121836628	TTC21A	XM_055281924.2	-	2	2	104	180	16	17	14	14	14	middle	middle	1.000	1.000	constitutive	constitutive	72	110	14
NC_072423.2	122665836	122666157	-2	1	-	NC_072423.2	122665838	122666140	SLC22A13	XM_055282857.2	-	2	2	17	1	5	6	2	2	2	middle	middle	1.000	1.000	constitutive	constitutive	120	94	2
NC_072423.2	124450712	124451162	-3	1	-	NC_072423.2	124450797	124451091	STAC	XM_055283563.2	-	3	2	71	84	9	10	9	9	9	middle	middle	1.000	1.000	constitutive	constitutive	51	137	9
NC_072423.2	157934483	157934876	-3	1	-	NC_072423.2	157934567	157934787	MYOM2	XM_055289398.2	-	3	2	89	83	6	7	4	4	4	middle	middle	1.000	1.000	constitutive	constitutive	88	50	4
NC_072423.2	158813550	158814342	1	1	+	NC_072423.2	158813593	158814342	LOC134732250	XM_063615416.1	+	1	2	42	0	6	7	1	1	1	middle	last	1.000	1.000	constitutive	constitutive	28	636	1
NC_072423.2	159272761	159273634	2	1	+	NC_072423.2	159272775	159273605	ERICH1	XM_055289584.2	+	2	2	13	29	4	5	1	1	1	middle	middle	1.000	1.000	constitutive	constitutive	563	197	1
NC_072423.2	28846707	28846992	1	1	+	NC_072423.2	28846743	28846991	ATP8B1	XM_055297954.2	+	1	2	35	1	6	7	6	5	5	middle	middle	0.833	0.833	alternative	alternative	72	70	5
NC_072423.2	36254218	36254884	2	1	+	NC_072423.2	36254332	36254839	CXXC1	XM_055299186.2	+	2	2	113	45	13	14	6	6	6	middle	middle	1.000	1.000	constitutive	constitutive	96	152	6
NC_072423.2	39501090	39503535	1	1	+	NC_072423.2	39501244	39503535	LOC129457579	XM_063639574.1	+	1	2	153	0	1	2	1	1	1	first	last	1.000	1.000	constitutive	constitutive	2074	183	1
NC_072423.2	39510520	39512752	2	1	+	NC_072423.2	39511007	39512752	LOC134731993	XM_063613891.1	+	2	2	486	0	1	2	1	1	1	first	last	1.000	1.000	constitutive	constitutive	1534	117	1
NC_072423.2	39519752	39521996	3	1	+	NC_072423.2	39520239	39521996	LOC134731994	XM_063613896.1	+	3	2	486	0	1	2	1	1	1	first	last	1.000	1.000	constitutive	constitutive	1534	117	1
NC_072423.2	39524383	39526612	2	1	+	NC_072423.2	39524870	39526612	LOC129457762	XM_055233245.2	+	2	2	486	0	1	2	1	1	1	first	last	1.000	1.000	constitutive	constitutive	1534	117	1
NC_072423.2	39528999	39531231	1	1	+	NC_072423.2	39529486	39531231	LOC129457768	XM_055233252.2	+	1	2	486	0	1	2	1	1	1	first	last	1.000	1.000	constitutive	constitutive	1534	117	1
NC_072423.2	39533618	39535850	3	1	+	NC_072423.2	39534105	39535850	LOC129457783	XM_055233277.2	+	3	2	486	0	1	2	1	1	1	first	last	1.000	1.000	constitutive	constitutive	1534	117	1
NC_072423.2	39538237	39540469	2	1	+	NC_072423.2	39538724	39540469	LOC129457689	XM_055233136.2	+	2	2	486	0	1	2	1	1	1	first	last	1.000	1.000	constitutive	constitutive	1534	117	1
NC_072423.2	39542856	39545100	1	1	+	NC_072423.2	39543343	39545100	LOC129457712	XM_055233170.2	+	1	2	486	0	1	2	1	1	1	first	last	1.000	1.000	constitutive	constitutive	1534	117	1
NC_072423.2	39547487	39549731	3	1	+	NC_072423.2	39547974	39549731	LOC129457685	XM_055233122.2	+	3	2	486	0	1	2	1	1	1	first	last	1.000	1.000	constitutive	constitutive	1534	117	1
NC_072423.2	39552118	39554362	2	1	+	NC_072423.2	39552605	39554362	LOC129457667	XM_063613940.1	+	2	2	486	0	1	2	1	1	1	first	last	1.000	1.000	constitutive	constitutive	1534	117	1
NC_072423.2	39556749	39558993	1	1	+	NC_072423.2	39557236	39558993	LOC129457720	XM_055233178.2	+	1	2	486	0	1	2	1	1	1	first	last	1.000	1.000	constitutive	constitutive	1534	117	1
NC_072423.2	39561382	39563626	2	1	+	NC_072423.2	39561869	39563626	LOC129457696	XM_055233149.2	+	2	2	486	0	1	2	1	1	1	first	last	1.000	1.000	constitutive	constitutive	1534	117	1
NC_072423.2	39566015	39568247	3	1	+	NC_072423.2	39566502	39568247	LOC129457724	XM_055233182.2	+	3	2	486	0	1	2	1	1	1	first	last	1.000	1.000	constitutive	constitutive	1534	117	1
NC_072423.2	39570636	39572868	1	1	+	NC_072423.2	39571123	39572868	LOC129457729	XM_055233187.2	+	1	2	486	0	1	2	1	1	1	first	last	1.000	1.000	constitutive	constitutive	1534	117	1
NC_072423.2	39579858	39582108	1	1	+	NC_072423.2	39580345	39582108	LOC129457738	XM_063613967.1	+	1	2	486	0	1	2	1	1	1	first	last	1.000	1.000	constitutive	constitutive	1534	117	1
NC_072423.2	39584497	39586741	2	1	+	NC_072423.2	39584984	39586741	LOC129457705	XM_055233161.2	+	2	2	486	0	1	2	1	1	1	first	last	1.000	1.000	constitutive	constitutive	1534	117	1
NC_072423.2	39589130	39591380	3	1	+	NC_072423.2	39589617	39591380	LOC129457680	XM_063613974.1	+	3	2	486	0	1	2	1	1	1	first	last	1.000	1.000	constitutive	constitutive	1534	117	1
NC_072423.2	39593769	39596013	1	1	+	NC_072423.2	39594256	39596013	LOC129457745	XM_055233229.2	+	1	2	486	0	1	2	1	1	1	first	last	1.000	1.000	constitutive	constitutive	1534	117	1
NC_072423.2	39598402	39600664	2	1	+	NC_072423.2	39598889	39600664	LOC129457754	XM_055233238.2	+	2	2	486	0	1	2	1	1	1	first	last	1.000	1.000	constitutive	constitutive	1534	117	1
NC_072423.2	39603053	39605309	3	1	+	NC_072423.2	39603540	39605309	LOC134732003	XM_063613987.1	+	3	2	486	0	1	2	1	1	1	first	last	1.000	1.000	constitutive	constitutive	1498	183	1
NC_072423.2	39607696	39609958	2	1	+	NC_072423.2	39608183	39609958	LOC134732006	XM_063613990.1	+	2	2	486	0	1	2	1	1	1	first	last	1.000	1.000	constitutive	constitutive	1534	117	1
NC_072423.2	39612345	39614601	1	1	+	NC_072423.2	39612832	39614601	LOC129457650	XM_063613995.1	+	1	2	486	0	1	2	1	1	1	first	last	1.000	1.000	constitutive	constitutive	1498	177	1
NC_072423.2	39616988	39619259	3	1	+	NC_072423.2	39617475	39619259	LOC129457675	XM_063613999.1	+	3	2	486	0	1	2	1	1	1	first	last	1.000	1.000	constitutive	constitutive	1534	117	1
NC_072423.2	39630956	39633194	3	1	+	NC_072423.2	39631443	39633194	LOC129457634	XM_063614001.1	+	3	2	486	0	1	2	1	1	1	first	last	1.000	1.000	constitutive	constitutive	1534	117	1
NC_072423.2	39635580	39637833	1	1	+	NC_072423.2	39636067	39637833	LOC129457639	XM_063614003.1	+	1	2	486	0	1	2	1	1	1	first	last	1.000	1.000	constitutive	constitutive	1534	117	1
NC_072423.2	65991884	65992229	3	1	+	NC_072423.2	65991885	65992205	USP14	XM_055236744.2	+	3	2	0	24	11	12	9	9	9	middle	middle	1.000	1.000	constitutive	constitutive	65	92	9
NC_072423.2	7319755	7320424	-1	1	-	NC_072423.2	7319844	7320342	CTDP1	XM_055295740.2	-	1	2	82	88	10	11	5	5	5	middle	middle	1.000	1.000	constitutive	constitutive	141	206	5
NC_072423.2	85944298	85944976	-1	1	-	NC_072423.2	85944421	85944912	SLC43A3	XM_055251580.2	-	1	2	64	122	8	9	8	8	8	middle	middle	1.000	1.000	constitutive	constitutive	173	116	8
NC_072423.2	86030945	86031410	-3	1	-	NC_072423.2	86031042	86031306	SLC43A1	XM_055291066.2	-	3	2	104	96	4	5	7	7	7	middle	middle	1.000	1.000	constitutive	constitutive	55	76	7
NC_072423.2	86478119	86479124	-3	1	-	NC_072423.2	86478120	86479049	LOC129490165	XM_055293738.2	-	3	2	75	0	1	2	1	1	1	first	last	1.000	1.000	constitutive	constitutive	561	286	1
NC_072423.2	89217580	89218048	2	1	+	NC_072423.2	89217662	89218048	LOC129490341	XM_055294108.1	+	2	2	81	0	6	7	1	1	1	middle	last	1.000	1.000	constitutive	constitutive	113	101	1
NC_072423.2	89359869	89360376	1	1	+	NC_072423.2	89360018	89360375	ZP1	XM_055276724.2	+	1	2	148	1	5	6	1	1	1	middle	middle	1.000	1.000	constitutive	constitutive	187	97	1
NC_072423.2	89363985	89364420	1	1	+	NC_072423.2	89364019	89364334	ZP1	XM_055276724.2	+	1	2	33	86	10	11	1	1	1	middle	middle	1.000	1.000	constitutive	constitutive	81	119	1
NC_072423.2	89391437	89391962	-3	1	-	NC_072423.2	89391468	89391721	PRPF19	XM_055276761.2	-	3	2	241	30	5	6	1	1	1	middle	middle	1.000	1.000	constitutive	constitutive	73	62	1
NC_072423.2	89943563	89944166	3	1	+	NC_072423.2	89943621	89944113	LOC129484016	XM_055281461.2	+	3	2	57	53	2	3	7	7	7	middle	middle	1.000	1.000	constitutive	constitutive	223	109	7
NC_072423.2	90285749	90286379	3	1	+	NC_072423.2	90285926	90286378	MYRF	XM_055283479.2	+	3	2	176	1	6	7	8	8	8	middle	middle	1.000	1.000	constitutive	constitutive	250	123	8
NC_072423.2	90295233	90295827	1	1	+	NC_072423.2	90295413	90295786	MYRF	XM_055283479.2	+	1	2	179	41	20	21	8	4	8	middle	middle	0.500	1.000	alternative	constitutive	88	191	4
NC_072423.2	90295233	90295827	1	1	+	NC_072423.2	90295416	90295786	MYRF	XM_055283562.2	+	1	2	182	41	20	21	8	4	8	middle	middle	0.500	1.000	alternative	constitutive	85	191	4
NC_072423.2	90728646	90729048	1	1	+	NC_072423.2	90728745	90729037	INCENP	XM_055286139.2	+	1	2	98	11	5	6	18	18	18	middle	middle	1.000	1.000	constitutive	constitutive	57	117	18
NC_072423.2	91225837	91226188	-1	1	-	NC_072423.2	91225839	91226188	GANAB	XM_055287836.2	-	1	2	0	1	22	23	4	4	4	middle	middle	1.000	1.000	constitutive	constitutive	113	112	4
NC_072423.2	91275149	91275650	-3	1	-	NC_072423.2	91275182	91275556	LBHD1	XM_055290903.2	-	3	2	94	32	3	4	1	1	1	middle	middle	1.000	1.000	constitutive	constitutive	133	162	1
NC_072423.2	91392075	91392711	1	1	+	NC_072423.2	91392346	91392703	TAF6L	XM_055289559.2	+	1	2	270	8	3	4	6	6	6	middle	middle	1.000	1.000	constitutive	constitutive	150	50	6
NC_072423.2	91419059	91419380	-3	1	-	NC_072423.2	91419081	91419380	NXF1	XM_055289980.2	-	3	2	0	21	7	8	1	1	1	middle	middle	1.000	1.000	constitutive	constitutive	69	88	1
NC_072423.2	91610976	91611453	-2	1	-	NC_072423.2	91610978	91611376	SLC22A6	XM_055294229.2	-	2	2	77	1	5	6	4	4	4	middle	middle	1.000	1.000	constitutive	constitutive	123	115	4
NC_072423.2	91623658	91624282	-1	1	-	NC_072423.2	91623659	91624046	SLC22A8	XM_055294402.2	-	1	2	236	0	9	10	5	3	3	middle	last	0.600	0.600	alternative	alternative	203	96	3
NC_072423.2	92946658	92947138	2	1	+	NC_072423.2	92946707	92947137	STIP1	XM_055233326.2	+	2	2	48	1	3	4	3	2	3	middle	middle	0.667	1.000	alternative	constitutive	141	141	2
NC_072423.2	92946658	92947138	2	1	+	NC_072423.2	92946779	92947137	STIP1	XM_055233431.2	+	2	2	120	1	3	4	3	1	3	middle	middle	0.333	1.000	unique	constitutive	69	141	1
NC_072423.2	93016878	93017532	1	1	+	NC_072423.2	93016949	93017352	PLCB3	XM_055237755.2	+	1	2	70	180	18	19	4	4	4	middle	middle	1.000	1.000	constitutive	constitutive	154	161	4
NC_072423.2	93017988	93018747	1	1	+	NC_072423.2	93018040	93018642	PLCB3	XM_055237755.2	+	1	3	51	105	20	22	4	4	4	middle	middle	1.000	1.000	constitutive	constitutive	99	91	4
NC_072423.2	93019416	93020025	1	1	+	NC_072423.2	93019715	93020024	PLCB3	XM_055237755.2	+	1	2	298	1	24	25	4	4	4	middle	middle	1.000	1.000	constitutive	constitutive	35	192	4
NC_072423.2	93021715	93022084	2	1	+	NC_072423.2	93021716	93022084	PLCB3	XM_055237755.2	+	2	2	0	0	30	31	4	4	4	middle	last	1.000	1.000	constitutive	constitutive	86	200	4
NC_072423.2	93051132	93051744	1	1	+	NC_072423.2	93051274	93051675	KCNK4	XM_055239414.2	+	1	2	141	69	3	4	4	4	4	middle	middle	1.000	1.000	constitutive	constitutive	123	160	4
NC_072423.2	93060109	93061096	2	1	+	NC_072423.2	93060143	93061093	ESRRA	XM_055240080.2	+	2	2	33	3	1	2	4	1	1	first	middle	0.250	0.250	unique	unique	239	161	1
NC_072423.2	93097137	93098067	1	1	+	NC_072423.2	93097623	93097894	CCDC88B	XM_055240847.2	+	1	2	485	173	3	4	3	3	3	middle	middle	1.000	1.000	constitutive	constitutive	111	69	3
NC_072423.2	93100459	93101923	2	1	+	NC_072423.2	93100479	93101860	CCDC88B	XM_055240847.2	+	2	2	19	63	13	14	3	3	3	middle	middle	1.000	1.000	constitutive	constitutive	136	1160	3
NC_072423.2	93111657	93112314	1	1	+	NC_072423.2	93111856	93112290	CCDC88B	XM_063634762.1	+	1	2	198	24	25	26	3	1	1	middle	middle	0.333	0.333	unique	unique	206	68	1
NC_072423.2	93124951	93125554	2	1	+	NC_072423.2	93125114	93125440	RPS6KA4	XM_055241032.2	+	2	2	162	114	11	12	8	5	8	middle	middle	0.625	1.000	alternative	constitutive	133	93	5
NC_072423.2	93124951	93125554	2	1	+	NC_072423.2	93125132	93125440	RPS6KA4	XM_055241116.2	+	2	2	180	114	11	12	8	1	8	middle	middle	0.125	1.000	unique	constitutive	115	93	1
NC_072423.2	93124951	93125554	2	1	+	NC_072423.2	93125135	93125440	RPS6KA4	XM_055241198.2	+	2	2	183	114	11	12	8	2	8	middle	middle	0.250	1.000	alternative	constitutive	112	93	2
NC_072423.2	93352867	93353578	2	1	+	NC_072423.2	93353092	93353490	SLC22A12	XM_055294289.2	+	2	2	224	88	3	4	3	1	2	middle	middle	0.333	0.667	unique	alternative	154	168	1
NC_072423.2	93352867	93353578	2	1	+	NC_072423.2	93353092	93353490	SLC22A12	XM_055294296.2	+	2	2	224	88	3	4	3	1	2	middle	middle	0.333	0.667	unique	alternative	52	168	1
NC_072423.2	93556587	93557169	-2	1	-	NC_072423.2	93556814	93557094	MAP4K2	XM_055245466.2	-	2	2	75	226	23	24	4	4	4	middle	middle	1.000	1.000	constitutive	constitutive	60	117	4
NC_072423.2	93557647	93558232	-1	1	-	NC_072423.2	93557815	93558074	MAP4K2	XM_055245466.2	-	1	2	158	167	17	18	4	4	4	middle	middle	1.000	1.000	constitutive	constitutive	33	105	4
NC_072423.2	93560156	93560714	-3	1	-	NC_072423.2	93560217	93560499	MAP4K2	XM_055245466.2	-	3	2	215	60	11	12	4	4	4	middle	middle	1.000	1.000	constitutive	constitutive	81	107	4
NC_072423.2	93561566	93562055	-3	1	-	NC_072423.2	93561689	93561866	MAP4K2	XM_055245466.2	-	3	2	189	122	6	7	4	4	4	middle	middle	1.000	1.000	constitutive	constitutive	47	42	4
NC_072423.2	93586738	93587215	-1	1	-	NC_072423.2	93586811	93587163	CDC42BPG	XM_055246905.2	-	1	2	52	72	33	34	10	4	2	middle	middle	0.400	0.200	alternative	alternative	120	117	2
NC_072423.2	93586738	93587215	-1	1	-	NC_072423.2	93586747	93587163	CDC42BPG	XM_063635216.1	-	1	2	52	8	33	34	10	4	2	middle	middle	0.400	0.200	alternative	alternative	120	181	2
NC_072423.2	93586808	93587273	-3	1	-	NC_072423.2	93586811	93587163	CDC42BPG	XM_055247078.2	-	3	2	110	2	32	33	10	2	2	middle	middle	0.200	0.200	alternative	alternative	120	117	2
NC_072423.2	93593262	93593631	-2	1	-	NC_072423.2	93593368	93593604	CDC42BPG	XM_055246905.2	-	2	2	27	105	22	23	10	10	10	middle	middle	1.000	1.000	constitutive	constitutive	98	59	10
NC_072423.2	93656056	93656575	-1	1	-	NC_072423.2	93656057	93656527	ATG2A	XM_055247299.2	-	1	2	48	0	40	41	7	7	7	middle	last	1.000	1.000	constitutive	constitutive	152	233	7
NC_072423.2	93658912	93659305	-1	1	-	NC_072423.2	93658914	93659245	ATG2A	XM_055247299.2	-	1	2	60	1	34	35	7	7	7	middle	middle	1.000	1.000	constitutive	constitutive	84	135	7
NC_072423.2	93662984	93664085	-3	1	-	NC_072423.2	93663342	93664061	ATG2A	XM_055247299.2	-	3	2	24	357	27	29	7	4	4	middle	middle	0.571	0.571	alternative	alternative	170	202	2
NC_072423.2	93662984	93664085	-3	1	-	NC_072423.2	93663342	93664061	ATG2A	XM_055247384.2	-	3	2	24	357	27	29	7	3	4	middle	middle	0.429	0.571	alternative	alternative	164	202	2
NC_072423.2	93662984	93664085	-3	1	-	NC_072423.2	93663342	93664061	ATG2A	XM_063635536.1	-	3	2	24	357	27	29	7	4	3	middle	middle	0.571	0.429	alternative	alternative	170	154	2
NC_072423.2	93662984	93664085	-3	1	-	NC_072423.2	93663342	93664061	ATG2A	XM_063635543.1	-	3	2	24	357	27	29	7	3	3	middle	middle	0.429	0.429	alternative	alternative	164	154	1
NC_072423.2	93830774	93831188	-3	1	-	NC_072423.2	93830775	93831125	LOC134736604	XM_063638845.1	-	3	2	63	0	8	9	1	1	1	middle	last	1.000	1.000	constitutive	constitutive	127	144	1
NC_072423.2	93883699	93885154	2	1	+	NC_072423.2	93883758	93885091	VPS51	XM_055250774.2	+	2	3	58	63	3	5	3	1	3	middle	middle	0.333	1.000	unique	constitutive	146	717	1
NC_072423.2	93883699	93885154	2	1	+	NC_072423.2	93883772	93885091	VPS51	XM_055250856.2	+	2	3	72	63	1	3	3	2	3	first	middle	0.667	1.000	alternative	constitutive	132	717	2
NC_072423.2	93888659	93889049	3	1	+	NC_072423.2	93888694	93889044	TM7SF2	XM_055251418.2	+	3	2	34	5	2	3	4	4	4	middle	middle	1.000	1.000	constitutive	constitutive	196	54	4
NC_072423.2	93951965	93952709	3	1	+	NC_072423.2	93951986	93952566	SPDYC	XM_055294314.2	+	3	2	20	143	5	6	6	6	2	middle	middle	1.000	0.333	constitutive	alternative	171	330	2
NC_072423.2	93951965	93952709	3	1	+	NC_072423.2	93951986	93952709	SPDYC	XM_063643206.1	+	3	2	20	0	5	6	6	6	3	middle	last	1.000	0.500	constitutive	alternative	171	473	3
NC_072423.2	93951965	93952709	3	1	+	NC_072423.2	93951986	93952709	SPDYC	XM_063643221.1	+	3	3	20	0	5	7	6	6	1	middle	last	1.000	0.167	constitutive	unique	171	176	1
NC_072423.2	93989375	93989852	3	1	+	NC_072423.2	93989466	93989673	CAPN1	XM_055252110.2	+	3	2	90	179	14	15	4	4	4	middle	middle	1.000	1.000	constitutive	constitutive	65	57	4
NC_072423.2	94352650	94353466	-1	1	-	NC_072423.2	94352651	94353447	LTBP3	XM_055254415.2	-	1	3	19	0	25	28	6	6	6	middle	last	1.000	1.000	constitutive	constitutive	161	148	6
NC_072423.2	94359964	94360717	-1	1	-	NC_072423.2	94360012	94360512	LTBP3	XM_055254415.2	-	1	2	205	47	15	16	6	6	6	middle	middle	1.000	1.000	constitutive	constitutive	122	122	6
NC_072423.2	94366987	94367365	-1	1	-	NC_072423.2	94366999	94367365	LTBP3	XM_055254415.2	-	1	2	0	11	4	5	6	6	6	middle	middle	1.000	1.000	constitutive	constitutive	105	92	6
NC_072423.2	94396588	94396981	2	1	+	NC_072423.2	94396665	94396980	EHBP1L1	XM_055255834.2	+	2	2	76	1	7	8	5	5	3	middle	middle	1.000	0.600	constitutive	alternative	68	162	3
NC_072423.2	94396588	94396981	2	1	+	NC_072423.2	94396665	94396933	EHBP1L1	XM_055256076.2	+	2	2	76	48	7	8	5	5	1	middle	middle	1.000	0.200	constitutive	unique	68	115	1
NC_072423.2	94396588	94396981	2	1	+	NC_072423.2	94396665	94396858	EHBP1L1	XM_055256157.2	+	2	2	76	123	7	8	5	5	1	middle	middle	1.000	0.200	constitutive	unique	68	40	1
NC_072423.2	94423808	94424675	-3	1	-	NC_072423.2	94424181	94424610	MAP3K11	XM_055256757.2	-	3	2	65	372	3	4	1	1	1	middle	middle	1.000	1.000	constitutive	constitutive	148	175	1
NC_072423.2	94451786	94452665	3	1	+	NC_072423.2	94452078	94452664	PCNX3	XM_055256407.2	+	3	2	291	1	31	32	4	4	4	middle	middle	1.000	1.000	constitutive	constitutive	230	274	4
NC_072423.2	94466363	94466897	3	1	+	NC_072423.2	94466384	94466874	SIPA1	XM_055256899.2	+	3	3	20	23	10	12	4	4	4	middle	middle	1.000	1.000	constitutive	constitutive	111	101	4
NC_072423.2	94533799	94534588	-1	1	-	NC_072423.2	94533971	94534474	RNASEH2C	XM_055258572.2	-	1	2	114	171	1	2	2	2	2	first	middle	1.000	1.000	constitutive	constitutive	171	175	2
NC_072423.2	94661806	94662391	2	1	+	NC_072423.2	94661897	94662229	MUS81	XM_055259068.2	+	2	2	90	162	4	5	5	5	5	middle	middle	1.000	1.000	constitutive	constitutive	98	68	5
NC_072423.2	94664450	94664858	3	1	+	NC_072423.2	94664451	94664765	MUS81	XM_055259068.2	+	3	2	0	93	11	12	5	5	5	middle	middle	1.000	1.000	constitutive	constitutive	116	95	5
NC_072423.2	94773639	94774380	1	1	+	NC_072423.2	94773736	94774299	SART1	XM_055261554.2	+	1	3	96	81	10	12	1	1	1	middle	middle	1.000	1.000	constitutive	constitutive	124	142	1
NC_072423.2	94806512	94806902	-3	1	-	NC_072423.2	94806545	94806881	EIF1AD	XM_055261625.2	-	3	2	21	32	1	2	11	11	11	first	middle	1.000	1.000	constitutive	constitutive	86	108	11
NC_072423.2	94826441	94826867	-3	1	-	NC_072423.2	94826443	94826833	CATSPER1	XM_055294376.2	-	3	2	34	1	6	7	3	3	3	middle	middle	1.000	1.000	constitutive	constitutive	143	63	3
NC_072423.2	95023960	95024398	2	1	+	NC_072423.2	95023961	95024353	PACS1	XM_055262484.2	+	2	2	0	45	12	13	3	3	3	middle	middle	1.000	1.000	constitutive	constitutive	115	135	3
NC_072423.2	95027057	95027669	3	1	+	NC_072423.2	95027198	95027655	PACS1	XM_055262484.2	+	3	2	140	14	16	17	3	3	3	middle	middle	1.000	1.000	constitutive	constitutive	154	110	3
NC_072423.2	95058104	95058707	3	1	+	NC_072423.2	95058204	95058572	KLC2	XM_055262602.2	+	3	2	99	135	6	7	12	12	12	middle	middle	1.000	1.000	constitutive	constitutive	101	173	12
NC_072423.2	95059973	95060483	3	1	+	NC_072423.2	95059991	95060348	KLC2	XM_055262602.2	+	3	2	17	135	11	12	12	12	12	middle	middle	1.000	1.000	constitutive	constitutive	108	158	12
NC_072423.2	95122877	95123507	-3	1	-	NC_072423.2	95123058	95123458	RIN1	XM_055263754.2	-	3	2	49	180	8	9	3	3	3	middle	middle	1.000	1.000	constitutive	constitutive	131	151	3
NC_072423.2	95130715	95131162	-1	1	-	NC_072423.2	95130761	95131127	BRMS1	XM_055264442.2	-	1	2	35	45	3	4	3	3	3	middle	middle	1.000	1.000	constitutive	constitutive	127	79	3
NC_072423.2	95203773	95204376	1	1	+	NC_072423.2	95203885	95204375	NPAS4	XM_055294409.2	+	1	2	111	1	3	4	1	1	1	middle	middle	1.000	1.000	constitutive	constitutive	102	267	1
NC_072423.2	95276072	95276402	3	1	+	NC_072423.2	95276118	95276401	DPP3	XM_055264855.2	+	3	2	45	1	13	14	5	5	5	middle	middle	1.000	1.000	constitutive	constitutive	62	124	5
NC_072423.2	95345008	95345275	-1	1	-	NC_072423.2	95345009	95345220	CTSF	XM_055266219.2	-	1	2	55	0	13	14	1	1	1	middle	last	1.000	1.000	constitutive	constitutive	58	71	1
NC_072423.2	96087859	96088987	2	1	+	NC_072423.2	96087888	96088882	GRK2	XM_055268648.2	+	2	2	28	105	11	14	1	1	1	middle	middle	1.000	1.000	constitutive	constitutive	130	66	1
NC_072423.2	96090633	96091263	1	1	+	NC_072423.2	96090911	96091251	GRK2	XM_055268648.2	+	1	2	277	12	19	20	1	1	1	middle	middle	1.000	1.000	constitutive	constitutive	136	113	1
NC_072423.2	96107359	96107941	2	1	+	NC_072423.2	96107446	96107855	ANKRD13D	XM_055269529.2	+	2	2	86	86	11	12	2	2	2	middle	middle	1.000	1.000	constitutive	constitutive	157	116	2
NC_072423.2	96113057	96113354	3	1	+	NC_072423.2	96113082	96113353	SSH3	XM_055268852.2	+	3	2	24	1	4	5	4	4	4	middle	middle	1.000	1.000	constitutive	constitutive	121	71	4
NC_072423.2	96311220	96311682	-2	1	-	NC_072423.2	96311225	96311630	PITPNM1	XM_055270079.2	-	2	2	52	4	8	9	4	4	4	middle	middle	1.000	1.000	constitutive	constitutive	61	250	4
NC_072423.2	96563467	96564208	2	1	+	NC_072423.2	96563640	96564178	TCIRG1	XM_055270258.2	+	2	2	172	30	10	12	3	3	3	middle	middle	1.000	1.000	constitutive	constitutive	139	90	3
NC_072423.2	97633922	97634483	3	1	+	NC_072423.2	97633944	97634255	TPCN2	XM_055271057.2	+	3	2	21	228	14	15	7	5	7	middle	middle	0.714	1.000	alternative	constitutive	119	59	5
NC_072423.2	97633922	97634483	3	1	+	NC_072423.2	97633983	97634255	TPCN2	XM_063644452.1	+	3	2	60	228	14	15	7	2	7	middle	middle	0.286	1.000	alternative	constitutive	80	59	2
NC_072424.2	109628231	109628552	-2	1	-	NC_072424.2	109628306	109628459	LOC129473611	XM_055264281.2	-	2	2	93	74	1	3	1	1	1	first	middle	1.000	1.000	constitutive	constitutive	31	53	1
NC_072424.2	109749026	109749635	-2	1	-	NC_072424.2	109749050	109749458	CCN2	XM_055264315.2	-	2	2	177	23	1	2	2	2	2	first	middle	1.000	1.000	constitutive	constitutive	65	222	2
NC_072424.2	110473447	110473897	-3	1	-	NC_072424.2	110473449	110473888	LOC129463371	XM_055243986.2	-	3	2	9	1	1	2	1	1	1	first	middle	1.000	1.000	constitutive	constitutive	212	130	1
NC_072424.2	135927648	135928356	1	1	+	NC_072424.2	135927673	135928063	SYNJ2	XM_055268221.2	+	1	2	24	293	10	11	8	8	8	middle	middle	1.000	1.000	constitutive	constitutive	149	165	8
NC_072424.2	145353957	145354434	-1	1	-	NC_072424.2	145354147	145354434	FRMD1	XM_063623797.1	-	1	2	0	189	7	8	1	1	1	middle	middle	1.000	1.000	constitutive	constitutive	65	68	1
NC_072424.2	147591307	147592123	2	1	+	NC_072424.2	147591380	147592123	LOC129477203	XM_055269854.2	+	2	2	72	0	1	2	1	1	1	first	last	1.000	1.000	constitutive	constitutive	267	400	1
NC_072424.2	19293600	19293909	1	1	+	NC_072424.2	19293604	19293795	SFXN4	XM_055247499.2	+	1	2	3	114	7	8	2	2	2	middle	middle	1.000	1.000	constitutive	constitutive	53	56	2
NC_072424.2	21868601	21869006	-2	1	-	NC_072424.2	21868667	21869006	PNLIPRP1	XM_055241525.2	-	2	2	0	65	6	7	1	1	1	middle	middle	1.000	1.000	constitutive	constitutive	120	119	1
NC_072424.2	27573234	27574095	1	1	+	NC_072424.2	27573271	27574095	BBIP1	XM_063626475.1	+	1	2	36	0	1	2	8	2	2	first	last	0.250	0.250	alternative	alternative	421	54	2
NC_072424.2	34534628	34535153	3	1	+	NC_072424.2	34534696	34535055	COL17A1	XM_055242819.2	+	3	2	67	98	33	34	1	1	1	middle	middle	1.000	1.000	constitutive	constitutive	35	80	1
NC_072424.2	35735848	35736133	-3	1	-	NC_072424.2	35735850	35736064	BORCS7	XM_055250823.2	-	3	2	69	1	2	3	1	1	1	middle	middle	1.000	1.000	constitutive	constitutive	62	43	1
NC_072424.2	36137236	36137833	-3	1	-	NC_072424.2	36137266	36137805	MFSD13A	XM_055250604.2	-	3	2	28	29	6	7	5	5	5	middle	middle	1.000	1.000	constitutive	constitutive	171	193	5
NC_072424.2	36216966	36217473	-1	1	-	NC_072424.2	36217023	36217381	NFKB2	XM_055250860.2	-	1	2	92	56	6	7	17	17	17	middle	middle	1.000	1.000	constitutive	constitutive	106	158	17
NC_072424.2	37635653	37636370	-2	1	-	NC_072424.2	37635654	37636284	SFXN3	XM_055251701.2	-	2	2	86	0	6	7	11	11	2	middle	last	1.000	0.182	constitutive	alternative	127	325	2
NC_072424.2	37635653	37636370	-2	1	-	NC_072424.2	37635930	37636284	SFXN3	XM_055251718.2	-	2	2	86	276	6	7	11	11	9	middle	middle	1.000	0.818	constitutive	alternative	127	49	9
NC_072424.2	41237411	41237864	3	1	+	NC_072424.2	41237430	41237823	RRP12	XM_055253336.2	+	3	2	18	41	23	24	5	5	5	middle	middle	1.000	1.000	constitutive	constitutive	105	107	5
NC_072424.2	43043995	43044505	2	1	+	NC_072424.2	43044068	43044487	ALDH18A1	XM_055254392.2	+	2	2	72	18	13	14	3	3	3	middle	middle	1.000	1.000	constitutive	constitutive	195	121	3
NC_072424.2	43323036	43323648	1	1	+	NC_072424.2	43323051	43323444	SORBS1	XM_055254448.2	+	1	2	14	204	26	27	43	43	43	middle	middle	1.000	1.000	constitutive	constitutive	114	125	43
NC_072424.2	44013378	44013756	-1	1	-	NC_072424.2	44013391	44013756	HELLS	XM_055254922.2	-	1	2	0	12	15	16	8	8	8	middle	middle	1.000	1.000	constitutive	constitutive	139	138	8
NC_072424.2	49421249	49421867	3	1	+	NC_072424.2	49421259	49421843	EEF1A1	XM_055256194.2	+	3	2	9	24	2	3	3	3	3	middle	middle	1.000	1.000	constitutive	constitutive	179	296	3
NC_072424.2	5273831	5274503	3	1	+	NC_072424.2	5273955	5274221	ADAM8	XM_055244760.2	+	3	2	123	282	3	4	3	1	1	middle	middle	0.333	0.333	unique	unique	78	76	1
NC_072424.2	5276563	5277208	2	1	+	NC_072424.2	5276747	5277155	ADAM8	XM_055244751.2	+	2	2	183	53	13	14	3	3	3	middle	middle	1.000	1.000	constitutive	constitutive	89	189	3
NC_072424.2	5315862	5317182	-1	1	-	NC_072424.2	5315863	5317074	UTF1	XM_055244769.2	-	1	2	108	0	1	2	1	1	1	first	last	1.000	1.000	constitutive	constitutive	618	472	1
NC_072424.2	5345476	5347075	-3	1	-	NC_072424.2	5346072	5347058	KNDC1	XM_055244697.2	-	3	2	17	595	14	15	1	1	1	middle	middle	1.000	1.000	constitutive	constitutive	673	144	1
NC_072424.2	5624749	5625391	2	1	+	NC_072424.2	5624776	5625379	CFAP46	XM_055245020.2	+	2	2	26	12	18	19	1	1	1	middle	middle	1.000	1.000	constitutive	constitutive	212	165	1
NC_072424.2	5687457	5688438	1	1	+	NC_072424.2	5687899	5688288	CFAP46	XM_055245020.2	+	1	2	441	150	42	43	1	1	1	middle	middle	1.000	1.000	constitutive	constitutive	134	179	1
NC_072424.2	5712980	5713688	3	1	+	NC_072424.2	5713324	5713550	CFAP46	XM_055245020.2	+	3	2	343	138	59	60	1	1	1	middle	middle	1.000	1.000	constitutive	constitutive	50	40	1
NC_072424.2	67565293	67565683	2	1	+	NC_072424.2	67565375	67565683	LOC129470740	XM_063619476.1	+	2	2	81	0	1	2	1	1	1	first	last	1.000	1.000	constitutive	constitutive	92	161	1
NC_072424.2	8473809	8474547	1	1	+	NC_072424.2	8474116	8474511	EBF3	XM_055245380.2	+	1	2	306	36	1	2	14	14	14	first	middle	1.000	1.000	constitutive	constitutive	133	156	14
NC_072424.2	87263896	87264370	2	1	+	NC_072424.2	87263957	87264298	SMPD2	XM_055260950.2	+	2	2	60	72	6	7	1	1	1	middle	middle	1.000	1.000	constitutive	constitutive	82	132	1
NC_072425.2	11169201	11169894	-3	1	-	NC_072425.2	11169277	11169766	ADAMTSL2	XM_055270465.2	-	3	2	128	75	13	14	5	5	5	middle	middle	1.000	1.000	constitutive	constitutive	213	155	5
NC_072425.2	11301665	11302142	-1	1	-	NC_072425.2	11301729	11302055	ADAMTS13	XM_063636786.1	-	1	2	87	63	11	12	1	1	1	middle	middle	1.000	1.000	constitutive	constitutive	151	63	1
NC_072425.2	119397246	119397693	1	1	+	NC_072425.2	119397275	119397679	BIRC2	XM_055272886.2	+	1	2	28	14	6	7	5	5	5	middle	middle	1.000	1.000	constitutive	constitutive	254	41	5
NC_072425.2	12072956	12073529	3	1	+	NC_072425.2	12072981	12073415	DDX31	XM_055270582.2	+	3	2	24	114	2	3	7	7	7	middle	middle	1.000	1.000	constitutive	constitutive	256	75	7
NC_072425.2	13193317	13194274	2	1	+	NC_072425.2	13193722	13194007	RAPGEF1	XM_055270646.2	+	2	2	404	267	23	24	10	10	10	middle	middle	1.000	1.000	constitutive	constitutive	78	101	10
NC_072425.2	133846437	133847556	1	1	+	NC_072425.2	133846570	133846883	APOC3	XM_055270003.1	+	1	2	132	673	1	2	1	1	1	first	middle	1.000	1.000	constitutive	constitutive	54	123	1
NC_072425.2	134213762	134214125	3	1	+	NC_072425.2	134213796	134214083	SIDT2	XM_055273257.2	+	3	2	33	42	5	6	9	9	9	middle	middle	1.000	1.000	constitutive	constitutive	101	83	9
NC_072425.2	134221730	134222384	3	1	+	NC_072425.2	134221766	134222337	SIDT2	XM_055273257.2	+	3	2	35	47	18	19	9	9	9	middle	middle	1.000	1.000	constitutive	constitutive	123	117	9
NC_072425.2	134890444	134890930	-2	1	-	NC_072425.2	134890471	134890707	FXYD6	XM_055273298.2	-	2	2	223	26	2	3	2	1	2	middle	middle	0.500	1.000	unique	constitutive	38	74	1
NC_072425.2	134890444	134890930	-2	1	-	NC_072425.2	134890471	134890704	FXYD6	XM_055273299.2	-	2	2	226	26	2	3	2	1	2	middle	middle	0.500	1.000	unique	constitutive	35	74	1
NC_072425.2	135220043	135221003	-1	1	-	NC_072425.2	135220202	135220867	SCN2B	XM_055273349.2	-	1	2	136	158	2	3	2	2	2	middle	middle	1.000	1.000	constitutive	constitutive	166	210	2
NC_072425.2	135711086	135711689	-1	1	-	NC_072425.2	135711285	135711622	TREH	XM_055273387.1	-	1	2	67	198	13	14	2	2	2	middle	middle	1.000	1.000	constitutive	constitutive	112	53	2
NC_072425.2	135713033	135713552	-1	1	-	NC_072425.2	135713138	135713514	TREH	XM_055273387.1	-	1	2	38	104	9	10	2	2	2	middle	middle	1.000	1.000	constitutive	constitutive	49	194	2
NC_072425.2	136103741	136104290	-1	1	-	NC_072425.2	136103829	136104144	HYOU1	XM_055273422.2	-	1	2	146	87	19	20	14	14	14	middle	middle	1.000	1.000	constitutive	constitutive	87	122	14
NC_072425.2	136147947	136148316	1	1	+	NC_072425.2	136147969	136148316	HMBS	XM_055273438.2	+	1	2	21	0	14	15	12	12	12	middle	last	1.000	1.000	constitutive	constitutive	86	170	12
NC_072425.2	136168164	136168701	1	1	+	NC_072425.2	136168256	136168632	C2CD2L	XM_055273435.2	+	1	2	91	69	11	12	5	5	3	middle	middle	1.000	0.600	constitutive	alternative	101	136	3
NC_072425.2	136168164	136168701	1	1	+	NC_072425.2	136168256	136168632	C2CD2L	XM_055273436.2	+	1	2	91	69	11	12	5	5	2	middle	middle	1.000	0.400	constitutive	alternative	101	133	2
NC_072425.2	136190604	136191003	1	1	+	NC_072425.2	136190717	136191002	HINFP	XM_055273450.2	+	1	2	112	1	5	6	8	7	8	middle	middle	0.875	1.000	alternative	constitutive	77	120	7
NC_072425.2	136190604	136191003	1	1	+	NC_072425.2	136190782	136191002	HINFP	XM_055273452.2	+	1	2	177	1	1	2	8	1	8	first	middle	0.125	1.000	unique	constitutive	12	120	1
NC_072425.2	136247409	136248333	1	1	+	NC_072425.2	136247644	136248072	NHERF4	XM_055273467.2	+	1	2	234	261	5	6	2	2	1	middle	middle	1.000	0.500	constitutive	unique	189	136	1
NC_072425.2	136247409	136248333	1	1	+	NC_072425.2	136247644	136248030	NHERF4	XM_055273468.2	+	1	2	234	303	5	6	2	2	1	middle	middle	1.000	0.500	constitutive	unique	189	94	1
NC_072425.2	136375864	136376503	-2	1	-	NC_072425.2	136376050	136376412	MCAM	XM_055273473.2	-	2	2	91	185	9	10	2	2	2	middle	middle	1.000	1.000	constitutive	constitutive	118	141	2
NC_072425.2	136409126	136410131	-1	1	-	NC_072425.2	136409211	136409656	MFRP	XM_055270006.2	-	1	2	475	84	7	8	1	1	1	middle	middle	1.000	1.000	constitutive	constitutive	125	76	1
NC_072425.2	13694423	13695440	-1	1	-	NC_072425.2	13694946	13695179	AIF1L	XM_055270676.2	-	1	2	261	522	1	2	2	2	2	first	middle	1.000	1.000	constitutive	constitutive	30	61	2
NC_072425.2	13752214	13752682	-2	1	-	NC_072425.2	13752216	13752600	LAMC3	XM_055270642.2	-	2	2	82	1	5	6	3	3	3	middle	middle	1.000	1.000	constitutive	constitutive	188	117	3
NC_072425.2	141793996	141794563	2	1	+	NC_072425.2	141794083	141794468	ROBO3	XM_055273595.2	+	2	2	86	95	24	25	4	4	4	middle	middle	1.000	1.000	constitutive	constitutive	151	110	4
NC_072425.2	141809887	141810580	-2	1	-	NC_072425.2	141809903	141810505	ROBO4	XM_055273599.2	-	2	2	75	15	6	7	3	3	3	middle	middle	1.000	1.000	constitutive	constitutive	228	112	3
NC_072425.2	142002997	142003684	2	1	+	NC_072425.2	142003385	142003683	SLC37A2	XM_055273612.2	+	2	2	387	1	3	4	2	2	2	middle	middle	1.000	1.000	constitutive	constitutive	93	78	2
NC_072425.2	142011068	142011593	3	1	+	NC_072425.2	142011181	142011588	SLC37A2	XM_055273612.2	+	3	2	112	5	14	15	2	2	2	middle	middle	1.000	1.000	constitutive	constitutive	73	78	2
NC_072425.2	14392460	14392907	-1	1	-	NC_072425.2	14392518	14392838	HMCN2	XM_055270694.2	-	1	2	69	57	70	71	6	6	6	middle	middle	1.000	1.000	constitutive	constitutive	81	136	6
NC_072425.2	14439443	14440100	-1	1	-	NC_072425.2	14439449	14440036	HMCN2	XM_055270694.2	-	1	2	64	5	27	28	6	6	6	middle	middle	1.000	1.000	constitutive	constitutive	130	147	6
NC_072425.2	151435917	151436394	1	1	+	NC_072425.2	151435942	151436393	GLB1L2	XM_063635693.1	+	1	2	24	1	18	19	4	2	1	middle	middle	0.500	0.250	alternative	unique	116	82	1
NC_072425.2	151435917	151436394	1	1	+	NC_072425.2	151435942	151436394	GLB1L2	XM_063635694.1	+	1	2	24	0	18	19	4	2	1	middle	last	0.500	0.250	alternative	unique	116	83	1
NC_072425.2	15801079	15801664	-2	1	-	NC_072425.2	15801191	15801664	NUP188	XM_055270767.2	-	2	2	0	111	40	41	2	2	2	middle	middle	1.000	1.000	constitutive	constitutive	227	131	2
NC_072425.2	15824887	15825430	-2	1	-	NC_072425.2	15824889	15825146	NUP188	XM_055270767.2	-	2	2	284	1	18	19	2	2	2	middle	middle	1.000	1.000	constitutive	constitutive	87	76	2
NC_072425.2	15871024	15871654	-2	1	-	NC_072425.2	15871310	15871654	PHYHD1	XM_063635923.1	-	2	2	0	285	7	8	10	8	8	middle	middle	0.800	0.800	alternative	alternative	128	116	8
NC_072425.2	16053525	16054209	1	1	+	NC_072425.2	16053657	16054062	ZER1	XM_055270910.2	+	1	2	131	147	5	6	6	6	6	middle	middle	1.000	1.000	constitutive	constitutive	114	146	6
NC_072425.2	16083986	16084451	-1	1	-	NC_072425.2	16084080	16084411	PKN3	XM_055270887.2	-	1	2	40	93	19	20	3	3	3	middle	middle	1.000	1.000	constitutive	constitutive	142	107	3
NC_072425.2	16090877	16091447	-1	1	-	NC_072425.2	16090899	16091263	PKN3	XM_055270887.2	-	1	2	184	21	8	9	3	3	3	middle	middle	1.000	1.000	constitutive	constitutive	109	143	3
NC_072425.2	16176009	16176414	-3	1	-	NC_072425.2	16176011	16176375	SPTAN1	XM_055270830.2	-	3	2	39	1	53	54	10	10	10	middle	middle	1.000	1.000	constitutive	constitutive	196	53	10
NC_072425.2	16466418	16467369	-3	1	-	NC_072425.2	16466595	16467338	SLC27A4	XM_055270918.2	-	3	3	31	176	9	11	2	2	2	middle	middle	1.000	1.000	constitutive	constitutive	137	146	2
NC_072425.2	16559463	16559925	1	1	+	NC_072425.2	16559548	16559844	GOLGA2	XM_055270841.2	+	1	2	84	81	11	12	16	15	16	middle	middle	0.938	1.000	alternative	constitutive	93	106	15
NC_072425.2	16559463	16559925	1	1	+	NC_072425.2	16559560	16559844	GOLGA2	XM_055270847.2	+	1	2	96	81	10	11	16	1	16	middle	middle	0.062	1.000	unique	constitutive	81	106	1
NC_072425.2	16567471	16568365	2	1	+	NC_072425.2	16567895	16568303	GOLGA2	XM_055270841.2	+	2	2	423	62	23	24	16	16	16	middle	middle	1.000	1.000	constitutive	constitutive	218	102	16
NC_072425.2	16891638	16892562	1	1	+	NC_072425.2	16891908	16892385	PIP5KL1	XM_055270963.2	+	1	2	269	177	5	6	1	1	1	middle	middle	1.000	1.000	constitutive	constitutive	124	34	1
NC_072425.2	17017163	17017748	-1	1	-	NC_072425.2	17017165	17017674	FPGS	XM_055270973.2	-	1	2	74	1	5	7	8	8	8	middle	middle	1.000	1.000	constitutive	constitutive	114	61	8
NC_072425.2	20001064	20001349	-2	1	-	NC_072425.2	20001065	20001328	WDR38	XM_055271110.2	-	2	2	21	0	8	9	3	3	3	middle	last	1.000	1.000	constitutive	constitutive	47	125	3
NC_072425.2	20386331	20386640	-1	1	-	NC_072425.2	20386422	20386616	ADGRD2	XM_055271116.1	-	1	2	24	90	18	19	1	1	1	middle	middle	1.000	1.000	constitutive	constitutive	41	68	1
NC_072425.2	20401464	20402220	-3	1	-	NC_072425.2	20401516	20402156	ADGRD2	XM_055271116.1	-	3	2	64	51	6	7	1	1	1	middle	middle	1.000	1.000	constitutive	constitutive	85	284	1
NC_072425.2	22504271	22504601	-1	1	-	NC_072425.2	22504385	22504577	PTGS1	XM_055271205.2	-	1	2	24	113	1	2	5	3	3	first	middle	0.600	0.600	alternative	alternative	6	86	3
NC_072425.2	30935674	30936424	2	1	+	NC_072425.2	30935716	30936423	KIF12	XM_055269931.2	+	2	2	41	1	3	4	2	1	1	middle	middle	0.500	0.500	unique	unique	78	127	1
NC_072425.2	45825911	45826367	-1	1	-	NC_072425.2	45825924	45826328	COL15A1	XM_055271691.1	-	1	2	39	12	17	18	2	2	2	middle	middle	1.000	1.000	constitutive	constitutive	140	68	2
NC_072425.2	50469616	50470747	2	1	+	NC_072425.2	50469799	50470681	NUTM2F	XM_055271850.2	+	2	2	182	66	6	7	1	1	1	middle	middle	1.000	1.000	constitutive	constitutive	139	295	1
NC_072425.2	51053242	51053743	-2	1	-	NC_072425.2	51053348	51053723	PHF2	XM_055271864.2	-	2	2	20	105	15	16	4	4	4	middle	middle	1.000	1.000	constitutive	constitutive	178	70	4
NC_072425.2	67019146	67019407	-2	1	-	NC_072425.2	67019148	67019407	VPS13A	XM_055272201.2	-	2	2	0	1	66	67	5	5	5	middle	middle	1.000	1.000	constitutive	constitutive	45	123	5
NC_072425.2	7233585	7234221	-3	1	-	NC_072425.2	7233676	7234119	ARRDC1	XM_055270166.2	-	3	2	102	90	5	6	3	3	3	middle	middle	1.000	1.000	constitutive	constitutive	182	176	3
NC_072425.2	7332380	7333070	3	1	+	NC_072425.2	7332400	7332869	PNPLA7	XM_055270179.2	+	3	2	19	201	13	14	1	1	1	middle	middle	1.000	1.000	constitutive	constitutive	100	146	1
NC_072425.2	7383589	7383919	2	1	+	NC_072425.2	7383620	7383841	NSMF	XM_055270193.2	+	2	2	30	78	11	12	6	6	6	middle	middle	1.000	1.000	constitutive	constitutive	33	70	6
NC_072425.2	7396424	7396901	3	1	+	NC_072425.2	7396434	7396899	ENTPD8	XM_055270202.2	+	3	2	9	2	1	2	4	2	4	first	middle	0.500	1.000	alternative	constitutive	272	117	2
NC_072425.2	7396424	7396901	3	1	+	NC_072425.2	7396581	7396899	ENTPD8	XM_063636662.1	+	3	2	156	2	1	2	4	2	4	first	middle	0.500	1.000	alternative	constitutive	125	117	2
NC_072425.2	7583957	7584647	-1	1	-	NC_072425.2	7583984	7584514	STPG3	XM_055270209.2	-	1	2	133	26	3	4	4	3	3	middle	middle	0.750	0.750	alternative	alternative	88	303	2
NC_072425.2	7583957	7584647	-1	1	-	NC_072425.2	7583984	7584514	STPG3	XM_055270211.2	-	1	2	133	26	4	5	4	3	1	middle	middle	0.750	0.250	alternative	unique	88	138	1
NC_072425.2	7583957	7584647	-1	1	-	NC_072425.2	7583984	7584498	STPG3	XM_063636669.1	-	1	2	149	26	4	5	4	1	3	middle	middle	0.250	0.750	unique	alternative	72	303	1
NC_072425.2	7590717	7591587	1	1	+	NC_072425.2	7590858	7591404	CIMIP2A	XM_055270237.2	+	1	2	140	183	2	3	1	1	1	middle	middle	1.000	1.000	constitutive	constitutive	215	249	1
NC_072425.2	7591408	7592506	2	1	+	NC_072425.2	7591493	7592068	CIMIP2A	XM_055270237.2	+	2	2	84	438	4	5	1	1	1	middle	middle	1.000	1.000	constitutive	constitutive	123	94	1
NC_072425.2	7604167	7605013	-2	1	-	NC_072425.2	7604512	7604971	SLC34A3	XM_055270212.1	-	2	2	42	344	1	2	1	1	1	first	middle	1.000	1.000	constitutive	constitutive	84	89	1
NC_072425.2	7620318	7620879	-3	1	-	NC_072425.2	7620320	7620848	NDOR1	XM_055270257.2	-	3	3	31	1	11	13	9	9	6	middle	middle	1.000	0.667	constitutive	alternative	146	94	6
NC_072425.2	7620318	7620879	-3	1	-	NC_072425.2	7620320	7620848	NDOR1	XM_063636675.1	-	3	3	31	1	11	13	9	9	1	middle	middle	1.000	0.111	constitutive	unique	146	121	1
NC_072425.2	7620318	7620879	-3	1	-	NC_072425.2	7620342	7620848	NDOR1	XM_063636677.1	-	3	3	31	23	11	13	9	9	2	middle	middle	1.000	0.222	constitutive	alternative	146	72	2
NC_072425.2	7652014	7652875	2	1	+	NC_072425.2	7652018	7652774	ANAPC2	XM_055270252.2	+	2	2	3	101	4	5	5	5	3	middle	middle	1.000	0.600	constitutive	alternative	174	119	3
NC_072425.2	7652014	7652875	2	1	+	NC_072425.2	7652018	7652774	ANAPC2	XM_063636672.1	+	2	2	3	101	4	5	5	5	2	middle	middle	1.000	0.400	constitutive	alternative	174	110	2
NC_072425.2	7680019	7680520	-2	1	-	NC_072425.2	7680036	7680404	GRIN1	XM_055270240.2	-	2	2	116	16	6	7	11	11	11	middle	middle	1.000	1.000	constitutive	constitutive	121	174	11
NC_072425.2	7724338	7724911	2	1	+	NC_072425.2	7724415	7724811	DPP7	XM_055270272.2	+	2	2	76	100	3	4	6	4	4	middle	middle	0.667	0.667	alternative	alternative	139	163	4
NC_072425.2	7797032	7797965	3	1	+	NC_072425.2	7797448	7797964	NPDC1	XM_055270287.2	+	3	2	415	1	3	5	2	2	2	middle	middle	1.000	1.000	constitutive	constitutive	125	66	2
NC_072425.2	7820850	7821771	1	1	+	NC_072425.2	7820868	7821573	LOC129478653	XM_055270289.1	+	1	2	17	198	15	17	3	3	3	middle	middle	1.000	1.000	constitutive	constitutive	114	150	3
NC_072425.2	7822006	7822486	2	1	+	NC_072425.2	7822038	7822485	LOC129478653	XM_055270289.1	+	2	2	31	1	19	20	3	3	3	middle	middle	1.000	1.000	constitutive	constitutive	164	180	3
NC_072425.2	7822730	7823369	3	1	+	NC_072425.2	7822904	7823361	LOC129478653	XM_055270289.1	+	3	2	173	8	22	23	3	3	3	middle	middle	1.000	1.000	constitutive	constitutive	196	182	3
NC_072425.2	7823565	7824876	1	1	+	NC_072425.2	7823899	7824541	LOC129478653	XM_055270289.1	+	1	2	333	335	25	26	3	3	3	middle	middle	1.000	1.000	constitutive	constitutive	120	236	3
NC_072425.2	7826253	7826580	1	1	+	NC_072425.2	7826311	7826579	LOC129478653	XM_055270289.1	+	1	2	57	1	31	32	3	3	3	middle	middle	1.000	1.000	constitutive	constitutive	111	60	3
NC_072425.2	7826645	7827452	3	1	+	NC_072425.2	7826663	7827275	LOC129478653	XM_055270289.1	+	3	2	17	177	33	35	3	3	3	middle	middle	1.000	1.000	constitutive	constitutive	174	147	3
NC_072425.2	7829604	7830387	1	1	+	NC_072425.2	7829737	7830186	LOC129478653	XM_055270289.1	+	1	2	132	201	45	46	3	3	3	middle	middle	1.000	1.000	constitutive	constitutive	137	206	3
NC_072425.2	7841676	7842498	1	1	+	NC_072425.2	7841892	7842498	CLIC3	XM_055270294.2	+	1	2	215	0	4	6	2	2	2	middle	last	1.000	1.000	constitutive	constitutive	106	155	2
NC_072425.2	7842877	7843426	-2	1	-	NC_072425.2	7842878	7843403	PAXX	XM_063636710.1	-	2	2	23	0	7	8	2	1	1	middle	last	0.500	0.500	unique	unique	345	62	1
NC_072425.2	7843973	7844510	-1	1	-	NC_072425.2	7844078	7844436	PAXX	XM_055270295.2	-	1	2	74	104	4	5	2	2	2	middle	middle	1.000	1.000	constitutive	constitutive	190	68	2
NC_072425.2	78838103	78841838	3	1	+	NC_072425.2	78838220	78841838	LOC129478344	XM_055269962.2	+	3	2	116	0	4	5	1	1	1	middle	last	1.000	1.000	constitutive	constitutive	595	2572	1
NC_072425.2	7899222	7899681	-3	1	-	NC_072425.2	7899223	7899536	C8G	XM_055270300.2	-	3	3	145	0	5	7	2	1	1	middle	last	0.500	0.500	unique	unique	101	10	1
NC_072425.2	7903084	7904050	2	1	+	NC_072425.2	7903124	7904015	FBXW5	XM_055270299.2	+	2	2	39	35	3	5	1	1	1	middle	middle	1.000	1.000	constitutive	constitutive	174	420	1
NC_072425.2	7988794	7989421	-2	1	-	NC_072425.2	7988983	7989343	MAMDC4	XM_055270312.2	-	2	2	78	188	21	22	2	2	2	middle	middle	1.000	1.000	constitutive	constitutive	90	146	2
NC_072425.2	7990199	7991090	-1	1	-	NC_072425.2	7990227	7990618	MAMDC4	XM_055270312.2	-	1	2	472	27	16	17	2	2	2	middle	middle	1.000	1.000	constitutive	constitutive	134	133	1
NC_072425.2	7990199	7991090	-1	1	-	NC_072425.2	7990227	7991060	MAMDC4	XM_063636723.1	-	1	3	30	27	16	19	2	1	2	middle	middle	0.500	1.000	unique	constitutive	111	133	1
NC_072425.2	7992293	7993307	-1	1	-	NC_072425.2	7992402	7992979	MAMDC4	XM_055270312.2	-	1	3	328	108	8	10	2	2	2	middle	middle	1.000	1.000	constitutive	constitutive	137	173	2
NC_072425.2	8009770	8010685	-2	1	-	NC_072425.2	8009772	8010440	RABL6	XM_055270323.2	-	2	2	245	1	9	10	3	3	3	middle	middle	1.000	1.000	constitutive	constitutive	316	153	3
NC_072425.2	8085663	8086056	1	1	+	NC_072425.2	8085737	8086009	LCN8	XM_055269895.2	+	1	2	73	47	4	5	2	2	2	middle	middle	1.000	1.000	constitutive	constitutive	104	89	2
NC_072425.2	81060621	81064341	1	1	+	NC_072425.2	81060738	81064341	LOC129479377	XM_055272390.2	+	1	2	116	0	4	5	1	1	1	middle	last	1.000	1.000	constitutive	constitutive	595	2557	1
NC_072425.2	8164102	8164927	-2	1	-	NC_072425.2	8164483	8164899	EGFL7	XM_055270344.2	-	2	2	28	380	4	5	6	6	6	middle	middle	1.000	1.000	constitutive	constitutive	95	161	6
NC_072425.2	8361153	8362218	1	1	+	NC_072425.2	8361332	8362149	SEC16A	XM_063636734.1	+	1	2	178	69	4	5	14	14	14	middle	middle	1.000	1.000	constitutive	constitutive	126	198	14
NC_072425.2	8441042	8441471	3	1	+	NC_072425.2	8441107	8441470	SNAPC4	XM_055270375.1	+	3	2	64	1	12	13	8	8	8	middle	middle	1.000	1.000	constitutive	constitutive	106	94	8
NC_072425.2	8458127	8458883	3	1	+	NC_072425.2	8458269	8458676	CARD9	XM_055270385.2	+	3	2	141	207	4	5	3	3	3	middle	middle	1.000	1.000	constitutive	constitutive	179	143	3
NC_072425.2	85423662	85424013	1	1	+	NC_072425.2	85423685	85424013	LOC129479383	XM_055272400.2	+	1	2	22	0	24	26	1	1	1	middle	middle	1.000	1.000	constitutive	constitutive	56	143	1
NC_072425.2	87958912	87959539	-2	1	-	NC_072425.2	87958914	87959539	DNAH11	XM_055272477.2	-	2	2	0	1	50	51	1	1	1	middle	middle	1.000	1.000	constitutive	constitutive	161	193	1
NC_072425.2	9037224	9038088	-3	1	-	NC_072425.2	9037480	9038017	KCNT1	XM_055270407.2	-	3	2	71	255	23	24	6	6	6	middle	middle	1.000	1.000	constitutive	constitutive	134	111	6
NC_072425.2	9135882	9136257	-3	1	-	NC_072425.2	9135883	9136112	LCN9	XM_055269900.2	-	3	2	145	0	5	6	1	1	1	middle	last	1.000	1.000	constitutive	constitutive	101	19	1
NC_072425.2	9212934	9213465	-3	1	-	NC_072425.2	9212935	9213323	LOC129478273	XM_055269904.2	-	3	2	142	0	5	6	1	1	1	middle	last	1.000	1.000	constitutive	constitutive	104	13	1
NC_072425.2	9959081	9959585	-1	1	-	NC_072425.2	9959274	9959537	COL5A1	XM_055270438.2	-	1	2	48	192	47	48	2	2	2	middle	middle	1.000	1.000	constitutive	constitutive	53	107	2
NC_072426.2	100451885	100452296	3	1	+	NC_072426.2	100451915	100452295	ECD	XM_055275797.2	+	3	2	29	1	3	4	4	4	4	middle	middle	1.000	1.000	constitutive	constitutive	87	178	4
NC_072426.2	118453605	118454001	-2	1	-	NC_072426.2	118453607	118453999	OTUD4	XM_055276011.2	-	2	2	2	1	12	13	7	7	7	middle	middle	1.000	1.000	constitutive	constitutive	103	186	7
NC_072426.2	125969314	125969854	-1	1	-	NC_072426.2	125969422	125969811	TMEM154	XM_055276138.2	-	1	2	43	107	2	3	8	7	8	middle	middle	0.875	1.000	alternative	constitutive	260	38	7
NC_072426.2	125969314	125969854	-1	1	-	NC_072426.2	125969422	125969641	TMEM154	XM_063638287.1	-	1	2	213	107	1	2	8	1	8	first	middle	0.125	1.000	unique	constitutive	90	38	1
NC_072426.2	141486066	141486354	1	1	+	NC_072426.2	141486103	141486346	ANXA10	XM_055276359.2	+	1	2	36	8	7	8	6	6	6	middle	middle	1.000	1.000	constitutive	constitutive	53	93	6
NC_072426.2	156844462	156844681	2	1	+	NC_072426.2	156844466	156844680	TRAPPC11	XM_055276506.2	+	2	2	3	1	12	13	6	6	6	middle	middle	1.000	1.000	constitutive	constitutive	78	54	6
NC_072426.2	159271527	159274026	-2	1	-	NC_072426.2	159271528	159273870	LOC129480189	XM_063637122.1	-	2	2	156	0	1	2	1	1	1	first	last	1.000	1.000	constitutive	constitutive	425	1712	1
NC_072426.2	18496311	18496989	1	1	+	NC_072426.2	18496469	18496935	PHIP	XM_055274198.2	+	1	3	157	54	2	4	2	2	2	middle	middle	1.000	1.000	constitutive	constitutive	58	59	2
NC_072426.2	31385669	31386008	-3	1	-	NC_072426.2	31385670	31385973	ZWINT	XM_055274347.2	-	3	2	35	0	7	8	6	2	6	middle	last	0.333	1.000	alternative	constitutive	168	38	2
NC_072426.2	31385669	31386008	-3	1	-	NC_072426.2	31385670	31385954	ZWINT	XM_055274348.2	-	3	2	54	0	7	8	6	2	6	middle	last	0.333	1.000	alternative	constitutive	149	38	2
NC_072426.2	31385669	31386008	-3	1	-	NC_072426.2	31385670	31385936	ZWINT	XM_055274349.2	-	3	2	72	0	7	8	6	2	6	middle	last	0.333	1.000	alternative	constitutive	131	38	2
NC_072426.2	42811502	42811907	-3	1	-	NC_072426.2	42811529	42811833	DNA2	XM_063637141.1	-	3	2	74	26	12	13	6	6	6	middle	middle	1.000	1.000	constitutive	constitutive	116	109	6
NC_072426.2	46350303	46351629	1	1	+	NC_072426.2	46350470	46350961	CDH23	XM_055274603.1	+	1	2	166	668	57	58	3	2	2	middle	middle	0.667	0.667	alternative	alternative	251	161	2
NC_072426.2	46596469	46596880	-1	1	-	NC_072426.2	46596470	46596855	SPOCK2	XM_055274617.2	-	1	2	25	0	10	11	4	2	2	middle	last	0.500	0.500	alternative	alternative	137	142	2
NC_072426.2	61432954	61433332	-1	1	-	NC_072426.2	61432978	61433332	LARP7	XM_055274839.2	-	1	2	0	23	4	5	12	12	12	middle	middle	1.000	1.000	constitutive	constitutive	164	93	12
NC_072426.2	63440356	63441214	2	1	+	NC_072426.2	63440363	63441017	PITX2	XM_055273976.1	+	2	2	6	197	1	2	3	2	1	first	middle	0.667	0.333	alternative	unique	45	137	1
NC_072426.2	63440356	63441214	2	1	+	NC_072426.2	63440363	63441017	PITX2	XM_055273977.2	+	2	2	6	197	1	2	3	2	1	first	middle	0.667	0.333	alternative	unique	45	98	1
NC_072426.2	70534823	70535165	-3	1	-	NC_072426.2	70534824	70535165	LOC129480770	XM_055275026.2	-	3	2	0	0	34	35	4	4	4	middle	last	1.000	1.000	constitutive	constitutive	155	83	4
NC_072426.2	71825296	71825761	2	1	+	NC_072426.2	71825297	71825761	LOC129480098	XM_063638005.1	+	2	2	0	0	17	18	1	1	1	middle	last	1.000	1.000	constitutive	constitutive	155	206	1
NC_072426.2	79289182	79289755	2	1	+	NC_072426.2	79289184	79289736	LOC129480827	XM_063637358.1	+	2	2	1	19	9	11	1	1	1	middle	middle	1.000	1.000	constitutive	constitutive	53	413	1
NC_072426.2	79754532	79755030	1	1	+	NC_072426.2	79754569	79755022	BMS1	XM_055275212.2	+	1	2	36	8	15	16	5	5	5	middle	middle	1.000	1.000	constitutive	constitutive	188	180	5
NC_072426.2	82225504	82225909	-1	1	-	NC_072426.2	82225531	82225835	LOC129480121	XM_063637392.1	-	1	2	74	26	13	14	1	1	1	middle	middle	1.000	1.000	constitutive	constitutive	116	109	1
NC_072426.2	83272988	83273552	3	1	+	NC_072426.2	83273199	83273420	LOC129480870	XM_055275304.2	+	3	2	210	132	1	2	39	38	38	first	middle	0.974	0.974	alternative	alternative	2	122	38
NC_072426.2	87005985	87006384	-2	1	-	NC_072426.2	87005986	87006326	BMPR1A	XM_055275474.2	-	2	2	58	0	10	11	11	11	11	middle	last	1.000	1.000	constitutive	constitutive	130	122	11
NC_072426.2	93755485	93756259	2	1	+	NC_072426.2	93755763	93756193	LOC129480299	XM_055274031.2	+	2	2	277	66	5	6	1	1	1	middle	middle	1.000	1.000	constitutive	constitutive	102	237	1
NC_072426.2	99882692	99883397	-3	1	-	NC_072426.2	99882694	99883218	ZSWIM8	XM_055275717.2	-	3	2	179	1	8	9	13	13	13	middle	middle	1.000	1.000	constitutive	constitutive	201	175	13
NC_072426.2	99884321	99884831	-3	1	-	NC_072426.2	99884352	99884809	ZSWIM8	XM_055275717.2	-	3	2	22	30	4	5	13	13	13	middle	middle	1.000	1.000	constitutive	constitutive	172	107	13
NC_072427.2	101064066	101064354	-2	1	-	NC_072427.2	101064081	101064306	MAP3K7CL	XM_063640647.1	-	2	2	48	14	2	3	1	1	1	middle	middle	1.000	1.000	constitutive	constitutive	75	59	1
NC_072427.2	124612113	124612452	-2	1	-	NC_072427.2	124612150	124612430	SLC24A5	XM_055279026.2	-	2	2	22	36	3	4	1	1	1	middle	middle	1.000	1.000	constitutive	constitutive	83	103	1
NC_072427.2	128965678	128966269	2	1	+	NC_072427.2	128965778	128966041	LOC129481700	XM_063639487.1	+	2	2	99	228	5	6	5	5	5	middle	middle	1.000	1.000	constitutive	constitutive	62	104	5
NC_072427.2	129938439	129939039	1	1	+	NC_072427.2	129938463	129939034	CDAN1	XM_055278855.2	+	1	2	23	5	3	4	4	2	4	middle	middle	0.500	1.000	alternative	constitutive	206	169	2
NC_072427.2	129938439	129939039	1	1	+	NC_072427.2	129938466	129939034	CDAN1	XM_055278856.2	+	1	2	26	5	3	4	4	2	4	middle	middle	0.500	1.000	alternative	constitutive	203	169	2
NC_072427.2	129945112	129945493	2	1	+	NC_072427.2	129945168	129945492	CDAN1	XM_055278855.2	+	2	2	55	1	18	19	4	4	4	middle	middle	1.000	1.000	constitutive	constitutive	133	103	4
NC_072427.2	130274732	130275092	-3	1	-	NC_072427.2	130274853	130275062	CAPN3	XM_055278871.2	-	3	2	30	120	18	19	5	5	5	middle	middle	1.000	1.000	constitutive	constitutive	57	64	5
NC_072427.2	130553152	130553758	2	1	+	NC_072427.2	130553220	130553590	PLA2G4F	XM_055276937.2	+	2	2	67	168	3	4	1	1	1	middle	middle	1.000	1.000	constitutive	constitutive	136	128	1
NC_072427.2	130556838	130557405	1	1	+	NC_072427.2	130556960	130557360	PLA2G4F	XM_055276937.2	+	1	2	121	45	8	9	1	1	1	middle	middle	1.000	1.000	constitutive	constitutive	169	113	1
NC_072427.2	142890906	142891464	-2	1	-	NC_072427.2	142891074	142891416	EMP1	XM_055276994.2	-	2	2	48	167	2	3	2	2	1	middle	middle	1.000	0.500	constitutive	unique	96	140	1
NC_072427.2	142890906	142891464	-2	1	-	NC_072427.2	142890907	142891416	EMP1	XM_063640779.1	-	2	2	48	0	2	3	2	2	1	middle	last	1.000	0.500	constitutive	unique	96	307	1
NC_072427.2	144966196	144967186	2	1	+	NC_072427.2	144966264	144967177	LOC129483363	XM_055280651.2	+	2	2	67	9	6	8	1	1	1	middle	middle	1.000	1.000	constitutive	constitutive	508	355	1
NC_072427.2	145855384	145855975	2	1	+	NC_072427.2	145855454	145855956	LOC129481684	XM_063638518.1	+	2	2	69	19	1	2	1	1	1	first	middle	1.000	1.000	constitutive	constitutive	120	309	1
NC_072427.2	147568208	147568979	3	1	+	NC_072427.2	147568228	147568956	CD163	XM_055280787.2	+	3	2	19	23	7	8	7	7	7	middle	middle	1.000	1.000	constitutive	constitutive	314	314	7
NC_072427.2	148013027	148013840	3	1	+	NC_072427.2	148013246	148013840	LPCAT3	XM_055280831.2	+	3	3	218	0	10	12	1	1	1	middle	last	1.000	1.000	constitutive	constitutive	147	113	1
NC_072427.2	148088514	148089009	-2	1	-	NC_072427.2	148088663	148088982	LRRC23	XM_055280848.2	-	2	2	27	148	1	2	9	9	9	first	middle	1.000	1.000	constitutive	constitutive	125	109	9
NC_072427.2	148143962	148144805	-3	1	-	NC_072427.2	148143964	148144592	USP5	XM_055280869.2	-	3	2	213	1	18	19	6	6	6	middle	middle	1.000	1.000	constitutive	constitutive	153	84	6
NC_072427.2	148159818	148160244	1	1	+	NC_072427.2	148159862	148160244	CDCA3	XM_055280878.2	+	1	2	43	0	4	5	8	4	8	middle	last	0.500	1.000	alternative	constitutive	106	152	4
NC_072427.2	148159818	148160244	1	1	+	NC_072427.2	148159862	148160244	CDCA3	XM_063639768.1	+	1	2	43	0	4	5	8	4	8	middle	last	0.500	1.000	alternative	constitutive	121	152	4
NC_072427.2	148362830	148363739	3	1	+	NC_072427.2	148363099	148363643	ACRBP	XM_055280955.2	+	3	2	268	96	2	3	1	1	1	middle	middle	1.000	1.000	constitutive	constitutive	218	94	1
NC_072427.2	148430109	148430514	1	1	+	NC_072427.2	148430134	148430485	CHD4	XM_055280932.2	+	1	2	24	29	25	26	16	10	16	middle	middle	0.625	1.000	alternative	constitutive	180	86	10
NC_072427.2	148430109	148430514	1	1	+	NC_072427.2	148430137	148430485	CHD4	XM_055280934.2	+	1	2	27	29	25	26	16	6	16	middle	middle	0.375	1.000	alternative	constitutive	177	86	6
NC_072427.2	148463233	148463803	2	1	+	NC_072427.2	148463263	148463569	IFFO1	XM_055280946.2	+	2	2	29	234	2	3	9	9	9	middle	middle	1.000	1.000	constitutive	constitutive	60	95	9
NC_072427.2	148666995	148667514	1	1	+	NC_072427.2	148667066	148667513	TNFRSF1A	XM_055280968.2	+	1	2	70	1	15	16	8	6	6	middle	middle	0.750	0.750	alternative	alternative	149	78	6
NC_072427.2	148670404	148671292	2	1	+	NC_072427.2	148670537	148671292	TNFRSF1A	XM_055280968.2	+	2	2	132	0	20	21	8	7	7	middle	last	0.875	0.875	alternative	alternative	288	307	7
NC_072427.2	149386863	149387544	1	1	+	NC_072427.2	149387019	149387321	ANO2	XM_055281012.2	+	1	2	155	223	17	18	1	1	1	middle	middle	1.000	1.000	constitutive	constitutive	57	100	1
NC_072427.2	153045916	153046411	2	1	+	NC_072427.2	153045920	153046228	CACNA2D4	XM_055281130.2	+	2	2	3	183	10	11	10	10	10	middle	middle	1.000	1.000	constitutive	constitutive	89	113	10
NC_072427.2	15514560	15515058	-2	1	-	NC_072427.2	15514618	15514999	UNC45A	XM_055277165.2	-	2	2	59	57	18	19	2	2	2	middle	middle	1.000	1.000	constitutive	constitutive	117	155	2
NC_072427.2	15518172	15518841	-2	1	-	NC_072427.2	15518227	15518631	UNC45A	XM_055277165.2	-	2	2	210	54	14	15	2	2	2	middle	middle	1.000	1.000	constitutive	constitutive	127	66	2
NC_072427.2	15532460	15533006	-3	1	-	NC_072427.2	15532515	15532895	UNC45A	XM_055277165.2	-	3	2	111	54	1	2	2	1	2	first	middle	0.500	1.000	unique	constitutive	50	161	1
NC_072427.2	15532460	15533006	-3	1	-	NC_072427.2	15532515	15532895	UNC45A	XM_055277166.2	-	3	2	111	54	1	2	2	1	2	first	middle	0.500	1.000	unique	constitutive	5	161	1
NC_072427.2	15582737	15583148	-3	1	-	NC_072427.2	15582739	15583148	FES	XM_055277175.2	-	3	2	0	1	3	4	9	9	9	middle	middle	1.000	1.000	constitutive	constitutive	96	183	9
NC_072427.2	15593494	15593935	-1	1	-	NC_072427.2	15593552	15593854	FURIN	XM_055277184.2	-	1	2	81	57	2	3	6	6	6	middle	middle	1.000	1.000	constitutive	constitutive	98	95	6
NC_072427.2	16256094	16256685	-2	1	-	NC_072427.2	16256197	16256655	SEMA4B	XM_055277200.2	-	2	2	30	102	10	11	3	3	1	middle	middle	1.000	0.333	constitutive	unique	210	145	1
NC_072427.2	16256094	16256685	-2	1	-	NC_072427.2	16256227	16256655	SEMA4B	XM_055277201.2	-	2	2	30	132	10	11	3	3	2	middle	middle	1.000	0.667	constitutive	alternative	210	115	2
NC_072427.2	16719545	16720643	3	1	+	NC_072427.2	16719588	16720643	MESP1	XM_055277251.2	+	3	2	42	0	1	2	1	1	1	first	last	1.000	1.000	constitutive	constitutive	716	80	1
NC_072427.2	21518799	21519555	1	1	+	NC_072427.2	21518871	21519363	SLC28A1	XM_063638609.1	+	1	2	71	192	12	13	2	1	1	middle	middle	0.500	0.500	unique	unique	168	197	1
NC_072427.2	21528139	21528538	2	1	+	NC_072427.2	21528237	21528537	SLC28A1	XM_063638609.1	+	2	2	97	1	15	16	2	1	1	middle	middle	0.500	0.500	unique	unique	98	111	1
NC_072427.2	21952166	21952994	-3	1	-	NC_072427.2	21952390	21952937	AP3B2	XM_055277384.2	-	3	2	57	223	7	8	4	3	3	middle	middle	0.750	0.750	alternative	alternative	182	283	3
NC_072427.2	27031074	27031929	1	1	+	NC_072427.2	27031195	27031748	ADAMTS7	XM_055277542.2	+	1	2	120	181	5	6	2	2	2	middle	middle	1.000	1.000	constitutive	constitutive	83	124	2
NC_072427.2	27058246	27058780	2	1	+	NC_072427.2	27058331	27058732	ADAMTS7	XM_055277542.2	+	2	2	84	48	21	22	2	2	2	middle	middle	1.000	1.000	constitutive	constitutive	173	146	2
NC_072427.2	27591715	27592147	-1	1	-	NC_072427.2	27591716	27592128	DNAJA4	XM_063638653.1	-	1	2	19	0	8	9	5	5	5	middle	last	1.000	1.000	constitutive	constitutive	100	212	5
NC_072427.2	27884453	27885560	-3	1	-	NC_072427.2	27884502	27885494	LOC129481539	XM_063638490.1	-	3	3	66	48	21	23	1	1	1	middle	middle	1.000	1.000	constitutive	constitutive	152	146	1
NC_072427.2	29553711	29555271	-2	1	-	NC_072427.2	29553772	29554796	ISL2	XM_055276908.2	-	2	2	475	60	4	5	3	3	3	middle	middle	1.000	1.000	constitutive	constitutive	283	167	3
NC_072427.2	30518679	30519594	1	1	+	NC_072427.2	30519018	30519593	MAN2C1	XM_055277705.2	+	1	3	338	1	23	25	5	5	5	middle	middle	1.000	1.000	constitutive	constitutive	79	109	5
NC_072427.2	30537897	30538161	-2	1	-	NC_072427.2	30537907	30538107	COMMD4	XM_063638748.1	-	2	2	54	9	2	3	1	1	1	middle	middle	1.000	1.000	constitutive	constitutive	10	54	1
NC_072427.2	31320834	31321878	-2	1	-	NC_072427.2	31320990	31321654	ARID3B	XM_055277777.2	-	2	2	224	155	5	6	6	6	6	middle	middle	1.000	1.000	constitutive	constitutive	283	254	6
NC_072427.2	31489124	31489952	3	1	+	NC_072427.2	31489353	31489731	SEMA7A	XM_055277798.2	+	3	2	228	221	4	5	2	2	2	middle	middle	1.000	1.000	constitutive	constitutive	92	84	2
NC_072427.2	31588047	31588554	-2	1	-	NC_072427.2	31588081	31588529	CCDC33	XM_063638761.1	-	2	2	25	33	14	15	1	1	1	middle	middle	1.000	1.000	constitutive	constitutive	88	131	1
NC_072427.2	31847871	31848768	1	1	+	NC_072427.2	31848113	31848702	LOC129482274	XM_055277823.2	+	1	2	241	66	12	13	1	1	1	middle	middle	1.000	1.000	constitutive	constitutive	312	216	1
NC_072427.2	32602370	32603120	3	1	+	NC_072427.2	32602488	32602977	HCN4	XM_055277853.2	+	3	2	117	143	5	6	1	1	1	middle	middle	1.000	1.000	constitutive	constitutive	146	240	1
NC_072427.2	33308237	33308807	-3	1	-	NC_072427.2	33308462	33308792	GOLGA6B	XM_063640176.1	-	3	2	15	224	2	3	1	1	1	middle	middle	1.000	1.000	constitutive	constitutive	65	39	1
NC_072427.2	39562682	39563561	-3	1	-	NC_072427.2	39562683	39563504	LOC129482366	XM_055278086.2	-	3	2	57	0	1	2	2	1	2	first	last	0.500	1.000	unique	constitutive	538	195	1
NC_072427.2	39562682	39563561	-3	1	-	NC_072427.2	39562683	39563504	LOC129482366	XM_055278087.2	-	3	3	57	0	1	3	2	1	2	first	last	0.500	1.000	unique	constitutive	57	195	1
NC_072427.2	42295837	42296266	2	1	+	NC_072427.2	42296014	42296266	DAPK2	XM_063638941.1	+	2	2	176	0	9	10	6	1	1	middle	last	0.167	0.167	unique	unique	89	45	1
NC_072427.2	42295974	42296367	1	1	+	NC_072427.2	42296014	42296304	DAPK2	XM_055278202.2	+	1	2	39	63	9	10	6	3	3	middle	middle	0.500	0.500	alternative	alternative	89	83	3
NC_072427.2	43456270	43456861	-1	1	-	NC_072427.2	43456418	43456819	TLN2	XM_055278269.2	-	1	2	42	147	46	47	3	3	3	middle	middle	1.000	1.000	constitutive	constitutive	125	116	3
NC_072427.2	4807667	4808042	3	1	+	NC_072427.2	4807782	4808001	LOC129481971	XM_055277024.2	+	3	2	114	41	4	6	1	1	1	middle	middle	1.000	1.000	constitutive	constitutive	51	53	1
NC_072427.2	49002787	49003414	2	1	+	NC_072427.2	49002805	49003414	LOC129482488	XM_055278390.2	+	2	2	17	0	17	19	2	2	2	middle	last	1.000	1.000	constitutive	constitutive	100	172	2
NC_072427.2	49104922	49106365	2	1	+	NC_072427.2	49105328	49106134	LOC129482489	XM_055278394.2	+	2	2	405	231	9	10	1	1	1	middle	middle	1.000	1.000	constitutive	constitutive	526	237	1
NC_072427.2	51211640	51212075	-3	1	-	NC_072427.2	51211734	51211997	ATP10A	XM_055278452.2	-	3	2	78	93	18	19	2	2	2	middle	middle	1.000	1.000	constitutive	constitutive	80	104	2
NC_072427.2	54012404	54013031	-3	1	-	NC_072427.2	54012405	54013014	LOC129482528	XM_055278488.2	-	3	2	17	0	17	19	1	1	1	middle	last	1.000	1.000	constitutive	constitutive	100	172	1
NC_072427.2	54185901	54186525	1	1	+	NC_072427.2	54185919	54186525	LOC129482531	XM_055278490.2	+	1	2	17	0	17	19	2	2	2	middle	last	1.000	1.000	constitutive	constitutive	100	172	2
NC_072427.2	54439070	54441443	-3	1	-	NC_072427.2	54439071	54440841	LOC134736745	XM_063640007.1	-	3	2	602	0	3	4	1	1	1	middle	last	1.000	1.000	constitutive	constitutive	1267	364	1
NC_072427.2	55674300	55674933	1	1	+	NC_072427.2	55674318	55674933	LOC129482542	XM_055278524.2	+	1	2	17	0	18	20	4	1	1	middle	last	0.250	0.250	unique	unique	100	172	1
NC_072427.2	55711999	55712632	2	1	+	NC_072427.2	55712017	55712632	LOC129482542	XM_063639049.1	+	2	2	17	0	18	20	4	3	3	middle	last	0.750	0.750	alternative	alternative	100	172	3
NC_072427.2	55749726	55750359	1	1	+	NC_072427.2	55749744	55750359	LOC134736628	XM_063639052.1	+	1	2	17	0	17	19	3	3	3	middle	last	1.000	1.000	constitutive	constitutive	100	172	3
NC_072427.2	57279323	57279950	-3	1	-	NC_072427.2	57279324	57279933	LOC129482566	XM_055278567.2	-	3	2	17	0	17	19	2	2	2	middle	last	1.000	1.000	constitutive	constitutive	100	172	2
NC_072427.2	57426358	57426997	2	1	+	NC_072427.2	57426376	57426997	LOC134736792	XM_063640262.1	+	2	2	17	0	18	20	3	3	3	middle	last	1.000	1.000	constitutive	constitutive	100	172	3
NC_072427.2	57564010	57564637	2	1	+	NC_072427.2	57564028	57564637	LOC129482564	XM_055278559.2	+	2	2	17	0	17	19	5	5	5	middle	last	1.000	1.000	constitutive	constitutive	100	172	5
NC_072427.2	59132823	59133450	1	1	+	NC_072427.2	59132841	59133450	LOC129482579	XM_055278601.2	+	1	2	17	0	17	19	3	3	3	middle	last	1.000	1.000	constitutive	constitutive	100	172	3
NC_072427.2	59407653	59407953	-2	1	-	NC_072427.2	59407655	59407915	LPCAT4	XM_055278614.2	-	2	2	38	1	8	9	1	1	1	middle	middle	1.000	1.000	constitutive	constitutive	54	82	1
NC_072427.2	59453283	59453910	-2	1	-	NC_072427.2	59453284	59453893	LOC129482588	XM_055278615.2	-	2	2	17	0	16	18	3	3	3	middle	last	1.000	1.000	constitutive	constitutive	100	172	3
NC_072427.2	64987313	64987844	-3	1	-	NC_072427.2	64987574	64987814	SRP14	XM_055278673.2	-	3	2	30	260	1	2	1	1	1	first	middle	1.000	1.000	constitutive	constitutive	23	72	1
NC_072427.2	65197178	65198075	3	1	+	NC_072427.2	65197299	65198074	PAK6	XM_055278697.2	+	3	2	120	1	3	4	11	11	11	middle	middle	1.000	1.000	constitutive	constitutive	497	133	11
NC_072427.2	65198378	65198864	3	1	+	NC_072427.2	65198417	65198747	PAK6	XM_055278697.2	+	3	2	38	117	5	6	11	11	11	middle	middle	1.000	1.000	constitutive	constitutive	126	125	11
NC_072427.2	65309490	65310042	1	1	+	NC_072427.2	65309489	65309911	KNSTRN	XM_063639093.1	+	1	2	-2	131	2	3	1	1	1	middle	middle	1.000	1.000	constitutive	constitutive	143	94	1
NC_072427.2	65708546	65709371	-3	1	-	NC_072427.2	65708849	65709280	DNAJC17	XM_055278751.1	-	3	2	91	302	5	6	1	1	1	middle	middle	1.000	1.000	constitutive	constitutive	85	96	1
NC_072427.2	65817413	65818025	-3	1	-	NC_072427.2	65817450	65817905	RHOV	XM_055278795.2	-	3	2	120	36	1	2	1	1	1	first	middle	1.000	1.000	constitutive	constitutive	207	58	1
NC_072427.2	66443865	66444900	1	1	+	NC_072427.2	66443986	66444723	ITPKA	XM_055278796.2	+	1	3	120	177	2	4	1	1	1	middle	middle	1.000	1.000	constitutive	constitutive	96	204	1
NC_072427.2	66446519	66447197	-3	1	-	NC_072427.2	66446520	66446955	LTK	XM_055278797.2	-	3	2	242	0	19	20	6	6	6	middle	last	1.000	1.000	constitutive	constitutive	90	245	6
NC_072427.2	66799204	66799888	2	1	+	NC_072427.2	66799282	66799739	MAPKBP1	XM_055278837.2	+	2	2	77	149	25	26	3	3	3	middle	middle	1.000	1.000	constitutive	constitutive	145	197	3
NC_072427.2	66823155	66823764	1	1	+	NC_072427.2	66823249	66823764	PLA2G4B	XM_055278842.2	+	1	2	93	0	19	20	4	4	4	middle	last	1.000	1.000	constitutive	constitutive	186	208	4
NC_072427.2	66831103	66831643	-1	1	-	NC_072427.2	66831116	66831637	LOC129482678	XM_063638499.1	-	1	2	6	12	44	45	1	1	1	middle	middle	1.000	1.000	constitutive	constitutive	196	204	1
NC_072427.2	68353594	68354035	-1	1	-	NC_072427.2	68353642	68354022	INTS13	XM_055280306.2	-	1	2	13	47	8	9	8	8	3	middle	middle	1.000	0.375	constitutive	alternative	89	107	3
NC_072427.2	68353594	68354035	-1	1	-	NC_072427.2	68353642	68354022	INTS13	XM_055280307.2	-	1	2	13	47	8	9	8	8	5	middle	middle	1.000	0.625	constitutive	alternative	89	89	5
NC_072427.2	70907064	70907451	-2	1	-	NC_072427.2	70907074	70907450	OVCH1	XM_063640334.1	-	2	2	1	9	11	12	1	1	1	middle	middle	1.000	1.000	constitutive	constitutive	137	130	1
NC_072427.2	77328652	77329741	2	1	+	NC_072427.2	77328668	77329374	LOC129481638	XM_055276741.2	+	2	2	15	367	2	3	1	1	1	middle	middle	1.000	1.000	constitutive	constitutive	375	96	1
NC_072427.2	84318888	84319926	-2	1	-	NC_072427.2	84318958	84319823	PCNT	XM_055280027.2	-	2	2	103	69	22	23	13	13	13	middle	middle	1.000	1.000	constitutive	constitutive	229	116	13
NC_072427.2	84555464	84556088	3	1	+	NC_072427.2	84555495	84555902	FTCD	XM_055276967.2	+	3	2	30	186	6	7	2	2	2	middle	middle	1.000	1.000	constitutive	constitutive	137	131	2
NC_072427.2	84579227	84579980	-3	1	-	NC_072427.2	84579329	84579953	COL6A2	XM_055280026.2	-	3	3	27	101	21	23	1	1	1	middle	middle	1.000	1.000	constitutive	constitutive	62	45	1
NC_072427.2	84588349	84588820	-1	1	-	NC_072427.2	84588428	84588589	COL6A2	XM_055280026.2	-	1	2	231	78	8	9	1	1	1	middle	middle	1.000	1.000	constitutive	constitutive	26	44	1
NC_072427.2	84690593	84691388	-3	1	-	NC_072427.2	84690795	84691265	COL6A1	XM_055280025.2	-	3	2	123	201	22	23	1	1	1	middle	middle	1.000	1.000	constitutive	constitutive	62	50	1
NC_072427.2	84696575	84696983	-3	1	-	NC_072427.2	84696627	84696833	COL6A1	XM_055280025.2	-	3	2	150	51	16	17	1	1	1	middle	middle	1.000	1.000	constitutive	constitutive	62	53	1
NC_072427.2	86059007	86059958	3	1	+	NC_072427.2	86059098	86059958	LOC134731292	XM_063640508.1	+	3	2	90	0	1	2	2	2	1	first	last	1.000	0.500	constitutive	unique	320	428	1
NC_072427.2	86059007	86059958	3	1	+	NC_072427.2	86059098	86059958	LOC134731292	XM_063640509.1	+	3	2	90	0	1	2	2	2	1	first	last	1.000	0.500	constitutive	unique	320	302	1
NC_072427.2	86064851	86065952	-3	1	-	NC_072427.2	86064852	86065730	LOC129483089	XM_055279914.2	-	3	2	222	0	1	2	2	1	2	first	last	0.500	1.000	unique	constitutive	320	431	1
NC_072427.2	86064851	86065952	-3	1	-	NC_072427.2	86064852	86065730	LOC129483089	XM_055279915.2	-	3	3	222	0	1	3	2	1	2	first	last	0.500	1.000	unique	constitutive	176	431	1
NC_072427.2	86102271	86103228	1	1	+	NC_072427.2	86102383	86103228	LOC129483090	XM_055279916.2	+	1	2	111	0	1	2	2	1	1	first	last	0.500	0.500	unique	unique	320	428	1
NC_072427.2	86102271	86103228	1	1	+	NC_072427.2	86102383	86103228	LOC129483090	XM_055279917.2	+	1	2	111	0	1	2	2	1	1	first	last	0.500	0.500	unique	unique	329	302	1
NC_072427.2	87143387	87144005	3	1	+	NC_072427.2	87143388	87143787	SIK1	XM_055279838.2	+	3	2	0	218	3	4	2	2	2	middle	middle	1.000	1.000	constitutive	constitutive	63	161	2
NC_072427.2	87144832	87146125	2	1	+	NC_072427.2	87144948	87146053	SIK1	XM_055279838.2	+	2	3	115	72	7	9	2	2	1	middle	middle	1.000	0.500	constitutive	unique	223	125	1
NC_072427.2	87144832	87146125	2	1	+	NC_072427.2	87144948	87146053	SIK1	XM_063640513.1	+	2	3	115	72	7	9	2	2	1	middle	middle	1.000	0.500	constitutive	unique	223	167	1
NC_072427.2	88306498	88307824	-1	1	-	NC_072427.2	88306729	88307679	UMODL1	XM_055279775.2	-	1	2	145	230	11	12	2	1	1	middle	middle	0.500	0.500	unique	unique	241	204	1
NC_072427.2	88306498	88307824	-1	1	-	NC_072427.2	88306729	88307679	UMODL1	XM_063639230.1	-	1	2	145	230	11	12	2	1	1	middle	middle	0.500	0.500	unique	unique	479	395	1
NC_072427.2	93760628	93761339	3	1	+	NC_072427.2	93760676	93761217	LOC129482971	XM_055279646.2	+	3	2	47	122	3	5	1	1	1	middle	middle	1.000	1.000	constitutive	constitutive	174	305	1
NC_072427.2	99552382	99552832	-1	1	-	NC_072427.2	99552383	99552652	KRTAP20-2	XM_055279440.1	-	1	2	180	0	1	2	1	1	1	first	last	1.000	1.000	constitutive	constitutive	99	97	1
NC_072427.2	99575776	99576229	2	1	+	NC_072427.2	99575858	99576229	LOC129482899	XM_055279437.2	+	2	2	81	0	1	2	1	1	1	first	last	1.000	1.000	constitutive	constitutive	63	160	1
NC_072427.2	99668213	99668534	3	1	+	NC_072427.2	99668292	99668534	LOC129482902	XM_055279441.2	+	3	2	78	0	1	2	2	1	1	first	last	0.500	0.500	unique	unique	126	61	1
NC_072427.2	99668213	99668534	3	1	+	NC_072427.2	99668292	99668534	LOC129482902	XM_055279442.2	+	3	2	78	0	1	2	2	1	1	first	last	0.500	0.500	unique	unique	84	88	1
NC_072428.2	10023115	10023547	2	1	+	NC_072428.2	10023116	10023532	CKAP5	XM_055281683.2	+	2	2	0	15	38	39	3	3	3	middle	middle	1.000	1.000	constitutive	constitutive	188	137	3
NC_072428.2	10097026	10097734	2	1	+	NC_072428.2	10097284	10097656	ARHGAP1	XM_063640947.1	+	2	2	257	78	8	9	2	1	1	middle	middle	0.500	0.500	unique	unique	90	77	1
NC_072428.2	10414399	10414795	-3	1	-	NC_072428.2	10414444	10414776	DGKZ	XM_055281716.2	-	3	2	19	44	22	23	12	12	12	middle	middle	1.000	1.000	constitutive	constitutive	79	69	12
NC_072428.2	10416006	10416408	-1	1	-	NC_072428.2	10416008	10416243	DGKZ	XM_055281716.2	-	1	2	165	1	17	18	12	12	12	middle	middle	1.000	1.000	constitutive	constitutive	62	73	12
NC_072428.2	10419008	10419602	-2	1	-	NC_072428.2	10419177	10419467	DGKZ	XM_055281716.2	-	2	2	135	168	7	8	12	12	12	middle	middle	1.000	1.000	constitutive	constitutive	71	116	12
NC_072428.2	107938859	107939153	-2	1	-	NC_072428.2	107938886	107939153	CTTNBP2	XM_055283787.2	-	2	2	0	26	13	14	5	5	5	middle	middle	1.000	1.000	constitutive	constitutive	86	99	5
NC_072428.2	10866882	10867704	-1	1	-	NC_072428.2	10867210	10867584	LARGE2	XM_055281802.2	-	1	2	120	327	7	8	2	2	2	middle	middle	1.000	1.000	constitutive	constitutive	125	155	2
NC_072428.2	11029207	11030101	-3	1	-	NC_072428.2	11029600	11029968	PEX16	XM_055281814.2	-	3	2	133	392	6	7	2	2	2	middle	middle	1.000	1.000	constitutive	constitutive	80	152	2
NC_072428.2	118415056	118416040	-3	1	-	NC_072428.2	118415221	118415665	IMPDH1	XM_055283905.1	-	3	2	375	164	7	8	11	11	11	middle	middle	1.000	1.000	constitutive	constitutive	206	87	11
NC_072428.2	118657193	118657976	3	1	+	NC_072428.2	118657534	118657920	FLNC	XM_055283935.2	+	3	2	340	56	3	4	7	7	7	middle	middle	1.000	1.000	constitutive	constitutive	97	150	7
NC_072428.2	118664117	118664642	3	1	+	NC_072428.2	118664163	118664633	FLNC	XM_055283935.2	+	3	2	45	9	19	20	7	7	7	middle	middle	1.000	1.000	constitutive	constitutive	117	262	7
NC_072428.2	120234072	120235203	1	1	+	NC_072428.2	120234246	120235017	CPA1	XM_055284023.1	+	1	2	173	186	2	3	1	1	1	middle	middle	1.000	1.000	constitutive	constitutive	81	233	1
NC_072428.2	120360261	120360714	1	1	+	NC_072428.2	120360349	120360694	MEST	XM_055284032.2	+	1	2	87	20	5	6	11	11	11	middle	middle	1.000	1.000	constitutive	constitutive	136	58	11
NC_072428.2	121411485	121412178	-1	1	-	NC_072428.2	121411660	121412130	PODXL	XM_055284052.1	-	1	2	48	174	5	6	1	1	1	middle	middle	1.000	1.000	constitutive	constitutive	147	61	1
NC_072428.2	131707069	131707744	-3	1	-	NC_072428.2	131707239	131707653	DENND11	XM_055284266.2	-	3	2	91	169	6	7	3	3	3	middle	middle	1.000	1.000	constitutive	constitutive	131	150	3
NC_072428.2	132272071	132275488	2	1	+	NC_072428.2	132272111	132275488	MGAM2	XM_055281470.1	+	2	2	39	0	47	48	1	1	1	middle	last	1.000	1.000	constitutive	constitutive	696	1468	1
NC_072428.2	132400507	132401170	2	1	+	NC_072428.2	132400616	132401170	LOC129485122	unassigned_transcript_51	+	2	2	108	0	1	2	1	1	1	first	last	1.000	1.000	constitutive	constitutive	48	355	1
NC_072428.2	132464216	132464789	3	1	+	NC_072428.2	132464325	132464789	LOC129485120	unassigned_transcript_57	+	3	2	108	0	1	2	1	1	1	first	last	1.000	1.000	constitutive	constitutive	48	304	1
NC_072428.2	132932241	132933558	1	1	+	NC_072428.2	132932552	132933397	EPHB6	XM_055284308.2	+	1	2	310	161	4	5	2	2	2	middle	middle	1.000	1.000	constitutive	constitutive	155	356	2
NC_072428.2	132942219	132942483	-1	1	-	NC_072428.2	132942221	132942483	LOC129485125	XM_055284313.2	-	1	2	0	1	9	10	1	1	1	middle	middle	1.000	1.000	constitutive	constitutive	86	76	1
NC_072428.2	133487685	133488363	-1	1	-	NC_072428.2	133487687	133488363	EPHA1	XM_055284336.2	-	1	2	0	1	15	16	5	5	5	middle	middle	1.000	1.000	constitutive	constitutive	149	193	5
NC_072428.2	139686174	139687050	1	1	+	NC_072428.2	139686263	139686895	LOC129485182	XM_055284465.2	+	1	3	88	155	31	33	1	1	1	middle	middle	1.000	1.000	constitutive	constitutive	128	231	1
NC_072428.2	139686950	139687466	3	1	+	NC_072428.2	139686988	139687377	LOC129485182	XM_055284465.2	+	3	2	37	89	34	35	1	1	1	middle	middle	1.000	1.000	constitutive	constitutive	152	140	1
NC_072428.2	139691755	139692967	2	1	+	NC_072428.2	139691958	139692706	LOC129485182	XM_055284465.2	+	2	2	202	261	44	45	1	1	1	middle	middle	1.000	1.000	constitutive	constitutive	150	72	1
NC_072428.2	139704205	139705045	2	1	+	NC_072428.2	139704327	139704820	LOC129485182	XM_055284465.2	+	2	2	121	225	61	62	1	1	1	middle	middle	1.000	1.000	constitutive	constitutive	131	145	1
NC_072428.2	139710470	139711109	3	1	+	NC_072428.2	139710499	139711108	LOC129485182	XM_055284465.2	+	3	2	28	1	72	73	1	1	1	middle	middle	1.000	1.000	constitutive	constitutive	200	96	1
NC_072428.2	139713730	139714261	2	1	+	NC_072428.2	139713792	139714238	LOC129485182	XM_055284465.2	+	2	2	61	23	78	79	1	1	1	middle	middle	1.000	1.000	constitutive	constitutive	41	155	1
NC_072428.2	139716044	139717097	3	1	+	NC_072428.2	139716085	139716556	LOC129485182	XM_055284465.2	+	3	2	40	541	82	83	1	1	1	middle	middle	1.000	1.000	constitutive	constitutive	131	246	1
NC_072428.2	139720981	139721737	2	1	+	NC_072428.2	139721217	139721693	LOC129485182	XM_055284465.2	+	2	2	235	44	95	96	1	1	1	middle	middle	1.000	1.000	constitutive	constitutive	138	202	1
NC_072428.2	139723949	139724528	3	1	+	NC_072428.2	139724040	139724397	LOC129485182	XM_055284465.2	+	3	2	90	131	101	102	1	1	1	middle	middle	1.000	1.000	constitutive	constitutive	95	60	1
NC_072428.2	139814998	139815565	-3	1	-	NC_072428.2	139814999	139815478	RARRES2	XM_063642340.1	-	3	2	87	0	3	4	2	2	2	middle	last	1.000	1.000	constitutive	constitutive	95	110	2
NC_072428.2	140362631	140363315	-2	1	-	NC_072428.2	140362633	140363179	KCNH2	XM_055284528.2	-	2	2	136	1	12	13	5	3	3	middle	middle	0.600	0.600	alternative	alternative	272	186	3
NC_072428.2	140424838	140425228	2	1	+	NC_072428.2	140424890	140425227	NOS3	XM_055284535.2	+	2	2	51	1	17	18	9	5	5	middle	middle	0.556	0.556	alternative	alternative	132	78	5
NC_072428.2	140429712	140430306	1	1	+	NC_072428.2	140429845	140430306	NOS3	XM_055284535.2	+	1	2	132	0	25	26	9	5	5	middle	last	0.556	0.556	alternative	alternative	194	158	5
NC_072428.2	140439545	140439887	-2	1	-	NC_072428.2	140439547	140439832	ATG9B	XM_063642361.1	-	2	2	55	1	2	3	1	1	1	middle	middle	1.000	1.000	constitutive	constitutive	43	64	1
NC_072428.2	140486866	140487523	2	1	+	NC_072428.2	140487033	140487436	SLC4A2	XM_055284560.2	+	2	2	166	87	8	9	2	2	2	middle	middle	1.000	1.000	constitutive	constitutive	135	165	2
NC_072428.2	140658950	140659820	-2	1	-	NC_072428.2	140659158	140659508	SMARCD3	XM_055284614.2	-	2	2	312	207	11	12	3	3	3	middle	middle	1.000	1.000	constitutive	constitutive	122	101	3
NC_072428.2	145338211	145338847	-3	1	-	NC_072428.2	145338224	145338680	LOC129476871	XM_055269701.1	-	3	2	167	12	2	3	1	1	1	middle	middle	1.000	1.000	constitutive	constitutive	168	188	1
NC_072428.2	22135892	22136417	3	1	+	NC_072428.2	22135971	22136416	ABTB2	XM_055281951.2	+	3	2	78	1	12	13	1	1	1	middle	middle	1.000	1.000	constitutive	constitutive	105	102	1
NC_072428.2	38541739	38542228	-3	1	-	NC_072428.2	38541868	38542203	OTOG	XM_055281306.2	-	3	2	25	128	45	46	2	2	2	middle	middle	1.000	1.000	constitutive	constitutive	104	107	2
NC_072428.2	38542720	38543395	-3	1	-	NC_072428.2	38542762	38543364	OTOG	XM_055281306.2	-	3	2	31	41	43	44	2	2	2	middle	middle	1.000	1.000	constitutive	constitutive	194	212	2
NC_072428.2	38623389	38623881	-1	1	-	NC_072428.2	38623474	38623862	OTOG	XM_055281306.2	-	1	2	19	84	5	6	2	2	2	middle	middle	1.000	1.000	constitutive	constitutive	92	154	2
NC_072428.2	49674766	49675186	2	1	+	NC_072428.2	49674782	49675123	DCHS1	XM_055282595.2	+	2	2	15	63	8	9	3	3	3	middle	middle	1.000	1.000	constitutive	constitutive	96	157	3
NC_072428.2	49678500	49679661	1	1	+	NC_072428.2	49678538	49679653	DCHS1	XM_055282595.2	+	1	2	37	8	14	15	3	3	3	middle	middle	1.000	1.000	constitutive	constitutive	878	113	3
NC_072428.2	49697195	49697660	-2	1	-	NC_072428.2	49697225	49697498	ILK	XM_055282618.2	-	2	2	162	29	4	5	4	2	3	middle	middle	0.500	0.750	alternative	alternative	96	83	2
NC_072428.2	49697195	49697660	-2	1	-	NC_072428.2	49697225	49697447	ILK	XM_055282620.2	-	2	2	213	29	1	2	4	1	3	first	middle	0.250	0.750	unique	alternative	45	83	1
NC_072428.2	51660642	51661869	-1	1	-	NC_072428.2	51661162	51661747	LOC134737063	XM_063642383.1	-	1	2	122	519	8	9	1	1	1	middle	middle	1.000	1.000	constitutive	constitutive	196	112	1
NC_072428.2	52510663	52511158	-3	1	-	NC_072428.2	52510700	52511158	NUMA1	XM_055282743.1	-	3	2	0	36	23	24	21	20	20	middle	middle	0.952	0.952	alternative	alternative	116	221	20
NC_072428.2	52700138	52700504	3	1	+	NC_072428.2	52700163	52700466	INPPL1	XM_055282757.2	+	3	2	24	38	18	19	4	4	4	middle	middle	1.000	1.000	constitutive	constitutive	81	89	4
NC_072428.2	52704733	52705042	2	1	+	NC_072428.2	52704734	52705042	INPPL1	XM_055282757.2	+	2	2	0	0	27	28	4	4	4	middle	last	1.000	1.000	constitutive	constitutive	133	87	4
NC_072428.2	53080171	53080780	-3	1	-	NC_072428.2	53080211	53080607	PDE2A	XM_055282835.2	-	3	2	173	39	24	25	6	6	6	middle	middle	1.000	1.000	constitutive	constitutive	87	47	6
NC_072428.2	53922662	53923034	3	1	+	NC_072428.2	53922663	53923033	RELT	XM_055282880.2	+	3	2	0	1	2	3	7	6	7	middle	middle	0.857	1.000	alternative	constitutive	74	166	6
NC_072428.2	53922662	53923034	3	1	+	NC_072428.2	53922711	53923033	RELT	XM_063641368.1	+	3	2	48	1	2	3	7	1	7	middle	middle	0.143	1.000	unique	constitutive	26	166	1
NC_072428.2	79916458	79916821	2	1	+	NC_072428.2	79916459	79916807	CEP295	XM_055283263.2	+	2	2	0	14	26	27	7	6	6	middle	middle	0.857	0.857	alternative	alternative	96	167	6
NC_072428.2	79917061	79917292	2	1	+	NC_072428.2	79917073	79917292	CEP295	XM_055283263.2	+	2	2	11	0	29	30	7	6	6	middle	last	0.857	0.857	alternative	alternative	99	35	6
NC_072428.2	9433738	9434410	2	1	+	NC_072428.2	9433955	9434362	MYBPC3	XM_063640860.1	+	2	2	216	48	30	31	1	1	1	middle	middle	1.000	1.000	constitutive	constitutive	159	136	1
NC_072428.2	9482758	9483406	-3	1	-	NC_072428.2	9482903	9483290	MADD	XM_055281609.2	-	3	2	116	144	10	11	49	49	48	middle	middle	1.000	0.980	constitutive	alternative	103	190	48
NC_072428.2	9482758	9483406	-3	1	-	NC_072428.2	9482903	9483290	MADD	XM_055281637.2	-	3	2	116	144	10	11	49	49	1	middle	middle	1.000	0.020	constitutive	unique	103	166	1
NC_072428.2	9534364	9534817	-3	1	-	NC_072428.2	9534409	9534770	DDB2	XM_055281673.2	-	3	2	47	44	5	6	4	2	3	middle	middle	0.500	0.750	alternative	alternative	99	177	2
NC_072428.2	9534364	9534817	-3	1	-	NC_072428.2	9534409	9534755	DDB2	XM_063640953.1	-	3	2	62	44	5	6	4	1	3	middle	middle	0.250	0.750	unique	alternative	84	177	1
NC_072428.2	95657650	95658040	2	1	+	NC_072428.2	95657668	95658039	RINT1	XM_055283581.2	+	2	2	17	1	13	14	4	4	4	middle	middle	1.000	1.000	constitutive	constitutive	180	118	4
NC_072429.2	10050254	10051187	3	1	+	NC_072429.2	10050421	10050876	FGFR4	XM_055285108.2	+	3	2	166	311	6	7	4	4	4	middle	middle	1.000	1.000	constitutive	constitutive	190	138	4
NC_072429.2	101035149	101035527	-1	1	-	NC_072429.2	101035201	101035516	UBR5	XM_055286941.2	-	1	2	11	51	46	47	7	7	3	middle	middle	1.000	0.429	constitutive	alternative	120	104	3
NC_072429.2	101035149	101035527	-1	1	-	NC_072429.2	101035207	101035516	UBR5	XM_055286943.2	-	1	2	11	57	46	47	7	7	4	middle	middle	1.000	0.571	constitutive	alternative	120	98	4
NC_072429.2	10281424	10281826	-3	1	-	NC_072429.2	10281425	10281663	LMAN2	XM_063642534.1	-	3	2	163	0	8	9	2	1	1	middle	last	0.500	0.500	unique	unique	100	5	1
NC_072429.2	10336426	10337161	2	1	+	NC_072429.2	10336586	10336997	RGS14	XM_055285146.2	+	2	2	159	164	6	7	4	4	4	middle	middle	1.000	1.000	constitutive	constitutive	143	111	4
NC_072429.2	10340164	10340836	2	1	+	NC_072429.2	10340401	10340711	RGS14	XM_055285146.2	+	2	2	236	125	11	12	4	4	4	middle	middle	1.000	1.000	constitutive	constitutive	126	81	4
NC_072429.2	10354998	10355460	1	1	+	NC_072429.2	10355012	10355374	SLC34A1	XM_055284735.1	+	1	2	13	86	2	3	1	1	1	middle	middle	1.000	1.000	constitutive	constitutive	149	128	1
NC_072429.2	10371121	10371547	-3	1	-	NC_072429.2	10371122	10371525	F12	XM_055285150.2	-	3	2	22	0	13	14	1	1	1	middle	last	1.000	1.000	constitutive	constitutive	148	164	1
NC_072429.2	10412295	10412997	1	1	+	NC_072429.2	10412317	10412670	GRK6	XM_055285157.1	+	1	2	21	327	14	15	7	7	3	middle	middle	1.000	0.429	constitutive	alternative	137	134	3
NC_072429.2	10412295	10412997	1	1	+	NC_072429.2	10412317	10412997	GRK6	XM_063642557.1	+	1	2	21	0	14	15	7	7	4	middle	last	1.000	0.571	constitutive	alternative	137	461	4
NC_072429.2	10426238	10427312	3	1	+	NC_072429.2	10426263	10427312	PRR7	XM_055285162.2	+	3	2	24	0	1	2	5	5	5	first	last	1.000	1.000	constitutive	constitutive	426	394	5
NC_072429.2	10455390	10456005	-1	1	-	NC_072429.2	10455652	10455975	PDLIM7	XM_055285165.2	-	1	2	30	261	11	12	12	11	11	middle	middle	0.917	0.917	alternative	alternative	120	115	11
NC_072429.2	10464596	10464962	-2	1	-	NC_072429.2	10464748	10464956	PDLIM7	XM_063642570.1	-	2	2	6	151	1	2	12	2	2	first	middle	0.167	0.167	alternative	alternative	87	30	2
NC_072429.2	10464621	10465140	-1	1	-	NC_072429.2	10464748	10465020	PDLIM7	XM_055285165.2	-	1	2	120	126	2	3	12	10	10	middle	middle	0.833	0.833	alternative	alternative	151	30	10
NC_072429.2	10485670	10486120	-3	1	-	NC_072429.2	10485787	10486110	DDX41	XM_055285181.2	-	3	2	10	116	14	15	1	1	1	middle	middle	1.000	1.000	constitutive	constitutive	149	71	1
NC_072429.2	108311289	108311694	1	1	+	NC_072429.2	108311330	108311685	PKHD1L1	XM_055284802.1	+	1	2	40	9	64	65	1	1	1	middle	middle	1.000	1.000	constitutive	constitutive	148	122	1
NC_072429.2	141470442	141470880	1	1	+	NC_072429.2	141470533	141470838	ADGRB1	XM_055287433.2	+	1	2	90	42	29	30	7	7	4	middle	middle	1.000	0.571	constitutive	alternative	35	107	4
NC_072429.2	141470442	141470880	1	1	+	NC_072429.2	141470533	141470838	ADGRB1	XM_055287434.2	+	1	2	90	42	28	29	7	7	3	middle	middle	1.000	0.429	constitutive	alternative	35	134	3
NC_072429.2	141781327	141782248	-3	1	-	NC_072429.2	141781489	141782018	CYP11B2	XM_055287460.1	-	3	2	230	161	3	4	2	2	2	middle	middle	1.000	1.000	constitutive	constitutive	199	203	2
NC_072429.2	141863618	141864965	3	1	+	NC_072429.2	141863994	141864965	LY6E	XM_055287474.2	+	3	2	375	0	1	2	5	1	1	first	last	0.200	0.200	unique	unique	569	155	1
NC_072429.2	141924442	141924868	2	1	+	NC_072429.2	141924494	141924767	LY6L	XM_055287487.1	+	2	2	51	101	1	2	1	1	1	first	middle	1.000	1.000	constitutive	constitutive	72	116	1
NC_072429.2	142091350	142092004	2	1	+	NC_072429.2	142091414	142092004	ZFP41	XM_063643001.1	+	2	2	63	0	1	3	1	1	1	first	last	1.000	1.000	constitutive	constitutive	219	291	1
NC_072429.2	142223320	142223845	2	1	+	NC_072429.2	142223339	142223734	RHPN1	XM_055287500.2	+	2	2	18	111	13	14	5	4	4	middle	middle	0.800	0.800	alternative	alternative	146	161	4
NC_072429.2	142392607	142392901	2	1	+	NC_072429.2	142392626	142392900	GSDMD	XM_055287506.2	+	2	2	18	1	1	2	3	1	1	first	middle	0.333	0.333	unique	unique	4	80	1
NC_072429.2	142410513	142411158	-1	1	-	NC_072429.2	142410515	142411040	NAPRT	XM_055287532.2	-	1	2	118	1	5	6	6	6	6	middle	middle	1.000	1.000	constitutive	constitutive	115	196	6
NC_072429.2	142411382	142412555	-2	1	-	NC_072429.2	142411809	142412468	NAPRT	XM_055287532.2	-	2	2	87	426	1	2	6	6	4	first	middle	1.000	0.667	constitutive	alternative	225	127	4
NC_072429.2	142411382	142412555	-2	1	-	NC_072429.2	142411854	142412468	NAPRT	XM_063643662.1	-	2	2	87	471	1	2	6	6	2	first	middle	1.000	0.333	constitutive	alternative	225	82	2
NC_072429.2	142525957	142527478	-3	1	-	NC_072429.2	142525958	142527406	CCDC166	XM_055284874.2	-	3	2	72	0	1	2	4	3	3	first	last	0.750	0.750	alternative	alternative	443	908	2
NC_072429.2	142525957	142527478	-3	1	-	NC_072429.2	142525958	142527406	CCDC166	XM_055284875.2	-	3	2	72	0	1	2	4	1	3	first	last	0.250	0.750	unique	alternative	419	908	1
NC_072429.2	142525957	142527478	-3	1	-	NC_072429.2	142525958	142527406	CCDC166	XM_063643687.1	-	3	3	72	0	1	3	4	3	1	first	last	0.750	0.250	alternative	unique	443	137	1
NC_072429.2	142536984	142537494	1	1	+	NC_072429.2	142537177	142537489	MAPK15	XM_055284877.2	+	1	2	192	5	3	4	5	2	5	middle	middle	0.400	1.000	alternative	constitutive	86	90	2
NC_072429.2	142536984	142537494	1	1	+	NC_072429.2	142537234	142537489	MAPK15	XM_055284878.2	+	1	2	249	5	3	4	5	3	5	middle	middle	0.600	1.000	alternative	constitutive	29	90	3
NC_072429.2	142537748	142538321	3	1	+	NC_072429.2	142537939	142538320	MAPK15	XM_055284877.2	+	3	2	190	1	5	6	5	5	5	middle	middle	1.000	1.000	constitutive	constitutive	130	163	5
NC_072429.2	142539604	142540357	2	1	+	NC_072429.2	142539862	142540264	MAPK15	XM_055284877.2	+	2	2	257	93	9	10	5	5	5	middle	middle	1.000	1.000	constitutive	constitutive	137	105	5
NC_072429.2	142545047	142548512	-2	1	-	NC_072429.2	142545048	142548422	FAM83H	XM_055287563.2	-	2	2	90	0	3	5	6	6	6	middle	last	1.000	1.000	constitutive	constitutive	164	2766	6
NC_072429.2	142588274	142589231	3	1	+	NC_072429.2	142588684	142589135	IQANK1	XM_063643701.1	+	3	2	409	96	4	5	1	1	1	middle	middle	1.000	1.000	constitutive	constitutive	103	164	1
NC_072429.2	142611773	142613105	3	1	+	NC_072429.2	142611774	142613104	IQANK1	XM_063643701.1	+	3	6	0	1	8	13	1	1	1	middle	middle	1.000	1.000	constitutive	constitutive	148	134	1
NC_072429.2	142614581	142615196	-2	1	-	NC_072429.2	142614732	142614987	SCRIB	XM_055287552.2	-	2	2	209	150	34	35	15	15	15	middle	middle	1.000	1.000	constitutive	constitutive	142	37	15
NC_072429.2	142615642	142616290	-3	1	-	NC_072429.2	142615644	142616242	SCRIB	XM_055287552.2	-	3	3	48	1	30	32	15	13	15	middle	middle	0.867	1.000	alternative	constitutive	107	150	13
NC_072429.2	142615642	142616290	-3	1	-	NC_072429.2	142615644	142616026	SCRIB	XM_055287558.2	-	3	2	264	1	30	31	15	15	15	middle	middle	1.000	1.000	constitutive	constitutive	159	150	2
NC_072429.2	142618043	142618877	-2	1	-	NC_072429.2	142618413	142618661	SCRIB	XM_055287552.2	-	2	2	216	369	25	26	15	15	15	middle	middle	1.000	1.000	constitutive	constitutive	110	56	15
NC_072429.2	142627144	142627768	-3	1	-	NC_072429.2	142627208	142627765	SCRIB	XM_055287552.2	-	3	2	3	63	23	24	15	15	15	middle	middle	1.000	1.000	constitutive	constitutive	293	188	15
NC_072429.2	142628254	142628950	-3	1	-	NC_072429.2	142628393	142628857	SCRIB	XM_055287552.2	-	3	2	93	138	20	21	15	14	15	middle	middle	0.933	1.000	alternative	constitutive	80	275	14
NC_072429.2	142628254	142628950	-3	1	-	NC_072429.2	142628393	142628857	SCRIB	XM_055287554.2	-	3	2	93	138	20	21	15	1	15	middle	middle	0.067	1.000	unique	constitutive	59	275	1
NC_072429.2	142640536	142641196	-3	1	-	NC_072429.2	142640537	142641168	PUF60	XM_055287567.2	-	3	2	28	0	11	12	15	15	15	middle	last	1.000	1.000	constitutive	constitutive	235	296	15
NC_072429.2	142641849	142642308	-1	1	-	NC_072429.2	142641885	142642308	PUF60	XM_055287567.2	-	1	2	0	35	7	8	15	15	15	middle	middle	1.000	1.000	constitutive	constitutive	92	213	15
NC_072429.2	142658527	142659265	-3	1	-	NC_072429.2	142658528	142659145	NRBP2	XM_055287577.2	-	3	3	120	0	15	17	3	3	1	middle	last	1.000	0.333	constitutive	unique	53	166	1
NC_072429.2	142658527	142659265	-3	1	-	NC_072429.2	142658784	142659145	NRBP2	XM_055287578.2	-	3	2	120	256	15	16	3	3	1	middle	middle	1.000	0.333	constitutive	unique	53	211	1
NC_072429.2	142658527	142659265	-3	1	-	NC_072429.2	142658932	142659145	NRBP2	XM_055287579.2	-	3	2	120	404	15	16	3	3	2	middle	middle	1.000	0.667	constitutive	alternative	53	63	1
NC_072429.2	142661640	142662096	-1	1	-	NC_072429.2	142661824	142662041	NRBP2	XM_055287577.2	-	1	2	55	183	8	9	3	3	3	middle	middle	1.000	1.000	constitutive	constitutive	83	55	3
NC_072429.2	142749562	142750228	-3	1	-	NC_072429.2	142749615	142750009	PLEC	XM_055287586.2	-	3	2	219	52	20	21	14	14	14	middle	middle	1.000	1.000	constitutive	constitutive	152	154	14
NC_072429.2	142754047	142754536	-3	1	-	NC_072429.2	142754153	142754460	PLEC	XM_055287586.2	-	3	2	76	105	8	9	14	12	14	middle	middle	0.857	1.000	alternative	constitutive	106	119	12
NC_072429.2	142754047	142754536	-3	1	-	NC_072429.2	142754153	142754460	PLEC	XM_063643003.1	-	3	2	76	105	8	9	14	2	14	middle	middle	0.143	1.000	alternative	constitutive	94	119	2
NC_072429.2	142802809	142803385	-3	1	-	NC_072429.2	142802854	142803277	PARP10	XM_055287595.2	-	3	2	108	44	5	6	7	7	7	middle	middle	1.000	1.000	constitutive	constitutive	221	96	7
NC_072429.2	142869294	142870464	-1	1	-	NC_072429.2	142869296	142870206	OPLAH	XM_055287603.2	-	1	4	258	1	21	24	7	7	7	middle	middle	1.000	1.000	constitutive	constitutive	146	157	7
NC_072429.2	142900107	142900755	1	1	+	NC_072429.2	142900127	142900518	GPAA1	XM_055287616.2	+	1	2	19	237	5	6	3	3	3	middle	middle	1.000	1.000	constitutive	constitutive	101	196	3
NC_072429.2	142914410	142915010	-2	1	-	NC_072429.2	142914630	142914977	SHARPIN	XM_055287617.2	-	2	2	33	219	6	7	3	3	2	middle	middle	1.000	0.667	constitutive	alternative	153	124	2
NC_072429.2	142914410	142915010	-2	1	-	NC_072429.2	142914630	142914977	SHARPIN	XM_055287619.2	-	2	2	33	219	6	7	3	3	1	middle	middle	1.000	0.333	constitutive	unique	153	118	1
NC_072429.2	142926326	142927127	3	1	+	NC_072429.2	142926380	142927004	WDR97	XM_055287599.2	+	3	2	53	123	9	11	1	1	1	middle	middle	1.000	1.000	constitutive	constitutive	132	60	1
NC_072429.2	143128517	143129069	3	1	+	NC_072429.2	143128524	143129068	HSF1	XM_055287659.2	+	3	2	6	1	8	9	3	3	3	middle	middle	1.000	1.000	constitutive	constitutive	136	281	3
NC_072429.2	143134097	143134433	-2	1	-	NC_072429.2	143134099	143134355	DGAT1	XM_055287660.2	-	2	2	78	1	12	13	2	2	2	middle	middle	1.000	1.000	constitutive	constitutive	44	112	2
NC_072429.2	143134395	143134839	-1	1	-	NC_072429.2	143134438	143134784	DGAT1	XM_055287660.2	-	1	2	55	42	9	11	2	2	2	middle	middle	1.000	1.000	constitutive	constitutive	103	41	2
NC_072429.2	143169833	143170376	-2	1	-	NC_072429.2	143169835	143170283	TMEM249	XM_055287670.1	-	2	2	93	1	2	3	4	4	2	middle	middle	1.000	0.500	constitutive	alternative	195	162	2
NC_072429.2	143169833	143170376	-2	1	-	NC_072429.2	143169912	143170283	TMEM249	XM_055287671.2	-	2	2	93	78	2	3	4	4	2	middle	middle	1.000	0.500	constitutive	alternative	195	85	2
NC_072429.2	143175700	143177116	2	1	+	NC_072429.2	143175897	143176987	SLC52A2	XM_055287662.2	+	2	2	196	129	2	3	6	6	6	middle	middle	1.000	1.000	constitutive	constitutive	870	123	6
NC_072429.2	143205279	143206044	1	1	+	NC_072429.2	143205469	143205888	ADCK5	XM_055287651.2	+	1	2	189	156	5	6	8	5	8	middle	middle	0.625	1.000	alternative	constitutive	200	140	5
NC_072429.2	143205279	143206044	1	1	+	NC_072429.2	143205474	143205888	ADCK5	XM_063643071.1	+	1	2	194	156	2	3	8	3	8	middle	middle	0.375	1.000	alternative	constitutive	195	140	3
NC_072429.2	143206236	143207343	1	1	+	NC_072429.2	143206396	143207294	ADCK5	XM_055287651.2	+	1	4	159	49	9	13	8	8	8	middle	middle	1.000	1.000	constitutive	constitutive	83	252	8
NC_072429.2	143208746	143209283	-2	1	-	NC_072429.2	143208824	143209145	CPSF1	XM_055287643.1	-	2	2	138	77	31	32	4	4	4	middle	middle	1.000	1.000	constitutive	constitutive	176	66	4
NC_072429.2	143211144	143212626	-1	1	-	NC_072429.2	143211175	143212497	CPSF1	XM_055287643.1	-	1	4	129	30	20	24	4	4	4	middle	middle	1.000	1.000	constitutive	constitutive	136	143	4
NC_072429.2	143213781	143214552	-1	1	-	NC_072429.2	143213836	143214433	CPSF1	XM_055287643.1	-	1	4	119	54	10	13	4	4	4	middle	middle	1.000	1.000	constitutive	constitutive	87	97	4
NC_072429.2	143214555	143214948	-1	1	-	NC_072429.2	143214557	143214836	CPSF1	XM_055287643.1	-	1	2	112	1	8	9	4	4	4	middle	middle	1.000	1.000	constitutive	constitutive	110	93	4
NC_072429.2	143229212	143230166	-2	1	-	NC_072429.2	143229420	143230099	SLC39A4	XM_055284884.2	-	2	2	67	207	6	8	3	3	3	middle	middle	1.000	1.000	constitutive	constitutive	172	131	3
NC_072429.2	143252700	143253342	-1	1	-	NC_072429.2	143252874	143253236	TONSL	XM_055287676.2	-	1	2	106	173	15	16	3	3	3	middle	middle	1.000	1.000	constitutive	constitutive	163	123	3
NC_072429.2	143260358	143261219	-2	1	-	NC_072429.2	143260520	143260754	TONSL	XM_055287676.2	-	2	2	465	161	1	2	3	2	2	first	middle	0.667	0.667	alternative	alternative	24	95	2
NC_072429.2	143285869	143286520	2	1	+	NC_072429.2	143285903	143286271	KIFC2	XM_055287681.2	+	2	2	33	249	11	12	1	1	1	middle	middle	1.000	1.000	constitutive	constitutive	108	157	1
NC_072429.2	143288856	143289330	1	1	+	NC_072429.2	143288967	143289313	KIFC2	XM_055287681.2	+	1	2	110	17	15	16	1	1	1	middle	middle	1.000	1.000	constitutive	constitutive	123	129	1
NC_072429.2	143319292	143319754	2	1	+	NC_072429.2	143319345	143319636	PPP1R16A	XM_055287717.2	+	2	2	52	118	2	3	11	11	11	middle	middle	1.000	1.000	constitutive	constitutive	70	145	11
NC_072429.2	143320046	143321366	3	1	+	NC_072429.2	143320700	143321216	PPP1R16A	XM_055287717.2	+	3	2	653	150	4	6	11	11	11	middle	middle	1.000	1.000	constitutive	constitutive	103	125	11
NC_072429.2	143325651	143326719	1	1	+	NC_072429.2	143325829	143326383	GPT	XM_055287726.2	+	1	2	177	336	5	6	1	1	1	middle	middle	1.000	1.000	constitutive	constitutive	243	79	1
NC_072429.2	143330809	143331169	2	1	+	NC_072429.2	143330814	143331168	MFSD3	XM_055287736.2	+	2	2	4	1	2	3	3	1	2	middle	middle	0.333	0.667	unique	alternative	139	124	1
NC_072429.2	143330809	143331169	2	1	+	NC_072429.2	143330871	143331168	MFSD3	XM_055287737.2	+	2	2	61	1	2	3	3	1	2	middle	middle	0.333	0.667	unique	alternative	82	124	1
NC_072429.2	143333440	143334256	-3	1	-	NC_072429.2	143333651	143334145	RECQL4	XM_055287688.2	-	3	2	111	210	13	14	18	18	15	middle	middle	1.000	0.833	constitutive	alternative	141	262	15
NC_072429.2	143333440	143334256	-3	1	-	NC_072429.2	143333849	143334145	RECQL4	XM_055287694.2	-	3	2	111	408	13	14	18	18	3	middle	middle	1.000	0.167	constitutive	alternative	141	64	3
NC_072429.2	143628426	143629359	-1	1	-	NC_072429.2	143628427	143629125	LOC134737269	XM_063643748.1	-	1	2	234	0	1	2	1	1	1	first	last	1.000	1.000	constitutive	constitutive	284	341	1
NC_072429.2	143886531	143887014	1	1	+	NC_072429.2	143886613	143886994	C7H8orf33	XM_055287773.2	+	1	2	81	20	3	4	2	2	2	middle	middle	1.000	1.000	constitutive	constitutive	84	146	2
NC_072429.2	31944104	31944380	-2	1	-	NC_072429.2	31944106	31944260	MRPL22	XM_055285501.2	-	2	2	120	1	1	2	2	2	2	first	middle	1.000	1.000	constitutive	constitutive	27	48	2
NC_072429.2	32083770	32084334	-1	1	-	NC_072429.2	32083870	32084325	LARP1	XM_055285506.2	-	1	2	9	99	12	13	5	5	5	middle	middle	1.000	1.000	constitutive	constitutive	123	205	5
NC_072429.2	36450348	36451116	-1	1	-	NC_072429.2	36450382	36450945	TCOF1	XM_055285626.2	-	1	2	171	33	10	11	40	40	40	middle	middle	1.000	1.000	constitutive	constitutive	215	188	40
NC_072429.2	45277512	45278082	1	1	+	NC_072429.2	45277650	45278028	ARAP3	XM_055285853.2	+	1	2	137	54	9	10	6	6	6	middle	middle	1.000	1.000	constitutive	constitutive	199	85	6
NC_072429.2	45427123	45427615	2	1	+	NC_072429.2	45427183	45427607	DIAPH1	XM_055285859.2	+	2	2	59	8	23	24	5	2	5	middle	middle	0.400	1.000	alternative	constitutive	165	135	2
NC_072429.2	45427123	45427615	2	1	+	NC_072429.2	45427184	45427607	DIAPH1	XM_055285861.2	+	2	2	60	8	24	25	5	3	5	middle	middle	0.600	1.000	alternative	constitutive	164	135	3
NC_072429.2	46603245	46603938	1	1	+	NC_072429.2	46603429	46603846	HBEGF	XM_055286024.2	+	1	2	183	92	1	2	1	1	1	first	middle	1.000	1.000	constitutive	constitutive	45	173	1
NC_072429.2	46839318	46840728	-1	1	-	NC_072429.2	46839319	46840425	PURA	XM_063642785.1	-	1	2	303	0	2	3	1	1	1	middle	last	1.000	1.000	constitutive	constitutive	168	856	1
NC_072429.2	6349570	6350296	-3	1	-	NC_072429.2	6349606	6349941	BTNL9	XM_055284900.2	-	3	2	355	35	4	5	2	2	2	middle	middle	1.000	1.000	constitutive	constitutive	128	32	2
NC_072429.2	6710399	6711041	3	1	+	NC_072429.2	6710620	6711015	FLT4	XM_055284922.1	+	3	2	220	26	4	5	2	2	2	middle	middle	1.000	1.000	constitutive	constitutive	112	162	2
NC_072429.2	6711384	6712131	1	1	+	NC_072429.2	6711562	6712130	FLT4	XM_055284922.1	+	1	2	177	1	7	8	2	2	2	middle	middle	1.000	1.000	constitutive	constitutive	168	117	2
NC_072429.2	6748393	6749326	2	1	+	NC_072429.2	6748719	6749326	SCGB3A1	XM_055284733.1	+	2	2	325	0	2	3	1	1	1	middle	last	1.000	1.000	constitutive	constitutive	238	20	1
NC_072429.2	69782153	69782864	3	1	+	NC_072429.2	69782514	69782863	PRKDC	XM_055286467.2	+	3	2	360	1	53	54	4	4	4	middle	middle	1.000	1.000	constitutive	constitutive	124	149	4
NC_072429.2	7488864	7489308	1	1	+	NC_072429.2	7488885	7489225	MGAT4B	XM_055284950.2	+	1	2	20	83	6	7	3	3	3	middle	middle	1.000	1.000	constitutive	constitutive	75	114	3
NC_072429.2	8905127	8905919	3	1	+	NC_072429.2	8905140	8905493	COL23A1	XM_055285026.2	+	3	2	12	426	26	27	1	1	1	middle	middle	1.000	1.000	constitutive	constitutive	53	86	1
NC_072429.2	89943979	89944237	2	1	+	NC_072429.2	89943989	89944231	SLC26A7	XM_055286732.2	+	2	2	9	6	16	17	2	2	2	middle	middle	1.000	1.000	constitutive	constitutive	54	103	2
NC_072429.2	8995691	8996063	-2	1	-	NC_072429.2	8995693	8996043	RMND5B	XM_055285043.2	-	2	2	20	1	7	8	7	7	7	middle	middle	1.000	1.000	constitutive	constitutive	102	154	7
NC_072429.2	9000848	9001448	-2	1	-	NC_072429.2	9000873	9001282	RMND5B	XM_055285043.2	-	2	2	166	24	2	3	7	5	7	middle	middle	0.714	1.000	alternative	constitutive	145	140	5
NC_072429.2	9000848	9001448	-2	1	-	NC_072429.2	9000873	9001241	RMND5B	XM_055285046.1	-	2	2	207	24	1	2	7	2	7	first	middle	0.286	1.000	alternative	constitutive	104	140	2
NC_072429.2	92737943	92738429	-2	1	-	NC_072429.2	92737962	92738425	CDH17	XM_055286769.1	-	2	2	4	18	5	6	3	2	2	middle	middle	0.667	0.667	alternative	alternative	158	199	2
NC_072429.2	9340394	9340838	-2	1	-	NC_072429.2	9340396	9340838	CLTB	XM_055285070.2	-	2	2	0	1	3	4	2	2	2	middle	middle	1.000	1.000	constitutive	constitutive	117	111	2
NC_072429.2	9482090	9482768	-2	1	-	NC_072429.2	9482092	9482561	RNF44	XM_055285077.2	-	2	2	207	1	5	6	13	13	13	middle	middle	1.000	1.000	constitutive	constitutive	161	124	13
NC_072429.2	9599132	9599726	3	1	+	NC_072429.2	9599340	9599624	TSPAN17	XM_055285086.2	+	3	2	207	102	2	3	4	3	3	middle	middle	0.750	0.750	alternative	alternative	50	146	3
NC_072429.2	9820054	9820834	2	1	+	NC_072429.2	9820281	9820792	UNC5A	XM_055285099.2	+	2	2	226	42	10	11	2	2	2	middle	middle	1.000	1.000	constitutive	constitutive	87	168	2
NC_072429.2	9821316	9822195	1	1	+	NC_072429.2	9821335	9821730	UNC5A	XM_055285099.2	+	1	2	18	465	13	14	2	2	2	middle	middle	1.000	1.000	constitutive	constitutive	149	164	2
NC_072429.2	9824378	9825236	-2	1	-	NC_072429.2	9824380	9824925	HK3	XM_055285098.2	-	2	2	311	1	16	17	2	2	2	middle	middle	1.000	1.000	constitutive	constitutive	155	233	2
NC_072430.2	105591047	105591437	-1	1	-	NC_072430.2	105591061	105591389	FLACC1	XM_055290221.2	-	1	2	48	13	12	13	1	1	1	middle	middle	1.000	1.000	constitutive	constitutive	89	109	1
NC_072430.2	11740956	11741364	-3	1	-	NC_072430.2	11741116	11741348	LOC129487358	XM_055287939.2	-	3	2	16	159	5	6	2	2	2	middle	middle	1.000	1.000	constitutive	constitutive	68	94	2
NC_072430.2	12071154	12071835	1	1	+	NC_072430.2	12071291	12071598	JAG2	XM_055287961.2	+	1	2	136	237	11	12	2	2	2	middle	middle	1.000	1.000	constitutive	constitutive	46	173	2
NC_072430.2	12072910	12073444	2	1	+	NC_072430.2	12072936	12073280	JAG2	XM_055287961.2	+	2	2	25	164	14	15	2	2	2	middle	middle	1.000	1.000	constitutive	constitutive	152	113	2
NC_072430.2	12073566	12074385	1	1	+	NC_072430.2	12073586	12074227	JAG2	XM_055287961.2	+	1	2	19	158	16	18	2	2	2	middle	middle	1.000	1.000	constitutive	constitutive	113	116	2
NC_072430.2	12254109	12254700	1	1	+	NC_072430.2	12254207	12254469	AHNAK2	XM_055287966.2	+	1	2	97	231	2	3	4	1	1	middle	middle	0.250	0.250	unique	unique	58	98	1
NC_072430.2	12277739	12278180	-1	1	-	NC_072430.2	12277751	12278094	PLD4	XM_055287968.2	-	1	2	86	11	9	10	11	11	11	middle	middle	1.000	1.000	constitutive	constitutive	165	96	11
NC_072430.2	122896913	122897432	-1	1	-	NC_072430.2	122897076	122897392	AAMP	XM_055290610.2	-	1	2	40	162	6	7	2	2	2	middle	middle	1.000	1.000	constitutive	constitutive	83	115	2
NC_072430.2	123022925	123023357	3	1	+	NC_072430.2	123022992	123023300	SLC11A1	XM_055290607.2	+	3	2	66	57	10	11	1	1	1	middle	middle	1.000	1.000	constitutive	constitutive	89	119	1
NC_072430.2	12312881	12313808	-1	1	-	NC_072430.2	12312883	12313740	CEP170B	XM_055287967.2	-	1	3	68	1	14	16	3	3	3	middle	middle	1.000	1.000	constitutive	constitutive	159	88	3
NC_072430.2	12321027	12321882	-3	1	-	NC_072430.2	12321087	12321849	CEP170B	XM_055287967.2	-	3	2	33	59	10	11	3	3	3	middle	middle	1.000	1.000	constitutive	constitutive	173	90	3
NC_072430.2	123449470	123449950	2	1	+	NC_072430.2	123449471	123449950	CYP27A1	XM_055290673.2	+	2	2	0	0	8	9	1	1	1	middle	last	1.000	1.000	constitutive	constitutive	212	116	1
NC_072430.2	123638264	123638930	-1	1	-	NC_072430.2	123638367	123638816	CFAP65	XM_055290681.2	-	1	2	114	102	23	24	11	10	10	middle	middle	0.909	0.909	alternative	alternative	191	158	10
NC_072430.2	123641160	123642321	-3	1	-	NC_072430.2	123641311	123641836	CFAP65	XM_055290681.2	-	3	2	485	150	20	21	11	10	10	middle	middle	0.909	0.909	alternative	alternative	176	66	10
NC_072430.2	123796591	123797062	-2	1	-	NC_072430.2	123796657	123797045	SLC23A3	XM_055290688.1	-	2	2	17	65	6	7	3	2	2	middle	middle	0.667	0.667	alternative	alternative	123	114	2
NC_072430.2	123803426	123803819	-1	1	-	NC_072430.2	123803472	123803802	CNPPD1	XM_055290694.2	-	1	2	17	45	4	5	3	3	3	middle	middle	1.000	1.000	constitutive	constitutive	120	128	3
NC_072430.2	123838105	123838585	-2	1	-	NC_072430.2	123838178	123838585	ABCB6	XM_055290702.2	-	2	2	0	72	14	15	4	4	4	middle	middle	1.000	1.000	constitutive	constitutive	174	112	4
NC_072430.2	124158456	124158951	1	1	+	NC_072430.2	124158552	124158807	ASIC4	XM_055290759.2	+	1	2	95	144	7	8	2	2	2	middle	middle	1.000	1.000	constitutive	constitutive	91	79	2
NC_072430.2	124178684	124179779	-1	1	-	NC_072430.2	124178870	124179619	OBSL1	XM_055290752.2	-	1	2	160	185	11	12	6	5	5	middle	middle	0.833	0.833	alternative	alternative	287	275	5
NC_072430.2	12419973	12420750	1	1	+	NC_072430.2	12420106	12420375	AKT1	XM_055287980.2	+	1	2	132	375	5	6	4	4	4	middle	middle	1.000	1.000	constitutive	constitutive	131	65	4
NC_072430.2	124248766	124249486	2	1	+	NC_072430.2	124248864	124249337	SLC4A3	XM_055290769.2	+	2	2	97	149	6	7	2	2	2	middle	middle	1.000	1.000	constitutive	constitutive	148	180	2
NC_072430.2	12481288	12482215	-2	1	-	NC_072430.2	12481457	12482015	INF2	XM_055287988.2	-	2	2	200	168	16	17	7	7	7	middle	middle	1.000	1.000	constitutive	constitutive	120	164	7
NC_072430.2	12977162	12980948	-1	1	-	NC_072430.2	12977190	12980909	KIF26A	XM_055287999.2	-	1	2	39	27	12	13	1	1	1	middle	middle	1.000	1.000	constitutive	constitutive	2916	205	1
NC_072430.2	12981989	12982985	-1	1	-	NC_072430.2	12981991	12982867	KIF26A	XM_055287999.2	-	1	3	118	1	8	10	1	1	1	middle	middle	1.000	1.000	constitutive	constitutive	262	162	1
NC_072430.2	13639922	13640462	3	1	+	NC_072430.2	13639940	13640400	CKB	XM_055288058.2	+	3	2	17	62	4	5	3	3	3	middle	middle	1.000	1.000	constitutive	constitutive	123	189	3
NC_072430.2	136566809	136567661	-1	1	-	NC_072430.2	136566810	136567628	NPPC	XM_055287875.1	-	1	2	33	0	1	2	1	1	1	first	last	1.000	1.000	constitutive	constitutive	89	287	1
NC_072430.2	137013604	137014381	2	1	+	NC_072430.2	137013713	137014274	LOC129488826	XM_055291331.2	+	2	3	108	107	6	8	1	1	1	middle	middle	1.000	1.000	constitutive	constitutive	134	134	1
NC_072430.2	137042225	137043017	3	1	+	NC_072430.2	137042349	137042910	LOC129488580	XM_055290979.2	+	3	3	123	107	6	8	1	1	1	middle	middle	1.000	1.000	constitutive	constitutive	134	134	1
NC_072430.2	137115635	137116406	-1	1	-	NC_072430.2	137116005	137116295	ECEL1	XM_055290977.2	-	1	2	111	369	3	4	1	1	1	middle	middle	1.000	1.000	constitutive	constitutive	110	92	1
NC_072430.2	137153944	137154655	2	1	+	NC_072430.2	137154295	137154641	PRSS56	XM_055290992.1	+	2	2	350	14	5	6	2	2	2	middle	middle	1.000	1.000	constitutive	constitutive	99	159	2
NC_072430.2	137155141	137156152	2	1	+	NC_072430.2	137155196	137155985	PRSS56	XM_055290992.1	+	2	3	54	167	8	10	2	2	2	middle	middle	1.000	1.000	constitutive	constitutive	162	164	2
NC_072430.2	137159860	137160460	2	1	+	NC_072430.2	137160002	137160396	CHRND	XM_055290996.2	+	2	2	141	64	4	5	2	2	2	middle	middle	1.000	1.000	constitutive	constitutive	109	155	2
NC_072430.2	14140202	14140658	3	1	+	NC_072430.2	14140362	14140657	CDC42BPB	XM_055288085.2	+	3	2	159	1	32	33	2	2	2	middle	middle	1.000	1.000	constitutive	constitutive	84	117	2
NC_072430.2	14150302	14150716	-2	1	-	NC_072430.2	14150366	14150697	AMN	XM_055288098.2	-	2	2	19	63	10	11	1	1	1	middle	middle	1.000	1.000	constitutive	constitutive	162	87	1
NC_072430.2	14151088	14151979	-2	1	-	NC_072430.2	14151221	14151838	AMN	XM_055288098.2	-	2	2	141	132	6	8	1	1	1	middle	middle	1.000	1.000	constitutive	constitutive	137	82	1
NC_072430.2	142718494	142719379	2	1	+	NC_072430.2	142718643	142719089	ERFE	XM_055291115.2	+	2	2	148	290	4	5	1	1	1	middle	middle	1.000	1.000	constitutive	constitutive	262	108	1
NC_072430.2	142814684	142815083	-1	1	-	NC_072430.2	142814690	142815058	PER2	XM_055291124.2	-	1	2	25	5	14	15	4	4	4	middle	middle	1.000	1.000	constitutive	constitutive	147	124	4
NC_072430.2	145210525	145212319	2	1	+	NC_072430.2	145211042	145212319	LOC134737488	XM_063645853.1	+	2	2	516	0	1	2	1	1	1	first	last	1.000	1.000	constitutive	constitutive	439	747	1
NC_072430.2	145298901	145299723	1	1	+	NC_072430.2	145299058	145299628	AGXT	XM_055287889.1	+	1	2	156	95	1	2	1	1	1	first	middle	1.000	1.000	constitutive	constitutive	164	192	1
NC_072430.2	145397276	145398089	3	1	+	NC_072430.2	145397388	145398000	CROCC2	XM_055291226.2	+	3	2	111	89	23	24	1	1	1	middle	middle	1.000	1.000	constitutive	constitutive	137	357	1
NC_072430.2	145463992	145464817	2	1	+	NC_072430.2	145464300	145464650	SNED1	XM_063645424.1	+	2	2	307	167	7	8	1	1	1	middle	middle	1.000	1.000	constitutive	constitutive	113	125	1
NC_072430.2	145650343	145651066	2	1	+	NC_072430.2	145650366	145650895	ANO7	XM_063645344.1	+	2	2	22	171	16	17	2	1	1	middle	middle	0.500	0.500	unique	unique	111	54	1
NC_072430.2	145661667	145662429	1	1	+	NC_072430.2	145662010	145662303	ANO7	XM_063645344.1	+	1	2	342	126	23	24	2	1	1	middle	middle	0.500	0.500	unique	unique	119	50	1
NC_072430.2	145677468	145678407	-3	1	-	NC_072430.2	145677646	145678320	HDLBP	XM_055291229.2	-	3	2	87	177	16	17	5	5	5	middle	middle	1.000	1.000	constitutive	constitutive	221	218	5
NC_072430.2	14584880	14586296	-1	1	-	NC_072430.2	14585090	14585852	TECPR2	XM_055288102.2	-	1	2	444	209	17	18	4	4	4	middle	middle	1.000	1.000	constitutive	constitutive	141	149	4
NC_072430.2	15047659	15048172	-2	1	-	NC_072430.2	15047666	15048171	DYNC1H1	XM_055288101.2	-	2	2	1	6	60	61	2	2	2	middle	middle	1.000	1.000	constitutive	constitutive	253	134	2
NC_072430.2	49274147	49275197	3	1	+	NC_072430.2	49274206	49275156	ZFYVE26	XM_055289044.2	+	3	2	58	41	10	11	3	3	3	middle	middle	1.000	1.000	constitutive	constitutive	608	83	3
NC_072430.2	59055966	59056236	-3	1	-	NC_072430.2	59056001	59056235	ACTR10	XM_055289242.2	-	3	2	1	34	9	10	2	2	2	middle	middle	1.000	1.000	constitutive	constitutive	79	73	2
NC_072430.2	65332944	65333778	1	1	+	NC_072430.2	65332995	65333740	NID2	XM_055289364.2	+	1	2	50	38	4	5	1	1	1	middle	middle	1.000	1.000	constitutive	constitutive	304	359	1
NC_072430.2	67960715	67963370	-1	1	-	NC_072430.2	67960886	67962919	LOC129488747	XM_063645591.1	-	1	2	451	170	3	4	1	1	1	middle	middle	1.000	1.000	constitutive	constitutive	275	596	1
NC_072430.2	67963373	67964330	-1	1	-	NC_072430.2	67963442	67964204	LOC129488747	XM_063645591.1	-	1	2	126	68	1	2	1	1	1	first	middle	1.000	1.000	constitutive	constitutive	178	391	1
NC_072430.2	67979407	67981582	-2	1	-	NC_072430.2	67979488	67981492	LOC129488749	XM_055291305.2	-	2	2	90	80	1	2	1	1	1	first	middle	1.000	1.000	constitutive	constitutive	590	1323	1
NC_072430.2	72021789	72022362	1	1	+	NC_072430.2	72021805	72022292	TEP1	XM_055289515.2	+	1	2	15	70	23	24	6	6	6	middle	middle	1.000	1.000	constitutive	constitutive	194	175	6
NC_072430.2	72050705	72051287	-1	1	-	NC_072430.2	72050781	72051164	PARP2	XM_055289525.2	-	1	2	123	75	12	13	4	4	4	middle	middle	1.000	1.000	constitutive	constitutive	127	99	4
NC_072430.2	81264139	81264427	2	1	+	NC_072430.2	81264168	81264427	HNRNPA3	XM_055289844.2	+	2	2	28	0	9	10	4	4	4	middle	last	1.000	1.000	constitutive	constitutive	122	49	4
NC_072430.2	82665667	82666462	-2	1	-	NC_072430.2	82665739	82666407	TTN	XM_055289874.1	-	2	2	55	71	268	269	1	1	1	middle	middle	1.000	1.000	constitutive	constitutive	290	287	1
NC_072430.2	82718092	82718659	-2	1	-	NC_072430.2	82718135	82718631	TTN	XM_055289874.1	-	2	2	28	42	187	188	1	1	1	middle	middle	1.000	1.000	constitutive	constitutive	266	139	1
NC_072430.2	82802439	82803180	-3	1	-	NC_072430.2	82802442	82803122	TTN	XM_055289874.1	-	3	2	58	2	78	79	1	1	1	middle	middle	1.000	1.000	constitutive	constitutive	278	281	1
NC_072430.2	82805393	82806131	-1	1	-	NC_072430.2	82805441	82806091	TTN	XM_055289874.1	-	1	2	40	47	72	73	1	1	1	middle	middle	1.000	1.000	constitutive	constitutive	278	278	1
NC_072430.2	82868436	82868997	-3	1	-	NC_072430.2	82868455	82868976	TTN	XM_055289874.1	-	3	2	21	18	14	15	1	1	1	middle	middle	1.000	1.000	constitutive	constitutive	293	122	1
NC_072430.2	82882327	82882801	-2	1	-	NC_072430.2	82882329	82882752	TTN	XM_055289874.1	-	2	2	49	1	5	6	1	1	1	middle	middle	1.000	1.000	constitutive	constitutive	85	244	1
NC_072430.2	94622366	94622621	3	1	+	NC_072430.2	94622430	94622621	MFSD6	XM_055290032.2	+	3	2	63	0	6	7	2	1	1	middle	last	0.500	0.500	unique	unique	24	7	1
NC_072431.2	104297349	104297655	1	1	+	NC_072431.2	104297375	104297632	HNRNPA2B1	XM_055293608.2	+	1	2	25	23	6	7	6	6	6	middle	middle	1.000	1.000	constitutive	constitutive	101	80	6
NC_072431.2	108943158	108944154	1	1	+	NC_072431.2	108943228	108944154	LOC129490606	XM_055294479.2	+	1	2	69	0	1	3	1	1	1	first	last	1.000	1.000	constitutive	constitutive	526	313	1
NC_072431.2	109003646	109004129	-3	1	-	NC_072431.2	109003647	109003933	NPR2	XM_055293767.2	-	3	2	196	0	21	22	4	4	4	middle	last	1.000	1.000	constitutive	constitutive	91	62	4
NC_072431.2	109006973	109007849	-3	1	-	NC_072431.2	109007105	109007579	NPR2	XM_055293767.2	-	3	2	270	131	13	14	4	4	4	middle	middle	1.000	1.000	constitutive	constitutive	159	155	4
NC_072431.2	109011568	109012144	-1	1	-	NC_072431.2	109011637	109012089	NPR2	XM_055293767.2	-	1	2	55	68	5	6	4	4	4	middle	middle	1.000	1.000	constitutive	constitutive	94	132	4
NC_072431.2	109076338	109076701	-1	1	-	NC_072431.2	109076340	109076605	CREB3	XM_055293782.2	-	1	2	96	1	5	6	1	1	1	middle	middle	1.000	1.000	constitutive	constitutive	106	68	1
NC_072431.2	109078465	109078948	-1	1	-	NC_072431.2	109078570	109078939	CREB3	XM_055293782.2	-	1	2	9	104	1	2	1	1	1	first	middle	1.000	1.000	constitutive	constitutive	128	147	1
NC_072431.2	109100584	109100944	2	1	+	NC_072431.2	109100623	109100908	TLN1	XM_055293764.2	+	2	2	38	36	30	31	2	2	2	middle	middle	1.000	1.000	constitutive	constitutive	93	89	2
NC_072431.2	109105007	109105502	3	1	+	NC_072431.2	109105026	109105430	TLN1	XM_055293764.2	+	3	2	18	72	39	40	2	2	2	middle	middle	1.000	1.000	constitutive	constitutive	170	149	2
NC_072431.2	109132435	109132840	-1	1	-	NC_072431.2	109132555	109132840	CA9	XM_055293789.2	-	1	2	0	119	8	9	4	4	4	middle	middle	1.000	1.000	constitutive	constitutive	144	26	4
NC_072431.2	109137415	109138033	-1	1	-	NC_072431.2	109137548	109137993	CA9	XM_055293789.2	-	1	2	40	132	3	4	4	4	4	middle	middle	1.000	1.000	constitutive	constitutive	170	142	4
NC_072431.2	109163654	109164233	3	1	+	NC_072431.2	109163669	109164233	SIT1	XM_055293802.2	+	3	3	14	0	3	5	1	1	1	middle	last	1.000	1.000	constitutive	constitutive	58	230	1
NC_072431.2	109257546	109257951	-2	1	-	NC_072431.2	109257548	109257918	RUSC2	XM_055293803.1	-	2	2	33	1	6	7	3	3	3	middle	middle	1.000	1.000	constitutive	constitutive	174	105	3
NC_072431.2	109741601	109742057	3	1	+	NC_072431.2	109741644	109741991	STOML2	XM_055293836.2	+	3	2	42	66	7	8	3	3	3	middle	middle	1.000	1.000	constitutive	constitutive	144	79	3
NC_072431.2	109848768	109849830	-2	1	-	NC_072431.2	109848769	109849760	DNAJB5	XM_055293855.2	-	2	2	70	0	3	4	5	5	5	middle	last	1.000	1.000	constitutive	constitutive	601	230	5
NC_072431.2	110884763	110885192	3	1	+	NC_072431.2	110884821	110885192	UBAP2	XM_055293875.2	+	3	2	57	0	27	28	16	16	16	middle	last	1.000	1.000	constitutive	constitutive	191	92	16
NC_072431.2	111863521	111869221	2	1	+	NC_072431.2	111863817	111869205	TAF1L	XM_055294005.2	+	2	2	295	16	3	4	1	1	1	middle	middle	1.000	1.000	constitutive	constitutive	5081	219	1
NC_072431.2	136976926	136977358	2	1	+	NC_072431.2	136976951	136977357	PUM3	XM_055294343.2	+	2	2	24	1	5	6	4	4	4	middle	middle	1.000	1.000	constitutive	constitutive	93	66	4
NC_072431.2	139731531	139732929	1	1	+	NC_072431.2	139731547	139732929	LOC129490458	XM_055294380.2	+	1	2	15	0	1	3	1	1	1	first	last	1.000	1.000	constitutive	constitutive	875	243	1
NC_072431.2	27376835	27377321	3	1	+	NC_072431.2	27376935	27377202	LOC129489268	XM_063609943.1	+	3	2	99	119	1	2	1	1	1	first	middle	1.000	1.000	constitutive	constitutive	56	51	1
NC_072431.2	29814945	29815695	-2	1	-	NC_072431.2	29815274	29815648	NYNRIN	XM_055291646.2	-	2	2	47	328	4	5	2	2	2	middle	middle	1.000	1.000	constitutive	constitutive	130	96	2
NC_072431.2	29889952	29890663	2	1	+	NC_072431.2	29890019	29890357	ADCY4	XM_055291648.1	+	2	2	66	306	5	6	1	1	1	middle	middle	1.000	1.000	constitutive	constitutive	148	111	1
NC_072431.2	29919614	29920589	-3	1	-	NC_072431.2	29919659	29920553	NOP9	XM_055291656.2	-	3	2	36	44	1	2	4	3	3	first	middle	0.750	0.750	alternative	alternative	246	440	3
NC_072431.2	29951799	29952345	1	1	+	NC_072431.2	29951884	29952341	RABGGTA	XM_055291658.2	+	1	3	84	4	8	10	4	4	4	middle	middle	1.000	1.000	constitutive	constitutive	101	51	4
NC_072431.2	29952351	29953251	1	1	+	NC_072431.2	29952752	29953050	RABGGTA	XM_055291658.2	+	1	2	400	201	12	13	4	4	4	middle	middle	1.000	1.000	constitutive	constitutive	88	116	4
NC_072431.2	29965601	29966366	3	1	+	NC_072431.2	29965723	29966312	TGM1	XM_055291664.2	+	3	2	121	54	11	12	2	2	2	middle	middle	1.000	1.000	constitutive	constitutive	281	160	2
NC_072431.2	30040645	30041101	2	1	+	NC_072431.2	30040657	30040987	IPO4	XM_055291665.2	+	2	2	11	114	27	28	2	2	2	middle	middle	1.000	1.000	constitutive	constitutive	132	104	2
NC_072431.2	30044653	30045118	-1	1	-	NC_072431.2	30044744	30045041	REC8	XM_055291675.2	-	1	2	77	90	10	11	1	1	1	middle	middle	1.000	1.000	constitutive	constitutive	76	49	1
NC_072431.2	30049317	30049692	-2	1	-	NC_072431.2	30049319	30049618	REC8	XM_055291675.2	-	2	2	74	1	3	4	1	1	1	middle	middle	1.000	1.000	constitutive	constitutive	142	72	1
NC_072431.2	30056179	30056737	-1	1	-	NC_072431.2	30056180	30056585	IRF9	XM_055291698.2	-	1	2	152	0	8	9	7	2	2	middle	last	0.286	0.286	alternative	alternative	115	130	2
NC_072431.2	30058888	30059464	-1	1	-	NC_072431.2	30058919	30059464	IRF9	XM_055291698.2	-	1	2	0	30	2	3	7	7	7	middle	middle	1.000	1.000	constitutive	constitutive	183	130	7
NC_072431.2	30066709	30067063	-1	1	-	NC_072431.2	30066743	30067021	RNF31	XM_055291695.2	-	1	2	42	33	13	14	4	4	4	middle	middle	1.000	1.000	constitutive	constitutive	98	89	4
NC_072431.2	30145451	30146144	-3	1	-	NC_072431.2	30145572	30146083	CPNE6	XM_055291726.2	-	3	2	61	120	14	15	2	2	2	middle	middle	1.000	1.000	constitutive	constitutive	133	236	2
NC_072431.2	30147350	30147773	-3	1	-	NC_072431.2	30147393	30147773	CPNE6	XM_055291726.2	-	3	2	0	42	9	10	2	2	2	middle	middle	1.000	1.000	constitutive	constitutive	86	59	2
NC_072431.2	30148550	30149066	-3	1	-	NC_072431.2	30148647	30148970	CPNE6	XM_055291726.2	-	3	2	96	96	5	6	2	2	2	middle	middle	1.000	1.000	constitutive	constitutive	74	83	2
NC_072431.2	30162649	30163114	-1	1	-	NC_072431.2	30162710	30162995	CARMIL3	XM_055291716.2	-	1	2	119	60	23	24	13	13	13	middle	middle	1.000	1.000	constitutive	constitutive	93	98	13
NC_072431.2	30680750	30681185	3	1	+	NC_072431.2	30680868	30681184	LOC129489340	XM_055291783.2	+	3	2	117	1	3	4	1	1	1	middle	middle	1.000	1.000	constitutive	constitutive	156	27	1
NC_072431.2	31220702	31221098	3	1	+	NC_072431.2	31220703	31221074	RBM23	XM_055291868.2	+	3	2	0	24	7	8	8	8	8	middle	middle	1.000	1.000	constitutive	constitutive	152	137	8
NC_072431.2	31224445	31224781	2	1	+	NC_072431.2	31224489	31224780	RBM23	XM_055291868.2	+	2	2	43	1	11	12	8	8	6	middle	middle	1.000	0.750	constitutive	alternative	125	69	6
NC_072431.2	31224445	31224781	2	1	+	NC_072431.2	31224489	31224781	RBM23	XM_055291872.2	+	2	2	43	0	10	11	8	8	2	middle	last	1.000	0.250	constitutive	alternative	125	70	2
NC_072431.2	31644194	31644857	-3	1	-	NC_072431.2	31644356	31644854	LOC129489378	unassigned_transcript_146	-	3	2	3	161	1	2	1	1	1	first	middle	1.000	1.000	constitutive	constitutive	45	296	1
NC_072431.2	39115389	39115779	1	1	+	NC_072431.2	39115413	39115779	IFIH1	XM_055291951.2	+	1	2	23	0	15	16	1	1	1	middle	last	1.000	1.000	constitutive	constitutive	90	176	1
NC_072431.2	48842461	48842734	-1	1	-	NC_072431.2	48842483	48842734	FMNL2	XM_055292111.2	-	1	2	0	21	20	21	9	9	9	middle	middle	1.000	1.000	constitutive	constitutive	68	80	9
NC_072431.2	49814188	49814626	2	1	+	NC_072431.2	49814252	49814566	NEB	XM_055292138.2	+	2	2	63	60	18	19	7	7	7	middle	middle	1.000	1.000	constitutive	constitutive	107	113	7
NC_072431.2	49821465	49821918	1	1	+	NC_072431.2	49821481	49821795	NEB	XM_055292138.2	+	1	2	15	123	25	26	7	7	7	middle	middle	1.000	1.000	constitutive	constitutive	107	113	7
NC_072431.2	54644970	54645597	1	1	+	NC_072431.2	54645094	54645549	SLC29A4	XM_055292248.2	+	1	2	123	48	7	8	6	6	6	middle	middle	1.000	1.000	constitutive	constitutive	144	187	6
NC_072431.2	55647995	55648421	3	1	+	NC_072431.2	55648020	55648397	GRID2IP	XM_055292303.2	+	3	2	24	24	17	18	7	7	7	middle	middle	1.000	1.000	constitutive	constitutive	155	86	7
NC_072431.2	58566230	58566575	3	1	+	NC_072431.2	58566259	58566554	AP4M1	XM_055292479.2	+	3	2	28	21	10	11	5	5	5	middle	middle	1.000	1.000	constitutive	constitutive	53	106	5
NC_072431.2	58624853	58625423	-3	1	-	NC_072431.2	58624854	58625294	TRAPPC14	XM_055292534.2	-	3	2	129	0	10	11	1	1	1	middle	last	1.000	1.000	constitutive	constitutive	193	150	1
NC_072431.2	58806227	58807313	-3	1	-	NC_072431.2	58806273	58806938	SPACDR	XM_055292604.2	-	3	2	375	45	1	2	3	3	3	first	middle	1.000	1.000	constitutive	constitutive	62	323	3
NC_072431.2	58973404	58973800	-1	1	-	NC_072431.2	58973539	58973772	TFR2	XM_055292622.2	-	1	2	28	134	11	12	2	2	2	middle	middle	1.000	1.000	constitutive	constitutive	82	63	2
NC_072431.2	58978274	58978745	-3	1	-	NC_072431.2	58978335	58978674	TFR2	XM_055292622.2	-	3	2	71	60	5	6	2	2	2	middle	middle	1.000	1.000	constitutive	constitutive	111	122	2
NC_072431.2	58994575	58994959	-1	1	-	NC_072431.2	58994600	58994867	ACTL6B	XM_055292627.2	-	1	2	92	24	6	7	2	2	2	middle	middle	1.000	1.000	constitutive	constitutive	94	106	2
NC_072431.2	59002150	59002843	-1	1	-	NC_072431.2	59002250	59002801	ACTL6B	XM_055292627.2	-	1	2	42	99	1	2	2	2	2	first	middle	1.000	1.000	constitutive	constitutive	24	76	2
NC_072431.2	59026022	59026601	3	1	+	NC_072431.2	59026200	59026601	GNB2	XM_055292625.2	+	3	2	177	0	9	10	1	1	1	middle	last	1.000	1.000	constitutive	constitutive	216	103	1
NC_072431.2	59030694	59031480	-2	1	-	NC_072431.2	59031097	59031425	GIGYF1	XM_055292615.2	-	2	2	55	402	19	20	9	9	9	middle	middle	1.000	1.000	constitutive	constitutive	82	140	9
NC_072431.2	59032185	59032770	-2	1	-	NC_072431.2	59032222	59032665	GIGYF1	XM_055292615.2	-	2	2	105	36	14	15	9	9	9	middle	middle	1.000	1.000	constitutive	constitutive	171	166	9
NC_072431.2	59033550	59034261	-2	1	-	NC_072431.2	59033733	59034191	GIGYF1	XM_055292615.2	-	2	2	70	182	10	11	9	9	9	middle	middle	1.000	1.000	constitutive	constitutive	253	105	9
NC_072431.2	59236845	59237166	1	1	+	NC_072431.2	59236846	59237146	SRRT	XM_055292645.2	+	1	2	0	20	8	9	10	10	10	middle	middle	1.000	1.000	constitutive	constitutive	98	117	10
NC_072431.2	59318470	59319064	2	1	+	NC_072431.2	59318758	59319055	MUC3A	XM_055292633.2	+	2	2	287	9	10	11	4	3	3	middle	middle	0.750	0.750	alternative	alternative	91	52	3
NC_072431.2	59331933	59369352	1	1	+	NC_072431.2	59354674	59369029	LOC129490675	XM_055294504.2	+	1	13	22740	323	1	13	1	1	1	first	middle	1.000	1.000	constitutive	constitutive	316	185	1
NC_072431.2	59331933	59369352	1	1	+	NC_072431.2	59332013	59352578	LOC129490670	XM_063609951.1	+	1	7	79	16774	2	8	1	1	1	middle	middle	1.000	1.000	constitutive	constitutive	1016	957	1
NC_072431.2	59374189	59374675	2	1	+	NC_072431.2	59374369	59374666	LOC129490675	XM_055294504.2	+	2	2	179	9	20	21	1	1	1	middle	middle	1.000	1.000	constitutive	constitutive	91	52	1
NC_072431.2	59397519	59409645	1	1	+	NC_072431.2	59397723	59409169	MUC12	XM_055294505.2	+	1	2	203	476	6	7	1	1	1	middle	middle	1.000	1.000	constitutive	constitutive	829	10526	1
NC_072431.2	59434414	59447518	2	1	+	NC_072431.2	59434419	59447513	MUC17	XM_055294438.1	+	2	7	4	5	3	9	1	1	1	middle	middle	1.000	1.000	constitutive	constitutive	1564	5279	1
NC_072431.2	59580115	59580667	-1	1	-	NC_072431.2	59580140	59580541	NAT16	XM_055292693.2	-	1	2	126	24	1	2	3	3	3	first	middle	1.000	1.000	constitutive	constitutive	140	170	3
NC_072431.2	59605593	59606049	-2	1	-	NC_072431.2	59605741	59606021	MOGAT3	XM_055292695.2	-	2	2	28	147	2	3	2	2	2	middle	middle	1.000	1.000	constitutive	constitutive	107	70	2
NC_072431.2	59608407	59609118	-2	1	-	NC_072431.2	59608593	59609046	LOC129489699	XM_055292708.2	-	2	2	72	185	1	2	1	1	1	first	middle	1.000	1.000	constitutive	constitutive	20	204	1
NC_072431.2	59619829	59620390	-1	1	-	NC_072431.2	59619878	59620220	PLOD3	XM_055292670.2	-	1	2	170	48	13	14	5	5	5	middle	middle	1.000	1.000	constitutive	constitutive	141	113	5
NC_072431.2	59621434	59622022	-1	1	-	NC_072431.2	59621436	59621795	PLOD3	XM_055292670.2	-	1	2	227	1	11	12	5	5	5	middle	middle	1.000	1.000	constitutive	constitutive	104	125	5
NC_072431.2	60829276	60829804	2	1	+	NC_072431.2	60829342	60829795	LRWD1	XM_055292721.2	+	2	2	65	9	2	3	3	3	3	middle	middle	1.000	1.000	constitutive	constitutive	234	116	3
NC_072431.2	60853796	60854240	-3	1	-	NC_072431.2	60853797	60854091	LOC129489707	XM_055292718.2	-	3	2	149	0	20	21	4	3	3	middle	last	0.750	0.750	alternative	alternative	64	118	3
NC_072431.2	60869285	60870137	-3	1	-	NC_072431.2	60869287	60869807	LOC129489707	XM_055292718.2	-	3	2	330	1	7	8	4	4	4	middle	middle	1.000	1.000	constitutive	constitutive	131	94	4
NC_072431.2	61276205	61276805	-3	1	-	NC_072431.2	61276253	61276572	LOC129489725	XM_055292762.2	-	3	2	233	47	6	7	9	9	9	middle	middle	1.000	1.000	constitutive	constitutive	49	56	9
NC_072431.2	61435853	61436555	3	1	+	NC_072431.2	61436117	61436532	TMEM120A	XM_055292801.2	+	3	2	263	23	6	8	10	3	3	middle	middle	0.300	0.300	alternative	alternative	89	61	3
NC_072431.2	61438594	61439398	-1	1	-	NC_072431.2	61438624	61439398	POR	XM_055292797.1	-	1	2	0	29	11	12	3	3	3	middle	middle	1.000	1.000	constitutive	constitutive	149	270	3
NC_072431.2	62047259	62047760	-3	1	-	NC_072431.2	62047260	62047740	LOC129489746	XM_063646416.1	-	3	2	20	0	4	5	2	2	2	middle	last	1.000	1.000	constitutive	constitutive	60	317	2
NC_072431.2	62217852	62218179	1	1	+	NC_072431.2	62217923	62218179	CASTOR2	XM_055292821.2	+	1	2	70	0	8	9	1	1	1	middle	last	1.000	1.000	constitutive	constitutive	94	62	1
NC_072431.2	62372235	62372577	-2	1	-	NC_072431.2	62372237	62372577	NCF1	XM_055292810.2	-	2	2	0	1	3	4	1	1	1	middle	middle	1.000	1.000	constitutive	constitutive	75	165	1
NC_072431.2	62400598	62401048	-1	1	-	NC_072431.2	62400600	62401026	GTF2I	XM_055292777.2	-	1	2	22	1	25	26	7	7	7	middle	middle	1.000	1.000	constitutive	constitutive	65	183	7
NC_072431.2	63063470	63064274	-3	1	-	NC_072431.2	63063472	63064038	LIMK1	XM_055292850.2	-	3	2	236	1	3	4	2	2	2	middle	middle	1.000	1.000	constitutive	constitutive	138	109	2
NC_072431.2	63102902	63103304	-3	1	-	NC_072431.2	63102971	63103285	ELN	XM_055292849.2	-	3	2	19	68	22	23	1	1	1	middle	middle	1.000	1.000	constitutive	constitutive	86	56	1
NC_072431.2	63476040	63476343	-2	1	-	NC_072431.2	63476042	63476320	BUD23	XM_055292914.1	-	2	2	23	1	4	5	3	3	3	middle	middle	1.000	1.000	constitutive	constitutive	82	96	3
NC_072431.2	64329177	64329681	1	1	+	NC_072431.2	64329224	64329581	LOC129490686	XM_055294513.2	+	1	2	46	100	5	7	1	1	1	middle	middle	1.000	1.000	constitutive	constitutive	74	148	1
NC_072431.2	64334022	64335123	1	1	+	NC_072431.2	64334036	64335123	LOC129490686	XM_055294513.2	+	1	2	13	0	12	14	1	1	1	middle	last	1.000	1.000	constitutive	constitutive	877	100	1
NC_072431.2	70454145	70454748	-2	1	-	NC_072431.2	70454193	70454515	LOC129490690	XM_055294517.2	-	2	2	233	47	7	8	1	1	1	middle	middle	1.000	1.000	constitutive	constitutive	49	101	1
NC_072431.2	73131091	73131577	2	1	+	NC_072431.2	73131120	73131565	ZNF117	XM_063608894.1	+	2	2	28	12	5	6	1	1	1	middle	middle	1.000	1.000	constitutive	constitutive	78	39	1
NC_072431.2	73404017	73409480	3	1	+	NC_072431.2	73406085	73408367	LOC134731483	XM_063609965.1	+	3	3	2067	1113	3	5	1	1	1	middle	middle	1.000	1.000	constitutive	constitutive	225	89	1
NC_072431.2	82812345	82812717	1	1	+	NC_072431.2	82812379	82812655	PKD1L1	XM_063609574.1	+	1	2	33	62	38	39	1	1	1	middle	middle	1.000	1.000	constitutive	constitutive	110	72	1
NC_072431.2	85469669	85475168	3	1	+	NC_072431.2	85469875	85475069	NACAD	XM_055293211.2	+	3	2	205	99	2	3	2	1	2	middle	middle	0.500	1.000	unique	constitutive	4841	112	1
NC_072431.2	85469669	85475168	3	1	+	NC_072431.2	85469875	85475069	NACAD	XM_055293212.2	+	3	3	205	99	2	4	2	1	2	middle	middle	0.500	1.000	unique	constitutive	4050	112	1
NC_072431.2	85592940	85593804	1	1	+	NC_072431.2	85592961	85593411	MYO1G	XM_055293213.2	+	1	2	20	393	10	11	2	2	2	middle	middle	1.000	1.000	constitutive	constitutive	114	170	2
NC_072431.2	86459752	86460121	-1	1	-	NC_072431.2	86459795	86460121	AEBP1	XM_055293280.1	-	1	2	0	42	13	14	1	1	1	middle	middle	1.000	1.000	constitutive	constitutive	144	85	1
NC_072431.2	88274856	88275666	1	1	+	NC_072431.2	88274980	88275666	LOC129489992	XM_055293348.2	+	1	2	123	0	1	2	1	1	1	first	last	1.000	1.000	constitutive	constitutive	387	175	1
NC_072431.2	92138595	92139252	1	1	+	NC_072431.2	92138656	92139252	LOC129490733	unassigned_transcript_167	+	1	2	60	0	1	2	1	1	1	first	last	1.000	1.000	constitutive	constitutive	42	439	1
NC_072431.2	93944811	93945282	1	1	+	NC_072431.2	93945083	93945279	AOAH	XM_055293407.2	+	1	2	271	3	17	18	5	5	5	middle	middle	1.000	1.000	constitutive	constitutive	58	59	5
NC_072431.2	99485685	99486282	-2	1	-	NC_072431.2	99485817	99486153	GHRHR	XM_055294457.1	-	2	2	129	131	2	3	1	1	1	middle	middle	1.000	1.000	constitutive	constitutive	102	107	1
NC_072432.2	115034300	115035095	3	1	+	NC_072432.2	115034427	115034732	NPM2	XM_055295591.2	+	3	2	126	363	2	3	9	4	6	middle	middle	0.444	0.667	alternative	alternative	90	85	4
NC_072432.2	115034300	115035095	3	1	+	NC_072432.2	115034460	115034732	NPM2	XM_063611415.1	+	3	2	159	363	1	2	9	2	6	first	middle	0.222	0.667	alternative	alternative	57	85	2
NC_072432.2	115046042	115046267	3	1	+	NC_072432.2	115046081	115046267	NPM2	XM_055295591.2	+	3	2	38	0	8	9	9	1	1	middle	last	0.111	0.111	unique	unique	33	41	1
NC_072432.2	115107088	115108375	2	1	+	NC_072432.2	115107113	115107907	FHIP2B	XM_055295600.2	+	2	3	24	468	4	6	3	3	3	middle	middle	1.000	1.000	constitutive	constitutive	104	242	3
NC_072432.2	115110891	115111614	1	1	+	NC_072432.2	115111005	115111416	FHIP2B	XM_055295600.2	+	1	2	113	198	13	14	3	3	3	middle	middle	1.000	1.000	constitutive	constitutive	90	143	3
NC_072432.2	115129152	115129968	-3	1	-	NC_072432.2	115129361	115129764	HR	XM_055295602.2	-	3	2	204	208	11	12	3	3	3	middle	middle	1.000	1.000	constitutive	constitutive	165	69	3
NC_072432.2	115630427	115630892	3	1	+	NC_072432.2	115630446	115630850	CCAR2	XM_055295648.2	+	3	2	18	42	1	2	6	6	6	first	middle	1.000	1.000	constitutive	constitutive	57	91	6
NC_072432.2	116159750	116160803	-1	1	-	NC_072432.2	116159856	116160735	LOC129491664	XM_063611017.1	-	1	2	68	105	6	7	1	1	1	middle	middle	1.000	1.000	constitutive	constitutive	268	31	1
NC_072432.2	120394673	120395354	3	1	+	NC_072432.2	120394752	120395081	PTK2B	XM_055295773.2	+	3	2	78	273	24	25	25	25	25	middle	middle	1.000	1.000	constitutive	constitutive	146	35	25
NC_072432.2	130918124	130918793	3	1	+	NC_072432.2	130918239	130918679	ADGRA2	XM_055295952.2	+	3	2	114	114	10	11	2	2	2	middle	middle	1.000	1.000	constitutive	constitutive	149	161	2
NC_072432.2	19264294	19264621	-2	1	-	NC_072432.2	19264296	19264611	MCM10	XM_055296604.2	-	2	2	10	1	11	12	4	4	4	middle	middle	1.000	1.000	constitutive	constitutive	110	117	4
NC_072432.2	27647598	27647922	1	1	+	NC_072432.2	27647609	27647898	COMMD3	XM_055296743.2	+	1	2	10	24	2	3	2	2	2	middle	middle	1.000	1.000	constitutive	constitutive	111	63	2
NC_072432.2	35126336	35127056	3	1	+	NC_072432.2	35126337	35127047	CENPE	XM_055296856.2	+	3	2	0	9	22	23	6	6	6	middle	middle	1.000	1.000	constitutive	constitutive	314	272	6
NC_072432.2	60706412	60707519	-1	1	-	NC_072432.2	60707162	60707411	LOC129491610	XM_063611013.1	-	1	2	108	749	1	2	1	1	1	first	middle	1.000	1.000	constitutive	constitutive	159	32	1
NC_072432.2	62219767	62220121	2	1	+	NC_072432.2	62219870	62220120	SDAD1	XM_055297300.2	+	2	2	102	1	5	6	3	3	3	middle	middle	1.000	1.000	constitutive	constitutive	71	100	3
NC_072432.2	64126992	64127835	1	1	+	NC_072432.2	64127512	64127834	LOC129492252	XM_055297347.2	+	1	2	519	1	1	2	1	1	1	first	middle	1.000	1.000	constitutive	constitutive	99	123	1
NC_072432.2	64385914	64386382	-2	1	-	NC_072432.2	64385916	64386283	CXCL6	XM_055296607.1	-	2	2	99	1	1	2	1	1	1	first	middle	1.000	1.000	constitutive	constitutive	108	132	1
NC_072432.2	89583311	89589527	3	1	+	NC_072432.2	89583367	89589526	FAM186A	XM_063610467.1	+	3	4	55	1	4	7	1	1	1	middle	middle	1.000	1.000	constitutive	constitutive	2803	1705	1
NC_072432.2	89801964	89802303	1	1	+	NC_072432.2	89801965	89802302	CERS5	XM_055294926.2	+	1	2	0	1	7	8	16	16	16	middle	middle	1.000	1.000	constitutive	constitutive	128	106	16
NC_072432.2	90828762	90829149	1	1	+	NC_072432.2	90828797	90829053	LMBR1L	XM_055295005.2	+	1	2	34	96	10	11	5	5	5	middle	middle	1.000	1.000	constitutive	constitutive	83	76	5
NC_072432.2	90904231	90904759	2	1	+	NC_072432.2	90904250	90904660	KMT2D	XM_055295022.2	+	2	2	18	99	37	38	11	11	11	middle	middle	1.000	1.000	constitutive	constitutive	66	232	11
NC_072432.2	90909531	90910032	1	1	+	NC_072432.2	90909588	90909996	KMT2D	XM_055295022.2	+	1	2	56	36	44	45	11	11	11	middle	middle	1.000	1.000	constitutive	constitutive	175	130	11
NC_072432.2	90910559	90911135	3	1	+	NC_072432.2	90910683	90911021	KMT2D	XM_055295022.2	+	3	2	123	114	46	47	11	11	11	middle	middle	1.000	1.000	constitutive	constitutive	132	127	11
NC_072432.2	91158193	91158724	2	1	+	NC_072432.2	91158313	91158700	ADCY6	XM_055295049.2	+	2	2	119	24	8	9	2	2	2	middle	middle	1.000	1.000	constitutive	constitutive	141	128	2
NC_072432.2	91654439	91654748	-1	1	-	NC_072432.2	91654441	91654727	PFKM	XM_055295073.2	-	1	2	21	1	23	24	20	20	20	middle	middle	1.000	1.000	constitutive	constitutive	99	105	20
NC_072432.2	92072197	92072614	2	1	+	NC_072432.2	92072216	92072613	RAPGEF3	XM_055295115.2	+	2	2	18	1	20	21	5	5	5	middle	middle	1.000	1.000	constitutive	constitutive	125	181	5
NC_072432.2	95954291	95954744	-1	1	-	NC_072432.2	95954301	95954690	PLS1	XM_055295173.2	-	1	2	54	9	6	7	14	14	14	middle	middle	1.000	1.000	constitutive	constitutive	165	142	14
NC_072433.2	119474090	119474804	-3	1	-	NC_072433.2	119474192	119474785	IRF1	XM_055299451.2	-	3	3	19	101	4	6	4	4	3	middle	middle	1.000	0.750	constitutive	alternative	49	122	3
NC_072433.2	119474090	119474804	-3	1	-	NC_072433.2	119474498	119474785	IRF1	XM_055299452.2	-	3	2	19	407	4	5	4	4	4	middle	middle	1.000	1.000	constitutive	constitutive	49	129	1
NC_072433.2	119882508	119882874	-2	1	-	NC_072433.2	119882510	119882824	AFF4	XM_055299482.2	-	2	2	50	1	14	15	2	2	2	middle	middle	1.000	1.000	constitutive	constitutive	63	136	2
NC_072433.2	120388062	120389040	-2	1	-	NC_072433.2	120388389	120388882	LDHD	XM_055299488.2	-	2	2	158	326	6	7	3	1	3	middle	middle	0.333	1.000	unique	constitutive	268	128	1
NC_072433.2	120388062	120389040	-2	1	-	NC_072433.2	120388389	120388813	LDHD	XM_055299489.2	-	2	2	227	326	6	7	3	2	3	middle	middle	0.667	1.000	alternative	constitutive	199	128	2
NC_072433.2	120842900	120843683	3	1	+	NC_072433.2	120843189	120843602	GABARAPL2	XM_055299608.2	+	3	2	288	81	1	2	1	1	1	first	middle	1.000	1.000	constitutive	constitutive	33	55	1
NC_072433.2	129597733	129598957	-1	1	-	NC_072433.2	129597734	129598875	TAF1C	XM_055299721.1	-	1	2	82	0	13	14	10	8	10	middle	last	0.800	1.000	alternative	constitutive	137	907	8
NC_072433.2	129597733	129598957	-1	1	-	NC_072433.2	129597734	129598872	TAF1C	XM_063612499.1	-	1	2	85	0	13	14	10	2	10	middle	last	0.200	1.000	alternative	constitutive	134	907	2
NC_072433.2	129602197	129602611	-1	1	-	NC_072433.2	129602228	129602596	TAF1C	XM_055299721.1	-	1	2	15	30	2	3	10	7	8	middle	middle	0.700	0.800	alternative	alternative	81	97	7
NC_072433.2	129602197	129602611	-1	1	-	NC_072433.2	129602228	129602533	TAF1C	XM_055299722.1	-	1	2	78	30	1	2	10	1	8	first	middle	0.100	0.800	unique	alternative	18	97	1
NC_072433.2	134004240	134005074	1	1	+	NC_072433.2	134004647	134004967	ZFPM1	XM_055232770.2	+	1	2	406	107	8	9	4	4	4	middle	middle	1.000	1.000	constitutive	constitutive	95	146	4
NC_072433.2	134185600	134186011	2	1	+	NC_072433.2	134185654	134186010	CTU2	XM_055232800.2	+	2	2	53	1	11	12	3	3	3	middle	middle	1.000	1.000	constitutive	constitutive	103	138	3
NC_072433.2	134187194	134187620	-3	1	-	NC_072433.2	134187196	134187540	PIEZO1	XM_055232798.2	-	3	2	80	1	49	50	2	2	2	middle	middle	1.000	1.000	constitutive	constitutive	79	186	2
NC_072433.2	134188111	134188639	-1	1	-	NC_072433.2	134188163	134188567	PIEZO1	XM_055232798.2	-	1	2	72	51	45	46	2	2	2	middle	middle	1.000	1.000	constitutive	constitutive	188	92	2
NC_072433.2	134191096	134191600	-1	1	-	NC_072433.2	134191098	134191579	PIEZO1	XM_055232798.2	-	1	2	21	1	42	43	2	2	2	middle	middle	1.000	1.000	constitutive	constitutive	214	158	2
NC_072433.2	134197635	134198439	-2	1	-	NC_072433.2	134197839	134198260	PIEZO1	XM_055232798.2	-	2	2	179	203	25	26	2	2	2	middle	middle	1.000	1.000	constitutive	constitutive	243	96	2
NC_072433.2	134205894	134206581	-2	1	-	NC_072433.2	134206069	134206562	PIEZO1	XM_055232798.2	-	2	2	19	174	11	12	2	2	2	middle	middle	1.000	1.000	constitutive	constitutive	100	260	2
NC_072433.2	134207239	134207683	-1	1	-	NC_072433.2	134207386	134207641	PIEZO1	XM_055232798.2	-	1	2	42	146	9	10	2	2	2	middle	middle	1.000	1.000	constitutive	constitutive	86	87	2
NC_072433.2	134207686	134208532	-1	1	-	NC_072433.2	134207717	134208523	PIEZO1	XM_055232798.2	-	1	2	9	30	6	8	2	2	2	middle	middle	1.000	1.000	constitutive	constitutive	168	171	2
NC_072433.2	135113188	135113509	2	1	+	NC_072433.2	135113270	135113508	DPEP1	XM_055298707.2	+	2	2	81	1	7	8	3	3	3	middle	middle	1.000	1.000	constitutive	constitutive	84	75	3
NC_072433.2	135190846	135191317	-1	1	-	NC_072433.2	135190848	135191208	VPS9D1	XM_055232912.2	-	1	2	109	1	3	4	13	4	13	middle	middle	0.308	1.000	alternative	constitutive	92	162	4
NC_072433.2	135190846	135191317	-1	1	-	NC_072433.2	135190848	135191205	VPS9D1	XM_055232914.2	-	1	2	112	1	3	4	13	3	13	middle	middle	0.231	1.000	alternative	constitutive	89	162	3
NC_072433.2	135190846	135191317	-1	1	-	NC_072433.2	135190848	135191259	VPS9D1	XM_063613063.1	-	1	2	58	1	3	4	13	6	13	middle	middle	0.462	1.000	alternative	constitutive	143	162	6
NC_072433.2	135213016	135214093	-1	1	-	NC_072433.2	135213398	135213819	FANCA	XM_055232894.2	-	1	2	274	381	40	41	10	5	3	middle	middle	0.500	0.300	alternative	alternative	75	156	3
NC_072433.2	135213016	135214093	-1	1	-	NC_072433.2	135213148	135213819	FANCA	XM_055232895.2	-	1	3	274	131	40	42	10	5	2	middle	middle	0.500	0.200	alternative	alternative	75	92	2
NC_072433.2	135465113	135465629	3	1	+	NC_072433.2	135465211	135465624	LOC129457575	XM_055232911.2	+	3	2	97	5	10	11	1	1	1	middle	middle	1.000	1.000	constitutive	constitutive	67	120	1
NC_072433.2	135473644	135474448	2	1	+	NC_072433.2	135474024	135474379	LOC129457575	XM_055232911.2	+	2	2	379	69	18	19	1	1	1	middle	middle	1.000	1.000	constitutive	constitutive	82	194	1
NC_072433.2	135526642	135527119	-1	1	-	NC_072433.2	135526679	135526990	LOC129457581	XM_063613089.1	-	1	2	129	36	1	2	1	1	1	first	middle	1.000	1.000	constitutive	constitutive	65	5	1
NC_072433.2	18019763	18020648	-3	1	-	NC_072433.2	18019952	18020444	TCF7	XM_055233392.2	-	3	2	204	188	1	2	13	10	13	first	middle	0.769	1.000	alternative	constitutive	260	66	10
NC_072433.2	18019763	18020648	-3	1	-	NC_072433.2	18019952	18020444	TCF7	XM_063611662.1	-	3	2	204	188	1	2	13	3	13	first	middle	0.231	1.000	alternative	constitutive	248	66	3
NC_072433.2	19992871	19993564	-1	1	-	NC_072433.2	19993045	19993543	MTSS2	XM_055298456.2	-	1	2	21	173	12	13	5	5	5	middle	middle	1.000	1.000	constitutive	constitutive	176	165	5
NC_072433.2	21465383	21466037	3	1	+	NC_072433.2	21465497	21465956	DHX38	XM_055298493.2	+	3	2	113	81	19	20	2	2	2	middle	middle	1.000	1.000	constitutive	constitutive	208	154	2
NC_072433.2	24264306	24265131	1	1	+	NC_072433.2	24264487	24265060	TERF2	XM_055297787.1	+	1	2	180	71	1	2	2	2	2	first	middle	1.000	1.000	constitutive	constitutive	378	95	2
NC_072433.2	24338325	24338640	-2	1	-	NC_072433.2	24338334	24338620	VPS4A	XM_055297788.2	-	2	2	20	8	4	5	2	1	2	middle	middle	0.500	1.000	unique	constitutive	61	119	1
NC_072433.2	24338325	24338640	-2	1	-	NC_072433.2	24338334	24338617	VPS4A	XM_055297789.2	-	2	2	23	8	4	5	2	1	2	middle	middle	0.500	1.000	unique	constitutive	58	119	1
NC_072433.2	24512382	24513000	-2	1	-	NC_072433.2	24512482	24512850	UTP4	XM_055298428.2	-	2	2	150	99	6	7	12	12	12	middle	middle	1.000	1.000	constitutive	constitutive	171	91	12
NC_072433.2	25754431	25754902	2	1	+	NC_072433.2	25754514	25754901	SLC12A4	XM_055297685.2	+	2	2	82	1	10	11	4	4	4	middle	middle	1.000	1.000	constitutive	constitutive	98	57	4
NC_072433.2	25759628	25760207	3	1	+	NC_072433.2	25759704	25760206	SLC12A4	XM_055297685.2	+	3	2	75	1	21	22	4	4	4	middle	middle	1.000	1.000	constitutive	constitutive	107	184	4
NC_072433.2	25774239	25774659	1	1	+	NC_072433.2	25774325	25774659	CTRL	XM_055297693.2	+	1	2	85	0	6	7	1	1	1	middle	last	1.000	1.000	constitutive	constitutive	133	110	1
NC_072433.2	25824313	25824979	-1	1	-	NC_072433.2	25824320	25824976	EDC4	XM_055298639.2	-	1	2	3	6	22	23	3	1	3	middle	middle	0.333	1.000	unique	constitutive	441	115	1
NC_072433.2	25824313	25824979	-1	1	-	NC_072433.2	25824320	25824976	EDC4	XM_055298640.2	-	1	3	3	6	22	24	3	2	3	middle	middle	0.667	1.000	alternative	constitutive	177	115	2
NC_072433.2	25825225	25825621	-1	1	-	NC_072433.2	25825227	25825568	EDC4	XM_055298639.2	-	1	2	53	1	19	20	3	3	3	middle	middle	1.000	1.000	constitutive	constitutive	104	152	3
NC_072433.2	25826686	25827103	-1	1	-	NC_072433.2	25826688	25827072	EDC4	XM_055298639.2	-	1	2	31	1	15	16	3	3	3	middle	middle	1.000	1.000	constitutive	constitutive	187	121	3
NC_072433.2	25827348	25827738	-2	1	-	NC_072433.2	25827350	25827702	EDC4	XM_055298639.2	-	2	2	36	1	12	13	3	3	3	middle	middle	1.000	1.000	constitutive	constitutive	180	72	3
NC_072433.2	25828951	25829683	-1	1	-	NC_072433.2	25829003	25829442	EDC4	XM_055298639.2	-	1	2	241	51	5	6	3	3	3	middle	middle	1.000	1.000	constitutive	constitutive	189	147	3
NC_072433.2	25882141	25882561	-1	1	-	NC_072433.2	25882148	25882513	TSNAXIP1	XM_055297577.2	-	1	2	48	6	11	12	7	4	7	middle	middle	0.571	1.000	alternative	constitutive	159	130	4
NC_072433.2	25882141	25882561	-1	1	-	NC_072433.2	25882148	25882402	TSNAXIP1	XM_055297582.2	-	1	2	159	6	6	7	7	1	7	middle	middle	0.143	1.000	unique	constitutive	48	130	1
NC_072433.2	25882141	25882561	-1	1	-	NC_072433.2	25882148	25882534	TSNAXIP1	XM_063611743.1	-	1	2	27	6	11	12	7	2	7	middle	middle	0.286	1.000	alternative	constitutive	180	130	2
NC_072433.2	26070916	26071402	-1	1	-	NC_072433.2	26070958	26071297	CARMIL2	XM_055298046.2	-	1	2	105	41	28	29	4	4	4	middle	middle	1.000	1.000	constitutive	constitutive	140	66	4
NC_072433.2	26074578	26075424	-2	1	-	NC_072433.2	26074753	26075107	CARMIL2	XM_055298046.2	-	2	2	317	174	16	17	4	4	4	middle	middle	1.000	1.000	constitutive	constitutive	104	69	4
NC_072433.2	26075495	26075885	-3	1	-	NC_072433.2	26075547	26075824	CARMIL2	XM_055298046.2	-	3	2	61	51	12	13	4	4	4	middle	middle	1.000	1.000	constitutive	constitutive	86	112	4
NC_072433.2	26077631	26078750	-3	1	-	NC_072433.2	26077728	26078258	CARMIL2	XM_055298046.2	-	3	2	492	96	1	3	4	4	4	first	middle	1.000	1.000	constitutive	constitutive	39	53	4
NC_072433.2	26181172	26181673	-1	1	-	NC_072433.2	26181217	26181640	RIPOR1	XM_055233417.2	-	1	2	33	44	16	17	10	10	10	middle	middle	1.000	1.000	constitutive	constitutive	135	161	10
NC_072433.2	26183051	26184860	-3	1	-	NC_072433.2	26183073	26184747	RIPOR1	XM_055233417.2	-	3	2	113	21	12	13	10	10	8	middle	middle	1.000	0.800	constitutive	alternative	129	1460	8
NC_072433.2	26183051	26184860	-3	1	-	NC_072433.2	26183073	26184747	RIPOR1	XM_055233421.2	-	3	3	113	21	12	14	10	10	2	middle	middle	1.000	0.200	constitutive	alternative	129	584	2
NC_072433.2	26186265	26186502	-2	1	-	NC_072433.2	26186269	26186472	RIPOR1	XM_055233417.2	-	2	2	30	3	8	9	10	10	10	middle	middle	1.000	1.000	constitutive	constitutive	63	43	10
NC_072433.2	26291603	26292167	3	1	+	NC_072433.2	26291658	26292038	ATP6V0D1	XM_055298591.2	+	3	2	54	129	5	6	1	1	1	middle	middle	1.000	1.000	constitutive	constitutive	77	176	1
NC_072433.2	26294741	26295380	-3	1	-	NC_072433.2	26294918	26295346	HSD11B2	XM_055298586.1	-	3	2	34	176	3	4	1	1	1	middle	middle	1.000	1.000	constitutive	constitutive	185	137	1
NC_072433.2	26438263	26438605	-1	1	-	NC_072433.2	26438264	26438580	PLEKHG4	XM_055298530.2	-	1	2	25	0	20	21	3	3	3	middle	last	1.000	1.000	constitutive	constitutive	115	2	3
NC_072433.2	26440150	26440798	-1	1	-	NC_072433.2	26440406	26440798	PLEKHG4	XM_055298530.2	-	1	2	0	255	14	15	3	3	3	middle	middle	1.000	1.000	constitutive	constitutive	89	221	3
NC_072433.2	26444726	26445158	-3	1	-	NC_072433.2	26444728	26445068	PLEKHG4	XM_055298530.2	-	3	2	90	1	7	8	3	3	3	middle	middle	1.000	1.000	constitutive	constitutive	98	148	3
NC_072433.2	26494739	26495498	3	1	+	NC_072433.2	26494778	26495493	FHOD1	XM_055298532.2	+	3	3	38	5	21	23	5	5	5	middle	middle	1.000	1.000	constitutive	constitutive	192	197	5
NC_072433.2	26521840	26522518	-1	1	-	NC_072433.2	26522012	26522466	ELMO3	XM_055298544.2	-	1	3	52	171	17	19	3	2	3	middle	middle	0.667	1.000	alternative	constitutive	104	86	2
NC_072433.2	26521840	26522518	-1	1	-	NC_072433.2	26522012	26522466	ELMO3	XM_063611741.1	-	1	2	52	171	16	17	3	1	3	middle	middle	0.333	1.000	unique	constitutive	280	86	1
NC_072433.2	26523173	26523620	-3	1	-	NC_072433.2	26523290	26523596	ELMO3	XM_055298544.2	-	3	2	24	116	12	13	3	3	3	middle	middle	1.000	1.000	constitutive	constitutive	101	108	3
NC_072433.2	26540025	26540442	1	1	+	NC_072433.2	26540049	26540403	EXOC3L1	XM_055298545.2	+	1	2	23	39	10	11	7	7	7	middle	middle	1.000	1.000	constitutive	constitutive	129	122	7
NC_072433.2	26544707	26545799	3	1	+	NC_072433.2	26544868	26545718	MATCAP1	XM_055298560.2	+	3	2	160	81	2	3	2	1	2	middle	middle	0.500	1.000	unique	constitutive	625	143	1
NC_072433.2	26544707	26545799	3	1	+	NC_072433.2	26544924	26545718	MATCAP1	XM_055298562.2	+	3	2	216	81	1	2	2	1	2	first	middle	0.500	1.000	unique	constitutive	569	143	1
NC_072433.2	26559726	26560389	-2	1	-	NC_072433.2	26559863	26560214	HSF4	XM_055298557.2	-	2	2	175	136	3	4	3	3	3	middle	middle	1.000	1.000	constitutive	constitutive	127	124	3
NC_072433.2	35274977	35275430	-3	1	-	NC_072433.2	35274979	35275355	SETD6	XM_055299300.2	-	3	2	75	1	3	4	2	2	2	middle	middle	1.000	1.000	constitutive	constitutive	144	141	2
NC_072433.2	36041781	36042429	-2	1	-	NC_072433.2	36041923	36042233	KATNB1	XM_055298038.2	-	2	2	196	141	13	14	9	9	9	middle	middle	1.000	1.000	constitutive	constitutive	67	119	9
NC_072433.2	36044088	36044670	-2	1	-	NC_072433.2	36044233	36044632	KATNB1	XM_055298038.2	-	2	2	38	144	8	9	9	9	9	middle	middle	1.000	1.000	constitutive	constitutive	71	150	9
NC_072433.2	49799546	49800197	-3	1	-	NC_072433.2	49799548	49800089	LOC129492625	XM_055297866.2	-	3	2	108	1	12	13	1	1	1	middle	middle	1.000	1.000	constitutive	constitutive	127	362	1
NC_072433.2	49800317	49800716	-3	1	-	NC_072433.2	49800357	49800655	LOC129492625	XM_055297866.2	-	3	2	61	39	9	10	1	1	1	middle	middle	1.000	1.000	constitutive	constitutive	103	107	1
NC_072433.2	52591232	52591883	-3	1	-	NC_072433.2	52591233	52591775	LOC129492645	XM_055297869.1	-	3	2	108	0	12	13	1	1	1	middle	last	1.000	1.000	constitutive	constitutive	127	363	1
NC_072433.2	52592003	52592402	-3	1	-	NC_072433.2	52592043	52592341	LOC129492645	XM_055297869.1	-	3	2	61	39	9	10	1	1	1	middle	middle	1.000	1.000	constitutive	constitutive	103	107	1
NC_072433.2	53187598	53188030	-1	1	-	NC_072433.2	53187665	53187961	ITGAD	XM_055298197.2	-	1	2	69	66	25	26	2	2	2	middle	middle	1.000	1.000	constitutive	constitutive	107	77	2
NC_072433.2	53213232	53213619	-2	1	-	NC_072433.2	53213280	53213591	ITGAD	XM_055298197.2	-	2	2	28	47	4	5	2	2	2	middle	middle	1.000	1.000	constitutive	constitutive	70	114	2
NC_072433.2	53230081	53230567	-1	1	-	NC_072433.2	53230112	53230420	ITGAX	XM_055297844.2	-	1	2	147	30	25	26	11	11	11	middle	middle	1.000	1.000	constitutive	constitutive	107	83	11
NC_072433.2	53235498	53235780	-2	1	-	NC_072433.2	53235500	53235780	ITGAX	XM_055297844.2	-	2	2	0	1	21	22	11	11	11	middle	middle	1.000	1.000	constitutive	constitutive	116	79	11
NC_072433.2	53254595	53255192	-3	1	-	NC_072433.2	53254790	53255122	ITGAX	XM_055297844.2	-	3	2	70	194	4	5	11	10	11	middle	middle	0.909	1.000	alternative	constitutive	70	111	10
NC_072433.2	53254595	53255192	-3	1	-	NC_072433.2	53254790	53255144	ITGAX	XM_063611913.1	-	3	2	48	194	1	2	11	1	11	first	middle	0.091	1.000	unique	constitutive	92	111	1
NC_072433.2	53503644	53504463	-2	1	-	NC_072433.2	53503645	53504367	KAT8	XM_055298113.2	-	2	2	96	0	8	10	2	2	1	middle	last	1.000	0.500	constitutive	unique	93	243	1
NC_072433.2	53503644	53504463	-2	1	-	NC_072433.2	53503734	53504367	KAT8	XM_055298114.2	-	2	2	96	89	8	10	2	2	1	middle	middle	1.000	0.500	constitutive	unique	93	154	1
NC_072433.2	53514647	53515097	-3	1	-	NC_072433.2	53514753	53515081	KAT8	XM_055298113.2	-	3	2	16	105	2	3	2	2	2	middle	middle	1.000	1.000	constitutive	constitutive	74	175	2
NC_072433.2	53526205	53526790	-1	1	-	NC_072433.2	53526263	53526508	BCKDK	XM_055298115.2	-	1	2	282	57	4	5	2	2	2	middle	middle	1.000	1.000	constitutive	constitutive	47	119	2
NC_072433.2	53526788	53527067	-3	1	-	NC_072433.2	53526795	53527067	BCKDK	XM_055298115.2	-	3	2	0	6	2	3	2	2	2	middle	middle	1.000	1.000	constitutive	constitutive	68	110	2
NC_072433.2	53881837	53882284	-1	1	-	NC_072433.2	53881892	53882218	RNF40	XM_055298806.2	-	1	2	66	54	6	7	5	5	5	middle	middle	1.000	1.000	constitutive	constitutive	146	74	5
NC_072433.2	53935549	53936245	-1	1	-	NC_072433.2	53935586	53936172	SRCAP	XM_055298789.2	-	1	2	73	36	9	10	10	10	10	middle	middle	1.000	1.000	constitutive	constitutive	173	322	10
NC_072433.2	54052814	54053621	3	1	+	NC_072433.2	54053097	54053613	ZNF689	XM_055298832.2	+	3	2	282	8	1	2	1	1	1	first	middle	1.000	1.000	constitutive	constitutive	204	113	1
NC_072433.2	54178710	54179253	-2	1	-	NC_072433.2	54178800	54179105	ITGAL	XM_055298803.2	-	2	2	148	89	10	11	3	3	3	middle	middle	1.000	1.000	constitutive	constitutive	73	132	3
NC_072433.2	54291295	54291604	-1	1	-	NC_072433.2	54291296	54291539	MYL11	XM_055298900.2	-	1	2	65	0	6	7	2	2	2	middle	last	1.000	1.000	constitutive	constitutive	48	101	2
NC_072433.2	54561521	54561872	3	1	+	NC_072433.2	54561522	54561855	MVP	XM_055233064.2	+	3	2	0	17	3	4	4	4	4	middle	middle	1.000	1.000	constitutive	constitutive	123	131	4
NC_072433.2	54746081	54746858	-3	1	-	NC_072433.2	54746184	54746678	DOC2A	XM_055297650.2	-	3	2	180	102	7	9	13	13	13	middle	middle	1.000	1.000	constitutive	constitutive	59	81	13
NC_072433.2	54860735	54861266	-3	1	-	NC_072433.2	54860880	54861172	GDPD3	XM_055297628.2	-	3	2	94	144	5	6	1	1	1	middle	middle	1.000	1.000	constitutive	constitutive	118	89	1
NC_072433.2	55074276	55074807	1	1	+	NC_072433.2	55074416	55074771	IL27	XM_055298320.2	+	1	2	139	36	2	3	1	1	1	middle	middle	1.000	1.000	constitutive	constitutive	172	98	1
NC_072433.2	55079783	55083137	-3	1	-	NC_072433.2	55079785	55083137	APOBR	XM_055298262.2	-	3	3	0	1	2	4	4	1	3	middle	middle	0.250	0.750	unique	alternative	1031	268	1
NC_072433.2	55079783	55083137	-3	1	-	NC_072433.2	55079785	55083137	APOBR	XM_063611977.1	-	3	2	0	1	2	3	4	2	1	middle	middle	0.500	0.250	alternative	unique	2999	304	1
NC_072433.2	55079783	55083137	-3	1	-	NC_072433.2	55079785	55083137	APOBR	XM_063611978.1	-	3	2	0	1	2	3	4	2	3	middle	middle	0.500	0.750	alternative	alternative	2999	268	1
NC_072433.2	55079783	55083137	-3	1	-	NC_072433.2	55079785	55083137	APOBR	XM_063611979.1	-	3	3	0	1	2	4	4	1	3	middle	middle	0.250	0.750	unique	alternative	1004	268	1
NC_072433.2	55209537	55210161	1	1	+	NC_072433.2	55209637	55209987	ATXN2L	XM_055298224.2	+	1	2	99	174	17	18	46	46	46	middle	middle	1.000	1.000	constitutive	constitutive	72	187	46
NC_072433.2	55210291	55210777	2	1	+	NC_072433.2	55210352	55210693	ATXN2L	XM_055298224.2	+	2	2	60	84	19	20	46	46	46	middle	middle	1.000	1.000	constitutive	constitutive	129	121	46
NC_072433.2	55363791	55364127	1	1	+	NC_072433.2	55363804	55364126	LAT	XM_055298906.2	+	1	2	12	1	1	2	5	5	5	first	middle	1.000	1.000	constitutive	constitutive	99	27	5
NC_072433.2	60050287	60050698	-1	1	-	NC_072433.2	60050288	60050662	CHP2	XM_055232763.2	-	1	2	36	0	6	7	1	1	1	middle	last	1.000	1.000	constitutive	constitutive	122	50	1
NC_072433.2	60249293	60250214	-3	1	-	NC_072433.2	60249602	60250127	UBFD1	XM_055232759.2	-	3	2	87	308	4	5	3	3	3	middle	middle	1.000	1.000	constitutive	constitutive	65	105	3
NC_072433.2	60282913	60283480	2	1	+	NC_072433.2	60283084	60283479	EARS2	XM_055232755.2	+	2	2	170	1	6	7	6	6	6	middle	middle	1.000	1.000	constitutive	constitutive	153	130	6
NC_072433.2	61656169	61656766	-1	1	-	NC_072433.2	61656248	61656766	EEF2K	XM_055232642.2	-	1	2	0	78	7	8	7	7	7	middle	middle	1.000	1.000	constitutive	constitutive	132	127	7
NC_072433.2	86234812	86235367	-1	1	-	NC_072433.2	86234821	86235341	CHD1	XM_055297569.2	-	1	2	26	8	5	6	2	2	2	middle	middle	1.000	1.000	constitutive	constitutive	149	271	2
NC_072434.2	13540766	13541363	3	1	+	NC_072434.2	13540790	13541285	LAMB3	XM_055235153.2	+	3	2	23	78	14	15	6	6	6	middle	middle	1.000	1.000	constitutive	constitutive	160	220	6
NC_072434.2	15452630	15453194	-1	1	-	NC_072434.2	15452632	15452995	CR1L	XM_055234580.2	-	1	2	199	1	6	7	1	1	1	middle	middle	1.000	1.000	constitutive	constitutive	176	102	1
NC_072434.2	15644881	15645286	-2	1	-	NC_072434.2	15644883	15645255	CR2	XM_055234577.2	-	2	2	31	1	3	4	3	3	3	middle	middle	1.000	1.000	constitutive	constitutive	188	99	3
NC_072434.2	17963705	17964407	-1	1	-	NC_072434.2	17963960	17964388	CNTN2	XM_055234102.2	-	1	2	19	254	10	11	2	2	2	middle	middle	1.000	1.000	constitutive	constitutive	150	127	2
NC_072434.2	20837198	20837624	-1	1	-	NC_072434.2	20837340	20837615	LOC129458580	XM_063613249.1	-	1	2	9	141	26	27	1	1	1	middle	middle	1.000	1.000	constitutive	constitutive	96	76	1
NC_072434.2	21813941	21821579	-1	1	-	NC_072434.2	21813977	21821566	IGFN1	XM_055234452.2	-	1	2	13	35	11	12	1	1	1	middle	middle	1.000	1.000	constitutive	constitutive	51	115	1
NC_072434.2	21958564	21959110	2	1	+	NC_072434.2	21958606	21959068	CACNA1S	XM_055233618.1	+	2	2	41	42	18	19	1	1	1	middle	middle	1.000	1.000	constitutive	constitutive	129	59	1
NC_072434.2	21961679	21962486	3	1	+	NC_072434.2	21961868	21962345	CACNA1S	XM_055233618.1	+	3	2	188	141	21	22	1	1	1	middle	middle	1.000	1.000	constitutive	constitutive	87	107	1
NC_072434.2	22022102	22022567	3	1	+	NC_072434.2	22022169	22022555	KIF21B	XM_055233846.2	+	3	2	66	12	4	5	8	8	8	middle	middle	1.000	1.000	constitutive	constitutive	149	134	8
NC_072434.2	22037597	22038452	3	1	+	NC_072434.2	22037720	22038305	KIF21B	XM_055233846.2	+	3	2	122	147	19	20	8	8	8	middle	middle	1.000	1.000	constitutive	constitutive	147	194	8
NC_072434.2	36369744	36370149	1	1	+	NC_072434.2	36369745	36370104	TPR	XM_055234976.2	+	1	2	0	45	29	30	2	2	2	middle	middle	1.000	1.000	constitutive	constitutive	137	131	2
NC_072434.2	36585515	36585965	-1	1	-	NC_072434.2	36585521	36585925	HMCN1	XM_055234444.1	-	1	2	40	5	79	80	1	1	1	middle	middle	1.000	1.000	constitutive	constitutive	137	134	1
NC_072434.2	37387637	37388147	3	1	+	NC_072434.2	37387699	37388124	IVNS1ABP	XM_055235293.2	+	3	2	61	23	11	12	2	2	2	middle	middle	1.000	1.000	constitutive	constitutive	131	173	2
NC_072434.2	39484953	39485514	-3	1	-	NC_072434.2	39484959	39485310	LAMC2	XM_055234615.2	-	3	2	204	5	21	22	1	1	1	middle	middle	1.000	1.000	constitutive	constitutive	158	99	1
NC_072434.2	47822921	47823347	3	1	+	NC_072434.2	47822964	47823320	JAK1	XM_055234907.2	+	3	2	42	27	17	18	13	13	13	middle	middle	1.000	1.000	constitutive	constitutive	150	94	13
NC_072434.2	67718642	67719023	3	1	+	NC_072434.2	67718722	67718999	MIA3	XM_055234985.2	+	3	2	79	24	25	26	6	6	6	middle	middle	1.000	1.000	constitutive	constitutive	68	79	6
NC_072434.2	72504858	72505278	-3	1	-	NC_072434.2	72504877	72505255	C19H1orf35	XM_055234451.2	-	3	2	23	18	3	5	1	1	1	middle	middle	1.000	1.000	constitutive	constitutive	45	72	1
NC_072434.2	72505487	72505889	-1	1	-	NC_072434.2	72505489	72505817	C19H1orf35	XM_055234451.2	-	1	2	72	1	1	2	1	1	1	first	middle	1.000	1.000	constitutive	constitutive	93	150	1
NC_072434.2	72510427	72511012	-2	1	-	NC_072434.2	72510542	72510959	MRPL55	XM_055234141.2	-	2	2	53	114	2	4	1	1	1	middle	middle	1.000	1.000	constitutive	constitutive	84	201	1
NC_072434.2	72614845	72617200	2	1	+	NC_072434.2	72614945	72616865	OBSCN	XM_055233742.2	+	2	2	99	335	1	2	4	4	4	first	middle	1.000	1.000	constitutive	constitutive	987	269	4
NC_072434.2	72695883	72697413	1	1	+	NC_072434.2	72696212	72697306	OBSCN	XM_055233742.2	+	1	2	328	107	44	45	4	4	4	middle	middle	1.000	1.000	constitutive	constitutive	263	263	4
NC_072434.2	72740496	72741144	1	1	+	NC_072434.2	72740657	72741036	OBSCN	XM_055233742.2	+	1	2	160	108	75	76	4	4	4	middle	middle	1.000	1.000	constitutive	constitutive	122	139	4
NC_072434.2	72773068	72773707	2	1	+	NC_072434.2	72773147	72773706	OBSCN	XM_055233742.2	+	2	2	78	1	98	99	4	3	3	middle	middle	0.750	0.750	alternative	alternative	77	172	3
NC_072434.2	75443629	75443980	-2	1	-	NC_072434.2	75443631	75443939	TTC13	XM_055235398.2	-	2	2	41	1	21	22	12	12	12	middle	middle	1.000	1.000	constitutive	constitutive	78	79	12
NC_072434.2	92504670	92505012	-3	1	-	NC_072434.2	92504691	92504957	ZNF692	XM_055233902.2	-	3	2	55	20	10	11	8	2	2	middle	middle	0.250	0.250	alternative	alternative	85	99	2
NC_072435.2	104094835	104095189	-2	1	-	NC_072435.2	104094893	104095164	SART3	XM_055236338.2	-	2	2	25	57	10	11	3	3	3	middle	middle	1.000	1.000	constitutive	constitutive	77	58	3
NC_072435.2	105909100	105909619	2	1	+	NC_072435.2	105909151	105909619	ATP2A2	XM_055236363.2	+	2	2	50	0	19	20	3	3	2	middle	last	1.000	0.667	constitutive	alternative	117	266	2
NC_072435.2	105909100	105909619	2	1	+	NC_072435.2	105909151	105909473	ATP2A2	XM_055236364.2	+	2	2	50	146	19	20	3	3	1	middle	middle	1.000	0.333	constitutive	unique	117	120	1
NC_072435.2	107366828	107367359	3	1	+	NC_072435.2	107366925	107367261	ACAD10	XM_063614433.1	+	3	2	96	98	15	16	1	1	1	middle	middle	1.000	1.000	constitutive	constitutive	137	90	1
NC_072435.2	107369195	107369537	3	1	+	NC_072435.2	107369323	107369478	ACAD10	XM_063614433.1	+	3	2	127	59	17	19	1	1	1	middle	middle	1.000	1.000	constitutive	constitutive	27	14	1
NC_072435.2	108772146	108772833	1	1	+	NC_072435.2	108772195	108772818	DTX1	XM_055238311.2	+	1	3	48	15	6	8	1	1	1	middle	middle	1.000	1.000	constitutive	constitutive	158	89	1
NC_072435.2	108843758	108844220	-1	1	-	NC_072435.2	108843810	108844198	DDX54	XM_055238300.2	-	1	2	22	51	13	14	1	1	1	middle	middle	1.000	1.000	constitutive	constitutive	230	73	1
NC_072435.2	108955608	108956136	1	1	+	NC_072435.2	108955690	108956135	TPCN1	XM_055238295.2	+	1	2	81	1	11	12	5	5	5	middle	middle	1.000	1.000	constitutive	constitutive	116	124	5
NC_072435.2	115886064	115886481	-3	1	-	NC_072435.2	115886116	115886467	RPLP0	XM_055237620.2	-	3	2	14	51	3	4	1	1	1	middle	middle	1.000	1.000	constitutive	constitutive	87	146	1
NC_072435.2	116065301	116066087	-1	1	-	NC_072435.2	116065397	116065655	MSI1	XM_055237793.2	-	1	2	432	95	1	2	4	4	4	first	middle	1.000	1.000	constitutive	constitutive	58	40	4
NC_072435.2	117186134	117187058	-1	1	-	NC_072435.2	117186261	117186785	KDM2B	XM_055236927.2	-	1	2	273	126	15	16	19	12	12	middle	middle	0.632	0.632	alternative	alternative	86	260	12
NC_072435.2	117186134	117187058	-1	1	-	NC_072435.2	117186261	117186785	KDM2B	XM_063614625.1	-	1	2	273	126	15	16	19	7	7	middle	middle	0.368	0.368	alternative	alternative	87	268	7
NC_072435.2	117555638	117556646	3	1	+	NC_072435.2	117555837	117556316	SETD1B	XM_055236923.2	+	3	2	198	330	1	2	3	3	3	first	middle	1.000	1.000	constitutive	constitutive	173	98	3
NC_072435.2	117567973	117568852	2	1	+	NC_072435.2	117568097	117568756	SETD1B	XM_055236923.2	+	2	2	123	96	7	8	3	3	3	middle	middle	1.000	1.000	constitutive	constitutive	261	322	3
NC_072435.2	117579042	117579615	1	1	+	NC_072435.2	117579085	117579420	SETD1B	XM_055236923.2	+	1	2	42	195	14	15	3	3	3	middle	middle	1.000	1.000	constitutive	constitutive	119	137	3
NC_072435.2	117929405	117930314	-1	1	-	NC_072435.2	117929850	117930179	IL31	XM_055236997.1	-	1	2	135	444	1	2	1	1	1	first	middle	1.000	1.000	constitutive	constitutive	15	148	1
NC_072435.2	118604096	118604636	3	1	+	NC_072435.2	118604129	118604508	HIP1R	XM_055237973.2	+	3	2	32	128	13	14	5	3	5	middle	middle	0.600	1.000	alternative	constitutive	72	183	3
NC_072435.2	118604096	118604636	3	1	+	NC_072435.2	118604114	118604508	HIP1R	XM_063614657.1	+	3	2	17	128	13	14	5	2	5	middle	middle	0.400	1.000	alternative	constitutive	87	183	2
NC_072435.2	118606311	118607199	1	1	+	NC_072435.2	118606420	118606753	HIP1R	XM_055237973.2	+	1	2	108	446	19	20	5	5	5	middle	middle	1.000	1.000	constitutive	constitutive	147	86	5
NC_072435.2	118609402	118610023	2	1	+	NC_072435.2	118609536	118609924	HIP1R	XM_055237973.2	+	2	2	133	99	30	31	5	5	5	middle	middle	1.000	1.000	constitutive	constitutive	61	206	5
NC_072435.2	118732562	118733858	3	1	+	NC_072435.2	118732641	118733754	ARL6IP4	XM_055238001.2	+	3	2	78	104	1	3	1	1	1	first	middle	1.000	1.000	constitutive	constitutive	346	170	1
NC_072435.2	118738468	118739518	-2	1	-	NC_072435.2	118738913	118739306	PITPNM2	XM_055237957.2	-	2	2	212	444	21	22	3	2	1	middle	middle	0.667	0.333	alternative	unique	183	128	1
NC_072435.2	118738468	118739518	-2	1	-	NC_072435.2	118738913	118739306	PITPNM2	XM_063614623.1	-	2	2	212	444	23	24	3	2	1	middle	middle	0.667	0.333	alternative	unique	183	47	1
NC_072435.2	120760754	120761177	-1	1	-	NC_072435.2	120760811	120761142	DHX37	XM_055236222.2	-	1	2	35	56	19	20	3	3	3	middle	middle	1.000	1.000	constitutive	constitutive	124	116	3
NC_072435.2	126042630	126043122	1	1	+	NC_072435.2	126042658	126043121	PIWIL1	XM_055235670.2	+	1	2	27	1	9	10	8	8	8	middle	middle	1.000	1.000	constitutive	constitutive	126	117	8
NC_072435.2	127420646	127421387	3	1	+	NC_072435.2	127420805	127421136	MMP17	XM_055237826.2	+	3	2	158	251	7	8	3	3	3	middle	middle	1.000	1.000	constitutive	constitutive	82	152	3
NC_072435.2	127478927	127479515	3	1	+	NC_072435.2	127478944	127479269	ULK1	XM_055236785.2	+	3	2	16	246	7	8	4	4	4	middle	middle	1.000	1.000	constitutive	constitutive	73	101	4
NC_072435.2	127487275	127487818	2	1	+	NC_072435.2	127487299	127487801	ULK1	XM_055236785.2	+	2	2	23	17	21	22	4	4	4	middle	middle	1.000	1.000	constitutive	constitutive	109	143	4
NC_072435.2	127490828	127491251	3	1	+	NC_072435.2	127490991	127491251	ULK1	XM_055236785.2	+	3	2	162	0	27	28	4	4	4	middle	last	1.000	1.000	constitutive	constitutive	135	52	4
NC_072435.2	127715504	127716164	3	1	+	NC_072435.2	127715754	127716099	NOC4L	XM_055239758.2	+	3	2	249	65	5	6	5	4	5	middle	middle	0.800	1.000	alternative	constitutive	149	99	4
NC_072435.2	127715504	127716164	3	1	+	NC_072435.2	127715811	127716099	NOC4L	XM_055239762.2	+	3	2	306	65	5	6	5	1	5	middle	middle	0.200	1.000	unique	constitutive	92	99	1
NC_072435.2	127717928	127718792	3	1	+	NC_072435.2	127718478	127718792	NOC4L	XM_055239758.2	+	3	2	549	0	14	15	5	5	5	middle	last	1.000	1.000	constitutive	constitutive	113	116	5
NC_072435.2	128118730	128119735	2	1	+	NC_072435.2	128118825	128119439	FBRSL1	XM_055238085.2	+	2	2	94	296	7	8	13	12	11	middle	middle	0.923	0.846	alternative	alternative	315	205	11
NC_072435.2	128118730	128119735	2	1	+	NC_072435.2	128118825	128119439	FBRSL1	XM_055238087.2	+	2	2	94	296	7	8	13	12	1	middle	middle	0.923	0.077	alternative	unique	315	202	1
NC_072435.2	128214750	128215320	-3	1	-	NC_072435.2	128214835	128215128	POLE	XM_055238083.2	-	3	2	192	84	28	29	2	2	2	middle	middle	1.000	1.000	constitutive	constitutive	80	122	2
NC_072435.2	128226218	128226767	-1	1	-	NC_072435.2	128226359	128226746	POLE	XM_055238083.2	-	1	2	21	140	18	19	2	2	2	middle	middle	1.000	1.000	constitutive	constitutive	102	146	2
NC_072435.2	20051765	20052233	3	1	+	NC_072435.2	20051847	20052126	CHMP2A	XM_055239090.2	+	3	2	81	107	3	4	4	4	4	middle	middle	1.000	1.000	constitutive	constitutive	130	61	4
NC_072435.2	20053707	20054094	-3	1	-	NC_072435.2	20053762	20054094	TRIM28	XM_055239071.2	-	3	2	0	54	15	16	1	1	1	middle	middle	1.000	1.000	constitutive	constitutive	86	137	1
NC_072435.2	20055179	20055803	-1	1	-	NC_072435.2	20055269	20055556	TRIM28	XM_055239071.2	-	1	2	247	89	9	10	1	1	1	middle	middle	1.000	1.000	constitutive	constitutive	106	36	1
NC_072435.2	20058111	20058609	-3	1	-	NC_072435.2	20058117	20058584	TRIM28	XM_055239071.2	-	3	2	25	5	2	3	1	1	1	middle	middle	1.000	1.000	constitutive	constitutive	112	132	1
NC_072435.2	20105872	20106568	2	1	+	NC_072435.2	20105937	20106509	SLC27A5	XM_055239078.1	+	2	2	64	59	7	8	2	2	2	middle	middle	1.000	1.000	constitutive	constitutive	198	97	2
NC_072435.2	20638540	20639014	2	1	+	NC_072435.2	20638562	20638895	C13H19orf18	XM_055239957.2	+	2	2	21	119	1	2	1	1	1	first	middle	1.000	1.000	constitutive	constitutive	120	104	1
NC_072435.2	22107496	22107931	-2	1	-	NC_072435.2	22107592	22107931	ZNF470	XM_055237610.2	-	2	2	0	95	2	3	5	3	5	middle	middle	0.600	1.000	alternative	constitutive	126	95	3
NC_072435.2	22107496	22107931	-2	1	-	NC_072435.2	22107592	22107838	ZNF470	XM_055237612.2	-	2	2	93	95	1	2	5	2	5	first	middle	0.400	1.000	alternative	constitutive	33	95	2
NC_072435.2	22951316	22952030	-1	1	-	NC_072435.2	22951317	22951942	EPN1	XM_055237679.2	-	1	2	88	0	9	10	11	11	11	middle	last	1.000	1.000	constitutive	constitutive	257	205	11
NC_072435.2	23161025	23161865	-1	1	-	NC_072435.2	23161106	23161747	SSC5D	XM_055237668.2	-	1	2	118	80	3	4	2	2	2	middle	middle	1.000	1.000	constitutive	constitutive	308	113	2
NC_072435.2	23350936	23351308	-2	1	-	NC_072435.2	23350967	23351150	BRSK1	XM_055236718.1	-	2	2	158	30	6	7	2	2	2	middle	middle	1.000	1.000	constitutive	constitutive	33	68	2
NC_072435.2	23411415	23411745	1	1	+	NC_072435.2	23411476	23411744	PPP6R1	XM_055235623.2	+	1	2	60	1	13	14	5	5	5	middle	middle	1.000	1.000	constitutive	constitutive	89	97	5
NC_072435.2	23593655	23594096	3	1	+	NC_072435.2	23593747	23594095	PPP1R12C	XM_055236554.2	+	3	2	91	1	16	17	3	1	3	middle	middle	0.333	1.000	unique	constitutive	85	40	1
NC_072435.2	23593655	23594096	3	1	+	NC_072435.2	23593750	23594095	PPP1R12C	XM_055236555.2	+	3	2	94	1	16	17	3	2	3	middle	middle	0.667	1.000	alternative	constitutive	82	40	2
NC_072435.2	23930025	23930412	-3	1	-	NC_072435.2	23930026	23930375	LOC129460710	XM_055238975.2	-	3	2	37	0	8	9	1	1	1	middle	last	1.000	1.000	constitutive	constitutive	52	188	1
NC_072435.2	24172335	24173124	1	1	+	NC_072435.2	24172361	24173092	LOC129460680	XM_055238887.2	+	1	2	25	32	4	5	1	1	1	middle	middle	1.000	1.000	constitutive	constitutive	281	302	1
NC_072435.2	24185698	24186589	2	1	+	NC_072435.2	24185787	24186521	LOC129460676	XM_055238856.2	+	2	2	88	68	3	4	23	23	12	middle	middle	1.000	0.522	constitutive	alternative	284	302	12
NC_072435.2	24185698	24186589	2	1	+	NC_072435.2	24185787	24186280	LOC129460676	XM_055238871.2	+	2	2	88	309	3	4	23	23	11	middle	middle	1.000	0.478	constitutive	alternative	284	61	11
NC_072435.2	24262948	24263569	-2	1	-	NC_072435.2	24262950	24263545	CNOT3	XM_055238816.2	-	2	2	24	1	10	11	14	14	14	middle	middle	1.000	1.000	constitutive	constitutive	387	123	14
NC_072435.2	24496943	24498608	-1	1	-	NC_072435.2	24496945	24497516	PRKCG	XM_055238845.2	-	1	2	1092	1	17	18	1	1	1	middle	middle	1.000	1.000	constitutive	constitutive	140	184	1
NC_072435.2	25129083	25130022	-3	1	-	NC_072435.2	25129084	25130010	LOC129459311	XM_055235913.2	-	3	2	12	0	2	3	1	1	1	middle	last	1.000	1.000	constitutive	constitutive	174	712	1
NC_072435.2	25980972	25982226	-3	1	-	NC_072435.2	25980982	25982172	ZNF880	XM_055238913.2	-	3	3	54	9	5	7	1	1	1	middle	middle	1.000	1.000	constitutive	constitutive	242	391	1
NC_072435.2	27490749	27491157	-3	1	-	NC_072435.2	27490750	27491119	ACP4	XM_055238079.2	-	3	2	38	0	10	11	1	1	1	middle	last	1.000	1.000	constitutive	constitutive	178	112	1
NC_072435.2	27493545	27493977	-3	1	-	NC_072435.2	27493576	27493842	ACP4	XM_055238079.2	-	3	2	135	30	5	6	1	1	1	middle	middle	1.000	1.000	constitutive	constitutive	98	95	1
NC_072435.2	27577381	27578083	2	1	+	NC_072435.2	27577415	27578059	SHANK1	XM_055235995.2	+	2	2	33	24	1	2	4	4	4	first	middle	1.000	1.000	constitutive	constitutive	254	203	4
NC_072435.2	27879780	27880350	-3	1	-	NC_072435.2	27879889	27880335	POLD1	XM_055239493.2	-	3	2	15	108	17	18	2	2	2	middle	middle	1.000	1.000	constitutive	constitutive	95	137	2
NC_072435.2	27886662	27887520	-3	1	-	NC_072435.2	27886664	27887094	POLD1	XM_055239493.2	-	3	2	426	1	12	13	2	2	2	middle	middle	1.000	1.000	constitutive	constitutive	191	88	2
NC_072435.2	28029892	28030867	-2	1	-	NC_072435.2	28029951	28030820	MYH14	XM_055237047.2	-	2	2	47	58	19	20	7	7	7	middle	middle	1.000	1.000	constitutive	constitutive	69	160	7
NC_072435.2	28340652	28341192	-3	1	-	NC_072435.2	28340761	28341131	TBC1D17	XM_055238414.2	-	3	2	61	108	14	15	3	3	3	middle	middle	1.000	1.000	constitutive	constitutive	97	116	3
NC_072435.2	28373564	28374635	-1	1	-	NC_072435.2	28373566	28373894	PTOV1	XM_055236584.2	-	1	2	741	1	2	3	7	7	7	middle	middle	1.000	1.000	constitutive	constitutive	137	82	7
NC_072435.2	28393233	28394151	-3	1	-	NC_072435.2	28393396	28394037	MED25	XM_055236755.2	-	3	2	114	162	14	15	4	4	4	middle	middle	1.000	1.000	constitutive	constitutive	191	71	4
NC_072435.2	28396881	28397322	-3	1	-	NC_072435.2	28396936	28397251	MED25	XM_055236755.2	-	3	2	71	54	12	13	4	4	4	middle	middle	1.000	1.000	constitutive	constitutive	57	107	4
NC_072435.2	28611849	28612254	-3	1	-	NC_072435.2	28611850	28612206	PRR12	XM_063615694.1	-	3	2	48	0	12	13	2	1	1	middle	last	0.500	0.500	unique	unique	180	61	1
NC_072435.2	28641257	28644896	-1	1	-	NC_072435.2	28641285	28644844	PRR12	XM_055237257.2	-	1	2	52	27	3	4	2	2	2	middle	middle	1.000	1.000	constitutive	constitutive	161	3316	2
NC_072435.2	28679328	28680141	1	1	+	NC_072435.2	28679440	28680140	NOSIP	XM_055237331.2	+	1	3	111	1	5	7	3	2	3	middle	middle	0.667	1.000	alternative	constitutive	159	187	2
NC_072435.2	28679328	28680141	1	1	+	NC_072435.2	28679440	28680140	NOSIP	XM_063615737.1	+	1	3	111	1	4	6	3	1	3	middle	middle	0.333	1.000	unique	constitutive	168	187	1
NC_072435.2	28746052	28746628	-2	1	-	NC_072435.2	28746054	28746580	RPS11	XM_055237347.2	-	2	2	48	1	3	4	1	1	1	middle	middle	1.000	1.000	constitutive	constitutive	75	129	1
NC_072435.2	28764909	28765359	-3	1	-	NC_072435.2	28764910	28765208	FLT3LG	XM_055237310.2	-	3	2	151	0	6	7	14	8	8	middle	last	0.571	0.571	alternative	alternative	178	44	8
NC_072435.2	28781673	28782111	-3	1	-	NC_072435.2	28781675	28782046	ALDH16A1	XM_055237272.2	-	3	2	65	1	11	12	2	2	2	middle	middle	1.000	1.000	constitutive	constitutive	105	130	2
NC_072435.2	28814600	28815476	3	1	+	NC_072435.2	28814992	28815425	SLC17A7	XM_055237296.2	+	3	2	391	51	10	11	2	2	2	middle	middle	1.000	1.000	constitutive	constitutive	110	127	2
NC_072435.2	29041338	29041755	-3	1	-	NC_072435.2	29041339	29041671	TRPM4	XM_055240339.2	-	3	2	84	0	22	23	10	10	10	middle	last	1.000	1.000	constitutive	constitutive	105	1	10
NC_072435.2	29113472	29114078	-1	1	-	NC_072435.2	29113625	29114045	PPFIA3	XM_055240348.2	-	1	2	33	152	16	17	2	2	2	middle	middle	1.000	1.000	constitutive	constitutive	163	127	2
NC_072435.2	29458665	29459112	1	1	+	NC_072435.2	29458687	29459111	BCAT2	XM_055235882.2	+	1	2	21	1	5	6	6	6	6	middle	middle	1.000	1.000	constitutive	constitutive	119	163	6
NC_072435.2	29461699	29462404	2	1	+	NC_072435.2	29462039	29462329	BCAT2	XM_055235882.2	+	2	2	339	75	9	10	6	6	4	middle	middle	1.000	0.667	constitutive	alternative	140	74	4
NC_072435.2	29461699	29462404	2	1	+	NC_072435.2	29462039	29462404	BCAT2	XM_063615918.1	+	2	2	339	0	9	10	6	6	2	middle	last	1.000	0.333	constitutive	alternative	140	149	2
NC_072435.2	29541663	29542458	1	1	+	NC_072435.2	29541837	29542377	MAMSTR	XM_055235880.2	+	1	2	173	81	5	6	1	1	1	middle	middle	1.000	1.000	constitutive	constitutive	102	194	1
NC_072435.2	29614754	29615261	3	1	+	NC_072435.2	29614917	29615234	CA11	XM_055235895.2	+	3	2	162	27	6	7	1	1	1	middle	middle	1.000	1.000	constitutive	constitutive	72	154	1
NC_072435.2	29961597	29961960	1	1	+	NC_072435.2	29961620	29961959	ODAD1	XM_055235829.2	+	1	2	22	1	11	12	12	12	12	middle	middle	1.000	1.000	constitutive	constitutive	163	97	12
NC_072435.2	30136093	30136654	2	1	+	NC_072435.2	30136216	30136653	LIG1	XM_055235821.2	+	2	2	122	1	14	15	5	5	5	middle	middle	1.000	1.000	constitutive	constitutive	91	99	5
NC_072435.2	30993106	30994147	-2	1	-	NC_072435.2	30993281	30994091	CCDC9	XM_055240119.2	-	2	3	56	174	8	10	14	10	14	middle	middle	0.714	1.000	alternative	constitutive	76	105	10
NC_072435.2	30993106	30994147	-2	1	-	NC_072435.2	30993281	30994061	CCDC9	XM_063615816.1	-	2	3	86	174	9	11	14	4	14	middle	middle	0.286	1.000	alternative	constitutive	46	105	4
NC_072435.2	31899865	31900426	-2	1	-	NC_072435.2	31899866	31900153	LOC129460174	XM_063614983.1	-	2	2	273	0	9	10	1	1	1	middle	last	1.000	1.000	constitutive	constitutive	71	59	1
NC_072435.2	32245592	32246444	-1	1	-	NC_072435.2	32245593	32245955	MLLT1	XM_055238264.2	-	1	2	489	0	11	12	4	4	4	middle	last	1.000	1.000	constitutive	constitutive	71	125	4
NC_072435.2	32449389	32450160	-3	1	-	NC_072435.2	32449390	32449820	KHSRP	XM_055238242.2	-	3	2	340	0	18	19	6	6	4	middle	last	1.000	0.667	constitutive	alternative	77	274	4
NC_072435.2	32449389	32450160	-3	1	-	NC_072435.2	32449504	32449820	KHSRP	XM_055238244.2	-	3	2	340	114	18	19	6	6	2	middle	middle	1.000	0.333	constitutive	alternative	77	160	2
NC_072435.2	32450616	32451330	-3	1	-	NC_072435.2	32450854	32451246	KHSRP	XM_055238242.2	-	3	2	84	237	13	14	6	6	6	middle	middle	1.000	1.000	constitutive	constitutive	144	160	6
NC_072435.2	32452028	32452580	-1	1	-	NC_072435.2	32452115	32452457	KHSRP	XM_055238242.2	-	1	2	123	86	10	11	6	6	6	middle	middle	1.000	1.000	constitutive	constitutive	98	102	6
NC_072435.2	32512568	32512949	-1	1	-	NC_072435.2	32512614	32512925	DENND1C	XM_055235630.2	-	1	2	24	45	13	14	8	8	8	middle	middle	1.000	1.000	constitutive	constitutive	101	125	8
NC_072435.2	32724546	32724930	-3	1	-	NC_072435.2	32724548	32724810	C3	XM_055240183.2	-	3	2	120	1	32	33	1	1	1	middle	middle	1.000	1.000	constitutive	constitutive	90	51	1
NC_072435.2	32724841	32725306	-2	1	-	NC_072435.2	32724935	32725306	C3	XM_055240183.2	-	2	2	0	93	30	31	1	1	1	middle	middle	1.000	1.000	constitutive	constitutive	158	59	1
NC_072435.2	32749089	32750292	-3	1	-	NC_072435.2	32749192	32750268	C3	XM_055240183.2	-	3	2	24	102	13	14	1	1	1	middle	middle	1.000	1.000	constitutive	constitutive	206	158	1
NC_072435.2	32770607	32771309	-1	1	-	NC_072435.2	32770609	32770904	GPR108	XM_055240240.2	-	1	2	405	1	16	17	7	5	5	middle	middle	0.714	0.714	alternative	alternative	83	124	4
NC_072435.2	32770607	32771309	-1	1	-	NC_072435.2	32770609	32770856	GPR108	XM_055240242.2	-	1	2	453	1	16	17	7	1	5	middle	middle	0.143	0.714	unique	alternative	35	124	1
NC_072435.2	32770607	32771309	-1	1	-	NC_072435.2	32770609	32770904	GPR108	XM_055240244.2	-	1	2	405	1	16	17	7	5	1	middle	middle	0.714	0.143	alternative	unique	83	67	1
NC_072435.2	32946247	32946790	2	1	+	NC_072435.2	32946354	32946752	ADGRE1	XM_055240206.2	+	2	2	106	38	4	5	3	2	2	middle	middle	0.667	0.667	alternative	alternative	155	119	2
NC_072435.2	33565011	33565677	1	1	+	NC_072435.2	33565133	33565656	PNPLA6	XM_055240194.2	+	1	3	121	21	12	14	17	17	16	middle	middle	1.000	0.941	constitutive	alternative	109	77	16
NC_072435.2	33565011	33565677	1	1	+	NC_072435.2	33565133	33565500	PNPLA6	XM_055240200.2	+	1	2	121	177	12	13	17	17	17	middle	middle	1.000	1.000	constitutive	constitutive	109	167	1
NC_072435.2	33583487	33583988	3	1	+	NC_072435.2	33583602	33583904	PNPLA6	XM_055240194.2	+	3	2	114	84	31	32	17	17	17	middle	middle	1.000	1.000	constitutive	constitutive	96	109	17
NC_072435.2	33648031	33648607	-2	1	-	NC_072435.2	33648188	33648580	XAB2	XM_055240209.2	-	2	2	27	156	5	6	1	1	1	middle	middle	1.000	1.000	constitutive	constitutive	134	164	1
NC_072435.2	33701053	33701725	2	1	+	NC_072435.2	33701106	33701725	MCEMP1	XM_055240288.1	+	2	3	52	0	5	7	1	1	1	middle	last	1.000	1.000	constitutive	constitutive	113	13	1
NC_072435.2	33711514	33712114	-2	1	-	NC_072435.2	33711516	33711915	FCER2	XM_055240264.2	-	2	2	199	1	8	9	15	15	8	middle	middle	1.000	0.533	constitutive	alternative	151	106	8
NC_072435.2	33711514	33712114	-2	1	-	NC_072435.2	33711516	33711915	FCER2	XM_063615000.1	-	2	2	199	1	8	9	15	15	7	middle	middle	1.000	0.467	constitutive	alternative	151	124	7
NC_072435.2	33743619	33744399	-3	1	-	NC_072435.2	33743908	33744329	CLEC4G	XM_055240269.2	-	3	2	70	288	6	7	2	2	2	middle	middle	1.000	1.000	constitutive	constitutive	89	148	2
NC_072435.2	33871099	33871771	2	1	+	NC_072435.2	33871310	33871618	EVI5L	XM_055240213.2	+	2	2	210	153	17	18	4	4	4	middle	middle	1.000	1.000	constitutive	constitutive	95	95	4
NC_072435.2	33918620	33919031	3	1	+	NC_072435.2	33918752	33919031	MAP2K7	XM_055236058.2	+	3	2	131	0	11	12	3	3	3	middle	last	1.000	1.000	constitutive	constitutive	45	131	3
NC_072435.2	33928141	33928978	2	1	+	NC_072435.2	33928166	33928808	SNAPC2	XM_055236066.2	+	2	2	24	170	3	4	1	1	1	middle	middle	1.000	1.000	constitutive	constitutive	68	312	1
NC_072435.2	34340287	34340902	-2	1	-	NC_072435.2	34340468	34340848	KANK3	XM_055237503.2	-	2	2	54	180	9	10	2	2	2	middle	middle	1.000	1.000	constitutive	constitutive	200	98	2
NC_072435.2	34511655	34511952	-3	1	-	NC_072435.2	34511657	34511937	PRAM1	XM_055237505.2	-	3	2	15	1	7	8	4	4	4	middle	middle	1.000	1.000	constitutive	constitutive	162	33	4
NC_072435.2	34545746	34546019	-1	1	-	NC_072435.2	34545748	34545943	MYO1F	XM_055236889.2	-	1	2	76	1	26	29	1	1	1	middle	middle	1.000	1.000	constitutive	constitutive	53	81	1
NC_072435.2	34553522	34553990	-1	1	-	NC_072435.2	34553532	34553909	MYO1F	XM_055236889.2	-	1	2	81	9	20	21	1	1	1	middle	middle	1.000	1.000	constitutive	constitutive	114	169	1
NC_072435.2	34571917	34572298	-2	1	-	NC_072435.2	34571978	34572259	MYO1F	XM_055236889.2	-	2	2	39	60	11	12	1	1	1	middle	middle	1.000	1.000	constitutive	constitutive	80	86	1
NC_072435.2	35155639	35156158	-2	1	-	NC_072435.2	35155678	35156034	MUC16	XM_055237836.1	-	2	2	124	38	69	70	1	1	1	middle	middle	1.000	1.000	constitutive	constitutive	35	65	1
NC_072435.2	36110470	36111085	-2	1	-	NC_072435.2	36110471	36110947	COL5A3	XM_055238568.2	-	2	2	138	0	66	67	2	1	1	middle	last	0.500	0.500	unique	unique	239	143	1
NC_072435.2	36120131	36121070	-1	1	-	NC_072435.2	36120210	36121040	COL5A3	XM_055238568.2	-	1	2	30	78	54	55	2	2	2	middle	middle	1.000	1.000	constitutive	constitutive	53	53	2
NC_072435.2	36138369	36138663	-3	1	-	NC_072435.2	36138397	36138639	COL5A3	XM_055238568.2	-	3	2	24	27	26	27	2	2	2	middle	middle	1.000	1.000	constitutive	constitutive	44	53	2
NC_072435.2	36142575	36142770	-3	1	-	NC_072435.2	36142585	36142770	COL5A3	XM_055238568.2	-	3	2	0	9	17	18	2	2	2	middle	middle	1.000	1.000	constitutive	constitutive	53	53	2
NC_072435.2	36242679	36243237	1	1	+	NC_072435.2	36242743	36243114	SHFL	XM_055237436.2	+	1	2	63	123	2	3	3	3	3	middle	middle	1.000	1.000	constitutive	constitutive	123	49	3
NC_072435.2	36266284	36266800	2	1	+	NC_072435.2	36266335	36266800	PPAN	XM_055238215.2	+	2	2	50	0	11	12	2	2	2	middle	last	1.000	1.000	constitutive	constitutive	169	217	2
NC_072435.2	36462070	36462796	-2	1	-	NC_072435.2	36462071	36462462	ZGLP1	XM_055238224.2	-	2	2	334	0	4	5	1	1	1	middle	last	1.000	1.000	constitutive	constitutive	93	114	1
NC_072435.2	36480447	36481095	-3	1	-	NC_072435.2	36480457	36481061	RAVER1	XM_055238208.2	-	3	2	34	9	8	9	4	4	2	middle	middle	1.000	0.500	constitutive	alternative	211	296	2
NC_072435.2	36480447	36481095	-3	1	-	NC_072435.2	36480457	36481061	RAVER1	XM_055238209.2	-	3	3	34	9	8	10	4	4	2	middle	middle	1.000	0.500	constitutive	alternative	211	127	2
NC_072435.2	36522300	36523161	-3	1	-	NC_072435.2	36522598	36522972	TYK2	XM_055238203.2	-	3	2	189	297	15	16	5	5	5	middle	middle	1.000	1.000	constitutive	constitutive	135	154	5
NC_072435.2	36710811	36711321	1	1	+	NC_072435.2	36710912	36711259	ATG4D	XM_055238538.2	+	1	2	100	62	2	3	2	1	2	middle	middle	0.500	1.000	unique	constitutive	83	173	1
NC_072435.2	36710811	36711321	1	1	+	NC_072435.2	36710866	36711259	ATG4D	XM_055238539.1	+	1	2	54	62	1	2	2	1	2	first	middle	0.500	1.000	unique	constitutive	129	173	1
NC_072435.2	36718141	36718474	2	1	+	NC_072435.2	36718193	36718417	ATG4D	XM_055238538.2	+	2	2	51	57	7	8	2	2	2	middle	middle	1.000	1.000	constitutive	constitutive	78	76	2
NC_072435.2	36805392	36805926	1	1	+	NC_072435.2	36805581	36805908	SLC44A2	XM_055238525.2	+	1	2	188	18	5	6	4	4	4	middle	middle	1.000	1.000	constitutive	constitutive	84	110	4
NC_072435.2	36805961	36806273	3	1	+	NC_072435.2	36805998	36806272	SLC44A2	XM_055238525.2	+	3	2	36	1	7	8	4	4	4	middle	middle	1.000	1.000	constitutive	constitutive	60	123	4
NC_072435.2	37253705	37254647	3	1	+	NC_072435.2	37254096	37254530	SMARCA4	XM_055238469.2	+	3	2	390	117	33	34	21	21	21	middle	middle	1.000	1.000	constitutive	constitutive	132	142	21
NC_072435.2	37364683	37365109	-2	1	-	NC_072435.2	37364705	37365076	KANK2	XM_055236633.1	-	2	2	33	21	9	10	9	9	9	middle	middle	1.000	1.000	constitutive	constitutive	200	89	9
NC_072435.2	37402181	37402835	-1	1	-	NC_072435.2	37402272	37402689	DOCK6	XM_055236631.2	-	1	2	146	90	39	40	2	2	2	middle	middle	1.000	1.000	constitutive	constitutive	192	143	2
NC_072435.2	37416899	37417646	-1	1	-	NC_072435.2	37417011	37417382	DOCK6	XM_055236631.2	-	1	2	264	111	26	27	2	2	2	middle	middle	1.000	1.000	constitutive	constitutive	113	170	2
NC_072435.2	37440541	37441189	-2	1	-	NC_072435.2	37440587	37440902	DOCK6	XM_055236631.2	-	2	2	287	45	8	9	2	2	2	middle	middle	1.000	1.000	constitutive	constitutive	66	149	2
NC_072435.2	37599436	37599943	-2	1	-	NC_072435.2	37599494	37599939	RGL3	XM_055239425.1	-	2	2	4	57	6	7	2	2	2	middle	middle	1.000	1.000	constitutive	constitutive	142	215	2
NC_072435.2	37627762	37628290	2	1	+	NC_072435.2	37627835	37628222	PRKCSH	XM_055239434.2	+	2	2	72	68	1	2	3	3	3	first	middle	1.000	1.000	constitutive	constitutive	78	116	3
NC_072435.2	37639465	37640371	2	1	+	NC_072435.2	37639924	37640370	PRKCSH	XM_055239434.2	+	2	2	458	1	13	14	3	3	3	middle	middle	1.000	1.000	constitutive	constitutive	89	74	3
NC_072435.2	37640374	37640791	2	1	+	NC_072435.2	37640458	37640791	PRKCSH	XM_055239434.2	+	2	2	83	0	15	16	3	3	3	middle	last	1.000	1.000	constitutive	constitutive	99	143	3
NC_072435.2	38860022	38860676	-1	1	-	NC_072435.2	38860065	38860672	MAN2B1	XM_055237194.2	-	1	2	4	42	11	12	5	5	5	middle	middle	1.000	1.000	constitutive	constitutive	109	107	5
NC_072435.2	38893579	38893798	-2	1	-	NC_072435.2	38893580	38893798	FBXW9	XM_055236420.2	-	2	2	0	0	9	10	1	1	1	middle	last	1.000	1.000	constitutive	constitutive	65	71	1
NC_072435.2	38921115	38921574	-3	1	-	NC_072435.2	38921150	38921477	TNPO2	XM_055236417.2	-	3	2	97	34	5	6	9	7	9	middle	middle	0.778	1.000	alternative	constitutive	106	133	7
NC_072435.2	38921115	38921574	-3	1	-	NC_072435.2	38921150	38921436	TNPO2	XM_063616089.1	-	3	2	138	34	1	2	9	2	9	first	middle	0.222	1.000	alternative	constitutive	65	133	2
NC_072435.2	38980240	38980540	-2	1	-	NC_072435.2	38980276	38980540	HOOK2	XM_055236191.2	-	2	2	0	35	4	5	14	10	13	middle	middle	0.714	0.929	alternative	alternative	50	132	10
NC_072435.2	38980240	38980540	-2	1	-	NC_072435.2	38980276	38980525	HOOK2	XM_055236195.2	-	2	2	15	35	1	2	14	3	13	first	middle	0.214	0.929	alternative	alternative	35	132	3
NC_072435.2	39080614	39081184	-2	1	-	NC_072435.2	39080629	39081081	DNASE2	XM_055236425.2	-	2	2	103	14	4	5	1	1	1	middle	middle	1.000	1.000	constitutive	constitutive	164	197	1
NC_072435.2	39127448	39128135	-1	1	-	NC_072435.2	39127450	39128135	FARSA	XM_055235721.2	-	1	2	0	1	10	12	1	1	1	middle	middle	1.000	1.000	constitutive	constitutive	168	114	1
NC_072435.2	39133588	39133936	-2	1	-	NC_072435.2	39133590	39133885	FARSA	XM_055235721.2	-	2	2	51	1	3	4	1	1	1	middle	middle	1.000	1.000	constitutive	constitutive	98	118	1
NC_072435.2	39316884	39317649	-3	1	-	NC_072435.2	39316900	39317188	TRMT1	XM_055235697.2	-	3	2	461	15	9	10	10	10	10	middle	middle	1.000	1.000	constitutive	constitutive	69	134	10
NC_072435.2	39323240	39324038	-1	1	-	NC_072435.2	39323242	39324015	TRMT1	XM_055235697.2	-	1	3	23	1	2	4	10	5	5	middle	middle	0.500	0.500	alternative	alternative	55	187	5
NC_072435.2	39344500	39345832	2	1	+	NC_072435.2	39344550	39345755	NACC1	XM_055235702.2	+	2	2	49	77	3	4	3	1	3	middle	middle	0.333	1.000	unique	constitutive	953	173	1
NC_072435.2	39344500	39345832	2	1	+	NC_072435.2	39344558	39345755	NACC1	XM_055235705.2	+	2	2	57	77	1	2	3	2	3	first	middle	0.667	1.000	alternative	constitutive	945	173	2
NC_072435.2	40128358	40128748	2	1	+	NC_072435.2	40128465	40128736	CC2D1A	XM_055238136.2	+	2	2	106	12	3	4	8	6	8	middle	middle	0.750	1.000	alternative	constitutive	115	65	6
NC_072435.2	40128358	40128748	2	1	+	NC_072435.2	40128476	40128736	CC2D1A	XM_063616232.1	+	2	2	117	12	1	2	8	2	8	first	middle	0.250	1.000	alternative	constitutive	104	65	2
NC_072435.2	40144189	40144531	2	1	+	NC_072435.2	40144235	40144530	CC2D1A	XM_055238136.2	+	2	2	45	1	23	24	8	8	6	middle	middle	1.000	0.750	constitutive	alternative	137	64	6
NC_072435.2	40144189	40144531	2	1	+	NC_072435.2	40144235	40144530	CC2D1A	XM_055238137.2	+	2	2	45	1	23	24	8	8	2	middle	middle	1.000	0.250	constitutive	alternative	137	61	2
NC_072435.2	40146463	40146943	2	1	+	NC_072435.2	40146687	40146898	CC2D1A	XM_055238136.2	+	2	2	223	45	27	28	8	8	8	middle	middle	1.000	1.000	constitutive	constitutive	76	47	8
NC_072435.2	40176610	40177702	2	1	+	NC_072435.2	40176696	40177546	DCAF15	XM_055238154.2	+	2	3	85	156	7	9	9	9	8	middle	middle	1.000	0.889	constitutive	alternative	434	128	8
NC_072435.2	40176610	40177702	2	1	+	NC_072435.2	40176696	40177546	DCAF15	XM_055238156.2	+	2	3	85	156	7	9	9	9	1	middle	middle	1.000	0.111	constitutive	unique	434	122	1
NC_072435.2	40180340	40180805	-1	1	-	NC_072435.2	40180341	40180682	RFX1	XM_055238131.2	-	1	2	123	0	20	21	5	5	5	middle	last	1.000	1.000	constitutive	constitutive	45	166	5
NC_072435.2	40184089	40184503	-2	1	-	NC_072435.2	40184091	40184421	RFX1	XM_055238131.2	-	2	2	82	1	13	14	5	5	5	middle	middle	1.000	1.000	constitutive	constitutive	118	109	5
NC_072435.2	40271117	40271810	3	1	+	NC_072435.2	40271176	40271508	IL27RA	XM_055238151.2	+	3	2	58	302	9	10	5	5	5	middle	middle	1.000	1.000	constitutive	constitutive	101	158	5
NC_072435.2	40629906	40630416	1	1	+	NC_072435.2	40630004	40630372	ADGRE5	XM_055235514.2	+	1	2	97	44	2	3	9	9	9	middle	middle	1.000	1.000	constitutive	constitutive	50	116	9
NC_072435.2	40644008	40644467	3	1	+	NC_072435.2	40644009	40644378	ADGRE5	XM_055235514.2	+	3	2	0	89	10	11	9	9	9	middle	middle	1.000	1.000	constitutive	constitutive	177	107	9
NC_072435.2	40649069	40649549	3	1	+	NC_072435.2	40649288	40649548	ADGRE5	XM_055235514.2	+	3	2	218	1	16	17	9	9	9	middle	middle	1.000	1.000	constitutive	constitutive	66	91	9
NC_072435.2	40652102	40652477	-1	1	-	NC_072435.2	40652104	40652441	DDX39A	XM_055235542.2	-	1	2	36	1	6	7	4	4	4	middle	middle	1.000	1.000	constitutive	constitutive	131	109	4
NC_072435.2	40811215	40811536	2	1	+	NC_072435.2	40811238	40811535	TECR	XM_055235553.1	+	2	2	22	1	4	5	4	4	4	middle	middle	1.000	1.000	constitutive	constitutive	103	115	4
NC_072435.2	40812492	40813095	1	1	+	NC_072435.2	40812496	40812717	TECR	XM_055235553.1	+	1	2	3	378	9	10	4	4	4	middle	middle	1.000	1.000	constitutive	constitutive	57	88	4
NC_072435.2	41064226	41065294	-2	1	-	NC_072435.2	41064227	41065054	LOC129460193	XM_055237843.1	-	2	2	240	0	1	2	1	1	1	first	last	1.000	1.000	constitutive	constitutive	354	187	1
NC_072435.2	41114011	41115016	2	1	+	NC_072435.2	41114075	41115016	LOC129460196	XM_055237844.1	+	2	2	63	0	1	2	1	1	1	first	last	1.000	1.000	constitutive	constitutive	429	226	1
NC_072435.2	41134976	41135996	3	1	+	NC_072435.2	41135151	41135996	LOC129459188	XM_055235574.1	+	3	2	174	0	1	2	1	1	1	first	last	1.000	1.000	constitutive	constitutive	354	205	1
NC_072435.2	41230146	41230935	1	1	+	NC_072435.2	41230379	41230737	TEKTL1	XM_055235541.2	+	1	2	232	198	4	5	1	1	1	middle	middle	1.000	1.000	constitutive	constitutive	166	95	1
NC_072435.2	41336448	41338257	1	1	+	NC_072435.2	41336483	41338149	SYDE1	XM_055235519.2	+	1	3	34	108	2	4	2	1	2	middle	middle	0.500	1.000	unique	constitutive	341	214	1
NC_072435.2	41336448	41338257	1	1	+	NC_072435.2	41336684	41338149	SYDE1	XM_055235520.2	+	1	3	235	108	2	4	2	1	2	middle	middle	0.500	1.000	unique	constitutive	140	214	1
NC_072435.2	41338677	41339229	1	1	+	NC_072435.2	41338729	41339208	SYDE1	XM_055235519.2	+	1	2	51	21	5	6	2	2	2	middle	middle	1.000	1.000	constitutive	constitutive	126	160	2
NC_072435.2	41350045	41350426	-2	1	-	NC_072435.2	41350047	41350384	ILVBL	XM_055235532.2	-	2	2	42	1	4	5	3	3	3	middle	middle	1.000	1.000	constitutive	constitutive	138	111	3
NC_072435.2	41434346	41435021	-1	1	-	NC_072435.2	41434523	41434994	NOTCH3	XM_055235504.2	-	1	2	27	176	21	22	1	1	1	middle	middle	1.000	1.000	constitutive	constitutive	132	257	1
NC_072435.2	41440327	41440954	-2	1	-	NC_072435.2	41440435	41440937	NOTCH3	XM_055235504.2	-	2	2	17	107	14	15	1	1	1	middle	middle	1.000	1.000	constitutive	constitutive	151	113	1
NC_072435.2	41447197	41447707	-2	1	-	NC_072435.2	41447239	41447682	NOTCH3	XM_055235504.2	-	2	2	25	41	5	6	1	1	1	middle	middle	1.000	1.000	constitutive	constitutive	122	233	1
NC_072435.2	41491779	41492364	-3	1	-	NC_072435.2	41491861	41492280	BRD4	XM_055235505.1	-	3	2	84	81	15	16	5	2	2	middle	middle	0.400	0.400	alternative	alternative	162	130	2
NC_072435.2	41643212	41643767	-1	1	-	NC_072435.2	41643213	41643716	AKAP8L	XM_055239246.2	-	1	2	51	0	13	14	3	3	3	middle	last	1.000	1.000	constitutive	constitutive	95	320	3
NC_072435.2	41719976	41720894	-1	1	-	NC_072435.2	41720364	41720691	RASAL3	XM_055239237.2	-	1	2	203	387	6	7	6	6	6	middle	middle	1.000	1.000	constitutive	constitutive	126	98	6
NC_072435.2	41838748	41839339	2	1	+	NC_072435.2	41838922	41839216	LOC129460823	XM_055239254.2	+	2	2	173	123	9	10	2	2	2	middle	middle	1.000	1.000	constitutive	constitutive	133	64	2
NC_072435.2	41879474	41880083	3	1	+	NC_072435.2	41879770	41880082	LOC129460824	XM_055239256.1	+	3	2	295	1	10	11	1	1	1	middle	middle	1.000	1.000	constitutive	constitutive	64	82	1
NC_072435.2	41909812	41910469	2	1	+	NC_072435.2	41909842	41910133	LOC129460821	XM_055239252.2	+	2	2	29	336	9	10	2	2	2	middle	middle	1.000	1.000	constitutive	constitutive	133	64	2
NC_072435.2	41931322	41931901	2	1	+	NC_072435.2	41931465	41931739	LOC129460820	XM_055239251.2	+	2	2	142	162	3	4	1	1	1	middle	middle	1.000	1.000	constitutive	constitutive	53	127	1
NC_072435.2	42039411	42040002	-3	1	-	NC_072435.2	42039413	42039973	LOC129459452	XM_055236168.1	-	3	2	29	1	9	11	1	1	1	middle	middle	1.000	1.000	constitutive	constitutive	133	82	1
NC_072435.2	42663392	42663836	-1	1	-	NC_072435.2	42663462	42663789	CHERP	XM_055239157.2	-	1	2	47	69	6	7	2	1	2	middle	middle	0.500	1.000	unique	constitutive	144	89	1
NC_072435.2	42663392	42663836	-1	1	-	NC_072435.2	42663462	42663756	CHERP	XM_055239158.2	-	1	2	80	69	6	7	2	1	2	middle	middle	0.500	1.000	unique	constitutive	111	89	1
NC_072435.2	43021064	43021697	-1	1	-	NC_072435.2	43021066	43021555	CPAMD8	XM_055239131.2	-	1	2	142	1	40	41	1	1	1	middle	middle	1.000	1.000	constitutive	constitutive	209	150	1
NC_072435.2	43022452	43023010	-2	1	-	NC_072435.2	43022566	43022869	CPAMD8	XM_055239131.2	-	2	2	141	113	38	39	1	1	1	middle	middle	1.000	1.000	constitutive	constitutive	105	110	1
NC_072435.2	43028478	43029018	-3	1	-	NC_072435.2	43028497	43028793	CPAMD8	XM_055239131.2	-	3	2	225	18	33	34	1	1	1	middle	middle	1.000	1.000	constitutive	constitutive	155	62	1
NC_072435.2	43137670	43138198	-2	1	-	NC_072435.2	43137827	43138120	CPAMD8	XM_055239131.2	-	2	2	78	156	4	5	1	1	1	middle	middle	1.000	1.000	constitutive	constitutive	165	52	1
NC_072435.2	43465228	43465921	-2	1	-	NC_072435.2	43465452	43465830	ANO8	XM_055239272.1	-	2	2	91	223	2	3	5	5	5	middle	middle	1.000	1.000	constitutive	constitutive	110	132	5
NC_072435.2	43470245	43470863	3	1	+	NC_072435.2	43470355	43470731	GTPBP3	XM_055239313.2	+	3	2	109	132	3	4	7	7	7	middle	middle	1.000	1.000	constitutive	constitutive	86	202	7
NC_072435.2	43927693	43928239	2	1	+	NC_072435.2	43927926	43928234	FCHO1	XM_055239286.2	+	2	2	232	5	18	19	6	6	6	middle	middle	1.000	1.000	constitutive	constitutive	112	87	6
NC_072435.2	43977995	43978460	-1	1	-	NC_072435.2	43978013	43978423	JAK3	XM_055239273.2	-	1	2	37	17	18	19	3	3	2	middle	middle	1.000	0.667	constitutive	alternative	139	189	2
NC_072435.2	43977995	43978460	-1	1	-	NC_072435.2	43977996	43978423	JAK3	XM_063616174.1	-	1	2	37	0	18	19	3	3	1	middle	last	1.000	0.333	constitutive	unique	139	206	1
NC_072435.2	43987315	43988104	-2	1	-	NC_072435.2	43987317	43987690	JAK3	XM_055239273.2	-	2	2	414	1	7	8	3	3	3	middle	middle	1.000	1.000	constitutive	constitutive	122	157	3
NC_072435.2	44291703	44292255	1	1	+	NC_072435.2	44291715	44292118	MAST3	XM_055239532.2	+	1	2	11	137	17	18	33	33	33	middle	middle	1.000	1.000	constitutive	constitutive	132	165	33
NC_072435.2	44317891	44318227	2	1	+	NC_072435.2	44317923	44318189	PIK3R2	XM_055239566.2	+	2	2	31	38	3	4	1	1	1	middle	middle	1.000	1.000	constitutive	constitutive	50	131	1
NC_072435.2	44335753	44336113	2	1	+	NC_072435.2	44335916	44336113	IFI30	XM_055239567.2	+	2	2	162	0	6	7	2	2	2	middle	last	1.000	1.000	constitutive	constitutive	53	59	2
NC_072435.2	44747493	44747799	1	1	+	NC_072435.2	44747522	44747799	UBA52	XM_055236514.2	+	1	2	28	0	3	4	2	2	2	middle	last	1.000	1.000	constitutive	constitutive	102	90	2
NC_072435.2	44789266	44789773	2	1	+	NC_072435.2	44789291	44789614	TMEM59L	XM_055236490.2	+	2	2	24	159	2	3	1	1	1	middle	middle	1.000	1.000	constitutive	constitutive	144	91	1
NC_072435.2	44967423	44967990	-3	1	-	NC_072435.2	44967565	44967867	COMP	XM_055238124.2	-	3	2	123	141	8	9	2	2	2	middle	middle	1.000	1.000	constitutive	constitutive	104	107	2
NC_072435.2	45083963	45084377	-1	1	-	NC_072435.2	45083964	45084230	COPE	XM_055237170.2	-	1	2	147	0	10	11	4	4	4	middle	last	1.000	1.000	constitutive	constitutive	74	44	4
NC_072435.2	45545428	45545983	2	1	+	NC_072435.2	45545469	45545983	MAU2	XM_055237397.2	+	2	2	40	0	18	19	2	2	2	middle	last	1.000	1.000	constitutive	constitutive	127	71	2
NC_072435.2	45848070	45848988	-3	1	-	NC_072435.2	45848482	45848738	GMIP	XM_055236082.2	-	3	2	250	411	6	7	16	16	16	middle	middle	1.000	1.000	constitutive	constitutive	64	107	16
NC_072435.2	45854067	45854670	-3	1	-	NC_072435.2	45854068	45854626	ATP13A1	XM_055236077.2	-	3	3	44	0	24	26	4	4	4	middle	last	1.000	1.000	constitutive	constitutive	111	107	4
NC_072435.2	47675892	47677170	-3	1	-	NC_072435.2	47675980	47677082	LOC129459385	XM_063616172.1	-	3	2	88	87	5	6	1	1	1	middle	middle	1.000	1.000	constitutive	constitutive	323	706	1
NC_072435.2	48591290	48591728	-1	1	-	NC_072435.2	48591413	48591706	LOC129459826	XM_063614825.1	-	1	2	22	122	20	21	1	1	1	middle	middle	1.000	1.000	constitutive	constitutive	120	121	1
NC_072435.2	56233097	56233346	-1	1	-	NC_072435.2	56233149	56233346	ANKRD27	XM_055237096.2	-	1	2	0	51	6	7	5	4	5	middle	middle	0.800	1.000	alternative	constitutive	53	65	4
NC_072435.2	56233097	56233346	-1	1	-	NC_072435.2	56233149	56233343	ANKRD27	XM_063614053.1	-	1	2	3	51	1	2	5	1	5	first	middle	0.200	1.000	unique	constitutive	50	65	1
NC_072435.2	56413994	56414372	3	1	+	NC_072435.2	56414027	56414331	TDRD12	XM_055237093.2	+	3	2	32	41	31	32	3	2	2	middle	middle	0.667	0.667	alternative	alternative	153	66	2
NC_072435.2	56443131	56443680	-3	1	-	NC_072435.2	56443133	56443601	SLC7A9	XM_055237113.2	-	3	2	79	1	4	5	4	4	4	middle	middle	1.000	1.000	constitutive	constitutive	125	99	4
NC_072435.2	58624404	58624788	1	1	+	NC_072435.2	58624445	58624787	GRAMD1A	XM_055239596.2	+	1	2	40	1	15	16	10	8	8	middle	middle	0.800	0.800	alternative	alternative	118	142	8
NC_072435.2	58665020	58665533	3	1	+	NC_072435.2	58665149	58665532	HPN	XM_055239611.2	+	3	2	128	1	7	8	1	1	1	middle	middle	1.000	1.000	constitutive	constitutive	40	165	1
NC_072435.2	58730054	58730306	3	1	+	NC_072435.2	58730123	58730306	FXYD3	XM_055239619.1	+	3	2	68	0	8	9	6	6	6	middle	last	1.000	1.000	constitutive	constitutive	37	13	6
NC_072435.2	58757984	58758440	3	1	+	NC_072435.2	58758163	58758391	FXYD7	XM_055236841.2	+	3	2	178	49	3	4	1	1	1	middle	middle	1.000	1.000	constitutive	constitutive	74	42	1
NC_072435.2	58875236	58876145	3	1	+	NC_072435.2	58875391	58875999	LSR	XM_055236438.2	+	3	2	154	146	6	8	7	7	5	middle	middle	1.000	0.714	constitutive	alternative	173	131	5
NC_072435.2	58875236	58876145	3	1	+	NC_072435.2	58875391	58875999	LSR	XM_055236441.2	+	3	2	154	146	5	7	7	7	2	middle	middle	1.000	0.286	constitutive	alternative	173	128	2
NC_072435.2	58887473	58888175	3	1	+	NC_072435.2	58887697	58888175	USF2	XM_055236445.2	+	3	2	223	0	8	9	4	4	1	middle	last	1.000	0.250	constitutive	unique	94	230	1
NC_072435.2	58887473	58888175	3	1	+	NC_072435.2	58887697	58888073	USF2	XM_055236446.2	+	3	2	223	102	8	9	4	4	3	middle	middle	1.000	0.750	constitutive	alternative	94	128	3
NC_072435.2	59324467	59324926	2	1	+	NC_072435.2	59324502	59324851	KMT2B	XM_055236604.1	+	2	2	34	75	16	17	1	1	1	middle	middle	1.000	1.000	constitutive	constitutive	184	89	1
NC_072435.2	59447175	59447709	-3	1	-	NC_072435.2	59447268	59447624	NPHS1	XM_055237211.2	-	3	2	85	92	15	16	1	1	1	middle	middle	1.000	1.000	constitutive	constitutive	140	140	1
NC_072435.2	59477551	59478409	2	1	+	NC_072435.2	59477606	59477971	APLP1	XM_055237218.2	+	2	2	54	438	9	10	2	2	2	middle	middle	1.000	1.000	constitutive	constitutive	158	128	2
NC_072435.2	59503216	59503864	2	1	+	NC_072435.2	59503275	59503829	HCST	XM_055237141.2	+	2	2	58	35	3	4	4	4	4	middle	middle	1.000	1.000	constitutive	constitutive	65	131	4
NC_072435.2	59704312	59704750	2	1	+	NC_072435.2	59704405	59704664	WDR62	XM_055239640.2	+	2	2	92	86	29	30	13	13	13	middle	middle	1.000	1.000	constitutive	constitutive	126	51	13
NC_072435.2	61621327	61621699	2	1	+	NC_072435.2	61621328	61621642	IRAK3	XM_055240098.2	+	2	2	0	57	10	11	4	4	4	middle	middle	1.000	1.000	constitutive	constitutive	62	164	4
NC_072435.2	91366196	91366424	-1	1	-	NC_072435.2	91366198	91366424	HAL	XM_055238746.1	-	1	2	0	1	5	6	2	2	2	middle	middle	1.000	1.000	constitutive	constitutive	72	66	2
NC_072435.2	96774508	96774823	2	1	+	NC_072435.2	96774512	96774822	UTP20	XM_055235917.2	+	2	2	3	1	3	4	1	1	1	middle	middle	1.000	1.000	constitutive	constitutive	66	132	1
NC_072436.2	10010005	10010446	2	1	+	NC_072436.2	10010099	10010398	QRICH2	XM_055242091.2	+	2	2	93	48	9	10	2	2	2	middle	middle	1.000	1.000	constitutive	constitutive	122	74	2
NC_072436.2	10010546	10011020	3	1	+	NC_072436.2	10010601	10011019	QRICH2	XM_055242091.2	+	3	2	54	1	11	12	2	2	2	middle	middle	1.000	1.000	constitutive	constitutive	164	121	2
NC_072436.2	10025124	10025745	-1	1	-	NC_072436.2	10025176	10025652	UBALD2	XM_055242209.2	-	1	2	93	51	1	2	2	1	2	first	middle	0.500	1.000	unique	constitutive	119	62	1
NC_072436.2	10025124	10025745	-1	1	-	NC_072436.2	10025176	10025652	UBALD2	XM_063617196.1	-	1	2	93	51	1	2	2	1	2	first	middle	0.500	1.000	unique	constitutive	32	62	1
NC_072436.2	10384881	10385709	1	1	+	NC_072436.2	10385206	10385598	FBF1	XM_055242100.2	+	1	2	324	111	19	20	23	23	23	middle	middle	1.000	1.000	constitutive	constitutive	122	185	23
NC_072436.2	10386253	10386727	2	1	+	NC_072436.2	10386290	10386638	FBF1	XM_055242100.2	+	2	2	36	89	22	23	23	23	23	middle	middle	1.000	1.000	constitutive	constitutive	137	117	23
NC_072436.2	10405812	10406481	1	1	+	NC_072436.2	10405903	10406392	TRIM65	XM_055242155.2	+	1	2	90	89	3	4	2	2	2	middle	middle	1.000	1.000	constitutive	constitutive	233	174	2
NC_072436.2	104218174	104218540	2	1	+	NC_072436.2	104218200	104218540	STRN	XM_055240691.2	+	2	2	25	0	18	19	8	8	8	middle	last	1.000	1.000	constitutive	constitutive	86	166	8
NC_072436.2	10454799	10455210	1	1	+	NC_072436.2	10454881	10455097	UNC13D	XM_055242098.2	+	1	2	81	113	5	6	3	3	3	middle	middle	1.000	1.000	constitutive	constitutive	59	66	3
NC_072436.2	10457912	10458311	3	1	+	NC_072436.2	10457952	10458263	UNC13D	XM_055242098.2	+	3	2	39	48	11	12	3	3	3	middle	middle	1.000	1.000	constitutive	constitutive	104	92	3
NC_072436.2	10460910	10461402	1	1	+	NC_072436.2	10460931	10461278	UNC13D	XM_055242098.2	+	1	2	20	124	14	15	3	3	3	middle	middle	1.000	1.000	constitutive	constitutive	117	124	3
NC_072436.2	10570073	10570577	-2	1	-	NC_072436.2	10570230	10570540	ITGB4	XM_055241930.2	-	2	2	37	156	2	3	7	7	7	middle	middle	1.000	1.000	constitutive	constitutive	82	101	7
NC_072436.2	10668764	10669196	-2	1	-	NC_072436.2	10668765	10669151	MYO15B	XM_055241390.2	-	2	2	45	0	62	63	3	3	3	middle	last	1.000	1.000	constitutive	constitutive	140	74	3
NC_072436.2	10674558	10675086	-1	1	-	NC_072436.2	10674601	10674990	MYO15B	XM_055241390.2	-	1	2	96	42	47	48	3	3	3	middle	middle	1.000	1.000	constitutive	constitutive	111	169	3
NC_072436.2	107428346	107429468	3	1	+	NC_072436.2	107428652	107429030	LOC129462622	XM_055242744.1	+	3	2	305	438	5	6	1	1	1	middle	middle	1.000	1.000	constitutive	constitutive	165	134	1
NC_072436.2	107712610	107712997	-3	1	-	NC_072436.2	107712612	107712913	LOC129462217	XM_063618234.1	-	3	2	84	1	8	9	1	1	1	middle	middle	1.000	1.000	constitutive	constitutive	23	181	1
NC_072436.2	107726706	107727450	-1	1	-	NC_072436.2	107726875	107727426	LOC129462217	XM_063618234.1	-	1	2	24	168	4	5	1	1	1	middle	middle	1.000	1.000	constitutive	constitutive	216	151	1
NC_072436.2	10799142	10799910	1	1	+	NC_072436.2	10799233	10799806	CASKIN2	XM_055240890.2	+	1	2	90	104	14	16	3	3	3	middle	middle	1.000	1.000	constitutive	constitutive	110	138	3
NC_072436.2	10799888	10801727	3	1	+	NC_072436.2	10799941	10801726	CASKIN2	XM_055240890.2	+	3	2	52	1	17	18	3	3	3	middle	middle	1.000	1.000	constitutive	constitutive	1475	222	3
NC_072436.2	10804484	10805090	-2	1	-	NC_072436.2	10804486	10805033	TMEM94	XM_055240881.2	-	2	2	57	1	27	28	23	23	8	middle	middle	1.000	0.348	constitutive	alternative	148	278	8
NC_072436.2	10804484	10805090	-2	1	-	NC_072436.2	10804486	10805033	TMEM94	XM_055240885.2	-	2	3	57	1	27	29	23	23	15	middle	middle	1.000	0.652	constitutive	alternative	148	93	15
NC_072436.2	108045603	108046296	-1	1	-	NC_072436.2	108045798	108046277	CIITA	XM_055242552.2	-	1	2	19	194	2	3	15	10	15	middle	middle	0.667	1.000	alternative	constitutive	146	95	10
NC_072436.2	108045603	108046296	-1	1	-	NC_072436.2	108045798	108046257	CIITA	XM_055242557.2	-	1	2	39	194	1	2	15	5	15	first	middle	0.333	1.000	alternative	constitutive	126	95	5
NC_072436.2	10809255	10809741	-1	1	-	NC_072436.2	10809300	10809725	TMEM94	XM_055240881.2	-	1	2	16	44	16	17	23	23	23	middle	middle	1.000	1.000	constitutive	constitutive	102	217	23
NC_072436.2	11133306	11133906	-1	1	-	NC_072436.2	11133307	11133734	LOC129461789	XM_055241158.2	-	1	2	172	0	13	14	1	1	1	middle	last	1.000	1.000	constitutive	constitutive	170	127	1
NC_072436.2	11134363	11134909	-3	1	-	NC_072436.2	11134375	11134827	LOC129461789	XM_055241158.2	-	3	2	82	11	11	12	1	1	1	middle	middle	1.000	1.000	constitutive	constitutive	199	171	1
NC_072436.2	11136529	11137516	-3	1	-	NC_072436.2	11136629	11137372	LOC129461789	XM_055241158.2	-	3	3	144	99	5	7	1	1	1	middle	middle	1.000	1.000	constitutive	constitutive	92	113	1
NC_072436.2	113933784	113934300	-1	1	-	NC_072436.2	113933936	113934206	SEC14L5	XM_055243014.2	-	1	2	94	151	8	9	1	1	1	middle	middle	1.000	1.000	constitutive	constitutive	88	70	1
NC_072436.2	114035702	114036266	3	1	+	NC_072436.2	114035814	114036185	PPL	XM_055243002.2	+	3	2	111	81	7	8	1	1	1	middle	middle	1.000	1.000	constitutive	constitutive	161	107	1
NC_072436.2	114042910	114043558	2	1	+	NC_072436.2	114042995	114043396	PPL	XM_055243002.2	+	2	2	84	162	15	16	1	1	1	middle	middle	1.000	1.000	constitutive	constitutive	178	138	1
NC_072436.2	114152826	114153561	1	1	+	NC_072436.2	114153150	114153453	SEPTIN12	XM_055242879.2	+	1	2	323	108	5	6	3	3	3	middle	middle	1.000	1.000	constitutive	constitutive	117	95	3
NC_072436.2	115878764	115879052	-2	1	-	NC_072436.2	115878765	115879033	TNFRSF12A	XM_055241949.2	-	2	2	19	0	3	4	2	2	2	middle	last	1.000	1.000	constitutive	constitutive	134	52	2
NC_072436.2	115902185	115903022	-2	1	-	NC_072436.2	115902302	115902925	GREP1	XM_055242281.2	-	2	3	97	116	23	25	3	3	3	middle	middle	1.000	1.000	constitutive	constitutive	32	131	3
NC_072436.2	115904972	115905764	-2	1	-	NC_072436.2	115905383	115905676	GREP1	XM_055242281.2	-	2	3	88	410	16	18	3	3	1	middle	middle	1.000	0.333	constitutive	unique	41	53	1
NC_072436.2	115904972	115905764	-2	1	-	NC_072436.2	115905518	115905676	GREP1	XM_055242283.2	-	2	2	88	545	5	6	3	3	3	middle	middle	1.000	1.000	constitutive	constitutive	41	32	2
NC_072436.2	115907943	115908414	-1	1	-	NC_072436.2	115908048	115908206	GREP1	XM_055242281.2	-	1	2	208	104	10	11	3	1	1	middle	middle	0.333	0.333	unique	unique	29	32	1
NC_072436.2	115910762	115911047	-2	1	-	NC_072436.2	115910831	115910980	GREP1	XM_055242281.2	-	2	2	67	68	4	5	3	1	1	middle	middle	0.333	0.333	unique	unique	35	35	1
NC_072436.2	115912063	115912789	-3	1	-	NC_072436.2	115912321	115912666	GREP1	XM_055242281.2	-	3	2	123	257	1	2	3	1	1	first	middle	0.333	0.333	unique	unique	63	32	1
NC_072436.2	115927547	115928366	3	1	+	NC_072436.2	115927666	115928083	PKMYT1	XM_055241684.2	+	3	2	118	283	5	6	4	4	4	middle	middle	1.000	1.000	constitutive	constitutive	172	157	4
NC_072436.2	116099507	116099954	3	1	+	NC_072436.2	116099694	116099883	PRSS21	XM_055240554.2	+	3	2	186	71	1	2	6	6	6	first	middle	1.000	1.000	constitutive	constitutive	63	26	6
NC_072436.2	116103175	116104021	2	1	+	NC_072436.2	116103375	116104021	PRSS21	XM_055240554.2	+	2	2	199	0	5	6	6	4	5	middle	last	0.667	0.833	alternative	alternative	154	236	4
NC_072436.2	116103175	116104021	2	1	+	NC_072436.2	116103375	116104021	PRSS21	XM_055240558.2	+	2	2	199	0	5	6	6	1	5	middle	last	0.167	0.833	unique	alternative	112	236	1
NC_072436.2	116126455	116127193	-3	1	-	NC_072436.2	116126456	116127159	LOC129461507	XM_055240553.2	-	3	2	34	0	5	6	1	1	1	middle	last	1.000	1.000	constitutive	constitutive	160	326	1
NC_072436.2	116376018	116376570	-1	1	-	NC_072436.2	116376180	116376500	AMDHD2	XM_055241673.1	-	1	2	70	161	6	7	6	4	6	middle	middle	0.667	1.000	alternative	constitutive	88	144	4
NC_072436.2	116376018	116376570	-1	1	-	NC_072436.2	116376180	116376509	AMDHD2	XM_063618365.1	-	1	2	61	161	6	7	6	2	6	middle	middle	0.333	1.000	alternative	constitutive	97	144	2
NC_072436.2	116383641	116384409	-1	1	-	NC_072436.2	116383683	116384076	AMDHD2	XM_055241673.1	-	1	2	333	41	1	2	6	6	6	first	middle	1.000	1.000	constitutive	constitutive	82	136	6
NC_072436.2	116430158	116430896	-2	1	-	NC_072436.2	116430159	116430823	NTN3	XM_055241462.2	-	2	2	73	0	5	6	1	1	1	middle	last	1.000	1.000	constitutive	constitutive	74	337	1
NC_072436.2	116442074	116442785	-2	1	-	NC_072436.2	116442185	116442561	TEDC2	XM_055242383.2	-	2	2	224	110	6	7	7	7	7	middle	middle	1.000	1.000	constitutive	constitutive	90	111	7
NC_072436.2	116558766	116559285	1	1	+	NC_072436.2	116558797	116559253	ABCA3	XM_055242784.2	+	1	2	30	32	1	2	2	2	2	first	middle	1.000	1.000	constitutive	constitutive	53	264	2
NC_072436.2	116600635	116601334	2	1	+	NC_072436.2	116600822	116601304	ABCA3	XM_055242784.2	+	2	2	186	30	24	25	2	2	2	middle	middle	1.000	1.000	constitutive	constitutive	128	194	2
NC_072436.2	116643797	116644904	-2	1	-	NC_072436.2	116644205	116644904	DNASE1L2	XM_055242793.2	-	2	3	0	407	2	5	2	2	2	middle	middle	1.000	1.000	constitutive	constitutive	179	100	2
NC_072436.2	116646586	116647129	-3	1	-	NC_072436.2	116646677	116647114	E4F1	XM_055242787.2	-	3	2	15	90	11	12	6	5	5	middle	middle	0.833	0.833	alternative	alternative	198	142	4
NC_072436.2	116646586	116647129	-3	1	-	NC_072436.2	116646729	116647114	E4F1	XM_055242788.2	-	3	2	15	142	11	12	6	5	1	middle	middle	0.833	0.167	alternative	unique	198	90	1
NC_072436.2	116646586	116647129	-3	1	-	NC_072436.2	116646677	116647057	E4F1	XM_055242789.2	-	3	2	72	90	9	10	6	1	5	middle	middle	0.167	0.833	unique	alternative	141	142	1
NC_072436.2	116689266	116690649	1	1	+	NC_072436.2	116689940	116690274	CASKIN1	XM_055240998.2	+	1	2	673	375	4	5	3	3	3	middle	middle	1.000	1.000	constitutive	constitutive	145	95	3
NC_072436.2	116694075	116694870	1	1	+	NC_072436.2	116694179	116694427	CASKIN1	XM_055240998.2	+	1	2	103	443	11	12	3	3	3	middle	middle	1.000	1.000	constitutive	constitutive	88	84	3
NC_072436.2	116703011	116703431	-2	1	-	NC_072436.2	116703072	116703407	TRAF7	XM_055241001.2	-	2	2	24	60	18	19	4	4	4	middle	middle	1.000	1.000	constitutive	constitutive	131	119	4
NC_072436.2	116707356	116708898	-1	1	-	NC_072436.2	116707863	116708205	TRAF7	XM_055241001.2	-	1	2	693	506	5	6	4	2	4	middle	middle	0.500	1.000	alternative	constitutive	92	33	2
NC_072436.2	116707356	116708898	-1	1	-	NC_072436.2	116707863	116708304	TRAF7	XM_063616960.1	-	1	2	594	506	5	6	4	2	4	middle	middle	0.500	1.000	alternative	constitutive	191	33	2
NC_072436.2	116766022	116770201	2	1	+	NC_072436.2	116766138	116770126	PKD1	XM_055243165.1	+	2	2	115	75	15	16	5	5	5	middle	middle	1.000	1.000	constitutive	constitutive	3619	149	5
NC_072436.2	116779450	116780368	2	1	+	NC_072436.2	116779653	116780358	PKD1	XM_055243165.1	+	2	2	202	10	27	29	5	5	5	middle	middle	1.000	1.000	constitutive	constitutive	170	210	5
NC_072436.2	116786941	116787667	2	1	+	NC_072436.2	116786976	116787445	PKD1	XM_055243165.1	+	2	2	34	222	36	37	5	3	3	middle	middle	0.600	0.600	alternative	alternative	202	194	3
NC_072436.2	116789810	116790788	3	1	+	NC_072436.2	116789826	116790326	PKD1	XM_055243165.1	+	3	2	15	462	43	44	5	3	3	middle	middle	0.600	0.600	alternative	alternative	290	134	3
NC_072436.2	116790360	116791275	1	1	+	NC_072436.2	116790415	116791275	PKD1	XM_055243165.1	+	1	2	54	0	45	46	5	3	3	middle	last	0.600	0.600	alternative	alternative	305	464	3
NC_072436.2	116792376	116793129	-1	1	-	NC_072436.2	116792377	116792936	TSC2	XM_055243172.2	-	1	3	193	0	39	41	18	18	17	middle	last	1.000	0.944	constitutive	alternative	91	161	17
NC_072436.2	116792376	116793129	-1	1	-	NC_072436.2	116792377	116792936	TSC2	XM_063618384.1	-	1	2	193	0	37	38	18	18	1	middle	last	1.000	0.056	constitutive	unique	91	380	1
NC_072436.2	117095803	117096376	-3	1	-	NC_072436.2	117095804	117096376	NUBP2	XM_055243300.2	-	3	2	0	0	6	7	3	2	2	middle	last	0.667	0.667	alternative	alternative	69	142	2
NC_072436.2	117116514	117116928	-1	1	-	NC_072436.2	117116610	117116912	MAPK8IP3	XM_055243283.2	-	1	2	16	95	27	28	10	10	10	middle	middle	1.000	1.000	constitutive	constitutive	113	38	10
NC_072436.2	117118071	117119496	-1	1	-	NC_072436.2	117118073	117118760	MAPK8IP3	XM_055243283.2	-	1	2	736	1	20	22	10	10	10	middle	middle	1.000	1.000	constitutive	constitutive	182	119	10
NC_072436.2	117380530	117381292	-3	1	-	NC_072436.2	117380741	117381171	TELO2	XM_055243127.2	-	3	2	121	210	12	13	3	3	3	middle	middle	1.000	1.000	constitutive	constitutive	91	116	3
NC_072436.2	117435037	117435517	2	1	+	NC_072436.2	117435161	117435484	CLCN7	XM_055243129.2	+	2	2	123	33	22	23	8	8	8	middle	middle	1.000	1.000	constitutive	constitutive	59	176	8
NC_072436.2	117443572	117444133	2	1	+	NC_072436.2	117443714	117444009	CCDC154	XM_055243469.2	+	2	2	141	124	10	11	1	1	1	middle	middle	1.000	1.000	constitutive	constitutive	80	133	1
NC_072436.2	117447731	117448367	3	1	+	NC_072436.2	117447732	117448240	CCDC154	XM_055243469.2	+	3	2	0	127	20	21	1	1	1	middle	middle	1.000	1.000	constitutive	constitutive	86	184	1
NC_072436.2	117528998	117529217	-2	1	-	NC_072436.2	117529000	117529193	GNPTG	XM_055243146.2	-	2	2	24	1	1	2	5	5	5	first	middle	1.000	1.000	constitutive	constitutive	51	57	5
NC_072436.2	117533254	117533656	-3	1	-	NC_072436.2	117533335	117533611	BAIAP3	XM_055241993.2	-	3	2	45	80	30	31	4	4	4	middle	middle	1.000	1.000	constitutive	constitutive	80	120	4
NC_072436.2	117537811	117538399	-3	1	-	NC_072436.2	117538088	117538381	BAIAP3	XM_055241993.2	-	3	2	18	276	12	13	4	4	4	middle	middle	1.000	1.000	constitutive	constitutive	107	95	4
NC_072436.2	117539641	117540076	-3	1	-	NC_072436.2	117539719	117539992	BAIAP3	XM_055241993.2	-	3	2	84	77	6	7	4	4	4	middle	middle	1.000	1.000	constitutive	constitutive	59	66	4
NC_072436.2	117541758	117542205	-1	1	-	NC_072436.2	117541846	117542188	BAIAP3	XM_055241993.2	-	1	2	17	87	3	4	4	4	4	middle	middle	1.000	1.000	constitutive	constitutive	87	80	4
NC_072436.2	117560100	117560664	-1	1	-	NC_072436.2	117560101	117560582	UBE2I	XM_055241660.2	-	1	2	82	0	4	5	4	4	3	middle	last	1.000	0.750	constitutive	alternative	109	218	3
NC_072436.2	117560100	117560664	-1	1	-	NC_072436.2	117560240	117560582	UBE2I	XM_055241662.2	-	1	2	82	139	4	5	4	4	1	middle	middle	1.000	0.250	constitutive	unique	109	79	1
NC_072436.2	117566196	117567000	-1	1	-	NC_072436.2	117566359	117566694	UBE2I	XM_055241660.2	-	1	2	306	162	1	2	4	4	4	first	middle	1.000	1.000	constitutive	constitutive	65	83	4
NC_072436.2	117614376	117614802	1	1	+	NC_072436.2	117614395	117614801	TPSB2	XM_055241640.1	+	1	2	18	1	1	2	1	1	1	first	middle	1.000	1.000	constitutive	constitutive	81	171	1
NC_072436.2	117614779	117615586	2	1	+	NC_072436.2	117614911	117615469	TPSB2	XM_055241640.1	+	2	2	131	117	3	4	1	1	1	middle	middle	1.000	1.000	constitutive	constitutive	265	163	1
NC_072436.2	117628095	117629259	-1	1	-	NC_072436.2	117628747	117629123	CACNA1H	XM_063616962.1	-	1	2	136	651	29	30	1	1	1	middle	middle	1.000	1.000	constitutive	constitutive	70	182	1
NC_072436.2	117629126	117629786	-2	1	-	NC_072436.2	117629264	117629666	CACNA1H	XM_063616962.1	-	2	2	120	137	27	28	1	1	1	middle	middle	1.000	1.000	constitutive	constitutive	109	133	1
NC_072436.2	117633172	117633718	-3	1	-	NC_072436.2	117633260	117633686	CACNA1H	XM_063616962.1	-	3	2	32	87	21	22	1	1	1	middle	middle	1.000	1.000	constitutive	constitutive	126	125	1
NC_072436.2	117643708	117644419	-3	1	-	NC_072436.2	117643814	117644366	CACNA1H	XM_063616962.1	-	3	2	53	105	6	7	1	1	1	middle	middle	1.000	1.000	constitutive	constitutive	315	92	1
NC_072436.2	117709774	117711148	-3	1	-	NC_072436.2	117710398	117711118	LOC129462430	XM_063616963.1	-	3	2	30	623	1	2	5	4	4	first	middle	0.800	0.800	alternative	alternative	249	209	4
NC_072436.2	118023080	118023806	-2	1	-	NC_072436.2	118023481	118023798	LOC129463053	XM_063617063.1	-	2	2	8	400	6	8	1	1	1	middle	middle	1.000	1.000	constitutive	constitutive	220	61	1
NC_072436.2	118023267	118023594	-1	1	-	NC_072436.2	118023268	118023575	LOC129463053	XM_063617063.1	-	1	2	19	0	7	10	1	1	1	middle	last	1.000	1.000	constitutive	constitutive	31	113	1
NC_072436.2	118038864	118039158	-1	1	-	NC_072436.2	118038865	118039137	CHTF18	XM_055242276.2	-	1	2	21	0	21	22	3	1	1	middle	last	0.333	0.333	unique	unique	59	131	1
NC_072436.2	118038864	118039158	-1	1	-	NC_072436.2	118038865	118039137	CHTF18	XM_063616967.1	-	1	2	21	0	21	22	3	2	2	middle	last	0.667	0.667	alternative	alternative	57	133	2
NC_072436.2	118047395	118047854	-2	1	-	NC_072436.2	118047406	118047835	CHTF18	XM_055242276.2	-	2	2	19	10	2	3	3	3	3	middle	middle	1.000	1.000	constitutive	constitutive	194	150	3
NC_072436.2	118061404	118062142	2	1	+	NC_072436.2	118061512	118062069	LOC129462356	XM_055242287.1	+	2	2	107	73	5	6	1	1	1	middle	middle	1.000	1.000	constitutive	constitutive	126	190	1
NC_072436.2	118106576	118107494	-2	1	-	NC_072436.2	118106577	118107416	HAGHL	XM_055241126.2	-	2	3	78	0	4	6	11	11	1	middle	last	1.000	0.091	constitutive	unique	108	359	1
NC_072436.2	118106576	118107494	-2	1	-	NC_072436.2	118106835	118107416	HAGHL	XM_055241127.2	-	2	3	78	258	4	6	11	11	3	middle	middle	1.000	0.273	constitutive	alternative	108	101	3
NC_072436.2	118106576	118107494	-2	1	-	NC_072436.2	118106840	118107416	HAGHL	XM_055241130.2	-	2	3	78	263	4	6	11	11	2	middle	middle	1.000	0.182	constitutive	alternative	108	96	2
NC_072436.2	118106576	118107494	-2	1	-	NC_072436.2	118106862	118107416	HAGHL	XM_055241132.2	-	2	3	78	285	4	6	11	11	3	middle	middle	1.000	0.273	constitutive	alternative	108	74	3
NC_072436.2	118106576	118107494	-2	1	-	NC_072436.2	118106862	118107416	HAGHL	XM_055241133.2	-	2	3	78	285	4	6	11	11	1	middle	middle	1.000	0.091	constitutive	unique	108	71	1
NC_072436.2	118106576	118107494	-2	1	-	NC_072436.2	118106835	118107416	HAGHL	XM_063616981.1	-	2	3	78	258	4	6	11	11	1	middle	middle	1.000	0.091	constitutive	unique	108	98	1
NC_072436.2	118113769	118115272	-3	1	-	NC_072436.2	118113797	118115050	ANTKMT	XM_055241135.2	-	3	2	222	27	1	3	2	1	2	first	middle	0.500	1.000	unique	constitutive	749	140	1
NC_072436.2	118113769	118115272	-3	1	-	NC_072436.2	118113797	118114462	ANTKMT	XM_055241137.2	-	3	2	810	27	1	3	2	1	2	first	middle	0.500	1.000	unique	constitutive	161	140	1
NC_072436.2	118141426	118141921	2	1	+	NC_072436.2	118141502	118141921	FBXL16	XM_055243779.2	+	2	2	75	0	4	5	1	1	1	middle	last	1.000	1.000	constitutive	constitutive	63	145	1
NC_072436.2	118150084	118150846	2	1	+	NC_072436.2	118150143	118150669	WDR24	XM_055243766.2	+	2	2	58	177	6	7	2	2	2	middle	middle	1.000	1.000	constitutive	constitutive	104	340	2
NC_072436.2	118152149	118152659	3	1	+	NC_072436.2	118152171	118152423	JMJD8	XM_055243788.2	+	3	2	21	236	4	5	16	16	16	middle	middle	1.000	1.000	constitutive	constitutive	96	68	16
NC_072436.2	118152438	118153323	1	1	+	NC_072436.2	118152512	118152786	JMJD8	XM_055243788.2	+	1	2	73	537	6	7	16	16	11	middle	middle	1.000	0.688	constitutive	alternative	119	67	11
NC_072436.2	118152438	118153323	1	1	+	NC_072436.2	118152512	118152786	JMJD8	XM_063616999.1	+	1	2	73	537	6	7	16	16	5	middle	middle	1.000	0.312	constitutive	alternative	119	85	5
NC_072436.2	118162466	118163168	-2	1	-	NC_072436.2	118162723	118163150	RHOT2	XM_055243767.2	-	2	2	18	256	18	19	20	20	20	middle	middle	1.000	1.000	constitutive	constitutive	122	202	20
NC_072436.2	118163848	118164220	-3	1	-	NC_072436.2	118163850	118164155	RHOT2	XM_055243767.2	-	3	2	65	1	13	14	20	20	20	middle	middle	1.000	1.000	constitutive	constitutive	84	142	20
NC_072436.2	118167007	118167331	-3	1	-	NC_072436.2	118167056	118167259	RHOT2	XM_055243768.2	-	3	2	72	48	3	4	20	11	6	middle	middle	0.550	0.300	alternative	alternative	81	43	6
NC_072436.2	118167007	118167331	-3	1	-	NC_072436.2	118167047	118167259	RHOT2	XM_063616988.1	-	3	2	72	39	3	4	20	11	2	middle	middle	0.550	0.100	alternative	alternative	81	52	2
NC_072436.2	118167007	118167331	-3	1	-	NC_072436.2	118167047	118167259	RHOT2	XM_063616990.1	-	3	2	72	39	3	4	20	11	1	middle	middle	0.550	0.050	alternative	unique	81	49	1
NC_072436.2	118167007	118167331	-3	1	-	NC_072436.2	118167056	118167259	RHOT2	XM_063616991.1	-	3	2	72	48	3	4	20	11	2	middle	middle	0.550	0.100	alternative	alternative	81	40	2
NC_072436.2	118175713	118176634	-3	1	-	NC_072436.2	118175788	118176634	WDR90	XM_055243756.2	-	3	3	0	74	24	27	8	8	1	middle	middle	1.000	0.125	constitutive	unique	115	185	1
NC_072436.2	118175713	118176634	-3	1	-	NC_072436.2	118175728	118176634	WDR90	XM_055243757.2	-	3	3	0	14	24	27	8	8	5	middle	middle	1.000	0.625	constitutive	alternative	115	245	5
NC_072436.2	118175713	118176634	-3	1	-	NC_072436.2	118176154	118176634	WDR90	XM_055243759.2	-	3	2	0	440	24	26	8	8	8	middle	middle	1.000	1.000	constitutive	constitutive	115	131	2
NC_072436.2	118179527	118180094	-2	1	-	NC_072436.2	118179686	118180002	WDR90	XM_055243756.2	-	2	2	92	158	16	17	8	8	8	middle	middle	1.000	1.000	constitutive	constitutive	130	116	8
NC_072436.2	118181758	118182076	-3	1	-	NC_072436.2	118181798	118182076	WDR90	XM_055243756.2	-	3	2	0	39	12	13	8	8	8	middle	middle	1.000	1.000	constitutive	constitutive	145	57	8
NC_072436.2	118321353	118322061	-1	1	-	NC_072436.2	118321354	118321731	RAB11FIP3	XM_055242226.2	-	1	2	330	0	14	15	5	5	5	middle	last	1.000	1.000	constitutive	constitutive	140	110	5
NC_072436.2	118468896	118469253	1	1	+	NC_072436.2	118468951	118469252	PGAP6	XM_055242228.2	+	1	2	54	1	7	8	3	3	3	middle	middle	1.000	1.000	constitutive	constitutive	90	123	3
NC_072436.2	118469929	118470538	2	1	+	NC_072436.2	118469991	118470385	PGAP6	XM_055242228.2	+	2	2	61	153	10	11	3	3	3	middle	middle	1.000	1.000	constitutive	constitutive	178	146	3
NC_072436.2	118557937	118558519	-3	1	-	NC_072436.2	118558052	118558443	PDIA2	XM_055242507.2	-	3	2	76	114	9	10	2	2	2	middle	middle	1.000	1.000	constitutive	constitutive	181	110	2
NC_072436.2	118562995	118563487	-3	1	-	NC_072436.2	118563019	118563381	ARHGDIG	XM_055242513.2	-	3	2	106	23	2	3	1	1	1	middle	middle	1.000	1.000	constitutive	constitutive	179	83	1
NC_072436.2	118568734	118569328	2	1	+	NC_072436.2	118568799	118569151	RGS11	XM_055243058.2	+	2	2	64	177	2	3	16	7	6	middle	middle	0.438	0.375	alternative	alternative	50	106	6
NC_072436.2	118568734	118569328	2	1	+	NC_072436.2	118568799	118569170	RGS11	XM_055243068.2	+	2	2	64	158	3	4	16	7	1	middle	middle	0.438	0.062	alternative	unique	50	125	1
NC_072436.2	118678432	118679086	-3	1	-	NC_072436.2	118678433	118678871	HBQ1	XM_055243102.2	-	3	2	215	0	2	3	1	1	1	middle	last	1.000	1.000	constitutive	constitutive	204	125	1
NC_072436.2	118694272	118694842	-3	1	-	NC_072436.2	118694273	118694708	HBM	XM_055243105.2	-	3	2	134	0	2	3	1	1	1	middle	last	1.000	1.000	constitutive	constitutive	204	125	1
NC_072436.2	118804874	118805519	3	1	+	NC_072436.2	118805019	118805426	RHBDF1	XM_055241628.2	+	3	2	144	93	3	4	7	7	7	middle	middle	1.000	1.000	constitutive	constitutive	209	122	7
NC_072436.2	12135169	12136549	2	1	+	NC_072436.2	12135338	12136256	TMC8	XM_055243500.2	+	2	2	168	293	1	3	16	16	16	first	middle	1.000	1.000	constitutive	constitutive	148	149	16
NC_072436.2	12456820	12457984	-3	1	-	NC_072436.2	12456947	12457921	DNAH17	XM_055240980.1	-	3	2	63	126	67	68	1	1	1	middle	middle	1.000	1.000	constitutive	constitutive	140	170	1
NC_072436.2	13807300	13807702	-3	1	-	NC_072436.2	13807343	13807601	CBX8	XM_055242545.2	-	3	2	101	42	3	4	2	2	2	middle	middle	1.000	1.000	constitutive	constitutive	65	66	2
NC_072436.2	14121762	14122701	1	1	+	NC_072436.2	14121911	14122449	GAA	XM_055241651.2	+	1	2	148	252	5	7	11	11	11	middle	middle	1.000	1.000	constitutive	constitutive	119	131	11
NC_072436.2	14219875	14220721	2	1	+	NC_072436.2	14220047	14220720	CARD14	XM_063617312.1	+	2	2	171	1	13	14	1	1	1	middle	middle	1.000	1.000	constitutive	constitutive	126	240	1
NC_072436.2	14232908	14233838	-2	1	-	NC_072436.2	14233021	14233544	SGSH	XM_055240738.2	-	2	2	294	112	3	4	3	3	3	middle	middle	1.000	1.000	constitutive	constitutive	105	150	3
NC_072436.2	14332202	14333018	3	1	+	NC_072436.2	14332209	14333018	LOC134732417	XM_063617377.1	+	3	2	6	0	1	2	1	1	1	first	last	1.000	1.000	constitutive	constitutive	516	262	1
NC_072436.2	15115782	15116991	1	1	+	NC_072436.2	15116179	15116785	BAIAP2	XM_055240821.2	+	1	2	396	206	9	10	14	14	14	middle	middle	1.000	1.000	constitutive	constitutive	221	201	14
NC_072436.2	15137488	15137848	-3	1	-	NC_072436.2	15137490	15137777	AATK	XM_055240819.1	-	3	2	71	1	8	9	2	2	2	middle	middle	1.000	1.000	constitutive	constitutive	84	121	2
NC_072436.2	15255451	15255859	2	1	+	NC_072436.2	15255458	15255772	LOC129461950	XM_055241461.2	+	2	2	6	87	1	2	2	2	1	first	middle	1.000	0.500	constitutive	unique	83	110	1
NC_072436.2	15255451	15255859	2	1	+	NC_072436.2	15255458	15255859	LOC129461950	XM_063617379.1	+	2	2	6	0	1	2	2	2	1	first	last	1.000	0.500	constitutive	unique	83	197	1
NC_072436.2	15473260	15474964	2	1	+	NC_072436.2	15473286	15474799	BAHCC1	XM_055241425.2	+	2	2	25	165	27	28	5	5	4	middle	middle	1.000	0.800	constitutive	alternative	176	1177	4
NC_072436.2	15473260	15474964	2	1	+	NC_072436.2	15473286	15474799	BAHCC1	XM_055241426.2	+	2	2	25	165	27	28	5	5	1	middle	middle	1.000	0.200	constitutive	unique	176	1153	1
NC_072436.2	15712668	15713070	1	1	+	NC_072436.2	15712687	15712986	HGS	XM_055241541.2	+	1	2	18	84	13	14	5	5	5	middle	middle	1.000	1.000	constitutive	constitutive	143	59	5
NC_072436.2	15713749	15714790	2	1	+	NC_072436.2	15714078	15714716	HGS	XM_055241541.2	+	2	2	328	74	16	18	5	5	5	middle	middle	1.000	1.000	constitutive	constitutive	172	174	5
NC_072436.2	15733166	15733598	3	1	+	NC_072436.2	15733215	15733468	SLC25A10	XM_055241846.2	+	3	2	48	130	3	4	3	3	3	middle	middle	1.000	1.000	constitutive	constitutive	114	48	3
NC_072436.2	15767875	15768220	2	1	+	NC_072436.2	15767901	15768219	GCGR	XM_055242415.1	+	2	2	25	1	4	5	1	1	1	middle	middle	1.000	1.000	constitutive	constitutive	121	106	1
NC_072436.2	15768223	15768706	2	1	+	NC_072436.2	15768295	15768701	GCGR	XM_055242415.1	+	2	2	71	5	6	7	1	1	1	middle	middle	1.000	1.000	constitutive	constitutive	156	159	1
NC_072436.2	15780288	15780849	-1	1	-	NC_072436.2	15780327	15780546	MCRIP1	XM_055242003.2	-	1	2	303	38	1	2	5	5	5	first	middle	1.000	1.000	constitutive	constitutive	7	118	5
NC_072436.2	15862156	15862900	2	1	+	NC_072436.2	15862286	15862900	NPB	XM_055241236.2	+	2	2	129	0	1	2	1	1	1	first	last	1.000	1.000	constitutive	constitutive	398	125	1
NC_072436.2	15874367	15874943	-2	1	-	NC_072436.2	15874500	15874943	SIRT7	XM_055242280.2	-	2	2	0	132	7	8	1	1	1	middle	middle	1.000	1.000	constitutive	constitutive	236	80	1
NC_072436.2	15894535	15895672	-3	1	-	NC_072436.2	15895127	15895618	PYCR1	XM_055242465.2	-	3	2	54	591	6	7	1	1	1	middle	middle	1.000	1.000	constitutive	constitutive	221	92	1
NC_072436.2	15991755	15992259	1	1	+	NC_072436.2	15991797	15992097	LRRC45	XM_055241479.2	+	1	2	41	162	9	10	1	1	1	middle	middle	1.000	1.000	constitutive	constitutive	135	77	1
NC_072436.2	16029004	16029283	-3	1	-	NC_072436.2	16029006	16029266	DUS1L	XM_055240364.2	-	3	2	17	1	8	9	4	4	4	middle	middle	1.000	1.000	constitutive	constitutive	96	82	4
NC_072436.2	16050143	16051016	-2	1	-	NC_072436.2	16050458	16050960	FASN	XM_055240362.2	-	2	2	56	314	35	36	4	4	4	middle	middle	1.000	1.000	constitutive	constitutive	151	239	4
NC_072436.2	16165889	16166312	-2	1	-	NC_072436.2	16165891	16166273	CCDC57	XM_055243710.2	-	2	2	39	1	4	5	4	4	4	middle	middle	1.000	1.000	constitutive	constitutive	157	74	4
NC_072436.2	16658741	16659383	-2	1	-	NC_072436.2	16658907	16659341	KIF19	XM_055243406.2	-	2	2	42	165	8	9	1	1	1	middle	middle	1.000	1.000	constitutive	constitutive	228	121	1
NC_072436.2	16672965	16673265	-1	1	-	NC_072436.2	16672971	16673205	LOC129462738	XM_055242998.2	-	1	2	60	5	1	2	4	4	4	first	middle	1.000	1.000	constitutive	constitutive	2	60	4
NC_072436.2	25672828	25673359	-3	1	-	NC_072436.2	25672877	25673359	DCTN1	XM_055241209.1	-	3	2	0	48	14	15	11	11	11	middle	middle	1.000	1.000	constitutive	constitutive	116	152	11
NC_072436.2	25725977	25726532	-2	1	-	NC_072436.2	25725978	25726496	LOC129461839	XM_055241264.2	-	2	2	36	0	1	2	1	1	1	first	last	1.000	1.000	constitutive	constitutive	275	209	1
NC_072436.2	25733055	25733526	1	1	+	NC_072436.2	25733245	25733526	WDR54	XM_055241259.2	+	1	2	189	0	9	10	8	8	8	middle	last	1.000	1.000	constitutive	constitutive	74	128	8
NC_072436.2	25801363	25802053	2	1	+	NC_072436.2	25801601	25801978	TTC31	XM_055241403.2	+	2	2	237	75	7	8	20	20	14	middle	middle	1.000	0.700	constitutive	alternative	80	191	14
NC_072436.2	25801363	25802053	2	1	+	NC_072436.2	25801601	25801972	TTC31	XM_055241405.2	+	2	2	237	81	7	8	20	20	5	middle	middle	1.000	0.250	constitutive	alternative	80	185	5
NC_072436.2	25801363	25802053	2	1	+	NC_072436.2	25801601	25801972	TTC31	XM_055241413.2	+	2	2	237	81	4	5	20	20	1	middle	middle	1.000	0.050	constitutive	unique	80	137	1
NC_072436.2	25841930	25842461	3	1	+	NC_072436.2	25842066	25842429	HTRA2	XM_055240656.2	+	3	2	135	32	4	5	4	3	3	middle	middle	0.750	0.750	alternative	alternative	32	105	3
NC_072436.2	25841930	25842461	3	1	+	NC_072436.2	25842066	25842429	HTRA2	XM_055240657.2	+	3	2	135	32	4	5	4	1	1	middle	middle	0.250	0.250	unique	unique	31	136	1
NC_072436.2	35513124	35514432	-1	1	-	NC_072436.2	35513125	35514138	LOC129463114	XM_055243640.2	-	1	2	294	0	1	2	3	1	1	first	last	0.333	0.333	unique	unique	549	385	1
NC_072436.2	35513124	35514432	-1	1	-	NC_072436.2	35513125	35514138	LOC129463114	XM_055243641.2	-	1	2	294	0	1	2	3	1	2	first	last	0.333	0.667	unique	alternative	540	304	1
NC_072436.2	35513124	35514432	-1	1	-	NC_072436.2	35513125	35514138	LOC129463114	XM_055243642.2	-	1	3	294	0	1	3	3	1	2	first	last	0.333	0.667	unique	alternative	220	304	1
NC_072436.2	36328949	36330662	-2	1	-	NC_072436.2	36329040	36330536	TGOLN2	XM_055241226.2	-	2	3	126	90	1	3	6	6	3	first	middle	1.000	0.500	constitutive	alternative	45	1030	3
NC_072436.2	36328949	36330662	-2	1	-	NC_072436.2	36329040	36330536	TGOLN2	XM_055241228.2	-	2	2	126	90	1	2	6	6	1	first	middle	1.000	0.167	constitutive	unique	45	1219	1
NC_072436.2	36328949	36330662	-2	1	-	NC_072436.2	36329040	36330536	TGOLN2	XM_055241230.2	-	2	4	126	90	1	4	6	6	2	first	middle	1.000	0.333	constitutive	alternative	45	296	2
NC_072436.2	37520577	37521033	1	1	+	NC_072436.2	37520578	37520970	KDM3A	XM_055240468.1	+	1	2	0	63	23	24	2	2	2	middle	middle	1.000	1.000	constitutive	constitutive	176	134	2
NC_072436.2	40712290	40712632	-3	1	-	NC_072436.2	40712292	40712583	NT5DC4	XM_063617040.1	-	3	2	49	1	4	5	1	1	1	middle	middle	1.000	1.000	constitutive	constitutive	117	95	1
NC_072436.2	41892795	41893068	1	1	+	NC_072436.2	41892824	41893015	LOC129461778	XM_063616643.1	+	1	2	28	53	28	29	1	1	1	middle	middle	1.000	1.000	constitutive	constitutive	28	72	1
NC_072436.2	44937782	44938337	3	1	+	NC_072436.2	44937891	44938337	LOC129462740	XM_063616514.1	+	3	2	108	0	1	2	1	1	1	first	last	1.000	1.000	constitutive	constitutive	156	217	1
NC_072436.2	50890605	50891130	1	1	+	NC_072436.2	50890623	50891007	TBC1D8	XM_055243620.2	+	1	2	17	123	13	14	4	4	4	middle	middle	1.000	1.000	constitutive	constitutive	129	98	4
NC_072436.2	52065831	52066764	1	1	+	NC_072436.2	52065904	52066728	AFF3	XM_055243808.2	+	1	2	72	36	4	5	8	8	8	middle	middle	1.000	1.000	constitutive	constitutive	312	385	8
NC_072436.2	54701161	54701563	2	1	+	NC_072436.2	54701183	54701446	SEMA4C	XM_055241875.2	+	2	2	21	117	2	3	8	8	8	middle	middle	1.000	1.000	constitutive	constitutive	62	98	8
NC_072436.2	54705386	54706490	3	1	+	NC_072436.2	54705470	54706490	SEMA4C	XM_055241875.2	+	3	2	83	0	12	13	8	8	8	middle	last	1.000	1.000	constitutive	constitutive	70	826	8
NC_072436.2	54959223	54959661	1	1	+	NC_072436.2	54959284	54959565	KANSL3	XM_055240807.2	+	1	2	60	96	7	8	22	22	22	middle	middle	1.000	1.000	constitutive	constitutive	101	71	22
NC_072436.2	55245006	55245279	-1	1	-	NC_072436.2	55245060	55245251	LOC129461857	XM_063617048.1	-	1	2	28	53	21	22	1	1	1	middle	middle	1.000	1.000	constitutive	constitutive	28	72	1
NC_072436.2	55331137	55331668	-3	1	-	NC_072436.2	55331191	55331613	LOC129461858	XM_055241305.2	-	3	2	55	53	13	14	1	1	1	middle	middle	1.000	1.000	constitutive	constitutive	176	161	1
NC_072436.2	55699423	55699843	-3	1	-	NC_072436.2	55699508	55699807	CIAO1	XM_055241314.2	-	3	2	36	84	3	4	1	1	1	middle	middle	1.000	1.000	constitutive	constitutive	111	88	1
NC_072436.2	61613190	61613697	-1	1	-	NC_072436.2	61613266	61613592	LOC129462990	XM_063617797.1	-	1	2	105	75	3	4	1	1	1	middle	middle	1.000	1.000	constitutive	constitutive	56	86	1
NC_072436.2	62124368	62124668	3	1	+	NC_072436.2	62124429	62124663	LOC129462400	XM_055242346.2	+	3	2	60	5	1	2	1	1	1	first	middle	1.000	1.000	constitutive	constitutive	2	60	1
NC_072436.2	62203996	62204407	-3	1	-	NC_072436.2	62204009	62204389	LOC129462993	XM_055243445.1	-	3	2	18	12	25	27	1	1	1	middle	middle	1.000	1.000	constitutive	constitutive	69	150	1
NC_072436.2	63392976	63393570	-1	1	-	NC_072436.2	63393073	63393396	LOC129463001	XM_063617053.1	-	1	2	174	96	9	10	1	1	1	middle	middle	1.000	1.000	constitutive	constitutive	107	95	1
NC_072436.2	63838064	63838487	3	1	+	NC_072436.2	63838145	63838487	LOC129463003	XM_055243452.2	+	3	2	80	0	3	4	1	1	1	middle	last	1.000	1.000	constitutive	constitutive	64	199	1
NC_072436.2	64120606	64121050	2	1	+	NC_072436.2	64120649	64120975	LOC129463005	XM_055243453.2	+	2	2	42	75	3	4	1	1	1	middle	middle	1.000	1.000	constitutive	constitutive	56	86	1
NC_072436.2	65417681	65418125	-2	1	-	NC_072436.2	65417757	65418083	LOC129461666	XM_063617795.1	-	2	2	42	75	3	4	1	1	1	middle	middle	1.000	1.000	constitutive	constitutive	56	86	1
NC_072436.2	65945812	65946544	-3	1	-	NC_072436.2	65945941	65946465	SREBF1	XM_055241590.2	-	3	2	79	128	12	13	14	14	14	middle	middle	1.000	1.000	constitutive	constitutive	166	168	14
NC_072436.2	65949383	65949881	-2	1	-	NC_072436.2	65949405	65949811	SREBF1	XM_055241590.2	-	2	2	70	21	3	4	14	12	14	middle	middle	0.857	1.000	alternative	constitutive	187	134	12
NC_072436.2	65949383	65949881	-2	1	-	NC_072436.2	65949405	65949811	SREBF1	XM_055241592.2	-	2	2	70	21	3	4	14	2	14	middle	middle	0.143	1.000	alternative	constitutive	181	134	2
NC_072436.2	66294105	66294531	1	1	+	NC_072436.2	66294119	66294530	MYO15A	XM_055241588.2	+	1	2	13	1	53	54	1	1	1	middle	middle	1.000	1.000	constitutive	constitutive	73	82	1
NC_072436.2	66385565	66386288	-2	1	-	NC_072436.2	66385677	66386135	FLII	XM_055241351.2	-	2	2	153	111	22	23	10	10	10	middle	middle	1.000	1.000	constitutive	constitutive	139	234	10
NC_072436.2	66425331	66425817	-1	1	-	NC_072436.2	66425333	66425711	TOP3A	XM_055242015.2	-	1	2	106	1	14	15	4	4	4	middle	middle	1.000	1.000	constitutive	constitutive	113	165	4
NC_072436.2	66592997	66593441	-2	1	-	NC_072436.2	66593073	66593399	LOC129462233	XM_063616827.1	-	2	2	42	75	3	4	1	1	1	middle	middle	1.000	1.000	constitutive	constitutive	56	86	1
NC_072436.2	66653759	66654377	3	1	+	NC_072436.2	66654044	66654360	SLC47A1	XM_055242021.2	+	3	2	284	17	8	9	2	2	2	middle	middle	1.000	1.000	constitutive	constitutive	97	113	2
NC_072436.2	66658260	66658569	1	1	+	NC_072436.2	66658261	66658568	SLC47A1	XM_055242021.2	+	1	2	0	1	11	12	2	2	2	middle	middle	1.000	1.000	constitutive	constitutive	108	75	2
NC_072436.2	66834435	66834819	-1	1	-	NC_072436.2	66834436	66834665	ALDH3A1	XM_055243316.2	-	1	2	154	0	9	10	2	2	2	middle	last	1.000	1.000	constitutive	constitutive	130	11	2
NC_072436.2	67152382	67153186	2	1	+	NC_072436.2	67152618	67153185	FBXO41	XM_055240385.2	+	2	2	235	1	5	6	3	3	3	middle	middle	1.000	1.000	constitutive	constitutive	241	115	3
NC_072436.2	79255760	79256261	3	1	+	NC_072436.2	79255761	79256249	XPO1	XM_055242299.2	+	3	2	0	12	12	13	5	5	5	middle	middle	1.000	1.000	constitutive	constitutive	138	181	5
NC_072436.2	79825762	79826104	2	1	+	NC_072436.2	79825878	79826103	PUS10	XM_055242730.2	+	2	2	115	1	12	13	19	19	19	middle	middle	1.000	1.000	constitutive	constitutive	76	55	19
NC_072436.2	8252927	8253710	-2	1	-	NC_072436.2	8252928	8253569	LOC129461502	XM_055240542.2	-	2	2	141	0	1	2	2	1	2	first	last	0.500	1.000	unique	constitutive	272	326	1
NC_072436.2	8252927	8253710	-2	1	-	NC_072436.2	8252928	8253569	LOC129461502	XM_063617195.1	-	2	2	141	0	1	3	2	1	2	first	last	0.500	1.000	unique	constitutive	61	326	1
NC_072436.2	8581226	8581442	3	1	+	NC_072436.2	8581230	8581441	RAB37	XM_055241716.2	+	3	2	3	1	8	9	4	4	4	middle	middle	1.000	1.000	constitutive	constitutive	56	76	4
NC_072436.2	8699574	8700072	-1	1	-	NC_072436.2	8699575	8700002	LOC129463096	XM_055243609.2	-	1	2	70	0	12	13	1	1	1	middle	last	1.000	1.000	constitutive	constitutive	170	127	1
NC_072436.2	8700638	8701184	-2	1	-	NC_072436.2	8700650	8701102	LOC129463096	XM_055243609.2	-	2	2	82	11	10	11	1	1	1	middle	middle	1.000	1.000	constitutive	constitutive	199	171	1
NC_072436.2	8702804	8704163	-2	1	-	NC_072436.2	8702904	8703685	LOC129463096	XM_055243609.2	-	2	3	478	99	4	6	1	1	1	middle	middle	1.000	1.000	constitutive	constitutive	130	113	1
NC_072436.2	92454005	92454287	-2	1	-	NC_072436.2	92454007	92454287	PPP1R21	XM_055240937.2	-	2	2	0	1	10	11	10	10	10	middle	middle	1.000	1.000	constitutive	constitutive	101	88	10
NC_072436.2	93125817	93126144	1	1	+	NC_072436.2	93125838	93126144	FBXO11	XM_055240856.2	+	1	2	20	0	22	23	3	3	3	middle	last	1.000	1.000	constitutive	constitutive	98	126	3
NC_072436.2	9814778	9815492	3	1	+	NC_072436.2	9814814	9815285	RHBDF2	XM_055242107.2	+	3	2	35	207	3	4	4	4	4	middle	middle	1.000	1.000	constitutive	constitutive	195	203	4
NC_072436.2	9824554	9825556	-3	1	-	NC_072436.2	9824786	9825442	AANAT	XM_055242198.2	-	3	2	114	231	2	3	4	1	4	middle	middle	0.250	1.000	unique	constitutive	237	154	1
NC_072436.2	9824554	9825556	-3	1	-	NC_072436.2	9824786	9825367	AANAT	XM_055242199.2	-	3	2	189	231	1	2	4	3	4	first	middle	0.750	1.000	alternative	constitutive	162	154	3
NC_072436.2	9903257	9903668	3	1	+	NC_072436.2	9903258	9903615	UBE2O	XM_055242094.2	+	3	2	0	53	16	17	4	4	4	middle	middle	1.000	1.000	constitutive	constitutive	203	57	4
NC_072436.2	9908835	9909543	-1	1	-	NC_072436.2	9908837	9909356	SPHK1	XM_055242171.2	-	1	2	187	1	2	4	4	4	4	middle	middle	1.000	1.000	constitutive	constitutive	152	115	4
NC_072437.2	10024531	10024870	2	1	+	NC_072437.2	10024610	10024843	COL4A1	XM_055244660.2	+	2	2	78	27	3	4	3	3	3	middle	middle	1.000	1.000	constitutive	constitutive	89	44	3
NC_072437.2	102215469	102215793	-2	1	-	NC_072437.2	102215479	102215785	SUPT20H	XM_055244970.2	-	2	2	8	9	10	11	50	50	50	middle	middle	1.000	1.000	constitutive	constitutive	156	56	50
NC_072437.2	17730142	17733727	-1	1	-	NC_072437.2	17730143	17733091	LOC129464139	XM_063618669.1	-	1	2	636	0	1	2	1	1	1	first	last	1.000	1.000	constitutive	constitutive	1281	1528	1
NC_072437.2	19220296	19220791	2	1	+	NC_072437.2	19220419	19220767	NALCN	XM_055245145.2	+	2	2	122	24	24	25	7	7	7	middle	middle	1.000	1.000	constitutive	constitutive	120	131	7
NC_072437.2	22321804	22322350	2	1	+	NC_072437.2	22321805	22322338	STK24	XM_055244510.2	+	2	2	0	12	4	5	5	5	5	middle	middle	1.000	1.000	constitutive	constitutive	108	157	5
NC_072437.2	22796169	22796451	-2	1	-	NC_072437.2	22796200	22796451	IPO5	XM_055245251.2	-	2	2	0	30	20	21	6	6	6	middle	middle	1.000	1.000	constitutive	constitutive	111	55	6
NC_072437.2	22882274	22882967	-3	1	-	NC_072437.2	22882518	22882892	LOC129464169	XM_055245257.2	-	3	2	75	243	1	2	1	1	1	first	middle	1.000	1.000	constitutive	constitutive	55	0	1
NC_072437.2	62782609	62783971	-1	1	-	NC_072437.2	62782630	62783855	LOC129463743	XM_055244448.2	-	1	2	116	20	11	13	1	1	1	middle	middle	1.000	1.000	constitutive	constitutive	412	580	1
NC_072437.2	68480119	68483392	2	1	+	NC_072437.2	68480183	68483198	PCDH8	XM_055244554.2	+	2	2	63	194	1	2	2	1	2	first	middle	0.500	1.000	unique	constitutive	2630	207	1
NC_072437.2	68480119	68483392	2	1	+	NC_072437.2	68480183	68483198	PCDH8	XM_055244555.2	+	2	2	63	194	1	2	2	1	2	first	middle	0.500	1.000	unique	constitutive	2339	207	1
NC_072437.2	72942422	72942902	-3	1	-	NC_072437.2	72942424	72942866	SAP18	XM_055245037.2	-	3	2	36	1	1	2	1	1	1	first	middle	1.000	1.000	constitutive	constitutive	128	109	1
NC_072437.2	83613878	83617403	-3	1	-	NC_072437.2	83613879	83617292	LOC129463690	XM_055244410.2	-	3	2	111	0	1	2	1	1	1	first	last	1.000	1.000	constitutive	constitutive	1746	1528	1
NC_072437.2	89209307	89210387	-3	1	-	NC_072437.2	89209755	89210303	INTS6	XM_055244805.2	-	3	2	84	447	1	2	3	2	2	first	middle	0.667	0.667	alternative	alternative	110	77	2
NC_072437.2	89919227	89919515	-3	1	-	NC_072437.2	89919237	89919515	NEK3	XM_063619249.1	-	3	2	0	9	3	4	2	2	2	middle	middle	1.000	1.000	constitutive	constitutive	93	97	2
NC_072437.2	93334231	93334588	-1	1	-	NC_072437.2	93334240	93334567	FLT3	XM_055244380.2	-	1	2	21	8	14	15	4	4	4	middle	middle	1.000	1.000	constitutive	constitutive	132	104	4
NC_072437.2	9728681	9729170	-3	1	-	NC_072437.2	9728687	9729106	COL4A2	XM_055244659.2	-	3	2	64	5	43	44	2	2	2	middle	middle	1.000	1.000	constitutive	constitutive	146	116	2
NC_072438.2	10002856	10003636	-1	1	-	NC_072438.2	10002923	10003408	SLC49A3	XM_055245976.2	-	1	2	228	66	3	4	4	4	4	middle	middle	1.000	1.000	constitutive	constitutive	213	76	4
NC_072438.2	100891041	100892580	-2	1	-	NC_072438.2	100891043	100891644	SLC6A19	XM_055246270.2	-	2	2	936	1	5	6	1	1	1	middle	middle	1.000	1.000	constitutive	constitutive	110	112	1
NC_072438.2	101499718	101500234	2	1	+	NC_072438.2	101499740	101500100	SLC9A3	XM_055246133.2	+	2	2	21	134	13	14	3	3	3	middle	middle	1.000	1.000	constitutive	constitutive	176	72	3
NC_072438.2	101773731	101774532	-2	1	-	NC_072438.2	101773969	101774370	PLEKHG4B	XM_055245452.2	-	2	2	162	237	15	16	15	12	12	middle	middle	0.800	0.800	alternative	alternative	89	230	12
NC_072438.2	101798967	101799624	-2	1	-	NC_072438.2	101799083	101799563	PLEKHG4B	XM_055245452.2	-	2	2	61	115	4	5	15	15	15	middle	middle	1.000	1.000	constitutive	constitutive	209	123	15
NC_072438.2	10210129	10210933	-1	1	-	NC_072438.2	10210233	10210907	GAK	XM_055245958.2	-	1	2	26	103	17	18	26	26	26	middle	middle	1.000	1.000	constitutive	constitutive	117	79	26
NC_072438.2	10293205	10293928	-1	1	-	NC_072438.2	10293206	10293784	DGKQ	XM_055246634.2	-	1	2	144	0	22	23	3	3	3	middle	last	1.000	1.000	constitutive	constitutive	152	98	3
NC_072438.2	10332807	10334508	1	1	+	NC_072438.2	10332857	10334119	IDUA	XM_055246638.2	+	1	3	49	389	5	8	4	4	4	middle	middle	1.000	1.000	constitutive	constitutive	202	212	4
NC_072438.2	10490866	10491610	-1	1	-	NC_072438.2	10491089	10491576	SPON2	XM_055246074.2	-	1	2	34	222	2	3	1	1	1	middle	middle	1.000	1.000	constitutive	constitutive	223	191	1
NC_072438.2	10689472	10690204	2	1	+	NC_072438.2	10689475	10689995	LOC129464432	XM_063619323.1	+	2	2	2	209	4	6	1	1	1	middle	middle	1.000	1.000	constitutive	constitutive	315	113	1
NC_072438.2	11274582	11274975	-2	1	-	NC_072438.2	11274603	11274890	NELFA	XM_055246228.2	-	2	2	85	20	5	6	2	2	2	middle	middle	1.000	1.000	constitutive	constitutive	130	69	2
NC_072438.2	12077560	12079204	2	1	+	NC_072438.2	12078469	12078935	SH3BP2	XM_055245749.2	+	2	2	908	269	6	7	7	7	7	middle	middle	1.000	1.000	constitutive	constitutive	88	68	7
NC_072438.2	12484921	12485701	2	1	+	NC_072438.2	12485107	12485637	HTT	XM_055245541.2	+	2	2	185	64	65	66	1	1	1	middle	middle	1.000	1.000	constitutive	constitutive	162	160	1
NC_072438.2	46162516	46162939	-1	1	-	NC_072438.2	46162619	46162861	RPL9	XM_063619856.1	-	1	2	78	102	1	2	2	2	2	first	middle	1.000	1.000	constitutive	constitutive	45	115	2
NC_072438.2	47965596	47966784	1	1	+	NC_072438.2	47965966	47966727	UCHL1	XM_055246465.2	+	1	3	369	57	1	3	2	1	1	first	middle	0.500	0.500	unique	unique	32	128	1
NC_072438.2	68547127	68550703	-1	1	-	NC_072438.2	68547128	68550547	LOC129464920	XM_055246408.2	-	1	2	156	0	1	2	1	1	1	first	last	1.000	1.000	constitutive	constitutive	1752	1528	1
NC_072438.2	9995762	9996320	3	1	+	NC_072438.2	9995844	9996192	MYL5	XM_055245983.2	+	3	2	81	128	1	2	1	1	1	first	middle	1.000	1.000	constitutive	constitutive	125	75	1
NC_072439.2	10003444	10004422	-3	1	-	NC_072439.2	10003446	10004305	LOC129466805	XM_055250808.2	-	3	2	117	1	1	2	1	1	1	first	middle	1.000	1.000	constitutive	constitutive	478	296	1
NC_072439.2	10006254	10006887	-1	1	-	NC_072439.2	10006386	10006734	MIER2	XM_055247641.2	-	1	2	153	131	11	12	9	5	9	middle	middle	0.556	1.000	alternative	constitutive	124	88	5
NC_072439.2	10006254	10006887	-1	1	-	NC_072439.2	10006386	10006734	MIER2	XM_055247643.2	-	1	2	153	131	11	12	9	4	9	middle	middle	0.444	1.000	alternative	constitutive	103	88	4
NC_072439.2	10119859	10120675	-3	1	-	NC_072439.2	10120187	10120499	SHC2	XM_055247634.2	-	3	2	176	327	3	4	2	2	2	middle	middle	1.000	1.000	constitutive	constitutive	60	119	2
NC_072439.2	10175836	10176892	2	1	+	NC_072439.2	10175859	10176848	MADCAM1	XM_055247648.2	+	2	2	22	44	2	3	3	3	3	middle	middle	1.000	1.000	constitutive	constitutive	284	323	3
NC_072439.2	10291524	10293363	-1	1	-	NC_072439.2	10291594	10293150	POLRMT	XM_055247965.2	-	1	2	213	69	11	12	1	1	1	middle	middle	1.000	1.000	constitutive	constitutive	788	122	1
NC_072439.2	10293699	10294653	-1	1	-	NC_072439.2	10293889	10294290	POLRMT	XM_055247965.2	-	1	2	363	189	7	9	1	1	1	middle	middle	1.000	1.000	constitutive	constitutive	16	170	1
NC_072439.2	10472292	10472940	1	1	+	NC_072439.2	10472368	10472778	PTBP1	XM_055250068.1	+	1	2	75	162	5	6	6	6	6	middle	middle	1.000	1.000	constitutive	constitutive	146	170	6
NC_072439.2	10562790	10563426	-1	1	-	NC_072439.2	10562809	10563407	MED16	XM_055247625.2	-	1	2	19	18	2	3	11	11	11	middle	middle	1.000	1.000	constitutive	constitutive	107	169	11
NC_072439.2	10665541	10666486	2	1	+	NC_072439.2	10665623	10666130	WDR18	XM_055248463.2	+	2	2	81	356	5	7	3	3	3	middle	middle	1.000	1.000	constitutive	constitutive	143	124	3
NC_072439.2	10682122	10682884	2	1	+	NC_072439.2	10682392	10682827	GRIN3B	XM_055247108.2	+	2	2	269	57	5	6	1	1	1	middle	middle	1.000	1.000	constitutive	constitutive	115	151	1
NC_072439.2	10685454	10686318	-1	1	-	NC_072439.2	10685662	10686245	TMEM259	XM_055247091.2	-	1	2	73	207	7	9	6	4	6	middle	middle	0.667	1.000	alternative	constitutive	83	99	4
NC_072439.2	10685454	10686318	-1	1	-	NC_072439.2	10685662	10686194	TMEM259	XM_063620021.1	-	1	2	124	207	7	9	6	2	6	middle	middle	0.333	1.000	alternative	constitutive	32	99	2
NC_072439.2	10686221	10686677	-2	1	-	NC_072439.2	10686323	10686574	TMEM259	XM_055247091.2	-	2	2	103	101	5	6	6	6	6	middle	middle	1.000	1.000	constitutive	constitutive	100	57	6
NC_072439.2	10722207	10723350	1	1	+	NC_072439.2	10722429	10723005	ABCA7	XM_063620584.1	+	1	2	221	345	13	14	13	13	13	middle	middle	1.000	1.000	constitutive	constitutive	222	221	13
NC_072439.2	10725956	10726361	3	1	+	NC_072439.2	10725974	10726347	ABCA7	XM_063620584.1	+	3	2	17	14	18	19	13	13	13	middle	middle	1.000	1.000	constitutive	constitutive	131	139	13
NC_072439.2	10733814	10734285	1	1	+	NC_072439.2	10733889	10734244	ABCA7	XM_063620584.1	+	1	2	74	41	35	36	13	11	12	middle	middle	0.846	0.923	alternative	alternative	144	123	11
NC_072439.2	10733814	10734285	1	1	+	NC_072439.2	10733840	10734244	ABCA7	XM_063620592.1	+	1	2	25	41	34	35	13	1	12	middle	middle	0.077	0.923	unique	alternative	193	123	1
NC_072439.2	10738681	10740682	2	1	+	NC_072439.2	10739972	10740681	ABCA7	XM_063620584.1	+	2	3	1290	1	42	44	13	12	12	middle	middle	0.923	0.923	alternative	alternative	134	92	12
NC_072439.2	10751339	10751693	3	1	+	NC_072439.2	10751362	10751648	ARHGAP45	XM_055247735.2	+	3	2	22	45	7	8	5	5	5	middle	middle	1.000	1.000	constitutive	constitutive	137	64	5
NC_072439.2	10756889	10757501	3	1	+	NC_072439.2	10756953	10757368	ARHGAP45	XM_055247735.2	+	3	2	63	133	12	13	5	5	5	middle	middle	1.000	1.000	constitutive	constitutive	137	190	5
NC_072439.2	10787912	10788701	-2	1	-	NC_072439.2	10788003	10788274	SBNO2	XM_055248258.2	-	2	2	427	90	26	27	4	4	4	middle	middle	1.000	1.000	constitutive	constitutive	94	92	4
NC_072439.2	10790713	10791142	-3	1	-	NC_072439.2	10790735	10791076	SBNO2	XM_055248258.2	-	3	2	66	21	20	21	4	4	4	middle	middle	1.000	1.000	constitutive	constitutive	135	112	4
NC_072439.2	10800969	10801938	-1	1	-	NC_072439.2	10801087	10801640	SBNO2	XM_055248258.2	-	1	2	298	117	7	9	4	4	4	middle	middle	1.000	1.000	constitutive	constitutive	151	90	4
NC_072439.2	10925628	10926018	1	1	+	NC_072439.2	10925681	10926018	ATP5F1D	XM_063620031.1	+	1	2	52	0	3	4	2	2	2	middle	last	1.000	1.000	constitutive	constitutive	88	119	2
NC_072439.2	10965242	10965854	-2	1	-	NC_072439.2	10965361	10965773	LOC134733280	XM_063622292.1	-	2	2	81	118	1	2	1	1	1	first	middle	1.000	1.000	constitutive	constitutive	191	91	1
NC_072439.2	11139105	11139564	1	1	+	NC_072439.2	11139199	11139563	APC2	XM_055248252.2	+	1	2	93	1	3	4	5	5	5	middle	middle	1.000	1.000	constitutive	constitutive	90	180	5
NC_072439.2	11176264	11177191	-3	1	-	NC_072439.2	11176511	11176971	PCSK4	XM_055248261.2	-	3	2	220	246	7	8	6	6	6	middle	middle	1.000	1.000	constitutive	constitutive	172	212	6
NC_072439.2	11196992	11197691	-2	1	-	NC_072439.2	11197152	11197552	ADAMTSL5	XM_063620033.1	-	2	2	139	159	8	9	1	1	1	middle	middle	1.000	1.000	constitutive	constitutive	86	163	1
NC_072439.2	11200206	11200872	-1	1	-	NC_072439.2	11200480	11200758	ADAMTSL5	XM_063620033.1	-	1	2	114	273	3	4	1	1	1	middle	middle	1.000	1.000	constitutive	constitutive	72	91	1
NC_072439.2	11217167	11217497	3	1	+	NC_072439.2	11217192	11217496	PLK5	XM_063620633.1	+	3	2	24	1	4	5	1	1	1	middle	middle	1.000	1.000	constitutive	constitutive	129	87	1
NC_072439.2	11311106	11311871	-2	1	-	NC_072439.2	11311301	11311664	TCF3	XM_055247458.2	-	2	2	207	194	12	13	20	15	20	middle	middle	0.750	1.000	alternative	constitutive	158	123	15
NC_072439.2	11311106	11311871	-2	1	-	NC_072439.2	11311301	11311661	TCF3	XM_063620624.1	-	2	2	210	194	14	15	20	5	20	middle	middle	0.250	1.000	alternative	constitutive	155	123	5
NC_072439.2	11482726	11484145	-3	1	-	NC_072439.2	11482777	11483405	ATP8B3	XM_055247243.2	-	3	2	740	50	21	22	6	6	6	middle	middle	1.000	1.000	constitutive	constitutive	99	366	6
NC_072439.2	11511849	11513193	-1	1	-	NC_072439.2	11512120	11513174	REXO1	XM_055247250.2	-	1	2	19	270	9	11	3	3	3	middle	middle	1.000	1.000	constitutive	constitutive	137	73	3
NC_072439.2	11679672	11680446	1	1	+	NC_072439.2	11679736	11680402	CSNK1G2	XM_055248677.2	+	1	3	63	44	4	6	2	2	2	middle	middle	1.000	1.000	constitutive	constitutive	69	234	2
NC_072439.2	11747840	11748983	-2	1	-	NC_072439.2	11747925	11748941	MKNK2	XM_055248681.2	-	2	2	42	84	11	12	5	5	5	middle	middle	1.000	1.000	constitutive	constitutive	194	164	5
NC_072439.2	11822700	11824365	-1	1	-	NC_072439.2	11822702	11824340	AP3D1	XM_055248672.2	-	1	2	25	1	20	21	4	4	4	middle	middle	1.000	1.000	constitutive	constitutive	199	73	4
NC_072439.2	11926588	11927467	2	1	+	NC_072439.2	11926613	11927053	DOT1L	XM_055248670.2	+	2	2	24	414	17	18	6	6	6	middle	middle	1.000	1.000	constitutive	constitutive	101	137	6
NC_072439.2	11946468	11947089	-1	1	-	NC_072439.2	11946469	11946887	PLEKHJ1	XM_055247048.2	-	1	2	202	0	4	6	1	1	1	middle	last	1.000	1.000	constitutive	constitutive	90	62	1
NC_072439.2	11964238	11965636	2	1	+	NC_072439.2	11964335	11965636	AMH	XM_055248676.2	+	2	3	96	0	3	5	1	1	1	middle	last	1.000	1.000	constitutive	constitutive	108	855	1
NC_072439.2	12137086	12138247	2	1	+	NC_072439.2	12137455	12137941	TMPRSS9	XM_055250234.2	+	2	2	368	306	16	17	2	2	2	middle	middle	1.000	1.000	constitutive	constitutive	265	136	2
NC_072439.2	12150984	12151752	-1	1	-	NC_072439.2	12151021	12151710	LMNB2	XM_055250243.2	-	1	2	42	36	7	8	3	3	3	middle	middle	1.000	1.000	constitutive	constitutive	220	279	3
NC_072439.2	12707897	12708467	3	1	+	NC_072439.2	12707898	12708149	TLE6	XM_055247174.2	+	3	2	0	318	8	9	4	4	4	middle	middle	1.000	1.000	constitutive	constitutive	66	76	4
NC_072439.2	12753202	12753925	-3	1	-	NC_072439.2	12753204	12753400	TLE2	XM_055247166.2	-	3	2	525	1	1	2	3	2	2	first	middle	0.667	0.667	alternative	alternative	23	97	2
NC_072439.2	12840165	12840783	1	1	+	NC_072439.2	12840189	12840625	GNA11	XM_055247227.2	+	1	2	23	158	5	6	1	1	1	middle	middle	1.000	1.000	constitutive	constitutive	129	153	1
NC_072439.2	13002426	13003002	1	1	+	NC_072439.2	13002604	13002976	CELF5	XM_055248334.2	+	1	2	177	26	7	8	26	26	25	middle	middle	1.000	0.962	constitutive	alternative	141	146	25
NC_072439.2	13002426	13003002	1	1	+	NC_072439.2	13002604	13002976	CELF5	XM_063620677.1	+	1	2	177	26	7	8	26	26	1	middle	middle	1.000	0.038	constitutive	unique	141	71	1
NC_072439.2	13262109	13262940	1	1	+	NC_072439.2	13262427	13262878	TEKTIP1	XM_055247233.2	+	1	2	317	62	2	3	1	1	1	middle	middle	1.000	1.000	constitutive	constitutive	238	125	1
NC_072439.2	13266348	13266774	-1	1	-	NC_072439.2	13266466	13266741	MFSD12	XM_055247493.2	-	1	2	33	117	5	6	3	3	3	middle	middle	1.000	1.000	constitutive	constitutive	92	92	3
NC_072439.2	13310101	13313128	2	1	+	NC_072439.2	13310224	13313128	GIPC3	XM_055249592.2	+	2	2	122	0	6	7	3	1	1	middle	last	0.333	0.333	unique	unique	2192	657	1
NC_072439.2	13468666	13469269	-3	1	-	NC_072439.2	13468715	13469197	APBA3	XM_055248388.2	-	3	2	72	48	6	7	2	2	2	middle	middle	1.000	1.000	constitutive	constitutive	170	212	2
NC_072439.2	13501655	13502618	-2	1	-	NC_072439.2	13501657	13502426	MATK	XM_055250448.2	-	2	3	192	1	2	4	6	5	6	middle	middle	0.833	1.000	alternative	constitutive	59	115	5
NC_072439.2	13501655	13502618	-2	1	-	NC_072439.2	13501657	13502375	MATK	XM_055250450.2	-	2	3	243	1	1	3	6	1	6	first	middle	0.167	1.000	unique	constitutive	8	115	1
NC_072439.2	13551894	13552623	-1	1	-	NC_072439.2	13551997	13552571	ZFR2	XM_055250416.2	-	1	2	52	102	4	5	8	7	7	middle	middle	0.875	0.875	alternative	alternative	218	253	7
NC_072439.2	13768043	13768514	-2	1	-	NC_072439.2	13768307	13768499	LOC134732825	XM_063619949.1	-	2	2	15	263	1	2	1	1	1	first	middle	1.000	1.000	constitutive	constitutive	55	55	1
NC_072439.2	14049620	14050298	-2	1	-	NC_072439.2	14049740	14050090	STAP2	XM_055250462.2	-	2	2	208	119	10	11	8	8	8	middle	middle	1.000	1.000	constitutive	constitutive	170	92	8
NC_072439.2	14225543	14226344	3	1	+	NC_072439.2	14225659	14226152	HDGFL2	XM_055249604.2	+	3	2	115	192	8	9	5	5	5	middle	middle	1.000	1.000	constitutive	constitutive	75	309	5
NC_072439.2	14287561	14288056	-3	1	-	NC_072439.2	14287769	14288039	SEMA6B	XM_055249601.2	-	3	2	17	207	4	5	3	3	3	middle	middle	1.000	1.000	constitutive	constitutive	60	62	3
NC_072439.2	14678618	14679137	3	1	+	NC_072439.2	14678636	14678954	UHRF1	XM_055251376.2	+	3	2	17	183	8	9	2	2	2	middle	middle	1.000	1.000	constitutive	constitutive	123	107	2
NC_072439.2	14864813	14866301	3	1	+	NC_072439.2	14864836	14865948	KDM4B	XM_055251323.2	+	3	2	22	353	11	12	8	7	7	middle	middle	0.875	0.875	alternative	alternative	469	120	7
NC_072439.2	14957314	14957881	-3	1	-	NC_072439.2	14957360	14957774	PTPRS	XM_055251313.2	-	3	2	107	45	20	21	7	7	7	middle	middle	1.000	1.000	constitutive	constitutive	93	215	7
NC_072439.2	15433249	15433795	-3	1	-	NC_072439.2	15433351	15433780	LONP1	XM_055249989.2	-	3	2	15	101	14	15	5	5	5	middle	middle	1.000	1.000	constitutive	constitutive	140	165	5
NC_072439.2	15879627	15880422	-1	1	-	NC_072439.2	15879629	15880365	IGFL1	XM_055249449.2	-	1	2	57	1	1	3	2	2	2	first	middle	1.000	1.000	constitutive	constitutive	24	243	2
NC_072439.2	16040684	16041116	-2	1	-	NC_072439.2	16040686	16041048	CCDC61	XM_055248454.2	-	2	2	68	1	10	11	5	5	5	middle	middle	1.000	1.000	constitutive	constitutive	139	78	5
NC_072439.2	16206126	16206549	1	1	+	NC_072439.2	16206147	16206477	SYMPK	XM_055249452.2	+	1	2	20	72	2	3	1	1	1	middle	middle	1.000	1.000	constitutive	constitutive	123	65	1
NC_072439.2	16449855	16450590	1	1	+	NC_072439.2	16449899	16450329	EML2	XM_055249456.2	+	1	2	43	261	13	14	12	8	8	middle	middle	0.667	0.667	alternative	alternative	154	125	8
NC_072439.2	16566857	16567742	3	1	+	NC_072439.2	16566889	16567728	RTN2	XM_055251145.2	+	3	2	31	14	3	4	4	4	4	middle	middle	1.000	1.000	constitutive	constitutive	479	254	4
NC_072439.2	16574166	16574577	1	1	+	NC_072439.2	16574211	16574560	RTN2	XM_055251145.2	+	1	2	44	17	7	8	4	4	4	middle	middle	1.000	1.000	constitutive	constitutive	138	69	4
NC_072439.2	16669086	16670400	1	1	+	NC_072439.2	16669163	16670203	PPP1R13L	XM_055251118.2	+	1	3	76	197	7	9	3	3	3	middle	middle	1.000	1.000	constitutive	constitutive	98	492	3
NC_072439.2	16679661	16680579	1	1	+	NC_072439.2	16679683	16680301	PPP1R13L	XM_055251118.2	+	1	2	21	278	11	13	3	3	3	middle	middle	1.000	1.000	constitutive	constitutive	131	166	3
NC_072439.2	16715183	16715585	-2	1	-	NC_072439.2	16715232	16715438	KLC3	XM_055251152.2	-	2	2	147	48	8	9	1	1	1	middle	middle	1.000	1.000	constitutive	constitutive	90	37	1
NC_072439.2	16804637	16804949	-2	1	-	NC_072439.2	16804695	16804921	MARK4	XM_055251133.2	-	2	2	28	57	5	6	2	2	2	middle	middle	1.000	1.000	constitutive	constitutive	65	70	2
NC_072439.2	16924922	16925501	-2	1	-	NC_072439.2	16925028	16925435	PPP1R37	XM_055251136.2	-	2	2	66	105	9	10	1	1	1	middle	middle	1.000	1.000	constitutive	constitutive	141	166	1
NC_072439.2	16927780	16928335	-3	1	-	NC_072439.2	16927855	16928251	PPP1R37	XM_055251136.2	-	3	2	84	74	6	7	1	1	1	middle	middle	1.000	1.000	constitutive	constitutive	150	155	1
NC_072439.2	17241067	17241589	-3	1	-	NC_072439.2	17241068	17241281	BCAM	XM_055249583.2	-	3	2	308	0	14	15	2	2	2	middle	last	1.000	1.000	constitutive	constitutive	117	2	2
NC_072439.2	17305266	17305758	-1	1	-	NC_072439.2	17305279	17305677	BCL3	XM_055247374.2	-	1	2	81	12	4	5	3	3	3	middle	middle	1.000	1.000	constitutive	constitutive	204	88	3
NC_072439.2	18413702	18414278	3	1	+	NC_072439.2	18413703	18414158	SMG9	XM_055249319.2	+	3	2	0	120	3	4	1	1	1	middle	middle	1.000	1.000	constitutive	constitutive	264	97	1
NC_072439.2	18676717	18677149	2	1	+	NC_072439.2	18676805	18677148	PHLDB3	XM_055249041.2	+	2	2	87	1	9	10	2	2	2	middle	middle	1.000	1.000	constitutive	constitutive	99	90	2
NC_072439.2	18677202	18678207	1	1	+	NC_072439.2	18677232	18677958	PHLDB3	XM_055249041.2	+	1	2	29	249	11	12	2	2	2	middle	middle	1.000	1.000	constitutive	constitutive	87	56	2
NC_072439.2	20132457	20133258	-1	1	-	NC_072439.2	20132824	20133216	MEGF8	XM_055250273.2	-	1	2	42	366	11	12	1	1	1	middle	middle	1.000	1.000	constitutive	constitutive	144	163	1
NC_072439.2	20133553	20134327	-3	1	-	NC_072439.2	20133584	20134155	MEGF8	XM_055250273.2	-	3	2	172	30	9	10	1	1	1	middle	middle	1.000	1.000	constitutive	constitutive	154	119	1
NC_072439.2	20161692	20162364	-1	1	-	NC_072439.2	20161773	20162058	TMEM145	XM_055250334.2	-	1	2	306	80	5	6	3	2	3	middle	middle	0.667	1.000	alternative	constitutive	101	84	2
NC_072439.2	20161692	20162364	-1	1	-	NC_072439.2	20161773	20162058	TMEM145	XM_055250337.2	-	1	2	306	80	5	6	3	1	3	middle	middle	0.333	1.000	unique	constitutive	59	84	1
NC_072439.2	20175124	20175625	2	1	+	NC_072439.2	20175209	20175577	PAFAH1B3	XM_055250383.2	+	2	2	84	48	1	2	4	4	4	first	middle	1.000	1.000	constitutive	constitutive	77	89	4
NC_072439.2	20184649	20185453	-3	1	-	NC_072439.2	20184704	20185419	CIC	XM_055250097.2	-	3	2	34	54	14	15	21	15	14	middle	middle	0.714	0.667	alternative	alternative	293	325	11
NC_072439.2	20184649	20185453	-3	1	-	NC_072439.2	20184704	20185419	CIC	XM_055250103.2	-	3	2	34	54	14	15	21	15	7	middle	middle	0.714	0.333	alternative	alternative	293	322	4
NC_072439.2	20184649	20185453	-3	1	-	NC_072439.2	20184704	20185416	CIC	XM_055250105.2	-	3	2	37	54	14	15	21	6	14	middle	middle	0.286	0.667	alternative	alternative	290	325	3
NC_072439.2	20184649	20185453	-3	1	-	NC_072439.2	20184704	20185416	CIC	XM_063620874.1	-	3	2	37	54	14	15	21	6	7	middle	middle	0.286	0.333	alternative	alternative	290	322	3
NC_072439.2	20185777	20186434	-3	1	-	NC_072439.2	20185779	20186427	CIC	XM_055250097.2	-	3	2	7	1	11	12	21	21	21	middle	middle	1.000	1.000	constitutive	constitutive	187	121	21
NC_072439.2	20241871	20242426	2	1	+	NC_072439.2	20241893	20242231	GSK3A	XM_055250345.2	+	2	2	21	195	3	4	1	1	1	middle	middle	1.000	1.000	constitutive	constitutive	83	110	1
NC_072439.2	20507612	20508065	3	1	+	NC_072439.2	20507674	20508064	ATP1A3	XM_055250110.2	+	3	2	61	1	13	14	4	4	4	middle	middle	1.000	1.000	constitutive	constitutive	175	136	4
NC_072439.2	20581313	20581934	-2	1	-	NC_072439.2	20581481	20581829	ARHGEF1	XM_055250132.2	-	2	2	105	167	20	21	7	7	7	middle	middle	1.000	1.000	constitutive	constitutive	75	167	7
NC_072439.2	20582075	20582720	-2	1	-	NC_072439.2	20582079	20582557	ARHGEF1	XM_055250132.2	-	2	2	163	3	18	19	7	7	7	middle	middle	1.000	1.000	constitutive	constitutive	100	77	7
NC_072439.2	20583383	20584040	-2	1	-	NC_072439.2	20583501	20583970	ARHGEF1	XM_055250132.2	-	2	2	70	117	14	15	7	7	7	middle	middle	1.000	1.000	constitutive	constitutive	146	82	7
NC_072439.2	20591358	20591973	-1	1	-	NC_072439.2	20591688	20591898	ARHGEF1	XM_055250132.2	-	1	2	75	329	9	10	7	7	7	middle	middle	1.000	1.000	constitutive	constitutive	96	35	7
NC_072439.2	21082940	21083819	-2	1	-	NC_072439.2	21083100	21083765	AXL	XM_055249914.2	-	2	2	54	159	7	8	3	3	3	middle	middle	1.000	1.000	constitutive	constitutive	210	139	3
NC_072439.2	21090344	21090809	-2	1	-	NC_072439.2	21090447	21090778	AXL	XM_055249914.2	-	2	2	31	102	5	6	3	3	3	middle	middle	1.000	1.000	constitutive	constitutive	80	115	3
NC_072439.2	21550329	21551106	-1	1	-	NC_072439.2	21550752	21551093	LTBP4	XM_055251242.2	-	1	2	13	422	13	14	5	5	5	middle	middle	1.000	1.000	constitutive	constitutive	131	125	5
NC_072439.2	21551938	21552883	-3	1	-	NC_072439.2	21552013	21552396	LTBP4	XM_055251242.2	-	3	2	487	74	11	12	5	5	5	middle	middle	1.000	1.000	constitutive	constitutive	149	119	5
NC_072439.2	21554081	21554480	-2	1	-	NC_072439.2	21554102	21554395	LTBP4	XM_055251242.2	-	2	2	85	20	8	9	5	5	5	middle	middle	1.000	1.000	constitutive	constitutive	74	122	5
NC_072439.2	21594756	21595248	-1	1	-	NC_072439.2	21594882	21595204	SPTBN4	XM_055251225.2	-	1	2	44	125	27	28	3	2	2	middle	middle	0.667	0.667	alternative	alternative	138	84	2
NC_072439.2	21796262	21796700	-2	1	-	NC_072439.2	21796264	21796694	PLD3	XM_055246881.2	-	2	3	6	1	1	3	21	21	21	first	middle	1.000	1.000	constitutive	constitutive	26	142	21
NC_072439.2	21945361	21945922	2	1	+	NC_072439.2	21945413	21945807	CCNP	XM_055246773.2	+	2	2	51	115	5	6	5	5	5	middle	middle	1.000	1.000	constitutive	constitutive	158	151	5
NC_072439.2	22301007	22301541	1	1	+	NC_072439.2	22301116	22301541	LOC129466397	XM_055249872.2	+	1	2	108	0	1	2	1	1	1	first	last	1.000	1.000	constitutive	constitutive	321	34	1
NC_072439.2	22323154	22324264	2	1	+	NC_072439.2	22323173	22324157	DYRK1B	XM_055248406.2	+	2	3	18	107	7	9	4	4	2	middle	middle	1.000	0.500	constitutive	alternative	146	315	2
NC_072439.2	22323154	22324264	2	1	+	NC_072439.2	22323173	22324157	DYRK1B	XM_055248407.2	+	2	4	18	107	7	10	4	4	2	middle	middle	1.000	0.500	constitutive	alternative	146	195	2
NC_072439.2	22596671	22597115	-2	1	-	NC_072439.2	22596762	22597070	TIMM50	XM_063620050.1	-	2	2	45	90	7	8	2	2	2	middle	middle	1.000	1.000	constitutive	constitutive	104	98	2
NC_072439.2	22623779	22624151	-2	1	-	NC_072439.2	22623781	22624036	SUPT5H	XM_055247825.2	-	2	2	115	1	5	6	2	2	2	middle	middle	1.000	1.000	constitutive	constitutive	69	68	2
NC_072439.2	22868547	22868811	-1	1	-	NC_072439.2	22868553	22868811	ACP7	XM_055250550.2	-	1	2	0	5	7	8	4	3	3	middle	middle	0.750	0.750	alternative	alternative	107	57	3
NC_072439.2	23069061	23070222	1	1	+	NC_072439.2	23069153	23070202	RINL	XM_055249805.2	+	1	2	91	20	8	9	9	8	9	middle	middle	0.889	1.000	alternative	constitutive	422	317	8
NC_072439.2	23069061	23070222	1	1	+	NC_072439.2	23069153	23070202	RINL	XM_063621178.1	+	1	3	91	20	7	9	9	1	9	middle	middle	0.111	1.000	unique	constitutive	244	317	1
NC_072439.2	23116215	23116683	1	1	+	NC_072439.2	23116345	23116644	ECH1	XM_055249083.2	+	1	2	129	39	5	6	1	1	1	middle	middle	1.000	1.000	constitutive	constitutive	48	64	1
NC_072439.2	23129782	23130247	2	1	+	NC_072439.2	23129857	23130247	LGALS4	XM_055247812.2	+	2	2	74	0	9	10	1	1	1	middle	last	1.000	1.000	constitutive	constitutive	165	143	1
NC_072439.2	23220095	23220815	3	1	+	NC_072439.2	23220175	23220419	CAPN12	XM_055250971.2	+	3	2	79	396	16	17	1	1	1	middle	middle	1.000	1.000	constitutive	constitutive	70	62	1
NC_072439.2	23223886	23224519	2	1	+	NC_072439.2	23223918	23224177	CAPN12	XM_055250971.2	+	2	2	31	342	19	20	1	1	1	middle	middle	1.000	1.000	constitutive	constitutive	116	58	1
NC_072439.2	23346248	23346620	3	1	+	NC_072439.2	23346310	23346490	MAP4K1	XM_055250969.2	+	3	2	61	130	14	15	2	2	2	middle	middle	1.000	1.000	constitutive	constitutive	58	43	2
NC_072439.2	23447499	23447904	-1	1	-	NC_072439.2	23447597	23447882	RYR1	XM_055250597.2	-	1	2	22	97	59	60	3	3	3	middle	middle	1.000	1.000	constitutive	constitutive	67	121	3
NC_072439.2	23460919	23462239	-3	1	-	NC_072439.2	23461771	23462105	RYR1	XM_055250597.2	-	3	2	134	851	40	41	3	3	3	middle	middle	1.000	1.000	constitutive	constitutive	114	132	3
NC_072439.2	23588810	23589542	-2	1	-	NC_072439.2	23588811	23589441	CATSPERG	XM_055248055.2	-	2	2	101	0	27	28	11	9	9	middle	last	0.818	0.818	alternative	alternative	99	263	9
NC_072439.2	31965925	31966486	2	1	+	NC_072439.2	31966001	31966423	AVIL	XM_055247697.1	+	2	2	75	63	14	15	1	1	1	middle	middle	1.000	1.000	constitutive	constitutive	145	144	1
NC_072439.2	32160297	32160837	-1	1	-	NC_072439.2	32160299	32160724	ARHGEF25	XM_055248176.1	-	1	2	113	1	6	7	5	5	5	middle	middle	1.000	1.000	constitutive	constitutive	66	103	5
NC_072439.2	32210933	32211335	-2	1	-	NC_072439.2	32211060	32211314	KIF5A	XM_055248398.2	-	2	2	21	126	2	3	4	3	3	middle	middle	0.750	0.750	alternative	alternative	87	73	3
NC_072439.2	32248249	32248882	-3	1	-	NC_072439.2	32248251	32248825	MBD6	XM_055248880.2	-	3	2	57	1	8	9	9	6	9	middle	middle	0.667	1.000	alternative	constitutive	416	52	6
NC_072439.2	32248249	32248882	-3	1	-	NC_072439.2	32248251	32248822	MBD6	XM_055248886.2	-	3	2	60	1	8	9	9	3	9	middle	middle	0.333	1.000	alternative	constitutive	413	52	3
NC_072439.2	32250574	32252095	-3	1	-	NC_072439.2	32250580	32252017	MBD6	XM_055248880.2	-	3	2	78	5	3	4	9	9	9	middle	middle	1.000	1.000	constitutive	constitutive	162	1040	9
NC_072439.2	32276438	32277005	-2	1	-	NC_072439.2	32276440	32276913	MARS1	XM_055249011.2	-	2	2	92	1	10	11	5	5	5	middle	middle	1.000	1.000	constitutive	constitutive	116	203	5
NC_072439.2	32297003	32297390	3	1	+	NC_072439.2	32297004	32297337	ARHGAP9	XM_055248892.2	+	3	2	0	53	10	11	13	13	13	middle	middle	1.000	1.000	constitutive	constitutive	141	107	13
NC_072439.2	32587158	32588109	-1	1	-	NC_072439.2	32587215	32587946	LRP1	XM_055247445.2	-	1	2	163	56	52	54	1	1	1	middle	middle	1.000	1.000	constitutive	constitutive	128	140	1
NC_072439.2	32589524	32590445	-2	1	-	NC_072439.2	32589530	32590039	LRP1	XM_055247445.2	-	2	2	406	5	46	47	1	1	1	middle	middle	1.000	1.000	constitutive	constitutive	128	119	1
NC_072439.2	32734819	32735209	2	1	+	NC_072439.2	32734874	32735208	MYO1A	XM_055247742.2	+	2	2	54	1	1	2	1	1	1	first	middle	1.000	1.000	constitutive	constitutive	113	115	1
NC_072439.2	33417666	33418194	1	1	+	NC_072439.2	33417685	33418021	STAT2	XM_055246816.2	+	1	2	18	173	14	15	2	2	2	middle	middle	1.000	1.000	constitutive	constitutive	98	135	2
NC_072439.2	33599770	33600463	2	1	+	NC_072439.2	33600064	33600331	SMARCC2	XM_055247703.2	+	2	2	293	132	4	5	16	16	16	middle	middle	1.000	1.000	constitutive	constitutive	81	92	16
NC_072439.2	33768583	33769111	-3	1	-	NC_072439.2	33768628	33769063	RPS26	XM_055249098.2	-	3	2	48	44	1	2	1	1	1	first	middle	1.000	1.000	constitutive	constitutive	2	177	1
NC_072439.2	34950148	34950730	2	1	+	NC_072439.2	34950267	34950632	ITGA5	XM_055247429.2	+	2	2	118	98	3	4	1	1	1	middle	middle	1.000	1.000	constitutive	constitutive	112	120	1
NC_072439.2	34950755	34951121	3	1	+	NC_072439.2	34950910	34951107	ITGA5	XM_055247429.2	+	3	2	154	14	5	6	1	1	1	middle	middle	1.000	1.000	constitutive	constitutive	61	45	1
NC_072439.2	35884381	35884675	2	1	+	NC_072439.2	35884398	35884675	LOC129466127	XM_063621480.1	+	2	2	16	0	11	12	8	1	1	middle	last	0.125	0.125	unique	unique	121	23	1
NC_072439.2	36194441	36195056	3	1	+	NC_072439.2	36194515	36195050	RARG	XM_055248584.2	+	3	2	73	6	4	5	3	3	3	middle	middle	1.000	1.000	constitutive	constitutive	160	176	3
NC_072439.2	36668417	36668804	3	1	+	NC_072439.2	36668501	36668777	LOC129466841	XM_055250829.2	+	3	2	83	27	14	15	1	1	1	middle	middle	1.000	1.000	constitutive	constitutive	34	142	1
NC_072439.2	36964515	36965028	1	1	+	NC_072439.2	36964540	36965027	KRT75	XM_055247497.2	+	1	2	24	1	6	7	1	1	1	middle	middle	1.000	1.000	constitutive	constitutive	125	220	1
NC_072439.2	41451441	41460963	1	1	+	NC_072439.2	41451512	41460943	MUC19	XM_063619954.1	+	1	2	70	20	54	55	1	1	1	middle	middle	1.000	1.000	constitutive	constitutive	5476	3924	1
NC_072439.2	41481082	41481367	2	1	+	NC_072439.2	41481105	41481332	MUC19	XM_063619954.1	+	2	2	22	35	82	83	1	1	1	middle	middle	1.000	1.000	constitutive	constitutive	53	53	1
NC_072439.2	51530526	51530871	-1	1	-	NC_072439.2	51530619	51530853	COMMD2	XM_055247821.2	-	1	2	18	92	1	2	1	1	1	first	middle	1.000	1.000	constitutive	constitutive	66	77	1
NC_072439.2	57220011	57222951	1	1	+	NC_072439.2	57220489	57222456	LOC134733262	XM_063622289.1	+	1	2	477	495	3	4	1	1	1	middle	middle	1.000	1.000	constitutive	constitutive	38	227	1
NC_072439.2	59212028	59212814	-2	1	-	NC_072439.2	59212083	59212763	CCNL1	XM_063620309.1	-	2	2	51	54	1	2	3	3	3	first	middle	1.000	1.000	constitutive	constitutive	302	74	3
NC_072439.2	85879153	85879933	2	1	+	NC_072439.2	85879242	85879727	DVL3	XM_063620459.1	+	2	2	88	206	12	13	4	4	4	middle	middle	1.000	1.000	constitutive	constitutive	131	167	4
NC_072439.2	85900648	85900936	2	1	+	NC_072439.2	85900711	85900935	ABCF3	XM_063621882.1	+	2	2	62	1	8	9	4	4	4	middle	middle	1.000	1.000	constitutive	constitutive	80	59	4
NC_072439.2	85942769	85943462	3	1	+	NC_072439.2	85942866	85943259	VWA5B2	XM_063621862.1	+	3	2	96	203	1	2	5	5	5	first	middle	1.000	1.000	constitutive	constitutive	138	170	5
NC_072439.2	85953493	85954456	2	1	+	NC_072439.2	85953609	85954456	VWA5B2	XM_063621862.1	+	2	2	115	0	18	19	5	5	5	middle	last	1.000	1.000	constitutive	constitutive	217	545	5
NC_072439.2	86043905	86044388	3	1	+	NC_072439.2	86044014	86044355	EIF4G1	XM_063621851.1	+	3	2	108	33	28	29	11	11	11	middle	middle	1.000	1.000	constitutive	constitutive	98	134	11
NC_072439.2	86070889	86071702	-3	1	-	NC_072439.2	86070926	86071242	CLCN2	XM_063621873.1	-	3	2	460	36	5	6	4	4	4	middle	middle	1.000	1.000	constitutive	constitutive	133	77	4
NC_072439.2	86094187	86094823	2	1	+	NC_072439.2	86094272	86094662	CHRD	XM_063621868.1	+	2	2	84	161	3	4	4	4	4	middle	middle	1.000	1.000	constitutive	constitutive	129	128	4
NC_072439.2	86282216	86283272	3	1	+	NC_072439.2	86282475	86283238	EPHB3	XM_063620465.1	+	3	3	258	34	12	14	1	1	1	middle	middle	1.000	1.000	constitutive	constitutive	215	193	1
NC_072439.2	87802468	87803107	-3	1	-	NC_072439.2	87802531	87803049	ETV5	XM_063620466.1	-	3	3	58	62	2	4	2	1	2	middle	middle	0.500	1.000	unique	constitutive	118	47	1
NC_072439.2	87802468	87803107	-3	1	-	NC_072439.2	87802531	87802975	ETV5	XM_063620467.1	-	3	3	132	62	1	3	2	1	2	first	middle	0.500	1.000	unique	constitutive	44	47	1
NC_072439.2	96381529	96382006	-3	1	-	NC_072439.2	96381671	96382006	LSG1	XM_063622001.1	-	3	2	0	141	9	10	2	2	2	middle	middle	1.000	1.000	constitutive	constitutive	101	143	2
NC_072439.2	97617912	97618956	-1	1	-	NC_072439.2	97617913	97618827	LOC134732862	XM_063619974.1	-	1	2	129	0	6	7	1	1	1	middle	last	1.000	1.000	constitutive	constitutive	677	137	1
NC_072439.2	97618750	97619311	-3	1	-	NC_072439.2	97618931	97619297	LOC134732862	XM_063619974.1	-	3	2	14	180	4	5	1	1	1	middle	middle	1.000	1.000	constitutive	constitutive	75	197	1
NC_072439.2	97768139	97774187	3	1	+	NC_072439.2	97768252	97773999	MUC4	XM_063622016.1	+	3	5	112	188	2	6	50	48	37	middle	middle	0.960	0.740	alternative	alternative	959	371	37
NC_072439.2	97768139	97774187	3	1	+	NC_072439.2	97768252	97773999	MUC4	XM_063622017.1	+	3	5	112	188	2	6	50	48	1	middle	middle	0.960	0.020	alternative	unique	959	947	1
NC_072439.2	97768139	97774187	3	1	+	NC_072439.2	97768252	97773999	MUC4	XM_063622022.1	+	3	5	112	188	2	6	50	48	1	middle	middle	0.960	0.020	alternative	unique	959	1475	1
NC_072439.2	97768139	97774187	3	1	+	NC_072439.2	97768252	97773999	MUC4	XM_063622031.1	+	3	6	112	188	2	7	50	48	2	middle	middle	0.960	0.040	alternative	alternative	959	131	2
NC_072439.2	97768139	97774187	3	1	+	NC_072439.2	97768252	97773999	MUC4	XM_063622036.1	+	3	6	112	188	2	7	50	48	1	middle	middle	0.960	0.020	alternative	unique	959	515	1
NC_072439.2	97768139	97774187	3	1	+	NC_072439.2	97768252	97773999	MUC4	XM_063622038.1	+	3	5	112	188	2	6	50	48	2	middle	middle	0.960	0.040	alternative	alternative	959	1283	2
NC_072439.2	97768139	97774187	3	1	+	NC_072439.2	97768252	97773999	MUC4	XM_063622048.1	+	3	5	112	188	2	6	50	48	1	middle	middle	0.960	0.020	alternative	unique	959	1235	1
NC_072439.2	97768139	97774187	3	1	+	NC_072439.2	97768252	97773999	MUC4	XM_063622050.1	+	3	6	112	188	2	7	50	48	3	middle	middle	0.960	0.060	alternative	alternative	959	1811	3
NC_072439.2	97949062	97950163	2	1	+	NC_072439.2	97949746	97950163	LOC129489121	XM_063619976.1	+	2	2	683	0	4	5	1	1	1	middle	last	1.000	1.000	constitutive	constitutive	221	-1	1
NC_072439.2	97949381	97952330	3	1	+	NC_072439.2	97950803	97951130	LOC134732865	XM_063619977.1	+	3	2	1421	1200	2	3	1	1	1	middle	middle	1.000	1.000	constitutive	constitutive	74	153	1
NC_072440.2	101137506	101138070	1	1	+	NC_072440.2	101137507	101138069	ROCK2	XM_055253796.2	+	1	2	0	1	31	32	1	1	1	middle	middle	1.000	1.000	constitutive	constitutive	261	213	1
NC_072440.2	102196127	102196724	-2	1	-	NC_072440.2	102196239	102196628	RRM2	XM_055254348.2	-	2	2	96	111	1	2	1	1	1	first	middle	1.000	1.000	constitutive	constitutive	233	74	1
NC_072440.2	12379502	12381683	3	1	+	NC_072440.2	12379550	12381599	LOC129467761	XM_063622342.1	+	3	3	47	84	2	4	1	1	1	middle	last	1.000	1.000	constitutive	constitutive	13	1324	1
NC_072440.2	14523930	14524533	1	1	+	NC_072440.2	14524033	14524506	KIAA0930	XM_055254128.2	+	1	2	102	27	4	5	4	4	4	middle	middle	1.000	1.000	constitutive	constitutive	77	101	4
NC_072440.2	14830859	14831510	3	1	+	NC_072440.2	14830905	14831417	PHF21B	XM_055252106.2	+	3	2	45	93	11	12	4	3	3	middle	middle	0.750	0.750	alternative	alternative	75	103	3
NC_072440.2	17626011	17626893	1	1	+	NC_072440.2	17626016	17626893	LOC129468049	XM_055253073.2	+	1	2	4	0	2	3	1	1	1	middle	last	1.000	1.000	constitutive	constitutive	369	444	1
NC_072440.2	18230921	18231659	-2	1	-	NC_072440.2	18231123	18231632	ACO2	XM_055253051.2	-	2	2	27	201	13	14	5	5	5	middle	middle	1.000	1.000	constitutive	constitutive	122	155	5
NC_072440.2	19380570	19381305	-1	1	-	NC_072440.2	19380685	19381052	SGSM3	XM_055252764.2	-	1	2	253	114	11	12	28	28	28	middle	middle	1.000	1.000	constitutive	constitutive	127	155	28
NC_072440.2	19428775	19429222	-3	1	-	NC_072440.2	19428834	19429198	ADSL	XM_055252788.1	-	3	2	24	58	8	9	6	6	6	middle	middle	1.000	1.000	constitutive	constitutive	69	147	6
NC_072440.2	20743105	20743645	-3	1	-	NC_072440.2	20743106	20743512	LOC129468129	XM_055253294.2	-	3	2	133	0	4	5	1	1	1	middle	last	1.000	1.000	constitutive	constitutive	115	11	1
NC_072440.2	20966689	20967385	-3	1	-	NC_072440.2	20966822	20967254	GTPBP1	XM_055253271.2	-	3	2	131	132	7	8	3	3	3	middle	middle	1.000	1.000	constitutive	constitutive	144	182	3
NC_072440.2	22016987	22017875	-2	1	-	NC_072440.2	22017556	22017834	SH3BP1	XM_055251642.2	-	2	2	41	568	5	6	3	3	3	middle	middle	1.000	1.000	constitutive	constitutive	111	76	3
NC_072440.2	22036866	22037409	-1	1	-	NC_072440.2	22036944	22037250	GGA1	XM_055251633.2	-	1	2	159	77	5	6	9	9	9	middle	middle	1.000	1.000	constitutive	constitutive	140	81	9
NC_072440.2	22167964	22168675	2	1	+	NC_072440.2	22168083	22168450	CARD10	XM_055253576.2	+	2	2	118	225	17	18	2	2	2	middle	middle	1.000	1.000	constitutive	constitutive	158	115	2
NC_072440.2	24453246	24453900	-1	1	-	NC_072440.2	24453568	24453900	SMG1	XM_055253810.2	-	1	2	0	321	43	44	3	3	3	middle	middle	1.000	1.000	constitutive	constitutive	138	109	3
NC_072440.2	25829605	25830355	-3	1	-	NC_072440.2	25829816	25830124	ANKDD1B	XM_055252259.2	-	3	2	231	210	4	5	1	1	1	middle	middle	1.000	1.000	constitutive	constitutive	98	104	1
NC_072440.2	46730618	46731170	-2	1	-	NC_072440.2	46730721	46731125	ITGA2	XM_063622351.1	-	2	2	45	102	5	6	1	1	1	middle	middle	1.000	1.000	constitutive	constitutive	114	127	1
NC_072440.2	54227161	54227722	2	1	+	NC_072440.2	54227207	54227722	LOC129467928	unassigned_transcript_323	+	2	2	45	0	1	2	1	1	1	first	last	1.000	1.000	constitutive	constitutive	54	343	1
NC_072440.2	55049027	55049540	3	1	+	NC_072440.2	55049043	55049521	LOC129467484	XM_055252006.2	+	3	2	15	19	1	2	1	1	1	first	middle	1.000	1.000	constitutive	constitutive	9	279	1
NC_072440.2	55653656	55654118	-2	1	-	NC_072440.2	55653657	55653993	MICAL3	XM_055253676.2	-	2	2	125	0	33	34	15	14	14	middle	last	0.933	0.933	alternative	alternative	73	181	14
NC_072440.2	56070501	56070963	-1	1	-	NC_072440.2	56070502	56070850	PRODH	XM_055251702.2	-	1	2	113	0	13	14	8	6	6	middle	last	0.750	0.750	alternative	alternative	88	184	6
NC_072440.2	56290969	56291413	2	1	+	NC_072440.2	56291054	56291402	DGCR6L	XM_055253664.2	+	2	2	84	11	1	2	1	1	1	first	middle	1.000	1.000	constitutive	constitutive	109	160	1
NC_072440.2	56463416	56463797	3	1	+	NC_072440.2	56463428	56463796	CCDC188	XM_055253639.2	+	3	2	11	1	7	8	1	1	1	middle	middle	1.000	1.000	constitutive	constitutive	57	49	1
NC_072440.2	57428969	57429878	3	1	+	NC_072440.2	57429093	57429704	GSC2	XM_055253671.2	+	3	2	123	174	1	2	1	1	1	first	middle	1.000	1.000	constitutive	constitutive	246	253	1
NC_072440.2	57847246	57847840	-3	1	-	NC_072440.2	57847248	57847807	GAS2L1	XM_055252862.2	-	3	2	33	1	2	4	3	3	3	middle	middle	1.000	1.000	constitutive	constitutive	107	171	3
NC_072440.2	57921371	57921761	-2	1	-	NC_072440.2	57921435	57921647	EMID1	XM_055254393.2	-	2	2	114	63	12	13	7	7	7	middle	middle	1.000	1.000	constitutive	constitutive	62	44	7
NC_072440.2	62749731	62750424	1	1	+	NC_072440.2	62749898	62750205	LOC129467506	XM_063623421.1	+	1	2	166	219	9	10	1	1	1	middle	middle	1.000	1.000	constitutive	constitutive	112	113	1
NC_072440.2	63360703	63361474	2	1	+	NC_072440.2	63360948	63361255	LOC129468143	XM_063623457.1	+	2	2	244	219	6	7	1	1	1	middle	middle	1.000	1.000	constitutive	constitutive	55	149	1
NC_072440.2	63563933	63564488	3	1	+	NC_072440.2	63563989	63564488	LOC129467316	XM_063622364.1	+	3	2	55	0	5	7	1	1	1	middle	last	1.000	1.000	constitutive	constitutive	283	143	1
NC_072440.2	64128897	64129545	1	1	+	NC_072440.2	64129014	64129369	RAB36	XM_055251717.2	+	1	2	116	176	10	11	5	5	4	middle	middle	1.000	0.800	constitutive	alternative	81	90	4
NC_072440.2	64128897	64129545	1	1	+	NC_072440.2	64129014	64129349	RAB36	XM_055251721.2	+	1	2	116	196	8	9	5	5	1	middle	middle	1.000	0.200	constitutive	unique	81	70	1
NC_072440.2	64299374	64300556	-2	1	-	NC_072440.2	64299375	64300377	LOC129467511	XM_063622365.1	-	2	2	179	0	14	15	1	1	1	middle	last	1.000	1.000	constitutive	constitutive	323	552	1
NC_072440.2	64315951	64316422	-3	1	-	NC_072440.2	64315959	64316139	LOC129467511	XM_063622365.1	-	3	2	283	7	4	5	1	1	1	middle	middle	1.000	1.000	constitutive	constitutive	55	67	1
NC_072440.2	64320371	64321553	-2	1	-	NC_072440.2	64320373	64321508	LOC129467511	XM_063622365.1	-	2	2	45	1	1	2	1	1	1	first	middle	1.000	1.000	constitutive	constitutive	457	551	1
NC_072440.2	65035840	65036323	2	1	+	NC_072440.2	65035860	65036258	SUSD2	XM_055252313.2	+	2	2	19	65	8	9	1	1	1	middle	middle	1.000	1.000	constitutive	constitutive	143	158	1
NC_072440.2	65143271	65143787	3	1	+	NC_072440.2	65143336	65143728	TOP3B	XM_055252293.2	+	3	2	64	59	9	10	6	6	6	middle	middle	1.000	1.000	constitutive	constitutive	154	105	6
NC_072440.2	65935680	65936157	1	1	+	NC_072440.2	65935684	65935912	AIFM3	XM_055252302.2	+	1	2	3	245	12	13	6	6	6	middle	middle	1.000	1.000	constitutive	constitutive	71	63	6
NC_072440.2	65936328	65936901	1	1	+	NC_072440.2	65936516	65936821	AIFM3	XM_055252302.2	+	1	2	187	80	14	15	6	5	6	middle	middle	0.833	1.000	alternative	constitutive	76	117	5
NC_072440.2	65936328	65936901	1	1	+	NC_072440.2	65936522	65936821	AIFM3	XM_055252303.2	+	1	2	193	80	14	15	6	1	6	middle	middle	0.167	1.000	unique	constitutive	70	117	1
NC_072440.2	65954396	65954978	3	1	+	NC_072440.2	65954545	65954911	LZTR1	XM_055252299.2	+	3	2	148	67	17	18	1	1	1	middle	middle	1.000	1.000	constitutive	constitutive	126	149	1
NC_072440.2	65989146	65989752	-1	1	-	NC_072440.2	65989383	65989689	SLC7A4	XM_063623582.1	-	1	2	63	236	4	5	1	1	1	middle	middle	1.000	1.000	constitutive	constitutive	108	92	1
NC_072440.2	66938554	66939073	-3	1	-	NC_072440.2	66938555	66938855	SFI1	XM_055251584.2	-	3	2	218	0	31	32	40	38	38	middle	last	0.950	0.950	alternative	alternative	111	101	38
NC_072440.2	67301473	67302007	-3	1	-	NC_072440.2	67301549	67301974	LIMK2	XM_055254417.2	-	3	2	33	75	10	11	4	4	4	middle	middle	1.000	1.000	constitutive	constitutive	131	56	4
NC_072440.2	67476383	67477250	-2	1	-	NC_072440.2	67476716	67477039	SMTN	XM_055252632.2	-	2	2	211	332	16	17	1	1	1	middle	middle	1.000	1.000	constitutive	constitutive	164	62	1
NC_072440.2	67478141	67478498	-2	1	-	NC_072440.2	67478165	67478471	SMTN	XM_055252632.2	-	2	2	27	23	14	15	1	1	1	middle	middle	1.000	1.000	constitutive	constitutive	152	75	1
NC_072440.2	67681451	67681769	-2	1	-	NC_072440.2	67681473	67681744	OSBP2	XM_055254031.2	-	2	2	25	21	10	11	12	12	12	middle	middle	1.000	1.000	constitutive	constitutive	103	95	12
NC_072440.2	68229308	68229701	3	1	+	NC_072440.2	68229353	68229611	TBC1D10A	XM_055252516.2	+	3	2	44	90	5	6	4	4	4	middle	middle	1.000	1.000	constitutive	constitutive	114	65	4
NC_072440.2	68237071	68237701	2	1	+	NC_072440.2	68237114	68237577	CASTOR1	XM_055253300.2	+	2	2	42	124	4	5	6	6	4	middle	middle	1.000	0.667	constitutive	alternative	132	126	4
NC_072440.2	68237071	68237701	2	1	+	NC_072440.2	68237114	68237577	CASTOR1	XM_055253301.2	+	2	2	42	124	4	5	6	6	2	middle	middle	1.000	0.333	constitutive	alternative	132	123	2
NC_072440.2	74515938	74516796	1	1	+	NC_072440.2	74516200	74516628	MYH11	XM_055253360.2	+	1	2	261	168	21	22	4	4	4	middle	middle	1.000	1.000	constitutive	constitutive	131	206	4
NC_072440.2	74862758	74863010	-2	1	-	NC_072440.2	74862759	74862970	MPV17L	XM_055253429.2	-	2	2	40	0	2	3	3	1	1	middle	last	0.333	0.333	unique	unique	29	100	1
NC_072440.2	75257100	75257460	1	1	+	NC_072440.2	75257161	75257428	PDXDC1	XM_055252447.2	+	1	2	60	32	20	21	10	10	10	middle	middle	1.000	1.000	constitutive	constitutive	92	96	10
NC_072440.2	75363853	75366385	-3	1	-	NC_072440.2	75363911	75366349	LOC129467743	XM_063623829.1	-	3	5	36	57	10	14	1	1	1	middle	middle	1.000	1.000	constitutive	constitutive	126	139	1
NC_072440.2	82930085	82930382	3	1	+	NC_072440.2	82930118	82930381	ALK	XM_055254443.2	+	3	2	32	1	21	22	2	2	2	middle	middle	1.000	1.000	constitutive	constitutive	90	64	2
NC_072440.2	84761988	84762552	-1	1	-	NC_072440.2	84762037	84762495	KRTCAP3	XM_055252240.1	-	1	2	57	48	4	5	2	2	2	middle	middle	1.000	1.000	constitutive	constitutive	206	134	2
NC_072440.2	84904614	84905049	-1	1	-	NC_072440.2	84904615	84904942	TRIM54	XM_055252219.2	-	1	2	107	0	8	9	2	2	2	middle	last	1.000	1.000	constitutive	constitutive	124	82	2
NC_072440.2	84969386	84969794	-2	1	-	NC_072440.2	84969441	84969794	CAD	XM_055252179.2	-	2	2	0	54	41	42	2	2	2	middle	middle	1.000	1.000	constitutive	constitutive	155	101	2
NC_072440.2	85091124	85091640	-1	1	-	NC_072440.2	85091126	85091437	ABHD1	XM_055252227.2	-	1	2	203	1	4	5	1	1	1	middle	middle	1.000	1.000	constitutive	constitutive	45	112	1
NC_072440.2	85761317	85762979	3	1	+	NC_072440.2	85761339	85762928	OTOF	XM_055251531.2	+	3	4	21	51	27	30	2	2	1	middle	middle	1.000	0.500	constitutive	unique	119	130	1
NC_072440.2	85761317	85762979	3	1	+	NC_072440.2	85761339	85762928	OTOF	XM_055251532.2	+	3	4	21	51	28	31	2	2	1	middle	middle	1.000	0.500	constitutive	unique	119	70	1
NC_072440.2	85773322	85774009	2	1	+	NC_072440.2	85773346	85773833	OTOF	XM_055251531.2	+	2	2	23	176	42	43	2	2	2	middle	middle	1.000	1.000	constitutive	constitutive	98	241	2
NC_072440.2	85785017	85786088	-2	1	-	NC_072440.2	85785174	85785860	DRC1	XM_055251541.2	-	2	2	228	156	13	14	5	5	5	middle	middle	1.000	1.000	constitutive	constitutive	89	89	5
NC_072440.2	88256745	88257144	-1	1	-	NC_072440.2	88256791	88257108	MFSD2B	XM_055253347.2	-	1	2	36	45	7	8	3	3	3	middle	middle	1.000	1.000	constitutive	constitutive	90	121	3
NC_072440.2	88260915	88261338	-1	1	-	NC_072440.2	88261018	88261320	MFSD2B	XM_055253347.2	-	1	2	18	102	5	6	3	3	3	middle	middle	1.000	1.000	constitutive	constitutive	78	130	3
NC_072440.2	88575109	88575874	-3	1	-	NC_072440.2	88575337	88575847	KLHL29	XM_055253343.2	-	3	2	27	227	7	8	1	1	1	middle	middle	1.000	1.000	constitutive	constitutive	198	182	1
NC_072440.2	91261971	91262427	1	1	+	NC_072440.2	91262013	91262388	APOB	XM_055252433.2	+	1	2	41	39	11	12	1	1	1	middle	middle	1.000	1.000	constitutive	constitutive	117	146	1
NC_072440.2	92078517	92078964	1	1	+	NC_072440.2	92078518	92078964	SDC1	XM_055253150.2	+	1	2	0	0	4	5	1	1	1	middle	last	1.000	1.000	constitutive	constitutive	135	166	1
NC_072440.2	9217171	9217885	-3	1	-	NC_072440.2	9217238	9217843	SHANK3	XM_055251940.2	-	3	3	42	66	4	6	5	5	5	middle	middle	1.000	1.000	constitutive	constitutive	108	167	5
NC_072440.2	9322483	9323137	2	1	+	NC_072440.2	9322562	9322963	CPT1B	XM_055251438.2	+	2	2	78	174	14	15	3	3	3	middle	middle	1.000	1.000	constitutive	constitutive	134	152	3
NC_072440.2	9369523	9370234	2	1	+	NC_072440.2	9369600	9370183	CIMAP1B	XM_055251888.2	+	2	2	76	51	3	4	8	7	4	middle	middle	0.875	0.500	alternative	alternative	104	346	4
NC_072440.2	9369523	9370234	2	1	+	NC_072440.2	9369600	9370207	CIMAP1B	XM_055251889.2	+	2	3	76	27	3	5	8	7	1	middle	middle	0.875	0.125	alternative	unique	104	164	1
NC_072440.2	9369523	9370234	2	1	+	NC_072440.2	9369600	9370183	CIMAP1B	XM_055251891.2	+	2	3	76	51	3	5	8	7	2	middle	middle	0.875	0.250	alternative	alternative	104	140	2
NC_072440.2	9369708	9370245	1	1	+	NC_072440.2	9369837	9370183	CIMAP1B	XM_055251893.2	+	1	2	128	62	4	5	8	1	1	middle	middle	0.125	0.125	unique	unique	121	140	1
NC_072440.2	9377852	9378332	-2	1	-	NC_072440.2	9377988	9378332	NCAPH2	XM_055251872.2	-	2	2	0	135	18	19	2	2	2	middle	middle	1.000	1.000	constitutive	constitutive	101	149	2
NC_072440.2	9383080	9383818	-3	1	-	NC_072440.2	9383288	9383519	NCAPH2	XM_055251872.2	-	3	2	299	207	4	5	2	2	2	middle	middle	1.000	1.000	constitutive	constitutive	84	68	2
NC_072440.2	9413483	9414044	-2	1	-	NC_072440.2	9413505	9413960	MIOX	XM_055254163.2	-	2	2	84	21	4	5	1	1	1	middle	middle	1.000	1.000	constitutive	constitutive	162	67	1
NC_072440.2	9435769	9436429	2	1	+	NC_072440.2	9435994	9436291	SBF1	XM_055254143.2	+	2	2	224	138	8	9	5	5	5	middle	middle	1.000	1.000	constitutive	constitutive	108	113	5
NC_072440.2	9436711	9437290	2	1	+	NC_072440.2	9436919	9437245	SBF1	XM_055254143.2	+	2	2	207	45	11	12	5	5	5	middle	middle	1.000	1.000	constitutive	constitutive	113	128	5
NC_072440.2	9441664	9442168	2	1	+	NC_072440.2	9441686	9442127	SBF1	XM_055254143.2	+	2	2	21	41	24	25	5	5	5	middle	middle	1.000	1.000	constitutive	constitutive	178	136	5
NC_072440.2	9592648	9593656	2	1	+	NC_072440.2	9592900	9593531	DENND6B	XM_055252579.2	+	2	2	251	125	10	12	2	2	1	middle	middle	1.000	0.500	constitutive	unique	122	106	1
NC_072440.2	9592648	9593656	2	1	+	NC_072440.2	9592900	9593519	DENND6B	XM_055252580.2	+	2	2	251	137	10	12	2	2	1	middle	middle	1.000	0.500	constitutive	unique	122	94	1
NC_072440.2	9593983	9594574	2	1	+	NC_072440.2	9594039	9594469	DENND6B	XM_055252579.2	+	2	3	55	105	14	16	2	2	2	middle	middle	1.000	1.000	constitutive	constitutive	64	53	2
NC_072440.2	9623807	9624419	3	1	+	NC_072440.2	9623960	9624346	PLXNB2	XM_055252246.2	+	3	2	152	73	14	15	9	9	9	middle	middle	1.000	1.000	constitutive	constitutive	108	136	9
NC_072440.2	9624432	9625674	1	1	+	NC_072440.2	9624846	9625542	PLXNB2	XM_055252246.2	+	1	2	413	132	17	18	9	1	9	middle	middle	0.111	1.000	unique	constitutive	366	227	1
NC_072440.2	9624432	9625674	1	1	+	NC_072440.2	9625083	9625542	PLXNB2	XM_055252247.2	+	1	2	650	132	17	18	9	8	9	middle	middle	0.889	1.000	alternative	constitutive	129	227	8
NC_072440.2	9626144	9626690	3	1	+	NC_072440.2	9626189	9626636	PLXNB2	XM_055252246.2	+	3	2	44	54	21	22	9	9	9	middle	middle	1.000	1.000	constitutive	constitutive	100	229	9
NC_072440.2	9628632	9629277	1	1	+	NC_072440.2	9628655	9629238	PLXNB2	XM_055252246.2	+	1	2	22	39	27	29	9	9	9	middle	middle	1.000	1.000	constitutive	constitutive	100	154	9
NC_072440.2	9638891	9639146	3	1	+	NC_072440.2	9638903	9639128	MAPK11	XM_055254308.2	+	3	2	11	18	4	5	2	2	2	middle	middle	1.000	1.000	constitutive	constitutive	111	29	2
NC_072440.2	9639132	9639702	1	1	+	NC_072440.2	9639211	9639451	MAPK11	XM_055254308.2	+	1	2	78	251	6	7	2	2	2	middle	middle	1.000	1.000	constitutive	constitutive	47	114	2
NC_072440.2	9650996	9651791	3	1	+	NC_072440.2	9651075	9651791	MAPK12	XM_055254300.2	+	3	2	78	0	11	12	14	14	10	middle	last	1.000	0.714	constitutive	alternative	78	556	10
NC_072440.2	9650996	9651791	3	1	+	NC_072440.2	9651075	9651408	MAPK12	XM_055254306.2	+	3	2	78	383	10	11	14	14	4	middle	middle	1.000	0.286	constitutive	alternative	78	173	4
NC_072440.2	9656044	9656893	2	1	+	NC_072440.2	9656563	9656892	HDAC10	XM_055254292.2	+	2	2	518	1	5	6	12	12	12	middle	middle	1.000	1.000	constitutive	constitutive	104	68	12
NC_072440.2	9685182	9685632	1	1	+	NC_072440.2	9685183	9685631	TUBGCP6	XM_055254289.2	+	1	2	0	1	18	19	5	5	5	middle	middle	1.000	1.000	constitutive	constitutive	147	168	5
NC_072440.2	9894063	9894909	1	1	+	NC_072440.2	9894176	9894588	IL17REL	XM_055252848.2	+	1	2	112	321	6	7	1	1	1	middle	middle	1.000	1.000	constitutive	constitutive	44	139	1
NC_072440.2	9929187	9929772	-1	1	-	NC_072440.2	9929238	9929754	PIM3	XM_055253948.2	-	1	2	18	50	3	4	1	1	1	middle	middle	1.000	1.000	constitutive	constitutive	50	369	1
NC_072441.2	126799070	126799703	3	1	+	NC_072441.2	126799330	126799547	TTC39A	XM_055254779.2	+	3	2	259	156	11	12	1	1	1	middle	middle	1.000	1.000	constitutive	constitutive	67	59	1
NC_072441.2	131325038	131325698	-1	1	-	NC_072441.2	131325129	131325459	LOC129469147	XM_055255420.2	-	1	2	239	90	12	13	20	12	12	middle	middle	0.600	0.600	alternative	alternative	40	124	12
NC_072441.2	131508479	131508830	3	1	+	NC_072441.2	131508530	131508812	POMGNT1	XM_055255359.2	+	3	2	50	18	14	15	4	4	4	middle	middle	1.000	1.000	constitutive	constitutive	72	128	4
NC_072441.2	132364664	132364943	-1	1	-	NC_072441.2	132364666	132364936	TOE1	XM_055254633.2	-	1	2	7	1	2	3	4	4	4	middle	middle	1.000	1.000	constitutive	constitutive	142	40	4
NC_072441.2	132806169	132806688	1	1	+	NC_072441.2	132806259	132806619	PTCH2	XM_055254577.2	+	1	2	89	69	8	9	3	3	3	middle	middle	1.000	1.000	constitutive	constitutive	147	131	3
NC_072441.2	132807708	132809532	1	1	+	NC_072441.2	132807834	132809122	PTCH2	XM_055254577.2	+	1	4	125	410	14	17	3	3	3	middle	middle	1.000	1.000	constitutive	constitutive	348	180	3
NC_072441.2	132809183	132809873	3	1	+	NC_072441.2	132809254	132809783	PTCH2	XM_055254577.2	+	3	2	70	90	18	19	3	3	3	middle	middle	1.000	1.000	constitutive	constitutive	280	137	3
NC_072441.2	132832892	132833222	-1	1	-	NC_072441.2	132832894	132833204	PLK3	XM_055255057.2	-	1	2	18	1	4	5	1	1	1	middle	middle	1.000	1.000	constitutive	constitutive	129	87	1
NC_072441.2	132848155	132848932	2	1	+	NC_072441.2	132848156	132848932	BEST4	XM_055255058.2	+	2	2	0	0	4	6	3	3	3	middle	last	1.000	1.000	constitutive	constitutive	80	270	3
NC_072441.2	132867072	132867423	-3	1	-	NC_072441.2	132867073	132867423	KIF2C	XM_055255316.2	-	3	2	0	0	20	21	5	5	5	middle	last	1.000	1.000	constitutive	constitutive	123	79	5
NC_072441.2	132871472	132871943	-1	1	-	NC_072441.2	132871584	132871896	KIF2C	XM_055255316.2	-	1	2	47	111	18	19	5	5	5	middle	middle	1.000	1.000	constitutive	constitutive	105	113	5
NC_072441.2	133527260	133527893	3	1	+	NC_072441.2	133527537	133527893	LOC129468887	XM_055254806.2	+	3	2	276	0	1	2	1	1	1	first	last	1.000	1.000	constitutive	constitutive	90	142	1
NC_072441.2	134198260	134198536	2	1	+	NC_072441.2	134198261	134198476	HYI	XM_055255523.2	+	2	2	0	60	4	5	1	1	1	middle	middle	1.000	1.000	constitutive	constitutive	78	49	1
NC_072441.2	134206574	134207099	-1	1	-	NC_072441.2	134206794	134207083	SZT2	XM_055255510.2	-	1	2	16	219	60	61	14	14	14	middle	middle	1.000	1.000	constitutive	constitutive	79	125	14
NC_072441.2	134207839	134208322	-2	1	-	NC_072441.2	134207903	134208263	SZT2	XM_055255510.2	-	2	2	59	63	56	57	14	5	14	middle	middle	0.357	1.000	alternative	constitutive	130	100	5
NC_072441.2	134207839	134208322	-2	1	-	NC_072441.2	134207903	134208263	SZT2	XM_063627570.1	-	2	2	59	63	56	57	14	9	14	middle	middle	0.643	1.000	alternative	constitutive	154	100	9
NC_072441.2	134208596	134209112	-1	1	-	NC_072441.2	134208662	134209049	SZT2	XM_055255510.2	-	1	2	63	65	53	54	14	14	14	middle	middle	1.000	1.000	constitutive	constitutive	166	97	14
NC_072441.2	134211059	134211692	-1	1	-	NC_072441.2	134211141	134211535	SZT2	XM_055255510.2	-	1	2	157	81	47	48	14	14	14	middle	middle	1.000	1.000	constitutive	constitutive	118	164	14
NC_072441.2	134218661	134218976	-1	1	-	NC_072441.2	134218689	134218947	SZT2	XM_055255510.2	-	1	2	29	27	34	35	14	14	14	middle	middle	1.000	1.000	constitutive	constitutive	107	63	14
NC_072441.2	134305760	134306531	-1	1	-	NC_072441.2	134306013	134306502	MPL	XM_055255514.1	-	1	2	29	252	7	8	1	1	1	middle	middle	1.000	1.000	constitutive	constitutive	184	142	1
NC_072441.2	134315100	134315508	-3	1	-	NC_072441.2	134315102	134315484	MPL	XM_055255514.1	-	3	2	24	1	1	2	1	1	1	first	middle	1.000	1.000	constitutive	constitutive	78	132	1
NC_072441.2	136639211	136640168	3	1	+	NC_072441.2	136639212	136640129	SLFNL1	XM_055254839.2	+	3	2	0	39	2	3	4	4	4	middle	middle	1.000	1.000	constitutive	constitutive	515	143	4
NC_072441.2	137324369	137324591	3	1	+	NC_072441.2	137324400	137324582	COL9A2	XM_055255065.2	+	3	2	30	9	3	4	3	3	3	middle	middle	1.000	1.000	constitutive	constitutive	35	62	3
NC_072441.2	137326005	137326602	1	1	+	NC_072441.2	137326030	137326239	COL9A2	XM_055255065.2	+	1	2	24	363	5	6	3	3	3	middle	middle	1.000	1.000	constitutive	constitutive	53	35	3
NC_072441.2	137327392	137327932	2	1	+	NC_072441.2	137327528	137327722	COL9A2	XM_055255065.2	+	2	2	135	210	11	12	3	3	3	middle	middle	1.000	1.000	constitutive	constitutive	56	53	3
NC_072441.2	137334318	137334594	1	1	+	NC_072441.2	137334346	137334555	COL9A2	XM_055255065.2	+	1	2	27	39	23	24	3	3	3	middle	middle	1.000	1.000	constitutive	constitutive	53	71	3
NC_072441.2	139877884	139878331	2	1	+	NC_072441.2	139877911	139878242	EPHA10	XM_063627886.1	+	2	2	26	89	9	10	3	2	2	middle	middle	0.667	0.667	alternative	alternative	61	125	2
NC_072441.2	141369762	141370614	-3	1	-	NC_072441.2	141369915	141370467	MAP7D1	XM_055254953.2	-	3	3	147	152	14	16	11	5	11	middle	middle	0.455	1.000	alternative	constitutive	45	193	5
NC_072441.2	141369762	141370614	-3	1	-	NC_072441.2	141369915	141370464	MAP7D1	XM_055254954.2	-	3	3	150	152	14	16	11	6	11	middle	middle	0.545	1.000	alternative	constitutive	42	193	6
NC_072441.2	141466318	141466789	-2	1	-	NC_072441.2	141466352	141466732	TEKT2	XM_055254960.2	-	2	2	57	33	6	7	3	3	3	middle	middle	1.000	1.000	constitutive	constitutive	107	143	3
NC_072441.2	141660786	141661233	-3	1	-	NC_072441.2	141660788	141661151	AGO1	XM_055254942.2	-	3	2	82	1	6	7	5	5	5	middle	middle	1.000	1.000	constitutive	constitutive	134	87	5
NC_072441.2	144752506	144755338	-2	1	-	NC_072441.2	144752542	144755310	NHSL3	XM_055255524.1	-	2	2	28	35	5	6	4	3	3	middle	middle	0.750	0.750	alternative	alternative	113	2561	3
NC_072441.2	145274572	145275205	-2	1	-	NC_072441.2	145274624	145274927	LOC129469208	XM_055255590.2	-	2	2	278	51	6	7	1	1	1	middle	middle	1.000	1.000	constitutive	constitutive	146	39	1
NC_072441.2	145281093	145281762	-3	1	-	NC_072441.2	145281106	145281720	IQCC	XM_063627962.1	-	3	2	42	12	1	3	1	1	1	first	middle	1.000	1.000	constitutive	constitutive	153	143	1
NC_072441.2	145282887	145283619	-3	1	-	NC_072441.2	145283032	145283524	CCDC28B	XM_055255596.2	-	3	2	95	144	2	3	5	5	5	middle	middle	1.000	1.000	constitutive	constitutive	166	193	5
NC_072441.2	145737023	145737635	3	1	+	NC_072441.2	145737112	145737464	ADGRB2	XM_055254875.1	+	3	2	88	171	8	9	17	17	17	middle	middle	1.000	1.000	constitutive	constitutive	101	106	17
NC_072441.2	145738275	145738803	1	1	+	NC_072441.2	145738300	145738731	ADGRB2	XM_055254875.1	+	1	2	24	72	10	11	17	16	16	middle	middle	0.941	0.941	alternative	alternative	194	68	16
NC_072441.2	145740089	145741550	3	1	+	NC_072441.2	145740509	145741409	ADGRB2	XM_055254875.1	+	3	2	419	141	16	18	17	17	17	middle	middle	1.000	1.000	constitutive	constitutive	126	102	17
NC_072441.2	145895871	145896393	-3	1	-	NC_072441.2	145895914	145896368	TINAGL1	XM_055255492.2	-	3	2	25	42	6	7	4	4	4	middle	middle	1.000	1.000	constitutive	constitutive	150	189	4
NC_072441.2	146266649	146267477	-1	1	-	NC_072441.2	146266650	146267237	LOC134734897	XM_063628252.1	-	1	2	240	0	2	3	1	1	1	middle	last	1.000	1.000	constitutive	constitutive	161	77	1
NC_072441.2	25316481	25316775	-3	1	-	NC_072441.2	25316492	25316743	ZRANB2	XM_063624048.1	-	3	2	32	10	2	3	2	2	2	middle	middle	1.000	1.000	constitutive	constitutive	52	108	2
NC_072441.2	53365027	53365405	2	1	+	NC_072441.2	53365060	53365362	AGL	XM_063625580.1	+	2	2	32	43	8	9	4	4	4	middle	middle	1.000	1.000	constitutive	constitutive	102	97	4
NC_072441.2	53574224	53574554	-1	1	-	NC_072441.2	53574225	53574516	SASS6	XM_063625584.1	-	1	2	38	0	16	17	6	4	4	middle	last	0.667	0.667	alternative	alternative	94	103	4
NC_072441.2	61908391	61908862	2	1	+	NC_072441.2	61908496	61908832	CELSR2	XM_063624452.1	+	2	2	104	30	27	28	4	4	4	middle	middle	1.000	1.000	constitutive	constitutive	126	122	4
NC_072441.2	61909871	61910729	3	1	+	NC_072441.2	61909891	61910728	CELSR2	XM_063624452.1	+	3	3	19	1	31	33	4	4	4	middle	middle	1.000	1.000	constitutive	constitutive	194	234	4
NC_072441.2	62105190	62105721	1	1	+	NC_072441.2	62105386	62105676	SYPL2	XM_063624509.1	+	1	2	195	45	1	2	3	2	2	first	middle	0.667	0.667	alternative	alternative	53	74	2
NC_072441.2	62226129	62226516	-3	1	-	NC_072441.2	62226130	62226429	LOC134733804	XM_063624547.1	-	3	2	87	0	1	2	1	1	1	first	last	1.000	1.000	constitutive	constitutive	112	69	1
NC_072441.2	62267292	62268003	1	1	+	NC_072441.2	62267413	62268002	AMPD2	XM_063624539.1	+	1	2	120	1	6	7	4	4	4	middle	middle	1.000	1.000	constitutive	constitutive	186	141	4
NC_072441.2	62268208	62269006	2	1	+	NC_072441.2	62268460	62268964	AMPD2	XM_063624539.1	+	2	2	251	42	9	10	4	4	4	middle	middle	1.000	1.000	constitutive	constitutive	129	194	4
NC_072441.2	65318259	65318910	-3	1	-	NC_072441.2	65318261	65318884	PPM1J	XM_063625716.1	-	3	3	26	1	7	9	2	2	2	middle	middle	1.000	1.000	constitutive	constitutive	63	151	2
NC_072441.2	65319710	65320265	-1	1	-	NC_072441.2	65319780	65320247	PPM1J	XM_063625716.1	-	1	2	18	69	4	5	2	2	2	middle	middle	1.000	1.000	constitutive	constitutive	112	84	2
NC_072441.2	73603857	73604469	1	1	+	NC_072441.2	73604198	73604421	NUDT17	XM_063625946.1	+	1	2	340	48	2	3	1	1	1	middle	middle	1.000	1.000	constitutive	constitutive	31	8	1
NC_072441.2	73608539	73609136	-1	1	-	NC_072441.2	73608663	73609017	PIAS3	XM_063625914.1	-	1	2	119	123	12	13	2	2	2	middle	middle	1.000	1.000	constitutive	constitutive	133	37	2
NC_072441.2	78102594	78103161	-3	1	-	NC_072441.2	78102595	78103064	SF3B4	XM_063626117.1	-	3	2	97	0	5	6	1	1	1	middle	last	1.000	1.000	constitutive	constitutive	173	184	1
NC_072441.2	78113985	78114372	-3	1	-	NC_072441.2	78113998	78114372	MTMR11	XM_063626075.1	-	3	2	0	12	4	5	1	1	1	middle	middle	1.000	1.000	constitutive	constitutive	60	142	1
NC_072441.2	78457334	78457688	3	1	+	NC_072441.2	78457335	78457680	CA14	XM_063626141.1	+	3	2	0	8	5	6	4	4	4	middle	middle	1.000	1.000	constitutive	constitutive	95	66	4
NC_072441.2	78708947	78709367	3	1	+	NC_072441.2	78708991	78709251	ECM1	XM_063626109.1	+	3	2	43	116	4	5	7	7	7	middle	middle	1.000	1.000	constitutive	constitutive	80	80	7
NC_072441.2	78757231	78757957	2	1	+	NC_072441.2	78757239	78757670	ADAMTSL4	XM_063626030.1	+	2	2	7	287	10	11	2	2	2	middle	middle	1.000	1.000	constitutive	constitutive	172	111	2
NC_072441.2	79707947	79708616	-1	1	-	NC_072441.2	79707959	79708549	POGZ	XM_063626206.1	-	1	2	67	11	5	6	6	6	4	middle	middle	1.000	0.667	constitutive	alternative	290	218	4
NC_072441.2	79707947	79708616	-1	1	-	NC_072441.2	79707959	79708549	POGZ	XM_063626209.1	-	1	2	67	11	5	6	6	6	2	middle	middle	1.000	0.333	constitutive	alternative	290	191	2
NC_072441.2	79824283	79824583	2	1	+	NC_072441.2	79824284	79824582	CGN	XM_063626219.1	+	2	2	0	1	16	17	2	2	2	middle	middle	1.000	1.000	constitutive	constitutive	83	118	2
NC_072441.2	80003561	80004194	-1	1	-	NC_072441.2	80003576	80004115	LOC134734305	XM_063626336.1	-	1	2	79	14	10	11	5	4	5	middle	middle	0.800	1.000	alternative	constitutive	137	143	4
NC_072441.2	80003561	80004194	-1	1	-	NC_072441.2	80003576	80004112	LOC134734305	XM_063626338.1	-	1	2	82	14	10	11	5	1	5	middle	middle	0.200	1.000	unique	constitutive	134	143	1
NC_072441.2	80511765	80514108	-3	1	-	NC_072441.2	80511766	80514105	RPTN	XM_063628226.1	-	3	3	3	0	2	4	1	1	1	middle	last	1.000	1.000	constitutive	constitutive	333	525	1
NC_072441.2	80706827	80714066	-1	1	-	NC_072441.2	80706828	80714033	FLG2	XM_063626204.1	-	1	2	33	0	2	3	1	1	1	middle	last	1.000	1.000	constitutive	constitutive	4167	2812	1
NC_072441.2	81132034	81133921	2	1	+	NC_072441.2	81132146	81133921	KPRP	XM_063628060.1	+	2	2	111	0	1	2	1	1	1	first	last	1.000	1.000	constitutive	constitutive	251	1484	1
NC_072441.2	82062571	82063282	2	1	+	NC_072441.2	82062584	82063241	NPR1	XM_063626455.1	+	2	2	12	41	3	4	4	4	4	middle	middle	1.000	1.000	constitutive	constitutive	113	135	4
NC_072441.2	82719689	82720412	3	1	+	NC_072441.2	82719778	82720327	AQP10	XM_063626565.1	+	3	2	88	85	4	5	1	1	1	middle	middle	1.000	1.000	constitutive	constitutive	118	217	1
NC_072441.2	83356703	83357465	-1	1	-	NC_072441.2	83356802	83357373	SHC1	XM_063626591.1	-	1	3	92	98	8	10	25	16	15	middle	middle	0.640	0.600	alternative	alternative	198	134	10
NC_072441.2	83356703	83357465	-1	1	-	NC_072441.2	83356802	83357373	SHC1	XM_063626593.1	-	1	3	92	98	8	10	25	16	10	middle	middle	0.640	0.400	alternative	alternative	198	131	6
NC_072441.2	83356703	83357465	-1	1	-	NC_072441.2	83356802	83357400	SHC1	XM_063626594.1	-	1	3	65	98	8	10	25	9	15	middle	middle	0.360	0.600	alternative	alternative	225	134	5
NC_072441.2	83356703	83357465	-1	1	-	NC_072441.2	83356802	83357400	SHC1	XM_063626595.1	-	1	3	65	98	8	10	25	9	10	middle	middle	0.360	0.400	alternative	alternative	225	131	4
NC_072441.2	83622325	83623114	2	1	+	NC_072441.2	83622647	83623087	LOC134734869	XM_063628228.1	+	2	2	321	27	4	5	1	1	1	middle	middle	1.000	1.000	constitutive	constitutive	92	182	1
NC_072441.2	83689705	83690287	-2	1	-	NC_072441.2	83689865	83690184	PKLR	XM_063626787.1	-	2	2	103	159	4	5	1	1	1	middle	middle	1.000	1.000	constitutive	constitutive	91	131	1
NC_072441.2	84025061	84025448	3	1	+	NC_072441.2	84025103	84025436	MSTO1	XM_063626788.1	+	3	2	41	12	7	8	11	11	10	middle	middle	1.000	0.909	constitutive	alternative	117	134	10
NC_072441.2	84025061	84025448	3	1	+	NC_072441.2	84025103	84025343	MSTO1	XM_063626796.1	+	3	2	41	105	7	8	11	11	1	middle	middle	1.000	0.091	constitutive	unique	117	41	1
NC_072441.2	84026526	84026895	1	1	+	NC_072441.2	84026552	84026894	MSTO1	XM_063626793.1	+	1	2	25	1	12	13	11	2	2	middle	middle	0.182	0.182	alternative	alternative	142	109	2
NC_072441.2	84138285	84138672	1	1	+	NC_072441.2	84138327	84138660	LOC134734400	XM_063626803.1	+	1	2	41	12	3	4	7	7	6	middle	middle	1.000	0.857	constitutive	alternative	117	134	6
NC_072441.2	84138285	84138672	1	1	+	NC_072441.2	84138327	84138567	LOC134734400	XM_063626809.1	+	1	2	41	105	3	4	7	7	1	middle	middle	1.000	0.143	constitutive	unique	117	41	1
NC_072441.2	84670996	84671569	-2	1	-	NC_072441.2	84671100	84671552	PAQR6	XM_063626883.1	-	2	2	17	103	3	4	6	2	2	middle	middle	0.333	0.333	alternative	alternative	205	126	2
NC_072441.2	84808971	84809448	1	1	+	NC_072441.2	84809007	84809428	RHBG	XM_063628125.1	+	1	2	35	20	3	4	2	2	2	middle	middle	1.000	1.000	constitutive	constitutive	150	147	2
NC_072441.2	84982457	84982964	-1	1	-	NC_072441.2	84982494	84982894	IQGAP3	XM_063624863.1	-	1	2	70	36	17	18	5	5	4	middle	middle	1.000	0.800	constitutive	alternative	167	139	4
NC_072441.2	84982457	84982964	-1	1	-	NC_072441.2	84982494	84982894	IQGAP3	XM_063624864.1	-	1	2	70	36	17	18	5	5	1	middle	middle	1.000	0.200	constitutive	unique	167	136	1
NC_072441.2	84995785	84996106	-2	1	-	NC_072441.2	84995794	84996065	IQGAP3	XM_063624863.1	-	2	2	41	8	6	7	5	5	5	middle	middle	1.000	1.000	constitutive	constitutive	67	113	5
NC_072441.2	85057280	85057877	3	1	+	NC_072441.2	85057372	85057803	HAPLN2	XM_063624868.1	+	3	2	91	74	3	4	3	3	3	middle	middle	1.000	1.000	constitutive	constitutive	116	182	3
NC_072441.2	85358824	85359433	2	1	+	NC_072441.2	85359138	85359432	LRRC71	XM_063624901.1	+	2	2	313	1	3	4	2	2	2	middle	middle	1.000	1.000	constitutive	constitutive	128	75	2
NC_072441.2	85539989	85540658	-1	1	-	NC_072441.2	85539991	85540373	ETV3L	XM_063626942.1	-	1	2	285	1	1	2	1	1	1	first	middle	1.000	1.000	constitutive	constitutive	57	237	1
NC_072441.2	88328984	88329608	3	1	+	NC_072441.2	88329090	88329527	ATP1A2	XM_063626962.1	+	3	2	105	81	9	10	3	3	3	middle	middle	1.000	1.000	constitutive	constitutive	198	109	3
NC_072441.2	95842328	95842781	-1	1	-	NC_072441.2	95842339	95842718	ADCY10	XM_063625073.1	-	1	2	63	10	26	27	7	6	6	middle	middle	0.857	0.857	alternative	alternative	204	96	6
NC_072442.2	13908598	13908907	-1	1	-	NC_072442.2	13908604	13908861	TRIM25	XM_055258818.2	-	1	2	46	5	7	8	6	6	6	middle	middle	1.000	1.000	constitutive	constitutive	83	98	6
NC_072442.2	13952480	13952813	-3	1	-	NC_072442.2	13952482	13952796	LOC129470725	XM_063628440.1	-	3	2	17	1	2	3	4	3	4	middle	middle	0.750	1.000	alternative	constitutive	69	82	3
NC_072442.2	13952480	13952813	-3	1	-	NC_072442.2	13952482	13952795	LOC129470725	XM_063628441.1	-	3	2	18	1	1	2	4	1	4	first	middle	0.250	1.000	unique	constitutive	68	82	1
NC_072442.2	15324401	15325433	-3	1	-	NC_072442.2	15324630	15325331	TSPOAP1	XM_055258516.2	-	3	2	102	228	19	20	11	11	11	middle	middle	1.000	1.000	constitutive	constitutive	377	239	11
NC_072442.2	15525219	15525618	-2	1	-	NC_072442.2	15525221	15525595	MTMR4	XM_055258531.2	-	2	2	23	1	5	6	5	5	5	middle	middle	1.000	1.000	constitutive	constitutive	160	96	5
NC_072442.2	16581772	16582105	-1	1	-	NC_072442.2	16581774	16582087	LOC129470215	XM_063628514.1	-	1	2	18	1	1	2	1	1	1	first	middle	1.000	1.000	constitutive	constitutive	68	82	1
NC_072442.2	18000913	18001420	2	1	+	NC_072442.2	18000965	18001403	TBX4	XM_055256409.2	+	2	2	51	17	6	7	4	4	4	middle	middle	1.000	1.000	constitutive	constitutive	88	229	4
NC_072442.2	18949669	18950002	-1	1	-	NC_072442.2	18949671	18949984	LOC129470250	XM_063628513.1	-	1	2	18	1	1	2	1	1	1	first	middle	1.000	1.000	constitutive	constitutive	68	82	1
NC_072442.2	23517138	23517564	-2	1	-	NC_072442.2	23517137	23517457	LOC129469615	XM_063629949.1	-	2	2	107	-2	2	3	1	1	1	middle	middle	1.000	1.000	constitutive	constitutive	72	84	1
NC_072442.2	23565022	23565355	-1	1	-	NC_072442.2	23565021	23565338	LOC129469445	XM_063629950.1	-	1	2	17	-2	2	3	3	1	2	middle	middle	0.333	0.667	unique	alternative	111	81	1
NC_072442.2	23565022	23565355	-1	1	-	NC_072442.2	23565021	23565337	LOC129469445	XM_063629951.1	-	1	2	18	-2	1	2	3	1	2	first	middle	0.333	0.667	unique	alternative	110	81	1
NC_072442.2	24844016	24844442	3	1	+	NC_072442.2	24844059	24844442	LOC129470411	XM_055258210.2	+	3	2	42	0	1	2	1	1	1	first	last	1.000	1.000	constitutive	constitutive	179	122	1
NC_072442.2	25437256	25438273	2	1	+	NC_072442.2	25437433	25438033	LHX1	XM_055257058.2	+	2	2	176	240	2	3	2	2	2	middle	middle	1.000	1.000	constitutive	constitutive	226	277	2
NC_072442.2	26776393	26776795	2	1	+	NC_072442.2	26776394	26776774	LOC129469625	XM_063628681.1	+	2	2	0	21	11	12	1	1	1	middle	middle	1.000	1.000	constitutive	constitutive	74	209	1
NC_072442.2	28045737	28046085	1	1	+	NC_072442.2	28045816	28046084	GIT1	XM_055257478.2	+	1	2	78	1	17	18	2	2	2	middle	middle	1.000	1.000	constitutive	constitutive	86	73	2
NC_072442.2	28754783	28755197	3	1	+	NC_072442.2	28754811	28755143	FLOT2	XM_055256797.2	+	3	2	27	54	6	7	5	5	5	middle	middle	1.000	1.000	constitutive	constitutive	113	119	5
NC_072442.2	28924633	28925098	2	1	+	NC_072442.2	28924723	28924967	RAB34	XM_055256816.2	+	2	2	89	131	8	9	8	6	7	middle	middle	0.750	0.875	alternative	alternative	81	90	5
NC_072442.2	28924633	28925098	2	1	+	NC_072442.2	28924723	28924967	RAB34	XM_055256817.2	+	2	2	89	131	8	9	8	2	7	middle	middle	0.250	0.875	alternative	alternative	57	90	2
NC_072442.2	28924633	28925098	2	1	+	NC_072442.2	28924723	28924936	RAB34	XM_055256818.2	+	2	2	89	162	8	9	8	6	1	middle	middle	0.750	0.125	alternative	unique	81	59	1
NC_072442.2	29010786	29011371	1	1	+	NC_072442.2	29010892	29011332	BLTP2	XM_055258680.2	+	1	2	105	39	22	23	4	4	3	middle	middle	1.000	0.750	constitutive	alternative	99	202	3
NC_072442.2	29010786	29011371	1	1	+	NC_072442.2	29010892	29011332	BLTP2	XM_055258682.2	+	1	2	105	39	22	23	4	4	1	middle	middle	1.000	0.250	constitutive	unique	99	199	1
NC_072442.2	29269131	29269950	1	1	+	NC_072442.2	29269148	29269905	VTN	XM_055258162.2	+	1	3	16	45	2	4	2	2	2	middle	middle	1.000	1.000	constitutive	constitutive	119	139	2
NC_072442.2	29873759	29874257	3	1	+	NC_072442.2	29873846	29874256	NOS2	XM_055257767.2	+	3	2	86	1	7	8	2	2	2	middle	middle	1.000	1.000	constitutive	constitutive	141	139	2
NC_072442.2	35264823	35265459	-2	1	-	NC_072442.2	35264848	35265187	ACSF2	XM_055257535.2	-	2	2	272	24	14	15	7	7	7	middle	middle	1.000	1.000	constitutive	constitutive	141	110	7
NC_072442.2	35276071	35276653	-1	1	-	NC_072442.2	35276180	35276581	ACSF2	XM_055257535.2	-	1	2	72	108	6	7	7	7	7	middle	middle	1.000	1.000	constitutive	constitutive	118	165	7
NC_072442.2	35380816	35381374	-1	1	-	NC_072442.2	35380847	35381327	XYLT2	XM_055255819.2	-	1	2	47	30	6	7	2	2	2	middle	middle	1.000	1.000	constitutive	constitutive	216	176	2
NC_072442.2	35554065	35554629	1	1	+	NC_072442.2	35554114	35554629	COL1A1	XM_055257144.2	+	1	2	48	0	50	51	1	1	1	middle	last	1.000	1.000	constitutive	constitutive	242	143	1
NC_072442.2	37992807	37993200	-2	1	-	NC_072442.2	37992808	37993144	CDK5RAP3	XM_055257327.2	-	2	2	56	0	13	14	2	2	1	middle	last	1.000	0.500	constitutive	unique	171	62	1
NC_072442.2	37992807	37993200	-2	1	-	NC_072442.2	37992848	37993144	CDK5RAP3	XM_063628279.1	-	2	2	56	40	13	14	2	2	1	middle	middle	1.000	0.500	constitutive	unique	171	22	1
NC_072442.2	38167018	38167471	2	1	+	NC_072442.2	38167105	38167471	OSBPL7	XM_055257296.2	+	2	2	86	0	22	23	6	6	6	middle	last	1.000	1.000	constitutive	constitutive	122	105	6
NC_072442.2	38425648	38426284	2	1	+	NC_072442.2	38425921	38426260	LOC129470033	XM_063628284.1	+	2	2	272	24	2	3	1	1	1	middle	middle	1.000	1.000	constitutive	constitutive	141	110	1
NC_072442.2	39085087	39086407	-1	1	-	NC_072442.2	39085302	39086293	SRCIN1	XM_055258768.2	-	1	2	114	214	4	5	15	13	15	middle	middle	0.867	1.000	alternative	constitutive	195	198	13
NC_072442.2	39085087	39086407	-1	1	-	NC_072442.2	39085302	39086200	SRCIN1	XM_055258778.2	-	1	2	207	214	1	2	15	2	15	first	middle	0.133	1.000	alternative	constitutive	102	198	2
NC_072442.2	39260994	39261435	-2	1	-	NC_072442.2	39261075	39261265	PCGF2	XM_055258076.2	-	2	2	170	80	3	4	5	5	5	middle	middle	1.000	1.000	constitutive	constitutive	55	50	5
NC_072442.2	39539875	39540742	-1	1	-	NC_072442.2	39539933	39540586	LOC129469642	XM_063628402.1	-	1	2	156	57	2	3	1	1	1	middle	middle	1.000	1.000	constitutive	constitutive	527	89	1
NC_072442.2	39949292	39949718	-3	1	-	NC_072442.2	39949294	39949606	MED1	XM_055258041.2	-	3	2	112	1	15	16	2	2	2	middle	middle	1.000	1.000	constitutive	constitutive	95	105	2
NC_072442.2	40296668	40297394	3	1	+	NC_072442.2	40296888	40297325	GRB7	XM_055256590.2	+	3	2	219	69	9	10	4	4	4	middle	middle	1.000	1.000	constitutive	constitutive	98	80	4
NC_072442.2	40735622	40736099	3	1	+	NC_072442.2	40735642	40735970	RAPGEFL1	XM_055258192.2	+	3	2	19	129	7	8	3	3	3	middle	middle	1.000	1.000	constitutive	constitutive	97	122	3
NC_072442.2	41029354	41029801	-1	1	-	NC_072442.2	41029450	41029737	TNS4	XM_055256394.2	-	1	2	64	95	6	7	1	1	1	middle	middle	1.000	1.000	constitutive	constitutive	92	77	1
NC_072442.2	41339427	41339814	-2	1	-	NC_072442.2	41339446	41339814	KRT26	XM_055258806.2	-	2	2	0	18	4	5	2	2	2	middle	middle	1.000	1.000	constitutive	constitutive	161	125	2
NC_072442.2	41364246	41364789	-2	1	-	NC_072442.2	41364397	41364765	KRT28	XM_055258798.2	-	2	2	24	150	4	5	1	1	1	middle	middle	1.000	1.000	constitutive	constitutive	161	125	1
NC_072442.2	41414891	41415278	-3	1	-	NC_072442.2	41414910	41415278	LOC129470718	XM_055258814.2	-	3	2	0	18	4	5	2	2	2	middle	middle	1.000	1.000	constitutive	constitutive	161	125	2
NC_072442.2	41450910	41451684	-2	1	-	NC_072442.2	41450968	41451621	LOC129469647	XM_063628404.1	-	2	2	63	57	3	4	1	1	1	middle	middle	1.000	1.000	constitutive	constitutive	527	89	1
NC_072442.2	41484638	41485175	-3	1	-	NC_072442.2	41484708	41485088	KRT12	XM_055258796.2	-	3	2	87	69	4	5	1	1	1	middle	middle	1.000	1.000	constitutive	constitutive	161	125	1
NC_072442.2	42013048	42013600	-1	1	-	NC_072442.2	42013056	42013579	LOC129469866	XM_055257031.1	-	1	2	21	7	5	6	1	1	1	middle	middle	1.000	1.000	constitutive	constitutive	125	220	1
NC_072442.2	42309415	42309919	-1	1	-	NC_072442.2	42309417	42309838	HAP1	XM_055256088.2	-	1	2	81	1	4	5	1	1	1	middle	middle	1.000	1.000	constitutive	constitutive	128	181	1
NC_072442.2	42390799	42392137	-1	1	-	NC_072442.2	42390902	42391684	P3H4	XM_055257438.2	-	1	2	453	102	1	2	5	4	5	first	middle	0.800	1.000	alternative	constitutive	461	152	4
NC_072442.2	42390799	42392137	-1	1	-	NC_072442.2	42390902	42392041	P3H4	XM_055257442.2	-	1	2	96	102	1	2	5	1	5	first	middle	0.200	1.000	unique	constitutive	818	152	1
NC_072442.2	42745810	42746434	-1	1	-	NC_072442.2	42745812	42746374	KCNH4	XM_055257216.2	-	1	2	60	1	12	13	6	6	6	middle	middle	1.000	1.000	constitutive	constitutive	38	352	6
NC_072442.2	43127919	43128369	1	1	+	NC_072442.2	43127953	43128368	NAGLU	XM_055256696.2	+	1	2	33	1	3	4	1	1	1	middle	middle	1.000	1.000	constitutive	constitutive	146	85	1
NC_072442.2	43148538	43149081	1	1	+	NC_072442.2	43148593	43149046	COASY	XM_055256697.2	+	1	2	54	35	3	4	3	3	3	middle	middle	1.000	1.000	constitutive	constitutive	131	189	3
NC_072442.2	43198859	43199729	3	1	+	NC_072442.2	43198923	43199687	TUBG1	XM_055256706.1	+	3	3	63	42	7	9	2	2	2	middle	middle	1.000	1.000	constitutive	constitutive	86	152	2
NC_072442.2	43251818	43252601	3	1	+	NC_072442.2	43251996	43252559	TUBG2	XM_055256700.2	+	3	2	177	42	9	10	4	4	4	middle	middle	1.000	1.000	constitutive	constitutive	149	152	4
NC_072442.2	43616341	43616719	2	1	+	NC_072442.2	43616384	43616710	IFI35	XM_055256912.2	+	2	2	42	9	3	4	1	1	1	middle	middle	1.000	1.000	constitutive	constitutive	147	106	1
NC_072442.2	43621731	43622211	-2	1	-	NC_072442.2	43621785	43622150	VAT1	XM_055256910.2	-	2	2	61	53	3	4	2	2	2	middle	middle	1.000	1.000	constitutive	constitutive	170	89	2
NC_072442.2	44549946	44550540	-2	1	-	NC_072442.2	44550009	44550359	MPP3	XM_055256197.2	-	2	2	181	62	13	14	2	2	2	middle	middle	1.000	1.000	constitutive	constitutive	164	80	2
NC_072442.2	44618928	44619579	-2	1	-	NC_072442.2	44619198	44619543	MPP2	XM_055256760.2	-	2	2	36	269	7	8	6	6	6	middle	middle	1.000	1.000	constitutive	constitutive	131	105	6
NC_072442.2	44811302	44811794	-3	1	-	NC_072442.2	44811423	44811778	HDAC5	XM_055256223.2	-	3	2	16	120	8	9	17	15	17	middle	middle	0.882	1.000	alternative	constitutive	146	112	15
NC_072442.2	44811302	44811794	-3	1	-	NC_072442.2	44811423	44811778	HDAC5	XM_055256225.2	-	3	2	16	120	8	9	17	2	17	middle	middle	0.118	1.000	alternative	constitutive	131	112	2
NC_072442.2	44812537	44813134	-1	1	-	NC_072442.2	44812564	44813082	HDAC5	XM_055256223.2	-	1	2	52	26	4	5	17	14	15	middle	middle	0.824	0.882	alternative	alternative	259	171	12
NC_072442.2	44812537	44813134	-1	1	-	NC_072442.2	44812564	44813082	HDAC5	XM_055256228.2	-	1	2	52	26	4	5	17	14	2	middle	middle	0.824	0.118	alternative	alternative	259	144	2
NC_072442.2	44812537	44813134	-1	1	-	NC_072442.2	44812564	44813053	HDAC5	XM_055256236.2	-	1	2	81	26	1	2	17	3	15	first	middle	0.176	0.882	alternative	alternative	230	171	3
NC_072442.2	44983991	44984672	-3	1	-	NC_072442.2	44984015	44984672	SLC4A1	XM_055256240.2	-	3	2	0	23	9	10	1	1	1	middle	middle	1.000	1.000	constitutive	constitutive	210	212	1
NC_072442.2	45101892	45102600	-2	1	-	NC_072442.2	45101968	45102426	ITGA2B	XM_055256239.2	-	2	2	174	75	27	28	1	1	1	middle	middle	1.000	1.000	constitutive	constitutive	113	101	1
NC_072442.2	45111456	45112299	-2	1	-	NC_072442.2	45111732	45112124	ITGA2B	XM_055256239.2	-	2	2	175	275	5	7	1	1	1	middle	middle	1.000	1.000	constitutive	constitutive	49	128	1
NC_072442.2	45111863	45112709	-3	1	-	NC_072442.2	45111953	45112511	ITGA2B	XM_055256239.2	-	3	2	198	89	4	6	1	1	1	middle	middle	1.000	1.000	constitutive	constitutive	165	45	1
NC_072442.2	45488426	45489362	3	1	+	NC_072442.2	45488513	45488802	ADAM11	XM_055255905.2	+	3	2	86	560	12	13	5	5	5	middle	middle	1.000	1.000	constitutive	constitutive	84	90	5
NC_072442.2	45632555	45633203	-3	1	-	NC_072442.2	45632682	45633042	GFAP	XM_055257713.2	-	3	2	161	126	2	3	2	2	2	middle	middle	1.000	1.000	constitutive	constitutive	60	95	2
NC_072442.2	45833090	45833774	-3	1	-	NC_072442.2	45833138	45833623	PLCD3	XM_055257709.2	-	3	2	151	47	12	13	3	3	3	middle	middle	1.000	1.000	constitutive	constitutive	166	135	3
NC_072442.2	46122321	46122702	-2	1	-	NC_072442.2	46122448	46122684	ARHGAP27	XM_055257818.2	-	2	2	18	126	4	5	12	12	12	middle	middle	1.000	1.000	constitutive	constitutive	80	83	12
NC_072442.2	48253253	48253910	3	1	+	NC_072442.2	48253256	48253764	MRC2	XM_055258384.2	+	3	2	2	146	14	15	3	3	3	middle	middle	1.000	1.000	constitutive	constitutive	102	138	3
NC_072442.2	49092222	49092732	1	1	+	NC_072442.2	49092238	49092628	LOC129469664	XM_055256451.2	+	1	2	15	104	4	5	1	1	1	middle	middle	1.000	1.000	constitutive	constitutive	87	143	1
NC_072442.2	49413489	49413939	-2	1	-	NC_072442.2	49413546	49413939	FTSJ3	XM_055258622.2	-	2	2	0	56	5	6	1	1	1	middle	middle	1.000	1.000	constitutive	constitutive	99	194	1
NC_072442.2	49418470	49419001	2	1	+	NC_072442.2	49418471	49418842	PSMC5	XM_055258629.2	+	2	2	0	159	5	6	2	2	2	middle	middle	1.000	1.000	constitutive	constitutive	56	230	2
NC_072442.2	49491472	49492585	-1	1	-	NC_072442.2	49491656	49492404	LOC129469932	XM_063629423.1	-	1	2	181	183	2	3	1	1	1	middle	middle	1.000	1.000	constitutive	constitutive	160	164	1
NC_072442.2	49563897	49564635	-2	1	-	NC_072442.2	49563913	49564536	SCN4A	XM_055257544.2	-	2	2	99	15	19	20	1	1	1	middle	middle	1.000	1.000	constitutive	constitutive	278	53	1
NC_072442.2	55398505	55398856	2	1	+	NC_072442.2	55398541	55398843	ELAC2	XM_055258697.2	+	2	2	35	13	13	14	9	7	9	middle	middle	0.778	1.000	alternative	constitutive	138	82	7
NC_072442.2	55398505	55398856	2	1	+	NC_072442.2	55398541	55398843	ELAC2	XM_055258702.2	+	2	2	35	13	13	14	9	2	9	middle	middle	0.222	1.000	alternative	constitutive	141	82	2
NC_072442.2	57716166	57716796	1	1	+	NC_072442.2	57716167	57716746	MYH3	XM_055258312.2	+	1	2	0	50	13	14	1	1	1	middle	middle	1.000	1.000	constitutive	constitutive	170	306	1
NC_072442.2	57905625	57906186	1	1	+	NC_072442.2	57905748	57906175	LOC129470463	XM_055258316.2	+	1	2	122	11	29	30	3	3	3	middle	middle	1.000	1.000	constitutive	constitutive	183	165	3
NC_072442.2	57948465	57948831	1	1	+	NC_072442.2	57948474	57948830	LOC129470464	XM_055258319.2	+	1	2	8	1	18	19	4	4	4	middle	middle	1.000	1.000	constitutive	constitutive	123	136	4
NC_072442.2	57954840	57955428	1	1	+	NC_072442.2	57954843	57955407	LOC129470464	XM_055258319.2	+	1	2	2	21	24	25	4	4	4	middle	middle	1.000	1.000	constitutive	constitutive	90	389	4
NC_072442.2	58046631	58047348	1	1	+	NC_072442.2	58046728	58047324	MYH13	XM_055256121.2	+	1	2	96	24	32	33	2	2	2	middle	middle	1.000	1.000	constitutive	constitutive	308	203	2
NC_072442.2	59490575	59491193	3	1	+	NC_072442.2	59490816	59491192	PIK3R6	XM_055258655.2	+	3	2	240	1	5	6	23	23	23	middle	middle	1.000	1.000	constitutive	constitutive	132	69	23
NC_072442.2	60017910	60018252	-2	1	-	NC_072442.2	60017912	60018252	ARHGEF15	XM_055257629.2	-	2	2	0	1	10	11	2	2	2	middle	middle	1.000	1.000	constitutive	constitutive	92	160	2
NC_072442.2	60068861	60069245	-3	1	-	NC_072442.2	60068918	60069211	PFAS	XM_055257131.2	-	3	2	34	56	24	25	2	2	2	middle	middle	1.000	1.000	constitutive	constitutive	91	114	2
NC_072442.2	60070829	60071690	-3	1	-	NC_072442.2	60070943	60071687	PFAS	XM_055257131.2	-	3	3	3	113	17	19	2	2	2	middle	middle	1.000	1.000	constitutive	constitutive	230	83	2
NC_072442.2	60071693	60072428	-3	1	-	NC_072442.2	60071973	60072359	PFAS	XM_055257131.2	-	3	2	69	279	15	16	2	2	2	middle	middle	1.000	1.000	constitutive	constitutive	125	131	2
NC_072442.2	60105501	60106284	1	1	+	NC_072442.2	60105669	60106170	CTC1	XM_055255983.2	+	1	2	167	114	13	14	5	5	5	middle	middle	1.000	1.000	constitutive	constitutive	324	89	5
NC_072442.2	60301931	60302618	-3	1	-	NC_072442.2	60302099	60302561	GUCY2D	XM_055256717.2	-	3	2	57	167	8	9	1	1	1	middle	middle	1.000	1.000	constitutive	constitutive	206	156	1
NC_072442.2	60407800	60408649	-1	1	-	NC_072442.2	60407875	60408420	CHD3	XM_055258221.2	-	1	2	229	74	38	39	11	6	6	middle	middle	0.545	0.545	alternative	alternative	163	126	6
NC_072442.2	60409998	60410607	-2	1	-	NC_072442.2	60410029	60410465	CHD3	XM_055258220.2	-	2	2	142	30	35	36	11	11	11	middle	middle	1.000	1.000	constitutive	constitutive	108	132	11
NC_072442.2	60412871	60413264	-3	1	-	NC_072442.2	60412873	60413242	CHD3	XM_055258220.2	-	3	2	22	1	27	28	11	11	11	middle	middle	1.000	1.000	constitutive	constitutive	85	133	11
NC_072442.2	60472671	60473355	-2	1	-	NC_072442.2	60472798	60473212	KDM6B	XM_055258232.2	-	2	2	143	126	3	4	18	18	18	middle	middle	1.000	1.000	constitutive	constitutive	219	92	18
NC_072442.2	60487415	60487910	-3	1	-	NC_072442.2	60487536	60487883	DNAH2	XM_055257127.2	-	3	2	27	120	84	85	6	4	4	middle	middle	0.667	0.667	alternative	alternative	176	74	4
NC_072442.2	60488920	60489385	-1	1	-	NC_072442.2	60488922	60489377	DNAH2	XM_055257127.2	-	1	2	8	1	81	82	6	4	4	middle	middle	0.667	0.667	alternative	alternative	228	151	4
NC_072442.2	60545981	60546749	-3	1	-	NC_072442.2	60546009	60546592	DNAH2	XM_055257127.2	-	3	2	157	27	30	31	6	6	6	middle	middle	1.000	1.000	constitutive	constitutive	217	101	6
NC_072442.2	60615364	60615982	-1	1	-	NC_072442.2	60615541	60615846	EFNB3	XM_055257764.2	-	1	2	136	176	3	4	1	1	1	middle	middle	1.000	1.000	constitutive	constitutive	92	104	1
NC_072442.2	60814242	60814800	-2	1	-	NC_072442.2	60814248	60814680	POLR2A	XM_055258105.2	-	2	2	120	5	26	27	2	2	2	middle	middle	1.000	1.000	constitutive	constitutive	186	113	2
NC_072442.2	60880167	60880809	-2	1	-	NC_072442.2	60880318	60880599	CHRNB1	XM_055257534.2	-	2	2	210	150	1	2	2	1	1	first	middle	0.500	0.500	unique	unique	57	139	1
NC_072442.2	60937008	60937323	-2	1	-	NC_072442.2	60937009	60937302	TNK1	XM_055256477.2	-	2	2	21	0	11	12	4	3	3	middle	last	0.750	0.750	alternative	alternative	95	110	3
NC_072442.2	60937096	60937381	-1	1	-	NC_072442.2	60937097	60937302	TNK1	XM_063628359.1	-	1	2	79	0	10	11	4	1	1	middle	last	0.250	0.250	unique	unique	95	22	1
NC_072442.2	60942120	60942735	-2	1	-	NC_072442.2	60942226	60942669	TNK1	XM_055256477.2	-	2	2	66	105	3	4	4	4	4	middle	middle	1.000	1.000	constitutive	constitutive	191	155	4
NC_072442.2	60999341	60999839	3	1	+	NC_072442.2	60999456	60999749	NEURL4	XM_055255965.2	+	3	2	114	90	5	6	4	4	4	middle	middle	1.000	1.000	constitutive	constitutive	111	88	4
NC_072442.2	61002267	61002717	1	1	+	NC_072442.2	61002297	61002536	NEURL4	XM_055255965.2	+	1	2	29	181	13	14	4	4	4	middle	middle	1.000	1.000	constitutive	constitutive	76	78	4
NC_072442.2	61007942	61008791	3	1	+	NC_072442.2	61008437	61008790	NEURL4	XM_055255965.2	+	3	2	494	1	27	28	4	4	4	middle	middle	1.000	1.000	constitutive	constitutive	112	165	4
NC_072442.2	61011313	61011724	2	1	+	NC_072442.2	61011396	61011702	GPS2	XM_055255976.2	+	2	2	82	22	2	3	4	4	4	middle	middle	1.000	1.000	constitutive	constitutive	109	112	4
NC_072442.2	61012496	61012844	3	1	+	NC_072442.2	61012519	61012775	GPS2	XM_055255976.2	+	3	2	22	69	7	8	4	4	4	middle	middle	1.000	1.000	constitutive	constitutive	89	79	4
NC_072442.2	61014364	61014814	-1	1	-	NC_072442.2	61014365	61014652	EIF5A	XM_055255978.1	-	1	2	162	0	4	5	4	4	4	middle	last	1.000	1.000	constitutive	constitutive	131	59	4
NC_072442.2	61114688	61115222	3	1	+	NC_072442.2	61114763	61115171	DLG4	XM_055258574.2	+	3	2	74	51	8	9	22	22	22	middle	middle	1.000	1.000	constitutive	constitutive	169	136	22
NC_072442.2	61307168	61307579	-3	1	-	NC_072442.2	61307242	61307540	C20H17orf49	XM_055258919.2	-	3	2	39	73	1	2	7	7	7	first	middle	1.000	1.000	constitutive	constitutive	20	94	7
NC_072442.2	61498221	61498716	-2	1	-	NC_072442.2	61498324	61498662	LOC129470763	XM_055258911.2	-	2	2	54	102	14	15	1	1	1	middle	middle	1.000	1.000	constitutive	constitutive	68	167	1
NC_072442.2	63359962	63360211	2	1	+	NC_072442.2	63359989	63360211	CAMTA2	XM_055255764.2	+	2	2	26	0	22	23	6	6	6	middle	last	1.000	1.000	constitutive	constitutive	74	60	6
NC_072442.2	63376348	63376999	-1	1	-	NC_072442.2	63376354	63376896	ENO3	XM_055257565.2	-	1	2	103	5	3	5	2	2	2	middle	middle	1.000	1.000	constitutive	constitutive	95	69	2
NC_072442.2	63395174	63397421	-3	1	-	NC_072442.2	63395175	63397262	GP1BA	XM_055256492.2	-	3	2	159	0	1	2	1	1	1	first	last	1.000	1.000	constitutive	constitutive	1172	812	1
NC_072442.2	63437017	63437557	2	1	+	NC_072442.2	63437036	63437413	CHRNE	XM_055257918.2	+	2	2	18	144	10	11	1	1	1	middle	middle	1.000	1.000	constitutive	constitutive	186	106	1
NC_072442.2	63441793	63442267	-1	1	-	NC_072442.2	63441820	63442267	MINK1	XM_055257872.2	-	1	2	0	26	25	26	24	24	24	middle	middle	1.000	1.000	constitutive	constitutive	137	108	24
NC_072442.2	63531638	63531989	-3	1	-	NC_072442.2	63531640	63531978	PLD2	XM_055257900.2	-	3	2	11	1	7	8	3	3	3	middle	middle	1.000	1.000	constitutive	constitutive	92	152	3
NC_072442.2	63532286	63532691	-3	1	-	NC_072442.2	63532308	63532569	PLD2	XM_055257900.2	-	3	2	122	21	4	5	3	3	3	middle	middle	1.000	1.000	constitutive	constitutive	105	65	3
NC_072442.2	63533398	63534082	-1	1	-	NC_072442.2	63533555	63533896	PLD2	XM_055257900.2	-	1	2	186	156	1	2	3	3	3	first	middle	1.000	1.000	constitutive	constitutive	108	130	3
NC_072442.2	63555212	63555518	-3	1	-	NC_072442.2	63555219	63555436	GLTPD2	XM_055257937.2	-	3	2	82	6	2	3	1	1	1	middle	middle	1.000	1.000	constitutive	constitutive	44	64	1
NC_072442.2	63601102	63601615	-1	1	-	NC_072442.2	63601217	63601494	ZMYND15	XM_055257903.1	-	1	2	121	114	8	9	4	4	3	middle	middle	1.000	0.750	constitutive	alternative	88	98	3
NC_072442.2	63601102	63601615	-1	1	-	NC_072442.2	63601267	63601494	ZMYND15	XM_063628390.1	-	1	2	121	164	8	9	4	4	1	middle	middle	1.000	0.250	constitutive	unique	88	48	1
NC_072442.2	63603586	63604177	-1	1	-	NC_072442.2	63603588	63604071	ZMYND15	XM_055257903.1	-	1	2	106	1	2	3	4	4	4	middle	middle	1.000	1.000	constitutive	constitutive	234	155	4
NC_072442.2	63801083	63801623	3	1	+	NC_072442.2	63801135	63801467	MYBBP1A	XM_055257879.2	+	3	2	51	156	14	15	4	4	4	middle	middle	1.000	1.000	constitutive	constitutive	96	151	4
NC_072442.2	63801796	63802777	2	1	+	NC_072442.2	63801902	63802324	MYBBP1A	XM_055257879.2	+	2	2	105	453	17	18	4	4	4	middle	middle	1.000	1.000	constitutive	constitutive	149	170	4
NC_072442.2	64410709	64411918	2	1	+	NC_072442.2	64410917	64411892	ATP2A3	XM_055257889.2	+	2	3	207	26	4	6	10	10	10	middle	middle	1.000	1.000	constitutive	constitutive	104	80	10
NC_072442.2	64463276	64463588	3	1	+	NC_072442.2	64463283	64463588	P2RX1	XM_055257931.2	+	3	2	6	0	11	12	10	8	8	middle	last	0.800	0.800	alternative	alternative	101	62	8
NC_072442.2	64621481	64621883	3	1	+	NC_072442.2	64621589	64621838	ITGAE	XM_063628408.1	+	3	2	107	45	26	27	1	1	1	middle	middle	1.000	1.000	constitutive	constitutive	63	107	1
NC_072442.2	64760377	64760713	-1	1	-	NC_072442.2	64760379	64760695	LOC129469500	XM_063629679.1	-	1	2	18	1	1	2	2	2	2	first	middle	1.000	1.000	constitutive	constitutive	71	82	2
NC_072442.2	64839858	64840194	-2	1	-	NC_072442.2	64839860	64840176	LOC134735286	XM_063629684.1	-	2	2	18	1	1	2	3	3	3	first	middle	1.000	1.000	constitutive	constitutive	71	82	3
NC_072442.2	65061050	65061386	-3	1	-	NC_072442.2	65061052	65061368	LOC129469502	XM_055256172.2	-	3	2	18	1	1	2	2	2	2	first	middle	1.000	1.000	constitutive	constitutive	71	82	2
NC_072442.2	65110956	65111826	-2	1	-	NC_072442.2	65110969	65111640	LOC129469686	XM_055256465.2	-	2	3	186	12	2	4	1	1	1	middle	middle	1.000	1.000	constitutive	constitutive	93	245	1
NC_072442.2	65170628	65170964	-3	1	-	NC_072442.2	65170630	65170947	LOC129477062	XM_063629667.1	-	3	2	17	1	6	7	2	2	2	middle	middle	1.000	1.000	constitutive	constitutive	72	82	2
NC_072442.2	65216339	65217005	-3	1	-	NC_072442.2	65216517	65216819	LOC129469506	XM_055256182.2	-	3	2	186	177	2	3	2	2	2	middle	middle	1.000	1.000	constitutive	constitutive	93	106	2
NC_072442.2	65275778	65276114	-3	1	-	NC_072442.2	65275780	65276097	LOC134735285	XM_063629663.1	-	3	2	17	1	6	7	2	2	2	middle	middle	1.000	1.000	constitutive	constitutive	72	82	2
NC_072442.2	65321267	65322137	-3	1	-	NC_072442.2	65321280	65321951	LOC134735291	XM_063629749.1	-	3	3	186	12	2	4	1	1	1	middle	middle	1.000	1.000	constitutive	constitutive	93	245	1
NC_072442.2	65380901	65381237	-3	1	-	NC_072442.2	65380903	65381220	LOC134735284	XM_063629661.1	-	3	2	17	1	6	7	2	2	2	middle	middle	1.000	1.000	constitutive	constitutive	72	82	2
NC_072442.2	65426392	65427262	-1	1	-	NC_072442.2	65426405	65427076	LOC134735292	XM_063629751.1	-	1	3	186	12	2	4	1	1	1	middle	middle	1.000	1.000	constitutive	constitutive	93	245	1
NC_072442.2	65486022	65486358	-2	1	-	NC_072442.2	65486024	65486341	LOC129470482	XM_063629665.1	-	2	2	17	1	6	7	2	2	2	middle	middle	1.000	1.000	constitutive	constitutive	72	82	2
NC_072442.2	65531519	65532389	-3	1	-	NC_072442.2	65531532	65532203	LOC129469957	XM_063629752.1	-	3	3	186	12	2	4	1	1	1	middle	middle	1.000	1.000	constitutive	constitutive	93	245	1
NC_072442.2	65592673	65593009	-1	1	-	NC_072442.2	65592675	65592991	LOC129470488	XM_063629682.1	-	1	2	18	1	1	2	2	2	2	first	middle	1.000	1.000	constitutive	constitutive	71	82	2
NC_072442.2	65625970	65626306	-1	1	-	NC_072442.2	65625972	65626288	LOC134735287	XM_063629688.1	-	1	2	18	1	1	2	2	2	2	first	middle	1.000	1.000	constitutive	constitutive	71	82	2
NC_072442.2	65660512	65660848	-1	1	-	NC_072442.2	65660514	65660830	LOC134735288	XM_063629698.1	-	1	2	18	1	1	2	1	1	1	first	middle	1.000	1.000	constitutive	constitutive	71	82	1
NC_072442.2	66781140	66781740	-2	1	-	NC_072442.2	66781142	66781428	CLUH	XM_055257971.2	-	2	2	312	1	24	25	5	5	5	middle	middle	1.000	1.000	constitutive	constitutive	134	73	5
NC_072442.2	66785107	66785599	-1	1	-	NC_072442.2	66785186	66785494	CLUH	XM_055257971.2	-	1	2	105	78	14	15	5	5	5	middle	middle	1.000	1.000	constitutive	constitutive	152	62	5
NC_072442.2	67190670	67191183	1	1	+	NC_072442.2	67190722	67191100	LOC129469691	XM_063629767.1	+	1	2	51	83	2	3	1	1	1	middle	middle	1.000	1.000	constitutive	constitutive	134	162	1
NC_072442.2	67312770	67313106	1	1	+	NC_072442.2	67312789	67313105	LOC129469945	XM_055257184.2	+	1	2	18	1	1	2	2	2	2	first	middle	1.000	1.000	constitutive	constitutive	71	82	2
NC_072442.2	67341498	67341834	1	1	+	NC_072442.2	67341517	67341833	LOC129469946	XM_055257185.2	+	1	2	18	1	1	2	1	1	1	first	middle	1.000	1.000	constitutive	constitutive	71	82	1
NC_072442.2	67544677	67545358	2	1	+	NC_072442.2	67544864	67545166	LOC129469573	XM_055256366.2	+	2	2	186	192	2	3	2	2	2	middle	middle	1.000	1.000	constitutive	constitutive	93	106	2
NC_072442.2	67728992	67730156	3	1	+	NC_072442.2	67729145	67729410	MYO1C	XM_055256344.2	+	3	2	152	746	31	32	8	7	7	middle	middle	0.875	0.875	alternative	alternative	113	76	7
NC_072442.2	7753289	7753634	3	1	+	NC_072442.2	7753312	7753633	MYCBPAP	XM_055256645.2	+	3	2	22	1	8	9	9	9	9	middle	middle	1.000	1.000	constitutive	constitutive	115	115	9
NC_072442.2	7781044	7781857	2	1	+	NC_072442.2	7781139	7781816	SPATA20	XM_055257383.2	+	2	3	94	41	5	7	9	9	9	middle	middle	1.000	1.000	constitutive	constitutive	154	201	9
NC_072442.2	7782862	7783264	2	1	+	NC_072442.2	7782863	7783243	SPATA20	XM_055257383.2	+	2	2	0	21	10	11	9	9	9	middle	middle	1.000	1.000	constitutive	constitutive	74	209	9
NC_072442.2	8473971	8475357	-2	1	-	NC_072442.2	8474138	8474733	MBTD1	XM_063629889.1	-	2	2	624	166	1	2	16	1	1	first	middle	0.062	0.062	unique	unique	284	187	1
NC_072443.2	22694601	22695162	1	1	+	NC_072443.2	22694694	22695120	ST3GAL6	XM_055260696.2	+	1	2	92	42	8	9	1	1	1	middle	middle	1.000	1.000	constitutive	constitutive	186	137	1
NC_072443.2	46533958	46535014	2	1	+	NC_072443.2	46534041	46534928	PARP14	XM_055259286.2	+	2	2	82	86	13	14	3	3	3	middle	middle	1.000	1.000	constitutive	constitutive	206	599	3
NC_072443.2	46713565	46714456	-2	1	-	NC_072443.2	46713595	46714436	SEMA5B	XM_055259851.2	-	2	2	20	29	15	17	7	7	7	middle	middle	1.000	1.000	constitutive	constitutive	147	218	7
NC_072443.2	50541365	50542064	3	1	+	NC_072443.2	50541635	50541993	PLXNA1	XM_055260204.2	+	3	2	269	71	5	6	1	1	1	middle	middle	1.000	1.000	constitutive	constitutive	123	153	1
NC_072443.2	50552991	50554416	1	1	+	NC_072443.2	50553252	50554398	PLXNA1	XM_055260204.2	+	1	3	260	18	15	17	1	1	1	middle	middle	1.000	1.000	constitutive	constitutive	167	239	1
NC_072443.2	50570012	50570918	3	1	+	NC_072443.2	50570207	50570657	PLXNA1	XM_055260204.2	+	3	2	194	261	29	30	1	1	1	middle	middle	1.000	1.000	constitutive	constitutive	212	150	1
NC_072443.2	53058326	53058743	-1	1	-	NC_072443.2	53058408	53058721	PLXND1	XM_055259117.2	-	1	2	22	81	21	22	2	2	2	middle	middle	1.000	1.000	constitutive	constitutive	107	112	2
NC_072443.2	54071160	54071670	1	1	+	NC_072443.2	54071309	54071623	GRIP2	XM_055260610.2	+	1	2	148	47	15	16	5	5	5	middle	middle	1.000	1.000	constitutive	constitutive	66	145	5
NC_072443.2	55115719	55116133	2	1	+	NC_072443.2	55115762	55116067	NUP210	XM_055259255.2	+	2	2	42	66	19	20	1	1	1	middle	middle	1.000	1.000	constitutive	constitutive	104	101	1
NC_072443.2	55669146	55669698	-3	1	-	NC_072443.2	55669221	55669619	CAND2	XM_055259387.2	-	3	2	79	74	6	7	5	5	5	middle	middle	1.000	1.000	constitutive	constitutive	105	142	5
NC_072443.2	69372378	69372834	1	1	+	NC_072443.2	69372425	69372832	CNTN3	XM_055259312.2	+	1	2	46	2	14	15	2	2	2	middle	middle	1.000	1.000	constitutive	constitutive	158	149	2
NC_072443.2	85705752	85706418	-3	1	-	NC_072443.2	85705824	85706349	LOC129471059	XM_063630494.1	-	3	2	69	71	49	50	1	1	1	middle	middle	1.000	1.000	constitutive	constitutive	171	101	1
NC_072443.2	85711259	85724189	-1	1	-	NC_072443.2	85711265	85724053	LOC129471059	XM_063630494.1	-	1	6	136	5	31	39	1	1	1	middle	middle	1.000	1.000	constitutive	constitutive	3336	815	1
NC_072443.2	85731318	85731975	-3	1	-	NC_072443.2	85731320	85731960	LOC129471059	XM_063630494.1	-	3	2	15	1	17	18	1	1	1	middle	middle	1.000	1.000	constitutive	constitutive	126	255	1
NC_072443.2	85828752	85829565	-3	1	-	NC_072443.2	85828953	85829345	MUC2	XM_055259281.2	-	3	2	220	200	12	13	1	1	1	middle	middle	1.000	1.000	constitutive	constitutive	137	164	1
NC_072443.2	85883967	85884600	1	1	+	NC_072443.2	85884080	85884454	MUC6	XM_063630840.1	+	1	2	112	146	15	16	2	1	1	middle	middle	0.500	0.500	unique	unique	94	132	1
NC_072443.2	85885815	85886460	1	1	+	NC_072443.2	85885998	85886334	MUC6	XM_063630840.1	+	1	2	182	126	21	22	2	1	1	middle	middle	0.500	0.500	unique	unique	141	110	1
NC_072443.2	85891069	85891861	2	1	+	NC_072443.2	85891086	85891736	MUC6	XM_063630840.1	+	2	2	16	125	28	29	2	1	1	middle	middle	0.500	0.500	unique	unique	50	167	1
NC_072443.2	86101996	86102659	-2	1	-	NC_072443.2	86102252	86102640	PNPLA2	XM_055260076.2	-	2	2	19	255	2	3	2	2	2	middle	middle	1.000	1.000	constitutive	constitutive	232	65	2
NC_072443.2	86126482	86127343	2	1	+	NC_072443.2	86126538	86127325	PIDD1	XM_055260014.2	+	2	2	55	18	9	11	17	8	10	middle	middle	0.471	0.588	alternative	alternative	358	118	5
NC_072443.2	86126482	86127343	2	1	+	NC_072443.2	86126538	86127274	PIDD1	XM_055260016.2	+	2	2	55	69	9	11	17	8	7	middle	middle	0.471	0.412	alternative	alternative	358	67	3
NC_072443.2	86126482	86127343	2	1	+	NC_072443.2	86126538	86127325	PIDD1	XM_055260017.2	+	2	3	55	18	9	12	17	7	10	middle	middle	0.412	0.588	alternative	alternative	135	118	4
NC_072443.2	86126482	86127343	2	1	+	NC_072443.2	86126538	86127274	PIDD1	XM_055260018.2	+	2	3	55	69	9	12	17	7	7	middle	middle	0.412	0.412	alternative	alternative	135	67	3
NC_072443.2	86126482	86127343	2	1	+	NC_072443.2	86126538	86127325	PIDD1	XM_063630865.1	+	2	3	55	18	9	12	17	2	10	middle	middle	0.118	0.588	alternative	alternative	102	118	1
NC_072443.2	86126482	86127343	2	1	+	NC_072443.2	86126538	86127274	PIDD1	XM_063630868.1	+	2	3	55	69	9	12	17	2	7	middle	middle	0.118	0.412	alternative	alternative	102	67	1
NC_072443.2	86202439	86203081	-2	1	-	NC_072443.2	86202676	86203066	EPS8L2	XM_055260033.2	-	2	2	15	236	16	17	5	3	5	middle	middle	0.600	1.000	alternative	constitutive	119	72	3
NC_072443.2	86202439	86203081	-2	1	-	NC_072443.2	86202676	86203066	EPS8L2	XM_063630873.1	-	2	2	15	236	16	17	5	2	5	middle	middle	0.400	1.000	alternative	constitutive	188	72	2
NC_072443.2	86207455	86207986	-2	1	-	NC_072443.2	86207561	86207852	EPS8L2	XM_055260033.2	-	2	2	134	105	7	8	5	5	5	middle	middle	1.000	1.000	constitutive	constitutive	142	70	5
NC_072443.2	86322873	86324058	1	1	+	NC_072443.2	86323381	86324035	CDHR5	XM_055260029.2	+	1	2	507	23	10	12	6	6	3	middle	middle	1.000	0.500	constitutive	alternative	200	102	3
NC_072443.2	86322873	86324058	1	1	+	NC_072443.2	86323381	86324017	CDHR5	XM_055260031.2	+	1	2	507	41	10	12	6	6	3	middle	middle	1.000	0.500	constitutive	alternative	200	84	3
NC_072443.2	86510610	86511087	1	1	+	NC_072443.2	86510815	86511063	ANO9	XM_055260032.2	+	1	2	204	24	10	11	5	5	5	middle	middle	1.000	1.000	constitutive	constitutive	60	82	5
NC_072443.2	86511344	86512091	3	1	+	NC_072443.2	86511483	86511954	ANO9	XM_055260032.2	+	3	2	138	137	12	14	5	5	5	middle	middle	1.000	1.000	constitutive	constitutive	104	36	5
NC_072443.2	86533578	86534220	-3	1	-	NC_072443.2	86533580	86534082	PKP3	XM_055259538.2	-	3	2	138	1	11	12	1	1	1	middle	middle	1.000	1.000	constitutive	constitutive	153	192	1
NC_072443.2	86535643	86537239	-2	1	-	NC_072443.2	86535719	86536446	PKP3	XM_055259538.2	-	2	2	793	75	7	9	1	1	1	middle	middle	1.000	1.000	constitutive	constitutive	174	170	1
NC_072443.2	86558184	86558937	-3	1	-	NC_072443.2	86558235	86558744	B4GALNT4	XM_055259801.2	-	3	2	193	50	10	12	2	2	2	middle	middle	1.000	1.000	constitutive	constitutive	109	100	2
NC_072443.2	86560665	86561004	-3	1	-	NC_072443.2	86560667	86560985	B4GALNT4	XM_055259801.2	-	3	2	19	1	5	6	2	2	2	middle	middle	1.000	1.000	constitutive	constitutive	100	67	2
NC_072443.2	86648167	86649157	-2	1	-	NC_072443.2	86648604	86648953	PGGHG	XM_055259720.2	-	2	2	204	436	6	7	3	3	3	middle	middle	1.000	1.000	constitutive	constitutive	111	72	3
NC_072444.2	10388906	10389368	3	1	+	NC_072444.2	10388937	10389367	MAP3K6	XM_055261271.2	+	3	2	30	1	20	21	3	3	3	middle	middle	1.000	1.000	constitutive	constitutive	192	138	3
NC_072444.2	10397726	10398281	-2	1	-	NC_072444.2	10397868	10398235	SYTL1	XM_055261305.2	-	2	2	46	141	6	7	3	3	3	middle	middle	1.000	1.000	constitutive	constitutive	100	113	3
NC_072444.2	11398631	11399288	3	1	+	NC_072444.2	11398947	11399288	CRYBG2	XM_055261541.2	+	3	2	315	0	18	19	2	2	2	middle	last	1.000	1.000	constitutive	constitutive	159	85	2
NC_072444.2	11440563	11440935	-1	1	-	NC_072444.2	11440564	11440911	SH3BGRL3	XM_055261099.1	-	1	2	24	0	6	7	1	1	1	middle	last	1.000	1.000	constitutive	constitutive	167	62	1
NC_072444.2	11441539	11442103	-3	1	-	NC_072444.2	11441662	11441913	SH3BGRL3	XM_055261099.1	-	3	2	190	122	2	4	1	1	1	middle	middle	1.000	1.000	constitutive	constitutive	41	129	1
NC_072444.2	11512046	11512733	-2	1	-	NC_072444.2	11512164	11512675	CNKSR1	XM_055261792.2	-	2	2	58	117	18	20	2	2	2	middle	middle	1.000	1.000	constitutive	constitutive	61	181	2
NC_072444.2	11894495	11895047	-2	1	-	NC_072444.2	11894745	11895043	SELENON	XM_055262726.2	-	2	2	4	249	11	12	3	3	3	middle	middle	1.000	1.000	constitutive	constitutive	112	101	3
NC_072444.2	13787281	13787734	2	1	+	NC_072444.2	13787300	13787545	GALE	XM_055262598.2	+	2	2	18	189	6	7	13	13	13	middle	middle	1.000	1.000	constitutive	constitutive	66	85	13
NC_072444.2	14115258	14115708	1	1	+	NC_072444.2	14115281	14115612	ASAP3	XM_055261833.2	+	1	2	22	96	20	21	5	5	2	middle	middle	1.000	0.400	constitutive	alternative	67	170	2
NC_072444.2	14115258	14115708	1	1	+	NC_072444.2	14115281	14115549	ASAP3	XM_055261834.2	+	1	2	22	159	20	21	5	5	3	middle	middle	1.000	0.600	constitutive	alternative	67	107	3
NC_072444.2	14961746	14962274	-2	1	-	NC_072444.2	14961772	14962199	EPHA8	XM_055262130.2	-	2	2	75	25	14	15	1	1	1	middle	middle	1.000	1.000	constitutive	constitutive	149	190	1
NC_072444.2	15686041	15686962	2	1	+	NC_072444.2	15686115	15686950	HSPG2	XM_055261532.2	+	2	2	73	12	47	49	2	2	2	middle	middle	1.000	1.000	constitutive	constitutive	142	154	2
NC_072444.2	15693116	15693722	3	1	+	NC_072444.2	15693228	15693632	HSPG2	XM_055261532.2	+	3	2	111	90	60	61	2	2	2	middle	middle	1.000	1.000	constitutive	constitutive	135	151	2
NC_072444.2	15710368	15710974	2	1	+	NC_072444.2	15710486	15710833	HSPG2	XM_055261532.2	+	2	2	117	141	83	84	2	2	2	middle	middle	1.000	1.000	constitutive	constitutive	99	109	2
NC_072444.2	15713451	15714132	1	1	+	NC_072444.2	15713629	15714025	HSPG2	XM_055261532.2	+	1	2	177	107	89	90	2	2	2	middle	middle	1.000	1.000	constitutive	constitutive	171	122	2
NC_072444.2	15716494	15717211	2	1	+	NC_072444.2	15716716	15717210	HSPG2	XM_055261532.2	+	2	2	221	1	93	95	2	2	2	middle	middle	1.000	1.000	constitutive	constitutive	78	83	2
NC_072444.2	16799414	16799867	3	1	+	NC_072444.2	16799527	16799866	DDOST	XM_055261060.2	+	3	2	112	1	4	5	1	1	1	middle	middle	1.000	1.000	constitutive	constitutive	103	94	1
NC_072444.2	16802314	16802704	2	1	+	NC_072444.2	16802333	16802683	DDOST	XM_055261060.2	+	2	2	18	21	9	10	1	1	1	middle	middle	1.000	1.000	constitutive	constitutive	120	106	1
NC_072444.2	18033750	18034224	1	1	+	NC_072444.2	18033817	18034223	AKR7A2	XM_055262315.2	+	1	2	66	1	4	5	2	2	2	middle	middle	1.000	1.000	constitutive	constitutive	96	99	2
NC_072444.2	18077965	18078562	2	1	+	NC_072444.2	18078009	18078493	LOC129472544	XM_055262288.2	+	2	2	43	69	4	5	6	6	6	middle	middle	1.000	1.000	constitutive	constitutive	187	104	6
NC_072444.2	18581469	18581934	-1	1	-	NC_072444.2	18581518	18581904	UBR4	XM_055262262.2	-	1	2	30	48	4	5	4	4	4	middle	middle	1.000	1.000	constitutive	constitutive	129	139	4
NC_072444.2	20561412	20561871	-1	1	-	NC_072444.2	20561509	20561750	ATP13A2	XM_055262217.2	-	1	2	121	96	13	14	4	4	4	middle	middle	1.000	1.000	constitutive	constitutive	110	46	4
NC_072444.2	20565449	20565836	-2	1	-	NC_072444.2	20565524	20565812	ATP13A2	XM_055262217.2	-	2	2	24	74	9	10	4	4	4	middle	middle	1.000	1.000	constitutive	constitutive	134	66	4
NC_072444.2	21429826	21430726	2	1	+	NC_072444.2	21429920	21430459	ZBTB17	XM_055262499.2	+	2	2	93	267	6	7	10	10	10	middle	middle	1.000	1.000	constitutive	constitutive	142	300	10
NC_072444.2	21546112	21546697	-3	1	-	NC_072444.2	21546116	21546599	LOC129472121	XM_055261549.1	-	3	2	98	3	2	3	1	1	1	middle	middle	1.000	1.000	constitutive	constitutive	114	317	1
NC_072444.2	27858210	27859272	1	1	+	NC_072444.2	27858419	27859056	SLC2A5	XM_055262483.1	+	1	2	208	216	6	8	4	4	4	middle	middle	1.000	1.000	constitutive	constitutive	125	110	4
NC_072444.2	28518675	28520538	1	1	+	NC_072444.2	28518676	28520403	RERE	XM_055262461.2	+	1	2	0	135	17	18	20	20	20	middle	middle	1.000	1.000	constitutive	constitutive	1378	222	20
NC_072444.2	30302957	30303527	-2	1	-	NC_072444.2	30303041	30303423	ZBTB48	XM_055261232.2	-	2	2	104	83	7	8	4	4	4	middle	middle	1.000	1.000	constitutive	constitutive	136	164	4
NC_072444.2	30303774	30304449	-1	1	-	NC_072444.2	30303854	30304284	ZBTB48	XM_055261232.2	-	1	2	165	79	5	6	4	4	4	middle	middle	1.000	1.000	constitutive	constitutive	86	154	4
NC_072444.2	30426508	30427159	2	1	+	NC_072444.2	30426719	30427039	PLEKHG5	XM_055262154.1	+	2	2	210	120	11	12	5	5	5	middle	middle	1.000	1.000	constitutive	constitutive	50	149	5
NC_072444.2	30446398	30446992	-3	1	-	NC_072444.2	30446441	30446934	ESPN	XM_055262146.2	-	3	2	58	42	10	11	8	8	8	middle	middle	1.000	1.000	constitutive	constitutive	145	263	8
NC_072444.2	30782551	30783574	2	1	+	NC_072444.2	30782649	30783116	CHD5	XM_055262358.2	+	2	2	97	458	32	33	2	2	2	middle	middle	1.000	1.000	constitutive	constitutive	79	132	2
NC_072444.2	33148062	33148977	-1	1	-	NC_072444.2	33148096	33148827	CCDC27	XM_063632011.1	-	1	2	150	33	7	8	2	2	2	middle	middle	1.000	1.000	constitutive	constitutive	369	130	2
NC_072444.2	33402544	33403138	2	1	+	NC_072444.2	33402642	33402986	LOC129472208	XM_055261605.2	+	2	2	97	152	13	14	12	12	12	middle	middle	1.000	1.000	constitutive	constitutive	134	134	12
NC_072444.2	33432827	33433598	-2	1	-	NC_072444.2	33432909	33433412	ARHGEF16	XM_055261488.2	-	2	2	186	81	8	9	4	4	4	middle	middle	1.000	1.000	constitutive	constitutive	74	92	4
NC_072444.2	34271129	34271750	-2	1	-	NC_072444.2	34271258	34271563	PLCH2	XM_055262575.2	-	2	2	187	128	17	18	2	2	2	middle	middle	1.000	1.000	constitutive	constitutive	124	84	2
NC_072444.2	34469058	34469961	-1	1	-	NC_072444.2	34469122	34469875	SKI	XM_055261030.2	-	1	2	86	63	4	5	2	1	2	middle	middle	0.500	1.000	unique	constitutive	268	292	1
NC_072444.2	34469058	34469961	-1	1	-	NC_072444.2	34469122	34469875	SKI	XM_055261031.2	-	1	2	86	63	4	5	2	1	2	middle	middle	0.500	1.000	unique	constitutive	262	292	1
NC_072444.2	34740282	34741032	-1	1	-	NC_072444.2	34740283	34741010	GABRD	XM_055261767.2	-	1	2	22	0	8	9	2	2	2	middle	last	1.000	1.000	constitutive	constitutive	211	296	2
NC_072444.2	34849970	34850273	3	1	+	NC_072444.2	34850070	34850272	TMEM52	XM_055261682.1	+	3	2	99	1	1	2	4	2	2	first	middle	0.500	0.500	alternative	alternative	65	43	2
NC_072444.2	34849970	34850273	3	1	+	NC_072444.2	34850070	34850272	TMEM52	XM_055261684.2	+	3	2	99	1	1	2	4	1	1	first	middle	0.250	0.250	unique	unique	58	62	1
NC_072444.2	34850640	34851423	1	1	+	NC_072444.2	34850877	34851423	TMEM52	XM_055261682.1	+	1	2	236	0	4	5	4	3	4	middle	last	0.750	1.000	alternative	constitutive	178	277	3
NC_072444.2	34850640	34851423	1	1	+	NC_072444.2	34850821	34851423	TMEM52	XM_063632088.1	+	1	2	180	0	2	3	4	1	4	middle	last	0.250	1.000	unique	constitutive	234	277	1
NC_072444.2	35096262	35096742	-1	1	-	NC_072444.2	35096261	35096600	MMP23B	XM_055261828.2	-	1	2	142	-2	6	7	1	1	1	middle	middle	1.000	1.000	constitutive	constitutive	110	125	1
NC_072444.2	35097071	35098487	-2	1	-	NC_072444.2	35097239	35098376	MMP23B	XM_055261828.2	-	2	3	111	167	1	4	1	1	1	first	middle	1.000	1.000	constitutive	constitutive	155	167	1
NC_072444.2	35188489	35189203	2	1	+	NC_072444.2	35188768	35189203	TMEM240	XM_055262654.2	+	2	2	278	0	3	4	1	1	1	middle	last	1.000	1.000	constitutive	constitutive	208	145	1
NC_072444.2	35360617	35361994	2	1	+	NC_072444.2	35360964	35361620	MXRA8	XM_055261775.2	+	2	2	346	374	4	5	6	6	6	middle	middle	1.000	1.000	constitutive	constitutive	101	470	6
NC_072444.2	35374743	35375268	1	1	+	NC_072444.2	35374822	35375100	DVL1	XM_055261246.2	+	1	2	78	168	7	8	4	4	2	middle	middle	1.000	0.500	constitutive	alternative	69	139	2
NC_072444.2	35374743	35375268	1	1	+	NC_072444.2	35374822	35375094	DVL1	XM_055261247.2	+	1	2	78	174	7	8	4	4	2	middle	middle	1.000	0.500	constitutive	alternative	69	133	2
NC_072444.2	35380630	35381962	-3	1	-	NC_072444.2	35380631	35381836	TAS1R3	XM_055261243.2	-	3	2	126	0	5	6	3	1	3	middle	last	0.333	1.000	unique	constitutive	120	955	1
NC_072444.2	35380630	35381962	-3	1	-	NC_072444.2	35380631	35381833	TAS1R3	XM_063631191.1	-	3	2	129	0	5	6	3	1	3	middle	last	0.333	1.000	unique	constitutive	117	955	1
NC_072444.2	35380630	35381962	-3	1	-	NC_072444.2	35380631	35381821	TAS1R3	XM_063631192.1	-	3	2	141	0	5	6	3	1	3	middle	last	0.333	1.000	unique	constitutive	105	955	1
NC_072444.2	35403439	35403895	2	1	+	NC_072444.2	35403458	35403805	INTS11	XM_055260895.2	+	2	2	18	90	15	16	4	4	4	middle	middle	1.000	1.000	constitutive	constitutive	142	129	4
NC_072444.2	35424893	35425355	-2	1	-	NC_072444.2	35424978	35425305	SCNN1D	XM_055260894.2	-	2	2	50	84	6	7	1	1	1	middle	middle	1.000	1.000	constitutive	constitutive	88	163	1
NC_072444.2	35498684	35499326	3	1	+	NC_072444.2	35498733	35499180	TNFRSF4	XM_055261590.2	+	3	2	48	146	1	2	5	5	5	first	middle	1.000	1.000	constitutive	constitutive	144	122	5
NC_072444.2	35514814	35515645	-3	1	-	NC_072444.2	35514815	35515567	TTLL10	XM_055261611.2	-	3	2	78	0	14	15	5	4	4	middle	last	0.800	0.800	alternative	alternative	93	406	4
NC_072444.2	35663773	35664436	-3	1	-	NC_072444.2	35663775	35664337	AGRN	XM_055261446.2	-	3	3	99	1	32	34	4	4	4	middle	middle	1.000	1.000	constitutive	constitutive	116	87	4
NC_072444.2	35664491	35665475	-2	1	-	NC_072444.2	35664750	35665354	AGRN	XM_055261446.2	-	2	3	121	258	28	30	4	4	4	middle	middle	1.000	1.000	constitutive	constitutive	96	111	4
NC_072444.2	35667438	35668296	-1	1	-	NC_072444.2	35667600	35668169	AGRN	XM_055261446.2	-	1	2	127	161	20	22	4	4	4	middle	middle	1.000	1.000	constitutive	constitutive	127	119	4
NC_072444.2	35671188	35671764	-1	1	-	NC_072444.2	35671249	35671682	AGRN	XM_055261446.2	-	1	2	82	60	10	11	4	4	4	middle	middle	1.000	1.000	constitutive	constitutive	200	148	4
NC_072444.2	35671767	35672286	-1	1	-	NC_072444.2	35671773	35672267	AGRN	XM_055261446.2	-	1	2	19	5	8	9	4	4	4	middle	middle	1.000	1.000	constitutive	constitutive	218	194	4
NC_072444.2	35718177	35718759	1	1	+	NC_072444.2	35718208	35718759	HES4	XM_055261931.2	+	1	2	30	0	3	4	2	2	2	middle	last	1.000	1.000	constitutive	constitutive	87	370	2
NC_072444.2	35745686	35746832	-2	1	-	NC_072444.2	35746191	35746676	PLEKHN1	XM_055262126.2	-	2	2	156	504	4	5	10	9	4	middle	middle	0.900	0.400	alternative	alternative	80	320	4
NC_072444.2	35745686	35746832	-2	1	-	NC_072444.2	35746191	35746676	PLEKHN1	XM_055262127.2	-	2	3	156	504	4	6	10	9	5	middle	middle	0.900	0.500	alternative	alternative	80	127	5
NC_072444.2	35745686	35746832	-2	1	-	NC_072444.2	35745978	35746808	PLEKHN1	XM_063631205.1	-	2	2	24	291	1	4	10	1	1	first	middle	0.100	0.100	unique	unique	34	142	1
NC_072444.2	35876052	35876838	1	1	+	NC_072444.2	35876108	35876838	LOC129472647	XM_063631226.1	+	1	2	55	0	7	9	1	1	1	middle	last	1.000	1.000	constitutive	constitutive	208	252	1
NC_072444.2	36520450	36521035	2	1	+	NC_072444.2	36520451	36520774	LOC129472648	XM_063631236.1	+	2	2	0	261	3	4	1	1	1	middle	middle	1.000	1.000	constitutive	constitutive	59	80	1
NC_072444.2	36824364	36825291	-1	1	-	NC_072444.2	36824560	36825247	LOC129472137	XM_055261560.1	-	1	2	44	195	2	3	1	1	1	middle	middle	1.000	1.000	constitutive	constitutive	447	98	1
NC_072444.2	40233709	40234447	2	1	+	NC_072444.2	40233809	40234415	IMP4	XM_055260993.1	+	2	2	99	32	1	2	6	6	6	first	middle	1.000	1.000	constitutive	constitutive	356	108	6
NC_072444.2	40248712	40249456	2	1	+	NC_072444.2	40248969	40249228	PTPN18	XM_055260988.2	+	2	2	256	228	3	4	7	7	7	middle	middle	1.000	1.000	constitutive	constitutive	76	95	7
NC_072444.2	40256950	40257616	2	1	+	NC_072444.2	40256990	40257570	PTPN18	XM_055260988.2	+	2	2	39	46	10	12	7	7	7	middle	middle	1.000	1.000	constitutive	constitutive	77	88	7
NC_072444.2	40967932	40968766	-3	1	-	NC_072444.2	40967934	40968406	LIMS2	XM_055261473.2	-	3	2	360	1	3	4	1	1	1	middle	middle	1.000	1.000	constitutive	constitutive	66	120	1
NC_072444.2	44204942	44205614	-2	1	-	NC_072444.2	44205113	44205485	TEX51	XM_055261656.1	-	2	2	129	170	1	2	14	13	14	first	middle	0.929	1.000	alternative	constitutive	198	74	13
NC_072444.2	44204942	44205614	-2	1	-	NC_072444.2	44205113	44205485	TEX51	XM_055261666.1	-	2	2	129	170	1	2	14	1	14	first	middle	0.071	1.000	unique	constitutive	144	74	1
NC_072444.2	47487160	47488024	2	1	+	NC_072444.2	47487459	47487979	LOC129472382	XM_055261928.1	+	2	2	298	45	5	6	3	3	1	middle	middle	1.000	0.333	constitutive	unique	66	318	1
NC_072444.2	47487160	47488024	2	1	+	NC_072444.2	47487459	47487979	LOC129472382	XM_055261929.1	+	2	2	298	45	5	6	3	3	2	middle	middle	1.000	0.667	constitutive	alternative	66	273	2
NC_072444.2	48126694	48127513	2	1	+	NC_072444.2	48126993	48127468	LOC129472256	XM_055261698.1	+	2	2	298	45	5	6	4	2	4	middle	middle	0.500	1.000	alternative	constitutive	102	282	2
NC_072444.2	48126694	48127513	2	1	+	NC_072444.2	48126993	48127468	LOC129472256	XM_055261699.1	+	2	2	298	45	5	6	4	2	4	middle	middle	0.500	1.000	alternative	constitutive	57	282	2
NC_072444.2	74576730	74577606	1	1	+	NC_072444.2	74576881	74577522	SNX8	XM_055262351.2	+	1	2	150	84	9	10	2	2	2	middle	middle	1.000	1.000	constitutive	constitutive	149	149	2
NC_072444.2	75335578	75336181	2	1	+	NC_072444.2	75335804	75336180	INTS1	XM_055262631.2	+	2	2	225	1	5	6	1	1	1	middle	middle	1.000	1.000	constitutive	constitutive	159	105	1
NC_072444.2	75348226	75348769	2	1	+	NC_072444.2	75348251	75348727	INTS1	XM_055262631.2	+	2	2	24	42	20	21	1	1	1	middle	middle	1.000	1.000	constitutive	constitutive	179	149	1
NC_072444.2	75349738	75350497	2	1	+	NC_072444.2	75349877	75350248	INTS1	XM_055262631.2	+	2	2	138	249	22	23	1	1	1	middle	middle	1.000	1.000	constitutive	constitutive	179	104	1
NC_072444.2	75364312	75365062	2	1	+	NC_072444.2	75364687	75365062	INTS1	XM_055262631.2	+	2	2	374	0	46	47	1	1	1	middle	last	1.000	1.000	constitutive	constitutive	109	112	1
NC_072444.2	75824288	75825188	-2	1	-	NC_072444.2	75824619	75824992	CYP2W1	XM_055260851.1	-	2	2	196	330	3	4	1	1	1	middle	middle	1.000	1.000	constitutive	constitutive	149	157	1
NC_072444.2	9547342	9547663	-3	1	-	NC_072444.2	9547344	9547612	ATP5IF1	XM_055261398.2	-	3	2	51	1	1	2	2	2	2	first	middle	1.000	1.000	constitutive	constitutive	86	91	2
NC_072444.2	9816198	9816711	-1	1	-	NC_072444.2	9816313	9816711	SMPDL3B	XM_055261342.2	-	1	2	0	114	6	7	4	4	4	middle	middle	1.000	1.000	constitutive	constitutive	180	133	4
NC_072445.2	15165736	15166420	2	1	+	NC_072445.2	15165857	15166406	NCR2	XM_055263710.2	+	2	2	120	14	1	2	3	3	3	first	middle	1.000	1.000	constitutive	constitutive	51	341	3
NC_072445.2	15417247	15417868	2	1	+	NC_072445.2	15417413	15417812	FOXP4	XM_055263342.2	+	2	2	165	56	9	10	12	12	8	middle	middle	1.000	0.667	constitutive	alternative	83	207	8
NC_072445.2	15417247	15417868	2	1	+	NC_072445.2	15417413	15417812	FOXP4	XM_055263345.2	+	2	2	165	56	9	10	12	12	4	middle	middle	1.000	0.333	constitutive	alternative	83	171	4
NC_072445.2	16743815	16744052	3	1	+	NC_072445.2	16743878	16744019	CNPY3	XM_055263282.2	+	3	2	62	33	3	4	1	1	1	middle	middle	1.000	1.000	constitutive	constitutive	61	16	1
NC_072445.2	17021560	17022415	2	1	+	NC_072445.2	17021739	17022414	CUL9	XM_055263112.2	+	2	3	178	1	21	23	10	10	10	middle	middle	1.000	1.000	constitutive	constitutive	109	160	10
NC_072445.2	17073254	17074331	3	1	+	NC_072445.2	17073494	17074162	TTBK1	XM_055263134.2	+	3	2	239	169	10	11	5	5	5	middle	middle	1.000	1.000	constitutive	constitutive	231	175	5
NC_072445.2	17446673	17447276	-3	1	-	NC_072445.2	17446725	17447226	GTPBP2	XM_055263997.2	-	3	2	50	51	4	5	4	4	4	middle	middle	1.000	1.000	constitutive	constitutive	108	197	4
NC_072445.2	17495432	17495849	-3	1	-	NC_072445.2	17495434	17495849	MRPS18A	XM_055264016.2	-	3	2	0	1	4	5	3	3	3	middle	middle	1.000	1.000	constitutive	constitutive	123	69	3
NC_072445.2	17981790	17982357	1	1	+	NC_072445.2	17981842	17982357	TMEM63B	XM_055263235.2	+	1	2	51	0	22	23	7	7	7	middle	last	1.000	1.000	constitutive	constitutive	80	188	7
NC_072445.2	18009742	18010390	2	1	+	NC_072445.2	18009983	18010277	CAPN11	XM_055264052.2	+	2	2	240	113	20	21	1	1	1	middle	middle	1.000	1.000	constitutive	constitutive	78	116	1
NC_072445.2	18086689	18087469	-1	1	-	NC_072445.2	18086894	18087390	NFKBIE	XM_055263071.2	-	1	2	79	204	5	6	1	1	1	middle	middle	1.000	1.000	constitutive	constitutive	88	239	1
NC_072445.2	18129517	18130213	-1	1	-	NC_072445.2	18129551	18130174	AARS2	XM_055263056.2	-	1	2	39	33	15	17	1	1	1	middle	middle	1.000	1.000	constitutive	constitutive	137	108	1
NC_072445.2	29850260	29850578	-3	1	-	NC_072445.2	29850262	29850578	DST	XM_055263427.2	-	3	2	0	1	14	15	27	25	25	middle	middle	0.926	0.926	alternative	alternative	95	127	25
NC_072445.2	35898824	35899307	-3	1	-	NC_072445.2	35898849	35899235	ARMC12	XM_055264477.2	-	3	2	72	24	4	5	3	3	3	middle	middle	1.000	1.000	constitutive	constitutive	173	71	3
NC_072445.2	36186598	36187066	2	1	+	NC_072445.2	36186626	36187066	TEAD3	XM_055264474.2	+	2	2	27	0	12	13	1	1	1	middle	last	1.000	1.000	constitutive	constitutive	152	110	1
NC_072445.2	36369179	36369872	-3	1	-	NC_072445.2	36369252	36369742	ZNF76	XM_055264401.2	-	3	2	130	72	9	10	9	9	9	middle	middle	1.000	1.000	constitutive	constitutive	233	163	9
NC_072445.2	36415381	36415948	-1	1	-	NC_072445.2	36415498	36415866	SCUBE3	XM_055264398.2	-	1	2	82	116	11	12	5	5	5	middle	middle	1.000	1.000	constitutive	constitutive	116	104	5
NC_072445.2	36684426	36684801	-2	1	-	NC_072445.2	36684450	36684761	ANKS1A	XM_055263818.2	-	2	2	40	23	6	7	6	6	6	middle	middle	1.000	1.000	constitutive	constitutive	101	101	6
NC_072445.2	37916286	37916703	1	1	+	NC_072445.2	37916417	37916702	LEMD2	XM_055264703.2	+	1	2	130	1	7	8	3	3	3	middle	middle	1.000	1.000	constitutive	constitutive	101	102	3
NC_072445.2	38008164	38008923	-2	1	-	NC_072445.2	38008252	38008862	ITPR3	XM_055264699.2	-	2	2	61	87	41	42	4	4	4	middle	middle	1.000	1.000	constitutive	constitutive	184	200	4
NC_072445.2	38009412	38010249	-2	1	-	NC_072445.2	38009799	38010130	ITPR3	XM_055264699.2	-	2	2	119	386	37	38	4	4	4	middle	middle	1.000	1.000	constitutive	constitutive	108	90	4
NC_072445.2	38440112	38440436	-3	1	-	NC_072445.2	38440114	38440390	PFDN6	XM_055264572.2	-	3	2	46	1	2	3	4	4	4	middle	middle	1.000	1.000	constitutive	constitutive	70	124	4
NC_072445.2	38537199	38537733	1	1	+	NC_072445.2	38537211	38537732	RXRB	XM_055263100.2	+	1	2	11	1	8	9	4	2	4	middle	middle	0.500	1.000	alternative	constitutive	103	105	2
NC_072445.2	38537199	38537733	1	1	+	NC_072445.2	38537223	38537732	RXRB	XM_055263101.2	+	1	2	23	1	8	9	4	2	4	middle	middle	0.500	1.000	alternative	constitutive	91	105	2
NC_072445.2	38553219	38553726	1	1	+	NC_072445.2	38553466	38553672	COL11A2	XM_055263599.2	+	1	2	246	54	16	17	5	5	5	middle	middle	1.000	1.000	constitutive	constitutive	53	53	5
NC_072445.2	38567637	38568126	1	1	+	NC_072445.2	38567653	38568088	COL11A2	XM_055263599.2	+	1	2	15	38	62	63	5	5	5	middle	middle	1.000	1.000	constitutive	constitutive	53	267	5
NC_072445.2	39532558	39533128	2	1	+	NC_072445.2	39532587	39533099	NOTCH4	XM_055264725.2	+	2	2	28	29	6	7	2	2	2	middle	middle	1.000	1.000	constitutive	constitutive	236	155	2
NC_072445.2	39572667	39572982	-2	1	-	NC_072445.2	39572668	39572982	RNF5	XM_055264756.2	-	2	2	0	0	5	6	1	1	1	middle	last	1.000	1.000	constitutive	constitutive	117	94	1
NC_072445.2	39573226	39573640	-1	1	-	NC_072445.2	39573228	39573452	RNF5	XM_055264756.2	-	1	2	188	1	2	3	1	1	1	middle	middle	1.000	1.000	constitutive	constitutive	18	112	1
NC_072445.2	39585470	39585869	-3	1	-	NC_072445.2	39585522	39585865	EGFL8	XM_055264748.2	-	3	2	4	51	5	6	3	3	3	middle	middle	1.000	1.000	constitutive	constitutive	170	79	3
NC_072445.2	39597407	39597743	-3	1	-	NC_072445.2	39597422	39597712	PPT2	XM_055264742.2	-	3	2	31	14	4	5	2	2	2	middle	middle	1.000	1.000	constitutive	constitutive	95	107	2
NC_072445.2	39687285	39688347	1	1	+	NC_072445.2	39687539	39688285	TNXB	XM_063633195.1	+	1	2	253	62	15	16	1	1	1	middle	middle	1.000	1.000	constitutive	constitutive	314	317	1
NC_072445.2	39711475	39711988	2	1	+	NC_072445.2	39711528	39711908	TNXB	XM_063633195.1	+	2	2	52	80	33	34	1	1	1	middle	middle	1.000	1.000	constitutive	constitutive	122	143	1
NC_072445.2	39712139	39712721	3	1	+	NC_072445.2	39712339	39712706	TNXB	XM_063633195.1	+	3	2	199	15	36	37	1	1	1	middle	middle	1.000	1.000	constitutive	constitutive	143	130	1
NC_072445.2	39721162	39721975	-1	1	-	NC_072445.2	39721297	39721569	LOC129473280	XM_055263622.2	-	1	2	406	134	37	38	2	2	2	middle	middle	1.000	1.000	constitutive	constitutive	89	98	2
NC_072445.2	39726259	39726661	-1	1	-	NC_072445.2	39726268	39726661	LOC129473280	XM_055263622.2	-	1	2	0	8	27	28	2	2	2	middle	middle	1.000	1.000	constitutive	constitutive	116	171	2
NC_072445.2	39730704	39731292	-2	1	-	NC_072445.2	39730780	39731280	LOC129473280	XM_055263622.2	-	2	2	12	75	12	13	2	2	2	middle	middle	1.000	1.000	constitutive	constitutive	182	185	2
NC_072445.2	39763586	39764012	-3	1	-	NC_072445.2	39763701	39763964	CFB	XM_055264825.2	-	3	2	48	114	15	16	4	4	4	middle	middle	1.000	1.000	constitutive	constitutive	132	49	4
NC_072445.2	39770227	39770809	-1	1	-	NC_072445.2	39770288	39770590	C2	XM_055264829.2	-	1	2	219	60	16	17	2	2	2	middle	middle	1.000	1.000	constitutive	constitutive	126	49	2
NC_072445.2	39831598	39832222	2	1	+	NC_072445.2	39831793	39832221	EHMT2	XM_055264812.2	+	2	2	194	1	25	26	13	13	13	middle	middle	1.000	1.000	constitutive	constitutive	78	175	13
NC_072445.2	39848012	39848543	3	1	+	NC_072445.2	39848114	39848378	SLC44A4	XM_055263192.2	+	3	2	101	165	18	19	2	2	2	middle	middle	1.000	1.000	constitutive	constitutive	70	94	2
NC_072445.2	39938897	39939407	3	1	+	NC_072445.2	39938968	39939248	VARS1	XM_055264412.2	+	3	2	70	159	19	20	3	3	3	middle	middle	1.000	1.000	constitutive	constitutive	70	125	3
NC_072445.2	39941087	39941846	3	1	+	NC_072445.2	39941193	39941762	VARS1	XM_055264412.2	+	3	2	105	84	27	28	3	3	2	middle	middle	1.000	0.667	constitutive	alternative	111	325	2
NC_072445.2	39941087	39941846	3	1	+	NC_072445.2	39941193	39941846	VARS1	XM_063633198.1	+	3	2	105	0	27	28	3	3	1	middle	last	1.000	0.333	constitutive	unique	111	409	1
NC_072445.2	40006391	40007066	3	1	+	NC_072445.2	40006621	40007066	LOC129473242	XM_055263558.2	+	3	2	229	0	2	3	1	1	1	middle	last	1.000	1.000	constitutive	constitutive	125	217	1
NC_072445.2	40032577	40032829	2	1	+	NC_072445.2	40032582	40032823	ABHD16A	XM_055263604.2	+	2	2	4	6	18	19	4	4	4	middle	middle	1.000	1.000	constitutive	constitutive	98	46	4
NC_072445.2	40167797	40168805	-3	1	-	NC_072445.2	40167798	40168777	NFKBIL1	XM_055262960.2	-	3	2	28	0	3	4	3	2	3	middle	last	0.667	1.000	alternative	constitutive	221	586	2
NC_072445.2	40167797	40168805	-3	1	-	NC_072445.2	40167798	40168777	NFKBIL1	XM_055262961.2	-	3	2	28	0	3	4	3	1	3	middle	last	0.333	1.000	unique	constitutive	176	586	1
NC_072445.2	40327001	40327544	3	1	+	NC_072445.2	40327071	40327539	LOC129473036	XM_055263218.2	+	3	2	69	5	1	2	1	1	1	first	middle	1.000	1.000	constitutive	constitutive	72	269	1
NC_072445.2	40328634	40329324	1	1	+	NC_072445.2	40328636	40329121	LOC129473036	XM_055263218.2	+	1	2	1	203	4	5	1	1	1	middle	middle	1.000	1.000	constitutive	constitutive	275	116	1
NC_072445.2	40471376	40471727	3	1	+	NC_072445.2	40471377	40471726	CCHCR1	XM_055262853.2	+	3	2	0	1	1	2	50	50	32	first	middle	1.000	0.640	constitutive	alternative	57	213	32
NC_072445.2	40471376	40471727	3	1	+	NC_072445.2	40471377	40471726	CCHCR1	XM_055262857.2	+	3	2	0	1	1	2	50	50	18	first	middle	1.000	0.360	constitutive	alternative	57	105	18
NC_072445.2	40573310	40573988	-3	1	-	NC_072445.2	40573311	40573987	LOC129473630	XM_055264308.2	-	3	2	1	0	3	4	1	1	1	middle	last	1.000	1.000	constitutive	constitutive	482	94	1
NC_072445.2	40640585	40643204	-3	1	-	NC_072445.2	40640595	40643119	MUC21	XM_063632822.1	-	3	3	85	9	2	4	3	2	1	middle	middle	0.667	0.333	alternative	unique	546	342	1
NC_072445.2	40640585	40643204	-3	1	-	NC_072445.2	40640595	40643119	MUC21	XM_063632823.1	-	3	2	85	9	2	3	3	2	1	middle	middle	0.667	0.333	alternative	unique	546	993	1
NC_072445.2	40640585	40643204	-3	1	-	NC_072445.2	40640595	40643119	MUC21	XM_063632824.1	-	3	2	85	9	2	3	3	1	1	middle	middle	0.333	0.333	unique	unique	321	1128	1
NC_072445.2	40698008	40698311	-3	1	-	NC_072445.2	40698020	40698290	VARS2	XM_055263332.2	-	3	2	21	11	22	23	4	4	4	middle	middle	1.000	1.000	constitutive	constitutive	68	78	4
NC_072445.2	40727156	40727702	-3	1	-	NC_072445.2	40727247	40727602	DDR1	XM_055263538.2	-	3	2	100	90	8	9	13	13	13	middle	middle	1.000	1.000	constitutive	constitutive	95	151	13
NC_072445.2	40731611	40731989	-3	1	-	NC_072445.2	40731637	40731917	DDR1	XM_055263538.2	-	3	2	72	25	1	2	13	11	13	first	middle	0.846	1.000	alternative	constitutive	84	102	11
NC_072445.2	40731611	40731989	-3	1	-	NC_072445.2	40731637	40731959	DDR1	XM_055263544.2	-	3	2	30	25	2	3	13	2	13	middle	middle	0.154	1.000	alternative	constitutive	126	102	2
NC_072445.2	40957266	40957734	1	1	+	NC_072445.2	40957333	40957727	DHX16	XM_055263024.2	+	1	2	66	7	8	9	2	1	1	middle	middle	0.500	0.500	unique	unique	110	115	1
NC_072445.2	40960815	40961361	1	1	+	NC_072445.2	40960858	40961220	DHX16	XM_055263024.2	+	1	2	42	141	11	12	2	2	2	middle	middle	1.000	1.000	constitutive	constitutive	98	152	2
NC_072445.2	41034375	41034768	-2	1	-	NC_072445.2	41034376	41034768	ABCF1	XM_055263416.2	-	2	2	0	0	24	25	7	7	7	middle	last	1.000	1.000	constitutive	constitutive	72	163	7
NC_072445.2	41605836	41606532	-2	1	-	NC_072445.2	41605845	41606375	LOC129473822	XM_063632630.1	-	2	2	157	8	5	6	1	1	1	middle	middle	1.000	1.000	constitutive	constitutive	275	134	1
NC_072445.2	43839068	43839587	-3	1	-	NC_072445.2	43839087	43839526	PRSS16	XM_055264184.1	-	3	2	61	18	10	11	1	1	1	middle	middle	1.000	1.000	constitutive	constitutive	179	145	1
NC_072445.2	44360236	44361478	-1	1	-	NC_072445.2	44360237	44361456	BTN1A1	XM_055264179.2	-	1	2	22	0	5	7	1	1	1	middle	last	1.000	1.000	constitutive	constitutive	20	670	1
NC_072445.2	45075003	45075384	-2	1	-	NC_072445.2	45075005	45075369	SLC17A4	XM_055264254.2	-	2	2	15	1	8	9	1	1	1	middle	middle	1.000	1.000	constitutive	constitutive	132	147	1
NC_072445.2	63030168	63030525	-2	1	-	NC_072445.2	63030169	63030519	BMP6	XM_055264080.2	-	2	2	6	0	6	7	1	1	1	middle	last	1.000	1.000	constitutive	constitutive	110	146	1
NC_072445.2	70415059	70416013	-1	1	-	NC_072445.2	70415060	70416013	LOC134735736	XM_063632821.1	-	1	2	0	0	6	7	1	1	1	middle	last	1.000	1.000	constitutive	constitutive	432	484	1
NC_072446.2	10222871	10223840	3	1	+	NC_072446.2	10223134	10223771	LAMA5	XM_055265492.2	+	3	2	262	69	4	5	3	3	3	middle	middle	1.000	1.000	constitutive	constitutive	118	170	3
NC_072446.2	10241008	10241470	2	1	+	NC_072446.2	10241112	10241360	LAMA5	XM_055265492.2	+	2	2	103	110	19	20	3	3	3	middle	middle	1.000	1.000	constitutive	constitutive	52	105	3
NC_072446.2	10255215	10255776	1	1	+	NC_072446.2	10255310	10255641	LAMA5	XM_055265492.2	+	1	2	94	135	49	50	3	3	3	middle	middle	1.000	1.000	constitutive	constitutive	151	110	3
NC_072446.2	10259353	10259884	2	1	+	NC_072446.2	10259354	10259790	LAMA5	XM_055265492.2	+	2	2	0	94	54	55	3	3	3	middle	middle	1.000	1.000	constitutive	constitutive	116	154	3
NC_072446.2	10259950	10261072	2	1	+	NC_072446.2	10260250	10260602	LAMA5	XM_055265492.2	+	2	2	299	470	56	57	3	3	3	middle	middle	1.000	1.000	constitutive	constitutive	141	102	3
NC_072446.2	10261968	10262589	1	1	+	NC_072446.2	10261991	10262400	LAMA5	XM_055265492.2	+	1	2	22	189	59	60	3	3	3	middle	middle	1.000	1.000	constitutive	constitutive	179	148	3
NC_072446.2	10265320	10265827	2	1	+	NC_072446.2	10265452	10265826	LAMA5	XM_055265492.2	+	2	2	131	1	72	73	3	1	3	middle	middle	0.333	1.000	unique	constitutive	135	145	1
NC_072446.2	10265320	10265827	2	1	+	NC_072446.2	10265452	10265826	LAMA5	XM_063633438.1	+	2	2	131	1	72	73	3	2	3	middle	middle	0.667	1.000	alternative	constitutive	150	145	2
NC_072446.2	10266406	10267273	2	1	+	NC_072446.2	10266407	10267001	LAMA5	XM_055265492.2	+	2	3	0	272	76	78	3	3	3	middle	middle	1.000	1.000	constitutive	constitutive	153	93	3
NC_072446.2	14962889	14963627	-3	1	-	NC_072446.2	14962920	14963440	PCK1	XM_055265768.2	-	3	2	187	30	3	4	1	1	1	middle	middle	1.000	1.000	constitutive	constitutive	203	187	1
NC_072446.2	15879475	15881479	-1	1	-	NC_072446.2	15879481	15880132	TFAP2C	XM_055265772.2	-	1	2	1347	5	2	3	2	2	2	middle	middle	1.000	1.000	constitutive	constitutive	485	51	2
NC_072446.2	21940449	21940827	1	1	+	NC_072446.2	21940477	21940826	RIPOR3	XM_055266785.2	+	1	2	27	1	10	11	1	1	1	middle	middle	1.000	1.000	constitutive	constitutive	125	145	1
NC_072446.2	26357541	26358183	1	1	+	NC_072446.2	26357576	26357935	CDH22	XM_055266030.2	+	1	2	34	248	8	9	3	2	2	middle	middle	0.667	0.667	alternative	alternative	121	117	2
NC_072446.2	26487712	26488270	-1	1	-	NC_072446.2	26487713	26488145	SLC12A5	XM_055266331.2	-	1	2	125	0	25	26	4	4	4	middle	last	1.000	1.000	constitutive	constitutive	133	88	4
NC_072446.2	28796484	28796952	1	1	+	NC_072446.2	28796509	28796952	GTSF1L	XM_055266430.2	+	1	2	24	0	1	2	1	1	1	first	last	1.000	1.000	constitutive	constitutive	278	89	1
NC_072446.2	31377703	31378249	-1	1	-	NC_072446.2	31377770	31378227	PLCG1	XM_055265855.2	-	1	2	22	66	26	27	6	6	6	middle	middle	1.000	1.000	constitutive	constitutive	224	148	6
NC_072446.2	31381089	31381659	-2	1	-	NC_072446.2	31381131	31381576	PLCG1	XM_055265855.2	-	2	2	83	41	22	23	6	6	6	middle	middle	1.000	1.000	constitutive	constitutive	96	69	6
NC_072446.2	31386624	31387386	-2	1	-	NC_072446.2	31386675	31387299	PLCG1	XM_055265855.2	-	2	2	87	50	9	11	6	6	6	middle	middle	1.000	1.000	constitutive	constitutive	101	85	6
NC_072446.2	36989003	36989537	3	1	+	NC_072446.2	36989147	36989456	LOC129474845	XM_063633598.1	+	3	2	143	81	6	7	7	7	7	middle	middle	1.000	1.000	constitutive	constitutive	60	131	7
NC_072446.2	36989690	36989963	3	1	+	NC_072446.2	36989715	36989943	LOC129474845	XM_063633598.1	+	3	2	24	20	8	9	7	7	7	middle	middle	1.000	1.000	constitutive	constitutive	62	84	7
NC_072446.2	37050533	37051091	-3	1	-	NC_072446.2	37050602	37051031	ERGIC3	XM_055266668.1	-	3	2	60	68	3	4	7	7	7	middle	middle	1.000	1.000	constitutive	constitutive	87	119	7
NC_072446.2	37588586	37589039	-3	1	-	NC_072446.2	37588716	37588997	MYH7B	XM_063633605.1	-	3	2	42	129	41	42	3	3	3	middle	middle	1.000	1.000	constitutive	constitutive	104	95	3
NC_072446.2	37593465	37593945	-2	1	-	NC_072446.2	37593467	37593879	MYH7B	XM_063633605.1	-	2	2	66	1	28	29	3	3	3	middle	middle	1.000	1.000	constitutive	constitutive	176	145	3
NC_072446.2	37596480	37597134	-2	1	-	NC_072446.2	37596743	37597111	MYH7B	XM_063633605.1	-	2	2	23	262	24	25	3	3	3	middle	middle	1.000	1.000	constitutive	constitutive	123	136	3
NC_072446.2	39419411	39420302	-3	1	-	NC_072446.2	39419413	39420286	BPIFB4	XM_055265536.2	-	3	2	16	1	3	4	1	1	1	middle	middle	1.000	1.000	constitutive	constitutive	62	519	1
NC_072446.2	39645677	39646259	-3	1	-	NC_072446.2	39645948	39646253	EFCAB8	XM_063633685.1	-	3	2	6	270	1	2	1	1	1	first	middle	1.000	1.000	constitutive	constitutive	43	51	1
NC_072446.2	43925893	43926643	-1	1	-	NC_072446.2	43926125	43926592	IDH3B	XM_055264955.2	-	1	2	51	231	1	2	2	2	2	first	middle	1.000	1.000	constitutive	constitutive	239	80	2
NC_072446.2	44014020	44014725	1	1	+	NC_072446.2	44014126	44014696	EBF4	XM_055265812.2	+	1	3	105	29	9	11	1	1	1	middle	middle	1.000	1.000	constitutive	constitutive	117	126	1
NC_072446.2	44016695	44017358	3	1	+	NC_072446.2	44016798	44017257	EBF4	XM_055265812.2	+	3	2	102	101	14	15	1	1	1	middle	middle	1.000	1.000	constitutive	constitutive	177	188	1
NC_072446.2	44063041	44064019	-1	1	-	NC_072446.2	44063043	44063778	CPXM1	XM_055266123.2	-	1	2	241	1	2	4	3	2	3	middle	middle	0.667	1.000	alternative	constitutive	161	139	2
NC_072446.2	44063041	44064019	-1	1	-	NC_072446.2	44063043	44063725	CPXM1	XM_055266125.2	-	1	2	294	1	1	3	3	1	3	first	middle	0.333	1.000	unique	constitutive	108	139	1
NC_072446.2	44339622	44340150	1	1	+	NC_072446.2	44339812	44340150	OXT	XM_055264934.2	+	1	2	189	0	2	3	3	2	2	middle	last	0.667	0.667	alternative	alternative	201	52	2
NC_072446.2	44351280	44351988	-2	1	-	NC_072446.2	44351281	44351823	AVP	XM_055264931.2	-	2	2	165	0	2	3	1	1	1	middle	last	1.000	1.000	constitutive	constitutive	201	169	1
NC_072446.2	44501887	44502472	-1	1	-	NC_072446.2	44501920	44502448	SLC4A11	XM_055264887.2	-	1	3	24	32	9	11	10	10	8	middle	middle	1.000	0.800	constitutive	alternative	93	113	8
NC_072446.2	44501887	44502472	-1	1	-	NC_072446.2	44502121	44502448	SLC4A11	XM_055264889.2	-	1	2	24	233	9	10	10	10	10	middle	middle	1.000	1.000	constitutive	constitutive	93	125	2
NC_072446.2	58079908	58080178	2	1	+	NC_072446.2	58079909	58080177	SNX5	XM_055265204.2	+	2	2	0	1	6	7	5	5	5	middle	middle	1.000	1.000	constitutive	constitutive	105	75	5
NC_072446.2	58408588	58409047	2	1	+	NC_072446.2	58408589	58408846	RRBP1	XM_055266716.2	+	2	2	0	201	13	14	8	8	8	middle	middle	1.000	1.000	constitutive	constitutive	92	83	8
NC_072446.2	66567898	66568294	-1	1	-	NC_072446.2	66567950	66568209	PLCB4	XM_055266694.2	-	1	2	85	51	28	29	17	17	17	middle	middle	1.000	1.000	constitutive	constitutive	49	65	17
NC_072446.2	8490314	8491385	3	1	+	NC_072446.2	8490543	8491385	LKAAEAR1	XM_055266517.2	+	3	2	228	0	2	3	4	3	2	middle	last	0.750	0.500	alternative	alternative	410	314	1
NC_072446.2	8490314	8491385	3	1	+	NC_072446.2	8490552	8491385	LKAAEAR1	XM_055266518.2	+	3	2	237	0	1	2	4	1	2	first	last	0.250	0.500	unique	alternative	401	314	1
NC_072446.2	8490314	8491385	3	1	+	NC_072446.2	8490543	8491385	LKAAEAR1	XM_055266519.2	+	3	3	228	0	2	4	4	3	1	middle	last	0.750	0.250	alternative	unique	410	103	1
NC_072446.2	8490314	8491385	3	1	+	NC_072446.2	8490543	8491193	LKAAEAR1	XM_055266520.2	+	3	2	228	192	2	3	4	3	1	middle	middle	0.750	0.250	alternative	unique	410	122	1
NC_072446.2	8524941	8526531	1	1	+	NC_072446.2	8525176	8526531	SOX18	XM_055266489.2	+	1	2	234	0	1	2	1	1	1	first	last	1.000	1.000	constitutive	constitutive	366	793	1
NC_072446.2	8606748	8607678	1	1	+	NC_072446.2	8606749	8607629	ZNF512B	XM_055265379.2	+	1	2	0	49	3	4	5	5	5	middle	middle	1.000	1.000	constitutive	constitutive	128	658	5
NC_072446.2	8608016	8608538	3	1	+	NC_072446.2	8608054	8608374	ZNF512B	XM_055265379.2	+	3	2	37	164	6	7	5	5	5	middle	middle	1.000	1.000	constitutive	constitutive	71	146	5
NC_072446.2	8609642	8610236	3	1	+	NC_072446.2	8609643	8610152	ZNF512B	XM_055265379.2	+	3	2	0	84	12	13	5	3	5	middle	middle	0.600	1.000	alternative	constitutive	218	101	3
NC_072446.2	8609642	8610236	3	1	+	NC_072446.2	8609667	8610152	ZNF512B	XM_055265381.2	+	3	2	24	84	12	13	5	2	5	middle	middle	0.400	1.000	alternative	constitutive	194	101	2
NC_072446.2	8845637	8846741	-3	1	-	NC_072446.2	8845728	8846467	SLC2A4RG	XM_055265350.2	-	3	2	274	90	4	6	1	1	1	middle	middle	1.000	1.000	constitutive	constitutive	187	276	1
NC_072446.2	8847790	8848459	-1	1	-	NC_072446.2	8847792	8848414	SLC2A4RG	XM_055265350.2	-	1	2	45	1	1	2	1	1	1	first	middle	1.000	1.000	constitutive	constitutive	125	154	1
NC_072446.2	8894309	8895551	-3	1	-	NC_072446.2	8894438	8894915	RTEL1	XM_055266065.2	-	3	2	636	128	28	29	31	28	28	middle	middle	0.903	0.903	alternative	alternative	198	140	28
NC_072446.2	9026666	9027176	3	1	+	NC_072446.2	9026700	9027158	HELZ2	XM_055266061.2	+	3	2	33	18	15	16	3	3	3	middle	middle	1.000	1.000	constitutive	constitutive	134	218	3
NC_072446.2	9027219	9027789	1	1	+	NC_072446.2	9027310	9027709	HELZ2	XM_055266061.2	+	1	2	90	80	17	18	3	2	2	middle	middle	0.667	0.667	alternative	alternative	156	167	2
NC_072446.2	9783845	9784325	-3	1	-	NC_072446.2	9783910	9784175	OGFR	XM_055265423.2	-	3	2	150	64	2	3	4	1	1	middle	middle	0.250	0.250	unique	unique	78	63	1
NC_072447.2	106536036	106536513	1	1	+	NC_072447.2	106536190	106536504	LOC129475949	XM_063635194.1	+	1	2	153	9	8	9	5	5	5	middle	middle	1.000	1.000	constitutive	constitutive	69	88	5
NC_072447.2	106571274	106571751	-3	1	-	NC_072447.2	106571284	106571598	LOC129475952	XM_063635199.1	-	3	2	153	9	8	9	6	6	6	middle	middle	1.000	1.000	constitutive	constitutive	69	88	6
NC_072447.2	106744244	106744673	3	1	+	NC_072447.2	106744350	106744664	LOC129475953	XM_055268456.2	+	3	2	105	9	7	8	1	1	1	middle	middle	1.000	1.000	constitutive	constitutive	69	88	1
NC_072447.2	112503813	112504251	1	1	+	NC_072447.2	112503814	112504242	COL4A5	XM_055267729.2	+	1	3	0	9	11	13	3	2	2	middle	middle	0.667	0.667	alternative	alternative	35	92	2
NC_072447.2	123523932	123525174	1	1	+	NC_072447.2	123523933	123525173	LOC134735980	XM_063634590.1	+	1	2	0	1	2	3	1	1	1	middle	middle	1.000	1.000	constitutive	constitutive	678	330	1
NC_072447.2	123566209	123567124	2	1	+	NC_072447.2	123566211	123567124	LOC134735981	XM_063634591.1	+	2	2	1	0	2	3	1	1	1	middle	last	1.000	1.000	constitutive	constitutive	245	496	1
NC_072447.2	132843554	132844313	3	1	+	NC_072447.2	132843802	132844310	SASH3	XM_055267405.2	+	3	2	247	3	5	6	1	1	1	middle	middle	1.000	1.000	constitutive	constitutive	148	209	1
NC_072447.2	134320689	134321613	-3	1	-	NC_072447.2	134320690	134321613	LOC129475403	XM_055267462.1	-	3	2	0	0	2	4	1	1	1	middle	last	1.000	1.000	constitutive	constitutive	268	601	1
NC_072447.2	138207769	138208072	2	1	+	NC_072447.2	138207779	138208028	LOC129475083	XM_055266960.2	+	2	2	9	44	1	2	1	1	1	first	middle	1.000	1.000	constitutive	constitutive	126	17	1
NC_072447.2	139746627	139747005	-3	1	-	NC_072447.2	139746633	139746960	RBMX	XM_055269142.2	-	3	2	45	5	3	4	4	1	1	middle	middle	0.250	0.250	unique	unique	114	125	1
NC_072447.2	144915545	144920858	-1	1	-	NC_072447.2	144915546	144920629	MAGEC1	XM_055267753.2	-	1	3	229	0	2	4	1	1	1	middle	last	1.000	1.000	constitutive	constitutive	859	1812	1
NC_072447.2	14601907	14603416	-2	1	-	NC_072447.2	14602343	14603244	LOC129476692	XM_055267911.2	-	2	2	172	435	6	7	4	3	3	middle	middle	0.750	0.750	alternative	alternative	158	208	3
NC_072447.2	155849284	155849809	-2	1	-	NC_072447.2	155849399	155849780	HAUS7	XM_055267755.2	-	2	2	29	114	6	7	4	4	4	middle	middle	1.000	1.000	constitutive	constitutive	158	99	4
NC_072447.2	155933746	155934790	2	1	+	NC_072447.2	155933895	155934464	ATP2B3	XM_055267207.2	+	2	2	148	326	2	3	9	9	9	middle	middle	1.000	1.000	constitutive	constitutive	197	257	9
NC_072447.2	155948436	155948907	1	1	+	NC_072447.2	155948437	155948806	ATP2B3	XM_055267207.2	+	1	2	0	101	12	13	9	9	9	middle	middle	1.000	1.000	constitutive	constitutive	179	87	9
NC_072447.2	156064800	156065154	-3	1	-	NC_072447.2	156064802	156065104	PNCK	XM_055267132.2	-	3	2	50	1	7	8	1	1	1	middle	middle	1.000	1.000	constitutive	constitutive	142	78	1
NC_072447.2	156164823	156165495	1	1	+	NC_072447.2	156164901	156165453	PLXNB3	XM_055267383.2	+	1	2	77	42	8	10	6	6	6	middle	middle	1.000	1.000	constitutive	constitutive	114	116	6
NC_072447.2	156167818	156168976	2	1	+	NC_072447.2	156167926	156168975	PLXNB3	XM_055267383.2	+	2	3	107	1	17	20	6	6	5	middle	middle	1.000	0.833	constitutive	alternative	195	151	5
NC_072447.2	156167818	156168976	2	1	+	NC_072447.2	156167926	156168975	PLXNB3	XM_055267384.2	+	2	3	107	1	17	20	6	6	1	middle	middle	1.000	0.167	constitutive	unique	195	145	1
NC_072447.2	156171275	156171821	3	1	+	NC_072447.2	156171298	156171778	PLXNB3	XM_055267383.2	+	3	2	22	43	28	29	6	6	6	middle	middle	1.000	1.000	constitutive	constitutive	172	160	6
NC_072447.2	156171888	156172464	1	1	+	NC_072447.2	156172038	156172415	PLXNB3	XM_055267383.2	+	1	2	149	49	30	31	6	6	6	middle	middle	1.000	1.000	constitutive	constitutive	147	64	6
NC_072447.2	156176701	156177535	2	1	+	NC_072447.2	156177014	156177307	SRPK3	XM_055267391.2	+	2	2	312	228	7	8	3	3	3	middle	middle	1.000	1.000	constitutive	constitutive	165	25	3
NC_072447.2	156258912	156259620	-3	1	-	NC_072447.2	156258921	156259523	L1CAM	XM_055267999.2	-	3	2	97	8	24	25	4	4	4	middle	middle	1.000	1.000	constitutive	constitutive	155	134	4
NC_072447.2	156259851	156260541	-3	1	-	NC_072447.2	156259866	156260255	L1CAM	XM_055267999.2	-	3	2	286	14	21	22	4	4	4	middle	middle	1.000	1.000	constitutive	constitutive	122	173	4
NC_072447.2	156263340	156263853	-3	1	-	NC_072447.2	156263342	156263767	L1CAM	XM_055267999.2	-	3	2	86	1	12	13	4	4	4	middle	middle	1.000	1.000	constitutive	constitutive	166	156	4
NC_072447.2	156265749	156266352	-3	1	-	NC_072447.2	156265827	156266216	L1CAM	XM_055267999.2	-	3	2	136	77	5	6	4	4	4	middle	middle	1.000	1.000	constitutive	constitutive	122	170	4
NC_072447.2	156308674	156309322	-2	1	-	NC_072447.2	156308676	156309023	ARHGAP4	XM_055267802.2	-	2	2	299	1	19	20	7	7	7	middle	middle	1.000	1.000	constitutive	constitutive	73	186	7
NC_072447.2	156309624	156310179	-3	1	-	NC_072447.2	156309639	156310128	ARHGAP4	XM_055267802.2	-	3	3	51	14	14	16	7	7	7	middle	middle	1.000	1.000	constitutive	constitutive	60	134	7
NC_072447.2	156312313	156312853	-2	1	-	NC_072447.2	156312368	156312829	ARHGAP4	XM_055267802.2	-	2	2	24	54	9	10	7	7	7	middle	middle	1.000	1.000	constitutive	constitutive	101	191	7
NC_072447.2	156333216	156333528	-3	1	-	NC_072447.2	156333217	156333504	RENBP	XM_055268044.2	-	3	2	24	0	10	11	1	1	1	middle	last	1.000	1.000	constitutive	constitutive	87	115	1
NC_072447.2	156349440	156350160	-3	1	-	NC_072447.2	156349465	156350039	HCFC1	XM_055267536.2	-	3	2	121	24	20	21	9	4	9	middle	middle	0.444	1.000	alternative	constitutive	320	118	4
NC_072447.2	156349440	156350160	-3	1	-	NC_072447.2	156349465	156350036	HCFC1	XM_055267537.2	-	3	2	124	24	20	21	9	5	9	middle	middle	0.556	1.000	alternative	constitutive	317	118	5
NC_072447.2	156419408	156419987	-1	1	-	NC_072447.2	156419459	156419872	IRAK1	XM_055268027.2	-	1	2	115	50	2	3	4	4	4	middle	middle	1.000	1.000	constitutive	constitutive	167	143	4
NC_072447.2	156678203	156679133	-1	1	-	NC_072447.2	156678305	156679099	FLNA	XM_055267517.2	-	1	3	34	101	39	41	2	2	2	middle	middle	1.000	1.000	constitutive	constitutive	122	137	2
NC_072447.2	156685575	156686433	-3	1	-	NC_072447.2	156685692	156686351	FLNA	XM_055267517.2	-	3	2	82	116	22	24	2	2	2	middle	middle	1.000	1.000	constitutive	constitutive	173	160	2
NC_072447.2	156688218	156688812	-3	1	-	NC_072447.2	156688417	156688770	FLNA	XM_055267517.2	-	3	2	42	198	17	18	2	2	2	middle	middle	1.000	1.000	constitutive	constitutive	90	169	2
NC_072447.2	156708704	156709202	3	1	+	NC_072447.2	156708759	156709202	EMD	XM_055268859.2	+	3	2	54	0	5	6	1	1	1	middle	last	1.000	1.000	constitutive	constitutive	49	312	1
NC_072447.2	156749233	156749578	2	1	+	NC_072447.2	156749331	156749563	TAFAZZIN	XM_055268851.2	+	2	2	97	15	7	8	6	6	6	middle	middle	1.000	1.000	constitutive	constitutive	62	52	6
NC_072447.2	156779350	156780055	2	1	+	NC_072447.2	156779530	156779780	FAM50A	XM_055268848.2	+	2	2	179	275	9	10	1	1	1	middle	middle	1.000	1.000	constitutive	constitutive	54	48	1
NC_072447.2	156797019	156797760	1	1	+	NC_072447.2	156797037	156797399	PLXNA3	XM_055268825.2	+	1	2	17	361	14	15	8	8	8	middle	middle	1.000	1.000	constitutive	constitutive	120	136	8
NC_072447.2	156797911	156798439	2	1	+	NC_072447.2	156797932	156798346	PLXNA3	XM_055268825.2	+	2	2	20	93	17	18	8	8	8	middle	middle	1.000	1.000	constitutive	constitutive	93	239	8
NC_072447.2	156798288	156798891	1	1	+	NC_072447.2	156798430	156798886	PLXNA3	XM_055268825.2	+	1	2	141	5	19	20	8	8	8	middle	middle	1.000	1.000	constitutive	constitutive	143	234	8
NC_072447.2	156799006	156799987	2	1	+	NC_072447.2	156799546	156799852	PLXNA3	XM_055268825.2	+	2	2	539	135	23	24	8	8	8	middle	middle	1.000	1.000	constitutive	constitutive	66	146	8
NC_072447.2	20602997	20603693	-1	1	-	NC_072447.2	20603030	20603594	LOC129475865	XM_055268284.2	-	1	2	99	32	1	2	2	1	1	first	middle	0.500	0.500	unique	unique	101	270	1
NC_072447.2	20621922	20622618	-3	1	-	NC_072447.2	20621923	20622519	LOC129475809	XM_055268195.2	-	3	2	99	0	1	2	3	2	1	first	last	0.667	0.333	alternative	unique	101	302	1
NC_072447.2	20621922	20622618	-3	1	-	NC_072447.2	20621955	20622519	LOC129475809	XM_063635215.1	-	3	2	99	32	1	2	3	2	1	first	middle	0.667	0.333	alternative	unique	101	270	1
NC_072447.2	20631446	20632142	-1	1	-	NC_072447.2	20631447	20632043	LOC129475853	XM_055268256.2	-	1	2	99	0	1	2	1	1	1	first	last	1.000	1.000	constitutive	constitutive	101	302	1
NC_072447.2	21900047	21900743	3	1	+	NC_072447.2	21900147	21900743	LOC129475731	XM_055268006.2	+	3	2	99	0	1	2	1	1	1	first	last	1.000	1.000	constitutive	constitutive	101	302	1
NC_072447.2	22219387	22220101	-2	1	-	NC_072447.2	22219388	22219984	LOC129475166	XM_055267204.2	-	2	2	117	0	1	2	1	1	1	first	last	1.000	1.000	constitutive	constitutive	101	302	1
NC_072447.2	27413813	27414929	-1	1	-	NC_072447.2	27413814	27414875	ATXN3L	XM_055267205.2	-	1	2	54	0	1	2	2	2	1	first	last	1.000	0.500	constitutive	unique	233	674	1
NC_072447.2	27413813	27414929	-1	1	-	NC_072447.2	27413814	27414875	ATXN3L	XM_055267206.2	-	1	2	54	0	1	2	2	2	1	first	last	1.000	0.500	constitutive	unique	233	563	1
NC_072447.2	33002531	33002999	-1	1	-	NC_072447.2	33002618	33002937	PHKA2	XM_055269322.2	-	1	2	62	86	24	25	9	9	9	middle	middle	1.000	1.000	constitutive	constitutive	78	129	9
NC_072447.2	37937457	37937949	1	1	+	NC_072447.2	37937521	37937746	SAT1	XM_055269053.2	+	1	2	63	203	2	3	1	1	1	middle	middle	1.000	1.000	constitutive	constitutive	51	83	1
NC_072447.2	41943153	41944326	1	1	+	NC_072447.2	41943262	41944326	LOC129475274	XM_055267415.1	+	1	2	108	0	1	2	1	1	1	first	last	1.000	1.000	constitutive	constitutive	138	808	1
NC_072447.2	51320922	51321645	1	1	+	NC_072447.2	51320957	51321645	LOC129475280	XM_055267419.1	+	1	2	34	0	2	3	1	1	1	middle	last	1.000	1.000	constitutive	constitutive	163	416	1
NC_072447.2	60402989	60403421	-1	1	-	NC_072447.2	60403050	60403345	SLC9A7	XM_055266886.2	-	1	2	76	60	9	10	13	13	13	middle	middle	1.000	1.000	constitutive	constitutive	88	113	13
NC_072447.2	60937931	60938513	3	1	+	NC_072447.2	60937990	60938419	RBM10	XM_055266872.2	+	3	2	58	94	10	11	7	4	7	middle	middle	0.571	1.000	alternative	constitutive	160	97	4
NC_072447.2	60937931	60938513	3	1	+	NC_072447.2	60937990	60938419	RBM10	XM_055266873.2	+	3	2	58	94	10	11	7	3	7	middle	middle	0.429	1.000	alternative	constitutive	157	97	3
NC_072447.2	60939483	60940437	1	1	+	NC_072447.2	60939781	60940432	RBM10	XM_055266872.2	+	1	3	297	5	13	15	7	7	7	middle	middle	1.000	1.000	constitutive	constitutive	186	117	7
NC_072447.2	60958131	60958623	1	1	+	NC_072447.2	60958140	60958545	UBA1	XM_055266869.2	+	1	2	8	78	4	5	9	9	9	middle	middle	1.000	1.000	constitutive	constitutive	168	134	9
NC_072447.2	60960069	60960675	1	1	+	NC_072447.2	60960273	60960607	UBA1	XM_055266869.2	+	1	2	203	68	7	8	9	9	9	middle	middle	1.000	1.000	constitutive	constitutive	90	132	9
NC_072447.2	60983685	60983970	1	1	+	NC_072447.2	60983686	60983958	CDK16	XM_055266899.2	+	1	2	0	12	4	5	7	7	7	middle	middle	1.000	1.000	constitutive	constitutive	125	56	7
NC_072447.2	62128291	62128738	2	1	+	NC_072447.2	62128293	62128738	FTSJ1	XM_055269005.2	+	2	2	1	0	9	10	8	4	4	middle	last	0.500	0.500	alternative	alternative	103	251	2
NC_072447.2	62128291	62128738	2	1	+	NC_072447.2	62128299	62128738	FTSJ1	XM_055269006.2	+	2	2	7	0	9	10	8	4	4	middle	last	0.500	0.500	alternative	alternative	97	251	2
NC_072447.2	62128291	62128738	2	1	+	NC_072447.2	62128293	62128684	FTSJ1	XM_055269007.2	+	2	2	1	54	9	10	8	4	4	middle	middle	0.500	0.500	alternative	alternative	103	197	2
NC_072447.2	62128291	62128738	2	1	+	NC_072447.2	62128299	62128684	FTSJ1	XM_055269009.2	+	2	2	7	54	9	10	8	4	4	middle	middle	0.500	0.500	alternative	alternative	97	197	2
NC_072447.2	62166536	62166902	3	1	+	NC_072447.2	62166601	62166837	PORCN	XM_055268985.2	+	3	2	64	65	11	12	19	19	19	middle	middle	1.000	1.000	constitutive	constitutive	76	63	19
NC_072447.2	62474084	62474684	3	1	+	NC_072447.2	62474114	62474606	HDAC6	XM_055268076.2	+	3	2	29	78	17	18	9	9	9	middle	middle	1.000	1.000	constitutive	constitutive	128	168	9
NC_072447.2	62626426	62626969	-2	1	-	NC_072447.2	62626598	62626943	KCND1	XM_063634421.1	-	2	2	26	171	2	3	1	1	1	middle	middle	1.000	1.000	constitutive	constitutive	162	83	1
NC_072447.2	62647808	62648387	-1	1	-	NC_072447.2	62647992	62648363	GRIPAP1	XM_055268085.2	-	1	2	24	183	12	13	3	3	3	middle	middle	1.000	1.000	constitutive	constitutive	77	92	3
NC_072447.2	62874738	62875473	-3	1	-	NC_072447.2	62874798	62875183	CACNA1F	XM_055267765.1	-	3	2	290	59	38	39	3	3	3	middle	middle	1.000	1.000	constitutive	constitutive	96	102	3
NC_072447.2	62887124	62887709	-1	1	-	NC_072447.2	62887163	62887581	CACNA1F	XM_055267765.1	-	1	2	128	38	15	16	3	3	3	middle	middle	1.000	1.000	constitutive	constitutive	207	120	3
NC_072447.2	62913711	62914413	1	1	+	NC_072447.2	62913904	62914305	CCDC22	XM_055267767.2	+	1	2	192	108	14	15	2	2	2	middle	middle	1.000	1.000	constitutive	constitutive	95	59	2
NC_072447.2	62921393	62921900	-1	1	-	NC_072447.2	62921395	62921656	FOXP3	XM_055267768.2	-	1	2	244	1	4	5	1	1	1	middle	middle	1.000	1.000	constitutive	constitutive	87	104	1
NC_072447.2	64834189	64835836	2	1	+	NC_072447.2	64834229	64835836	EZHIP	XM_055268421.2	+	2	2	39	0	1	2	1	1	1	first	last	1.000	1.000	constitutive	constitutive	792	715	1
NC_072447.2	65289121	65290684	2	1	+	NC_072447.2	65289179	65290633	MAGED1	XM_055266994.2	+	2	3	57	51	1	3	5	5	5	first	middle	1.000	1.000	constitutive	constitutive	44	707	5
NC_072447.2	65292052	65292550	2	1	+	NC_072447.2	65292083	65292451	MAGED1	XM_055266994.2	+	2	2	30	99	5	6	5	5	5	middle	middle	1.000	1.000	constitutive	constitutive	63	79	5
NC_072447.2	67541990	67542530	3	1	+	NC_072447.2	67541991	67542530	TSR2	XM_055269125.2	+	3	2	0	0	4	5	3	1	3	middle	last	0.333	1.000	unique	constitutive	176	131	1
NC_072447.2	67541990	67542530	3	1	+	NC_072447.2	67542000	67542530	TSR2	XM_055269127.2	+	3	2	9	0	4	5	3	1	3	middle	last	0.333	1.000	unique	constitutive	167	131	1
NC_072447.2	67541990	67542530	3	1	+	NC_072447.2	67542012	67542530	TSR2	XM_055269128.2	+	3	2	21	0	1	2	3	1	3	first	last	0.333	1.000	unique	constitutive	155	131	1
NC_072447.2	67887670	67888213	2	1	+	NC_072447.2	67887692	67888184	MAGED2	XM_055268219.2	+	2	2	21	29	3	4	3	3	3	middle	middle	1.000	1.000	constitutive	constitutive	308	63	3
NC_072447.2	68018572	68019028	2	1	+	NC_072447.2	68018678	68018960	TRO	XM_055267952.2	+	2	2	105	68	3	4	7	7	7	middle	middle	1.000	1.000	constitutive	constitutive	104	63	7
NC_072447.2	68020634	68020994	3	1	+	NC_072447.2	68020664	68020879	TRO	XM_055267952.2	+	3	2	29	115	7	8	7	7	7	middle	middle	1.000	1.000	constitutive	constitutive	79	42	7
NC_072447.2	69458546	69460808	3	1	+	NC_072447.2	69458937	69460808	UBQLN2	XM_055267984.2	+	3	2	390	0	1	2	2	1	2	first	last	0.500	1.000	unique	constitutive	1434	340	1
NC_072447.2	69458546	69460808	3	1	+	NC_072447.2	69458937	69460808	UBQLN2	XM_055267985.2	+	3	3	390	0	1	3	2	1	2	first	last	0.500	1.000	unique	constitutive	1219	340	1
NC_072447.2	76442585	76443107	3	1	+	NC_072447.2	76442618	76443107	STARD8	XM_055268412.2	+	3	2	32	0	10	11	4	4	4	middle	last	1.000	1.000	constitutive	constitutive	176	114	4
NC_072447.2	77957007	77957724	1	1	+	NC_072447.2	77957172	77957724	AWAT1	XM_055269463.1	+	1	2	164	0	6	7	1	1	1	middle	last	1.000	1.000	constitutive	constitutive	199	151	1
NC_072447.2	78162526	78162943	2	1	+	NC_072447.2	78162772	78162943	GDPD2	XM_055266836.2	+	2	2	245	0	15	16	4	4	4	middle	last	1.000	1.000	constitutive	constitutive	28	49	4
NC_072447.2	78875436	78875832	1	1	+	NC_072447.2	78875437	78875822	MED12	XM_055267720.2	+	1	2	0	10	40	41	8	7	5	middle	middle	0.875	0.625	alternative	alternative	77	217	4
NC_072447.2	78875436	78875832	1	1	+	NC_072447.2	78875437	78875822	MED12	XM_055267721.2	+	1	3	0	10	40	42	8	7	3	middle	middle	0.875	0.375	alternative	alternative	77	87	3
NC_072447.2	78875436	78875832	1	1	+	NC_072447.2	78875440	78875822	MED12	XM_063635361.1	+	1	2	3	10	40	41	8	1	5	middle	middle	0.125	0.625	unique	alternative	74	217	1
NC_072447.2	93933884	93934535	3	1	+	NC_072447.2	93933897	93934497	CPXCR1	XM_055268817.1	+	3	2	12	38	1	2	1	1	1	first	middle	1.000	1.000	constitutive	constitutive	306	233	1
NC_072448.2	10223429	10223876	3	1	+	NC_072448.2	10223452	10223820	DDX3Y	XM_055269576.2	+	3	2	22	56	13	14	5	5	5	middle	middle	1.000	1.000	constitutive	constitutive	181	117	5
NC_072448.2	6899539	6901063	-1	1	-	NC_072448.2	6899975	6900876	LOC129476692	XM_055269572.2	-	1	2	187	435	6	7	4	1	1	middle	middle	0.250	0.250	unique	unique	158	208	1
NC_072448.2	7174545	7177215	-2	1	-	NC_072448.2	7175404	7176936	LOC129476663	XM_063635392.1	-	2	2	279	858	1	2	1	1	1	first	middle	1.000	1.000	constitutive	constitutive	205	1038	1
