chr	start	end	frame	filler	strand	chr	first_exon_start	last_exon_end	gene	transcript	exon_strand	exon_frame	exon_count	upstream_len_in_scfr	downstream_len_in_scfr	first_exon_number	last_exon_number	gene_tx_count	first_exon_tx_count	last_exon_tx_count	first_exon_order	last_exon_order	first_exon_sharing	last_exon_sharing	first_exon_splicing	last_exon_splicing	first_exon_overlap	last_exon_overlap	merged_txs
NC_060925.1	1059696	1060245	1	1	+	NC_060925.1	1059791	1060158	MIB2	NM_001170686.4	+	1	2	94	87	5	6	29	29	4	middle	middle	1.000	0.138	constitutive	alternative	142	95	4
NC_060925.1	1059696	1060245	1	1	+	NC_060925.1	1059791	1060158	MIB2	NM_001170687.4	+	1	2	94	87	5	6	29	29	21	middle	middle	1.000	0.724	constitutive	alternative	142	107	21
NC_060925.1	1059696	1060245	1	1	+	NC_060925.1	1059791	1059933	MIB2	XM_054334516.1	+	1	1	94	312	4	4	29	29	29	middle	middle	1.000	1.000	constitutive	constitutive	142	142	4
NC_060925.1	1064111	1065032	3	1	+	NC_060925.1	1064797	1065032	MIB2	NM_001170686.4	+	3	1	685	0	18	18	29	28	28	last	last	0.966	0.966	alternative	alternative	235	235	28
NC_060925.1	1064111	1065032	3	1	+	NC_060925.1	1064144	1064209	MIB2	NM_001170689.2	+	3	1	32	823	15	15	29	1	1	middle	middle	0.034	0.034	unique	unique	65	65	1
NC_060925.1	1068350	1068830	3	1	+	NC_060925.1	1068493	1068603	MMP23B	NM_006983.2	+	3	1	142	227	6	6	3	3	3	middle	middle	1.000	1.000	constitutive	constitutive	110	110	1
NC_060925.1	1068350	1068830	3	1	+	NC_060925.1	1068493	1068829	MMP23B	XM_054339291.1	+	3	2	142	1	6	7	3	3	1	middle	middle	1.000	0.333	constitutive	unique	110	123	1
NC_060925.1	1068350	1068830	3	1	+	NC_060925.1	1068493	1068830	MMP23B	XM_054339292.1	+	3	2	142	0	6	7	3	3	1	middle	last	1.000	0.333	constitutive	unique	110	124	1
NC_060925.1	11202454	11202973	2	1	+	NC_060925.1	11202793	11202928	FBXO44	NM_001014765.2	+	2	1	338	45	4	4	22	9	9	middle	middle	0.409	0.409	alternative	alternative	135	135	9
NC_060925.1	11202454	11202973	2	1	+	NC_060925.1	11202590	11202685	FBXO44	NM_001330355.2	+	2	1	135	288	3	3	22	7	7	middle	middle	0.318	0.318	alternative	alternative	95	95	7
NC_060925.1	112710818	112711247	3	1	+	NC_060925.1	112710864	112711055	MOV10	NM_001130079.3	+	3	1	45	192	15	15	13	13	13	middle	middle	1.000	1.000	constitutive	constitutive	191	191	12
NC_060925.1	112710818	112711247	3	1	+	NC_060925.1	112710864	112711247	MOV10	XM_054336675.1	+	3	2	45	0	15	16	13	13	1	middle	last	1.000	0.077	constitutive	unique	191	32	1
NC_060925.1	144962290	144963262	2	1	+	NC_060925.1	144962444	144962999	NUDT17	NM_001012758.3	+	2	2	153	263	1	2	4	4	3	first	middle	1.000	0.750	constitutive	alternative	191	183	3
NC_060925.1	144962290	144963262	2	1	+	NC_060925.1	144962444	144962635	NUDT17	XM_054334929.1	+	2	1	153	627	1	1	4	4	4	first	first	1.000	1.000	constitutive	constitutive	191	191	1
NC_060925.1	15182809	15183610	2	1	+	NC_060925.1	15182831	15183466	SLC25A34	NM_207348.3	+	2	2	21	144	3	4	4	4	3	middle	middle	1.000	0.750	constitutive	alternative	152	134	3
NC_060925.1	15182809	15183610	2	1	+	NC_060925.1	15182831	15182983	SLC25A34	XM_054336151.1	+	2	1	21	627	3	3	4	4	4	middle	middle	1.000	1.000	constitutive	constitutive	152	152	1
NC_060925.1	153067986	153068352	-1	1	-	NC_060925.1	153068208	153068325	DENND4B	NM_001367466.1	-	1	1	27	221	25	25	14	12	12	middle	middle	0.857	0.857	alternative	alternative	117	117	12
NC_060925.1	153067986	153068352	-1	1	-	NC_060925.1	153067987	153068325	DENND4B	XM_054339920.1	-	1	2	27	0	24	25	14	1	1	middle	last	0.071	0.071	unique	unique	41	131	1
NC_060925.1	153089886	153090222	-1	1	-	NC_060925.1	153090066	153090095	CRTC2	NM_181715.3	-	1	1	127	179	7	7	8	7	7	middle	middle	0.875	0.875	alternative	alternative	29	29	7
NC_060925.1	153089886	153090222	-1	1	-	NC_060925.1	153090141	153090159	CRTC2	XM_054334982.1	-	1	1	63	254	1	1	8	1	1	first	first	0.125	0.125	unique	unique	18	18	1
NC_060925.1	154200096	154200900	1	1	+	NC_060925.1	154200150	154200219	ADAM15	NM_001261464.2	+	1	1	53	681	19	19	9	6	6	middle	middle	0.667	0.667	alternative	alternative	69	69	3
NC_060925.1	154200096	154200900	1	1	+	NC_060925.1	154200150	154200876	ADAM15	NM_207194.3	+	1	2	53	24	19	20	9	6	2	middle	middle	0.667	0.222	alternative	alternative	69	74	2
NC_060925.1	154200096	154200900	1	1	+	NC_060925.1	154200150	154200876	ADAM15	NM_207196.3	+	1	2	53	24	19	20	9	6	1	middle	middle	0.667	0.111	alternative	unique	69	71	1
NC_060925.1	154274958	154275348	1	1	+	NC_060925.1	154275268	154275347	SLC50A1	NM_001122839.2	+	1	1	309	1	1	1	17	4	4	first	first	0.235	0.235	alternative	alternative	79	79	4
NC_060925.1	154274958	154275348	1	1	+	NC_060925.1	154275028	154275036	SLC50A1	NM_001287590.2	+	1	1	69	312	1	1	17	2	2	first	first	0.118	0.118	alternative	alternative	8	8	2
NC_060925.1	154336696	154337197	-3	1	-	NC_060925.1	154336972	154337165	THBS3	NM_001252607.2	-	3	1	32	275	16	16	29	24	24	middle	middle	0.828	0.828	alternative	alternative	193	193	24
NC_060925.1	154336696	154337197	-3	1	-	NC_060925.1	154336697	154336783	THBS3	XM_054338545.1	-	3	1	414	0	18	18	29	1	1	last	last	0.034	0.034	unique	unique	86	86	1
NC_060925.1	154339554	154339767	-1	1	-	NC_060925.1	154339657	154339767	THBS3	NM_001252607.2	-	1	1	0	102	11	11	29	26	26	middle	middle	0.897	0.897	alternative	alternative	110	110	26
NC_060925.1	154339554	154339767	-1	1	-	NC_060925.1	154339555	154339567	THBS3	XM_054338550.1	-	1	1	200	0	13	13	29	1	1	last	last	0.034	0.034	unique	unique	12	12	1
NC_060925.1	154350368	154351157	3	1	+	NC_060925.1	154350690	154351130	MTX1	NM_002455.5	+	3	2	321	27	4	5	2	1	2	middle	middle	0.500	1.000	unique	constitutive	92	182	1
NC_060925.1	154350368	154351157	3	1	+	NC_060925.1	154350948	154351130	MTX1	NM_198883.3	+	3	1	579	27	4	4	2	2	2	middle	middle	1.000	1.000	constitutive	constitutive	182	182	1
NC_060925.1	155273217	155274012	1	1	+	NC_060925.1	155273635	155273760	LMNA	NM_001257374.3	+	1	1	417	252	5	5	28	24	24	middle	middle	0.857	0.857	alternative	alternative	125	125	24
NC_060925.1	155273217	155274012	1	1	+	NC_060925.1	155273278	155273423	LMNA	NM_001406994.1	+	1	1	60	589	1	1	28	4	4	first	first	0.143	0.143	alternative	alternative	145	145	4
NC_060925.1	155313239	155313590	3	1	+	NC_060925.1	155313271	155313389	SEMA4A	NM_001193300.2	+	3	1	31	201	11	11	18	17	17	middle	middle	0.944	0.944	alternative	alternative	118	118	17
NC_060925.1	155313239	155313590	3	1	+	NC_060925.1	155313535	155313590	SEMA4A	XM_054338176.1	+	3	1	295	0	11	11	18	1	1	last	last	0.056	0.056	unique	unique	55	55	1
NC_060925.1	155380798	155381248	2	1	+	NC_060925.1	155381219	155381248	PMF1-BGLAP	NM_001199662.1	+	2	1	420	0	6	6	4	2	2	last	last	0.500	0.500	alternative	alternative	29	29	2
NC_060925.1	155380798	155381248	2	1	+	NC_060925.1	155381010	155381048	BGLAP	NM_199173.6	+	2	1	211	200	2	2	1	1	1	middle	middle	1.000	1.000	constitutive	constitutive	38	38	1
NC_060925.1	156652640	156653039	-2	1	-	NC_060925.1	156652641	156652800	FCRL5	NM_001195388.2	-	2	1	239	0	17	17	7	1	1	last	last	0.143	0.143	unique	unique	159	159	1
NC_060925.1	156652640	156653039	-2	1	-	NC_060925.1	156652878	156652909	FCRL5	NM_031281.3	-	2	1	130	237	16	16	7	4	4	middle	middle	0.571	0.571	alternative	alternative	31	31	4
NC_060925.1	156934826	156935030	-2	1	-	NC_060925.1	156934937	156935008	FCRL1	NM_001159398.2	-	2	1	22	110	9	9	17	9	9	middle	middle	0.529	0.529	alternative	alternative	71	71	9
NC_060925.1	156934826	156935030	-2	1	-	NC_060925.1	156934828	156935008	FCRL1	XM_054334146.1	-	2	2	22	1	9	10	17	2	2	middle	middle	0.118	0.118	alternative	alternative	7	61	2
NC_060925.1	159886870	159887563	2	1	+	NC_060925.1	159886908	159887510	SLAMF7	NM_001282590.2	+	2	2	37	53	2	3	13	6	9	middle	middle	0.462	0.692	alternative	alternative	272	119	4
NC_060925.1	159886870	159887563	2	1	+	NC_060925.1	159886908	159887180	SLAMF7	NM_001282591.2	+	2	1	37	383	2	2	13	6	6	middle	middle	0.462	0.462	alternative	alternative	272	272	2
NC_060925.1	159886870	159887563	2	1	+	NC_060925.1	159886908	159887510	SLAMF7	NM_001282594.2	+	2	2	37	53	2	3	13	4	9	middle	middle	0.308	0.692	alternative	alternative	311	119	4
NC_060925.1	159886870	159887563	2	1	+	NC_060925.1	159886934	159887510	SLAMF7	NM_001282595.1	+	2	2	63	53	1	2	13	1	9	first	middle	0.077	0.692	unique	alternative	246	119	1
NC_060925.1	161071053	161071980	1	1	+	NC_060925.1	161071568	161071980	FCRLB	NM_001002901.4	+	1	1	514	0	6	6	6	2	2	last	last	0.333	0.333	alternative	alternative	412	412	2
NC_060925.1	161071053	161071980	1	1	+	NC_060925.1	161071169	161071314	FCRLB	NM_001288829.1	+	1	1	115	666	5	5	6	2	2	middle	middle	0.333	0.333	alternative	alternative	145	145	2
NC_060925.1	165114736	165115030	-3	1	-	NC_060925.1	165114840	165114985	TMCO1	NM_001256164.1	-	3	1	45	103	1	1	3	1	1	first	first	0.333	0.333	unique	unique	145	145	1
NC_060925.1	165114736	165115030	-3	1	-	NC_060925.1	165114763	165114832	TMCO1	NM_019026.6	-	3	1	198	26	1	1	3	1	1	first	first	0.333	0.333	unique	unique	69	69	1
NC_060925.1	16799868	16800717	-1	1	-	NC_060925.1	16800310	16800710	ATP13A2	NM_001141973.3	-	1	2	7	441	21	22	43	43	34	middle	middle	1.000	0.791	constitutive	alternative	160	116	34
NC_060925.1	16799868	16800717	-1	1	-	NC_060925.1	16800550	16800710	ATP13A2	NM_001141974.3	-	1	1	7	681	21	21	43	43	43	middle	middle	1.000	1.000	constitutive	constitutive	160	160	9
NC_060925.1	17049931	17050231	2	1	+	NC_060925.1	17049997	17050090	PADI1	XM_054336196.1	+	2	1	65	141	12	12	7	2	2	middle	middle	0.286	0.286	alternative	alternative	93	93	1
NC_060925.1	17049931	17050231	2	1	+	NC_060925.1	17049997	17050231	PADI1	XM_054336197.1	+	2	2	65	0	12	13	7	2	1	middle	last	0.286	0.143	alternative	unique	93	5	1
NC_060925.1	17051056	17051431	2	1	+	NC_060925.1	17051085	17051164	PADI1	NM_013358.3	+	2	1	28	267	14	14	7	3	3	middle	middle	0.429	0.429	alternative	alternative	79	79	3
NC_060925.1	17051056	17051431	2	1	+	NC_060925.1	17051213	17051431	PADI1	XM_054336196.1	+	2	1	156	0	13	13	7	1	1	last	last	0.143	0.143	unique	unique	218	218	1
NC_060925.1	1716809	1718090	3	1	+	NC_060925.1	1716970	1717229	LOC124905687	XM_047443626.1	+	3	1	160	861	2	2	13	3	3	middle	middle	0.231	0.231	alternative	alternative	259	259	3
NC_060925.1	1716809	1718090	3	1	+	NC_060925.1	1717597	1718071	LOC124905687	XM_047443627.1	+	3	1	787	19	3	3	13	4	4	middle	middle	0.308	0.308	alternative	alternative	474	474	4
NC_060925.1	1716809	1718090	3	1	+	NC_060925.1	1717557	1718071	LOC124905687	XM_047443628.1	+	3	1	747	19	2	2	13	2	2	middle	middle	0.154	0.154	alternative	alternative	514	514	2
NC_060925.1	1716809	1718090	3	1	+	NC_060925.1	1717597	1718071	LOC124905687	XM_047443629.1	+	3	2	787	19	3	4	13	1	1	middle	middle	0.077	0.077	unique	unique	172	85	1
NC_060925.1	1716809	1718090	3	1	+	NC_060925.1	1717013	1717229	LOC124905687	XM_047443636.1	+	3	1	203	861	2	2	13	1	1	middle	middle	0.077	0.077	unique	unique	216	216	1
NC_060925.1	1716809	1718090	3	1	+	NC_060925.1	1717041	1717229	LOC124905687	XM_047443637.1	+	3	1	231	861	1	1	13	2	2	first	first	0.154	0.154	alternative	alternative	188	188	2
NC_060925.1	1717977	1718385	1	1	+	NC_060925.1	1717986	1718071	LOC124905687	XM_047443626.1	+	1	1	8	314	4	4	13	5	5	middle	middle	0.385	0.385	alternative	alternative	85	85	4
NC_060925.1	1717977	1718385	1	1	+	NC_060925.1	1717986	1718385	LOC124905687	XM_047443632.1	+	1	2	8	0	4	5	13	5	1	middle	last	0.385	0.077	alternative	unique	85	247	1
NC_060925.1	19131623	19132223	-2	1	-	NC_060925.1	19131990	19132177	AKR7A2	NM_001320979.1	-	2	1	46	366	2	2	3	3	3	middle	middle	1.000	1.000	constitutive	constitutive	187	187	1
NC_060925.1	19131623	19132223	-2	1	-	NC_060925.1	19131693	19132177	AKR7A2	NM_003689.4	-	2	2	46	69	2	3	3	3	2	middle	middle	1.000	0.667	constitutive	alternative	187	104	2
NC_060925.1	192406027	192406744	-3	1	-	NC_060925.1	192406393	192406468	UCHL5	NM_001199261.3	-	3	1	276	365	1	1	39	17	17	first	first	0.436	0.436	alternative	alternative	75	75	17
NC_060925.1	192406027	192406744	-3	1	-	NC_060925.1	192406621	192406669	UCHL5	NM_001350846.2	-	3	1	75	593	1	1	39	6	6	first	first	0.154	0.154	alternative	alternative	48	48	6
NC_060925.1	205276305	205276773	-1	1	-	NC_060925.1	205276307	205276405	CTSE	NM_001317331.2	-	1	1	368	1	5	5	5	3	3	middle	middle	0.600	0.600	alternative	alternative	98	98	3
NC_060925.1	205276305	205276773	-1	1	-	NC_060925.1	205276507	205276648	CTSE	NM_001910.4	-	1	1	125	201	7	7	5	2	2	middle	middle	0.400	0.400	alternative	alternative	141	141	2
NC_060925.1	209022098	209022353	3	1	+	NC_060925.1	209022135	209022257	TRAF3IP3	NM_001287754.2	+	3	1	36	96	1	1	12	2	2	first	first	0.167	0.167	alternative	alternative	122	122	2
NC_060925.1	209022098	209022353	3	1	+	NC_060925.1	209022117	209022257	TRAF3IP3	NM_001320143.2	+	3	1	18	96	8	8	12	9	9	middle	middle	0.750	0.750	alternative	alternative	140	140	8
NC_060925.1	209022098	209022353	3	1	+	NC_060925.1	209022117	209022353	TRAF3IP3	XM_054338879.1	+	3	2	18	0	8	9	12	9	1	middle	last	0.750	0.083	alternative	unique	140	11	1
NC_060925.1	21116954	21117785	-2	1	-	NC_060925.1	21117123	21117209	ECE1	NM_001113348.2	-	2	1	576	168	2	2	8	6	6	middle	middle	0.750	0.750	alternative	alternative	86	86	2
NC_060925.1	21116954	21117785	-2	1	-	NC_060925.1	21117123	21117251	ECE1	NM_001113349.2	-	2	1	534	168	1	1	8	1	1	first	first	0.125	0.125	unique	unique	128	128	1
NC_060925.1	21116954	21117785	-2	1	-	NC_060925.1	21117123	21117467	ECE1	NM_001397.3	-	2	2	318	168	1	2	8	1	6	first	middle	0.125	0.750	unique	alternative	50	86	1
NC_060925.1	21116954	21117785	-2	1	-	NC_060925.1	21117123	21117209	ECE1	XM_054334814.1	-	2	1	576	168	1	1	8	6	6	first	first	0.750	0.750	alternative	alternative	86	86	3
NC_060925.1	226921328	226922135	-2	1	-	NC_060925.1	226921329	226921961	JMJD4	NM_001161465.2	-	2	2	174	0	5	6	3	1	3	middle	last	0.333	1.000	unique	constitutive	98	281	1
NC_060925.1	226921328	226922135	-2	1	-	NC_060925.1	226921329	226921961	JMJD4	NM_023007.3	-	2	2	174	0	5	6	3	1	3	middle	last	0.333	1.000	unique	constitutive	146	281	1
NC_060925.1	226921328	226922135	-2	1	-	NC_060925.1	226921329	226921610	JMJD4	XM_054338396.1	-	2	1	525	0	5	5	3	3	3	last	last	1.000	1.000	constitutive	constitutive	281	281	1
NC_060925.1	227337348	227337846	1	1	+	NC_060925.1	227337368	227337453	GUK1	NM_000858.7	+	1	1	19	393	6	6	13	7	7	middle	middle	0.538	0.538	alternative	alternative	85	85	7
NC_060925.1	227337348	227337846	1	1	+	NC_060925.1	227337662	227337846	GUK1	NM_001242840.3	+	1	1	313	0	7	7	13	6	6	last	last	0.462	0.462	alternative	alternative	184	184	6
NC_060925.1	227466118	227466913	2	1	+	NC_060925.1	227466555	227466659	OBSCN	NM_001098623.2	+	2	1	436	254	24	24	4	4	4	middle	middle	1.000	1.000	constitutive	constitutive	104	104	2
NC_060925.1	227466118	227466913	2	1	+	NC_060925.1	227466306	227466659	OBSCN	NM_001271223.3	+	2	2	187	254	28	29	4	2	4	middle	middle	0.500	1.000	alternative	constitutive	161	104	2
NC_060925.1	27190144	27190735	2	1	+	NC_060925.1	27190316	27190388	SYTL1	NM_001193308.2	+	2	1	171	347	5	5	7	3	3	middle	middle	0.429	0.429	alternative	alternative	72	72	3
NC_060925.1	27190144	27190735	2	1	+	NC_060925.1	27190352	27190388	SYTL1	NM_032872.3	+	2	1	207	347	5	5	7	2	2	middle	middle	0.286	0.286	alternative	alternative	36	36	2
NC_060925.1	27190144	27190735	2	1	+	NC_060925.1	27190634	27190734	SYTL1	XM_054339276.1	+	2	1	489	1	3	3	7	2	2	middle	middle	0.286	0.286	alternative	alternative	100	100	2
NC_060925.1	27756159	27756885	-1	1	-	NC_060925.1	27756166	27756272	RPA2	NM_001297558.1	-	1	1	613	6	2	2	7	5	5	middle	middle	0.714	0.714	alternative	alternative	106	106	2
NC_060925.1	27756159	27756885	-1	1	-	NC_060925.1	27756166	27756546	RPA2	NM_001355129.2	-	1	2	339	6	1	2	7	1	5	first	middle	0.143	0.714	unique	alternative	21	106	1
NC_060925.1	27756159	27756885	-1	1	-	NC_060925.1	27756166	27756546	RPA2	NM_002946.5	-	1	2	339	6	1	2	7	2	5	first	middle	0.286	0.714	alternative	alternative	9	106	2
NC_060925.1	3003252	3004242	-1	1	-	NC_060925.1	3003669	3004133	MEGF6	NM_001409.4	-	1	2	109	416	28	29	23	10	23	middle	middle	0.435	1.000	alternative	constitutive	131	128	10
NC_060925.1	3003252	3004242	-1	1	-	NC_060925.1	3003669	3003797	MEGF6	XM_054334841.1	-	1	1	445	416	28	28	23	23	23	middle	middle	1.000	1.000	constitutive	constitutive	128	128	13
NC_060925.1	31444363	31444720	2	1	+	NC_060925.1	31444411	31444456	TINAGL1	NM_001204414.2	+	2	1	47	264	9	9	7	5	5	middle	middle	0.714	0.714	alternative	alternative	45	45	5
NC_060925.1	31444363	31444720	2	1	+	NC_060925.1	31444540	31444720	TINAGL1	XM_054338153.1	+	2	1	176	0	10	10	7	2	2	last	last	0.286	0.286	alternative	alternative	180	180	2
NC_060925.1	31593308	31593605	-2	1	-	NC_060925.1	31593471	31593537	ADGRB2	NM_001294335.2	-	2	1	68	162	21	21	31	30	30	middle	middle	0.968	0.968	alternative	alternative	66	66	30
NC_060925.1	31593308	31593605	-2	1	-	NC_060925.1	31593309	31593309	ADGRB2	XM_054337890.1	-	2	1	296	0	21	21	31	1	1	last	last	0.032	0.032	unique	unique	0	0	1
NC_060925.1	31593938	31594787	-2	1	-	NC_060925.1	31594217	31594367	ADGRB2	NM_001294335.2	-	2	1	420	278	19	19	31	30	30	middle	middle	0.968	0.968	alternative	alternative	150	150	30
NC_060925.1	31593938	31594787	-2	1	-	NC_060925.1	31593965	31594034	ADGRB2	XM_054337890.1	-	2	1	753	26	19	19	31	1	1	middle	middle	0.032	0.032	unique	unique	69	69	1
NC_060925.1	36182298	36183672	1	1	+	NC_060925.1	36182315	36183671	SH3D21	NM_001162530.2	+	1	2	16	1	13	14	12	9	8	middle	middle	0.750	0.667	alternative	alternative	94	1123	6
NC_060925.1	36182298	36183672	1	1	+	NC_060925.1	36182315	36183660	SH3D21	XM_054338755.1	+	1	2	16	12	13	14	12	9	3	middle	middle	0.750	0.250	alternative	alternative	94	1112	3
NC_060925.1	36182298	36183672	1	1	+	NC_060925.1	36182548	36183671	SH3D21	XM_054338760.1	+	1	1	249	1	5	5	12	8	8	middle	middle	0.667	0.667	alternative	alternative	1123	1123	2
NC_060925.1	36182298	36183672	1	1	+	NC_060925.1	36182599	36183671	SH3D21	XM_054338762.1	+	1	1	300	1	1	1	12	1	1	first	first	0.083	0.083	unique	unique	1072	1072	1
NC_060925.1	37346997	37348362	1	1	+	NC_060925.1	37347491	37348362	ZC3H12A	NM_001323550.2	+	1	1	493	0	5	5	7	4	4	last	last	0.571	0.571	alternative	alternative	871	871	4
NC_060925.1	37346997	37348362	1	1	+	NC_060925.1	37347108	37347294	ZC3H12A	XM_054338860.1	+	1	1	110	1068	4	4	7	2	2	middle	middle	0.286	0.286	alternative	alternative	186	186	2
NC_060925.1	37798388	37799201	-2	1	-	NC_060925.1	37798574	37798613	INPP5B	NM_001297434.2	-	2	1	588	185	1	1	13	1	1	first	first	0.077	0.077	unique	unique	39	39	1
NC_060925.1	37798388	37799201	-2	1	-	NC_060925.1	37798814	37798954	INPP5B	NM_001365820.1	-	2	1	247	425	6	6	13	8	8	middle	middle	0.615	0.615	alternative	alternative	140	140	8
NC_060925.1	429216	429798	-1	1	-	NC_060925.1	429217	429768	HES4	NM_001142467.2	-	1	2	30	0	2	3	5	3	3	middle	last	0.600	0.600	alternative	alternative	87	370	3
NC_060925.1	429216	429798	-1	1	-	NC_060925.1	429688	429768	HES4	XM_054337930.1	-	1	1	30	471	2	2	5	2	2	middle	middle	0.400	0.400	alternative	alternative	80	80	2
NC_060925.1	43863182	43863728	3	1	+	NC_060925.1	43863300	43863727	CCDC24	NM_001349127.2	+	3	2	117	1	2	3	4	2	3	middle	middle	0.500	0.750	alternative	alternative	175	116	2
NC_060925.1	43863182	43863728	3	1	+	NC_060925.1	43863300	43863727	CCDC24	NM_001349128.1	+	3	2	117	1	2	3	4	1	3	middle	middle	0.250	0.750	unique	alternative	214	116	1
NC_060925.1	43863182	43863728	3	1	+	NC_060925.1	43863708	43863727	CCDC24	NM_001349129.1	+	3	1	525	1	1	1	4	1	1	first	first	0.250	0.250	unique	unique	19	19	1
NC_060925.1	44594976	44595336	1	1	+	NC_060925.1	44595065	44595335	ARMH1	NM_001145636.2	+	1	2	88	1	6	7	24	21	15	middle	middle	0.875	0.625	alternative	alternative	122	72	15
NC_060925.1	44594976	44595336	1	1	+	NC_060925.1	44595065	44595187	ARMH1	XM_054336290.1	+	1	1	88	149	6	6	24	21	21	middle	middle	0.875	0.875	alternative	alternative	122	122	6
NC_060925.1	44684363	44684903	3	1	+	NC_060925.1	44684508	44684903	BTBD19	NM_001136537.3	+	3	2	144	0	7	8	9	5	5	middle	last	0.556	0.556	alternative	alternative	125	131	5
NC_060925.1	44684363	44684903	3	1	+	NC_060925.1	44684508	44684674	BTBD19	XM_054334660.1	+	3	1	144	229	6	6	9	3	3	middle	middle	0.333	0.333	alternative	alternative	166	166	3
NC_060925.1	45493991	45494657	-2	1	-	NC_060925.1	45493993	45494350	CCDC17	NM_001114938.3	-	2	2	307	1	8	9	13	13	12	middle	middle	1.000	0.923	constitutive	alternative	118	97	12
NC_060925.1	45493991	45494657	-2	1	-	NC_060925.1	45494232	45494350	CCDC17	XM_054334674.1	-	2	1	307	240	7	7	13	13	13	middle	middle	1.000	1.000	constitutive	constitutive	118	118	1
NC_060925.1	473053	474394	2	1	+	NC_060925.1	473316	474334	AGRN	NM_001305275.2	+	2	2	262	60	8	11	9	6	9	middle	middle	0.667	1.000	alternative	constitutive	218	148	6
NC_060925.1	473053	474394	2	1	+	NC_060925.1	474186	474334	AGRN	XM_054336475.1	+	2	1	1132	60	3	3	9	9	9	middle	middle	1.000	1.000	constitutive	constitutive	148	148	3
NC_060925.1	741792	742623	1	1	+	NC_060925.1	742185	742239	PUSL1	NM_001346116.2	+	1	1	392	384	6	6	6	3	3	middle	middle	0.500	0.500	alternative	alternative	54	54	3
NC_060925.1	741792	742623	1	1	+	NC_060925.1	742443	742622	PUSL1	XM_054334252.1	+	1	1	650	1	7	7	6	1	1	middle	middle	0.167	0.167	unique	unique	179	179	1
NC_060925.1	771631	771940	-3	1	-	NC_060925.1	771662	771940	DVL1	NM_001330311.2	-	3	2	0	30	7	8	5	4	4	middle	middle	0.800	0.800	alternative	alternative	69	139	4
NC_060925.1	771631	771940	-3	1	-	NC_060925.1	771662	771721	DVL1	XM_054334806.1	-	3	1	219	30	1	1	5	1	1	first	first	0.200	0.200	unique	unique	59	59	1
NC_060925.1	784896	786336	-1	1	-	NC_060925.1	785226	786296	MXRA8	NM_001282582.2	-	1	2	40	329	3	5	7	5	7	middle	middle	0.714	1.000	alternative	constitutive	302	470	5
NC_060925.1	784896	786336	-1	1	-	NC_060925.1	785226	785696	MXRA8	NM_001282584.2	-	1	1	640	329	4	4	7	7	7	middle	middle	1.000	1.000	constitutive	constitutive	470	470	2
NC_060925.1	83792236	83792629	-3	1	-	NC_060925.1	83792248	83792614	TTLL7	NM_001350214.2	-	3	2	15	11	1	2	7	5	5	first	middle	0.714	0.714	alternative	alternative	24	131	5
NC_060925.1	83792236	83792629	-3	1	-	NC_060925.1	83792248	83792323	TTLL7	NM_001350215.2	-	3	1	306	11	1	1	7	1	1	first	first	0.143	0.143	unique	unique	75	75	1
NC_060925.1	950220	950655	1	1	+	NC_060925.1	950516	950592	ATAD3A	NM_001170535.3	+	1	1	295	63	2	2	6	5	5	middle	middle	0.833	0.833	alternative	alternative	76	76	4
NC_060925.1	950220	950655	1	1	+	NC_060925.1	950548	950592	ATAD3A	NM_001170536.3	+	1	1	327	63	1	1	6	1	1	first	first	0.167	0.167	unique	unique	44	44	1
NC_060925.1	950220	950655	1	1	+	NC_060925.1	950320	950592	ATAD3A	XM_054337419.1	+	1	2	99	63	1	2	6	1	5	first	middle	0.167	0.833	unique	alternative	42	76	1
NC_060926.1	128076846	128077503	-2	1	-	NC_060926.1	128077303	128077453	LIMS2	NM_001136037.4	-	2	1	50	456	7	7	17	13	13	middle	middle	0.765	0.765	alternative	alternative	150	150	13
NC_060926.1	128076846	128077503	-2	1	-	NC_060926.1	128076923	128077245	LIMS2	XM_054342901.1	-	2	1	258	76	1	1	17	1	1	first	first	0.059	0.059	unique	unique	322	322	1
NC_060926.1	128302204	128302633	-1	1	-	NC_060926.1	128302402	128302536	AMMECR1L	NM_001410953.1	-	1	1	97	197	5	5	8	2	2	middle	middle	0.250	0.250	alternative	alternative	134	134	2
NC_060926.1	128302204	128302633	-1	1	-	NC_060926.1	128302205	128302253	AMMECR1L	XM_054344110.1	-	1	1	380	0	3	3	8	1	1	last	last	0.125	0.125	unique	unique	48	48	1
NC_060926.1	131398150	131398921	2	1	+	NC_060926.1	131398160	131398867	ARHGEF4	NM_001375902.1	+	2	2	9	54	1	3	8	2	1	first	middle	0.250	0.125	alternative	unique	12	56	1
NC_060926.1	131398150	131398921	2	1	+	NC_060926.1	131398160	131398172	ARHGEF4	NM_001375903.1	+	2	1	9	749	1	1	8	2	2	first	first	0.250	0.250	alternative	alternative	12	12	1
NC_060926.1	131398150	131398921	2	1	+	NC_060926.1	131398514	131398571	ARHGEF4	NM_001375904.1	+	2	1	363	350	1	1	8	1	1	first	first	0.125	0.125	unique	unique	57	57	1
NC_060926.1	131967157	131967700	2	1	+	NC_060926.1	131967499	131967556	CCDC74A	NM_001258304.3	+	2	1	341	144	5	5	22	1	1	middle	middle	0.045	0.045	unique	unique	57	57	1
NC_060926.1	131967157	131967700	2	1	+	NC_060926.1	131967364	131967556	CCDC74A	NM_001258306.3	+	2	1	206	144	5	5	22	7	7	middle	middle	0.318	0.318	alternative	alternative	192	192	7
NC_060926.1	131967157	131967700	2	1	+	NC_060926.1	131967639	131967700	CCDC74A	XM_054344461.1	+	2	1	481	0	5	5	22	1	1	last	last	0.045	0.045	unique	unique	61	61	1
NC_060926.1	131967771	131968170	1	1	+	NC_060926.1	131968044	131968170	CCDC74A	NM_001258304.3	+	1	1	272	0	8	8	22	8	8	last	last	0.364	0.364	alternative	alternative	126	126	8
NC_060926.1	131967771	131968170	1	1	+	NC_060926.1	131967788	131967844	CCDC74A	NM_001258305.3	+	1	1	16	326	6	6	22	8	8	middle	middle	0.364	0.364	alternative	alternative	56	56	8
NC_060926.1	190989085	190989532	2	1	+	NC_060926.1	190989332	190989532	MFSD6	NM_001375986.1	+	2	1	246	0	6	6	12	7	7	last	last	0.583	0.583	alternative	alternative	200	200	7
NC_060926.1	190989085	190989532	2	1	+	NC_060926.1	190989149	190989173	MFSD6	NM_001375989.1	+	2	1	63	359	6	6	12	5	5	middle	middle	0.417	0.417	alternative	alternative	24	24	5
NC_060926.1	218871252	218871648	1	1	+	NC_060926.1	218871277	218871396	SLC11A1	NM_000578.4	+	1	1	24	252	4	4	7	5	5	middle	middle	0.714	0.714	alternative	alternative	119	119	5
NC_060926.1	218871252	218871648	1	1	+	NC_060926.1	218871577	218871615	SLC11A1	XM_054343502.1	+	1	1	324	33	1	1	7	1	1	first	first	0.143	0.143	unique	unique	38	38	1
NC_060926.1	219720137	219720485	3	1	+	NC_060926.1	219720239	219720350	ANKZF1	NM_001042410.2	+	3	1	101	135	10	10	9	5	5	middle	middle	0.556	0.556	alternative	alternative	111	111	5
NC_060926.1	219720137	219720485	3	1	+	NC_060926.1	219720473	219720485	ANKZF1	XM_054342740.1	+	3	1	335	0	11	11	9	2	2	last	last	0.222	0.222	alternative	alternative	12	12	2
NC_060926.1	219731828	219732380	3	1	+	NC_060926.1	219731880	219732302	STK16	NM_001008910.4	+	3	2	51	78	3	4	7	5	7	middle	middle	0.714	1.000	alternative	constitutive	133	120	5
NC_060926.1	219731828	219732380	3	1	+	NC_060926.1	219732182	219732302	STK16	NM_001330215.2	+	3	1	353	78	2	2	7	7	7	middle	middle	1.000	1.000	constitutive	constitutive	120	120	2
NC_060926.1	220041855	220042968	-2	1	-	NC_060926.1	220042041	220042808	OBSL1	NM_001173431.2	-	2	2	160	185	11	12	15	14	10	middle	middle	0.933	0.667	alternative	alternative	287	275	10
NC_060926.1	220041855	220042968	-2	1	-	NC_060926.1	220042521	220042808	OBSL1	XM_054341154.1	-	2	1	160	665	11	11	15	14	14	middle	middle	0.933	0.933	alternative	alternative	287	287	4
NC_060926.1	233014935	233015535	1	1	+	NC_060926.1	233015077	233015471	CHRND	NM_000751.3	+	1	2	141	64	4	5	5	2	3	middle	middle	0.400	0.600	alternative	alternative	109	155	2
NC_060926.1	233014935	233015535	1	1	+	NC_060926.1	233015316	233015471	CHRND	NM_001311196.2	+	1	1	380	64	2	2	5	3	3	middle	middle	0.600	0.600	alternative	alternative	155	155	1
NC_060926.1	233015275	233016076	2	1	+	NC_060926.1	233015677	233015786	CHRND	NM_000751.3	+	2	1	401	290	6	6	5	3	3	middle	middle	0.600	0.600	alternative	alternative	109	109	3
NC_060926.1	233015275	233016076	2	1	+	NC_060926.1	233015316	233015471	CHRND	NM_001311195.2	+	2	1	40	605	2	2	5	2	2	middle	middle	0.400	0.400	alternative	alternative	155	155	2
NC_060926.1	241717212	241717662	1	1	+	NC_060926.1	241717620	241717662	ANO7	XM_054342345.1	+	1	1	407	0	22	22	29	1	1	last	last	0.034	0.034	unique	unique	42	42	1
NC_060926.1	241717212	241717662	1	1	+	NC_060926.1	241717229	241717371	ANO7	XM_054342347.1	+	1	1	16	291	20	20	29	6	6	middle	middle	0.207	0.207	alternative	alternative	142	142	6
NC_060926.1	27079039	27079483	2	1	+	NC_060926.1	27079246	27079387	TMEM214	NM_001083590.2	+	2	1	206	96	8	8	7	6	6	middle	middle	0.857	0.857	alternative	alternative	141	141	5
NC_060926.1	27079039	27079483	2	1	+	NC_060926.1	27079246	27079483	TMEM214	XM_054342662.1	+	2	2	206	0	9	10	7	6	1	middle	last	0.857	0.143	alternative	unique	141	8	1
NC_060926.1	27110240	27110768	3	1	+	NC_060926.1	27110305	27110417	AGBL5	NM_021831.6	+	3	1	64	351	12	12	10	7	7	middle	middle	0.700	0.700	alternative	alternative	112	112	6
NC_060926.1	27110240	27110768	3	1	+	NC_060926.1	27110305	27110767	AGBL5	XM_054343278.1	+	3	2	64	1	12	13	10	7	1	middle	middle	0.700	0.100	alternative	unique	112	46	1
NC_060926.1	27173615	27174071	-3	1	-	NC_060926.1	27173655	27174048	PREB	NM_001330484.2	-	3	2	23	39	5	6	5	3	5	middle	middle	0.600	1.000	alternative	constitutive	173	72	3
NC_060926.1	27173615	27174071	-3	1	-	NC_060926.1	27173655	27173727	PREB	NM_001330485.2	-	3	1	344	39	6	6	5	5	5	middle	middle	1.000	1.000	constitutive	constitutive	72	72	2
NC_060926.1	272054	272513	3	1	+	NC_060926.1	272125	272513	ACP1	NM_001040649.3	+	3	2	70	0	2	3	3	3	1	middle	last	1.000	0.333	constitutive	unique	73	218	1
NC_060926.1	272054	272513	3	1	+	NC_060926.1	272125	272408	ACP1	NM_004300.4	+	3	2	70	105	2	3	3	3	1	middle	middle	1.000	0.333	constitutive	unique	73	113	1
NC_060926.1	272054	272513	3	1	+	NC_060926.1	272125	272198	ACP1	NM_007099.4	+	3	1	70	315	2	2	3	3	3	middle	middle	1.000	1.000	constitutive	constitutive	73	73	1
NC_060926.1	27242172	27242901	-2	1	-	NC_060926.1	27242617	27242732	SLC5A6	NM_021095.4	-	2	1	169	444	14	14	13	7	7	middle	middle	0.538	0.538	alternative	alternative	115	115	7
NC_060926.1	27242172	27242901	-2	1	-	NC_060926.1	27242173	27242198	SLC5A6	XM_054344407.1	-	2	1	703	0	14	14	13	4	4	last	last	0.308	0.308	alternative	alternative	25	25	4
NC_060926.1	27299299	27299992	-1	1	-	NC_060926.1	27299547	27299949	SLC30A3	NM_001318949.2	-	1	2	43	247	4	5	12	10	5	middle	middle	0.833	0.417	alternative	alternative	146	153	5
NC_060926.1	27299299	27299992	-1	1	-	NC_060926.1	27299803	27299949	SLC30A3	XM_054343811.1	-	1	1	43	503	3	3	12	10	10	middle	middle	0.833	0.833	alternative	alternative	146	146	5
NC_060926.1	27534754	27535171	-1	1	-	NC_060926.1	27535022	27535146	FNDC4	NM_022823.3	-	1	1	25	267	5	5	3	1	1	middle	middle	0.333	0.333	unique	unique	124	124	1
NC_060926.1	27534754	27535171	-1	1	-	NC_060926.1	27534755	27534834	FNDC4	XM_054343401.1	-	1	1	337	0	5	5	3	2	2	last	last	0.667	0.667	alternative	alternative	79	79	2
NC_060926.1	43829977	43830370	-1	1	-	NC_060926.1	43830220	43830349	ABCG5	NM_022436.3	-	1	1	21	242	7	7	10	6	6	middle	middle	0.600	0.600	alternative	alternative	129	129	5
NC_060926.1	43829977	43830370	-1	1	-	NC_060926.1	43830220	43830286	ABCG5	XM_054343357.1	-	1	1	84	242	1	1	10	1	1	first	first	0.100	0.100	unique	unique	66	66	1
NC_060926.1	43829977	43830370	-1	1	-	NC_060926.1	43829978	43830349	ABCG5	XM_054343358.1	-	1	2	21	0	7	8	10	6	1	middle	last	0.600	0.100	alternative	unique	129	112	1
NC_060926.1	47812094	47812601	3	1	+	NC_060926.1	47812153	47812600	MSH6	NM_000179.3	+	3	2	58	1	8	9	42	42	40	middle	middle	1.000	0.952	constitutive	alternative	154	199	40
NC_060926.1	47812094	47812601	3	1	+	NC_060926.1	47812153	47812307	MSH6	NM_001406800.1	+	3	1	58	294	8	8	42	42	42	middle	middle	1.000	1.000	constitutive	constitutive	154	154	2
NC_060926.1	72156831	72157728	-2	1	-	NC_060926.1	72157078	72157302	CYP26B1	NM_019885.4	-	2	1	426	246	2	2	8	2	2	middle	middle	0.250	0.250	alternative	alternative	224	224	1
NC_060926.1	72156831	72157728	-2	1	-	NC_060926.1	72157078	72157455	CYP26B1	XM_054343033.1	-	2	2	273	246	1	2	8	1	2	first	middle	0.125	0.250	unique	alternative	29	224	1
NC_060926.1	72156831	72157728	-2	1	-	NC_060926.1	72157078	72157188	CYP26B1	XM_054343034.1	-	2	1	540	246	1	1	8	3	3	first	first	0.375	0.375	alternative	alternative	110	110	3
NC_060926.1	74433928	74434255	2	1	+	NC_060926.1	74433974	74434255	WDR54	NM_001320823.2	+	2	2	45	0	9	10	6	5	4	middle	last	0.833	0.667	alternative	alternative	74	128	4
NC_060926.1	74433928	74434255	2	1	+	NC_060926.1	74433974	74434048	WDR54	NM_001320825.2	+	2	1	45	207	8	8	6	5	5	middle	middle	0.833	0.833	alternative	alternative	74	74	1
NC_060926.1	85399992	85400850	-2	1	-	NC_060926.1	85400028	85400790	CAPG	NM_001256139.2	-	2	2	60	35	6	7	14	13	14	middle	middle	0.929	1.000	alternative	constitutive	92	132	13
NC_060926.1	85399992	85400850	-2	1	-	NC_060926.1	85400028	85400160	CAPG	NM_001320734.2	-	2	1	690	35	6	6	14	14	14	middle	middle	1.000	1.000	constitutive	constitutive	132	132	1
NC_060926.1	88197337	88197616	2	1	+	NC_060926.1	88197353	88197504	THNSL2	NM_018271.5	+	2	1	15	112	7	7	21	11	11	middle	middle	0.524	0.524	alternative	alternative	151	151	10
NC_060926.1	88197337	88197616	2	1	+	NC_060926.1	88197353	88197616	THNSL2	XM_054342785.1	+	2	2	15	0	7	8	21	11	1	middle	last	0.524	0.048	alternative	unique	151	63	1
NC_060926.1	97056428	97057691	3	1	+	NC_060926.1	97056645	97057352	ARID5A	NM_001319085.2	+	3	2	216	339	5	6	11	1	7	middle	middle	0.091	0.636	unique	alternative	259	159	1
NC_060926.1	97056428	97057691	3	1	+	NC_060926.1	97056648	97057352	ARID5A	NM_001319087.2	+	3	2	219	339	5	6	11	3	7	middle	middle	0.273	0.636	alternative	alternative	256	159	3
NC_060926.1	97056428	97057691	3	1	+	NC_060926.1	97056807	97057352	ARID5A	NM_001319092.1	+	3	2	378	339	3	4	11	3	7	middle	middle	0.273	0.636	alternative	alternative	97	159	3
NC_060926.1	97056428	97057691	3	1	+	NC_060926.1	97057275	97057352	ARID5A	NM_001319093.2	+	3	1	846	339	1	1	11	4	4	first	first	0.364	0.364	alternative	alternative	77	77	4
NC_060926.1	97369990	97370590	-1	1	-	NC_060926.1	97370312	97370424	SEMA4C	NM_017789.5	-	1	1	166	321	11	11	12	12	12	middle	middle	1.000	1.000	constitutive	constitutive	112	112	9
NC_060926.1	97369990	97370590	-1	1	-	NC_060926.1	97369991	97370424	SEMA4C	XM_054342678.1	-	1	2	166	0	11	12	12	12	3	middle	last	1.000	0.250	constitutive	alternative	112	41	3
NC_060927.1	100495500	100495728	1	1	+	NC_060927.1	100495533	100495588	ARL6	NM_001278293.3	+	1	1	32	140	6	6	8	5	5	middle	middle	0.625	0.625	alternative	alternative	55	55	4
NC_060927.1	100495500	100495728	1	1	+	NC_060927.1	100495533	100495727	ARL6	NM_001323513.2	+	1	2	32	1	6	7	8	5	1	middle	middle	0.625	0.125	alternative	unique	55	12	1
NC_060927.1	130309848	130310235	-1	1	-	NC_060927.1	130309850	130309930	TPRA1	NM_001136053.4	-	1	1	305	1	9	9	15	13	13	middle	middle	0.867	0.867	alternative	alternative	80	80	13
NC_060927.1	130309848	130310235	-1	1	-	NC_060927.1	130310068	130310170	TPRA1	NM_001353006.2	-	1	1	65	219	8	8	15	1	1	middle	middle	0.067	0.067	unique	unique	102	102	1
NC_060927.1	14149741	14150047	-3	1	-	NC_060927.1	14149856	14149949	XPC	NM_001354726.2	-	3	1	98	114	10	10	7	6	6	middle	middle	0.857	0.857	alternative	alternative	93	93	5
NC_060927.1	14149741	14150047	-3	1	-	NC_060927.1	14149742	14149949	XPC	XM_054347761.1	-	3	2	98	0	14	15	7	6	1	middle	last	0.857	0.143	alternative	unique	93	38	1
NC_060927.1	173802718	173802883	-3	1	-	NC_060927.1	173802867	173802880	SLC2A2	NM_001278658.2	-	3	1	3	148	1	1	5	2	2	first	first	0.400	0.400	alternative	alternative	13	13	1
NC_060927.1	173802718	173802883	-3	1	-	NC_060927.1	173802743	173802880	SLC2A2	XM_054347610.1	-	3	2	3	24	1	2	5	2	1	first	middle	0.400	0.200	alternative	unique	13	48	1
NC_060927.1	185784852	185785680	-1	1	-	NC_060927.1	185785579	185785581	DCUN1D1	NM_020640.4	-	1	1	99	726	1	1	9	3	3	first	first	0.333	0.333	alternative	alternative	2	2	3
NC_060927.1	185784852	185785680	-1	1	-	NC_060927.1	185784937	185784978	DCUN1D1	XM_054346906.1	-	1	1	702	84	1	1	9	1	1	first	first	0.111	0.111	unique	unique	41	41	1
NC_060927.1	186951978	186952356	1	1	+	NC_060927.1	186952052	186952153	EIF2B5	NM_003907.3	+	1	1	73	203	10	10	4	3	3	middle	middle	0.750	0.750	alternative	alternative	101	101	3
NC_060927.1	186951978	186952356	1	1	+	NC_060927.1	186952329	186952356	EIF2B5	XM_054348280.1	+	1	1	350	0	11	11	4	1	1	last	last	0.250	0.250	unique	unique	27	27	1
NC_060927.1	198488366	198490280	3	1	+	NC_060927.1	198488701	198490049	TNK2	NM_001010938.2	+	3	1	334	231	13	13	58	58	58	middle	middle	1.000	1.000	constitutive	constitutive	1348	1348	14
NC_060927.1	198488366	198490280	3	1	+	NC_060927.1	198488701	198490241	TNK2	NM_001382271.1	+	3	2	334	39	12	13	58	58	35	middle	middle	1.000	0.603	constitutive	alternative	1348	95	35
NC_060927.1	198488366	198490280	3	1	+	NC_060927.1	198488701	198490241	TNK2	NM_001387713.1	+	3	2	334	39	11	12	58	58	9	middle	middle	1.000	0.155	constitutive	alternative	1348	89	9
NC_060927.1	39142149	39142545	1	1	+	NC_060927.1	39142254	39142533	TTC21A	NM_001105513.3	+	1	2	104	12	15	16	23	23	16	middle	middle	1.000	0.696	constitutive	alternative	72	110	16
NC_060927.1	39142149	39142545	1	1	+	NC_060927.1	39142254	39142326	TTC21A	XM_054345589.1	+	1	1	104	219	16	16	23	23	23	middle	middle	1.000	1.000	constitutive	constitutive	72	72	7
NC_060927.1	40496884	40497481	2	1	+	NC_060927.1	40496933	40497419	ZNF619	NM_001145082.4	+	2	2	48	62	2	3	11	4	3	middle	middle	0.364	0.273	alternative	alternative	153	119	2
NC_060927.1	40496884	40497481	2	1	+	NC_060927.1	40496933	40497086	ZNF619	NM_001145093.4	+	2	1	48	395	2	2	11	4	4	middle	middle	0.364	0.364	alternative	alternative	153	153	2
NC_060927.1	40496884	40497481	2	1	+	NC_060927.1	40497416	40497419	ZNF619	NM_001363277.2	+	2	1	531	62	1	1	11	1	1	first	first	0.091	0.091	unique	unique	3	3	1
NC_060927.1	40496884	40497481	2	1	+	NC_060927.1	40497053	40497419	ZNF619	XM_054346289.1	+	2	2	168	62	1	2	11	1	3	first	middle	0.091	0.273	unique	alternative	33	119	1
NC_060927.1	42716714	42717233	-2	1	-	NC_060927.1	42716718	42717155	HHATL	NM_020707.4	-	2	2	78	3	3	4	11	11	8	middle	middle	1.000	0.727	constitutive	alternative	113	194	8
NC_060927.1	42716714	42717233	-2	1	-	NC_060927.1	42717042	42717155	HHATL	XM_054347383.1	-	2	1	78	327	4	4	11	11	11	middle	middle	1.000	1.000	constitutive	constitutive	113	113	3
NC_060927.1	45946683	45947310	-1	1	-	NC_060927.1	45946954	45947164	FYCO1	NM_001386421.1	-	1	1	146	270	15	15	13	12	12	middle	middle	0.923	0.923	alternative	alternative	210	210	11
NC_060927.1	45946683	45947310	-1	1	-	NC_060927.1	45946711	45947164	FYCO1	NM_001386424.1	-	1	2	146	27	15	16	13	12	1	middle	middle	0.923	0.077	alternative	unique	210	137	1
NC_060927.1	48599168	48599360	-2	1	-	NC_060927.1	48599235	48599294	COL7A1	NM_000094.4	-	2	1	66	66	97	97	10	2	2	middle	middle	0.200	0.200	alternative	alternative	59	59	2
NC_060927.1	48599168	48599360	-2	1	-	NC_060927.1	48599169	48599212	COL7A1	XM_054345175.1	-	2	1	148	0	97	97	10	1	1	last	last	0.100	0.100	unique	unique	43	43	1
NC_060927.1	48600118	48600238	-3	1	-	NC_060927.1	48600203	48600238	COL7A1	NM_000094.4	-	3	1	0	84	92	92	10	7	7	middle	middle	0.700	0.700	alternative	alternative	35	35	7
NC_060927.1	48600118	48600238	-3	1	-	NC_060927.1	48600119	48600120	COL7A1	XM_054345177.1	-	3	1	118	0	94	94	10	1	1	last	last	0.100	0.100	unique	unique	1	1	1
NC_060927.1	48604002	48604269	-1	1	-	NC_060927.1	48604024	48604086	COL7A1	NM_000094.4	-	1	1	183	21	75	75	10	9	9	middle	middle	0.900	0.900	alternative	alternative	62	62	9
NC_060927.1	48604002	48604269	-1	1	-	NC_060927.1	48604167	48604202	COL7A1	XM_054345179.1	-	1	1	67	164	74	74	10	1	1	middle	middle	0.100	0.100	unique	unique	35	35	1
NC_060927.1	48604022	48604658	-2	1	-	NC_060927.1	48604167	48604499	COL7A1	NM_000094.4	-	2	2	159	144	73	74	10	9	9	middle	middle	0.900	0.900	alternative	alternative	200	35	9
NC_060927.1	48604022	48604658	-2	1	-	NC_060927.1	48604361	48604499	COL7A1	XM_054345179.1	-	2	1	159	338	73	73	10	1	1	middle	middle	0.100	0.100	unique	unique	138	138	1
NC_060927.1	48721937	48722420	-2	1	-	NC_060927.1	48721939	48722164	IP6K2	NM_001005909.3	-	2	1	256	1	2	2	24	13	13	middle	middle	0.542	0.542	alternative	alternative	225	225	12
NC_060927.1	48721937	48722420	-2	1	-	NC_060927.1	48721939	48722342	IP6K2	XM_054346808.1	-	2	2	78	1	1	2	24	1	13	first	middle	0.042	0.542	unique	alternative	87	225	1
NC_060927.1	49713552	49713942	-1	1	-	NC_060927.1	49713598	49713940	MST1	NM_001393581.1	-	1	2	2	45	16	17	18	7	5	middle	middle	0.389	0.278	alternative	alternative	106	139	5
NC_060927.1	49713552	49713942	-1	1	-	NC_060927.1	49713655	49713940	MST1	NM_001393582.1	-	1	2	2	102	16	17	18	7	2	middle	middle	0.389	0.111	alternative	alternative	106	82	2
NC_060927.1	49713552	49713942	-1	1	-	NC_060927.1	49713890	49713940	MST1	XM_054346575.1	-	1	1	2	337	16	16	18	4	4	middle	middle	0.222	0.222	alternative	alternative	50	50	4
NC_060927.1	49714544	49714865	-2	1	-	NC_060927.1	49714755	49714790	MST1	NM_001393581.1	-	2	1	75	210	12	12	18	9	9	middle	middle	0.500	0.500	alternative	alternative	35	35	9
NC_060927.1	49714544	49714865	-2	1	-	NC_060927.1	49714546	49714666	MST1	NM_001393582.1	-	2	1	199	1	13	13	18	7	7	middle	middle	0.389	0.389	alternative	alternative	120	120	7
NC_060927.1	49714544	49714865	-2	1	-	NC_060927.1	49714545	49714666	MST1	XM_054346584.1	-	2	1	199	0	13	13	18	1	1	last	last	0.056	0.056	unique	unique	121	121	1
NC_060927.1	49715108	49715594	-2	1	-	NC_060927.1	49715144	49715476	MST1	NM_001393581.1	-	2	2	118	35	9	10	18	8	9	middle	middle	0.444	0.500	alternative	alternative	130	102	8
NC_060927.1	49715108	49715594	-2	1	-	NC_060927.1	49715144	49715246	MST1	NM_001393583.1	-	2	1	348	35	9	9	18	9	9	middle	middle	0.500	0.500	alternative	alternative	102	102	1
NC_060927.1	50379216	50379870	-1	1	-	NC_060927.1	50379388	50379556	NPRL2	NM_006545.5	-	1	1	314	171	3	3	6	5	5	middle	middle	0.833	0.833	alternative	alternative	168	168	5
NC_060927.1	50379216	50379870	-1	1	-	NC_060927.1	50379388	50379819	NPRL2	XM_054344962.1	-	1	2	51	171	1	2	6	1	1	first	middle	0.167	0.167	unique	unique	165	163	1
NC_060927.1	51992597	51993296	-2	1	-	NC_060927.1	51992814	51993239	PCBP4	NM_001174100.2	-	2	2	57	216	5	6	18	18	15	middle	middle	1.000	0.833	constitutive	alternative	131	128	15
NC_060927.1	51992597	51993296	-2	1	-	NC_060927.1	51993108	51993239	PCBP4	NM_020418.4	-	2	1	57	510	5	5	18	18	18	middle	middle	1.000	1.000	constitutive	constitutive	131	131	3
NC_060927.1	58373371	58374175	2	1	+	NC_060927.1	58373396	58373497	PXK	NM_001289095.2	+	2	1	24	678	1	1	58	36	36	first	first	0.621	0.621	alternative	alternative	101	101	36
NC_060927.1	58373371	58374175	2	1	+	NC_060927.1	58373957	58373998	PXK	NM_001349498.1	+	2	1	585	177	1	1	58	1	1	first	first	0.017	0.017	unique	unique	41	41	1
NC_060927.1	9826396	9826819	2	1	+	NC_060927.1	9826682	9826819	ARPC4-TTLL3	NM_001198793.1	+	2	1	285	0	12	12	1	1	1	last	last	1.000	1.000	constitutive	constitutive	137	137	1
NC_060927.1	9826396	9826819	2	1	+	NC_060927.1	9826428	9826819	TTLL3	NM_001387448.1	+	2	2	31	0	11	12	24	2	14	middle	last	0.083	0.583	alternative	alternative	76	137	2
NC_060927.1	9826396	9826819	2	1	+	NC_060927.1	9826682	9826819	TTLL3	NM_001387450.1	+	2	1	285	0	11	11	24	14	14	last	last	0.583	0.583	alternative	alternative	137	137	12
NC_060927.1	9920297	9920732	3	1	+	NC_060927.1	9920317	9920642	IL17RC	NM_001203263.2	+	3	2	19	90	11	12	47	47	34	middle	middle	1.000	0.723	constitutive	alternative	181	50	34
NC_060927.1	9920297	9920732	3	1	+	NC_060927.1	9920317	9920498	IL17RC	NM_001203264.2	+	3	1	19	234	11	11	47	47	47	middle	middle	1.000	1.000	constitutive	constitutive	181	181	13
NC_060927.1	9934770	9935334	1	1	+	NC_060927.1	9934799	9935158	CRELD1	NM_001031717.4	+	1	2	28	176	7	8	13	10	12	middle	middle	0.769	0.923	alternative	alternative	83	95	10
NC_060927.1	9934770	9935334	1	1	+	NC_060927.1	9935063	9935158	CRELD1	NM_001374319.1	+	1	1	292	176	7	7	13	12	12	middle	middle	0.923	0.923	alternative	alternative	95	95	2
NC_060928.1	1001066	1001654	3	1	+	NC_060928.1	1001083	1001204	IDUA	NM_000203.5	+	3	1	16	450	10	10	9	7	7	middle	middle	0.778	0.778	alternative	alternative	121	121	7
NC_060928.1	1001066	1001654	3	1	+	NC_060928.1	1001083	1001654	IDUA	XM_054349934.1	+	3	2	16	0	10	11	9	1	1	middle	last	0.111	0.111	unique	unique	434	58	1
NC_060928.1	112751440	112751788	2	1	+	NC_060928.1	112751547	112751639	SEC24B	NM_001300813.3	+	2	1	106	149	2	2	19	1	1	middle	middle	0.053	0.053	unique	unique	92	92	1
NC_060928.1	112751440	112751788	2	1	+	NC_060928.1	112751726	112751777	SEC24B	XM_054348750.1	+	2	1	285	11	1	1	19	4	4	first	first	0.211	0.211	alternative	alternative	51	51	4
NC_060928.1	131224787	131225042	-1	1	-	NC_060928.1	131224886	131224989	MFSD8	NM_001363520.3	-	1	1	53	98	8	8	22	14	14	middle	middle	0.636	0.636	alternative	alternative	103	103	14
NC_060928.1	131224787	131225042	-1	1	-	NC_060928.1	131224788	131224797	MFSD8	NM_001410766.1	-	1	1	245	0	9	9	22	6	6	last	last	0.273	0.273	alternative	alternative	9	9	6
NC_060928.1	1805116	1805764	2	1	+	NC_060928.1	1805308	1805413	FGFR3	NM_000142.5	+	2	1	191	351	16	16	13	12	12	middle	middle	0.923	0.923	alternative	alternative	105	105	12
NC_060928.1	1805116	1805764	2	1	+	NC_060928.1	1805595	1805764	FGFR3	NM_001354810.2	+	2	1	478	0	16	16	13	1	1	last	last	0.077	0.077	unique	unique	169	169	1
NC_060928.1	3484572	3485787	1	1	+	NC_060928.1	3485237	3485356	DOK7	NM_001301071.2	+	1	1	664	431	5	5	8	6	6	middle	middle	0.750	0.750	alternative	alternative	119	119	5
NC_060928.1	3484572	3485787	1	1	+	NC_060928.1	3484573	3485356	DOK7	XM_054349714.1	+	1	2	0	431	1	2	8	1	6	first	middle	0.125	0.750	unique	alternative	285	119	1
NC_060928.1	4986467	4986875	-1	1	-	NC_060928.1	4986483	4986611	CYTL1	NM_018659.3	-	1	1	264	15	3	3	2	1	1	middle	middle	0.500	0.500	unique	unique	128	128	1
NC_060928.1	4986467	4986875	-1	1	-	NC_060928.1	4986782	4986826	CYTL1	XM_054350197.1	-	1	1	49	314	3	3	2	1	1	middle	middle	0.500	0.500	unique	unique	44	44	1
NC_060928.1	74181582	74182842	-3	1	-	NC_060928.1	74181940	74182296	GRSF1	NM_002092.4	-	3	1	546	357	1	1	4	1	1	first	first	0.250	0.250	unique	unique	356	356	1
NC_060928.1	74181582	74182842	-3	1	-	NC_060928.1	74181646	74181648	GRSF1	XM_054349838.1	-	3	1	1194	63	1	1	4	1	1	first	first	0.250	0.250	unique	unique	2	2	1
NC_060928.1	89427890	89428187	-1	1	-	NC_060928.1	89427971	89428042	MAPK10	NM_001318069.2	-	1	1	145	80	7	7	13	7	7	middle	middle	0.538	0.538	alternative	alternative	71	71	7
NC_060928.1	89427890	89428187	-1	1	-	NC_060928.1	89427891	89427895	MAPK10	XM_054350510.1	-	1	1	292	0	8	8	13	1	1	last	last	0.077	0.077	unique	unique	4	4	1
NC_060928.1	999420	999993	1	1	+	NC_060928.1	999515	999610	IDUA	NM_000203.5	+	1	1	94	383	5	5	9	9	9	middle	middle	1.000	1.000	constitutive	constitutive	95	95	8
NC_060928.1	999420	999993	1	1	+	NC_060928.1	999515	999928	IDUA	XM_054349938.1	+	1	2	94	65	5	6	9	9	1	middle	middle	1.000	0.111	constitutive	unique	95	230	1
NC_060928.1	999703	1001200	2	1	+	NC_060928.1	999726	1000991	IDUA	NM_000203.5	+	2	3	22	209	6	9	9	5	8	middle	middle	0.556	0.889	alternative	alternative	202	212	5
NC_060928.1	999703	1001200	2	1	+	NC_060928.1	999726	1000991	IDUA	XM_054349932.1	+	2	2	22	209	6	7	9	3	8	middle	middle	0.333	0.889	alternative	alternative	806	212	3
NC_060928.1	999703	1001200	2	1	+	NC_060928.1	1000029	1000208	IDUA	XM_054349938.1	+	2	1	325	992	7	7	9	1	1	middle	middle	0.111	0.111	unique	unique	179	179	1
NC_060929.1	134638331	134639204	3	1	+	NC_060929.1	134638536	134639016	TCF7	NM_001346425.2	+	3	2	204	188	1	2	30	13	19	first	middle	0.433	0.633	alternative	alternative	248	66	13
NC_060929.1	134638331	134639204	3	1	+	NC_060929.1	134638950	134639016	TCF7	XM_054353319.1	+	3	1	618	188	2	2	30	19	19	middle	middle	0.633	0.633	alternative	alternative	66	66	6
NC_060929.1	1413290	1414148	-2	1	-	NC_060929.1	1413462	1413707	LPCAT1	XM_054353520.1	-	2	1	441	171	1	1	4	1	1	first	first	0.250	0.250	unique	unique	245	245	1
NC_060929.1	1413290	1414148	-2	1	-	NC_060929.1	1413828	1413839	LPCAT1	XM_054353521.1	-	2	1	309	537	1	1	4	1	1	first	first	0.250	0.250	unique	unique	11	11	1
NC_060929.1	149775387	149775729	1	1	+	NC_060929.1	149775512	149775610	ABLIM3	NM_001301015.3	+	1	1	124	119	13	13	14	4	4	middle	middle	0.286	0.286	alternative	alternative	98	98	3
NC_060929.1	149775387	149775729	1	1	+	NC_060929.1	149775512	149775729	ABLIM3	XM_054352096.1	+	1	2	124	0	13	14	14	4	1	middle	last	0.286	0.071	alternative	unique	98	31	1
NC_060929.1	150915706	150916327	2	1	+	NC_060929.1	150915770	150916273	TCOF1	NM_000356.4	+	2	2	63	54	15	16	50	30	50	middle	middle	0.600	1.000	alternative	constitutive	179	200	30
NC_060929.1	150915706	150916327	2	1	+	NC_060929.1	150916073	150916273	TCOF1	XM_054353348.1	+	2	1	366	54	16	16	50	50	50	middle	middle	1.000	1.000	constitutive	constitutive	200	200	20
NC_060929.1	160808994	160809471	-1	1	-	NC_060929.1	160809081	160809294	CCNJL	NM_001308173.3	-	1	1	177	86	2	2	9	6	6	middle	middle	0.667	0.667	alternative	alternative	213	213	4
NC_060929.1	160808994	160809471	-1	1	-	NC_060929.1	160809081	160809465	CCNJL	XM_054353441.1	-	1	2	6	86	1	2	9	2	6	first	middle	0.222	0.667	alternative	alternative	56	213	2
NC_060929.1	160808994	160809471	-1	1	-	NC_060929.1	160809081	160809150	CCNJL	XM_054353446.1	-	1	1	321	86	1	1	9	1	1	first	first	0.111	0.111	unique	unique	69	69	1
NC_060929.1	177850355	177851267	-2	1	-	NC_060929.1	177850356	177851198	MXD3	NM_001142935.2	-	2	2	69	0	5	6	4	4	1	middle	last	1.000	0.250	constitutive	unique	183	73	1
NC_060929.1	177850355	177851267	-2	1	-	NC_060929.1	177851015	177851198	MXD3	NM_001394986.1	-	2	1	69	659	5	5	4	4	4	middle	middle	1.000	1.000	constitutive	constitutive	183	183	3
NC_060929.1	177909683	177910454	3	1	+	NC_060929.1	177909930	177910256	RGS14	NM_001366617.1	+	3	2	246	198	4	5	5	4	4	middle	middle	0.800	0.800	alternative	alternative	92	143	4
NC_060929.1	177909683	177910454	3	1	+	NC_060929.1	177910233	177910256	RGS14	XM_054351450.1	+	3	1	549	198	1	1	5	1	1	first	first	0.200	0.200	unique	unique	23	23	1
NC_060929.1	177914489	177915011	3	1	+	NC_060929.1	177914566	177914805	RGS14	NM_001366617.1	+	3	2	76	206	13	14	5	5	4	middle	middle	1.000	0.800	constitutive	alternative	46	114	4
NC_060929.1	177914489	177915011	3	1	+	NC_060929.1	177914566	177914612	RGS14	NM_001366618.1	+	3	1	76	399	13	13	5	5	5	middle	middle	1.000	1.000	constitutive	constitutive	46	46	1
NC_060929.1	178774696	178774981	-3	1	-	NC_060929.1	178774733	178774849	PHYKPL	NM_001278346.1	-	3	1	132	36	5	5	22	15	15	middle	middle	0.682	0.682	alternative	alternative	116	116	15
NC_060929.1	178774696	178774981	-3	1	-	NC_060929.1	178774733	178774792	PHYKPL	XM_054353719.1	-	3	1	189	36	1	1	22	1	1	first	first	0.045	0.045	unique	unique	59	59	1
NC_060929.1	178774696	178774981	-3	1	-	NC_060929.1	178774901	178774924	PHYKPL	XM_054353720.1	-	3	1	57	204	1	1	22	2	2	first	first	0.091	0.091	alternative	alternative	23	23	2
NC_060929.1	180422526	180423021	-1	1	-	NC_060929.1	180422898	180422969	TBC1D9B	NM_015043.4	-	1	1	52	371	18	18	2	2	2	middle	middle	1.000	1.000	constitutive	constitutive	71	71	1
NC_060929.1	180422526	180423021	-1	1	-	NC_060929.1	180422565	180422969	TBC1D9B	NM_198868.3	-	1	2	52	38	18	19	2	2	1	middle	middle	1.000	0.500	constitutive	unique	71	50	1
NC_060929.1	746265	746766	-1	1	-	NC_060929.1	746547	746702	ZDHHC11	NM_001393492.1	-	1	1	64	281	5	5	22	11	11	middle	middle	0.500	0.500	alternative	alternative	155	155	4
NC_060929.1	746265	746766	-1	1	-	NC_060929.1	746271	746702	ZDHHC11	XM_054353500.1	-	1	2	64	5	5	6	22	11	11	middle	middle	0.500	0.500	alternative	alternative	155	128	7
NC_060929.1	746265	746766	-1	1	-	NC_060929.1	746271	746649	ZDHHC11	XM_054353512.1	-	1	2	117	5	3	4	22	2	11	middle	middle	0.091	0.500	alternative	alternative	102	128	2
NC_060929.1	746265	746766	-1	1	-	NC_060929.1	746271	746691	ZDHHC11	XM_054353518.1	-	1	2	75	5	1	2	22	2	11	first	middle	0.091	0.500	alternative	alternative	144	128	2
NC_060930.1	169416436	169416922	-2	1	-	NC_060930.1	169416662	169416670	FRMD1	NM_001122841.3	-	2	1	252	225	1	1	15	2	2	first	first	0.133	0.133	alternative	alternative	8	8	2
NC_060930.1	169416436	169416922	-2	1	-	NC_060930.1	169416443	169416514	FRMD1	XM_054356449.1	-	2	1	408	6	1	1	15	1	1	first	first	0.067	0.067	unique	unique	71	71	1
NC_060930.1	25642270	25642732	2	1	+	NC_060930.1	25642367	25642731	SLC17A4	NM_001286121.1	+	2	2	96	1	7	8	16	13	11	middle	middle	0.812	0.688	alternative	alternative	132	147	11
NC_060930.1	25642270	25642732	2	1	+	NC_060930.1	25642367	25642732	SLC17A4	XM_054353981.1	+	2	2	96	0	8	9	16	13	1	middle	last	0.812	0.062	alternative	unique	132	148	1
NC_060930.1	25642270	25642732	2	1	+	NC_060930.1	25642367	25642499	SLC17A4	XM_054353983.1	+	2	1	96	233	8	8	16	13	13	middle	middle	0.812	0.812	alternative	alternative	132	132	1
NC_060930.1	30209265	30209610	1	1	+	NC_060930.1	30209509	30209609	TRIM39-RPP21	NM_001199119.1	+	1	1	243	1	7	7	1	1	1	middle	middle	1.000	1.000	constitutive	constitutive	100	100	1
NC_060930.1	30209265	30209610	1	1	+	NC_060930.1	30209383	30209609	RPP21	NM_001199120.3	+	1	2	117	1	1	2	3	3	3	first	middle	1.000	1.000	constitutive	constitutive	56	100	3
NC_060930.1	31024409	31024751	-1	1	-	NC_060930.1	31024411	31024516	CCHCR1	NM_001105563.3	-	1	1	235	1	3	3	27	6	6	middle	middle	0.222	0.222	alternative	alternative	105	105	1
NC_060930.1	31024409	31024751	-1	1	-	NC_060930.1	31024411	31024624	CCHCR1	NM_001105564.2	-	1	1	127	1	3	3	27	18	18	middle	middle	0.667	0.667	alternative	alternative	213	213	2
NC_060930.1	31024409	31024751	-1	1	-	NC_060930.1	31024411	31024718	CCHCR1	NM_001394642.1	-	1	2	33	1	1	2	27	21	18	first	middle	0.778	0.667	alternative	alternative	15	213	16
NC_060930.1	31024409	31024751	-1	1	-	NC_060930.1	31024411	31024562	CCHCR1	NM_001394647.1	-	1	1	189	1	1	1	27	1	1	first	first	0.037	0.037	unique	unique	151	151	1
NC_060930.1	31024409	31024751	-1	1	-	NC_060930.1	31024411	31024718	CCHCR1	NM_001394648.1	-	1	2	33	1	1	2	27	21	6	first	middle	0.778	0.222	alternative	alternative	15	105	5
NC_060930.1	31852086	31852644	1	1	+	NC_060930.1	31852211	31852350	C4A	NM_001252204.2	+	1	1	124	294	33	33	2	1	1	middle	middle	0.500	0.500	unique	unique	139	139	1
NC_060930.1	31852086	31852644	1	1	+	NC_060930.1	31852211	31852602	C4A	NM_007293.3	+	1	2	124	42	33	34	2	1	1	middle	middle	0.500	0.500	unique	unique	186	90	1
NC_060930.1	32034511	32034877	-2	1	-	NC_060930.1	32034715	32034823	AGER	NM_001206936.2	-	2	1	54	203	9	9	12	3	3	middle	middle	0.250	0.250	alternative	alternative	108	108	3
NC_060930.1	32034511	32034877	-2	1	-	NC_060930.1	32034542	32034668	AGER	NM_172197.3	-	2	1	209	30	9	9	12	1	1	middle	middle	0.083	0.083	unique	unique	126	126	1
NC_060930.1	32034511	32034877	-2	1	-	NC_060930.1	32034797	32034823	AGER	XM_054354414.1	-	2	1	54	285	8	8	12	2	2	middle	middle	0.167	0.167	alternative	alternative	26	26	2
NC_060930.1	33115155	33115587	-3	1	-	NC_060930.1	33115157	33115428	RGL2	NM_001243738.2	-	3	2	159	1	9	10	9	9	8	middle	middle	1.000	0.889	constitutive	alternative	32	121	8
NC_060930.1	33115155	33115587	-3	1	-	NC_060930.1	33115396	33115428	RGL2	XM_054356137.1	-	3	1	159	240	9	9	9	9	9	middle	middle	1.000	1.000	constitutive	constitutive	32	32	1
NC_060930.1	33235587	33236007	1	1	+	NC_060930.1	33235605	33235728	PHF1	NM_002636.5	+	1	1	17	279	8	8	19	17	17	middle	middle	0.895	0.895	alternative	alternative	123	123	17
NC_060930.1	33235587	33236007	1	1	+	NC_060930.1	33235839	33235906	PHF1	XM_054355628.1	+	1	1	251	101	4	4	19	2	2	middle	middle	0.105	0.105	alternative	alternative	67	67	2
NC_060930.1	33236110	33236593	2	1	+	NC_060930.1	33236317	33236506	PHF1	NM_024165.3	+	2	1	206	87	11	11	19	14	14	middle	middle	0.737	0.737	alternative	alternative	189	189	14
NC_060930.1	33236110	33236593	2	1	+	NC_060930.1	33236577	33236593	PHF1	XM_054355625.1	+	2	1	466	0	13	13	19	1	1	last	last	0.053	0.053	unique	unique	16	16	1
NC_060930.1	33236110	33236593	2	1	+	NC_060930.1	33236328	33236506	PHF1	XM_054355628.1	+	2	1	217	87	6	6	19	2	2	middle	middle	0.105	0.105	alternative	alternative	178	178	2
NC_060930.1	35302895	35303450	-1	1	-	NC_060930.1	35303136	35303198	TEAD3	NM_001395214.1	-	1	1	252	240	3	3	2	1	1	middle	middle	0.500	0.500	unique	unique	62	62	1
NC_060930.1	35302895	35303450	-1	1	-	NC_060930.1	35303388	35303450	TEAD3	NM_003214.4	-	1	1	0	492	3	3	2	1	1	middle	middle	0.500	0.500	unique	unique	62	62	1
NC_060930.1	42764413	42764815	2	1	+	NC_060930.1	42764476	42764734	CNPY3	NM_001318842.1	+	2	2	62	81	3	4	5	2	1	middle	middle	0.400	0.200	alternative	unique	61	133	1
NC_060930.1	42764413	42764815	2	1	+	NC_060930.1	42764638	42764734	CNPY3	NM_001318845.1	+	2	1	224	81	2	2	5	2	2	middle	middle	0.400	0.400	alternative	alternative	96	96	2
NC_060930.1	42764413	42764815	2	1	+	NC_060930.1	42764476	42764537	CNPY3	NM_001318847.2	+	2	1	62	278	3	3	5	2	2	middle	middle	0.400	0.400	alternative	alternative	61	61	1
NC_060930.1	42764413	42764815	2	1	+	NC_060930.1	42764638	42764815	CNPY3	NM_001318848.2	+	2	1	224	0	3	3	5	1	1	last	last	0.200	0.200	unique	unique	177	177	1
NC_060930.1	43277570	43277972	3	1	+	NC_060930.1	43277648	43277793	ABCC10	NM_001198934.2	+	3	1	77	179	18	18	15	11	11	middle	middle	0.733	0.733	alternative	alternative	145	145	11
NC_060930.1	43277570	43277972	3	1	+	NC_060930.1	43277648	43277971	ABCC10	XM_054356704.1	+	3	2	77	1	18	19	15	2	1	middle	middle	0.133	0.067	alternative	unique	129	97	1
NC_060930.1	43277570	43277972	3	1	+	NC_060930.1	43277648	43277972	ABCC10	XM_054356705.1	+	3	2	77	0	18	19	15	2	1	middle	last	0.133	0.067	alternative	unique	129	98	1
NC_060930.1	44017827	44018100	1	1	+	NC_060930.1	44017865	44017923	CAPN11	NM_007058.4	+	1	1	37	177	22	22	6	4	4	middle	middle	0.667	0.667	alternative	alternative	58	58	4
NC_060930.1	44017827	44018100	1	1	+	NC_060930.1	44018066	44018100	CAPN11	XM_054354126.1	+	1	1	238	0	22	22	6	1	1	last	last	0.167	0.167	unique	unique	34	34	1
NC_060930.1	64725933	64726149	1	1	+	NC_060930.1	64726002	64726149	PTP4A1	NM_001385265.1	+	1	1	68	0	5	5	14	1	1	last	last	0.071	0.071	unique	unique	147	147	1
NC_060930.1	64725933	64726149	1	1	+	NC_060930.1	64725954	64725988	PTP4A1	NM_001385266.1	+	1	1	20	161	5	5	14	1	1	middle	middle	0.071	0.071	unique	unique	34	34	1
NC_060930.1	86853754	86854252	-2	1	-	NC_060930.1	86853800	86854189	SYNCRIP	NM_001159673.2	-	2	2	63	45	2	3	16	15	16	middle	middle	0.938	1.000	alternative	constitutive	113	176	15
NC_060930.1	86853754	86854252	-2	1	-	NC_060930.1	86853800	86853976	SYNCRIP	NM_001253771.2	-	2	1	276	45	2	2	16	16	16	middle	middle	1.000	1.000	constitutive	constitutive	176	176	1
NC_060931.1	101817318	101817765	-1	1	-	NC_060931.1	101817356	101817472	LRCH4	NM_001289934.2	-	1	1	293	37	11	11	23	8	8	middle	middle	0.348	0.348	alternative	alternative	116	116	8
NC_060931.1	101817318	101817765	-1	1	-	NC_060931.1	101817580	101817664	LRCH4	XM_054358234.1	-	1	1	101	261	10	10	23	4	4	middle	middle	0.174	0.174	alternative	alternative	84	84	4
NC_060931.1	103812125	103812695	-2	1	-	NC_060931.1	103812465	103812657	RASA4B	NM_001277335.2	-	2	1	38	339	13	13	9	8	8	middle	middle	0.889	0.889	alternative	alternative	192	192	8
NC_060931.1	103812125	103812695	-2	1	-	NC_060931.1	103812126	103812259	RASA4B	XM_054356949.1	-	2	1	436	0	14	14	9	1	1	last	last	0.111	0.111	unique	unique	133	133	1
NC_060931.1	106702408	106703650	-3	1	-	NC_060931.1	106703428	106703554	SRPK2	NM_001350740.2	-	3	1	96	1019	1	1	24	3	3	first	first	0.125	0.125	alternative	alternative	126	126	3
NC_060931.1	106702408	106703650	-3	1	-	NC_060931.1	106702975	106702990	SRPK2	NM_001350741.2	-	3	1	660	566	1	1	24	4	4	first	first	0.167	0.167	alternative	alternative	15	15	4
NC_060931.1	107427482	107428130	-2	1	-	NC_060931.1	107427534	107427923	SYPL1	NM_001381910.1	-	2	2	207	51	1	2	13	5	5	first	middle	0.385	0.385	alternative	alternative	50	71	5
NC_060931.1	107427482	107428130	-2	1	-	NC_060931.1	107427534	107427602	SYPL1	NM_001381911.1	-	2	1	528	51	1	1	13	6	6	first	first	0.462	0.462	alternative	alternative	68	68	6
NC_060931.1	107427482	107428130	-2	1	-	NC_060931.1	107427546	107427602	SYPL1	NM_001381912.1	-	2	1	528	63	1	1	13	1	1	first	first	0.077	0.077	unique	unique	56	56	1
NC_060931.1	139770029	139771037	3	1	+	NC_060931.1	139770243	139770606	TRIM24	NM_003852.4	+	3	1	213	431	1	1	3	2	2	first	first	0.667	0.667	alternative	alternative	363	363	2
NC_060931.1	139770029	139771037	3	1	+	NC_060931.1	139770690	139770996	TRIM24	XM_054359285.1	+	3	1	660	41	1	1	3	1	1	first	first	0.333	0.333	unique	unique	306	306	1
NC_060931.1	143380237	143380930	2	1	+	NC_060931.1	143380432	143380720	MGAM	NM_001365693.1	+	2	2	194	210	37	38	9	8	7	middle	middle	0.889	0.778	alternative	alternative	133	34	7
NC_060931.1	143380237	143380930	2	1	+	NC_060931.1	143380432	143380565	MGAM	NM_004668.3	+	2	1	194	365	37	37	9	8	8	middle	middle	0.889	0.889	alternative	alternative	133	133	1
NC_060931.1	144152204	144152834	3	1	+	NC_060931.1	144152278	144152325	TRBJ2-2	unassigned_transcript_1481	+	3	1	73	509	1	1	1	1	1	first	first	1.000	1.000	constitutive	constitutive	47	47	1
NC_060931.1	144152204	144152834	3	1	+	NC_060931.1	144152415	144152457	TRBJ2-2P	unassigned_transcript_1482	+	3	1	210	377	1	1	1	1	1	first	first	1.000	1.000	constitutive	constitutive	42	42	1
NC_060931.1	144152204	144152834	3	1	+	NC_060931.1	144152565	144152610	TRBJ2-3	unassigned_transcript_1483	+	3	1	360	224	1	1	1	1	1	first	first	1.000	1.000	constitutive	constitutive	45	45	1
NC_060931.1	144152716	144153010	2	1	+	NC_060931.1	144152837	144152881	TRBJ2-5	unassigned_transcript_1485	+	2	1	120	129	1	1	1	1	1	first	first	1.000	1.000	constitutive	constitutive	44	44	1
NC_060931.1	144152716	144153010	2	1	+	NC_060931.1	144152957	144153006	TRBJ2-6	unassigned_transcript_1486	+	2	1	240	4	1	1	1	1	1	first	first	1.000	1.000	constitutive	constitutive	49	49	1
NC_060931.1	144317061	144317571	-1	1	-	NC_060931.1	144317206	144317283	KEL	NM_000420.3	-	1	1	288	144	2	2	4	4	4	middle	middle	1.000	1.000	constitutive	constitutive	77	77	3
NC_060931.1	144317061	144317571	-1	1	-	NC_060931.1	144317206	144317484	KEL	XM_054358183.1	-	1	2	87	144	1	2	4	1	4	first	middle	0.250	1.000	unique	constitutive	38	77	1
NC_060931.1	150911090	150911444	3	1	+	NC_060931.1	150911107	150911289	KRABD3	NM_001290187.2	+	3	1	16	155	13	13	30	19	19	middle	middle	0.633	0.633	alternative	alternative	182	182	18
NC_060931.1	150911090	150911444	3	1	+	NC_060931.1	150911107	150911444	KRABD3	XM_054359246.1	+	3	2	16	0	13	14	30	19	1	middle	last	0.633	0.033	alternative	unique	182	37	1
NC_060931.1	152291268	152291877	1	1	+	NC_060931.1	152291297	152291431	AGAP3	NM_001042535.4	+	1	1	28	446	9	9	22	20	20	middle	middle	0.909	0.909	alternative	alternative	134	134	16
NC_060931.1	152291268	152291877	1	1	+	NC_060931.1	152291297	152291719	AGAP3	XM_054357214.1	+	1	2	28	158	6	7	22	20	4	middle	middle	0.909	0.182	alternative	alternative	134	158	4
NC_060931.1	152554189	152555188	-3	1	-	NC_060931.1	152554190	152554574	WDR86	NM_001284261.2	-	3	1	614	0	3	3	17	2	2	last	last	0.118	0.118	alternative	alternative	384	384	2
NC_060931.1	152554189	152555188	-3	1	-	NC_060931.1	152554706	152554809	WDR86	NM_001284262.2	-	3	1	379	516	3	3	17	4	4	middle	middle	0.235	0.235	alternative	alternative	103	103	4
NC_060931.1	152554189	152555188	-3	1	-	NC_060931.1	152554446	152554574	WDR86	XM_054358124.1	-	3	1	614	256	5	5	17	1	1	middle	middle	0.059	0.059	unique	unique	128	128	1
NC_060931.1	20466565	20467036	2	1	+	NC_060931.1	20466752	20466878	ITGB8	NM_002214.3	+	2	1	186	158	1	1	7	1	1	first	first	0.143	0.143	unique	unique	126	126	1
NC_060931.1	20466565	20467036	2	1	+	NC_060931.1	20466922	20466968	ITGB8	XM_054358160.1	+	2	1	356	68	2	2	7	2	2	middle	middle	0.286	0.286	alternative	alternative	46	46	2
NC_060931.1	37825767	37826097	1	1	+	NC_060931.1	37825945	37826068	GPR141	XM_054358134.1	+	1	1	177	29	2	2	15	2	2	middle	middle	0.133	0.133	alternative	alternative	123	123	2
NC_060931.1	37825767	37826097	1	1	+	NC_060931.1	37825774	37825783	GPR141	XM_054358138.1	+	1	1	6	314	1	1	15	1	1	first	first	0.067	0.067	unique	unique	9	9	1
NC_060931.1	38061608	38062487	3	1	+	NC_060931.1	38061975	38062243	EPDR1	NM_001242946.2	+	3	1	366	244	1	1	3	2	2	first	first	0.667	0.667	alternative	alternative	268	268	2
NC_060931.1	38061608	38062487	3	1	+	NC_060931.1	38062401	38062486	EPDR1	NM_001242948.2	+	3	1	792	1	1	1	3	1	1	first	first	0.333	0.333	unique	unique	85	85	1
NC_060931.1	44232230	44232833	-2	1	-	NC_060931.1	44232282	44232524	POLM	NM_001284330.2	-	2	1	309	51	7	7	4	4	4	middle	middle	1.000	1.000	constitutive	constitutive	242	242	2
NC_060931.1	44232230	44232833	-2	1	-	NC_060931.1	44232282	44232732	POLM	NM_001362683.2	-	2	2	101	51	8	9	4	2	4	middle	middle	0.500	1.000	alternative	constitutive	102	242	2
NC_060931.1	44304553	44305192	-3	1	-	NC_060931.1	44305017	44305172	GCK	NM_000162.5	-	3	1	20	463	8	8	8	4	4	middle	middle	0.500	0.500	alternative	alternative	155	155	4
NC_060931.1	44304553	44305192	-3	1	-	NC_060931.1	44305173	44305180	GCK	NM_001354801.1	-	3	1	12	619	1	1	8	1	1	first	first	0.125	0.125	unique	unique	7	7	1
NC_060931.1	44392804	44393344	-3	1	-	NC_060931.1	44392886	44393172	CAMK2B	NM_001220.5	-	3	2	172	81	14	15	35	24	26	middle	middle	0.686	0.743	alternative	alternative	37	71	19
NC_060931.1	44392804	44393344	-3	1	-	NC_060931.1	44392886	44393175	CAMK2B	NM_172079.3	-	3	2	169	81	13	14	35	10	26	middle	middle	0.286	0.743	alternative	alternative	40	71	7
NC_060931.1	44392804	44393344	-3	1	-	NC_060931.1	44393135	44393172	CAMK2B	NM_172082.3	-	3	1	172	330	14	14	35	24	24	middle	middle	0.686	0.686	alternative	alternative	37	37	5
NC_060931.1	44392804	44393344	-3	1	-	NC_060931.1	44393135	44393175	CAMK2B	NM_172083.3	-	3	1	169	330	13	13	35	10	10	middle	middle	0.286	0.286	alternative	alternative	40	40	3
NC_060931.1	74503756	74504194	-3	1	-	NC_060931.1	74503758	74503898	NSUN5	NM_001168347.3	-	3	1	296	1	9	9	5	2	2	middle	middle	0.400	0.400	alternative	alternative	140	140	2
NC_060931.1	74503756	74504194	-3	1	-	NC_060931.1	74503757	74503898	NSUN5	NM_001168348.3	-	3	1	296	0	9	9	5	2	2	last	last	0.400	0.400	alternative	alternative	141	141	2
NC_060931.1	74503756	74504194	-3	1	-	NC_060931.1	74503984	74504194	NSUN5	XM_054358631.1	-	3	1	0	227	8	8	5	1	1	middle	middle	0.200	0.200	unique	unique	210	210	1
NC_060931.1	74901390	74901828	-1	1	-	NC_060931.1	74901391	74901400	STX1A	NM_001165903.2	-	1	1	428	0	10	10	4	1	1	last	last	0.250	0.250	unique	unique	9	9	1
NC_060931.1	74901390	74901828	-1	1	-	NC_060931.1	74901646	74901756	STX1A	NM_004603.4	-	1	1	72	255	9	9	4	1	1	middle	middle	0.250	0.250	unique	unique	110	110	1
NC_060931.1	77275551	77276745	-1	1	-	NC_060931.1	77275575	77275993	TMEM120A	NM_001317803.2	-	1	2	752	23	6	8	4	2	2	middle	middle	0.500	0.500	alternative	alternative	89	61	2
NC_060931.1	77275551	77276745	-1	1	-	NC_060931.1	77275735	77275993	TMEM120A	NM_001363462.2	-	1	1	752	183	6	6	4	2	2	middle	middle	0.500	0.500	alternative	alternative	258	258	2
NC_060932.1	12171315	12172083	-2	1	-	NC_060932.1	12171489	12171754	LOC128966622	NM_001421885.1	-	2	1	329	173	6	6	15	9	9	middle	middle	0.600	0.600	alternative	alternative	265	265	9
NC_060932.1	12171315	12172083	-2	1	-	NC_060932.1	12171316	12171754	LOC128966622	XM_054361665.1	-	2	1	329	0	4	4	15	1	1	last	last	0.067	0.067	unique	unique	438	438	1
NC_060932.1	12171315	12172083	-2	1	-	NC_060932.1	12171837	12172065	LOC128966622	XM_054361667.1	-	2	1	18	521	1	1	15	1	1	first	first	0.067	0.067	unique	unique	228	228	1
NC_060932.1	12171315	12172083	-2	1	-	NC_060932.1	12171837	12171970	LOC128966622	XM_054361668.1	-	2	1	113	521	2	2	15	2	2	middle	middle	0.133	0.133	alternative	alternative	133	133	2
NC_060932.1	12171315	12172083	-2	1	-	NC_060932.1	12171489	12171699	LOC128966622	XM_054361670.1	-	2	1	384	173	1	1	15	1	1	first	first	0.067	0.067	unique	unique	210	210	1
NC_060932.1	141005571	141005964	-2	1	-	NC_060932.1	141005808	141005898	TRAPPC9	NM_001160372.4	-	2	1	66	236	20	20	17	14	14	middle	middle	0.824	0.824	alternative	alternative	90	90	10
NC_060932.1	141005571	141005964	-2	1	-	NC_060932.1	141005572	141005898	TRAPPC9	XM_054361329.1	-	2	2	66	0	21	22	17	14	4	middle	last	0.824	0.235	alternative	alternative	90	34	4
NC_060932.1	143686637	143687207	3	1	+	NC_060932.1	143686704	143687009	ADGRB1	NM_001391985.1	+	3	2	66	198	28	29	19	17	17	middle	middle	0.895	0.895	alternative	alternative	35	107	17
NC_060932.1	143686637	143687207	3	1	+	NC_060932.1	143686767	143687009	ADGRB1	XM_054360933.1	+	3	1	129	198	28	28	19	1	1	middle	middle	0.053	0.053	unique	unique	242	242	1
NC_060932.1	144717004	144717298	-1	1	-	NC_060932.1	144717181	144717283	MROH6	NM_001100878.2	-	1	1	15	176	12	12	21	14	14	middle	middle	0.667	0.667	alternative	alternative	102	102	14
NC_060932.1	144717004	144717298	-1	1	-	NC_060932.1	144717006	144717071	MROH6	XM_054360982.1	-	1	1	227	1	12	12	21	2	2	middle	middle	0.095	0.095	alternative	alternative	65	65	2
NC_060932.1	144724714	144725452	-1	1	-	NC_060932.1	144724819	144725098	NAPRT	NM_001286829.2	-	1	2	354	104	9	10	5	4	5	middle	middle	0.800	1.000	alternative	constitutive	80	102	4
NC_060932.1	144724714	144725452	-1	1	-	NC_060932.1	144724819	144724921	NAPRT	NM_001363145.1	-	1	1	531	104	9	9	5	5	5	middle	middle	1.000	1.000	constitutive	constitutive	102	102	1
NC_060932.1	144726040	144726691	-1	1	-	NC_060932.1	144726042	144726573	NAPRT	NM_001286829.2	-	1	2	118	1	5	6	5	3	5	middle	middle	0.600	1.000	alternative	constitutive	115	196	3
NC_060932.1	144726040	144726691	-1	1	-	NC_060932.1	144726042	144726238	NAPRT	NM_001363146.1	-	1	1	453	1	1	1	5	5	5	first	first	1.000	1.000	constitutive	constitutive	196	196	2
NC_060932.1	144876594	144877644	1	1	+	NC_060932.1	144877140	144877542	MAPK15	NM_139021.3	+	1	2	545	102	9	10	8	5	7	middle	middle	0.625	0.875	alternative	alternative	137	105	4
NC_060932.1	144876594	144877644	1	1	+	NC_060932.1	144877175	144877542	MAPK15	XM_054360095.1	+	1	2	580	102	8	9	8	3	7	middle	middle	0.375	0.875	alternative	alternative	102	105	3
NC_060932.1	144876594	144877644	1	1	+	NC_060932.1	144877140	144877277	MAPK15	XM_054360098.1	+	1	1	545	367	9	9	8	5	5	middle	middle	0.625	0.625	alternative	alternative	137	137	1
NC_060932.1	144947957	144949013	-3	1	-	NC_060932.1	144948369	144948406	SCRIB	NM_015356.5	-	3	1	607	411	34	34	2	2	2	middle	middle	1.000	1.000	constitutive	constitutive	37	37	1
NC_060932.1	144947957	144949013	-3	1	-	NC_060932.1	144948159	144948406	SCRIB	NM_182706.5	-	3	2	607	201	34	35	2	2	1	middle	middle	1.000	0.500	constitutive	unique	37	74	1
NC_060932.1	145215300	145216125	-2	1	-	NC_060932.1	145215880	145216040	OPLAH	NM_017570.5	-	2	1	85	579	16	16	8	7	7	middle	middle	0.875	0.875	alternative	alternative	160	160	7
NC_060932.1	145215300	145216125	-2	1	-	NC_060932.1	145215663	145215764	OPLAH	XM_054360290.1	-	2	1	361	362	18	18	8	1	1	middle	middle	0.125	0.125	unique	unique	101	101	1
NC_060932.1	145215410	145216040	-3	1	-	NC_060932.1	145215663	145215764	OPLAH	NM_017570.5	-	3	1	276	252	17	17	8	7	7	middle	middle	0.875	0.875	alternative	alternative	101	101	7
NC_060932.1	145215410	145216040	-3	1	-	NC_060932.1	145215412	145215586	OPLAH	XM_054360290.1	-	3	1	454	1	19	19	8	1	1	middle	middle	0.125	0.125	unique	unique	174	174	1
NC_060932.1	145429212	145429812	1	1	+	NC_060932.1	145429447	145429602	MROH1	NM_001288814.2	+	1	1	234	210	37	37	44	22	22	middle	middle	0.500	0.500	alternative	alternative	155	155	22
NC_060932.1	145429212	145429812	1	1	+	NC_060932.1	145429677	145429809	MROH1	XM_054361142.1	+	1	1	464	3	40	40	44	1	1	last	last	0.023	0.023	unique	unique	132	132	1
NC_060932.1	145522862	145523519	-3	1	-	NC_060932.1	145522866	145523396	CATSPERQ	NM_001252402.3	-	3	2	123	3	1	2	3	3	2	first	middle	1.000	0.667	constitutive	alternative	150	94	2
NC_060932.1	145522862	145523519	-3	1	-	NC_060932.1	145523246	145523396	CATSPERQ	NM_001252404.3	-	3	1	123	383	1	1	3	3	3	first	first	1.000	1.000	constitutive	constitutive	150	150	1
NC_060932.1	145560300	145560891	1	1	+	NC_060932.1	145560478	145560678	ADCK5	NM_174922.5	+	1	1	177	213	5	5	7	5	5	middle	middle	0.714	0.714	alternative	alternative	200	200	5
NC_060932.1	145560300	145560891	1	1	+	NC_060932.1	145560343	145560678	ADCK5	XM_054359951.1	+	1	2	42	213	1	2	7	2	2	first	middle	0.286	0.286	alternative	alternative	25	195	2
NC_060932.1	145682053	145682608	-1	1	-	NC_060932.1	145682158	145682327	RECQL4	NM_001413017.1	-	1	1	281	104	18	18	33	31	31	middle	middle	0.939	0.939	alternative	alternative	169	169	31
NC_060932.1	145682053	145682608	-1	1	-	NC_060932.1	145682054	145682090	RECQL4	XM_054361534.1	-	1	1	518	0	16	16	33	1	1	last	last	0.030	0.030	unique	unique	36	36	1
NC_060932.1	145685946	145686981	-2	1	-	NC_060932.1	145686172	145686948	RECQL4	NM_001413017.1	-	2	2	33	225	5	6	33	3	3	middle	middle	0.091	0.091	alternative	alternative	598	81	3
NC_060932.1	145685946	145686981	-2	1	-	NC_060932.1	145686172	145686948	RECQL4	NM_001413018.1	-	2	1	33	225	5	5	33	12	12	middle	middle	0.364	0.364	alternative	alternative	776	776	12
NC_060932.1	145685946	145686981	-2	1	-	NC_060932.1	145686172	145686231	RECQL4	NM_001413021.1	-	2	1	750	225	1	1	33	11	11	first	first	0.333	0.333	alternative	alternative	59	59	11
NC_060932.1	145685946	145686981	-2	1	-	NC_060932.1	145685948	145686072	RECQL4	NM_001413027.1	-	2	1	909	1	1	1	33	5	5	first	first	0.152	0.152	alternative	alternative	124	124	5
NC_060932.1	145685946	145686981	-2	1	-	NC_060932.1	145686172	145686597	RECQL4	NM_001413029.1	-	2	1	384	225	5	5	33	1	1	middle	middle	0.030	0.030	unique	unique	425	425	1
NC_060932.1	16072513	16072948	2	1	+	NC_060932.1	16072738	16072948	TUSC3	NM_001413679.1	+	2	1	224	0	10	10	30	1	1	last	last	0.033	0.033	unique	unique	210	210	1
NC_060932.1	16072513	16072948	2	1	+	NC_060932.1	16072663	16072735	TUSC3	NM_001413684.1	+	2	1	149	213	10	10	30	1	1	middle	middle	0.033	0.033	unique	unique	72	72	1
NC_060932.1	22412484	22413069	-2	1	-	NC_060932.1	22412874	22413009	REEP4	NM_001316964.2	-	2	1	60	389	6	6	3	2	2	middle	middle	0.667	0.667	alternative	alternative	135	135	1
NC_060932.1	22412484	22413069	-2	1	-	NC_060932.1	22412587	22413009	REEP4	NM_025232.4	-	2	2	60	102	6	7	3	2	1	middle	middle	0.667	0.333	alternative	unique	135	154	1
NC_060932.1	27728027	27728498	3	1	+	NC_060932.1	27728109	27728438	PTK2B	NM_004103.4	+	3	2	81	60	24	25	44	44	39	middle	middle	1.000	0.886	constitutive	alternative	146	35	39
NC_060932.1	27728027	27728498	3	1	+	NC_060932.1	27728109	27728255	PTK2B	XM_054360071.1	+	3	1	81	243	24	24	44	44	44	middle	middle	1.000	1.000	constitutive	constitutive	146	146	5
NC_060932.1	29047831	29048248	-1	1	-	NC_060932.1	29048111	29048248	INTS9	NM_001145159.3	-	1	1	0	279	15	15	14	14	14	middle	middle	1.000	1.000	constitutive	constitutive	137	137	11
NC_060932.1	29047831	29048248	-1	1	-	NC_060932.1	29047832	29048248	INTS9	XM_054360795.1	-	1	2	0	0	16	17	14	14	3	middle	last	1.000	0.214	constitutive	alternative	137	137	3
NC_060932.1	95298665	95299151	-3	1	-	NC_060932.1	95298684	95299147	CDH17	NM_001144663.2	-	3	2	4	18	5	6	13	10	11	middle	middle	0.769	0.846	alternative	alternative	158	199	10
NC_060932.1	95298665	95299151	-3	1	-	NC_060932.1	95298684	95298883	CDH17	NM_001413957.1	-	3	1	268	18	5	5	13	11	11	middle	middle	0.846	0.846	alternative	alternative	199	199	1
NC_060933.1	105435740	105436370	3	1	+	NC_060933.1	105435997	105436320	WNK2	NM_001282394.3	+	3	2	256	50	18	19	51	51	1	middle	middle	1.000	0.020	constitutive	unique	119	110	1
NC_060933.1	105435740	105436370	3	1	+	NC_060933.1	105435997	105436116	WNK2	NM_006648.4	+	3	1	256	254	18	18	51	51	51	middle	middle	1.000	1.000	constitutive	constitutive	119	119	50
NC_060933.1	121626560	121626794	-2	1	-	NC_060933.1	121626687	121626794	PTPN3	NM_001145368.2	-	2	1	0	126	2	2	17	9	9	middle	middle	0.529	0.529	alternative	alternative	107	107	9
NC_060933.1	121626560	121626794	-2	1	-	NC_060933.1	121626568	121626608	PTPN3	XM_054363384.1	-	2	1	186	7	1	1	17	1	1	first	first	0.059	0.059	unique	unique	40	40	1
NC_060933.1	126487977	126488499	1	1	+	NC_060933.1	126488065	126488118	COL27A1	NM_032888.4	+	1	1	87	381	44	44	14	8	8	middle	middle	0.571	0.571	alternative	alternative	53	53	7
NC_060933.1	126487977	126488499	1	1	+	NC_060933.1	126488065	126488446	COL27A1	XM_054364059.1	+	1	2	87	53	44	45	14	8	1	middle	middle	0.571	0.071	alternative	unique	53	123	1
NC_060933.1	126488923	126489532	2	1	+	NC_060933.1	126489209	126489262	COL27A1	NM_032888.4	+	2	1	285	270	46	46	14	7	7	middle	middle	0.500	0.500	alternative	alternative	53	53	7
NC_060933.1	126488923	126489532	2	1	+	NC_060933.1	126489375	126489482	COL27A1	XM_054364059.1	+	2	1	451	50	47	47	14	1	1	middle	middle	0.071	0.071	unique	unique	107	107	1
NC_060933.1	139921057	139921381	-3	1	-	NC_060933.1	139921058	139921379	PTRH1	NM_001002913.3	-	3	2	2	0	4	5	7	4	1	middle	last	0.571	0.143	alternative	unique	45	179	1
NC_060933.1	139921057	139921381	-3	1	-	NC_060933.1	139921058	139921379	PTRH1	NM_001345977.1	-	3	2	2	0	4	5	7	4	1	middle	last	0.571	0.143	alternative	unique	45	86	1
NC_060933.1	139921057	139921381	-3	1	-	NC_060933.1	139921334	139921379	PTRH1	XM_054361987.1	-	3	1	2	276	4	4	7	4	4	middle	middle	0.571	0.571	alternative	alternative	45	45	2
NC_060933.1	139921928	139922786	-2	1	-	NC_060933.1	139922499	139922594	PTRH1	NM_001002913.3	-	2	1	192	570	1	1	7	6	6	first	first	0.857	0.857	alternative	alternative	95	95	6
NC_060933.1	139921928	139922786	-2	1	-	NC_060933.1	139921930	139922149	PTRH1	XM_054361988.1	-	2	1	637	1	2	2	7	1	1	middle	middle	0.143	0.143	unique	unique	219	219	1
NC_060933.1	140134931	140135204	-2	1	-	NC_060933.1	140134933	140134988	PIP5KL1	NM_001135219.2	-	2	1	216	1	7	7	6	4	4	middle	middle	0.667	0.667	alternative	alternative	55	55	4
NC_060933.1	140134931	140135204	-2	1	-	NC_060933.1	140134933	140134973	PIP5KL1	NM_173492.2	-	2	1	231	1	1	1	6	1	1	first	first	0.167	0.167	unique	unique	40	40	1
NC_060933.1	140134931	140135204	-2	1	-	NC_060933.1	140135077	140135168	PIP5KL1	XM_054361992.1	-	2	1	36	145	1	1	6	1	1	first	first	0.167	0.167	unique	unique	91	91	1
NC_060933.1	140474271	140474631	-1	1	-	NC_060933.1	140474308	140474631	GOLGA2	NM_001366244.2	-	1	2	0	36	7	8	14	12	5	middle	middle	0.857	0.357	alternative	alternative	59	80	5
NC_060933.1	140474271	140474631	-1	1	-	NC_060933.1	140474572	140474631	GOLGA2	NM_001366246.2	-	1	1	0	300	7	7	14	12	12	middle	middle	0.857	0.857	alternative	alternative	59	59	6
NC_060933.1	140474271	140474631	-1	1	-	NC_060933.1	140474308	140474631	GOLGA2	NM_001389695.2	-	1	2	0	36	7	8	14	12	1	middle	middle	0.857	0.071	alternative	unique	59	65	1
NC_060933.1	141143748	141144411	1	1	+	NC_060933.1	141143777	141143905	PHYHD1	NM_001100876.2	+	1	1	28	506	8	8	3	2	2	middle	middle	0.667	0.667	alternative	alternative	128	128	2
NC_060933.1	141143748	141144411	1	1	+	NC_060933.1	141144007	141144123	PHYHD1	NM_174933.4	+	1	1	258	288	8	8	3	1	1	middle	middle	0.333	0.333	unique	unique	116	116	1
NC_060933.1	141288841	141289732	2	1	+	NC_060933.1	141288982	141289080	DOLPP1	NM_001135917.2	+	2	1	140	652	5	5	2	2	2	middle	middle	1.000	1.000	constitutive	constitutive	98	98	1
NC_060933.1	141288841	141289732	2	1	+	NC_060933.1	141288982	141289731	DOLPP1	NM_020438.5	+	2	2	140	1	5	6	2	2	1	middle	middle	1.000	0.500	constitutive	unique	98	128	1
NC_060933.1	142634192	142634789	3	1	+	NC_060933.1	142634533	142634661	HMCN2	NM_001291815.2	+	3	1	340	128	94	94	9	7	7	middle	middle	0.778	0.778	alternative	alternative	128	128	6
NC_060933.1	142634192	142634789	3	1	+	NC_060933.1	142634533	142634789	HMCN2	XM_054362618.1	+	3	2	340	0	94	95	9	7	1	middle	last	0.778	0.111	alternative	unique	128	43	1
NC_060933.1	145689217	145689958	-3	1	-	NC_060933.1	145689368	145689520	SLC2A6	NM_001145099.2	-	3	1	438	150	6	6	7	3	3	middle	middle	0.429	0.429	alternative	alternative	152	152	3
NC_060933.1	145689217	145689958	-3	1	-	NC_060933.1	145689368	145689853	SLC2A6	XM_054361882.1	-	3	2	105	150	1	2	7	1	1	first	middle	0.143	0.143	unique	unique	46	147	1
NC_060933.1	147776356	147777118	2	1	+	NC_060933.1	147777099	147777118	OBP2A	NM_001293193.2	+	2	1	742	0	5	5	3	2	2	last	last	0.667	0.667	alternative	alternative	19	19	2
NC_060933.1	147776356	147777118	2	1	+	NC_060933.1	147776595	147776761	OBP2A	NM_001412135.1	+	2	1	238	357	5	5	3	1	1	middle	middle	0.333	0.333	unique	unique	166	166	1
NC_060933.1	148611006	148611759	-1	1	-	NC_060933.1	148611159	148611408	SNAPC4	NM_001394201.1	-	1	1	351	152	17	17	9	4	4	middle	middle	0.444	0.444	alternative	alternative	249	249	4
NC_060933.1	148611006	148611759	-1	1	-	NC_060933.1	148611159	148611324	SNAPC4	NM_001394202.1	-	1	1	435	152	17	17	9	3	3	middle	middle	0.333	0.333	alternative	alternative	165	165	3
NC_060933.1	148611006	148611759	-1	1	-	NC_060933.1	148611159	148611671	SNAPC4	XM_054363626.1	-	1	2	88	152	2	3	9	1	1	middle	middle	0.111	0.111	unique	unique	83	206	1
NC_060933.1	148902866	148903685	3	1	+	NC_060933.1	148902895	148903311	EGFL7	NM_016215.5	+	3	2	28	374	4	5	12	12	9	middle	middle	1.000	0.750	constitutive	alternative	95	161	9
NC_060933.1	148902866	148903685	3	1	+	NC_060933.1	148902895	148902990	EGFL7	XM_054363068.1	+	3	1	28	695	4	4	12	12	12	middle	middle	1.000	1.000	constitutive	constitutive	95	95	3
NC_060933.1	149337337	149338147	2	1	+	NC_060933.1	149337374	149337562	MAN1B1	NM_016219.5	+	2	1	36	585	8	8	36	2	2	middle	middle	0.056	0.056	alternative	alternative	188	188	2
NC_060933.1	149337337	149338147	2	1	+	NC_060933.1	149337647	149337912	MAN1B1	XM_047445445.1	+	2	1	309	235	1	1	36	1	1	first	first	0.028	0.028	unique	unique	265	265	1
NC_060933.1	149337337	149338147	2	1	+	NC_060933.1	149337647	149337920	MAN1B1	XM_047445446.1	+	2	1	309	227	1	1	36	9	9	first	first	0.250	0.250	alternative	alternative	273	273	9
NC_060933.1	149337337	149338147	2	1	+	NC_060933.1	149337647	149337802	MAN1B1	XM_047445458.1	+	2	1	309	345	1	1	36	1	1	first	first	0.028	0.028	unique	unique	155	155	1
NC_060933.1	149337337	149338147	2	1	+	NC_060933.1	149337647	149338030	MAN1B1	XM_047445468.1	+	2	1	309	117	1	1	36	1	1	first	first	0.028	0.028	unique	unique	383	383	1
NC_060933.1	149337552	149338683	1	1	+	NC_060933.1	149338151	149338643	MAN1B1	XM_047445446.1	+	1	2	598	40	2	3	36	1	2	middle	middle	0.028	0.056	unique	alternative	357	17	1
NC_060933.1	149337552	149338683	1	1	+	NC_060933.1	149338151	149338428	MAN1B1	XM_047445448.1	+	1	1	598	255	2	2	36	1	1	middle	middle	0.028	0.028	unique	unique	277	277	1
NC_060933.1	149337552	149338683	1	1	+	NC_060933.1	149337901	149338643	MAN1B1	XM_047445452.1	+	1	2	348	40	1	2	36	1	2	first	middle	0.028	0.056	unique	alternative	19	17	1
NC_060933.1	149337552	149338683	1	1	+	NC_060933.1	149338151	149338260	MAN1B1	XM_047445454.1	+	1	1	598	423	2	2	36	6	6	middle	middle	0.167	0.167	alternative	alternative	109	109	6
NC_060933.1	149337552	149338683	1	1	+	NC_060933.1	149338151	149338667	MAN1B1	XM_047445465.1	+	1	1	598	16	2	2	36	1	1	middle	middle	0.028	0.028	unique	unique	516	516	1
NC_060933.1	149337707	149338841	3	1	+	NC_060933.1	149338764	149338783	MAN1B1	XM_047445438.1	+	3	1	1056	58	1	1	36	5	5	first	first	0.139	0.139	alternative	alternative	19	19	5
NC_060933.1	149337707	149338841	3	1	+	NC_060933.1	149338215	149338783	MAN1B1	XM_047445439.1	+	3	1	507	58	1	1	36	1	1	first	first	0.028	0.028	unique	unique	568	568	1
NC_060933.1	149337707	149338841	3	1	+	NC_060933.1	149338379	149338783	MAN1B1	XM_047445445.1	+	3	1	671	58	2	2	36	1	1	middle	middle	0.028	0.028	unique	unique	404	404	1
NC_060933.1	149337707	149338841	3	1	+	NC_060933.1	149338215	149338260	MAN1B1	XM_047445453.1	+	3	1	507	581	1	1	36	3	3	first	first	0.083	0.083	alternative	alternative	45	45	3
NC_060933.1	149337707	149338841	3	1	+	NC_060933.1	149337879	149338030	MAN1B1	XM_047445458.1	+	3	2	171	811	2	3	36	1	1	middle	middle	0.028	0.028	unique	unique	33	45	1
NC_060933.1	149337707	149338841	3	1	+	NC_060933.1	149337939	149337984	MAN1B1	XM_047445460.1	+	3	1	231	857	1	1	36	1	1	first	first	0.028	0.028	unique	unique	45	45	1
NC_060933.1	149338150	149338960	2	1	+	NC_060933.1	149338802	149338940	MAN1B1	XM_047445436.1	+	2	1	651	20	1	1	36	1	1	first	first	0.028	0.028	unique	unique	138	138	1
NC_060933.1	149338150	149338960	2	1	+	NC_060933.1	149338822	149338958	MAN1B1	XM_047445438.1	+	2	1	671	2	2	2	36	7	7	middle	middle	0.194	0.194	alternative	alternative	136	136	7
NC_060933.1	149338150	149338960	2	1	+	NC_060933.1	149338840	149338958	MAN1B1	XM_047445446.1	+	2	1	689	2	4	4	36	2	2	middle	middle	0.056	0.056	alternative	alternative	118	118	2
NC_060933.1	149338150	149338960	2	1	+	NC_060933.1	149338784	149338958	MAN1B1	XM_047445448.1	+	2	1	633	2	3	3	36	1	1	middle	middle	0.028	0.028	unique	unique	174	174	1
NC_060933.1	149338150	149338960	2	1	+	NC_060933.1	149338151	149338783	MAN1B1	XM_047445468.1	+	2	1	0	177	2	2	36	1	1	middle	middle	0.028	0.028	unique	unique	632	632	1
NC_060933.1	149339877	149341866	1	1	+	NC_060933.1	149339950	149340044	MAN1B1	XM_047445463.1	+	1	1	72	1822	3	3	36	1	1	middle	middle	0.028	0.028	unique	unique	94	94	1
NC_060933.1	149339877	149341866	1	1	+	NC_060933.1	149339950	149340068	MAN1B1	XM_047445466.1	+	1	1	72	1798	3	3	36	1	1	middle	middle	0.028	0.028	unique	unique	118	118	1
NC_060933.1	149339877	149341866	1	1	+	NC_060933.1	149340769	149341866	MAN1B1	XM_047445467.1	+	1	1	891	0	4	4	36	1	1	last	last	0.028	0.028	unique	unique	1097	1097	1
NC_060933.1	149351540	149352524	-2	1	-	NC_060933.1	149351746	149351909	DPP7	NM_001438108.1	-	2	1	615	205	3	3	7	5	5	middle	middle	0.714	0.714	alternative	alternative	163	163	5
NC_060933.1	149351540	149352524	-2	1	-	NC_060933.1	149352125	149352264	DPP7	XM_054362830.1	-	2	1	260	584	2	2	7	2	2	middle	middle	0.286	0.286	alternative	alternative	139	139	2
NC_060933.1	149351664	149352477	-1	1	-	NC_060933.1	149352345	149352458	DPP7	NM_001438110.1	-	1	1	19	680	2	2	7	2	2	middle	middle	0.286	0.286	alternative	alternative	113	113	2
NC_060933.1	149351664	149352477	-1	1	-	NC_060933.1	149351746	149351909	DPP7	XM_054362830.1	-	1	1	568	81	3	3	7	2	2	middle	middle	0.286	0.286	alternative	alternative	163	163	2
NC_060933.1	149482867	149483605	-3	1	-	NC_060933.1	149482976	149483522	CIMIP2A	NM_001001710.3	-	3	2	83	108	2	3	8	7	6	middle	middle	0.875	0.750	alternative	alternative	214	250	5
NC_060933.1	149482867	149483605	-3	1	-	NC_060933.1	149482976	149483522	CIMIP2A	XM_054362977.1	-	3	2	83	108	3	4	8	7	1	middle	middle	0.875	0.125	alternative	unique	214	136	1
NC_060933.1	149482867	149483605	-3	1	-	NC_060933.1	149482976	149483522	CIMIP2A	XM_054362979.1	-	3	2	83	108	3	4	8	7	1	middle	middle	0.875	0.125	alternative	unique	214	97	1
NC_060933.1	149482867	149483605	-3	1	-	NC_060933.1	149482976	149483226	CIMIP2A	XM_054362981.1	-	3	1	379	108	2	2	8	6	6	middle	middle	0.750	0.750	alternative	alternative	250	250	1
NC_060933.1	149597568	149598318	-1	1	-	NC_060933.1	149597629	149597801	EXD3	NM_017820.5	-	1	1	517	60	15	15	10	7	7	middle	middle	0.700	0.700	alternative	alternative	172	172	7
NC_060933.1	149597568	149598318	-1	1	-	NC_060933.1	149597888	149598050	EXD3	XM_054363188.1	-	1	1	268	319	12	12	10	1	1	middle	middle	0.100	0.100	unique	unique	162	162	1
NC_060933.1	34655537	34655864	-2	1	-	NC_060933.1	34655543	34655635	SIGMAR1	NM_001282205.2	-	2	1	229	5	3	3	7	4	4	middle	middle	0.571	0.571	alternative	alternative	92	92	3
NC_060933.1	34655537	34655864	-2	1	-	NC_060933.1	34655543	34655864	SIGMAR1	NM_001282206.2	-	2	2	0	5	1	2	7	1	4	first	middle	0.143	0.571	unique	alternative	51	92	1
NC_060933.1	35582896	35583781	-3	1	-	NC_060933.1	35583322	35583753	CIMIP2B	NM_001099951.4	-	3	2	28	425	3	4	5	4	4	middle	middle	0.800	0.800	alternative	alternative	205	51	2
NC_060933.1	35582896	35583781	-3	1	-	NC_060933.1	35583516	35583753	CIMIP2B	NM_001287238.2	-	3	1	28	619	3	3	5	1	1	middle	middle	0.200	0.200	unique	unique	237	237	1
NC_060933.1	35582896	35583781	-3	1	-	NC_060933.1	35583053	35583753	CIMIP2B	NM_001287239.2	-	3	3	28	156	3	5	5	4	2	middle	middle	0.800	0.400	alternative	alternative	205	148	2
NC_060933.1	35583075	35583396	-1	1	-	NC_060933.1	35583076	35583179	CIMIP2B	NM_001099951.4	-	1	1	217	0	5	5	5	1	1	last	last	0.200	0.200	unique	unique	103	103	1
NC_060933.1	35583075	35583396	-1	1	-	NC_060933.1	35583322	35583373	CIMIP2B	NM_001287238.2	-	1	1	23	246	4	4	5	1	1	middle	middle	0.200	0.200	unique	unique	51	51	1
NC_060933.1	35705332	35705812	-3	1	-	NC_060933.1	35705384	35705459	TPM2	NM_001301226.2	-	3	1	353	51	6	6	5	2	2	middle	middle	0.400	0.400	alternative	alternative	75	75	2
NC_060933.1	35705332	35705812	-3	1	-	NC_060933.1	35705717	35705792	TPM2	NM_001301227.2	-	3	1	20	384	6	6	5	3	3	middle	middle	0.600	0.600	alternative	alternative	75	75	2
NC_060933.1	35705332	35705812	-3	1	-	NC_060933.1	35705717	35705792	TPM2	XM_054363711.1	-	3	1	20	384	6	6	5	3	3	last	last	0.600	0.600	alternative	alternative	75	75	1
NC_060933.1	35867063	35867834	3	1	+	NC_060933.1	35867147	35867289	TMEM8B	NM_001042589.3	+	3	1	83	545	4	4	28	23	23	middle	middle	0.821	0.821	alternative	alternative	142	142	23
NC_060933.1	35867063	35867834	3	1	+	NC_060933.1	35867495	35867834	TMEM8B	NM_001363625.1	+	3	1	431	0	5	5	28	2	2	last	last	0.071	0.071	alternative	alternative	339	339	2
NC_060933.1	35867063	35867834	3	1	+	NC_060933.1	35867495	35867673	TMEM8B	XM_054363093.1	+	3	1	431	161	11	11	28	1	1	middle	middle	0.036	0.036	unique	unique	178	178	1
NC_060933.1	77589004	77589574	2	1	+	NC_060933.1	77589113	77589566	LOC128966634	XM_054364441.1	+	2	2	108	8	3	4	10	9	8	middle	middle	0.900	0.800	alternative	alternative	188	180	7
NC_060933.1	77589004	77589574	2	1	+	NC_060933.1	77589113	77589525	LOC128966634	XM_054364445.1	+	2	2	108	49	3	4	10	9	2	middle	middle	0.900	0.200	alternative	alternative	188	139	2
NC_060933.1	77589004	77589574	2	1	+	NC_060933.1	77589386	77589566	LOC128966634	XM_054364450.1	+	2	1	381	8	2	2	10	8	8	middle	middle	0.800	0.800	alternative	alternative	180	180	1
NC_060934.1	117491870	117492239	3	1	+	NC_060934.1	117491884	117492222	PNLIPRP1	NM_001303135.1	+	3	2	13	17	6	7	3	3	2	middle	middle	1.000	0.667	constitutive	alternative	119	119	2
NC_060934.1	117491870	117492239	3	1	+	NC_060934.1	117491884	117492003	PNLIPRP1	XM_054366117.1	+	3	1	13	236	6	6	3	3	3	middle	middle	1.000	1.000	constitutive	constitutive	119	119	1
NC_060934.1	133080533	133080857	3	1	+	NC_060934.1	133080561	133080689	JAKMIP3	NM_001105521.4	+	3	1	27	168	9	9	47	47	47	middle	middle	1.000	1.000	constitutive	constitutive	128	128	46
NC_060934.1	133080533	133080857	3	1	+	NC_060934.1	133080561	133080857	JAKMIP3	XM_054365639.1	+	3	2	27	0	9	10	47	47	1	middle	last	1.000	0.021	constitutive	unique	128	128	1
NC_060934.1	133759735	133760296	-3	1	-	NC_060934.1	133760193	133760274	CFAP46	NM_001200049.3	-	3	1	22	457	56	56	14	3	3	middle	middle	0.214	0.214	alternative	alternative	81	81	2
NC_060934.1	133759735	133760296	-3	1	-	NC_060934.1	133760172	133760274	CFAP46	XM_054366148.1	-	3	1	22	436	56	56	14	3	3	middle	middle	0.214	0.214	alternative	alternative	102	102	2
NC_060934.1	133759735	133760296	-3	1	-	NC_060934.1	133759828	133760274	CFAP46	XM_054366151.1	-	3	2	22	92	56	57	14	3	2	middle	middle	0.214	0.143	alternative	alternative	102	136	1
NC_060934.1	133759735	133760296	-3	1	-	NC_060934.1	133759828	133760274	CFAP46	XM_054366152.1	-	3	2	22	92	56	57	14	3	2	middle	middle	0.214	0.143	alternative	alternative	81	136	1
NC_060934.1	134311857	134312193	-1	1	-	NC_060934.1	134312059	134312129	FUOM	NM_001098483.3	-	1	1	64	201	3	3	13	12	12	middle	middle	0.923	0.923	alternative	alternative	70	70	12
NC_060934.1	134311857	134312193	-1	1	-	NC_060934.1	134311858	134312129	FUOM	XM_054365626.1	-	1	2	64	0	3	4	13	1	1	middle	last	0.077	0.077	unique	unique	172	23	1
NC_060934.1	41384	41912	-2	1	-	NC_060934.1	41576	41636	TUBB8	NM_001389618.1	-	2	1	276	191	1	1	4	2	2	first	first	0.500	0.500	alternative	alternative	60	60	2
NC_060934.1	41384	41912	-2	1	-	NC_060934.1	41576	41873	TUBB8	NM_177987.3	-	2	2	39	191	2	3	4	1	1	middle	middle	0.250	0.250	unique	unique	108	110	1
NC_060934.1	43697645	43697960	3	1	+	NC_060934.1	43697682	43697870	BMS1	NM_014753.4	+	3	1	36	90	15	15	7	4	4	middle	middle	0.571	0.571	alternative	alternative	188	188	4
NC_060934.1	43697645	43697960	3	1	+	NC_060934.1	43697682	43697960	BMS1	XM_054367250.1	+	3	2	36	0	15	16	7	1	1	middle	last	0.143	0.143	unique	unique	70	6	1
NC_060934.1	46324399	46325347	2	1	+	NC_060934.1	46324405	46325275	ALOX5	NM_000698.5	+	2	2	5	72	11	13	8	8	5	middle	middle	1.000	0.625	constitutive	alternative	121	170	5
NC_060934.1	46324399	46325347	2	1	+	NC_060934.1	46324405	46324526	ALOX5	NM_001256154.3	+	2	1	5	821	11	11	8	8	8	middle	middle	1.000	1.000	constitutive	constitutive	121	121	3
NC_060934.1	46608094	46608658	2	1	+	NC_060934.1	46608305	46608526	WASHC2C	NM_001169106.2	+	2	2	210	132	1	2	53	37	38	first	middle	0.698	0.717	alternative	alternative	2	122	37
NC_060934.1	46608094	46608658	2	1	+	NC_060934.1	46608404	46608526	WASHC2C	NM_001367393.1	+	2	1	309	132	1	1	53	38	38	first	first	0.717	0.717	alternative	alternative	122	122	1
NC_060934.1	47193268	47193823	2	1	+	NC_060934.1	47193436	47193514	ANTXRL	NM_001278688.3	+	2	1	167	309	12	12	19	17	17	middle	middle	0.895	0.895	alternative	alternative	78	78	16
NC_060934.1	47193268	47193823	2	1	+	NC_060934.1	47193436	47193823	ANTXRL	XM_054364980.1	+	2	2	167	0	12	13	19	17	1	middle	last	0.895	0.053	alternative	unique	78	149	1
NC_060934.1	60914021	60914813	-2	1	-	NC_060934.1	60914110	60914776	ANK3	NM_001149.4	-	2	2	37	88	17	18	5	4	5	middle	middle	0.800	1.000	alternative	constitutive	308	90	4
NC_060934.1	60914021	60914813	-2	1	-	NC_060934.1	60914110	60914200	ANK3	NM_020987.5	-	2	1	613	88	41	41	5	5	5	middle	middle	1.000	1.000	constitutive	constitutive	90	90	1
NC_060934.1	69341026	69341371	-3	1	-	NC_060934.1	69341028	69341101	DNA2	NM_001080449.3	-	3	1	270	1	1	1	4	1	1	first	first	0.250	0.250	unique	unique	73	73	1
NC_060934.1	69341026	69341371	-3	1	-	NC_060934.1	69341028	69341359	DNA2	XM_054364944.1	-	3	2	12	1	1	2	4	1	1	first	middle	0.250	0.250	unique	unique	68	94	1
NC_060934.1	71642138	71642549	-2	1	-	NC_060934.1	71642327	71642379	TBATA	NM_001318241.2	-	2	1	170	188	8	8	25	7	7	middle	middle	0.280	0.280	alternative	alternative	52	52	7
NC_060934.1	71642138	71642549	-2	1	-	NC_060934.1	71642139	71642169	TBATA	XM_054365021.1	-	2	1	380	0	10	10	25	1	1	last	last	0.040	0.040	unique	unique	30	30	1
NC_060934.1	72682739	72683618	3	1	+	NC_060934.1	72683207	72683336	CDH23	NM_001171933.1	+	3	1	467	282	19	19	9	5	5	middle	middle	0.556	0.556	alternative	alternative	129	129	3
NC_060934.1	72682739	72683618	3	1	+	NC_060934.1	72683019	72683336	CDH23	NM_001171935.1	+	3	2	279	282	1	2	9	2	5	first	middle	0.222	0.556	alternative	alternative	70	129	2
NC_060934.1	74744363	74744735	-2	1	-	NC_060934.1	74744381	74744475	CAMK2G	NM_001204492.2	-	2	1	260	17	2	2	56	39	39	middle	middle	0.696	0.696	alternative	alternative	94	94	38
NC_060934.1	74744363	74744735	-2	1	-	NC_060934.1	74744381	74744451	CAMK2G	NM_001367514.1	-	2	1	284	17	2	2	56	9	9	middle	middle	0.161	0.161	alternative	alternative	70	70	9
NC_060934.1	74744363	74744735	-2	1	-	NC_060934.1	74744381	74744594	CAMK2G	XM_054366846.1	-	2	2	141	17	1	2	56	1	39	first	middle	0.018	0.696	unique	alternative	1	94	1
NC_060934.1	78688664	78689102	-2	1	-	NC_060934.1	78688952	78689075	DLG5	NM_004747.4	-	2	1	27	287	16	16	18	18	18	middle	middle	1.000	1.000	constitutive	constitutive	123	123	17
NC_060934.1	78688664	78689102	-2	1	-	NC_060934.1	78688665	78689075	DLG5	XM_054367166.1	-	2	2	27	0	16	17	18	18	1	middle	last	1.000	0.056	constitutive	unique	123	79	1
NC_060934.1	85100448	85101405	-1	1	-	NC_060934.1	85100449	85101206	LRIT2	NM_001017924.5	-	1	1	199	0	3	3	2	2	2	last	last	1.000	1.000	constitutive	constitutive	757	757	1
NC_060934.1	85100448	85101405	-1	1	-	NC_060934.1	85100449	85101383	LRIT2	NM_001284223.1	-	1	2	22	0	3	4	2	1	2	middle	last	0.500	1.000	unique	constitutive	29	757	1
NC_060934.1	92719922	92720351	3	1	+	NC_060934.1	92720215	92720294	TNKS2	NM_025235.4	+	3	1	292	57	13	13	7	4	4	middle	middle	0.571	0.571	alternative	alternative	79	79	4
NC_060934.1	92719922	92720351	3	1	+	NC_060934.1	92719950	92720180	TNKS2	XM_054366829.1	+	3	1	27	171	1	1	7	1	1	first	first	0.143	0.143	unique	unique	230	230	1
NC_060934.1	98637544	98638027	2	1	+	NC_060934.1	98637794	98637875	ZFYVE27	NM_001002261.4	+	2	1	249	152	11	11	52	49	49	middle	middle	0.942	0.942	alternative	alternative	81	81	44
NC_060934.1	98637544	98638027	2	1	+	NC_060934.1	98637794	98638027	ZFYVE27	NM_001385882.1	+	2	2	249	0	10	11	52	49	5	middle	last	0.942	0.096	alternative	alternative	81	7	5
NC_060934.1	99309515	99309899	-2	1	-	NC_060934.1	99309551	99309620	HPS1	NM_000195.5	-	2	1	279	35	8	8	26	15	15	middle	middle	0.577	0.577	alternative	alternative	69	69	15
NC_060934.1	99309515	99309899	-2	1	-	NC_060934.1	99309769	99309867	HPS1	NM_001322490.2	-	2	1	32	253	6	6	26	2	2	middle	middle	0.077	0.077	alternative	alternative	98	98	2
NC_060934.1	99309515	99309899	-2	1	-	NC_060934.1	99309516	99309620	HPS1	NM_001322491.2	-	2	1	279	0	7	7	26	4	4	last	last	0.154	0.154	alternative	alternative	104	104	4
NC_060935.1	119208690	119209089	1	1	+	NC_060935.1	119208725	119208921	NHERF4	NM_001168468.2	+	1	1	34	168	8	8	9	6	6	middle	middle	0.667	0.667	alternative	alternative	196	196	6
NC_060935.1	119208690	119209089	1	1	+	NC_060935.1	119209010	119209089	NHERF4	XM_054369997.1	+	1	1	319	0	5	5	9	1	1	last	last	0.111	0.111	unique	unique	79	79	1
NC_060935.1	123647083	123647773	2	1	+	NC_060935.1	123647317	123647772	GRAMD1B	NM_001286563.3	+	2	2	233	1	18	19	46	11	45	middle	middle	0.239	0.978	alternative	alternative	11	107	11
NC_060935.1	123647083	123647773	2	1	+	NC_060935.1	123647665	123647772	GRAMD1B	NM_001330396.3	+	2	1	581	1	16	16	46	45	45	middle	middle	0.978	0.978	alternative	alternative	107	107	34
NC_060935.1	124905705	124906440	1	1	+	NC_060935.1	124906150	124906282	ROBO3	NM_001370356.1	+	1	1	444	158	1	1	8	7	7	first	first	0.875	0.875	alternative	alternative	132	132	7
NC_060935.1	124905705	124906440	1	1	+	NC_060935.1	124905785	124906282	ROBO3	NM_022370.4	+	1	2	79	158	18	20	8	1	1	middle	middle	0.125	0.125	unique	unique	23	139	1
NC_060935.1	134304298	134304721	2	1	+	NC_060935.1	134304365	134304467	ACAD8	NM_001441136.1	+	2	1	66	254	10	10	6	5	5	middle	middle	0.833	0.833	alternative	alternative	102	102	4
NC_060935.1	134304298	134304721	2	1	+	NC_060935.1	134304365	134304721	ACAD8	XM_054368425.1	+	2	2	66	0	10	11	6	5	1	middle	last	0.833	0.167	alternative	unique	102	106	1
NC_060935.1	18827436	18828102	-3	1	-	NC_060935.1	18827696	18827856	PTPN5	NM_001039970.2	-	3	1	246	259	12	12	12	6	6	middle	middle	0.500	0.500	alternative	alternative	160	160	6
NC_060935.1	18827436	18828102	-3	1	-	NC_060935.1	18827491	18827604	PTPN5	XM_054370237.1	-	3	1	498	54	12	12	12	6	6	middle	middle	0.500	0.500	alternative	alternative	113	113	6
NC_060935.1	3008478	3008997	1	1	+	NC_060935.1	3008549	3008649	SLC67A1	NM_001315501.2	+	1	1	70	348	8	8	12	12	12	middle	middle	1.000	1.000	constitutive	constitutive	100	100	10
NC_060935.1	3008478	3008997	1	1	+	NC_060935.1	3008549	3008997	SLC67A1	XM_054368979.1	+	1	2	70	0	8	9	12	12	1	middle	last	1.000	0.083	constitutive	unique	100	38	1
NC_060935.1	3008478	3008997	1	1	+	NC_060935.1	3008549	3008997	SLC67A1	XM_054368980.1	+	1	2	70	0	8	9	12	12	1	middle	last	1.000	0.083	constitutive	unique	100	17	1
NC_060935.1	3107497	3108001	-2	1	-	NC_060935.1	3107636	3107977	CARS1	NM_001014437.3	-	2	2	24	138	13	14	12	12	11	middle	middle	1.000	0.917	constitutive	alternative	129	103	11
NC_060935.1	3107497	3108001	-2	1	-	NC_060935.1	3107848	3107977	CARS1	XM_054370126.1	-	2	1	24	350	13	13	12	12	12	middle	middle	1.000	1.000	constitutive	constitutive	129	129	1
NC_060935.1	45093524	45094232	-1	1	-	NC_060935.1	45093662	45093758	TP53I11	NM_001258320.2	-	1	1	474	137	4	4	26	24	24	middle	middle	0.923	0.923	alternative	alternative	96	96	24
NC_060935.1	45093524	45094232	-1	1	-	NC_060935.1	45094163	45094211	TP53I11	NM_001318387.2	-	1	1	21	638	2	2	26	1	1	middle	middle	0.038	0.038	unique	unique	48	48	1
NC_060935.1	45094021	45094456	-2	1	-	NC_060935.1	45094163	45094211	TP53I11	NM_001258320.2	-	2	1	245	141	3	3	26	23	23	middle	middle	0.885	0.885	alternative	alternative	48	48	23
NC_060935.1	45094021	45094456	-2	1	-	NC_060935.1	45094414	45094453	TP53I11	NM_001318389.2	-	2	1	3	392	1	1	26	1	1	first	first	0.038	0.038	unique	unique	39	39	1
NC_060935.1	46080377	46080971	3	1	+	NC_060935.1	46080420	46080591	LARGE2	NM_001300721.2	+	3	1	42	380	4	4	19	18	18	middle	middle	0.947	0.947	alternative	alternative	171	171	18
NC_060935.1	46080377	46080971	3	1	+	NC_060935.1	46080699	46080803	LARGE2	XM_054367637.1	+	3	1	321	168	2	2	19	1	1	middle	middle	0.053	0.053	unique	unique	104	104	1
NC_060935.1	46083211	46084183	2	1	+	NC_060935.1	46083229	46083507	LARGE2	NM_001300721.2	+	2	1	17	676	10	10	19	11	11	middle	middle	0.579	0.579	alternative	alternative	278	278	11
NC_060935.1	46083211	46084183	2	1	+	NC_060935.1	46083663	46083983	LARGE2	XM_054367622.1	+	2	1	451	200	11	11	19	2	2	middle	middle	0.105	0.105	alternative	alternative	320	320	2
NC_060935.1	46083211	46084183	2	1	+	NC_060935.1	46083834	46083983	LARGE2	XM_054367625.1	+	2	1	622	200	11	11	19	6	6	middle	middle	0.316	0.316	alternative	alternative	149	149	6
NC_060935.1	47391267	47391720	1	1	+	NC_060935.1	47391315	47391676	DDB2	NM_000107.3	+	1	2	47	44	5	6	7	5	4	middle	middle	0.714	0.571	alternative	alternative	99	177	4
NC_060935.1	47391267	47391720	1	1	+	NC_060935.1	47391315	47391414	DDB2	XM_054367876.1	+	1	1	47	306	5	5	7	5	5	middle	middle	0.714	0.714	alternative	alternative	99	99	1
NC_060935.1	47418325	47418805	2	1	+	NC_060935.1	47418698	47418797	NR1H3	NM_001130101.3	+	2	1	372	8	5	5	22	22	22	middle	middle	1.000	1.000	constitutive	constitutive	99	99	5
NC_060935.1	47418325	47418805	2	1	+	NC_060935.1	47418326	47418797	NR1H3	NM_001130102.3	+	2	2	0	8	4	5	22	17	22	middle	middle	0.773	1.000	alternative	constitutive	179	99	17
NC_060935.1	47573505	47574063	1	1	+	NC_060935.1	47573680	47574062	SLC39A13	NM_001128225.3	+	1	2	174	1	7	8	20	12	5	middle	middle	0.600	0.250	alternative	alternative	132	120	5
NC_060935.1	47573505	47574063	1	1	+	NC_060935.1	47573680	47573808	SLC39A13	NM_001330245.2	+	1	1	174	255	7	7	20	3	3	middle	middle	0.150	0.150	alternative	alternative	128	128	3
NC_060935.1	47573505	47574063	1	1	+	NC_060935.1	47573680	47574062	SLC39A13	NM_001441271.1	+	1	2	174	1	7	8	20	12	7	middle	middle	0.600	0.350	alternative	alternative	132	99	7
NC_060935.1	610384	610570	2	1	+	NC_060935.1	610562	610570	RASSF7	NM_001143994.2	+	2	1	177	0	4	4	3	1	1	last	last	0.333	0.333	unique	unique	8	8	1
NC_060935.1	610384	610570	2	1	+	NC_060935.1	610400	610482	RASSF7	NM_003475.4	+	2	1	15	88	4	4	3	1	1	middle	middle	0.333	0.333	unique	unique	82	82	1
NC_060935.1	61728096	61728582	1	1	+	NC_060935.1	61728385	61728581	DAGLA	NM_006133.3	+	1	1	288	1	16	16	6	5	5	middle	middle	0.833	0.833	alternative	alternative	196	196	5
NC_060935.1	61728096	61728582	1	1	+	NC_060935.1	61728097	61728218	DAGLA	XM_054369856.1	+	1	1	0	364	16	16	6	1	1	middle	middle	0.167	0.167	unique	unique	121	121	1
NC_060935.1	62591925	62592405	-3	1	-	NC_060935.1	62592207	62592227	EML3	NM_001300793.2	-	3	1	178	281	21	21	15	8	8	middle	middle	0.533	0.533	alternative	alternative	20	20	8
NC_060935.1	62591925	62592405	-3	1	-	NC_060935.1	62591926	62592126	EML3	NM_001411016.1	-	3	1	279	0	22	22	15	7	7	last	last	0.467	0.467	alternative	alternative	200	200	7
NC_060935.1	62600112	62600679	-3	1	-	NC_060935.1	62600327	62600440	EML3	NM_001300793.2	-	3	1	239	214	4	4	15	12	12	middle	middle	0.800	0.800	alternative	alternative	113	113	12
NC_060935.1	62600112	62600679	-3	1	-	NC_060935.1	62600327	62600676	EML3	XM_054368329.1	-	3	2	3	214	1	2	15	2	2	first	middle	0.133	0.133	alternative	alternative	141	75	2
NC_060935.1	62652549	62652783	-3	1	-	NC_060935.1	62652654	62652751	C11orf98	NM_001286086.2	-	3	1	32	104	3	3	1	1	1	middle	middle	1.000	1.000	constitutive	constitutive	97	97	1
NC_060935.1	62652549	62652783	-3	1	-	NC_060935.1	62652550	62652577	LBHD1	NM_001367940.2	-	3	1	206	0	5	5	12	12	12	last	last	1.000	1.000	constitutive	constitutive	27	27	12
NC_060935.1	62680010	62680574	-1	1	-	NC_060935.1	62680031	62680111	BSCL2	NM_001122955.4	-	1	1	463	20	10	10	5	4	4	middle	middle	0.800	0.800	alternative	alternative	80	80	4
NC_060935.1	62680010	62680574	-1	1	-	NC_060935.1	62680206	62680560	BSCL2	NM_001130702.2	-	1	2	14	195	6	7	5	1	1	middle	middle	0.200	0.200	unique	unique	66	80	1
NC_060935.1	62822873	62823386	-1	1	-	NC_060935.1	62823189	62823334	WDR74	NM_001307977.1	-	1	1	52	315	9	9	8	8	8	middle	middle	1.000	1.000	constitutive	constitutive	145	145	1
NC_060935.1	62822873	62823386	-1	1	-	NC_060935.1	62823015	62823334	WDR74	NM_001369447.1	-	1	2	52	141	9	10	8	8	7	middle	middle	1.000	0.875	constitutive	alternative	145	56	7
NC_060935.1	63988361	63988844	-1	1	-	NC_060935.1	63988362	63988739	MACROD1	NM_001411019.1	-	1	2	105	0	9	10	4	3	2	middle	last	0.750	0.500	alternative	alternative	81	28	2
NC_060935.1	63988361	63988844	-1	1	-	NC_060935.1	63988658	63988739	MACROD1	NM_014067.4	-	1	1	105	296	9	9	4	3	3	middle	middle	0.750	0.750	alternative	alternative	81	81	1
NC_060935.1	64231562	64232660	3	1	+	NC_060935.1	64232412	64232582	FKBP2	NM_001135208.2	+	3	1	849	78	1	1	8	6	6	first	first	0.750	0.750	alternative	alternative	170	170	6
NC_060935.1	64231562	64232660	3	1	+	NC_060935.1	64231689	64232582	FKBP2	NM_001370365.1	+	3	2	126	78	1	2	8	1	1	first	middle	0.125	0.125	unique	unique	82	174	1
NC_060935.1	64231562	64232660	3	1	+	NC_060935.1	64232571	64232582	FKBP2	NM_001370367.1	+	3	1	1008	78	1	1	8	1	1	first	first	0.125	0.125	unique	unique	11	11	1
NC_060935.1	64244699	64245143	3	1	+	NC_060935.1	64244769	64245059	PLCB3	NM_000932.5	+	3	2	69	84	3	4	4	3	3	middle	middle	0.750	0.750	alternative	alternative	68	140	3
NC_060935.1	64244699	64245143	3	1	+	NC_060935.1	64244973	64245059	PLCB3	NM_001184883.2	+	3	1	273	84	2	2	4	1	1	middle	middle	0.250	0.250	unique	unique	86	86	1
NC_060935.1	6459967	6460531	-2	1	-	NC_060935.1	6460034	6460442	APBB1	NM_001164.5	-	2	2	89	66	8	9	8	6	8	middle	middle	0.750	1.000	alternative	constitutive	5	114	6
NC_060935.1	6459967	6460531	-2	1	-	NC_060935.1	6460034	6460148	APBB1	NM_001257323.3	-	2	1	383	66	8	8	8	8	8	middle	middle	1.000	1.000	constitutive	constitutive	114	114	2
NC_060935.1	64760203	64760581	-2	1	-	NC_060935.1	64760497	64760556	SF1	NM_001178030.2	-	2	1	25	293	11	11	20	8	8	middle	middle	0.400	0.400	alternative	alternative	59	59	8
NC_060935.1	64760203	64760581	-2	1	-	NC_060935.1	64760205	64760384	SF1	NM_001346363.2	-	2	1	197	1	12	12	20	12	12	middle	middle	0.600	0.600	alternative	alternative	179	179	12
NC_060935.1	64820275	64820758	-2	1	-	NC_060935.1	64820348	64820465	CDC42BPG	NM_017525.3	-	2	1	293	72	34	34	15	7	7	middle	middle	0.467	0.467	alternative	alternative	117	117	6
NC_060935.1	64820275	64820758	-2	1	-	NC_060935.1	64820576	64820696	CDC42BPG	XM_054369328.1	-	2	1	62	300	32	32	15	4	4	middle	middle	0.267	0.267	alternative	alternative	120	120	4
NC_060935.1	64820275	64820758	-2	1	-	NC_060935.1	64820348	64820465	CDC42BPG	XM_054369332.1	-	2	1	293	72	34	34	15	7	7	last	last	0.467	0.467	alternative	alternative	117	117	1
NC_060935.1	65040763	65041159	-2	1	-	NC_060935.1	65040929	65041020	NAALADL1	XM_054367350.1	-	2	1	139	165	11	11	12	4	4	middle	middle	0.333	0.333	alternative	alternative	91	91	2
NC_060935.1	65040763	65041159	-2	1	-	NC_060935.1	65040764	65041020	NAALADL1	XM_054367354.1	-	2	2	139	0	11	12	12	4	2	middle	last	0.333	0.167	alternative	alternative	91	83	2
NC_060935.1	65072390	65073116	-1	1	-	NC_060935.1	65072634	65073068	CDCA5	NM_001433518.1	-	1	1	48	243	5	5	8	7	7	middle	middle	0.875	0.875	alternative	alternative	434	434	6
NC_060935.1	65072390	65073116	-1	1	-	NC_060935.1	65072391	65073068	CDCA5	NM_080668.4	-	1	2	48	0	5	6	8	7	1	middle	last	0.875	0.125	alternative	unique	434	77	1
NC_060935.1	65121626	65122166	-1	1	-	NC_060935.1	65121842	65121993	SYVN1	NM_032431.3	-	1	1	173	215	14	14	6	4	4	middle	middle	0.667	0.667	alternative	alternative	151	151	4
NC_060935.1	65121626	65122166	-1	1	-	NC_060935.1	65121627	65121767	SYVN1	XM_054370190.1	-	1	1	399	0	15	15	6	2	2	last	last	0.333	0.333	alternative	alternative	140	140	2
NC_060935.1	65337218	65338088	3	1	+	NC_060935.1	65337294	65337924	DPF2	NM_001330308.2	+	3	2	75	164	6	7	2	2	1	middle	middle	1.000	0.500	constitutive	unique	78	41	1
NC_060935.1	65337218	65338088	3	1	+	NC_060935.1	65337294	65337372	DPF2	NM_006268.5	+	3	1	75	716	6	6	2	2	2	middle	middle	1.000	1.000	constitutive	constitutive	78	78	1
NC_060935.1	65519815	65520619	2	1	+	NC_060935.1	65520326	65520552	SCYL1	NM_001048218.2	+	2	1	510	67	4	4	36	26	26	middle	middle	0.722	0.722	alternative	alternative	226	226	25
NC_060935.1	65519815	65520619	2	1	+	NC_060935.1	65520131	65520552	SCYL1	NM_001425199.1	+	2	2	315	67	1	2	36	1	26	first	middle	0.028	0.722	unique	alternative	119	226	1
NC_060935.1	65519815	65520619	2	1	+	NC_060935.1	65520131	65520552	SCYL1	NM_001425200.1	+	2	2	315	67	1	2	36	1	1	first	middle	0.028	0.028	unique	unique	114	222	1
NC_060935.1	65519815	65520619	2	1	+	NC_060935.1	65520380	65520552	SCYL1	NM_001425203.1	+	2	1	564	67	1	1	36	5	5	first	first	0.139	0.139	alternative	alternative	172	172	5
NC_060935.1	65531942	65532554	3	1	+	NC_060935.1	65532009	65532080	SCYL1	NM_001048218.2	+	3	1	66	474	15	15	36	26	26	middle	middle	0.722	0.722	alternative	alternative	71	71	24
NC_060935.1	65531942	65532554	3	1	+	NC_060935.1	65532012	65532080	SCYL1	NM_001411022.1	+	3	1	69	474	15	15	36	10	10	middle	middle	0.278	0.278	alternative	alternative	68	68	9
NC_060935.1	65531942	65532554	3	1	+	NC_060935.1	65532009	65532524	SCYL1	NM_001425185.1	+	3	3	66	30	15	17	36	26	3	middle	middle	0.722	0.083	alternative	alternative	71	54	2
NC_060935.1	65531942	65532554	3	1	+	NC_060935.1	65532012	65532524	SCYL1	NM_001425186.1	+	3	3	69	30	15	17	36	10	3	middle	middle	0.278	0.083	alternative	alternative	68	54	1
NC_060935.1	661846	662572	-2	1	-	NC_060935.1	661852	662481	IRF7	NM_001440440.1	-	2	2	91	5	6	7	10	9	9	middle	middle	0.900	0.900	alternative	alternative	80	389	9
NC_060935.1	661846	662572	-2	1	-	NC_060935.1	661852	662209	IRF7	XM_054368691.1	-	2	1	363	5	1	1	10	1	1	first	first	0.100	0.100	unique	unique	357	357	1
NC_060935.1	67399158	67399674	1	1	+	NC_060935.1	67399200	67399299	TBC1D10C	NM_001256508.1	+	1	1	41	375	2	2	16	13	13	middle	middle	0.812	0.812	alternative	alternative	99	99	13
NC_060935.1	67399158	67399674	1	1	+	NC_060935.1	67399561	67399621	TBC1D10C	NM_001369494.1	+	1	1	402	53	1	1	16	3	3	first	first	0.188	0.188	alternative	alternative	60	60	3
NC_060935.1	67399489	67399828	2	1	+	NC_060935.1	67399514	67399621	TBC1D10C	NM_001256508.1	+	2	1	24	207	3	3	16	13	13	middle	middle	0.812	0.812	alternative	alternative	107	107	13
NC_060935.1	67399489	67399828	2	1	+	NC_060935.1	67399710	67399816	TBC1D10C	NM_001369494.1	+	2	1	220	12	2	2	16	3	3	middle	middle	0.188	0.188	alternative	alternative	106	106	3
NC_060935.1	68050981	68051446	2	1	+	NC_060935.1	68051288	68051445	TCIRG1	NM_001351059.2	+	2	1	306	1	4	4	25	22	22	middle	middle	0.880	0.880	alternative	alternative	157	157	22
NC_060935.1	68050981	68051446	2	1	+	NC_060935.1	68051074	68051213	TCIRG1	XM_054367448.1	+	2	1	92	233	10	10	25	1	1	middle	middle	0.040	0.040	unique	unique	139	139	1
NC_060935.1	68051247	68051835	1	1	+	NC_060935.1	68051523	68051613	TCIRG1	NM_001351059.2	+	1	1	275	222	5	5	25	23	23	middle	middle	0.920	0.920	alternative	alternative	90	90	23
NC_060935.1	68051247	68051835	1	1	+	NC_060935.1	68051288	68051445	TCIRG1	XM_054367448.1	+	1	1	40	390	11	11	25	1	1	last	last	0.040	0.040	unique	unique	157	157	1
NC_060935.1	746295	746775	1	1	+	NC_060935.1	746695	746713	TMEM80	NM_001042463.3	+	1	1	399	62	1	1	6	4	4	first	first	0.667	0.667	alternative	alternative	18	18	4
NC_060935.1	746295	746775	1	1	+	NC_060935.1	746620	746689	TMEM80	NM_001384408.1	+	1	1	324	86	1	1	6	1	1	first	first	0.167	0.167	unique	unique	69	69	1
NC_060935.1	822704	823001	-1	1	-	NC_060935.1	822848	822941	GATD1	NM_001318818.2	-	1	1	60	143	4	4	11	10	10	middle	middle	0.909	0.909	alternative	alternative	93	93	7
NC_060935.1	822704	823001	-1	1	-	NC_060935.1	822705	822941	GATD1	XM_054368658.1	-	1	2	60	0	6	7	11	10	3	middle	last	0.909	0.273	alternative	alternative	93	22	3
NC_060935.1	8359	8932	-2	1	-	NC_060935.1	8422	8623	LOC124906931	XM_047445857.1	-	2	1	309	62	6	6	12	7	7	middle	middle	0.583	0.583	alternative	alternative	201	201	5
NC_060935.1	8359	8932	-2	1	-	NC_060935.1	8422	8878	LOC124906931	XM_047445862.1	-	2	2	54	62	1	2	12	2	7	first	middle	0.167	0.583	alternative	alternative	77	201	2
NC_060935.1	8359	8932	-2	1	-	NC_060935.1	8426	8623	LOC124906931	XM_047445865.1	-	2	1	309	66	6	6	12	1	1	middle	middle	0.083	0.083	unique	unique	197	197	1
NC_060935.1	851746	852607	-2	1	-	NC_060935.1	851765	852552	PIDD1	NM_145886.4	-	2	3	55	18	9	12	17	8	10	middle	middle	0.471	0.588	alternative	alternative	135	118	5
NC_060935.1	851746	852607	-2	1	-	NC_060935.1	851816	852552	PIDD1	NM_145887.4	-	2	3	55	69	9	12	17	8	6	middle	middle	0.471	0.353	alternative	alternative	135	67	3
NC_060935.1	851746	852607	-2	1	-	NC_060935.1	851816	852552	PIDD1	XM_054369308.1	-	2	2	55	69	9	11	17	8	6	middle	middle	0.471	0.353	alternative	alternative	358	67	3
NC_060935.1	851746	852607	-2	1	-	NC_060935.1	851765	852552	PIDD1	XM_054369310.1	-	2	2	55	18	9	11	17	8	10	middle	middle	0.471	0.588	alternative	alternative	358	118	5
NC_060935.1	851746	852607	-2	1	-	NC_060935.1	852434	852552	PIDD1	XM_054369319.1	-	2	1	55	687	9	9	17	1	1	middle	middle	0.059	0.059	unique	unique	118	118	1
NC_060935.1	853962	854556	-3	1	-	NC_060935.1	853976	854324	PIDD1	NM_145886.4	-	3	2	232	13	3	4	17	14	14	middle	middle	0.824	0.824	alternative	alternative	209	54	14
NC_060935.1	853962	854556	-3	1	-	NC_060935.1	853976	854010	PIDD1	XM_054369320.1	-	3	1	546	13	1	1	17	3	3	first	first	0.176	0.176	alternative	alternative	34	34	3
NC_060935.1	86407412	86407958	-1	1	-	NC_060935.1	86407616	86407725	ME3	NM_001014811.2	-	1	1	233	203	7	7	12	12	12	middle	middle	1.000	1.000	constitutive	constitutive	109	109	10
NC_060935.1	86407412	86407958	-1	1	-	NC_060935.1	86407413	86407725	ME3	XM_054367530.1	-	1	2	233	0	7	8	12	12	2	middle	last	1.000	0.167	constitutive	alternative	109	16	2
NC_060935.1	882152	882974	3	1	+	NC_060935.1	882659	882730	CRACR2B	NM_001286606.2	+	3	1	506	244	8	8	50	13	13	middle	middle	0.260	0.260	alternative	alternative	71	71	13
NC_060935.1	882152	882974	3	1	+	NC_060935.1	882301	882730	CRACR2B	XM_054368485.1	+	3	1	148	244	6	6	50	11	11	middle	middle	0.220	0.220	alternative	alternative	429	429	11
NC_060935.1	882152	882974	3	1	+	NC_060935.1	882301	882467	CRACR2B	XM_054368496.1	+	3	1	148	507	6	6	50	11	11	middle	middle	0.220	0.220	alternative	alternative	166	166	11
NC_060935.1	882152	882974	3	1	+	NC_060935.1	882970	882974	CRACR2B	XM_054368500.1	+	3	1	817	0	8	8	50	10	10	last	last	0.200	0.200	alternative	alternative	4	4	10
NC_060936.1	106956418	106956679	-3	1	-	NC_060936.1	106956420	106956669	CRY1	NM_001413458.1	-	3	2	10	1	11	12	15	15	1	middle	middle	1.000	0.067	constitutive	unique	71	99	1
NC_060936.1	106956418	106956679	-3	1	-	NC_060936.1	106956420	106956669	CRY1	NM_001413459.1	-	3	2	10	1	11	12	15	15	1	middle	middle	1.000	0.067	constitutive	unique	71	96	1
NC_060936.1	106956418	106956679	-3	1	-	NC_060936.1	106956420	106956669	CRY1	NM_001413460.1	-	3	2	10	1	11	12	15	15	1	middle	middle	1.000	0.067	constitutive	unique	71	75	1
NC_060936.1	106956418	106956679	-3	1	-	NC_060936.1	106956598	106956669	CRY1	NM_001413461.1	-	3	1	10	179	11	11	15	15	15	middle	middle	1.000	1.000	constitutive	constitutive	71	71	12
NC_060936.1	110445786	110446839	-1	1	-	NC_060936.1	110445820	110445897	GPN3	NM_001164373.2	-	1	1	942	33	1	1	8	1	1	first	first	0.125	0.125	unique	unique	77	77	1
NC_060936.1	110445786	110446839	-1	1	-	NC_060936.1	110445850	110445897	GPN3	NM_016301.4	-	1	1	942	63	1	1	8	1	1	first	first	0.125	0.125	unique	unique	47	47	1
NC_060936.1	110445786	110446839	-1	1	-	NC_060936.1	110445820	110446200	GPN3	XM_054372184.1	-	1	2	639	33	1	2	8	4	2	first	middle	0.500	0.250	alternative	alternative	34	249	2
NC_060936.1	110445786	110446839	-1	1	-	NC_060936.1	110445850	110446200	GPN3	XM_054372185.1	-	1	2	639	63	1	2	8	4	2	first	middle	0.500	0.250	alternative	alternative	34	219	2
NC_060936.1	120202472	120202910	-2	1	-	NC_060936.1	120202734	120202835	PXN	NM_001080855.3	-	2	1	75	261	7	7	44	23	23	middle	middle	0.523	0.523	alternative	alternative	101	101	23
NC_060936.1	120202472	120202910	-2	1	-	NC_060936.1	120202734	120202829	PXN	NM_001385983.1	-	2	1	81	261	9	9	44	7	7	middle	middle	0.159	0.159	alternative	alternative	95	95	7
NC_060936.1	120202472	120202910	-2	1	-	NC_060936.1	120202473	120202591	PXN	XM_054372736.1	-	2	1	319	0	11	11	44	1	1	last	last	0.023	0.023	unique	unique	118	118	1
NC_060936.1	123385072	123386293	2	1	+	NC_060936.1	123386004	123386125	KMT5A	NM_001324504.2	+	2	2	931	168	2	3	9	1	1	middle	middle	0.111	0.111	unique	unique	15	15	1
NC_060936.1	123385072	123386293	2	1	+	NC_060936.1	123386012	123386125	KMT5A	NM_001367386.2	+	2	1	939	168	1	1	9	2	2	first	first	0.222	0.222	alternative	alternative	113	113	2
NC_060936.1	123385072	123386293	2	1	+	NC_060936.1	123385733	123385753	KMT5A	NM_001367388.2	+	2	1	660	540	1	1	9	1	1	first	first	0.111	0.111	unique	unique	20	20	1
NC_060936.1	123385072	123386293	2	1	+	NC_060936.1	123386004	123386125	KMT5A	NM_020382.7	+	2	1	931	168	2	2	9	1	1	middle	middle	0.111	0.111	unique	unique	121	121	1
NC_060936.1	124959031	124959526	-3	1	-	NC_060936.1	124959088	124959419	DHX37	NM_032656.4	-	3	2	107	56	19	20	6	4	4	middle	middle	0.667	0.667	alternative	alternative	124	116	4
NC_060936.1	124959031	124959526	-3	1	-	NC_060936.1	124959305	124959419	DHX37	XM_054372672.1	-	3	1	107	273	19	19	6	2	2	middle	middle	0.333	0.333	alternative	alternative	114	114	2
NC_060936.1	132577862	132579113	3	1	+	NC_060936.1	132578019	132578054	FBRSL1	NM_001142641.2	+	3	1	156	1059	4	4	23	21	21	middle	middle	0.913	0.913	alternative	alternative	35	35	20
NC_060936.1	132577862	132579113	3	1	+	NC_060936.1	132578019	132578619	FBRSL1	NM_001382743.1	+	3	2	156	494	4	5	23	21	1	middle	middle	0.913	0.043	alternative	unique	35	90	1
NC_060936.1	21459030	21459510	-1	1	-	NC_060936.1	21459298	21459479	GYS2	NM_021957.4	-	1	1	31	267	2	2	3	2	2	middle	middle	0.667	0.667	alternative	alternative	181	181	2
NC_060936.1	21459030	21459510	-1	1	-	NC_060936.1	21459184	21459255	GYS2	XM_054371899.1	-	1	1	255	153	1	1	3	1	1	first	first	0.333	0.333	unique	unique	71	71	1
NC_060936.1	2600948	2601596	3	1	+	NC_060936.1	2601213	2601272	CACNA1C	NM_000719.7	+	3	1	264	324	21	21	56	36	36	middle	middle	0.643	0.643	alternative	alternative	59	59	33
NC_060936.1	2600948	2601596	3	1	+	NC_060936.1	2601213	2601479	CACNA1C	NM_001129827.2	+	3	2	264	117	21	22	56	36	23	middle	middle	0.643	0.411	alternative	alternative	59	59	3
NC_060936.1	2600948	2601596	3	1	+	NC_060936.1	2601420	2601479	CACNA1C	NM_001129830.3	+	3	1	471	117	21	21	56	23	23	middle	middle	0.411	0.411	alternative	alternative	59	59	20
NC_060936.1	44833748	44834315	-2	1	-	NC_060936.1	44833826	44833954	NELL2	NM_001145107.2	-	2	1	361	77	3	3	6	5	5	middle	middle	0.833	0.833	alternative	alternative	128	128	4
NC_060936.1	44833748	44834315	-2	1	-	NC_060936.1	44833826	44834159	NELL2	NM_001145109.2	-	2	2	156	77	1	2	6	1	5	first	middle	0.167	0.833	unique	alternative	51	128	1
NC_060936.1	49311059	49312052	3	1	+	NC_060936.1	49311063	49311902	DNAJC22	NM_001304944.2	+	3	1	3	150	1	1	4	4	4	first	first	1.000	1.000	constitutive	constitutive	839	839	2
NC_060936.1	49311059	49312052	3	1	+	NC_060936.1	49311063	49312047	DNAJC22	XM_054373252.1	+	3	2	3	5	1	2	4	4	2	first	middle	1.000	0.500	constitutive	alternative	839	63	2
NC_060936.1	52134985	52135360	-3	1	-	NC_060936.1	52135243	52135298	KRT80	NM_001081492.2	-	3	1	62	257	8	8	3	3	3	middle	middle	1.000	1.000	constitutive	constitutive	55	55	1
NC_060936.1	52134985	52135360	-3	1	-	NC_060936.1	52134986	52135298	KRT80	NM_182507.3	-	3	2	62	0	8	9	3	3	2	middle	last	1.000	0.667	constitutive	alternative	55	121	2
NC_060936.1	52812393	52812792	-1	1	-	NC_060936.1	52812395	52812759	KRT78	NM_001300814.1	-	1	2	33	1	1	2	3	1	3	first	middle	0.333	1.000	unique	constitutive	53	214	1
NC_060936.1	52812393	52812792	-1	1	-	NC_060936.1	52812395	52812609	KRT78	NM_173352.4	-	1	1	183	1	2	2	3	3	3	middle	middle	1.000	1.000	constitutive	constitutive	214	214	2
NC_060936.1	54370728	54371070	-1	1	-	NC_060936.1	54370730	54371060	ITGA5	NM_002205.5	-	1	2	10	1	14	15	2	1	1	middle	middle	0.500	0.500	unique	unique	45	101	1
NC_060936.1	54370728	54371070	-1	1	-	NC_060936.1	54370730	54370782	ITGA5	XM_054371958.1	-	1	1	288	1	1	1	2	1	1	first	first	0.500	0.500	unique	unique	52	52	1
NC_060936.1	57212383	57212629	-3	1	-	NC_060936.1	57212552	57212603	STAC3	NM_001286256.2	-	3	1	26	168	8	8	5	4	4	middle	middle	0.800	0.800	alternative	alternative	51	51	4
NC_060936.1	57212383	57212629	-3	1	-	NC_060936.1	57212384	57212462	STAC3	XM_054371650.1	-	3	1	167	0	9	9	5	1	1	last	last	0.200	0.200	unique	unique	78	78	1
NC_060936.1	57596922	57597462	-1	1	-	NC_060936.1	57596932	57597365	B4GALNT1	NM_001276468.2	-	1	2	97	9	5	6	25	19	18	middle	middle	0.760	0.720	alternative	alternative	98	190	17
NC_060936.1	57596922	57597462	-1	1	-	NC_060936.1	57596932	57597122	B4GALNT1	NM_001413977.1	-	1	1	340	9	6	6	25	18	18	middle	middle	0.720	0.720	alternative	alternative	190	190	1
NC_060936.1	57596922	57597462	-1	1	-	NC_060936.1	57596923	57597365	B4GALNT1	NM_001413979.1	-	1	2	97	0	6	7	25	19	2	middle	last	0.760	0.080	alternative	alternative	98	199	2
NC_060936.1	57596922	57597462	-1	1	-	NC_060936.1	57596932	57596946	B4GALNT1	NM_001413981.1	-	1	1	516	9	1	1	25	4	4	first	first	0.160	0.160	alternative	alternative	14	14	4
NC_060936.1	6398339	6399005	3	1	+	NC_060936.1	6398464	6398891	LTBR	NM_001270987.2	+	3	2	124	114	7	8	12	10	9	middle	middle	0.833	0.750	alternative	alternative	107	25	8
NC_060936.1	6398339	6399005	3	1	+	NC_060936.1	6398464	6398891	LTBR	NM_001414303.1	+	3	2	124	114	7	8	12	10	1	middle	middle	0.833	0.083	alternative	unique	107	181	1
NC_060936.1	6398339	6399005	3	1	+	NC_060936.1	6398464	6398591	LTBR	NM_001414307.1	+	3	1	124	414	7	7	12	1	1	middle	middle	0.083	0.083	unique	unique	127	127	1
NC_060936.1	6398339	6399005	3	1	+	NC_060936.1	6398866	6398891	LTBR	NM_001414310.1	+	3	1	526	114	7	7	12	9	9	middle	middle	0.750	0.750	alternative	alternative	25	25	1
NC_060936.1	6398339	6399005	3	1	+	NC_060936.1	6398464	6398571	LTBR	NM_001414311.1	+	3	1	124	434	7	7	12	10	10	middle	middle	0.833	0.833	alternative	alternative	107	107	1
NC_060936.1	6461034	6461793	1	1	+	NC_060936.1	6461282	6461401	CD27	NM_001242.5	+	1	1	247	392	5	5	10	10	10	middle	middle	1.000	1.000	constitutive	constitutive	119	119	8
NC_060936.1	6461034	6461793	1	1	+	NC_060936.1	6461282	6461793	CD27	XM_054373867.1	+	1	2	247	0	5	6	10	10	2	middle	last	1.000	0.200	constitutive	alternative	119	250	2
NC_060936.1	6560996	6561389	-2	1	-	NC_060936.1	6561054	6561360	IFFO1	NM_001039670.3	-	2	2	29	57	2	3	15	14	14	middle	middle	0.933	0.933	alternative	alternative	60	95	14
NC_060936.1	6560996	6561389	-2	1	-	NC_060936.1	6561054	6561062	IFFO1	XM_054371716.1	-	2	1	327	57	1	1	15	1	1	first	first	0.067	0.067	unique	unique	8	8	1
NC_060936.1	6858494	6858770	-2	1	-	NC_060936.1	6858621	6858727	CDCA3	NM_001297602.3	-	2	1	43	126	4	4	6	3	3	middle	middle	0.500	0.500	alternative	alternative	106	106	3
NC_060936.1	6858494	6858770	-2	1	-	NC_060936.1	6858495	6858496	CDCA3	NM_001297604.3	-	2	1	274	0	4	4	6	2	2	last	last	0.333	0.333	alternative	alternative	1	1	2
NC_060936.1	69791881	69792142	2	1	+	NC_060936.1	69791902	69792001	RAB3IP	NM_001024647.3	+	2	1	20	141	5	5	14	8	8	middle	middle	0.571	0.571	alternative	alternative	99	99	8
NC_060936.1	69791881	69792142	2	1	+	NC_060936.1	69792088	69792142	RAB3IP	NM_175624.4	+	2	1	206	0	8	8	14	2	2	last	last	0.143	0.143	alternative	alternative	54	54	2
NC_060936.1	7203080	7203797	3	1	+	NC_060936.1	7203534	7203680	PEX5	NM_000319.5	+	3	1	453	117	1	1	41	26	26	first	first	0.634	0.634	alternative	alternative	146	146	26
NC_060936.1	7203080	7203797	3	1	+	NC_060936.1	7203534	7203725	PEX5	NM_001131023.2	+	3	1	453	72	1	1	41	9	9	first	first	0.220	0.220	alternative	alternative	191	191	9
NC_060936.1	7203080	7203797	3	1	+	NC_060936.1	7203090	7203725	PEX5	XM_054372759.1	+	3	2	9	72	1	2	41	6	3	first	middle	0.146	0.073	alternative	alternative	46	207	3
NC_060936.1	7203080	7203797	3	1	+	NC_060936.1	7203090	7203680	PEX5	XM_054372762.1	+	3	2	9	117	1	2	41	6	3	first	middle	0.146	0.073	alternative	alternative	46	162	3
NC_060936.1	9619121	9619478	-2	1	-	NC_060936.1	9619145	9619226	CLECL1	NM_001441804.1	-	2	1	252	23	1	1	13	5	5	first	first	0.385	0.385	alternative	alternative	81	81	5
NC_060936.1	9619121	9619478	-2	1	-	NC_060936.1	9619145	9619460	CLECL1	NM_001441805.1	-	2	2	18	23	1	2	13	2	4	first	middle	0.154	0.308	alternative	alternative	2	144	2
NC_060936.1	9619121	9619478	-2	1	-	NC_060936.1	9619145	9619289	CLECL1	NM_001441806.1	-	2	1	189	23	2	2	13	4	4	middle	middle	0.308	0.308	alternative	alternative	144	144	2
NC_060937.1	31621429	31621696	-3	1	-	NC_060937.1	31621445	31621513	N4BP2L1	NM_001079691.2	-	3	1	183	15	4	4	22	5	5	middle	middle	0.227	0.227	alternative	alternative	68	68	5
NC_060937.1	31621429	31621696	-3	1	-	NC_060937.1	31621563	31621639	N4BP2L1	NM_001286459.2	-	3	1	57	133	4	4	22	13	13	middle	middle	0.591	0.591	alternative	alternative	76	76	13
NC_060937.1	51368716	51369004	-3	1	-	NC_060937.1	51368726	51369004	NEK3	NM_001146099.2	-	3	2	0	9	2	3	5	3	4	middle	middle	0.600	0.800	alternative	alternative	93	97	3
NC_060937.1	51368716	51369004	-3	1	-	NC_060937.1	51368726	51368953	NEK3	NM_001424270.1	-	3	2	51	9	1	2	5	1	4	first	middle	0.200	0.800	unique	alternative	42	97	1
NC_060937.1	51368716	51369004	-3	1	-	NC_060937.1	51368726	51368800	NEK3	NM_001424271.1	-	3	1	204	9	1	1	5	1	1	first	first	0.200	0.200	unique	unique	74	74	1
NC_060938.1	100180788	100181598	-2	1	-	NC_060938.1	100180979	100180992	IGHD1-7	unassigned_transcript_2590	-	2	1	606	190	1	1	1	1	1	first	first	1.000	1.000	constitutive	constitutive	13	13	1
NC_060938.1	100180788	100181598	-2	1	-	NC_060938.1	100181482	100181496	IGHD6-6	unassigned_transcript_2591	-	2	1	102	693	1	1	1	1	1	first	first	1.000	1.000	constitutive	constitutive	14	14	1
NC_060938.1	15215360	15215999	-3	1	-	NC_060938.1	15215390	15215642	NDRG2	NM_001282211.2	-	3	2	357	29	13	14	27	27	26	middle	middle	1.000	0.963	constitutive	alternative	35	51	26
NC_060938.1	15215360	15215999	-3	1	-	NC_060938.1	15215607	15215642	NDRG2	NM_001354564.2	-	3	1	357	246	13	13	27	27	27	middle	middle	1.000	1.000	constitutive	constitutive	35	35	1
NC_060938.1	15215799	15216138	-2	1	-	NC_060938.1	15215860	15215907	NDRG2	NM_001282211.2	-	2	1	231	60	12	12	27	24	24	middle	middle	0.889	0.889	alternative	alternative	47	47	24
NC_060938.1	15215799	15216138	-2	1	-	NC_060938.1	15215860	15216066	NDRG2	NM_001354558.2	-	2	2	72	60	12	13	27	1	1	middle	middle	0.037	0.037	unique	unique	36	64	1
NC_060938.1	15215799	15216138	-2	1	-	NC_060938.1	15215860	15215874	NDRG2	NM_001354560.2	-	2	1	264	60	11	11	27	1	1	middle	middle	0.037	0.037	unique	unique	14	14	1
NC_060938.1	15299766	15300219	1	1	+	NC_060938.1	15299818	15300192	TMEM253	NM_001146683.2	+	1	2	51	27	4	5	11	7	9	middle	middle	0.636	0.818	alternative	alternative	110	146	5
NC_060938.1	15299766	15300219	1	1	+	NC_060938.1	15299827	15300192	TMEM253	NM_001395465.1	+	1	2	60	27	1	2	11	2	9	first	middle	0.182	0.818	alternative	alternative	101	146	2
NC_060938.1	15299766	15300219	1	1	+	NC_060938.1	15300046	15300192	TMEM253	XM_054376589.1	+	1	1	279	27	4	4	11	9	9	middle	middle	0.818	0.818	alternative	alternative	146	146	2
NC_060938.1	15299766	15300219	1	1	+	NC_060938.1	15299818	15299928	TMEM253	XM_054376590.1	+	1	1	51	291	4	4	11	7	7	middle	middle	0.636	0.636	alternative	alternative	110	110	2
NC_060938.1	17028007	17028325	2	1	+	NC_060938.1	17028250	17028317	MRPL52	NM_001318870.2	+	2	1	242	8	3	3	11	5	5	middle	middle	0.455	0.455	alternative	alternative	67	67	5
NC_060938.1	17028007	17028325	2	1	+	NC_060938.1	17028113	17028173	MRPL52	XM_054375359.1	+	2	1	105	152	2	2	11	1	1	middle	middle	0.091	0.091	unique	unique	60	60	1
NC_060938.1	17028007	17028325	2	1	+	NC_060938.1	17028116	17028173	MRPL52	XM_054375360.1	+	2	1	108	152	2	2	11	1	1	middle	middle	0.091	0.091	unique	unique	57	57	1
NC_060938.1	17559822	17561082	-2	1	-	NC_060938.1	17559892	17561055	EFS	NM_001277174.2	-	2	3	27	69	3	5	5	1	3	middle	middle	0.200	0.600	unique	alternative	116	89	1
NC_060938.1	17559822	17561082	-2	1	-	NC_060938.1	17560333	17561055	EFS	NM_001385607.1	-	2	1	27	510	3	3	5	4	4	middle	middle	0.800	0.800	alternative	alternative	722	722	2
NC_060938.1	17559822	17561082	-2	1	-	NC_060938.1	17559892	17561055	EFS	NM_005864.4	-	2	2	27	69	4	5	5	4	3	middle	middle	0.800	0.600	alternative	alternative	722	89	2
NC_060938.1	52072471	52072924	-1	1	-	NC_060938.1	52072663	52072765	SLC35F4	NM_001206920.2	-	1	1	159	191	1	1	14	3	3	first	first	0.214	0.214	alternative	alternative	102	102	3
NC_060938.1	52072471	52072924	-1	1	-	NC_060938.1	52072501	52072594	SLC35F4	NM_001352015.3	-	1	1	330	29	1	1	14	2	2	first	first	0.143	0.143	alternative	alternative	93	93	2
NC_060938.1	59153368	59153632	-1	1	-	NC_060938.1	59153537	59153602	RAB15	NM_001308154.2	-	1	1	30	168	6	6	4	2	2	middle	middle	0.500	0.500	alternative	alternative	65	65	2
NC_060938.1	59153368	59153632	-1	1	-	NC_060938.1	59153369	59153381	RAB15	NM_198686.3	-	1	1	251	0	7	7	4	2	2	last	last	0.500	0.500	alternative	alternative	12	12	2
NC_060938.1	63087458	63088508	-3	1	-	NC_060938.1	63087996	63088076	ACTN1	NM_001102.4	-	3	1	432	537	19	19	23	15	15	middle	middle	0.652	0.652	alternative	alternative	80	80	13
NC_060938.1	63087458	63088508	-3	1	-	NC_060938.1	63087465	63088076	ACTN1	NM_001130004.2	-	3	2	432	6	19	20	23	15	8	middle	middle	0.652	0.348	alternative	alternative	80	65	2
NC_060938.1	63087458	63088508	-3	1	-	NC_060938.1	63087465	63087530	ACTN1	NM_001130005.2	-	3	1	978	6	19	19	23	8	8	middle	middle	0.348	0.348	alternative	alternative	65	65	6
NC_060938.1	68157505	68158201	2	1	+	NC_060938.1	68157986	68158148	COQ6	NM_001425255.1	+	2	1	480	53	1	1	13	4	4	first	first	0.308	0.308	alternative	alternative	162	162	4
NC_060938.1	68157505	68158201	2	1	+	NC_060938.1	68157746	68157833	COQ6	NM_001425258.1	+	2	1	240	368	1	1	13	2	2	first	first	0.154	0.154	alternative	alternative	87	87	2
NC_060938.1	86553471	86553957	1	1	+	NC_060938.1	86553577	86553706	SLC24A4	NM_001378620.1	+	1	1	105	251	1	1	9	6	6	first	first	0.667	0.667	alternative	alternative	129	129	4
NC_060938.1	86553471	86553957	1	1	+	NC_060938.1	86553577	86553946	SLC24A4	XM_054375405.1	+	1	2	105	11	1	2	9	6	2	first	middle	0.667	0.222	alternative	alternative	129	140	2
NC_060938.1	94531441	94532245	-1	1	-	NC_060938.1	94531877	94531920	SLC25A29	NM_001039355.3	-	1	1	325	435	2	2	26	7	7	middle	middle	0.269	0.269	alternative	alternative	43	43	3
NC_060938.1	94531441	94532245	-1	1	-	NC_060938.1	94531877	94532208	SLC25A29	NM_001352821.2	-	1	2	37	435	2	3	26	4	7	middle	middle	0.154	0.269	alternative	alternative	158	43	4
NC_060938.1	97339942	97340695	2	1	+	NC_060938.1	97340552	97340674	EXOC3L4	NM_001077594.2	+	2	1	609	21	4	4	15	14	14	middle	middle	0.933	0.933	alternative	alternative	122	122	14
NC_060938.1	97339942	97340695	2	1	+	NC_060938.1	97340226	97340337	EXOC3L4	XM_054376991.1	+	2	1	283	358	2	2	15	1	1	middle	middle	0.067	0.067	unique	unique	111	111	1
NC_060938.1	98982137	98982749	3	1	+	NC_060938.1	98982214	98982264	ADSS1	NM_152328.5	+	3	1	76	485	4	4	7	6	6	middle	middle	0.857	0.857	alternative	alternative	50	50	3
NC_060938.1	98982137	98982749	3	1	+	NC_060938.1	98982214	98982560	ADSS1	XM_054375348.1	+	3	2	76	189	4	5	7	6	3	middle	middle	0.857	0.429	alternative	alternative	50	19	3
NC_060938.1	99131073	99131502	1	1	+	NC_060938.1	99131086	99131118	CEP170B	XM_054375892.1	+	1	1	12	384	1	1	10	1	1	first	first	0.100	0.100	unique	unique	32	32	1
NC_060938.1	99131073	99131502	1	1	+	NC_060938.1	99131220	99131393	CEP170B	XM_054375893.1	+	1	1	146	109	10	10	10	2	2	middle	middle	0.200	0.200	alternative	alternative	173	173	2
NC_060939.1	20976328	20977054	-3	1	-	NC_060939.1	20976938	20977029	LOC124907502	NM_001421669.1	-	3	1	25	609	15	15	4	4	4	middle	middle	1.000	1.000	constitutive	constitutive	91	91	2
NC_060939.1	20976328	20977054	-3	1	-	NC_060939.1	20976620	20977029	LOC124907502	XM_047446506.1	-	3	2	25	291	15	16	4	4	2	middle	middle	1.000	0.500	constitutive	alternative	91	62	2
NC_060939.1	38098495	38099116	-3	1	-	NC_060939.1	38098955	38099049	PLCB2	NM_001284297.2	-	3	1	67	459	23	23	30	28	28	middle	middle	0.933	0.933	alternative	alternative	94	94	27
NC_060939.1	38098495	38099116	-3	1	-	NC_060939.1	38098497	38099049	PLCB2	XM_054378213.1	-	3	2	67	1	24	26	30	28	1	middle	middle	0.933	0.033	alternative	unique	94	159	1
NC_060939.1	38214861	38215236	1	1	+	NC_060939.1	38215165	38215216	IVD	NM_001159508.3	+	1	1	303	20	2	2	19	19	19	middle	middle	1.000	1.000	constitutive	constitutive	51	51	1
NC_060939.1	38214861	38215236	1	1	+	NC_060939.1	38214862	38215216	IVD	NM_001354597.3	+	1	2	0	20	2	3	19	9	19	middle	middle	0.474	1.000	alternative	constitutive	89	51	9
NC_060939.1	38214861	38215236	1	1	+	NC_060939.1	38214862	38215216	IVD	NM_001354599.3	+	1	2	0	20	2	3	19	9	19	middle	middle	0.474	1.000	alternative	constitutive	176	51	9
NC_060939.1	39317294	39318509	-2	1	-	NC_060939.1	39317579	39317735	LTK	NM_001135685.2	-	2	1	774	284	6	6	12	8	8	middle	middle	0.667	0.667	alternative	alternative	156	156	7
NC_060939.1	39317294	39318509	-2	1	-	NC_060939.1	39317321	39317735	LTK	NM_002344.6	-	2	2	774	26	6	7	12	8	1	middle	middle	0.667	0.083	alternative	unique	156	182	1
NC_060939.1	39653048	39653642	3	1	+	NC_060939.1	39653292	39653478	PLA2G4B	NM_001114633.2	+	3	1	243	164	19	19	1	1	1	middle	middle	1.000	1.000	constitutive	constitutive	186	186	1
NC_060939.1	39653048	39653642	3	1	+	NC_060939.1	39653604	39653642	JMJD7-PLA2G4B	NM_001198588.2	+	3	1	555	0	24	24	2	1	1	last	last	0.500	0.500	unique	unique	38	38	1
NC_060939.1	39653048	39653642	3	1	+	NC_060939.1	39653292	39653478	JMJD7-PLA2G4B	NM_005090.4	+	3	1	243	164	24	24	2	1	1	middle	middle	0.500	0.500	unique	unique	186	186	1
NC_060939.1	40955934	40956447	1	1	+	NC_060939.1	40956324	40956446	TMEM62	NM_001347004.1	+	1	1	389	1	5	5	36	31	31	middle	middle	0.861	0.861	alternative	alternative	122	122	31
NC_060939.1	40955934	40956447	1	1	+	NC_060939.1	40956050	40956446	TMEM62	NM_001347030.1	+	1	2	115	1	2	3	36	5	5	middle	middle	0.139	0.139	alternative	alternative	124	43	5
NC_060939.1	41067163	41068108	-3	1	-	NC_060939.1	41067694	41067873	TGM5	NM_004245.4	-	3	1	235	530	2	2	3	2	2	middle	middle	0.667	0.667	alternative	alternative	179	179	1
NC_060939.1	41067163	41068108	-3	1	-	NC_060939.1	41067346	41067873	TGM5	NM_201631.4	-	3	2	235	182	2	3	3	2	1	middle	middle	0.667	0.333	alternative	unique	179	245	1
NC_060939.1	42482119	42482341	-3	1	-	NC_060939.1	42482121	42482201	PATL2	XM_054377478.1	-	3	1	140	1	2	2	19	1	1	middle	middle	0.053	0.053	unique	unique	80	80	1
NC_060939.1	42482119	42482341	-3	1	-	NC_060939.1	42482264	42482314	PATL2	XM_054377479.1	-	3	1	27	144	1	1	19	2	2	first	first	0.105	0.105	alternative	alternative	50	50	2
NC_060939.1	61719096	61719387	-1	1	-	NC_060939.1	61719259	61719348	DAPK2	NM_001384997.1	-	1	1	39	162	9	9	20	13	13	middle	middle	0.650	0.650	alternative	alternative	89	89	13
NC_060939.1	61719096	61719387	-1	1	-	NC_060939.1	61719097	61719142	DAPK2	NM_001384998.1	-	1	1	245	0	9	9	20	6	6	last	last	0.300	0.300	alternative	alternative	45	45	6
NC_060939.1	71705557	71706322	2	1	+	NC_060939.1	71705759	71705842	TBC1D21	NM_001286434.2	+	2	1	201	480	9	9	10	10	10	middle	middle	1.000	1.000	constitutive	constitutive	83	83	6
NC_060939.1	71705557	71706322	2	1	+	NC_060939.1	71705759	71706322	TBC1D21	XM_054377373.1	+	2	2	201	0	10	11	10	10	4	middle	last	1.000	0.400	constitutive	alternative	83	218	4
NC_060939.1	72285090	72285855	-1	1	-	NC_060939.1	72285315	72285693	SEMA7A	NM_001146029.3	-	1	2	162	224	3	4	4	3	3	middle	middle	0.750	0.750	alternative	alternative	92	84	3
NC_060939.1	72285090	72285855	-1	1	-	NC_060939.1	72285315	72285369	SEMA7A	NM_001146030.3	-	1	1	486	224	1	1	4	1	1	first	first	0.250	0.250	unique	unique	54	54	1
NC_060939.1	72707613	72708216	-1	1	-	NC_060939.1	72707998	72708038	ULK3	NM_001099436.4	-	1	1	178	384	13	13	12	7	7	middle	middle	0.583	0.583	alternative	alternative	40	40	7
NC_060939.1	72707613	72708216	-1	1	-	NC_060939.1	72707614	72707644	ULK3	XM_054377704.1	-	1	1	572	0	14	14	12	3	3	last	last	0.250	0.250	alternative	alternative	30	30	3
NC_060939.1	73208985	73209441	1	1	+	NC_060939.1	73209047	73209406	COMMD4	NM_001284377.2	+	1	2	61	35	5	6	15	15	14	middle	middle	1.000	0.933	constitutive	alternative	119	80	14
NC_060939.1	73208985	73209441	1	1	+	NC_060939.1	73209047	73209166	COMMD4	NM_001284378.2	+	1	1	61	275	5	5	15	15	15	middle	middle	1.000	1.000	constitutive	constitutive	119	119	1
NC_060939.1	74894612	74894987	3	1	+	NC_060939.1	74894951	74894987	PSTPIP1	XM_054379113.1	+	3	1	338	0	15	15	17	3	3	last	last	0.176	0.176	alternative	alternative	36	36	3
NC_060939.1	74894612	74894987	3	1	+	NC_060939.1	74894656	74894711	PSTPIP1	XM_054379118.1	+	3	1	43	276	13	13	17	2	2	middle	middle	0.118	0.118	alternative	alternative	55	55	2
NC_060939.1	87973378	87973837	2	1	+	NC_060939.1	87973774	87973836	SEMA4B	NM_001324029.3	+	2	1	395	1	2	2	8	1	1	middle	middle	0.125	0.125	unique	unique	62	62	1
NC_060939.1	87973378	87973837	2	1	+	NC_060939.1	87973446	87973609	SEMA4B	NM_001324031.4	+	2	1	67	228	2	2	8	6	6	middle	middle	0.750	0.750	alternative	alternative	163	163	6
NC_060939.1	88649556	88650075	1	1	+	NC_060939.1	88649682	88649868	FES	NM_001143783.1	+	1	1	125	207	7	7	19	19	19	middle	middle	1.000	1.000	constitutive	constitutive	186	186	16
NC_060939.1	88649556	88650075	1	1	+	NC_060939.1	88649682	88650074	FES	XM_054377506.1	+	1	2	125	1	8	9	19	19	3	middle	middle	1.000	0.158	constitutive	alternative	186	118	3
NC_060939.1	97496933	97497407	-2	1	-	NC_060939.1	97497114	97497212	LYSMD4	NM_001284420.1	-	2	1	195	180	1	1	16	3	3	first	first	0.188	0.188	alternative	alternative	98	98	3
NC_060939.1	97496933	97497407	-2	1	-	NC_060939.1	97497054	97497059	LYSMD4	XM_054377310.1	-	2	1	348	120	1	1	16	1	1	first	first	0.062	0.062	unique	unique	5	5	1
NC_060940.1	1222145	1222778	3	1	+	NC_060940.1	1222310	1222739	CACNA1H	NM_001005407.2	+	3	2	164	39	12	13	14	14	13	middle	middle	1.000	0.929	constitutive	alternative	117	155	13
NC_060940.1	1222145	1222778	3	1	+	NC_060940.1	1222310	1222427	CACNA1H	XM_054314273.1	+	3	1	164	351	12	12	14	14	14	middle	middle	1.000	1.000	constitutive	constitutive	117	117	1
NC_060940.1	1222555	1223602	2	1	+	NC_060940.1	1223322	1223530	CACNA1H	NM_001005407.2	+	2	1	766	72	15	15	14	13	13	middle	middle	0.929	0.929	alternative	alternative	208	208	13
NC_060940.1	1222555	1223602	2	1	+	NC_060940.1	1222565	1223169	CACNA1H	XM_054314273.1	+	2	2	9	433	13	14	14	1	1	middle	middle	0.071	0.071	unique	unique	174	90	1
NC_060940.1	1358682	1359030	1	1	+	NC_060940.1	1358893	1358988	BAIAP3	NM_001199096.2	+	1	1	210	42	11	11	11	11	11	middle	middle	1.000	1.000	constitutive	constitutive	95	95	1
NC_060940.1	1358682	1359030	1	1	+	NC_060940.1	1358701	1358988	BAIAP3	NM_001199097.2	+	1	2	18	42	11	12	11	10	11	middle	middle	0.909	1.000	alternative	constitutive	107	95	10
NC_060940.1	1449054	1449609	-3	1	-	NC_060940.1	1449329	1449513	CCDC154	NM_001143980.3	-	3	1	96	274	16	16	2	1	1	middle	middle	0.500	0.500	unique	unique	184	184	1
NC_060940.1	1449054	1449609	-3	1	-	NC_060940.1	1449055	1449513	CCDC154	XM_054313689.1	-	3	2	96	0	16	17	2	1	1	middle	last	0.500	0.500	unique	unique	143	140	1
NC_060940.1	1786485	1787040	-3	1	-	NC_060940.1	1786900	1787001	NME3	NM_002513.3	-	3	1	39	414	3	3	4	2	2	middle	middle	0.500	0.500	alternative	alternative	101	101	1
NC_060940.1	1786485	1787040	-3	1	-	NC_060940.1	1786486	1787001	NME3	XM_054380404.1	-	3	2	39	0	3	5	4	2	1	middle	last	0.500	0.250	alternative	unique	101	110	1
NC_060940.1	1786591	1786957	-2	1	-	NC_060940.1	1786719	1786823	NME3	XM_054380403.1	-	2	1	134	127	4	4	4	1	1	middle	middle	0.250	0.250	unique	unique	104	104	1
NC_060940.1	1786591	1786957	-2	1	-	NC_060940.1	1786592	1786823	NME3	XM_054380405.1	-	2	2	134	0	4	5	4	1	1	middle	last	0.250	0.250	unique	unique	112	4	1
NC_060940.1	1802173	1802827	2	1	+	NC_060940.1	1802642	1802795	NUBP2	NM_001284501.2	+	2	1	468	32	1	1	6	2	2	first	first	0.333	0.333	alternative	alternative	153	153	2
NC_060940.1	1802173	1802827	2	1	+	NC_060940.1	1802597	1802795	NUBP2	NM_012225.4	+	2	1	423	32	3	3	6	1	1	middle	middle	0.167	0.167	unique	unique	198	198	1
NC_060940.1	1802173	1802827	2	1	+	NC_060940.1	1802377	1802495	NUBP2	XM_054379353.1	+	2	1	203	332	2	2	6	2	2	middle	middle	0.333	0.333	alternative	alternative	118	118	2
NC_060940.1	1832747	1833371	-1	1	-	NC_060940.1	1833024	1833127	HAGH	NM_001040427.2	-	1	1	244	276	5	5	6	4	4	middle	middle	0.667	0.667	alternative	alternative	103	103	4
NC_060940.1	1832747	1833371	-1	1	-	NC_060940.1	1832749	1832850	HAGH	NM_001286249.2	-	1	1	521	1	6	6	6	2	2	middle	middle	0.333	0.333	alternative	alternative	101	101	2
NC_060940.1	1960754	1961537	-1	1	-	NC_060940.1	1960755	1961377	MSRB1	NM_001382264.1	-	1	2	160	0	2	3	3	1	1	middle	last	0.333	0.333	unique	unique	116	109	1
NC_060940.1	1960754	1961537	-1	1	-	NC_060940.1	1961229	1961377	MSRB1	NM_001382265.1	-	1	1	160	474	2	2	3	2	2	middle	middle	0.667	0.667	alternative	alternative	148	148	2
NC_060940.1	2135434	2135974	-2	1	-	NC_060940.1	2135633	2135764	PKD1	NM_000296.4	-	2	1	210	198	12	12	10	7	7	middle	middle	0.700	0.700	alternative	alternative	131	131	7
NC_060940.1	2135434	2135974	-2	1	-	NC_060940.1	2135513	2135537	PKD1	XM_054380468.1	-	2	1	437	78	2	2	10	1	1	middle	middle	0.100	0.100	unique	unique	24	24	1
NC_060940.1	2135434	2135974	-2	1	-	NC_060940.1	2135513	2135531	PKD1	XM_054380469.1	-	2	1	443	78	2	2	10	1	1	middle	middle	0.100	0.100	unique	unique	18	18	1
NC_060940.1	2232274	2233264	-2	1	-	NC_060940.1	2232407	2232508	BRICD5	NM_182563.4	-	2	1	756	132	4	4	2	1	1	middle	middle	0.500	0.500	unique	unique	101	101	1
NC_060940.1	2232274	2233264	-2	1	-	NC_060940.1	2232407	2233150	BRICD5	XM_054380113.1	-	2	2	114	132	1	2	2	1	1	first	middle	0.500	0.500	unique	unique	171	331	1
NC_060940.1	265151	266027	-1	1	-	NC_060940.1	265353	265929	RGS11	NM_001286485.2	-	1	2	98	201	12	14	12	7	7	middle	middle	0.583	0.583	alternative	alternative	115	138	7
NC_060940.1	265151	266027	-1	1	-	NC_060940.1	265574	265661	RGS11	XM_054314255.1	-	1	1	366	422	15	15	12	1	1	middle	middle	0.083	0.083	unique	unique	87	87	1
NC_060940.1	267209	267815	-1	1	-	NC_060940.1	267693	267761	RGS11	NM_001286485.2	-	1	1	54	483	8	8	12	11	11	middle	middle	0.917	0.917	alternative	alternative	68	68	10
NC_060940.1	267209	267815	-1	1	-	NC_060940.1	267210	267761	RGS11	XM_054314257.1	-	1	2	54	0	10	12	12	11	1	middle	last	0.917	0.083	alternative	unique	68	114	1
NC_060940.1	28624922	28625267	-1	1	-	NC_060940.1	28625127	28625162	NPIPB6	NM_001282524.2	-	1	1	105	204	6	6	16	16	16	middle	middle	1.000	1.000	constitutive	constitutive	35	35	7
NC_060940.1	28624922	28625267	-1	1	-	NC_060940.1	28624980	28625162	NPIPB6	XM_047446683.1	-	1	2	105	57	6	7	16	16	9	middle	middle	1.000	0.562	constitutive	alternative	35	71	9
NC_060940.1	29239832	29240285	3	1	+	NC_060940.1	29239833	29240216	NFATC2IP	NM_001394784.1	+	3	2	0	69	5	6	4	2	3	middle	middle	0.500	0.750	alternative	alternative	144	109	2
NC_060940.1	29239832	29240285	3	1	+	NC_060940.1	29240107	29240216	NFATC2IP	NM_001394786.1	+	3	1	274	69	3	3	4	3	3	middle	middle	0.750	0.750	alternative	alternative	109	109	1
NC_060940.1	29265037	29266126	2	1	+	NC_060940.1	29265977	29266042	LAT	NM_001014989.2	+	2	1	939	84	1	1	4	1	1	first	first	0.250	0.250	unique	unique	65	65	1
NC_060940.1	29265037	29266126	2	1	+	NC_060940.1	29265320	29265554	SPNS1	XM_054314109.1	+	2	1	282	572	12	12	9	1	1	middle	middle	0.111	0.111	unique	unique	234	234	1
NC_060940.1	30088105	30090193	2	1	+	NC_060940.1	30088868	30089994	MAZ	NM_001042539.3	+	2	2	762	199	1	2	7	5	6	first	middle	0.714	0.857	alternative	alternative	191	850	4
NC_060940.1	30088105	30090193	2	1	+	NC_060940.1	30088973	30089994	MAZ	NM_001276275.2	+	2	2	867	199	2	3	7	2	6	middle	middle	0.286	0.857	alternative	alternative	86	850	2
NC_060940.1	30088105	30090193	2	1	+	NC_060940.1	30088868	30089059	MAZ	NM_001276276.2	+	2	1	762	1134	1	1	7	5	5	first	first	0.714	0.714	alternative	alternative	191	191	1
NC_060940.1	3017602	3018226	2	1	+	NC_060940.1	3017730	3018119	GREP1	NM_001396456.1	+	2	2	127	107	7	8	19	3	3	middle	middle	0.158	0.158	alternative	alternative	53	59	3
NC_060940.1	3017602	3018226	2	1	+	NC_060940.1	3018035	3018119	GREP1	XM_054380121.1	+	2	1	432	107	1	1	19	1	1	first	first	0.053	0.053	unique	unique	84	84	1
NC_060940.1	30276142	30276448	-2	1	-	NC_060940.1	30276143	30276197	HIRIP3	NM_001197323.1	-	2	1	251	0	5	5	2	1	1	last	last	0.500	0.500	unique	unique	54	54	1
NC_060940.1	30276142	30276448	-2	1	-	NC_060940.1	30276280	30276448	HIRIP3	NM_003609.5	-	2	1	0	137	5	5	2	1	1	middle	middle	0.500	0.500	unique	unique	168	168	1
NC_060940.1	30276278	30277538	-1	1	-	NC_060940.1	30276280	30276448	HIRIP3	NM_001197323.1	-	1	1	1090	1	4	4	2	1	1	middle	middle	0.500	0.500	unique	unique	168	168	1
NC_060940.1	30276278	30277538	-1	1	-	NC_060940.1	30276546	30277483	HIRIP3	NM_003609.5	-	1	1	55	267	4	4	2	1	1	middle	middle	0.500	0.500	unique	unique	937	937	1
NC_060940.1	30875901	30876189	1	1	+	NC_060940.1	30876050	30876123	ITGAL	NM_001114380.2	+	1	1	148	66	8	8	6	6	6	middle	middle	1.000	1.000	constitutive	constitutive	73	73	4
NC_060940.1	30875901	30876189	1	1	+	NC_060940.1	30875935	30876123	ITGAL	XM_054380267.1	+	1	2	33	66	1	2	6	2	6	first	middle	0.333	1.000	alternative	constitutive	21	73	2
NC_060940.1	31373879	31374587	3	1	+	NC_060940.1	31374047	31374146	HSD3B7	NM_001142777.2	+	3	1	167	441	4	4	9	9	9	middle	middle	1.000	1.000	constitutive	constitutive	99	99	4
NC_060940.1	31373879	31374587	3	1	+	NC_060940.1	31374047	31374444	HSD3B7	NM_025193.4	+	3	2	167	143	4	5	9	9	5	middle	middle	1.000	0.556	constitutive	alternative	99	162	5
NC_060940.1	31421434	31421767	2	1	+	NC_060940.1	31421641	31421762	STX4	NM_001272096.1	+	2	1	206	5	3	3	5	1	1	middle	middle	0.200	0.200	unique	unique	121	121	1
NC_060940.1	31421434	31421767	2	1	+	NC_060940.1	31421450	31421762	STX4	NM_004604.5	+	2	2	15	5	2	3	5	3	3	middle	middle	0.600	0.600	alternative	alternative	101	99	3
NC_060940.1	31766936	31767218	3	1	+	NC_060940.1	31766969	31767047	ITGAX	NM_000887.5	+	3	1	32	171	24	24	7	3	3	middle	middle	0.429	0.429	alternative	alternative	78	78	3
NC_060940.1	31766936	31767218	3	1	+	NC_060940.1	31767158	31767218	ITGAX	XM_054380273.1	+	3	1	221	0	25	25	7	1	1	last	last	0.143	0.143	unique	unique	60	60	1
NC_060940.1	31810682	31811258	3	1	+	NC_060940.1	31810752	31811048	ITGAD	NM_001318185.2	+	3	2	69	210	25	26	17	14	11	middle	middle	0.824	0.647	alternative	alternative	107	77	11
NC_060940.1	31810682	31811258	3	1	+	NC_060940.1	31810752	31810859	ITGAD	XM_054380255.1	+	3	1	69	399	25	25	17	14	14	middle	middle	0.824	0.824	alternative	alternative	107	107	3
NC_060940.1	63780466	63780883	2	1	+	NC_060940.1	63780495	63780556	SPMIP8	NM_199046.3	+	2	1	28	327	4	4	5	2	2	middle	middle	0.400	0.400	alternative	alternative	61	61	2
NC_060940.1	63780466	63780883	2	1	+	NC_060940.1	63780771	63780835	SPMIP8	XM_054380278.1	+	2	1	304	48	4	4	5	3	3	middle	middle	0.600	0.600	alternative	alternative	64	64	3
NC_060940.1	638649	638853	-3	1	-	NC_060940.1	638752	638830	METTL26	NM_001040161.3	-	3	1	23	102	2	2	9	6	6	middle	middle	0.667	0.667	alternative	alternative	78	78	6
NC_060940.1	638649	638853	-3	1	-	NC_060940.1	638650	638677	METTL26	XM_054314190.1	-	3	1	176	0	5	5	9	1	1	last	last	0.111	0.111	unique	unique	27	27	1
NC_060940.1	638710	639247	-2	1	-	NC_060940.1	638752	638830	METTL26	NM_001040160.3	-	2	1	417	41	4	4	9	2	2	middle	middle	0.222	0.222	alternative	alternative	78	78	2
NC_060940.1	638710	639247	-2	1	-	NC_060940.1	638922	638989	METTL26	NM_001288710.2	-	2	1	258	211	3	3	9	3	3	middle	middle	0.333	0.333	alternative	alternative	67	67	3
NC_060940.1	638710	639247	-2	1	-	NC_060940.1	638922	639096	METTL26	XM_054314189.1	-	2	1	151	211	4	4	9	1	1	middle	middle	0.111	0.111	unique	unique	174	174	1
NC_060940.1	64298904	64300020	1	1	+	NC_060940.1	64299031	64299882	NDRG4	NM_001130487.2	+	1	2	126	138	4	7	32	22	32	middle	middle	0.688	1.000	alternative	constitutive	105	60	22
NC_060940.1	64298904	64300020	1	1	+	NC_060940.1	64298977	64299882	NDRG4	NM_001242834.2	+	1	2	72	138	2	5	32	9	32	middle	middle	0.281	1.000	alternative	constitutive	159	60	9
NC_060940.1	64298904	64300020	1	1	+	NC_060940.1	64299822	64299882	NDRG4	NM_001363869.2	+	1	1	917	138	3	3	32	32	32	middle	middle	1.000	1.000	constitutive	constitutive	60	60	1
NC_060940.1	653460	654129	1	1	+	NC_060940.1	653485	653922	WDR90	NM_001438707.1	+	1	2	24	207	1	2	50	20	48	first	middle	0.400	0.960	alternative	alternative	9	91	20
NC_060940.1	653460	654129	1	1	+	NC_060940.1	653831	653922	WDR90	XM_054379753.1	+	1	1	370	207	2	2	50	48	48	middle	middle	0.960	0.960	alternative	alternative	91	91	28
NC_060940.1	663263	663941	3	1	+	NC_060940.1	663313	663927	WDR90	NM_001438707.1	+	3	2	49	14	26	27	50	45	17	middle	middle	0.900	0.340	alternative	alternative	131	245	17
NC_060940.1	663263	663941	3	1	+	NC_060940.1	663313	663444	WDR90	NM_001438709.1	+	3	1	49	497	26	26	50	45	45	middle	middle	0.900	0.900	alternative	alternative	131	131	28
NC_060940.1	673585	674251	2	1	+	NC_060940.1	673628	674250	RHOT2	NM_001352275.2	+	2	2	42	1	5	6	30	4	7	middle	middle	0.133	0.233	alternative	alternative	53	52	4
NC_060940.1	673585	674251	2	1	+	NC_060940.1	674198	674250	RHOT2	NM_001352276.2	+	2	1	612	1	5	5	30	7	7	middle	middle	0.233	0.233	alternative	alternative	52	52	3
NC_060940.1	674225	674507	3	1	+	NC_060940.1	674324	674432	RHOT2	NM_001352275.2	+	3	1	98	75	7	7	30	7	7	middle	middle	0.233	0.233	alternative	alternative	108	108	7
NC_060940.1	674225	674507	3	1	+	NC_060940.1	674226	674432	RHOT2	NM_001352280.2	+	3	2	0	75	1	2	30	7	7	first	middle	0.233	0.233	alternative	alternative	24	91	7
NC_060940.1	674225	674507	3	1	+	NC_060940.1	674376	674432	RHOT2	NM_001352283.2	+	3	1	150	75	1	1	30	8	8	first	first	0.267	0.267	alternative	alternative	56	56	8
NC_060940.1	674440	674884	2	1	+	NC_060940.1	674531	674848	RHOT2	NM_001352275.2	+	2	2	90	36	8	9	30	22	16	middle	middle	0.733	0.533	alternative	alternative	101	98	16
NC_060940.1	674440	674884	2	1	+	NC_060940.1	674531	674632	RHOT2	NM_001352278.2	+	2	1	90	252	8	8	30	22	22	middle	middle	0.733	0.733	alternative	alternative	101	101	6
NC_060940.1	676309	676636	2	1	+	NC_060940.1	676329	676459	RHOT2	NM_001352275.2	+	2	1	19	177	15	15	30	30	30	middle	middle	1.000	1.000	constitutive	constitutive	130	130	29
NC_060940.1	676309	676636	2	1	+	NC_060940.1	676329	676636	RHOT2	XM_054314286.1	+	2	2	19	0	15	16	30	30	1	middle	last	1.000	0.033	constitutive	unique	130	89	1
NC_060940.1	680068	681115	2	1	+	NC_060940.1	680411	680971	RHBDL1	NM_001278720.2	+	2	2	342	144	2	3	5	3	4	middle	middle	0.600	0.800	alternative	alternative	161	224	2
NC_060940.1	680068	681115	2	1	+	NC_060940.1	680411	680572	RHBDL1	NM_001278721.2	+	2	1	342	543	2	2	5	3	3	middle	middle	0.600	0.600	alternative	alternative	161	161	1
NC_060940.1	680068	681115	2	1	+	NC_060940.1	680177	680971	RHBDL1	NM_001318733.2	+	2	2	108	144	1	2	5	2	4	first	middle	0.400	0.800	alternative	alternative	395	224	2
NC_060940.1	681391	681775	2	1	+	NC_060940.1	681534	681634	RHBDL1	NM_001278720.2	+	2	1	142	141	6	6	5	3	3	middle	middle	0.600	0.600	alternative	alternative	100	100	3
NC_060940.1	681391	681775	2	1	+	NC_060940.1	681714	681774	RHBDL1	XM_054314309.1	+	2	1	322	1	5	5	5	2	2	middle	middle	0.400	0.400	alternative	alternative	60	60	2
NC_060940.1	73074955	73075369	2	1	+	NC_060940.1	73075008	73075302	PLEKHG4	NM_001129727.3	+	2	2	52	67	2	3	14	8	14	middle	middle	0.571	1.000	alternative	constitutive	95	123	8
NC_060940.1	73074955	73075369	2	1	+	NC_060940.1	73075179	73075302	PLEKHG4	NM_001129731.3	+	2	1	223	67	2	2	14	14	14	middle	middle	1.000	1.000	constitutive	constitutive	123	123	5
NC_060940.1	73074955	73075369	2	1	+	NC_060940.1	73075088	73075302	PLEKHG4	XM_054380015.1	+	2	2	132	67	1	2	14	1	14	first	middle	0.071	1.000	unique	constitutive	15	123	1
NC_060940.1	73082384	73082789	3	1	+	NC_060940.1	73082464	73082697	PLEKHG4	NM_001129727.3	+	3	1	79	92	19	19	14	14	14	middle	middle	1.000	1.000	constitutive	constitutive	233	233	12
NC_060940.1	73082384	73082789	3	1	+	NC_060940.1	73082464	73082789	PLEKHG4	XM_054380014.1	+	3	2	79	0	19	20	14	14	2	middle	last	1.000	0.143	constitutive	alternative	233	16	2
NC_060940.1	73189439	73190141	-1	1	-	NC_060940.1	73189440	73189992	ZDHHC1	NM_013304.3	-	1	2	149	0	9	10	7	3	5	middle	last	0.429	0.714	alternative	alternative	219	224	3
NC_060940.1	73189439	73190141	-1	1	-	NC_060940.1	73189440	73189853	ZDHHC1	XM_054380185.1	-	1	2	288	0	10	11	7	1	5	middle	last	0.143	0.714	unique	alternative	80	224	1
NC_060940.1	73189439	73190141	-1	1	-	NC_060940.1	73189958	73189992	ZDHHC1	XM_054380186.1	-	1	1	149	518	9	9	7	1	1	middle	middle	0.143	0.143	unique	unique	34	34	1
NC_060940.1	73189439	73190141	-1	1	-	NC_060940.1	73189440	73189833	ZDHHC1	XM_054380187.1	-	1	2	308	0	9	10	7	1	5	middle	last	0.143	0.714	unique	alternative	60	224	1
NC_060940.1	75953093	75953423	3	1	+	NC_060940.1	75953185	75953340	PDPR	NM_001322117.1	+	3	1	91	83	10	10	15	15	15	middle	middle	1.000	1.000	constitutive	constitutive	155	155	14
NC_060940.1	75953093	75953423	3	1	+	NC_060940.1	75953185	75953423	PDPR	XM_047446617.1	+	3	2	91	0	10	11	15	15	1	middle	last	1.000	0.067	constitutive	unique	155	1	1
NC_060940.1	76490058	76490898	-3	1	-	NC_060940.1	76490484	76490873	MTSS2	NM_138383.3	-	3	2	25	425	6	7	16	14	9	middle	middle	0.875	0.562	alternative	alternative	74	8	9
NC_060940.1	76490058	76490898	-3	1	-	NC_060940.1	76490799	76490873	MTSS2	XM_054314357.1	-	3	1	25	740	6	6	16	14	14	middle	middle	0.875	0.875	alternative	alternative	74	74	5
NC_060940.1	76542463	76543123	-2	1	-	NC_060940.1	76542666	76542798	VAC14	NM_001351157.2	-	2	1	325	202	9	9	5	5	5	middle	middle	1.000	1.000	constitutive	constitutive	132	132	4
NC_060940.1	76542463	76543123	-2	1	-	NC_060940.1	76542464	76542798	VAC14	XM_054313461.1	-	2	2	325	0	14	15	5	5	1	middle	last	1.000	0.200	constitutive	unique	132	66	1
NC_060940.1	791668	792262	-2	1	-	NC_060940.1	791779	792188	RPUSD1	NM_001324086.2	-	2	2	74	110	2	3	11	4	1	middle	middle	0.364	0.091	alternative	unique	123	111	1
NC_060940.1	791668	792262	-2	1	-	NC_060940.1	791779	791809	RPUSD1	NM_001324410.2	-	2	1	453	110	1	1	11	2	2	first	first	0.182	0.182	alternative	alternative	30	30	2
NC_060940.1	791668	792262	-2	1	-	NC_060940.1	792065	792188	RPUSD1	NM_001324411.2	-	2	1	74	396	2	2	11	4	4	middle	middle	0.364	0.364	alternative	alternative	123	123	1
NC_060940.1	791668	792262	-2	1	-	NC_060940.1	791788	791809	RPUSD1	NM_001324412.2	-	2	1	453	119	1	1	11	5	5	first	first	0.455	0.455	alternative	alternative	21	21	5
NC_060940.1	791668	792262	-2	1	-	NC_060940.1	791788	792188	RPUSD1	NM_001369658.1	-	2	2	74	119	2	3	11	4	2	middle	middle	0.364	0.182	alternative	alternative	123	102	2
NC_060940.1	80207659	80208004	2	1	+	NC_060940.1	80207765	80207800	NPIPB15	NM_001306094.2	+	2	1	105	204	6	6	7	6	6	middle	middle	0.857	0.857	alternative	alternative	35	35	5
NC_060940.1	80207659	80208004	2	1	+	NC_060940.1	80207765	80208004	NPIPB15	XM_054380386.1	+	2	2	105	0	6	7	7	6	1	middle	last	0.857	0.143	alternative	unique	35	128	1
NC_060940.1	80322034	80322379	2	1	+	NC_060940.1	80322140	80322175	LOC124907808	NM_001421741.1	+	2	1	105	204	6	6	7	6	6	middle	middle	0.857	0.857	alternative	alternative	35	35	5
NC_060940.1	80322034	80322379	2	1	+	NC_060940.1	80322140	80322379	LOC124907808	XM_047446666.1	+	2	2	105	0	6	7	7	6	1	middle	last	0.857	0.143	alternative	unique	35	128	1
NC_060940.1	80385383	80385713	-1	1	-	NC_060940.1	80385467	80385622	LOC128966601	NM_001421751.1	-	1	1	91	83	10	10	15	15	15	middle	middle	1.000	1.000	constitutive	constitutive	155	155	14
NC_060940.1	80385383	80385713	-1	1	-	NC_060940.1	80385384	80385622	LOC128966601	XM_054314578.1	-	1	2	91	0	10	11	15	15	1	middle	last	1.000	0.067	constitutive	unique	155	1	1
NC_060940.1	81509853	81510576	-3	1	-	NC_060940.1	81510363	81510495	TMEM170A	NM_001304996.2	-	3	1	81	509	1	1	10	2	2	first	first	0.200	0.200	alternative	alternative	132	132	2
NC_060940.1	81509853	81510576	-3	1	-	NC_060940.1	81510126	81510144	TMEM170A	NM_001304997.2	-	3	1	432	272	1	1	10	4	4	first	first	0.400	0.400	alternative	alternative	18	18	4
NC_060940.1	86865236	86866994	-1	1	-	NC_060940.1	86866008	86866031	CDYL2	NM_152342.4	-	1	1	963	771	1	1	4	1	1	first	first	0.250	0.250	unique	unique	23	23	1
NC_060940.1	86865236	86866994	-1	1	-	NC_060940.1	86866761	86866886	CDYL2	XM_054379596.1	-	1	1	108	1524	1	1	4	1	1	first	first	0.250	0.250	unique	unique	125	125	1
NC_060940.1	91698622	91699633	2	1	+	NC_060940.1	91699128	91699346	GSE1	NM_014615.5	+	2	1	505	287	2	2	28	12	12	middle	middle	0.429	0.429	alternative	alternative	218	218	11
NC_060940.1	91698622	91699633	2	1	+	NC_060940.1	91698791	91699346	GSE1	XM_054379879.1	+	2	2	168	287	1	2	28	1	12	first	middle	0.036	0.429	unique	alternative	69	218	1
NC_060940.1	91698622	91699633	2	1	+	NC_060940.1	91699130	91699346	GSE1	XM_054379883.1	+	2	1	507	287	1	1	28	4	4	first	first	0.143	0.143	alternative	alternative	216	216	4
NC_060940.1	94767074	94767911	-1	1	-	NC_060940.1	94767638	94767745	RNF166	XM_054379517.1	-	1	1	166	563	6	6	9	2	2	middle	middle	0.222	0.222	alternative	alternative	107	107	2
NC_060940.1	94767074	94767911	-1	1	-	NC_060940.1	94767075	94767251	RNF166	XM_054379518.1	-	1	1	660	0	6	6	9	3	3	last	last	0.333	0.333	alternative	alternative	176	176	3
NC_060940.1	94935180	94935900	-3	1	-	NC_060940.1	94935211	94935486	PABPN1L	NM_001080487.4	-	3	2	414	30	4	5	4	3	1	middle	middle	0.750	0.250	alternative	unique	106	87	1
NC_060940.1	94935180	94935900	-3	1	-	NC_060940.1	94935380	94935486	PABPN1L	NM_001294328.4	-	3	1	414	199	4	4	4	3	3	middle	middle	0.750	0.750	alternative	alternative	106	106	1
NC_060940.1	94935180	94935900	-3	1	-	NC_060940.1	94935203	94935486	PABPN1L	XM_054380318.1	-	3	2	414	22	4	5	4	3	1	middle	middle	0.750	0.250	alternative	unique	106	95	1
NC_060940.1	96034858	96036007	2	1	+	NC_060940.1	96035708	96035880	DEF8	NM_001438955.1	+	2	1	849	127	1	1	29	6	6	first	first	0.207	0.207	alternative	alternative	172	172	6
NC_060940.1	96034858	96036007	2	1	+	NC_060940.1	96035039	96035880	DEF8	XM_054380562.1	+	2	2	180	127	1	2	29	1	1	first	middle	0.034	0.034	unique	unique	17	73	1
NC_060941.1	1634650	1635592	2	1	+	NC_060941.1	1634756	1635332	SERPINF2	NM_000934.4	+	2	2	105	260	3	4	6	5	5	middle	middle	0.833	0.833	alternative	alternative	62	201	5
NC_060941.1	1634650	1635592	2	1	+	NC_060941.1	1634756	1634828	SERPINF2	NM_001165921.2	+	2	1	105	764	3	3	6	1	1	middle	middle	0.167	0.167	unique	unique	72	72	1
NC_060941.1	17442139	17442949	-3	1	-	NC_060941.1	17442140	17442790	RASD1	NM_001199989.2	-	3	2	159	0	1	2	2	2	1	first	last	1.000	0.500	constitutive	unique	285	79	1
NC_060941.1	17442139	17442949	-3	1	-	NC_060941.1	17442505	17442790	RASD1	NM_016084.5	-	3	1	159	365	1	1	2	2	2	first	first	1.000	1.000	constitutive	constitutive	285	285	1
NC_060941.1	17763897	17764509	-1	1	-	NC_060941.1	17763942	17764143	SREBF1	NM_001005291.3	-	1	1	366	44	9	9	15	14	14	middle	middle	0.933	0.933	alternative	alternative	201	201	13
NC_060941.1	17763897	17764509	-1	1	-	NC_060941.1	17763942	17764277	SREBF1	NM_001388387.1	-	1	2	232	44	8	9	15	1	14	middle	middle	0.067	0.933	unique	alternative	43	201	1
NC_060941.1	18587580	18588564	-1	1	-	NC_060941.1	18588109	18588183	TBC1D28	NM_001039397.3	-	1	1	381	528	1	1	10	2	2	first	first	0.200	0.200	alternative	alternative	74	74	2
NC_060941.1	18587580	18588564	-1	1	-	NC_060941.1	18588463	18588564	TBC1D28	XM_054315644.1	-	1	1	0	882	2	2	10	8	8	middle	middle	0.800	0.800	alternative	alternative	101	101	8
NC_060941.1	2253517	2254006	2	1	+	NC_060941.1	2253561	2253721	SGSM2	NM_001098509.2	+	2	1	43	285	10	10	27	23	23	middle	middle	0.852	0.852	alternative	alternative	160	160	23
NC_060941.1	2253517	2254006	2	1	+	NC_060941.1	2253879	2254005	SGSM2	XM_054318079.1	+	2	1	361	1	11	11	27	4	4	middle	middle	0.148	0.148	alternative	alternative	126	126	4
NC_060941.1	30550606	30551182	2	1	+	NC_060941.1	30550643	30551141	ANKRD13B	NM_152345.5	+	2	3	36	41	2	4	11	9	9	middle	middle	0.818	0.818	alternative	alternative	135	45	9
NC_060941.1	30550606	30551182	2	1	+	NC_060941.1	30551117	30551141	ANKRD13B	XM_054315032.1	+	2	1	510	41	1	1	11	2	2	first	first	0.182	0.182	alternative	alternative	24	24	2
NC_060941.1	30555284	30555806	3	1	+	NC_060941.1	30555553	30555716	ANKRD13B	NM_152345.5	+	3	1	268	90	13	13	11	7	7	middle	middle	0.636	0.636	alternative	alternative	163	163	7
NC_060941.1	30555284	30555806	3	1	+	NC_060941.1	30555303	30555455	ANKRD13B	XM_054315033.1	+	3	1	18	351	12	12	11	1	1	middle	middle	0.091	0.091	unique	unique	152	152	1
NC_060941.1	30559520	30560162	-2	1	-	NC_060941.1	30559603	30559943	CORO6	NM_001351301.3	-	2	2	219	82	2	3	17	13	15	middle	middle	0.765	0.882	alternative	alternative	104	145	13
NC_060941.1	30559520	30560162	-2	1	-	NC_060941.1	30559603	30559748	CORO6	NM_001388438.1	-	2	1	414	82	5	5	17	15	15	middle	middle	0.882	0.882	alternative	alternative	145	145	2
NC_060941.1	38919773	38920130	3	1	+	NC_060941.1	38919864	38919963	TBC1D3E	NM_001291466.2	+	3	1	90	167	11	11	7	7	7	middle	middle	1.000	1.000	constitutive	constitutive	99	99	6
NC_060941.1	38919773	38920130	3	1	+	NC_060941.1	38919864	38920130	TBC1D3E	XM_054314679.1	+	3	2	90	0	11	12	7	7	1	middle	last	1.000	0.143	constitutive	unique	99	58	1
NC_060941.1	38967326	38967683	-2	1	-	NC_060941.1	38967494	38967593	TBC1D3K	NM_001291464.2	-	2	1	90	167	11	11	9	8	8	middle	middle	0.889	0.889	alternative	alternative	99	99	7
NC_060941.1	38967326	38967683	-2	1	-	NC_060941.1	38967327	38967593	TBC1D3K	XM_054314656.1	-	2	2	90	0	11	12	9	8	1	middle	last	0.889	0.111	alternative	unique	99	58	1
NC_060941.1	38999351	38999708	3	1	+	NC_060941.1	38999442	38999541	TBC1D3D	NM_001291465.2	+	3	1	90	167	11	11	9	9	9	middle	middle	1.000	1.000	constitutive	constitutive	99	99	8
NC_060941.1	38999351	38999708	3	1	+	NC_060941.1	38999442	38999708	TBC1D3D	XM_054314664.1	+	3	2	90	0	11	12	9	9	1	middle	last	1.000	0.111	constitutive	unique	99	58	1
NC_060941.1	40521225	40521633	1	1	+	NC_060941.1	40521340	40521404	STARD3	NM_001165937.2	+	1	1	114	229	3	3	16	4	4	middle	middle	0.250	0.250	alternative	alternative	64	64	4
NC_060941.1	40521225	40521633	1	1	+	NC_060941.1	40521340	40521417	STARD3	NM_001165938.2	+	1	1	114	216	3	3	16	12	12	middle	middle	0.750	0.750	alternative	alternative	77	77	1
NC_060941.1	40521225	40521633	1	1	+	NC_060941.1	40521340	40521591	STARD3	NM_006804.4	+	1	2	114	42	3	4	16	12	11	middle	middle	0.750	0.688	alternative	alternative	77	53	11
NC_060941.1	40522204	40522690	2	1	+	NC_060941.1	40522274	40522385	STARD3	NM_001165937.2	+	2	1	69	305	6	6	16	1	1	middle	middle	0.062	0.062	unique	unique	111	111	1
NC_060941.1	40522204	40522690	2	1	+	NC_060941.1	40522287	40522385	STARD3	NM_001165938.2	+	2	1	82	305	5	5	16	9	9	middle	middle	0.562	0.562	alternative	alternative	98	98	9
NC_060941.1	40522204	40522690	2	1	+	NC_060941.1	40522616	40522671	STARD3	XM_054314768.1	+	2	1	411	19	7	7	16	3	3	middle	middle	0.188	0.188	alternative	alternative	55	55	3
NC_060941.1	41345548	41345992	-3	1	-	NC_060941.1	41345644	41345931	TNS4	NM_032865.6	-	3	2	61	95	6	7	7	7	4	middle	middle	1.000	0.571	constitutive	alternative	92	77	4
NC_060941.1	41345548	41345992	-3	1	-	NC_060941.1	41345839	41345931	TNS4	XM_054317592.1	-	3	1	61	290	6	6	7	7	7	middle	middle	1.000	1.000	constitutive	constitutive	92	92	1
NC_060941.1	41345548	41345992	-3	1	-	NC_060941.1	41345612	41345931	TNS4	XM_054317593.1	-	3	2	61	63	6	7	7	7	2	middle	middle	1.000	0.286	constitutive	alternative	92	109	2
NC_060941.1	44733554	44733929	-2	1	-	NC_060941.1	44733824	44733929	MPP2	NM_001278370.2	-	2	1	0	269	8	8	16	15	15	middle	middle	0.938	0.938	alternative	alternative	105	105	15
NC_060941.1	44733554	44733929	-2	1	-	NC_060941.1	44733670	44733738	MPP2	XM_054316182.1	-	2	1	191	115	2	2	16	1	1	middle	middle	0.062	0.062	unique	unique	68	68	1
NC_060941.1	45007490	45007916	3	1	+	NC_060941.1	45007656	45007764	HROB	NM_001171251.3	+	3	1	165	152	6	6	33	19	19	middle	middle	0.576	0.576	alternative	alternative	108	108	18
NC_060941.1	45007490	45007916	3	1	+	NC_060941.1	45007653	45007764	HROB	NM_024032.5	+	3	1	162	152	6	6	33	11	11	middle	middle	0.333	0.333	alternative	alternative	111	111	10
NC_060941.1	45007490	45007916	3	1	+	NC_060941.1	45007653	45007916	HROB	XM_054317110.1	+	3	2	162	0	6	7	33	11	2	middle	last	0.333	0.061	alternative	alternative	111	67	1
NC_060941.1	45007490	45007916	3	1	+	NC_060941.1	45007656	45007916	HROB	XM_054317111.1	+	3	2	165	0	6	7	33	19	2	middle	last	0.576	0.061	alternative	alternative	108	67	1
NC_060941.1	45175391	45175955	-2	1	-	NC_060941.1	45175497	45175930	SLC25A39	NM_001143780.3	-	2	2	25	105	3	4	12	6	3	middle	middle	0.500	0.250	alternative	alternative	44	133	3
NC_060941.1	45175391	45175955	-2	1	-	NC_060941.1	45175497	45175606	SLC25A39	NM_001321240.2	-	2	1	349	105	3	3	12	5	5	middle	middle	0.417	0.417	alternative	alternative	109	109	2
NC_060941.1	45175391	45175955	-2	1	-	NC_060941.1	45175497	45175930	SLC25A39	NM_001321241.2	-	2	2	25	105	3	4	12	6	5	middle	middle	0.500	0.417	alternative	alternative	44	109	3
NC_060941.1	45228510	45229275	-1	1	-	NC_060941.1	45228649	45229101	ITGA2B	NM_000419.5	-	1	2	174	138	27	28	3	3	2	middle	middle	1.000	0.667	constitutive	alternative	113	101	2
NC_060941.1	45228510	45229275	-1	1	-	NC_060941.1	45228988	45229101	ITGA2B	XM_054315956.1	-	1	1	174	477	27	27	3	3	3	middle	middle	1.000	1.000	constitutive	constitutive	113	113	1
NC_060941.1	46099943	46100327	3	1	+	NC_060941.1	46099944	46100064	FMNL1	NM_001411128.1	+	3	1	0	263	25	25	2	2	2	middle	middle	1.000	1.000	constitutive	constitutive	120	120	1
NC_060941.1	46099943	46100327	3	1	+	NC_060941.1	46099944	46100327	FMNL1	NM_005892.4	+	3	2	0	0	25	26	2	2	1	middle	last	1.000	0.500	constitutive	unique	120	88	1
NC_060941.1	4687806	4688274	1	1	+	NC_060941.1	4687864	4688008	PSMB6	NM_001270481.2	+	1	1	57	266	5	5	2	2	2	middle	middle	1.000	1.000	constitutive	constitutive	144	144	1
NC_060941.1	4687806	4688274	1	1	+	NC_060941.1	4687864	4688274	PSMB6	NM_002798.3	+	1	2	57	0	5	6	2	2	1	middle	last	1.000	0.500	constitutive	unique	144	139	1
NC_060941.1	4829115	4829604	-1	1	-	NC_060941.1	4829117	4829560	SLC25A11	NM_001165417.2	-	1	2	44	1	2	3	3	2	3	middle	middle	0.667	1.000	alternative	constitutive	152	206	2
NC_060941.1	4829115	4829604	-1	1	-	NC_060941.1	4829117	4829323	SLC25A11	NM_001165418.2	-	1	1	281	1	2	2	3	3	3	middle	middle	1.000	1.000	constitutive	constitutive	206	206	1
NC_060941.1	4834511	4835192	3	1	+	NC_060941.1	4834906	4834986	RNF167	NM_001320356.2	+	3	1	394	206	8	8	22	20	20	middle	middle	0.909	0.909	alternative	alternative	80	80	16
NC_060941.1	4834511	4835192	3	1	+	NC_060941.1	4834744	4834986	RNF167	NM_001370303.1	+	3	2	232	206	8	9	22	4	20	middle	middle	0.182	0.909	alternative	alternative	71	80	4
NC_060941.1	4834511	4835192	3	1	+	NC_060941.1	4834909	4834986	RNF167	NM_001370306.1	+	3	1	397	206	8	8	22	2	2	middle	middle	0.091	0.091	alternative	alternative	77	77	2
NC_060941.1	63559291	63559936	2	1	+	NC_060941.1	63559437	63559675	MRC2	NM_006039.5	+	2	1	145	261	24	24	3	1	1	middle	middle	0.333	0.333	unique	unique	238	238	1
NC_060941.1	63559291	63559936	2	1	+	NC_060941.1	63559809	63559936	MRC2	XM_054318061.1	+	2	1	517	0	24	24	3	1	1	last	last	0.333	0.333	unique	unique	127	127	1
NC_060941.1	6662536	6662890	2	1	+	NC_060941.1	6662793	6662878	XAF1	NM_001353134.2	+	2	1	256	12	2	2	14	10	10	middle	middle	0.714	0.714	alternative	alternative	85	85	7
NC_060941.1	6662536	6662890	2	1	+	NC_060941.1	6662546	6662878	XAF1	NM_001353137.2	+	2	2	9	12	1	2	14	2	10	first	middle	0.143	0.714	alternative	alternative	129	85	2
NC_060941.1	6662536	6662890	2	1	+	NC_060941.1	6662546	6662878	XAF1	XM_054316545.1	+	2	2	9	12	1	2	14	1	10	first	middle	0.071	0.714	unique	alternative	114	85	1
NC_060941.1	68233193	68233478	-2	1	-	NC_060941.1	68233203	68233322	PSMD12	NM_001316341.2	-	2	1	156	9	1	1	4	1	1	first	first	0.250	0.250	unique	unique	119	119	1
NC_060941.1	68233193	68233478	-2	1	-	NC_060941.1	68233203	68233478	PSMD12	NM_002816.5	-	2	2	0	9	2	3	4	2	3	middle	middle	0.500	0.750	alternative	alternative	59	128	2
NC_060941.1	68233193	68233478	-2	1	-	NC_060941.1	68233203	68233331	PSMD12	NM_174871.4	-	2	1	147	9	2	2	4	3	3	middle	middle	0.750	0.750	alternative	alternative	128	128	1
NC_060941.1	7125150	7125468	1	1	+	NC_060941.1	7125391	7125463	ACADVL	NM_000018.4	+	1	1	240	5	17	17	9	5	5	middle	middle	0.556	0.556	alternative	alternative	72	72	5
NC_060941.1	7125150	7125468	1	1	+	NC_060941.1	7125232	7125463	ACADVL	XM_054315979.1	+	1	2	81	5	15	16	9	3	2	middle	middle	0.333	0.222	alternative	alternative	72	68	2
NC_060941.1	7125150	7125468	1	1	+	NC_060941.1	7125232	7125304	ACADVL	XM_054315982.1	+	1	1	81	164	15	15	9	3	3	middle	middle	0.333	0.333	alternative	alternative	72	72	1
NC_060941.1	7260314	7260620	3	1	+	NC_060941.1	7260391	7260470	TMEM95	NM_001320435.2	+	3	1	76	150	6	6	9	1	1	middle	middle	0.111	0.111	unique	unique	79	79	1
NC_060941.1	7260314	7260620	3	1	+	NC_060941.1	7260590	7260620	TMEM95	NM_001320436.2	+	3	1	275	0	7	7	9	4	4	last	last	0.444	0.444	alternative	alternative	30	30	4
NC_060941.1	7496375	7496783	-2	1	-	NC_060941.1	7496505	7496605	FXR2	NM_004860.4	-	2	1	178	129	16	16	2	2	2	middle	middle	1.000	1.000	constitutive	constitutive	100	100	1
NC_060941.1	7496375	7496783	-2	1	-	NC_060941.1	7496376	7496605	FXR2	XM_054317873.1	-	2	2	178	0	16	17	2	2	1	middle	last	1.000	0.500	constitutive	unique	100	32	1
NC_060941.1	75757805	75758585	-2	1	-	NC_060941.1	75757917	75758354	FDXR	NM_001258012.4	-	2	2	231	111	4	5	7	5	7	middle	middle	0.714	1.000	alternative	constitutive	122	113	5
NC_060941.1	75757805	75758585	-2	1	-	NC_060941.1	75757917	75758330	FDXR	NM_001258014.4	-	2	2	255	111	4	5	7	1	7	middle	middle	0.143	1.000	unique	constitutive	98	113	1
NC_060941.1	75757805	75758585	-2	1	-	NC_060941.1	75757917	75758030	FDXR	NM_001258015.3	-	2	1	555	111	4	4	7	7	7	middle	middle	1.000	1.000	constitutive	constitutive	113	113	1
NC_060941.1	75763748	75764186	-2	1	-	NC_060941.1	75763824	75763921	FDXR	NM_001258012.4	-	2	1	265	75	2	2	7	5	5	middle	middle	0.714	0.714	alternative	alternative	97	97	5
NC_060941.1	75763748	75764186	-2	1	-	NC_060941.1	75763824	75764104	FDXR	NM_001258013.4	-	2	2	82	75	2	3	7	1	1	middle	middle	0.143	0.143	unique	unique	118	71	1
NC_060941.1	76507750	76508017	2	1	+	NC_060941.1	76507771	76507871	MYO15B	NM_001309242.2	+	2	1	20	146	30	30	36	35	35	middle	middle	0.972	0.972	alternative	alternative	100	100	35
NC_060941.1	76507750	76508017	2	1	+	NC_060941.1	76507961	76508017	MYO15B	XM_054317332.1	+	2	1	210	0	33	33	36	1	1	last	last	0.028	0.028	unique	unique	56	56	1
NC_060941.1	76509044	76510352	3	1	+	NC_060941.1	76509712	76509973	MYO15B	NM_001309242.2	+	3	1	667	379	38	38	36	34	34	middle	middle	0.944	0.944	alternative	alternative	261	261	33
NC_060941.1	76509044	76510352	3	1	+	NC_060941.1	76509712	76510352	MYO15B	XM_054317324.1	+	3	3	667	0	40	42	36	34	1	middle	last	0.944	0.028	alternative	unique	261	79	1
NC_060941.1	76509044	76510352	3	1	+	NC_060941.1	76509257	76509335	MYO15B	XM_054317328.1	+	3	1	212	1017	38	38	36	1	1	middle	middle	0.028	0.028	unique	unique	78	78	1
NC_060941.1	76517337	76517607	1	1	+	NC_060941.1	76517360	76517454	MYO15B	NM_001309242.2	+	1	1	22	153	55	55	36	32	32	middle	middle	0.889	0.889	alternative	alternative	94	94	32
NC_060941.1	76517337	76517607	1	1	+	NC_060941.1	76517360	76517607	MYO15B	XM_054317314.1	+	1	2	22	0	57	58	36	1	1	middle	last	0.028	0.028	unique	unique	74	52	1
NC_060941.1	76740548	76741163	-2	1	-	NC_060941.1	76740638	76740760	WBP2	NM_001330499.2	-	2	1	403	89	5	5	4	4	4	middle	middle	1.000	1.000	constitutive	constitutive	122	122	1
NC_060941.1	76740548	76741163	-2	1	-	NC_060941.1	76740638	76741081	WBP2	NM_001348170.1	-	2	2	82	89	5	6	4	3	4	middle	middle	0.750	1.000	alternative	constitutive	134	122	3
NC_060941.1	76985477	76986356	-2	1	-	NC_060941.1	76985745	76985890	EXOC7	NM_001013839.4	-	2	1	466	267	8	8	13	11	11	middle	middle	0.846	0.846	alternative	alternative	145	145	10
NC_060941.1	76985477	76986356	-2	1	-	NC_060941.1	76985745	76986311	EXOC7	XM_054315597.1	-	2	2	45	267	1	2	13	1	11	first	middle	0.077	0.846	unique	alternative	66	145	1
NC_060941.1	7722044	7722311	3	1	+	NC_060941.1	7722045	7722195	DNAH2	NM_020877.5	+	3	1	0	116	67	67	12	10	10	middle	middle	0.833	0.833	alternative	alternative	150	150	9
NC_060941.1	7722044	7722311	3	1	+	NC_060941.1	7722045	7722311	DNAH2	XM_054315157.1	+	3	2	0	0	69	70	12	10	1	middle	last	0.833	0.083	alternative	unique	150	19	1
NC_060941.1	79098841	79099405	2	1	+	NC_060941.1	79098921	79099283	AFMID	NM_001010982.5	+	2	2	79	122	6	7	11	4	3	middle	middle	0.364	0.273	alternative	alternative	72	97	3
NC_060941.1	79098841	79099405	2	1	+	NC_060941.1	79098921	79098993	AFMID	NM_001392001.1	+	2	1	79	412	6	6	11	4	4	middle	middle	0.364	0.364	alternative	alternative	72	72	1
NC_060941.1	79978360	79978711	2	1	+	NC_060941.1	79978423	79978531	ENGASE	NM_001042573.3	+	2	1	62	180	9	9	10	9	9	middle	middle	0.900	0.900	alternative	alternative	108	108	9
NC_060941.1	79978360	79978711	2	1	+	NC_060941.1	79978702	79978711	ENGASE	XM_054316947.1	+	2	1	341	0	9	9	10	1	1	last	last	0.100	0.100	unique	unique	9	9	1
NC_060941.1	8171102	8171978	3	1	+	NC_060941.1	8171121	8171865	PFAS	NM_012393.3	+	3	3	18	113	17	19	6	6	5	middle	middle	1.000	0.833	constitutive	alternative	230	83	5
NC_060941.1	8171102	8171978	3	1	+	NC_060941.1	8171121	8171351	PFAS	XM_054316504.1	+	3	1	18	627	17	17	6	6	6	middle	middle	1.000	1.000	constitutive	constitutive	230	230	1
NC_060941.1	82636720	82637443	2	1	+	NC_060941.1	82636760	82636816	SLC25A10	NM_001270888.2	+	2	1	39	627	10	10	5	3	3	middle	middle	0.600	0.600	alternative	alternative	56	56	3
NC_060941.1	82636720	82637443	2	1	+	NC_060941.1	82636905	82637443	SLC25A10	NM_001270953.2	+	2	1	184	0	11	11	5	1	1	last	last	0.200	0.200	unique	unique	538	538	1
NC_060941.1	82781442	82782222	-1	1	-	NC_060941.1	82781764	82781862	SIRT7	NM_016538.3	-	1	1	360	321	6	6	6	6	6	middle	middle	1.000	1.000	constitutive	constitutive	98	98	4
NC_060941.1	82781442	82782222	-1	1	-	NC_060941.1	82781454	82781862	SIRT7	XM_054316404.1	-	1	2	360	11	6	7	6	6	1	middle	middle	1.000	0.167	constitutive	unique	98	210	1
NC_060941.1	82781442	82782222	-1	1	-	NC_060941.1	82781454	82781862	SIRT7	XM_054316405.1	-	1	2	360	11	6	7	6	6	1	middle	middle	1.000	0.167	constitutive	unique	98	162	1
NC_060941.1	82801238	82802360	-2	1	-	NC_060941.1	82802085	82802306	PYCR1	NM_001282279.2	-	2	1	54	846	4	4	13	13	13	middle	middle	1.000	1.000	constitutive	constitutive	221	221	1
NC_060941.1	82801238	82802360	-2	1	-	NC_060941.1	82801812	82802306	PYCR1	NM_001282280.2	-	2	2	54	573	4	5	13	13	12	middle	middle	1.000	0.923	constitutive	alternative	221	92	12
NC_060941.1	82886366	82886582	-2	1	-	NC_060941.1	82886367	82886378	CENPX	NM_001271006.2	-	2	1	204	0	5	5	5	3	3	last	last	0.600	0.600	alternative	alternative	11	11	3
NC_060941.1	82886366	82886582	-2	1	-	NC_060941.1	82886452	82886540	CENPX	NM_001330536.2	-	2	1	42	85	4	4	5	1	1	middle	middle	0.200	0.200	unique	unique	88	88	1
NC_060941.1	82886366	82886582	-2	1	-	NC_060941.1	82886467	82886540	CENPX	XM_054315368.1	-	2	1	42	100	4	4	5	1	1	middle	middle	0.200	0.200	unique	unique	73	73	1
NC_060941.1	82923426	82923765	1	1	+	NC_060941.1	82923444	82923708	GPS1	NM_001321089.3	+	1	2	17	57	10	11	60	60	57	middle	middle	1.000	0.950	constitutive	alternative	105	80	57
NC_060941.1	82923426	82923765	1	1	+	NC_060941.1	82923444	82923549	GPS1	NM_001394774.1	+	1	1	17	216	9	9	60	60	60	middle	middle	1.000	1.000	constitutive	constitutive	105	105	3
NC_060941.1	8742746	8743364	-2	1	-	NC_060941.1	8742748	8743124	PIK3R6	NM_001010855.4	-	2	2	240	1	5	6	21	19	19	middle	middle	0.905	0.905	alternative	alternative	132	69	19
NC_060941.1	8742746	8743364	-2	1	-	NC_060941.1	8742748	8742800	PIK3R6	NM_001290211.1	-	2	1	564	1	1	1	21	1	1	first	first	0.048	0.048	unique	unique	52	52	1
NC_060942.1	202537	203062	-2	1	-	NC_060942.1	202726	203023	TUBB8B	NM_001358689.2	-	2	2	39	188	2	3	3	1	1	middle	middle	0.333	0.333	unique	unique	108	110	1
NC_060942.1	202537	203062	-2	1	-	NC_060942.1	202726	202786	TUBB8B	NM_001389609.1	-	2	1	276	188	1	1	3	1	1	first	first	0.333	0.333	unique	unique	60	60	1
NC_060942.1	59641316	59641649	-1	1	-	NC_060942.1	59641452	59641591	CCBE1	NM_133459.4	-	1	1	58	135	8	8	5	4	4	middle	middle	0.800	0.800	alternative	alternative	139	139	4
NC_060942.1	59641316	59641649	-1	1	-	NC_060942.1	59641318	59641353	CCBE1	XM_054318206.1	-	1	1	296	1	9	9	5	1	1	middle	middle	0.200	0.200	unique	unique	35	35	1
NC_060943.1	10112747	10112978	-3	1	-	NC_060943.1	10112910	10112954	COL5A3	NM_015719.4	-	3	1	24	162	28	28	3	2	2	middle	middle	0.667	0.667	alternative	alternative	44	44	2
NC_060943.1	10112747	10112978	-3	1	-	NC_060943.1	10112757	10112771	COL5A3	XM_054321133.1	-	3	1	207	9	1	1	3	1	1	first	first	0.333	0.333	unique	unique	14	14	1
NC_060943.1	1022506	1022854	2	1	+	NC_060943.1	1022611	1022755	ABCA7	NM_019112.4	+	2	1	104	99	35	35	18	7	7	middle	middle	0.389	0.389	alternative	alternative	144	144	7
NC_060943.1	1022506	1022854	2	1	+	NC_060943.1	1022665	1022755	ABCA7	XM_054319518.1	+	2	1	158	99	35	35	18	2	2	middle	middle	0.111	0.111	alternative	alternative	90	90	2
NC_060943.1	1022506	1022854	2	1	+	NC_060943.1	1022562	1022755	ABCA7	XM_054319520.1	+	2	1	55	99	34	34	18	1	1	middle	middle	0.056	0.056	unique	unique	193	193	1
NC_060943.1	1022506	1022854	2	1	+	NC_060943.1	1022842	1022854	ABCA7	XM_054319526.1	+	2	1	335	0	35	35	18	1	1	last	last	0.056	0.056	unique	unique	12	12	1
NC_060943.1	10446734	10447403	-3	1	-	NC_060943.1	10446765	10447369	RAVER1	NM_001366174.1	-	3	3	34	30	8	10	6	3	1	middle	middle	0.500	0.167	alternative	unique	211	127	1
NC_060943.1	10446734	10447403	-3	1	-	NC_060943.1	10446765	10447369	RAVER1	NM_133452.3	-	3	2	34	30	8	9	6	3	3	middle	middle	0.500	0.500	alternative	alternative	211	296	2
NC_060943.1	10446734	10447403	-3	1	-	NC_060943.1	10446765	10447061	RAVER1	XM_054319746.1	-	3	1	342	30	5	5	6	3	3	middle	middle	0.500	0.500	alternative	alternative	296	296	1
NC_060943.1	10480554	10481070	-2	1	-	NC_060943.1	10480636	10480733	TYK2	NM_001385197.1	-	2	1	337	81	17	17	20	18	18	middle	middle	0.900	0.900	alternative	alternative	97	97	17
NC_060943.1	10480554	10481070	-2	1	-	NC_060943.1	10480636	10481006	TYK2	NM_001385203.1	-	2	2	64	81	17	18	20	1	18	middle	middle	0.050	0.900	unique	alternative	80	97	1
NC_060943.1	1070764	1071172	2	1	+	NC_060943.1	1070908	1071125	GPX4	NM_001039847.3	+	2	2	143	47	5	6	4	4	1	middle	middle	1.000	0.250	constitutive	unique	24	81	1
NC_060943.1	1070764	1071172	2	1	+	NC_060943.1	1070908	1070932	GPX4	NM_001039848.4	+	2	1	143	240	5	5	4	4	4	middle	middle	1.000	1.000	constitutive	constitutive	24	24	3
NC_060943.1	1073319	1073661	-2	1	-	NC_060943.1	1073445	1073635	SBNO2	NM_001100122.2	-	2	1	26	125	28	28	4	2	2	middle	middle	0.500	0.500	alternative	alternative	190	190	2
NC_060943.1	1073319	1073661	-2	1	-	NC_060943.1	1073320	1073635	SBNO2	XM_054320272.1	-	2	2	26	0	30	31	4	1	1	middle	last	0.250	0.250	unique	unique	186	50	1
NC_060943.1	11635203	11635728	-2	1	-	NC_060943.1	11635494	11635551	ECSIT	NM_001142464.3	-	2	1	177	290	4	4	4	4	4	middle	middle	1.000	1.000	constitutive	constitutive	57	57	3
NC_060943.1	11635203	11635728	-2	1	-	NC_060943.1	11635205	11635551	ECSIT	NM_001243204.2	-	2	2	177	1	4	5	4	4	1	middle	middle	1.000	0.250	constitutive	unique	57	27	1
NC_060943.1	1222350	1223088	1	1	+	NC_060943.1	1222477	1223001	MIDN	NM_001388306.1	+	1	2	126	87	4	5	5	2	5	middle	middle	0.400	1.000	alternative	constitutive	128	311	2
NC_060943.1	1222350	1223088	1	1	+	NC_060943.1	1222690	1223001	MIDN	NM_001388307.1	+	1	1	339	87	4	4	5	5	5	middle	middle	1.000	1.000	constitutive	constitutive	311	311	3
NC_060943.1	12800292	12800679	-2	1	-	NC_060943.1	12800515	12800640	DHPS	NM_001206974.2	-	2	1	39	222	8	8	6	3	3	middle	middle	0.500	0.500	alternative	alternative	125	125	3
NC_060943.1	12800292	12800679	-2	1	-	NC_060943.1	12800293	12800431	DHPS	NM_001369691.1	-	2	1	248	0	9	9	6	1	1	last	last	0.167	0.167	unique	unique	138	138	1
NC_060943.1	12800292	12800679	-2	1	-	NC_060943.1	12800515	12800603	DHPS	NM_013406.3	-	2	1	76	222	7	7	6	1	1	middle	middle	0.167	0.167	unique	unique	88	88	1
NC_060943.1	13237781	13238360	-3	1	-	NC_060943.1	13237917	13238223	TRMT1	NM_001136035.4	-	3	2	137	135	5	6	6	5	5	middle	middle	0.833	0.833	alternative	alternative	115	112	5
NC_060943.1	13237781	13238360	-3	1	-	NC_060943.1	13237917	13238003	TRMT1	NM_001351762.2	-	3	1	357	135	1	1	6	1	1	first	first	0.167	0.167	unique	unique	86	86	1
NC_060943.1	1453601	1454048	-3	1	-	NC_060943.1	1453868	1453971	PCSK4	NM_001395257.1	-	3	1	77	266	10	10	26	18	18	middle	middle	0.692	0.692	alternative	alternative	103	103	18
NC_060943.1	1453601	1454048	-3	1	-	NC_060943.1	1453680	1453797	PCSK4	XM_054321292.1	-	3	1	251	78	11	11	26	8	8	middle	middle	0.308	0.308	alternative	alternative	117	117	8
NC_060943.1	1456804	1457749	-1	1	-	NC_060943.1	1456883	1457343	PCSK4	NM_001395257.1	-	1	2	406	78	7	8	26	18	17	middle	middle	0.692	0.654	alternative	alternative	172	212	17
NC_060943.1	1456804	1457749	-1	1	-	NC_060943.1	1457171	1457343	PCSK4	XM_054321294.1	-	1	1	406	366	8	8	26	18	18	middle	middle	0.692	0.692	alternative	alternative	172	172	1
NC_060943.1	14901228	14901705	-2	1	-	NC_060943.1	14901240	14901608	ADGRE2	NM_001271052.1	-	2	2	97	11	2	3	27	25	22	middle	middle	0.926	0.815	alternative	alternative	50	116	22
NC_060943.1	14901228	14901705	-2	1	-	NC_060943.1	14901558	14901608	ADGRE2	XM_054320781.1	-	2	1	97	329	2	2	27	25	25	middle	middle	0.926	0.926	alternative	alternative	50	50	3
NC_060943.1	15236204	15236756	3	1	+	NC_060943.1	15236256	15236735	SYDE1	NM_001300910.2	+	3	2	51	21	5	6	6	6	3	middle	middle	1.000	0.500	constitutive	alternative	126	160	3
NC_060943.1	15236204	15236756	3	1	+	NC_060943.1	15236256	15236382	SYDE1	XM_054322457.1	+	3	1	51	374	4	4	6	6	6	middle	middle	1.000	1.000	constitutive	constitutive	126	126	3
NC_060943.1	1582534	1583263	-1	1	-	NC_060943.1	1582535	1583258	TCF3	NM_001136139.4	-	1	2	5	0	17	18	50	19	50	middle	last	0.380	1.000	alternative	constitutive	226	139	19
NC_060943.1	1582534	1583263	-1	1	-	NC_060943.1	1582535	1582674	TCF3	NM_001351778.2	-	1	1	589	0	18	18	50	50	50	last	last	1.000	1.000	constitutive	constitutive	139	139	20
NC_060943.1	1582534	1583263	-1	1	-	NC_060943.1	1582535	1583255	TCF3	XM_054321861.1	-	1	2	8	0	17	18	50	11	50	middle	last	0.220	1.000	alternative	constitutive	223	139	11
NC_060943.1	1585933	1586935	-1	1	-	NC_060943.1	1586511	1586646	TCF3	NM_001136139.4	-	1	1	289	577	16	16	50	50	50	middle	middle	1.000	1.000	constitutive	constitutive	135	135	30
NC_060943.1	1585933	1586935	-1	1	-	NC_060943.1	1586110	1586646	TCF3	NM_001351778.2	-	1	2	289	176	16	17	50	50	20	middle	middle	1.000	0.400	constitutive	alternative	135	235	20
NC_060943.1	17031013	17031604	-1	1	-	NC_060943.1	17031015	17031504	CPAMD8	NM_015692.5	-	1	2	100	1	40	41	13	13	8	middle	middle	1.000	0.615	constitutive	alternative	209	150	8
NC_060943.1	17031013	17031604	-1	1	-	NC_060943.1	17031295	17031504	CPAMD8	XM_054320557.1	-	1	1	100	281	40	40	13	13	13	middle	middle	1.000	1.000	constitutive	constitutive	209	209	5
NC_060943.1	17555072	17555477	3	1	+	NC_060943.1	17555385	17555394	MVB12A	NM_001304547.2	+	3	1	312	83	1	1	2	1	1	first	first	0.500	0.500	unique	unique	9	9	1
NC_060943.1	17555072	17555477	3	1	+	NC_060943.1	17555073	17555394	MVB12A	NM_138401.4	+	3	2	0	83	2	3	2	1	1	middle	middle	0.500	0.500	unique	unique	98	96	1
NC_060943.1	17673608	17674403	3	1	+	NC_060943.1	17673787	17674088	NIBAN3	NM_001098524.2	+	3	2	178	315	7	8	16	12	12	middle	middle	0.750	0.750	alternative	alternative	115	104	12
NC_060943.1	17673608	17674403	3	1	+	NC_060943.1	17674002	17674088	NIBAN3	NM_001321828.1	+	3	1	393	315	1	1	16	4	4	first	first	0.250	0.250	alternative	alternative	86	86	4
NC_060943.1	17677911	17678247	1	1	+	NC_060943.1	17677927	17678241	NIBAN3	NM_001098524.2	+	1	2	15	6	12	13	16	16	14	middle	middle	1.000	0.875	constitutive	alternative	116	107	14
NC_060943.1	17677911	17678247	1	1	+	NC_060943.1	17677927	17678043	NIBAN3	NM_001363609.1	+	1	1	15	204	11	11	16	16	16	middle	middle	1.000	1.000	constitutive	constitutive	116	116	2
NC_060943.1	17921705	17922389	3	1	+	NC_060943.1	17922370	17922389	FCHO1	NM_001161358.2	+	3	1	664	0	26	26	41	36	36	last	last	0.878	0.878	alternative	alternative	19	19	36
NC_060943.1	17921705	17922389	3	1	+	NC_060943.1	17921768	17921932	FCHO1	NM_001384391.1	+	3	1	62	457	24	24	41	3	3	middle	middle	0.073	0.073	alternative	alternative	164	164	3
NC_060943.1	18142286	18142856	3	1	+	NC_060943.1	18142789	18142855	ARRDC2	NM_001025604.3	+	3	1	502	1	2	2	3	3	3	middle	middle	1.000	1.000	constitutive	constitutive	66	66	1
NC_060943.1	18142286	18142856	3	1	+	NC_060943.1	18142389	18142855	ARRDC2	NM_001286826.2	+	3	2	102	1	1	2	3	2	3	first	middle	0.667	1.000	alternative	constitutive	273	66	2
NC_060943.1	18193736	18194216	-3	1	-	NC_060943.1	18193999	18194177	IL12RB1	NM_001290023.2	-	3	1	39	262	16	16	25	11	11	middle	middle	0.440	0.440	alternative	alternative	178	178	5
NC_060943.1	18193736	18194216	-3	1	-	NC_060943.1	18193986	18194177	IL12RB1	NM_001290024.2	-	3	1	39	249	17	17	25	8	8	middle	middle	0.320	0.320	alternative	alternative	191	191	8
NC_060943.1	18193736	18194216	-3	1	-	NC_060943.1	18193737	18194177	IL12RB1	XM_054320868.1	-	3	2	39	0	17	18	25	11	6	middle	last	0.440	0.240	alternative	alternative	178	111	6
NC_060943.1	18565530	18565896	1	1	+	NC_060943.1	18565825	18565884	SSBP4	NM_001009998.4	+	1	1	294	12	6	6	18	18	18	middle	middle	1.000	1.000	constitutive	constitutive	59	59	9
NC_060943.1	18565530	18565896	1	1	+	NC_060943.1	18565531	18565884	SSBP4	NM_032627.5	+	1	2	0	12	6	7	18	9	18	middle	middle	0.500	1.000	alternative	constitutive	65	59	9
NC_060943.1	18571606	18572554	-1	1	-	NC_060943.1	18572039	18572158	ISYNA1	NM_001170938.2	-	1	1	396	432	1	1	4	3	3	first	first	0.750	0.750	alternative	alternative	119	119	1
NC_060943.1	18571606	18572554	-1	1	-	NC_060943.1	18571778	18572158	ISYNA1	NM_016368.5	-	1	2	396	171	1	2	4	3	2	first	middle	0.750	0.500	alternative	alternative	119	161	2
NC_060943.1	2207406	2207907	-2	1	-	NC_060943.1	2207714	2207804	PLEKHJ1	NM_001300836.3	-	2	1	103	307	4	4	3	3	3	middle	middle	1.000	1.000	constitutive	constitutive	90	90	1
NC_060943.1	2207406	2207907	-2	1	-	NC_060943.1	2207407	2207804	PLEKHJ1	NM_018049.3	-	2	2	103	0	4	6	3	3	2	middle	last	1.000	0.667	constitutive	alternative	90	62	2
NC_060943.1	35345141	35345486	3	1	+	NC_060943.1	35345174	35345478	TDRD12	NM_001366102.1	+	3	2	32	8	31	32	11	9	7	middle	middle	0.818	0.636	alternative	alternative	153	66	7
NC_060943.1	35345141	35345486	3	1	+	NC_060943.1	35345174	35345327	TDRD12	XM_054322593.1	+	3	1	32	159	31	31	11	9	9	last	last	0.818	0.818	alternative	alternative	153	153	2
NC_060943.1	3621032	3621896	-3	1	-	NC_060943.1	3621034	3621508	PIP5K1C	NM_001195733.2	-	3	2	388	1	13	14	11	11	8	middle	middle	1.000	0.727	constitutive	alternative	138	32	8
NC_060943.1	3621032	3621896	-3	1	-	NC_060943.1	3621370	3621508	PIP5K1C	XM_054320389.1	-	3	1	388	337	13	13	11	11	11	middle	middle	1.000	1.000	constitutive	constitutive	138	138	3
NC_060943.1	3730280	3730832	-3	1	-	NC_060943.1	3730281	3730805	APBA3	NM_004886.4	-	3	2	27	0	8	10	3	1	1	middle	last	0.333	0.333	unique	unique	119	68	1
NC_060943.1	3730280	3730832	-3	1	-	NC_060943.1	3730441	3730805	APBA3	XM_054322742.1	-	3	1	27	160	8	8	3	2	2	middle	middle	0.667	0.667	alternative	alternative	364	364	2
NC_060943.1	37663821	37664220	1	1	+	NC_060943.1	37663847	37664095	FXYD3	NM_001136007.2	+	1	2	25	125	2	3	14	1	2	middle	middle	0.071	0.143	unique	alternative	83	53	1
NC_060943.1	37663821	37664220	1	1	+	NC_060943.1	37664056	37664095	FXYD3	NM_001136008.2	+	1	1	234	125	1	1	14	12	12	first	first	0.857	0.857	alternative	alternative	39	39	12
NC_060943.1	37663821	37664220	1	1	+	NC_060943.1	37664042	37664095	FXYD3	NM_001387355.1	+	1	1	220	125	2	2	14	2	2	middle	middle	0.143	0.143	alternative	alternative	53	53	1
NC_060943.1	38055066	38055357	-2	1	-	NC_060943.1	38055088	38055144	DMKN	NM_001126059.4	-	2	1	213	21	1	1	48	19	19	first	first	0.396	0.396	alternative	alternative	56	56	19
NC_060943.1	38055066	38055357	-2	1	-	NC_060943.1	38055313	38055357	DMKN	XM_054322629.1	-	2	1	0	246	7	7	48	6	6	middle	middle	0.125	0.125	alternative	alternative	44	44	6
NC_060943.1	38177861	38178284	3	1	+	NC_060943.1	38178052	38178206	RBM42	NM_001319113.2	+	3	1	190	78	5	5	2	1	1	middle	middle	0.500	0.500	unique	unique	154	154	1
NC_060943.1	38177861	38178284	3	1	+	NC_060943.1	38177890	38178206	RBM42	NM_024321.5	+	3	2	28	78	5	6	2	1	1	middle	middle	0.500	0.500	unique	unique	65	175	1
NC_060943.1	38289038	38289467	-3	1	-	NC_060943.1	38289322	38289455	U2AF1L4	NM_001040425.3	-	3	1	12	283	4	4	3	1	1	middle	middle	0.333	0.333	unique	unique	133	133	1
NC_060943.1	38289038	38289467	-3	1	-	NC_060943.1	38289119	38289455	U2AF1L4	NM_001369824.2	-	3	2	12	80	4	5	3	2	2	middle	middle	0.667	0.667	alternative	alternative	75	95	2
NC_060943.1	38329378	38330224	2	1	+	NC_060943.1	38329474	38329619	ARHGAP33	NM_001172630.2	+	2	1	95	605	11	11	17	14	14	middle	middle	0.824	0.824	alternative	alternative	145	145	12
NC_060943.1	38329378	38330224	2	1	+	NC_060943.1	38329474	38330224	ARHGAP33	XM_054319728.1	+	2	2	95	0	15	16	17	14	2	middle	last	0.824	0.118	alternative	alternative	145	427	2
NC_060943.1	38420203	38421043	2	1	+	NC_060943.1	38420258	38420623	APLP1	NM_001024807.3	+	2	2	54	420	9	10	4	2	4	middle	middle	0.500	1.000	alternative	constitutive	158	128	2
NC_060943.1	38420203	38421043	2	1	+	NC_060943.1	38420495	38420623	APLP1	XM_054320812.1	+	2	1	291	420	9	9	4	4	4	middle	middle	1.000	1.000	constitutive	constitutive	128	128	2
NC_060943.1	38552008	38552797	-1	1	-	NC_060943.1	38552222	38552743	SYNE4	NM_001039876.3	-	1	2	54	213	4	5	10	6	6	middle	middle	0.600	0.600	alternative	alternative	194	248	4
NC_060943.1	38552008	38552797	-1	1	-	NC_060943.1	38552222	38552470	SYNE4	NM_001297735.3	-	1	1	327	213	3	3	10	6	6	middle	middle	0.600	0.600	alternative	alternative	248	248	2
NC_060943.1	38552008	38552797	-1	1	-	NC_060943.1	38552549	38552743	SYNE4	XM_054320087.1	-	1	1	54	540	4	4	10	6	6	middle	middle	0.600	0.600	alternative	alternative	194	194	1
NC_060943.1	38552008	38552797	-1	1	-	NC_060943.1	38552401	38552743	SYNE4	XM_054320089.1	-	1	2	54	392	4	5	10	6	1	middle	middle	0.600	0.100	alternative	unique	194	69	1
NC_060943.1	38661336	38662131	1	1	+	NC_060943.1	38661379	38662002	TBCB	NM_001281.3	+	1	2	42	129	1	2	2	1	1	first	middle	0.500	0.500	unique	unique	113	143	1
NC_060943.1	38661336	38662131	1	1	+	NC_060943.1	38661898	38662002	TBCB	NM_001300971.3	+	1	1	561	129	1	1	2	1	1	first	first	0.500	0.500	unique	unique	104	104	1
NC_060943.1	4010020	4011331	2	1	+	NC_060943.1	4010440	4011142	PIAS4	NM_015897.4	+	2	2	419	189	4	6	3	2	3	middle	middle	0.667	1.000	alternative	constitutive	41	128	2
NC_060943.1	4010020	4011331	2	1	+	NC_060943.1	4011014	4011142	PIAS4	XM_054321192.1	+	2	1	993	189	3	3	3	3	3	middle	middle	1.000	1.000	constitutive	constitutive	128	128	1
NC_060943.1	41106284	41107127	3	1	+	NC_060943.1	41106541	41106656	C19orf33	NM_001317801.2	+	3	1	256	471	2	2	2	2	2	middle	middle	1.000	1.000	constitutive	constitutive	115	115	1
NC_060943.1	41106284	41107127	3	1	+	NC_060943.1	41106541	41107127	C19orf33	NM_033520.3	+	3	2	256	0	2	4	2	2	1	middle	last	1.000	0.500	constitutive	unique	115	116	1
NC_060943.1	41538088	41538523	-1	1	-	NC_060943.1	41538197	41538444	CAPN12	NM_144691.4	-	1	2	79	108	16	17	21	7	5	middle	middle	0.333	0.238	alternative	alternative	70	62	5
NC_060943.1	41538088	41538523	-1	1	-	NC_060943.1	41538374	41538444	CAPN12	XM_054319934.1	-	1	1	79	285	14	14	21	7	7	middle	middle	0.333	0.333	alternative	alternative	70	70	2
NC_060943.1	4181344	4181935	2	1	+	NC_060943.1	4181822	4181860	ANKRD24	NM_001393556.1	+	2	1	477	75	1	1	17	3	3	first	first	0.176	0.176	alternative	alternative	38	38	3
NC_060943.1	4181344	4181935	2	1	+	NC_060943.1	4181468	4181542	ANKRD24	NM_001393557.1	+	2	1	123	393	1	1	17	1	1	first	first	0.059	0.059	unique	unique	74	74	1
NC_060943.1	4182863	4183334	3	1	+	NC_060943.1	4183011	4183333	ANKRD24	NM_001393552.1	+	3	2	147	1	2	3	17	8	15	middle	middle	0.471	0.882	alternative	alternative	86	130	8
NC_060943.1	4182863	4183334	3	1	+	NC_060943.1	4183203	4183333	ANKRD24	NM_001393555.1	+	3	1	339	1	2	2	17	15	15	middle	middle	0.882	0.882	alternative	alternative	130	130	7
NC_060943.1	41904701	41905043	3	1	+	NC_060943.1	41904725	41904839	ACP7	NM_001004318.3	+	3	1	23	204	6	6	13	10	10	middle	middle	0.769	0.769	alternative	alternative	114	114	8
NC_060943.1	41904701	41905043	3	1	+	NC_060943.1	41904935	41905042	ACP7	NM_001363687.2	+	3	1	233	1	6	6	13	3	3	middle	middle	0.231	0.231	alternative	alternative	107	107	3
NC_060943.1	41904701	41905043	3	1	+	NC_060943.1	41904725	41905042	ACP7	XM_054321007.1	+	3	2	23	1	6	7	13	10	2	middle	middle	0.769	0.154	alternative	alternative	114	103	2
NC_060943.1	42190270	42190912	-1	1	-	NC_060943.1	42190759	42190849	PAF1	NM_001256826.2	-	1	1	63	488	12	12	4	4	4	middle	middle	1.000	1.000	constitutive	constitutive	90	90	1
NC_060943.1	42190270	42190912	-1	1	-	NC_060943.1	42190271	42190849	PAF1	NM_019088.4	-	1	2	63	0	13	14	4	4	3	middle	last	1.000	0.750	constitutive	alternative	90	409	3
NC_060943.1	42323055	42323403	1	1	+	NC_060943.1	42323329	42323403	SELENOV	NM_001350809.1	+	1	1	273	0	4	4	2	2	2	last	last	1.000	1.000	constitutive	constitutive	74	74	1
NC_060943.1	42323055	42323403	1	1	+	NC_060943.1	42323161	42323403	SELENOV	NM_182704.2	+	1	2	105	0	4	5	2	1	2	middle	last	0.500	1.000	unique	constitutive	74	74	1
NC_060943.1	4429575	4430265	-2	1	-	NC_060943.1	4429740	4429870	UBXN6	NM_001171091.2	-	2	1	395	164	8	8	5	4	4	middle	middle	0.800	0.800	alternative	alternative	130	130	4
NC_060943.1	4429575	4430265	-2	1	-	NC_060943.1	4429576	4429654	UBXN6	XM_054322233.1	-	2	1	611	0	9	9	5	1	1	last	last	0.200	0.200	unique	unique	78	78	1
NC_060943.1	45111388	45111901	2	1	+	NC_060943.1	45111673	45111839	CIC	NM_001304815.2	+	2	1	284	62	13	13	38	34	34	middle	middle	0.895	0.895	alternative	alternative	166	166	34
NC_060943.1	45111388	45111901	2	1	+	NC_060943.1	45111459	45111580	CIC	XM_054320332.1	+	2	1	70	321	11	11	38	3	3	middle	middle	0.079	0.079	alternative	alternative	121	121	3
NC_060943.1	46306364	46306952	-3	1	-	NC_060943.1	46306614	46306670	PHLDB3	NM_198850.4	-	3	1	282	249	12	12	7	6	6	middle	middle	0.857	0.857	alternative	alternative	56	56	5
NC_060943.1	46306364	46306952	-3	1	-	NC_060943.1	46306365	46306670	PHLDB3	XM_054321811.1	-	3	2	282	0	12	13	7	6	1	middle	last	0.857	0.143	alternative	unique	56	143	1
NC_060943.1	49610262	49610514	-2	1	-	NC_060943.1	49610416	49610418	SLC1A5	NM_001145145.2	-	2	1	96	153	1	1	3	1	1	first	first	0.333	0.333	unique	unique	2	2	1
NC_060943.1	49610262	49610514	-2	1	-	NC_060943.1	49610338	49610380	SLC1A5	NM_005628.3	-	2	1	134	75	2	2	3	1	1	middle	middle	0.333	0.333	unique	unique	42	42	1
NC_060943.1	49865617	49866661	2	1	+	NC_060943.1	49865755	49866436	NPAS1	NM_001321086.2	+	2	2	137	225	4	5	13	8	1	middle	middle	0.615	0.077	alternative	unique	106	100	1
NC_060943.1	49865617	49866661	2	1	+	NC_060943.1	49865755	49865861	NPAS1	NM_002517.4	+	2	1	137	800	8	8	13	8	8	middle	middle	0.615	0.615	alternative	alternative	106	106	7
NC_060943.1	49865617	49866661	2	1	+	NC_060943.1	49865755	49866041	NPAS1	XM_054321109.1	+	2	1	137	620	8	8	13	3	3	middle	middle	0.231	0.231	alternative	alternative	286	286	3
NC_060943.1	49937454	49937916	-2	1	-	NC_060943.1	49937732	49937892	ZC3H4	NM_015168.2	-	2	1	24	277	1	1	13	3	3	first	first	0.231	0.231	alternative	alternative	160	160	3
NC_060943.1	49937454	49937916	-2	1	-	NC_060943.1	49937456	49937469	ZC3H4	XM_054320349.1	-	2	1	447	1	1	1	13	2	2	first	first	0.154	0.154	alternative	alternative	13	13	2
NC_060943.1	52147841	52150235	-3	1	-	NC_060943.1	52147998	52149974	HRC	NM_002152.3	-	3	2	261	156	1	2	2	2	1	first	middle	1.000	0.500	constitutive	unique	1830	70	1
NC_060943.1	52147841	52150235	-3	1	-	NC_060943.1	52148144	52149974	HRC	XM_054320809.1	-	3	1	261	302	1	1	2	2	2	first	first	1.000	1.000	constitutive	constitutive	1830	1830	1
NC_060943.1	52161633	52162890	1	1	+	NC_060943.1	52162381	52162887	TRPM4	NM_001195227.2	+	1	2	747	3	4	5	7	2	2	middle	middle	0.286	0.286	alternative	alternative	180	163	2
NC_060943.1	52161633	52162890	1	1	+	NC_060943.1	52162798	52162887	TRPM4	NM_001321283.2	+	1	1	1164	3	1	1	7	1	1	first	first	0.143	0.143	unique	unique	89	89	1
NC_060943.1	52352576	52352891	-3	1	-	NC_060943.1	52352578	52352849	TEAD2	NM_001256658.2	-	3	2	42	1	4	5	37	16	36	middle	middle	0.432	0.973	alternative	alternative	116	58	16
NC_060943.1	52352576	52352891	-3	1	-	NC_060943.1	52352578	52352849	TEAD2	NM_001256660.2	-	3	2	42	1	5	6	37	15	36	middle	middle	0.405	0.973	alternative	alternative	107	58	15
NC_060943.1	52352576	52352891	-3	1	-	NC_060943.1	52352578	52352816	TEAD2	NM_001256662.2	-	3	2	75	1	1	2	37	1	36	first	middle	0.027	0.973	unique	alternative	83	58	1
NC_060943.1	52352576	52352891	-3	1	-	NC_060943.1	52352578	52352636	TEAD2	XM_054322390.1	-	3	1	255	1	4	4	37	36	36	middle	middle	0.973	0.973	alternative	alternative	58	58	4
NC_060943.1	52480103	52480574	3	1	+	NC_060943.1	52480276	52480574	FLT3LG	NM_001204502.2	+	3	2	172	0	6	7	16	7	6	middle	last	0.438	0.375	alternative	alternative	178	44	6
NC_060943.1	52480103	52480574	3	1	+	NC_060943.1	52480276	52480454	FLT3LG	XM_054320357.1	+	3	1	172	120	6	6	16	7	7	middle	middle	0.438	0.438	alternative	alternative	178	178	1
NC_060943.1	52662012	52662711	-2	1	-	NC_060943.1	52662018	52662687	IRF3	NM_001197122.2	-	2	2	24	5	4	5	18	11	15	middle	middle	0.611	0.833	alternative	alternative	192	380	10
NC_060943.1	52662012	52662711	-2	1	-	NC_060943.1	52662495	52662687	IRF3	NM_001197124.2	-	2	1	24	482	4	4	18	11	11	middle	middle	0.611	0.611	alternative	alternative	192	192	1
NC_060943.1	52662012	52662711	-2	1	-	NC_060943.1	52662018	52662657	IRF3	NM_001197125.2	-	2	2	54	5	1	2	18	7	15	first	middle	0.389	0.833	alternative	alternative	162	380	5
NC_060943.1	52662012	52662711	-2	1	-	NC_060943.1	52662495	52662657	IRF3	NM_001197127.2	-	2	1	54	482	1	1	18	7	7	first	first	0.389	0.389	alternative	alternative	162	162	2
NC_060943.1	53775358	53775976	-1	1	-	NC_060943.1	53775637	53775705	SHANK1	NM_016148.5	-	1	1	271	278	19	19	4	4	4	middle	middle	1.000	1.000	constitutive	constitutive	68	68	3
NC_060943.1	53775358	53775976	-1	1	-	NC_060943.1	53775637	53775933	SHANK1	XM_054321137.1	-	1	2	43	278	19	20	4	1	4	middle	middle	0.250	1.000	unique	constitutive	23	68	1
NC_060943.1	54455650	54456712	-1	1	-	NC_060943.1	54456100	54456669	CLDND2	NM_152353.3	-	1	2	43	449	2	3	6	6	3	middle	middle	1.000	0.500	constitutive	alternative	140	119	3
NC_060943.1	54455650	54456712	-1	1	-	NC_060943.1	54455651	54456669	CLDND2	XM_054319734.1	-	1	2	43	0	2	3	6	6	2	middle	last	1.000	0.333	constitutive	alternative	140	568	2
NC_060943.1	54455650	54456712	-1	1	-	NC_060943.1	54456529	54456669	CLDND2	XM_054319738.1	-	1	1	43	878	2	2	6	6	6	middle	middle	1.000	1.000	constitutive	constitutive	140	140	1
NC_060943.1	54460470	54460797	-2	1	-	NC_060943.1	54460471	54460476	NKG7	NM_001363693.2	-	2	1	321	0	3	3	4	1	1	last	last	0.250	0.250	unique	unique	5	5	1
NC_060943.1	54460470	54460797	-2	1	-	NC_060943.1	54460581	54460715	NKG7	NM_005601.4	-	2	1	82	110	3	3	4	3	3	middle	middle	0.750	0.750	alternative	alternative	134	134	3
NC_060943.1	5665911	5666169	-2	1	-	NC_060943.1	5666031	5666082	MICOS13	NM_001308240.2	-	2	1	87	119	3	3	4	4	4	middle	middle	1.000	1.000	constitutive	constitutive	51	51	3
NC_060943.1	5665911	5666169	-2	1	-	NC_060943.1	5665912	5666082	MICOS13	XM_054319748.1	-	2	2	87	0	3	4	4	4	1	middle	last	1.000	0.250	constitutive	unique	51	4	1
NC_060943.1	5673535	5674717	2	1	+	NC_060943.1	5673968	5674061	HSD11B1L	NM_001267868.2	+	2	1	432	656	6	6	10	9	9	middle	middle	0.900	0.900	alternative	alternative	93	93	9
NC_060943.1	5673535	5674717	2	1	+	NC_060943.1	5674189	5674717	HSD11B1L	NM_001267870.2	+	2	2	653	0	3	4	10	1	1	middle	last	0.100	0.100	unique	unique	165	278	1
NC_060943.1	574601	576365	-3	1	-	NC_060943.1	574671	576152	POLRMT	NM_001407805.1	-	3	2	213	69	10	11	22	22	21	middle	middle	1.000	0.955	constitutive	alternative	788	122	21
NC_060943.1	574601	576365	-3	1	-	NC_060943.1	575364	576152	POLRMT	NM_001407829.1	-	3	1	213	762	10	10	22	22	22	middle	middle	1.000	1.000	constitutive	constitutive	788	788	1
NC_060943.1	5775361	5775898	-1	1	-	NC_060943.1	5775452	5775826	DUS3L	NM_001161619.2	-	1	2	72	90	3	4	4	3	4	middle	middle	0.750	1.000	alternative	constitutive	41	152	3
NC_060943.1	5775361	5775898	-1	1	-	NC_060943.1	5775452	5775604	DUS3L	XM_054321508.1	-	1	1	294	90	4	4	4	4	4	middle	middle	1.000	1.000	constitutive	constitutive	152	152	1
NC_060943.1	60731557	60731896	2	1	+	NC_060943.1	60731558	60731684	ZNF211	NM_001265597.3	+	2	1	0	212	3	3	7	4	4	middle	middle	0.571	0.571	alternative	alternative	126	126	4
NC_060943.1	60731557	60731896	2	1	+	NC_060943.1	60731651	60731684	ZNF211	NM_001265599.3	+	2	1	93	212	1	1	7	2	2	first	first	0.286	0.286	alternative	alternative	33	33	2
NC_060943.1	60731557	60731896	2	1	+	NC_060943.1	60731747	60731867	ZNF211	NM_001322306.2	+	2	1	189	29	3	3	7	1	1	middle	middle	0.143	0.143	unique	unique	120	120	1
NC_060943.1	6427784	6428519	-3	1	-	NC_060943.1	6427960	6428334	SLC25A23	XM_054322084.1	-	3	2	185	175	12	13	31	6	14	middle	middle	0.194	0.452	alternative	alternative	97	87	6
NC_060943.1	6427784	6428519	-3	1	-	NC_060943.1	6427960	6428047	SLC25A23	XM_054322091.1	-	3	1	472	175	11	11	31	14	14	middle	middle	0.452	0.452	alternative	alternative	87	87	8
NC_060943.1	6464712	6465093	-2	1	-	NC_060943.1	6464758	6465069	DENND1C	NM_001290331.2	-	2	2	24	45	10	11	8	8	6	middle	middle	1.000	0.750	constitutive	alternative	101	125	6
NC_060943.1	6464712	6465093	-2	1	-	NC_060943.1	6464968	6465069	DENND1C	XM_054322209.1	-	2	1	24	255	12	12	8	8	8	middle	middle	1.000	1.000	constitutive	constitutive	101	101	2
NC_060943.1	6490733	6491120	-3	1	-	NC_060943.1	6490784	6491120	TUBB4A	NM_001289123.2	-	3	2	0	50	3	4	6	4	4	middle	middle	0.667	0.667	alternative	alternative	108	110	4
NC_060943.1	6490733	6491120	-3	1	-	NC_060943.1	6490784	6490844	TUBB4A	NM_001289130.2	-	3	1	276	50	1	1	6	2	2	first	first	0.333	0.333	alternative	alternative	60	60	2
NC_060943.1	6720597	6721428	-2	1	-	NC_060943.1	6720873	6720922	GPR108	NM_001394717.1	-	2	1	506	275	14	14	18	2	2	middle	middle	0.111	0.111	alternative	alternative	49	49	2
NC_060943.1	6720597	6721428	-2	1	-	NC_060943.1	6720599	6720714	GPR108	NM_001394719.1	-	2	1	714	1	16	16	18	5	5	middle	middle	0.278	0.278	alternative	alternative	115	115	5
NC_060943.1	6743743	6744355	-1	1	-	NC_060943.1	6744011	6744126	SH2D3A	NM_001386583.1	-	1	1	229	267	4	4	17	7	7	middle	middle	0.412	0.412	alternative	alternative	115	115	1
NC_060943.1	6743743	6744355	-1	1	-	NC_060943.1	6744011	6744327	SH2D3A	NM_001386586.1	-	1	2	28	267	4	5	17	6	7	middle	middle	0.353	0.412	alternative	alternative	101	115	6
NC_060943.1	6743743	6744355	-1	1	-	NC_060943.1	6743744	6743843	SH2D3A	XM_054319476.1	-	1	1	512	0	6	6	17	1	1	last	last	0.059	0.059	unique	unique	99	99	1
NC_060943.1	6886357	6886903	2	1	+	NC_060943.1	6886746	6886865	ADGRE1	NM_001256252.2	+	2	1	388	38	4	4	6	4	4	middle	middle	0.667	0.667	alternative	alternative	119	119	1
NC_060943.1	6886357	6886903	2	1	+	NC_060943.1	6886467	6886865	ADGRE1	NM_001256253.2	+	2	2	109	38	4	5	6	4	4	middle	middle	0.667	0.667	alternative	alternative	155	119	3
NC_060943.1	6886357	6886903	2	1	+	NC_060943.1	6886467	6886769	ADGRE1	NM_001256255.2	+	2	2	109	134	4	5	6	4	1	middle	middle	0.667	0.167	alternative	unique	155	23	1
NC_060943.1	7470422	7470962	3	1	+	NC_060943.1	7470571	7470962	ARHGEF18	NM_001130955.2	+	3	2	148	0	18	19	15	14	12	middle	last	0.933	0.800	alternative	alternative	125	169	12
NC_060943.1	7470422	7470962	3	1	+	NC_060943.1	7470571	7470696	ARHGEF18	XM_054320375.1	+	3	1	148	266	28	28	15	14	14	middle	middle	0.933	0.933	alternative	alternative	125	125	2
NC_060943.1	7639517	7639988	3	1	+	NC_060943.1	7639609	7639983	STXBP2	NM_001127396.3	+	3	2	91	5	2	3	4	3	3	middle	middle	0.750	0.750	alternative	alternative	49	81	3
NC_060943.1	7639517	7639988	3	1	+	NC_060943.1	7639911	7639983	STXBP2	NM_001414484.1	+	3	1	393	5	1	1	4	1	1	first	first	0.250	0.250	unique	unique	72	72	1
NC_060943.1	8127138	8127636	-2	1	-	NC_060943.1	8127288	8127596	FBN3	NM_001321431.2	-	2	2	40	149	19	20	10	8	8	middle	middle	0.800	0.800	alternative	alternative	137	50	8
NC_060943.1	8127138	8127636	-2	1	-	NC_060943.1	8127288	8127309	FBN3	XM_054322356.1	-	2	1	327	149	1	1	10	1	1	first	first	0.100	0.100	unique	unique	21	21	1
NC_060943.1	8578975	8579599	-1	1	-	NC_060943.1	8579311	8579515	ADAMTS10	NM_001282352.2	-	1	1	84	335	1	1	8	1	1	first	first	0.125	0.125	unique	unique	204	204	1
NC_060943.1	8578975	8579599	-1	1	-	NC_060943.1	8579153	8579216	ADAMTS10	NM_030957.4	-	1	1	383	177	13	13	8	6	6	middle	middle	0.750	0.750	alternative	alternative	63	63	6
NC_060943.1	973557	974031	-2	1	-	NC_060943.1	973765	973864	TMEM259	NM_001033026.2	-	2	1	167	207	10	10	10	4	4	middle	middle	0.400	0.400	alternative	alternative	99	99	4
NC_060943.1	973557	974031	-2	1	-	NC_060943.1	973558	973564	TMEM259	NM_033420.4	-	2	1	467	0	10	10	10	1	1	last	last	0.100	0.100	unique	unique	6	6	1
NC_060943.1	973557	974031	-2	1	-	NC_060943.1	973660	973864	TMEM259	XM_054322568.1	-	2	1	167	102	10	10	10	4	4	middle	middle	0.400	0.400	alternative	alternative	204	204	4
NC_060943.1	973763	974405	-3	1	-	NC_060943.1	974249	974332	TMEM259	NM_001033026.2	-	3	1	73	485	8	8	10	6	6	middle	middle	0.600	0.600	alternative	alternative	83	83	5
NC_060943.1	973763	974405	-3	1	-	NC_060943.1	974249	974281	TMEM259	XM_054322570.1	-	3	1	124	485	8	8	10	4	4	middle	middle	0.400	0.400	alternative	alternative	32	32	4
NC_060943.1	973763	974405	-3	1	-	NC_060943.1	973764	974332	TMEM259	XM_054322575.1	-	3	2	73	0	8	10	10	6	1	middle	last	0.600	0.100	alternative	unique	83	0	1
NC_060944.1	25290074	25290497	3	1	+	NC_060944.1	25290190	25290302	ENTPD6	NM_001114089.4	+	3	1	115	195	13	13	36	21	21	middle	middle	0.583	0.583	alternative	alternative	112	112	21
NC_060944.1	25290074	25290497	3	1	+	NC_060944.1	25290484	25290497	ENTPD6	NM_001322380.2	+	3	1	409	0	10	10	36	14	14	last	last	0.389	0.389	alternative	alternative	13	13	14
NC_060944.1	3259786	3260230	-3	1	-	NC_060944.1	3259788	3259961	SLC4A11	NM_001174089.2	-	3	1	269	1	17	17	17	14	14	middle	middle	0.824	0.824	alternative	alternative	173	173	14
NC_060944.1	3259786	3260230	-3	1	-	NC_060944.1	3260045	3260163	SLC4A11	XM_054324111.1	-	3	1	67	258	16	16	17	1	1	middle	middle	0.059	0.059	unique	unique	118	118	1
NC_060944.1	34521969	34522476	1	1	+	NC_060944.1	34522382	34522426	DNMT3B	NM_001207055.2	+	1	1	412	50	9	9	23	21	21	middle	middle	0.913	0.913	alternative	alternative	44	44	21
NC_060944.1	34521969	34522476	1	1	+	NC_060944.1	34522141	34522266	DNMT3B	XM_054323131.1	+	1	1	171	210	9	9	23	2	2	middle	middle	0.087	0.087	alternative	alternative	125	125	2
NC_060944.1	35135797	35136163	-3	1	-	NC_060944.1	35135930	35136117	SNTA1	NM_001424413.1	-	3	1	46	132	7	7	6	4	4	middle	middle	0.667	0.667	alternative	alternative	187	187	4
NC_060944.1	35135797	35136163	-3	1	-	NC_060944.1	35135798	35135828	SNTA1	NM_001424414.1	-	3	1	335	0	8	8	6	1	1	last	last	0.167	0.167	unique	unique	30	30	1
NC_060944.1	35135797	35136163	-3	1	-	NC_060944.1	35135798	35135825	SNTA1	XM_054323891.1	-	3	1	338	0	8	8	6	1	1	last	last	0.167	0.167	unique	unique	27	27	1
NC_060944.1	36724780	36725236	-3	1	-	NC_060944.1	36725096	36725208	TRPC4AP	NM_015638.3	-	3	1	28	315	17	17	11	9	9	middle	middle	0.818	0.818	alternative	alternative	112	112	8
NC_060944.1	36724780	36725236	-3	1	-	NC_060944.1	36724781	36725208	TRPC4AP	XM_054323339.1	-	3	2	28	0	17	18	11	9	1	middle	last	0.818	0.091	alternative	unique	112	221	1
NC_060944.1	3691567	3692281	-3	1	-	NC_060944.1	3691884	3692229	GFRA4	NM_022139.4	-	3	1	52	316	2	2	3	2	2	middle	middle	0.667	0.667	alternative	alternative	345	345	1
NC_060944.1	3691567	3692281	-3	1	-	NC_060944.1	3691695	3692229	GFRA4	NM_145762.3	-	3	1	52	127	2	2	3	1	1	middle	middle	0.333	0.333	unique	unique	534	534	1
NC_060944.1	3691567	3692281	-3	1	-	NC_060944.1	3691568	3692229	GFRA4	XM_054323832.1	-	3	2	52	0	2	4	3	2	1	middle	last	0.667	0.333	alternative	unique	345	43	1
NC_060944.1	3702745	3703408	-3	1	-	NC_060944.1	3703075	3703270	ADAM33	NM_001282447.3	-	3	1	138	329	14	14	18	12	12	middle	middle	0.667	0.667	alternative	alternative	195	195	10
NC_060944.1	3702745	3703408	-3	1	-	NC_060944.1	3702818	3703270	ADAM33	XM_054324053.1	-	3	2	138	72	14	15	18	12	2	middle	middle	0.667	0.111	alternative	alternative	195	76	2
NC_060944.1	3703411	3703921	-3	1	-	NC_060944.1	3703478	3703567	ADAM33	NM_001282447.3	-	3	1	354	66	13	13	18	13	13	middle	middle	0.722	0.722	alternative	alternative	89	89	13
NC_060944.1	3703411	3703921	-3	1	-	NC_060944.1	3703662	3703839	ADAM33	XM_054324055.1	-	3	1	82	250	11	11	18	3	3	middle	middle	0.167	0.167	alternative	alternative	177	177	3
NC_060944.1	3831686	3832208	3	1	+	NC_060944.1	3831687	3832037	CDC25B	NM_001287516.2	+	3	2	0	171	6	7	10	7	10	middle	middle	0.700	1.000	alternative	constitutive	122	122	7
NC_060944.1	3831686	3832208	3	1	+	NC_060944.1	3831915	3832037	CDC25B	NM_001287522.2	+	3	1	228	171	4	4	10	10	10	middle	middle	1.000	1.000	constitutive	constitutive	122	122	3
NC_060944.1	38791300	38791678	-3	1	-	NC_060944.1	38791357	38791661	RBL1	NM_002895.5	-	3	2	17	56	4	5	8	5	6	middle	middle	0.625	0.750	alternative	alternative	64	128	5
NC_060944.1	38791300	38791678	-3	1	-	NC_060944.1	38791357	38791485	RBL1	XM_054323791.1	-	3	1	193	56	2	2	8	6	6	middle	middle	0.750	0.750	alternative	alternative	128	128	1
NC_060944.1	42903841	42904171	2	1	+	NC_060944.1	42903875	42903971	PLCG1	NM_002660.3	+	2	1	33	200	25	25	8	5	5	middle	middle	0.625	0.625	alternative	alternative	96	96	5
NC_060944.1	42903841	42904171	2	1	+	NC_060944.1	42904103	42904171	PLCG1	XM_054323528.1	+	2	1	261	0	25	25	8	1	1	last	last	0.125	0.125	unique	unique	68	68	1
NC_060944.1	462876	463404	1	1	+	NC_060944.1	463101	463274	RBCK1	NM_001323956.2	+	1	1	224	130	3	3	13	2	2	middle	middle	0.154	0.154	alternative	alternative	173	173	2
NC_060944.1	462876	463404	1	1	+	NC_060944.1	462890	463011	RBCK1	NM_001410770.1	+	1	1	13	393	5	5	13	10	10	middle	middle	0.769	0.769	alternative	alternative	121	121	10
NC_060944.1	47036902	47037328	-3	1	-	NC_060944.1	47036965	47037306	MATN4	NM_001393530.1	-	3	2	22	62	3	4	9	4	6	middle	middle	0.444	0.667	alternative	alternative	122	122	4
NC_060944.1	47036902	47037328	-3	1	-	NC_060944.1	47036965	47037087	MATN4	NM_030590.4	-	3	1	241	62	3	3	9	6	6	middle	middle	0.667	0.667	alternative	alternative	122	122	2
NC_060944.1	47052223	47052685	2	1	+	NC_060944.1	47052563	47052685	RBPJL	NM_001281448.2	+	2	1	339	0	12	12	4	2	2	last	last	0.500	0.500	alternative	alternative	122	122	1
NC_060944.1	47052223	47052685	2	1	+	NC_060944.1	47052354	47052685	RBPJL	XM_054322918.1	+	2	2	130	0	11	12	4	1	2	middle	last	0.250	0.500	unique	alternative	103	122	1
NC_060944.1	47052236	47052833	3	1	+	NC_060944.1	47052354	47052467	RBPJL	NM_001281448.2	+	3	1	117	366	11	11	4	1	1	middle	middle	0.250	0.250	unique	unique	113	113	1
NC_060944.1	47052236	47052833	3	1	+	NC_060944.1	47052354	47052833	RBPJL	NM_001281449.2	+	3	2	117	0	11	12	4	2	1	middle	last	0.500	0.250	alternative	unique	103	267	1
NC_060944.1	47052236	47052833	3	1	+	NC_060944.1	47052354	47052833	RBPJL	NM_014276.4	+	3	2	117	0	11	12	4	2	1	middle	last	0.500	0.250	alternative	unique	103	270	1
NC_060944.1	47154640	47155543	2	1	+	NC_060944.1	47155158	47155258	PIGT	NM_001184728.3	+	2	1	517	285	3	3	4	4	4	middle	middle	1.000	1.000	constitutive	constitutive	100	100	2
NC_060944.1	47154640	47155543	2	1	+	NC_060944.1	47154715	47155258	PIGT	NM_001184729.3	+	2	2	74	285	3	4	4	2	4	middle	middle	0.500	1.000	alternative	constitutive	127	100	2
NC_060944.1	47551981	47552578	2	1	+	NC_060944.1	47552340	47552399	UBE2C	NM_001281741.2	+	2	1	358	179	4	4	6	5	5	middle	middle	0.833	0.833	alternative	alternative	59	59	2
NC_060944.1	47551981	47552578	2	1	+	NC_060944.1	47552027	47552399	UBE2C	NM_007019.4	+	2	2	45	179	4	5	6	3	5	middle	middle	0.500	0.833	alternative	alternative	204	59	3
NC_060944.1	47864158	47864422	2	1	+	NC_060944.1	47864190	47864410	CD40	NM_001250.6	+	2	2	31	12	7	8	11	3	4	middle	middle	0.273	0.364	alternative	alternative	86	28	2
NC_060944.1	47864158	47864422	2	1	+	NC_060944.1	47864190	47864410	CD40	NM_001322421.2	+	2	2	31	12	7	8	11	2	4	middle	middle	0.182	0.364	alternative	alternative	98	28	2
NC_060944.1	47864158	47864422	2	1	+	NC_060944.1	47864190	47864276	CD40	NM_001362758.2	+	2	1	31	146	7	7	11	3	3	middle	middle	0.273	0.273	alternative	alternative	86	86	1
NC_060944.1	64098947	64099508	3	1	+	NC_060944.1	64098970	64099419	ADRM1	NM_001281437.1	+	3	2	22	89	6	7	6	6	4	middle	middle	1.000	0.667	constitutive	alternative	157	102	4
NC_060944.1	64098947	64099508	3	1	+	NC_060944.1	64098970	64099127	ADRM1	XM_054322873.1	+	3	1	22	381	7	7	6	6	6	middle	middle	1.000	1.000	constitutive	constitutive	157	157	2
NC_060944.1	64101234	64101564	-1	1	-	NC_060944.1	64101411	64101564	LAMA5	NM_005560.6	-	1	1	0	176	76	76	9	7	7	middle	middle	0.778	0.778	alternative	alternative	153	153	7
NC_060944.1	64101234	64101564	-1	1	-	NC_060944.1	64101235	64101303	LAMA5	XM_054323447.1	-	1	1	261	0	76	76	9	1	1	last	last	0.111	0.111	unique	unique	68	68	1
NC_060944.1	64114470	64114743	-1	1	-	NC_060944.1	64114614	64114725	LAMA5	NM_005560.6	-	1	1	18	143	51	51	9	9	9	middle	middle	1.000	1.000	constitutive	constitutive	111	111	8
NC_060944.1	64114470	64114743	-1	1	-	NC_060944.1	64114471	64114725	LAMA5	XM_054323449.1	-	1	2	18	0	51	52	9	9	1	middle	last	1.000	0.111	constitutive	unique	111	28	1
NC_060944.1	65334184	65334568	2	1	+	NC_060944.1	65334204	65334281	PPDPF	NM_001353423.2	+	2	1	19	287	2	2	2	2	2	middle	middle	1.000	1.000	constitutive	constitutive	77	77	1
NC_060944.1	65334184	65334568	2	1	+	NC_060944.1	65334204	65334568	PPDPF	NM_024299.4	+	2	2	19	0	2	3	2	2	1	middle	last	1.000	0.500	constitutive	unique	77	208	1
NC_060944.1	65515587	65516088	1	1	+	NC_060944.1	65515634	65515956	RTEL1	NM_001283009.2	+	1	1	46	132	33	33	4	1	1	middle	middle	0.250	0.250	unique	unique	322	322	1
NC_060944.1	65515587	65516088	1	1	+	NC_060944.1	65515634	65516088	RTEL1	NM_001283010.1	+	1	2	46	0	27	28	4	3	3	middle	last	0.750	0.750	alternative	alternative	152	4	3
NC_060944.1	65557689	65558337	1	1	+	NC_060944.1	65558097	65558336	LIME1	NM_001305654.2	+	1	2	407	1	2	3	3	3	2	middle	middle	1.000	0.667	constitutive	alternative	81	52	2
NC_060944.1	65557689	65558337	1	1	+	NC_060944.1	65558097	65558178	LIME1	NM_017806.4	+	1	1	407	159	2	2	3	3	3	middle	middle	1.000	1.000	constitutive	constitutive	81	81	1
NC_060944.1	65760065	65760791	-2	1	-	NC_060944.1	65760228	65760566	UCKL1	NM_001193379.2	-	2	2	225	162	12	13	36	26	26	middle	middle	0.722	0.722	alternative	alternative	122	107	26
NC_060944.1	65760065	65760791	-2	1	-	NC_060944.1	65760644	65760706	UCKL1	XM_054323570.1	-	2	1	85	578	9	9	36	4	4	middle	middle	0.111	0.111	alternative	alternative	62	62	4
NC_060944.1	65782233	65783031	-1	1	-	NC_060944.1	65782270	65782965	ZNF512B	NM_020713.3	-	1	2	66	36	14	15	4	4	3	middle	middle	1.000	0.750	constitutive	alternative	62	98	3
NC_060944.1	65782233	65783031	-1	1	-	NC_060944.1	65782903	65782965	ZNF512B	XM_054323769.1	-	1	1	66	669	15	15	4	4	4	middle	middle	1.000	1.000	constitutive	constitutive	62	62	1
NC_060944.1	66199766	66200363	3	1	+	NC_060944.1	66199787	66200301	LOC124908102	NM_001421892.1	+	3	2	20	62	5	6	15	6	11	middle	middle	0.400	0.733	alternative	alternative	135	201	4
NC_060944.1	66199766	66200363	3	1	+	NC_060944.1	66200100	66200301	LOC124908102	XM_047446942.1	+	3	1	333	62	5	5	15	11	11	middle	middle	0.733	0.733	alternative	alternative	201	201	3
NC_060944.1	66199766	66200363	3	1	+	NC_060944.1	66199787	66200297	LOC124908102	XM_047446945.1	+	3	2	20	66	6	7	15	6	2	middle	middle	0.400	0.133	alternative	alternative	135	197	2
NC_060944.1	66199766	66200363	3	1	+	NC_060944.1	66199845	66200301	LOC124908102	XM_047446947.1	+	3	2	78	62	1	2	15	4	11	first	middle	0.267	0.733	alternative	alternative	77	201	4
NC_060944.1	77634	78231	-1	1	-	NC_060944.1	77697	78211	LOC124908094	XM_047446921.1	-	1	2	20	62	6	7	15	9	14	middle	middle	0.600	0.933	alternative	alternative	135	201	9
NC_060944.1	77634	78231	-1	1	-	NC_060944.1	77697	77898	LOC124908094	XM_047446930.1	-	1	1	333	62	4	4	15	14	14	middle	middle	0.933	0.933	alternative	alternative	201	201	3
NC_060944.1	77634	78231	-1	1	-	NC_060944.1	77697	78153	LOC124908094	XM_047446933.1	-	1	2	78	62	1	2	15	2	14	first	middle	0.133	0.933	alternative	alternative	77	201	2
NC_060945.1	37764727	37765207	2	1	+	NC_060945.1	37764971	37765072	GET1-SH3BGR	NM_001317744.2	+	2	1	243	135	1	1	2	2	2	first	first	1.000	1.000	constitutive	constitutive	101	101	2
NC_060945.1	37764727	37765207	2	1	+	NC_060945.1	37765109	37765138	GET1	NM_001350293.1	+	2	1	381	69	1	1	6	1	1	first	first	0.167	0.167	unique	unique	29	29	1
NC_060945.1	37764727	37765207	2	1	+	NC_060945.1	37764971	37765072	GET1	NM_004627.6	+	2	1	243	135	1	1	6	1	1	first	first	0.167	0.167	unique	unique	101	101	1
NC_060945.1	40882397	40882832	-3	1	-	NC_060945.1	40882475	40882580	RSPH1	NM_001286506.2	-	3	1	252	77	2	2	4	3	3	middle	middle	0.750	0.750	alternative	alternative	105	105	1
NC_060945.1	40882397	40882832	-3	1	-	NC_060945.1	40882475	40882796	RSPH1	NM_080860.4	-	3	2	36	77	2	3	4	2	3	middle	middle	0.500	0.750	alternative	alternative	113	105	2
NC_060945.1	41120089	41120518	2	1	+	NC_060945.1	41120451	41120505	PDE9A	NM_001001567.2	+	2	1	361	13	5	5	25	12	12	middle	middle	0.480	0.480	alternative	alternative	54	54	5
NC_060945.1	41120089	41120518	2	1	+	NC_060945.1	41120151	41120505	PDE9A	NM_001001581.2	+	2	2	61	13	3	4	25	7	12	middle	middle	0.280	0.480	alternative	alternative	179	54	7
NC_060945.1	41457188	41457761	-3	1	-	NC_060945.1	41457362	41457496	CBS	NM_000071.3	-	3	1	265	173	3	3	26	26	26	middle	middle	1.000	1.000	constitutive	constitutive	134	134	21
NC_060945.1	41457188	41457761	-3	1	-	NC_060945.1	41457362	41457731	CBS	XM_054324910.1	-	3	2	30	173	2	3	26	4	26	middle	middle	0.154	1.000	alternative	constitutive	87	134	4
NC_060945.1	41457188	41457761	-3	1	-	NC_060945.1	41457362	41457752	CBS	XM_054324927.1	-	3	2	9	173	1	2	26	1	26	first	middle	0.038	1.000	unique	constitutive	108	134	1
NC_060945.1	42583599	42584241	-2	1	-	NC_060945.1	42584121	42584156	ICOSLG	NM_001283050.2	-	2	1	85	521	6	6	14	14	14	middle	middle	1.000	1.000	constitutive	constitutive	35	35	12
NC_060945.1	42583599	42584241	-2	1	-	NC_060945.1	42583600	42584156	ICOSLG	NM_001395918.1	-	2	2	85	0	6	7	14	14	2	middle	last	1.000	0.143	constitutive	alternative	35	13	2
NC_060946.1	17817644	17818046	-1	1	-	NC_060946.1	17817646	17817820	HDHD5	NM_017829.6	-	1	1	226	1	6	6	7	6	6	middle	middle	0.857	0.857	alternative	alternative	174	174	5
NC_060946.1	17817644	17818046	-1	1	-	NC_060946.1	17817646	17817983	HDHD5	XM_054325566.1	-	1	2	63	1	1	2	7	1	6	first	middle	0.143	0.857	unique	alternative	3	174	1
NC_060946.1	19285171	19285705	2	1	+	NC_060946.1	19285530	19285630	DGCR6	NM_005675.6	+	2	1	358	75	3	3	3	2	2	middle	middle	0.667	0.667	alternative	alternative	100	100	2
NC_060946.1	19285171	19285705	2	1	+	NC_060946.1	19285338	19285456	DGCR6	XM_054325952.1	+	2	1	166	249	3	3	3	1	1	middle	middle	0.333	0.333	unique	unique	118	118	1
NC_060946.1	20528641	20530198	-2	1	-	NC_060946.1	20528759	20530027	CCDC188	NM_001365892.2	-	2	3	171	117	1	4	9	9	4	first	middle	1.000	0.444	constitutive	alternative	518	56	4
NC_060946.1	20528641	20530198	-2	1	-	NC_060946.1	20528759	20530027	CCDC188	XM_054325597.1	-	2	2	171	117	1	3	9	9	3	first	middle	1.000	0.333	constitutive	alternative	518	335	3
NC_060946.1	20528641	20530198	-2	1	-	NC_060946.1	20528990	20530027	CCDC188	XM_054325601.1	-	2	2	171	348	1	3	9	9	4	first	middle	1.000	0.444	constitutive	alternative	518	104	1
NC_060946.1	20528641	20530198	-2	1	-	NC_060946.1	20529509	20530027	CCDC188	XM_054325604.1	-	2	1	171	867	1	1	9	9	9	first	first	1.000	1.000	constitutive	constitutive	518	518	1
NC_060946.1	21457685	21458189	3	1	+	NC_060946.1	21457738	21457944	LRRC74B	NM_001291006.2	+	3	1	52	245	4	4	7	7	7	middle	middle	1.000	1.000	constitutive	constitutive	206	206	6
NC_060946.1	21457685	21458189	3	1	+	NC_060946.1	21457738	21458189	LRRC74B	XM_054325608.1	+	3	2	52	0	4	5	7	7	1	middle	last	1.000	0.143	constitutive	unique	206	88	1
NC_060946.1	23482327	23482885	-2	1	-	NC_060946.1	23482328	23482581	RSPH14	NM_014433.3	-	2	1	304	0	6	6	9	3	3	last	last	0.333	0.333	alternative	alternative	253	253	2
NC_060946.1	23482327	23482885	-2	1	-	NC_060946.1	23482743	23482875	RSPH14	XM_054325549.1	-	2	1	10	415	6	6	9	6	6	middle	middle	0.667	0.667	alternative	alternative	132	132	6
NC_060946.1	23482327	23482885	-2	1	-	NC_060946.1	23482328	23482875	RSPH14	XM_054325552.1	-	2	2	10	0	6	7	9	1	3	middle	last	0.111	0.333	unique	alternative	149	253	1
NC_060946.1	23581721	23582411	3	1	+	NC_060946.1	23581751	23582106	RAB36	NM_001349877.1	+	3	2	29	305	9	10	18	16	5	middle	middle	0.889	0.278	alternative	alternative	81	90	5
NC_060946.1	23581721	23582411	3	1	+	NC_060946.1	23581751	23582086	RAB36	NM_001349878.1	+	3	2	29	325	8	9	18	16	7	middle	middle	0.889	0.389	alternative	alternative	81	70	7
NC_060946.1	23581721	23582411	3	1	+	NC_060946.1	23581751	23581832	RAB36	XM_054326160.1	+	3	1	29	579	9	9	18	16	16	middle	middle	0.889	0.889	alternative	alternative	81	81	4
NC_060946.1	24211661	24212123	3	1	+	NC_060946.1	24211833	24211907	C22orf15	NM_001331041.2	+	3	1	171	216	4	4	12	4	4	middle	middle	0.333	0.333	alternative	alternative	74	74	4
NC_060946.1	24211661	24212123	3	1	+	NC_060946.1	24211987	24212096	C22orf15	NM_182520.3	+	3	1	325	27	5	5	12	3	3	middle	middle	0.250	0.250	alternative	alternative	109	109	3
NC_060946.1	24211661	24212123	3	1	+	NC_060946.1	24211987	24212123	C22orf15	XM_054325126.1	+	3	1	325	0	5	5	12	1	1	last	last	0.083	0.083	unique	unique	136	136	1
NC_060946.1	24284056	24284365	-2	1	-	NC_060946.1	24284057	24284147	DERL3	NM_001002862.3	-	2	1	218	0	7	7	10	2	2	last	last	0.200	0.200	alternative	alternative	90	90	2
NC_060946.1	24284056	24284365	-2	1	-	NC_060946.1	24284249	24284339	DERL3	XM_054326125.1	-	2	1	26	192	6	6	10	3	3	middle	middle	0.300	0.300	alternative	alternative	90	90	3
NC_060946.1	24328253	24328715	3	1	+	NC_060946.1	24328383	24328635	SLC2A11	NM_001024938.4	+	3	2	129	80	9	10	4	3	3	middle	middle	0.750	0.750	alternative	alternative	101	75	3
NC_060946.1	24328253	24328715	3	1	+	NC_060946.1	24328485	24328635	SLC2A11	NM_001282864.2	+	3	1	231	80	9	9	4	1	1	middle	middle	0.250	0.250	unique	unique	150	150	1
NC_060946.1	29694930	29695251	1	1	+	NC_060946.1	29695091	29695180	EMID1	NM_001267895.2	+	1	1	160	71	7	7	17	17	17	middle	middle	1.000	1.000	constitutive	constitutive	89	89	8
NC_060946.1	29694930	29695251	1	1	+	NC_060946.1	29694956	29695180	EMID1	XM_054325085.1	+	1	2	25	71	7	8	17	9	17	middle	middle	0.529	1.000	alternative	constitutive	50	89	9
NC_060946.1	31596873	31597251	1	1	+	NC_060946.1	31596910	31597218	INPP5J	NM_001002837.3	+	1	2	36	33	11	12	21	19	21	middle	middle	0.905	1.000	alternative	constitutive	77	104	19
NC_060946.1	31596873	31597251	1	1	+	NC_060946.1	31597114	31597218	INPP5J	NM_001423479.1	+	1	1	240	33	10	10	21	21	21	middle	middle	1.000	1.000	constitutive	constitutive	104	104	2
NC_060946.1	39220621	39221704	-2	1	-	NC_060946.1	39221113	39221588	SUN2	NM_001199579.2	-	2	2	116	491	2	3	27	25	21	middle	middle	0.926	0.778	alternative	alternative	163	137	20
NC_060946.1	39220621	39221704	-2	1	-	NC_060946.1	39221113	39221588	SUN2	NM_001394429.1	-	2	2	116	491	2	3	27	25	2	middle	middle	0.926	0.074	alternative	alternative	163	182	2
NC_060946.1	39220621	39221704	-2	1	-	NC_060946.1	39221113	39221498	SUN2	NM_001394438.1	-	2	2	206	491	2	3	27	1	21	middle	middle	0.037	0.778	unique	alternative	73	137	1
NC_060946.1	39220621	39221704	-2	1	-	NC_060946.1	39221425	39221588	SUN2	NM_001394439.1	-	2	1	116	803	2	2	27	25	25	middle	middle	0.926	0.926	alternative	alternative	163	163	3
NC_060946.1	42086077	42086497	-2	1	-	NC_060946.1	42086189	42086258	DESI1	NM_015704.3	-	2	1	239	111	3	3	2	2	2	middle	middle	1.000	1.000	constitutive	constitutive	69	69	1
NC_060946.1	42086077	42086497	-2	1	-	NC_060946.1	42086189	42086452	DESI1	XM_054325557.1	-	2	2	45	111	1	2	2	1	2	first	middle	0.500	1.000	unique	constitutive	37	69	1
NC_060946.1	42273956	42274490	3	1	+	NC_060946.1	42274035	42274471	MEI1	NM_152513.4	+	3	2	78	19	29	30	28	20	22	middle	middle	0.714	0.786	alternative	alternative	131	112	20
NC_060946.1	42273956	42274490	3	1	+	NC_060946.1	42274359	42274471	MEI1	XM_054325163.1	+	3	1	402	19	29	29	28	22	22	middle	middle	0.786	0.786	alternative	alternative	112	112	2
NC_060946.1	44371885	44372485	-2	1	-	NC_060946.1	44371901	44372067	PNPLA5	NM_001177675.2	-	2	1	418	15	2	2	4	3	3	middle	middle	0.750	0.750	alternative	alternative	166	166	1
NC_060946.1	44371885	44372485	-2	1	-	NC_060946.1	44371901	44372485	PNPLA5	NM_001371410.1	-	2	2	0	15	1	2	4	2	3	first	middle	0.500	0.750	alternative	alternative	114	166	2
NC_060946.1	44371885	44372485	-2	1	-	NC_060946.1	44371901	44372110	PNPLA5	NM_138814.4	-	2	1	375	15	4	4	4	1	1	middle	middle	0.250	0.250	unique	unique	209	209	1
NC_060946.1	50763841	50764219	-2	1	-	NC_060946.1	50764085	50764196	MAPK12	NM_001303252.3	-	2	1	23	243	4	4	2	2	2	middle	middle	1.000	1.000	constitutive	constitutive	111	111	1
NC_060946.1	50763841	50764219	-2	1	-	NC_060946.1	50763938	50764196	MAPK12	NM_002969.6	-	2	2	23	96	4	5	2	2	1	middle	middle	1.000	0.500	constitutive	unique	111	29	1
NC_060946.1	50821776	50822364	-3	1	-	NC_060946.1	50821971	50822036	DENND6B	NM_001001794.4	-	3	1	328	194	13	13	6	4	4	middle	middle	0.667	0.667	alternative	alternative	65	65	4
NC_060946.1	50821776	50822364	-3	1	-	NC_060946.1	50822164	50822206	DENND6B	XM_054325618.1	-	3	1	158	387	13	13	6	1	1	middle	middle	0.167	0.167	unique	unique	42	42	1
NC_060946.1	50822026	50822407	-2	1	-	NC_060946.1	50822164	50822258	DENND6B	NM_001001794.4	-	2	1	149	137	12	12	6	4	4	middle	middle	0.667	0.667	alternative	alternative	94	94	4
NC_060946.1	50822026	50822407	-2	1	-	NC_060946.1	50822027	50822036	DENND6B	XM_054325619.1	-	2	1	371	0	13	13	6	1	1	last	last	0.167	0.167	unique	unique	9	9	1
NC_060946.1	50996983	50998099	2	1	+	NC_060946.1	50997068	50997230	MIOX	NM_017584.6	+	2	1	84	869	4	4	4	4	4	middle	middle	1.000	1.000	constitutive	constitutive	162	162	3
NC_060946.1	50996983	50998099	2	1	+	NC_060946.1	50997068	50998099	MIOX	XM_054325788.1	+	2	2	84	0	4	6	4	4	1	middle	last	1.000	0.250	constitutive	unique	162	222	1
NC_060946.1	50998380	50998593	1	1	+	NC_060946.1	50998410	50998477	MIOX	NM_017584.6	+	1	1	29	116	7	7	4	2	2	middle	middle	0.500	0.500	alternative	alternative	67	67	2
NC_060946.1	50998380	50998593	1	1	+	NC_060946.1	50998579	50998593	MIOX	XM_054325789.1	+	1	1	198	0	8	8	4	1	1	last	last	0.250	0.250	unique	unique	14	14	1
NC_060946.1	51015591	51016017	-3	1	-	NC_060946.1	51015592	51015845	LMF2	XM_054326123.1	-	3	2	172	0	8	9	5	1	1	middle	last	0.200	0.200	unique	unique	88	89	1
NC_060946.1	51015591	51016017	-3	1	-	NC_060946.1	51015931	51015996	LMF2	XM_054326124.1	-	3	1	21	339	1	1	5	1	1	first	first	0.200	0.200	unique	unique	65	65	1
NC_060947.1	147811010	147811655	3	1	+	NC_060947.1	147811398	147811650	EOLA1	NM_001171907.3	+	3	1	387	5	1	1	14	11	11	first	first	0.786	0.786	alternative	alternative	252	252	11
NC_060947.1	147811010	147811655	3	1	+	NC_060947.1	147811135	147811267	EOLA1	XM_054328105.1	+	3	1	124	388	3	3	14	3	3	middle	middle	0.214	0.214	alternative	alternative	132	132	3
NC_060947.1	46865795	46866353	-3	1	-	NC_060947.1	46865801	46865837	ZNF41	NM_001324139.2	-	3	1	516	5	1	1	44	8	8	first	first	0.182	0.182	alternative	alternative	36	36	8
NC_060947.1	46865795	46866353	-3	1	-	NC_060947.1	46865801	46866278	ZNF41	NM_001324140.2	-	3	2	75	5	2	3	44	10	36	middle	middle	0.227	0.818	alternative	alternative	126	95	10
NC_060947.1	46865795	46866353	-3	1	-	NC_060947.1	46865801	46866294	ZNF41	NM_001324142.2	-	3	2	59	5	2	3	44	18	36	middle	middle	0.409	0.818	alternative	alternative	142	95	18
NC_060947.1	46865795	46866353	-3	1	-	NC_060947.1	46865801	46866318	ZNF41	NM_001324151.2	-	3	2	35	5	2	3	44	8	36	middle	middle	0.182	0.818	alternative	alternative	166	95	8
NC_060947.1	48576474	48577272	1	1	+	NC_060947.1	48576928	48577099	MAGIX	NM_001099681.2	+	1	1	453	173	4	4	4	4	4	middle	middle	1.000	1.000	constitutive	constitutive	171	171	2
NC_060947.1	48576474	48577272	1	1	+	NC_060947.1	48576499	48577099	MAGIX	NM_001395401.1	+	1	2	24	173	1	2	4	1	4	first	middle	0.250	1.000	unique	constitutive	329	171	1
NC_060947.1	48576474	48577272	1	1	+	NC_060947.1	48576601	48577099	MAGIX	NM_024859.4	+	1	2	126	173	4	5	4	1	4	middle	middle	0.250	1.000	unique	constitutive	227	171	1
NC_060947.1	51166142	51167507	3	1	+	NC_060947.1	51166749	51167456	MAGED1	NM_001005332.2	+	3	1	606	51	2	2	6	6	6	middle	middle	1.000	1.000	constitutive	constitutive	707	707	5
NC_060947.1	51166142	51167507	3	1	+	NC_060947.1	51166323	51167456	MAGED1	NM_001005333.2	+	3	2	180	51	2	3	6	1	6	middle	middle	0.167	1.000	unique	constitutive	167	707	1
NC_060947.1	52521809	52522826	-3	1	-	NC_060947.1	52522047	52522759	IQSEC2	NM_001111125.3	-	3	2	67	237	13	14	20	17	8	middle	middle	0.850	0.400	alternative	alternative	173	49	8
NC_060947.1	52521809	52522826	-3	1	-	NC_060947.1	52522586	52522759	IQSEC2	NM_001410736.1	-	3	1	67	776	13	13	20	17	17	middle	middle	0.850	0.850	alternative	alternative	173	173	9
NC_060948.1	62430788	62431184	3	1	+	NC_060948.1	62431078	62431183	IL9R	NM_002186.3_1	+	3	1	289	1	7	7	25	12	12	middle	middle	0.480	0.480	alternative	alternative	105	105	12
NC_060948.1	62430788	62431184	3	1	+	NC_060948.1	62430828	62431012	IL9R	XM_054328297.1	+	3	1	39	172	1	1	25	1	1	first	first	0.040	0.040	unique	unique	184	184	1
