seqname	GC	AT	GC_skew	GC3	GC_avg_stretch	AT_avg_stretch
lcl|NC_072423.2_cds_XP_055151580.2_6	50.39	49.61	-0.03177	52.05	3.89	4.10
lcl|NC_072423.2_cds_XP_055151715.1_28	63.25	36.75	0.06151	75.05	4.60	3.90
lcl|NC_072423.2_cds_XP_055151771.2_34	65.23	34.77	-0.16136	80.88	4.76	3.77
lcl|NC_072423.2_cds_XP_055151666.2_42	51.63	48.37	0.04612	61.50	4.06	3.87
lcl|NC_072423.2_cds_XP_055151982.1_46	68.44	31.56	-0.10161	86.76	5.47	3.63
lcl|NC_072423.2_cds_XP_055152113.2_54	53.61	46.39	-0.04845	61.63	4.03	4.03
lcl|NC_072423.2_cds_XP_055152138.1_61	65.92	34.08	-0.00521	79.73	5.02	3.50
lcl|NC_072423.2_cds_XP_055152235.1_80	58.87	41.13	-0.06618	78.76	4.24	3.57
lcl|NC_072423.2_cds_XP_055152303.2_85	47.84	52.16	0.08488	47.93	4.01	4.10
lcl|NC_072423.2_cds_XP_055152690.1_123	43.40	56.6	-0.00792	41.28	3.45	4.12
lcl|NC_072423.2_cds_XP_063493438.1_146	40.09	59.91	0.06730	36.63	3.54	4.51
lcl|NC_072423.2_cds_XP_055153135.2_188	58.82	41.18	-0.01944	66.45	4.98	3.86
lcl|NC_072423.2_cds_XP_063493882.1_192	56.79	43.21	-0.05594	56.37	4.92	3.83
lcl|NC_072423.2_cds_XP_055153229.2_201	44.84	55.16	0.05645	39.57	3.87	4.03
lcl|NC_072423.2_cds_XP_063495749.1_207	40.04	59.96	0.03014	36.63	3.30	4.23
lcl|NC_072423.2_cds_XP_055153504.1_256	50.51	49.49	-0.08059	57.53	3.77	3.95
lcl|NC_072423.2_cds_XP_055153826.2_272	47.98	52.02	0.03104	45.42	3.52	4.01
lcl|NC_072423.2_cds_XP_063495378.1_278	47.34	52.66	-0.01289	48.12	3.88	4.10
lcl|NC_072423.2_cds_XP_055153929.1_294	45.45	54.55	0.01933	49.92	3.68	4.17
lcl|NC_072423.2_cds_XP_063497464.1_317	46.01	53.99	0.00912	40.29	3.61	4.16
lcl|NC_072423.2_cds_XP_055154724.2_383	49.03	50.97	-0.04789	45.51	3.61	3.91
lcl|NC_072423.2_cds_XP_055155616.2_471	52.50	47.5	0.00618	68.54	3.90	3.81
lcl|NC_072423.2_cds_XP_055088864.2_531	67.72	32.28	-0.06317	79.47	6.21	4.02
lcl|NC_072423.2_cds_XP_055148379.2_593	54.38	45.62	0.13000	71.75	3.96	3.70
lcl|NC_072423.2_cds_XP_055089399.2_625	47.73	52.27	0.00379	51.90	3.62	3.98
lcl|NC_072423.2_cds_XP_055089403.1_631	55.34	44.66	-0.13146	70.90	3.85	3.40
lcl|NC_072423.2_cds_XP_055089525.1_633	53.04	46.96	-0.06100	60.24	3.95	3.74
lcl|NC_072423.2_cds_XP_063501720.1_647	42.03	57.97	0.08940	40.29	3.58	4.35
lcl|NC_072423.2_cds_XP_055089725.2_716	54.26	45.74	0.01438	61.68	4.01	3.89
lcl|NC_072423.2_cds_XP_055089775.2_719	52.62	47.38	0.01278	58.63	4.12	3.82
lcl|NC_072423.2_cds_XP_055090957.2_809	46.17	53.83	-0.07954	40.60	3.73	4.04
lcl|NC_072423.2_cds_XP_063466739.1_817	36.14	63.86	0.11479	32.62	3.31	4.63
lcl|NC_072423.2_cds_XP_055091080.2_822	52.41	47.59	-0.06454	57.47	3.75	3.70
lcl|NC_072423.2_cds_XP_055091205.1_837	40.18	59.82	0.01848	31.25	3.54	4.37
lcl|NC_072423.2_cds_XP_055091314.2_848	44.06	55.94	0.04530	38.16	3.65	4.11
lcl|NC_072423.2_cds_XP_055091363.2_849	45.30	54.7	0.02870	38.30	3.52	4.18
lcl|NC_072423.2_cds_XP_055091329.2_850	45.05	54.95	0.07413	40.83	3.69	4.20
lcl|NC_072423.2_cds_XP_055091349.2_852	43.80	56.2	0.07190	36.55	3.51	4.14
lcl|NC_072423.2_cds_XP_055091402.1_854	41.68	58.32	0.03843	35.31	3.48	4.26
lcl|NC_072423.2_cds_XP_055091379.2_857	42.78	57.22	0.05281	36.89	3.70	4.49
lcl|NC_072423.2_cds_XP_055091411.1_859	42.62	57.38	0.07236	36.57	3.82	4.40
lcl|NC_072423.2_cds_XP_055091414.1_863	46.31	53.69	0.01746	44.10	3.71	4.17
lcl|NC_072423.2_cds_XP_055091455.2_877	61.71	38.29	-0.02804	78.89	5.24	3.79
lcl|NC_072423.2_cds_XP_055091526.1_884	46.74	53.26	-0.05547	39.56	3.96	4.03
lcl|NC_072423.2_cds_XP_063470548.1_910	48.70	51.3	-0.05790	56.86	3.61	3.74
lcl|NC_072423.2_cds_XP_055091907.1_925	43.64	56.36	0.07952	42.59	3.53	4.11
lcl|NC_072423.2_cds_XP_055091882.2_945	51.08	48.92	0.04091	53.00	3.92	4.00
lcl|NC_072423.2_cds_XP_063470751.1_952	49.86	50.14	-0.01807	58.07	3.78	4.04
lcl|NC_072423.2_cds_XP_055092306.1_987	39.35	60.65	0.04340	31.18	3.54	4.41
lcl|NC_072423.2_cds_XP_055092531.1_1000	46.04	53.96	0.16319	38.33	3.71	3.90
lcl|NC_072423.2_cds_XP_055092544.1_1010	37.38	62.62	0.07317	30.80	3.21	4.57
lcl|NC_072423.2_cds_XP_063496672.1_1017	49.65	50.35	-0.02489	54.55	3.81	3.92
lcl|NC_072423.2_cds_XP_055092514.1_1021	37.83	62.17	0.19320	33.93	3.35	4.34
lcl|NC_072423.2_cds_XP_055092996.1_1058	38.75	61.25	0.09691	29.46	3.73	4.56
lcl|NC_072423.2_cds_XP_063496888.1_1060	56.15	43.85	0.03878	62.83	4.67	3.84
lcl|NC_072423.2_cds_XP_055093020.2_1064	48.64	51.36	-0.01687	51.71	3.74	3.89
lcl|NC_072423.2_cds_XP_055093101.2_1069	49.29	50.71	0.05995	52.01	3.85	3.97
lcl|NC_072423.2_cds_XP_055093174.1_1082	58.54	41.46	-0.06513	71.96	4.25	3.93
lcl|NC_072423.2_cds_XP_055093594.2_1135	50.50	49.5	0.03044	53.88	3.92	3.96
lcl|NC_072423.2_cds_XP_055093944.2_1162	51.53	48.47	0.03651	55.82	3.83	3.91
lcl|NC_072423.2_cds_XP_055093986.1_1164	49.38	50.62	0.00359	53.46	3.84	3.94
lcl|NC_072423.2_cds_XP_055094118.2_1183	64.06	35.94	0.01967	76.58	4.79	3.62
lcl|NC_072423.2_cds_XP_055094246.2_1198	36.13	63.87	0.04830	26.90	3.35	4.46
lcl|NC_072423.2_cds_XP_063497128.1_1229	46.56	53.44	0.05211	43.97	3.94	4.30
lcl|NC_072423.2_cds_XP_063497418.1_1251	38.95	61.05	0.15827	36.67	3.35	4.55
lcl|NC_072423.2_cds_XP_055094766.2_1256	47.03	52.97	0.02299	57.27	3.67	4.31
lcl|NC_072423.2_cds_XP_063497443.1_1280	38.94	61.06	0.15506	36.12	3.37	4.47
lcl|NC_072423.2_cds_XP_055095022.1_1300	44.85	55.15	0.03127	40.30	3.58	4.08
lcl|NC_072423.2_cds_XP_055095250.2_1327	42.56	57.44	0.03132	34.86	3.52	4.26
lcl|NC_072423.2_cds_XP_063494586.1_1377	51.65	48.35	0.03199	50.32	4.18	4.07
lcl|NC_072423.2_cds_XP_055137209.2_1449	62.85	37.15	0.07239	64.89	4.07	3.35
lcl|NC_072423.2_cds_XP_055128522.1_1519	50.89	49.11	0.07220	51.41	3.80	3.76
lcl|NC_072423.2_cds_XP_055130417.2_1646	42.25	57.75	-0.17647	36.09	3.37	3.90
lcl|NC_072423.2_cds_XP_055132870.2_1681	67.01	32.99	-0.00708	73.72	4.74	3.45
lcl|NC_072423.2_cds_XP_063497859.1_1710	62.01	37.99	-0.08050	65.13	4.19	3.39
lcl|NC_072423.2_cds_XP_055134799.1_1713	52.06	47.94	0.02806	64.77	3.90	3.63
lcl|NC_072423.2_cds_XP_055139169.1_1761	62.55	37.45	-0.07504	81.42	4.54	3.30
lcl|NC_072423.2_cds_XP_055139454.1_1764	63.28	36.72	-0.14573	79.88	4.41	3.30
lcl|NC_072423.2_cds_XP_063497997.1_1794	61.53	38.47	0.07212	75.37	4.33	3.47
lcl|NC_072423.2_cds_XP_055143249.2_1822	49.08	50.92	0.12071	51.31	3.95	4.05
lcl|NC_072423.2_cds_XP_055145009.1_1827	60.76	39.24	0.01693	62.06	4.01	3.52
lcl|NC_072423.2_cds_XP_063498067.1_1842	61.47	38.53	0.04680	68.21	4.38	3.51
lcl|NC_072423.2_cds_XP_055143811.2_1857	54.46	45.54	0.04051	60.39	3.83	3.55
lcl|NC_072423.2_cds_XP_055143761.2_1859	60.16	39.84	-0.03965	59.51	4.08	3.64
lcl|NC_072423.2_cds_XP_055152412.2_1951	42.92	57.08	-0.01203	37.46	3.71	4.13
lcl|NC_072423.2_cds_XP_055093805.1_2056	61.88	38.12	0.01390	80.40	4.36	3.43
lcl|NC_072423.2_cds_XP_063490832.1_2091	67.09	32.91	0.14349	76.89	4.51	3.58
lcl|NC_072423.2_cds_XP_055097632.1_2135	64.26	35.74	-0.02054	81.25	4.90	3.44
lcl|NC_072423.2_cds_XP_055101153.1_2156	56.70	43.3	0.00279	75.92	4.05	3.61
lcl|NC_072423.2_cds_XP_063491286.1_2189	64.84	35.16	0.02625	78.62	4.43	3.34
lcl|NC_072423.2_cds_XP_055103274.2_2201	63.19	36.81	-0.06536	76.92	4.46	3.40
lcl|NC_072423.2_cds_XP_055110390.1_2318	67.28	32.72	-0.02970	82.32	5.03	3.28
lcl|NC_072423.2_cds_XP_055111809.2_2324	62.31	37.69	0.16532	65.94	4.61	3.87
lcl|NC_072423.2_cds_XP_055112732.1_2330	66.55	33.45	-0.02304	75.59	4.68	3.30
lcl|NC_072423.2_cds_XP_055112382.1_2331	63.23	36.77	-0.05901	75.95	4.31	3.40
lcl|NC_072423.2_cds_XP_055112874.1_2335	67.43	32.57	-0.03033	80.06	4.67	3.20
lcl|NC_072423.2_cds_XP_055114678.1_2362	66.89	33.11	-0.01134	75.09	4.62	3.31
lcl|NC_072423.2_cds_XP_063499567.1_2424	56.45	43.55	0.06784	61.28	4.05	3.73
lcl|NC_072423.2_cds_XP_055118459.1_2427	57.29	42.71	-0.02598	70.61	4.26	3.69
lcl|NC_072423.2_cds_XP_055150386.2_2478	59.93	40.07	0.03119	77.67	4.24	3.45
lcl|NC_072423.2_cds_XP_055122321.2_2489	55.95	44.05	-0.06386	68.32	4.01	3.67
lcl|NC_072423.2_cds_XP_055122575.2_2511	62.61	37.39	0.07593	77.06	4.26	3.52
lcl|NC_072423.2_cds_XP_055124037.1_2540	52.08	47.92	0.02917	58.64	3.83	3.85
lcl|NC_072423.2_cds_XP_055125928.2_2568	67.45	32.55	0.04812	77.41	4.71	3.39
lcl|NC_072423.2_cds_XP_055126054.1_2597	63.91	36.09	-0.04147	77.51	4.44	3.31
lcl|NC_072423.2_cds_XP_055126472.1_2650	42.55	57.45	0.11936	39.62	3.66	4.41
lcl|NC_072423.2_cds_XP_063500214.1_2665	63.28	36.72	-0.03590	85.01	4.49	3.45
lcl|NC_072423.2_cds_XP_055126619.1_2670	44.17	55.83	0.05317	43.86	3.57	4.07
lcl|NC_072423.2_cds_XP_055126733.2_2738	59.22	40.78	0.02357	69.99	4.15	3.72
lcl|NC_072423.2_cds_XP_055127254.2_2757	56.95	43.05	-0.02118	80.57	4.41	3.66
lcl|NC_072423.2_cds_XP_055127178.1_2760	49.59	50.41	0.05036	50.46	3.81	3.89
lcl|NC_072423.2_cds_XP_055127403.1_2809	59.17	40.83	-0.06882	70.92	4.41	3.70
lcl|NC_072423.2_cds_XP_055127552.1_2840	62.84	37.16	-0.02351	83.07	4.16	3.36
lcl|NC_072423.2_cds_XP_055127792.1_2886	63.15	36.85	0.03305	84.31	4.50	3.39
lcl|NC_072423.2_cds_XP_063492229.1_2973	64.37	35.63	-0.21782	77.95	4.26	3.31
lcl|NC_072423.2_cds_XP_055128393.2_3036	55.76	44.24	0.03631	63.90	4.04	3.69
lcl|NC_072423.2_cds_XP_055128475.1_3046	42.16	57.84	0.08619	38.34	3.68	4.12
lcl|NC_072423.2_cds_XP_055129173.2_3084	39.33	60.67	0.08795	34.59	3.46	4.34
lcl|NC_072423.2_cds_XP_055129508.2_3108	39.70	60.3	0.07638	34.05	3.95	4.39
lcl|NC_072423.2_cds_XP_055129582.2_3127	38.21	61.79	0.06204	32.95	3.30	4.45
lcl|NC_072423.2_cds_XP_063501387.1_3131	46.98	53.02	0.07008	52.71	3.60	3.87
lcl|NC_072423.2_cds_XP_055129782.1_3140	48.57	51.43	0.04714	56.32	3.88	3.97
lcl|NC_072423.2_cds_XP_063501725.1_3169	49.37	50.63	-0.00397	58.19	3.76	4.02
lcl|NC_072423.2_cds_XP_063502004.1_3182	47.52	52.48	0.06796	46.02	3.60	4.07
lcl|NC_072423.2_cds_XP_063501939.1_3195	56.63	43.37	-0.05029	67.96	3.94	3.57
lcl|NC_072423.2_cds_XP_063501970.1_3203	54.61	45.39	0.01362	72.88	4.06	3.55
lcl|NC_072423.2_cds_XP_055130181.1_3204	56.03	43.97	0.00978	71.93	4.07	3.56
lcl|NC_072423.2_cds_XP_055130245.2_3206	47.12	52.88	0.05902	48.18	3.58	4.10
lcl|NC_072423.2_cds_XP_063501833.1_3231	44.63	55.37	0.04234	42.84	3.73	4.40
lcl|NC_072423.2_cds_XP_055129862.2_3281	62.49	37.51	-0.01286	74.25	4.08	3.38
lcl|NC_072423.2_cds_XP_055130557.1_3282	60.34	39.66	-0.04628	77.14	4.13	3.51
lcl|NC_072423.2_cds_XP_055130644.2_3301	57.02	42.98	-0.03646	79.66	3.98	3.49
lcl|NC_072423.2_cds_XP_055130754.2_3316	61.83	38.17	-0.13048	81.22	4.13	3.58
lcl|NC_072423.2_cds_XP_055131487.1_3370	60.94	39.06	-0.05388	73.65	3.98	3.29
lcl|NC_072423.2_cds_XP_055131467.2_3388	54.16	45.84	-0.01132	59.47	3.88	3.65
lcl|NC_072423.2_cds_XP_063502410.1_3399	49.04	50.96	0.05013	50.41	3.82	3.96
lcl|NC_072423.2_cds_XP_055131521.2_3408	65.24	34.76	-0.01611	76.01	4.97	3.54
lcl|NC_072423.2_cds_XP_055131601.1_3416	51.67	48.33	-0.01321	62.05	3.84	3.81
lcl|NC_072423.2_cds_XP_055131844.2_3438	58.64	41.36	-0.01476	77.40	4.35	3.47
lcl|NC_072423.2_cds_XP_055131918.2_3506	47.98	52.02	0.12732	43.51	3.78	3.96
lcl|NC_072423.2_cds_XP_055131710.2_3515	60.03	39.97	-0.02574	66.19	4.10	3.45
lcl|NC_072423.2_cds_XP_055132691.2_3540	58.14	41.86	0.01591	65.31	3.87	3.42
lcl|NC_072423.2_cds_XP_055132733.1_3562	59.25	40.75	-0.03342	75.32	4.10	3.48
lcl|NC_072423.2_cds_XP_055132724.2_3578	63.06	36.94	-0.07663	65.41	4.23	3.49
lcl|NC_072423.2_cds_XP_063465707.1_3580	58.15	41.85	-0.11580	66.18	3.98	3.53
lcl|NC_072423.2_cds_XP_055132936.1_3631	49.48	50.52	0.04263	55.08	3.63	3.89
lcl|NC_072423.2_cds_XP_055133167.1_3657	60.13	39.87	0.01948	62.38	4.02	3.47
lcl|NC_072423.2_cds_XP_063465323.1_3670	58.88	41.12	0.02147	64.67	4.07	3.52
lcl|NC_072423.2_cds_XP_055133655.1_3738	58.44	41.56	0.07872	62.60	3.92	3.49
lcl|NC_072423.2_cds_XP_055133600.1_3761	62.92	37.08	-0.01432	70.87	4.53	3.43
lcl|NC_072423.2_cds_XP_055133640.2_3796	65.25	34.75	0.11188	57.39	4.39	3.33
lcl|NC_072423.2_cds_XP_055133668.2_3818	54.97	45.03	-0.02687	57.84	4.23	4.14
lcl|NC_072423.2_cds_XP_055134483.2_3835	61.81	38.19	-0.01691	71.30	4.20	3.54
lcl|NC_072423.2_cds_XP_063465161.1_3883	47.89	52.11	0.00123	42.93	3.67	4.02
lcl|NC_072423.2_cds_XP_055135054.1_3924	60.93	39.07	0.01037	74.64	4.42	3.51
lcl|NC_072423.2_cds_XP_055135122.1_3926	48.82	51.18	0.04568	43.40	3.97	4.02
lcl|NC_072423.2_cds_XP_055135322.1_3946	61.85	38.15	-0.04443	75.43	4.20	3.50
lcl|NC_072423.2_cds_XP_055135274.2_3951	62.51	37.49	-0.11416	72.60	4.33	3.26
lcl|NC_072423.2_cds_XP_055135452.1_3966	51.76	48.24	0.01604	64.06	3.77	3.83
lcl|NC_072423.2_cds_XP_055135414.2_3982	42.74	57.26	0.03679	34.66	3.53	4.20
lcl|NC_072423.2_cds_XP_055135354.2_3993	61.49	38.51	-0.04826	71.33	4.17	3.34
lcl|NC_072423.2_cds_XP_063492683.1_4029	62.38	37.62	0.03357	79.92	3.95	3.27
lcl|NC_072423.2_cds_XP_063466852.1_4046	55.45	44.55	0.09511	67.24	3.85	3.89
lcl|NC_072423.2_cds_XP_055150721.2_4086	55.00	45	-0.06734	69.18	3.92	3.73
lcl|NC_072423.2_cds_XP_063466939.1_4101	41.62	58.38	0.09111	41.22	3.41	4.11
lcl|NC_072423.2_cds_XP_055136509.1_4124	43.46	56.54	0.07967	43.01	3.58	3.94
lcl|NC_072423.2_cds_XP_055136435.1_4147	49.26	50.74	0.06623	51.94	3.69	3.88
lcl|NC_072423.2_cds_XP_055150741.2_4168	38.99	61.01	0.10212	33.35	3.84	4.52
lcl|NC_072423.2_cds_XP_055137193.2_4232	42.54	57.46	0.07108	35.61	3.64	4.26
lcl|NC_072423.2_cds_XP_055137379.2_4256	56.85	43.15	-0.06208	70.65	4.03	3.62
lcl|NC_072423.2_cds_XP_055137371.2_4266	45.04	54.96	-0.00232	45.77	3.50	4.16
lcl|NC_072423.2_cds_XP_055137772.1_4308	55.00	45	0.03030	61.98	3.98	3.63
lcl|NC_072423.2_cds_XP_055137876.2_4327	61.12	38.88	-0.02396	65.56	4.03	3.52
lcl|NC_072423.2_cds_XP_063467583.1_4349	53.09	46.91	-0.00350	67.92	3.92	3.93
lcl|NC_072423.2_cds_XP_055150778.1_4377	44.05	55.95	-0.00296	51.87	3.49	4.12
lcl|NC_072423.2_cds_XP_055150791.2_4378	50.80	49.2	-0.04453	62.76	3.77	3.88
lcl|NC_072423.2_cds_XP_055138519.2_4381	56.88	43.12	-0.06856	76.65	3.99	3.67
lcl|NC_072423.2_cds_XP_063468156.1_4438	55.76	44.24	-0.02129	66.96	3.91	3.77
lcl|NC_072423.2_cds_XP_055138931.2_4444	60.05	39.95	0.05318	79.09	4.02	3.56
lcl|NC_072423.2_cds_XP_055139153.2_4451	53.88	46.12	0.05294	64.71	4.05	3.88
lcl|NC_072423.2_cds_XP_055139104.1_4456	38.48	61.52	0.15802	37.19	3.34	4.30
lcl|NC_072423.2_cds_XP_055139474.2_4492	49.90	50.1	0.07260	60.13	3.72	3.90
lcl|NC_072423.2_cds_XP_055139596.2_4546	50.84	49.16	-0.06564	50.53	3.80	4.06
lcl|NC_072423.2_cds_XP_055140089.1_4561	45.08	54.92	-0.00846	39.93	3.70	4.35
lcl|NC_072423.2_cds_XP_055140113.1_4562	44.45	55.55	0.04344	35.39	3.73	4.25
lcl|NC_072423.2_cds_XP_055140612.1_4629	63.83	36.17	-0.00962	78.94	5.14	3.33
lcl|NC_072423.2_cds_XP_055141075.1_4726	42.62	57.38	0.04904	35.79	3.66	4.30
lcl|NC_072423.2_cds_XP_063493070.1_4742	42.94	57.06	0.04856	43.28	3.66	4.27
lcl|NC_072423.2_cds_XP_055141440.1_4785	38.60	61.4	0.15756	31.14	3.59	4.49
lcl|NC_072423.2_cds_XP_055142203.2_4864	42.93	57.07	0.11173	35.25	3.50	4.18
lcl|NC_072423.2_cds_XP_055142505.2_4897	47.68	52.32	0.05826	46.68	3.70	4.06
lcl|NC_072423.2_cds_XP_055142786.2_4971	40.39	59.61	0.09585	31.14	3.39	4.21
lcl|NC_072423.2_cds_XP_063469117.1_4980	43.41	56.59	0.00844	41.16	3.53	4.07
lcl|NC_072423.2_cds_XP_063493854.1_5051	50.40	49.6	-0.02017	56.93	3.81	3.90
lcl|NC_072423.2_cds_XP_055144519.1_5197	50.48	49.52	-0.00448	45.78	4.13	4.05
lcl|NC_072423.2_cds_XP_055144823.1_5208	61.51	38.49	-0.02522	77.21	4.41	3.67
lcl|NC_072423.2_cds_XP_055144886.2_5210	63.21	36.79	-0.08546	73.99	4.52	3.71
lcl|NC_072423.2_cds_XP_063494030.1_5237	45.54	54.46	0.03616	42.32	3.78	4.07
lcl|NC_072423.2_cds_XP_055145230.2_5249	50.81	49.19	-0.01215	54.28	3.72	3.95
lcl|NC_072423.2_cds_XP_063494227.1_5251	53.80	46.2	0.06762	66.23	3.88	3.90
lcl|NC_072423.2_cds_XP_055145399.2_5256	53.58	46.42	0.02220	62.30	3.99	3.95
lcl|NC_072423.2_cds_XP_055145482.1_5270	62.38	37.62	-0.02481	80.00	4.54	3.75
lcl|NC_072424.2_cds_XP_055100479.2_5301	69.03	30.97	0.11275	79.33	4.92	3.29
lcl|NC_072424.2_cds_XP_055100686.1_5322	57.70	42.3	-0.01855	78.85	4.29	4.08
lcl|NC_072424.2_cds_XP_055100672.2_5335	63.83	36.17	-0.04566	79.43	4.35	3.63
lcl|NC_072424.2_cds_XP_055100995.2_5343	59.61	40.39	0.03896	74.01	4.22	3.86
lcl|NC_072424.2_cds_XP_063472567.1_5365	57.19	42.81	0.15041	72.68	4.21	3.79
lcl|NC_072424.2_cds_XP_063472631.1_5410	47.82	52.18	-0.02839	43.80	3.63	3.90
lcl|NC_072424.2_cds_XP_055101609.2_5441	48.17	51.83	0.03484	59.51	3.72	4.12
lcl|NC_072424.2_cds_XP_055101723.1_5456	53.85	46.15	0.00272	57.58	4.02	3.88
lcl|NC_072424.2_cds_XP_055101703.1_5484	43.07	56.93	0.03310	40.84	3.75	4.31
lcl|NC_072424.2_cds_XP_055101997.2_5498	62.37	37.63	-0.06136	69.89	4.25	3.69
lcl|NC_072424.2_cds_XP_063480088.1_5562	55.69	44.31	0.00625	60.31	3.72	3.57
lcl|NC_072424.2_cds_XP_063481050.1_5582	57.41	42.59	-0.00295	54.99	3.85	3.66
lcl|NC_072424.2_cds_XP_055102763.2_5609	50.93	49.07	0.04591	58.38	3.99	3.90
lcl|NC_072424.2_cds_XP_055103005.1_5618	45.03	54.97	0.03807	43.92	3.63	4.02
lcl|NC_072424.2_cds_XP_055103201.2_5632	45.05	54.95	-0.00370	39.76	3.65	4.10
lcl|NC_072424.2_cds_XP_055103157.2_5641	43.89	56.11	0.05023	43.21	3.68	4.18
lcl|NC_072424.2_cds_XP_055103143.1_5673	46.93	53.07	0.19774	38.97	3.83	4.01
lcl|NC_072424.2_cds_XP_055103766.2_5691	48.48	51.52	0.00595	48.66	4.47	4.12
lcl|NC_072424.2_cds_XP_055103892.2_5708	61.49	38.51	0.03365	71.95	4.96	3.85
lcl|NC_072424.2_cds_XP_055104185.1_5735	42.44	57.56	0.06887	35.58	3.89	4.24
lcl|NC_072424.2_cds_XP_055104368.1_5751	57.30	42.7	0.00412	72.02	3.90	3.50
lcl|NC_072424.2_cds_XP_055104513.2_5765	39.52	60.48	0.07583	34.62	3.22	4.42
lcl|NC_072424.2_cds_XP_063473658.1_5768	36.30	63.7	0.13790	31.15	3.41	4.63
lcl|NC_072424.2_cds_XP_055104594.1_5779	39.58	60.42	0.00485	33.53	3.28	4.38
lcl|NC_072424.2_cds_XP_055104730.2_5791	51.10	48.9	0.05461	60.16	3.68	3.92
lcl|NC_072424.2_cds_XP_055105425.2_5895	56.98	43.02	-0.00619	61.73	4.25	3.61
lcl|NC_072424.2_cds_XP_063482075.1_5898	38.60	61.4	0.20509	35.22	3.33	4.38
lcl|NC_072424.2_cds_XP_055105826.2_5946	52.36	47.64	0.03270	59.15	4.16	3.71
lcl|NC_072424.2_cds_XP_055105867.2_5949	54.05	45.95	0.04186	63.21	4.43	3.74
lcl|NC_072424.2_cds_XP_055105885.2_5950	45.59	54.41	0.15410	55.44	3.61	4.05
lcl|NC_072424.2_cds_XP_063483059.1_5958	40.71	59.29	0.11395	41.81	3.48	4.20
lcl|NC_072424.2_cds_XP_055098794.2_5964	59.52	40.48	-0.02131	53.74	4.26	3.63
lcl|NC_072424.2_cds_XP_055106006.2_5966	39.96	60.04	0.14633	36.70	3.40	4.34
lcl|NC_072424.2_cds_XP_055106053.2_5976	60.08	39.92	-0.01272	75.40	4.26	3.44
lcl|NC_072424.2_cds_XP_055106031.2_5991	52.52	47.48	0.06811	63.37	3.88	3.74
lcl|NC_072424.2_cds_XP_055106385.1_6021	57.82	42.18	-0.01852	74.30	4.78	4.00
lcl|NC_072424.2_cds_XP_055106810.1_6054	63.83	36.17	-0.05730	69.56	4.33	3.21
lcl|NC_072424.2_cds_XP_063483502.1_6070	61.46	38.54	0.02105	69.07	4.44	3.50
lcl|NC_072424.2_cds_XP_055106906.1_6098	53.21	46.79	-0.05020	59.88	3.83	3.65
lcl|NC_072424.2_cds_XP_055107054.2_6113	57.81	42.19	-0.07229	55.13	4.06	3.42
lcl|NC_072424.2_cds_XP_063483443.1_6147	44.31	55.69	0.11075	41.00	3.75	4.11
lcl|NC_072424.2_cds_XP_063474209.1_6215	64.74	35.26	-0.01590	75.87	4.54	3.22
lcl|NC_072424.2_cds_XP_055107867.2_6240	59.44	40.56	-0.03920	64.69	3.92	3.49
lcl|NC_072424.2_cds_XP_055107939.2_6247	40.94	59.06	0.00412	35.55	3.75	4.34
lcl|NC_072424.2_cds_XP_055107987.2_6257	54.70	45.3	-0.04438	58.93	3.72	3.65
lcl|NC_072424.2_cds_XP_055108044.2_6309	51.16	48.84	-0.00578	55.70	3.78	3.96
lcl|NC_072424.2_cds_XP_055108074.2_6315	47.78	52.22	-0.01354	57.63	3.56	4.05
lcl|NC_072424.2_cds_XP_055108368.1_6344	62.49	37.51	-0.00548	76.16	4.91	3.74
lcl|NC_072424.2_cds_XP_055109334.2_6476	55.05	44.95	-0.03339	61.40	3.85	3.52
lcl|NC_072424.2_cds_XP_055109311.2_6511	58.99	41.01	0.02305	73.75	3.99	3.51
lcl|NC_072424.2_cds_XP_055109628.2_6528	60.22	39.78	-0.04796	77.72	4.15	3.47
lcl|NC_072424.2_cds_XP_055109752.1_6532	47.47	52.53	0.00449	43.81	3.76	4.05
lcl|NC_072424.2_cds_XP_063484964.1_6552	54.19	45.81	-0.00638	61.87	3.79	3.83
lcl|NC_072424.2_cds_XP_055109932.2_6564	55.57	44.43	0.05201	67.39	4.20	3.76
lcl|NC_072424.2_cds_XP_055109807.2_6582	36.35	63.65	0.02041	28.59	3.32	4.58
lcl|NC_072424.2_cds_XP_055110145.2_6627	36.79	63.21	0.08364	33.23	3.41	4.58
lcl|NC_072424.2_cds_XP_063484476.1_6668	52.37	47.63	-0.10981	53.06	3.85	4.04
lcl|NC_072424.2_cds_XP_055110897.1_6732	38.24	61.76	0.16765	35.52	3.54	4.53
lcl|NC_072424.2_cds_XP_055110988.2_6735	54.59	45.41	0.05495	54.67	5.01	4.47
lcl|NC_072424.2_cds_XP_063485803.1_6743	46.58	53.42	0.01760	50.04	3.60	4.03
lcl|NC_072424.2_cds_XP_055111142.1_6759	44.20	55.8	0.09921	50.17	3.60	4.22
lcl|NC_072424.2_cds_XP_055111257.1_6771	47.45	52.55	0.04123	51.21	3.82	4.08
lcl|NC_072424.2_cds_XP_055111304.2_6790	38.16	61.84	0.10579	31.79	3.48	4.45
lcl|NC_072424.2_cds_XP_055111317.1_6792	41.76	58.24	-0.00469	40.69	3.67	4.33
lcl|NC_072424.2_cds_XP_055111641.1_6813	41.48	58.52	0.06255	34.22	3.42	4.37
lcl|NC_072424.2_cds_XP_055111696.1_6821	43.73	56.27	0.08274	33.33	3.92	4.20
lcl|NC_072424.2_cds_XP_055111765.2_6829	44.51	55.49	0.10055	44.67	3.71	4.11
lcl|NC_072424.2_cds_XP_063485769.1_6840	47.25	52.75	0.04637	40.46	3.76	4.05
lcl|NC_072424.2_cds_XP_055111985.2_6849	41.15	58.85	0.04986	37.97	3.50	4.40
lcl|NC_072424.2_cds_XP_055112325.2_6897	50.79	49.21	0.01377	52.15	4.24	3.98
lcl|NC_072424.2_cds_XP_055112393.1_6919	50.97	49.03	0.03901	47.19	4.25	3.91
lcl|NC_072424.2_cds_XP_055113049.2_6979	37.66	62.34	0.00344	29.51	3.36	4.36
lcl|NC_072424.2_cds_XP_063486596.1_6984	55.51	44.49	0.12463	39.32	4.09	3.81
lcl|NC_072424.2_cds_XP_055113181.2_6994	54.92	45.08	0.11391	38.62	4.23	4.02
lcl|NC_072424.2_cds_XP_055113280.1_7000	43.93	56.07	0.06627	42.42	3.50	4.16
lcl|NC_072424.2_cds_XP_063474836.1_7006	40.11	59.89	0.00263	33.59	3.34	4.48
lcl|NC_072424.2_cds_XP_055113345.2_7007	39.74	60.26	0.07357	30.43	3.42	4.34
lcl|NC_072424.2_cds_XP_055113634.1_7053	38.81	61.19	0.06832	34.50	3.59	4.33
lcl|NC_072424.2_cds_XP_055113894.1_7081	53.55	46.45	-0.02755	61.96	3.98	3.85
lcl|NC_072424.2_cds_XP_055113861.1_7085	38.83	61.17	0.02836	30.97	3.58	4.44
lcl|NC_072424.2_cds_XP_055114731.2_7175	48.13	51.87	0.08058	50.04	3.57	3.93
lcl|NC_072424.2_cds_XP_055114899.2_7178	37.37	62.63	0.08641	28.71	3.36	4.45
lcl|NC_072424.2_cds_XP_063475499.1_7184	55.67	44.33	-0.00450	64.77	4.12	3.86
lcl|NC_072424.2_cds_XP_055114926.1_7197	44.01	55.99	0.09542	40.58	3.46	4.05
lcl|NC_072424.2_cds_XP_055115279.2_7243	39.84	60.16	0.03295	36.98	3.40	4.31
lcl|NC_072424.2_cds_XP_055115746.2_7301	40.53	59.47	0.04648	35.14	3.39	4.30
lcl|NC_072424.2_cds_XP_063475999.1_7306	43.76	56.24	0.02391	44.91	3.50	4.15
lcl|NC_072424.2_cds_XP_055115970.1_7318	41.79	58.21	0.08151	36.26	3.37	4.24
lcl|NC_072424.2_cds_XP_055116328.2_7350	50.34	49.66	0.02353	49.18	4.22	3.93
lcl|NC_072424.2_cds_XP_055116412.2_7366	61.67	38.33	-0.11070	70.94	5.33	4.24
lcl|NC_072424.2_cds_XP_055116727.2_7395	44.24	55.76	-0.01910	45.05	3.79	4.27
lcl|NC_072424.2_cds_XP_063486993.1_7438	60.91	39.09	0.01251	70.75	4.11	3.54
lcl|NC_072424.2_cds_XP_063487075.1_7454	38.94	61.06	0.11217	33.37	3.41	4.53
lcl|NC_072424.2_cds_XP_055117091.1_7456	43.14	56.86	0.05702	41.52	3.81	4.19
lcl|NC_072424.2_cds_XP_063487032.1_7506	39.68	60.32	-0.01181	32.04	3.51	4.36
lcl|NC_072424.2_cds_XP_055117740.1_7534	46.93	53.07	0.04206	47.97	3.75	4.11
lcl|NC_072424.2_cds_XP_055117917.2_7566	47.57	52.43	0.02345	52.03	3.54	3.97
lcl|NC_072424.2_cds_XP_055118145.1_7605	41.05	58.95	-0.04720	44.99	3.29	4.14
lcl|NC_072424.2_cds_XP_055118169.1_7606	46.72	53.28	-0.06605	46.61	3.91	4.01
lcl|NC_072424.2_cds_XP_055118363.2_7609	42.35	57.65	0.03252	39.35	3.43	4.37
lcl|NC_072424.2_cds_XP_055118661.2_7648	46.69	53.31	0.04809	45.58	3.55	3.89
lcl|NC_072424.2_cds_XP_063476744.1_7662	41.21	58.79	0.09944	38.61	3.94	4.29
lcl|NC_072424.2_cds_XP_055118770.2_7672	37.83	62.17	0.04806	34.39	3.35	4.47
lcl|NC_072424.2_cds_XP_055119119.2_7719	43.62	56.38	0.06807	43.90	3.54	4.18
lcl|NC_072424.2_cds_XP_055119401.2_7757	61.88	38.12	0.05455	73.73	5.12	4.04
lcl|NC_072424.2_cds_XP_055119561.1_7790	45.66	54.34	0.00985	42.71	3.69	4.10
lcl|NC_072424.2_cds_XP_055119676.2_7792	46.74	53.26	0.04864	43.90	3.62	4.06
lcl|NC_072424.2_cds_XP_055119857.2_7857	47.80	52.2	0.08953	46.29	3.67	3.98
lcl|NC_072424.2_cds_XP_055120187.1_7878	42.98	57.02	-0.00395	42.11	3.46	4.15
lcl|NC_072424.2_cds_XP_055120242.2_7879	42.78	57.22	0.00801	40.46	3.45	4.41
lcl|NC_072424.2_cds_XP_055120230.1_7880	44.02	55.98	0.02371	44.17	4.16	4.32
lcl|NC_072424.2_cds_XP_055120786.2_7964	39.54	60.46	0.04815	33.28	3.33	4.18
lcl|NC_072424.2_cds_XP_055120847.1_7986	42.55	57.45	0.08411	31.78	3.56	4.20
lcl|NC_072424.2_cds_XP_063478407.1_8002	48.64	51.36	0.06770	50.93	4.27	4.14
lcl|NC_072424.2_cds_XP_055121319.2_8045	55.66	44.34	0.00797	68.23	4.01	3.66
lcl|NC_072424.2_cds_XP_063478688.1_8053	56.11	43.89	-0.07875	56.90	3.98	3.73
lcl|NC_072424.2_cds_XP_055121404.1_8066	43.17	56.83	0.06143	45.08	3.60	4.21
lcl|NC_072424.2_cds_XP_063478911.1_8096	41.63	58.37	-0.02669	43.26	3.46	4.16
lcl|NC_072424.2_cds_XP_063478866.1_8103	49.28	50.72	-0.03759	47.57	3.64	3.77
lcl|NC_072424.2_cds_XP_055122318.1_8202	45.03	54.97	0.09376	46.40	3.60	4.11
lcl|NC_072424.2_cds_XP_063487734.1_8219	42.54	57.46	0.07445	39.65	3.41	4.18
lcl|NC_072424.2_cds_XP_055122576.1_8225	54.74	45.26	-0.03462	67.31	3.98	3.60
lcl|NC_072424.2_cds_XP_063487767.1_8231	41.11	58.89	0.04011	37.75	3.42	4.24
lcl|NC_072424.2_cds_XP_055122679.1_8240	43.70	56.3	0.03900	36.92	3.55	4.28
lcl|NC_072424.2_cds_XP_055122774.1_8245	55.48	44.52	0.00598	62.76	4.05	3.83
lcl|NC_072424.2_cds_XP_055123082.1_8281	42.29	57.71	-0.06063	30.33	3.47	4.25
lcl|NC_072424.2_cds_XP_055123398.2_8306	49.81	50.19	-0.01787	55.63	3.72	3.81
lcl|NC_072424.2_cds_XP_055123422.2_8317	51.25	48.75	0.13671	47.25	4.00	3.78
lcl|NC_072424.2_cds_XP_055123455.2_8329	43.19	56.81	0.12063	46.77	3.42	4.12
lcl|NC_072424.2_cds_XP_063488243.1_8337	46.79	53.21	0.08098	51.68	3.59	3.97
lcl|NC_072424.2_cds_XP_055123951.2_8384	60.17	39.83	-0.05411	67.32	4.98	3.64
lcl|NC_072424.2_cds_XP_063488715.1_8407	55.19	44.81	0.00282	63.09	4.01	3.91
lcl|NC_072424.2_cds_XP_055124094.1_8416	59.18	40.82	-0.07333	70.66	4.32	3.80
lcl|NC_072424.2_cds_XP_055124570.2_8479	59.11	40.89	-0.09161	61.36	4.40	3.79
lcl|NC_072424.2_cds_XP_055124703.2_8507	52.29	47.71	0.04937	60.47	3.94	3.98
lcl|NC_072424.2_cds_XP_055124917.1_8515	47.18	52.82	0.07065	47.27	3.76	4.00
lcl|NC_072424.2_cds_XP_055125301.2_8557	54.35	45.65	-0.03436	56.89	5.28	4.05
lcl|NC_072424.2_cds_XP_063479879.1_8620	50.31	49.69	0.02185	50.63	3.98	4.12
lcl|NC_072424.2_cds_XP_055125667.2_8641	59.36	40.64	0.00527	76.73	4.13	3.65
lcl|NC_072424.2_cds_XP_063479987.1_8643	53.23	46.77	0.03226	56.77	3.88	4.11
lcl|NC_072424.2_cds_XP_055125823.2_8665	47.59	52.41	0.00325	50.06	3.65	4.21
lcl|NC_072425.2_cds_XP_055126087.1_8717	60.57	39.43	-0.01377	78.71	4.74	3.54
lcl|NC_072425.2_cds_XP_063492761.1_8728	58.64	41.36	0.01967	70.43	4.30	3.73
lcl|NC_072425.2_cds_XP_055126154.1_8750	62.40	37.6	0.02546	81.09	4.31	3.65
lcl|NC_072425.2_cds_XP_055126155.1_8767	66.16	33.84	0.01764	80.74	4.30	3.30
lcl|NC_072425.2_cds_XP_055126215.1_8846	61.16	38.84	-0.03935	84.47	4.48	3.51
lcl|NC_072425.2_cds_XP_055126243.2_8855	61.04	38.96	0.01502	75.36	4.30	3.43
lcl|NC_072425.2_cds_XP_055126264.1_8873	63.15	36.85	-0.05320	86.10	4.48	3.36
lcl|NC_072425.2_cds_XP_063492793.1_8907	66.44	33.56	-0.02747	76.37	4.46	3.41
lcl|NC_072425.2_cds_XP_055126296.1_8910	73.44	26.56	-0.11436	87.50	5.97	3.32
lcl|NC_072425.2_cds_XP_055126324.1_8937	65.53	34.47	-0.07062	85.37	4.49	3.30
lcl|NC_072425.2_cds_XP_063492804.1_8941	57.91	42.09	-0.05008	57.76	4.11	3.86
lcl|NC_072425.2_cds_XP_063492819.1_8970	63.47	36.53	0.00106	71.19	4.25	4.13
lcl|NC_072425.2_cds_XP_055125865.1_8985	66.37	33.63	-0.00994	73.38	4.40	3.34
lcl|NC_072425.2_cds_XP_055126377.1_9006	56.71	43.29	0.02039	67.97	4.25	3.91
lcl|NC_072425.2_cds_XP_055126382.1_9013	62.29	37.71	-0.07791	89.66	4.64	3.59
lcl|NC_072425.2_cds_XP_055126401.1_9033	63.48	36.52	0.04762	71.72	4.36	3.58
lcl|NC_072425.2_cds_XP_055126414.1_9051	64.46	35.54	0.02864	60.69	4.65	3.48
lcl|NC_072425.2_cds_XP_055126430.1_9069	55.90	44.1	0.03392	77.47	4.19	3.74
lcl|NC_072425.2_cds_XP_055126440.1_9076	64.35	35.65	0.01984	80.02	4.50	3.41
lcl|NC_072425.2_cds_XP_063492856.1_9091	64.85	35.15	0.04330	74.60	4.34	3.42
lcl|NC_072425.2_cds_XP_055126494.1_9145	59.99	40.01	-0.09625	74.59	3.95	3.53
lcl|NC_072425.2_cds_XP_063491802.1_9152	66.02	33.98	-0.14400	80.00	5.41	3.64
lcl|NC_072425.2_cds_XP_055126529.1_9160	50.50	49.5	-0.02550	52.79	3.68	3.81
lcl|NC_072425.2_cds_XP_055126557.1_9201	52.15	47.85	-0.00375	54.46	3.91	4.16
lcl|NC_072425.2_cds_XP_055126587.1_9209	43.69	56.31	0.14093	43.81	3.71	4.18
lcl|NC_072425.2_cds_XP_055126578.1_9210	41.08	58.92	0.04345	36.85	3.50	4.25
lcl|NC_072425.2_cds_XP_055126621.1_9227	56.84	43.16	-0.05239	69.49	4.14	3.82
lcl|NC_072425.2_cds_XP_055126597.1_9262	59.32	40.68	0.01057	65.05	4.16	3.58
lcl|NC_072425.2_cds_XP_055126612.2_9296	52.10	47.9	-0.08316	44.72	3.72	3.88
lcl|NC_072425.2_cds_XP_055126617.1_9305	64.73	35.27	-0.03320	77.75	4.34	3.22
lcl|NC_072425.2_cds_XP_055126653.1_9310	58.64	41.36	-0.01236	69.74	4.25	3.64
lcl|NC_072425.2_cds_XP_055126669.1_9326	64.44	35.56	-0.00143	77.16	4.35	3.30
lcl|NC_072425.2_cds_XP_055126686.1_9374	60.53	39.47	-0.00521	78.34	4.26	3.27
lcl|NC_072425.2_cds_XP_055126742.1_9457	52.17	47.83	-0.02008	59.83	3.73	3.78
lcl|NC_072425.2_cds_XP_055126862.1_9503	63.78	36.22	-0.00528	76.97	4.38	3.33
lcl|NC_072425.2_cds_XP_055126805.1_9530	53.13	46.87	0.09109	64.22	3.90	3.57
lcl|NC_072425.2_cds_XP_063491839.1_9534	53.96	46.04	0.08835	66.11	3.87	3.72
lcl|NC_072425.2_cds_XP_055126816.1_9553	57.16	42.84	0.10886	67.79	4.18	3.68
lcl|NC_072425.2_cds_XP_063491859.1_9574	59.34	40.66	-0.01875	78.25	4.53	3.59
lcl|NC_072425.2_cds_XP_055126832.1_9586	60.45	39.55	-0.11201	69.42	4.21	3.45
lcl|NC_072425.2_cds_XP_055126955.1_9654	62.10	37.9	-0.07481	76.54	4.27	3.25
lcl|NC_072425.2_cds_XP_055126960.1_9668	59.90	40.1	-0.02390	79.59	4.14	3.48
lcl|NC_072425.2_cds_XP_055126997.1_9702	50.23	49.77	-0.00062	53.85	3.88	4.14
lcl|NC_072425.2_cds_XP_055127046.1_9807	45.54	54.46	0.04181	40.52	3.61	4.04
lcl|NC_072425.2_cds_XP_063492043.1_9883	57.78	42.22	-0.12051	65.46	4.31	3.74
lcl|NC_072425.2_cds_XP_055127127.1_9898	66.87	33.13	-0.02164	74.34	4.36	3.25
lcl|NC_072425.2_cds_XP_055127139.1_9913	43.52	56.48	0.09807	42.90	3.62	4.21
lcl|NC_072425.2_cds_XP_055127164.1_9926	44.21	55.79	-0.01455	35.40	3.48	4.02
lcl|NC_072425.2_cds_XP_055127228.1_9986	62.75	37.25	-0.04554	81.26	4.59	3.41
lcl|NC_072425.2_cds_XP_063492099.1_10020	43.21	56.79	0.11350	43.09	3.49	4.10
lcl|NC_072425.2_cds_XP_055127224.1_10025	40.48	59.52	0.04305	37.02	3.46	4.40
lcl|NC_072425.2_cds_XP_063492117.1_10056	47.99	52.01	0.09635	54.28	3.69	4.02
lcl|NC_072425.2_cds_XP_063492885.1_10073	58.73	41.27	-0.00627	72.14	4.45	3.45
lcl|NC_072425.2_cds_XP_055127295.1_10083	56.88	43.12	-0.05472	66.83	4.26	3.61
lcl|NC_072425.2_cds_XP_055127296.1_10084	55.15	44.85	0.02388	62.67	3.89	3.59
lcl|NC_072425.2_cds_XP_055127327.1_10107	64.96	35.04	-0.03964	78.89	4.61	3.65
lcl|NC_072425.2_cds_XP_055127320.1_10115	62.47	37.53	-0.06637	66.23	4.13	3.33
lcl|NC_072425.2_cds_XP_055127314.1_10133	64.45	35.55	0.01946	62.12	4.40	3.41
lcl|NC_072425.2_cds_XP_055127338.1_10146	58.01	41.99	-0.00522	74.14	4.08	3.88
lcl|NC_072425.2_cds_XP_055127355.1_10149	60.01	39.99	-0.01131	72.90	4.23	3.48
lcl|NC_072425.2_cds_XP_055127349.1_10204	51.64	48.36	-0.00102	51.66	3.74	3.78
lcl|NC_072425.2_cds_XP_055127472.1_10298	36.27	63.73	0.01340	29.75	3.40	4.60
lcl|NC_072425.2_cds_XP_055127488.1_10314	44.62	55.38	0.05301	40.74	3.55	4.12
lcl|NC_072425.2_cds_XP_055125911.1_10332	49.35	50.65	-0.03416	54.02	3.52	3.88
lcl|NC_072425.2_cds_XP_055127502.1_10335	48.15	51.85	0.02442	45.69	3.68	3.97
lcl|NC_072425.2_cds_XP_055127503.1_10353	53.25	46.75	0.03195	56.98	3.93	3.72
lcl|NC_072425.2_cds_XP_055127524.1_10357	47.81	52.19	-0.01144	53.06	3.83	4.17
lcl|NC_072425.2_cds_XP_055127528.1_10364	53.58	46.42	-0.06229	56.88	4.59	3.98
lcl|NC_072425.2_cds_XP_055127538.1_10372	51.95	48.05	0.00073	58.46	4.55	3.98
lcl|NC_072425.2_cds_XP_055127540.1_10383	45.85	54.15	0.07717	45.95	3.55	4.02
lcl|NC_072425.2_cds_XP_055127555.1_10397	50.39	49.61	-0.07110	58.22	3.82	3.79
lcl|NC_072425.2_cds_XP_055127584.1_10420	50.32	49.68	0.03133	60.88	3.69	3.71
lcl|NC_072425.2_cds_XP_055127586.1_10442	38.70	61.3	0.13444	33.81	3.43	4.43
lcl|NC_072425.2_cds_XP_055127610.1_10467	51.82	48.18	-0.00980	60.39	4.03	3.78
lcl|NC_072425.2_cds_XP_055127613.1_10469	47.32	52.68	0.17087	51.79	3.49	3.81
lcl|NC_072425.2_cds_XP_055127646.1_10499	43.50	56.5	0.01374	41.14	3.75	4.38
lcl|NC_072425.2_cds_XP_055127641.1_10513	49.00	51	0.01818	46.18	3.65	3.91
lcl|NC_072425.2_cds_XP_055127666.1_10549	58.29	41.71	0.02540	53.57	4.05	3.80
lcl|NC_072425.2_cds_XP_055127668.1_10552	60.74	39.26	0.01789	67.82	4.62	4.01
lcl|NC_072425.2_cds_XP_055127693.1_10563	54.92	45.08	-0.07088	71.97	4.37	3.88
lcl|NC_072425.2_cds_XP_055127695.1_10565	60.85	39.15	0.00118	78.47	4.22	3.55
lcl|NC_072425.2_cds_XP_055127719.1_10609	43.65	56.35	0.03822	43.22	3.51	4.08
lcl|NC_072425.2_cds_XP_063492950.1_10611	51.25	48.75	0.08565	67.23	3.73	3.89
lcl|NC_072425.2_cds_XP_055127790.1_10676	39.55	60.45	0.05417	34.51	3.52	4.31
lcl|NC_072425.2_cds_XP_055127798.1_10682	56.19	43.81	-0.05612	67.13	4.31	3.98
lcl|NC_072425.2_cds_XP_055127807.1_10700	50.95	49.05	0.03123	54.02	3.75	3.94
lcl|NC_072425.2_cds_XP_055127839.1_10745	57.93	42.07	-0.04121	74.71	4.12	3.61
lcl|NC_072425.2_cds_XP_055127857.1_10750	56.57	43.43	-0.02475	61.75	4.30	3.74
lcl|NC_072425.2_cds_XP_055127861.1_10764	66.10	33.9	-0.08287	74.89	4.78	3.48
lcl|NC_072425.2_cds_XP_063492309.1_10802	40.30	59.7	0.01308	37.51	3.33	4.14
lcl|NC_072425.2_cds_XP_063492313.1_10807	63.16	36.84	0.04961	85.28	4.68	3.31
lcl|NC_072425.2_cds_XP_055127899.1_10825	41.08	58.92	0.12483	37.86	3.39	4.14
lcl|NC_072425.2_cds_XP_063492296.1_10830	44.51	55.49	0.06395	45.26	3.61	4.03
lcl|NC_072425.2_cds_XP_055127933.1_10866	61.51	38.49	-0.06659	79.66	4.44	3.68
lcl|NC_072425.2_cds_XP_055127977.1_10904	55.58	44.42	-0.01320	72.42	3.92	3.89
lcl|NC_072425.2_cds_XP_055127991.1_10925	46.42	53.58	-0.01510	45.68	3.81	4.17
lcl|NC_072425.2_cds_XP_063492347.1_10975	53.39	46.61	-0.01906	65.65	4.01	3.72
lcl|NC_072425.2_cds_XP_055128044.1_10982	41.47	58.53	0.11183	37.39	3.54	4.31
lcl|NC_072425.2_cds_XP_063492355.1_11004	40.70	59.3	0.06625	34.13	3.98	4.39
lcl|NC_072425.2_cds_XP_055128069.1_11012	50.14	49.86	0.00000	60.07	3.78	3.85
lcl|NC_072425.2_cds_XP_055128093.1_11047	40.12	59.88	0.13709	34.57	3.54	4.16
lcl|NC_072425.2_cds_XP_055128117.1_11069	47.46	52.54	-0.10659	47.54	3.59	3.95
lcl|NC_072425.2_cds_XP_055128118.1_11071	47.46	52.54	-0.11013	47.54	3.55	3.92
lcl|NC_072425.2_cds_XP_055128176.1_11138	37.15	62.85	0.07262	29.92	3.38	4.54
lcl|NC_072425.2_cds_XP_055128180.1_11144	46.62	53.38	0.03215	43.42	3.49	3.92
lcl|NC_072425.2_cds_XP_055128187.1_11168	53.18	46.82	0.04515	60.70	3.83	3.75
lcl|NC_072425.2_cds_XP_055128199.1_11184	45.74	54.26	0.02853	50.99	3.70	4.10
lcl|NC_072425.2_cds_XP_055128250.1_11217	45.47	54.53	0.04131	44.00	3.53	4.14
lcl|NC_072425.2_cds_XP_063493066.1_11222	50.95	49.05	-0.00779	61.83	3.87	3.78
lcl|NC_072425.2_cds_XP_055128278.1_11254	38.99	61.01	0.11715	36.03	3.52	4.40
lcl|NC_072425.2_cds_XP_055128297.1_11272	60.58	39.42	0.00985	77.09	4.58	3.87
lcl|NC_072425.2_cds_XP_055128306.1_11287	53.62	46.38	0.06085	57.10	4.41	4.03
lcl|NC_072425.2_cds_XP_055128330.1_11301	52.63	47.37	0.04155	54.31	4.18	4.03
lcl|NC_072425.2_cds_XP_055125937.2_11303	54.42	45.58	-0.10894	55.54	3.74	3.60
lcl|NC_072425.2_cds_XP_063493087.1_11304	41.04	58.96	0.06000	37.03	3.53	3.93
lcl|NC_072425.2_cds_XP_055128338.1_11307	41.13	58.87	0.05810	37.08	3.53	3.90
lcl|NC_072425.2_cds_XP_055128334.1_11314	53.99	46.01	-0.10840	55.38	3.75	3.67
lcl|NC_072425.2_cds_XP_055128355.1_11336	54.06	45.94	-0.10690	55.45	3.75	3.68
lcl|NC_072425.2_cds_XP_055128358.1_11339	53.95	46.05	-0.11171	56.00	3.78	3.69
lcl|NC_072425.2_cds_XP_055128365.2_11348	54.47	45.53	-0.11192	55.63	3.76	3.63
lcl|NC_072425.2_cds_XP_055128378.1_11349	47.00	53	0.04382	47.19	3.64	3.99
lcl|NC_072425.2_cds_XP_055128387.1_11360	39.93	60.07	0.17895	38.60	3.52	4.53
lcl|NC_072425.2_cds_XP_063492376.1_11420	47.03	52.97	0.06969	50.28	4.07	4.08
lcl|NC_072425.2_cds_XP_055128452.1_11426	44.47	55.53	0.05711	46.73	3.69	4.21
lcl|NC_072425.2_cds_XP_055128464.1_11435	39.82	60.18	0.04416	36.11	3.60	4.41
lcl|NC_072425.2_cds_XP_063493112.1_11445	50.02	49.98	0.00734	48.67	3.63	3.92
lcl|NC_072425.2_cds_XP_055128483.2_11454	41.78	58.22	0.06815	37.42	4.08	4.45
lcl|NC_072425.2_cds_XP_055128493.1_11460	41.87	58.13	-0.06829	37.37	3.41	4.25
lcl|NC_072425.2_cds_XP_063493128.1_11516	42.66	57.34	0.07367	36.77	3.47	4.26
lcl|NC_072425.2_cds_XP_055128553.1_11520	51.29	48.71	0.09155	52.24	3.92	3.86
lcl|NC_072425.2_cds_XP_055128554.1_11523	41.83	58.17	0.19567	33.33	3.31	4.30
lcl|NC_072425.2_cds_XP_055128581.1_11563	40.83	59.17	0.12768	32.42	3.29	4.18
lcl|NC_072425.2_cds_XP_055128586.1_11569	49.73	50.27	0.14405	37.83	3.80	4.00
lcl|NC_072425.2_cds_XP_063490733.1_11625	44.39	55.61	0.08356	42.25	3.61	3.95
lcl|NC_072425.2_cds_XP_055128639.2_11646	43.65	56.35	0.07441	44.11	4.62	4.48
lcl|NC_072425.2_cds_XP_055128637.1_11650	58.62	41.38	0.09401	31.89	4.10	3.53
lcl|NC_072425.2_cds_XP_055128659.1_11663	39.21	60.79	0.07313	34.40	3.33	4.30
lcl|NC_072425.2_cds_XP_055128669.1_11668	37.90	62.1	0.02331	36.85	3.54	4.41
lcl|NC_072425.2_cds_XP_055128666.1_11679	36.29	63.71	0.04624	32.54	3.37	4.47
lcl|NC_072425.2_cds_XP_055128674.1_11691	42.55	57.45	0.05186	34.74	3.63	4.32
lcl|NC_072425.2_cds_XP_055128695.1_11705	45.05	54.95	0.02376	37.25	3.43	4.13
lcl|NC_072425.2_cds_XP_055128705.1_11761	32.33	67.67	-0.04192	27.06	3.32	5.02
lcl|NC_072425.2_cds_XP_055128691.1_11771	38.12	61.88	0.15598	31.74	3.40	4.30
lcl|NC_072425.2_cds_XP_055128737.1_11806	37.19	62.81	0.11132	30.57	3.38	4.77
lcl|NC_072425.2_cds_XP_055128764.1_11819	40.05	59.95	-0.10604	36.89	3.63	4.28
lcl|NC_072425.2_cds_XP_055128770.1_11849	46.39	53.61	0.10245	43.78	3.79	4.19
lcl|NC_072425.2_cds_XP_055128766.1_11873	44.51	55.49	0.12354	43.89	3.56	4.09
lcl|NC_072425.2_cds_XP_055128816.1_11876	45.38	54.62	0.11416	45.30	3.70	4.16
lcl|NC_072425.2_cds_XP_063490979.1_11911	45.63	54.37	0.06267	45.47	4.05	4.11
lcl|NC_072425.2_cds_XP_055128831.1_11926	51.36	48.64	-0.03097	65.23	4.03	3.71
lcl|NC_072425.2_cds_XP_055128847.1_11928	45.20	54.8	0.04622	37.69	3.50	4.06
lcl|NC_072425.2_cds_XP_055128849.1_11930	43.09	56.91	0.02741	41.03	3.45	4.20
lcl|NC_072425.2_cds_XP_055128850.1_11932	58.56	41.44	-0.05308	62.81	5.16	3.93
lcl|NC_072425.2_cds_XP_063492516.1_11935	43.77	56.23	0.06591	45.19	3.88	4.23
lcl|NC_072425.2_cds_XP_055128854.1_11943	37.26	62.74	-0.03035	28.04	3.59	4.61
lcl|NC_072425.2_cds_XP_055128903.1_11991	38.78	61.22	0.10381	30.90	3.47	4.40
lcl|NC_072425.2_cds_XP_055128925.1_12012	43.89	56.11	0.11690	43.08	3.40	3.91
lcl|NC_072425.2_cds_XP_055128947.1_12044	39.44	60.56	0.17847	34.64	3.34	4.17
lcl|NC_072425.2_cds_XP_055128965.1_12083	39.86	60.14	-0.08099	28.64	3.48	4.31
lcl|NC_072425.2_cds_XP_055128979.1_12087	38.77	61.23	0.07856	34.50	3.36	4.35
lcl|NC_072425.2_cds_XP_055128987.1_12116	42.54	57.46	-0.02931	36.61	3.37	4.15
lcl|NC_072425.2_cds_XP_055128992.1_12119	42.41	57.59	0.13669	41.88	3.59	4.17
lcl|NC_072425.2_cds_XP_055129005.1_12123	46.78	53.22	-0.01288	45.99	3.69	4.03
lcl|NC_072425.2_cds_XP_055129018.1_12136	46.22	53.78	-0.04174	46.73	3.82	4.11
lcl|NC_072425.2_cds_XP_055129023.1_12156	53.54	46.46	-0.07589	58.04	3.89	3.99
lcl|NC_072425.2_cds_XP_055129129.1_12241	57.13	42.87	-0.06934	67.52	4.09	3.61
lcl|NC_072425.2_cds_XP_055129158.1_12297	45.31	54.69	0.03804	43.21	3.72	4.01
lcl|NC_072425.2_cds_XP_055129218.1_12358	55.43	44.57	-0.08341	59.93	4.25	3.94
lcl|NC_072425.2_cds_XP_055129232.1_12369	55.53	44.47	-0.05481	76.39	3.88	3.44
lcl|NC_072425.2_cds_XP_063491562.1_12401	57.18	42.82	0.05994	65.83	3.90	3.67
lcl|NC_072425.2_cds_XP_055129268.1_12427	61.86	38.14	-0.08630	79.70	4.48	3.42
lcl|NC_072425.2_cds_XP_055129288.1_12462	45.53	54.47	-0.05930	51.49	3.58	4.00
lcl|NC_072425.2_cds_XP_055129277.1_12469	48.04	51.96	-0.04508	43.84	3.95	4.01
lcl|NC_072425.2_cds_XP_063492626.1_12522	62.29	37.71	-0.01288	70.51	4.31	3.54
lcl|NC_072425.2_cds_XP_063492627.1_12539	65.41	34.59	-0.09650	76.52	4.65	3.40
lcl|NC_072425.2_cds_XP_063491621.1_12577	55.31	44.69	0.11995	64.50	3.98	3.68
lcl|NC_072425.2_cds_XP_055129403.1_12587	53.84	46.16	-0.03403	67.97	3.93	3.57
lcl|NC_072425.2_cds_XP_055129435.1_12632	61.78	38.22	-0.00498	73.26	4.47	3.61
lcl|NC_072425.2_cds_XP_063492655.1_12643	51.21	48.79	-0.06537	50.75	3.97	3.94
lcl|NC_072425.2_cds_XP_055129462.1_12671	45.11	54.89	0.06361	40.32	3.51	3.88
lcl|NC_072425.2_cds_XP_063492661.1_12676	58.59	41.41	-0.04597	74.24	4.39	3.78
lcl|NC_072425.2_cds_XP_055129478.1_12681	54.48	45.52	-0.01873	70.78	3.95	3.91
lcl|NC_072425.2_cds_XP_055129487.1_12688	52.29	47.71	0.02676	62.12	3.87	3.83
lcl|NC_072425.2_cds_XP_055129517.1_12726	55.89	44.11	-0.06516	71.79	4.28	3.48
lcl|NC_072425.2_cds_XP_055129570.1_12795	63.44	36.56	-0.00228	68.59	4.31	3.31
lcl|NC_072425.2_cds_XP_055129574.1_12799	62.14	37.86	-0.09551	67.08	4.10	3.91
lcl|NC_072425.2_cds_XP_055129584.1_12813	41.77	58.23	-0.00158	35.95	3.43	4.42
lcl|NC_072425.2_cds_XP_055129642.1_12885	47.51	52.49	-0.00055	43.32	3.58	3.92
lcl|NC_072425.2_cds_XP_055129687.1_12938	49.62	50.38	-0.06407	46.70	3.68	3.91
lcl|NC_072425.2_cds_XP_055129699.1_12951	54.12	45.88	-0.06316	55.09	3.80	3.74
lcl|NC_072425.2_cds_XP_055129707.1_12972	54.30	45.7	-0.06674	62.73	4.12	3.87
lcl|NC_072425.2_cds_XP_055129717.1_13000	61.49	38.51	0.00443	82.48	4.48	3.52
lcl|NC_072425.2_cds_XP_055129746.1_13014	64.53	35.47	0.01219	80.22	4.74	3.63
lcl|NC_072425.2_cds_XP_055126007.1_13015	63.97	36.03	-0.00274	80.55	4.44	3.64
lcl|NC_072425.2_cds_XP_055129758.1_13024	52.19	47.81	-0.01074	53.71	3.65	3.59
lcl|NC_072425.2_cds_XP_055129789.1_13062	63.11	36.89	-0.06363	72.61	4.46	3.49
lcl|NC_072425.2_cds_XP_055129800.1_13075	48.54	51.46	0.01970	55.10	3.71	3.95
lcl|NC_072426.2_cds_XP_055130062.1_13103	37.77	62.23	0.11869	32.55	3.31	4.33
lcl|NC_072426.2_cds_XP_055130064.1_13117	49.82	50.18	-0.10243	35.13	3.93	3.97
lcl|NC_072426.2_cds_XP_063493890.1_13179	41.74	58.26	0.02024	37.77	3.37	4.17
lcl|NC_072426.2_cds_XP_055130139.1_13194	39.39	60.61	0.11625	30.43	3.39	4.27
lcl|NC_072426.2_cds_XP_055130154.1_13215	37.40	62.6	0.04075	30.60	3.51	4.48
lcl|NC_072426.2_cds_XP_055130173.1_13227	41.69	58.31	0.08293	32.60	3.56	4.34
lcl|NC_072426.2_cds_XP_063493926.1_13248	40.98	59.02	0.12060	37.61	3.61	4.38
lcl|NC_072426.2_cds_XP_055130195.1_13255	37.74	62.26	0.07596	30.67	3.61	4.59
lcl|NC_072426.2_cds_XP_055130224.1_13293	34.83	65.17	0.11916	29.18	3.33	4.60
lcl|NC_072426.2_cds_XP_055130312.1_13382	44.80	55.2	0.05653	38.99	3.67	4.07
lcl|NC_072426.2_cds_XP_055130325.1_13401	50.60	49.4	0.00490	47.72	4.38	4.01
lcl|NC_072426.2_cds_XP_055130366.1_13432	44.71	55.29	-0.01362	39.65	3.67	4.11
lcl|NC_072426.2_cds_XP_055130398.1_13461	50.20	49.8	-0.07323	55.39	3.94	4.02
lcl|NC_072426.2_cds_XP_055130416.1_13477	39.63	60.37	0.00143	30.13	3.29	4.42
lcl|NC_072426.2_cds_XP_063493245.1_13489	44.71	55.29	0.05437	44.64	3.55	4.12
lcl|NC_072426.2_cds_XP_063493222.1_13520	39.98	60.02	0.12404	32.23	3.51	4.33
lcl|NC_072426.2_cds_XP_063493206.1_13529	49.98	50.02	-0.08600	49.93	3.77	3.76
lcl|NC_072426.2_cds_XP_063493212.1_13560	42.43	57.57	0.05913	39.87	3.71	4.37
lcl|NC_072426.2_cds_XP_055130449.1_13571	44.28	55.72	-0.06500	39.61	3.60	4.21
lcl|NC_072426.2_cds_XP_055130485.1_13580	41.91	58.09	0.06151	33.10	3.62	4.15
lcl|NC_072426.2_cds_XP_055130491.1_13591	47.37	52.63	0.03056	44.85	4.23	4.03
lcl|NC_072426.2_cds_XP_055130506.1_13607	55.63	44.37	0.13185	71.79	3.94	3.53
lcl|NC_072426.2_cds_XP_055130508.1_13609	53.29	46.71	0.11940	66.81	3.92	3.71
lcl|NC_072426.2_cds_XP_055130546.2_13649	53.33	46.67	-0.03592	63.16	3.77	3.97
lcl|NC_072426.2_cds_XP_063493170.1_13651	61.11	38.89	-0.04154	64.90	4.08	3.49
lcl|NC_072426.2_cds_XP_055130560.1_13670	62.58	37.42	0.00062	82.15	4.11	3.33
lcl|NC_072426.2_cds_XP_055130566.1_13675	62.56	37.44	-0.00912	74.33	4.18	3.40
lcl|NC_072426.2_cds_XP_055130572.1_13687	63.00	37	-0.05928	80.97	4.21	3.45
lcl|NC_072426.2_cds_XP_055130578.1_13692	58.52	41.48	-0.06064	77.01	4.14	3.31
lcl|NC_072426.2_cds_XP_055130614.1_13736	45.74	54.26	0.01389	43.00	3.66	4.16
lcl|NC_072426.2_cds_XP_055130618.1_13737	43.01	56.99	0.10678	31.19	3.50	4.23
lcl|NC_072426.2_cds_XP_055130621.1_13743	44.56	55.44	0.13051	38.22	3.71	4.10
lcl|NC_072426.2_cds_XP_055130637.1_13777	41.50	58.5	0.02681	31.94	3.39	4.15
lcl|NC_072426.2_cds_XP_055130651.1_13779	50.51	49.49	0.02076	62.26	4.22	4.02
lcl|NC_072426.2_cds_XP_055130688.1_13817	43.53	56.47	0.05245	44.86	3.60	4.22
lcl|NC_072426.2_cds_XP_055130678.1_13824	39.35	60.65	0.04259	30.45	3.28	4.31
lcl|NC_072426.2_cds_XP_055130674.1_13831	51.61	48.39	-0.05118	48.49	3.72	3.73
lcl|NC_072426.2_cds_XP_055130694.1_13834	47.42	52.58	-0.08770	44.97	3.52	3.89
lcl|NC_072426.2_cds_XP_055130704.1_13842	54.41	45.59	0.10490	53.20	4.14	3.93
lcl|NC_072426.2_cds_XP_055130705.1_13843	43.46	56.54	-0.04946	44.81	3.47	4.19
lcl|NC_072426.2_cds_XP_055130712.1_13851	42.65	57.35	-0.07252	43.41	3.48	4.18
lcl|NC_072426.2_cds_XP_055130762.1_13904	47.65	52.35	0.01187	43.81	3.66	3.81
lcl|NC_072426.2_cds_XP_055130800.1_13956	38.32	61.68	0.04326	32.26	3.31	4.32
lcl|NC_072426.2_cds_XP_055130822.1_13979	46.82	53.18	0.03995	48.30	3.61	4.16
lcl|NC_072426.2_cds_XP_055129953.1_14009	44.85	55.15	0.05663	46.76	3.81	4.30
lcl|NC_072426.2_cds_XP_055129957.1_14021	46.65	53.35	0.12530	42.27	3.51	4.15
lcl|NC_072426.2_cds_XP_055130872.1_14048	45.00	55	-0.11453	35.54	3.92	4.04
lcl|NC_072426.2_cds_XP_055130854.1_14049	50.97	49.03	-0.05380	53.06	3.83	3.86
lcl|NC_072426.2_cds_XP_055130886.1_14080	44.56	55.44	-0.02405	38.69	3.50	4.11
lcl|NC_072426.2_cds_XP_055130896.1_14092	52.11	47.89	-0.02683	57.98	4.06	3.89
lcl|NC_072426.2_cds_XP_055130901.1_14093	40.32	59.68	0.04179	38.59	3.49	4.35
lcl|NC_072426.2_cds_XP_055130934.1_14141	37.16	62.84	0.13186	31.52	3.75	4.52
lcl|NC_072426.2_cds_XP_055130944.1_14148	41.63	58.37	0.01630	35.97	3.80	4.28
lcl|NC_072426.2_cds_XP_055129962.1_14175	47.36	52.64	-0.01559	53.59	4.25	4.52
lcl|NC_072426.2_cds_XP_055130978.1_14184	43.80	56.2	0.11872	40.48	3.75	4.43
lcl|NC_072426.2_cds_XP_063493309.1_14231	53.18	46.82	0.03870	58.79	3.95	3.69
lcl|NC_072426.2_cds_XP_055131005.1_14232	56.29	43.71	0.03007	57.98	4.02	3.61
lcl|NC_072426.2_cds_XP_063493350.1_14258	47.99	52.01	-0.07329	47.48	3.58	3.99
lcl|NC_072426.2_cds_XP_063493401.1_14262	43.48	56.52	0.02857	34.69	3.53	4.07
lcl|NC_072426.2_cds_XP_055131053.1_14296	41.09	58.91	0.07280	35.42	3.51	4.31
lcl|NC_072426.2_cds_XP_055131051.1_14299	40.15	59.85	0.14040	34.75	3.46	4.26
lcl|NC_072426.2_cds_XP_055131060.1_14307	44.36	55.64	-0.00718	38.83	3.73	4.20
lcl|NC_072426.2_cds_XP_063493409.1_14308	36.31	63.69	0.03158	27.52	3.36	4.41
lcl|NC_072426.2_cds_XP_055131070.1_14315	49.13	50.87	0.02790	54.55	3.91	3.96
lcl|NC_072426.2_cds_XP_055131075.1_14346	49.05	50.95	0.07361	47.24	3.79	3.97
lcl|NC_072426.2_cds_XP_055131149.1_14429	41.24	58.76	0.05400	39.52	3.49	3.88
lcl|NC_072426.2_cds_XP_055131156.1_14448	40.94	59.06	0.07067	39.60	3.41	3.88
lcl|NC_072426.2_cds_XP_055131187.1_14466	46.12	53.88	0.15718	47.47	3.74	4.12
lcl|NC_072426.2_cds_XP_055131191.1_14474	60.15	39.85	-0.01392	76.77	4.36	3.67
lcl|NC_072426.2_cds_XP_055131235.1_14544	38.80	61.2	0.08185	33.44	3.40	4.49
lcl|NC_072426.2_cds_XP_055131279.1_14603	48.32	51.68	0.05364	46.37	3.74	3.92
lcl|NC_072426.2_cds_XP_055131307.1_14632	44.69	55.31	0.06107	40.53	3.66	4.07
lcl|NC_072426.2_cds_XP_055131325.1_14644	47.09	52.91	0.10100	47.09	3.60	4.02
lcl|NC_072426.2_cds_XP_055131328.1_14649	56.79	43.21	-0.06421	61.05	4.01	3.62
lcl|NC_072426.2_cds_XP_055131341.1_14668	55.55	44.45	-0.03447	66.56	3.77	3.63
lcl|NC_072426.2_cds_XP_055131382.2_14712	51.96	48.04	0.05720	55.65	3.79	3.85
lcl|NC_072426.2_cds_XP_055131399.1_14730	62.98	37.02	-0.02799	79.57	4.28	3.32
lcl|NC_072426.2_cds_XP_063494155.1_14739	38.47	61.53	0.06679	31.47	3.41	4.65
lcl|NC_072426.2_cds_XP_063494185.1_14784	53.42	46.58	-0.02966	63.01	3.82	4.06
lcl|NC_072426.2_cds_XP_055131435.2_14791	53.26	46.74	-0.03076	62.77	3.80	4.07
lcl|NC_072426.2_cds_XP_055131432.2_14795	53.26	46.74	-0.03076	62.77	3.80	4.07
lcl|NC_072426.2_cds_XP_055131439.1_14801	63.20	36.8	0.05928	78.15	4.59	3.52
lcl|NC_072426.2_cds_XP_055131457.1_14822	41.38	58.62	0.12382	35.42	3.53	4.24
lcl|NC_072426.2_cds_XP_055131460.1_14830	57.56	42.44	-0.03326	76.53	3.81	3.50
lcl|NC_072426.2_cds_XP_055131464.1_14837	40.77	59.23	-0.02595	32.96	3.50	4.31
lcl|NC_072426.2_cds_XP_055131471.1_14852	56.98	43.02	-0.07483	70.58	3.98	3.52
lcl|NC_072426.2_cds_XP_055131549.1_14935	61.73	38.27	-0.18854	75.70	4.42	3.66
lcl|NC_072426.2_cds_XP_055131568.1_14959	49.53	50.47	0.03532	58.95	3.67	4.09
lcl|NC_072426.2_cds_XP_055131562.1_14961	59.36	40.64	0.02252	75.57	4.22	3.56
lcl|NC_072426.2_cds_XP_063493554.1_14969	50.06	49.94	-0.02772	61.37	4.05	4.02
lcl|NC_072426.2_cds_XP_055131620.1_15063	48.20	51.8	-0.00367	49.28	3.63	4.04
lcl|NC_072426.2_cds_XP_055131654.1_15092	52.28	47.72	0.06966	52.51	3.85	3.99
lcl|NC_072426.2_cds_XP_055131701.1_15130	55.32	44.68	-0.08657	63.12	3.94	3.74
lcl|NC_072426.2_cds_XP_055131700.1_15143	59.79	40.21	-0.00322	60.55	4.16	3.49
lcl|NC_072426.2_cds_XP_055131705.1_15164	54.24	45.76	-0.07084	55.59	3.78	3.56
lcl|NC_072426.2_cds_XP_055131711.1_15167	63.13	36.87	-0.14132	60.16	4.57	3.55
lcl|NC_072426.2_cds_XP_055131720.1_15171	50.96	49.04	-0.01654	50.63	3.60	3.62
lcl|NC_072426.2_cds_XP_063493549.1_15280	54.23	45.77	-0.03994	63.80	3.95	3.94
lcl|NC_072426.2_cds_XP_055131822.1_15289	42.84	57.16	0.05611	37.86	3.37	4.17
lcl|NC_072426.2_cds_XP_055131848.1_15297	39.75	60.25	0.12263	34.48	3.57	4.21
lcl|NC_072426.2_cds_XP_055131831.1_15301	38.76	61.24	0.01151	30.79	3.46	4.40
lcl|NC_072426.2_cds_XP_055131827.1_15342	45.58	54.42	0.03111	37.38	4.55	4.26
lcl|NC_072426.2_cds_XP_063494257.1_15350	51.86	48.14	0.09363	61.19	3.70	3.75
lcl|NC_072426.2_cds_XP_055131895.1_15377	59.58	40.42	-0.01005	71.55	4.52	3.55
lcl|NC_072426.2_cds_XP_055131903.1_15387	44.63	55.37	0.00329	43.93	3.63	4.21
lcl|NC_072426.2_cds_XP_055131907.1_15412	38.52	61.48	0.14371	35.18	3.53	4.23
lcl|NC_072426.2_cds_XP_055131932.1_15423	55.82	44.18	-0.08311	59.49	4.01	3.71
lcl|NC_072426.2_cds_XP_055131951.1_15446	50.83	49.17	0.02588	61.01	3.95	3.94
lcl|NC_072426.2_cds_XP_063493704.1_15468	44.14	55.86	0.02556	43.79	3.58	4.06
lcl|NC_072426.2_cds_XP_055131978.1_15476	44.17	55.83	-0.00434	41.90	3.61	4.25
lcl|NC_072426.2_cds_XP_055131983.1_15482	41.37	58.63	0.12012	37.70	3.91	4.15
lcl|NC_072426.2_cds_XP_055131980.1_15483	51.53	48.47	-0.03901	57.78	3.91	3.78
lcl|NC_072426.2_cds_XP_055131986.1_15501	45.32	54.68	0.03562	37.13	3.87	3.96
lcl|NC_072426.2_cds_XP_055132014.1_15531	53.77	46.23	-0.08608	63.52	3.95	3.81
lcl|NC_072426.2_cds_XP_063494319.1_15570	42.36	57.64	0.12372	39.24	3.72	4.15
lcl|NC_072426.2_cds_XP_055132042.1_15587	46.68	53.32	-0.05993	45.60	3.66	4.12
lcl|NC_072426.2_cds_XP_055132065.1_15603	42.91	57.09	0.04881	37.66	3.46	4.10
lcl|NC_072426.2_cds_XP_055132066.1_15612	47.33	52.67	-0.05222	39.11	3.70	4.17
lcl|NC_072426.2_cds_XP_055132090.1_15620	51.70	48.3	-0.03782	60.77	3.76	3.67
lcl|NC_072426.2_cds_XP_055132127.1_15659	56.53	43.47	-0.03586	60.56	4.18	4.05
lcl|NC_072426.2_cds_XP_055132134.1_15676	45.73	54.27	-0.02353	47.24	3.78	4.19
lcl|NC_072426.2_cds_XP_063494366.1_15695	49.16	50.84	-0.01530	49.87	4.03	4.05
lcl|NC_072426.2_cds_XP_055130032.1_15707	47.99	52.01	0.10971	44.43	3.54	3.93
lcl|NC_072426.2_cds_XP_055132206.1_15748	44.49	55.51	0.13455	46.78	3.75	4.03
lcl|NC_072426.2_cds_XP_055132251.1_15781	49.99	50.01	0.05371	50.81	3.68	3.88
lcl|NC_072426.2_cds_XP_055132237.1_15787	45.36	54.64	0.03454	43.30	3.63	4.00
lcl|NC_072426.2_cds_XP_055132266.1_15805	41.98	58.02	0.07491	40.80	3.28	4.33
lcl|NC_072426.2_cds_XP_055132307.1_15853	44.77	55.23	0.11307	41.91	3.71	3.87
lcl|NC_072426.2_cds_XP_063494432.1_15868	39.44	60.56	0.06373	37.47	3.47	4.35
lcl|NC_072426.2_cds_XP_055132326.1_15881	39.11	60.89	0.09082	37.18	3.34	4.43
lcl|NC_072426.2_cds_XP_055132336.1_15884	54.26	45.74	-0.10224	54.79	4.32	3.81
lcl|NC_072426.2_cds_XP_055132341.1_15890	54.48	45.52	-0.03841	51.35	3.92	3.89
lcl|NC_072426.2_cds_XP_063494441.1_15924	39.51	60.49	0.15234	29.71	3.41	4.27
lcl|NC_072426.2_cds_XP_055132362.1_15938	43.52	56.48	0.10424	39.68	3.45	4.29
lcl|NC_072426.2_cds_XP_063494513.1_16019	43.67	56.33	0.03755	41.76	3.50	4.28
lcl|NC_072426.2_cds_XP_055132419.1_16031	40.64	59.36	0.07998	31.14	3.48	4.43
lcl|NC_072426.2_cds_XP_055132455.1_16067	48.91	51.09	0.03155	52.13	3.97	4.01
lcl|NC_072426.2_cds_XP_055132468.1_16085	47.90	52.1	0.06003	49.14	3.64	4.04
lcl|NC_072426.2_cds_XP_055132481.1_16096	42.97	57.03	0.03830	41.27	3.65	4.20
lcl|NC_072426.2_cds_XP_063493733.1_16102	55.09	44.91	-0.05180	63.14	4.15	3.87
lcl|NC_072426.2_cds_XP_063494540.1_16121	41.15	58.85	0.08981	33.48	4.06	4.45
lcl|NC_072426.2_cds_XP_063493867.1_16123	40.80	59.2	0.10105	33.05	4.02	4.57
lcl|NC_072426.2_cds_XP_055132524.1_16223	47.93	52.07	0.08384	51.88	4.92	4.19
lcl|NC_072426.2_cds_XP_063493737.1_16259	34.01	65.99	0.01661	29.49	3.33	4.58
lcl|NC_072426.2_cds_XP_055132595.1_16277	51.72	48.28	-0.08713	54.07	3.94	3.88
lcl|NC_072426.2_cds_XP_055132609.1_16292	40.44	59.56	-0.07428	44.95	3.43	4.34
lcl|NC_072426.2_cds_XP_055132634.1_16320	46.33	53.67	0.02324	46.27	3.70	4.01
lcl|NC_072426.2_cds_XP_055130051.2_16344	41.23	58.77	0.01824	36.10	3.48	4.30
lcl|NC_072427.2_cds_XP_055133015.2_16362	58.56	41.44	0.02558	69.46	4.62	3.86
lcl|NC_072427.2_cds_XP_055133021.1_16374	57.47	42.53	-0.01726	73.86	4.09	3.86
lcl|NC_072427.2_cds_XP_055133041.2_16401	61.92	38.08	0.01277	75.18	4.86	3.69
lcl|NC_072427.2_cds_XP_055133062.2_16447	57.32	42.68	0.14520	61.68	4.44	3.65
lcl|NC_072427.2_cds_XP_055133066.2_16451	54.79	45.21	-0.00754	71.72	4.16	3.76
lcl|NC_072427.2_cds_XP_055133095.1_16460	46.65	53.35	0.06589	52.56	3.77	4.18
lcl|NC_072427.2_cds_XP_063496142.1_16482	45.93	54.07	0.11700	47.28	3.60	4.20
lcl|NC_072427.2_cds_XP_055133140.2_16539	59.26	40.74	0.09762	73.76	4.29	3.46
lcl|NC_072427.2_cds_XP_055133144.2_16560	59.01	40.99	-0.06340	74.40	4.08	3.48
lcl|NC_072427.2_cds_XP_055133160.2_16583	39.75	60.25	0.01715	34.56	3.47	4.37
lcl|NC_072427.2_cds_XP_055133173.1_16592	45.76	54.24	0.06591	50.72	3.58	4.18
lcl|NC_072427.2_cds_XP_055133175.1_16614	61.16	38.84	-0.05113	76.84	4.28	3.46
lcl|NC_072427.2_cds_XP_055133220.2_16634	57.06	42.94	-0.09234	80.58	4.08	3.71
lcl|NC_072427.2_cds_XP_055133216.2_16649	65.82	34.18	0.10483	83.10	4.79	3.50
lcl|NC_072427.2_cds_XP_063496187.1_16656	51.53	48.47	-0.03287	51.55	4.03	3.96
lcl|NC_072427.2_cds_XP_055133242.2_16659	60.47	39.53	0.03356	73.38	4.35	3.59
lcl|NC_072427.2_cds_XP_055133232.2_16676	43.29	56.71	0.04153	45.77	3.49	4.04
lcl|NC_072427.2_cds_XP_055133262.2_16704	57.22	42.78	0.00856	55.27	3.96	3.51
lcl|NC_072427.2_cds_XP_055133298.2_16743	54.22	45.78	-0.01493	69.25	3.75	3.70
lcl|NC_072427.2_cds_XP_055133308.2_16752	51.93	48.07	-0.00915	59.63	3.48	3.84
lcl|NC_072427.2_cds_XP_063494663.1_16766	48.97	51.03	0.07810	48.28	3.67	3.83
lcl|NC_072427.2_cds_XP_063494676.1_16786	56.60	43.4	-0.06544	62.94	3.93	3.65
lcl|NC_072427.2_cds_XP_055133315.2_16791	61.04	38.96	0.05470	66.00	4.24	3.49
lcl|NC_072427.2_cds_XP_055133359.1_16812	57.02	42.98	-0.00477	70.69	4.19	3.56
lcl|NC_072427.2_cds_XP_055133389.1_16842	51.39	48.61	-0.05476	58.19	3.87	3.77
lcl|NC_072427.2_cds_XP_055133409.2_16851	50.32	49.68	0.04699	50.18	3.70	4.00
lcl|NC_072427.2_cds_XP_055133416.1_16863	44.84	55.16	0.07162	41.75	3.56	4.21
lcl|NC_072427.2_cds_XP_055133434.2_16870	50.95	49.05	-0.02793	61.31	3.68	3.93
lcl|NC_072427.2_cds_XP_055133435.2_16878	55.14	44.86	-0.06213	58.36	3.77	3.78
lcl|NC_072427.2_cds_XP_063494697.1_16890	53.11	46.89	0.01078	65.50	3.93	3.72
lcl|NC_072427.2_cds_XP_055133491.1_16931	52.42	47.58	-0.05825	65.21	3.77	4.02
lcl|NC_072427.2_cds_XP_055133500.2_16942	54.70	45.3	-0.05137	73.50	4.00	3.78
lcl|NC_072427.2_cds_XP_055133517.1_16955	65.82	34.18	-0.04113	76.94	4.54	3.28
lcl|NC_072427.2_cds_XP_055133526.1_16984	40.55	59.45	0.09029	29.84	3.43	4.34
lcl|NC_072427.2_cds_XP_055133567.2_17010	53.83	46.17	0.06675	64.17	4.53	4.08
lcl|NC_072427.2_cds_XP_063494734.1_17028	47.85	52.15	-0.04944	46.54	3.61	3.85
lcl|NC_072427.2_cds_XP_055133617.2_17063	43.68	56.32	0.05564	38.33	3.60	4.16
lcl|NC_072427.2_cds_XP_055133669.2_17124	64.21	35.79	-0.04492	74.47	4.33	3.39
lcl|NC_072427.2_cds_XP_055133672.1_17139	48.59	51.41	0.00808	50.86	3.73	3.98
lcl|NC_072427.2_cds_XP_055133680.2_17150	61.41	38.59	-0.00872	74.01	4.10	3.38
lcl|NC_072427.2_cds_XP_055133714.2_17178	63.72	36.28	-0.14881	66.31	4.07	3.37
lcl|NC_072427.2_cds_XP_055133785.1_17278	64.48	35.52	-0.04444	80.09	4.50	3.34
lcl|NC_072427.2_cds_XP_055133828.2_17325	65.64	34.36	-0.13179	81.76	4.84	3.62
lcl|NC_072427.2_cds_XP_055133819.1_17333	48.22	51.78	-0.05504	44.53	3.78	4.11
lcl|NC_072427.2_cds_XP_063496246.1_17355	56.37	43.63	0.13294	67.11	3.88	3.68
lcl|NC_072427.2_cds_XP_055133861.1_17385	42.44	57.56	0.04317	40.18	3.54	4.18
lcl|NC_072427.2_cds_XP_055133890.1_17391	59.54	40.46	0.01866	71.18	4.27	3.48
lcl|NC_072427.2_cds_XP_055133906.2_17404	39.61	60.39	0.18505	38.62	3.77	4.31
lcl|NC_072427.2_cds_XP_055133941.1_17450	42.91	57.09	0.09482	38.36	3.32	4.05
lcl|NC_072427.2_cds_XP_063494882.1_17473	57.10	42.9	-0.02945	75.35	4.07	3.59
lcl|NC_072427.2_cds_XP_055133977.1_17489	66.36	33.64	-0.01093	74.09	5.38	3.66
lcl|NC_072427.2_cds_XP_055133987.2_17507	44.79	55.21	-0.03956	48.30	3.58	4.15
lcl|NC_072427.2_cds_XP_063494951.1_17592	45.68	54.32	0.06394	45.80	3.67	4.08
lcl|NC_072427.2_cds_XP_055134014.2_17595	60.16	39.84	-0.06109	68.79	4.05	3.59
lcl|NC_072427.2_cds_XP_063494918.1_17626	40.09	59.91	0.01176	31.92	3.60	4.27
lcl|NC_072427.2_cds_XP_055134070.2_17639	51.66	48.34	0.02235	56.88	3.68	3.71
lcl|NC_072427.2_cds_XP_055134071.1_17664	41.27	58.73	0.07457	35.60	3.54	4.40
lcl|NC_072427.2_cds_XP_063494926.1_17672	63.24	36.76	-0.03586	73.42	4.32	3.46
lcl|NC_072427.2_cds_XP_063494927.1_17684	56.23	43.77	0.03752	66.50	3.80	3.53
lcl|NC_072427.2_cds_XP_055134138.1_17731	53.75	46.25	-0.00307	56.09	3.88	3.66
lcl|NC_072427.2_cds_XP_055134178.2_17774	47.30	52.7	0.08249	41.25	3.55	3.91
lcl|NC_072427.2_cds_XP_055134244.1_17845	55.11	44.89	0.03949	61.85	3.88	3.71
lcl|NC_072427.2_cds_XP_055134250.2_17850	39.63	60.37	0.07527	35.26	3.44	4.42
lcl|NC_072427.2_cds_XP_055134259.1_17866	38.52	61.48	0.01585	30.93	3.47	4.61
lcl|NC_072427.2_cds_XP_055134293.1_17895	48.36	51.64	0.05531	58.07	3.78	4.11
lcl|NC_072427.2_cds_XP_055134303.2_17912	46.25	53.75	-0.07968	33.76	3.63	3.93
lcl|NC_072427.2_cds_XP_055134313.1_17932	44.77	55.23	0.21583	34.40	3.67	4.09
lcl|NC_072427.2_cds_XP_055134380.2_17984	63.37	36.63	-0.15799	64.57	4.40	3.77
lcl|NC_072427.2_cds_XP_055134383.1_17986	54.73	45.27	-0.19624	51.59	4.03	3.89
lcl|NC_072427.2_cds_XP_063496290.1_18009	39.35	60.65	0.11412	36.87	3.42	4.32
lcl|NC_072427.2_cds_XP_063496289.1_18013	57.60	42.4	-0.01748	73.14	4.13	3.74
lcl|NC_072427.2_cds_XP_055134450.1_18033	54.43	45.57	0.02628	63.89	3.99	3.99
lcl|NC_072427.2_cds_XP_055134453.2_18037	53.84	46.16	0.07417	58.76	3.95	3.88
lcl|NC_072427.2_cds_XP_055134469.1_18059	45.81	54.19	-0.03556	35.93	3.72	4.07
lcl|NC_072427.2_cds_XP_055134509.2_18106	66.17	33.83	0.04194	81.75	5.48	3.63
lcl|NC_072427.2_cds_XP_055134518.2_18117	49.02	50.98	0.05230	59.39	3.85	3.89
lcl|NC_072427.2_cds_XP_055134521.2_18126	47.56	52.44	0.06409	48.48	3.87	4.18
lcl|NC_072427.2_cds_XP_055134545.1_18146	39.19	60.81	0.05482	30.47	3.58	4.22
lcl|NC_072427.2_cds_XP_055134552.2_18156	51.18	48.82	-0.02279	52.41	3.88	3.96
lcl|NC_072427.2_cds_XP_055134563.2_18171	49.99	50.01	0.04518	59.36	3.79	3.85
lcl|NC_072427.2_cds_XP_055134570.1_18197	48.13	51.87	0.00963	51.78	3.73	3.87
lcl|NC_072427.2_cds_XP_063495130.1_18204	54.75	45.25	0.03199	49.78	3.86	3.58
lcl|NC_072427.2_cds_XP_055134592.1_18216	41.81	58.19	0.01073	38.36	3.57	4.20
lcl|NC_072427.2_cds_XP_055134634.2_18256	54.65	45.35	0.00625	64.22	3.91	3.46
lcl|NC_072427.2_cds_XP_055134643.1_18264	47.47	52.53	0.04340	50.85	4.08	4.08
lcl|NC_072427.2_cds_XP_055134651.1_18275	43.41	56.59	0.04133	39.09	3.43	4.12
lcl|NC_072427.2_cds_XP_055134657.1_18298	57.28	42.72	0.04220	75.72	4.25	3.58
lcl|NC_072427.2_cds_XP_063496355.1_18303	64.62	35.38	-0.10580	77.35	4.37	3.33
lcl|NC_072427.2_cds_XP_055134713.1_18340	37.12	62.88	0.04496	32.11	3.35	4.42
lcl|NC_072427.2_cds_XP_055134733.1_18369	61.29	38.71	0.00279	75.26	4.32	3.41
lcl|NC_072427.2_cds_XP_055134729.1_18374	47.72	52.28	0.03454	50.42	3.67	3.94
lcl|NC_072427.2_cds_XP_055134772.2_18443	64.32	35.68	0.06471	73.44	4.84	3.52
lcl|NC_072427.2_cds_XP_063495248.1_18446	59.97	40.03	-0.05718	65.29	3.95	3.50
lcl|NC_072427.2_cds_XP_055134782.1_18449	59.13	40.87	0.03283	67.64	4.04	3.51
lcl|NC_072427.2_cds_XP_055134786.1_18452	44.20	55.8	0.02660	37.70	3.46	3.96
lcl|NC_072427.2_cds_XP_055134812.1_18485	58.13	41.87	-0.02195	64.49	4.00	3.63
lcl|NC_072427.2_cds_XP_055136290.2_18525	43.07	56.93	0.08393	45.67	3.57	4.20
lcl|NC_072427.2_cds_XP_055136255.2_18561	45.07	54.93	0.11698	44.74	3.62	3.91
lcl|NC_072427.2_cds_XP_063496404.1_18607	44.72	55.28	0.06842	40.86	3.57	4.25
lcl|NC_072427.2_cds_XP_055136216.1_18613	51.35	48.65	-0.00997	60.18	4.11	3.87
lcl|NC_072427.2_cds_XP_055136213.2_18615	41.90	58.1	0.06766	40.00	3.45	4.28
lcl|NC_072427.2_cds_XP_055136188.1_18627	44.89	55.11	-0.04083	39.61	3.49	4.06
lcl|NC_072427.2_cds_XP_055136138.2_18724	53.82	46.18	-0.01124	61.68	3.91	3.84
lcl|NC_072427.2_cds_XP_055136126.2_18741	47.23	52.77	0.04018	45.44	3.99	3.90
lcl|NC_072427.2_cds_XP_055136097.1_18766	50.66	49.34	0.07437	59.54	3.86	4.00
lcl|NC_072427.2_cds_XP_055136091.2_18782	39.10	60.9	-0.03361	32.11	3.35	4.23
lcl|NC_072427.2_cds_XP_055136069.2_18807	45.22	54.78	-0.00732	47.33	3.52	4.08
lcl|NC_072427.2_cds_XP_063496481.1_18847	57.89	42.11	0.01055	66.20	4.08	3.63
lcl|NC_072427.2_cds_XP_055136002.2_18866	55.75	44.25	0.11264	63.50	4.10	3.94
lcl|NC_072427.2_cds_XP_055136009.1_18893	53.49	46.51	0.04184	58.61	3.83	3.92
lcl|NC_072427.2_cds_XP_055136001.2_18906	65.42	34.58	0.02697	80.20	4.53	3.22
lcl|NC_072427.2_cds_XP_055136000.2_18907	64.69	35.31	0.05558	78.13	4.67	3.64
lcl|NC_072427.2_cds_XP_055135927.2_18977	68.45	31.55	-0.03550	71.47	4.84	3.33
lcl|NC_072427.2_cds_XP_063496576.1_19050	60.89	39.11	-0.00247	84.54	4.36	3.46
lcl|NC_072427.2_cds_XP_055135840.2_19076	57.37	42.63	0.04189	72.73	4.17	3.89
lcl|NC_072427.2_cds_XP_063496584.1_19078	51.50	48.5	-0.02196	61.45	3.90	3.94
lcl|NC_072427.2_cds_XP_063495300.1_19212	60.10	39.9	-0.04173	74.08	4.07	3.62
lcl|NC_072427.2_cds_XP_055135745.2_19213	46.49	53.51	-0.05376	45.55	3.76	4.07
lcl|NC_072427.2_cds_XP_055135734.1_19223	58.62	41.38	0.01007	78.50	4.15	3.67
lcl|NC_072427.2_cds_XP_055135712.1_19267	52.78	47.22	-0.03387	61.80	3.91	3.88
lcl|NC_072427.2_cds_XP_055135687.2_19292	40.37	59.63	0.12242	31.12	3.59	4.37
lcl|NC_072427.2_cds_XP_055135628.2_19346	41.02	58.98	0.05354	37.21	3.59	4.36
lcl|NC_072427.2_cds_XP_055135642.2_19367	52.78	47.22	0.03179	60.53	4.18	3.87
lcl|NC_072427.2_cds_XP_055135617.2_19381	40.39	59.61	0.11853	36.38	3.51	4.34
lcl|NC_072427.2_cds_XP_055135612.2_19385	52.24	47.76	-0.02748	63.46	3.88	3.95
lcl|NC_072427.2_cds_XP_063495385.1_19434	48.51	51.49	0.03033	50.29	3.80	3.99
lcl|NC_072427.2_cds_XP_055135504.1_19446	48.28	51.72	0.01995	41.68	3.67	3.94
lcl|NC_072427.2_cds_XP_055135512.1_19452	46.82	53.18	0.08873	39.17	3.66	4.04
lcl|NC_072427.2_cds_XP_055135496.2_19517	42.88	57.12	0.12108	38.45	4.83	4.26
lcl|NC_072427.2_cds_XP_055135474.2_19519	45.01	54.99	0.03341	36.03	3.76	4.07
lcl|NC_072427.2_cds_XP_055135460.2_19548	55.22	44.78	0.01329	68.12	4.06	4.12
lcl|NC_072427.2_cds_XP_055135447.1_19558	49.77	50.23	-0.10152	36.06	3.74	4.02
lcl|NC_072427.2_cds_XP_055135426.2_19570	53.62	46.38	0.03007	62.63	3.98	3.95
lcl|NC_072427.2_cds_XP_055135395.1_19633	46.63	53.37	0.00978	54.74	3.84	4.06
lcl|NC_072427.2_cds_XP_063496706.1_19658	38.54	61.46	0.10887	32.75	3.33	4.35
lcl|NC_072427.2_cds_XP_055135361.2_19671	39.86	60.14	0.04982	35.85	3.52	4.33
lcl|NC_072427.2_cds_XP_055135359.2_19677	57.66	42.34	0.01363	65.59	4.49	3.86
lcl|NC_072427.2_cds_XP_055135358.1_19678	54.65	45.35	0.05608	59.71	4.19	3.70
lcl|NC_072427.2_cds_XP_055135315.2_19726	42.16	57.84	0.09767	37.41	3.62	4.18
lcl|NC_072427.2_cds_XP_055135304.1_19734	41.21	58.79	0.06265	35.49	3.39	4.39
lcl|NC_072427.2_cds_XP_055135285.1_19762	40.47	59.53	0.10607	35.44	3.47	4.23
lcl|NC_072427.2_cds_XP_055135279.1_19765	41.82	58.18	0.00138	35.89	3.37	4.11
lcl|NC_072427.2_cds_XP_063495464.1_19780	52.01	47.99	0.12672	61.00	3.78	3.86
lcl|NC_072427.2_cds_XP_055135227.2_19804	36.87	63.13	-0.03506	28.27	3.29	4.45
lcl|NC_072427.2_cds_XP_063495456.1_19826	46.35	53.65	-0.11371	40.79	3.63	3.89
lcl|NC_072427.2_cds_XP_055135210.2_19837	41.29	58.71	0.01651	34.09	3.36	4.24
lcl|NC_072427.2_cds_XP_055135180.1_19842	46.43	53.57	-0.02247	42.00	3.73	4.19
lcl|NC_072427.2_cds_XP_055135174.2_19884	41.49	58.51	0.06628	39.22	3.50	4.18
lcl|NC_072427.2_cds_XP_055135168.2_19887	42.30	57.7	0.07163	39.27	3.40	4.30
lcl|NC_072427.2_cds_XP_055135162.2_19905	38.68	61.32	-0.02145	31.24	3.67	4.38
lcl|NC_072427.2_cds_XP_055135149.1_19920	45.58	54.42	0.03800	51.02	3.66	3.93
lcl|NC_072427.2_cds_XP_055135142.2_19922	45.46	54.54	0.05932	54.45	3.63	4.07
lcl|NC_072427.2_cds_XP_055135098.1_19955	41.15	58.85	0.03014	31.59	3.48	4.24
lcl|NC_072427.2_cds_XP_063495521.1_19976	39.63	60.37	0.04804	35.06	3.71	4.39
lcl|NC_072427.2_cds_XP_055135060.1_19999	38.59	61.41	0.07602	31.30	3.39	4.42
lcl|NC_072427.2_cds_XP_055135070.2_20012	40.40	59.6	0.04354	32.65	3.49	4.21
lcl|NC_072427.2_cds_XP_055135046.2_20033	41.63	58.37	0.06174	43.00	3.44	4.32
lcl|NC_072427.2_cds_XP_063496763.1_20069	43.40	56.6	0.00342	37.34	3.36	4.19
lcl|NC_072427.2_cds_XP_063496777.1_20073	42.94	57.06	0.09251	41.54	3.86	4.28
lcl|NC_072427.2_cds_XP_055135009.2_20075	49.47	50.53	0.07854	48.95	3.92	3.80
lcl|NC_072427.2_cds_XP_055134996.2_20088	44.52	55.48	0.05786	45.91	3.60	4.06
lcl|NC_072427.2_cds_XP_055134984.2_20106	46.30	53.7	-0.07815	45.63	3.54	3.99
lcl|NC_072427.2_cds_XP_055134944.1_20153	60.07	39.93	-0.04183	78.41	4.26	3.49
lcl|NC_072427.2_cds_XP_055134942.2_20159	58.73	41.27	-0.03509	75.02	4.19	3.51
lcl|NC_072427.2_cds_XP_055132742.2_20195	44.49	55.51	0.01698	47.67	3.78	4.34
lcl|NC_072427.2_cds_XP_063495557.1_20237	59.88	40.12	-0.06880	63.41	3.93	3.43
lcl|NC_072427.2_cds_XP_063495546.1_20252	59.22	40.78	-0.04913	61.66	3.93	3.48
lcl|NC_072427.2_cds_XP_055132759.2_20267	53.51	46.49	-0.00079	57.55	3.63	3.64
lcl|NC_072427.2_cds_XP_055134939.1_20287	55.85	44.15	-0.00883	56.30	3.92	3.54
lcl|NC_072427.2_cds_XP_055134909.1_20289	48.06	51.94	0.06143	42.46	3.59	3.75
lcl|NC_072427.2_cds_XP_055134918.1_20302	50.49	49.51	0.10526	50.06	3.72	3.79
lcl|NC_072427.2_cds_XP_055134875.2_20344	41.83	58.17	0.07195	38.74	3.35	4.21
lcl|NC_072427.2_cds_XP_055134878.1_20346	47.01	52.99	-0.00056	41.82	3.44	3.98
lcl|NC_072427.2_cds_XP_055134830.2_20355	61.41	38.59	0.00570	69.12	4.43	3.51
lcl|NC_072427.2_cds_XP_055134824.2_20361	51.95	48.05	-0.00504	52.15	3.60	3.78
lcl|NC_072427.2_cds_XP_055134826.2_20380	44.75	55.25	0.02734	39.43	3.52	4.10
lcl|NC_072427.2_cds_XP_055134836.1_20399	46.30	53.7	0.04327	48.09	3.47	3.99
lcl|NC_072427.2_cds_XP_055134821.1_20416	49.04	50.96	-0.00690	60.20	3.61	3.71
lcl|NC_072427.2_cds_XP_055132912.1_20418	60.00	40	-0.00654	74.71	4.00	3.38
lcl|NC_072427.2_cds_XP_055132909.1_20420	55.54	44.46	-0.04006	71.92	3.79	3.62
lcl|NC_072427.2_cds_XP_063495666.1_20444	41.90	58.1	0.04654	41.29	3.47	4.30
lcl|NC_072427.2_cds_XP_055136353.2_20483	42.00	58	0.01849	33.42	3.50	4.37
lcl|NC_072427.2_cds_XP_063495688.1_20501	43.04	56.96	0.01900	42.41	3.49	4.11
lcl|NC_072427.2_cds_XP_063496823.1_20520	54.35	45.65	-0.12198	53.99	3.74	3.77
lcl|NC_072427.2_cds_XP_055136416.2_20535	51.78	48.22	0.00161	51.50	4.32	4.00
lcl|NC_072427.2_cds_XP_055136434.2_20582	43.63	56.37	0.02854	39.22	3.71	4.15
lcl|NC_072427.2_cds_XP_055136475.2_20604	39.50	60.5	-0.01589	36.65	3.36	4.44
lcl|NC_072427.2_cds_XP_055136504.1_20642	45.23	54.77	0.03795	39.76	3.66	4.06
lcl|NC_072427.2_cds_XP_055136507.1_20649	43.80	56.2	-0.01939	45.60	3.54	4.42
lcl|NC_072427.2_cds_XP_055136518.2_20671	44.72	55.28	0.03539	52.23	3.58	4.07
lcl|NC_072427.2_cds_XP_055136510.1_20675	44.20	55.8	-0.06486	30.73	3.44	4.11
lcl|NC_072427.2_cds_XP_055136549.1_20681	54.01	45.99	-0.03159	70.44	3.94	3.62
lcl|NC_072427.2_cds_XP_055136590.1_20725	46.38	53.62	0.05985	42.98	3.60	4.03
lcl|NC_072427.2_cds_XP_055136626.1_20761	62.80	37.2	-0.05865	80.66	4.64	3.69
lcl|NC_072427.2_cds_XP_063496869.1_20852	41.63	58.37	0.01766	41.21	3.40	4.05
lcl|NC_072427.2_cds_XP_055136693.2_20855	57.64	42.36	0.08304	68.21	4.05	3.61
lcl|NC_072427.2_cds_XP_063496870.1_20865	41.82	58.18	-0.01313	41.73	3.29	4.10
lcl|NC_072427.2_cds_XP_055136704.2_20870	47.90	52.1	-0.03707	51.11	3.47	3.91
lcl|NC_072427.2_cds_XP_055136703.2_20871	49.40	50.6	-0.03019	54.37	3.56	3.80
lcl|NC_072427.2_cds_XP_055136707.1_20879	56.25	43.75	-0.10157	55.93	3.77	3.62
lcl|NC_072427.2_cds_XP_055136706.2_20883	49.67	50.33	-0.00092	55.53	3.62	3.76
lcl|NC_072427.2_cds_XP_055136762.1_20939	49.21	50.79	0.18267	43.91	3.52	3.80
lcl|NC_072427.2_cds_XP_055136770.2_20944	49.77	50.23	0.19762	46.99	3.56	3.91
lcl|NC_072427.2_cds_XP_055136791.2_20990	58.96	41.04	-0.00583	73.07	4.09	3.32
lcl|NC_072427.2_cds_XP_055136813.1_21021	63.15	36.85	-0.20267	61.69	4.32	3.32
lcl|NC_072427.2_cds_XP_055136844.1_21049	57.20	42.8	0.02442	72.29	4.17	3.46
lcl|NC_072427.2_cds_XP_063495845.1_21119	50.79	49.21	0.09459	56.45	3.87	3.86
lcl|NC_072427.2_cds_XP_055136916.1_21135	54.89	45.11	0.02943	61.47	4.00	3.57
lcl|NC_072427.2_cds_XP_063495856.1_21152	52.82	47.18	0.00315	58.30	3.80	3.68
lcl|NC_072427.2_cds_XP_055136943.2_21181	57.96	42.04	-0.05772	75.68	4.28	3.79
lcl|NC_072427.2_cds_XP_055136942.2_21207	58.62	41.38	0.01637	73.03	4.05	3.49
lcl|NC_072427.2_cds_XP_055136987.2_21208	51.46	48.54	0.00810	64.38	4.01	3.68
lcl|NC_072427.2_cds_XP_055137004.1_21225	47.73	52.27	0.04065	51.22	3.63	3.60
lcl|NC_072427.2_cds_XP_055137081.2_21335	56.21	43.79	-0.04797	74.65	4.20	3.79
lcl|NC_072427.2_cds_XP_063495924.1_21343	56.32	43.68	0.03392	73.22	4.04	3.77
lcl|NC_072427.2_cds_XP_055137135.2_21391	47.45	52.55	0.15220	52.01	3.59	3.77
lcl|NC_072427.2_cds_XP_063495891.1_21444	49.54	50.46	-0.10151	40.67	3.82	3.86
lcl|NC_072427.2_cds_XP_055137168.2_21451	59.72	40.28	0.01614	74.98	4.09	3.51
lcl|NC_072427.2_cds_XP_055137164.1_21458	46.24	53.76	0.11850	44.00	3.72	3.89
lcl|NC_072427.2_cds_XP_055137183.2_21474	65.82	34.18	-0.06501	84.38	4.85	3.50
lcl|NC_072428.2_cds_XP_055137508.1_21495	51.28	48.72	-0.00887	55.64	4.13	3.90
lcl|NC_072428.2_cds_XP_055137511.1_21499	45.51	54.49	0.04791	43.77	3.79	4.07
lcl|NC_072428.2_cds_XP_055137512.1_21500	48.42	51.58	0.00391	37.69	3.99	4.05
lcl|NC_072428.2_cds_XP_055137514.1_21502	44.31	55.69	-0.06213	47.51	3.49	4.23
lcl|NC_072428.2_cds_XP_063496930.1_21571	61.47	38.53	0.03609	76.90	4.23	3.45
lcl|NC_072428.2_cds_XP_055137584.1_21612	53.46	46.54	0.01435	60.69	3.88	3.67
lcl|NC_072428.2_cds_XP_055137659.1_21655	57.49	42.51	0.01917	68.73	4.03	3.43
lcl|NC_072428.2_cds_XP_055137658.1_21656	44.57	55.43	0.05999	43.55	3.45	4.03
lcl|NC_072428.2_cds_XP_055137680.1_21718	57.58	42.42	-0.07047	62.10	3.85	3.63
lcl|NC_072428.2_cds_XP_055137691.1_21755	64.20	35.8	-0.04905	79.66	4.59	3.49
lcl|NC_072428.2_cds_XP_055137800.1_21837	57.36	42.64	0.00148	76.40	3.99	3.79
lcl|NC_072428.2_cds_XP_055137839.1_21892	46.18	53.82	0.00421	46.46	3.60	4.00
lcl|NC_072428.2_cds_XP_063497046.1_21919	48.74	51.26	0.02839	55.94	3.60	3.89
lcl|NC_072428.2_cds_XP_055137926.1_21983	62.83	37.17	-0.02792	83.63	4.62	3.76
lcl|NC_072428.2_cds_XP_055137925.1_21984	50.65	49.35	0.02502	59.36	3.74	3.85
lcl|NC_072428.2_cds_XP_055137940.1_22007	54.98	45.02	-0.12074	57.66	4.06	3.70
lcl|NC_072428.2_cds_XP_063497086.1_22021	43.78	56.22	-0.00438	36.76	3.49	4.16
lcl|NC_072428.2_cds_XP_055137964.1_22037	41.70	58.3	-0.10941	31.41	3.90	4.29
lcl|NC_072428.2_cds_XP_055137975.1_22043	32.99	67.01	0.07116	27.53	3.16	4.71
lcl|NC_072428.2_cds_XP_055138044.1_22122	37.63	62.37	0.01084	30.81	3.27	4.25
lcl|NC_072428.2_cds_XP_055138050.1_22143	44.68	55.32	-0.02978	44.54	3.88	4.23
lcl|NC_072428.2_cds_XP_055138080.1_22157	42.15	57.85	0.01895	45.16	3.54	4.32
lcl|NC_072428.2_cds_XP_063497975.1_22191	39.96	60.04	0.04918	40.61	3.50	4.30
lcl|NC_072428.2_cds_XP_055138113.1_22196	48.55	51.45	0.08183	49.23	3.64	3.88
lcl|NC_072428.2_cds_XP_055138119.1_22212	55.78	44.22	-0.06795	65.57	3.96	3.60
lcl|NC_072428.2_cds_XP_055138136.1_22216	48.23	51.77	-0.07325	47.12	3.66	4.17
lcl|NC_072428.2_cds_XP_055138142.1_22239	55.34	44.66	0.04585	70.61	3.96	3.60
lcl|NC_072428.2_cds_XP_055138143.1_22271	43.45	56.55	0.07671	39.47	3.53	3.93
lcl|NC_072428.2_cds_XP_055137281.1_22301	61.61	38.39	-0.07001	70.90	4.03	3.30
lcl|NC_072428.2_cds_XP_063497990.1_22303	56.17	43.83	-0.01624	65.10	4.02	3.55
lcl|NC_072428.2_cds_XP_055138215.1_22311	57.72	42.28	-0.08024	77.13	3.99	3.59
lcl|NC_072428.2_cds_XP_055138217.1_22343	39.34	60.66	-0.00452	31.54	3.38	4.29
lcl|NC_072428.2_cds_XP_063498000.1_22350	58.69	41.31	-0.02755	69.75	4.12	3.74
lcl|NC_072428.2_cds_XP_055138248.1_22362	49.80	50.2	-0.03857	49.84	3.72	4.06
lcl|NC_072428.2_cds_XP_055138297.1_22424	48.39	51.61	0.03019	46.51	4.32	4.23
lcl|NC_072428.2_cds_XP_055138318.1_22427	40.15	59.85	0.06179	35.64	3.33	4.27
lcl|NC_072428.2_cds_XP_055138367.1_22480	53.84	46.16	-0.02978	60.85	3.81	3.66
lcl|NC_072428.2_cds_XP_055138381.1_22500	40.00	60	0.18110	34.38	3.42	4.26
lcl|NC_072428.2_cds_XP_055138392.1_22510	46.01	53.99	0.01329	44.04	3.66	3.90
lcl|NC_072428.2_cds_XP_055138395.1_22512	43.98	56.02	0.10136	40.55	3.69	4.17
lcl|NC_072428.2_cds_XP_063497176.1_22515	56.66	43.34	-0.00578	59.61	4.06	3.56
lcl|NC_072428.2_cds_XP_063497150.1_22531	45.32	54.68	0.00578	43.68	3.57	4.04
lcl|NC_072428.2_cds_XP_055138433.1_22562	40.30	59.7	0.07325	34.74	3.55	4.26
lcl|NC_072428.2_cds_XP_055138426.1_22566	50.22	49.78	0.00254	59.22	3.85	3.73
lcl|NC_072428.2_cds_XP_055138441.1_22572	52.60	47.4	0.04015	56.82	3.99	3.95
lcl|NC_072428.2_cds_XP_055138478.1_22594	57.88	42.12	-0.02935	68.80	4.11	3.59
lcl|NC_072428.2_cds_XP_055138463.1_22609	54.80	45.2	-0.06114	61.31	3.85	3.62
lcl|NC_072428.2_cds_XP_055138524.1_22684	51.98	48.02	0.02972	55.50	3.75	3.78
lcl|NC_072428.2_cds_XP_063497225.1_22699	42.54	57.46	0.11994	45.11	3.35	4.17
lcl|NC_072428.2_cds_XP_055138570.1_22724	61.33	38.67	-0.03095	60.53	4.15	3.40
lcl|NC_072428.2_cds_XP_063497238.1_22736	55.94	44.06	-0.02504	63.24	3.80	3.59
lcl|NC_072428.2_cds_XP_055138615.1_22784	59.98	40.02	-0.02252	61.90	4.22	3.46
lcl|NC_072428.2_cds_XP_063497324.1_22957	47.09	52.91	-0.03483	41.83	3.56	3.90
lcl|NC_072428.2_cds_XP_055138718.1_23002	59.34	40.66	0.06840	69.89	4.00	3.58
lcl|NC_072428.2_cds_XP_063497329.1_23039	61.41	38.59	-0.03136	74.55	4.37	3.45
lcl|NC_072428.2_cds_XP_055138810.1_23056	58.82	41.18	-0.03726	79.96	4.39	3.48
lcl|NC_072428.2_cds_XP_055138816.1_23068	62.35	37.65	0.01179	75.60	4.38	3.33
lcl|NC_072428.2_cds_XP_055138838.1_23094	64.05	35.95	-0.02874	71.95	4.41	3.51
lcl|NC_072428.2_cds_XP_063497364.1_23155	48.42	51.58	-0.06081	47.04	3.52	3.83
lcl|NC_072428.2_cds_XP_055138963.1_23252	47.26	52.74	-0.13653	41.26	3.58	3.97
lcl|NC_072428.2_cds_XP_055139000.1_23303	58.99	41.01	-0.02973	82.63	4.19	3.45
lcl|NC_072428.2_cds_XP_055139003.1_23327	43.49	56.51	0.15957	39.56	3.71	4.10
lcl|NC_072428.2_cds_XP_055139005.1_23334	47.03	52.97	0.01912	46.78	3.54	4.15
lcl|NC_072428.2_cds_XP_063497473.1_23373	62.19	37.81	0.01914	77.12	4.73	3.45
lcl|NC_072428.2_cds_XP_063497471.1_23399	56.44	43.56	-0.04061	70.05	4.16	3.55
lcl|NC_072428.2_cds_XP_055139066.1_23410	38.27	61.73	-0.06016	29.33	3.25	4.34
lcl|NC_072428.2_cds_XP_055137222.1_23418	43.21	56.79	0.07453	29.82	3.83	4.17
lcl|NC_072428.2_cds_XP_063497550.1_23442	45.12	54.88	0.03885	43.14	3.56	4.22
lcl|NC_072428.2_cds_XP_055139080.1_23514	42.31	57.69	0.04152	36.58	3.41	4.15
lcl|NC_072428.2_cds_XP_055139170.1_23584	53.48	46.52	0.00875	63.58	4.32	3.71
lcl|NC_072428.2_cds_XP_055139222.1_23701	47.92	52.08	0.02007	52.15	3.83	4.06
lcl|NC_072428.2_cds_XP_055139238.2_23718	40.54	59.46	0.00431	32.22	3.39	4.16
lcl|NC_072428.2_cds_XP_055139265.1_23744	45.86	54.14	0.01253	48.97	3.56	3.96
lcl|NC_072428.2_cds_XP_055139282.1_23761	45.37	54.63	0.01981	49.24	3.68	4.10
lcl|NC_072428.2_cds_XP_055139285.1_23762	56.19	43.81	-0.01132	64.06	3.98	3.60
lcl|NC_072428.2_cds_XP_055139337.1_23819	52.00	48	-0.14823	52.20	3.96	3.84
lcl|NC_072428.2_cds_XP_055139359.1_23846	45.06	54.94	-0.08528	34.11	3.59	4.10
lcl|NC_072428.2_cds_XP_055139368.1_23855	40.74	59.26	0.08542	37.08	3.47	4.43
lcl|NC_072428.2_cds_XP_055139396.1_23888	55.46	44.54	-0.00401	57.30	4.59	3.84
lcl|NC_072428.2_cds_XP_055139436.1_23917	45.30	54.7	0.04431	43.09	4.22	4.36
lcl|NC_072428.2_cds_XP_055139423.1_23924	42.61	57.39	0.01792	45.25	3.81	4.22
lcl|NC_072428.2_cds_XP_055139446.1_23942	39.19	60.81	0.11032	41.63	3.34	4.40
lcl|NC_072428.2_cds_XP_055139503.1_24007	47.91	52.09	0.01307	49.84	3.69	3.93
lcl|NC_072428.2_cds_XP_055139508.1_24014	43.60	56.4	-0.10910	30.75	3.54	4.23
lcl|NC_072428.2_cds_XP_055139539.1_24075	53.57	46.43	-0.18313	54.40	3.97	3.84
lcl|NC_072428.2_cds_XP_055139583.1_24098	50.74	49.26	-0.00655	61.47	4.07	3.99
lcl|NC_072428.2_cds_XP_055139585.1_24114	43.98	56.02	0.04577	35.08	3.75	4.17
lcl|NC_072428.2_cds_XP_055139620.1_24144	49.11	50.89	0.08014	50.08	3.73	3.94
lcl|NC_072428.2_cds_XP_055137386.1_24145	48.16	51.84	0.01257	47.16	3.76	3.95
lcl|NC_072428.2_cds_XP_055139625.1_24187	45.67	54.33	0.02344	42.20	3.68	4.18
lcl|NC_072428.2_cds_XP_055139698.1_24221	47.07	52.93	0.00609	52.28	3.84	4.14
lcl|NC_072428.2_cds_XP_055137391.1_24244	38.12	61.88	0.09431	27.81	3.34	4.22
lcl|NC_072428.2_cds_XP_055139735.2_24266	43.58	56.42	-0.00482	44.54	3.48	4.16
lcl|NC_072428.2_cds_XP_055139757.1_24296	41.50	58.5	0.05098	42.13	3.49	4.26
lcl|NC_072428.2_cds_XP_055139762.1_24298	48.70	51.3	-0.00782	46.88	3.69	4.06
lcl|NC_072428.2_cds_XP_055139781.1_24316	42.29	57.71	-0.00691	40.90	3.50	4.12
lcl|NC_072428.2_cds_XP_055139785.1_24322	42.24	57.76	-0.01533	36.31	3.44	4.17
lcl|NC_072428.2_cds_XP_055139794.1_24345	44.81	55.19	0.08234	43.13	3.86	4.16
lcl|NC_072428.2_cds_XP_055139845.1_24419	46.22	53.78	0.02091	48.55	3.64	4.08
lcl|NC_072428.2_cds_XP_055139866.1_24462	54.19	45.81	0.04524	61.36	3.99	3.59
lcl|NC_072428.2_cds_XP_055139868.1_24471	69.81	30.19	-0.08329	77.44	5.10	3.30
lcl|NC_072428.2_cds_XP_055139895.1_24503	53.90	46.1	0.14514	66.85	3.87	3.68
lcl|NC_072428.2_cds_XP_055139910.1_24514	62.25	37.75	0.01198	78.14	4.42	3.21
lcl|NC_072428.2_cds_XP_055139914.1_24525	67.16	32.84	-0.04687	74.80	4.33	3.27
lcl|NC_072428.2_cds_XP_063497672.1_24542	46.87	53.13	0.03044	47.60	3.52	3.87
lcl|NC_072428.2_cds_XP_055139954.1_24564	52.65	47.35	0.02047	64.31	4.16	3.86
lcl|NC_072428.2_cds_XP_055139988.1_24632	44.61	55.39	0.04027	45.99	3.39	3.85
lcl|NC_072428.2_cds_XP_055140028.1_24647	56.75	43.25	-0.02170	76.57	4.03	3.59
lcl|NC_072428.2_cds_XP_055140036.1_24653	48.24	51.76	0.02055	57.23	3.64	3.92
lcl|NC_072428.2_cds_XP_063498327.1_24657	49.34	50.66	-0.07780	47.75	3.73	4.28
lcl|NC_072428.2_cds_XP_055140055.1_24693	42.62	57.38	0.01342	41.57	3.74	4.21
lcl|NC_072428.2_cds_XP_055140107.1_24747	45.13	54.87	0.03514	42.47	3.51	4.02
lcl|NC_072428.2_cds_XP_063498367.1_24760	53.01	46.99	0.03083	55.04	4.43	3.95
lcl|NC_072428.2_cds_XP_055140140.1_24767	46.72	53.28	-0.04549	43.86	4.31	4.38
lcl|NC_072428.2_cds_XP_055140146.1_24780	48.55	51.45	-0.01224	61.47	3.73	3.99
lcl|NC_072428.2_cds_XP_063498365.1_24785	55.37	44.63	-0.10981	59.22	4.21	3.79
lcl|NC_072428.2_cds_XP_055140142.1_24788	49.25	50.75	-0.02111	52.53	3.95	4.22
lcl|NC_072428.2_cds_XP_055140135.1_24797	49.64	50.36	-0.10600	45.94	4.14	4.14
lcl|NC_072428.2_cds_XP_055140174.1_24826	56.71	43.29	-0.17280	69.65	4.11	3.83
lcl|NC_072428.2_cds_XP_055140189.1_24837	44.23	55.77	0.07040	42.04	3.93	4.29
lcl|NC_072428.2_cds_XP_055140183.1_24862	55.71	44.29	0.02725	66.83	3.99	3.59
lcl|NC_072428.2_cds_XP_055140253.1_24916	49.66	50.34	-0.01442	56.15	3.74	3.94
lcl|NC_072428.2_cds_XP_055137445.1_24917	44.79	55.21	-0.10294	42.89	3.53	4.02
lcl|NC_072428.2_cds_XP_055140283.1_24980	62.46	37.54	0.00261	70.87	4.38	3.45
lcl|NC_072428.2_cds_XP_063498383.1_24983	55.32	44.68	-0.04100	67.41	3.87	3.66
lcl|NC_072428.2_cds_XP_055140310.1_25001	56.11	43.89	-0.02946	65.28	4.12	3.60
lcl|NC_072428.2_cds_XP_055140311.1_25012	59.16	40.84	0.02768	67.86	4.05	3.38
lcl|NC_072428.2_cds_XP_055140337.1_25020	58.37	41.63	0.01304	69.24	3.83	3.35
lcl|NC_072428.2_cds_XP_055140327.1_25025	54.59	45.41	0.02914	62.26	3.89	3.73
lcl|NC_072428.2_cds_XP_055140343.1_25048	56.74	43.26	-0.02498	60.10	3.88	3.66
lcl|NC_072428.2_cds_XP_063497754.1_25058	50.38	49.62	-0.01838	58.63	3.85	3.90
lcl|NC_072428.2_cds_XP_055140368.2_25093	60.85	39.15	0.05105	73.24	4.31	3.79
lcl|NC_072428.2_cds_XP_055140403.1_25119	62.29	37.71	-0.05559	77.74	4.70	3.55
lcl|NC_072428.2_cds_XP_063497786.1_25127	66.00	34	-0.02508	67.51	4.26	3.35
lcl|NC_072428.2_cds_XP_063498405.1_25163	57.26	42.74	0.02666	71.11	3.98	3.74
lcl|NC_072428.2_cds_XP_055140503.1_25224	65.72	34.28	-0.08264	86.47	5.09	3.33
lcl|NC_072428.2_cds_XP_055140510.1_25228	64.42	35.58	-0.03567	80.07	4.64	3.35
lcl|NC_072428.2_cds_XP_063498431.1_25237	65.37	34.63	-0.13039	75.51	4.83	3.68
lcl|NC_072428.2_cds_XP_055140535.1_25249	63.11	36.89	-0.00683	78.76	4.51	3.39
lcl|NC_072428.2_cds_XP_055140546.1_25261	64.22	35.78	0.00171	79.19	4.77	3.43
lcl|NC_072428.2_cds_XP_063497795.1_25345	45.89	54.11	-0.03614	37.34	3.68	4.00
lcl|NC_072428.2_cds_XP_055125744.1_25372	53.23	46.77	-0.00435	66.51	4.30	4.16
lcl|NC_072428.2_cds_XP_055125739.1_25376	48.37	51.63	-0.02317	49.67	3.74	4.28
lcl|NC_072428.2_cds_XP_055125775.1_25390	54.95	45.05	-0.06474	52.46	4.16	3.86
lcl|NC_072428.2_cds_XP_055125701.1_25433	53.64	46.36	0.12500	62.77	4.37	3.92
lcl|NC_072428.2_cds_XP_055125785.1_25437	45.85	54.15	0.05433	49.91	3.81	4.17
lcl|NC_072428.2_cds_XP_055125714.1_25447	61.37	38.63	-0.01725	74.21	4.29	3.59
lcl|NC_072428.2_cds_XP_055125705.1_25454	43.65	56.35	0.11482	45.37	3.59	4.24
lcl|NC_072428.2_cds_XP_055125671.2_25461	53.48	46.52	0.04223	60.87	4.54	3.83
lcl|NC_072428.2_cds_XP_055125685.1_25464	49.58	50.42	0.13592	50.81	3.67	3.95
lcl|NC_072429.2_cds_XP_063499171.1_25499	44.30	55.7	0.05663	47.01	3.45	4.21
lcl|NC_072429.2_cds_XP_055140897.1_25514	62.29	37.71	0.02079	83.06	4.38	3.29
lcl|NC_072429.2_cds_XP_063498487.1_25542	59.33	40.67	0.01305	78.62	4.04	3.62
lcl|NC_072429.2_cds_XP_055140921.1_25571	60.55	39.45	-0.12581	68.46	4.29	3.67
lcl|NC_072429.2_cds_XP_055140973.1_25622	63.20	36.8	-0.03400	80.41	4.54	3.37
lcl|NC_072429.2_cds_XP_055140975.1_25630	64.62	35.38	-0.02350	83.37	4.69	3.40
lcl|NC_072429.2_cds_XP_063498489.1_25631	48.54	51.46	-0.01424	46.54	3.59	3.84
lcl|NC_072429.2_cds_XP_055140990.1_25708	51.94	48.06	-0.11752	53.29	3.92	3.89
lcl|NC_072429.2_cds_XP_055141050.1_25736	59.01	40.99	-0.03921	77.42	3.98	3.37
lcl|NC_072429.2_cds_XP_055141051.1_25738	63.01	36.99	0.03297	64.00	4.72	3.41
lcl|NC_072429.2_cds_XP_055141074.1_25752	63.37	36.63	-0.05676	82.20	4.21	3.57
lcl|NC_072429.2_cds_XP_055141073.2_25754	61.90	38.1	0.07701	73.31	4.17	3.31
lcl|NC_072429.2_cds_XP_055141077.1_25794	47.02	52.98	0.03836	42.14	3.65	4.01
lcl|NC_072429.2_cds_XP_055141148.1_25857	62.98	37.02	-0.05158	70.65	4.38	3.40
lcl|NC_072429.2_cds_XP_063498687.1_25938	58.72	41.28	0.01477	69.82	4.48	3.47
lcl|NC_072429.2_cds_XP_055141219.1_25948	58.24	41.76	0.05375	78.74	4.15	3.51
lcl|NC_072429.2_cds_XP_063498686.1_25977	42.53	57.47	-0.00777	43.19	3.35	4.24
lcl|NC_072429.2_cds_XP_055141260.1_26002	49.88	50.12	0.03139	66.36	3.76	3.70
lcl|NC_072429.2_cds_XP_055141271.1_26012	58.74	41.26	-0.08302	77.53	4.04	3.60
lcl|NC_072429.2_cds_XP_055141278.1_26033	57.16	42.84	0.03992	69.96	3.94	3.67
lcl|NC_072429.2_cds_XP_063498677.1_26040	54.38	45.62	-0.04573	66.56	3.99	3.68
lcl|NC_072429.2_cds_XP_063499196.1_26085	51.82	48.18	-0.06340	64.04	3.67	3.66
lcl|NC_072429.2_cds_XP_055141451.1_26184	57.81	42.19	-0.02031	66.49	4.30	3.58
lcl|NC_072429.2_cds_XP_063498714.1_26200	53.97	46.03	-0.04254	72.67	3.90	3.65
lcl|NC_072429.2_cds_XP_055141473.1_26221	45.78	54.22	0.08491	47.94	3.45	4.04
lcl|NC_072429.2_cds_XP_055141478.1_26225	48.95	51.05	0.01354	49.37	3.70	3.88
lcl|NC_072429.2_cds_XP_055141483.1_26244	56.94	43.06	-0.00854	63.81	4.49	3.74
lcl|NC_072429.2_cds_XP_055141518.1_26273	50.02	49.98	0.10325	59.70	3.81	3.79
lcl|NC_072429.2_cds_XP_055141543.1_26294	52.68	47.32	-0.03825	60.11	3.85	3.80
lcl|NC_072429.2_cds_XP_063499233.1_26341	66.11	33.89	-0.13743	75.28	4.78	3.51
lcl|NC_072429.2_cds_XP_055141589.1_26346	58.55	41.45	-0.10896	80.52	4.27	3.51
lcl|NC_072429.2_cds_XP_055141601.1_26410	59.62	40.38	0.03345	61.94	4.04	3.61
lcl|NC_072429.2_cds_XP_055141628.1_26420	58.27	41.73	-0.03359	75.07	4.07	3.45
lcl|NC_072429.2_cds_XP_055141639.1_26421	57.73	42.27	-0.03428	73.80	3.95	3.58
lcl|NC_072429.2_cds_XP_055141629.1_26423	53.93	46.07	-0.01052	60.56	3.78	3.77
lcl|NC_072429.2_cds_XP_055141640.1_26428	48.78	51.22	0.03810	62.95	3.78	3.91
lcl|NC_072429.2_cds_XP_055141633.2_26431	62.01	37.99	-0.06266	71.10	4.11	3.26
lcl|NC_072429.2_cds_XP_063499293.1_26474	54.44	45.56	0.00846	63.55	3.76	3.65
lcl|NC_072429.2_cds_XP_055141689.1_26487	45.75	54.25	0.06005	43.15	3.65	4.04
lcl|NC_072429.2_cds_XP_055141696.1_26498	43.50	56.5	0.19071	38.29	3.55	4.21
lcl|NC_072429.2_cds_XP_055141738.1_26551	47.19	52.81	-0.01458	39.41	3.88	4.40
lcl|NC_072429.2_cds_XP_055141754.1_26557	45.30	54.7	-0.01387	36.76	3.74	4.09
lcl|NC_072429.2_cds_XP_055141757.1_26560	42.31	57.69	0.12450	41.29	3.42	4.22
lcl|NC_072429.2_cds_XP_063498781.1_26597	48.94	51.06	-0.02404	57.29	3.82	3.72
lcl|NC_072429.2_cds_XP_055141809.1_26628	57.32	42.68	-0.01813	66.30	3.84	3.57
lcl|NC_072429.2_cds_XP_055141806.1_26632	59.45	40.55	-0.05978	69.95	4.22	3.38
lcl|NC_072429.2_cds_XP_055141828.1_26634	60.53	39.47	-0.03382	68.46	4.17	3.44
lcl|NC_072429.2_cds_XP_055141841.1_26652	49.34	50.66	0.01887	50.19	4.03	3.81
lcl|NC_072429.2_cds_XP_055141843.1_26662	54.81	45.19	-0.03475	61.48	4.26	4.12
lcl|NC_072429.2_cds_XP_055141884.1_26693	53.02	46.98	-0.01119	61.68	4.36	4.50
lcl|NC_072429.2_cds_XP_055141882.1_26704	55.86	44.14	-0.01353	68.37	4.25	3.93
lcl|NC_072429.2_cds_XP_055141909.1_26729	55.26	44.74	-0.00180	62.40	3.95	3.86
lcl|NC_072429.2_cds_XP_055141970.1_26795	46.09	53.91	0.00619	34.88	3.67	4.05
lcl|NC_072429.2_cds_XP_063498805.1_26800	58.50	41.5	-0.04240	66.87	3.90	3.48
lcl|NC_072429.2_cds_XP_055141978.1_26807	65.93	34.07	-0.03730	82.08	5.44	3.74
lcl|NC_072429.2_cds_XP_055141985.2_26813	59.87	40.13	0.02057	72.11	4.03	3.53
lcl|NC_072429.2_cds_XP_055142007.1_26838	69.42	30.58	-0.08034	73.23	5.01	3.59
lcl|NC_072429.2_cds_XP_055142048.1_26855	42.30	57.7	0.13984	32.37	3.38	4.31
lcl|NC_072429.2_cds_XP_055142041.2_26872	50.11	49.89	0.07518	54.69	3.80	4.00
lcl|NC_072429.2_cds_XP_055142060.1_26889	51.78	48.22	0.02375	52.27	3.98	3.72
lcl|NC_072429.2_cds_XP_055142091.1_26909	49.68	50.32	-0.01807	54.88	3.72	3.68
lcl|NC_072429.2_cds_XP_055142082.1_26910	49.20	50.8	0.06345	45.51	3.56	3.77
lcl|NC_072429.2_cds_XP_055142099.1_26934	40.11	59.89	0.12035	33.12	3.37	4.29
lcl|NC_072429.2_cds_XP_055142131.1_26961	50.79	49.21	-0.00380	67.44	3.91	4.05
lcl|NC_072429.2_cds_XP_055142153.1_27012	46.13	53.87	0.07438	39.87	3.89	4.04
lcl|NC_072429.2_cds_XP_055142283.1_27136	48.85	51.15	0.04415	48.40	3.74	3.95
lcl|NC_072429.2_cds_XP_063499358.1_27149	44.46	55.54	0.01533	46.29	3.73	4.31
lcl|NC_072429.2_cds_XP_055142352.1_27207	41.30	58.7	0.14745	35.60	3.49	4.12
lcl|NC_072429.2_cds_XP_055142367.1_27222	39.21	60.79	0.05952	34.31	3.73	4.48
lcl|NC_072429.2_cds_XP_055142394.1_27251	37.20	62.8	0.10449	30.16	3.42	4.33
lcl|NC_072429.2_cds_XP_055142413.1_27261	47.20	52.8	-0.00809	45.52	3.57	3.98
lcl|NC_072429.2_cds_XP_055142405.1_27274	52.19	47.81	-0.02094	55.26	4.20	4.00
lcl|NC_072429.2_cds_XP_055142447.1_27308	50.15	49.85	0.00923	53.47	3.91	3.98
lcl|NC_072429.2_cds_XP_055142442.1_27310	45.96	54.04	0.05391	49.32	3.80	4.27
lcl|NC_072429.2_cds_XP_063499392.1_27319	49.08	50.92	0.05020	47.95	3.70	4.07
lcl|NC_072429.2_cds_XP_055142464.1_27328	50.00	50	-0.00585	57.02	3.79	3.95
lcl|NC_072429.2_cds_XP_055142541.1_27420	47.97	52.03	-0.09419	47.30	3.69	4.06
lcl|NC_072429.2_cds_XP_055142572.1_27460	49.68	50.32	0.11760	48.22	4.77	4.25
lcl|NC_072429.2_cds_XP_055142631.1_27533	35.73	64.27	0.09140	28.15	3.52	4.42
lcl|NC_072429.2_cds_XP_055142651.1_27560	40.66	59.34	0.06572	31.96	3.27	4.17
lcl|NC_072429.2_cds_XP_055142722.1_27682	46.61	53.39	0.10635	40.92	4.21	4.61
lcl|NC_072429.2_cds_XP_055142733.1_27688	39.96	60.04	0.07035	34.74	3.49	4.45
lcl|NC_072429.2_cds_XP_055142753.1_27708	37.83	62.17	0.05894	30.04	3.27	4.52
lcl|NC_072429.2_cds_XP_055142756.1_27713	41.99	58.01	0.05692	32.05	3.52	4.28
lcl|NC_072429.2_cds_XP_055142758.1_27732	40.33	59.67	0.03734	35.64	3.77	4.38
lcl|NC_072429.2_cds_XP_055142831.1_27803	51.34	48.66	0.03799	59.98	3.68	3.78
lcl|NC_072429.2_cds_XP_055142842.1_27814	50.15	49.85	0.06278	50.24	3.64	4.15
lcl|NC_072429.2_cds_XP_055142851.1_27840	43.45	56.55	0.00381	40.67	3.57	4.23
lcl|NC_072429.2_cds_XP_055142860.1_27854	38.27	61.73	0.04552	34.84	3.35	4.50
lcl|NC_072429.2_cds_XP_055142862.1_27860	44.66	55.34	0.11447	41.64	4.81	4.38
lcl|NC_072429.2_cds_XP_055142864.1_27876	42.35	57.65	0.14447	33.37	3.44	4.26
lcl|NC_072429.2_cds_XP_055142916.1_27931	44.42	55.58	0.07874	34.40	3.58	4.06
lcl|NC_072429.2_cds_XP_063498970.1_27949	44.93	55.07	0.08166	37.61	3.70	3.97
lcl|NC_072429.2_cds_XP_055142995.1_28003	48.13	51.87	0.07475	38.29	4.24	4.15
lcl|NC_072429.2_cds_XP_055142997.1_28004	47.05	52.95	-0.04797	47.83	3.67	4.00
lcl|NC_072429.2_cds_XP_055143004.1_28011	41.47	58.53	0.06631	32.45	3.42	4.16
lcl|NC_072429.2_cds_XP_055140777.1_28054	41.69	58.31	0.05157	34.83	3.50	4.32
lcl|NC_072429.2_cds_XP_055143061.1_28074	42.39	57.61	0.03712	31.58	3.42	4.16
lcl|NC_072429.2_cds_XP_055143065.1_28076	47.13	52.87	0.00710	46.72	3.67	4.03
lcl|NC_072429.2_cds_XP_063499594.1_28115	45.34	54.66	0.01280	46.25	3.65	4.06
lcl|NC_072429.2_cds_XP_055143093.1_28125	40.63	59.37	0.03670	38.02	3.43	4.26
lcl|NC_072429.2_cds_XP_055143108.1_28132	48.05	51.95	0.03809	41.76	3.74	4.08
lcl|NC_072429.2_cds_XP_055143112.1_28136	38.05	61.95	0.08035	30.28	3.48	4.27
lcl|NC_072429.2_cds_XP_055143120.1_28141	54.65	45.35	-0.05095	64.08	3.92	3.95
lcl|NC_072429.2_cds_XP_055143129.1_28148	39.76	60.24	0.05651	35.02	3.49	4.42
lcl|NC_072429.2_cds_XP_055143144.1_28178	40.27	59.73	0.05492	31.01	3.61	4.15
lcl|NC_072429.2_cds_XP_055143128.1_28179	41.45	58.55	0.08625	32.97	3.60	4.30
lcl|NC_072429.2_cds_XP_055143161.2_28185	41.77	58.23	-0.00455	35.69	3.40	4.14
lcl|NC_072429.2_cds_XP_055143159.1_28191	49.30	50.7	0.01743	57.41	3.74	3.92
lcl|NC_072429.2_cds_XP_055143199.1_28230	42.73	57.27	-0.01009	45.60	3.50	4.23
lcl|NC_072429.2_cds_XP_055143218.1_28279	47.84	52.16	-0.06765	49.25	3.77	4.02
lcl|NC_072429.2_cds_XP_055143235.1_28287	53.46	46.54	-0.00797	66.77	4.16	3.83
lcl|NC_072429.2_cds_XP_055143238.1_28288	41.32	58.68	0.05385	35.40	3.48	4.05
lcl|NC_072429.2_cds_XP_055143248.1_28295	56.51	43.49	0.02432	66.67	4.50	3.65
lcl|NC_072429.2_cds_XP_055143280.1_28314	42.52	57.48	0.07586	36.46	3.45	4.17
lcl|NC_072429.2_cds_XP_055143277.1_28329	54.64	45.36	0.01080	59.14	3.84	3.64
lcl|NC_072429.2_cds_XP_055143302.1_28346	54.03	45.97	0.02195	64.50	3.94	3.93
lcl|NC_072429.2_cds_XP_055143310.1_28355	49.49	50.51	-0.01649	53.29	3.66	4.05
lcl|NC_072429.2_cds_XP_055143321.1_28367	62.47	37.53	0.09544	51.08	4.34	3.46
lcl|NC_072429.2_cds_XP_055143329.1_28380	55.54	44.46	-0.02077	68.60	3.93	3.85
lcl|NC_072429.2_cds_XP_055143365.1_28383	56.68	43.32	-0.02732	72.71	4.37	3.92
lcl|NC_072429.2_cds_XP_055143336.1_28399	46.80	53.2	0.06742	46.01	3.68	3.96
lcl|NC_072429.2_cds_XP_055143374.1_28409	56.65	43.35	-0.03989	72.88	4.13	4.08
lcl|NC_072429.2_cds_XP_055143385.1_28443	61.76	38.24	-0.09574	84.69	4.16	3.55
lcl|NC_072429.2_cds_XP_063499669.1_28455	64.47	35.53	-0.02162	74.48	4.60	3.78
lcl|NC_072429.2_cds_XP_055143408.1_28470	66.26	33.74	-0.03154	85.06	4.78	3.33
lcl|NC_072429.2_cds_XP_055143480.2_28556	66.01	33.99	-0.09773	74.78	4.71	3.44
lcl|NC_072429.2_cds_XP_055143538.1_28640	69.56	30.44	0.00455	82.92	5.12	3.36
lcl|NC_072429.2_cds_XP_055143527.1_28661	66.80	33.2	0.02275	77.80	4.52	3.46
lcl|NC_072429.2_cds_XP_063499779.1_28681	67.07	32.93	0.02081	85.72	4.70	3.46
lcl|NC_072429.2_cds_XP_063499072.1_28696	66.16	33.84	0.08817	85.91	4.51	3.29
lcl|NC_072429.2_cds_XP_055143570.1_28699	66.37	33.63	0.06116	75.25	4.41	3.31
lcl|NC_072429.2_cds_XP_055143578.1_28717	65.73	34.27	0.00549	79.35	4.65	3.35
lcl|NC_072429.2_cds_XP_063499109.1_28739	63.37	36.63	-0.00866	80.48	4.24	3.48
lcl|NC_072429.2_cds_XP_055143618.1_28810	62.13	37.87	-0.01445	83.01	4.42	3.38
lcl|NC_072429.2_cds_XP_055143651.1_28818	65.99	34.01	-0.02344	79.04	4.31	3.44
lcl|NC_072429.2_cds_XP_063499788.1_28859	65.82	34.18	-0.00789	73.75	4.44	3.43
lcl|NC_072429.2_cds_XP_055143673.1_28873	65.65	34.35	-0.04463	88.25	4.69	3.46
lcl|NC_072430.2_cds_XP_055143918.1_29019	62.69	37.31	-0.04113	85.41	4.33	3.44
lcl|NC_072430.2_cds_XP_055143936.1_29037	66.21	33.79	0.02397	83.21	4.85	3.63
lcl|NC_072430.2_cds_XP_055143941.1_29061	59.10	40.9	0.03338	70.66	4.30	3.62
lcl|NC_072430.2_cds_XP_055143942.1_29076	67.06	32.94	-0.01781	78.67	4.65	3.22
lcl|NC_072430.2_cds_XP_063501536.1_29092	65.52	34.48	-0.05906	81.10	4.51	3.42
lcl|NC_072430.2_cds_XP_055143974.1_29101	70.33	29.67	-0.02341	79.02	4.91	3.48
lcl|NC_072430.2_cds_XP_055143976.1_29105	46.83	53.17	0.08041	49.89	4.02	4.28
lcl|NC_072430.2_cds_XP_055143979.1_29113	54.79	45.21	-0.04958	58.61	4.04	4.11
lcl|NC_072430.2_cds_XP_055144060.1_29231	53.89	46.11	0.05419	64.72	3.94	3.98
lcl|NC_072430.2_cds_XP_055144077.1_29257	55.71	44.29	0.04237	62.89	4.08	3.82
lcl|NC_072430.2_cds_XP_063499900.1_29264	58.01	41.99	0.03891	58.01	4.53	3.84
lcl|NC_072430.2_cds_XP_055144079.1_29291	44.94	55.06	0.08492	50.23	3.74	3.92
lcl|NC_072430.2_cds_XP_063499891.1_29295	51.50	48.5	0.05762	63.04	3.83	3.83
lcl|NC_072430.2_cds_XP_055144132.1_29317	58.48	41.52	-0.08718	72.72	4.03	3.45
lcl|NC_072430.2_cds_XP_055144149.1_29396	49.62	50.38	0.02333	53.05	3.54	3.68
lcl|NC_072430.2_cds_XP_063501555.1_29412	68.79	31.21	-0.04277	89.94	5.43	3.70
lcl|NC_072430.2_cds_XP_055144232.1_29438	43.34	56.66	0.01369	37.52	3.63	4.25
lcl|NC_072430.2_cds_XP_055144249.1_29457	60.95	39.05	0.11064	77.46	4.13	3.50
lcl|NC_072430.2_cds_XP_055144260.1_29460	48.97	51.03	0.00329	53.29	3.56	4.01
lcl|NC_072430.2_cds_XP_055144251.2_29465	42.65	57.35	0.03249	40.23	3.65	4.24
lcl|NC_072430.2_cds_XP_055144266.1_29484	39.78	60.22	-0.00671	34.32	3.64	4.38
lcl|NC_072430.2_cds_XP_055144278.1_29494	49.15	50.85	0.05455	51.98	3.55	3.90
lcl|NC_072430.2_cds_XP_063500018.1_29533	47.39	52.61	-0.03175	50.27	3.68	3.94
lcl|NC_072430.2_cds_XP_055144312.1_29542	46.57	53.43	-0.03727	40.95	3.56	4.24
lcl|NC_072430.2_cds_XP_055144331.1_29566	62.97	37.03	-0.09639	78.84	4.52	3.42
lcl|NC_072430.2_cds_XP_055144340.1_29602	37.91	62.09	0.12877	33.08	3.46	4.33
lcl|NC_072430.2_cds_XP_055144376.1_29614	38.73	61.27	0.02322	34.17	3.33	4.20
lcl|NC_072430.2_cds_XP_055144384.2_29615	43.16	56.84	0.03879	39.30	4.17	4.56
lcl|NC_072430.2_cds_XP_055144377.1_29619	60.47	39.53	0.03504	78.51	4.31	3.75
lcl|NC_072430.2_cds_XP_055144391.2_29648	46.64	53.36	0.09801	45.48	4.14	4.31
lcl|NC_072430.2_cds_XP_055144387.1_29660	54.94	45.06	-0.06233	62.19	4.04	3.69
lcl|NC_072430.2_cds_XP_055144415.1_29668	50.48	49.52	0.07131	57.31	3.70	3.92
lcl|NC_072430.2_cds_XP_055144454.1_29741	42.65	57.35	0.17266	34.38	3.72	4.30
lcl|NC_072430.2_cds_XP_063501570.1_29762	55.20	44.8	-0.02195	65.00	4.36	4.02
lcl|NC_072430.2_cds_XP_055144513.1_29799	52.16	47.84	-0.04545	57.85	3.71	3.64
lcl|NC_072430.2_cds_XP_063500134.1_29816	44.32	55.68	0.14808	44.06	3.44	3.97
lcl|NC_072430.2_cds_XP_063500138.1_29833	52.56	47.44	-0.01922	62.53	3.79	3.74
lcl|NC_072430.2_cds_XP_063500198.1_29991	47.39	52.61	-0.05099	46.60	3.68	4.02
lcl|NC_072430.2_cds_XP_055144731.1_30013	50.30	49.7	0.09686	51.61	3.96	3.93
lcl|NC_072430.2_cds_XP_055144724.1_30023	40.56	59.44	0.09050	36.68	3.32	4.38
lcl|NC_072430.2_cds_XP_055144720.1_30060	50.67	49.33	-0.02820	40.77	4.14	3.84
lcl|NC_072430.2_cds_XP_055144780.1_30073	63.09	36.91	-0.01965	73.52	4.38	3.30
lcl|NC_072430.2_cds_XP_055144788.1_30162	61.84	38.16	-0.02827	71.73	4.18	3.57
lcl|NC_072430.2_cds_XP_055144837.1_30179	50.99	49.01	-0.01337	58.03	3.73	3.70
lcl|NC_072430.2_cds_XP_055144859.1_30215	64.61	35.39	-0.01654	73.57	4.29	3.26
lcl|NC_072430.2_cds_XP_055144873.1_30222	44.23	55.77	0.18929	35.55	3.56	4.10
lcl|NC_072430.2_cds_XP_055144912.1_30296	50.30	49.7	-0.02790	54.40	3.71	3.85
lcl|NC_072430.2_cds_XP_055144907.1_30321	46.24	53.76	0.00031	42.44	3.59	4.02
lcl|NC_072430.2_cds_XP_055144936.1_30323	59.23	40.77	-0.01353	69.01	4.32	3.58
lcl|NC_072430.2_cds_XP_055144960.1_30354	52.06	47.94	0.05720	63.29	3.73	3.65
lcl|NC_072430.2_cds_XP_055145007.1_30402	53.94	46.06	-0.05111	58.54	3.88	3.66
lcl|NC_072430.2_cds_XP_055145000.1_30411	57.66	42.34	-0.03512	76.82	4.18	3.49
lcl|NC_072430.2_cds_XP_055145019.1_30458	53.95	46.05	-0.01776	59.65	3.75	3.53
lcl|NC_072430.2_cds_XP_055145041.1_30479	56.93	43.07	-0.00297	66.42	3.82	3.50
lcl|NC_072430.2_cds_XP_055145076.1_30603	58.78	41.22	0.09033	77.42	4.11	3.46
lcl|NC_072430.2_cds_XP_055145079.1_30607	61.56	38.44	0.01756	74.80	4.27	3.44
lcl|NC_072430.2_cds_XP_055145086.1_30642	48.50	51.5	0.06125	49.43	3.90	3.93
lcl|NC_072430.2_cds_XP_055145106.1_30651	42.37	57.63	0.08325	45.09	3.56	4.33
lcl|NC_072430.2_cds_XP_055145126.1_30666	46.07	53.93	0.02999	51.26	3.77	4.12
lcl|NC_072430.2_cds_XP_055145134.1_30675	40.58	59.42	-0.00579	33.02	3.46	4.21
lcl|NC_072430.2_cds_XP_055145161.1_30718	39.67	60.33	0.03438	34.78	3.41	4.27
lcl|NC_072430.2_cds_XP_055145159.1_30728	36.37	63.63	0.02577	34.20	3.24	4.61
lcl|NC_072430.2_cds_XP_055145184.1_30749	44.30	55.7	0.04045	45.23	3.77	4.07
lcl|NC_072430.2_cds_XP_055145204.1_30760	59.35	40.65	0.03753	68.74	4.71	3.71
lcl|NC_072430.2_cds_XP_055145206.1_30761	41.72	58.28	0.01415	32.44	3.59	4.24
lcl|NC_072430.2_cds_XP_055145207.1_30777	38.99	61.01	0.18395	30.83	3.47	4.38
lcl|NC_072430.2_cds_XP_055145247.1_30850	38.32	61.68	0.19103	35.08	3.28	4.23
lcl|NC_072430.2_cds_XP_063501637.1_30868	38.90	61.1	0.07754	28.32	3.33	4.52
lcl|NC_072430.2_cds_XP_055145283.1_30880	40.77	59.23	0.10644	31.44	3.37	4.34
lcl|NC_072430.2_cds_XP_055145305.1_30906	49.82	50.18	0.03835	49.47	4.63	4.37
lcl|NC_072430.2_cds_XP_055145339.1_30944	55.01	44.99	-0.06649	58.21	3.98	3.72
lcl|NC_072430.2_cds_XP_055145375.1_30993	49.41	50.59	0.04216	61.44	3.91	3.95
lcl|NC_072430.2_cds_XP_055145367.1_30998	46.34	53.66	0.14863	50.98	3.57	4.09
lcl|NC_072430.2_cds_XP_055145408.1_31014	40.89	59.11	-0.00674	34.24	3.58	4.19
lcl|NC_072430.2_cds_XP_055145406.1_31044	40.31	59.69	-0.00248	31.88	3.57	4.45
lcl|NC_072430.2_cds_XP_063500645.1_31067	38.69	61.31	0.13463	32.25	3.57	4.23
lcl|NC_072430.2_cds_XP_055145452.1_31083	57.76	42.24	0.00063	62.27	5.09	3.97
lcl|NC_072430.2_cds_XP_055147280.1_31097	41.68	58.32	0.04584	29.72	3.67	4.55
lcl|NC_072430.2_cds_XP_055145469.1_31099	38.95	61.05	-0.01903	34.23	3.41	4.52
lcl|NC_072430.2_cds_XP_055145490.1_31158	56.16	43.84	0.00663	61.59	3.82	3.64
lcl|NC_072430.2_cds_XP_055145546.1_31195	62.32	37.68	0.03028	63.73	4.24	3.37
lcl|NC_072430.2_cds_XP_055145568.1_31248	48.44	51.56	0.03537	50.23	3.79	3.83
lcl|NC_072430.2_cds_XP_055145574.1_31253	43.48	56.52	0.15582	46.66	3.46	4.08
lcl|NC_072430.2_cds_XP_063500712.1_31270	48.83	51.17	0.01789	47.61	3.72	3.99
lcl|NC_072430.2_cds_XP_055145575.1_31286	58.28	41.72	-0.04433	59.23	3.92	3.56
lcl|NC_072430.2_cds_XP_055145597.1_31291	46.54	53.46	0.06384	45.81	3.56	3.99
lcl|NC_072430.2_cds_XP_055145645.1_31350	43.86	56.14	0.06062	40.25	4.25	4.26
lcl|NC_072430.2_cds_XP_055145714.1_31430	44.50	55.5	0.08742	42.62	4.05	4.33
lcl|NC_072430.2_cds_XP_055145719.1_31440	46.67	53.33	0.03740	50.40	3.74	4.36
lcl|NC_072430.2_cds_XP_063500753.1_31456	46.32	53.68	0.05353	47.58	3.90	4.06
lcl|NC_072430.2_cds_XP_055145747.1_31487	40.66	59.34	-0.01596	38.72	3.29	4.39
lcl|NC_072430.2_cds_XP_055145803.1_31561	48.64	51.36	0.05209	53.85	3.70	3.97
lcl|NC_072430.2_cds_XP_055145825.1_31568	45.76	54.24	0.02032	45.25	3.65	4.02
lcl|NC_072430.2_cds_XP_055145849.1_31598	44.04	55.96	0.05056	36.84	3.51	4.07
lcl|NC_072430.2_cds_XP_055145855.1_31600	44.09	55.91	0.08642	45.59	3.60	4.22
lcl|NC_072430.2_cds_XP_055145875.1_31616	38.94	61.06	0.08663	32.56	3.46	4.33
lcl|NC_072430.2_cds_XP_055145880.2_31623	43.02	56.98	0.08555	40.54	4.05	4.40
lcl|NC_072430.2_cds_XP_055145888.1_31633	44.96	55.04	0.08009	37.41	3.72	4.15
lcl|NC_072430.2_cds_XP_055145912.1_31662	39.62	60.38	0.00222	36.56	3.49	4.14
lcl|NC_072430.2_cds_XP_055145921.1_31670	39.38	60.62	-0.10238	33.06	3.44	4.33
lcl|NC_072430.2_cds_XP_055145922.1_31671	34.91	65.09	0.00014	28.30	3.30	4.63
lcl|NC_072430.2_cds_XP_055145926.1_31676	44.84	55.16	0.06449	40.51	3.74	4.12
lcl|NC_072430.2_cds_XP_055145932.2_31681	46.57	53.43	-0.04243	44.52	4.12	4.25
lcl|NC_072430.2_cds_XP_055145948.1_31703	57.01	42.99	0.11040	27.06	4.00	3.70
lcl|NC_072430.2_cds_XP_055145949.1_31704	55.82	44.18	0.12978	28.67	4.02	3.74
lcl|NC_072430.2_cds_XP_063501700.1_31712	37.22	62.78	0.03218	30.24	3.26	4.54
lcl|NC_072430.2_cds_XP_055145963.1_31729	35.37	64.63	0.06478	28.03	3.33	4.71
lcl|NC_072430.2_cds_XP_055146039.1_31810	43.56	56.44	0.07537	48.11	3.56	4.20
lcl|NC_072430.2_cds_XP_055146056.1_31824	42.34	57.66	0.01401	35.26	4.12	4.30
lcl|NC_072430.2_cds_XP_055146055.1_31827	40.64	59.36	0.07338	37.80	3.41	4.34
lcl|NC_072430.2_cds_XP_063500911.1_31836	51.42	48.58	-0.00405	52.81	3.74	3.89
lcl|NC_072430.2_cds_XP_055146072.1_31841	42.16	57.84	0.06774	38.56	3.54	4.17
lcl|NC_072430.2_cds_XP_063500923.1_31844	37.34	62.66	-0.05465	31.69	3.27	4.35
lcl|NC_072430.2_cds_XP_055146076.1_31854	47.47	52.53	0.06989	46.79	3.84	3.98
lcl|NC_072430.2_cds_XP_055146082.1_31860	43.14	56.86	0.08822	33.49	3.46	4.14
lcl|NC_072430.2_cds_XP_055146086.1_31881	45.26	54.74	0.09409	46.62	3.92	4.05
lcl|NC_072430.2_cds_XP_055146119.1_31922	34.52	65.48	0.07044	29.98	3.25	4.49
lcl|NC_072430.2_cds_XP_055146118.1_31925	47.25	52.75	0.06849	48.39	3.56	4.01
lcl|NC_072430.2_cds_XP_055146184.1_32005	46.82	53.18	-0.04762	44.63	3.42	3.91
lcl|NC_072430.2_cds_XP_055146174.1_32018	35.90	64.1	-0.01847	29.19	3.57	4.73
lcl|NC_072430.2_cds_XP_055146200.1_32033	47.08	52.92	0.09479	44.33	3.56	3.97
lcl|NC_072430.2_cds_XP_055146207.1_32042	51.16	48.84	0.01764	52.20	3.71	3.77
lcl|NC_072430.2_cds_XP_055146209.1_32053	45.33	54.67	-0.01117	40.93	3.60	4.06
lcl|NC_072430.2_cds_XP_055146217.1_32080	39.66	60.34	0.03025	35.51	3.35	4.30
lcl|NC_072430.2_cds_XP_055146219.1_32141	50.99	49.01	-0.20960	45.39	3.92	3.86
lcl|NC_072430.2_cds_XP_055146310.1_32155	49.89	50.11	0.04709	46.43	3.78	3.87
lcl|NC_072430.2_cds_XP_063501083.1_32166	57.53	42.47	-0.03286	70.13	4.22	3.57
lcl|NC_072430.2_cds_XP_055146332.1_32171	52.70	47.3	-0.11477	54.73	3.76	3.96
lcl|NC_072430.2_cds_XP_055146320.1_32190	38.98	61.02	0.09316	30.89	3.48	4.34
lcl|NC_072430.2_cds_XP_055146393.1_32282	44.77	55.23	0.02154	42.79	3.53	4.10
lcl|NC_072430.2_cds_XP_055146411.1_32299	46.55	53.45	0.03082	38.99	3.54	3.94
lcl|NC_072430.2_cds_XP_055146433.1_32322	51.89	48.11	-0.00731	56.75	3.76	3.80
lcl|NC_072430.2_cds_XP_055146447.1_32350	39.42	60.58	-0.00512	33.50	3.35	4.33
lcl|NC_072430.2_cds_XP_063501747.1_32362	46.99	53.01	0.02550	47.19	3.50	3.93
lcl|NC_072430.2_cds_XP_055146493.1_32401	42.96	57.04	-0.04124	45.80	3.43	4.25
lcl|NC_072430.2_cds_XP_055146506.1_32420	51.41	48.59	-0.02983	52.54	3.75	3.73
lcl|NC_072430.2_cds_XP_055146532.1_32431	52.15	47.85	-0.04418	58.95	3.65	3.76
lcl|NC_072430.2_cds_XP_063501149.1_32456	60.17	39.83	-0.11327	68.61	4.04	3.40
lcl|NC_072430.2_cds_XP_055146580.2_32507	56.10	43.9	0.05474	71.35	4.00	3.38
lcl|NC_072430.2_cds_XP_055146572.1_32509	42.22	57.78	0.04288	38.70	3.36	4.14
lcl|NC_072430.2_cds_XP_055146567.1_32530	58.88	41.12	-0.10231	64.92	4.00	3.43
lcl|NC_072430.2_cds_XP_055146636.1_32556	56.18	43.82	-0.05500	62.39	3.70	3.60
lcl|NC_072430.2_cds_XP_063501158.1_32559	52.14	47.86	-0.09667	59.02	3.66	3.76
lcl|NC_072430.2_cds_XP_063501141.1_32581	58.24	41.76	-0.06304	75.59	4.05	3.80
lcl|NC_072430.2_cds_XP_063501211.1_32612	58.29	41.71	0.05691	70.50	4.19	3.59
lcl|NC_072430.2_cds_XP_063501200.1_32622	57.75	42.25	-0.07588	69.25	4.16	3.73
lcl|NC_072430.2_cds_XP_055146696.1_32645	62.41	37.59	-0.03760	70.71	4.16	3.73
lcl|NC_072430.2_cds_XP_055146717.1_32661	67.17	32.83	-0.02383	77.64	4.85	3.30
lcl|NC_072430.2_cds_XP_055146727.1_32681	66.07	33.93	0.04627	78.53	4.87	3.36
lcl|NC_072430.2_cds_XP_055146740.1_32687	61.52	38.48	-0.00896	68.87	4.06	3.49
lcl|NC_072430.2_cds_XP_055146744.1_32691	61.97	38.03	-0.02527	75.16	4.26	3.29
lcl|NC_072430.2_cds_XP_063501796.1_32694	49.56	50.44	0.06875	54.96	3.67	3.91
lcl|NC_072430.2_cds_XP_063501807.1_32741	43.41	56.59	-0.01113	46.58	3.52	4.15
lcl|NC_072430.2_cds_XP_055146787.1_32750	62.86	37.14	-0.06143	71.60	4.42	3.44
lcl|NC_072430.2_cds_XP_055146785.1_32769	58.90	41.1	0.10174	38.79	4.15	3.72
lcl|NC_072430.2_cds_XP_055146786.1_32771	56.19	43.81	0.09123	34.83	3.94	3.82
lcl|NC_072430.2_cds_XP_055146834.1_32818	49.56	50.44	0.00701	52.67	3.58	3.80
lcl|NC_072430.2_cds_XP_055146845.1_32868	44.68	55.32	0.05517	37.84	3.55	4.09
lcl|NC_072430.2_cds_XP_063501248.1_32908	44.05	55.95	0.05482	43.69	3.61	4.33
lcl|NC_072430.2_cds_XP_055146922.1_32980	42.98	57.02	0.08943	40.04	3.55	4.15
lcl|NC_072430.2_cds_XP_063501359.1_32985	52.62	47.38	-0.02206	62.36	3.95	3.70
lcl|NC_072430.2_cds_XP_063501347.1_33025	54.19	45.81	-0.02190	60.95	4.09	3.83
lcl|NC_072430.2_cds_XP_063501319.1_33050	48.86	51.14	0.13251	44.54	3.70	4.02
lcl|NC_072430.2_cds_XP_055146986.1_33093	57.05	42.95	-0.07125	73.93	4.17	3.85
lcl|NC_072430.2_cds_XP_055146997.1_33105	56.17	43.83	0.03257	69.41	3.95	3.83
lcl|NC_072430.2_cds_XP_055146990.1_33110	44.92	55.08	0.07674	44.47	3.80	4.08
lcl|NC_072430.2_cds_XP_055146988.1_33121	55.73	44.27	0.01752	76.51	3.85	3.62
lcl|NC_072430.2_cds_XP_063501392.1_33129	50.45	49.55	0.02901	66.76	3.90	4.05
lcl|NC_072430.2_cds_XP_055147025.1_33133	57.40	42.6	-0.04578	76.76	4.10	3.77
lcl|NC_072430.2_cds_XP_055147030.1_33146	62.38	37.62	0.00557	76.56	4.75	3.72
lcl|NC_072430.2_cds_XP_063501843.1_33158	44.76	55.24	0.06778	52.13	3.63	4.12
lcl|NC_072430.2_cds_XP_063501852.1_33174	54.61	45.39	0.05484	60.76	4.00	3.72
lcl|NC_072430.2_cds_XP_063501853.1_33183	48.69	51.31	0.17290	48.56	3.90	3.94
lcl|NC_072430.2_cds_XP_055147057.1_33228	68.65	31.35	-0.01641	81.71	4.75	3.10
lcl|NC_072430.2_cds_XP_055147099.1_33242	57.00	43	-0.05471	66.51	4.01	3.89
lcl|NC_072430.2_cds_XP_063501894.1_33280	63.01	36.99	-0.03448	78.48	4.32	3.51
lcl|NC_072430.2_cds_XP_055147147.1_33323	60.48	39.52	0.02362	76.43	4.32	3.54
lcl|NC_072430.2_cds_XP_055147177.1_33369	60.95	39.05	-0.03448	80.48	4.26	3.63
lcl|NC_072430.2_cds_XP_055147201.1_33375	67.25	32.75	0.13908	81.70	4.45	3.43
lcl|NC_072430.2_cds_XP_063501494.1_33377	63.93	36.07	-0.04210	78.12	4.37	3.34
lcl|NC_072430.2_cds_XP_055147202.2_33382	58.73	41.27	0.04419	67.65	3.94	3.59
lcl|NC_072430.2_cds_XP_063501414.1_33395	62.53	37.47	-0.05594	82.44	4.44	3.62
lcl|NC_072430.2_cds_XP_063501410.1_33397	52.37	47.63	0.03901	61.68	3.96	3.89
lcl|NC_072430.2_cds_XP_055147218.1_33405	53.67	46.33	-0.03743	63.56	4.06	3.78
lcl|NC_072431.2_cds_XP_055147398.1_33457	44.96	55.04	0.08477	39.83	3.96	4.28
lcl|NC_072431.2_cds_XP_055147406.1_33463	36.30	63.7	0.03890	30.10	3.27	4.49
lcl|NC_072431.2_cds_XP_055147404.1_33470	37.74	62.26	0.07838	30.42	3.55	4.56
lcl|NC_072431.2_cds_XP_055147416.1_33483	43.03	56.97	0.03231	35.06	3.72	4.32
lcl|NC_072431.2_cds_XP_063465350.1_33501	38.80	61.2	0.08585	26.88	3.41	4.30
lcl|NC_072431.2_cds_XP_063501971.1_33539	42.83	57.17	0.03471	40.92	4.09	4.56
lcl|NC_072431.2_cds_XP_063501953.1_33570	40.81	59.19	-0.01167	31.97	3.40	4.36
lcl|NC_072431.2_cds_XP_055147512.1_33606	40.59	59.41	0.11009	30.92	3.51	4.27
lcl|NC_072431.2_cds_XP_055147530.1_33639	59.11	40.89	-0.03725	73.07	5.02	4.05
lcl|NC_072431.2_cds_XP_055147543.1_33648	44.45	55.55	0.04103	42.61	3.48	3.95
lcl|NC_072431.2_cds_XP_055147545.1_33653	37.52	62.48	0.03901	29.08	3.44	4.51
lcl|NC_072431.2_cds_XP_063501958.1_33665	43.65	56.35	0.01580	33.69	3.55	4.08
lcl|NC_072431.2_cds_XP_055147550.1_33678	42.56	57.44	0.10858	31.52	3.43	4.11
lcl|NC_072431.2_cds_XP_055147585.1_33723	48.43	51.57	0.02392	50.05	4.11	4.11
lcl|NC_072431.2_cds_XP_055147621.1_33767	59.15	40.85	-0.01958	69.46	4.02	3.53
lcl|NC_072431.2_cds_XP_055147624.2_33769	63.38	36.62	-0.04140	64.75	4.40	3.37
lcl|NC_072431.2_cds_XP_055147623.1_33774	58.90	41.1	-0.05307	75.30	4.18	3.57
lcl|NC_072431.2_cds_XP_063465392.1_33820	59.90	40.1	0.00103	70.20	4.10	3.51
lcl|NC_072431.2_cds_XP_055147670.1_33832	59.88	40.12	-0.01474	66.58	4.12	3.66
lcl|NC_072431.2_cds_XP_055147691.1_33901	60.90	39.1	-0.04379	71.56	4.25	3.30
lcl|NC_072431.2_cds_XP_055147741.1_33917	57.53	42.47	-0.06254	65.84	4.04	3.41
lcl|NC_072431.2_cds_XP_055147732.1_33933	60.03	39.97	-0.13418	62.53	4.07	3.45
lcl|NC_072431.2_cds_XP_055147758.1_33947	57.44	42.56	0.10132	81.61	4.05	3.61
lcl|NC_072431.2_cds_XP_055147757.1_33948	57.54	42.46	0.10182	82.11	4.09	3.49
lcl|NC_072431.2_cds_XP_055147766.1_33983	53.72	46.28	0.07202	50.82	3.97	3.68
lcl|NC_072431.2_cds_XP_055147863.1_34069	45.59	54.41	0.07854	45.76	3.49	3.95
lcl|NC_072431.2_cds_XP_055147880.1_34087	39.90	60.1	0.04610	33.53	3.48	4.32
lcl|NC_072431.2_cds_XP_055147882.1_34088	37.79	62.21	0.06499	37.20	3.35	4.51
lcl|NC_072431.2_cds_XP_055147886.1_34091	41.58	58.42	0.05727	43.61	3.43	4.25
lcl|NC_072431.2_cds_XP_055147883.1_34092	41.99	58.01	0.06319	44.28	3.43	4.21
lcl|NC_072431.2_cds_XP_055147890.1_34094	39.75	60.25	0.08417	32.51	3.38	4.51
lcl|NC_072431.2_cds_XP_055147903.1_34106	42.66	57.34	0.06817	46.66	3.47	4.13
lcl|NC_072431.2_cds_XP_063465509.1_34116	42.93	57.07	0.06248	47.03	3.47	4.11
lcl|NC_072431.2_cds_XP_055147910.1_34121	44.10	55.9	-0.07711	37.65	3.93	4.31
lcl|NC_072431.2_cds_XP_055147923.1_34138	43.39	56.61	-0.05135	42.86	3.49	4.11
lcl|NC_072431.2_cds_XP_055147926.1_34145	40.94	59.06	0.10635	39.47	3.58	4.23
lcl|NC_072431.2_cds_XP_063465527.1_34158	43.35	56.65	0.09444	38.41	3.41	4.05
lcl|NC_072431.2_cds_XP_055147962.1_34196	44.09	55.91	0.07907	42.99	3.63	4.30
lcl|NC_072431.2_cds_XP_055147975.1_34198	41.76	58.24	0.09114	39.01	3.54	4.27
lcl|NC_072431.2_cds_XP_055147971.1_34229	41.95	58.05	0.07687	32.14	3.39	4.05
lcl|NC_072431.2_cds_XP_055147993.1_34265	53.22	46.78	-0.00437	57.63	3.86	3.96
lcl|NC_072431.2_cds_XP_055148007.1_34273	50.24	49.76	-0.03671	50.46	3.75	3.98
lcl|NC_072431.2_cds_XP_063465549.1_34317	44.62	55.38	0.06948	44.31	3.56	4.11
lcl|NC_072431.2_cds_XP_055148071.1_34345	42.83	57.17	0.10412	34.36	3.94	4.12
lcl|NC_072431.2_cds_XP_055148086.1_34357	44.78	55.22	0.03574	45.20	3.76	4.05
lcl|NC_072431.2_cds_XP_055148113.1_34383	45.39	54.61	0.02436	53.79	3.48	4.04
lcl|NC_072431.2_cds_XP_063502106.1_34392	37.74	62.26	0.07219	28.53	3.51	4.45
lcl|NC_072431.2_cds_XP_063465561.1_34415	66.67	33.33	-0.05195	78.42	4.38	3.38
lcl|NC_072431.2_cds_XP_055148169.1_34432	58.90	41.1	0.01715	81.65	4.19	3.58
lcl|NC_072431.2_cds_XP_063502120.1_34435	60.14	39.86	-0.03053	72.64	4.63	3.68
lcl|NC_072431.2_cds_XP_063502139.1_34438	66.13	33.87	-0.03233	85.68	4.41	3.30
lcl|NC_072431.2_cds_XP_055148180.1_34443	66.60	33.4	-0.07649	84.72	4.71	3.58
lcl|NC_072431.2_cds_XP_055148212.1_34489	68.22	31.78	-0.03029	81.87	5.06	3.42
lcl|NC_072431.2_cds_XP_055148218.1_34509	48.77	51.23	-0.01036	50.65	3.94	3.93
lcl|NC_072431.2_cds_XP_063502135.1_34526	45.73	54.27	0.08292	52.90	3.71	4.33
lcl|NC_072431.2_cds_XP_055148244.1_34533	71.43	28.57	0.06759	86.01	5.45	3.38
lcl|NC_072431.2_cds_XP_055148278.1_34558	65.62	34.38	-0.07795	80.69	4.83	3.46
lcl|NC_072431.2_cds_XP_055148267.1_34581	54.43	45.57	-0.06178	56.65	4.41	3.95
lcl|NC_072431.2_cds_XP_055148287.1_34603	45.61	54.39	0.06187	46.22	3.75	4.14
lcl|NC_072431.2_cds_XP_063502200.1_34620	45.77	54.23	0.08368	52.79	3.74	4.32
lcl|NC_072431.2_cds_XP_063502186.1_34629	53.09	46.91	-0.02354	58.49	4.24	4.09
lcl|NC_072431.2_cds_XP_055148285.1_34631	63.69	36.31	0.05925	82.50	4.35	3.34
lcl|NC_072431.2_cds_XP_063502178.1_34663	53.11	46.89	-0.03773	66.51	3.99	3.92
lcl|NC_072431.2_cds_XP_055148380.1_34673	54.74	45.26	0.10200	75.08	3.87	3.66
lcl|NC_072431.2_cds_XP_055148382.1_34720	49.17	50.83	0.04600	53.93	3.55	3.93
lcl|NC_072431.2_cds_XP_055148518.1_34860	53.01	46.99	-0.00691	61.46	3.88	3.64
lcl|NC_072431.2_cds_XP_055148557.1_34938	68.49	31.51	-0.05889	75.68	4.80	3.37
lcl|NC_072431.2_cds_XP_055148590.1_34979	64.61	35.39	0.06841	74.32	4.52	3.62
lcl|NC_072431.2_cds_XP_055148606.1_34989	57.69	42.31	-0.10381	67.67	3.94	3.62
lcl|NC_072431.2_cds_XP_055148612.1_34991	62.62	37.38	0.00754	76.42	4.47	3.44
lcl|NC_072431.2_cds_XP_055148614.1_34992	64.99	35.01	0.00112	76.94	4.72	3.33
lcl|NC_072431.2_cds_XP_055148620.1_35006	57.77	42.23	0.09530	69.23	4.28	3.69
lcl|NC_072431.2_cds_XP_055148608.1_35031	51.11	48.89	-0.46721	53.18	3.62	3.58
lcl|NC_072431.2_cds_XP_063466021.1_35035	49.35	50.65	-0.50345	51.28	3.41	3.55
lcl|NC_072431.2_cds_XP_055150479.2_35036	52.21	47.79	-0.47790	61.00	3.50	3.63
lcl|NC_072431.2_cds_XP_055150413.1_35038	49.55	50.45	-0.26236	39.34	3.48	3.67
lcl|NC_072431.2_cds_XP_055148637.1_35093	61.14	38.86	-0.03378	72.65	4.80	3.73
lcl|NC_072431.2_cds_XP_063502374.1_35126	62.27	37.73	-0.00688	82.83	4.33	3.37
lcl|NC_072431.2_cds_XP_063502401.1_35193	54.91	45.09	0.03269	66.67	3.90	3.82
lcl|NC_072431.2_cds_XP_055148748.1_35200	61.18	38.82	-0.18340	62.08	4.50	3.59
lcl|NC_072431.2_cds_XP_055148759.1_35226	47.43	52.57	0.05503	55.90	3.66	4.00
lcl|NC_072431.2_cds_XP_055148752.1_35239	44.16	55.84	0.06372	41.34	3.57	4.13
lcl|NC_072431.2_cds_XP_055148818.1_35243	59.76	40.24	-0.01567	75.86	4.20	3.62
lcl|NC_072431.2_cds_XP_055148816.1_35246	64.12	35.88	0.09633	84.43	4.65	3.30
lcl|NC_072431.2_cds_XP_055148848.1_35286	64.09	35.91	-0.18246	74.83	4.49	3.53
lcl|NC_072431.2_cds_XP_055148842.1_35313	46.88	53.12	0.12793	49.46	3.80	3.93
lcl|NC_072431.2_cds_XP_055148844.1_35333	61.04	38.96	-0.18426	62.33	4.45	3.63
lcl|NC_072431.2_cds_XP_055148858.1_35337	54.35	45.65	0.06704	63.87	3.78	3.80
lcl|NC_072431.2_cds_XP_055148908.1_35363	61.14	38.86	-0.17040	68.11	4.42	3.55
lcl|NC_072431.2_cds_XP_055148992.1_35478	54.72	45.28	0.03728	66.01	3.77	3.80
lcl|NC_072431.2_cds_XP_055148998.1_35508	35.40	64.6	-0.05623	30.68	3.26	4.10
lcl|NC_072431.2_cds_XP_055149090.1_35589	53.75	46.25	-0.02819	66.03	3.92	4.09
lcl|NC_072431.2_cds_XP_055149101.1_35602	56.23	43.77	-0.03573	58.41	3.87	3.77
lcl|NC_072431.2_cds_XP_055150511.1_35688	41.90	58.1	-0.01944	45.94	3.62	4.49
lcl|NC_072431.2_cds_XP_063465644.1_35709	51.83	48.17	-0.03135	55.92	3.73	4.05
lcl|NC_072431.2_cds_XP_063465645.1_35712	58.19	41.81	-0.05537	68.12	4.10	3.76
lcl|NC_072431.2_cds_XP_055149184.1_35723	59.58	40.42	-0.00500	76.52	4.58	3.80
lcl|NC_072431.2_cds_XP_055149186.1_35732	63.50	36.5	-0.13138	63.57	4.08	3.17
lcl|NC_072431.2_cds_XP_055149188.1_35744	61.56	38.44	0.00106	80.27	4.42	3.31
lcl|NC_072431.2_cds_XP_055149189.1_35761	63.26	36.74	-0.14874	73.29	4.42	3.36
lcl|NC_072431.2_cds_XP_063465006.1_35770	56.24	43.76	-0.01540	71.51	4.04	3.74
lcl|NC_072431.2_cds_XP_055149215.1_35783	59.44	40.56	-0.10812	77.64	4.14	3.51
lcl|NC_072431.2_cds_XP_055149255.1_35821	62.14	37.86	0.00232	78.27	4.40	3.33
lcl|NC_072431.2_cds_XP_063465665.1_35857	55.52	44.48	0.06288	68.58	3.98	3.94
lcl|NC_072431.2_cds_XP_055149294.1_35897	56.04	43.96	0.00109	66.18	3.95	3.87
lcl|NC_072431.2_cds_XP_063465706.1_35907	58.35	41.65	-0.11223	67.21	4.27	3.58
lcl|NC_072431.2_cds_XP_055149328.1_35921	52.12	47.88	0.00544	48.76	4.72	4.44
lcl|NC_072431.2_cds_XP_055149345.1_35932	41.48	58.52	0.15414	42.22	3.45	4.47
lcl|NC_072431.2_cds_XP_055149390.1_36009	42.28	57.72	-0.00412	32.58	3.47	4.30
lcl|NC_072431.2_cds_XP_055149430.1_36047	42.57	57.43	0.03187	36.19	3.57	4.19
lcl|NC_072431.2_cds_XP_063465768.1_36102	49.75	50.25	-0.01650	50.19	3.54	3.67
lcl|NC_072431.2_cds_XP_055149496.1_36128	58.11	41.89	-0.03187	77.36	4.16	3.88
lcl|NC_072431.2_cds_XP_055149596.1_36253	46.40	53.6	0.05340	50.11	3.83	4.12
lcl|NC_072431.2_cds_XP_055149632.1_36300	53.62	46.38	-0.04173	58.71	3.85	3.75
lcl|NC_072431.2_cds_XP_055149640.1_36305	56.81	43.19	0.00694	68.97	4.15	3.64
lcl|NC_072431.2_cds_XP_055149683.1_36409	46.36	53.64	0.02071	43.83	3.75	4.04
lcl|NC_072431.2_cds_XP_063465835.1_36423	61.85	38.15	-0.14928	70.27	4.28	3.45
lcl|NC_072431.2_cds_XP_055149742.1_36439	54.36	45.64	0.01750	59.28	4.05	3.68
lcl|NC_072431.2_cds_XP_063465839.1_36443	55.20	44.8	0.05502	61.09	3.83	3.60
lcl|NC_072431.2_cds_XP_063465832.1_36447	57.37	42.63	0.02679	62.25	3.78	3.47
lcl|NC_072431.2_cds_XP_055149778.1_36489	61.22	38.78	-0.06317	64.07	4.10	3.53
lcl|NC_072431.2_cds_XP_055149793.1_36496	43.62	56.38	0.02269	41.67	3.60	4.19
lcl|NC_072431.2_cds_XP_055149814.1_36514	57.46	42.54	-0.05056	61.56	3.90	3.56
lcl|NC_072431.2_cds_XP_055149825.1_36533	54.62	45.38	-0.12690	53.14	3.76	3.62
lcl|NC_072431.2_cds_XP_055149839.1_36621	49.91	50.09	-0.01854	50.55	3.61	3.95
lcl|NC_072431.2_cds_XP_055149854.2_36637	53.24	46.76	-0.13728	51.47	3.81	3.74
lcl|NC_072431.2_cds_XP_055149945.1_36657	59.55	40.45	-0.03172	67.92	3.94	3.43
lcl|NC_072431.2_cds_XP_063465120.1_36669	48.18	51.82	0.04044	45.08	3.62	3.94
lcl|NC_072431.2_cds_XP_055149980.1_36700	46.85	53.15	0.08416	46.38	3.66	3.92
lcl|NC_072431.2_cds_XP_055149989.1_36706	42.38	57.62	0.06617	32.50	3.73	4.23
lcl|NC_072431.2_cds_XP_055149981.1_36708	53.44	46.56	-0.12058	56.21	3.77	3.73
lcl|NC_072431.2_cds_XP_055149982.1_36716	53.23	46.77	-0.12688	56.06	3.75	3.74
lcl|NC_072431.2_cds_XP_055149983.1_36722	47.70	52.3	0.04099	49.60	3.68	3.90
lcl|NC_072431.2_cds_XP_055150077.1_36792	44.74	55.26	0.01029	42.35	3.42	4.09
lcl|NC_072431.2_cds_XP_055150097.1_36839	41.43	58.57	0.02834	33.74	3.49	4.17
lcl|NC_072431.2_cds_XP_055150134.1_36860	38.88	61.12	0.05291	32.53	3.46	4.31
lcl|NC_072431.2_cds_XP_055150132.1_36865	57.82	42.18	-0.02093	66.59	4.12	3.68
lcl|NC_072431.2_cds_XP_055150154.1_36876	40.01	59.99	0.13677	38.10	3.92	4.45
lcl|NC_072431.2_cds_XP_063465232.1_36882	50.65	49.35	-0.03151	55.50	3.68	3.82
lcl|NC_072431.2_cds_XP_055150162.1_36918	41.52	58.48	0.09856	39.75	3.50	4.30
lcl|NC_072431.2_cds_XP_055150188.1_36964	47.57	52.43	-0.00321	50.96	3.62	3.91
lcl|NC_072431.2_cds_XP_055150222.1_36995	45.45	54.55	0.09743	37.41	3.52	4.08
lcl|NC_072431.2_cds_XP_055150237.1_37013	46.56	53.44	0.00148	44.34	3.62	4.05
lcl|NC_072431.2_cds_XP_055150253.1_37037	46.81	53.19	0.09269	47.75	3.67	4.08
lcl|NC_072431.2_cds_XP_055150272.1_37059	40.96	59.04	0.13024	35.53	3.48	4.53
lcl|NC_072431.2_cds_XP_055150267.1_37062	42.68	57.32	-0.03829	33.99	3.82	4.41
lcl|NC_072431.2_cds_XP_055150280.1_37066	47.08	52.92	0.01639	45.76	4.14	4.11
lcl|NC_072431.2_cds_XP_055150276.1_37074	46.16	53.84	0.01217	45.08	3.69	4.14
lcl|NC_072431.2_cds_XP_055150291.1_37097	38.81	61.19	0.10387	34.69	3.37	4.48
lcl|NC_072431.2_cds_XP_063465952.1_37116	58.26	41.74	-0.14058	63.95	4.35	3.69
lcl|NC_072431.2_cds_XP_063465949.1_37150	51.31	48.69	0.10194	51.24	4.50	3.93
lcl|NC_072431.2_cds_XP_055150329.1_37156	51.20	48.8	0.04891	56.57	4.24	4.00
lcl|NC_072431.2_cds_XP_055150334.1_37171	52.77	47.23	0.04388	59.35	3.85	3.66
lcl|NC_072431.2_cds_XP_055150350.1_37183	49.87	50.13	-0.00509	59.38	3.74	3.99
lcl|NC_072432.2_cds_XP_055152292.1_37259	57.39	42.61	0.01353	68.42	4.06	3.71
lcl|NC_072432.2_cds_XP_055152345.2_37308	58.69	41.31	0.07609	74.52	4.35	3.96
lcl|NC_072432.2_cds_XP_063466080.1_37355	42.02	57.98	-0.00677	36.50	3.44	4.09
lcl|NC_072432.2_cds_XP_063466089.1_37373	52.49	47.51	0.05282	63.67	3.85	3.67
lcl|NC_072432.2_cds_XP_063466096.1_37430	51.17	48.83	0.04849	57.50	4.18	4.01
lcl|NC_072432.2_cds_XP_055152441.2_37435	55.57	44.43	0.00254	69.03	4.07	3.77
lcl|NC_072432.2_cds_XP_055152446.1_37439	46.96	53.04	0.01349	53.85	3.77	4.01
lcl|NC_072432.2_cds_XP_055152450.1_37446	49.86	50.14	0.01653	52.58	4.12	3.97
lcl|NC_072432.2_cds_XP_055152485.1_37482	48.41	51.59	-0.02589	47.00	4.11	4.24
lcl|NC_072432.2_cds_XP_055152483.1_37490	41.24	58.76	0.11873	38.41	3.62	4.20
lcl|NC_072432.2_cds_XP_055152528.1_37537	57.26	42.74	-0.02470	70.76	4.31	3.64
lcl|NC_072432.2_cds_XP_055152579.1_37589	48.40	51.6	0.06447	50.91	3.78	4.06
lcl|NC_072432.2_cds_XP_055152606.2_37652	52.77	47.23	0.00885	59.59	4.09	3.84
lcl|NC_072432.2_cds_XP_055152608.1_37667	56.90	43.1	-0.03090	65.88	4.17	3.91
lcl|NC_072432.2_cds_XP_055152634.1_37669	47.40	52.6	0.01652	48.03	3.85	4.13
lcl|NC_072432.2_cds_XP_055152648.2_37691	46.46	53.54	-0.03842	46.15	3.71	3.99
lcl|NC_072432.2_cds_XP_055152658.2_37708	43.45	56.55	0.09005	41.87	3.49	4.25
lcl|NC_072432.2_cds_XP_063467076.1_37732	43.83	56.17	0.03925	41.33	3.46	4.12
lcl|NC_072432.2_cds_XP_055152684.1_37741	41.61	58.39	0.10813	42.17	3.41	4.47
lcl|NC_072432.2_cds_XP_063466268.1_37743	57.01	42.99	-0.07791	61.23	5.44	4.29
lcl|NC_072432.2_cds_XP_055152691.1_37745	44.77	55.23	-0.04852	33.85	3.67	4.17
lcl|NC_072432.2_cds_XP_055152724.2_37775	41.90	58.1	0.09672	37.50	3.68	4.35
lcl|NC_072432.2_cds_XP_055152791.1_37862	42.17	57.83	-0.02918	38.14	3.47	4.36
lcl|NC_072432.2_cds_XP_055152813.2_37889	44.82	55.18	-0.07526	40.98	3.47	4.08
lcl|NC_072432.2_cds_XP_055152831.1_37902	35.19	64.81	0.12291	31.25	3.27	4.39
lcl|NC_072432.2_cds_XP_055152866.2_37936	45.42	54.58	0.03802	48.99	3.90	4.23
lcl|NC_072432.2_cds_XP_063467206.1_37950	48.81	51.19	0.06870	47.87	3.77	4.04
lcl|NC_072432.2_cds_XP_055152182.2_37974	59.64	40.36	-0.04112	66.11	4.16	3.74
lcl|NC_072432.2_cds_XP_055152162.2_37975	44.96	55.04	0.02314	47.94	3.53	4.08
lcl|NC_072432.2_cds_XP_055152942.2_38036	51.97	48.03	-0.00206	57.19	4.01	3.92
lcl|NC_072432.2_cds_XP_055152963.1_38057	37.20	62.8	0.10471	31.74	3.45	4.31
lcl|NC_072432.2_cds_XP_055152968.1_38062	45.97	54.03	0.04029	47.42	3.54	3.95
lcl|NC_072432.2_cds_XP_055152970.2_38065	43.12	56.88	-0.00580	37.51	3.55	4.15
lcl|NC_072432.2_cds_XP_063467235.1_38069	39.24	60.76	0.01587	35.26	3.43	4.35
lcl|NC_072432.2_cds_XP_063466313.1_38077	47.03	52.97	0.05363	48.37	3.75	4.00
lcl|NC_072432.2_cds_XP_055152989.1_38092	46.11	53.89	0.06052	48.53	3.70	4.06
lcl|NC_072432.2_cds_XP_055152999.2_38100	46.10	53.9	0.05231	46.47	4.45	4.20
lcl|NC_072432.2_cds_XP_055153001.2_38103	44.47	55.53	0.05727	43.29	3.73	4.25
lcl|NC_072432.2_cds_XP_055153012.2_38113	51.70	48.3	0.08716	58.31	4.93	4.07
lcl|NC_072432.2_cds_XP_055152173.2_38125	47.00	53	0.24870	45.97	3.25	3.67
lcl|NC_072432.2_cds_XP_055153027.1_38144	52.40	47.6	-0.12441	54.17	3.99	3.77
lcl|NC_072432.2_cds_XP_055153039.2_38178	42.89	57.11	0.02868	37.71	3.44	4.17
lcl|NC_072432.2_cds_XP_055153077.2_38193	45.64	54.36	0.01429	43.98	3.59	4.09
lcl|NC_072432.2_cds_XP_055153113.1_38220	40.29	59.71	0.06456	36.48	3.64	4.38
lcl|NC_072432.2_cds_XP_055153119.2_38256	38.50	61.5	0.04023	33.85	3.49	4.42
lcl|NC_072432.2_cds_XP_063466342.1_38262	47.11	52.89	-0.06900	41.49	3.53	4.08
lcl|NC_072432.2_cds_XP_055153190.2_38357	45.92	54.08	-0.03038	40.10	3.98	4.16
lcl|NC_072432.2_cds_XP_055153204.2_38365	51.23	48.77	-0.00730	55.30	3.77	3.82
lcl|NC_072432.2_cds_XP_055153230.1_38393	58.85	41.15	-0.03800	64.30	4.20	3.56
lcl|NC_072432.2_cds_XP_055153235.2_38400	42.04	57.96	0.10638	40.97	3.44	4.14
lcl|NC_072432.2_cds_XP_063466423.1_38449	39.60	60.4	0.07692	34.19	3.49	4.40
lcl|NC_072432.2_cds_XP_055153330.2_38521	46.99	53.01	0.01389	35.79	3.74	3.89
lcl|NC_072432.2_cds_XP_055153346.2_38539	46.66	53.34	0.04502	43.53	3.45	4.07
lcl|NC_072432.2_cds_XP_055153351.1_38547	46.03	53.97	0.02122	49.91	3.51	4.07
lcl|NC_072432.2_cds_XP_055153361.2_38575	44.82	55.18	-0.10605	35.08	3.56	4.26
lcl|NC_072432.2_cds_XP_063467274.1_38661	39.53	60.47	0.03939	31.36	3.30	4.31
lcl|NC_072432.2_cds_XP_055153428.1_38669	37.92	62.08	0.08194	29.13	3.51	4.48
lcl|NC_072432.2_cds_XP_055153435.1_38672	47.35	52.65	0.07317	46.49	3.94	4.00
lcl|NC_072432.2_cds_XP_063467289.1_38697	46.94	53.06	-0.02550	46.88	3.59	4.04
lcl|NC_072432.2_cds_XP_055150559.1_38712	41.76	58.24	0.11277	36.85	3.48	4.36
lcl|NC_072432.2_cds_XP_055150563.1_38717	45.75	54.25	0.08044	41.56	3.61	4.20
lcl|NC_072432.2_cds_XP_055150579.1_38752	39.88	60.12	0.06383	34.82	3.25	4.54
lcl|NC_072432.2_cds_XP_055150569.2_38763	60.33	39.67	0.08266	67.24	4.37	3.70
lcl|NC_072432.2_cds_XP_055150578.2_38771	38.27	61.73	0.12672	31.55	3.53	4.36
lcl|NC_072432.2_cds_XP_055150588.1_38791	40.25	59.75	0.08011	36.74	3.51	4.21
lcl|NC_072432.2_cds_XP_055150624.1_38810	41.86	58.14	-0.06047	35.28	3.46	4.37
lcl|NC_072432.2_cds_XP_055150622.2_38827	47.06	52.94	0.07098	50.55	3.65	4.04
lcl|NC_072432.2_cds_XP_055150643.1_38831	45.47	54.53	0.02549	49.08	3.59	4.00
lcl|NC_072432.2_cds_XP_055150647.2_38832	47.74	52.26	0.06726	55.41	3.58	3.94
lcl|NC_072432.2_cds_XP_055150728.1_38916	48.11	51.89	-0.00472	48.86	3.78	4.01
lcl|NC_072432.2_cds_XP_063466539.1_38967	48.69	51.31	0.04055	61.85	3.77	3.86
lcl|NC_072432.2_cds_XP_063466550.1_38972	48.44	51.56	0.03274	52.87	3.65	3.98
lcl|NC_072432.2_cds_XP_063466540.1_39095	50.22	49.78	0.02947	48.97	3.89	3.88
lcl|NC_072432.2_cds_XP_063466537.1_39138	48.21	51.79	-0.08539	49.11	3.68	4.12
lcl|NC_072432.2_cds_XP_055150915.1_39198	65.52	34.48	-0.06855	70.66	4.42	3.35
lcl|NC_072432.2_cds_XP_055150930.1_39212	55.07	44.93	0.03176	68.71	4.10	3.52
lcl|NC_072432.2_cds_XP_055150933.2_39241	58.60	41.4	0.01136	66.04	4.07	3.44
lcl|NC_072432.2_cds_XP_055150961.2_39255	55.34	44.66	0.02019	69.94	3.73	3.65
lcl|NC_072432.2_cds_XP_055150926.1_39268	64.41	35.59	-0.05671	77.81	4.49	3.50
lcl|NC_072432.2_cds_XP_063466529.1_39296	59.99	40.01	-0.09132	60.80	4.13	3.47
lcl|NC_072432.2_cds_XP_055151024.1_39336	59.31	40.69	0.01254	76.12	4.37	3.37
lcl|NC_072432.2_cds_XP_063467342.1_39375	52.96	47.04	0.10145	58.00	3.86	3.55
lcl|NC_072432.2_cds_XP_063467331.1_39398	63.85	36.15	0.05259	46.27	4.37	3.35
lcl|NC_072432.2_cds_XP_055151085.1_39413	64.66	35.34	-0.04850	72.91	4.51	3.32
lcl|NC_072432.2_cds_XP_055151090.2_39423	61.13	38.87	-0.01068	74.74	4.19	3.33
lcl|NC_072432.2_cds_XP_055151125.1_39465	39.74	60.26	0.09283	29.51	3.58	4.37
lcl|NC_072432.2_cds_XP_055151130.2_39497	40.00	60	0.05230	34.74	3.48	4.33
lcl|NC_072432.2_cds_XP_055151132.2_39501	40.03	59.97	0.03707	32.69	3.39	4.54
lcl|NC_072432.2_cds_XP_055151176.1_39544	40.52	59.48	0.06936	38.17	3.87	4.43
lcl|NC_072432.2_cds_XP_055151186.1_39546	45.89	54.11	-0.03708	47.53	3.59	4.08
lcl|NC_072432.2_cds_XP_055151219.2_39586	54.89	45.11	0.01015	68.23	4.00	3.58
lcl|NC_072432.2_cds_XP_055151229.1_39601	44.06	55.94	0.13094	42.45	3.47	4.05
lcl|NC_072432.2_cds_XP_055151236.1_39611	41.05	58.95	0.07506	38.94	3.67	4.42
lcl|NC_072432.2_cds_XP_055151239.2_39643	55.84	44.16	-0.01211	67.98	4.16	3.44
lcl|NC_072432.2_cds_XP_063467381.1_39662	56.98	43.02	0.01950	64.64	3.92	3.92
lcl|NC_072432.2_cds_XP_055151296.1_39686	41.75	58.25	0.12619	38.20	3.50	4.15
lcl|NC_072432.2_cds_XP_055151308.1_39700	41.04	58.96	0.01341	39.01	3.63	4.20
lcl|NC_072432.2_cds_XP_063467394.1_39708	55.00	45	-0.03063	68.48	3.91	3.53
lcl|NC_072432.2_cds_XP_055151352.2_39774	63.75	36.25	0.01315	71.86	4.36	3.39
lcl|NC_072432.2_cds_XP_055151360.1_39793	41.51	58.49	0.03941	34.03	3.43	4.28
lcl|NC_072432.2_cds_XP_055151389.1_39808	44.32	55.68	0.07623	41.67	4.21	4.22
lcl|NC_072432.2_cds_XP_055151401.1_39820	40.98	59.02	0.07414	35.70	3.39	4.27
lcl|NC_072432.2_cds_XP_055151407.1_39866	42.31	57.69	0.12570	37.09	3.40	4.22
lcl|NC_072432.2_cds_XP_055151438.1_39874	43.64	56.36	0.01630	39.07	3.49	4.21
lcl|NC_072432.2_cds_XP_055151437.2_39877	48.73	51.27	0.10157	49.27	3.77	3.95
lcl|NC_072432.2_cds_XP_055151441.2_39878	44.09	55.91	0.07950	42.64	3.56	4.20
lcl|NC_072432.2_cds_XP_063466828.1_39879	49.65	50.35	0.11575	51.00	3.85	4.02
lcl|NC_072432.2_cds_XP_055151455.1_39940	43.91	56.09	0.05038	34.18	3.50	4.06
lcl|NC_072432.2_cds_XP_055151510.2_39966	46.10	53.9	0.07949	48.49	4.30	4.21
lcl|NC_072432.2_cds_XP_055151526.1_40015	45.60	54.4	-0.02835	48.96	3.69	4.05
lcl|NC_072432.2_cds_XP_055151539.2_40032	47.71	52.29	-0.06369	56.88	3.60	3.75
lcl|NC_072432.2_cds_XP_055151577.2_40070	64.88	35.12	-0.01549	70.77	4.30	3.32
lcl|NC_072432.2_cds_XP_055151590.2_40080	59.78	40.22	-0.02260	78.82	4.37	3.39
lcl|NC_072432.2_cds_XP_055151599.2_40091	48.25	51.75	0.04823	51.85	3.69	3.98
lcl|NC_072432.2_cds_XP_063467497.1_40128	59.18	40.82	0.03381	65.63	4.00	3.51
lcl|NC_072432.2_cds_XP_055151706.1_40207	55.03	44.97	0.15261	66.63	4.23	3.87
lcl|NC_072432.2_cds_XP_055151709.2_40210	48.10	51.9	-0.00370	59.38	3.75	4.00
lcl|NC_072432.2_cds_XP_055151711.2_40216	42.08	57.92	0.01771	33.62	3.45	4.14
lcl|NC_072432.2_cds_XP_063466877.1_40258	56.96	43.04	0.00506	76.18	4.00	3.60
lcl|NC_072432.2_cds_XP_063466904.1_40320	50.86	49.14	0.10989	61.32	3.73	3.98
lcl|NC_072432.2_cds_XP_063466901.1_40351	56.41	43.59	-0.03789	71.52	4.01	3.75
lcl|NC_072432.2_cds_XP_063466873.1_40382	52.67	47.33	0.06370	57.63	4.30	3.95
lcl|NC_072432.2_cds_XP_063466959.1_40417	35.71	64.29	0.01237	29.39	3.33	4.48
lcl|NC_072432.2_cds_XP_063466962.1_40426	39.75	60.25	0.10409	36.75	3.40	4.36
lcl|NC_072432.2_cds_XP_055151890.2_40431	57.35	42.65	-0.04248	64.27	5.08	3.65
lcl|NC_072432.2_cds_XP_055151915.1_40470	52.31	47.69	-0.01269	58.07	3.87	3.80
lcl|NC_072432.2_cds_XP_055151924.2_40481	43.94	56.06	-0.04011	47.67	3.48	4.02
lcl|NC_072432.2_cds_XP_055151927.2_40498	66.92	33.08	-0.04836	83.72	4.97	3.44
lcl|NC_072432.2_cds_XP_055151944.2_40503	55.31	44.69	-0.00892	59.31	4.09	3.70
lcl|NC_072432.2_cds_XP_063466978.1_40539	44.34	55.66	0.05504	40.40	3.57	4.05
lcl|NC_072432.2_cds_XP_055151977.1_40545	56.59	43.41	0.02182	71.92	3.98	3.59
lcl|NC_072432.2_cds_XP_055152025.2_40635	58.16	41.84	0.01560	71.34	4.18	3.60
lcl|NC_072432.2_cds_XP_055152022.1_40641	49.38	50.62	0.01347	50.87	3.66	3.96
lcl|NC_072432.2_cds_XP_063467556.1_40743	70.50	29.5	-0.09598	72.20	4.85	3.16
lcl|NC_072433.2_cds_XP_055154638.1_40762	40.45	59.55	0.06255	41.34	3.60	4.45
lcl|NC_072433.2_cds_XP_055088927.1_40794	49.94	50.06	-0.02779	50.38	3.72	3.93
lcl|NC_072433.2_cds_XP_055155257.1_40818	52.10	47.9	0.00226	57.13	4.35	4.12
lcl|NC_072433.2_cds_XP_055154967.1_40821	47.13	52.87	0.02334	52.63	3.74	4.09
lcl|NC_072433.2_cds_XP_055154109.1_40841	44.04	55.96	0.08620	45.05	3.60	4.19
lcl|NC_072433.2_cds_XP_063467588.1_40851	40.22	59.78	0.06452	34.59	3.43	4.21
lcl|NC_072433.2_cds_XP_055155092.1_40878	41.55	58.45	0.09883	33.63	3.49	4.13
lcl|NC_072433.2_cds_XP_055089018.1_40924	42.79	57.21	0.23077	36.50	3.60	4.11
lcl|NC_072433.2_cds_XP_055153656.1_40929	44.45	55.55	-0.13365	37.11	3.55	3.89
lcl|NC_072433.2_cds_XP_055155501.2_40937	61.66	38.34	0.02628	72.15	4.27	3.58
lcl|NC_072433.2_cds_XP_055089384.1_40994	56.86	43.14	-0.02921	70.11	3.90	3.53
lcl|NC_072433.2_cds_XP_055089225.1_41006	50.65	49.35	0.08547	58.64	4.12	4.12
lcl|NC_072433.2_cds_XP_063467634.1_41024	53.50	46.5	0.07363	61.82	3.79	3.63
lcl|NC_072433.2_cds_XP_055153778.1_41047	64.68	35.32	0.04762	75.94	4.32	3.39
lcl|NC_072433.2_cds_XP_055153777.1_41061	49.37	50.63	0.04989	53.04	3.59	3.71
lcl|NC_072433.2_cds_XP_055154586.2_41075	49.86	50.14	-0.03594	59.27	3.75	3.86
lcl|NC_072433.2_cds_XP_055154463.1_41114	49.72	50.28	-0.01135	54.23	3.79	3.83
lcl|NC_072433.2_cds_XP_055154462.1_41138	47.48	52.52	-0.07013	53.41	3.60	3.87
lcl|NC_072433.2_cds_XP_055154468.1_41151	56.49	43.51	0.08602	69.30	4.05	3.72
lcl|NC_072433.2_cds_XP_055089155.1_41153	50.05	49.95	0.09524	67.13	3.57	3.74
lcl|NC_072433.2_cds_XP_055089150.1_41155	56.17	43.83	-0.08146	65.66	4.20	3.68
lcl|NC_072433.2_cds_XP_055153752.1_41158	56.10	43.9	-0.02319	69.00	4.00	3.64
lcl|NC_072433.2_cds_XP_055153739.1_41171	44.82	55.18	-0.10418	39.77	3.58	4.06
lcl|NC_072433.2_cds_XP_055154390.1_41216	50.12	49.88	0.04612	52.37	3.85	3.79
lcl|NC_072433.2_cds_XP_055154394.1_41221	51.26	48.74	-0.04271	56.85	3.97	3.86
lcl|NC_072433.2_cds_XP_055155194.1_41294	46.56	53.44	-0.11126	33.46	3.76	4.02
lcl|NC_072433.2_cds_XP_055153660.1_41314	59.05	40.95	0.00416	77.62	4.34	3.64
lcl|NC_072433.2_cds_XP_055154614.1_41332	59.43	40.57	-0.03588	67.32	3.94	3.55
lcl|NC_072433.2_cds_XP_055154023.1_41372	64.35	35.65	-0.01948	72.21	4.55	3.38
lcl|NC_072433.2_cds_XP_063467793.1_41385	61.31	38.69	-0.11914	68.04	4.16	3.49
lcl|NC_072433.2_cds_XP_063467805.1_41405	53.96	46.04	-0.04737	65.07	3.77	3.68
lcl|NC_072433.2_cds_XP_055154505.1_41412	61.86	38.14	0.01265	70.83	4.02	3.42
lcl|NC_072433.2_cds_XP_055154516.1_41416	58.31	41.69	-0.01466	72.35	3.99	3.59
lcl|NC_072433.2_cds_XP_055154507.1_41419	61.21	38.79	-0.05075	68.85	4.41	3.43
lcl|NC_072433.2_cds_XP_055155263.1_41577	45.20	54.8	-0.01330	43.67	3.43	4.10
lcl|NC_072433.2_cds_XP_055154003.1_41641	59.09	40.91	0.03640	72.58	4.28	3.68
lcl|NC_072433.2_cds_XP_063468736.1_41643	63.31	36.69	0.06277	78.73	4.47	3.12
lcl|NC_072433.2_cds_XP_055154094.1_41662	56.72	43.28	0.03559	80.00	4.15	3.77
lcl|NC_072433.2_cds_XP_055153888.1_41768	59.81	40.19	-0.02927	72.99	3.92	3.39
lcl|NC_072433.2_cds_XP_055089103.1_41798	58.20	41.8	-0.06778	78.47	4.02	3.48
lcl|NC_072433.2_cds_XP_055088657.1_41869	40.50	59.5	0.05898	35.98	3.50	4.43
lcl|NC_072433.2_cds_XP_055153572.1_41889	45.17	54.83	0.01682	41.81	3.93	4.33
lcl|NC_072433.2_cds_XP_055088945.1_41901	40.92	59.08	0.02809	31.52	3.46	4.24
lcl|NC_072433.2_cds_XP_055155628.1_41922	53.65	46.35	-0.12888	60.71	3.92	3.85
lcl|NC_072433.2_cds_XP_055153674.1_41939	42.56	57.44	0.08511	39.08	3.43	4.33
lcl|NC_072433.2_cds_XP_063468789.1_41942	58.48	41.52	-0.01688	71.25	3.94	3.64
lcl|NC_072433.2_cds_XP_063468797.1_41971	61.15	38.85	-0.00188	81.65	4.26	3.23
lcl|NC_072433.2_cds_XP_055155129.1_41990	59.35	40.65	-0.07646	83.14	4.14	3.57
lcl|NC_072433.2_cds_XP_055153876.1_41996	44.79	55.21	0.00997	41.96	3.92	4.23
lcl|NC_072433.2_cds_XP_055089140.1_42002	47.78	52.22	0.05077	47.63	3.90	4.20
lcl|NC_072433.2_cds_XP_055089146.1_42004	52.23	47.77	0.00184	66.06	3.81	3.84
lcl|NC_072433.2_cds_XP_055089284.1_42037	43.66	56.34	0.03978	41.96	3.63	4.21
lcl|NC_072433.2_cds_XP_055153991.1_42045	50.72	49.28	0.00947	61.49	3.69	3.74
lcl|NC_072433.2_cds_XP_063468818.1_42049	39.04	60.96	0.10112	36.84	3.83	4.29
lcl|NC_072433.2_cds_XP_063468836.1_42140	36.09	63.91	-0.04867	31.62	3.14	3.98
lcl|NC_072433.2_cds_XP_055154078.1_42173	68.16	31.84	-0.03340	71.72	4.58	3.16
lcl|NC_072433.2_cds_XP_055154172.1_42177	57.84	42.16	-0.00396	72.14	4.00	3.51
lcl|NC_072433.2_cds_XP_055153819.1_42185	58.10	41.9	-0.02136	73.51	4.00	3.73
lcl|NC_072433.2_cds_XP_055153817.1_42190	55.98	44.02	0.00000	71.32	4.12	3.60
lcl|NC_072433.2_cds_XP_055155629.1_42199	67.06	32.94	-0.03833	75.82	4.63	3.17
lcl|NC_072433.2_cds_XP_055154770.1_42217	61.74	38.26	-0.02679	67.94	4.07	3.29
lcl|NC_072433.2_cds_XP_055154775.1_42237	62.51	37.49	-0.09148	70.32	4.54	3.66
lcl|NC_072433.2_cds_XP_055154783.1_42254	63.12	36.88	-0.11071	81.90	4.48	3.59
lcl|NC_072433.2_cds_XP_055154781.1_42260	60.05	39.95	0.11357	73.35	4.40	3.46
lcl|NC_072433.2_cds_XP_063467987.1_42275	59.14	40.86	-0.09118	55.78	4.18	3.67
lcl|NC_072433.2_cds_XP_055154782.1_42284	68.80	31.2	-0.15032	71.72	5.28	3.40
lcl|NC_072433.2_cds_XP_055154778.1_42307	55.42	44.58	0.04160	68.49	4.09	3.63
lcl|NC_072433.2_cds_XP_055089039.1_42348	61.41	38.59	0.07954	74.83	4.26	3.45
lcl|NC_072433.2_cds_XP_055089028.1_42363	63.28	36.72	-0.07868	73.48	4.40	3.39
lcl|NC_072433.2_cds_XP_055153617.1_42380	62.51	37.49	0.02847	72.41	4.40	3.48
lcl|NC_072433.2_cds_XP_063468047.1_42464	64.16	35.84	0.29609	64.69	4.05	3.35
lcl|NC_072433.2_cds_XP_055154240.1_42481	54.38	45.62	0.05164	71.01	3.93	3.86
lcl|NC_072433.2_cds_XP_055154199.1_42494	60.48	39.52	-0.14414	61.00	4.53	3.48
lcl|NC_072433.2_cds_XP_055154238.1_42541	58.55	41.45	0.00341	77.05	4.13	3.35
lcl|NC_072433.2_cds_XP_063468040.1_42574	51.43	48.57	-0.01923	64.31	3.83	3.79
lcl|NC_072433.2_cds_XP_055153703.1_42590	55.44	44.56	-0.00143	65.36	4.07	3.89
lcl|NC_072433.2_cds_XP_055088645.1_42597	56.33	43.67	0.03143	70.27	4.00	3.77
lcl|NC_072433.2_cds_XP_063468864.1_42611	61.14	38.86	-0.02442	71.56	4.12	3.67
lcl|NC_072433.2_cds_XP_055089245.1_42630	49.55	50.45	0.07714	50.31	3.63	3.96
lcl|NC_072433.2_cds_XP_055153711.1_42634	54.20	45.8	-0.10181	54.31	4.10	3.95
lcl|NC_072433.2_cds_XP_063468110.1_42664	48.30	51.7	0.01527	42.63	3.64	3.93
lcl|NC_072433.2_cds_XP_055155122.1_42679	40.82	59.18	-0.01562	31.31	3.49	4.40
lcl|NC_072433.2_cds_XP_055088718.1_42687	61.34	38.66	-0.05862	71.63	4.13	3.54
lcl|NC_072433.2_cds_XP_055088707.1_42699	42.44	57.56	-0.01849	34.90	3.47	4.30
lcl|NC_072433.2_cds_XP_055153976.1_42722	55.52	44.48	-0.04629	60.95	4.47	3.74
lcl|NC_072433.2_cds_XP_055088615.1_42731	53.42	46.58	-0.01368	64.39	3.80	3.80
lcl|NC_072433.2_cds_XP_055155067.1_42756	52.53	47.47	-0.02742	64.73	3.83	3.68
lcl|NC_072433.2_cds_XP_055089066.1_42783	49.26	50.74	0.01495	61.39	3.76	3.86
lcl|NC_072433.2_cds_XP_055155003.1_42883	49.20	50.8	-0.03039	60.65	3.81	3.99
lcl|NC_072433.2_cds_XP_063468211.1_42889	39.68	60.32	0.06973	31.05	3.31	4.14
lcl|NC_072433.2_cds_XP_055154988.1_42899	41.62	58.38	0.08841	43.34	3.48	4.26
lcl|NC_072433.2_cds_XP_055088566.1_42922	51.27	48.73	-0.03226	58.88	4.07	3.95
lcl|NC_072433.2_cds_XP_055155162.1_42943	41.19	58.81	0.09387	36.80	3.54	4.28
lcl|NC_072433.2_cds_XP_055153988.1_42962	52.92	47.08	0.06879	53.69	4.57	3.91
lcl|NC_072433.2_cds_XP_055089228.1_42993	42.74	57.26	0.02392	34.24	3.44	4.11
lcl|NC_072433.2_cds_XP_055154384.1_42998	53.47	46.53	0.04731	60.71	3.76	3.92
lcl|NC_072433.2_cds_XP_055154146.1_43010	37.16	62.84	0.07164	26.82	3.37	4.41
lcl|NC_072433.2_cds_XP_063468242.1_43026	41.64	58.36	0.05025	38.64	3.63	4.49
lcl|NC_072433.2_cds_XP_055154152.1_43032	48.44	51.56	-0.03168	54.04	4.12	4.19
lcl|NC_072433.2_cds_XP_055154112.1_43094	43.30	56.7	-0.01654	33.35	3.47	4.10
lcl|NC_072433.2_cds_XP_055089000.1_43103	43.92	56.08	0.08038	36.55	4.06	4.42
lcl|NC_072433.2_cds_XP_055153943.1_43200	42.43	57.57	0.08160	36.11	3.45	4.26
lcl|NC_072433.2_cds_XP_055089314.1_43235	39.74	60.26	0.01835	41.41	3.31	4.33
lcl|NC_072433.2_cds_XP_055089317.1_43238	37.30	62.7	0.11130	32.45	3.39	4.57
lcl|NC_072433.2_cds_XP_055089318.1_43254	50.55	49.45	0.05479	54.35	4.58	4.18
lcl|NC_072433.2_cds_XP_055089324.1_43271	41.17	58.83	0.07087	34.63	3.35	4.22
lcl|NC_072433.2_cds_XP_063468384.1_43342	44.74	55.26	0.04147	46.49	3.61	4.10
lcl|NC_072433.2_cds_XP_055089326.1_43357	42.70	57.3	0.00406	44.22	3.48	4.10
lcl|NC_072433.2_cds_XP_055089366.1_43365	41.81	58.19	0.04895	42.20	3.47	4.16
lcl|NC_072433.2_cds_XP_055153544.1_43375	38.47	61.53	0.13487	30.02	3.41	4.53
lcl|NC_072433.2_cds_XP_055153677.1_43383	44.96	55.04	0.07474	40.42	3.40	4.14
lcl|NC_072433.2_cds_XP_063468918.1_43428	39.87	60.13	0.06144	29.32	3.44	4.48
lcl|NC_072433.2_cds_XP_063468965.1_43483	40.59	59.41	0.02073	38.03	3.48	4.39
lcl|NC_072433.2_cds_XP_055154335.1_43497	41.52	58.48	0.02330	35.04	3.62	4.43
lcl|NC_072433.2_cds_XP_055154351.2_43519	41.66	58.34	0.00302	29.71	3.46	4.09
lcl|NC_072433.2_cds_XP_055154373.1_43543	55.80	44.2	0.07593	68.87	3.91	3.60
lcl|NC_072433.2_cds_XP_055154371.1_43547	42.18	57.82	0.10878	33.12	3.69	4.14
lcl|NC_072433.2_cds_XP_055154437.1_43550	56.07	43.93	-0.08194	66.36	4.97	4.10
lcl|NC_072433.2_cds_XP_055155057.1_43589	45.38	54.62	0.00815	50.66	4.08	4.39
lcl|NC_072433.2_cds_XP_055154670.1_43605	52.07	47.93	-0.06781	60.59	3.98	3.89
lcl|NC_072433.2_cds_XP_055154732.1_43610	40.32	59.68	0.01420	31.08	3.43	4.28
lcl|NC_072433.2_cds_XP_055154917.1_43657	49.38	50.62	-0.02255	52.55	3.67	3.82
lcl|NC_072433.2_cds_XP_055154951.1_43682	42.27	57.73	0.01197	36.94	3.41	4.12
lcl|NC_072433.2_cds_XP_055155038.1_43699	51.24	48.76	0.02752	52.61	3.95	4.02
lcl|NC_072433.2_cds_XP_055155157.1_43734	53.43	46.57	0.00601	54.69	3.83	3.94
lcl|NC_072433.2_cds_XP_055155179.1_43742	46.67	53.33	0.08080	43.03	4.64	4.30
lcl|NC_072433.2_cds_XP_055155193.1_43744	49.66	50.34	0.08940	49.74	3.83	3.70
lcl|NC_072433.2_cds_XP_055155259.1_43747	51.15	48.85	0.08320	49.67	4.48	3.94
lcl|NC_072433.2_cds_XP_055155260.1_43750	52.28	47.72	0.01227	59.00	4.54	4.03
lcl|NC_072433.2_cds_XP_055155314.1_43765	42.46	57.54	0.06875	37.76	3.41	4.22
lcl|NC_072433.2_cds_XP_055155321.1_43774	42.51	57.49	0.06254	37.22	3.68	4.16
lcl|NC_072433.2_cds_XP_055155416.1_43820	37.75	62.25	0.16207	35.34	3.46	4.46
lcl|NC_072433.2_cds_XP_055155457.1_43856	46.13	53.87	-0.03911	42.18	3.51	3.83
lcl|NC_072433.2_cds_XP_055155461.1_43870	42.13	57.87	0.14205	39.00	3.63	4.22
lcl|NC_072433.2_cds_XP_063468488.1_43881	53.39	46.61	-0.00628	60.36	3.81	3.71
lcl|NC_072433.2_cds_XP_063468498.1_43909	66.95	33.05	-0.03854	78.87	4.72	3.25
lcl|NC_072433.2_cds_XP_063468481.1_43949	45.56	54.44	0.05869	43.93	3.60	4.19
lcl|NC_072433.2_cds_XP_055155608.1_43970	51.55	48.45	0.03704	54.50	4.00	4.10
lcl|NC_072433.2_cds_XP_055155654.1_44019	57.73	42.27	-0.00985	70.13	3.91	3.60
lcl|NC_072433.2_cds_XP_055155673.1_44024	52.32	47.68	0.00755	69.98	3.92	3.80
lcl|NC_072433.2_cds_XP_055155695.1_44068	51.76	48.24	0.02263	58.59	3.99	3.81
lcl|NC_072433.2_cds_XP_055155696.1_44077	65.28	34.72	-0.07078	74.29	4.34	3.44
lcl|NC_072433.2_cds_XP_055155712.1_44090	54.88	45.12	0.09894	69.77	4.03	3.91
lcl|NC_072433.2_cds_XP_055155749.1_44121	65.13	34.87	-0.06526	79.21	4.49	3.40
lcl|NC_072433.2_cds_XP_055088670.1_44182	60.18	39.82	-0.09668	72.45	4.57	3.72
lcl|NC_072433.2_cds_XP_055088744.1_44219	66.30	33.7	-0.07351	72.20	4.45	3.47
lcl|NC_072433.2_cds_XP_055088745.1_44221	73.17	26.83	-0.12178	88.59	6.18	3.67
lcl|NC_072433.2_cds_XP_063468596.1_44224	60.06	39.94	0.05778	65.07	4.45	3.91
lcl|NC_072433.2_cds_XP_055088773.1_44245	63.50	36.5	-0.04488	86.60	4.36	3.37
lcl|NC_072433.2_cds_XP_055088817.2_44290	52.24	47.76	0.00455	52.65	4.21	3.79
lcl|NC_072433.2_cds_XP_055088819.1_44295	57.25	42.75	0.01955	71.60	4.32	3.99
lcl|NC_072433.2_cds_XP_055088869.1_44352	54.91	45.09	-0.02211	62.82	3.83	4.01
lcl|NC_072441.2_cds_XP_063481294.1_44419	48.69	51.31	-0.04473	50.39	3.54	4.18
lcl|NC_072441.2_cds_XP_063481286.1_44485	45.36	54.64	-0.02057	42.91	3.68	4.02
lcl|NC_072441.2_cds_XP_063480099.1_44536	43.94	56.06	0.01815	39.95	3.52	4.27
lcl|NC_072441.2_cds_XP_063480096.1_44538	48.16	51.84	0.21419	42.18	3.66	4.08
lcl|NC_072441.2_cds_XP_063480128.1_44569	38.03	61.97	-0.03087	30.52	3.84	4.58
lcl|NC_072441.2_cds_XP_063480177.1_44595	41.45	58.55	0.06584	31.53	3.32	4.27
lcl|NC_072441.2_cds_XP_063480163.1_44600	38.88	61.12	0.08545	30.12	3.43	4.41
lcl|NC_072441.2_cds_XP_063480250.1_44673	43.29	56.71	-0.01085	41.34	3.54	4.26
lcl|NC_072441.2_cds_XP_063480270.1_44680	41.25	58.75	0.06278	39.30	3.46	4.25
lcl|NC_072441.2_cds_XP_063480293.1_44725	40.40	59.6	0.00278	38.57	3.60	4.45
lcl|NC_072441.2_cds_XP_063480312.1_44733	49.26	50.74	0.05860	47.00	4.51	4.48
lcl|NC_072441.2_cds_XP_063480338.1_44756	47.81	52.19	0.13228	28.97	3.65	4.11
lcl|NC_072441.2_cds_XP_063480337.1_44798	42.27	57.73	-0.00919	37.92	3.51	4.39
lcl|NC_072441.2_cds_XP_063484080.1_44799	44.99	55.01	0.00729	42.08	3.58	4.07
lcl|NC_072441.2_cds_XP_063480380.1_44800	40.31	59.69	0.00089	31.33	3.56	4.41
lcl|NC_072441.2_cds_XP_063481399.1_44818	39.53	60.47	0.10616	28.83	3.55	4.39
lcl|NC_072441.2_cds_XP_063481402.1_44856	42.41	57.59	-0.04666	47.50	3.40	4.19
lcl|NC_072441.2_cds_XP_063481500.1_44873	38.50	61.5	0.03985	30.24	3.36	4.34
lcl|NC_072441.2_cds_XP_063481452.1_44897	35.68	64.32	0.11529	27.70	3.33	4.48
lcl|NC_072441.2_cds_XP_063481548.1_44916	49.83	50.17	-0.02253	54.47	3.77	4.00
lcl|NC_072441.2_cds_XP_063481526.1_44919	37.83	62.17	0.01578	32.67	3.29	4.38
lcl|NC_072441.2_cds_XP_063481449.1_44941	39.07	60.93	0.06458	30.61	3.43	4.39
lcl|NC_072441.2_cds_XP_063481544.1_44964	41.45	58.55	0.08851	37.82	3.45	4.05
lcl|NC_072441.2_cds_XP_063481464.1_44979	36.38	63.62	0.15869	30.79	3.28	4.39
lcl|NC_072441.2_cds_XP_063481616.1_45019	55.35	44.65	-0.02564	66.05	3.88	3.70
lcl|NC_072441.2_cds_XP_063481608.1_45031	52.52	47.48	-0.02931	63.76	3.80	3.88
lcl|NC_072441.2_cds_XP_063481610.1_45036	39.63	60.37	0.01060	32.76	3.25	4.41
lcl|NC_072441.2_cds_XP_063480410.1_45070	44.83	55.17	0.06377	39.08	3.59	4.09
lcl|NC_072441.2_cds_XP_063481650.1_45086	40.14	59.86	0.08992	31.18	3.39	4.34
lcl|NC_072441.2_cds_XP_063480437.1_45170	51.51	48.49	0.13319	28.18	3.84	4.02
lcl|NC_072441.2_cds_XP_063480474.1_45195	42.81	57.19	0.07556	42.81	3.64	4.31
lcl|NC_072441.2_cds_XP_063480477.1_45211	43.29	56.71	-0.05796	39.90	3.51	4.35
lcl|NC_072441.2_cds_XP_063480507.1_45234	42.13	57.87	0.06053	33.08	3.56	4.19
lcl|NC_072441.2_cds_XP_063480502.1_45245	53.45	46.55	-0.06888	63.91	3.70	3.64
lcl|NC_072441.2_cds_XP_063480522.1_45254	61.39	38.61	-0.04630	72.61	4.33	3.37
lcl|NC_072441.2_cds_XP_063480609.1_45314	60.61	39.39	-0.01500	79.09	4.34	3.59
lcl|NC_072441.2_cds_XP_063480623.1_45349	55.16	44.84	0.01007	69.88	4.23	3.50
lcl|NC_072441.2_cds_XP_063480635.1_45365	56.78	43.22	0.04922	54.40	4.40	3.63
lcl|NC_072441.2_cds_XP_063481760.1_45498	57.83	42.17	-0.03724	70.11	4.22	3.50
lcl|NC_072441.2_cds_XP_063481799.1_45521	45.18	54.82	-0.01592	44.84	3.78	4.13
lcl|NC_072441.2_cds_XP_063481794.1_45525	45.86	54.14	0.05934	40.62	3.91	4.16
lcl|NC_072441.2_cds_XP_063481862.1_45596	49.90	50.1	-0.12079	48.55	3.73	4.00
lcl|NC_072441.2_cds_XP_063481880.1_45612	48.70	51.3	0.01961	44.36	4.51	3.97
lcl|NC_072441.2_cds_XP_063481887.1_45618	42.54	57.46	0.02780	40.11	3.46	4.14
lcl|NC_072441.2_cds_XP_063481895.1_45630	43.63	56.37	0.09946	38.70	3.52	4.05
lcl|NC_072441.2_cds_XP_063481884.1_45640	33.57	66.43	0.15854	28.76	3.42	4.54
lcl|NC_072441.2_cds_XP_063480734.1_45665	49.58	50.42	0.03611	55.57	3.85	3.71
lcl|NC_072441.2_cds_XP_063480724.1_45671	59.10	40.9	0.01206	76.07	3.93	3.44
lcl|NC_072441.2_cds_XP_063480740.1_45676	56.22	43.78	0.05450	68.33	4.09	3.97
lcl|NC_072441.2_cds_XP_063480736.1_45677	50.00	50	0.02703	56.08	3.63	3.78
lcl|NC_072441.2_cds_XP_063480728.1_45681	48.39	51.61	0.01355	47.99	3.67	3.67
lcl|NC_072441.2_cds_XP_063480772.1_45706	44.03	55.97	0.13713	43.11	3.53	3.86
lcl|NC_072441.2_cds_XP_063480766.1_45712	42.14	57.86	0.02562	39.50	3.44	4.20
lcl|NC_072441.2_cds_XP_063481958.1_45752	53.71	46.29	-0.00126	55.30	3.76	3.60
lcl|NC_072441.2_cds_XP_063481917.1_45784	51.45	48.55	0.03206	55.11	3.67	3.62
lcl|NC_072441.2_cds_XP_063481972.1_45795	50.31	49.69	0.06560	56.22	3.69	3.97
lcl|NC_072441.2_cds_XP_063481966.1_45821	58.88	41.12	0.14237	63.53	4.11	3.53
lcl|NC_072441.2_cds_XP_063481962.1_45825	54.79	45.21	0.03125	55.65	3.92	3.58
lcl|NC_072441.2_cds_XP_063481961.1_45881	56.48	43.52	-0.12242	53.89	4.01	3.73
lcl|NC_072441.2_cds_XP_063481977.1_45888	47.79	52.21	0.11574	49.23	3.80	4.16
lcl|NC_072441.2_cds_XP_063482126.1_45950	55.69	44.31	0.10213	59.36	3.86	3.58
lcl|NC_072441.2_cds_XP_063482071.1_46010	50.84	49.16	-0.13901	47.61	3.81	3.88
lcl|NC_072441.2_cds_XP_063482100.1_46042	64.04	35.96	-0.08870	65.92	4.40	3.47
lcl|NC_072441.2_cds_XP_063482105.1_46066	52.47	47.53	-0.02406	52.43	3.88	3.74
lcl|NC_072441.2_cds_XP_063482086.1_46088	51.02	48.98	0.02375	53.52	3.81	3.67
lcl|NC_072441.2_cds_XP_063482291.1_46161	64.38	35.62	-0.08065	70.20	5.02	3.61
lcl|NC_072441.2_cds_XP_063482283.1_46207	60.75	39.25	-0.04539	63.94	4.14	3.55
lcl|NC_072441.2_cds_XP_063482297.1_46217	54.01	45.99	-0.02538	64.98	3.77	3.54
lcl|NC_072441.2_cds_XP_063482276.1_46248	51.19	48.81	-0.07337	51.31	3.61	3.76
lcl|NC_072441.2_cds_XP_063482289.1_46250	59.00	41	0.16847	68.77	4.16	3.43
lcl|NC_072441.2_cds_XP_063482275.1_46293	59.62	40.38	0.26565	71.08	4.55	3.86
lcl|NC_072441.2_cds_XP_063482271.1_46296	55.97	44.03	0.00975	47.99	3.69	3.49
lcl|NC_072441.2_cds_XP_063482274.1_46297	49.21	50.79	0.04536	33.82	3.47	3.49
lcl|NC_072441.2_cds_XP_063482525.1_46406	60.24	39.76	0.04112	75.26	4.41	3.60
lcl|NC_072441.2_cds_XP_063482523.1_46410	53.00	47	-0.00170	63.06	3.79	3.73
lcl|NC_072441.2_cds_XP_063482460.1_46439	62.13	37.87	-0.07101	68.75	4.29	3.40
lcl|NC_072441.2_cds_XP_063482454.1_46479	44.67	55.33	0.01293	43.73	3.58	4.13
lcl|NC_072441.2_cds_XP_063482472.1_46521	53.14	46.86	-0.08938	52.60	3.96	3.65
lcl|NC_072441.2_cds_XP_063482466.1_46557	54.36	45.64	-0.03136	72.89	3.95	3.58
lcl|NC_072441.2_cds_XP_063480870.1_46589	52.37	47.63	-0.00249	57.58	3.90	3.80
lcl|NC_072441.2_cds_XP_063482690.1_46660	61.60	38.4	-0.04540	66.44	4.09	3.68
lcl|NC_072441.2_cds_XP_063480881.1_46741	55.84	44.16	0.03498	59.91	3.86	3.45
lcl|NC_072441.2_cds_XP_063482816.1_46791	64.00	36	-0.06566	69.39	4.64	3.79
lcl|NC_072441.2_cds_XP_063482759.1_46799	44.02	55.98	-0.00613	39.97	3.53	4.07
lcl|NC_072441.2_cds_XP_063482767.1_46835	50.09	49.91	0.02642	49.55	3.71	3.71
lcl|NC_072441.2_cds_XP_063482780.1_46859	58.83	41.17	0.00489	70.25	4.22	3.48
lcl|NC_072441.2_cds_XP_063482942.1_46961	55.16	44.84	-0.02793	64.31	3.76	3.62
lcl|NC_072441.2_cds_XP_063480933.1_46990	56.60	43.4	0.01262	68.89	3.82	3.66
lcl|NC_072441.2_cds_XP_063480942.1_47002	62.17	37.83	0.01352	67.54	4.25	3.41
lcl|NC_072441.2_cds_XP_063480941.1_47004	59.24	40.76	0.15885	61.70	4.19	3.73
lcl|NC_072441.2_cds_XP_063483009.1_47030	60.96	39.04	-0.03654	73.96	4.03	3.46
lcl|NC_072441.2_cds_XP_063480969.1_47033	63.29	36.71	-0.08980	69.46	4.16	3.39
lcl|NC_072441.2_cds_XP_063482996.1_47047	56.95	43.05	-0.04868	63.11	3.95	3.73
lcl|NC_072441.2_cds_XP_063480977.1_47058	53.92	46.08	-0.06683	56.86	3.88	3.85
lcl|NC_072441.2_cds_XP_063481019.1_47131	48.96	51.04	0.13256	54.32	3.60	3.70
lcl|NC_072441.2_cds_XP_063481034.1_47192	63.62	36.38	-0.06738	69.12	4.38	3.41
lcl|NC_072441.2_cds_XP_063483032.1_47209	56.90	43.1	0.01205	73.36	3.96	3.29
lcl|NC_072441.2_cds_XP_063483030.1_47212	51.72	48.28	-0.00250	63.79	3.63	3.91
lcl|NC_072441.2_cds_XP_063483028.1_47240	48.95	51.05	0.03532	52.27	3.70	3.72
lcl|NC_072441.2_cds_XP_063483089.1_47309	57.96	42.04	0.11900	58.08	3.97	3.48
lcl|NC_072441.2_cds_XP_063483101.1_47350	62.81	37.19	-0.03383	68.12	4.21	3.26
lcl|NC_072441.2_cds_XP_063483216.1_47429	50.29	49.71	0.00000	58.60	3.64	3.69
lcl|NC_072441.2_cds_XP_063481126.1_47495	57.57	42.43	0.12331	71.05	3.88	3.53
lcl|NC_072441.2_cds_XP_063481143.1_47530	44.09	55.91	0.01642	53.38	3.51	4.15
lcl|NC_072441.2_cds_XP_063481150.1_47540	44.05	55.95	0.04293	34.14	3.48	4.19
lcl|NC_072441.2_cds_XP_063481207.1_47573	42.74	57.26	0.04174	36.79	3.45	3.98
lcl|NC_072441.2_cds_XP_063483266.1_47594	45.40	54.6	-0.12703	45.66	3.49	4.03
lcl|NC_072441.2_cds_XP_063483270.1_47606	42.69	57.31	-0.01712	40.35	3.51	4.21
lcl|NC_072441.2_cds_XP_063483274.1_47643	41.15	58.85	0.00847	46.23	3.48	4.30
lcl|NC_072441.2_cds_XP_063483340.1_47656	46.61	53.39	-0.06752	32.60	3.60	4.04
lcl|NC_072441.2_cds_XP_063483396.1_47690	47.97	52.03	-0.01118	50.80	3.85	3.87
lcl|NC_072441.2_cds_XP_063483364.1_47709	41.97	58.03	0.04057	33.73	3.87	4.40
lcl|NC_072441.2_cds_XP_063483395.1_47727	35.03	64.97	0.06633	33.60	3.40	4.83
lcl|NC_072441.2_cds_XP_063483391.1_47762	48.05	51.95	-0.05623	39.38	3.50	3.84
lcl|NC_072441.2_cds_XP_063483371.1_47763	44.31	55.69	0.12874	44.34	3.30	3.92
lcl|NC_072441.2_cds_XP_063483369.1_47789	58.95	41.05	0.06916	73.92	4.06	3.64
lcl|NC_072441.2_cds_XP_055111206.1_47795	58.77	41.23	0.06806	73.69	4.04	3.62
lcl|NC_072441.2_cds_XP_055111662.1_47800	56.00	44	0.00569	66.67	3.87	3.65
lcl|NC_072441.2_cds_XP_055111357.2_47811	54.04	45.96	0.00585	59.43	3.78	3.52
lcl|NC_072441.2_cds_XP_055110518.1_47816	56.31	43.69	-0.01318	68.69	4.04	3.58
lcl|NC_072441.2_cds_XP_055111667.1_47821	55.21	44.79	-0.00625	57.25	3.77	3.76
lcl|NC_072441.2_cds_XP_063483494.1_47826	49.60	50.4	0.00052	52.36	3.68	3.92
lcl|NC_072441.2_cds_XP_055111691.1_47874	52.18	47.82	0.00756	51.99	3.86	3.84
lcl|NC_072441.2_cds_XP_055111097.1_47889	39.49	60.51	0.12701	37.81	3.51	4.38
lcl|NC_072441.2_cds_XP_063483498.1_47897	43.69	56.31	0.06573	41.34	3.39	4.06
lcl|NC_072441.2_cds_XP_055111005.1_47924	41.82	58.18	0.04769	34.12	3.48	4.09
lcl|NC_072441.2_cds_XP_055110513.2_47939	64.79	35.21	-0.00967	70.59	4.37	3.54
lcl|NC_072441.2_cds_XP_055110733.1_47963	44.45	55.55	0.09650	44.43	3.75	4.13
lcl|NC_072441.2_cds_XP_063483511.1_47998	42.85	57.15	0.03563	35.68	3.40	4.03
lcl|NC_072441.2_cds_XP_063483485.1_48071	41.53	58.47	-0.04608	34.52	3.45	4.23
lcl|NC_072441.2_cds_XP_063483683.1_48149	57.55	42.45	0.02187	68.08	3.87	3.49
lcl|NC_072441.2_cds_XP_063483658.1_48210	57.71	42.29	-0.04696	61.57	4.06	3.69
lcl|NC_072441.2_cds_XP_055111261.1_48224	57.00	43	0.00154	55.30	4.16	3.63
lcl|NC_072441.2_cds_XP_055111708.1_48282	55.27	44.73	-0.02947	60.32	4.30	3.71
lcl|NC_072441.2_cds_XP_055111714.1_48293	60.21	39.79	0.05973	73.43	4.28	3.42
lcl|NC_072441.2_cds_XP_055110552.1_48298	61.54	38.46	-0.07782	72.59	4.09	3.35
lcl|NC_072441.2_cds_XP_055110899.1_48423	56.85	43.15	-0.02676	71.47	3.84	3.40
lcl|NC_072441.2_cds_XP_063483682.1_48433	59.69	40.31	-0.82339	58.12	4.08	3.60
lcl|NC_072441.2_cds_XP_055111124.1_48434	50.33	49.67	0.07463	54.74	3.85	3.66
lcl|NC_072441.2_cds_XP_055111110.1_48448	60.86	39.14	-0.02058	76.88	4.27	3.44
lcl|NC_072441.2_cds_XP_063483640.1_48465	58.53	41.47	-0.04778	62.92	4.07	3.48
lcl|NC_072441.2_cds_XP_055111488.1_48484	61.55	38.45	0.00143	72.61	4.45	3.46
lcl|NC_072441.2_cds_XP_063483669.1_48490	48.34	51.66	0.04619	58.64	3.56	3.90
lcl|NC_072441.2_cds_XP_063483652.1_48495	52.30	47.7	0.08660	55.69	3.74	3.88
lcl|NC_072441.2_cds_XP_055111372.1_48549	60.09	39.91	-0.13884	65.71	4.17	3.56
lcl|NC_072441.2_cds_XP_055111037.1_48661	39.90	60.1	0.04188	33.84	3.58	4.33
lcl|NC_072441.2_cds_XP_055111139.1_48774	46.57	53.43	0.08021	47.48	3.56	3.95
lcl|NC_072441.2_cds_XP_055111220.1_48801	50.94	49.06	0.07176	59.05	3.96	3.93
lcl|NC_072441.2_cds_XP_063483956.1_48814	65.46	34.54	0.01359	78.65	4.71	3.50
lcl|NC_072441.2_cds_XP_055110561.1_48841	57.64	42.36	-0.05091	79.02	4.30	3.40
lcl|NC_072441.2_cds_XP_055110567.1_48847	62.17	37.83	-0.11723	77.06	4.06	3.44
lcl|NC_072441.2_cds_XP_055111717.1_48868	49.56	50.44	0.05070	47.54	3.85	4.03
lcl|NC_072441.2_cds_XP_055110928.1_48882	66.83	33.17	-0.02251	73.52	4.84	3.46
lcl|NC_072441.2_cds_XP_055110924.1_48898	45.68	54.32	0.02712	39.84	3.56	4.11
lcl|NC_072441.2_cds_XP_055110917.1_48905	54.88	45.12	-0.02355	66.48	3.98	3.58
lcl|NC_072441.2_cds_XP_055110923.1_48908	47.91	52.09	0.02986	45.82	3.67	3.95
lcl|NC_072441.2_cds_XP_055110822.1_48909	44.00	56	0.16916	40.26	3.45	3.99
lcl|NC_072441.2_cds_XP_055110671.1_48925	49.65	50.35	0.01918	54.48	3.62	3.90
lcl|NC_072441.2_cds_XP_055110652.1_48931	42.34	57.66	0.02184	37.94	3.56	4.18
lcl|NC_072441.2_cds_XP_055110665.1_48951	35.96	64.04	0.02875	31.52	3.24	4.55
lcl|NC_072441.2_cds_XP_055110638.1_48959	38.34	61.66	0.00197	32.65	3.50	4.60
lcl|NC_072441.2_cds_XP_055110690.1_48971	66.87	33.13	-0.02645	79.08	4.89	3.19
lcl|NC_072441.2_cds_XP_055110861.1_48988	57.61	42.39	-0.05548	69.15	3.99	3.53
lcl|NC_072441.2_cds_XP_063484018.1_49002	53.30	46.7	0.05707	57.13	3.74	3.80
lcl|NC_072441.2_cds_XP_055110879.1_49003	61.56	38.44	-0.13812	68.03	4.29	3.33
lcl|NC_072441.2_cds_XP_055111499.1_49078	66.94	33.06	-0.14325	69.13	4.77	3.15
lcl|NC_072441.2_cds_XP_055111565.2_49126	56.59	43.41	-0.01018	60.80	3.96	3.59
lcl|NC_072441.2_cds_XP_055111286.1_49155	62.46	37.54	-0.01172	67.13	4.12	3.39
lcl|NC_072441.2_cds_XP_055110850.1_49159	64.08	35.92	-0.03575	77.99	4.48	3.43
lcl|NC_072441.2_cds_XP_063481270.1_49176	64.02	35.98	0.08491	57.60	4.32	3.44
lcl|NC_072441.2_cds_XP_055111619.2_49216	52.36	47.64	-0.00311	49.19	3.78	3.83
lcl|NC_072435.2_cds_XP_055095046.1_49241	61.84	38.16	0.01999	70.10	4.52	3.61
lcl|NC_072435.2_cds_XP_063471338.1_49329	46.56	53.44	0.04394	42.54	4.05	4.08
lcl|NC_072435.2_cds_XP_055093429.2_49453	41.96	58.04	0.03833	42.32	3.34	4.21
lcl|NC_072435.2_cds_XP_055096132.1_49456	48.31	51.69	0.09043	49.65	3.57	3.70
lcl|NC_072435.2_cds_XP_055093507.1_49471	45.88	54.12	0.04682	44.19	3.78	3.81
lcl|NC_072435.2_cds_XP_063471328.1_49532	53.04	46.96	0.04105	62.40	3.69	3.67
lcl|NC_072435.2_cds_XP_055092753.1_49534	48.84	51.16	0.01304	58.45	3.64	4.04
lcl|NC_072435.2_cds_XP_055093845.1_49536	47.15	52.85	0.03248	54.45	3.62	3.89
lcl|NC_072435.2_cds_XP_055092865.1_49537	50.32	49.68	0.02530	61.71	3.76	3.97
lcl|NC_072435.2_cds_XP_055092765.1_49538	44.81	55.19	0.02302	51.45	3.58	4.10
lcl|NC_072435.2_cds_XP_055093652.1_49550	45.55	54.45	0.05085	52.47	3.45	3.95
lcl|NC_072435.2_cds_XP_063471329.1_49576	71.95	28.05	-0.09801	88.28	5.75	3.14
lcl|NC_072435.2_cds_XP_055093643.1_49589	65.37	34.63	-0.15581	68.55	4.44	3.22
lcl|NC_072435.2_cds_XP_055093647.1_49593	70.89	29.11	-0.12095	83.13	5.32	3.38
lcl|NC_072435.2_cds_XP_055093099.1_49611	62.19	37.81	-0.11614	73.22	4.24	3.40
lcl|NC_072435.2_cds_XP_063471341.1_49623	61.96	38.04	-0.03494	77.60	4.23	3.21
lcl|NC_072435.2_cds_XP_055091596.1_49634	58.33	41.67	0.01999	70.67	3.94	3.49
lcl|NC_072435.2_cds_XP_055094762.1_49663	53.53	46.47	0.04460	66.82	3.99	3.79
lcl|NC_072435.2_cds_XP_055094756.1_49664	52.81	47.19	0.04914	66.70	4.06	3.67
lcl|NC_072435.2_cds_XP_055094759.1_49854	57.79	42.21	0.01574	74.98	4.03	3.72
lcl|NC_072435.2_cds_XP_055094765.1_49871	40.03	59.97	0.04288	34.60	3.23	3.72
lcl|NC_072435.2_cds_XP_055094790.1_49892	41.05	58.95	0.01163	36.63	3.22	3.83
lcl|NC_072435.2_cds_XP_063471592.1_49912	42.12	57.88	0.05194	38.42	3.32	3.69
lcl|NC_072435.2_cds_XP_055094782.1_49970	40.63	59.37	0.03993	35.73	3.26	3.78
lcl|NC_072435.2_cds_XP_063471563.1_50011	39.50	60.5	0.03729	34.94	3.31	3.93
lcl|NC_072435.2_cds_XP_055094773.1_50018	40.60	59.4	0.06206	35.42	3.37	3.90
lcl|NC_072435.2_cds_XP_055092982.2_50157	64.45	35.55	-0.06725	70.40	4.71	3.58
lcl|NC_072435.2_cds_XP_055091970.1_50229	68.74	31.26	-0.08920	78.75	5.16	3.49
lcl|NC_072435.2_cds_XP_063471738.1_50269	58.89	41.11	0.04031	74.85	4.27	3.50
lcl|NC_072435.2_cds_XP_055095468.1_50279	64.83	35.17	-0.00789	84.66	4.60	3.25
lcl|NC_072435.2_cds_XP_055093022.1_50298	64.05	35.95	0.11957	79.58	4.56	3.48
lcl|NC_072435.2_cds_XP_055094385.1_50308	49.20	50.8	-0.00544	54.47	3.59	3.64
lcl|NC_072435.2_cds_XP_055092730.1_50363	63.80	36.2	-0.11347	71.12	4.75	3.56
lcl|NC_072435.2_cds_XP_055092522.1_50377	61.38	38.62	-0.05830	82.52	4.52	3.56
lcl|NC_072435.2_cds_XP_055093237.1_50391	58.98	41.02	-0.07090	73.12	4.09	3.61
lcl|NC_072435.2_cds_XP_063471767.1_50423	68.65	31.35	-0.05745	78.15	5.14	3.42
lcl|NC_072435.2_cds_XP_055093232.1_50428	67.78	32.22	-0.11057	73.15	4.85	3.59
lcl|NC_072435.2_cds_XP_063471765.1_50509	63.86	36.14	-0.02731	76.82	4.55	3.41
lcl|NC_072435.2_cds_XP_055096323.1_50518	62.87	37.13	0.07365	77.99	4.29	3.44
lcl|NC_072435.2_cds_XP_055091799.1_50591	68.46	31.54	0.00303	79.56	5.52	3.50
lcl|NC_072435.2_cds_XP_055091785.1_50616	71.06	28.94	-0.04227	81.71	5.45	3.27
lcl|NC_072435.2_cds_XP_055091788.1_50627	70.31	29.69	-0.06099	86.54	5.75	3.42
lcl|NC_072435.2_cds_XP_055091791.1_50704	67.06	32.94	0.15283	79.47	4.97	3.43
lcl|NC_072435.2_cds_XP_055091796.1_50708	60.25	39.75	0.01984	72.83	4.10	3.43
lcl|NC_072435.2_cds_XP_055096133.1_50737	70.62	29.38	-0.21258	82.77	5.33	3.50
lcl|NC_072435.2_cds_XP_055093151.1_50741	61.97	38.03	-0.05582	74.28	4.49	3.76
lcl|NC_072435.2_cds_XP_055092633.1_50757	64.68	35.32	0.01621	87.20	4.74	3.85
lcl|NC_072435.2_cds_XP_055096092.1_50765	63.11	36.89	-0.04806	78.83	4.43	3.41
lcl|NC_072435.2_cds_XP_055093458.1_50803	64.37	35.63	-0.03098	72.62	4.74	3.41
lcl|NC_072435.2_cds_XP_055093455.1_50818	47.40	52.6	0.00047	53.27	3.86	3.90
lcl|NC_072435.2_cds_XP_055092278.1_50841	60.71	39.29	-0.04685	77.13	4.46	3.42
lcl|NC_072435.2_cds_XP_055091605.1_50930	61.62	38.38	-0.10214	70.28	4.45	3.75
lcl|NC_072435.2_cds_XP_055096158.1_50952	56.29	43.71	-0.01566	74.58	3.92	3.65
lcl|NC_072435.2_cds_XP_055096185.2_50979	56.98	43.02	0.04647	72.14	4.11	3.71
lcl|NC_072435.2_cds_XP_055096181.1_50982	49.19	50.81	-0.01757	59.19	3.56	3.78
lcl|NC_072435.2_cds_XP_055096162.1_50997	55.12	44.88	0.00394	70.21	4.10	3.70
lcl|NC_072435.2_cds_XP_055096165.1_50998	60.75	39.25	0.02669	73.68	4.47	3.71
lcl|NC_072435.2_cds_XP_063471830.1_51030	64.05	35.95	-0.00861	79.71	4.43	3.47
lcl|NC_072435.2_cds_XP_055096180.1_51037	67.06	32.94	-0.05169	79.52	4.90	3.55
lcl|NC_072435.2_cds_XP_055096184.1_51042	61.29	38.71	0.01525	82.83	4.55	3.37
lcl|NC_072435.2_cds_XP_055093823.1_51107	67.82	32.18	-0.31932	61.52	4.74	3.24
lcl|NC_072435.2_cds_XP_055093477.1_51135	61.79	38.21	0.01709	73.41	4.20	3.35
lcl|NC_072435.2_cds_XP_055093478.1_51142	72.23	27.77	0.03304	81.93	5.24	3.21
lcl|NC_072435.2_cds_XP_055092718.1_51163	64.68	35.32	-0.02822	76.25	4.56	3.50
lcl|NC_072435.2_cds_XP_055093811.1_51238	50.79	49.21	-0.22946	48.44	3.55	3.69
lcl|NC_072435.2_cds_XP_055094543.1_51324	65.22	34.78	0.08367	58.33	4.58	3.40
lcl|NC_072435.2_cds_XP_063472048.1_51346	56.01	43.99	0.01254	68.75	4.13	3.81
lcl|NC_072435.2_cds_XP_055094182.1_51354	68.50	31.5	0.03735	77.51	4.89	3.58
lcl|NC_072435.2_cds_XP_063472055.1_51363	62.00	38	0.01471	77.53	4.29	3.56
lcl|NC_072435.2_cds_XP_055094474.1_51374	60.95	39.05	-0.05549	75.31	4.45	3.53
lcl|NC_072435.2_cds_XP_055094462.1_51398	58.22	41.78	0.03435	67.56	4.36	3.78
lcl|NC_072435.2_cds_XP_055094490.1_51416	58.93	41.07	-0.06917	78.86	4.57	3.48
lcl|NC_072435.2_cds_XP_055094444.1_51452	60.76	39.24	-0.01388	77.81	4.47	3.69
lcl|NC_072435.2_cds_XP_063472056.1_51473	58.05	41.95	-0.00818	72.43	4.07	3.75
lcl|NC_072435.2_cds_XP_055092608.1_51491	65.04	34.96	-0.02140	76.57	4.36	3.29
lcl|NC_072435.2_cds_XP_055092606.1_51496	61.10	38.9	-0.04295	76.19	4.42	3.51
lcl|NC_072435.2_cds_XP_055093169.1_51642	60.32	39.68	-0.01798	74.75	4.41	3.64
lcl|NC_072435.2_cds_XP_063472155.1_51657	59.25	40.75	-0.06816	77.46	4.33	3.64
lcl|NC_072435.2_cds_XP_055092397.1_51704	63.57	36.43	-0.08417	77.32	4.57	3.54
lcl|NC_072435.2_cds_XP_055091670.1_51766	59.67	40.33	-0.03808	75.85	4.72	3.91
lcl|NC_072435.2_cds_XP_055094102.1_51774	65.01	34.99	-0.02455	82.48	4.78	3.60
lcl|NC_072435.2_cds_XP_055094111.1_51788	62.92	37.08	-0.02838	72.90	4.53	3.29
lcl|NC_072435.2_cds_XP_055094106.1_51807	67.19	32.81	-0.07783	84.40	4.72	3.27
lcl|NC_072435.2_cds_XP_063472219.1_51835	62.80	37.2	-0.08882	82.93	4.61	3.42
lcl|NC_072435.2_cds_XP_063472305.1_51840	58.39	41.61	-0.06059	74.95	4.09	3.57
lcl|NC_072435.2_cds_XP_055091483.1_51856	63.87	36.13	0.03728	79.40	4.70	3.57
lcl|NC_072435.2_cds_XP_063472328.1_51900	56.28	43.72	-0.10423	71.58	3.86	3.64
lcl|NC_072435.2_cds_XP_055091479.1_51934	66.18	33.82	-0.03601	73.77	4.60	3.31
lcl|NC_072435.2_cds_XP_055091480.1_51942	60.49	39.51	-0.17885	71.94	4.53	3.78
lcl|NC_072435.2_cds_XP_055095203.1_51956	65.32	34.68	-0.05568	75.37	4.46	3.38
lcl|NC_072435.2_cds_XP_055095212.1_51964	66.21	33.79	-0.00986	74.93	4.64	3.36
lcl|NC_072435.2_cds_XP_055095122.1_52023	54.40	45.6	-0.03929	61.43	3.83	3.75
lcl|NC_072435.2_cds_XP_055095132.1_52041	64.22	35.78	-0.14430	80.39	4.91	3.61
lcl|NC_072435.2_cds_XP_055095107.1_52051	57.70	42.3	0.01493	69.50	4.06	3.59
lcl|NC_072435.2_cds_XP_055095118.1_52060	60.63	39.37	0.00948	82.07	4.41	3.61
lcl|NC_072435.2_cds_XP_055095106.2_52063	61.48	38.52	-0.00196	74.37	4.42	3.58
lcl|NC_072435.2_cds_XP_055095240.1_52073	60.04	39.96	-0.01210	79.14	4.32	3.78
lcl|NC_072435.2_cds_XP_063472235.1_52120	66.72	33.28	0.01188	82.49	5.08	3.51
lcl|NC_072435.2_cds_XP_055095241.1_52159	56.97	43.03	0.01053	76.48	4.08	3.61
lcl|NC_072435.2_cds_XP_055095253.1_52161	68.01	31.99	-0.06771	80.26	4.73	3.15
lcl|NC_072435.2_cds_XP_055095261.1_52164	62.85	37.15	-0.06079	74.27	4.36	3.60
lcl|NC_072435.2_cds_XP_055095248.2_52174	62.01	37.99	-0.04464	75.60	4.44	3.56
lcl|NC_072435.2_cds_XP_063472210.1_52230	63.77	36.23	-0.07653	76.59	4.63	3.34
lcl|NC_072435.2_cds_XP_055092429.1_52262	62.07	37.93	-0.09307	71.83	4.20	3.49
lcl|NC_072435.2_cds_XP_055091658.1_52346	60.15	39.85	0.01128	79.65	4.44	3.96
lcl|NC_072435.2_cds_XP_055093358.1_52367	51.71	48.29	0.02143	54.02	3.97	4.05
lcl|NC_072435.2_cds_XP_055093356.1_52420	61.94	38.06	-0.00568	68.02	4.23	3.40
lcl|NC_072435.2_cds_XP_055092863.1_52448	68.45	31.55	-0.03199	82.20	4.79	3.39
lcl|NC_072435.2_cds_XP_055092066.2_52458	64.04	35.96	-0.02419	73.94	4.50	3.33
lcl|NC_072435.2_cds_XP_063472239.1_52476	62.26	37.74	-0.05249	82.82	4.47	3.35
lcl|NC_072435.2_cds_XP_055092068.1_52494	38.56	61.44	-0.05904	34.69	3.19	3.85
lcl|NC_072435.2_cds_XP_063472312.1_52524	36.68	63.32	-0.02708	30.91	3.20	3.98
lcl|NC_072435.2_cds_XP_063472242.1_52558	36.78	63.22	-0.09064	33.14	3.22	4.07
lcl|NC_072435.2_cds_XP_055092050.1_52566	38.55	61.45	-0.00812	35.21	3.21	3.83
lcl|NC_072435.2_cds_XP_055092071.1_52564	38.12	61.88	-0.03640	35.60	3.25	4.08
lcl|NC_072435.2_cds_XP_063472225.1_52574	36.51	63.49	0.00842	31.57	3.21	3.98
lcl|NC_072435.2_cds_XP_055093004.1_52581	35.80	64.2	0.00183	30.94	3.23	3.99
lcl|NC_072435.2_cds_XP_063472248.1_52594	38.34	61.66	-0.04038	33.88	3.29	4.04
lcl|NC_072435.2_cds_XP_055091769.1_52659	61.09	38.91	-0.02807	78.19	4.35	3.52
lcl|NC_072435.2_cds_XP_055093173.1_52674	56.53	43.47	-0.09428	74.95	4.18	3.61
lcl|NC_072435.2_cds_XP_055093076.1_52675	44.11	55.89	0.04996	42.39	3.68	3.98
lcl|NC_072435.2_cds_XP_055093071.1_52683	51.89	48.11	0.00122	59.66	3.85	3.98
lcl|NC_072435.2_cds_XP_055093068.1_52691	45.25	54.75	0.05783	45.82	3.75	4.40
lcl|NC_072435.2_cds_XP_055092157.1_52707	49.32	50.68	0.03263	47.42	3.91	3.90
lcl|NC_072435.2_cds_XP_055092159.1_52714	69.39	30.61	-0.05499	78.27	5.01	3.27
lcl|NC_072435.2_cds_XP_055094743.1_52763	55.37	44.63	-0.03879	59.76	3.95	3.83
lcl|NC_072435.2_cds_XP_055095571.1_52815	61.69	38.31	-0.06498	78.73	4.39	3.39
lcl|NC_072435.2_cds_XP_055092817.1_52877	54.83	45.17	-0.00502	67.81	3.86	3.54
lcl|NC_072435.2_cds_XP_055096008.1_52908	60.01	39.99	-0.01769	80.41	4.12	3.55
lcl|NC_072435.2_cds_XP_055092579.1_52934	63.66	36.34	-0.04802	66.37	4.76	3.54
lcl|NC_072435.2_cds_XP_063471122.1_52985	66.44	33.56	-0.11794	71.88	4.45	3.28
lcl|NC_072435.2_cds_XP_055093186.1_52997	61.76	38.24	-0.00699	72.17	4.21	3.57
lcl|NC_072435.2_cds_XP_063470203.1_53041	59.68	40.32	-0.05695	72.89	4.09	3.45
lcl|NC_072435.2_cds_XP_055091968.1_53166	52.10	47.9	0.07444	51.48	4.92	4.24
lcl|NC_072435.2_cds_XP_055094431.1_53181	41.61	58.39	0.08100	37.22	3.54	4.31
lcl|NC_072435.2_cds_XP_055094418.1_53189	49.86	50.14	0.03969	50.75	3.67	3.90
lcl|NC_072435.2_cds_XP_055091667.1_53194	39.94	60.06	0.05356	32.33	3.45	4.22
lcl|NC_072435.2_cds_XP_055095999.1_53229	41.68	58.32	0.12322	35.12	3.51	4.27
lcl|NC_072435.2_cds_XP_055093874.1_53287	47.13	52.87	-0.02640	47.75	3.72	4.09
lcl|NC_072435.2_cds_XP_055095600.1_53301	48.00	52	-0.00971	52.62	3.73	3.96
lcl|NC_072435.2_cds_XP_055094050.1_53312	47.14	52.86	-0.12617	51.21	3.59	4.02
lcl|NC_072435.2_cds_XP_055091736.1_53315	41.11	58.89	0.04971	34.17	3.75	4.27
lcl|NC_072435.2_cds_XP_055095976.1_53335	48.05	51.95	0.08290	52.94	4.14	4.52
lcl|NC_072435.2_cds_XP_055095447.1_53379	39.51	60.49	0.06540	31.91	3.20	4.26
lcl|NC_072435.2_cds_XP_055092251.1_53394	48.50	51.5	-0.02870	45.05	3.74	4.13
lcl|NC_072435.2_cds_XP_055092241.1_53398	47.26	52.74	-0.03163	43.17	3.57	4.03
lcl|NC_072435.2_cds_XP_055095235.1_53422	42.16	57.84	0.09049	31.72	3.64	4.22
lcl|NC_072435.2_cds_XP_055092494.1_53423	40.92	59.08	0.05952	36.24	3.41	4.18
lcl|NC_072435.2_cds_XP_055092589.1_53424	38.61	61.39	-0.01802	30.39	3.36	4.56
lcl|NC_072435.2_cds_XP_055092827.1_53449	44.46	55.54	0.08701	38.39	3.41	3.98
lcl|NC_072435.2_cds_XP_063471191.1_53466	46.58	53.42	-0.01603	50.35	3.51	4.04
lcl|NC_072435.2_cds_XP_063471200.1_53474	35.56	64.44	0.10071	29.38	3.33	4.67
lcl|NC_072435.2_cds_XP_063471205.1_53494	36.07	63.93	0.13966	29.66	3.39	4.56
lcl|NC_072435.2_cds_XP_055092536.1_53503	37.16	62.84	0.04902	31.37	3.44	4.61
lcl|NC_072435.2_cds_XP_063471212.1_53548	40.43	59.57	0.12246	31.29	3.58	4.34
lcl|NC_072435.2_cds_XP_055091574.1_53571	38.67	61.33	0.12210	33.57	3.44	4.24
lcl|NC_072435.2_cds_XP_055094432.1_53594	49.33	50.67	0.00861	57.17	4.37	4.23
lcl|NC_072435.2_cds_XP_055094355.1_53636	42.21	57.79	0.04746	39.62	3.52	4.26
lcl|NC_072435.2_cds_XP_055093451.1_53701	39.21	60.79	0.02608	36.15	3.63	4.50
lcl|NC_072435.2_cds_XP_055094638.1_53719	40.83	59.17	0.09935	37.87	3.49	4.23
lcl|NC_072435.2_cds_XP_055094605.1_53738	45.08	54.92	-0.02818	42.22	3.53	4.05
lcl|NC_072435.2_cds_XP_055094598.1_53760	38.27	61.73	0.01367	30.49	3.51	4.41
lcl|NC_072435.2_cds_XP_055096048.1_53769	38.65	61.35	-0.02493	33.73	3.31	4.33
lcl|NC_072435.2_cds_XP_055092668.1_53788	43.62	56.38	0.07114	45.82	3.56	4.04
lcl|NC_072435.2_cds_XP_055091892.1_53797	41.60	58.4	0.03452	42.69	3.54	4.19
lcl|NC_072435.2_cds_XP_063470377.1_53819	46.57	53.43	0.08657	46.37	3.62	3.86
lcl|NC_072435.2_cds_XP_055096270.1_53827	42.32	57.68	0.04261	43.36	3.36	4.20
lcl|NC_072435.2_cds_XP_055092335.1_53902	51.00	49	0.02075	56.25	3.75	3.89
lcl|NC_072435.2_cds_XP_055095456.1_53989	38.27	61.73	0.04522	36.43	3.41	4.53
lcl|NC_072435.2_cds_XP_055094331.1_54015	43.92	56.08	0.08835	43.92	3.66	4.26
lcl|NC_072435.2_cds_XP_055096079.1_54051	60.43	39.57	-0.01047	75.68	4.85	3.77
lcl|NC_072435.2_cds_XP_055092313.1_54083	52.68	47.32	0.13144	59.67	3.94	3.69
lcl|NC_072435.2_cds_XP_063470493.1_54101	55.59	44.41	-0.04800	65.91	4.02	3.93
lcl|NC_072435.2_cds_XP_055092569.1_54120	55.92	44.08	-0.00848	72.02	4.00	3.72
lcl|NC_072435.2_cds_XP_055092595.1_54130	46.59	53.41	0.04476	53.67	3.77	4.10
lcl|NC_072435.2_cds_XP_055092590.1_54139	51.36	48.64	-0.03461	64.17	3.86	4.01
lcl|NC_072435.2_cds_XP_055092616.1_54166	59.48	40.52	-0.08098	82.11	4.37	3.38
lcl|NC_072435.2_cds_XP_055092338.1_54207	48.51	51.49	0.04611	52.06	3.71	3.93
lcl|NC_072435.2_cds_XP_055094659.1_54275	63.08	36.92	-0.02845	76.72	4.63	3.94
lcl|NC_072435.2_cds_XP_055094664.2_54312	54.01	45.99	-0.14286	47.79	4.78	4.10
lcl|NC_072435.2_cds_XP_063470503.1_54324	53.33	46.67	0.00769	59.32	3.75	3.96
lcl|NC_072435.2_cds_XP_055094677.1_54353	42.14	57.86	0.08130	42.45	3.54	4.35
lcl|NC_072435.2_cds_XP_063470455.1_54371	53.53	46.47	-0.02559	59.97	3.98	3.96
lcl|NC_072435.2_cds_XP_063470603.1_54409	59.24	40.76	-0.01690	73.70	4.30	3.36
lcl|NC_072435.2_cds_XP_055094275.1_54427	63.63	36.37	0.03337	80.20	4.82	3.76
lcl|NC_072435.2_cds_XP_055094270.1_54433	55.74	44.26	-0.08013	77.14	4.10	3.82
lcl|NC_072435.2_cds_XP_055092311.1_54447	55.70	44.3	0.06843	68.61	3.91	3.65
lcl|NC_072435.2_cds_XP_055092687.1_54453	49.62	50.38	-0.03677	49.07	3.60	3.89
lcl|NC_072435.2_cds_XP_055092025.1_54482	56.59	43.41	-0.04250	71.20	4.10	3.48
lcl|NC_072435.2_cds_XP_055091555.1_54484	57.93	42.07	-0.12901	75.16	4.16	3.61
lcl|NC_072435.2_cds_XP_055091556.1_54512	46.15	53.85	0.09308	53.19	3.62	4.16
lcl|NC_072435.2_cds_XP_055095739.1_54542	52.41	47.59	0.04393	62.11	3.96	3.84
lcl|NC_072435.2_cds_XP_055092030.1_54548	57.05	42.95	0.02733	70.51	3.85	3.51
lcl|NC_072435.2_cds_XP_063470722.1_54559	62.86	37.14	-0.07603	72.69	4.21	3.44
lcl|NC_072435.2_cds_XP_063470732.1_54585	52.04	47.96	-0.00151	56.49	3.91	3.75
lcl|NC_072435.2_cds_XP_063470696.1_54666	58.95	41.05	0.01182	77.22	4.36	3.80
lcl|NC_072435.2_cds_XP_055092898.1_54691	64.48	35.52	-0.11503	76.22	4.65	3.45
lcl|NC_072435.2_cds_XP_055092933.1_54697	46.68	53.32	0.03589	50.17	3.55	4.07
lcl|NC_072435.2_cds_XP_063470730.1_54704	60.96	39.04	-0.14097	76.03	4.55	3.65
lcl|NC_072435.2_cds_XP_063470674.1_54736	45.76	54.24	0.10751	51.27	3.62	4.01
lcl|NC_072435.2_cds_XP_055092926.1_54746	40.46	59.54	0.05408	39.29	3.48	4.24
lcl|NC_072435.2_cds_XP_063470727.1_54758	62.20	37.8	0.05788	81.47	4.35	3.25
lcl|NC_072435.2_cds_XP_063470693.1_54776	63.06	36.94	-0.05188	81.79	4.53	3.39
lcl|NC_072435.2_cds_XP_055093935.1_54789	40.26	59.74	0.00696	33.73	3.41	4.28
lcl|NC_072435.2_cds_XP_063470687.1_54808	41.04	58.96	0.11644	32.68	3.64	4.39
lcl|NC_072435.2_cds_XP_055093950.1_54862	47.45	52.55	0.03770	58.11	3.80	4.24
lcl|NC_072435.2_cds_XP_055093913.1_54864	49.30	50.7	0.07071	61.20	3.88	4.15
lcl|NC_072435.2_cds_XP_055095180.1_54928	65.61	34.39	-0.09522	80.76	4.71	3.52
lcl|NC_072435.2_cds_XP_055092197.1_54955	60.82	39.18	0.03175	74.79	4.36	3.53
lcl|NC_072435.2_cds_XP_055095033.1_54964	53.06	46.94	0.03648	64.42	3.80	3.87
lcl|NC_072435.2_cds_XP_055093203.1_54972	60.14	39.86	0.03748	77.82	4.41	3.48
lcl|NC_072435.2_cds_XP_063471295.1_54987	55.23	44.77	0.06353	71.14	4.00	3.80
lcl|NC_072435.2_cds_XP_063471316.1_54991	44.79	55.21	0.05064	45.91	3.91	4.16
lcl|NC_072435.2_cds_XP_063471303.1_55001	59.70	40.3	0.01645	68.79	4.37	3.69
lcl|NC_072435.2_cds_XP_055093890.1_55028	56.19	43.81	-0.09745	73.10	3.88	3.81
lcl|NC_072435.2_cds_XP_055091883.1_55030	56.48	43.52	-0.00943	60.84	4.33	3.97
lcl|NC_072435.2_cds_XP_055092760.1_55037	65.52	34.48	-0.11326	82.30	4.55	3.45
lcl|NC_072435.2_cds_XP_055096117.1_55047	58.53	41.47	-0.05550	64.79	4.22	3.87
lcl|NC_072435.2_cds_XP_055094060.1_55091	71.82	28.18	-0.11111	83.61	5.70	3.26
lcl|NC_072435.2_cds_XP_055094058.1_55109	55.49	44.51	0.00395	71.95	4.03	3.71
lcl|NC_072435.2_cds_XP_055094074.1_55116	53.51	46.49	0.03910	56.17	4.35	4.09
lcl|NC_072435.2_cds_XP_063470837.1_55123	59.24	40.76	0.08284	74.34	4.22	3.75
lcl|NC_072435.2_cds_XP_055095978.1_55182	41.35	58.65	0.08503	37.76	3.24	3.77
lcl|NC_072436.2_cds_XP_055096500.1_55217	57.29	42.71	0.03370	69.09	4.05	3.93
lcl|NC_072436.2_cds_XP_055099580.1_55262	67.18	32.82	-0.04504	85.94	4.85	3.34
lcl|NC_072436.2_cds_XP_055098082.1_55322	62.47	37.53	-0.10087	83.31	4.32	3.44
lcl|NC_072436.2_cds_XP_055098069.1_55330	60.05	39.95	0.02100	74.98	4.45	3.43
lcl|NC_072436.2_cds_XP_055098066.1_55343	56.69	43.31	0.01971	60.76	4.00	3.52
lcl|NC_072436.2_cds_XP_055098064.1_55377	65.11	34.89	0.08815	87.01	4.53	3.37
lcl|NC_072436.2_cds_XP_055098075.1_55396	62.54	37.46	0.03704	72.91	4.13	3.38
lcl|NC_072436.2_cds_XP_055098073.1_55427	63.29	36.71	-0.04136	81.85	4.14	3.43
lcl|NC_072436.2_cds_XP_055097905.1_55440	63.05	36.95	-0.03884	82.35	4.49	3.37
lcl|NC_072436.2_cds_XP_063473174.1_55446	58.12	41.88	0.02052	66.70	4.05	3.49
lcl|NC_072436.2_cds_XP_063473137.1_55458	65.36	34.64	0.00262	77.94	4.47	3.49
lcl|NC_072436.2_cds_XP_055098448.1_55466	63.87	36.13	-0.01426	80.39	4.23	3.34
lcl|NC_072436.2_cds_XP_055096865.1_55474	64.92	35.08	-0.07128	70.99	4.52	3.37
lcl|NC_072436.2_cds_XP_055096856.1_55498	60.36	39.64	-0.09578	78.66	4.05	3.36
lcl|NC_072436.2_cds_XP_055099462.1_55576	55.10	44.9	-0.03541	54.39	3.96	3.76
lcl|NC_072436.2_cds_XP_055096955.1_55670	55.37	44.63	0.00971	77.37	4.10	3.85
lcl|NC_072436.2_cds_XP_055099011.1_55683	57.33	42.67	-0.05116	67.20	3.96	3.84
lcl|NC_072436.2_cds_XP_055097467.1_55744	58.70	41.3	0.07068	76.70	4.32	3.76
lcl|NC_072436.2_cds_XP_063472602.1_55751	64.47	35.53	-0.06392	81.85	4.41	3.35
lcl|NC_072436.2_cds_XP_063473382.1_55760	63.81	36.19	0.05613	85.87	4.28	3.41
lcl|NC_072436.2_cds_XP_055097753.1_55774	53.38	46.62	0.01678	66.24	3.82	3.87
lcl|NC_072436.2_cds_XP_055097756.1_55787	58.88	41.12	-0.03729	77.32	4.15	3.82
lcl|NC_072436.2_cds_XP_055096794.1_55812	68.28	31.72	-0.03414	82.41	4.68	3.19
lcl|NC_072436.2_cds_XP_063473342.1_55829	64.40	35.6	0.10281	79.12	4.39	3.73
lcl|NC_072436.2_cds_XP_055097406.1_55870	64.10	35.9	0.06397	76.19	4.47	3.56
lcl|NC_072436.2_cds_XP_055097400.1_55875	68.52	31.48	-0.03831	81.61	4.96	3.38
lcl|NC_072436.2_cds_XP_055097421.1_55891	64.89	35.11	-0.03669	76.42	4.61	3.52
lcl|NC_072436.2_cds_XP_063473471.1_56006	64.89	35.11	-0.03062	84.86	4.38	3.29
lcl|NC_072436.2_cds_XP_063473473.1_56008	59.12	40.88	0.06337	66.11	4.08	3.93
lcl|NC_072436.2_cds_XP_055098355.1_56074	61.65	38.35	-0.07194	79.79	4.29	3.39
lcl|NC_072436.2_cds_XP_055099793.1_56089	53.82	46.18	-0.05556	61.98	4.02	3.67
lcl|NC_072436.2_cds_XP_055099662.1_56132	35.97	64.03	0.06486	30.31	3.36	4.65
lcl|NC_072436.2_cds_XP_063473558.1_56135	39.18	60.82	0.03260	40.11	3.38	4.44
lcl|NC_072436.2_cds_XP_055099665.1_56138	42.51	57.49	0.04734	43.99	3.54	4.19
lcl|NC_072436.2_cds_XP_055099861.1_56196	45.51	54.49	0.01880	41.95	4.06	4.13
lcl|NC_072436.2_cds_XP_055099282.1_56215	45.61	54.39	-0.08195	40.43	3.69	4.03
lcl|NC_072436.2_cds_XP_063473539.1_56235	44.14	55.86	-0.04349	37.03	3.48	4.11
lcl|NC_072436.2_cds_XP_055099699.1_56255	48.30	51.7	-0.16206	46.43	3.52	3.76
lcl|NC_072436.2_cds_XP_055099703.1_56256	48.34	51.66	-0.16119	46.54	3.53	3.77
lcl|NC_072436.2_cds_XP_055099701.1_56262	48.16	51.84	-0.15655	46.10	3.52	3.72
lcl|NC_072436.2_cds_XP_055099702.1_56266	48.38	51.62	-0.16182	46.54	3.51	3.79
lcl|NC_072436.2_cds_XP_055099692.1_56291	61.49	38.51	-0.06180	70.13	4.15	3.43
lcl|NC_072436.2_cds_XP_063473559.1_56307	54.53	45.47	-0.03404	68.12	3.97	3.75
lcl|NC_072436.2_cds_XP_055097188.2_56317	57.21	42.79	0.08638	63.93	4.02	3.55
lcl|NC_072436.2_cds_XP_055097695.1_56363	61.30	38.7	0.01233	64.92	4.28	3.49
lcl|NC_072436.2_cds_XP_055097075.1_56432	55.81	44.19	0.11646	69.93	3.91	3.33
lcl|NC_072436.2_cds_XP_055096939.1_56470	50.10	49.9	0.09205	53.98	3.97	3.80
lcl|NC_072436.2_cds_XP_055099604.1_56488	41.70	58.3	0.04401	39.41	3.51	4.28
lcl|NC_072436.2_cds_XP_055099566.1_56580	53.55	46.45	0.02954	66.20	3.94	3.77
lcl|NC_072436.2_cds_XP_055096443.1_56625	44.36	55.64	0.04778	41.48	3.47	4.01
lcl|NC_072436.2_cds_XP_055096952.1_56659	45.44	54.56	0.06693	43.11	3.95	4.05
lcl|NC_072436.2_cds_XP_063472690.1_56675	42.69	57.31	0.03379	39.59	3.45	4.18
lcl|NC_072436.2_cds_XP_055097396.1_56698	60.45	39.55	-0.00108	68.37	4.00	3.42
lcl|NC_072436.2_cds_XP_055099083.1_56730	46.85	53.15	0.04337	50.47	3.67	3.96
lcl|NC_072436.2_cds_XP_063473111.1_56732	57.91	42.09	0.02784	63.10	4.32	3.60
lcl|NC_072436.2_cds_XP_055096852.1_56735	54.02	45.98	0.03774	66.92	3.95	3.79
lcl|NC_072436.2_cds_XP_055097259.1_56737	42.77	57.23	-0.00458	31.76	3.41	4.33
lcl|NC_072436.2_cds_XP_055099456.1_56749	49.03	50.97	-0.00612	52.20	3.88	4.09
lcl|NC_072436.2_cds_XP_055099451.1_56754	44.98	55.02	0.00000	42.18	3.55	4.01
lcl|NC_072436.2_cds_XP_063472713.1_56766	39.35	60.65	0.11800	34.63	3.41	4.39
lcl|NC_072436.2_cds_XP_055096604.1_56782	64.40	35.6	-0.05862	75.54	4.64	3.50
lcl|NC_072436.2_cds_XP_055099813.1_56791	40.00	60	0.09744	29.57	3.52	4.28
lcl|NC_072436.2_cds_XP_055099829.1_56808	37.06	62.94	0.11320	33.58	3.61	4.55
lcl|NC_072436.2_cds_XP_055099834.1_56817	48.16	51.84	-0.16105	45.56	3.50	3.80
lcl|NC_072436.2_cds_XP_055099944.1_56856	54.97	45.03	-0.00704	69.22	4.09	3.90
lcl|NC_072436.2_cds_XP_055099483.1_57029	50.10	49.9	0.06769	51.37	3.66	3.98
lcl|NC_072436.2_cds_XP_055099595.1_57045	53.45	46.55	0.01797	67.12	3.87	3.88
lcl|NC_072436.2_cds_XP_055096766.1_57062	53.73	46.27	0.03028	66.36	3.98	3.78
lcl|NC_072436.2_cds_XP_055099786.1_57083	55.52	44.48	-0.06852	64.17	4.11	3.83
lcl|NC_072436.2_cds_XP_055098329.1_57091	43.27	56.73	0.04067	36.02	3.39	4.13
lcl|NC_072436.2_cds_XP_055098335.1_57099	39.68	60.32	0.25241	33.42	3.49	4.37
lcl|NC_072436.2_cds_XP_055098337.1_57117	39.61	60.39	0.11546	35.58	3.69	4.33
lcl|NC_072436.2_cds_XP_055097170.1_57120	65.56	34.44	-0.00422	73.55	5.13	4.00
lcl|NC_072436.2_cds_XP_055098031.1_57162	54.60	45.4	-0.02120	66.17	3.81	3.75
lcl|NC_072436.2_cds_XP_063473709.1_57172	48.23	51.77	0.04222	53.67	3.72	4.06
lcl|NC_072436.2_cds_XP_055097844.1_57174	45.12	54.88	-0.08589	40.98	3.95	4.38
lcl|NC_072436.2_cds_XP_055097850.1_57209	61.36	38.64	-0.00307	74.72	4.38	3.40
lcl|NC_072436.2_cds_XP_055098465.1_57231	55.25	44.75	-0.06010	72.89	4.04	3.80
lcl|NC_072436.2_cds_XP_055096782.1_57246	56.79	43.21	-0.06270	60.57	3.80	3.42
lcl|NC_072436.2_cds_XP_055097272.1_57293	52.61	47.39	0.02639	66.03	3.78	3.58
lcl|NC_072436.2_cds_XP_055097337.1_57320	62.79	37.21	-0.01462	80.72	4.48	3.22
lcl|NC_072436.2_cds_XP_063473788.1_57424	50.57	49.43	0.05896	53.67	3.97	3.87
lcl|NC_072436.2_cds_XP_063473807.1_57448	49.38	50.62	-0.03015	47.13	3.88	4.02
lcl|NC_072436.2_cds_XP_063473124.1_57496	53.94	46.06	0.04604	55.30	4.34	3.92
lcl|NC_072436.2_cds_XP_055096873.1_57503	60.10	39.9	0.07027	74.00	4.02	3.55
lcl|NC_072436.2_cds_XP_055097564.1_57558	63.45	36.55	-0.08815	75.04	4.39	3.47
lcl|NC_072436.2_cds_XP_063473782.1_57567	64.94	35.06	-0.05790	74.55	4.45	3.35
lcl|NC_072436.2_cds_XP_055097563.1_57598	62.39	37.61	-0.06820	76.65	4.47	3.45
lcl|NC_072436.2_cds_XP_055097330.1_57600	62.41	37.59	-0.02106	73.99	4.22	3.41
lcl|NC_072436.2_cds_XP_063473889.1_57611	59.96	40.04	0.01929	82.58	4.12	3.47
lcl|NC_072436.2_cds_XP_063473896.1_57626	54.42	45.58	0.02486	62.67	3.92	3.76
lcl|NC_072436.2_cds_XP_055097993.1_57627	52.88	47.12	-0.05645	63.97	3.73	3.73
lcl|NC_072436.2_cds_XP_055096360.1_57659	67.66	32.34	0.01125	80.48	5.23	3.31
lcl|NC_072436.2_cds_XP_055097840.1_57666	64.46	35.54	-0.05479	71.11	4.37	3.43
lcl|NC_072436.2_cds_XP_055097772.1_57701	57.07	42.93	-0.00381	72.33	4.15	3.58
lcl|NC_072436.2_cds_XP_063473915.1_57711	40.15	59.85	0.07294	30.44	3.51	4.24
lcl|NC_072436.2_cds_XP_055099293.1_57795	51.98	48.02	-0.10827	50.19	3.74	3.84
lcl|NC_072436.2_cds_XP_055097194.1_57859	37.42	62.58	0.04469	30.77	3.86	4.45
lcl|NC_072436.2_cds_XP_055098899.1_57899	41.83	58.17	0.05863	33.06	3.48	4.07
lcl|NC_072436.2_cds_XP_055099568.1_57908	38.48	61.52	0.03632	32.31	3.27	4.67
lcl|NC_072436.2_cds_XP_055097523.1_57951	42.03	57.97	0.08763	36.72	3.55	4.26
lcl|NC_072436.2_cds_XP_055098274.1_57970	36.94	63.06	0.07239	32.46	3.47	4.59
lcl|NC_072436.2_cds_XP_055098271.1_57975	40.29	59.71	0.05948	34.54	3.40	4.33
lcl|NC_072436.2_cds_XP_063472911.1_58037	58.53	41.47	-0.03406	69.38	4.48	3.89
lcl|NC_072436.2_cds_XP_055096553.1_58086	39.97	60.03	0.03263	37.17	3.51	4.59
lcl|NC_072436.2_cds_XP_055096542.1_58121	38.02	61.98	0.07047	33.43	3.30	4.47
lcl|NC_072436.2_cds_XP_055099307.1_58159	45.33	54.67	0.00308	38.58	4.59	4.38
lcl|NC_072436.2_cds_XP_063474063.1_58169	48.89	51.11	0.10503	52.21	3.70	4.04
lcl|NC_072436.2_cds_XP_055098790.1_58170	53.38	46.62	0.06681	68.63	3.85	3.65
lcl|NC_072436.2_cds_XP_055096398.1_58188	42.03	57.97	0.02969	38.66	3.82	4.24
lcl|NC_072436.2_cds_XP_055098580.1_58222	50.30	49.7	0.05308	55.62	3.91	4.08
lcl|NC_072436.2_cds_XP_055096832.1_58277	42.15	57.85	0.08625	32.40	4.08	4.51
lcl|NC_072436.2_cds_XP_063474117.1_58290	44.73	55.27	0.11729	40.78	3.81	4.19
lcl|NC_072436.2_cds_XP_063474120.1_58294	43.37	56.63	0.09531	41.24	3.82	4.15
lcl|NC_072436.2_cds_XP_063474119.1_58320	59.91	40.09	0.03844	78.60	4.13	3.77
lcl|NC_072436.2_cds_XP_055097394.1_58340	56.91	43.09	-0.06071	72.89	4.15	3.45
lcl|NC_072436.2_cds_XP_055097082.1_58344	42.80	57.2	0.10555	40.46	3.58	4.16
lcl|NC_072436.2_cds_XP_055098801.1_58390	43.08	56.92	0.01502	39.02	3.43	4.27
lcl|NC_072436.2_cds_XP_055098795.1_58392	44.37	55.63	0.04498	44.78	3.45	4.16
lcl|NC_072436.2_cds_XP_055098930.1_58435	43.77	56.23	0.03374	36.86	3.50	4.23
lcl|NC_072436.2_cds_XP_055099253.1_58451	46.03	53.97	0.10345	48.91	3.61	3.95
lcl|NC_072436.2_cds_XP_055098998.1_58473	40.41	59.59	0.02120	32.18	3.55	4.30
lcl|NC_072436.2_cds_XP_055099672.1_58480	40.34	59.66	-0.02914	30.91	3.51	4.53
lcl|NC_072436.2_cds_XP_055098424.1_58484	53.21	46.79	-0.04703	60.61	4.59	4.10
lcl|NC_072436.2_cds_XP_055099341.1_58494	43.32	56.68	0.08093	38.33	3.48	4.19
lcl|NC_072436.2_cds_XP_055099639.1_58544	42.61	57.39	0.01668	36.36	3.50	3.94
lcl|NC_072436.2_cds_XP_055099638.1_58560	39.30	60.7	0.15577	36.63	3.40	4.34
lcl|NC_072436.2_cds_XP_055096652.1_58579	44.03	55.97	0.03690	32.43	3.51	4.15
lcl|NC_072436.2_cds_XP_055096660.1_58615	53.44	46.56	0.00240	58.67	3.95	3.88
lcl|NC_072436.2_cds_XP_063474260.1_58640	40.96	59.04	0.08293	35.16	3.47	4.46
lcl|NC_072436.2_cds_XP_055098721.1_58644	53.38	46.62	-0.04750	61.16	4.37	4.08
lcl|NC_072436.2_cds_XP_055098719.1_58661	63.00	37	0.00685	76.65	4.16	3.30
lcl|NC_072436.2_cds_XP_055098540.1_58678	54.40	45.6	-0.05581	68.69	3.98	4.29
lcl|NC_072436.2_cds_XP_055098527.1_58702	61.51	38.49	-0.03782	72.97	4.21	3.42
lcl|NC_072436.2_cds_XP_055098674.1_58750	52.47	47.53	-0.01926	67.96	3.84	3.73
lcl|NC_072436.2_cds_XP_055096718.1_58756	43.21	56.79	0.11670	45.38	3.64	4.28
lcl|NC_072436.2_cds_XP_055098977.1_58857	60.06	39.94	0.13771	80.93	4.28	3.37
lcl|NC_072436.2_cds_XP_055098978.1_58864	53.65	46.35	0.00653	57.09	3.80	3.91
lcl|NC_072436.2_cds_XP_055098817.1_58931	59.07	40.93	-0.04452	68.88	4.01	3.77
lcl|NC_072436.2_cds_XP_055098822.2_58956	63.28	36.72	-0.01815	73.74	4.21	3.46
lcl|NC_072436.2_cds_XP_055098813.1_58978	57.83	42.17	-0.02603	77.71	4.32	3.87
lcl|NC_072436.2_cds_XP_055098811.1_58981	56.72	43.28	-0.10685	63.27	4.09	3.76
lcl|NC_072436.2_cds_XP_055098391.1_59001	58.61	41.39	0.00863	64.72	4.09	3.61
lcl|NC_072436.2_cds_XP_055098397.1_59003	62.65	37.35	-0.01449	78.82	4.14	3.49
lcl|NC_072436.2_cds_XP_063472988.1_59062	59.16	40.84	0.03567	69.52	4.37	3.73
lcl|NC_072436.2_cds_XP_063474408.1_59160	55.82	44.18	-0.15281	45.63	4.03	3.53
lcl|NC_072436.2_cds_XP_055098759.1_59213	60.02	39.98	-0.04300	81.41	4.18	3.64
lcl|NC_072436.2_cds_XP_063473023.1_59234	65.79	34.21	0.01572	79.47	4.62	3.24
lcl|NC_072436.2_cds_XP_055096973.1_59246	69.40	30.6	-0.05705	82.53	5.27	3.46
lcl|NC_072436.2_cds_XP_055099140.1_59258	66.72	33.28	-0.02148	82.99	4.63	3.54
lcl|NC_072436.2_cds_XP_055099147.1_59279	59.83	40.17	-0.04468	77.88	4.15	3.50
lcl|NC_072436.2_cds_XP_055097787.1_59290	66.74	33.26	-0.06332	80.22	4.93	3.81
lcl|NC_072436.2_cds_XP_055099259.1_59351	62.88	37.12	0.03011	82.44	4.35	3.45
lcl|NC_072436.2_cds_XP_063474483.1_59355	62.67	37.33	-0.05887	73.27	4.60	3.32
lcl|NC_072436.2_cds_XP_055099099.1_59364	59.31	40.69	0.05109	77.38	4.29	3.72
lcl|NC_072436.2_cds_XP_055099102.1_59370	65.43	34.57	0.03222	80.91	4.45	3.40
lcl|NC_072436.2_cds_XP_063474489.1_59377	62.03	37.97	0.00574	83.02	4.61	3.48
lcl|NC_072436.2_cds_XP_055097968.1_59404	63.97	36.03	0.01140	81.48	4.28	3.30
lcl|NC_072436.2_cds_XP_063473032.1_59414	65.51	34.49	-0.03273	85.53	4.68	3.59
lcl|NC_072436.2_cds_XP_055098251.1_59431	66.97	33.03	0.01071	83.09	4.73	3.31
lcl|NC_072436.2_cds_XP_055099737.2_59524	65.51	34.49	-0.01552	78.27	4.42	3.36
lcl|NC_072436.2_cds_XP_063473082.1_59553	69.10	30.9	-0.02115	86.33	4.80	3.16
lcl|NC_072436.2_cds_XP_063473085.1_59563	65.25	34.75	0.04091	81.74	5.02	3.42
lcl|NC_072436.2_cds_XP_055097312.1_59581	61.98	38.02	0.03594	75.35	4.34	3.69
lcl|NC_072436.2_cds_XP_055097603.1_59623	63.16	36.84	-0.05910	81.93	4.37	3.19
lcl|NC_072437.2_cds_XP_055100984.1_59669	55.57	44.43	0.01149	77.84	4.02	3.95
lcl|NC_072437.2_cds_XP_063474601.1_59725	62.32	37.68	0.05196	67.83	4.26	3.65
lcl|NC_072437.2_cds_XP_063474604.1_59766	59.00	41	0.02374	74.10	4.16	3.66
lcl|NC_072437.2_cds_XP_055100899.1_59782	52.39	47.61	0.01867	67.81	3.92	4.09
lcl|NC_072437.2_cds_XP_055100047.1_59789	48.83	51.17	0.03308	52.53	3.79	4.16
lcl|NC_072437.2_cds_XP_063474668.1_59812	50.64	49.36	-0.01673	58.56	3.95	3.93
lcl|NC_072437.2_cds_XP_055100634.2_59863	63.42	36.58	0.07952	55.20	4.41	3.47
lcl|NC_072437.2_cds_XP_055100635.2_59865	60.04	39.96	0.10439	45.03	4.22	3.69
lcl|NC_072437.2_cds_XP_055100369.1_59869	72.55	27.45	-0.09279	90.62	5.98	3.56
lcl|NC_072437.2_cds_XP_063474706.1_59870	51.48	48.52	-0.04933	58.87	4.56	4.05
lcl|NC_072437.2_cds_XP_055100248.1_59878	38.10	61.9	0.13258	31.71	3.45	4.51
lcl|NC_072437.2_cds_XP_063474717.1_59901	44.69	55.31	0.11698	40.30	3.65	4.08
lcl|NC_072437.2_cds_XP_055100611.2_59928	38.77	61.23	0.02876	32.30	3.35	4.28
lcl|NC_072437.2_cds_XP_055101136.1_59933	42.76	57.24	0.05018	34.64	3.68	4.26
lcl|NC_072437.2_cds_XP_063474739.1_59938	39.55	60.45	0.07098	29.74	3.46	4.34
lcl|NC_072437.2_cds_XP_055101120.1_59950	46.10	53.9	0.04458	52.77	3.73	4.25
lcl|NC_072437.2_cds_XP_063475008.1_59990	40.67	59.33	0.08391	32.87	3.77	4.49
lcl|NC_072437.2_cds_XP_055099983.2_59999	40.73	59.27	0.07843	32.99	3.77	4.44
lcl|NC_072437.2_cds_XP_055100473.2_60018	47.27	52.73	-0.00066	55.87	3.65	3.97
lcl|NC_072437.2_cds_XP_055101221.2_60037	54.53	45.47	-0.00795	67.78	4.17	3.77
lcl|NC_072437.2_cds_XP_055101226.1_60043	43.32	56.68	0.05957	39.89	3.80	4.28
lcl|NC_072437.2_cds_XP_055101037.1_60080	37.22	62.78	0.09681	32.23	3.59	4.80
lcl|NC_072437.2_cds_XP_055100438.1_60089	48.36	51.64	0.02343	52.08	4.66	4.24
lcl|NC_072437.2_cds_XP_055100242.1_60103	44.44	55.56	0.08145	46.53	3.61	4.30
lcl|NC_072437.2_cds_XP_055100516.1_60124	55.45	44.55	-0.08453	70.94	4.69	3.84
lcl|NC_072437.2_cds_XP_055101250.1_60127	39.71	60.29	-0.10668	35.87	3.57	4.42
lcl|NC_072437.2_cds_XP_063474752.1_60188	42.57	57.43	0.03653	30.71	3.52	4.26
lcl|NC_072437.2_cds_XP_055100127.2_60226	44.23	55.77	0.05363	36.80	3.63	4.19
lcl|NC_072437.2_cds_XP_055101170.2_60267	45.68	54.32	0.05059	43.85	3.62	4.12
lcl|NC_072437.2_cds_XP_055100017.1_60284	50.46	49.54	-0.00813	56.23	4.09	4.23
lcl|NC_072437.2_cds_XP_055100674.1_60320	41.05	58.95	0.07536	35.87	3.91	4.41
lcl|NC_072437.2_cds_XP_055101246.1_60342	45.77	54.23	-0.01882	46.20	3.62	3.96
lcl|NC_072437.2_cds_XP_055100673.1_60354	48.69	51.31	0.02155	50.58	3.87	4.02
lcl|NC_072437.2_cds_XP_055100145.2_60370	42.12	57.88	0.06254	40.93	3.80	4.39
lcl|NC_072437.2_cds_XP_055100496.1_60380	58.45	41.55	-0.05521	72.56	4.36	3.60
lcl|NC_072437.2_cds_XP_055100529.2_60397	68.85	31.15	-0.00904	81.79	5.22	3.36
lcl|NC_072437.2_cds_XP_055100535.1_60424	53.75	46.25	0.00799	59.95	3.98	3.83
lcl|NC_072437.2_cds_XP_055100298.2_60427	51.15	48.85	-0.00752	65.58	3.82	3.78
lcl|NC_072437.2_cds_XP_063474892.1_60428	38.99	61.01	0.09760	31.32	3.52	4.49
lcl|NC_072437.2_cds_XP_055099969.1_60433	42.51	57.49	0.07431	39.63	3.54	4.33
lcl|NC_072437.2_cds_XP_063474888.1_60447	45.13	54.87	0.00722	43.33	3.57	4.10
lcl|NC_072437.2_cds_XP_063474885.1_60455	57.71	42.29	0.01220	66.50	4.08	3.75
lcl|NC_072437.2_cds_XP_055100001.2_60468	38.96	61.04	0.04643	33.69	3.56	4.48
lcl|NC_072437.2_cds_XP_055101005.1_60508	61.01	38.99	-0.03323	75.67	4.58	3.71
lcl|NC_072437.2_cds_XP_055101000.2_60509	42.16	57.84	0.02951	39.58	3.59	4.20
lcl|NC_072437.2_cds_XP_063475084.1_60524	41.59	58.41	0.07213	34.00	4.03	4.54
lcl|NC_072437.2_cds_XP_055100029.1_60545	39.67	60.33	0.01707	33.09	3.43	4.35
lcl|NC_072437.2_cds_XP_063475088.1_60558	44.00	56	0.18487	45.06	3.67	4.40
lcl|NC_072437.2_cds_XP_055101359.1_60633	37.15	62.85	0.09751	34.45	3.41	4.50
lcl|NC_072437.2_cds_XP_055100698.2_60647	44.86	55.14	0.04250	42.13	3.66	4.03
lcl|NC_072437.2_cds_XP_063475111.1_60650	47.32	52.68	0.07151	46.00	3.80	4.11
lcl|NC_072437.2_cds_XP_055100025.1_60654	40.05	59.95	0.04245	32.12	3.29	4.28
lcl|NC_072437.2_cds_XP_055101206.1_60712	50.65	49.35	-0.08364	39.81	3.86	3.95
lcl|NC_072437.2_cds_XP_055100385.2_60744	40.26	59.74	0.08788	30.92	3.68	4.39
lcl|NC_072437.2_cds_XP_055100370.1_60755	45.43	54.57	0.14002	34.04	3.52	3.92
lcl|NC_072437.2_cds_XP_063474924.1_60769	40.16	59.84	0.08876	29.94	3.63	4.36
lcl|NC_072437.2_cds_XP_055100909.1_60813	39.07	60.93	-0.01928	33.48	4.03	4.53
lcl|NC_072437.2_cds_XP_055100264.1_60841	43.17	56.83	-0.01223	32.78	3.45	4.23
lcl|NC_072437.2_cds_XP_063475230.1_60876	40.32	59.68	0.04334	35.65	3.88	4.31
lcl|NC_072437.2_cds_XP_055100780.1_60929	41.97	58.03	0.00000	35.59	3.62	4.31
lcl|NC_072437.2_cds_XP_055100751.1_60948	52.90	47.1	0.01426	62.18	3.69	3.82
lcl|NC_072437.2_cds_XP_063475280.1_60989	41.50	58.5	0.11792	37.92	3.51	4.34
lcl|NC_072437.2_cds_XP_055100059.2_61018	47.94	52.06	0.04795	55.85	3.78	4.06
lcl|NC_072437.2_cds_XP_055100355.2_61085	43.73	56.27	0.05061	44.87	3.75	4.20
lcl|NC_072437.2_cds_XP_055100553.1_61089	48.24	51.76	0.00856	44.26	4.46	4.18
lcl|NC_072437.2_cds_XP_055100549.2_61095	45.11	54.89	-0.00662	48.62	3.63	4.13
lcl|NC_072437.2_cds_XP_055100620.1_61103	53.43	46.57	0.00542	55.94	3.88	3.72
lcl|NC_072437.2_cds_XP_055100707.1_61144	39.76	60.24	-0.00690	30.80	3.45	4.48
lcl|NC_072437.2_cds_XP_063474935.1_61164	43.39	56.61	0.12327	38.89	4.19	4.33
lcl|NC_072437.2_cds_XP_055100861.2_61172	47.86	52.14	-0.04013	52.42	3.75	4.15
lcl|NC_072437.2_cds_XP_055100852.1_61176	35.70	64.3	0.02348	26.53	3.37	4.59
lcl|NC_072437.2_cds_XP_055100875.1_61213	38.55	61.45	0.08883	32.73	3.33	4.31
lcl|NC_072437.2_cds_XP_055100868.1_61225	39.41	60.59	0.05312	32.51	3.51	4.44
lcl|NC_072437.2_cds_XP_055100540.1_61239	54.10	45.9	-0.06112	65.87	4.44	4.13
lcl|NC_072437.2_cds_XP_063475373.1_61240	53.51	46.49	0.01617	62.31	3.90	3.63
lcl|NC_072437.2_cds_XP_055100118.2_61246	43.10	56.9	0.05732	37.70	3.67	4.20
lcl|NC_072437.2_cds_XP_055100945.1_61325	45.06	54.94	-0.11168	36.35	3.49	4.02
lcl|NC_072437.2_cds_XP_055100961.1_61366	40.94	59.06	0.05642	38.95	3.49	4.39
lcl|NC_072437.2_cds_XP_063474956.1_61367	43.22	56.78	0.03785	44.68	3.35	4.24
lcl|NC_072437.2_cds_XP_055100081.2_61371	50.42	49.58	0.00772	53.61	3.90	3.96
lcl|NC_072437.2_cds_XP_055100082.2_61373	48.75	51.25	-0.29522	35.34	3.66	4.04
lcl|NC_072438.2_cds_XP_055102453.1_61389	39.24	60.76	0.01355	34.22	3.14	3.79
lcl|NC_072438.2_cds_XP_055101942.1_61403	51.46	48.54	0.03489	57.32	3.85	4.14
lcl|NC_072438.2_cds_XP_055101950.1_61411	57.55	42.45	0.02436	83.76	4.17	3.62
lcl|NC_072438.2_cds_XP_063475404.1_61442	61.44	38.56	-0.01380	74.84	4.60	3.69
lcl|NC_072438.2_cds_XP_055102609.1_61456	68.15	31.85	0.04154	84.82	4.77	3.19
lcl|NC_072438.2_cds_XP_055102196.1_61528	52.37	47.63	0.06897	59.08	3.86	3.95
lcl|NC_072438.2_cds_XP_055102201.1_61542	46.06	53.94	0.04578	45.17	3.86	4.35
lcl|NC_072438.2_cds_XP_055101826.1_61555	67.60	32.4	0.02857	79.51	4.80	3.73
lcl|NC_072438.2_cds_XP_063475736.1_61562	66.05	33.95	0.08847	81.66	5.40	3.52
lcl|NC_072438.2_cds_XP_055101819.1_61568	54.94	45.06	-0.01497	60.32	4.50	4.10
lcl|NC_072438.2_cds_XP_055101522.1_61614	52.33	47.67	0.12101	61.77	4.11	3.84
lcl|NC_072438.2_cds_XP_055101516.1_61632	52.52	47.48	-0.02026	59.08	3.91	3.83
lcl|NC_072438.2_cds_XP_055101767.1_61635	58.17	41.83	0.04788	66.78	4.41	4.19
lcl|NC_072438.2_cds_XP_055101777.1_61673	64.09	35.91	0.02356	79.93	4.38	3.46
lcl|NC_072438.2_cds_XP_063475793.1_61693	61.81	38.19	0.00597	80.92	4.88	3.71
lcl|NC_072438.2_cds_XP_055101433.1_61705	42.46	57.54	0.10448	35.85	3.41	4.14
lcl|NC_072438.2_cds_XP_055101681.2_61719	62.04	37.96	-0.05901	77.55	4.40	3.45
lcl|NC_072438.2_cds_XP_063475799.1_61725	62.45	37.55	-0.06030	88.48	4.42	3.38
lcl|NC_072438.2_cds_XP_055101405.1_61741	59.83	40.17	0.08540	66.29	4.35	3.71
lcl|NC_072438.2_cds_XP_055101407.1_61746	59.41	40.59	0.07063	72.53	4.40	3.96
lcl|NC_072438.2_cds_XP_063475446.1_61752	55.21	44.79	0.06619	65.41	4.19	4.01
lcl|NC_072438.2_cds_XP_055101573.1_61793	41.53	58.47	0.04335	37.06	3.50	4.41
lcl|NC_072438.2_cds_XP_055102649.1_61822	44.24	55.76	0.12095	35.89	3.81	4.11
lcl|NC_072438.2_cds_XP_055102321.1_61826	60.54	39.46	-0.10323	62.79	5.68	3.98
lcl|NC_072438.2_cds_XP_055101513.1_61837	45.06	54.94	0.05077	41.91	3.58	4.23
lcl|NC_072438.2_cds_XP_063475474.1_61854	42.69	57.31	0.01894	45.03	3.66	4.23
lcl|NC_072438.2_cds_XP_055102341.1_61885	57.77	42.23	0.09744	70.85	4.13	3.80
lcl|NC_072438.2_cds_XP_063475502.1_61893	39.22	60.78	0.12272	33.56	3.64	4.36
lcl|NC_072438.2_cds_XP_055102360.1_61907	36.30	63.7	0.00637	28.01	3.69	4.67
lcl|NC_072438.2_cds_XP_055102060.1_61923	46.83	53.17	0.01346	48.63	3.74	4.13
lcl|NC_072438.2_cds_XP_055102055.1_61946	47.23	52.77	0.03364	46.44	3.94	4.15
lcl|NC_072438.2_cds_XP_055102057.1_61949	47.00	53	0.04668	51.04	4.30	4.18
lcl|NC_072438.2_cds_XP_055101391.2_61958	45.89	54.11	0.06699	40.38	3.84	4.18
lcl|NC_072438.2_cds_XP_055101861.1_61998	48.68	51.32	0.01932	52.73	4.01	4.14
lcl|NC_072438.2_cds_XP_055101498.1_62021	50.16	49.84	0.02289	47.15	4.65	4.18
lcl|NC_072438.2_cds_XP_055102519.1_62024	56.71	43.29	0.02012	69.35	4.46	3.96
lcl|NC_072438.2_cds_XP_055102522.1_62037	39.35	60.65	0.08239	35.24	3.41	4.36
lcl|NC_072438.2_cds_XP_055102051.1_62041	41.26	58.74	0.00890	39.76	3.51	4.27
lcl|NC_072438.2_cds_XP_055101969.1_62044	46.09	53.91	0.02407	51.41	3.69	4.09
lcl|NC_072438.2_cds_XP_055102284.1_62051	50.38	49.62	-0.02462	56.61	4.01	4.09
lcl|NC_072438.2_cds_XP_063475850.1_62098	42.87	57.13	0.05775	41.25	3.43	4.13
lcl|NC_072438.2_cds_XP_055102167.1_62109	41.25	58.75	0.10689	38.64	3.48	4.34
lcl|NC_072438.2_cds_XP_055101979.1_62111	49.26	50.74	0.00356	57.23	3.99	4.12
lcl|NC_072438.2_cds_XP_055102408.1_62131	41.01	58.99	0.06197	37.00	3.38	4.37
lcl|NC_072438.2_cds_XP_063475843.1_62135	43.74	56.26	0.03877	37.53	4.50	4.35
lcl|NC_072438.2_cds_XP_055102629.1_62200	49.70	50.3	0.07667	49.66	3.69	3.84
lcl|NC_072438.2_cds_XP_055102234.1_62229	42.46	57.54	0.06334	42.40	3.41	4.18
lcl|NC_072438.2_cds_XP_055102530.1_62281	45.81	54.19	0.01581	47.30	3.60	3.97
lcl|NC_072438.2_cds_XP_055102537.1_62290	48.79	51.21	0.05619	52.34	3.69	3.92
lcl|NC_072438.2_cds_XP_055102539.1_62292	45.42	54.58	0.09486	33.19	3.75	3.98
lcl|NC_072438.2_cds_XP_055102209.1_62319	42.14	57.86	0.02377	38.46	3.57	4.25
lcl|NC_072438.2_cds_XP_055101468.1_62340	51.73	48.27	-0.05977	59.39	4.39	4.24
lcl|NC_072438.2_cds_XP_055101738.1_62436	44.60	55.4	0.05146	42.80	3.57	3.94
lcl|NC_072438.2_cds_XP_055101628.1_62437	46.36	53.64	0.02085	52.96	3.59	3.95
lcl|NC_072438.2_cds_XP_055102228.2_62438	45.69	54.31	0.11967	42.02	3.60	4.08
lcl|NC_072438.2_cds_XP_055102105.1_62440	45.78	54.22	0.02172	43.50	3.68	3.96
lcl|NC_072438.2_cds_XP_055101620.1_62452	40.60	59.4	0.00885	32.34	3.48	4.43
lcl|NC_072438.2_cds_XP_055102045.1_62457	45.32	54.68	-0.01226	40.24	3.85	4.13
lcl|NC_072438.2_cds_XP_055102599.1_62462	40.57	59.43	0.00996	34.22	3.48	4.32
lcl|NC_072438.2_cds_XP_055102155.1_62473	44.72	55.28	-0.03811	46.83	3.55	4.03
lcl|NC_072438.2_cds_XP_055101619.1_62476	38.62	61.38	0.03541	31.36	3.47	4.51
lcl|NC_072438.2_cds_XP_055101601.1_62478	53.11	46.89	0.03576	60.71	3.80	3.79
lcl|NC_072438.2_cds_XP_055101612.1_62491	42.58	57.42	0.01687	34.99	3.44	4.22
lcl|NC_072438.2_cds_XP_055101844.1_62494	39.90	60.1	0.01364	32.04	3.39	4.39
lcl|NC_072438.2_cds_XP_055101853.1_62501	41.14	58.86	0.06270	38.69	3.68	4.33
lcl|NC_072438.2_cds_XP_055101846.1_62506	39.77	60.23	0.04870	31.66	3.48	4.33
lcl|NC_072438.2_cds_XP_055102383.1_62534	39.85	60.15	0.09396	30.87	3.71	4.41
lcl|NC_072438.2_cds_XP_055101815.1_62555	40.96	59.04	0.03171	36.44	3.48	4.45
lcl|NC_072438.2_cds_XP_055102673.1_62583	43.90	56.1	0.05712	46.14	3.66	4.09
lcl|NC_072438.2_cds_XP_055102181.1_62596	52.18	47.82	0.00797	56.87	3.64	3.74
lcl|NC_072438.2_cds_XP_055101659.1_62614	46.11	53.89	-0.02623	34.70	3.72	4.12
lcl|NC_072438.2_cds_XP_055101650.1_62627	55.52	44.48	-0.00827	58.35	3.91	3.81
lcl|NC_072438.2_cds_XP_055101483.1_62639	47.71	52.29	-0.03557	46.76	3.71	4.14
lcl|NC_072438.2_cds_XP_055102186.1_62655	53.65	46.35	-0.12301	56.68	3.79	3.78
lcl|NC_072438.2_cds_XP_055102078.1_62681	51.85	48.15	0.03341	65.66	3.88	3.86
lcl|NC_072438.2_cds_XP_055101929.1_62706	54.12	45.88	0.02188	66.06	4.34	3.99
lcl|NC_072438.2_cds_XP_055102024.1_62709	45.19	54.81	0.06637	50.46	3.74	4.16
lcl|NC_072438.2_cds_XP_055101562.1_62710	59.38	40.62	-0.08781	68.87	4.63	3.78
lcl|NC_072438.2_cds_XP_055102273.1_62725	45.44	54.56	0.07407	41.93	3.46	4.21
lcl|NC_072438.2_cds_XP_055102010.1_62744	55.44	44.56	-0.01902	66.51	3.94	3.76
lcl|NC_072438.2_cds_XP_055102471.1_62755	51.22	48.78	-0.01549	66.30	3.97	4.13
lcl|NC_072438.2_cds_XP_055102698.1_62777	43.74	56.26	0.04000	36.48	3.52	4.28
lcl|NC_072438.2_cds_XP_063475662.1_62780	55.19	44.81	0.00964	60.94	4.11	3.84
lcl|NC_072438.2_cds_XP_055101509.1_62806	65.90	34.1	-0.02502	82.95	4.59	3.37
lcl|NC_072438.2_cds_XP_055101814.1_62811	61.90	38.1	-0.02434	85.98	4.51	3.47
lcl|NC_072438.2_cds_XP_055102108.1_62841	64.46	35.54	-0.02731	87.75	5.11	3.41
lcl|NC_072438.2_cds_XP_063475669.1_62868	62.81	37.19	-0.01639	73.17	4.23	3.72
lcl|NC_072439.2_cds_XP_055103598.1_62918	69.18	30.82	-0.07642	93.59	6.71	3.44
lcl|NC_072439.2_cds_XP_063476056.1_62960	64.84	35.16	-0.06720	88.16	4.33	3.54
lcl|NC_072439.2_cds_XP_055103083.1_62983	70.43	29.57	-0.04170	87.55	5.41	3.41
lcl|NC_072439.2_cds_XP_063476654.1_62995	64.24	35.76	-0.00985	78.56	4.43	3.49
lcl|NC_072439.2_cds_XP_063476668.1_63009	65.23	34.77	0.02107	84.71	4.62	3.40
lcl|NC_072439.2_cds_XP_055104233.1_63020	66.01	33.99	-0.02625	87.41	4.95	3.27
lcl|NC_072439.2_cds_XP_055104227.1_63068	71.00	29	-0.02239	85.20	5.29	3.27
lcl|NC_072439.2_cds_XP_063476683.1_63115	58.81	41.19	-0.02064	79.81	4.07	3.57
lcl|NC_072439.2_cds_XP_055103225.2_63121	67.20	32.8	-0.06223	80.74	5.01	3.45
lcl|NC_072439.2_cds_XP_055104647.2_63155	58.50	41.5	-0.00655	82.50	4.32	3.56
lcl|NC_072439.2_cds_XP_055104645.2_63161	64.71	35.29	-0.09253	80.43	4.89	3.75
lcl|NC_072439.2_cds_XP_055106209.1_63180	64.66	35.34	0.01508	77.97	4.38	3.62
lcl|NC_072439.2_cds_XP_055105567.1_63271	59.82	40.18	-0.15919	65.76	4.25	3.59
lcl|NC_072439.2_cds_XP_063476777.1_63289	63.32	36.68	0.02925	75.85	4.60	3.30
lcl|NC_072439.2_cds_XP_063476771.1_63310	67.46	32.54	-0.04772	79.96	4.48	3.32
lcl|NC_072439.2_cds_XP_055106408.1_63320	60.03	39.97	0.01487	83.24	4.56	3.48
lcl|NC_072439.2_cds_XP_055106375.1_63356	64.81	35.19	0.11092	74.05	4.59	3.57
lcl|NC_072439.2_cds_XP_055106384.1_63400	57.82	42.18	0.07831	70.01	4.23	3.77
lcl|NC_072439.2_cds_XP_063476756.1_63410	62.51	37.49	0.07189	72.08	4.35	3.32
lcl|NC_072439.2_cds_XP_055105576.1_63419	68.12	31.88	-0.02964	82.57	5.26	3.28
lcl|NC_072439.2_cds_XP_055106397.1_63437	59.01	40.99	-0.04744	79.62	4.23	3.83
lcl|NC_072439.2_cds_XP_055107351.2_63461	63.13	36.87	0.08677	83.45	4.71	3.58
lcl|NC_072439.2_cds_XP_055107340.2_63463	63.57	36.43	-0.00603	84.70	4.54	3.67
lcl|NC_072439.2_cds_XP_055107288.1_63477	62.56	37.44	-0.03718	81.02	4.64	3.49
lcl|NC_072439.2_cds_XP_055107345.1_63482	58.18	41.82	0.17598	64.26	4.52	4.00
lcl|NC_072439.2_cds_XP_055107346.1_63483	56.54	43.46	0.18176	59.91	4.38	3.92
lcl|NC_072439.2_cds_XP_055105427.2_63563	60.85	39.15	-0.00943	79.34	4.37	3.66
lcl|NC_072439.2_cds_XP_055105439.2_63565	67.06	32.94	-0.04450	77.74	4.92	3.78
lcl|NC_072439.2_cds_XP_063476793.1_63607	62.47	37.53	0.05230	74.45	4.59	3.57
lcl|NC_072439.2_cds_XP_055107093.2_63653	68.71	31.29	-0.12066	79.76	5.04	3.46
lcl|NC_072439.2_cds_XP_063476964.1_63756	43.10	56.9	0.10152	41.72	3.40	4.08
lcl|NC_072439.2_cds_XP_055106266.1_63938	60.85	39.15	-0.10561	68.54	4.20	3.48
lcl|NC_072439.2_cds_XP_055106248.1_63949	65.88	34.12	-0.01831	75.12	4.56	3.36
lcl|NC_072439.2_cds_XP_055106072.1_63978	66.60	33.4	-0.09720	68.71	4.48	3.24
lcl|NC_072439.2_cds_XP_055106111.1_64019	62.54	37.46	-0.08021	67.56	4.29	3.38
lcl|NC_072439.2_cds_XP_055106283.1_64024	63.03	36.97	-0.06199	83.89	4.71	3.43
lcl|NC_072439.2_cds_XP_063476956.1_64026	59.26	40.74	-0.07857	75.71	4.17	3.49
lcl|NC_072439.2_cds_XP_055106279.1_64035	63.92	36.08	0.00861	76.80	4.60	3.84
lcl|NC_072439.2_cds_XP_055105927.1_64121	58.05	41.95	-0.02384	65.86	4.26	3.61
lcl|NC_072439.2_cds_XP_055105925.1_64132	60.30	39.7	0.00062	69.61	4.05	3.33
lcl|NC_072439.2_cds_XP_055107217.2_64184	67.06	32.94	-0.04252	74.34	4.74	3.30
lcl|NC_072439.2_cds_XP_055107200.1_64192	66.06	33.94	0.12237	81.59	4.84	3.42
lcl|NC_072439.2_cds_XP_055104687.2_64201	63.82	36.18	0.09809	70.38	4.33	3.46
lcl|NC_072439.2_cds_XP_055105997.1_64257	68.17	31.83	-0.02309	82.27	5.25	3.32
lcl|NC_072439.2_cds_XP_063477171.1_64261	39.36	60.64	0.07099	33.29	3.32	3.86
lcl|NC_072439.2_cds_XP_055105830.1_64276	41.40	58.6	0.01524	35.56	3.44	3.88
lcl|NC_072439.2_cds_XP_055105829.1_64279	63.72	36.28	0.00058	75.31	4.23	3.25
lcl|NC_072439.2_cds_XP_055103800.1_64309	58.21	41.79	0.05053	71.97	4.18	3.38
lcl|NC_072439.2_cds_XP_055107228.1_64316	60.93	39.07	-0.09657	61.96	4.18	3.48
lcl|NC_072439.2_cds_XP_063477213.1_64427	59.91	40.09	-0.03214	84.98	4.31	3.36
lcl|NC_072439.2_cds_XP_055106944.1_64432	59.14	40.86	-0.05362	69.68	4.14	3.39
lcl|NC_072439.2_cds_XP_063477187.1_64435	60.52	39.48	0.02142	78.87	4.44	3.58
lcl|NC_072439.2_cds_XP_055104030.1_64462	55.98	44.02	-0.03183	78.71	4.15	3.70
lcl|NC_072439.2_cds_XP_063477196.1_64509	63.41	36.59	-0.09811	79.03	4.49	3.39
lcl|NC_072439.2_cds_XP_055106924.2_64513	47.62	52.38	0.12875	52.51	3.70	3.94
lcl|NC_072439.2_cds_XP_063477189.1_64516	45.11	54.89	0.16433	48.20	3.56	4.06
lcl|NC_072439.2_cds_XP_055105617.1_64667	41.29	58.71	-0.00156	30.53	3.24	3.74
lcl|NC_072439.2_cds_XP_055105620.1_64685	53.37	46.63	0.05469	57.95	4.37	4.06
lcl|NC_072439.2_cds_XP_055105618.1_64697	40.81	59.19	0.08058	36.86	3.70	4.26
lcl|NC_072439.2_cds_XP_055105614.1_64711	47.54	52.46	-0.02260	51.66	3.70	3.99
lcl|NC_072439.2_cds_XP_055107041.1_64727	41.42	58.58	0.02389	32.89	3.50	4.36
lcl|NC_072439.2_cds_XP_055104747.1_64734	38.70	61.3	0.06316	33.60	3.43	4.22
lcl|NC_072439.2_cds_XP_055105395.1_64758	48.57	51.43	-0.00123	50.36	3.92	4.03
lcl|NC_072439.2_cds_XP_055103041.1_64792	64.85	35.15	-0.03662	72.00	4.88	3.73
lcl|NC_072439.2_cds_XP_063476169.1_64837	53.41	46.59	0.06659	67.36	4.01	3.70
lcl|NC_072439.2_cds_XP_055104855.1_64845	63.91	36.09	-0.20083	56.62	4.38	3.78
lcl|NC_072439.2_cds_XP_063476174.1_64853	53.38	46.62	0.04128	60.02	3.82	3.62
lcl|NC_072439.2_cds_XP_055104853.2_64872	59.47	40.53	-0.11190	59.71	4.11	3.48
lcl|NC_072439.2_cds_XP_055104833.2_64876	52.74	47.26	-0.09198	56.62	3.84	4.05
lcl|NC_072439.2_cds_XP_055103420.2_64922	59.97	40.03	-0.01382	77.14	4.12	3.36
lcl|NC_072439.2_cds_XP_055103780.1_64923	57.86	42.14	-0.02717	70.40	3.98	3.40
lcl|NC_072439.2_cds_XP_055103717.1_64936	52.17	47.83	0.09302	66.28	3.82	3.64
lcl|NC_072439.2_cds_XP_063477389.1_64969	54.49	45.51	-0.02276	57.39	3.78	3.63
lcl|NC_072439.2_cds_XP_055102785.2_65010	53.46	46.54	0.07581	60.71	3.88	3.69
lcl|NC_072439.2_cds_XP_055102879.1_65013	52.00	48	-0.00677	63.26	3.76	3.73
lcl|NC_072439.2_cds_XP_055102771.2_65024	51.16	48.84	-0.00645	58.50	3.59	3.72
lcl|NC_072439.2_cds_XP_063476196.1_65053	57.22	42.78	-0.02828	63.37	4.04	3.51
lcl|NC_072439.2_cds_XP_063477455.1_65064	55.24	44.76	-0.03657	58.93	4.00	3.55
lcl|NC_072439.2_cds_XP_055102968.1_65090	54.99	45.01	0.03377	60.20	4.00	3.69
lcl|NC_072439.2_cds_XP_055106717.2_65096	53.76	46.24	0.04432	57.41	3.97	3.61
lcl|NC_072439.2_cds_XP_055106680.2_65159	51.12	48.88	0.13202	48.10	3.70	3.64
lcl|NC_072439.2_cds_XP_055106634.1_65177	60.38	39.62	0.02943	71.74	4.09	3.45
lcl|NC_072439.2_cds_XP_055103233.1_65217	49.99	50.01	-0.03656	61.10	3.64	3.61
lcl|NC_072439.2_cds_XP_055103404.1_65224	58.83	41.17	-0.04047	68.57	4.00	3.52
lcl|NC_072439.2_cds_XP_055105129.1_65324	58.91	41.09	0.00380	62.19	4.13	3.55
lcl|NC_072439.2_cds_XP_055104504.2_65407	57.69	42.31	-0.01825	63.98	3.97	3.57
lcl|NC_072439.2_cds_XP_055102913.2_65453	61.88	38.12	-0.10167	68.31	4.22	3.28
lcl|NC_072439.2_cds_XP_055103025.1_65527	42.24	57.76	0.10358	36.63	3.58	4.21
lcl|NC_072439.2_cds_XP_055106228.1_65541	40.10	59.9	0.08825	38.37	3.33	4.39
lcl|NC_072439.2_cds_XP_063476024.1_65545	48.05	51.95	0.08666	27.71	3.45	3.87
lcl|NC_072439.2_cds_XP_055106591.1_65546	43.83	56.17	0.04776	38.37	3.59	4.07
lcl|NC_072439.2_cds_XP_055104181.2_65552	53.49	46.51	0.10697	61.33	4.55	3.88
lcl|NC_072439.2_cds_XP_055105216.1_65603	43.49	56.51	0.07212	37.64	3.62	4.20
lcl|NC_072439.2_cds_XP_055107326.1_65648	43.31	56.69	-0.00743	47.85	3.48	4.15
lcl|NC_072439.2_cds_XP_055107211.2_65656	43.97	56.03	-0.04499	31.68	3.51	4.09
lcl|NC_072439.2_cds_XP_063476273.1_65658	40.05	59.95	0.05856	29.58	3.48	4.19
lcl|NC_072439.2_cds_XP_055103475.1_65716	38.23	61.77	0.09716	28.99	3.42	4.41
lcl|NC_072439.2_cds_XP_055103760.1_65717	44.34	55.66	0.05161	45.97	3.86	4.36
lcl|NC_072439.2_cds_XP_055103759.1_65722	41.96	58.04	0.04769	40.15	3.70	4.08
lcl|NC_072439.2_cds_XP_055105565.2_65723	40.56	59.44	0.02285	36.24	3.48	4.32
lcl|NC_072439.2_cds_XP_055106814.2_65780	48.32	51.68	-0.02950	50.18	3.87	3.99
lcl|NC_072439.2_cds_XP_055104735.1_65806	44.36	55.64	-0.08935	41.92	3.49	4.09
lcl|NC_072439.2_cds_XP_063476335.1_65857	50.61	49.39	0.02195	56.78	4.24	4.03
lcl|NC_072439.2_cds_XP_063476331.1_65861	40.34	59.66	0.15643	33.89	3.84	4.38
lcl|NC_072439.2_cds_XP_063476349.1_65872	46.13	53.87	0.00720	48.36	3.61	4.00
lcl|NC_072439.2_cds_XP_063476376.1_65897	44.56	55.44	-0.00269	48.44	3.46	3.98
lcl|NC_072439.2_cds_XP_063476439.1_65960	36.57	63.43	0.12385	29.50	3.92	4.58
lcl|NC_072439.2_cds_XP_063476495.1_66010	39.50	60.5	0.02865	31.93	3.50	4.26
lcl|NC_072439.2_cds_XP_063476492.1_66011	47.99	52.01	-0.03047	48.67	3.68	4.10
lcl|NC_072439.2_cds_XP_063477655.1_66048	45.74	54.26	-0.00661	45.13	3.69	4.00
lcl|NC_072439.2_cds_XP_063477662.1_66090	47.13	52.87	-0.16282	37.75	3.60	4.03
lcl|NC_072439.2_cds_XP_063477645.1_66122	49.30	50.7	0.07601	51.07	3.74	3.96
lcl|NC_072439.2_cds_XP_063477741.1_66127	44.50	55.5	0.04808	47.07	3.56	4.28
lcl|NC_072439.2_cds_XP_063477735.1_66130	48.80	51.2	-0.02494	47.22	3.68	3.94
lcl|NC_072439.2_cds_XP_063477745.1_66154	38.16	61.84	0.05282	29.20	3.53	4.48
lcl|NC_072439.2_cds_XP_063477761.1_66157	43.82	56.18	0.00712	38.01	3.54	4.15
lcl|NC_072439.2_cds_XP_063477813.1_66179	39.07	60.93	0.06784	35.17	3.37	4.33
lcl|NC_072439.2_cds_XP_063477822.1_66213	48.46	51.54	0.06051	51.50	3.84	4.01
lcl|NC_072439.2_cds_XP_063477830.1_66237	41.70	58.3	0.08769	35.36	4.28	4.46
lcl|NC_072439.2_cds_XP_063477817.1_66242	36.97	63.03	0.15679	33.93	3.39	4.44
lcl|NC_072439.2_cds_XP_063477805.1_66257	39.02	60.98	0.06019	33.70	3.30	4.50
lcl|NC_072439.2_cds_XP_063477801.1_66278	48.16	51.84	0.05028	53.63	3.96	4.21
lcl|NC_072439.2_cds_XP_063477790.1_66297	49.39	50.61	-0.03886	46.56	3.54	3.80
lcl|NC_072439.2_cds_XP_063477784.1_66311	51.48	48.52	0.03287	62.03	3.74	3.94
lcl|NC_072439.2_cds_XP_063477933.1_66339	66.11	33.89	-0.06795	70.81	4.49	3.48
lcl|NC_072439.2_cds_XP_063477942.1_66356	52.37	47.63	0.10084	58.64	3.80	3.59
lcl|NC_072439.2_cds_XP_063477921.1_66357	56.12	43.88	0.00888	58.26	4.09	3.82
lcl|NC_072439.2_cds_XP_063477943.1_66374	59.51	40.49	-0.03427	70.52	4.23	3.33
lcl|NC_072439.2_cds_XP_063477938.1_66382	65.55	34.45	0.02845	71.82	4.51	3.46
lcl|NC_072439.2_cds_XP_063476535.1_66388	60.69	39.31	-0.03573	76.28	4.27	3.51
lcl|NC_072439.2_cds_XP_063477984.1_66390	41.66	58.34	0.04367	39.12	3.36	4.19
lcl|NC_072439.2_cds_XP_063477990.1_66401	49.78	50.22	-0.00277	51.60	3.57	3.94
lcl|NC_072439.2_cds_XP_063478057.1_66551	46.19	53.81	0.01480	51.27	3.66	4.01
lcl|NC_072439.2_cds_XP_063478052.1_66556	46.99	53.01	0.06414	51.10	3.55	4.02
lcl|NC_072439.2_cds_XP_063478066.1_66593	40.15	59.85	0.07794	35.64	3.44	4.34
lcl|NC_072439.2_cds_XP_063478136.1_66648	63.29	36.71	-0.01781	75.54	4.61	3.29
lcl|NC_072439.2_cds_XP_063478086.1_66699	58.78	41.22	-0.36012	57.52	4.04	3.50
lcl|NC_072439.2_cds_XP_063478202.1_66804	42.14	57.86	0.06078	33.47	3.61	4.28
lcl|NC_072439.2_cds_XP_063478186.1_66841	56.83	43.17	-0.03301	68.61	4.13	3.70
lcl|NC_072440.2_cds_XP_055107915.1_66907	69.77	30.23	-0.06716	83.01	5.62	3.30
lcl|NC_072440.2_cds_XP_055108875.2_66928	70.11	29.89	-0.08055	74.30	5.16	3.37
lcl|NC_072440.2_cds_XP_063478483.1_66956	64.28	35.72	-0.00327	81.03	4.31	3.31
lcl|NC_072440.2_cds_XP_063478487.1_66996	60.01	39.99	0.02771	72.45	4.12	3.44
lcl|NC_072440.2_cds_XP_055108554.2_67011	66.11	33.89	-0.04192	79.93	5.18	3.45
lcl|NC_072440.2_cds_XP_055108221.2_67013	62.93	37.07	-0.02898	85.67	4.34	3.29
lcl|NC_072440.2_cds_XP_055110264.2_67050	61.09	38.91	0.00530	72.57	4.20	3.58
lcl|NC_072440.2_cds_XP_055108827.2_67077	49.46	50.54	0.08924	54.74	3.94	4.15
lcl|NC_072440.2_cds_XP_055109303.1_67089	58.21	41.79	0.04180	74.51	4.40	3.98
lcl|NC_072440.2_cds_XP_055109910.1_67109	55.23	44.77	-0.00618	70.39	4.08	4.04
lcl|NC_072440.2_cds_XP_055109902.1_67110	57.68	42.32	0.03934	69.92	4.36	4.03
lcl|NC_072440.2_cds_XP_055109925.2_67156	63.90	36.1	-0.03370	83.04	4.72	3.55
lcl|NC_072440.2_cds_XP_055109928.2_67192	47.56	52.44	-0.01931	53.07	4.24	4.20
lcl|NC_072440.2_cds_XP_055110091.1_67233	39.40	60.6	0.14442	37.78	3.59	4.23
lcl|NC_072440.2_cds_XP_055108681.2_67306	45.42	54.58	0.00861	50.33	3.85	4.26
lcl|NC_072440.2_cds_XP_063478971.1_67319	60.39	39.61	-0.05200	78.12	4.26	3.34
lcl|NC_072440.2_cds_XP_055109007.2_67382	52.18	47.82	-0.00521	49.36	3.82	3.73
lcl|NC_072440.2_cds_XP_055109017.2_67414	55.84	44.16	-0.05963	64.75	3.76	3.53
lcl|NC_072440.2_cds_XP_063478962.1_67432	60.34	39.66	-0.04014	68.91	4.36	3.66
lcl|NC_072440.2_cds_XP_055109015.2_67435	55.24	44.76	-0.05821	67.06	3.74	3.67
lcl|NC_072440.2_cds_XP_063478970.1_67436	50.59	49.41	0.26508	48.90	3.63	3.75
lcl|NC_072440.2_cds_XP_055109016.1_67476	60.80	39.2	-0.02915	81.08	4.24	3.52
lcl|NC_072440.2_cds_XP_055108460.2_67483	70.23	29.77	-0.04315	80.67	4.87	3.36
lcl|NC_072440.2_cds_XP_055108718.2_67486	51.57	48.43	-0.10666	50.29	3.74	3.86
lcl|NC_072440.2_cds_XP_063478964.1_67503	61.49	38.51	-0.10713	71.60	4.28	3.44
lcl|NC_072440.2_cds_XP_055108720.1_67549	52.92	47.08	0.00573	50.43	3.89	3.78
lcl|NC_072440.2_cds_XP_063478951.1_67574	63.61	36.39	-0.05675	83.44	4.79	3.40
lcl|NC_072440.2_cds_XP_055107739.1_67717	63.04	36.96	-0.05632	72.50	4.27	3.52
lcl|NC_072440.2_cds_XP_063479115.1_67745	63.02	36.98	-0.11705	69.47	4.27	3.49
lcl|NC_072440.2_cds_XP_055109551.1_67780	66.05	33.95	0.08485	81.15	4.68	3.43
lcl|NC_072440.2_cds_XP_055109667.2_67826	61.12	38.88	-0.01589	77.42	4.66	3.52
lcl|NC_072440.2_cds_XP_055109785.1_67837	44.30	55.7	0.06617	40.92	3.55	4.07
lcl|NC_072440.2_cds_XP_055109236.1_67859	47.85	52.15	-0.06289	55.75	3.61	3.95
lcl|NC_072440.2_cds_XP_063479203.1_67884	37.36	62.64	0.07754	31.38	3.42	4.38
lcl|NC_072440.2_cds_XP_055109114.2_67887	43.89	56.11	0.05931	39.49	3.38	4.08
lcl|NC_072440.2_cds_XP_063479193.1_67890	38.34	61.66	0.05440	31.08	3.27	4.40
lcl|NC_072440.2_cds_XP_055110399.2_67930	48.21	51.79	0.04271	50.00	3.82	4.11
lcl|NC_072440.2_cds_XP_055110448.1_67953	43.48	56.52	0.03556	34.62	4.34	4.35
lcl|NC_072440.2_cds_XP_055109746.1_67959	41.49	58.51	0.02949	37.71	3.35	4.36
lcl|NC_072440.2_cds_XP_055109777.1_68000	48.70	51.3	-0.02941	48.72	3.70	3.80
lcl|NC_072440.2_cds_XP_055109427.2_68012	40.75	59.25	0.13391	31.56	3.56	4.19
lcl|NC_072440.2_cds_XP_055109437.2_68021	43.37	56.63	0.01422	46.05	3.57	4.10
lcl|NC_072440.2_cds_XP_063479299.1_68089	55.89	44.11	-0.05588	58.55	4.14	3.84
lcl|NC_072440.2_cds_XP_055110290.2_68115	39.16	60.84	0.01984	30.98	3.46	4.51
lcl|NC_072440.2_cds_XP_055108119.2_68164	45.74	54.26	0.07692	42.31	3.61	4.18
lcl|NC_072440.2_cds_XP_055109863.1_68183	39.41	60.59	0.05719	35.55	3.24	4.37
lcl|NC_072440.2_cds_XP_055108104.1_68195	54.64	45.36	0.00393	60.55	5.08	4.11
lcl|NC_072440.2_cds_XP_055108105.2_68199	47.12	52.88	0.07897	51.00	3.55	4.10
lcl|NC_072440.2_cds_XP_055107443.1_68273	48.68	51.32	0.02766	43.84	4.53	3.92
lcl|NC_072440.2_cds_XP_055108393.1_68277	40.33	59.67	0.00540	33.62	3.35	4.39
lcl|NC_072440.2_cds_XP_055109135.1_68308	39.63	60.37	0.15806	32.41	3.68	4.35
lcl|NC_072440.2_cds_XP_055109129.2_68309	40.18	59.82	0.07030	33.09	3.67	4.41
lcl|NC_072440.2_cds_XP_063478421.1_68344	42.12	57.88	0.04452	39.63	3.47	4.29
lcl|NC_072440.2_cds_XP_055108657.2_68345	41.53	58.47	0.03673	38.14	3.80	4.34
lcl|NC_072440.2_cds_XP_055110286.2_68351	44.33	55.67	-0.00759	41.64	3.58	4.08
lcl|NC_072440.2_cds_XP_055107980.2_68376	51.05	48.95	0.05857	60.13	3.99	3.70
lcl|NC_072440.2_cds_XP_055108881.2_68416	63.35	36.65	-0.04380	80.81	4.58	3.61
lcl|NC_072440.2_cds_XP_055109212.2_68437	55.68	44.32	-0.03392	56.38	4.02	3.75
lcl|NC_072440.2_cds_XP_055109651.1_68475	58.59	41.41	0.00163	70.37	4.18	3.70
lcl|NC_072440.2_cds_XP_055109560.2_68553	66.79	33.21	0.05069	75.72	4.75	3.25
lcl|NC_072440.2_cds_XP_055109569.1_68595	56.23	43.77	-0.00270	62.68	3.82	3.67
lcl|NC_072440.2_cds_XP_055109557.2_68602	51.31	48.69	0.03658	62.36	3.71	3.82
lcl|NC_072440.2_cds_XP_063478765.1_68626	57.70	42.3	-0.08287	56.32	4.25	3.50
lcl|NC_072440.2_cds_XP_055107903.1_68637	57.69	42.31	-0.02995	75.71	3.95	3.42
lcl|NC_072440.2_cds_XP_055107399.2_68715	65.92	34.08	-0.04695	79.83	5.04	3.61
lcl|NC_072440.2_cds_XP_055108416.2_68740	55.82	44.18	-0.03946	63.70	4.07	3.72
lcl|NC_072440.2_cds_XP_055109143.1_68748	68.38	31.62	-0.04857	79.92	5.10	3.62
lcl|NC_072440.2_cds_XP_055110023.1_68753	53.94	46.06	0.05457	70.41	3.93	3.67
lcl|NC_072440.2_cds_XP_055107435.2_68786	58.37	41.63	-0.08524	72.10	4.08	3.50
lcl|NC_072440.2_cds_XP_063479486.1_68787	57.90	42.1	0.09376	68.56	3.96	3.57
lcl|NC_072440.2_cds_XP_055110232.2_68798	43.55	56.45	0.04318	42.92	3.64	4.20
lcl|NC_072440.2_cds_XP_055110226.2_68799	57.88	42.12	0.00150	76.41	3.99	3.49
lcl|NC_072440.2_cds_XP_055110220.2_68806	59.12	40.88	0.03528	64.45	4.15	3.67
lcl|NC_072440.2_cds_XP_055110461.1_68830	58.45	41.55	-0.02647	70.48	4.07	3.64
lcl|NC_072440.2_cds_XP_055107682.1_68944	61.13	38.87	0.01811	80.85	4.44	3.45
lcl|NC_072440.2_cds_XP_063478435.1_68949	60.35	39.65	-0.11630	63.85	3.99	3.59
lcl|NC_072440.2_cds_XP_055108252.2_68976	46.71	53.29	0.04083	45.69	3.62	3.97
lcl|NC_072440.2_cds_XP_055108268.2_69028	59.33	40.67	-0.02083	79.37	4.21	3.75
lcl|NC_072440.2_cds_XP_055108250.2_69050	63.20	36.8	0.01186	73.63	4.56	3.62
lcl|NC_072440.2_cds_XP_055108245.1_69061	55.38	44.62	-0.03668	71.96	4.10	3.70
lcl|NC_072440.2_cds_XP_055108274.1_69073	60.36	39.64	0.02298	79.55	4.49	3.76
lcl|NC_072440.2_cds_XP_063478798.1_69105	70.72	29.28	-0.02866	82.43	5.15	3.26
lcl|NC_072440.2_cds_XP_055107545.1_69146	52.98	47.02	-0.01884	62.13	3.85	3.81
lcl|NC_072440.2_cds_XP_063479541.1_69160	44.17	55.83	0.00632	40.59	3.43	4.03
lcl|NC_072440.2_cds_XP_055107562.2_69216	58.30	41.7	0.05336	69.11	4.10	3.71
lcl|NC_072440.2_cds_XP_055107585.2_69225	51.75	48.25	-0.01830	47.70	3.83	3.68
lcl|NC_072440.2_cds_XP_055108778.2_69255	62.53	37.47	-0.10313	67.95	4.00	3.23
lcl|NC_072440.2_cds_XP_055108607.1_69260	63.84	36.16	-0.03286	72.03	4.30	3.14
lcl|NC_072440.2_cds_XP_063479607.1_69264	53.74	46.26	0.02247	61.23	3.96	3.76
lcl|NC_072440.2_cds_XP_055110008.2_69271	60.82	39.18	-0.00347	77.72	4.41	3.33
lcl|NC_072440.2_cds_XP_063479617.1_69320	56.08	43.92	-0.05916	63.31	4.12	3.43
lcl|NC_072440.2_cds_XP_055110051.1_69350	52.15	47.85	0.03058	55.02	3.67	3.64
lcl|NC_072440.2_cds_XP_055109471.2_69400	59.85	40.15	0.09283	72.26	4.62	3.54
lcl|NC_072440.2_cds_XP_055108904.1_69514	59.18	40.82	0.10315	84.46	4.20	3.49
lcl|NC_072440.2_cds_XP_055109363.2_69534	63.02	36.98	-0.08953	74.89	4.17	3.38
lcl|NC_072440.2_cds_XP_055109359.2_69538	51.63	48.37	0.03179	60.94	3.93	3.76
lcl|NC_072440.2_cds_XP_055109357.2_69546	60.06	39.94	-0.00874	72.38	3.88	3.38
lcl|NC_072440.2_cds_XP_055109347.1_69556	56.33	43.67	-0.01980	77.08	4.09	3.67
lcl|NC_072440.2_cds_XP_055109335.1_69564	56.11	43.89	0.12031	76.36	4.02	3.54
lcl|NC_072440.2_cds_XP_055109338.1_69577	47.08	52.92	-0.06293	47.31	3.68	4.07
lcl|NC_072440.2_cds_XP_055110336.1_69664	51.52	48.48	-0.14941	52.09	3.80	3.77
lcl|NC_072440.2_cds_XP_055110327.1_69676	45.44	54.56	0.03680	44.82	3.75	4.22
lcl|NC_072440.2_cds_XP_063479756.1_69715	54.54	45.46	0.00874	55.53	4.54	3.72
lcl|NC_072440.2_cds_XP_055109521.1_69739	43.36	56.64	0.06375	41.82	3.67	4.19
lcl|NC_072440.2_cds_XP_055109509.2_69762	43.50	56.5	0.01521	35.03	3.58	4.14
lcl|NC_072440.2_cds_XP_055109520.2_69764	45.14	54.86	0.02738	51.90	3.52	4.20
lcl|NC_072440.2_cds_XP_055108029.2_69798	53.62	46.38	0.02796	63.04	3.88	3.73
lcl|NC_072440.2_cds_XP_055110418.2_69826	58.28	41.72	0.00950	68.51	4.24	3.75
lcl|NC_072440.2_cds_XP_055108062.2_69834	58.42	41.58	-0.06678	63.80	3.94	3.56
lcl|NC_072440.2_cds_XP_055108645.2_69837	60.87	39.13	-0.00377	74.26	4.04	3.48
lcl|NC_072440.2_cds_XP_055109309.2_69852	54.34	45.66	-0.01676	64.96	3.82	3.70
lcl|NC_072440.2_cds_XP_063479901.1_69886	43.87	56.13	-0.00663	37.78	3.51	4.10
lcl|NC_072440.2_cds_XP_055108157.1_69893	51.26	48.74	0.09534	57.30	3.67	3.78
lcl|NC_072440.2_cds_XP_055108165.1_69921	54.39	45.61	-0.05710	52.87	3.84	3.74
lcl|NC_072440.2_cds_XP_055108154.1_69956	57.55	42.45	0.01275	65.45	3.95	3.49
lcl|NC_072440.2_cds_XP_063479910.1_69959	56.43	43.57	-0.08647	63.99	3.88	3.70
lcl|NC_072440.2_cds_XP_055108855.1_69992	66.90	33.1	0.08476	73.25	4.79	3.49
lcl|NC_072440.2_cds_XP_055109971.2_69994	55.69	44.31	-0.09042	58.74	4.20	3.55
lcl|NC_072440.2_cds_XP_055107506.2_70021	59.21	40.79	0.02056	80.29	4.27	3.39
lcl|NC_072440.2_cds_XP_063479981.1_70027	59.92	40.08	-0.09602	70.01	4.04	3.56
lcl|NC_072440.2_cds_XP_055108941.1_70047	67.81	32.19	-0.09203	77.85	5.24	3.40
lcl|NC_072440.2_cds_XP_055108938.2_70054	50.70	49.3	-0.06420	47.12	3.88	3.79
lcl|NC_072440.2_cds_XP_055110455.1_70079	59.71	40.29	0.10184	73.52	4.41	3.55
lcl|NC_072440.2_cds_XP_055110177.1_70089	55.89	44.11	-0.00925	73.39	3.99	3.58
lcl|NC_072440.2_cds_XP_055110168.1_70097	57.92	42.08	-0.02641	78.53	4.08	3.46
lcl|NC_072440.2_cds_XP_055109845.1_70111	46.83	53.17	-0.07700	43.00	3.51	3.98
lcl|NC_072440.2_cds_XP_063479959.1_70123	44.49	55.51	0.04011	43.53	3.68	4.18
lcl|NC_072440.2_cds_XP_063479967.1_70176	42.09	57.91	0.09570	33.88	3.71	4.31
lcl|NC_072440.2_cds_XP_055109318.1_70182	61.83	38.17	-0.07323	77.40	4.47	3.58
lcl|NC_072440.2_cds_XP_055108401.2_70183	33.75	66.25	0.11179	25.89	3.30	4.96
lcl|NC_072440.2_cds_XP_055108408.2_70184	43.36	56.64	-0.06136	47.24	3.59	4.18
lcl|NC_072440.2_cds_XP_055110262.1_70198	45.13	54.87	0.01103	31.65	3.47	4.18
lcl|NC_072440.2_cds_XP_055108369.2_70234	42.13	57.87	0.13788	39.34	3.45	4.08
lcl|NC_072440.2_cds_XP_055110143.2_70266	38.95	61.05	0.04053	33.04	3.32	4.19
lcl|NC_072440.2_cds_XP_055110140.2_70270	37.71	62.29	0.14677	31.20	3.49	4.53
lcl|NC_072440.2_cds_XP_055108815.1_70276	34.45	65.55	0.07923	30.09	3.54	4.78
lcl|NC_072440.2_cds_XP_055110019.2_70285	45.95	54.05	0.03731	44.60	3.62	4.11
lcl|NC_072440.2_cds_XP_055107523.2_70292	52.02	47.98	-0.01248	59.02	3.94	3.83
lcl|NC_072440.2_cds_XP_063478902.1_70304	57.74	42.26	-0.06454	73.79	4.34	3.90
lcl|NC_072440.2_cds_XP_055109771.1_70315	39.93	60.07	0.14062	36.86	3.82	4.31
lcl|NC_072440.2_cds_XP_055109818.1_70386	52.10	47.9	-0.01017	59.88	4.02	3.91
lcl|NC_072440.2_cds_XP_055110474.2_70404	45.52	54.48	0.05081	43.49	3.69	4.09
lcl|NC_072440.2_cds_XP_055109668.1_70484	53.89	46.11	0.07173	66.05	4.06	3.94
lcl|NC_072440.2_cds_XP_055109149.1_70487	58.69	41.31	-0.04605	75.20	4.30	3.81
lcl|NC_072440.2_cds_XP_063478934.1_70494	60.73	39.27	-0.03298	72.53	4.40	3.51
lcl|NC_072434.2_cds_XP_063469166.1_70642	57.88	42.12	-0.02536	73.57	3.97	3.71
lcl|NC_072434.2_cds_XP_055090938.1_70695	43.30	56.7	-0.00400	40.71	3.42	3.96
lcl|NC_072434.2_cds_XP_055089892.1_70727	52.53	47.47	0.06410	65.35	4.00	3.80
lcl|NC_072434.2_cds_XP_055089476.1_70746	38.65	61.35	0.08367	30.83	3.46	4.47
lcl|NC_072434.2_cds_XP_055091128.1_70775	60.98	39.02	0.02889	70.33	4.11	3.52
lcl|NC_072434.2_cds_XP_055089570.1_70783	57.91	42.09	-0.05967	76.60	4.16	3.52
lcl|NC_072434.2_cds_XP_063469675.1_70801	49.47	50.53	-0.00839	47.92	3.97	3.91
lcl|NC_072434.2_cds_XP_055090552.1_70803	47.15	52.85	-0.00129	41.08	3.77	3.88
lcl|NC_072434.2_cds_XP_055090693.1_70901	53.30	46.7	-0.04201	66.70	3.94	3.75
lcl|NC_072434.2_cds_XP_055090765.1_70983	53.30	46.7	0.04909	61.83	4.21	3.81
lcl|NC_072434.2_cds_XP_055090077.1_70996	60.17	39.83	-0.05157	73.22	4.16	3.40
lcl|NC_072434.2_cds_XP_055091318.1_71005	57.62	42.38	-0.04515	69.68	4.13	3.58
lcl|NC_072434.2_cds_XP_055090217.1_71024	56.94	43.06	-0.05335	71.99	4.01	3.62
lcl|NC_072434.2_cds_XP_055090220.1_71037	60.22	39.78	-0.07386	71.81	4.25	3.73
lcl|NC_072434.2_cds_XP_055090852.1_71076	41.95	58.05	0.05357	38.20	3.51	4.18
lcl|NC_072434.2_cds_XP_055090849.1_71084	50.91	49.09	0.03133	60.99	3.73	3.66
lcl|NC_072434.2_cds_XP_055089505.1_71107	60.90	39.1	0.07054	76.10	4.34	3.42
lcl|NC_072434.2_cds_XP_055090918.1_71145	47.94	52.06	0.05189	47.56	3.74	3.94
lcl|NC_072434.2_cds_XP_055090502.1_71167	51.60	48.4	0.05424	51.32	3.97	3.86
lcl|NC_072434.2_cds_XP_055090513.1_71176	61.33	38.67	-0.08478	74.48	4.28	3.49
lcl|NC_072434.2_cds_XP_055090904.1_71205	51.02	48.98	0.00690	55.85	3.88	3.90
lcl|NC_072434.2_cds_XP_063469311.1_71212	58.15	41.85	-0.07757	66.70	4.15	3.54
lcl|NC_072434.2_cds_XP_055090427.1_71224	60.78	39.22	0.02760	74.36	4.01	3.52
lcl|NC_072434.2_cds_XP_055089593.1_71233	56.05	43.95	-0.04792	77.37	3.87	3.46
lcl|NC_072434.2_cds_XP_055089821.1_71238	60.14	39.86	0.01983	79.62	4.28	3.45
lcl|NC_072434.2_cds_XP_055090818.1_71253	41.23	58.77	0.02550	33.62	3.49	4.24
lcl|NC_072434.2_cds_XP_055090814.1_71267	38.23	61.77	0.09995	30.32	3.36	4.28
lcl|NC_072434.2_cds_XP_055090007.1_71278	46.96	53.04	-0.00872	46.26	4.22	4.01
lcl|NC_072434.2_cds_XP_055091345.1_71298	41.37	58.63	-0.00925	37.37	3.54	4.45
lcl|NC_072434.2_cds_XP_055090144.1_71327	45.32	54.68	0.00709	45.18	3.42	4.15
lcl|NC_072434.2_cds_XP_055090163.1_71329	37.15	62.85	0.06022	27.61	3.40	4.58
lcl|NC_072434.2_cds_XP_055090160.1_71333	37.01	62.99	0.04920	31.54	3.55	4.56
lcl|NC_072434.2_cds_XP_063469783.1_71339	39.71	60.29	0.06394	28.34	3.41	4.47
lcl|NC_072434.2_cds_XP_055089834.1_71341	40.62	59.38	0.01651	38.06	3.48	4.36
lcl|NC_072434.2_cds_XP_055090951.1_71410	42.47	57.53	0.10454	32.62	3.76	4.07
lcl|NC_072434.2_cds_XP_055090953.1_71416	48.88	51.12	-0.32170	42.06	3.50	4.00
lcl|NC_072434.2_cds_XP_055090419.1_71417	45.33	54.67	0.03092	38.84	3.55	4.07
lcl|NC_072434.2_cds_XP_063469832.1_71422	38.24	61.76	0.02439	34.72	3.61	4.39
lcl|NC_072434.2_cds_XP_055089586.1_71440	51.37	48.63	0.08059	55.72	3.75	3.89
lcl|NC_072434.2_cds_XP_055089665.1_71442	42.70	57.3	0.11093	37.37	3.75	4.28
lcl|NC_072434.2_cds_XP_063469854.1_71511	47.74	52.26	-0.10193	47.93	3.45	3.97
lcl|NC_072434.2_cds_XP_055090590.1_71518	53.02	46.98	0.08162	55.36	3.77	3.59
lcl|NC_072434.2_cds_XP_055090065.1_71519	51.23	48.77	0.07400	53.70	3.93	3.67
lcl|NC_072434.2_cds_XP_055089469.1_71523	44.76	55.24	0.09767	38.33	3.60	4.08
lcl|NC_072434.2_cds_XP_055090322.1_71545	44.74	55.26	-0.01565	55.99	3.47	4.08
lcl|NC_072434.2_cds_XP_055089486.1_71558	55.68	44.32	-0.01485	70.08	4.08	3.85
lcl|NC_072434.2_cds_XP_055091202.1_71559	43.62	56.38	0.07899	38.82	3.36	4.10
lcl|NC_072434.2_cds_XP_055091210.1_71567	59.06	40.94	0.04862	64.14	4.04	3.42
lcl|NC_072434.2_cds_XP_063469904.1_71575	50.08	49.92	-0.02703	52.44	3.60	3.61
lcl|NC_072434.2_cds_XP_055091191.1_71587	40.51	59.49	0.04738	33.94	3.45	4.41
lcl|NC_072434.2_cds_XP_055091271.1_71665	59.32	40.68	-0.00980	70.67	4.31	3.54
lcl|NC_072434.2_cds_XP_055089423.1_71707	40.29	59.71	0.07317	31.96	3.59	4.27
lcl|NC_072434.2_cds_XP_055089816.1_71729	38.54	61.46	0.01632	36.02	3.31	4.38
lcl|NC_072434.2_cds_XP_055089580.1_71736	50.05	49.95	-0.03567	48.40	3.78	3.79
lcl|NC_072434.2_cds_XP_055090882.1_71748	48.15	51.85	0.03779	60.23	3.72	4.17
lcl|NC_072434.2_cds_XP_055090339.1_71766	49.65	50.35	-0.03949	55.45	3.98	3.89
lcl|NC_072434.2_cds_XP_055090093.1_71768	49.40	50.6	-0.10791	51.71	3.84	3.94
lcl|NC_072434.2_cds_XP_055091392.1_71798	41.68	58.32	0.02350	35.40	3.48	4.20
lcl|NC_072434.2_cds_XP_055091403.1_71811	58.53	41.47	-0.03145	65.86	3.94	3.53
lcl|NC_072434.2_cds_XP_055091405.1_71813	38.09	61.91	0.25076	34.41	3.32	4.50
lcl|NC_072434.2_cds_XP_063469404.1_71815	45.45	54.55	0.08798	38.92	3.61	4.19
lcl|NC_072434.2_cds_XP_055091254.1_71883	44.16	55.84	0.05876	42.31	3.90	4.12
lcl|NC_072434.2_cds_XP_055091054.1_71923	43.24	56.76	0.09104	35.43	3.69	4.16
lcl|NC_072434.2_cds_XP_055090080.1_71945	54.10	45.9	-0.01037	66.75	3.99	3.89
lcl|NC_072434.2_cds_XP_055089688.1_71958	40.80	59.2	0.15373	40.72	3.56	4.29
lcl|NC_072434.2_cds_XP_055089771.1_71967	45.95	54.05	-0.02510	42.78	3.51	4.08
lcl|NC_072434.2_cds_XP_055089660.1_72014	42.06	57.94	0.10636	36.25	3.45	4.15
lcl|NC_072434.2_cds_XP_063470008.1_72029	43.71	56.29	0.06165	38.91	3.47	4.26
lcl|NC_072434.2_cds_XP_055090960.1_72062	44.12	55.88	0.08786	38.19	3.62	4.33
lcl|NC_072434.2_cds_XP_055090017.1_72082	46.62	53.38	-0.04829	50.95	3.55	4.14
lcl|NC_072434.2_cds_XP_055090588.1_72089	43.77	56.23	-0.09574	50.17	3.45	4.12
lcl|NC_072434.2_cds_XP_055089777.1_72095	48.14	51.86	0.02257	44.32	3.67	4.11
lcl|NC_072434.2_cds_XP_063469433.1_72105	45.04	54.96	0.09635	38.61	3.59	4.14
lcl|NC_072434.2_cds_XP_055089774.1_72180	51.20	48.8	0.08531	64.63	3.85	3.87
lcl|NC_072434.2_cds_XP_055089530.1_72186	62.63	37.37	0.05328	74.39	4.45	3.44
lcl|NC_072434.2_cds_XP_055090992.1_72216	42.00	58	0.06277	37.16	3.55	4.28
lcl|NC_072434.2_cds_XP_055089717.1_72281	64.02	35.98	0.08160	78.29	4.43	3.33
lcl|NC_072434.2_cds_XP_055090606.1_72311	44.22	55.78	0.04365	41.14	3.68	4.16
lcl|NC_072434.2_cds_XP_055090086.1_72319	50.93	49.07	0.00687	58.95	3.71	3.96
lcl|NC_072434.2_cds_XP_055091373.1_72344	46.63	53.37	0.04572	48.14	4.26	4.23
lcl|NC_072434.2_cds_XP_055090451.1_72378	55.26	44.74	0.05213	57.01	3.86	3.68
lcl|NC_072434.2_cds_XP_055090167.1_72391	52.02	47.98	-0.00260	57.28	3.87	3.94
lcl|NC_072434.2_cds_XP_055090416.1_72396	46.21	53.79	-0.00159	42.16	4.34	4.42
lcl|NC_072434.2_cds_XP_055090912.1_72399	51.08	48.92	-0.04579	57.76	3.81	3.98
lcl|NC_072434.2_cds_XP_055089737.1_72403	57.19	42.81	-0.01792	62.34	4.90	3.95
lcl|NC_072434.2_cds_XP_055090125.1_72418	48.68	51.32	0.08400	50.99	4.73	4.40
lcl|NC_072434.2_cds_XP_055089909.1_72431	39.29	60.71	0.17859	30.40	3.40	4.33
lcl|NC_072434.2_cds_XP_055091046.1_72457	41.05	58.95	0.03529	36.38	3.44	4.37
lcl|NC_072434.2_cds_XP_055090429.1_72461	57.35	42.65	-0.00792	65.87	4.17	3.55
lcl|NC_072434.2_cds_XP_055090397.1_72476	42.20	57.8	0.03537	45.01	3.56	4.26
lcl|NC_072434.2_cds_XP_055090405.1_72480	53.47	46.53	0.05882	69.63	3.94	3.60
lcl|NC_072434.2_cds_XP_055089414.1_72490	47.21	52.79	0.09426	48.82	3.72	4.14
lcl|NC_072434.2_cds_XP_055089413.1_72496	46.22	53.78	0.07239	49.29	3.68	4.06
lcl|NC_072434.2_cds_XP_063469540.1_72503	57.37	42.63	-0.06424	55.04	4.84	3.99
lcl|NC_072434.2_cds_XP_055091170.1_72538	41.70	58.3	0.05417	40.93	3.36	4.40
lcl|NC_072434.2_cds_XP_063469551.1_72548	43.03	56.97	0.04185	38.28	3.46	4.16
lcl|NC_072434.2_cds_XP_055091018.1_72582	42.95	57.05	0.02249	32.43	3.41	4.06
lcl|NC_072434.2_cds_XP_055089534.1_72628	39.36	60.64	0.06005	34.64	3.62	4.39
lcl|NC_072434.2_cds_XP_055089531.1_72659	63.09	36.91	-0.05514	80.12	4.52	3.54
lcl|NC_072434.2_cds_XP_055090647.1_72675	41.49	58.51	0.06112	33.17	3.53	4.19
lcl|NC_072434.2_cds_XP_055090380.1_72711	52.62	47.38	0.05437	69.14	3.77	3.67
lcl|NC_072442.2_cds_XP_063485954.1_72802	53.84	46.16	0.01823	63.76	3.74	3.68
lcl|NC_072442.2_cds_XP_055112805.2_72825	61.19	38.81	-0.04651	78.85	4.37	3.49
lcl|NC_072442.2_cds_XP_063485952.1_72849	58.19	41.81	-0.02652	73.43	4.04	3.55
lcl|NC_072442.2_cds_XP_055113370.1_72877	46.20	53.8	0.12931	41.37	3.65	3.95
lcl|NC_072442.2_cds_XP_063485959.1_72893	47.44	52.56	0.02614	42.44	3.74	4.00
lcl|NC_072442.2_cds_XP_055113362.1_72971	51.07	48.93	-0.09135	57.18	4.00	3.88
lcl|NC_072442.2_cds_XP_055114491.2_73043	63.80	36.2	0.04393	69.90	4.36	3.52
lcl|NC_072442.2_cds_XP_063484576.1_73054	59.73	40.27	-0.05965	61.84	4.08	3.74
lcl|NC_072442.2_cds_XP_063484558.1_73062	53.98	46.02	-0.01331	58.66	3.94	3.71
lcl|NC_072442.2_cds_XP_055114508.1_73063	51.89	48.11	-0.07024	53.28	3.83	3.59
lcl|NC_072442.2_cds_XP_063484537.1_73080	47.88	52.12	0.00906	48.05	3.70	3.97
lcl|NC_072442.2_cds_XP_063484570.1_73101	43.73	56.27	0.10769	35.32	3.64	4.12
lcl|NC_072442.2_cds_XP_055114513.2_73110	48.45	51.55	0.00555	42.94	3.74	3.98
lcl|NC_072442.2_cds_XP_063484532.1_73138	44.62	55.38	0.05563	41.78	3.57	4.13
lcl|NC_072442.2_cds_XP_055113557.1_73148	49.95	50.05	-0.02714	47.34	3.71	3.86
lcl|NC_072442.2_cds_XP_055112695.1_73168	38.96	61.04	0.04997	31.44	3.48	4.38
lcl|NC_072442.2_cds_XP_055112701.1_73172	42.99	57.01	0.05534	38.51	3.45	4.13
lcl|NC_072442.2_cds_XP_055112693.2_73178	42.33	57.67	-0.02390	30.67	3.45	4.27
lcl|NC_072442.2_cds_XP_055113831.1_73206	42.27	57.73	0.06654	38.86	3.48	4.14
lcl|NC_072442.2_cds_XP_055113573.2_73217	36.46	63.54	0.04757	28.89	3.35	4.50
lcl|NC_072442.2_cds_XP_055114269.1_73264	45.65	54.35	0.01233	52.14	3.82	3.98
lcl|NC_072442.2_cds_XP_063486012.1_73295	66.48	33.52	-0.04479	82.32	4.74	3.35
lcl|NC_072442.2_cds_XP_055113966.1_73306	52.08	47.92	0.03492	61.81	3.79	3.65
lcl|NC_072442.2_cds_XP_055111806.1_73324	56.33	43.67	0.05778	73.07	3.87	3.51
lcl|NC_072442.2_cds_XP_055111822.2_73327	45.88	54.12	0.06605	49.47	3.84	4.03
lcl|NC_072442.2_cds_XP_055111815.1_73334	46.35	53.65	0.03371	50.56	3.66	4.20
lcl|NC_072442.2_cds_XP_055111814.2_73345	45.92	54.08	0.07033	49.22	3.56	4.07
lcl|NC_072442.2_cds_XP_055113992.2_73350	44.61	55.39	0.06710	48.08	3.63	4.19
lcl|NC_072442.2_cds_XP_055114802.1_73354	46.15	53.85	0.01517	49.05	3.63	3.82
lcl|NC_072442.2_cds_XP_055113256.2_73367	62.24	37.76	-0.01520	70.03	4.20	3.22
lcl|NC_072442.2_cds_XP_063486018.1_73414	62.48	37.52	-0.01557	69.47	4.72	3.62
lcl|NC_072442.2_cds_XP_055111906.2_73427	48.51	51.49	-0.04186	48.65	3.63	4.03
lcl|NC_072442.2_cds_XP_063484673.1_73430	43.13	56.87	-0.01865	40.99	3.48	4.15
lcl|NC_072442.2_cds_XP_063484679.1_73467	56.75	43.25	-0.03085	67.87	3.85	3.49
lcl|NC_072442.2_cds_XP_055113020.1_73488	47.59	52.41	0.05759	49.85	3.59	3.84
lcl|NC_072442.2_cds_XP_055113052.1_73524	47.56	52.44	-0.02352	41.28	3.76	4.03
lcl|NC_072442.2_cds_XP_063484734.1_73538	54.24	45.76	0.06472	61.36	3.81	3.84
lcl|NC_072442.2_cds_XP_063484736.1_73544	47.59	52.41	-0.10475	44.97	3.54	4.10
lcl|NC_072442.2_cds_XP_063484739.1_73550	48.42	51.58	-0.02454	47.73	3.60	4.04
lcl|NC_072442.2_cds_XP_063484719.1_73570	46.92	53.08	0.03149	44.69	4.49	3.99
lcl|NC_072442.2_cds_XP_055113429.2_73586	41.33	58.67	0.06522	40.57	3.44	4.21
lcl|NC_072442.2_cds_XP_055113440.2_73593	49.07	50.93	-0.02154	49.76	3.61	3.75
lcl|NC_072442.2_cds_XP_055113449.1_73626	44.64	55.36	0.05812	41.52	3.61	4.10
lcl|NC_072442.2_cds_XP_063484698.1_73637	60.90	39.1	0.06640	77.58	4.28	3.47
lcl|NC_072442.2_cds_XP_055112754.2_73651	60.60	39.4	-0.11001	68.64	4.13	3.41
lcl|NC_072442.2_cds_XP_055112753.1_73652	55.29	44.71	-0.06779	62.19	4.12	3.60
lcl|NC_072442.2_cds_XP_055112749.1_73707	52.61	47.39	0.05947	62.11	3.91	3.82
lcl|NC_072442.2_cds_XP_055114656.2_73713	51.74	48.26	-0.00720	58.81	3.77	3.63
lcl|NC_072442.2_cds_XP_055114660.2_73720	50.57	49.43	0.01878	53.81	3.65	3.83
lcl|NC_072442.2_cds_XP_055113742.1_73761	57.25	42.75	-0.03431	73.57	4.03	3.47
lcl|NC_072442.2_cds_XP_063484820.1_73771	60.92	39.08	-0.02476	75.75	4.48	3.50
lcl|NC_072442.2_cds_XP_055111794.2_73874	62.97	37.03	0.00000	77.14	4.39	3.38
lcl|NC_072442.2_cds_XP_055113119.1_73878	65.01	34.99	-0.00805	47.44	4.43	3.29
lcl|NC_072442.2_cds_XP_055113140.2_73893	60.32	39.68	-0.01916	76.57	4.34	3.62
lcl|NC_072442.2_cds_XP_055114426.2_73984	51.29	48.71	0.00802	64.31	3.98	3.87
lcl|NC_072442.2_cds_XP_055113271.1_74071	60.57	39.43	-0.02822	75.81	3.99	3.30
lcl|NC_072442.2_cds_XP_063484984.1_74085	47.00	53	0.09370	47.38	3.65	3.93
lcl|NC_072442.2_cds_XP_063484903.1_74107	48.51	51.49	-0.10570	45.42	3.65	4.03
lcl|NC_072442.2_cds_XP_063484947.1_74125	49.85	50.15	-0.12258	45.83	3.71	3.93
lcl|NC_072442.2_cds_XP_063484968.1_74136	50.24	49.76	-0.11992	46.45	3.75	3.93
lcl|NC_072442.2_cds_XP_055113262.1_74147	46.42	53.58	0.05345	44.66	3.92	4.05
lcl|NC_072442.2_cds_XP_055113753.1_74152	58.16	41.84	0.05524	60.47	3.89	3.76
lcl|NC_072442.2_cds_XP_055114740.2_74157	66.38	33.62	-0.04553	78.98	5.09	3.59
lcl|NC_072442.2_cds_XP_063484961.1_74169	67.82	32.18	-0.03698	82.13	4.91	3.36
lcl|NC_072442.2_cds_XP_063484976.1_74177	63.78	36.22	-0.08904	73.06	4.43	3.49
lcl|NC_072442.2_cds_XP_055114016.1_74220	46.85	53.15	-0.06697	44.47	3.64	3.87
lcl|NC_072442.2_cds_XP_055114018.2_74241	50.31	49.69	-0.05380	47.45	3.90	3.86
lcl|NC_072442.2_cds_XP_055112492.1_74274	60.31	39.69	-0.02091	72.36	4.08	3.47
lcl|NC_072442.2_cds_XP_063484355.1_74345	57.46	42.54	-0.04144	74.91	3.95	3.45
lcl|NC_072442.2_cds_XP_063484922.1_74386	39.30	60.7	0.09967	36.16	3.37	4.23
lcl|NC_072442.2_cds_XP_055111722.2_74531	55.02	44.98	0.01992	65.74	4.01	3.54
lcl|NC_072442.2_cds_XP_055113193.1_74573	59.67	40.33	-0.03728	77.59	4.47	3.55
lcl|NC_072442.2_cds_XP_055113191.2_74579	61.82	38.18	-0.10381	74.75	4.21	3.47
lcl|NC_072442.2_cds_XP_055111930.2_74590	53.53	46.47	0.03096	65.43	4.29	3.73
lcl|NC_072442.2_cds_XP_055112634.1_74608	47.47	52.53	0.03309	55.98	3.73	4.15
lcl|NC_072442.2_cds_XP_063485071.1_74650	67.13	32.87	0.05149	75.12	5.09	3.25
lcl|NC_072442.2_cds_XP_055112627.1_74654	58.74	41.26	-0.04059	69.15	4.15	3.51
lcl|NC_072442.2_cds_XP_063485158.1_74673	61.94	38.06	-0.08912	67.20	4.36	3.49
lcl|NC_072442.2_cds_XP_055112832.2_74773	41.17	58.83	0.06661	35.99	3.33	4.18
lcl|NC_072442.2_cds_XP_055112876.1_74775	49.14	50.86	0.03714	48.86	3.65	3.94
lcl|NC_072442.2_cds_XP_063485167.1_74798	50.65	49.35	0.04823	57.08	3.73	3.62
lcl|NC_072442.2_cds_XP_055112198.1_74858	61.86	38.14	-0.01499	74.28	4.20	3.45
lcl|NC_072442.2_cds_XP_055112215.1_74933	59.84	40.16	-0.04854	76.80	4.14	3.49
lcl|NC_072442.2_cds_XP_055112214.2_74957	61.22	38.78	0.02301	73.58	4.34	3.70
lcl|NC_072442.2_cds_XP_055112192.2_74958	51.67	48.33	-0.05923	47.90	3.78	3.98
lcl|NC_072442.2_cds_XP_055111872.2_74966	39.47	60.53	-0.04417	31.28	3.62	4.45
lcl|NC_072442.2_cds_XP_055113678.1_75007	51.76	48.24	0.03111	62.38	3.97	3.87
lcl|NC_072442.2_cds_XP_063485299.1_75019	61.72	38.28	-0.07197	72.37	4.11	3.51
lcl|NC_072442.2_cds_XP_055114756.1_75070	61.56	38.44	-0.03711	77.28	4.80	3.51
lcl|NC_072442.2_cds_XP_063485339.1_75083	60.00	40	-0.04778	68.50	3.95	3.65
lcl|NC_072442.2_cds_XP_055113793.2_75086	66.85	33.15	-0.01959	84.40	5.04	3.35
lcl|NC_072442.2_cds_XP_055113791.2_75097	59.16	40.84	-0.04051	73.98	4.22	3.71
lcl|NC_072442.2_cds_XP_063485345.1_75102	49.24	50.76	-0.11429	47.18	3.72	4.01
lcl|NC_072442.2_cds_XP_055113630.1_75131	61.19	38.81	-0.05160	64.39	4.45	3.94
lcl|NC_072442.2_cds_XP_055113609.2_75156	51.96	48.04	-0.05800	50.63	3.85	3.85
lcl|NC_072442.2_cds_XP_063485344.1_75167	49.10	50.9	-0.11873	46.98	3.76	4.00
lcl|NC_072442.2_cds_XP_055114359.2_75230	63.11	36.89	-0.01285	81.76	4.42	3.46
lcl|NC_072442.2_cds_XP_055113489.2_75232	46.94	53.06	0.03361	44.38	3.50	4.04
lcl|NC_072442.2_cds_XP_055114636.1_75234	51.24	48.76	-0.06262	51.01	3.80	3.87
lcl|NC_072442.2_cds_XP_063484367.1_75249	60.44	39.56	-0.05147	80.59	4.38	3.66
lcl|NC_072442.2_cds_XP_055112312.2_75256	61.21	38.79	-0.12096	80.00	4.25	3.29
lcl|NC_072442.2_cds_XP_055114592.1_75289	48.49	51.51	0.12152	43.88	3.67	3.84
lcl|NC_072442.2_cds_XP_055114597.1_75293	52.56	47.44	0.15083	58.03	3.82	3.61
lcl|NC_072442.2_cds_XP_055113519.2_75329	57.58	42.42	-0.04444	84.49	4.11	3.48
lcl|NC_072442.2_cds_XP_055111835.2_75335	56.09	43.91	-0.05033	71.12	4.07	3.71
lcl|NC_072442.2_cds_XP_055111829.1_75340	49.26	50.74	0.00300	53.01	3.84	4.02
lcl|NC_072442.2_cds_XP_055114881.2_75404	58.77	41.23	0.00403	70.85	4.30	3.67
lcl|NC_072442.2_cds_XP_055114872.1_75412	40.44	59.56	0.13351	38.35	3.52	4.25
lcl|NC_072442.2_cds_XP_055114823.1_75456	48.33	51.67	-0.02650	40.83	3.72	4.10
lcl|NC_072442.2_cds_XP_055113099.1_75479	39.72	60.28	0.06783	35.33	3.32	4.09
lcl|NC_072442.2_cds_XP_055112279.2_75507	47.67	52.33	0.01379	57.56	3.69	3.88
lcl|NC_072442.2_cds_XP_055111870.1_75517	39.96	60.04	0.10406	37.49	3.59	4.25
lcl|NC_072442.2_cds_XP_055114672.1_75529	55.87	44.13	0.00875	63.77	4.02	3.60
lcl|NC_072442.2_cds_XP_063484384.1_75539	53.45	46.55	-0.15797	56.94	4.04	3.82
lcl|NC_072442.2_cds_XP_055113995.2_75559	52.22	47.78	0.01835	64.21	3.95	3.75
lcl|NC_072442.2_cds_XP_055114287.1_75582	52.10	47.9	0.10943	68.32	3.87	3.64
lcl|NC_072442.2_cds_XP_055114282.1_75583	50.19	49.81	0.11765	61.95	3.79	3.84
lcl|NC_072442.2_cds_XP_055114290.1_75589	49.61	50.39	0.10003	60.90	3.67	3.77
lcl|NC_072442.2_cds_XP_055114292.2_75591	48.89	51.11	0.10502	58.78	3.63	3.71
lcl|NC_072442.2_cds_XP_055114295.2_75595	48.05	51.95	0.10222	56.52	3.72	3.94
lcl|NC_072442.2_cds_XP_063485507.1_75598	52.69	47.31	0.11604	70.84	3.81	3.87
lcl|NC_072442.2_cds_XP_055113237.2_75620	60.90	39.1	-0.02496	69.71	4.52	3.45
lcl|NC_072442.2_cds_XP_055114625.2_75636	61.09	38.91	-0.07602	75.27	4.04	3.58
lcl|NC_072442.2_cds_XP_063485521.1_75642	60.28	39.72	-0.04238	70.78	4.31	3.55
lcl|NC_072442.2_cds_XP_063485501.1_75670	49.85	50.15	0.12073	57.36	3.88	3.96
lcl|NC_072442.2_cds_XP_055113605.2_75689	62.98	37.02	-0.14016	66.63	4.20	3.31
lcl|NC_072442.2_cds_XP_055113106.2_75698	61.29	38.71	0.04630	68.04	4.19	3.46
lcl|NC_072442.2_cds_XP_055111958.2_75699	56.57	43.43	-0.07112	61.49	3.85	3.51
lcl|NC_072442.2_cds_XP_055112954.1_75725	63.32	36.68	-0.10356	69.44	4.38	3.45
lcl|NC_072442.2_cds_XP_055112984.1_75740	60.30	39.7	-0.08668	75.23	4.30	3.48
lcl|NC_072442.2_cds_XP_055112692.2_75742	64.92	35.08	-0.02605	78.08	4.77	3.41
lcl|NC_072442.2_cds_XP_063485579.1_75750	57.32	42.68	0.03310	60.69	4.14	3.59
lcl|NC_072442.2_cds_XP_055114195.1_75770	56.44	43.56	0.07903	63.22	4.42	3.83
lcl|NC_072442.2_cds_XP_055114207.2_75793	63.86	36.14	-0.12247	68.78	4.61	3.43
lcl|NC_072442.2_cds_XP_055113102.2_75806	53.91	46.09	-0.00247	69.93	3.97	3.68
lcl|NC_072442.2_cds_XP_063485604.1_75855	56.12	43.88	-0.10534	62.44	4.03	3.52
lcl|NC_072442.2_cds_XP_055114081.1_75859	65.02	34.98	-0.05056	65.29	4.52	3.41
lcl|NC_072442.2_cds_XP_055112728.2_75869	55.77	44.23	-0.26587	55.85	3.91	3.66
lcl|NC_072442.2_cds_XP_055112448.1_75874	65.83	34.17	-0.09014	81.00	4.84	3.53
lcl|NC_072442.2_cds_XP_055111940.1_75909	60.61	39.39	0.04785	68.52	4.23	3.51
lcl|NC_072442.2_cds_XP_055114549.1_75949	58.80	41.2	-0.00068	70.66	4.33	3.51
lcl|NC_072442.2_cds_XP_055114705.2_76020	64.38	35.62	0.30847	58.39	4.17	3.41
lcl|NC_072442.2_cds_XP_063485640.1_76023	47.20	52.8	0.01091	42.74	3.57	3.95
lcl|NC_072442.2_cds_XP_055114707.1_76036	63.32	36.68	-0.05292	81.54	4.42	3.23
lcl|NC_072442.2_cds_XP_055112949.2_76057	55.81	44.19	-0.00646	65.00	3.71	3.72
lcl|NC_072442.2_cds_XP_055111746.1_76096	43.72	56.28	0.17138	43.22	3.52	4.18
lcl|NC_072442.2_cds_XP_055111743.1_76117	60.72	39.28	0.03531	70.47	4.36	3.66
lcl|NC_072442.2_cds_XP_055111739.1_76122	59.41	40.59	-0.08660	63.44	4.17	3.40
lcl|NC_072442.2_cds_XP_055113847.1_76169	60.51	39.49	-0.00201	74.96	4.23	3.62
lcl|NC_072442.2_cds_XP_055113875.1_76172	57.85	42.15	-0.02159	71.73	4.05	3.62
lcl|NC_072442.2_cds_XP_055113862.2_76200	61.16	38.84	-0.03741	60.93	4.39	3.71
lcl|NC_072442.2_cds_XP_055113854.2_76214	61.56	38.44	0.01174	79.62	4.37	3.53
lcl|NC_072442.2_cds_XP_055113858.1_76227	54.18	45.82	0.02437	62.54	3.99	3.65
lcl|NC_072442.2_cds_XP_063485694.1_76236	52.29	47.71	0.00373	58.18	3.88	4.06
lcl|NC_072442.2_cds_XP_055113864.2_76249	63.09	36.91	0.02207	81.56	4.38	3.45
lcl|NC_072442.2_cds_XP_063484478.1_76265	55.86	44.14	0.03313	66.69	4.08	3.69
lcl|NC_072442.2_cds_XP_063485721.1_76293	57.70	42.3	-0.02201	81.19	4.02	3.61
lcl|NC_072442.2_cds_XP_055113162.2_76330	57.86	42.14	-0.02195	81.43	4.04	3.63
lcl|NC_072442.2_cds_XP_055114372.1_76335	64.52	35.48	-0.00878	79.40	4.43	3.42
lcl|NC_072442.2_cds_XP_055112444.1_76355	69.05	30.95	-0.04718	81.88	5.27	3.34
lcl|NC_072442.2_cds_XP_055114378.2_76365	52.99	47.01	0.07256	58.63	3.89	3.67
lcl|NC_072442.2_cds_XP_055114384.1_76390	59.51	40.49	0.03085	76.07	4.08	3.55
lcl|NC_072442.2_cds_XP_063485927.1_76438	57.82	42.18	-0.02265	81.31	4.01	3.65
lcl|NC_072442.2_cds_XP_055112318.1_76439	52.10	47.9	-0.03972	66.91	3.93	3.62
lcl|NC_072442.2_cds_XP_063485718.1_76442	66.90	33.1	-0.01260	73.45	4.56	3.19
lcl|NC_072442.2_cds_XP_055112319.1_76454	58.04	41.96	0.00510	76.28	4.29	3.74
lcl|NC_072442.2_cds_XP_055112586.1_76469	61.65	38.35	-0.01300	83.08	4.84	3.61
lcl|NC_072442.2_cds_XP_055112597.1_76488	56.19	43.81	-0.01625	73.37	3.75	3.64
lcl|NC_072443.2_cds_XP_055115749.1_76549	46.54	53.46	0.04076	49.09	3.54	3.89
lcl|NC_072443.2_cds_XP_063486587.1_76562	39.22	60.78	0.09250	31.02	3.54	4.34
lcl|NC_072443.2_cds_XP_055115158.2_76592	48.90	51.1	-0.01812	42.84	3.72	3.97
lcl|NC_072443.2_cds_XP_063486607.1_76602	49.01	50.99	-0.00442	43.59	3.65	4.01
lcl|NC_072443.2_cds_XP_063486632.1_76645	47.61	52.39	0.03748	47.49	3.85	3.94
lcl|NC_072443.2_cds_XP_055115877.2_76659	40.51	59.49	0.06792	34.10	3.49	4.36
lcl|NC_072443.2_cds_XP_055115916.1_76702	43.08	56.92	0.03121	43.11	3.40	4.17
lcl|NC_072443.2_cds_XP_055114985.2_76777	46.66	53.34	-0.22684	33.26	3.59	4.02
lcl|NC_072443.2_cds_XP_055115815.2_76779	44.88	55.12	0.04119	43.01	3.47	3.92
lcl|NC_072443.2_cds_XP_055115023.2_76792	37.99	62.01	0.02919	32.22	3.32	4.33
lcl|NC_072443.2_cds_XP_055116565.1_76806	43.49	56.51	0.08218	37.19	3.88	4.17
lcl|NC_072443.2_cds_XP_055116566.2_76809	43.38	56.62	0.02446	38.71	3.63	4.20
lcl|NC_072443.2_cds_XP_063486662.1_76849	46.37	53.63	-0.08727	37.71	3.54	4.09
lcl|NC_072443.2_cds_XP_055116283.1_76865	44.07	55.93	0.06847	40.00	3.45	4.19
lcl|NC_072443.2_cds_XP_055115958.1_76904	46.17	53.83	0.14818	51.47	3.55	3.90
lcl|NC_072443.2_cds_XP_055115971.1_76910	37.82	62.18	0.05345	32.86	3.37	4.34
lcl|NC_072443.2_cds_XP_055115967.1_76913	39.54	60.46	0.05160	36.15	3.40	4.52
lcl|NC_072443.2_cds_XP_055115751.1_76927	39.72	60.28	0.09266	40.00	3.56	4.38
lcl|NC_072443.2_cds_XP_063486712.1_76961	46.32	53.68	0.00473	47.37	3.51	4.05
lcl|NC_072443.2_cds_XP_055115430.2_76970	47.08	52.92	-0.00336	49.17	3.50	4.10
lcl|NC_072443.2_cds_XP_055116256.2_76978	35.03	64.97	0.04770	31.46	3.35	4.77
lcl|NC_072443.2_cds_XP_063486099.1_77024	52.63	47.37	0.04661	60.84	3.82	3.62
lcl|NC_072443.2_cds_XP_063486096.1_77046	60.58	39.42	-0.05616	70.99	4.23	3.38
lcl|NC_072443.2_cds_XP_055116124.2_77051	41.60	58.4	0.13623	39.79	3.52	4.11
lcl|NC_072443.2_cds_XP_055116146.2_77053	43.42	56.58	0.04215	36.57	3.53	3.98
lcl|NC_072443.2_cds_XP_055115419.2_77069	44.06	55.94	-0.13725	34.85	3.45	4.07
lcl|NC_072443.2_cds_XP_055114975.1_77090	45.56	54.44	0.16432	48.13	3.54	4.13
lcl|NC_072443.2_cds_XP_055116219.2_77162	54.70	45.3	-0.04125	57.73	3.76	3.65
lcl|NC_072443.2_cds_XP_055116400.2_77225	42.00	58	0.04406	33.39	3.47	4.19
lcl|NC_072443.2_cds_XP_055116393.2_77239	41.29	58.71	0.09012	35.18	3.49	4.23
lcl|NC_072443.2_cds_XP_055115005.1_77262	41.43	58.57	0.13681	40.03	3.42	4.16
lcl|NC_072443.2_cds_XP_055115332.1_77306	54.39	45.61	-0.06472	70.52	3.80	3.67
lcl|NC_072443.2_cds_XP_055115261.2_77336	43.30	56.7	0.08851	44.78	3.77	4.18
lcl|NC_072443.2_cds_XP_055115826.1_77348	63.95	36.05	-0.06878	78.73	4.35	3.37
lcl|NC_072443.2_cds_XP_055116653.1_77359	62.17	37.83	-0.00250	84.41	4.94	3.49
lcl|NC_072443.2_cds_XP_055114946.2_77363	55.92	44.08	0.03941	65.76	3.89	3.53
lcl|NC_072443.2_cds_XP_055115249.1_77370	40.41	59.59	-0.00091	31.82	3.55	4.35
lcl|NC_072443.2_cds_XP_055115630.1_77374	53.20	46.8	0.01845	66.14	3.88	3.70
lcl|NC_072443.2_cds_XP_055115258.2_77419	51.99	48.01	-0.13490	51.77	4.33	3.75
lcl|NC_072443.2_cds_XP_055115164.1_77457	57.00	43	0.07902	71.87	4.04	3.45
lcl|NC_072443.2_cds_XP_063486748.1_77471	62.08	37.92	-0.06030	68.01	4.87	3.90
lcl|NC_072443.2_cds_XP_055116179.2_77493	62.89	37.11	-0.05176	84.96	4.38	3.30
lcl|NC_072443.2_cds_XP_055115603.1_77499	59.01	40.99	0.02871	76.91	4.24	3.36
lcl|NC_072443.2_cds_XP_055115036.2_77557	51.97	48.03	-0.02185	64.89	3.89	4.15
lcl|NC_072443.2_cds_XP_055115109.2_77576	54.88	45.12	0.00405	66.83	3.92	3.57
lcl|NC_072443.2_cds_XP_055115094.2_77609	52.15	47.85	0.03139	65.70	3.78	3.69
lcl|NC_072443.2_cds_XP_055115092.2_77631	63.43	36.57	-0.05048	84.01	4.75	3.45
lcl|NC_072443.2_cds_XP_063486327.1_77680	57.48	42.52	0.04345	66.35	3.92	3.66
lcl|NC_072443.2_cds_XP_055115337.2_77689	54.05	45.95	-0.05514	67.77	4.10	3.63
lcl|NC_072443.2_cds_XP_055116585.2_77701	63.23	36.77	0.01147	76.25	4.35	3.36
lcl|NC_072443.2_cds_XP_055115069.2_77715	52.75	47.25	0.10275	57.70	3.89	3.72
lcl|NC_072443.2_cds_XP_055115898.2_77731	63.12	36.88	-0.00901	74.57	4.30	3.36
lcl|NC_072443.2_cds_XP_055115230.2_77737	58.55	41.45	-0.06755	73.57	4.00	3.55
lcl|NC_072443.2_cds_XP_063486348.1_77751	63.38	36.62	-0.10746	79.09	4.61	3.47
lcl|NC_072443.2_cds_XP_055115362.2_77772	62.44	37.56	-0.02201	76.88	4.29	3.44
lcl|NC_072443.2_cds_XP_063486773.1_77885	58.16	41.84	0.01306	78.40	4.20	3.62
lcl|NC_072443.2_cds_XP_055116454.2_77925	43.98	56.02	-0.00103	47.42	3.41	3.97
lcl|NC_072443.2_cds_XP_055116485.2_77936	66.50	33.5	-0.06810	69.46	4.58	3.38
lcl|NC_072443.2_cds_XP_055116464.1_77997	59.38	40.62	-0.04236	71.70	4.26	3.65
lcl|NC_072443.2_cds_XP_055114914.1_78041	57.94	42.06	0.00138	70.14	4.27	3.57
lcl|NC_072443.2_cds_XP_063486495.1_78097	49.48	50.52	-0.05925	44.70	3.66	3.83
lcl|NC_072443.2_cds_XP_063486526.1_78115	55.69	44.31	-0.04767	70.23	4.36	3.90
lcl|NC_072443.2_cds_XP_055116407.1_78136	50.70	49.3	-0.01709	59.26	4.00	3.73
lcl|NC_072443.2_cds_XP_055115783.1_78158	49.09	50.91	0.04925	59.65	3.78	3.92
lcl|NC_072443.2_cds_XP_055115587.1_78181	44.79	55.21	0.07391	40.31	3.63	4.15
lcl|NC_072443.2_cds_XP_063486795.1_78196	43.31	56.69	0.06358	38.48	3.59	4.07
lcl|NC_072443.2_cds_XP_055115496.2_78204	42.14	57.86	0.04516	36.05	3.33	4.13
lcl|NC_072443.2_cds_XP_063486806.1_78212	45.06	54.94	0.09418	40.04	3.72	4.05
lcl|NC_072443.2_cds_XP_055115281.1_78214	61.39	38.61	0.02087	81.54	4.68	3.96
lcl|NC_072443.2_cds_XP_055115722.2_78271	48.05	51.95	0.02949	52.37	3.70	4.00
lcl|NC_072443.2_cds_XP_055115013.1_78279	40.47	59.53	0.10661	31.91	3.39	4.04
lcl|NC_072443.2_cds_XP_063486849.1_78318	57.70	42.3	-0.03700	68.71	4.07	3.50
lcl|NC_072443.2_cds_XP_055116293.2_78326	54.65	45.35	0.05375	57.88	4.08	3.78
lcl|NC_072443.2_cds_XP_055115148.2_78340	49.86	50.14	0.06215	50.26	3.79	4.14
lcl|NC_072443.2_cds_XP_055115189.2_78349	56.53	43.47	-0.00524	68.59	4.03	3.69
lcl|NC_072443.2_cds_XP_055115941.2_78358	53.37	46.63	-0.13223	53.62	4.37	3.77
lcl|NC_072443.2_cds_XP_055116371.1_78379	50.64	49.36	0.06214	57.88	4.14	3.92
lcl|NC_072443.2_cds_XP_055115544.1_78405	49.75	50.25	0.01019	54.98	3.82	3.98
lcl|NC_072443.2_cds_XP_055115256.2_78429	60.99	39.01	-0.39252	70.56	3.93	3.37
lcl|NC_072443.2_cds_XP_063486909.1_78434	56.90	43.1	-0.55854	56.47	3.59	3.31
lcl|NC_072443.2_cds_XP_055116000.2_78436	56.39	43.61	-0.03643	73.43	4.35	3.97
lcl|NC_072443.2_cds_XP_055115989.2_78468	66.16	33.84	-0.07527	76.52	4.31	3.18
lcl|NC_072443.2_cds_XP_063486922.1_78559	63.48	36.52	0.01571	72.26	4.28	3.55
lcl|NC_072443.2_cds_XP_055115776.2_78621	66.95	33.05	0.01565	82.00	5.12	3.62
lcl|NC_072443.2_cds_XP_055115674.2_78633	67.34	32.66	0.03101	85.91	4.91	3.46
lcl|NC_072444.2_cds_XP_063487452.1_78672	61.86	38.14	-0.03938	80.19	4.56	3.51
lcl|NC_072444.2_cds_XP_063487453.1_78712	46.18	53.82	0.03413	42.66	3.66	4.06
lcl|NC_072444.2_cds_XP_055117231.1_78857	66.77	33.23	-0.10738	74.56	4.57	3.26
lcl|NC_072444.2_cds_XP_055117246.1_78878	64.40	35.6	-0.01092	78.28	4.57	3.42
lcl|NC_072444.2_cds_XP_055117152.1_78928	59.94	40.06	-0.08392	64.87	4.61	3.60
lcl|NC_072444.2_cds_XP_055117516.1_78958	62.23	37.77	0.00608	70.03	4.10	3.55
lcl|NC_072444.2_cds_XP_055118669.1_79090	50.63	49.37	-0.12751	39.50	4.01	4.07
lcl|NC_072444.2_cds_XP_055116905.1_79116	57.83	42.17	0.03727	71.21	4.01	3.61
lcl|NC_072444.2_cds_XP_055117808.1_79164	59.93	40.07	0.01383	72.54	4.10	3.56
lcl|NC_072444.2_cds_XP_055118038.1_79205	48.99	51.01	0.06507	52.00	3.70	3.93
lcl|NC_072444.2_cds_XP_055118044.1_79214	51.04	48.96	0.06835	46.42	4.37	4.07
lcl|NC_072444.2_cds_XP_055117699.1_79219	58.14	41.86	-0.02389	76.80	4.26	3.67
lcl|NC_072444.2_cds_XP_055118105.1_79228	64.98	35.02	-0.04946	83.80	4.79	3.28
lcl|NC_072444.2_cds_XP_055117425.1_79231	51.45	48.55	-0.00209	60.24	3.70	3.73
lcl|NC_072444.2_cds_XP_055117507.1_79245	64.30	35.7	-0.06892	75.71	4.21	3.29
lcl|NC_072444.2_cds_XP_055118416.1_79249	42.66	57.34	0.14027	41.12	3.76	4.20
lcl|NC_072444.2_cds_XP_055118425.1_79258	60.93	39.07	-0.02790	76.63	4.37	3.58
lcl|NC_072444.2_cds_XP_063487693.1_79278	47.21	52.79	-0.00519	42.37	3.67	4.07
lcl|NC_072444.2_cds_XP_055117019.1_79317	61.72	38.28	0.01041	79.58	4.35	3.47
lcl|NC_072444.2_cds_XP_055117737.1_79339	59.34	40.66	-0.07173	73.97	4.18	3.53
lcl|NC_072444.2_cds_XP_063487753.1_79410	51.33	48.67	0.08987	55.36	3.74	3.94
lcl|NC_072444.2_cds_XP_063487785.1_79417	51.19	48.81	0.05933	55.22	3.78	3.99
lcl|NC_072444.2_cds_XP_055118251.1_79425	59.05	40.95	-0.13172	84.17	4.05	3.35
lcl|NC_072444.2_cds_XP_055118237.2_79438	51.77	48.23	-0.01162	59.56	3.82	3.74
lcl|NC_072444.2_cds_XP_055118242.1_79471	53.63	46.37	0.02369	64.39	3.91	3.66
lcl|NC_072444.2_cds_XP_055116709.1_79503	62.73	37.27	-0.01537	80.69	4.20	3.63
lcl|NC_072444.2_cds_XP_063487835.1_79515	67.41	32.59	0.14765	82.02	4.55	3.36
lcl|NC_072444.2_cds_XP_055118192.1_79525	63.10	36.9	-0.03414	81.12	4.44	3.51
lcl|NC_072444.2_cds_XP_055118188.1_79529	39.08	60.92	0.06329	34.09	3.66	4.51
lcl|NC_072444.2_cds_XP_055118196.1_79555	63.46	36.54	0.00526	74.05	4.45	3.38
lcl|NC_072444.2_cds_XP_055117896.1_79561	61.85	38.15	-0.00110	82.08	4.32	3.31
lcl|NC_072444.2_cds_XP_063487883.1_79579	62.87	37.13	0.03242	79.98	4.40	3.50
lcl|NC_072444.2_cds_XP_055118471.1_79588	51.86	48.14	-0.03114	48.39	3.87	3.94
lcl|NC_072444.2_cds_XP_055118164.1_79604	60.42	39.58	-0.02758	76.76	4.09	3.60
lcl|NC_072444.2_cds_XP_055117878.1_79632	50.12	49.88	0.08798	64.27	3.76	4.08
lcl|NC_072444.2_cds_XP_055118406.1_79642	61.52	38.48	0.00806	79.98	4.27	3.54
lcl|NC_072444.2_cds_XP_055118596.1_79650	47.09	52.91	-0.05108	44.05	3.79	4.33
lcl|NC_072444.2_cds_XP_055117383.1_79693	46.87	53.13	0.02706	48.17	3.68	3.96
lcl|NC_072444.2_cds_XP_055116877.1_79735	54.60	45.4	-0.00491	69.08	3.97	3.59
lcl|NC_072444.2_cds_XP_055118638.1_79773	62.50	37.5	-0.07657	81.48	4.41	3.40
lcl|NC_072444.2_cds_XP_055118378.1_79776	52.94	47.06	-0.00543	63.02	3.78	3.74
lcl|NC_072444.2_cds_XP_055118383.1_79783	48.48	51.52	-0.03737	52.50	3.58	3.99
lcl|NC_072444.2_cds_XP_055117816.1_79792	64.40	35.6	-0.09608	84.41	4.78	3.70
lcl|NC_072444.2_cds_XP_055117826.1_79810	48.39	51.61	0.02805	51.95	3.63	3.97
lcl|NC_072444.2_cds_XP_055117832.1_79817	50.02	49.98	-0.05315	53.62	3.78	4.12
lcl|NC_072444.2_cds_XP_055117843.1_79828	56.14	43.86	0.03869	70.57	4.18	4.00
lcl|NC_072444.2_cds_XP_063488008.1_79860	60.65	39.35	-0.02926	84.51	4.34	3.43
lcl|NC_072444.2_cds_XP_063487954.1_79887	60.65	39.35	-0.15797	66.91	4.28	3.74
lcl|NC_072444.2_cds_XP_055117194.1_79932	51.10	48.9	-0.06397	51.72	3.89	3.88
lcl|NC_072444.2_cds_XP_063487945.1_79948	56.42	43.58	-0.03072	69.79	4.06	3.91
lcl|NC_072444.2_cds_XP_055118137.1_79973	58.08	41.92	-0.04976	73.52	3.94	3.53
lcl|NC_072444.2_cds_XP_055118131.1_79977	64.24	35.76	-0.00290	81.34	4.45	3.50
lcl|NC_072444.2_cds_XP_063487997.1_79994	70.00	30	-0.06813	86.36	5.39	3.31
lcl|NC_072444.2_cds_XP_055118333.1_80013	58.94	41.06	0.05062	81.48	4.40	3.55
lcl|NC_072444.2_cds_XP_055118335.1_80027	60.76	39.24	-0.03539	74.74	4.12	3.51
lcl|NC_072444.2_cds_XP_055116764.1_80064	47.73	52.27	0.03620	48.49	3.92	4.16
lcl|NC_072444.2_cds_XP_055117581.1_80107	67.37	32.63	0.02807	77.70	4.56	3.22
lcl|NC_072444.2_cds_XP_063487249.1_80119	64.16	35.84	-0.01924	76.21	4.40	3.36
lcl|NC_072444.2_cds_XP_055117758.1_80123	62.24	37.76	-0.07961	81.88	4.48	3.80
lcl|NC_072444.2_cds_XP_055118068.1_80125	69.97	30.03	-0.00485	82.69	4.97	3.22
lcl|NC_072444.2_cds_XP_055118550.1_80151	64.40	35.6	-0.02581	80.55	4.50	3.30
lcl|NC_072444.2_cds_XP_055117652.1_80201	59.13	40.87	0.01037	77.57	4.22	3.59
lcl|NC_072444.2_cds_XP_055117772.1_80258	68.53	31.47	0.01227	83.96	4.94	3.33
lcl|NC_072444.2_cds_XP_055117218.1_80307	65.92	34.08	-0.02430	86.99	4.51	3.31
lcl|NC_072444.2_cds_XP_055116865.1_80321	64.84	35.16	0.05399	80.02	4.49	3.35
lcl|NC_072444.2_cds_XP_055117421.1_80363	67.70	32.3	0.00906	79.85	4.64	3.29
lcl|NC_072444.2_cds_XP_063487297.1_80395	70.02	29.98	-0.06300	82.47	5.38	3.58
lcl|NC_072444.2_cds_XP_063487296.1_80396	41.75	58.25	0.00252	40.90	3.33	3.92
lcl|NC_072444.2_cds_XP_063487276.1_80421	53.89	46.11	0.00799	72.07	4.08	3.92
lcl|NC_072444.2_cds_XP_055118505.1_80430	44.69	55.31	0.07202	46.24	3.70	4.17
lcl|NC_072444.2_cds_XP_055116959.1_80472	58.62	41.38	-0.11862	74.24	4.07	3.67
lcl|NC_072444.2_cds_XP_055118690.1_80531	60.03	39.97	0.01274	67.93	4.29	3.47
lcl|NC_072444.2_cds_XP_055117821.1_80537	64.39	35.61	-0.01021	71.46	4.31	3.24
lcl|NC_072444.2_cds_XP_055117435.1_80550	53.85	46.15	0.03889	42.93	4.25	4.01
lcl|NC_072444.2_cds_XP_055117437.1_80565	53.44	46.56	-0.16916	47.88	3.87	3.56
lcl|NC_072444.2_cds_XP_055117432.1_80572	43.52	56.48	0.08608	44.38	3.58	4.16
lcl|NC_072444.2_cds_XP_055118075.1_80587	59.45	40.55	-0.03454	81.85	4.19	3.62
lcl|NC_072444.2_cds_XP_055118634.1_80648	49.97	50.03	-0.00255	57.57	3.71	3.87
lcl|NC_072444.2_cds_XP_063487366.1_80666	49.08	50.92	0.00609	49.55	3.82	4.11
lcl|NC_072444.2_cds_XP_055118006.1_80677	65.67	34.33	-0.12124	79.81	4.52	3.30
lcl|NC_072444.2_cds_XP_055118361.1_80694	39.97	60.03	0.01071	31.91	3.36	4.37
lcl|NC_072444.2_cds_XP_055117511.1_80702	43.36	56.64	-0.03839	45.97	3.57	4.16
lcl|NC_072444.2_cds_XP_055116721.1_80754	48.98	51.02	-0.03486	48.18	3.72	3.89
lcl|NC_072444.2_cds_XP_055117956.1_80786	41.38	58.62	0.00242	39.28	3.45	4.13
lcl|NC_072444.2_cds_XP_055117992.1_80789	43.85	56.15	0.10223	37.31	3.42	4.02
lcl|NC_072444.2_cds_XP_055117988.1_80791	42.19	57.81	0.03978	38.72	3.35	4.13
lcl|NC_072444.2_cds_XP_055117967.1_80805	47.05	52.95	-0.14732	40.00	3.64	4.13
lcl|NC_072444.2_cds_XP_055117952.1_80834	53.00	47	-0.02979	62.82	3.70	3.75
lcl|NC_072444.2_cds_XP_063487384.1_80843	49.64	50.36	0.06143	47.17	3.68	3.85
lcl|NC_072444.2_cds_XP_055117007.1_80854	43.09	56.91	0.11400	38.92	3.55	4.22
lcl|NC_072444.2_cds_XP_055118033.1_80916	46.72	53.28	-0.03112	49.96	3.71	4.09
lcl|NC_072444.2_cds_XP_055116918.1_80951	46.77	53.23	-0.09878	40.26	3.59	4.02
lcl|NC_072444.2_cds_XP_055118632.1_80959	49.51	50.49	0.10471	61.38	3.98	4.17
lcl|NC_072444.2_cds_XP_063487209.1_80986	61.44	38.56	-0.01153	78.74	4.04	3.74
lcl|NC_072444.2_cds_XP_055118606.1_81021	64.96	35.04	-0.03044	87.72	4.47	3.45
lcl|NC_072444.2_cds_XP_055118607.1_81027	65.08	34.92	-0.04273	76.03	4.51	3.62
lcl|NC_072444.2_cds_XP_063487093.1_81076	53.23	46.77	0.05023	60.43	4.08	3.97
lcl|NC_072444.2_cds_XP_063487090.1_81125	64.46	35.54	-0.04204	77.01	4.67	3.80
lcl|NC_072445.2_cds_XP_055119400.2_81162	62.42	37.58	0.01003	68.58	4.17	3.48
lcl|NC_072445.2_cds_XP_055120284.1_81199	51.71	48.29	0.08250	63.16	3.77	3.67
lcl|NC_072445.2_cds_XP_055119553.2_81213	61.76	38.24	-0.05457	78.68	4.33	3.44
lcl|NC_072445.2_cds_XP_063488357.1_81227	52.77	47.23	0.01872	55.13	4.06	4.06
lcl|NC_072445.2_cds_XP_063488346.1_81240	40.92	59.08	0.08405	39.47	3.60	4.39
lcl|NC_072445.2_cds_XP_063488217.1_81276	56.56	43.44	0.00917	73.26	4.11	3.62
lcl|NC_072445.2_cds_XP_055120028.2_81416	64.13	35.87	-0.19102	65.45	4.43	3.56
lcl|NC_072445.2_cds_XP_063489122.1_81456	59.34	40.66	-0.11617	68.69	4.28	3.67
lcl|NC_072445.2_cds_XP_055120079.2_81469	41.57	58.43	0.07945	36.56	3.43	4.29
lcl|NC_072445.2_cds_XP_063489154.1_81481	48.33	51.67	-0.08812	45.83	3.66	4.04
lcl|NC_072445.2_cds_XP_055119244.2_81513	62.32	37.68	0.04798	66.06	4.54	3.62
lcl|NC_072445.2_cds_XP_063489095.1_81539	59.29	40.71	0.01284	70.70	4.01	3.52
lcl|NC_072445.2_cds_XP_055119111.2_81553	59.96	40.04	0.01906	72.57	4.02	3.44
lcl|NC_072445.2_cds_XP_055119087.1_81555	57.99	42.01	0.00944	67.90	3.99	3.58
lcl|NC_072445.2_cds_XP_063489118.1_81569	66.34	33.66	0.00071	78.82	4.77	3.30
lcl|NC_072445.2_cds_XP_055119094.2_81584	49.34	50.66	-0.01842	45.60	3.88	3.93
lcl|NC_072445.2_cds_XP_055119101.2_81586	61.51	38.49	-0.01299	71.24	4.18	3.43
lcl|NC_072445.2_cds_XP_055119968.1_81649	47.39	52.61	0.01343	51.12	3.61	3.87
lcl|NC_072445.2_cds_XP_063489250.1_81717	47.33	52.67	0.09693	57.88	3.58	3.94
lcl|NC_072445.2_cds_XP_055118914.2_81791	43.79	56.21	0.11490	42.10	3.87	4.44
lcl|NC_072445.2_cds_XP_055119832.2_81803	46.12	53.88	-0.04950	53.28	3.54	4.00
lcl|NC_072445.2_cds_XP_055119816.2_81804	45.74	54.26	-0.03200	50.93	3.48	4.03
lcl|NC_072445.2_cds_XP_055119600.1_81814	49.28	50.72	-0.06577	63.20	3.65	4.12
lcl|NC_072445.2_cds_XP_055119074.2_81837	48.57	51.43	0.02898	49.31	3.64	3.92
lcl|NC_072445.2_cds_XP_055120420.1_81846	52.80	47.2	0.05526	59.95	3.88	3.63
lcl|NC_072445.2_cds_XP_063488873.1_81885	48.30	51.7	-0.24211	43.85	3.60	3.86
lcl|NC_072445.2_cds_XP_055119881.1_81891	40.15	59.85	-0.03035	34.29	3.46	4.24
lcl|NC_072445.2_cds_XP_055119863.1_81902	46.83	53.17	0.16196	30.27	3.66	4.20
lcl|NC_072445.2_cds_XP_055119402.2_81908	41.68	58.32	0.09813	39.04	3.47	4.26
lcl|NC_072445.2_cds_XP_063488901.1_81940	40.13	59.87	0.07176	35.20	3.49	4.22
lcl|NC_072445.2_cds_XP_063488226.1_82006	56.57	43.43	0.02089	65.67	4.12	3.51
lcl|NC_072445.2_cds_XP_055119703.2_82019	45.12	54.88	-0.04006	49.95	3.43	3.98
lcl|NC_072445.2_cds_XP_063488228.1_82086	56.63	43.37	-0.01632	66.83	4.07	3.54
lcl|NC_072445.2_cds_XP_063488313.1_82107	57.48	42.52	-0.02003	67.23	4.12	3.68
lcl|NC_072445.2_cds_XP_055119789.2_82114	51.79	48.21	-0.02099	55.45	3.81	3.70
lcl|NC_072445.2_cds_XP_063488321.1_82160	61.05	38.95	-0.06937	80.99	4.08	3.25
lcl|NC_072445.2_cds_XP_055120674.2_82173	58.38	41.62	-0.01496	84.32	4.24	3.38
lcl|NC_072445.2_cds_XP_063488405.1_82189	61.43	38.57	-0.00906	71.14	4.70	3.44
lcl|NC_072445.2_cds_XP_055119574.2_82253	64.77	35.23	0.09280	54.26	4.36	3.30
lcl|NC_072445.2_cds_XP_055119220.1_82275	51.61	48.39	-0.04784	50.90	3.82	3.86
lcl|NC_072445.2_cds_XP_055120700.2_82310	62.74	37.26	-0.04562	64.30	4.03	3.38
lcl|NC_072445.2_cds_XP_063489265.1_82344	64.93	35.07	0.00204	76.27	4.55	3.40
lcl|NC_072445.2_cds_XP_055119597.2_82348	57.96	42.04	-0.00066	69.80	3.99	3.53
lcl|NC_072445.2_cds_XP_055120799.1_82353	58.54	41.46	0.00365	67.52	4.00	3.51
lcl|NC_072445.2_cds_XP_055120800.1_82364	51.84	48.16	-0.00299	60.30	3.87	3.70
lcl|NC_072445.2_cds_XP_055120787.1_82380	62.97	37.03	0.04958	72.12	4.78	3.44
lcl|NC_072445.2_cds_XP_063489268.1_82402	61.61	38.39	0.00383	71.75	4.11	3.41
lcl|NC_072445.2_cds_XP_055120391.2_82403	61.73	38.27	-0.09939	67.68	4.07	3.40
lcl|NC_072445.2_cds_XP_055120476.1_82463	60.25	39.75	-0.05981	59.46	4.35	3.52
lcl|NC_072445.2_cds_XP_055120469.1_82513	61.90	38.1	-0.08541	54.08	4.35	3.41
lcl|NC_072445.2_cds_XP_063488556.1_82580	60.11	39.89	0.07120	69.20	3.89	3.44
lcl|NC_072445.2_cds_XP_055119371.2_82634	54.56	45.44	-0.28494	54.61	3.44	3.61
lcl|NC_072445.2_cds_XP_055119372.2_82638	47.90	52.1	-0.21297	41.16	3.49	3.87
lcl|NC_072445.2_cds_XP_063488545.1_82647	62.15	37.85	0.00543	73.68	4.39	3.49
lcl|NC_072445.2_cds_XP_055119348.2_82689	54.32	45.68	-0.07365	51.15	3.75	3.73
lcl|NC_072445.2_cds_XP_055118999.1_82716	56.68	43.32	0.08272	65.17	4.06	3.63
lcl|NC_072445.2_cds_XP_055119052.2_82731	56.53	43.47	0.01018	50.81	4.29	3.70
lcl|NC_072445.2_cds_XP_055119391.1_82739	53.41	46.59	0.11601	62.94	4.03	3.99
lcl|NC_072445.2_cds_XP_055118844.1_82833	56.31	43.69	-0.01785	70.79	4.22	3.52
lcl|NC_072445.2_cds_XP_063489327.1_82870	38.26	61.74	0.09987	32.65	3.38	4.40
lcl|NC_072445.2_cds_XP_063489329.1_82899	44.78	55.22	0.08901	44.78	3.54	4.14
lcl|NC_072445.2_cds_XP_055120130.2_82977	52.67	47.33	-0.19365	49.52	3.76	3.77
lcl|NC_072445.2_cds_XP_063488774.1_83104	46.94	53.06	0.02279	48.50	3.64	4.12
lcl|NC_072445.2_cds_XP_055119612.1_83115	50.21	49.79	0.00484	54.83	3.72	3.88
lcl|NC_072445.2_cds_XP_055119610.2_83129	51.64	48.36	0.01330	55.82	3.87	3.82
lcl|NC_072445.2_cds_XP_055118738.2_83134	49.78	50.22	0.05573	53.51	3.72	3.90
lcl|NC_072445.2_cds_XP_055118725.2_83189	50.88	49.12	0.04329	52.33	4.05	4.00
lcl|NC_072445.2_cds_XP_055120058.1_83200	48.25	51.75	0.07192	50.61	3.65	3.99
lcl|NC_072445.2_cds_XP_055120065.2_83209	44.42	55.58	-0.04733	32.67	3.51	4.17
lcl|NC_072445.2_cds_XP_055120013.2_83241	55.78	44.22	0.02841	67.04	4.32	3.68
lcl|NC_072445.2_cds_XP_055120367.2_83330	45.94	54.06	-0.07820	40.60	3.66	4.12
lcl|NC_072445.2_cds_XP_063488461.1_83340	53.46	46.54	-0.04498	62.15	3.97	3.84
lcl|NC_072445.2_cds_XP_055119066.2_83413	48.38	51.62	0.09885	58.57	3.78	3.99
lcl|NC_072445.2_cds_XP_055120691.2_83417	38.00	62	0.08221	37.72	3.30	4.47
lcl|NC_072445.2_cds_XP_063489003.1_83424	62.10	37.9	-0.07484	76.42	4.55	3.40
lcl|NC_072445.2_cds_XP_055120346.1_83495	40.55	59.45	0.12000	34.56	3.57	4.38
lcl|NC_072445.2_cds_XP_055120339.1_83654	45.48	54.52	0.03645	48.11	3.64	4.15
lcl|NC_072446.2_cds_XP_055122457.2_83698	59.27	40.73	0.00756	71.51	3.95	3.56
lcl|NC_072446.2_cds_XP_055122463.1_83758	57.01	42.99	0.11732	68.90	4.06	3.67
lcl|NC_072446.2_cds_XP_055121354.1_83761	62.55	37.45	-0.03173	74.64	4.34	3.43
lcl|NC_072446.2_cds_XP_055122040.2_83829	63.37	36.63	-0.01463	76.97	4.42	3.24
lcl|NC_072446.2_cds_XP_063489531.1_83863	66.54	33.46	0.00037	84.13	4.50	3.42
lcl|NC_072446.2_cds_XP_055121260.2_83879	64.36	35.64	-0.02564	83.94	4.94	3.33
lcl|NC_072446.2_cds_XP_063489367.1_83901	66.95	33.05	-0.01752	76.78	4.43	3.27
lcl|NC_072446.2_cds_XP_055121381.2_83939	58.61	41.39	0.00534	60.93	4.33	3.87
lcl|NC_072446.2_cds_XP_055121342.1_83958	63.27	36.73	-0.04994	78.44	4.25	3.40
lcl|NC_072446.2_cds_XP_063489508.1_83975	66.92	33.08	-0.04738	81.46	4.55	3.28
lcl|NC_072446.2_cds_XP_055121544.2_84018	67.13	32.87	-0.10389	73.09	6.98	4.11
lcl|NC_072446.2_cds_XP_055121660.2_84019	60.45	39.55	-0.07276	80.59	4.30	3.42
lcl|NC_072446.2_cds_XP_055122113.1_84024	34.40	65.6	0.08307	27.62	3.27	4.60
lcl|NC_072446.2_cds_XP_063490278.1_84035	61.99	38.01	-0.02085	65.21	4.30	3.61
lcl|NC_072446.2_cds_XP_055122527.2_84054	62.36	37.64	-0.07413	66.32	4.68	3.39
lcl|NC_072446.2_cds_XP_055121099.2_84092	49.14	50.86	-0.01278	51.20	3.70	3.94
lcl|NC_072446.2_cds_XP_055121170.1_84192	48.72	51.28	-0.00063	48.56	3.87	4.24
lcl|NC_072446.2_cds_XP_063490304.1_84199	51.95	48.05	-0.06014	63.09	4.00	3.69
lcl|NC_072446.2_cds_XP_055122558.2_84209	57.12	42.88	-0.04762	66.13	4.02	3.59
lcl|NC_072446.2_cds_XP_055122557.2_84211	55.38	44.62	-0.00057	72.81	3.98	3.61
lcl|NC_072446.2_cds_XP_055122560.1_84214	61.41	38.59	-0.13951	73.11	4.45	3.79
lcl|NC_072446.2_cds_XP_055122235.1_84235	43.79	56.21	-0.01173	41.61	3.43	4.04
lcl|NC_072446.2_cds_XP_055122760.2_84243	60.99	39.01	0.02529	76.87	4.25	3.57
lcl|NC_072446.2_cds_XP_055121194.1_84278	55.22	44.78	-0.06817	70.66	4.13	3.62
lcl|NC_072446.2_cds_XP_055121488.1_84282	51.54	48.46	0.01584	60.24	3.67	3.69
lcl|NC_072446.2_cds_XP_055121493.1_84300	38.99	61.01	-0.02199	35.08	3.45	4.44
lcl|NC_072446.2_cds_XP_055121490.1_84303	47.89	52.11	0.02962	54.59	3.66	4.01
lcl|NC_072446.2_cds_XP_055122126.1_84305	59.60	40.4	0.00135	81.51	4.18	3.50
lcl|NC_072446.2_cds_XP_055122225.1_84309	56.68	43.32	-0.05604	77.96	4.24	3.78
lcl|NC_072446.2_cds_XP_055122214.1_84353	46.84	53.16	-0.00651	43.21	3.66	4.01
lcl|NC_072446.2_cds_XP_055122496.1_84399	51.99	48.01	-0.03665	61.11	3.98	4.00
lcl|NC_072446.2_cds_XP_055122306.1_84463	57.78	42.22	-0.00405	74.56	4.11	3.41
lcl|NC_072446.2_cds_XP_055122300.2_84468	61.30	38.7	-0.07543	68.62	4.21	3.49
lcl|NC_072446.2_cds_XP_063490264.1_84640	59.43	40.57	-0.04458	69.40	4.17	3.44
lcl|NC_072446.2_cds_XP_063489917.1_84644	56.13	43.87	-0.03692	69.39	3.96	3.63
lcl|NC_072446.2_cds_XP_055122573.2_84649	50.23	49.77	0.05009	55.08	3.75	3.87
lcl|NC_072446.2_cds_XP_055122580.2_84661	60.02	39.98	-0.02528	71.65	4.02	3.52
lcl|NC_072446.2_cds_XP_055121838.2_84664	53.85	46.15	-0.05680	60.31	3.72	3.92
lcl|NC_072446.2_cds_XP_063489918.1_84695	56.71	43.29	-0.00362	74.06	4.08	3.40
lcl|NC_072446.2_cds_XP_055122593.2_84721	44.58	55.42	0.00885	41.03	3.59	4.20
lcl|NC_072446.2_cds_XP_055121159.2_84724	60.09	39.91	-0.05127	67.44	3.97	3.52
lcl|NC_072446.2_cds_XP_063489632.1_84734	49.10	50.9	-0.03775	51.46	3.64	4.06
lcl|NC_072446.2_cds_XP_055121215.2_84773	49.16	50.84	-0.02254	56.22	3.85	3.97
lcl|NC_072446.2_cds_XP_063489756.1_84778	41.41	58.59	0.03666	36.07	3.67	4.47
lcl|NC_072446.2_cds_XP_055121109.2_84789	65.94	34.06	0.07435	80.17	4.94	3.39
lcl|NC_072446.2_cds_XP_055121115.1_84821	63.18	36.82	-0.12752	77.64	4.35	3.57
lcl|NC_072446.2_cds_XP_055122163.2_84876	57.69	42.31	0.01085	64.93	4.04	3.53
lcl|NC_072446.2_cds_XP_055122175.1_84896	48.60	51.4	0.07515	53.70	3.88	4.01
lcl|NC_072446.2_cds_XP_063489668.1_84967	60.47	39.53	0.04971	70.08	4.43	3.58
lcl|NC_072446.2_cds_XP_055122608.2_84998	56.97	43.03	0.16741	66.19	3.82	3.63
lcl|NC_072446.2_cds_XP_063489675.1_85028	61.90	38.1	0.11880	81.82	4.29	3.47
lcl|NC_072446.2_cds_XP_063489661.1_85049	51.46	48.54	-0.15074	47.94	3.86	4.02
lcl|NC_072446.2_cds_XP_055121870.1_85086	42.99	57.01	0.06518	37.17	3.56	4.18
lcl|NC_072446.2_cds_XP_055122428.1_85107	60.11	39.89	-0.10417	71.60	4.34	3.59
lcl|NC_072446.2_cds_XP_055122740.1_85172	56.17	43.83	0.04795	67.92	4.24	3.76
lcl|NC_072446.2_cds_XP_055121698.2_85210	53.17	46.83	0.01197	51.18	3.71	3.71
lcl|NC_072446.2_cds_XP_055120926.1_85436	52.81	47.19	0.03688	64.39	3.93	3.79
lcl|NC_072446.2_cds_XP_055120849.2_85453	57.57	42.43	0.05976	67.78	4.07	3.64
lcl|NC_072446.2_cds_XP_055120868.1_85458	49.57	50.43	0.00398	58.89	3.77	4.01
lcl|NC_072446.2_cds_XP_055120862.2_85508	59.79	40.21	-0.10645	78.88	4.29	3.65
lcl|NC_072446.2_cds_XP_055120860.1_85513	47.23	52.77	-0.01019	51.53	3.68	3.95
lcl|NC_072446.2_cds_XP_055120912.2_85516	50.08	49.92	0.04891	54.30	4.05	4.06
lcl|NC_072446.2_cds_XP_063490099.1_85528	66.17	33.83	-0.02834	74.86	4.41	3.26
lcl|NC_072446.2_cds_XP_055121621.2_85530	62.85	37.15	-0.09677	72.40	4.12	3.26
lcl|NC_072446.2_cds_XP_055121576.2_85630	59.77	40.23	0.13199	71.57	4.13	3.63
lcl|NC_072446.2_cds_XP_055121587.2_85654	58.65	41.35	0.04781	83.53	4.26	3.64
lcl|NC_072446.2_cds_XP_055121046.2_85724	44.23	55.77	0.08082	37.01	3.40	4.23
lcl|NC_072446.2_cds_XP_055121938.1_85733	47.23	52.77	0.01898	50.13	3.62	4.26
lcl|NC_072446.2_cds_XP_063490232.1_85739	48.22	51.78	-0.07675	56.15	3.73	4.13
lcl|NC_072446.2_cds_XP_055121942.2_85741	46.41	53.59	0.10660	49.00	3.91	3.97
lcl|NC_072446.2_cds_XP_055121671.2_85746	55.95	44.05	-0.03457	69.87	4.32	3.95
lcl|NC_072446.2_cds_XP_055122691.2_85846	59.83	40.17	0.12437	71.12	4.29	3.85
lcl|NC_072446.2_cds_XP_063490023.1_85891	46.96	53.04	0.07803	49.52	3.57	4.12
lcl|NC_072446.2_cds_XP_063490046.1_85912	37.58	62.42	0.25104	32.87	3.45	4.41
lcl|NC_072446.2_cds_XP_055122587.2_85940	54.09	45.91	0.01112	64.73	4.20	3.85
lcl|NC_072446.2_cds_XP_055122669.1_85960	42.20	57.8	0.05628	42.75	3.56	4.17
lcl|NC_072446.2_cds_XP_055121350.1_85974	44.62	55.38	0.04481	47.00	3.53	4.14
lcl|NC_072446.2_cds_XP_055121029.1_85988	41.70	58.3	0.11787	33.65	3.36	4.05
lcl|NC_072447.2_cds_XP_055123582.1_86084	52.05	47.95	-0.06712	57.48	3.87	3.76
lcl|NC_072447.2_cds_XP_055123334.1_86100	52.60	47.4	-0.11161	65.48	4.22	3.83
lcl|NC_072447.2_cds_XP_055124165.1_86153	63.66	36.34	-0.03886	74.15	4.42	3.58
lcl|NC_072447.2_cds_XP_055122965.1_86160	60.29	39.71	0.00318	70.44	4.54	3.93
lcl|NC_072447.2_cds_XP_055122891.1_86172	57.77	42.23	-0.02370	64.89	4.39	3.85
lcl|NC_072447.2_cds_XP_055125134.1_86183	51.89	48.11	0.01999	55.67	3.87	3.88
lcl|NC_072447.2_cds_XP_055123131.1_86194	41.24	58.76	-0.08545	46.86	3.56	4.39
lcl|NC_072447.2_cds_XP_055123132.1_86195	39.30	60.7	-0.07918	42.16	3.43	4.57
lcl|NC_072447.2_cds_XP_055124727.1_86217	42.28	57.72	0.05838	39.04	3.68	4.22
lcl|NC_072447.2_cds_XP_055123562.1_86243	38.16	61.84	0.04744	33.97	3.35	4.41
lcl|NC_072447.2_cds_XP_055123724.1_86313	52.22	47.78	-0.10819	50.54	4.11	3.88
lcl|NC_072447.2_cds_XP_055124896.1_86336	44.82	55.18	-0.04478	38.84	3.38	4.17
lcl|NC_072447.2_cds_XP_055125062.1_86343	47.63	52.37	-0.08645	47.37	3.66	3.88
lcl|NC_072447.2_cds_XP_063491037.1_86369	51.80	48.2	0.02431	60.21	3.90	3.81
lcl|NC_072447.2_cds_XP_055125302.1_86381	45.44	54.56	-0.09142	47.83	3.67	4.13
lcl|NC_072447.2_cds_XP_055123538.1_86399	52.80	47.2	0.04386	61.98	4.33	4.09
lcl|NC_072447.2_cds_XP_055124877.1_86449	44.28	55.72	0.04582	41.45	3.62	4.34
lcl|NC_072447.2_cds_XP_055123891.1_86472	47.43	52.57	-0.06245	59.17	3.87	4.06
lcl|NC_072447.2_cds_XP_055125000.1_86498	44.62	55.38	0.08075	42.99	3.50	4.03
lcl|NC_072447.2_cds_XP_055123317.1_86515	56.19	43.81	-0.06519	46.04	3.76	3.97
lcl|NC_072447.2_cds_XP_055125471.1_86524	42.77	57.23	0.11618	41.52	3.62	4.13
lcl|NC_072447.2_cds_XP_063490332.1_86578	44.53	55.47	0.06785	45.91	3.52	4.09
lcl|NC_072447.2_cds_XP_063490405.1_86641	45.69	54.31	0.46696	38.87	3.64	4.24
lcl|NC_072447.2_cds_XP_055123608.1_86649	53.88	46.12	-0.05175	57.83	3.92	3.68
lcl|NC_072447.2_cds_XP_063490584.1_86679	46.58	53.42	-0.07685	41.91	3.96	4.05
lcl|NC_072447.2_cds_XP_055125182.1_86683	41.25	58.75	0.05960	34.12	3.59	4.21
lcl|NC_072447.2_cds_XP_063490586.1_86719	44.27	55.73	0.05892	41.48	3.46	4.09
lcl|NC_072447.2_cds_XP_055124227.1_86728	53.73	46.27	-0.04581	55.49	4.27	3.76
lcl|NC_072447.2_cds_XP_055125043.1_86740	44.63	55.37	-0.03459	38.59	3.59	4.17
lcl|NC_072447.2_cds_XP_055122847.1_86802	60.61	39.39	0.00276	71.99	4.14	3.42
lcl|NC_072447.2_cds_XP_055122844.1_86811	56.25	43.75	-0.01655	67.93	3.99	3.55
lcl|NC_072447.2_cds_XP_055122852.1_86825	56.71	43.29	0.00447	71.01	4.04	3.52
lcl|NC_072447.2_cds_XP_055124051.1_86947	58.22	41.78	-0.01695	63.32	3.86	3.72
lcl|NC_072447.2_cds_XP_055124060.1_86982	56.49	43.51	0.16328	68.29	4.04	3.60
lcl|NC_072447.2_cds_XP_063490431.1_86985	66.20	33.8	-0.08696	69.08	4.82	3.45
lcl|NC_072447.2_cds_XP_063490458.1_87024	56.35	43.65	-0.02066	70.03	4.02	3.65
lcl|NC_072447.2_cds_XP_055123783.1_87060	46.35	53.65	0.05971	50.64	3.41	3.75
lcl|NC_072447.2_cds_XP_055124855.1_87063	45.51	54.49	0.00000	57.73	3.45	4.04
lcl|NC_072447.2_cds_XP_055123758.1_87068	49.06	50.94	-0.02626	49.44	3.82	3.90
lcl|NC_072447.2_cds_XP_055124302.1_87069	53.48	46.52	-0.02378	56.49	3.82	3.68
lcl|NC_072447.2_cds_XP_055122969.1_87081	55.45	44.55	-0.10583	55.33	3.86	3.71
lcl|NC_072447.2_cds_XP_055123222.1_87135	58.51	41.49	0.05474	68.29	4.21	3.66
lcl|NC_072447.2_cds_XP_055123210.1_87140	63.12	36.88	-0.09375	72.32	4.64	3.48
lcl|NC_072447.2_cds_XP_055123129.1_87149	50.57	49.43	0.16453	65.48	3.98	3.69
lcl|NC_072447.2_cds_XP_063490872.1_87170	51.36	48.64	-0.02701	52.63	3.79	3.75
lcl|NC_072447.2_cds_XP_055125092.1_87177	52.85	47.15	0.03833	60.13	3.89	3.64
lcl|NC_072447.2_cds_XP_055125088.1_87181	54.87	45.13	-0.04213	55.66	4.14	3.84
lcl|NC_072447.2_cds_XP_055125083.1_87188	43.62	56.38	0.00297	35.81	3.50	4.08
lcl|NC_072447.2_cds_XP_055125099.1_87193	61.16	38.84	-0.06402	71.31	4.39	3.40
lcl|NC_072447.2_cds_XP_055124177.1_87200	54.99	45.01	-0.14681	60.47	3.94	3.56
lcl|NC_072447.2_cds_XP_055123927.1_87207	54.20	45.8	0.01829	52.48	3.49	3.69
lcl|NC_072447.2_cds_XP_055123376.1_87292	55.38	44.62	-0.00159	54.35	3.78	3.58
lcl|NC_072447.2_cds_XP_063491365.1_87293	48.13	51.87	-0.02889	53.07	3.64	3.82
lcl|NC_072447.2_cds_XP_055125190.1_87302	50.34	49.66	-0.03323	53.29	3.70	3.74
lcl|NC_072447.2_cds_XP_055124566.1_87325	51.09	48.91	0.03281	56.64	3.68	3.75
lcl|NC_072447.2_cds_XP_055123905.1_87332	58.10	41.9	-0.00574	64.18	4.45	3.62
lcl|NC_072447.2_cds_XP_055124387.1_87342	60.82	39.18	-0.03731	69.61	4.18	3.42
lcl|NC_072447.2_cds_XP_055122801.1_87371	46.37	53.63	0.10244	48.42	3.51	3.98
lcl|NC_072447.2_cds_XP_055122804.1_87379	54.75	45.25	0.05014	63.06	4.06	3.83
lcl|NC_072447.2_cds_XP_055122802.1_87388	40.56	59.44	0.09694	38.68	3.44	4.21
lcl|NC_072447.2_cds_XP_055123698.1_87404	54.84	45.16	-0.04905	62.54	3.88	3.56
lcl|NC_072447.2_cds_XP_055124030.1_87412	57.83	42.17	-0.09437	69.85	4.20	3.54
lcl|NC_072447.2_cds_XP_063490426.1_87421	56.11	43.89	-0.02899	64.97	4.07	3.55
lcl|NC_072447.2_cds_XP_055124505.1_87425	47.10	52.9	0.09864	46.42	3.69	3.88
lcl|NC_072447.2_cds_XP_055124517.1_87437	44.89	55.11	0.03972	40.97	3.40	4.13
lcl|NC_072447.2_cds_XP_055123517.1_87454	56.09	43.91	-0.10131	58.24	3.82	3.73
lcl|NC_072447.2_cds_XP_055123785.1_87460	40.69	59.31	0.08317	35.17	3.46	4.33
lcl|NC_072447.2_cds_XP_063490418.1_87485	47.30	52.7	0.01988	46.49	3.57	3.91
lcl|NC_072447.2_cds_XP_055123357.1_87518	45.09	54.91	0.00390	46.93	3.49	4.04
lcl|NC_072447.2_cds_XP_055124014.1_87548	40.27	59.73	0.05657	36.63	3.57	4.38
lcl|NC_072447.2_cds_XP_055124546.1_87554	57.92	42.08	-0.06335	63.07	4.25	3.78
lcl|NC_072447.2_cds_XP_055124527.1_87563	38.24	61.76	0.18112	31.73	3.42	4.31
lcl|NC_072447.2_cds_XP_055124534.1_87568	42.24	57.76	0.07045	36.44	3.30	4.14
lcl|NC_072447.2_cds_XP_055123504.1_87626	54.28	45.72	0.11438	69.50	3.85	3.38
lcl|NC_072447.2_cds_XP_055122800.1_87628	43.13	56.87	0.11787	34.00	3.54	4.31
lcl|NC_072447.2_cds_XP_063490732.1_87688	45.57	54.43	-0.07542	42.43	3.50	3.82
lcl|NC_072447.2_cds_XP_055125453.1_87699	40.36	59.64	0.02381	35.68	3.95	4.26
lcl|NC_072447.2_cds_XP_055124462.1_87709	56.08	43.92	-0.06674	71.19	4.27	3.60
lcl|NC_072447.2_cds_XP_055125374.1_87747	54.37	45.63	-0.03050	61.76	3.74	3.76
lcl|NC_072447.2_cds_XP_063491139.1_87767	54.63	45.37	0.27080	48.99	3.73	4.00
lcl|NC_072447.2_cds_XP_055124417.1_87852	47.39	52.61	0.21047	45.81	3.67	4.12
lcl|NC_072447.2_cds_XP_055123530.1_87957	45.75	54.25	0.05796	40.21	3.53	4.13
lcl|NC_072447.2_cds_XP_055124576.1_87967	43.22	56.78	0.05606	39.86	3.68	4.43
lcl|NC_072447.2_cds_XP_055124575.1_87972	39.88	60.12	0.10299	36.70	3.31	4.29
lcl|NC_072447.2_cds_XP_055124593.1_87978	46.16	53.84	0.07005	47.33	3.86	4.03
lcl|NC_072447.2_cds_XP_055124621.1_88006	57.53	42.47	-0.04612	65.34	4.03	3.66
lcl|NC_072447.2_cds_XP_055123701.1_88033	57.27	42.73	0.07813	41.09	3.89	3.64
lcl|NC_072447.2_cds_XP_055123704.1_88034	55.40	44.6	0.05405	28.84	3.78	3.72
lcl|NC_072447.2_cds_XP_055124606.1_88037	56.18	43.82	0.00953	52.41	4.24	3.92
lcl|NC_072447.2_cds_XP_055124622.1_88070	51.26	48.74	-0.10674	46.87	3.53	3.63
lcl|NC_072447.2_cds_XP_055123303.1_88107	45.58	54.42	-0.02950	38.63	3.55	4.02
lcl|NC_072447.2_cds_XP_055124210.1_88124	48.27	51.73	-0.03824	57.74	3.65	4.03
lcl|NC_072447.2_cds_XP_055123828.1_88129	55.14	44.86	-0.07374	52.96	3.72	3.65
lcl|NC_072447.2_cds_XP_055123830.1_88139	64.43	35.57	0.01049	74.17	4.68	3.38
lcl|NC_072447.2_cds_XP_055123328.1_88166	41.05	58.95	0.06500	30.81	3.63	4.15
lcl|NC_072447.2_cds_XP_055123294.1_88171	40.04	59.96	0.02114	38.24	3.56	4.32
lcl|NC_072447.2_cds_XP_055124913.1_88184	47.43	52.57	-0.03169	45.29	3.57	3.87
lcl|NC_072447.2_cds_XP_063490923.1_88237	39.48	60.52	0.05924	38.64	3.36	4.35
lcl|NC_072447.2_cds_XP_063490976.1_88251	46.10	53.9	0.06327	50.16	3.63	3.83
lcl|NC_072447.2_cds_XP_063490950.1_88270	39.56	60.44	0.11179	35.29	3.53	4.24
lcl|NC_072447.2_cds_XP_055124152.1_88273	40.30	59.7	0.12665	30.74	3.46	4.39
lcl|NC_072447.2_cds_XP_055124137.1_88281	39.56	60.44	0.14741	34.52	3.44	4.26
lcl|NC_072447.2_cds_XP_055125076.1_88307	47.05	52.95	0.02177	47.90	3.70	3.95
lcl|NC_072447.2_cds_XP_055123878.1_88317	41.83	58.17	0.13393	38.66	3.71	4.24
lcl|NC_072447.2_cds_XP_055123799.1_88323	46.00	54	0.00721	49.50	3.68	4.01
lcl|NC_072447.2_cds_XP_055122822.1_88337	58.44	41.56	-0.10508	62.15	3.97	3.52
lcl|NC_072447.2_cds_XP_055124716.1_88371	52.16	47.84	-0.00956	57.29	3.83	3.73
lcl|NC_072447.2_cds_XP_055123578.1_88409	38.84	61.16	0.03099	37.64	3.48	4.35
lcl|NC_072447.2_cds_XP_055123255.1_88508	41.90	58.1	-0.04071	36.04	3.66	4.26
lcl|NC_072447.2_cds_XP_055123446.1_88524	44.72	55.28	-0.04778	39.28	3.57	4.44
lcl|NC_072447.2_cds_XP_055124310.1_88568	45.26	54.74	0.05911	41.92	3.66	4.25
lcl|NC_072447.2_cds_XP_055123983.1_88569	42.50	57.5	-0.18240	37.30	3.40	4.14
lcl|NC_072447.2_cds_XP_055123345.1_88602	39.33	60.67	0.10986	37.56	3.57	4.46
lcl|NC_072447.2_cds_XP_055123340.1_88609	39.32	60.68	0.03748	35.81	3.46	4.26
lcl|NC_072447.2_cds_XP_055123728.1_88627	52.39	47.61	-0.18131	53.36	3.82	3.82
lcl|NC_072447.2_cds_XP_055124307.1_88634	41.77	58.23	-0.03238	45.47	3.29	4.34
lcl|NC_072447.2_cds_XP_055124316.1_88639	47.83	52.17	-0.08402	55.20	3.76	3.84
lcl|NC_072447.2_cds_XP_055123769.1_88671	48.15	51.85	-0.14406	49.09	3.57	3.81
lcl|NC_072447.2_cds_XP_055125234.1_88726	56.80	43.2	-0.15908	60.82	3.77	3.68
lcl|NC_072447.2_cds_XP_055123182.1_88853	59.78	40.22	-0.00919	79.25	4.18	3.31
lcl|NC_072447.2_cds_XP_055123358.1_88886	65.42	34.58	-0.06907	80.12	4.43	3.29
lcl|NC_072447.2_cds_XP_055123974.1_88913	59.75	40.25	-0.02794	78.14	4.15	3.54
lcl|NC_072447.2_cds_XP_055123777.1_88918	65.22	34.78	0.03880	81.17	4.67	3.54
lcl|NC_072447.2_cds_XP_055123511.1_88934	62.85	37.15	-0.12538	72.61	4.26	3.65
lcl|NC_072447.2_cds_XP_055123492.1_88958	61.64	38.36	0.02144	76.02	4.32	3.32
lcl|NC_072447.2_cds_XP_055124800.1_88978	62.11	37.89	-0.04433	81.61	4.34	3.42
lcl|NC_072447.2_cds_XP_055125143.1_89034	42.68	57.32	-0.01029	41.56	3.47	4.17
lcl|NC_072448.2_cds_XP_063491516.1_89145	39.82	60.18	0.06440	31.71	3.47	4.38
lcl|NC_072448.2_cds_XP_055125604.1_89161	42.65	57.35	-0.00311	36.16	3.52	4.29
lcl|NC_072448.2_cds_XP_055125558.1_89221	51.73	48.27	-0.09623	63.68	4.08	3.66
lcl|NC_072448.2_cds_XP_063491480.1_89271	52.69	47.31	0.05863	57.29	3.75	3.81
